# FIRO_SPACE template: the ResSim Rule Curve zone of a daily run,
# interpolated to hourly. One row per hour of a generic (non-leap) year.
# Generated by _offline_tests/build_FIRO_SPACE_hourly_template.py from
# Flood_64_Temp1Day_2026-09-28. Rerun the generator; do not edit by hand.
#
# Hour 24 is the daily rule curve value (2400, end of the day). Hours 1-23
# interpolate linearly from the previous day's value; 1 Jan from 31 Dec.
#
# FIRO_SPACE.py reads one row per Month/Day and does not read the Hour
# column. To use these values in the rule, keep the Hour 24 rows only.
Month,Day,Hour,Detroit,Hills Creek,Lookout Point,Cougar,Green Peter,Foster,Dorena,Cottage Grove,Fern Ridge,Blue River,Big Cliff,Dexter,Fall Creek
1,1,1,1450.00,1448.00,825.00,1532.00,922.00,613.00,770.50,750.00,353.00,1180.00,1197.00,693.00,728.00
1,1,2,1450.00,1448.00,825.00,1532.00,922.00,613.00,770.50,750.00,353.00,1180.00,1197.00,693.00,728.00
1,1,3,1450.00,1448.00,825.00,1532.00,922.00,613.00,770.50,750.00,353.00,1180.00,1197.00,693.00,728.00
1,1,4,1450.00,1448.00,825.00,1532.00,922.00,613.00,770.50,750.00,353.00,1180.00,1197.00,693.00,728.00
1,1,5,1450.00,1448.00,825.00,1532.00,922.00,613.00,770.50,750.00,353.00,1180.00,1197.00,693.00,728.00
1,1,6,1450.00,1448.00,825.00,1532.00,922.00,613.00,770.50,750.00,353.00,1180.00,1197.00,693.00,728.00
1,1,7,1450.00,1448.00,825.00,1532.00,922.00,613.00,770.50,750.00,353.00,1180.00,1197.00,693.00,728.00
1,1,8,1450.00,1448.00,825.00,1532.00,922.00,613.00,770.50,750.00,353.00,1180.00,1197.00,693.00,728.00
1,1,9,1450.00,1448.00,825.00,1532.00,922.00,613.00,770.50,750.00,353.00,1180.00,1197.00,693.00,728.00
1,1,10,1450.00,1448.00,825.00,1532.00,922.00,613.00,770.50,750.00,353.00,1180.00,1197.00,693.00,728.00
1,1,11,1450.00,1448.00,825.00,1532.00,922.00,613.00,770.50,750.00,353.00,1180.00,1197.00,693.00,728.00
1,1,12,1450.00,1448.00,825.00,1532.00,922.00,613.00,770.50,750.00,353.00,1180.00,1197.00,693.00,728.00
1,1,13,1450.00,1448.00,825.00,1532.00,922.00,613.00,770.50,750.00,353.00,1180.00,1197.00,693.00,728.00
1,1,14,1450.00,1448.00,825.00,1532.00,922.00,613.00,770.50,750.00,353.00,1180.00,1197.00,693.00,728.00
1,1,15,1450.00,1448.00,825.00,1532.00,922.00,613.00,770.50,750.00,353.00,1180.00,1197.00,693.00,728.00
1,1,16,1450.00,1448.00,825.00,1532.00,922.00,613.00,770.50,750.00,353.00,1180.00,1197.00,693.00,728.00
1,1,17,1450.00,1448.00,825.00,1532.00,922.00,613.00,770.50,750.00,353.00,1180.00,1197.00,693.00,728.00
1,1,18,1450.00,1448.00,825.00,1532.00,922.00,613.00,770.50,750.00,353.00,1180.00,1197.00,693.00,728.00
1,1,19,1450.00,1448.00,825.00,1532.00,922.00,613.00,770.50,750.00,353.00,1180.00,1197.00,693.00,728.00
1,1,20,1450.00,1448.00,825.00,1532.00,922.00,613.00,770.50,750.00,353.00,1180.00,1197.00,693.00,728.00
1,1,21,1450.00,1448.00,825.00,1532.00,922.00,613.00,770.50,750.00,353.00,1180.00,1197.00,693.00,728.00
1,1,22,1450.00,1448.00,825.00,1532.00,922.00,613.00,770.50,750.00,353.00,1180.00,1197.00,693.00,728.00
1,1,23,1450.00,1448.00,825.00,1532.00,922.00,613.00,770.50,750.00,353.00,1180.00,1197.00,693.00,728.00
1,1,24,1450.00,1448.00,825.00,1532.00,922.00,613.00,770.50,750.00,353.00,1180.00,1197.00,693.00,728.00
1,2,1,1450.00,1448.00,825.00,1532.00,922.00,613.00,770.50,750.00,353.00,1180.00,1197.00,693.00,728.00
1,2,2,1450.00,1448.00,825.00,1532.00,922.00,613.00,770.50,750.00,353.00,1180.00,1197.00,693.00,728.00
1,2,3,1450.00,1448.00,825.00,1532.00,922.00,613.00,770.50,750.00,353.00,1180.00,1197.00,693.00,728.00
1,2,4,1450.00,1448.00,825.00,1532.00,922.00,613.00,770.50,750.00,353.00,1180.00,1197.00,693.00,728.00
1,2,5,1450.00,1448.00,825.00,1532.00,922.00,613.00,770.50,750.00,353.00,1180.00,1197.00,693.00,728.00
1,2,6,1450.00,1448.00,825.00,1532.00,922.00,613.00,770.50,750.00,353.00,1180.00,1197.00,693.00,728.00
1,2,7,1450.00,1448.00,825.00,1532.00,922.00,613.00,770.50,750.00,353.00,1180.00,1197.00,693.00,728.00
1,2,8,1450.00,1448.00,825.00,1532.00,922.00,613.00,770.50,750.00,353.00,1180.00,1197.00,693.00,728.00
1,2,9,1450.00,1448.00,825.00,1532.00,922.00,613.00,770.50,750.00,353.00,1180.00,1197.00,693.00,728.00
1,2,10,1450.00,1448.00,825.00,1532.00,922.00,613.00,770.50,750.00,353.00,1180.00,1197.00,693.00,728.00
1,2,11,1450.00,1448.00,825.00,1532.00,922.00,613.00,770.50,750.00,353.00,1180.00,1197.00,693.00,728.00
1,2,12,1450.00,1448.00,825.00,1532.00,922.00,613.00,770.50,750.00,353.00,1180.00,1197.00,693.00,728.00
1,2,13,1450.00,1448.00,825.00,1532.00,922.00,613.00,770.50,750.00,353.00,1180.00,1197.00,693.00,728.00
1,2,14,1450.00,1448.00,825.00,1532.00,922.00,613.00,770.50,750.00,353.00,1180.00,1197.00,693.00,728.00
1,2,15,1450.00,1448.00,825.00,1532.00,922.00,613.00,770.50,750.00,353.00,1180.00,1197.00,693.00,728.00
1,2,16,1450.00,1448.00,825.00,1532.00,922.00,613.00,770.50,750.00,353.00,1180.00,1197.00,693.00,728.00
1,2,17,1450.00,1448.00,825.00,1532.00,922.00,613.00,770.50,750.00,353.00,1180.00,1197.00,693.00,728.00
1,2,18,1450.00,1448.00,825.00,1532.00,922.00,613.00,770.50,750.00,353.00,1180.00,1197.00,693.00,728.00
1,2,19,1450.00,1448.00,825.00,1532.00,922.00,613.00,770.50,750.00,353.00,1180.00,1197.00,693.00,728.00
1,2,20,1450.00,1448.00,825.00,1532.00,922.00,613.00,770.50,750.00,353.00,1180.00,1197.00,693.00,728.00
1,2,21,1450.00,1448.00,825.00,1532.00,922.00,613.00,770.50,750.00,353.00,1180.00,1197.00,693.00,728.00
1,2,22,1450.00,1448.00,825.00,1532.00,922.00,613.00,770.50,750.00,353.00,1180.00,1197.00,693.00,728.00
1,2,23,1450.00,1448.00,825.00,1532.00,922.00,613.00,770.50,750.00,353.00,1180.00,1197.00,693.00,728.00
1,2,24,1450.00,1448.00,825.00,1532.00,922.00,613.00,770.50,750.00,353.00,1180.00,1197.00,693.00,728.00
1,3,1,1450.00,1448.00,825.00,1532.00,922.00,613.00,770.50,750.00,353.00,1180.00,1197.00,693.00,728.00
1,3,2,1450.00,1448.00,825.00,1532.00,922.00,613.00,770.50,750.00,353.00,1180.00,1197.00,693.00,728.00
1,3,3,1450.00,1448.00,825.00,1532.00,922.00,613.00,770.50,750.00,353.00,1180.00,1197.00,693.00,728.00
1,3,4,1450.00,1448.00,825.00,1532.00,922.00,613.00,770.50,750.00,353.00,1180.00,1197.00,693.00,728.00
1,3,5,1450.00,1448.00,825.00,1532.00,922.00,613.00,770.50,750.00,353.00,1180.00,1197.00,693.00,728.00
1,3,6,1450.00,1448.00,825.00,1532.00,922.00,613.00,770.50,750.00,353.00,1180.00,1197.00,693.00,728.00
1,3,7,1450.00,1448.00,825.00,1532.00,922.00,613.00,770.50,750.00,353.00,1180.00,1197.00,693.00,728.00
1,3,8,1450.00,1448.00,825.00,1532.00,922.00,613.00,770.50,750.00,353.00,1180.00,1197.00,693.00,728.00
1,3,9,1450.00,1448.00,825.00,1532.00,922.00,613.00,770.50,750.00,353.00,1180.00,1197.00,693.00,728.00
1,3,10,1450.00,1448.00,825.00,1532.00,922.00,613.00,770.50,750.00,353.00,1180.00,1197.00,693.00,728.00
1,3,11,1450.00,1448.00,825.00,1532.00,922.00,613.00,770.50,750.00,353.00,1180.00,1197.00,693.00,728.00
1,3,12,1450.00,1448.00,825.00,1532.00,922.00,613.00,770.50,750.00,353.00,1180.00,1197.00,693.00,728.00
1,3,13,1450.00,1448.00,825.00,1532.00,922.00,613.00,770.50,750.00,353.00,1180.00,1197.00,693.00,728.00
1,3,14,1450.00,1448.00,825.00,1532.00,922.00,613.00,770.50,750.00,353.00,1180.00,1197.00,693.00,728.00
1,3,15,1450.00,1448.00,825.00,1532.00,922.00,613.00,770.50,750.00,353.00,1180.00,1197.00,693.00,728.00
1,3,16,1450.00,1448.00,825.00,1532.00,922.00,613.00,770.50,750.00,353.00,1180.00,1197.00,693.00,728.00
1,3,17,1450.00,1448.00,825.00,1532.00,922.00,613.00,770.50,750.00,353.00,1180.00,1197.00,693.00,728.00
1,3,18,1450.00,1448.00,825.00,1532.00,922.00,613.00,770.50,750.00,353.00,1180.00,1197.00,693.00,728.00
1,3,19,1450.00,1448.00,825.00,1532.00,922.00,613.00,770.50,750.00,353.00,1180.00,1197.00,693.00,728.00
1,3,20,1450.00,1448.00,825.00,1532.00,922.00,613.00,770.50,750.00,353.00,1180.00,1197.00,693.00,728.00
1,3,21,1450.00,1448.00,825.00,1532.00,922.00,613.00,770.50,750.00,353.00,1180.00,1197.00,693.00,728.00
1,3,22,1450.00,1448.00,825.00,1532.00,922.00,613.00,770.50,750.00,353.00,1180.00,1197.00,693.00,728.00
1,3,23,1450.00,1448.00,825.00,1532.00,922.00,613.00,770.50,750.00,353.00,1180.00,1197.00,693.00,728.00
1,3,24,1450.00,1448.00,825.00,1532.00,922.00,613.00,770.50,750.00,353.00,1180.00,1197.00,693.00,728.00
1,4,1,1450.00,1448.00,825.00,1532.00,922.00,613.00,770.50,750.00,353.00,1180.00,1197.00,693.00,728.00
1,4,2,1450.00,1448.00,825.00,1532.00,922.00,613.00,770.50,750.00,353.00,1180.00,1197.00,693.00,728.00
1,4,3,1450.00,1448.00,825.00,1532.00,922.00,613.00,770.50,750.00,353.00,1180.00,1197.00,693.00,728.00
1,4,4,1450.00,1448.00,825.00,1532.00,922.00,613.00,770.50,750.00,353.00,1180.00,1197.00,693.00,728.00
1,4,5,1450.00,1448.00,825.00,1532.00,922.00,613.00,770.50,750.00,353.00,1180.00,1197.00,693.00,728.00
1,4,6,1450.00,1448.00,825.00,1532.00,922.00,613.00,770.50,750.00,353.00,1180.00,1197.00,693.00,728.00
1,4,7,1450.00,1448.00,825.00,1532.00,922.00,613.00,770.50,750.00,353.00,1180.00,1197.00,693.00,728.00
1,4,8,1450.00,1448.00,825.00,1532.00,922.00,613.00,770.50,750.00,353.00,1180.00,1197.00,693.00,728.00
1,4,9,1450.00,1448.00,825.00,1532.00,922.00,613.00,770.50,750.00,353.00,1180.00,1197.00,693.00,728.00
1,4,10,1450.00,1448.00,825.00,1532.00,922.00,613.00,770.50,750.00,353.00,1180.00,1197.00,693.00,728.00
1,4,11,1450.00,1448.00,825.00,1532.00,922.00,613.00,770.50,750.00,353.00,1180.00,1197.00,693.00,728.00
1,4,12,1450.00,1448.00,825.00,1532.00,922.00,613.00,770.50,750.00,353.00,1180.00,1197.00,693.00,728.00
1,4,13,1450.00,1448.00,825.00,1532.00,922.00,613.00,770.50,750.00,353.00,1180.00,1197.00,693.00,728.00
1,4,14,1450.00,1448.00,825.00,1532.00,922.00,613.00,770.50,750.00,353.00,1180.00,1197.00,693.00,728.00
1,4,15,1450.00,1448.00,825.00,1532.00,922.00,613.00,770.50,750.00,353.00,1180.00,1197.00,693.00,728.00
1,4,16,1450.00,1448.00,825.00,1532.00,922.00,613.00,770.50,750.00,353.00,1180.00,1197.00,693.00,728.00
1,4,17,1450.00,1448.00,825.00,1532.00,922.00,613.00,770.50,750.00,353.00,1180.00,1197.00,693.00,728.00
1,4,18,1450.00,1448.00,825.00,1532.00,922.00,613.00,770.50,750.00,353.00,1180.00,1197.00,693.00,728.00
1,4,19,1450.00,1448.00,825.00,1532.00,922.00,613.00,770.50,750.00,353.00,1180.00,1197.00,693.00,728.00
1,4,20,1450.00,1448.00,825.00,1532.00,922.00,613.00,770.50,750.00,353.00,1180.00,1197.00,693.00,728.00
1,4,21,1450.00,1448.00,825.00,1532.00,922.00,613.00,770.50,750.00,353.00,1180.00,1197.00,693.00,728.00
1,4,22,1450.00,1448.00,825.00,1532.00,922.00,613.00,770.50,750.00,353.00,1180.00,1197.00,693.00,728.00
1,4,23,1450.00,1448.00,825.00,1532.00,922.00,613.00,770.50,750.00,353.00,1180.00,1197.00,693.00,728.00
1,4,24,1450.00,1448.00,825.00,1532.00,922.00,613.00,770.50,750.00,353.00,1180.00,1197.00,693.00,728.00
1,5,1,1450.00,1448.00,825.00,1532.00,922.00,613.00,770.50,750.00,353.00,1180.00,1197.00,693.00,728.00
1,5,2,1450.00,1448.00,825.00,1532.00,922.00,613.00,770.50,750.00,353.00,1180.00,1197.00,693.00,728.00
1,5,3,1450.00,1448.00,825.00,1532.00,922.00,613.00,770.50,750.00,353.00,1180.00,1197.00,693.00,728.00
1,5,4,1450.00,1448.00,825.00,1532.00,922.00,613.00,770.50,750.00,353.00,1180.00,1197.00,693.00,728.00
1,5,5,1450.00,1448.00,825.00,1532.00,922.00,613.00,770.50,750.00,353.00,1180.00,1197.00,693.00,728.00
1,5,6,1450.00,1448.00,825.00,1532.00,922.00,613.00,770.50,750.00,353.00,1180.00,1197.00,693.00,728.00
1,5,7,1450.00,1448.00,825.00,1532.00,922.00,613.00,770.50,750.00,353.00,1180.00,1197.00,693.00,728.00
1,5,8,1450.00,1448.00,825.00,1532.00,922.00,613.00,770.50,750.00,353.00,1180.00,1197.00,693.00,728.00
1,5,9,1450.00,1448.00,825.00,1532.00,922.00,613.00,770.50,750.00,353.00,1180.00,1197.00,693.00,728.00
1,5,10,1450.00,1448.00,825.00,1532.00,922.00,613.00,770.50,750.00,353.00,1180.00,1197.00,693.00,728.00
1,5,11,1450.00,1448.00,825.00,1532.00,922.00,613.00,770.50,750.00,353.00,1180.00,1197.00,693.00,728.00
1,5,12,1450.00,1448.00,825.00,1532.00,922.00,613.00,770.50,750.00,353.00,1180.00,1197.00,693.00,728.00
1,5,13,1450.00,1448.00,825.00,1532.00,922.00,613.00,770.50,750.00,353.00,1180.00,1197.00,693.00,728.00
1,5,14,1450.00,1448.00,825.00,1532.00,922.00,613.00,770.50,750.00,353.00,1180.00,1197.00,693.00,728.00
1,5,15,1450.00,1448.00,825.00,1532.00,922.00,613.00,770.50,750.00,353.00,1180.00,1197.00,693.00,728.00
1,5,16,1450.00,1448.00,825.00,1532.00,922.00,613.00,770.50,750.00,353.00,1180.00,1197.00,693.00,728.00
1,5,17,1450.00,1448.00,825.00,1532.00,922.00,613.00,770.50,750.00,353.00,1180.00,1197.00,693.00,728.00
1,5,18,1450.00,1448.00,825.00,1532.00,922.00,613.00,770.50,750.00,353.00,1180.00,1197.00,693.00,728.00
1,5,19,1450.00,1448.00,825.00,1532.00,922.00,613.00,770.50,750.00,353.00,1180.00,1197.00,693.00,728.00
1,5,20,1450.00,1448.00,825.00,1532.00,922.00,613.00,770.50,750.00,353.00,1180.00,1197.00,693.00,728.00
1,5,21,1450.00,1448.00,825.00,1532.00,922.00,613.00,770.50,750.00,353.00,1180.00,1197.00,693.00,728.00
1,5,22,1450.00,1448.00,825.00,1532.00,922.00,613.00,770.50,750.00,353.00,1180.00,1197.00,693.00,728.00
1,5,23,1450.00,1448.00,825.00,1532.00,922.00,613.00,770.50,750.00,353.00,1180.00,1197.00,693.00,728.00
1,5,24,1450.00,1448.00,825.00,1532.00,922.00,613.00,770.50,750.00,353.00,1180.00,1197.00,693.00,728.00
1,6,1,1450.00,1448.00,825.00,1532.00,922.00,613.00,770.50,750.00,353.00,1180.00,1197.00,693.00,728.00
1,6,2,1450.00,1448.00,825.00,1532.00,922.00,613.00,770.50,750.00,353.00,1180.00,1197.00,693.00,728.00
1,6,3,1450.00,1448.00,825.00,1532.00,922.00,613.00,770.50,750.00,353.00,1180.00,1197.00,693.00,728.00
1,6,4,1450.00,1448.00,825.00,1532.00,922.00,613.00,770.50,750.00,353.00,1180.00,1197.00,693.00,728.00
1,6,5,1450.00,1448.00,825.00,1532.00,922.00,613.00,770.50,750.00,353.00,1180.00,1197.00,693.00,728.00
1,6,6,1450.00,1448.00,825.00,1532.00,922.00,613.00,770.50,750.00,353.00,1180.00,1197.00,693.00,728.00
1,6,7,1450.00,1448.00,825.00,1532.00,922.00,613.00,770.50,750.00,353.00,1180.00,1197.00,693.00,728.00
1,6,8,1450.00,1448.00,825.00,1532.00,922.00,613.00,770.50,750.00,353.00,1180.00,1197.00,693.00,728.00
1,6,9,1450.00,1448.00,825.00,1532.00,922.00,613.00,770.50,750.00,353.00,1180.00,1197.00,693.00,728.00
1,6,10,1450.00,1448.00,825.00,1532.00,922.00,613.00,770.50,750.00,353.00,1180.00,1197.00,693.00,728.00
1,6,11,1450.00,1448.00,825.00,1532.00,922.00,613.00,770.50,750.00,353.00,1180.00,1197.00,693.00,728.00
1,6,12,1450.00,1448.00,825.00,1532.00,922.00,613.00,770.50,750.00,353.00,1180.00,1197.00,693.00,728.00
1,6,13,1450.00,1448.00,825.00,1532.00,922.00,613.00,770.50,750.00,353.00,1180.00,1197.00,693.00,728.00
1,6,14,1450.00,1448.00,825.00,1532.00,922.00,613.00,770.50,750.00,353.00,1180.00,1197.00,693.00,728.00
1,6,15,1450.00,1448.00,825.00,1532.00,922.00,613.00,770.50,750.00,353.00,1180.00,1197.00,693.00,728.00
1,6,16,1450.00,1448.00,825.00,1532.00,922.00,613.00,770.50,750.00,353.00,1180.00,1197.00,693.00,728.00
1,6,17,1450.00,1448.00,825.00,1532.00,922.00,613.00,770.50,750.00,353.00,1180.00,1197.00,693.00,728.00
1,6,18,1450.00,1448.00,825.00,1532.00,922.00,613.00,770.50,750.00,353.00,1180.00,1197.00,693.00,728.00
1,6,19,1450.00,1448.00,825.00,1532.00,922.00,613.00,770.50,750.00,353.00,1180.00,1197.00,693.00,728.00
1,6,20,1450.00,1448.00,825.00,1532.00,922.00,613.00,770.50,750.00,353.00,1180.00,1197.00,693.00,728.00
1,6,21,1450.00,1448.00,825.00,1532.00,922.00,613.00,770.50,750.00,353.00,1180.00,1197.00,693.00,728.00
1,6,22,1450.00,1448.00,825.00,1532.00,922.00,613.00,770.50,750.00,353.00,1180.00,1197.00,693.00,728.00
1,6,23,1450.00,1448.00,825.00,1532.00,922.00,613.00,770.50,750.00,353.00,1180.00,1197.00,693.00,728.00
1,6,24,1450.00,1448.00,825.00,1532.00,922.00,613.00,770.50,750.00,353.00,1180.00,1197.00,693.00,728.00
1,7,1,1450.00,1448.00,825.00,1532.00,922.00,613.00,770.50,750.00,353.00,1180.00,1197.00,693.00,728.00
1,7,2,1450.00,1448.00,825.00,1532.00,922.00,613.00,770.50,750.00,353.00,1180.00,1197.00,693.00,728.00
1,7,3,1450.00,1448.00,825.00,1532.00,922.00,613.00,770.50,750.00,353.00,1180.00,1197.00,693.00,728.00
1,7,4,1450.00,1448.00,825.00,1532.00,922.00,613.00,770.50,750.00,353.00,1180.00,1197.00,693.00,728.00
1,7,5,1450.00,1448.00,825.00,1532.00,922.00,613.00,770.50,750.00,353.00,1180.00,1197.00,693.00,728.00
1,7,6,1450.00,1448.00,825.00,1532.00,922.00,613.00,770.50,750.00,353.00,1180.00,1197.00,693.00,728.00
1,7,7,1450.00,1448.00,825.00,1532.00,922.00,613.00,770.50,750.00,353.00,1180.00,1197.00,693.00,728.00
1,7,8,1450.00,1448.00,825.00,1532.00,922.00,613.00,770.50,750.00,353.00,1180.00,1197.00,693.00,728.00
1,7,9,1450.00,1448.00,825.00,1532.00,922.00,613.00,770.50,750.00,353.00,1180.00,1197.00,693.00,728.00
1,7,10,1450.00,1448.00,825.00,1532.00,922.00,613.00,770.50,750.00,353.00,1180.00,1197.00,693.00,728.00
1,7,11,1450.00,1448.00,825.00,1532.00,922.00,613.00,770.50,750.00,353.00,1180.00,1197.00,693.00,728.00
1,7,12,1450.00,1448.00,825.00,1532.00,922.00,613.00,770.50,750.00,353.00,1180.00,1197.00,693.00,728.00
1,7,13,1450.00,1448.00,825.00,1532.00,922.00,613.00,770.50,750.00,353.00,1180.00,1197.00,693.00,728.00
1,7,14,1450.00,1448.00,825.00,1532.00,922.00,613.00,770.50,750.00,353.00,1180.00,1197.00,693.00,728.00
1,7,15,1450.00,1448.00,825.00,1532.00,922.00,613.00,770.50,750.00,353.00,1180.00,1197.00,693.00,728.00
1,7,16,1450.00,1448.00,825.00,1532.00,922.00,613.00,770.50,750.00,353.00,1180.00,1197.00,693.00,728.00
1,7,17,1450.00,1448.00,825.00,1532.00,922.00,613.00,770.50,750.00,353.00,1180.00,1197.00,693.00,728.00
1,7,18,1450.00,1448.00,825.00,1532.00,922.00,613.00,770.50,750.00,353.00,1180.00,1197.00,693.00,728.00
1,7,19,1450.00,1448.00,825.00,1532.00,922.00,613.00,770.50,750.00,353.00,1180.00,1197.00,693.00,728.00
1,7,20,1450.00,1448.00,825.00,1532.00,922.00,613.00,770.50,750.00,353.00,1180.00,1197.00,693.00,728.00
1,7,21,1450.00,1448.00,825.00,1532.00,922.00,613.00,770.50,750.00,353.00,1180.00,1197.00,693.00,728.00
1,7,22,1450.00,1448.00,825.00,1532.00,922.00,613.00,770.50,750.00,353.00,1180.00,1197.00,693.00,728.00
1,7,23,1450.00,1448.00,825.00,1532.00,922.00,613.00,770.50,750.00,353.00,1180.00,1197.00,693.00,728.00
1,7,24,1450.00,1448.00,825.00,1532.00,922.00,613.00,770.50,750.00,353.00,1180.00,1197.00,693.00,728.00
1,8,1,1450.00,1448.00,825.00,1532.00,922.00,613.00,770.50,750.00,353.00,1180.00,1197.00,693.00,728.00
1,8,2,1450.00,1448.00,825.00,1532.00,922.00,613.00,770.50,750.00,353.00,1180.00,1197.00,693.00,728.00
1,8,3,1450.00,1448.00,825.00,1532.00,922.00,613.00,770.50,750.00,353.00,1180.00,1197.00,693.00,728.00
1,8,4,1450.00,1448.00,825.00,1532.00,922.00,613.00,770.50,750.00,353.00,1180.00,1197.00,693.00,728.00
1,8,5,1450.00,1448.00,825.00,1532.00,922.00,613.00,770.50,750.00,353.00,1180.00,1197.00,693.00,728.00
1,8,6,1450.00,1448.00,825.00,1532.00,922.00,613.00,770.50,750.00,353.00,1180.00,1197.00,693.00,728.00
1,8,7,1450.00,1448.00,825.00,1532.00,922.00,613.00,770.50,750.00,353.00,1180.00,1197.00,693.00,728.00
1,8,8,1450.00,1448.00,825.00,1532.00,922.00,613.00,770.50,750.00,353.00,1180.00,1197.00,693.00,728.00
1,8,9,1450.00,1448.00,825.00,1532.00,922.00,613.00,770.50,750.00,353.00,1180.00,1197.00,693.00,728.00
1,8,10,1450.00,1448.00,825.00,1532.00,922.00,613.00,770.50,750.00,353.00,1180.00,1197.00,693.00,728.00
1,8,11,1450.00,1448.00,825.00,1532.00,922.00,613.00,770.50,750.00,353.00,1180.00,1197.00,693.00,728.00
1,8,12,1450.00,1448.00,825.00,1532.00,922.00,613.00,770.50,750.00,353.00,1180.00,1197.00,693.00,728.00
1,8,13,1450.00,1448.00,825.00,1532.00,922.00,613.00,770.50,750.00,353.00,1180.00,1197.00,693.00,728.00
1,8,14,1450.00,1448.00,825.00,1532.00,922.00,613.00,770.50,750.00,353.00,1180.00,1197.00,693.00,728.00
1,8,15,1450.00,1448.00,825.00,1532.00,922.00,613.00,770.50,750.00,353.00,1180.00,1197.00,693.00,728.00
1,8,16,1450.00,1448.00,825.00,1532.00,922.00,613.00,770.50,750.00,353.00,1180.00,1197.00,693.00,728.00
1,8,17,1450.00,1448.00,825.00,1532.00,922.00,613.00,770.50,750.00,353.00,1180.00,1197.00,693.00,728.00
1,8,18,1450.00,1448.00,825.00,1532.00,922.00,613.00,770.50,750.00,353.00,1180.00,1197.00,693.00,728.00
1,8,19,1450.00,1448.00,825.00,1532.00,922.00,613.00,770.50,750.00,353.00,1180.00,1197.00,693.00,728.00
1,8,20,1450.00,1448.00,825.00,1532.00,922.00,613.00,770.50,750.00,353.00,1180.00,1197.00,693.00,728.00
1,8,21,1450.00,1448.00,825.00,1532.00,922.00,613.00,770.50,750.00,353.00,1180.00,1197.00,693.00,728.00
1,8,22,1450.00,1448.00,825.00,1532.00,922.00,613.00,770.50,750.00,353.00,1180.00,1197.00,693.00,728.00
1,8,23,1450.00,1448.00,825.00,1532.00,922.00,613.00,770.50,750.00,353.00,1180.00,1197.00,693.00,728.00
1,8,24,1450.00,1448.00,825.00,1532.00,922.00,613.00,770.50,750.00,353.00,1180.00,1197.00,693.00,728.00
1,9,1,1450.00,1448.00,825.00,1532.00,922.00,613.00,770.50,750.00,353.00,1180.00,1197.00,693.00,728.00
1,9,2,1450.00,1448.00,825.00,1532.00,922.00,613.00,770.50,750.00,353.00,1180.00,1197.00,693.00,728.00
1,9,3,1450.00,1448.00,825.00,1532.00,922.00,613.00,770.50,750.00,353.00,1180.00,1197.00,693.00,728.00
1,9,4,1450.00,1448.00,825.00,1532.00,922.00,613.00,770.50,750.00,353.00,1180.00,1197.00,693.00,728.00
1,9,5,1450.00,1448.00,825.00,1532.00,922.00,613.00,770.50,750.00,353.00,1180.00,1197.00,693.00,728.00
1,9,6,1450.00,1448.00,825.00,1532.00,922.00,613.00,770.50,750.00,353.00,1180.00,1197.00,693.00,728.00
1,9,7,1450.00,1448.00,825.00,1532.00,922.00,613.00,770.50,750.00,353.00,1180.00,1197.00,693.00,728.00
1,9,8,1450.00,1448.00,825.00,1532.00,922.00,613.00,770.50,750.00,353.00,1180.00,1197.00,693.00,728.00
1,9,9,1450.00,1448.00,825.00,1532.00,922.00,613.00,770.50,750.00,353.00,1180.00,1197.00,693.00,728.00
1,9,10,1450.00,1448.00,825.00,1532.00,922.00,613.00,770.50,750.00,353.00,1180.00,1197.00,693.00,728.00
1,9,11,1450.00,1448.00,825.00,1532.00,922.00,613.00,770.50,750.00,353.00,1180.00,1197.00,693.00,728.00
1,9,12,1450.00,1448.00,825.00,1532.00,922.00,613.00,770.50,750.00,353.00,1180.00,1197.00,693.00,728.00
1,9,13,1450.00,1448.00,825.00,1532.00,922.00,613.00,770.50,750.00,353.00,1180.00,1197.00,693.00,728.00
1,9,14,1450.00,1448.00,825.00,1532.00,922.00,613.00,770.50,750.00,353.00,1180.00,1197.00,693.00,728.00
1,9,15,1450.00,1448.00,825.00,1532.00,922.00,613.00,770.50,750.00,353.00,1180.00,1197.00,693.00,728.00
1,9,16,1450.00,1448.00,825.00,1532.00,922.00,613.00,770.50,750.00,353.00,1180.00,1197.00,693.00,728.00
1,9,17,1450.00,1448.00,825.00,1532.00,922.00,613.00,770.50,750.00,353.00,1180.00,1197.00,693.00,728.00
1,9,18,1450.00,1448.00,825.00,1532.00,922.00,613.00,770.50,750.00,353.00,1180.00,1197.00,693.00,728.00
1,9,19,1450.00,1448.00,825.00,1532.00,922.00,613.00,770.50,750.00,353.00,1180.00,1197.00,693.00,728.00
1,9,20,1450.00,1448.00,825.00,1532.00,922.00,613.00,770.50,750.00,353.00,1180.00,1197.00,693.00,728.00
1,9,21,1450.00,1448.00,825.00,1532.00,922.00,613.00,770.50,750.00,353.00,1180.00,1197.00,693.00,728.00
1,9,22,1450.00,1448.00,825.00,1532.00,922.00,613.00,770.50,750.00,353.00,1180.00,1197.00,693.00,728.00
1,9,23,1450.00,1448.00,825.00,1532.00,922.00,613.00,770.50,750.00,353.00,1180.00,1197.00,693.00,728.00
1,9,24,1450.00,1448.00,825.00,1532.00,922.00,613.00,770.50,750.00,353.00,1180.00,1197.00,693.00,728.00
1,10,1,1450.00,1448.00,825.00,1532.00,922.00,613.00,770.50,750.00,353.00,1180.00,1197.00,693.00,728.00
1,10,2,1450.00,1448.00,825.00,1532.00,922.00,613.00,770.50,750.00,353.00,1180.00,1197.00,693.00,728.00
1,10,3,1450.00,1448.00,825.00,1532.00,922.00,613.00,770.50,750.00,353.00,1180.00,1197.00,693.00,728.00
1,10,4,1450.00,1448.00,825.00,1532.00,922.00,613.00,770.50,750.00,353.00,1180.00,1197.00,693.00,728.00
1,10,5,1450.00,1448.00,825.00,1532.00,922.00,613.00,770.50,750.00,353.00,1180.00,1197.00,693.00,728.00
1,10,6,1450.00,1448.00,825.00,1532.00,922.00,613.00,770.50,750.00,353.00,1180.00,1197.00,693.00,728.00
1,10,7,1450.00,1448.00,825.00,1532.00,922.00,613.00,770.50,750.00,353.00,1180.00,1197.00,693.00,728.00
1,10,8,1450.00,1448.00,825.00,1532.00,922.00,613.00,770.50,750.00,353.00,1180.00,1197.00,693.00,728.00
1,10,9,1450.00,1448.00,825.00,1532.00,922.00,613.00,770.50,750.00,353.00,1180.00,1197.00,693.00,728.00
1,10,10,1450.00,1448.00,825.00,1532.00,922.00,613.00,770.50,750.00,353.00,1180.00,1197.00,693.00,728.00
1,10,11,1450.00,1448.00,825.00,1532.00,922.00,613.00,770.50,750.00,353.00,1180.00,1197.00,693.00,728.00
1,10,12,1450.00,1448.00,825.00,1532.00,922.00,613.00,770.50,750.00,353.00,1180.00,1197.00,693.00,728.00
1,10,13,1450.00,1448.00,825.00,1532.00,922.00,613.00,770.50,750.00,353.00,1180.00,1197.00,693.00,728.00
1,10,14,1450.00,1448.00,825.00,1532.00,922.00,613.00,770.50,750.00,353.00,1180.00,1197.00,693.00,728.00
1,10,15,1450.00,1448.00,825.00,1532.00,922.00,613.00,770.50,750.00,353.00,1180.00,1197.00,693.00,728.00
1,10,16,1450.00,1448.00,825.00,1532.00,922.00,613.00,770.50,750.00,353.00,1180.00,1197.00,693.00,728.00
1,10,17,1450.00,1448.00,825.00,1532.00,922.00,613.00,770.50,750.00,353.00,1180.00,1197.00,693.00,728.00
1,10,18,1450.00,1448.00,825.00,1532.00,922.00,613.00,770.50,750.00,353.00,1180.00,1197.00,693.00,728.00
1,10,19,1450.00,1448.00,825.00,1532.00,922.00,613.00,770.50,750.00,353.00,1180.00,1197.00,693.00,728.00
1,10,20,1450.00,1448.00,825.00,1532.00,922.00,613.00,770.50,750.00,353.00,1180.00,1197.00,693.00,728.00
1,10,21,1450.00,1448.00,825.00,1532.00,922.00,613.00,770.50,750.00,353.00,1180.00,1197.00,693.00,728.00
1,10,22,1450.00,1448.00,825.00,1532.00,922.00,613.00,770.50,750.00,353.00,1180.00,1197.00,693.00,728.00
1,10,23,1450.00,1448.00,825.00,1532.00,922.00,613.00,770.50,750.00,353.00,1180.00,1197.00,693.00,728.00
1,10,24,1450.00,1448.00,825.00,1532.00,922.00,613.00,770.50,750.00,353.00,1180.00,1197.00,693.00,728.00
1,11,1,1450.00,1448.00,825.00,1532.00,922.00,613.00,770.50,750.00,353.00,1180.00,1197.00,693.00,728.00
1,11,2,1450.00,1448.00,825.00,1532.00,922.00,613.00,770.50,750.00,353.00,1180.00,1197.00,693.00,728.00
1,11,3,1450.00,1448.00,825.00,1532.00,922.00,613.00,770.50,750.00,353.00,1180.00,1197.00,693.00,728.00
1,11,4,1450.00,1448.00,825.00,1532.00,922.00,613.00,770.50,750.00,353.00,1180.00,1197.00,693.00,728.00
1,11,5,1450.00,1448.00,825.00,1532.00,922.00,613.00,770.50,750.00,353.00,1180.00,1197.00,693.00,728.00
1,11,6,1450.00,1448.00,825.00,1532.00,922.00,613.00,770.50,750.00,353.00,1180.00,1197.00,693.00,728.00
1,11,7,1450.00,1448.00,825.00,1532.00,922.00,613.00,770.50,750.00,353.00,1180.00,1197.00,693.00,728.00
1,11,8,1450.00,1448.00,825.00,1532.00,922.00,613.00,770.50,750.00,353.00,1180.00,1197.00,693.00,728.00
1,11,9,1450.00,1448.00,825.00,1532.00,922.00,613.00,770.50,750.00,353.00,1180.00,1197.00,693.00,728.00
1,11,10,1450.00,1448.00,825.00,1532.00,922.00,613.00,770.50,750.00,353.00,1180.00,1197.00,693.00,728.00
1,11,11,1450.00,1448.00,825.00,1532.00,922.00,613.00,770.50,750.00,353.00,1180.00,1197.00,693.00,728.00
1,11,12,1450.00,1448.00,825.00,1532.00,922.00,613.00,770.50,750.00,353.00,1180.00,1197.00,693.00,728.00
1,11,13,1450.00,1448.00,825.00,1532.00,922.00,613.00,770.50,750.00,353.00,1180.00,1197.00,693.00,728.00
1,11,14,1450.00,1448.00,825.00,1532.00,922.00,613.00,770.50,750.00,353.00,1180.00,1197.00,693.00,728.00
1,11,15,1450.00,1448.00,825.00,1532.00,922.00,613.00,770.50,750.00,353.00,1180.00,1197.00,693.00,728.00
1,11,16,1450.00,1448.00,825.00,1532.00,922.00,613.00,770.50,750.00,353.00,1180.00,1197.00,693.00,728.00
1,11,17,1450.00,1448.00,825.00,1532.00,922.00,613.00,770.50,750.00,353.00,1180.00,1197.00,693.00,728.00
1,11,18,1450.00,1448.00,825.00,1532.00,922.00,613.00,770.50,750.00,353.00,1180.00,1197.00,693.00,728.00
1,11,19,1450.00,1448.00,825.00,1532.00,922.00,613.00,770.50,750.00,353.00,1180.00,1197.00,693.00,728.00
1,11,20,1450.00,1448.00,825.00,1532.00,922.00,613.00,770.50,750.00,353.00,1180.00,1197.00,693.00,728.00
1,11,21,1450.00,1448.00,825.00,1532.00,922.00,613.00,770.50,750.00,353.00,1180.00,1197.00,693.00,728.00
1,11,22,1450.00,1448.00,825.00,1532.00,922.00,613.00,770.50,750.00,353.00,1180.00,1197.00,693.00,728.00
1,11,23,1450.00,1448.00,825.00,1532.00,922.00,613.00,770.50,750.00,353.00,1180.00,1197.00,693.00,728.00
1,11,24,1450.00,1448.00,825.00,1532.00,922.00,613.00,770.50,750.00,353.00,1180.00,1197.00,693.00,728.00
1,12,1,1450.00,1448.00,825.00,1532.00,922.00,613.00,770.50,750.00,353.00,1180.00,1197.00,693.00,728.00
1,12,2,1450.00,1448.00,825.00,1532.00,922.00,613.00,770.50,750.00,353.00,1180.00,1197.00,693.00,728.00
1,12,3,1450.00,1448.00,825.00,1532.00,922.00,613.00,770.50,750.00,353.00,1180.00,1197.00,693.00,728.00
1,12,4,1450.00,1448.00,825.00,1532.00,922.00,613.00,770.50,750.00,353.00,1180.00,1197.00,693.00,728.00
1,12,5,1450.00,1448.00,825.00,1532.00,922.00,613.00,770.50,750.00,353.00,1180.00,1197.00,693.00,728.00
1,12,6,1450.00,1448.00,825.00,1532.00,922.00,613.00,770.50,750.00,353.00,1180.00,1197.00,693.00,728.00
1,12,7,1450.00,1448.00,825.00,1532.00,922.00,613.00,770.50,750.00,353.00,1180.00,1197.00,693.00,728.00
1,12,8,1450.00,1448.00,825.00,1532.00,922.00,613.00,770.50,750.00,353.00,1180.00,1197.00,693.00,728.00
1,12,9,1450.00,1448.00,825.00,1532.00,922.00,613.00,770.50,750.00,353.00,1180.00,1197.00,693.00,728.00
1,12,10,1450.00,1448.00,825.00,1532.00,922.00,613.00,770.50,750.00,353.00,1180.00,1197.00,693.00,728.00
1,12,11,1450.00,1448.00,825.00,1532.00,922.00,613.00,770.50,750.00,353.00,1180.00,1197.00,693.00,728.00
1,12,12,1450.00,1448.00,825.00,1532.00,922.00,613.00,770.50,750.00,353.00,1180.00,1197.00,693.00,728.00
1,12,13,1450.00,1448.00,825.00,1532.00,922.00,613.00,770.50,750.00,353.00,1180.00,1197.00,693.00,728.00
1,12,14,1450.00,1448.00,825.00,1532.00,922.00,613.00,770.50,750.00,353.00,1180.00,1197.00,693.00,728.00
1,12,15,1450.00,1448.00,825.00,1532.00,922.00,613.00,770.50,750.00,353.00,1180.00,1197.00,693.00,728.00
1,12,16,1450.00,1448.00,825.00,1532.00,922.00,613.00,770.50,750.00,353.00,1180.00,1197.00,693.00,728.00
1,12,17,1450.00,1448.00,825.00,1532.00,922.00,613.00,770.50,750.00,353.00,1180.00,1197.00,693.00,728.00
1,12,18,1450.00,1448.00,825.00,1532.00,922.00,613.00,770.50,750.00,353.00,1180.00,1197.00,693.00,728.00
1,12,19,1450.00,1448.00,825.00,1532.00,922.00,613.00,770.50,750.00,353.00,1180.00,1197.00,693.00,728.00
1,12,20,1450.00,1448.00,825.00,1532.00,922.00,613.00,770.50,750.00,353.00,1180.00,1197.00,693.00,728.00
1,12,21,1450.00,1448.00,825.00,1532.00,922.00,613.00,770.50,750.00,353.00,1180.00,1197.00,693.00,728.00
1,12,22,1450.00,1448.00,825.00,1532.00,922.00,613.00,770.50,750.00,353.00,1180.00,1197.00,693.00,728.00
1,12,23,1450.00,1448.00,825.00,1532.00,922.00,613.00,770.50,750.00,353.00,1180.00,1197.00,693.00,728.00
1,12,24,1450.00,1448.00,825.00,1532.00,922.00,613.00,770.50,750.00,353.00,1180.00,1197.00,693.00,728.00
1,13,1,1450.00,1448.00,825.00,1532.00,922.00,613.00,770.50,750.00,353.00,1180.00,1197.00,693.00,728.00
1,13,2,1450.00,1448.00,825.00,1532.00,922.00,613.00,770.50,750.00,353.00,1180.00,1197.00,693.00,728.00
1,13,3,1450.00,1448.00,825.00,1532.00,922.00,613.00,770.50,750.00,353.00,1180.00,1197.00,693.00,728.00
1,13,4,1450.00,1448.00,825.00,1532.00,922.00,613.00,770.50,750.00,353.00,1180.00,1197.00,693.00,728.00
1,13,5,1450.00,1448.00,825.00,1532.00,922.00,613.00,770.50,750.00,353.00,1180.00,1197.00,693.00,728.00
1,13,6,1450.00,1448.00,825.00,1532.00,922.00,613.00,770.50,750.00,353.00,1180.00,1197.00,693.00,728.00
1,13,7,1450.00,1448.00,825.00,1532.00,922.00,613.00,770.50,750.00,353.00,1180.00,1197.00,693.00,728.00
1,13,8,1450.00,1448.00,825.00,1532.00,922.00,613.00,770.50,750.00,353.00,1180.00,1197.00,693.00,728.00
1,13,9,1450.00,1448.00,825.00,1532.00,922.00,613.00,770.50,750.00,353.00,1180.00,1197.00,693.00,728.00
1,13,10,1450.00,1448.00,825.00,1532.00,922.00,613.00,770.50,750.00,353.00,1180.00,1197.00,693.00,728.00
1,13,11,1450.00,1448.00,825.00,1532.00,922.00,613.00,770.50,750.00,353.00,1180.00,1197.00,693.00,728.00
1,13,12,1450.00,1448.00,825.00,1532.00,922.00,613.00,770.50,750.00,353.00,1180.00,1197.00,693.00,728.00
1,13,13,1450.00,1448.00,825.00,1532.00,922.00,613.00,770.50,750.00,353.00,1180.00,1197.00,693.00,728.00
1,13,14,1450.00,1448.00,825.00,1532.00,922.00,613.00,770.50,750.00,353.00,1180.00,1197.00,693.00,728.00
1,13,15,1450.00,1448.00,825.00,1532.00,922.00,613.00,770.50,750.00,353.00,1180.00,1197.00,693.00,728.00
1,13,16,1450.00,1448.00,825.00,1532.00,922.00,613.00,770.50,750.00,353.00,1180.00,1197.00,693.00,728.00
1,13,17,1450.00,1448.00,825.00,1532.00,922.00,613.00,770.50,750.00,353.00,1180.00,1197.00,693.00,728.00
1,13,18,1450.00,1448.00,825.00,1532.00,922.00,613.00,770.50,750.00,353.00,1180.00,1197.00,693.00,728.00
1,13,19,1450.00,1448.00,825.00,1532.00,922.00,613.00,770.50,750.00,353.00,1180.00,1197.00,693.00,728.00
1,13,20,1450.00,1448.00,825.00,1532.00,922.00,613.00,770.50,750.00,353.00,1180.00,1197.00,693.00,728.00
1,13,21,1450.00,1448.00,825.00,1532.00,922.00,613.00,770.50,750.00,353.00,1180.00,1197.00,693.00,728.00
1,13,22,1450.00,1448.00,825.00,1532.00,922.00,613.00,770.50,750.00,353.00,1180.00,1197.00,693.00,728.00
1,13,23,1450.00,1448.00,825.00,1532.00,922.00,613.00,770.50,750.00,353.00,1180.00,1197.00,693.00,728.00
1,13,24,1450.00,1448.00,825.00,1532.00,922.00,613.00,770.50,750.00,353.00,1180.00,1197.00,693.00,728.00
1,14,1,1450.00,1448.00,825.00,1532.00,922.00,613.00,770.50,750.00,353.00,1180.00,1197.00,693.00,728.00
1,14,2,1450.00,1448.00,825.00,1532.00,922.00,613.00,770.50,750.00,353.00,1180.00,1197.00,693.00,728.00
1,14,3,1450.00,1448.00,825.00,1532.00,922.00,613.00,770.50,750.00,353.00,1180.00,1197.00,693.00,728.00
1,14,4,1450.00,1448.00,825.00,1532.00,922.00,613.00,770.50,750.00,353.00,1180.00,1197.00,693.00,728.00
1,14,5,1450.00,1448.00,825.00,1532.00,922.00,613.00,770.50,750.00,353.00,1180.00,1197.00,693.00,728.00
1,14,6,1450.00,1448.00,825.00,1532.00,922.00,613.00,770.50,750.00,353.00,1180.00,1197.00,693.00,728.00
1,14,7,1450.00,1448.00,825.00,1532.00,922.00,613.00,770.50,750.00,353.00,1180.00,1197.00,693.00,728.00
1,14,8,1450.00,1448.00,825.00,1532.00,922.00,613.00,770.50,750.00,353.00,1180.00,1197.00,693.00,728.00
1,14,9,1450.00,1448.00,825.00,1532.00,922.00,613.00,770.50,750.00,353.00,1180.00,1197.00,693.00,728.00
1,14,10,1450.00,1448.00,825.00,1532.00,922.00,613.00,770.50,750.00,353.00,1180.00,1197.00,693.00,728.00
1,14,11,1450.00,1448.00,825.00,1532.00,922.00,613.00,770.50,750.00,353.00,1180.00,1197.00,693.00,728.00
1,14,12,1450.00,1448.00,825.00,1532.00,922.00,613.00,770.50,750.00,353.00,1180.00,1197.00,693.00,728.00
1,14,13,1450.00,1448.00,825.00,1532.00,922.00,613.00,770.50,750.00,353.00,1180.00,1197.00,693.00,728.00
1,14,14,1450.00,1448.00,825.00,1532.00,922.00,613.00,770.50,750.00,353.00,1180.00,1197.00,693.00,728.00
1,14,15,1450.00,1448.00,825.00,1532.00,922.00,613.00,770.50,750.00,353.00,1180.00,1197.00,693.00,728.00
1,14,16,1450.00,1448.00,825.00,1532.00,922.00,613.00,770.50,750.00,353.00,1180.00,1197.00,693.00,728.00
1,14,17,1450.00,1448.00,825.00,1532.00,922.00,613.00,770.50,750.00,353.00,1180.00,1197.00,693.00,728.00
1,14,18,1450.00,1448.00,825.00,1532.00,922.00,613.00,770.50,750.00,353.00,1180.00,1197.00,693.00,728.00
1,14,19,1450.00,1448.00,825.00,1532.00,922.00,613.00,770.50,750.00,353.00,1180.00,1197.00,693.00,728.00
1,14,20,1450.00,1448.00,825.00,1532.00,922.00,613.00,770.50,750.00,353.00,1180.00,1197.00,693.00,728.00
1,14,21,1450.00,1448.00,825.00,1532.00,922.00,613.00,770.50,750.00,353.00,1180.00,1197.00,693.00,728.00
1,14,22,1450.00,1448.00,825.00,1532.00,922.00,613.00,770.50,750.00,353.00,1180.00,1197.00,693.00,728.00
1,14,23,1450.00,1448.00,825.00,1532.00,922.00,613.00,770.50,750.00,353.00,1180.00,1197.00,693.00,728.00
1,14,24,1450.00,1448.00,825.00,1532.00,922.00,613.00,770.50,750.00,353.00,1180.00,1197.00,693.00,728.00
1,15,1,1450.00,1448.00,825.00,1532.00,922.00,613.00,770.50,750.00,353.00,1180.00,1197.00,693.00,728.00
1,15,2,1450.00,1448.00,825.00,1532.00,922.00,613.00,770.50,750.00,353.00,1180.00,1197.00,693.00,728.00
1,15,3,1450.00,1448.00,825.00,1532.00,922.00,613.00,770.50,750.00,353.00,1180.00,1197.00,693.00,728.00
1,15,4,1450.00,1448.00,825.00,1532.00,922.00,613.00,770.50,750.00,353.00,1180.00,1197.00,693.00,728.00
1,15,5,1450.00,1448.00,825.00,1532.00,922.00,613.00,770.50,750.00,353.00,1180.00,1197.00,693.00,728.00
1,15,6,1450.00,1448.00,825.00,1532.00,922.00,613.00,770.50,750.00,353.00,1180.00,1197.00,693.00,728.00
1,15,7,1450.00,1448.00,825.00,1532.00,922.00,613.00,770.50,750.00,353.00,1180.00,1197.00,693.00,728.00
1,15,8,1450.00,1448.00,825.00,1532.00,922.00,613.00,770.50,750.00,353.00,1180.00,1197.00,693.00,728.00
1,15,9,1450.00,1448.00,825.00,1532.00,922.00,613.00,770.50,750.00,353.00,1180.00,1197.00,693.00,728.00
1,15,10,1450.00,1448.00,825.00,1532.00,922.00,613.00,770.50,750.00,353.00,1180.00,1197.00,693.00,728.00
1,15,11,1450.00,1448.00,825.00,1532.00,922.00,613.00,770.50,750.00,353.00,1180.00,1197.00,693.00,728.00
1,15,12,1450.00,1448.00,825.00,1532.00,922.00,613.00,770.50,750.00,353.00,1180.00,1197.00,693.00,728.00
1,15,13,1450.00,1448.00,825.00,1532.00,922.00,613.00,770.50,750.00,353.00,1180.00,1197.00,693.00,728.00
1,15,14,1450.00,1448.00,825.00,1532.00,922.00,613.00,770.50,750.00,353.00,1180.00,1197.00,693.00,728.00
1,15,15,1450.00,1448.00,825.00,1532.00,922.00,613.00,770.50,750.00,353.00,1180.00,1197.00,693.00,728.00
1,15,16,1450.00,1448.00,825.00,1532.00,922.00,613.00,770.50,750.00,353.00,1180.00,1197.00,693.00,728.00
1,15,17,1450.00,1448.00,825.00,1532.00,922.00,613.00,770.50,750.00,353.00,1180.00,1197.00,693.00,728.00
1,15,18,1450.00,1448.00,825.00,1532.00,922.00,613.00,770.50,750.00,353.00,1180.00,1197.00,693.00,728.00
1,15,19,1450.00,1448.00,825.00,1532.00,922.00,613.00,770.50,750.00,353.00,1180.00,1197.00,693.00,728.00
1,15,20,1450.00,1448.00,825.00,1532.00,922.00,613.00,770.50,750.00,353.00,1180.00,1197.00,693.00,728.00
1,15,21,1450.00,1448.00,825.00,1532.00,922.00,613.00,770.50,750.00,353.00,1180.00,1197.00,693.00,728.00
1,15,22,1450.00,1448.00,825.00,1532.00,922.00,613.00,770.50,750.00,353.00,1180.00,1197.00,693.00,728.00
1,15,23,1450.00,1448.00,825.00,1532.00,922.00,613.00,770.50,750.00,353.00,1180.00,1197.00,693.00,728.00
1,15,24,1450.00,1448.00,825.00,1532.00,922.00,613.00,770.50,750.00,353.00,1180.00,1197.00,693.00,728.00
1,16,1,1450.00,1448.00,825.00,1532.00,922.00,613.00,770.50,750.00,353.00,1180.00,1197.00,693.00,728.00
1,16,2,1450.00,1448.00,825.00,1532.00,922.00,613.00,770.50,750.00,353.00,1180.00,1197.00,693.00,728.00
1,16,3,1450.00,1448.00,825.00,1532.00,922.00,613.00,770.50,750.00,353.00,1180.00,1197.00,693.00,728.00
1,16,4,1450.00,1448.00,825.00,1532.00,922.00,613.00,770.50,750.00,353.00,1180.00,1197.00,693.00,728.00
1,16,5,1450.00,1448.00,825.00,1532.00,922.00,613.00,770.50,750.00,353.00,1180.00,1197.00,693.00,728.00
1,16,6,1450.00,1448.00,825.00,1532.00,922.00,613.00,770.50,750.00,353.00,1180.00,1197.00,693.00,728.00
1,16,7,1450.00,1448.00,825.00,1532.00,922.00,613.00,770.50,750.00,353.00,1180.00,1197.00,693.00,728.00
1,16,8,1450.00,1448.00,825.00,1532.00,922.00,613.00,770.50,750.00,353.00,1180.00,1197.00,693.00,728.00
1,16,9,1450.00,1448.00,825.00,1532.00,922.00,613.00,770.50,750.00,353.00,1180.00,1197.00,693.00,728.00
1,16,10,1450.00,1448.00,825.00,1532.00,922.00,613.00,770.50,750.00,353.00,1180.00,1197.00,693.00,728.00
1,16,11,1450.00,1448.00,825.00,1532.00,922.00,613.00,770.50,750.00,353.00,1180.00,1197.00,693.00,728.00
1,16,12,1450.00,1448.00,825.00,1532.00,922.00,613.00,770.50,750.00,353.00,1180.00,1197.00,693.00,728.00
1,16,13,1450.00,1448.00,825.00,1532.00,922.00,613.00,770.50,750.00,353.00,1180.00,1197.00,693.00,728.00
1,16,14,1450.00,1448.00,825.00,1532.00,922.00,613.00,770.50,750.00,353.00,1180.00,1197.00,693.00,728.00
1,16,15,1450.00,1448.00,825.00,1532.00,922.00,613.00,770.50,750.00,353.00,1180.00,1197.00,693.00,728.00
1,16,16,1450.00,1448.00,825.00,1532.00,922.00,613.00,770.50,750.00,353.00,1180.00,1197.00,693.00,728.00
1,16,17,1450.00,1448.00,825.00,1532.00,922.00,613.00,770.50,750.00,353.00,1180.00,1197.00,693.00,728.00
1,16,18,1450.00,1448.00,825.00,1532.00,922.00,613.00,770.50,750.00,353.00,1180.00,1197.00,693.00,728.00
1,16,19,1450.00,1448.00,825.00,1532.00,922.00,613.00,770.50,750.00,353.00,1180.00,1197.00,693.00,728.00
1,16,20,1450.00,1448.00,825.00,1532.00,922.00,613.00,770.50,750.00,353.00,1180.00,1197.00,693.00,728.00
1,16,21,1450.00,1448.00,825.00,1532.00,922.00,613.00,770.50,750.00,353.00,1180.00,1197.00,693.00,728.00
1,16,22,1450.00,1448.00,825.00,1532.00,922.00,613.00,770.50,750.00,353.00,1180.00,1197.00,693.00,728.00
1,16,23,1450.00,1448.00,825.00,1532.00,922.00,613.00,770.50,750.00,353.00,1180.00,1197.00,693.00,728.00
1,16,24,1450.00,1448.00,825.00,1532.00,922.00,613.00,770.50,750.00,353.00,1180.00,1197.00,693.00,728.00
1,17,1,1450.00,1448.00,825.00,1532.00,922.00,613.00,770.50,750.00,353.00,1180.00,1197.00,693.00,728.00
1,17,2,1450.00,1448.00,825.00,1532.00,922.00,613.00,770.50,750.00,353.00,1180.00,1197.00,693.00,728.00
1,17,3,1450.00,1448.00,825.00,1532.00,922.00,613.00,770.50,750.00,353.00,1180.00,1197.00,693.00,728.00
1,17,4,1450.00,1448.00,825.00,1532.00,922.00,613.00,770.50,750.00,353.00,1180.00,1197.00,693.00,728.00
1,17,5,1450.00,1448.00,825.00,1532.00,922.00,613.00,770.50,750.00,353.00,1180.00,1197.00,693.00,728.00
1,17,6,1450.00,1448.00,825.00,1532.00,922.00,613.00,770.50,750.00,353.00,1180.00,1197.00,693.00,728.00
1,17,7,1450.00,1448.00,825.00,1532.00,922.00,613.00,770.50,750.00,353.00,1180.00,1197.00,693.00,728.00
1,17,8,1450.00,1448.00,825.00,1532.00,922.00,613.00,770.50,750.00,353.00,1180.00,1197.00,693.00,728.00
1,17,9,1450.00,1448.00,825.00,1532.00,922.00,613.00,770.50,750.00,353.00,1180.00,1197.00,693.00,728.00
1,17,10,1450.00,1448.00,825.00,1532.00,922.00,613.00,770.50,750.00,353.00,1180.00,1197.00,693.00,728.00
1,17,11,1450.00,1448.00,825.00,1532.00,922.00,613.00,770.50,750.00,353.00,1180.00,1197.00,693.00,728.00
1,17,12,1450.00,1448.00,825.00,1532.00,922.00,613.00,770.50,750.00,353.00,1180.00,1197.00,693.00,728.00
1,17,13,1450.00,1448.00,825.00,1532.00,922.00,613.00,770.50,750.00,353.00,1180.00,1197.00,693.00,728.00
1,17,14,1450.00,1448.00,825.00,1532.00,922.00,613.00,770.50,750.00,353.00,1180.00,1197.00,693.00,728.00
1,17,15,1450.00,1448.00,825.00,1532.00,922.00,613.00,770.50,750.00,353.00,1180.00,1197.00,693.00,728.00
1,17,16,1450.00,1448.00,825.00,1532.00,922.00,613.00,770.50,750.00,353.00,1180.00,1197.00,693.00,728.00
1,17,17,1450.00,1448.00,825.00,1532.00,922.00,613.00,770.50,750.00,353.00,1180.00,1197.00,693.00,728.00
1,17,18,1450.00,1448.00,825.00,1532.00,922.00,613.00,770.50,750.00,353.00,1180.00,1197.00,693.00,728.00
1,17,19,1450.00,1448.00,825.00,1532.00,922.00,613.00,770.50,750.00,353.00,1180.00,1197.00,693.00,728.00
1,17,20,1450.00,1448.00,825.00,1532.00,922.00,613.00,770.50,750.00,353.00,1180.00,1197.00,693.00,728.00
1,17,21,1450.00,1448.00,825.00,1532.00,922.00,613.00,770.50,750.00,353.00,1180.00,1197.00,693.00,728.00
1,17,22,1450.00,1448.00,825.00,1532.00,922.00,613.00,770.50,750.00,353.00,1180.00,1197.00,693.00,728.00
1,17,23,1450.00,1448.00,825.00,1532.00,922.00,613.00,770.50,750.00,353.00,1180.00,1197.00,693.00,728.00
1,17,24,1450.00,1448.00,825.00,1532.00,922.00,613.00,770.50,750.00,353.00,1180.00,1197.00,693.00,728.00
1,18,1,1450.00,1448.00,825.00,1532.00,922.00,613.00,770.50,750.00,353.00,1180.00,1197.00,693.00,728.00
1,18,2,1450.00,1448.00,825.00,1532.00,922.00,613.00,770.50,750.00,353.00,1180.00,1197.00,693.00,728.00
1,18,3,1450.00,1448.00,825.00,1532.00,922.00,613.00,770.50,750.00,353.00,1180.00,1197.00,693.00,728.00
1,18,4,1450.00,1448.00,825.00,1532.00,922.00,613.00,770.50,750.00,353.00,1180.00,1197.00,693.00,728.00
1,18,5,1450.00,1448.00,825.00,1532.00,922.00,613.00,770.50,750.00,353.00,1180.00,1197.00,693.00,728.00
1,18,6,1450.00,1448.00,825.00,1532.00,922.00,613.00,770.50,750.00,353.00,1180.00,1197.00,693.00,728.00
1,18,7,1450.00,1448.00,825.00,1532.00,922.00,613.00,770.50,750.00,353.00,1180.00,1197.00,693.00,728.00
1,18,8,1450.00,1448.00,825.00,1532.00,922.00,613.00,770.50,750.00,353.00,1180.00,1197.00,693.00,728.00
1,18,9,1450.00,1448.00,825.00,1532.00,922.00,613.00,770.50,750.00,353.00,1180.00,1197.00,693.00,728.00
1,18,10,1450.00,1448.00,825.00,1532.00,922.00,613.00,770.50,750.00,353.00,1180.00,1197.00,693.00,728.00
1,18,11,1450.00,1448.00,825.00,1532.00,922.00,613.00,770.50,750.00,353.00,1180.00,1197.00,693.00,728.00
1,18,12,1450.00,1448.00,825.00,1532.00,922.00,613.00,770.50,750.00,353.00,1180.00,1197.00,693.00,728.00
1,18,13,1450.00,1448.00,825.00,1532.00,922.00,613.00,770.50,750.00,353.00,1180.00,1197.00,693.00,728.00
1,18,14,1450.00,1448.00,825.00,1532.00,922.00,613.00,770.50,750.00,353.00,1180.00,1197.00,693.00,728.00
1,18,15,1450.00,1448.00,825.00,1532.00,922.00,613.00,770.50,750.00,353.00,1180.00,1197.00,693.00,728.00
1,18,16,1450.00,1448.00,825.00,1532.00,922.00,613.00,770.50,750.00,353.00,1180.00,1197.00,693.00,728.00
1,18,17,1450.00,1448.00,825.00,1532.00,922.00,613.00,770.50,750.00,353.00,1180.00,1197.00,693.00,728.00
1,18,18,1450.00,1448.00,825.00,1532.00,922.00,613.00,770.50,750.00,353.00,1180.00,1197.00,693.00,728.00
1,18,19,1450.00,1448.00,825.00,1532.00,922.00,613.00,770.50,750.00,353.00,1180.00,1197.00,693.00,728.00
1,18,20,1450.00,1448.00,825.00,1532.00,922.00,613.00,770.50,750.00,353.00,1180.00,1197.00,693.00,728.00
1,18,21,1450.00,1448.00,825.00,1532.00,922.00,613.00,770.50,750.00,353.00,1180.00,1197.00,693.00,728.00
1,18,22,1450.00,1448.00,825.00,1532.00,922.00,613.00,770.50,750.00,353.00,1180.00,1197.00,693.00,728.00
1,18,23,1450.00,1448.00,825.00,1532.00,922.00,613.00,770.50,750.00,353.00,1180.00,1197.00,693.00,728.00
1,18,24,1450.00,1448.00,825.00,1532.00,922.00,613.00,770.50,750.00,353.00,1180.00,1197.00,693.00,728.00
1,19,1,1450.00,1448.00,825.00,1532.00,922.00,613.00,770.50,750.00,353.00,1180.00,1197.00,693.00,728.00
1,19,2,1450.00,1448.00,825.00,1532.00,922.00,613.00,770.50,750.00,353.00,1180.00,1197.00,693.00,728.00
1,19,3,1450.00,1448.00,825.00,1532.00,922.00,613.00,770.50,750.00,353.00,1180.00,1197.00,693.00,728.00
1,19,4,1450.00,1448.00,825.00,1532.00,922.00,613.00,770.50,750.00,353.00,1180.00,1197.00,693.00,728.00
1,19,5,1450.00,1448.00,825.00,1532.00,922.00,613.00,770.50,750.00,353.00,1180.00,1197.00,693.00,728.00
1,19,6,1450.00,1448.00,825.00,1532.00,922.00,613.00,770.50,750.00,353.00,1180.00,1197.00,693.00,728.00
1,19,7,1450.00,1448.00,825.00,1532.00,922.00,613.00,770.50,750.00,353.00,1180.00,1197.00,693.00,728.00
1,19,8,1450.00,1448.00,825.00,1532.00,922.00,613.00,770.50,750.00,353.00,1180.00,1197.00,693.00,728.00
1,19,9,1450.00,1448.00,825.00,1532.00,922.00,613.00,770.50,750.00,353.00,1180.00,1197.00,693.00,728.00
1,19,10,1450.00,1448.00,825.00,1532.00,922.00,613.00,770.50,750.00,353.00,1180.00,1197.00,693.00,728.00
1,19,11,1450.00,1448.00,825.00,1532.00,922.00,613.00,770.50,750.00,353.00,1180.00,1197.00,693.00,728.00
1,19,12,1450.00,1448.00,825.00,1532.00,922.00,613.00,770.50,750.00,353.00,1180.00,1197.00,693.00,728.00
1,19,13,1450.00,1448.00,825.00,1532.00,922.00,613.00,770.50,750.00,353.00,1180.00,1197.00,693.00,728.00
1,19,14,1450.00,1448.00,825.00,1532.00,922.00,613.00,770.50,750.00,353.00,1180.00,1197.00,693.00,728.00
1,19,15,1450.00,1448.00,825.00,1532.00,922.00,613.00,770.50,750.00,353.00,1180.00,1197.00,693.00,728.00
1,19,16,1450.00,1448.00,825.00,1532.00,922.00,613.00,770.50,750.00,353.00,1180.00,1197.00,693.00,728.00
1,19,17,1450.00,1448.00,825.00,1532.00,922.00,613.00,770.50,750.00,353.00,1180.00,1197.00,693.00,728.00
1,19,18,1450.00,1448.00,825.00,1532.00,922.00,613.00,770.50,750.00,353.00,1180.00,1197.00,693.00,728.00
1,19,19,1450.00,1448.00,825.00,1532.00,922.00,613.00,770.50,750.00,353.00,1180.00,1197.00,693.00,728.00
1,19,20,1450.00,1448.00,825.00,1532.00,922.00,613.00,770.50,750.00,353.00,1180.00,1197.00,693.00,728.00
1,19,21,1450.00,1448.00,825.00,1532.00,922.00,613.00,770.50,750.00,353.00,1180.00,1197.00,693.00,728.00
1,19,22,1450.00,1448.00,825.00,1532.00,922.00,613.00,770.50,750.00,353.00,1180.00,1197.00,693.00,728.00
1,19,23,1450.00,1448.00,825.00,1532.00,922.00,613.00,770.50,750.00,353.00,1180.00,1197.00,693.00,728.00
1,19,24,1450.00,1448.00,825.00,1532.00,922.00,613.00,770.50,750.00,353.00,1180.00,1197.00,693.00,728.00
1,20,1,1450.00,1448.00,825.00,1532.00,922.00,613.00,770.50,750.00,353.00,1180.00,1197.00,693.00,728.00
1,20,2,1450.00,1448.00,825.00,1532.00,922.00,613.00,770.50,750.00,353.00,1180.00,1197.00,693.00,728.00
1,20,3,1450.00,1448.00,825.00,1532.00,922.00,613.00,770.50,750.00,353.00,1180.00,1197.00,693.00,728.00
1,20,4,1450.00,1448.00,825.00,1532.00,922.00,613.00,770.50,750.00,353.00,1180.00,1197.00,693.00,728.00
1,20,5,1450.00,1448.00,825.00,1532.00,922.00,613.00,770.50,750.00,353.00,1180.00,1197.00,693.00,728.00
1,20,6,1450.00,1448.00,825.00,1532.00,922.00,613.00,770.50,750.00,353.00,1180.00,1197.00,693.00,728.00
1,20,7,1450.00,1448.00,825.00,1532.00,922.00,613.00,770.50,750.00,353.00,1180.00,1197.00,693.00,728.00
1,20,8,1450.00,1448.00,825.00,1532.00,922.00,613.00,770.50,750.00,353.00,1180.00,1197.00,693.00,728.00
1,20,9,1450.00,1448.00,825.00,1532.00,922.00,613.00,770.50,750.00,353.00,1180.00,1197.00,693.00,728.00
1,20,10,1450.00,1448.00,825.00,1532.00,922.00,613.00,770.50,750.00,353.00,1180.00,1197.00,693.00,728.00
1,20,11,1450.00,1448.00,825.00,1532.00,922.00,613.00,770.50,750.00,353.00,1180.00,1197.00,693.00,728.00
1,20,12,1450.00,1448.00,825.00,1532.00,922.00,613.00,770.50,750.00,353.00,1180.00,1197.00,693.00,728.00
1,20,13,1450.00,1448.00,825.00,1532.00,922.00,613.00,770.50,750.00,353.00,1180.00,1197.00,693.00,728.00
1,20,14,1450.00,1448.00,825.00,1532.00,922.00,613.00,770.50,750.00,353.00,1180.00,1197.00,693.00,728.00
1,20,15,1450.00,1448.00,825.00,1532.00,922.00,613.00,770.50,750.00,353.00,1180.00,1197.00,693.00,728.00
1,20,16,1450.00,1448.00,825.00,1532.00,922.00,613.00,770.50,750.00,353.00,1180.00,1197.00,693.00,728.00
1,20,17,1450.00,1448.00,825.00,1532.00,922.00,613.00,770.50,750.00,353.00,1180.00,1197.00,693.00,728.00
1,20,18,1450.00,1448.00,825.00,1532.00,922.00,613.00,770.50,750.00,353.00,1180.00,1197.00,693.00,728.00
1,20,19,1450.00,1448.00,825.00,1532.00,922.00,613.00,770.50,750.00,353.00,1180.00,1197.00,693.00,728.00
1,20,20,1450.00,1448.00,825.00,1532.00,922.00,613.00,770.50,750.00,353.00,1180.00,1197.00,693.00,728.00
1,20,21,1450.00,1448.00,825.00,1532.00,922.00,613.00,770.50,750.00,353.00,1180.00,1197.00,693.00,728.00
1,20,22,1450.00,1448.00,825.00,1532.00,922.00,613.00,770.50,750.00,353.00,1180.00,1197.00,693.00,728.00
1,20,23,1450.00,1448.00,825.00,1532.00,922.00,613.00,770.50,750.00,353.00,1180.00,1197.00,693.00,728.00
1,20,24,1450.00,1448.00,825.00,1532.00,922.00,613.00,770.50,750.00,353.00,1180.00,1197.00,693.00,728.00
1,21,1,1450.00,1448.00,825.00,1532.00,922.00,613.00,770.50,750.00,353.00,1180.00,1197.00,693.00,728.00
1,21,2,1450.00,1448.00,825.00,1532.00,922.00,613.00,770.50,750.00,353.00,1180.00,1197.00,693.00,728.00
1,21,3,1450.00,1448.00,825.00,1532.00,922.00,613.00,770.50,750.00,353.00,1180.00,1197.00,693.00,728.00
1,21,4,1450.00,1448.00,825.00,1532.00,922.00,613.00,770.50,750.00,353.00,1180.00,1197.00,693.00,728.00
1,21,5,1450.00,1448.00,825.00,1532.00,922.00,613.00,770.50,750.00,353.00,1180.00,1197.00,693.00,728.00
1,21,6,1450.00,1448.00,825.00,1532.00,922.00,613.00,770.50,750.00,353.00,1180.00,1197.00,693.00,728.00
1,21,7,1450.00,1448.00,825.00,1532.00,922.00,613.00,770.50,750.00,353.00,1180.00,1197.00,693.00,728.00
1,21,8,1450.00,1448.00,825.00,1532.00,922.00,613.00,770.50,750.00,353.00,1180.00,1197.00,693.00,728.00
1,21,9,1450.00,1448.00,825.00,1532.00,922.00,613.00,770.50,750.00,353.00,1180.00,1197.00,693.00,728.00
1,21,10,1450.00,1448.00,825.00,1532.00,922.00,613.00,770.50,750.00,353.00,1180.00,1197.00,693.00,728.00
1,21,11,1450.00,1448.00,825.00,1532.00,922.00,613.00,770.50,750.00,353.00,1180.00,1197.00,693.00,728.00
1,21,12,1450.00,1448.00,825.00,1532.00,922.00,613.00,770.50,750.00,353.00,1180.00,1197.00,693.00,728.00
1,21,13,1450.00,1448.00,825.00,1532.00,922.00,613.00,770.50,750.00,353.00,1180.00,1197.00,693.00,728.00
1,21,14,1450.00,1448.00,825.00,1532.00,922.00,613.00,770.50,750.00,353.00,1180.00,1197.00,693.00,728.00
1,21,15,1450.00,1448.00,825.00,1532.00,922.00,613.00,770.50,750.00,353.00,1180.00,1197.00,693.00,728.00
1,21,16,1450.00,1448.00,825.00,1532.00,922.00,613.00,770.50,750.00,353.00,1180.00,1197.00,693.00,728.00
1,21,17,1450.00,1448.00,825.00,1532.00,922.00,613.00,770.50,750.00,353.00,1180.00,1197.00,693.00,728.00
1,21,18,1450.00,1448.00,825.00,1532.00,922.00,613.00,770.50,750.00,353.00,1180.00,1197.00,693.00,728.00
1,21,19,1450.00,1448.00,825.00,1532.00,922.00,613.00,770.50,750.00,353.00,1180.00,1197.00,693.00,728.00
1,21,20,1450.00,1448.00,825.00,1532.00,922.00,613.00,770.50,750.00,353.00,1180.00,1197.00,693.00,728.00
1,21,21,1450.00,1448.00,825.00,1532.00,922.00,613.00,770.50,750.00,353.00,1180.00,1197.00,693.00,728.00
1,21,22,1450.00,1448.00,825.00,1532.00,922.00,613.00,770.50,750.00,353.00,1180.00,1197.00,693.00,728.00
1,21,23,1450.00,1448.00,825.00,1532.00,922.00,613.00,770.50,750.00,353.00,1180.00,1197.00,693.00,728.00
1,21,24,1450.00,1448.00,825.00,1532.00,922.00,613.00,770.50,750.00,353.00,1180.00,1197.00,693.00,728.00
1,22,1,1450.00,1448.00,825.00,1532.00,922.00,613.00,770.50,750.00,353.00,1180.00,1197.00,693.00,728.00
1,22,2,1450.00,1448.00,825.00,1532.00,922.00,613.00,770.50,750.00,353.00,1180.00,1197.00,693.00,728.00
1,22,3,1450.00,1448.00,825.00,1532.00,922.00,613.00,770.50,750.00,353.00,1180.00,1197.00,693.00,728.00
1,22,4,1450.00,1448.00,825.00,1532.00,922.00,613.00,770.50,750.00,353.00,1180.00,1197.00,693.00,728.00
1,22,5,1450.00,1448.00,825.00,1532.00,922.00,613.00,770.50,750.00,353.00,1180.00,1197.00,693.00,728.00
1,22,6,1450.00,1448.00,825.00,1532.00,922.00,613.00,770.50,750.00,353.00,1180.00,1197.00,693.00,728.00
1,22,7,1450.00,1448.00,825.00,1532.00,922.00,613.00,770.50,750.00,353.00,1180.00,1197.00,693.00,728.00
1,22,8,1450.00,1448.00,825.00,1532.00,922.00,613.00,770.50,750.00,353.00,1180.00,1197.00,693.00,728.00
1,22,9,1450.00,1448.00,825.00,1532.00,922.00,613.00,770.50,750.00,353.00,1180.00,1197.00,693.00,728.00
1,22,10,1450.00,1448.00,825.00,1532.00,922.00,613.00,770.50,750.00,353.00,1180.00,1197.00,693.00,728.00
1,22,11,1450.00,1448.00,825.00,1532.00,922.00,613.00,770.50,750.00,353.00,1180.00,1197.00,693.00,728.00
1,22,12,1450.00,1448.00,825.00,1532.00,922.00,613.00,770.50,750.00,353.00,1180.00,1197.00,693.00,728.00
1,22,13,1450.00,1448.00,825.00,1532.00,922.00,613.00,770.50,750.00,353.00,1180.00,1197.00,693.00,728.00
1,22,14,1450.00,1448.00,825.00,1532.00,922.00,613.00,770.50,750.00,353.00,1180.00,1197.00,693.00,728.00
1,22,15,1450.00,1448.00,825.00,1532.00,922.00,613.00,770.50,750.00,353.00,1180.00,1197.00,693.00,728.00
1,22,16,1450.00,1448.00,825.00,1532.00,922.00,613.00,770.50,750.00,353.00,1180.00,1197.00,693.00,728.00
1,22,17,1450.00,1448.00,825.00,1532.00,922.00,613.00,770.50,750.00,353.00,1180.00,1197.00,693.00,728.00
1,22,18,1450.00,1448.00,825.00,1532.00,922.00,613.00,770.50,750.00,353.00,1180.00,1197.00,693.00,728.00
1,22,19,1450.00,1448.00,825.00,1532.00,922.00,613.00,770.50,750.00,353.00,1180.00,1197.00,693.00,728.00
1,22,20,1450.00,1448.00,825.00,1532.00,922.00,613.00,770.50,750.00,353.00,1180.00,1197.00,693.00,728.00
1,22,21,1450.00,1448.00,825.00,1532.00,922.00,613.00,770.50,750.00,353.00,1180.00,1197.00,693.00,728.00
1,22,22,1450.00,1448.00,825.00,1532.00,922.00,613.00,770.50,750.00,353.00,1180.00,1197.00,693.00,728.00
1,22,23,1450.00,1448.00,825.00,1532.00,922.00,613.00,770.50,750.00,353.00,1180.00,1197.00,693.00,728.00
1,22,24,1450.00,1448.00,825.00,1532.00,922.00,613.00,770.50,750.00,353.00,1180.00,1197.00,693.00,728.00
1,23,1,1450.00,1448.00,825.00,1532.00,922.00,613.00,770.50,750.00,353.00,1180.00,1197.00,693.00,728.00
1,23,2,1450.00,1448.00,825.00,1532.00,922.00,613.00,770.50,750.00,353.00,1180.00,1197.00,693.00,728.00
1,23,3,1450.00,1448.00,825.00,1532.00,922.00,613.00,770.50,750.00,353.00,1180.00,1197.00,693.00,728.00
1,23,4,1450.00,1448.00,825.00,1532.00,922.00,613.00,770.50,750.00,353.00,1180.00,1197.00,693.00,728.00
1,23,5,1450.00,1448.00,825.00,1532.00,922.00,613.00,770.50,750.00,353.00,1180.00,1197.00,693.00,728.00
1,23,6,1450.00,1448.00,825.00,1532.00,922.00,613.00,770.50,750.00,353.00,1180.00,1197.00,693.00,728.00
1,23,7,1450.00,1448.00,825.00,1532.00,922.00,613.00,770.50,750.00,353.00,1180.00,1197.00,693.00,728.00
1,23,8,1450.00,1448.00,825.00,1532.00,922.00,613.00,770.50,750.00,353.00,1180.00,1197.00,693.00,728.00
1,23,9,1450.00,1448.00,825.00,1532.00,922.00,613.00,770.50,750.00,353.00,1180.00,1197.00,693.00,728.00
1,23,10,1450.00,1448.00,825.00,1532.00,922.00,613.00,770.50,750.00,353.00,1180.00,1197.00,693.00,728.00
1,23,11,1450.00,1448.00,825.00,1532.00,922.00,613.00,770.50,750.00,353.00,1180.00,1197.00,693.00,728.00
1,23,12,1450.00,1448.00,825.00,1532.00,922.00,613.00,770.50,750.00,353.00,1180.00,1197.00,693.00,728.00
1,23,13,1450.00,1448.00,825.00,1532.00,922.00,613.00,770.50,750.00,353.00,1180.00,1197.00,693.00,728.00
1,23,14,1450.00,1448.00,825.00,1532.00,922.00,613.00,770.50,750.00,353.00,1180.00,1197.00,693.00,728.00
1,23,15,1450.00,1448.00,825.00,1532.00,922.00,613.00,770.50,750.00,353.00,1180.00,1197.00,693.00,728.00
1,23,16,1450.00,1448.00,825.00,1532.00,922.00,613.00,770.50,750.00,353.00,1180.00,1197.00,693.00,728.00
1,23,17,1450.00,1448.00,825.00,1532.00,922.00,613.00,770.50,750.00,353.00,1180.00,1197.00,693.00,728.00
1,23,18,1450.00,1448.00,825.00,1532.00,922.00,613.00,770.50,750.00,353.00,1180.00,1197.00,693.00,728.00
1,23,19,1450.00,1448.00,825.00,1532.00,922.00,613.00,770.50,750.00,353.00,1180.00,1197.00,693.00,728.00
1,23,20,1450.00,1448.00,825.00,1532.00,922.00,613.00,770.50,750.00,353.00,1180.00,1197.00,693.00,728.00
1,23,21,1450.00,1448.00,825.00,1532.00,922.00,613.00,770.50,750.00,353.00,1180.00,1197.00,693.00,728.00
1,23,22,1450.00,1448.00,825.00,1532.00,922.00,613.00,770.50,750.00,353.00,1180.00,1197.00,693.00,728.00
1,23,23,1450.00,1448.00,825.00,1532.00,922.00,613.00,770.50,750.00,353.00,1180.00,1197.00,693.00,728.00
1,23,24,1450.00,1448.00,825.00,1532.00,922.00,613.00,770.50,750.00,353.00,1180.00,1197.00,693.00,728.00
1,24,1,1450.00,1448.00,825.00,1532.00,922.00,613.00,770.50,750.00,353.00,1180.00,1197.00,693.00,728.00
1,24,2,1450.00,1448.00,825.00,1532.00,922.00,613.00,770.50,750.00,353.00,1180.00,1197.00,693.00,728.00
1,24,3,1450.00,1448.00,825.00,1532.00,922.00,613.00,770.50,750.00,353.00,1180.00,1197.00,693.00,728.00
1,24,4,1450.00,1448.00,825.00,1532.00,922.00,613.00,770.50,750.00,353.00,1180.00,1197.00,693.00,728.00
1,24,5,1450.00,1448.00,825.00,1532.00,922.00,613.00,770.50,750.00,353.00,1180.00,1197.00,693.00,728.00
1,24,6,1450.00,1448.00,825.00,1532.00,922.00,613.00,770.50,750.00,353.00,1180.00,1197.00,693.00,728.00
1,24,7,1450.00,1448.00,825.00,1532.00,922.00,613.00,770.50,750.00,353.00,1180.00,1197.00,693.00,728.00
1,24,8,1450.00,1448.00,825.00,1532.00,922.00,613.00,770.50,750.00,353.00,1180.00,1197.00,693.00,728.00
1,24,9,1450.00,1448.00,825.00,1532.00,922.00,613.00,770.50,750.00,353.00,1180.00,1197.00,693.00,728.00
1,24,10,1450.00,1448.00,825.00,1532.00,922.00,613.00,770.50,750.00,353.00,1180.00,1197.00,693.00,728.00
1,24,11,1450.00,1448.00,825.00,1532.00,922.00,613.00,770.50,750.00,353.00,1180.00,1197.00,693.00,728.00
1,24,12,1450.00,1448.00,825.00,1532.00,922.00,613.00,770.50,750.00,353.00,1180.00,1197.00,693.00,728.00
1,24,13,1450.00,1448.00,825.00,1532.00,922.00,613.00,770.50,750.00,353.00,1180.00,1197.00,693.00,728.00
1,24,14,1450.00,1448.00,825.00,1532.00,922.00,613.00,770.50,750.00,353.00,1180.00,1197.00,693.00,728.00
1,24,15,1450.00,1448.00,825.00,1532.00,922.00,613.00,770.50,750.00,353.00,1180.00,1197.00,693.00,728.00
1,24,16,1450.00,1448.00,825.00,1532.00,922.00,613.00,770.50,750.00,353.00,1180.00,1197.00,693.00,728.00
1,24,17,1450.00,1448.00,825.00,1532.00,922.00,613.00,770.50,750.00,353.00,1180.00,1197.00,693.00,728.00
1,24,18,1450.00,1448.00,825.00,1532.00,922.00,613.00,770.50,750.00,353.00,1180.00,1197.00,693.00,728.00
1,24,19,1450.00,1448.00,825.00,1532.00,922.00,613.00,770.50,750.00,353.00,1180.00,1197.00,693.00,728.00
1,24,20,1450.00,1448.00,825.00,1532.00,922.00,613.00,770.50,750.00,353.00,1180.00,1197.00,693.00,728.00
1,24,21,1450.00,1448.00,825.00,1532.00,922.00,613.00,770.50,750.00,353.00,1180.00,1197.00,693.00,728.00
1,24,22,1450.00,1448.00,825.00,1532.00,922.00,613.00,770.50,750.00,353.00,1180.00,1197.00,693.00,728.00
1,24,23,1450.00,1448.00,825.00,1532.00,922.00,613.00,770.50,750.00,353.00,1180.00,1197.00,693.00,728.00
1,24,24,1450.00,1448.00,825.00,1532.00,922.00,613.00,770.50,750.00,353.00,1180.00,1197.00,693.00,728.00
1,25,1,1450.00,1448.00,825.00,1532.00,922.00,613.00,770.50,750.00,353.00,1180.00,1197.00,693.00,728.00
1,25,2,1450.00,1448.00,825.00,1532.00,922.00,613.00,770.50,750.00,353.00,1180.00,1197.00,693.00,728.00
1,25,3,1450.00,1448.00,825.00,1532.00,922.00,613.00,770.50,750.00,353.00,1180.00,1197.00,693.00,728.00
1,25,4,1450.00,1448.00,825.00,1532.00,922.00,613.00,770.50,750.00,353.00,1180.00,1197.00,693.00,728.00
1,25,5,1450.00,1448.00,825.00,1532.00,922.00,613.00,770.50,750.00,353.00,1180.00,1197.00,693.00,728.00
1,25,6,1450.00,1448.00,825.00,1532.00,922.00,613.00,770.50,750.00,353.00,1180.00,1197.00,693.00,728.00
1,25,7,1450.00,1448.00,825.00,1532.00,922.00,613.00,770.50,750.00,353.00,1180.00,1197.00,693.00,728.00
1,25,8,1450.00,1448.00,825.00,1532.00,922.00,613.00,770.50,750.00,353.00,1180.00,1197.00,693.00,728.00
1,25,9,1450.00,1448.00,825.00,1532.00,922.00,613.00,770.50,750.00,353.00,1180.00,1197.00,693.00,728.00
1,25,10,1450.00,1448.00,825.00,1532.00,922.00,613.00,770.50,750.00,353.00,1180.00,1197.00,693.00,728.00
1,25,11,1450.00,1448.00,825.00,1532.00,922.00,613.00,770.50,750.00,353.00,1180.00,1197.00,693.00,728.00
1,25,12,1450.00,1448.00,825.00,1532.00,922.00,613.00,770.50,750.00,353.00,1180.00,1197.00,693.00,728.00
1,25,13,1450.00,1448.00,825.00,1532.00,922.00,613.00,770.50,750.00,353.00,1180.00,1197.00,693.00,728.00
1,25,14,1450.00,1448.00,825.00,1532.00,922.00,613.00,770.50,750.00,353.00,1180.00,1197.00,693.00,728.00
1,25,15,1450.00,1448.00,825.00,1532.00,922.00,613.00,770.50,750.00,353.00,1180.00,1197.00,693.00,728.00
1,25,16,1450.00,1448.00,825.00,1532.00,922.00,613.00,770.50,750.00,353.00,1180.00,1197.00,693.00,728.00
1,25,17,1450.00,1448.00,825.00,1532.00,922.00,613.00,770.50,750.00,353.00,1180.00,1197.00,693.00,728.00
1,25,18,1450.00,1448.00,825.00,1532.00,922.00,613.00,770.50,750.00,353.00,1180.00,1197.00,693.00,728.00
1,25,19,1450.00,1448.00,825.00,1532.00,922.00,613.00,770.50,750.00,353.00,1180.00,1197.00,693.00,728.00
1,25,20,1450.00,1448.00,825.00,1532.00,922.00,613.00,770.50,750.00,353.00,1180.00,1197.00,693.00,728.00
1,25,21,1450.00,1448.00,825.00,1532.00,922.00,613.00,770.50,750.00,353.00,1180.00,1197.00,693.00,728.00
1,25,22,1450.00,1448.00,825.00,1532.00,922.00,613.00,770.50,750.00,353.00,1180.00,1197.00,693.00,728.00
1,25,23,1450.00,1448.00,825.00,1532.00,922.00,613.00,770.50,750.00,353.00,1180.00,1197.00,693.00,728.00
1,25,24,1450.00,1448.00,825.00,1532.00,922.00,613.00,770.50,750.00,353.00,1180.00,1197.00,693.00,728.00
1,26,1,1450.00,1448.00,825.00,1532.00,922.00,613.00,770.50,750.00,353.00,1180.00,1197.00,693.00,728.00
1,26,2,1450.00,1448.00,825.00,1532.00,922.00,613.00,770.50,750.00,353.00,1180.00,1197.00,693.00,728.00
1,26,3,1450.00,1448.00,825.00,1532.00,922.00,613.00,770.50,750.00,353.00,1180.00,1197.00,693.00,728.00
1,26,4,1450.00,1448.00,825.00,1532.00,922.00,613.00,770.50,750.00,353.00,1180.00,1197.00,693.00,728.00
1,26,5,1450.00,1448.00,825.00,1532.00,922.00,613.00,770.50,750.00,353.00,1180.00,1197.00,693.00,728.00
1,26,6,1450.00,1448.00,825.00,1532.00,922.00,613.00,770.50,750.00,353.00,1180.00,1197.00,693.00,728.00
1,26,7,1450.00,1448.00,825.00,1532.00,922.00,613.00,770.50,750.00,353.00,1180.00,1197.00,693.00,728.00
1,26,8,1450.00,1448.00,825.00,1532.00,922.00,613.00,770.50,750.00,353.00,1180.00,1197.00,693.00,728.00
1,26,9,1450.00,1448.00,825.00,1532.00,922.00,613.00,770.50,750.00,353.00,1180.00,1197.00,693.00,728.00
1,26,10,1450.00,1448.00,825.00,1532.00,922.00,613.00,770.50,750.00,353.00,1180.00,1197.00,693.00,728.00
1,26,11,1450.00,1448.00,825.00,1532.00,922.00,613.00,770.50,750.00,353.00,1180.00,1197.00,693.00,728.00
1,26,12,1450.00,1448.00,825.00,1532.00,922.00,613.00,770.50,750.00,353.00,1180.00,1197.00,693.00,728.00
1,26,13,1450.00,1448.00,825.00,1532.00,922.00,613.00,770.50,750.00,353.00,1180.00,1197.00,693.00,728.00
1,26,14,1450.00,1448.00,825.00,1532.00,922.00,613.00,770.50,750.00,353.00,1180.00,1197.00,693.00,728.00
1,26,15,1450.00,1448.00,825.00,1532.00,922.00,613.00,770.50,750.00,353.00,1180.00,1197.00,693.00,728.00
1,26,16,1450.00,1448.00,825.00,1532.00,922.00,613.00,770.50,750.00,353.00,1180.00,1197.00,693.00,728.00
1,26,17,1450.00,1448.00,825.00,1532.00,922.00,613.00,770.50,750.00,353.00,1180.00,1197.00,693.00,728.00
1,26,18,1450.00,1448.00,825.00,1532.00,922.00,613.00,770.50,750.00,353.00,1180.00,1197.00,693.00,728.00
1,26,19,1450.00,1448.00,825.00,1532.00,922.00,613.00,770.50,750.00,353.00,1180.00,1197.00,693.00,728.00
1,26,20,1450.00,1448.00,825.00,1532.00,922.00,613.00,770.50,750.00,353.00,1180.00,1197.00,693.00,728.00
1,26,21,1450.00,1448.00,825.00,1532.00,922.00,613.00,770.50,750.00,353.00,1180.00,1197.00,693.00,728.00
1,26,22,1450.00,1448.00,825.00,1532.00,922.00,613.00,770.50,750.00,353.00,1180.00,1197.00,693.00,728.00
1,26,23,1450.00,1448.00,825.00,1532.00,922.00,613.00,770.50,750.00,353.00,1180.00,1197.00,693.00,728.00
1,26,24,1450.00,1448.00,825.00,1532.00,922.00,613.00,770.50,750.00,353.00,1180.00,1197.00,693.00,728.00
1,27,1,1450.00,1448.00,825.00,1532.00,922.00,613.00,770.50,750.00,353.00,1180.00,1197.00,693.00,728.00
1,27,2,1450.00,1448.00,825.00,1532.00,922.00,613.00,770.50,750.00,353.00,1180.00,1197.00,693.00,728.00
1,27,3,1450.00,1448.00,825.00,1532.00,922.00,613.00,770.50,750.00,353.00,1180.00,1197.00,693.00,728.00
1,27,4,1450.00,1448.00,825.00,1532.00,922.00,613.00,770.50,750.00,353.00,1180.00,1197.00,693.00,728.00
1,27,5,1450.00,1448.00,825.00,1532.00,922.00,613.00,770.50,750.00,353.00,1180.00,1197.00,693.00,728.00
1,27,6,1450.00,1448.00,825.00,1532.00,922.00,613.00,770.50,750.00,353.00,1180.00,1197.00,693.00,728.00
1,27,7,1450.00,1448.00,825.00,1532.00,922.00,613.00,770.50,750.00,353.00,1180.00,1197.00,693.00,728.00
1,27,8,1450.00,1448.00,825.00,1532.00,922.00,613.00,770.50,750.00,353.00,1180.00,1197.00,693.00,728.00
1,27,9,1450.00,1448.00,825.00,1532.00,922.00,613.00,770.50,750.00,353.00,1180.00,1197.00,693.00,728.00
1,27,10,1450.00,1448.00,825.00,1532.00,922.00,613.00,770.50,750.00,353.00,1180.00,1197.00,693.00,728.00
1,27,11,1450.00,1448.00,825.00,1532.00,922.00,613.00,770.50,750.00,353.00,1180.00,1197.00,693.00,728.00
1,27,12,1450.00,1448.00,825.00,1532.00,922.00,613.00,770.50,750.00,353.00,1180.00,1197.00,693.00,728.00
1,27,13,1450.00,1448.00,825.00,1532.00,922.00,613.00,770.50,750.00,353.00,1180.00,1197.00,693.00,728.00
1,27,14,1450.00,1448.00,825.00,1532.00,922.00,613.00,770.50,750.00,353.00,1180.00,1197.00,693.00,728.00
1,27,15,1450.00,1448.00,825.00,1532.00,922.00,613.00,770.50,750.00,353.00,1180.00,1197.00,693.00,728.00
1,27,16,1450.00,1448.00,825.00,1532.00,922.00,613.00,770.50,750.00,353.00,1180.00,1197.00,693.00,728.00
1,27,17,1450.00,1448.00,825.00,1532.00,922.00,613.00,770.50,750.00,353.00,1180.00,1197.00,693.00,728.00
1,27,18,1450.00,1448.00,825.00,1532.00,922.00,613.00,770.50,750.00,353.00,1180.00,1197.00,693.00,728.00
1,27,19,1450.00,1448.00,825.00,1532.00,922.00,613.00,770.50,750.00,353.00,1180.00,1197.00,693.00,728.00
1,27,20,1450.00,1448.00,825.00,1532.00,922.00,613.00,770.50,750.00,353.00,1180.00,1197.00,693.00,728.00
1,27,21,1450.00,1448.00,825.00,1532.00,922.00,613.00,770.50,750.00,353.00,1180.00,1197.00,693.00,728.00
1,27,22,1450.00,1448.00,825.00,1532.00,922.00,613.00,770.50,750.00,353.00,1180.00,1197.00,693.00,728.00
1,27,23,1450.00,1448.00,825.00,1532.00,922.00,613.00,770.50,750.00,353.00,1180.00,1197.00,693.00,728.00
1,27,24,1450.00,1448.00,825.00,1532.00,922.00,613.00,770.50,750.00,353.00,1180.00,1197.00,693.00,728.00
1,28,1,1450.00,1448.00,825.00,1532.00,922.00,613.00,770.50,750.00,353.00,1180.00,1197.00,693.00,728.00
1,28,2,1450.00,1448.00,825.00,1532.00,922.00,613.00,770.50,750.00,353.00,1180.00,1197.00,693.00,728.00
1,28,3,1450.00,1448.00,825.00,1532.00,922.00,613.00,770.50,750.00,353.00,1180.00,1197.00,693.00,728.00
1,28,4,1450.00,1448.00,825.00,1532.00,922.00,613.00,770.50,750.00,353.00,1180.00,1197.00,693.00,728.00
1,28,5,1450.00,1448.00,825.00,1532.00,922.00,613.00,770.50,750.00,353.00,1180.00,1197.00,693.00,728.00
1,28,6,1450.00,1448.00,825.00,1532.00,922.00,613.00,770.50,750.00,353.00,1180.00,1197.00,693.00,728.00
1,28,7,1450.00,1448.00,825.00,1532.00,922.00,613.00,770.50,750.00,353.00,1180.00,1197.00,693.00,728.00
1,28,8,1450.00,1448.00,825.00,1532.00,922.00,613.00,770.50,750.00,353.00,1180.00,1197.00,693.00,728.00
1,28,9,1450.00,1448.00,825.00,1532.00,922.00,613.00,770.50,750.00,353.00,1180.00,1197.00,693.00,728.00
1,28,10,1450.00,1448.00,825.00,1532.00,922.00,613.00,770.50,750.00,353.00,1180.00,1197.00,693.00,728.00
1,28,11,1450.00,1448.00,825.00,1532.00,922.00,613.00,770.50,750.00,353.00,1180.00,1197.00,693.00,728.00
1,28,12,1450.00,1448.00,825.00,1532.00,922.00,613.00,770.50,750.00,353.00,1180.00,1197.00,693.00,728.00
1,28,13,1450.00,1448.00,825.00,1532.00,922.00,613.00,770.50,750.00,353.00,1180.00,1197.00,693.00,728.00
1,28,14,1450.00,1448.00,825.00,1532.00,922.00,613.00,770.50,750.00,353.00,1180.00,1197.00,693.00,728.00
1,28,15,1450.00,1448.00,825.00,1532.00,922.00,613.00,770.50,750.00,353.00,1180.00,1197.00,693.00,728.00
1,28,16,1450.00,1448.00,825.00,1532.00,922.00,613.00,770.50,750.00,353.00,1180.00,1197.00,693.00,728.00
1,28,17,1450.00,1448.00,825.00,1532.00,922.00,613.00,770.50,750.00,353.00,1180.00,1197.00,693.00,728.00
1,28,18,1450.00,1448.00,825.00,1532.00,922.00,613.00,770.50,750.00,353.00,1180.00,1197.00,693.00,728.00
1,28,19,1450.00,1448.00,825.00,1532.00,922.00,613.00,770.50,750.00,353.00,1180.00,1197.00,693.00,728.00
1,28,20,1450.00,1448.00,825.00,1532.00,922.00,613.00,770.50,750.00,353.00,1180.00,1197.00,693.00,728.00
1,28,21,1450.00,1448.00,825.00,1532.00,922.00,613.00,770.50,750.00,353.00,1180.00,1197.00,693.00,728.00
1,28,22,1450.00,1448.00,825.00,1532.00,922.00,613.00,770.50,750.00,353.00,1180.00,1197.00,693.00,728.00
1,28,23,1450.00,1448.00,825.00,1532.00,922.00,613.00,770.50,750.00,353.00,1180.00,1197.00,693.00,728.00
1,28,24,1450.00,1448.00,825.00,1532.00,922.00,613.00,770.50,750.00,353.00,1180.00,1197.00,693.00,728.00
1,29,1,1450.00,1448.00,825.00,1532.00,922.00,613.00,770.50,750.00,353.00,1180.00,1197.00,693.00,728.00
1,29,2,1450.00,1448.00,825.00,1532.00,922.00,613.00,770.50,750.00,353.00,1180.00,1197.00,693.00,728.00
1,29,3,1450.00,1448.00,825.00,1532.00,922.00,613.00,770.50,750.00,353.00,1180.00,1197.00,693.00,728.00
1,29,4,1450.00,1448.00,825.00,1532.00,922.00,613.00,770.50,750.00,353.00,1180.00,1197.00,693.00,728.00
1,29,5,1450.00,1448.00,825.00,1532.00,922.00,613.00,770.50,750.00,353.00,1180.00,1197.00,693.00,728.00
1,29,6,1450.00,1448.00,825.00,1532.00,922.00,613.00,770.50,750.00,353.00,1180.00,1197.00,693.00,728.00
1,29,7,1450.00,1448.00,825.00,1532.00,922.00,613.00,770.50,750.00,353.00,1180.00,1197.00,693.00,728.00
1,29,8,1450.00,1448.00,825.00,1532.00,922.00,613.00,770.50,750.00,353.00,1180.00,1197.00,693.00,728.00
1,29,9,1450.00,1448.00,825.00,1532.00,922.00,613.00,770.50,750.00,353.00,1180.00,1197.00,693.00,728.00
1,29,10,1450.00,1448.00,825.00,1532.00,922.00,613.00,770.50,750.00,353.00,1180.00,1197.00,693.00,728.00
1,29,11,1450.00,1448.00,825.00,1532.00,922.00,613.00,770.50,750.00,353.00,1180.00,1197.00,693.00,728.00
1,29,12,1450.00,1448.00,825.00,1532.00,922.00,613.00,770.50,750.00,353.00,1180.00,1197.00,693.00,728.00
1,29,13,1450.00,1448.00,825.00,1532.00,922.00,613.00,770.50,750.00,353.00,1180.00,1197.00,693.00,728.00
1,29,14,1450.00,1448.00,825.00,1532.00,922.00,613.00,770.50,750.00,353.00,1180.00,1197.00,693.00,728.00
1,29,15,1450.00,1448.00,825.00,1532.00,922.00,613.00,770.50,750.00,353.00,1180.00,1197.00,693.00,728.00
1,29,16,1450.00,1448.00,825.00,1532.00,922.00,613.00,770.50,750.00,353.00,1180.00,1197.00,693.00,728.00
1,29,17,1450.00,1448.00,825.00,1532.00,922.00,613.00,770.50,750.00,353.00,1180.00,1197.00,693.00,728.00
1,29,18,1450.00,1448.00,825.00,1532.00,922.00,613.00,770.50,750.00,353.00,1180.00,1197.00,693.00,728.00
1,29,19,1450.00,1448.00,825.00,1532.00,922.00,613.00,770.50,750.00,353.00,1180.00,1197.00,693.00,728.00
1,29,20,1450.00,1448.00,825.00,1532.00,922.00,613.00,770.50,750.00,353.00,1180.00,1197.00,693.00,728.00
1,29,21,1450.00,1448.00,825.00,1532.00,922.00,613.00,770.50,750.00,353.00,1180.00,1197.00,693.00,728.00
1,29,22,1450.00,1448.00,825.00,1532.00,922.00,613.00,770.50,750.00,353.00,1180.00,1197.00,693.00,728.00
1,29,23,1450.00,1448.00,825.00,1532.00,922.00,613.00,770.50,750.00,353.00,1180.00,1197.00,693.00,728.00
1,29,24,1450.00,1448.00,825.00,1532.00,922.00,613.00,770.50,750.00,353.00,1180.00,1197.00,693.00,728.00
1,30,1,1450.00,1448.00,825.00,1532.00,922.00,613.00,770.50,750.00,353.00,1180.00,1197.00,693.00,728.00
1,30,2,1450.00,1448.00,825.00,1532.00,922.00,613.00,770.50,750.00,353.00,1180.00,1197.00,693.00,728.00
1,30,3,1450.00,1448.00,825.00,1532.00,922.00,613.00,770.50,750.00,353.00,1180.00,1197.00,693.00,728.00
1,30,4,1450.00,1448.00,825.00,1532.00,922.00,613.00,770.50,750.00,353.00,1180.00,1197.00,693.00,728.00
1,30,5,1450.00,1448.00,825.00,1532.00,922.00,613.00,770.50,750.00,353.00,1180.00,1197.00,693.00,728.00
1,30,6,1450.00,1448.00,825.00,1532.00,922.00,613.00,770.50,750.00,353.00,1180.00,1197.00,693.00,728.00
1,30,7,1450.00,1448.00,825.00,1532.00,922.00,613.00,770.50,750.00,353.00,1180.00,1197.00,693.00,728.00
1,30,8,1450.00,1448.00,825.00,1532.00,922.00,613.00,770.50,750.00,353.00,1180.00,1197.00,693.00,728.00
1,30,9,1450.00,1448.00,825.00,1532.00,922.00,613.00,770.50,750.00,353.00,1180.00,1197.00,693.00,728.00
1,30,10,1450.00,1448.00,825.00,1532.00,922.00,613.00,770.50,750.00,353.00,1180.00,1197.00,693.00,728.00
1,30,11,1450.00,1448.00,825.00,1532.00,922.00,613.00,770.50,750.00,353.00,1180.00,1197.00,693.00,728.00
1,30,12,1450.00,1448.00,825.00,1532.00,922.00,613.00,770.50,750.00,353.00,1180.00,1197.00,693.00,728.00
1,30,13,1450.00,1448.00,825.00,1532.00,922.00,613.00,770.50,750.00,353.00,1180.00,1197.00,693.00,728.00
1,30,14,1450.00,1448.00,825.00,1532.00,922.00,613.00,770.50,750.00,353.00,1180.00,1197.00,693.00,728.00
1,30,15,1450.00,1448.00,825.00,1532.00,922.00,613.00,770.50,750.00,353.00,1180.00,1197.00,693.00,728.00
1,30,16,1450.00,1448.00,825.00,1532.00,922.00,613.00,770.50,750.00,353.00,1180.00,1197.00,693.00,728.00
1,30,17,1450.00,1448.00,825.00,1532.00,922.00,613.00,770.50,750.00,353.00,1180.00,1197.00,693.00,728.00
1,30,18,1450.00,1448.00,825.00,1532.00,922.00,613.00,770.50,750.00,353.00,1180.00,1197.00,693.00,728.00
1,30,19,1450.00,1448.00,825.00,1532.00,922.00,613.00,770.50,750.00,353.00,1180.00,1197.00,693.00,728.00
1,30,20,1450.00,1448.00,825.00,1532.00,922.00,613.00,770.50,750.00,353.00,1180.00,1197.00,693.00,728.00
1,30,21,1450.00,1448.00,825.00,1532.00,922.00,613.00,770.50,750.00,353.00,1180.00,1197.00,693.00,728.00
1,30,22,1450.00,1448.00,825.00,1532.00,922.00,613.00,770.50,750.00,353.00,1180.00,1197.00,693.00,728.00
1,30,23,1450.00,1448.00,825.00,1532.00,922.00,613.00,770.50,750.00,353.00,1180.00,1197.00,693.00,728.00
1,30,24,1450.00,1448.00,825.00,1532.00,922.00,613.00,770.50,750.00,353.00,1180.00,1197.00,693.00,728.00
1,31,1,1450.00,1448.00,825.00,1532.00,922.00,613.00,770.50,750.00,353.00,1180.00,1197.00,693.00,728.00
1,31,2,1450.00,1448.00,825.00,1532.00,922.00,613.00,770.50,750.00,353.00,1180.00,1197.00,693.00,728.00
1,31,3,1450.00,1448.00,825.00,1532.00,922.00,613.00,770.50,750.00,353.00,1180.00,1197.00,693.00,728.00
1,31,4,1450.00,1448.00,825.00,1532.00,922.00,613.00,770.50,750.00,353.00,1180.00,1197.00,693.00,728.00
1,31,5,1450.00,1448.00,825.00,1532.00,922.00,613.00,770.50,750.00,353.00,1180.00,1197.00,693.00,728.00
1,31,6,1450.00,1448.00,825.00,1532.00,922.00,613.00,770.50,750.00,353.00,1180.00,1197.00,693.00,728.00
1,31,7,1450.00,1448.00,825.00,1532.00,922.00,613.00,770.50,750.00,353.00,1180.00,1197.00,693.00,728.00
1,31,8,1450.00,1448.00,825.00,1532.00,922.00,613.00,770.50,750.00,353.00,1180.00,1197.00,693.00,728.00
1,31,9,1450.00,1448.00,825.00,1532.00,922.00,613.00,770.50,750.00,353.00,1180.00,1197.00,693.00,728.00
1,31,10,1450.00,1448.00,825.00,1532.00,922.00,613.00,770.50,750.00,353.00,1180.00,1197.00,693.00,728.00
1,31,11,1450.00,1448.00,825.00,1532.00,922.00,613.00,770.50,750.00,353.00,1180.00,1197.00,693.00,728.00
1,31,12,1450.00,1448.00,825.00,1532.00,922.00,613.00,770.50,750.00,353.00,1180.00,1197.00,693.00,728.00
1,31,13,1450.00,1448.00,825.00,1532.00,922.00,613.00,770.50,750.00,353.00,1180.00,1197.00,693.00,728.00
1,31,14,1450.00,1448.00,825.00,1532.00,922.00,613.00,770.50,750.00,353.00,1180.00,1197.00,693.00,728.00
1,31,15,1450.00,1448.00,825.00,1532.00,922.00,613.00,770.50,750.00,353.00,1180.00,1197.00,693.00,728.00
1,31,16,1450.00,1448.00,825.00,1532.00,922.00,613.00,770.50,750.00,353.00,1180.00,1197.00,693.00,728.00
1,31,17,1450.00,1448.00,825.00,1532.00,922.00,613.00,770.50,750.00,353.00,1180.00,1197.00,693.00,728.00
1,31,18,1450.00,1448.00,825.00,1532.00,922.00,613.00,770.50,750.00,353.00,1180.00,1197.00,693.00,728.00
1,31,19,1450.00,1448.00,825.00,1532.00,922.00,613.00,770.50,750.00,353.00,1180.00,1197.00,693.00,728.00
1,31,20,1450.00,1448.00,825.00,1532.00,922.00,613.00,770.50,750.00,353.00,1180.00,1197.00,693.00,728.00
1,31,21,1450.00,1448.00,825.00,1532.00,922.00,613.00,770.50,750.00,353.00,1180.00,1197.00,693.00,728.00
1,31,22,1450.00,1448.00,825.00,1532.00,922.00,613.00,770.50,750.00,353.00,1180.00,1197.00,693.00,728.00
1,31,23,1450.00,1448.00,825.00,1532.00,922.00,613.00,770.50,750.00,353.00,1180.00,1197.00,693.00,728.00
1,31,24,1450.00,1448.00,825.00,1532.00,922.00,613.00,770.50,750.00,353.00,1180.00,1197.00,693.00,728.00
2,1,1,1450.12,1448.09,825.10,1532.15,922.09,613.01,770.50,750.04,353.05,1180.37,1197.00,693.00,728.14
2,1,2,1450.23,1448.17,825.21,1532.31,922.17,613.02,770.50,750.07,353.10,1180.74,1197.00,693.00,728.28
2,1,3,1450.35,1448.26,825.31,1532.46,922.26,613.04,770.50,750.11,353.14,1181.11,1197.00,693.00,728.43
2,1,4,1450.47,1448.34,825.42,1532.62,922.35,613.05,770.50,750.15,353.19,1181.48,1197.00,693.00,728.57
2,1,5,1450.59,1448.43,825.52,1532.77,922.44,613.06,770.50,750.19,353.24,1181.85,1197.00,693.00,728.71
2,1,6,1450.70,1448.52,825.62,1532.93,922.52,613.07,770.50,750.22,353.29,1182.22,1197.00,693.00,728.85
2,1,7,1450.82,1448.60,825.73,1533.08,922.61,613.08,770.50,750.26,353.34,1182.59,1197.00,693.00,728.99
2,1,8,1450.94,1448.69,825.83,1533.24,922.70,613.09,770.50,750.30,353.38,1182.96,1197.00,693.00,729.14
2,1,9,1451.05,1448.78,825.94,1533.39,922.78,613.11,770.50,750.33,353.43,1183.33,1197.00,693.00,729.28
2,1,10,1451.17,1448.86,826.04,1533.55,922.87,613.12,770.50,750.37,353.48,1183.70,1197.00,693.00,729.42
2,1,11,1451.29,1448.95,826.15,1533.70,922.96,613.13,770.50,750.41,353.53,1184.07,1197.00,693.00,729.56
2,1,12,1451.41,1449.03,826.25,1533.86,923.05,613.14,770.50,750.45,353.57,1184.44,1197.00,693.00,729.70
2,1,13,1451.52,1449.12,826.35,1534.01,923.13,613.15,770.50,750.48,353.62,1184.81,1197.00,693.00,729.85
2,1,14,1451.64,1449.21,826.46,1534.17,923.22,613.16,770.50,750.52,353.67,1185.18,1197.00,693.00,729.99
2,1,15,1451.76,1449.29,826.56,1534.32,923.31,613.18,770.50,750.56,353.72,1185.55,1197.00,693.00,730.13
2,1,16,1451.87,1449.38,826.67,1534.48,923.39,613.19,770.50,750.59,353.77,1185.92,1197.00,693.00,730.27
2,1,17,1451.99,1449.47,826.77,1534.63,923.48,613.20,770.50,750.63,353.81,1186.29,1197.00,693.00,730.42
2,1,18,1452.11,1449.55,826.88,1534.79,923.57,613.21,770.50,750.67,353.86,1186.66,1197.00,693.00,730.56
2,1,19,1452.22,1449.64,826.98,1534.94,923.65,613.22,770.50,750.70,353.91,1187.03,1197.00,693.00,730.70
2,1,20,1452.34,1449.72,827.08,1535.10,923.74,613.23,770.50,750.74,353.96,1187.40,1197.00,693.00,730.84
2,1,21,1452.46,1449.81,827.19,1535.25,923.83,613.25,770.50,750.78,354.01,1187.77,1197.00,693.00,730.98
2,1,22,1452.58,1449.90,827.29,1535.41,923.92,613.26,770.50,750.82,354.05,1188.14,1197.00,693.00,731.13
2,1,23,1452.69,1449.98,827.40,1535.56,924.00,613.27,770.50,750.85,354.10,1188.51,1197.00,693.00,731.27
2,1,24,1452.81,1450.07,827.50,1535.72,924.09,613.28,770.50,750.89,354.15,1188.88,1197.00,693.00,731.41
2,2,1,1452.92,1450.16,827.60,1535.87,924.17,613.29,770.55,750.93,354.19,1189.17,1197.00,693.00,731.54
2,2,2,1453.04,1450.24,827.70,1536.01,924.26,613.30,770.59,750.96,354.23,1189.46,1197.00,693.00,731.67
2,2,3,1453.15,1450.33,827.80,1536.16,924.34,613.32,770.64,751.00,354.26,1189.76,1197.00,693.00,731.81
2,2,4,1453.27,1450.42,827.90,1536.31,924.42,613.33,770.68,751.03,354.30,1190.05,1197.00,693.00,731.94
2,2,5,1453.38,1450.50,828.00,1536.46,924.50,613.34,770.73,751.07,354.34,1190.34,1197.00,693.00,732.07
2,2,6,1453.49,1450.59,828.10,1536.60,924.59,613.35,770.77,751.10,354.38,1190.63,1197.00,693.00,732.20
2,2,7,1453.61,1450.68,828.20,1536.75,924.67,613.36,770.82,751.14,354.42,1190.92,1197.00,693.00,732.34
2,2,8,1453.72,1450.76,828.30,1536.90,924.75,613.37,770.87,751.17,354.46,1191.21,1197.00,693.00,732.47
2,2,9,1453.83,1450.85,828.40,1537.04,924.84,613.39,770.91,751.21,354.49,1191.51,1197.00,693.00,732.60
2,2,10,1453.95,1450.94,828.50,1537.19,924.92,613.40,770.96,751.24,354.53,1191.80,1197.00,693.00,732.73
2,2,11,1454.06,1451.02,828.60,1537.34,925.00,613.41,771.00,751.27,354.57,1192.09,1197.00,693.00,732.87
2,2,12,1454.18,1451.11,828.70,1537.48,925.09,613.42,771.05,751.31,354.61,1192.38,1197.00,693.00,733.00
2,2,13,1454.29,1451.20,828.81,1537.63,925.17,613.43,771.10,751.34,354.65,1192.67,1197.00,693.00,733.13
2,2,14,1454.40,1451.28,828.91,1537.78,925.25,613.44,771.14,751.38,354.69,1192.96,1197.00,693.00,733.27
2,2,15,1454.52,1451.37,829.01,1537.93,925.33,613.46,771.19,751.41,354.73,1193.26,1197.00,693.00,733.40
2,2,16,1454.63,1451.46,829.11,1538.07,925.42,613.47,771.23,751.45,354.76,1193.55,1197.00,693.00,733.53
2,2,17,1454.74,1451.54,829.21,1538.22,925.50,613.48,771.28,751.48,354.80,1193.84,1197.00,693.00,733.66
2,2,18,1454.86,1451.63,829.31,1538.37,925.58,613.49,771.32,751.52,354.84,1194.13,1197.00,693.00,733.80
2,2,19,1454.97,1451.72,829.41,1538.51,925.67,613.50,771.37,751.55,354.88,1194.42,1197.00,693.00,733.93
2,2,20,1455.09,1451.80,829.51,1538.66,925.75,613.51,771.42,751.59,354.92,1194.71,1197.00,693.00,734.06
2,2,21,1455.20,1451.89,829.61,1538.81,925.83,613.53,771.46,751.62,354.96,1195.01,1197.00,693.00,734.19
2,2,22,1455.31,1451.98,829.71,1538.96,925.91,613.54,771.51,751.66,354.99,1195.30,1197.00,693.00,734.33
2,2,23,1455.43,1452.06,829.81,1539.10,926.00,613.55,771.55,751.69,355.03,1195.59,1197.00,693.00,734.46
2,2,24,1455.54,1452.15,829.91,1539.25,926.08,613.56,771.60,751.73,355.07,1195.88,1197.00,693.00,734.59
2,3,1,1455.65,1452.24,830.01,1539.40,926.16,613.57,771.65,751.76,355.10,1196.17,1197.00,693.00,734.71
2,3,2,1455.76,1452.33,830.11,1539.54,926.25,613.58,771.70,751.80,355.14,1196.46,1197.00,693.00,734.84
2,3,3,1455.87,1452.41,830.20,1539.69,926.33,613.60,771.75,751.83,355.17,1196.75,1197.00,693.00,734.96
2,3,4,1455.98,1452.50,830.30,1539.84,926.41,613.61,771.80,751.86,355.20,1197.04,1197.00,693.00,735.09
2,3,5,1456.09,1452.59,830.40,1539.98,926.49,613.62,771.85,751.90,355.23,1197.33,1197.00,693.00,735.21
2,3,6,1456.21,1452.68,830.50,1540.13,926.58,613.63,771.90,751.93,355.27,1197.61,1197.00,693.00,735.34
2,3,7,1456.32,1452.77,830.60,1540.28,926.66,613.64,771.95,751.96,355.30,1197.90,1197.00,693.00,735.46
2,3,8,1456.43,1452.85,830.69,1540.42,926.74,613.65,772.00,752.00,355.33,1198.19,1197.00,693.00,735.59
2,3,9,1456.54,1452.94,830.79,1540.57,926.83,613.67,772.05,752.03,355.36,1198.48,1197.00,693.00,735.71
2,3,10,1456.65,1453.03,830.89,1540.72,926.91,613.68,772.10,752.06,355.40,1198.77,1197.00,693.00,735.84
2,3,11,1456.76,1453.12,830.99,1540.86,926.99,613.69,772.15,752.10,355.43,1199.06,1197.00,693.00,735.96
2,3,12,1456.87,1453.21,831.08,1541.01,927.08,613.70,772.20,752.13,355.46,1199.35,1197.00,693.00,736.09
2,3,13,1456.98,1453.29,831.18,1541.16,927.16,613.71,772.26,752.16,355.49,1199.64,1197.00,693.00,736.21
2,3,14,1457.09,1453.38,831.28,1541.30,927.24,613.72,772.31,752.20,355.53,1199.93,1197.00,693.00,736.33
2,3,15,1457.20,1453.47,831.38,1541.45,927.32,613.74,772.36,752.23,355.56,1200.22,1197.00,693.00,736.46
2,3,16,1457.31,1453.56,831.48,1541.60,927.41,613.75,772.41,752.26,355.59,1200.51,1197.00,693.00,736.58
2,3,17,1457.42,1453.64,831.57,1541.74,927.49,613.76,772.46,752.30,355.62,1200.80,1197.00,693.00,736.71
2,3,18,1457.53,1453.73,831.67,1541.89,927.57,613.77,772.51,752.33,355.66,1201.08,1197.00,693.00,736.83
2,3,19,1457.65,1453.82,831.77,1542.04,927.66,613.78,772.56,752.36,355.69,1201.37,1197.00,693.00,736.96
2,3,20,1457.76,1453.91,831.87,1542.18,927.74,613.79,772.61,752.40,355.72,1201.66,1197.00,693.00,737.08
2,3,21,1457.87,1454.00,831.97,1542.33,927.82,613.81,772.66,752.43,355.75,1201.95,1197.00,693.00,737.21
2,3,22,1457.98,1454.08,832.06,1542.48,927.90,613.82,772.71,752.46,355.79,1202.24,1197.00,693.00,737.33
2,3,23,1458.09,1454.17,832.16,1542.62,927.99,613.83,772.76,752.50,355.82,1202.53,1197.00,693.00,737.46
2,3,24,1458.20,1454.26,832.26,1542.77,928.07,613.84,772.81,752.53,355.85,1202.82,1197.00,693.00,737.58
2,4,1,1458.31,1454.35,832.36,1542.91,928.15,613.85,772.85,752.56,355.88,1203.09,1197.00,693.00,737.70
2,4,2,1458.42,1454.43,832.45,1543.05,928.23,613.86,772.90,752.59,355.91,1203.36,1197.00,693.00,737.82
2,4,3,1458.53,1454.52,832.55,1543.18,928.31,613.87,772.94,752.63,355.94,1203.62,1197.00,693.00,737.93
2,4,4,1458.63,1454.61,832.64,1543.32,928.39,613.89,772.98,752.66,355.97,1203.89,1197.00,693.00,738.05
2,4,5,1458.74,1454.70,832.74,1543.46,928.47,613.90,773.02,752.69,355.99,1204.16,1197.00,693.00,738.17
2,4,6,1458.85,1454.78,832.84,1543.60,928.56,613.91,773.07,752.72,356.02,1204.43,1197.00,693.00,738.29
2,4,7,1458.96,1454.87,832.93,1543.74,928.64,613.92,773.11,752.75,356.05,1204.70,1197.00,693.00,738.41
2,4,8,1459.07,1454.96,833.03,1543.87,928.72,613.93,773.15,752.79,356.08,1204.97,1197.00,693.00,738.52
2,4,9,1459.18,1455.04,833.12,1544.01,928.80,613.94,773.20,752.82,356.11,1205.23,1197.00,693.00,738.64
2,4,10,1459.29,1455.13,833.22,1544.15,928.88,613.95,773.24,752.85,356.14,1205.50,1197.00,693.00,738.76
2,4,11,1459.40,1455.22,833.31,1544.29,928.96,613.96,773.28,752.88,356.17,1205.77,1197.00,693.00,738.88
2,4,12,1459.51,1455.30,833.41,1544.42,929.04,613.98,773.33,752.92,356.20,1206.04,1197.00,693.00,738.99
2,4,13,1459.61,1455.39,833.51,1544.56,929.12,613.99,773.37,752.95,356.22,1206.31,1197.00,693.00,739.11
2,4,14,1459.72,1455.48,833.60,1544.70,929.20,614.00,773.41,752.98,356.25,1206.58,1197.00,693.00,739.23
2,4,15,1459.83,1455.57,833.70,1544.84,929.28,614.01,773.45,753.01,356.28,1206.84,1197.00,693.00,739.35
2,4,16,1459.94,1455.65,833.79,1544.98,929.36,614.02,773.50,753.04,356.31,1207.11,1197.00,693.00,739.47
2,4,17,1460.05,1455.74,833.89,1545.11,929.44,614.03,773.54,753.08,356.34,1207.38,1197.00,693.00,739.58
2,4,18,1460.16,1455.83,833.99,1545.25,929.53,614.04,773.58,753.11,356.37,1207.65,1197.00,693.00,739.70
2,4,19,1460.27,1455.91,834.08,1545.39,929.61,614.05,773.63,753.14,356.40,1207.92,1197.00,693.00,739.82
2,4,20,1460.38,1456.00,834.18,1545.53,929.69,614.06,773.67,753.17,356.43,1208.19,1197.00,693.00,739.94
2,4,21,1460.48,1456.09,834.27,1545.67,929.77,614.08,773.71,753.20,356.45,1208.46,1197.00,693.00,740.06
2,4,22,1460.59,1456.18,834.37,1545.80,929.85,614.09,773.75,753.24,356.48,1208.72,1197.00,693.00,740.17
2,4,23,1460.70,1456.26,834.46,1545.94,929.93,614.10,773.80,753.27,356.51,1208.99,1197.00,693.00,740.29
2,4,24,1460.81,1456.35,834.56,1546.08,930.01,614.11,773.84,753.30,356.54,1209.26,1197.00,693.00,740.41
2,5,1,1460.92,1456.44,834.65,1546.22,930.09,614.12,773.89,753.33,356.57,1209.50,1197.00,693.00,740.52
2,5,2,1461.02,1456.52,834.75,1546.37,930.17,614.13,773.94,753.36,356.59,1209.75,1197.00,693.00,740.64
2,5,3,1461.13,1456.61,834.84,1546.51,930.25,614.14,773.99,753.39,356.62,1209.99,1197.00,693.00,740.75
2,5,4,1461.24,1456.70,834.93,1546.65,930.34,614.16,774.04,753.42,356.64,1210.24,1197.00,693.00,740.86
2,5,5,1461.34,1456.78,835.03,1546.79,930.42,614.17,774.08,753.45,356.67,1210.48,1197.00,693.00,740.98
2,5,6,1461.45,1456.87,835.12,1546.94,930.50,614.18,774.13,753.48,356.70,1210.73,1197.00,693.00,741.09
2,5,7,1461.56,1456.96,835.22,1547.08,930.58,614.19,774.18,753.51,356.72,1210.97,1197.00,693.00,741.21
2,5,8,1461.66,1457.04,835.31,1547.22,930.66,614.20,774.23,753.54,356.75,1211.22,1197.00,693.00,741.32
2,5,9,1461.77,1457.13,835.40,1547.37,930.74,614.21,774.28,753.57,356.77,1211.46,1197.00,693.00,741.43
2,5,10,1461.88,1457.22,835.50,1547.51,930.82,614.23,774.33,753.60,356.80,1211.71,1197.00,693.00,741.55
2,5,11,1461.98,1457.30,835.59,1547.65,930.90,614.24,774.38,753.63,356.82,1211.95,1197.00,693.00,741.66
2,5,12,1462.09,1457.39,835.68,1547.79,930.99,614.25,774.43,753.67,356.85,1212.20,1197.00,693.00,741.77
2,5,13,1462.20,1457.48,835.78,1547.94,931.07,614.26,774.47,753.70,356.88,1212.44,1197.00,693.00,741.89
2,5,14,1462.30,1457.56,835.87,1548.08,931.15,614.27,774.52,753.73,356.90,1212.68,1197.00,693.00,742.00
2,5,15,1462.41,1457.65,835.97,1548.22,931.23,614.29,774.57,753.76,356.93,1212.93,1197.00,693.00,742.12
2,5,16,1462.52,1457.74,836.06,1548.37,931.31,614.30,774.62,753.79,356.95,1213.17,1197.00,693.00,742.23
2,5,17,1462.62,1457.82,836.15,1548.51,931.39,614.31,774.67,753.82,356.98,1213.42,1197.00,693.00,742.34
2,5,18,1462.73,1457.91,836.25,1548.65,931.47,614.32,774.72,753.85,357.01,1213.66,1197.00,693.00,742.46
2,5,19,1462.84,1458.00,836.34,1548.80,931.55,614.33,774.77,753.88,357.03,1213.91,1197.00,693.00,742.57
2,5,20,1462.94,1458.08,836.43,1548.94,931.64,614.34,774.82,753.91,357.06,1214.15,1197.00,693.00,742.69
2,5,21,1463.05,1458.17,836.53,1549.08,931.72,614.36,774.86,753.94,357.08,1214.40,1197.00,693.00,742.80
2,5,22,1463.16,1458.26,836.62,1549.22,931.80,614.37,774.91,753.97,357.11,1214.64,1197.00,693.00,742.91
2,5,23,1463.26,1458.34,836.72,1549.37,931.88,614.38,774.96,754.00,357.13,1214.89,1197.00,693.00,743.03
2,5,24,1463.37,1458.43,836.81,1549.51,931.96,614.39,775.01,754.03,357.16,1215.13,1197.00,693.00,743.14
2,6,1,1463.47,1458.52,836.90,1549.64,932.04,614.40,775.05,754.06,357.18,1215.35,1197.00,693.00,743.25
2,6,2,1463.58,1458.60,836.99,1549.77,932.12,614.41,775.09,754.09,357.21,1215.57,1197.00,693.00,743.36
2,6,3,1463.68,1458.69,837.09,1549.90,932.20,614.43,775.14,754.12,357.23,1215.79,1197.00,693.00,743.47
2,6,4,1463.79,1458.78,837.18,1550.03,932.28,614.44,775.18,754.15,357.26,1216.01,1197.00,693.00,743.58
2,6,5,1463.89,1458.86,837.27,1550.16,932.36,614.45,775.22,754.18,357.28,1216.23,1197.00,693.00,743.69
2,6,6,1464.00,1458.95,837.36,1550.29,932.44,614.46,775.26,754.21,357.31,1216.45,1197.00,693.00,743.80
2,6,7,1464.10,1459.03,837.45,1550.41,932.51,614.47,775.30,754.23,357.33,1216.67,1197.00,693.00,743.91
2,6,8,1464.21,1459.12,837.55,1550.54,932.59,614.48,775.35,754.26,357.35,1216.89,1197.00,693.00,744.02
2,6,9,1464.31,1459.21,837.64,1550.67,932.67,614.50,775.39,754.29,357.38,1217.11,1197.00,693.00,744.13
2,6,10,1464.42,1459.29,837.73,1550.80,932.75,614.51,775.43,754.32,357.40,1217.33,1197.00,693.00,744.24
2,6,11,1464.52,1459.38,837.82,1550.93,932.83,614.52,775.47,754.35,357.43,1217.55,1197.00,693.00,744.35
2,6,12,1464.62,1459.47,837.92,1551.06,932.91,614.53,775.52,754.38,357.45,1217.78,1197.00,693.00,744.46
2,6,13,1464.73,1459.55,838.01,1551.19,932.99,614.54,775.56,754.41,357.47,1218.00,1197.00,693.00,744.56
2,6,14,1464.83,1459.64,838.10,1551.32,933.07,614.55,775.60,754.44,357.50,1218.22,1197.00,693.00,744.67
2,6,15,1464.94,1459.72,838.19,1551.45,933.15,614.56,775.64,754.47,357.52,1218.44,1197.00,693.00,744.78
2,6,16,1465.04,1459.81,838.28,1551.58,933.23,614.58,775.68,754.50,357.55,1218.66,1197.00,693.00,744.89
2,6,17,1465.15,1459.90,838.38,1551.71,933.31,614.59,775.73,754.53,357.57,1218.88,1197.00,693.00,745.00
2,6,18,1465.25,1459.98,838.47,1551.83,933.38,614.60,775.77,754.55,357.59,1219.10,1197.00,693.00,745.11
2,6,19,1465.36,1460.07,838.56,1551.96,933.46,614.61,775.81,754.58,357.62,1219.32,1197.00,693.00,745.22
2,6,20,1465.46,1460.16,838.65,1552.09,933.54,614.62,775.85,754.61,357.64,1219.54,1197.00,693.00,745.33
2,6,21,1465.57,1460.24,838.74,1552.22,933.62,614.63,775.89,754.64,357.67,1219.76,1197.00,693.00,745.44
2,6,22,1465.67,1460.33,838.84,1552.35,933.70,614.65,775.94,754.67,357.69,1219.98,1197.00,693.00,745.55
2,6,23,1465.78,1460.41,838.93,1552.48,933.78,614.66,775.98,754.70,357.72,1220.20,1197.00,693.00,745.66
2,6,24,1465.88,1460.50,839.02,1552.61,933.86,614.67,776.02,754.73,357.74,1220.42,1197.00,693.00,745.77
2,7,1,1465.98,1460.59,839.11,1552.75,933.94,614.68,776.06,754.76,357.76,1220.63,1197.00,693.00,745.88
2,7,2,1466.09,1460.67,839.20,1552.88,934.01,614.69,776.10,754.79,357.78,1220.83,1197.00,693.00,745.98
2,7,3,1466.19,1460.76,839.29,1553.02,934.09,614.70,776.15,754.81,357.81,1221.04,1197.00,693.00,746.09
2,7,4,1466.29,1460.85,839.38,1553.15,934.16,614.72,776.19,754.84,357.83,1221.25,1197.00,693.00,746.19
2,7,5,1466.39,1460.94,839.47,1553.29,934.24,614.73,776.23,754.87,357.85,1221.45,1197.00,693.00,746.30
2,7,6,1466.49,1461.02,839.56,1553.43,934.32,614.74,776.27,754.90,357.87,1221.66,1197.00,693.00,746.41
2,7,7,1466.60,1461.11,839.65,1553.56,934.39,614.75,776.31,754.93,357.89,1221.87,1197.00,693.00,746.51
2,7,8,1466.70,1461.20,839.74,1553.70,934.47,614.76,776.35,754.95,357.92,1222.07,1197.00,693.00,746.62
2,7,9,1466.80,1461.29,839.83,1553.84,934.55,614.77,776.40,754.98,357.94,1222.28,1197.00,693.00,746.72
2,7,10,1466.90,1461.37,839.92,1553.97,934.62,614.79,776.44,755.01,357.96,1222.49,1197.00,693.00,746.83
2,7,11,1467.01,1461.46,840.01,1554.11,934.70,614.80,776.48,755.04,357.98,1222.69,1197.00,693.00,746.93
2,7,12,1467.11,1461.55,840.11,1554.24,934.77,614.81,776.52,755.07,358.00,1222.90,1197.00,693.00,747.04
2,7,13,1467.21,1461.64,840.20,1554.38,934.85,614.82,776.56,755.09,358.03,1223.11,1197.00,693.00,747.15
2,7,14,1467.31,1461.72,840.29,1554.52,934.93,614.83,776.60,755.12,358.05,1223.31,1197.00,693.00,747.25
2,7,15,1467.42,1461.81,840.38,1554.65,935.00,614.85,776.65,755.15,358.07,1223.52,1197.00,693.00,747.36
2,7,16,1467.52,1461.90,840.47,1554.79,935.08,614.86,776.69,755.18,358.09,1223.73,1197.00,693.00,747.46
2,7,17,1467.62,1461.99,840.56,1554.93,935.16,614.87,776.73,755.20,358.12,1223.93,1197.00,693.00,747.57
2,7,18,1467.72,1462.07,840.65,1555.06,935.23,614.88,776.77,755.23,358.14,1224.14,1197.00,693.00,747.68
2,7,19,1467.83,1462.16,840.74,1555.20,935.31,614.89,776.81,755.26,358.16,1224.35,1197.00,693.00,747.78
2,7,20,1467.93,1462.25,840.83,1555.34,935.38,614.90,776.85,755.29,358.18,1224.55,1197.00,693.00,747.89
2,7,21,1468.03,1462.34,840.92,1555.47,935.46,614.92,776.90,755.32,358.20,1224.76,1197.00,693.00,747.99
2,7,22,1468.13,1462.42,841.01,1555.61,935.54,614.93,776.94,755.34,358.23,1224.97,1197.00,693.00,748.10
2,7,23,1468.24,1462.51,841.10,1555.74,935.61,614.94,776.98,755.37,358.25,1225.17,1197.00,693.00,748.20
2,7,24,1468.34,1462.60,841.19,1555.88,935.69,614.95,777.02,755.40,358.27,1225.38,1197.00,693.00,748.31
2,8,1,1468.44,1462.69,841.28,1556.01,935.77,614.96,777.06,755.43,358.29,1225.57,1197.00,693.00,748.41
2,8,2,1468.54,1462.78,841.37,1556.14,935.85,614.97,777.10,755.46,358.31,1225.77,1197.00,693.00,748.51
2,8,3,1468.64,1462.86,841.46,1556.27,935.93,614.99,777.15,755.48,358.33,1225.96,1197.00,693.00,748.62
2,8,4,1468.74,1462.95,841.54,1556.40,936.00,615.00,777.19,755.51,358.35,1226.15,1197.00,693.00,748.72
2,8,5,1468.84,1463.04,841.63,1556.53,936.08,615.01,777.23,755.54,358.37,1226.34,1197.00,693.00,748.82
2,8,6,1468.94,1463.13,841.72,1556.66,936.16,615.02,777.27,755.57,358.39,1226.54,1197.00,693.00,748.92
2,8,7,1469.05,1463.22,841.81,1556.79,936.24,615.03,777.31,755.59,358.41,1226.73,1197.00,693.00,749.02
2,8,8,1469.15,1463.30,841.90,1556.92,936.32,615.04,777.35,755.62,358.43,1226.92,1197.00,693.00,749.13
2,8,9,1469.25,1463.39,841.99,1557.05,936.40,615.06,777.40,755.65,358.45,1227.12,1197.00,693.00,749.23
2,8,10,1469.35,1463.48,842.07,1557.18,936.47,615.07,777.44,755.68,358.47,1227.31,1197.00,693.00,749.33
2,8,11,1469.45,1463.57,842.16,1557.31,936.55,615.08,777.48,755.70,358.49,1227.50,1197.00,693.00,749.43
2,8,12,1469.55,1463.65,842.25,1557.43,936.63,615.09,777.52,755.73,358.51,1227.70,1197.00,693.00,749.54
2,8,13,1469.65,1463.74,842.34,1557.56,936.71,615.10,777.56,755.76,358.54,1227.89,1197.00,693.00,749.64
2,8,14,1469.75,1463.83,842.43,1557.69,936.79,615.11,777.60,755.79,358.56,1228.08,1197.00,693.00,749.74
2,8,15,1469.85,1463.92,842.51,1557.82,936.87,615.12,777.65,755.81,358.58,1228.27,1197.00,693.00,749.84
2,8,16,1469.95,1464.01,842.60,1557.95,936.94,615.14,777.69,755.84,358.60,1228.47,1197.00,693.00,749.94
2,8,17,1470.05,1464.09,842.69,1558.08,937.02,615.15,777.73,755.87,358.62,1228.66,1197.00,693.00,750.05
2,8,18,1470.15,1464.18,842.78,1558.21,937.10,615.16,777.77,755.90,358.64,1228.85,1197.00,693.00,750.15
2,8,19,1470.26,1464.27,842.87,1558.34,937.18,615.17,777.81,755.92,358.66,1229.05,1197.00,693.00,750.25
2,8,20,1470.36,1464.36,842.96,1558.47,937.26,615.18,777.85,755.95,358.68,1229.24,1197.00,693.00,750.35
2,8,21,1470.46,1464.45,843.04,1558.60,937.34,615.19,777.90,755.98,358.70,1229.43,1197.00,693.00,750.45
2,8,22,1470.56,1464.53,843.13,1558.73,937.41,615.21,777.94,756.00,358.72,1229.62,1197.00,693.00,750.56
2,8,23,1470.66,1464.62,843.22,1558.86,937.49,615.22,777.98,756.03,358.74,1229.82,1197.00,693.00,750.66
2,8,24,1470.76,1464.71,843.31,1558.99,937.57,615.23,778.02,756.06,358.76,1230.01,1197.00,693.00,750.76
2,9,1,1470.86,1464.80,843.40,1559.11,937.65,615.24,778.06,756.09,358.78,1230.20,1197.00,693.00,750.86
2,9,2,1470.96,1464.88,843.48,1559.23,937.72,615.25,778.10,756.11,358.80,1230.40,1197.00,693.00,750.96
2,9,3,1471.06,1464.97,843.57,1559.36,937.80,615.26,778.15,756.14,358.82,1230.59,1197.00,693.00,751.06
2,9,4,1471.16,1465.05,843.66,1559.48,937.87,615.28,778.19,756.16,358.84,1230.78,1197.00,693.00,751.15
2,9,5,1471.26,1465.14,843.74,1559.60,937.95,615.29,778.23,756.19,358.86,1230.97,1197.00,693.00,751.25
2,9,6,1471.36,1465.23,843.83,1559.73,938.03,615.30,778.27,756.22,358.88,1231.17,1197.00,693.00,751.35
2,9,7,1471.45,1465.31,843.92,1559.85,938.10,615.31,778.31,756.24,358.89,1231.36,1197.00,693.00,751.45
2,9,8,1471.55,1465.40,844.00,1559.97,938.18,615.32,778.35,756.27,358.91,1231.55,1197.00,693.00,751.55
2,9,9,1471.65,1465.49,844.09,1560.09,938.25,615.33,778.40,756.30,358.93,1231.75,1197.00,693.00,751.65
2,9,10,1471.75,1465.57,844.18,1560.22,938.33,615.35,778.44,756.32,358.95,1231.94,1197.00,693.00,751.74
2,9,11,1471.85,1465.66,844.26,1560.34,938.40,615.36,778.48,756.35,358.97,1232.13,1197.00,693.00,751.84
2,9,12,1471.95,1465.74,844.35,1560.46,938.48,615.37,778.52,756.38,358.99,1232.33,1197.00,693.00,751.94
2,9,13,1472.05,1465.83,844.44,1560.58,938.56,615.38,778.56,756.40,359.01,1232.52,1197.00,693.00,752.04
2,9,14,1472.15,1465.92,844.52,1560.71,938.63,615.39,778.60,756.43,359.03,1232.71,1197.00,693.00,752.14
2,9,15,1472.25,1466.00,844.61,1560.83,938.71,615.40,778.65,756.45,359.05,1232.90,1197.00,693.00,752.24
2,9,16,1472.35,1466.09,844.70,1560.95,938.78,615.42,778.69,756.48,359.07,1233.10,1197.00,693.00,752.33
2,9,17,1472.45,1466.18,844.78,1561.07,938.86,615.43,778.73,756.51,359.09,1233.29,1197.00,693.00,752.43
2,9,18,1472.55,1466.26,844.87,1561.20,938.94,615.44,778.77,756.53,359.11,1233.48,1197.00,693.00,752.53
2,9,19,1472.64,1466.35,844.96,1561.32,939.01,615.45,778.81,756.56,359.12,1233.68,1197.00,693.00,752.63
2,9,20,1472.74,1466.44,845.04,1561.44,939.09,615.46,778.85,756.59,359.14,1233.87,1197.00,693.00,752.73
2,9,21,1472.84,1466.52,845.13,1561.56,939.16,615.48,778.90,756.61,359.16,1234.06,1197.00,693.00,752.82
2,9,22,1472.94,1466.61,845.22,1561.69,939.24,615.49,778.94,756.64,359.18,1234.25,1197.00,693.00,752.92
2,9,23,1473.04,1466.69,845.30,1561.81,939.31,615.50,778.98,756.66,359.20,1234.45,1197.00,693.00,753.02
2,9,24,1473.14,1466.78,845.39,1561.93,939.39,615.51,779.02,756.69,359.22,1234.64,1197.00,693.00,753.12
2,10,1,1473.24,1466.87,845.48,1562.05,939.46,615.52,779.06,756.72,359.24,1234.82,1197.00,693.00,753.22
2,10,2,1473.34,1466.95,845.56,1562.18,939.54,615.53,779.10,756.74,359.26,1235.00,1197.00,693.00,753.31
2,10,3,1473.43,1467.04,845.65,1562.30,939.61,615.54,779.15,756.76,359.28,1235.18,1197.00,693.00,753.41
2,10,4,1473.53,1467.13,845.73,1562.42,939.69,615.56,779.19,756.79,359.29,1235.36,1197.00,693.00,753.50
2,10,5,1473.63,1467.21,845.82,1562.54,939.76,615.57,779.23,756.81,359.31,1235.53,1197.00,693.00,753.60
2,10,6,1473.73,1467.30,845.90,1562.67,939.84,615.58,779.27,756.84,359.33,1235.71,1197.00,693.00,753.69
2,10,7,1473.82,1467.39,845.99,1562.79,939.91,615.59,779.31,756.86,359.35,1235.89,1197.00,693.00,753.79
2,10,8,1473.92,1467.47,846.07,1562.91,939.99,615.60,779.35,756.89,359.37,1236.07,1197.00,693.00,753.89
2,10,9,1474.02,1467.56,846.16,1563.04,940.06,615.61,779.40,756.91,359.39,1236.25,1197.00,693.00,753.98
2,10,10,1474.12,1467.65,846.24,1563.16,940.14,615.62,779.44,756.94,359.40,1236.43,1197.00,693.00,754.08
2,10,11,1474.21,1467.73,846.33,1563.28,940.21,615.63,779.48,756.96,359.42,1236.61,1197.00,693.00,754.17
2,10,12,1474.31,1467.82,846.41,1563.41,940.29,615.65,779.52,756.99,359.44,1236.79,1197.00,693.00,754.27
2,10,13,1474.41,1467.91,846.50,1563.53,940.36,615.66,779.56,757.01,359.46,1236.96,1197.00,693.00,754.37
2,10,14,1474.50,1467.99,846.58,1563.65,940.43,615.67,779.60,757.04,359.48,1237.14,1197.00,693.00,754.46
2,10,15,1474.60,1468.08,846.67,1563.77,940.51,615.68,779.65,757.06,359.50,1237.32,1197.00,693.00,754.56
2,10,16,1474.70,1468.17,846.75,1563.90,940.58,615.69,779.69,757.09,359.51,1237.50,1197.00,693.00,754.65
2,10,17,1474.80,1468.25,846.83,1564.02,940.66,615.70,779.73,757.11,359.53,1237.68,1197.00,693.00,754.75
2,10,18,1474.89,1468.34,846.92,1564.14,940.73,615.71,779.77,757.14,359.55,1237.86,1197.00,693.00,754.84
2,10,19,1474.99,1468.43,847.00,1564.27,940.81,615.72,779.81,757.16,359.57,1238.04,1197.00,693.00,754.94
2,10,20,1475.09,1468.51,847.09,1564.39,940.88,615.74,779.85,757.19,359.59,1238.22,1197.00,693.00,755.04
2,10,21,1475.19,1468.60,847.17,1564.51,940.96,615.75,779.90,757.21,359.61,1238.39,1197.00,693.00,755.13
2,10,22,1475.28,1468.69,847.26,1564.63,941.03,615.76,779.94,757.24,359.62,1238.57,1197.00,693.00,755.23
2,10,23,1475.38,1468.77,847.34,1564.76,941.11,615.77,779.98,757.26,359.64,1238.75,1197.00,693.00,755.32
2,10,24,1475.48,1468.86,847.43,1564.88,941.18,615.78,780.02,757.29,359.66,1238.93,1197.00,693.00,755.42
2,11,1,1475.58,1468.95,847.51,1565.00,941.25,615.79,780.06,757.31,359.68,1239.10,1197.00,693.00,755.51
2,11,2,1475.67,1469.03,847.60,1565.12,941.33,615.80,780.09,757.34,359.70,1239.26,1197.00,693.00,755.60
2,11,3,1475.77,1469.12,847.68,1565.25,941.40,615.82,780.13,757.36,359.71,1239.43,1197.00,693.00,755.70
2,11,4,1475.86,1469.20,847.77,1565.37,941.48,615.83,780.16,757.39,359.73,1239.59,1197.00,693.00,755.79
2,11,5,1475.96,1469.29,847.85,1565.49,941.55,615.84,780.20,757.41,359.75,1239.76,1197.00,693.00,755.88
2,11,6,1476.06,1469.38,847.93,1565.61,941.62,615.85,780.24,757.44,359.76,1239.92,1197.00,693.00,755.97
2,11,7,1476.15,1469.46,848.02,1565.74,941.70,615.86,780.27,757.46,359.78,1240.09,1197.00,693.00,756.07
2,11,8,1476.25,1469.55,848.10,1565.86,941.77,615.87,780.31,757.49,359.80,1240.25,1197.00,693.00,756.16
2,11,9,1476.35,1469.64,848.19,1565.98,941.85,615.89,780.34,757.51,359.82,1240.42,1197.00,693.00,756.25
2,11,10,1476.44,1469.72,848.27,1566.10,941.92,615.90,780.38,757.54,359.83,1240.58,1197.00,693.00,756.34
2,11,11,1476.54,1469.81,848.36,1566.23,942.00,615.91,780.41,757.56,359.85,1240.75,1197.00,693.00,756.44
2,11,12,1476.64,1469.90,848.44,1566.35,942.07,615.92,780.45,757.58,359.87,1240.91,1197.00,693.00,756.53
2,11,13,1476.73,1469.98,848.52,1566.47,942.14,615.93,780.49,757.61,359.89,1241.08,1197.00,693.00,756.62
2,11,14,1476.83,1470.07,848.61,1566.59,942.22,615.94,780.52,757.63,359.90,1241.24,1197.00,693.00,756.72
2,11,15,1476.92,1470.15,848.69,1566.72,942.29,615.96,780.56,757.66,359.92,1241.41,1197.00,693.00,756.81
2,11,16,1477.02,1470.24,848.78,1566.84,942.37,615.97,780.59,757.68,359.94,1241.57,1197.00,693.00,756.90
2,11,17,1477.12,1470.33,848.86,1566.96,942.44,615.98,780.63,757.71,359.96,1241.74,1197.00,693.00,756.99
2,11,18,1477.21,1470.41,848.95,1567.08,942.52,615.99,780.67,757.73,359.97,1241.90,1197.00,693.00,757.09
2,11,19,1477.31,1470.50,849.03,1567.21,942.59,616.00,780.70,757.76,359.99,1242.07,1197.00,693.00,757.18
2,11,20,1477.41,1470.59,849.11,1567.33,942.66,616.01,780.74,757.78,360.01,1242.23,1197.00,693.00,757.27
2,11,21,1477.50,1470.67,849.20,1567.45,942.74,616.03,780.77,757.81,360.03,1242.40,1197.00,693.00,757.36
2,11,22,1477.60,1470.76,849.28,1567.57,942.81,616.04,780.81,757.83,360.04,1242.56,1197.00,693.00,757.46
2,11,23,1477.69,1470.84,849.37,1567.70,942.89,616.05,780.84,757.86,360.06,1242.73,1197.00,693.00,757.55
2,11,24,1477.79,1470.93,849.45,1567.82,942.96,616.06,780.88,757.88,360.08,1242.89,1197.00,693.00,757.64
2,12,1,1477.88,1471.02,849.53,1567.94,943.03,616.07,780.92,757.90,360.10,1243.06,1197.00,693.00,757.73
2,12,2,1477.98,1471.11,849.61,1568.07,943.11,616.08,780.96,757.93,360.11,1243.22,1197.00,693.00,757.82
2,12,3,1478.07,1471.20,849.70,1568.19,943.18,616.10,781.00,757.95,360.13,1243.39,1197.00,693.00,757.91
2,12,4,1478.17,1471.29,849.78,1568.31,943.25,616.11,781.05,757.98,360.15,1243.55,1197.00,693.00,758.00
2,12,5,1478.26,1471.37,849.86,1568.43,943.32,616.12,781.09,758.00,360.16,1243.72,1197.00,693.00,758.09
2,12,6,1478.36,1471.46,849.94,1568.56,943.40,616.13,781.13,758.02,360.18,1243.88,1197.00,693.00,758.18
2,12,7,1478.45,1471.55,850.02,1568.68,943.47,616.14,781.17,758.05,360.20,1244.05,1197.00,693.00,758.27
2,12,8,1478.55,1471.64,850.11,1568.80,943.54,616.15,781.21,758.07,360.21,1244.21,1197.00,693.00,758.36
2,12,9,1478.64,1471.73,850.19,1568.93,943.62,616.17,781.25,758.09,360.23,1244.38,1197.00,693.00,758.45
2,12,10,1478.74,1471.82,850.27,1569.05,943.69,616.18,781.29,758.12,360.25,1244.54,1197.00,693.00,758.54
2,12,11,1478.83,1471.91,850.35,1569.17,943.76,616.19,781.33,758.14,360.26,1244.70,1197.00,693.00,758.63
2,12,12,1478.93,1472.00,850.43,1569.29,943.84,616.20,781.38,758.17,360.28,1244.87,1197.00,693.00,758.71
2,12,13,1479.02,1472.08,850.52,1569.42,943.91,616.21,781.42,758.19,360.30,1245.03,1197.00,693.00,758.80
2,12,14,1479.11,1472.17,850.60,1569.54,943.98,616.22,781.46,758.21,360.31,1245.20,1197.00,693.00,758.89
2,12,15,1479.21,1472.26,850.68,1569.66,944.05,616.24,781.50,758.24,360.33,1245.36,1197.00,693.00,758.98
2,12,16,1479.30,1472.35,850.76,1569.79,944.13,616.25,781.54,758.26,360.35,1245.53,1197.00,693.00,759.07
2,12,17,1479.40,1472.44,850.85,1569.91,944.20,616.26,781.58,758.28,360.36,1245.69,1197.00,693.00,759.16
2,12,18,1479.49,1472.53,850.93,1570.03,944.27,616.27,781.62,758.31,360.38,1245.86,1197.00,693.00,759.25
2,12,19,1479.59,1472.62,851.01,1570.16,944.35,616.28,781.66,758.33,360.40,1246.02,1197.00,693.00,759.34
2,12,20,1479.68,1472.71,851.09,1570.28,944.42,616.29,781.70,758.36,360.41,1246.19,1197.00,693.00,759.43
2,12,21,1479.78,1472.79,851.17,1570.40,944.49,616.31,781.75,758.38,360.43,1246.35,1197.00,693.00,759.52
2,12,22,1479.87,1472.88,851.26,1570.52,944.56,616.32,781.79,758.40,360.45,1246.52,1197.00,693.00,759.61
2,12,23,1479.97,1472.97,851.34,1570.65,944.64,616.33,781.83,758.43,360.46,1246.68,1197.00,693.00,759.70
2,12,24,1480.06,1473.06,851.42,1570.77,944.71,616.34,781.87,758.45,360.48,1246.85,1197.00,693.00,759.79
2,13,1,1480.15,1473.15,851.50,1570.89,944.78,616.35,781.91,758.47,360.50,1247.00,1197.00,693.00,759.88
2,13,2,1480.25,1473.23,851.58,1571.00,944.85,616.36,781.94,758.50,360.51,1247.15,1197.00,693.00,759.96
2,13,3,1480.34,1473.32,851.66,1571.12,944.93,616.38,781.98,758.52,360.53,1247.30,1197.00,693.00,760.05
2,13,4,1480.43,1473.40,851.74,1571.24,945.00,616.39,782.02,758.54,360.54,1247.45,1197.00,693.00,760.14
2,13,5,1480.52,1473.49,851.83,1571.35,945.07,616.40,782.05,758.57,360.56,1247.60,1197.00,693.00,760.23
2,13,6,1480.62,1473.58,851.91,1571.47,945.14,616.41,782.09,758.59,360.58,1247.75,1197.00,693.00,760.31
2,13,7,1480.71,1473.66,851.99,1571.59,945.21,616.42,782.13,758.61,360.59,1247.91,1197.00,693.00,760.40
2,13,8,1480.80,1473.75,852.07,1571.70,945.28,616.43,782.16,758.64,360.61,1248.06,1197.00,693.00,760.49
2,13,9,1480.90,1473.83,852.15,1571.82,945.36,616.45,782.20,758.66,360.62,1248.21,1197.00,693.00,760.57
2,13,10,1480.99,1473.92,852.23,1571.94,945.43,616.46,782.24,758.68,360.64,1248.36,1197.00,693.00,760.66
2,13,11,1481.08,1474.00,852.31,1572.05,945.50,616.47,782.27,758.71,360.65,1248.51,1197.00,693.00,760.75
2,13,12,1481.18,1474.09,852.39,1572.17,945.57,616.48,782.31,758.73,360.67,1248.66,1197.00,693.00,760.83
2,13,13,1481.27,1474.18,852.48,1572.29,945.64,616.49,782.35,758.75,360.69,1248.81,1197.00,693.00,760.92
2,13,14,1481.36,1474.26,852.56,1572.40,945.71,616.50,782.38,758.78,360.70,1248.96,1197.00,693.00,761.01
2,13,15,1481.45,1474.35,852.64,1572.52,945.79,616.52,782.42,758.80,360.72,1249.11,1197.00,693.00,761.10
2,13,16,1481.55,1474.43,852.72,1572.64,945.86,616.53,782.46,758.82,360.73,1249.26,1197.00,693.00,761.18
2,13,17,1481.64,1474.52,852.80,1572.75,945.93,616.54,782.49,758.85,360.75,1249.41,1197.00,693.00,761.27
2,13,18,1481.73,1474.61,852.88,1572.87,946.00,616.55,782.53,758.87,360.76,1249.56,1197.00,693.00,761.36
2,13,19,1481.83,1474.69,852.96,1572.99,946.07,616.56,782.57,758.89,360.78,1249.72,1197.00,693.00,761.44
2,13,20,1481.92,1474.78,853.04,1573.10,946.14,616.57,782.60,758.92,360.80,1249.87,1197.00,693.00,761.53
2,13,21,1482.01,1474.86,853.13,1573.22,946.21,616.58,782.64,758.94,360.81,1250.02,1197.00,693.00,761.62
2,13,22,1482.10,1474.95,853.21,1573.34,946.29,616.60,782.68,758.96,360.83,1250.17,1197.00,693.00,761.71
2,13,23,1482.20,1475.03,853.29,1573.45,946.36,616.61,782.71,758.99,360.84,1250.32,1197.00,693.00,761.79
2,13,24,1482.29,1475.12,853.37,1573.57,946.43,616.62,782.75,759.01,360.86,1250.47,1197.00,693.00,761.88
2,14,1,1482.38,1475.21,853.45,1573.68,946.50,616.63,782.79,759.03,360.88,1250.62,1197.00,693.00,761.96
2,14,2,1482.47,1475.29,853.53,1573.80,946.57,616.64,782.82,759.05,360.89,1250.77,1197.00,693.00,762.05
2,14,3,1482.57,1475.38,853.61,1573.91,946.64,616.65,782.86,759.08,360.91,1250.92,1197.00,693.00,762.13
2,14,4,1482.66,1475.47,853.69,1574.03,946.71,616.67,782.89,759.10,360.92,1251.07,1197.00,693.00,762.22
2,14,5,1482.75,1475.56,853.77,1574.14,946.79,616.68,782.93,759.12,360.94,1251.22,1197.00,693.00,762.30
2,14,6,1482.84,1475.64,853.85,1574.26,946.86,616.69,782.96,759.14,360.95,1251.37,1197.00,693.00,762.39
2,14,7,1482.93,1475.73,853.93,1574.37,946.93,616.70,783.00,759.16,360.97,1251.52,1197.00,693.00,762.47
2,14,8,1483.02,1475.82,854.01,1574.49,947.00,616.71,783.04,759.19,360.98,1251.67,1197.00,693.00,762.56
2,14,9,1483.12,1475.90,854.09,1574.60,947.07,616.73,783.07,759.21,361.00,1251.82,1197.00,693.00,762.64
2,14,10,1483.21,1475.99,854.17,1574.72,947.14,616.74,783.11,759.23,361.01,1251.97,1197.00,693.00,762.73
2,14,11,1483.30,1476.08,854.25,1574.83,947.21,616.75,783.14,759.25,361.03,1252.12,1197.00,693.00,762.81
2,14,12,1483.39,1476.16,854.33,1574.94,947.29,616.76,783.18,759.27,361.04,1252.27,1197.00,693.00,762.89
2,14,13,1483.48,1476.25,854.40,1575.06,947.36,616.77,783.22,759.30,361.06,1252.42,1197.00,693.00,762.98
2,14,14,1483.57,1476.34,854.48,1575.17,947.43,616.78,783.25,759.32,361.08,1252.57,1197.00,693.00,763.06
2,14,15,1483.67,1476.43,854.56,1575.29,947.50,616.80,783.29,759.34,361.09,1252.72,1197.00,693.00,763.15
2,14,16,1483.76,1476.51,854.64,1575.40,947.57,616.81,783.32,759.36,361.11,1252.87,1197.00,693.00,763.23
2,14,17,1483.85,1476.60,854.72,1575.52,947.64,616.82,783.36,759.39,361.12,1253.02,1197.00,693.00,763.32
2,14,18,1483.94,1476.69,854.80,1575.63,947.71,616.83,783.39,759.41,361.14,1253.17,1197.00,693.00,763.40
2,14,19,1484.03,1476.77,854.88,1575.75,947.78,616.84,783.43,759.43,361.15,1253.32,1197.00,693.00,763.49
2,14,20,1484.12,1476.86,854.96,1575.86,947.86,616.85,783.47,759.45,361.17,1253.47,1197.00,693.00,763.57
2,14,21,1484.21,1476.95,855.04,1575.98,947.93,616.87,783.50,759.47,361.18,1253.62,1197.00,693.00,763.66
2,14,22,1484.31,1477.04,855.12,1576.09,948.00,616.88,783.54,759.50,361.20,1253.77,1197.00,693.00,763.74
2,14,23,1484.40,1477.12,855.20,1576.21,948.07,616.89,783.57,759.52,361.21,1253.92,1197.00,693.00,763.83
2,14,24,1484.49,1477.21,855.28,1576.32,948.14,616.90,783.61,759.54,361.23,1254.07,1197.00,693.00,763.91
2,15,1,1484.58,1477.30,855.36,1576.43,948.21,616.91,783.65,759.56,361.25,1254.21,1197.00,693.00,763.99
2,15,2,1484.67,1477.38,855.44,1576.55,948.28,616.92,783.68,759.58,361.26,1254.35,1197.00,693.00,764.07
2,15,3,1484.76,1477.47,855.52,1576.66,948.35,616.93,783.72,759.61,361.28,1254.48,1197.00,693.00,764.16
2,15,4,1484.85,1477.55,855.59,1576.77,948.41,616.94,783.75,759.63,361.29,1254.62,1197.00,693.00,764.24
2,15,5,1484.94,1477.64,855.67,1576.88,948.48,616.95,783.79,759.65,361.31,1254.76,1197.00,693.00,764.32
2,15,6,1485.04,1477.73,855.75,1577.00,948.55,616.97,783.82,759.67,361.32,1254.90,1197.00,693.00,764.40
2,15,7,1485.13,1477.81,855.83,1577.11,948.62,616.98,783.86,759.69,361.34,1255.04,1197.00,693.00,764.48
2,15,8,1485.22,1477.90,855.91,1577.22,948.69,616.99,783.90,759.72,361.35,1255.18,1197.00,693.00,764.57
2,15,9,1485.31,1477.99,855.99,1577.34,948.76,617.00,783.93,759.74,361.37,1255.31,1197.00,693.00,764.65
2,15,10,1485.40,1478.07,856.06,1577.45,948.82,617.01,783.97,759.76,361.38,1255.45,1197.00,693.00,764.73
2,15,11,1485.49,1478.16,856.14,1577.56,948.89,617.02,784.00,759.78,361.40,1255.59,1197.00,693.00,764.81
2,15,12,1485.58,1478.24,856.22,1577.67,948.96,617.03,784.04,759.80,361.41,1255.73,1197.00,693.00,764.89
2,15,13,1485.67,1478.33,856.30,1577.79,949.03,617.04,784.08,759.83,361.43,1255.87,1197.00,693.00,764.98
2,15,14,1485.76,1478.42,856.38,1577.90,949.10,617.05,784.11,759.85,361.44,1256.01,1197.00,693.00,765.06
2,15,15,1485.85,1478.50,856.45,1578.01,949.17,617.06,784.15,759.87,361.46,1256.14,1197.00,693.00,765.14
2,15,16,1485.94,1478.59,856.53,1578.13,949.23,617.07,784.18,759.89,361.47,1256.28,1197.00,693.00,765.22
2,15,17,1486.03,1478.68,856.61,1578.24,949.30,617.08,784.22,759.92,361.49,1256.42,1197.00,693.00,765.31
2,15,18,1486.13,1478.76,856.69,1578.35,949.37,617.09,784.25,759.94,361.50,1256.56,1197.00,693.00,765.39
2,15,19,1486.22,1478.85,856.77,1578.47,949.44,617.11,784.29,759.96,361.51,1256.70,1197.00,693.00,765.47
2,15,20,1486.31,1478.94,856.85,1578.58,949.51,617.12,784.33,759.98,361.53,1256.84,1197.00,693.00,765.55
2,15,21,1486.40,1479.02,856.92,1578.69,949.58,617.13,784.36,760.00,361.54,1256.98,1197.00,693.00,765.63
2,15,22,1486.49,1479.11,857.00,1578.80,949.64,617.14,784.40,760.03,361.56,1257.11,1197.00,693.00,765.72
2,15,23,1486.58,1479.19,857.08,1578.92,949.71,617.15,784.43,760.05,361.57,1257.25,1197.00,693.00,765.80
2,15,24,1486.67,1479.28,857.16,1579.03,949.78,617.16,784.47,760.07,361.59,1257.39,1197.00,693.00,765.88
2,16,1,1486.76,1479.36,857.24,1579.14,949.85,617.17,784.51,760.09,361.60,1257.53,1197.00,693.00,765.96
2,16,2,1486.85,1479.44,857.31,1579.25,949.91,617.18,784.54,760.11,361.62,1257.67,1197.00,693.00,766.04
2,16,3,1486.94,1479.52,857.39,1579.36,949.98,617.19,784.58,760.14,361.63,1257.80,1197.00,693.00,766.12
2,16,4,1487.03,1479.60,857.47,1579.47,950.04,617.20,784.61,760.16,361.65,1257.94,1197.00,693.00,766.20
2,16,5,1487.12,1479.68,857.54,1579.58,950.11,617.21,784.65,760.18,361.66,1258.08,1197.00,693.00,766.28
2,16,6,1487.21,1479.76,857.62,1579.70,950.17,617.22,784.68,760.20,361.67,1258.21,1197.00,693.00,766.36
2,16,7,1487.29,1479.84,857.70,1579.81,950.24,617.23,784.72,760.22,361.69,1258.35,1197.00,693.00,766.44
2,16,8,1487.38,1479.92,857.77,1579.92,950.30,617.24,784.76,760.24,361.70,1258.49,1197.00,693.00,766.52
2,16,9,1487.47,1480.00,857.85,1580.03,950.37,617.25,784.79,760.27,361.72,1258.63,1197.00,693.00,766.60
2,16,10,1487.56,1480.08,857.93,1580.14,950.43,617.26,784.83,760.29,361.73,1258.76,1197.00,693.00,766.68
2,16,11,1487.65,1480.16,858.00,1580.25,950.50,617.27,784.86,760.31,361.75,1258.90,1197.00,693.00,766.76
2,16,12,1487.74,1480.23,858.08,1580.36,950.56,617.28,784.90,760.33,361.76,1259.04,1197.00,693.00,766.84
2,16,13,1487.83,1480.31,858.16,1580.47,950.63,617.30,784.94,760.35,361.77,1259.18,1197.00,693.00,766.92
2,16,14,1487.92,1480.39,858.23,1580.58,950.69,617.31,784.97,760.37,361.79,1259.31,1197.00,693.00,767.00
2,16,15,1488.01,1480.47,858.31,1580.69,950.76,617.32,785.01,760.40,361.80,1259.45,1197.00,693.00,767.08
2,16,16,1488.10,1480.55,858.39,1580.80,950.82,617.33,785.04,760.42,361.82,1259.59,1197.00,693.00,767.16
2,16,17,1488.19,1480.63,858.46,1580.91,950.89,617.34,785.08,760.44,361.83,1259.73,1197.00,693.00,767.24
2,16,18,1488.28,1480.71,858.54,1581.02,950.95,617.35,785.12,760.46,361.84,1259.86,1197.00,693.00,767.32
2,16,19,1488.36,1480.79,858.62,1581.14,951.02,617.36,785.15,760.48,361.86,1260.00,1197.00,693.00,767.40
2,16,20,1488.45,1480.87,858.69,1581.25,951.08,617.37,785.19,760.50,361.87,1260.14,1197.00,693.00,767.48
2,16,21,1488.54,1480.95,858.77,1581.36,951.15,617.38,785.22,760.53,361.89,1260.28,1197.00,693.00,767.56
2,16,22,1488.63,1481.03,858.85,1581.47,951.21,617.39,785.26,760.55,361.90,1260.41,1197.00,693.00,767.64
2,16,23,1488.72,1481.11,858.92,1581.58,951.28,617.40,785.29,760.57,361.92,1260.55,1197.00,693.00,767.72
2,16,24,1488.81,1481.19,859.00,1581.69,951.34,617.41,785.33,760.59,361.93,1260.69,1197.00,693.00,767.80
2,17,1,1488.90,1481.26,859.08,1581.80,951.41,617.42,785.37,760.61,361.94,1260.82,1197.00,693.00,767.88
2,17,2,1488.99,1481.34,859.15,1581.91,951.47,617.43,785.40,760.63,361.96,1260.94,1197.00,693.00,767.96
2,17,3,1489.07,1481.41,859.23,1582.02,951.54,617.44,785.44,760.65,361.97,1261.07,1197.00,693.00,768.03
2,17,4,1489.16,1481.48,859.30,1582.13,951.60,617.45,785.47,760.67,361.99,1261.20,1197.00,693.00,768.11
2,17,5,1489.25,1481.56,859.38,1582.24,951.67,617.46,785.51,760.69,362.00,1261.32,1197.00,693.00,768.19
2,17,6,1489.34,1481.63,859.45,1582.34,951.73,617.47,785.55,760.72,362.01,1261.45,1197.00,693.00,768.27
2,17,7,1489.43,1481.71,859.53,1582.45,951.80,617.48,785.58,760.74,362.03,1261.58,1197.00,693.00,768.35
2,17,8,1489.51,1481.78,859.60,1582.56,951.86,617.49,785.62,760.76,362.04,1261.70,1197.00,693.00,768.42
2,17,9,1489.60,1481.85,859.68,1582.67,951.93,617.50,785.65,760.78,362.06,1261.83,1197.00,693.00,768.50
2,17,10,1489.69,1481.93,859.75,1582.78,951.99,617.51,785.69,760.80,362.07,1261.96,1197.00,693.00,768.58
2,17,11,1489.78,1482.00,859.83,1582.89,952.06,617.52,785.72,760.82,362.09,1262.08,1197.00,693.00,768.66
2,17,12,1489.87,1482.07,859.90,1583.00,952.12,617.53,785.76,760.84,362.10,1262.21,1197.00,693.00,768.73
2,17,13,1489.95,1482.15,859.98,1583.11,952.19,617.55,785.80,760.86,362.11,1262.34,1197.00,693.00,768.81
2,17,14,1490.04,1482.22,860.06,1583.22,952.25,617.56,785.83,760.88,362.13,1262.46,1197.00,693.00,768.89
2,17,15,1490.13,1482.30,860.13,1583.33,952.32,617.57,785.87,760.90,362.14,1262.59,1197.00,693.00,768.97
2,17,16,1490.22,1482.37,860.21,1583.44,952.38,617.58,785.90,760.92,362.16,1262.72,1197.00,693.00,769.05
2,17,17,1490.30,1482.44,860.28,1583.55,952.45,617.59,785.94,760.94,362.17,1262.84,1197.00,693.00,769.12
2,17,18,1490.39,1482.52,860.36,1583.66,952.51,617.60,785.98,760.97,362.18,1262.97,1197.00,693.00,769.20
2,17,19,1490.48,1482.59,860.43,1583.76,952.58,617.61,786.01,760.99,362.20,1263.10,1197.00,693.00,769.28
2,17,20,1490.57,1482.66,860.51,1583.87,952.64,617.62,786.05,761.01,362.21,1263.22,1197.00,693.00,769.36
2,17,21,1490.66,1482.74,860.58,1583.98,952.71,617.63,786.08,761.03,362.23,1263.35,1197.00,693.00,769.44
2,17,22,1490.74,1482.81,860.66,1584.09,952.77,617.64,786.12,761.05,362.24,1263.48,1197.00,693.00,769.51
2,17,23,1490.83,1482.89,860.73,1584.20,952.84,617.65,786.15,761.07,362.26,1263.60,1197.00,693.00,769.59
2,17,24,1490.92,1482.96,860.81,1584.31,952.90,617.66,786.19,761.09,362.27,1263.73,1197.00,693.00,769.67
2,18,1,1491.01,1483.03,860.88,1584.42,952.97,617.67,786.23,761.11,362.28,1263.85,1197.00,693.00,769.75
2,18,2,1491.09,1483.11,860.96,1584.52,953.03,617.68,786.26,761.13,362.30,1263.98,1197.00,693.00,769.82
2,18,3,1491.18,1483.18,861.03,1584.63,953.10,617.69,786.30,761.15,362.31,1264.10,1197.00,693.00,769.90
2,18,4,1491.27,1483.25,861.11,1584.74,953.16,617.70,786.33,761.17,362.32,1264.22,1197.00,693.00,769.98
2,18,5,1491.36,1483.33,861.18,1584.85,953.23,617.71,786.37,761.19,362.34,1264.35,1197.00,693.00,770.05
2,18,6,1491.44,1483.40,861.26,1584.95,953.29,617.72,786.40,761.22,362.35,1264.47,1197.00,693.00,770.13
2,18,7,1491.53,1483.47,861.33,1585.06,953.36,617.73,786.44,761.24,362.36,1264.60,1197.00,693.00,770.21
2,18,8,1491.62,1483.55,861.41,1585.17,953.42,617.74,786.47,761.26,362.38,1264.72,1197.00,693.00,770.28
2,18,9,1491.70,1483.62,861.48,1585.27,953.49,617.75,786.51,761.28,362.39,1264.84,1197.00,693.00,770.36
2,18,10,1491.79,1483.69,861.56,1585.38,953.55,617.76,786.54,761.30,362.40,1264.97,1197.00,693.00,770.44
2,18,11,1491.88,1483.77,861.63,1585.49,953.62,617.77,786.58,761.32,362.42,1265.09,1197.00,693.00,770.51
2,18,12,1491.97,1483.84,861.70,1585.60,953.68,617.78,786.61,761.34,362.43,1265.21,1197.00,693.00,770.59
2,18,13,1492.05,1483.91,861.78,1585.70,953.75,617.80,786.65,761.36,362.44,1265.34,1197.00,693.00,770.67
2,18,14,1492.14,1483.99,861.85,1585.81,953.81,617.81,786.69,761.38,362.46,1265.46,1197.00,693.00,770.74
2,18,15,1492.23,1484.06,861.93,1585.92,953.88,617.82,786.72,761.40,362.47,1265.59,1197.00,693.00,770.82
2,18,16,1492.31,1484.13,862.00,1586.02,953.94,617.83,786.76,761.42,362.48,1265.71,1197.00,693.00,770.90
2,18,17,1492.40,1484.21,862.08,1586.13,954.01,617.84,786.79,761.44,362.50,1265.83,1197.00,693.00,770.97
2,18,18,1492.49,1484.28,862.15,1586.24,954.07,617.85,786.83,761.47,362.51,1265.96,1197.00,693.00,771.05
2,18,19,1492.57,1484.35,862.23,1586.34,954.14,617.86,786.86,761.49,362.52,1266.08,1197.00,693.00,771.13
2,18,20,1492.66,1484.43,862.30,1586.45,954.20,617.87,786.90,761.51,362.54,1266.20,1197.00,693.00,771.20
2,18,21,1492.75,1484.50,862.38,1586.56,954.27,617.88,786.93,761.53,362.55,1266.33,1197.00,693.00,771.28
2,18,22,1492.84,1484.57,862.45,1586.67,954.33,617.89,786.97,761.55,362.56,1266.45,1197.00,693.00,771.36
2,18,23,1492.92,1484.65,862.53,1586.77,954.40,617.90,787.00,761.57,362.58,1266.58,1197.00,693.00,771.43
2,18,24,1493.01,1484.72,862.60,1586.88,954.46,617.91,787.04,761.59,362.59,1266.70,1197.00,693.00,771.51
2,19,1,1493.10,1484.79,862.67,1586.99,954.53,617.92,787.08,761.61,362.60,1266.81,1197.00,693.00,771.58
2,19,2,1493.18,1484.87,862.75,1587.10,954.59,617.93,787.11,761.63,362.62,1266.93,1197.00,693.00,771.66
2,19,3,1493.27,1484.94,862.82,1587.20,954.66,617.94,787.15,761.65,362.63,1267.04,1197.00,693.00,771.73
2,19,4,1493.35,1485.02,862.89,1587.31,954.72,617.95,787.18,761.67,362.64,1267.15,1197.00,693.00,771.81
2,19,5,1493.44,1485.09,862.97,1587.42,954.79,617.97,787.22,761.69,362.65,1267.27,1197.00,693.00,771.88
2,19,6,1493.52,1485.17,863.04,1587.52,954.85,617.98,787.25,761.71,362.67,1267.38,1197.00,693.00,771.96
2,19,7,1493.61,1485.24,863.11,1587.63,954.92,617.99,787.29,761.73,362.68,1267.49,1197.00,693.00,772.03
2,19,8,1493.69,1485.32,863.19,1587.74,954.98,618.00,787.33,761.75,362.69,1267.61,1197.00,693.00,772.11
2,19,9,1493.78,1485.39,863.26,1587.85,955.05,618.01,787.36,761.77,362.71,1267.72,1197.00,693.00,772.18
2,19,10,1493.86,1485.47,863.33,1587.95,955.11,618.02,787.40,761.79,362.72,1267.83,1197.00,693.00,772.26
2,19,11,1493.95,1485.54,863.41,1588.06,955.18,618.03,787.43,761.81,362.73,1267.95,1197.00,693.00,772.33
2,19,12,1494.04,1485.61,863.48,1588.17,955.24,618.04,787.47,761.84,362.74,1268.06,1197.00,693.00,772.40
2,19,13,1494.12,1485.69,863.55,1588.28,955.31,618.06,787.51,761.86,362.76,1268.17,1197.00,693.00,772.48
2,19,14,1494.21,1485.76,863.63,1588.38,955.37,618.07,787.54,761.88,362.77,1268.29,1197.00,693.00,772.55
2,19,15,1494.29,1485.84,863.70,1588.49,955.44,618.08,787.58,761.90,362.78,1268.40,1197.00,693.00,772.63
2,19,16,1494.38,1485.91,863.77,1588.60,955.50,618.09,787.61,761.92,362.80,1268.51,1197.00,693.00,772.70
2,19,17,1494.46,1485.99,863.85,1588.71,955.57,618.10,787.65,761.94,362.81,1268.63,1197.00,693.00,772.78
2,19,18,1494.55,1486.06,863.92,1588.81,955.63,618.11,787.69,761.96,362.82,1268.74,1197.00,693.00,772.85
2,19,19,1494.63,1486.14,863.99,1588.92,955.70,618.12,787.72,761.98,362.84,1268.85,1197.00,693.00,772.93
2,19,20,1494.72,1486.21,864.07,1589.03,955.76,618.13,787.76,762.00,362.85,1268.97,1197.00,693.00,773.00
2,19,21,1494.80,1486.29,864.14,1589.14,955.83,618.15,787.79,762.02,362.86,1269.08,1197.00,693.00,773.08
2,19,22,1494.89,1486.36,864.21,1589.24,955.89,618.16,787.83,762.04,362.87,1269.19,1197.00,693.00,773.15
2,19,23,1494.97,1486.44,864.29,1589.35,955.96,618.17,787.86,762.06,362.89,1269.31,1197.00,693.00,773.23
2,19,24,1495.06,1486.51,864.36,1589.46,956.02,618.18,787.90,762.08,362.90,1269.42,1197.00,693.00,773.30
2,20,1,1495.14,1486.58,864.43,1589.57,956.09,618.19,787.93,762.10,362.91,1269.53,1197.00,693.00,773.37
2,20,2,1495.23,1486.66,864.50,1589.67,956.15,618.20,787.96,762.12,362.92,1269.64,1197.00,693.00,773.44
2,20,3,1495.31,1486.73,864.58,1589.78,956.22,618.21,788.00,762.14,362.94,1269.76,1197.00,693.00,773.52
2,20,4,1495.40,1486.81,864.65,1589.89,956.28,618.23,788.03,762.16,362.95,1269.87,1197.00,693.00,773.59
2,20,5,1495.48,1486.88,864.72,1590.00,956.35,618.24,788.06,762.18,362.96,1269.98,1197.00,693.00,773.66
2,20,6,1495.57,1486.96,864.79,1590.10,956.41,618.25,788.09,762.20,362.97,1270.09,1197.00,693.00,773.73
2,20,7,1495.65,1487.03,864.87,1590.21,956.48,618.26,788.12,762.22,362.99,1270.20,1197.00,693.00,773.81
2,20,8,1495.74,1487.10,864.94,1590.32,956.54,618.27,788.16,762.24,363.00,1270.32,1197.00,693.00,773.88
2,20,9,1495.82,1487.18,865.01,1590.43,956.61,618.29,788.19,762.26,363.01,1270.43,1197.00,693.00,773.95
2,20,10,1495.91,1487.25,865.08,1590.53,956.67,618.30,788.22,762.28,363.03,1270.54,1197.00,693.00,774.02
2,20,11,1495.99,1487.33,865.16,1590.64,956.74,618.31,788.25,762.30,363.04,1270.65,1197.00,693.00,774.10
2,20,12,1496.08,1487.40,865.23,1590.75,956.80,618.32,788.29,762.32,363.05,1270.77,1197.00,693.00,774.17
2,20,13,1496.16,1487.47,865.30,1590.86,956.87,618.33,788.32,762.34,363.06,1270.88,1197.00,693.00,774.24
2,20,14,1496.24,1487.55,865.37,1590.97,956.93,618.34,788.35,762.36,363.08,1270.99,1197.00,693.00,774.31
2,20,15,1496.33,1487.62,865.45,1591.07,957.00,618.36,788.38,762.38,363.09,1271.10,1197.00,693.00,774.39
2,20,16,1496.41,1487.70,865.52,1591.18,957.06,618.37,788.41,762.40,363.10,1271.21,1197.00,693.00,774.46
2,20,17,1496.50,1487.77,865.59,1591.29,957.13,618.38,788.45,762.42,363.11,1271.33,1197.00,693.00,774.53
2,20,18,1496.58,1487.85,865.66,1591.40,957.19,618.39,788.48,762.44,363.13,1271.44,1197.00,693.00,774.60
2,20,19,1496.67,1487.92,865.74,1591.50,957.26,618.40,788.51,762.46,363.14,1271.55,1197.00,693.00,774.68
2,20,20,1496.75,1487.99,865.81,1591.61,957.32,618.41,788.54,762.48,363.15,1271.66,1197.00,693.00,774.75
2,20,21,1496.84,1488.07,865.88,1591.72,957.39,618.43,788.57,762.50,363.16,1271.77,1197.00,693.00,774.82
2,20,22,1496.92,1488.14,865.95,1591.83,957.45,618.44,788.61,762.52,363.18,1271.89,1197.00,693.00,774.89
2,20,23,1497.01,1488.22,866.03,1591.93,957.52,618.45,788.64,762.54,363.19,1272.00,1197.00,693.00,774.97
2,20,24,1497.09,1488.29,866.10,1592.04,957.58,618.46,788.67,762.56,363.20,1272.11,1197.00,693.00,775.04
2,21,1,1497.17,1488.36,866.17,1592.14,957.65,618.47,788.70,762.58,363.21,1272.22,1197.00,693.00,775.11
2,21,2,1497.26,1488.44,866.24,1592.24,957.71,618.48,788.73,762.60,363.22,1272.32,1197.00,693.00,775.18
2,21,3,1497.34,1488.51,866.31,1592.35,957.78,618.49,788.76,762.62,363.24,1272.43,1197.00,693.00,775.25
2,21,4,1497.42,1488.59,866.39,1592.45,957.84,618.51,788.79,762.64,363.25,1272.54,1197.00,693.00,775.32
2,21,5,1497.51,1488.66,866.46,1592.55,957.91,618.52,788.83,762.66,363.26,1272.65,1197.00,693.00,775.40
2,21,6,1497.59,1488.73,866.53,1592.65,957.97,618.53,788.86,762.68,363.27,1272.75,1197.00,693.00,775.47
2,21,7,1497.68,1488.81,866.60,1592.75,958.04,618.54,788.89,762.70,363.28,1272.86,1197.00,693.00,775.54
2,21,8,1497.76,1488.88,866.67,1592.86,958.10,618.55,788.92,762.72,363.30,1272.97,1197.00,693.00,775.61
2,21,9,1497.84,1488.95,866.74,1592.96,958.17,618.56,788.95,762.74,363.31,1273.08,1197.00,693.00,775.68
2,21,10,1497.93,1489.03,866.82,1593.06,958.23,618.57,788.98,762.76,363.32,1273.18,1197.00,693.00,775.75
2,21,11,1498.01,1489.10,866.89,1593.16,958.30,618.58,789.01,762.78,363.33,1273.29,1197.00,693.00,775.82
2,21,12,1498.09,1489.18,866.96,1593.27,958.36,618.60,789.04,762.80,363.35,1273.40,1197.00,693.00,775.89
2,21,13,1498.18,1489.25,867.03,1593.37,958.43,618.61,789.08,762.82,363.36,1273.51,1197.00,693.00,775.97
2,21,14,1498.26,1489.32,867.10,1593.47,958.49,618.62,789.11,762.84,363.37,1273.61,1197.00,693.00,776.04
2,21,15,1498.35,1489.40,867.17,1593.57,958.56,618.63,789.14,762.86,363.38,1273.72,1197.00,693.00,776.11
2,21,16,1498.43,1489.47,867.25,1593.67,958.62,618.64,789.17,762.88,363.39,1273.83,1197.00,693.00,776.18
2,21,17,1498.51,1489.54,867.32,1593.78,958.69,618.65,789.20,762.90,363.41,1273.94,1197.00,693.00,776.25
2,21,18,1498.60,1489.62,867.39,1593.88,958.75,618.66,789.23,762.92,363.42,1274.04,1197.00,693.00,776.32
2,21,19,1498.68,1489.69,867.46,1593.98,958.82,618.67,789.26,762.94,363.43,1274.15,1197.00,693.00,776.39
2,21,20,1498.76,1489.77,867.53,1594.08,958.88,618.68,789.29,762.96,363.44,1274.26,1197.00,693.00,776.46
2,21,21,1498.85,1489.84,867.61,1594.18,958.95,618.70,789.33,762.98,363.45,1274.37,1197.00,693.00,776.54
2,21,22,1498.93,1489.91,867.68,1594.29,959.01,618.71,789.36,763.00,363.47,1274.47,1197.00,693.00,776.61
2,21,23,1499.02,1489.99,867.75,1594.39,959.08,618.72,789.39,763.02,363.48,1274.58,1197.00,693.00,776.68
2,21,24,1499.10,1490.06,867.82,1594.49,959.14,618.73,789.42,763.04,363.49,1274.69,1197.00,693.00,776.75
2,22,1,1499.18,1490.13,867.89,1594.59,959.21,618.74,789.45,763.06,363.50,1274.79,1197.00,693.00,776.82
2,22,2,1499.26,1490.21,867.96,1594.69,959.27,618.75,789.48,763.08,363.51,1274.89,1197.00,693.00,776.89
2,22,3,1499.35,1490.28,868.03,1594.80,959.34,618.76,789.51,763.10,363.53,1274.99,1197.00,693.00,776.96
2,22,4,1499.43,1490.36,868.10,1594.90,959.40,618.78,789.54,763.12,363.54,1275.09,1197.00,693.00,777.03
2,22,5,1499.51,1490.43,868.17,1595.00,959.47,618.79,789.58,763.14,363.55,1275.19,1197.00,693.00,777.10
2,22,6,1499.59,1490.50,868.25,1595.10,959.53,618.80,789.61,763.15,363.56,1275.29,1197.00,693.00,777.16
2,22,7,1499.68,1490.58,868.32,1595.20,959.60,618.81,789.64,763.17,363.57,1275.39,1197.00,693.00,777.23
2,22,8,1499.76,1490.65,868.39,1595.31,959.66,618.82,789.67,763.19,363.59,1275.49,1197.00,693.00,777.30
2,22,9,1499.84,1490.72,868.46,1595.41,959.73,618.83,789.70,763.21,363.60,1275.59,1197.00,693.00,777.37
2,22,10,1499.92,1490.80,868.53,1595.51,959.79,618.85,789.73,763.23,363.61,1275.69,1197.00,693.00,777.44
2,22,11,1500.01,1490.87,868.60,1595.61,959.86,618.86,789.76,763.25,363.62,1275.79,1197.00,693.00,777.51
2,22,12,1500.09,1490.95,868.67,1595.71,959.93,618.87,789.79,763.27,363.63,1275.88,1197.00,693.00,777.58
2,22,13,1500.17,1491.02,868.74,1595.82,959.99,618.88,789.83,763.29,363.65,1275.98,1197.00,693.00,777.65
2,22,14,1500.25,1491.09,868.81,1595.92,960.06,618.89,789.86,763.31,363.66,1276.08,1197.00,693.00,777.72
2,22,15,1500.34,1491.17,868.88,1596.02,960.12,618.90,789.89,763.33,363.67,1276.18,1197.00,693.00,777.79
2,22,16,1500.42,1491.24,868.95,1596.12,960.19,618.92,789.92,763.35,363.68,1276.28,1197.00,693.00,777.86
2,22,17,1500.50,1491.31,869.02,1596.23,960.25,618.93,789.95,763.37,363.70,1276.38,1197.00,693.00,777.93
2,22,18,1500.58,1491.39,869.10,1596.33,960.32,618.94,789.98,763.38,363.71,1276.48,1197.00,693.00,777.99
2,22,19,1500.67,1491.46,869.17,1596.43,960.38,618.95,790.01,763.40,363.72,1276.58,1197.00,693.00,778.06
2,22,20,1500.75,1491.53,869.24,1596.53,960.45,618.96,790.04,763.42,363.73,1276.68,1197.00,693.00,778.13
2,22,21,1500.83,1491.61,869.31,1596.63,960.51,618.98,790.08,763.44,363.74,1276.78,1197.00,693.00,778.20
2,22,22,1500.91,1491.68,869.38,1596.74,960.58,618.99,790.11,763.46,363.76,1276.88,1197.00,693.00,778.27
2,22,23,1501.00,1491.76,869.45,1596.84,960.64,619.00,790.14,763.48,363.77,1276.98,1197.00,693.00,778.34
2,22,24,1501.08,1491.83,869.52,1596.94,960.71,619.01,790.17,763.50,363.78,1277.08,1197.00,693.00,778.41
2,23,1,1501.16,1491.90,869.59,1597.04,960.78,619.02,790.20,763.52,363.79,1277.19,1197.00,693.00,778.48
2,23,2,1501.24,1491.98,869.66,1597.14,960.84,619.03,790.23,763.54,363.80,1277.29,1197.00,693.00,778.55
2,23,3,1501.32,1492.05,869.73,1597.25,960.91,619.04,790.26,763.56,363.81,1277.40,1197.00,693.00,778.61
2,23,4,1501.41,1492.13,869.80,1597.35,960.97,619.05,790.30,763.58,363.82,1277.51,1197.00,693.00,778.68
2,23,5,1501.49,1492.20,869.87,1597.45,961.04,619.06,790.33,763.60,363.84,1277.61,1197.00,693.00,778.75
2,23,6,1501.57,1492.27,869.94,1597.55,961.10,619.07,790.36,763.62,363.85,1277.72,1197.00,693.00,778.82
2,23,7,1501.65,1492.35,870.01,1597.65,961.17,619.08,790.39,763.64,363.86,1277.83,1197.00,693.00,778.89
2,23,8,1501.73,1492.42,870.08,1597.76,961.23,619.09,790.42,763.66,363.87,1277.93,1197.00,693.00,778.95
2,23,9,1501.81,1492.50,870.15,1597.86,961.30,619.10,790.45,763.68,363.88,1278.04,1197.00,693.00,779.02
2,23,10,1501.90,1492.57,870.22,1597.96,961.36,619.11,790.49,763.70,363.89,1278.15,1197.00,693.00,779.09
2,23,11,1501.98,1492.65,870.29,1598.06,961.43,619.12,790.52,763.72,363.90,1278.25,1197.00,693.00,779.16
2,23,12,1502.06,1492.72,870.36,1598.16,961.49,619.14,790.55,763.73,363.91,1278.36,1197.00,693.00,779.22
2,23,13,1502.14,1492.79,870.43,1598.27,961.56,619.15,790.58,763.75,363.93,1278.47,1197.00,693.00,779.29
2,23,14,1502.22,1492.87,870.50,1598.37,961.62,619.16,790.61,763.77,363.94,1278.57,1197.00,693.00,779.36
2,23,15,1502.31,1492.94,870.57,1598.47,961.69,619.17,790.64,763.79,363.95,1278.68,1197.00,693.00,779.43
2,23,16,1502.39,1493.02,870.64,1598.57,961.75,619.18,790.68,763.81,363.96,1278.79,1197.00,693.00,779.50
2,23,17,1502.47,1493.09,870.71,1598.68,961.82,619.19,790.71,763.83,363.97,1278.89,1197.00,693.00,779.56
2,23,18,1502.55,1493.16,870.78,1598.78,961.88,619.20,790.74,763.85,363.98,1279.00,1197.00,693.00,779.63
2,23,19,1502.63,1493.24,870.85,1598.88,961.95,619.21,790.77,763.87,363.99,1279.11,1197.00,693.00,779.70
2,23,20,1502.71,1493.31,870.92,1598.98,962.01,619.22,790.80,763.89,364.00,1279.21,1197.00,693.00,779.77
2,23,21,1502.80,1493.39,870.99,1599.08,962.08,619.23,790.83,763.91,364.02,1279.32,1197.00,693.00,779.84
2,23,22,1502.88,1493.46,871.06,1599.19,962.14,619.24,790.87,763.93,364.03,1279.43,1197.00,693.00,779.90
2,23,23,1502.96,1493.54,871.13,1599.29,962.21,619.25,790.90,763.95,364.04,1279.53,1197.00,693.00,779.97
2,23,24,1503.04,1493.61,871.20,1599.39,962.27,619.26,790.93,763.97,364.05,1279.64,1197.00,693.00,780.04
2,24,1,1503.12,1493.68,871.27,1599.49,962.34,619.27,790.96,763.99,364.06,1279.73,1197.00,693.00,780.11
2,24,2,1503.20,1493.76,871.34,1599.58,962.40,619.28,790.99,764.01,364.07,1279.82,1197.00,693.00,780.17
2,24,3,1503.28,1493.83,871.41,1599.68,962.47,619.29,791.02,764.03,364.08,1279.91,1197.00,693.00,780.24
2,24,4,1503.36,1493.91,871.48,1599.78,962.53,619.30,791.05,764.04,364.09,1280.00,1197.00,693.00,780.30
2,24,5,1503.44,1493.98,871.54,1599.88,962.60,619.31,791.09,764.06,364.11,1280.09,1197.00,693.00,780.37
2,24,6,1503.52,1494.06,871.61,1599.97,962.66,619.32,791.12,764.08,364.12,1280.18,1197.00,693.00,780.44
2,24,7,1503.60,1494.13,871.68,1600.07,962.73,619.33,791.15,764.10,364.13,1280.28,1197.00,693.00,780.50
2,24,8,1503.68,1494.21,871.75,1600.17,962.79,619.34,791.18,764.12,364.14,1280.37,1197.00,693.00,780.57
2,24,9,1503.76,1494.28,871.82,1600.26,962.86,619.35,791.21,764.14,364.15,1280.46,1197.00,693.00,780.64
2,24,10,1503.84,1494.36,871.89,1600.36,962.92,619.36,791.24,764.16,364.16,1280.55,1197.00,693.00,780.70
2,24,11,1503.92,1494.43,871.96,1600.46,962.99,619.37,791.27,764.18,364.17,1280.64,1197.00,693.00,780.77
2,24,12,1504.01,1494.51,872.02,1600.55,963.05,619.39,791.30,764.19,364.18,1280.73,1197.00,693.00,780.83
2,24,13,1504.09,1494.58,872.09,1600.65,963.12,619.40,791.34,764.21,364.20,1280.82,1197.00,693.00,780.90
2,24,14,1504.17,1494.65,872.16,1600.75,963.18,619.41,791.37,764.23,364.21,1280.91,1197.00,693.00,780.97
2,24,15,1504.25,1494.73,872.23,1600.85,963.25,619.42,791.40,764.25,364.22,1281.00,1197.00,693.00,781.03
2,24,16,1504.33,1494.80,872.30,1600.94,963.31,619.43,791.43,764.27,364.23,1281.09,1197.00,693.00,781.10
2,24,17,1504.41,1494.88,872.37,1601.04,963.38,619.44,791.46,764.29,364.24,1281.18,1197.00,693.00,781.17
2,24,18,1504.49,1494.95,872.44,1601.14,963.44,619.45,791.49,764.31,364.25,1281.27,1197.00,693.00,781.23
2,24,19,1504.57,1495.03,872.51,1601.23,963.51,619.46,791.52,764.33,364.26,1281.37,1197.00,693.00,781.30
2,24,20,1504.65,1495.10,872.57,1601.33,963.57,619.47,791.55,764.34,364.28,1281.46,1197.00,693.00,781.37
2,24,21,1504.73,1495.18,872.64,1601.43,963.64,619.48,791.59,764.36,364.29,1281.55,1197.00,693.00,781.43
2,24,22,1504.81,1495.25,872.71,1601.53,963.70,619.49,791.62,764.38,364.30,1281.64,1197.00,693.00,781.50
2,24,23,1504.89,1495.33,872.78,1601.62,963.77,619.50,791.65,764.40,364.31,1281.73,1197.00,693.00,781.56
2,24,24,1504.97,1495.40,872.85,1601.72,963.83,619.51,791.68,764.42,364.32,1281.82,1197.00,693.00,781.63
2,25,1,1505.05,1495.47,872.92,1601.82,963.90,619.52,791.71,764.44,364.33,1281.92,1197.00,693.00,781.69
2,25,2,1505.13,1495.55,872.99,1601.92,963.96,619.53,791.74,764.46,364.34,1282.01,1197.00,693.00,781.76
2,25,3,1505.21,1495.62,873.05,1602.02,964.03,619.54,791.77,764.48,364.35,1282.11,1197.00,693.00,781.82
2,25,4,1505.29,1495.69,873.12,1602.12,964.09,619.55,791.80,764.49,364.36,1282.21,1197.00,693.00,781.89
2,25,5,1505.37,1495.77,873.19,1602.23,964.16,619.56,791.84,764.51,364.37,1282.31,1197.00,693.00,781.95
2,25,6,1505.45,1495.84,873.26,1602.33,964.22,619.57,791.87,764.53,364.39,1282.40,1197.00,693.00,782.02
2,25,7,1505.53,1495.91,873.33,1602.43,964.29,619.58,791.90,764.55,364.40,1282.50,1197.00,693.00,782.08
2,25,8,1505.61,1495.99,873.40,1602.53,964.35,619.59,791.93,764.57,364.41,1282.60,1197.00,693.00,782.15
2,25,9,1505.69,1496.06,873.46,1602.63,964.42,619.60,791.96,764.59,364.42,1282.70,1197.00,693.00,782.21
2,25,10,1505.77,1496.13,873.53,1602.73,964.48,619.61,791.99,764.61,364.43,1282.79,1197.00,693.00,782.28
2,25,11,1505.85,1496.21,873.60,1602.83,964.55,619.62,792.02,764.63,364.44,1282.89,1197.00,693.00,782.34
2,25,12,1505.92,1496.28,873.67,1602.93,964.61,619.64,792.05,764.64,364.45,1282.99,1197.00,693.00,782.40
2,25,13,1506.00,1496.35,873.74,1603.04,964.68,619.65,792.09,764.66,364.46,1283.09,1197.00,693.00,782.47
2,25,14,1506.08,1496.43,873.81,1603.14,964.74,619.66,792.12,764.68,364.47,1283.18,1197.00,693.00,782.53
2,25,15,1506.16,1496.50,873.87,1603.24,964.81,619.67,792.15,764.70,364.48,1283.28,1197.00,693.00,782.60
2,25,16,1506.24,1496.57,873.94,1603.34,964.87,619.68,792.18,764.72,364.49,1283.38,1197.00,693.00,782.66
2,25,17,1506.32,1496.65,874.01,1603.44,964.94,619.69,792.21,764.74,364.50,1283.48,1197.00,693.00,782.73
2,25,18,1506.40,1496.72,874.08,1603.54,965.00,619.70,792.24,764.76,364.51,1283.58,1197.00,693.00,782.79
2,25,19,1506.48,1496.79,874.15,1603.64,965.07,619.71,792.27,764.78,364.53,1283.67,1197.00,693.00,782.86
2,25,20,1506.56,1496.87,874.22,1603.75,965.13,619.72,792.30,764.79,364.54,1283.77,1197.00,693.00,782.92
2,25,21,1506.64,1496.94,874.28,1603.85,965.20,619.73,792.34,764.81,364.55,1283.87,1197.00,693.00,782.99
2,25,22,1506.72,1497.01,874.35,1603.95,965.26,619.74,792.37,764.83,364.56,1283.97,1197.00,693.00,783.05
2,25,23,1506.80,1497.09,874.42,1604.05,965.33,619.75,792.40,764.85,364.57,1284.06,1197.00,693.00,783.12
2,25,24,1506.88,1497.16,874.49,1604.15,965.39,619.76,792.43,764.87,364.58,1284.16,1197.00,693.00,783.18
2,26,1,1506.96,1497.24,874.56,1604.25,965.46,619.77,792.46,764.89,364.59,1284.25,1197.00,693.00,783.24
2,26,2,1507.04,1497.31,874.62,1604.34,965.52,619.78,792.49,764.91,364.60,1284.34,1197.00,693.00,783.31
2,26,3,1507.12,1497.39,874.69,1604.44,965.59,619.79,792.52,764.92,364.61,1284.43,1197.00,693.00,783.37
2,26,4,1507.20,1497.46,874.76,1604.53,965.65,619.80,792.55,764.94,364.62,1284.52,1197.00,693.00,783.43
2,26,5,1507.27,1497.54,874.83,1604.63,965.72,619.81,792.58,764.96,364.63,1284.61,1197.00,693.00,783.50
2,26,6,1507.35,1497.61,874.89,1604.72,965.78,619.82,792.61,764.98,364.64,1284.70,1197.00,693.00,783.56
2,26,7,1507.43,1497.69,874.96,1604.82,965.85,619.83,792.64,765.00,364.65,1284.79,1197.00,693.00,783.62
2,26,8,1507.51,1497.76,875.03,1604.91,965.91,619.84,792.67,765.02,364.66,1284.88,1197.00,693.00,783.69
2,26,9,1507.59,1497.84,875.10,1605.01,965.98,619.85,792.70,765.03,364.67,1284.97,1197.00,693.00,783.75
2,26,10,1507.67,1497.91,875.16,1605.10,966.04,619.86,792.73,765.05,364.68,1285.06,1197.00,693.00,783.81
2,26,11,1507.75,1497.99,875.23,1605.20,966.11,619.87,792.76,765.07,364.69,1285.15,1197.00,693.00,783.88
2,26,12,1507.83,1498.07,875.30,1605.29,966.17,619.89,792.79,765.09,364.70,1285.24,1197.00,693.00,783.94
2,26,13,1507.90,1498.14,875.37,1605.39,966.24,619.90,792.83,765.11,364.72,1285.32,1197.00,693.00,784.00
2,26,14,1507.98,1498.22,875.43,1605.49,966.30,619.91,792.86,765.13,364.73,1285.41,1197.00,693.00,784.07
2,26,15,1508.06,1498.29,875.50,1605.58,966.37,619.92,792.89,765.14,364.74,1285.50,1197.00,693.00,784.13
2,26,16,1508.14,1498.37,875.57,1605.68,966.43,619.93,792.92,765.16,364.75,1285.59,1197.00,693.00,784.19
2,26,17,1508.22,1498.44,875.64,1605.77,966.50,619.94,792.95,765.18,364.76,1285.68,1197.00,693.00,784.26
2,26,18,1508.30,1498.52,875.70,1605.87,966.56,619.95,792.98,765.20,364.77,1285.77,1197.00,693.00,784.32
2,26,19,1508.38,1498.59,875.77,1605.96,966.63,619.96,793.01,765.22,364.78,1285.86,1197.00,693.00,784.38
2,26,20,1508.46,1498.67,875.84,1606.06,966.69,619.97,793.04,765.24,364.79,1285.95,1197.00,693.00,784.45
2,26,21,1508.53,1498.74,875.91,1606.15,966.76,619.98,793.07,765.25,364.80,1286.04,1197.00,693.00,784.51
2,26,22,1508.61,1498.82,875.97,1606.25,966.82,619.99,793.10,765.27,364.81,1286.13,1197.00,693.00,784.57
2,26,23,1508.69,1498.89,876.04,1606.34,966.89,620.00,793.13,765.29,364.82,1286.22,1197.00,693.00,784.64
2,26,24,1508.77,1498.97,876.11,1606.44,966.95,620.01,793.16,765.31,364.83,1286.31,1197.00,693.00,784.70
2,27,1,1508.85,1499.04,876.18,1606.54,967.02,620.02,793.19,765.33,364.84,1286.40,1197.00,693.00,784.76
2,27,2,1508.93,1499.11,876.24,1606.63,967.08,620.03,793.22,765.35,364.85,1286.49,1197.00,693.00,784.82
2,27,3,1509.00,1499.18,876.31,1606.73,967.15,620.05,793.24,765.36,364.86,1286.58,1197.00,693.00,784.89
2,27,4,1509.08,1499.25,876.37,1606.82,967.21,620.06,793.27,765.38,364.87,1286.67,1197.00,693.00,784.95
2,27,5,1509.16,1499.32,876.44,1606.92,967.28,620.07,793.30,765.40,364.88,1286.76,1197.00,693.00,785.01
2,27,6,1509.24,1499.39,876.51,1607.01,967.34,620.08,793.33,765.42,364.89,1286.85,1197.00,693.00,785.07
2,27,7,1509.32,1499.47,876.57,1607.11,967.41,620.09,793.36,765.44,364.90,1286.93,1197.00,693.00,785.13
2,27,8,1509.39,1499.54,876.64,1607.20,967.47,620.10,793.38,765.46,364.91,1287.02,1197.00,693.00,785.20
2,27,9,1509.47,1499.61,876.71,1607.30,967.54,620.11,793.41,765.47,364.92,1287.11,1197.00,693.00,785.26
2,27,10,1509.55,1499.68,876.77,1607.39,967.60,620.13,793.44,765.49,364.93,1287.20,1197.00,693.00,785.32
2,27,11,1509.63,1499.75,876.84,1607.49,967.67,620.14,793.47,765.51,364.94,1287.29,1197.00,693.00,785.38
2,27,12,1509.71,1499.82,876.90,1607.58,967.73,620.15,793.49,765.53,364.95,1287.38,1197.00,693.00,785.45
2,27,13,1509.78,1499.89,876.97,1607.68,967.80,620.16,793.52,765.55,364.96,1287.47,1197.00,693.00,785.51
2,27,14,1509.86,1499.96,877.04,1607.78,967.86,620.17,793.55,765.57,364.97,1287.56,1197.00,693.00,785.57
2,27,15,1509.94,1500.03,877.10,1607.87,967.93,620.18,793.58,765.58,364.98,1287.65,1197.00,693.00,785.63
2,27,16,1510.02,1500.10,877.17,1607.97,967.99,620.20,793.61,765.60,364.99,1287.74,1197.00,693.00,785.69
2,27,17,1510.09,1500.17,877.24,1608.06,968.06,620.21,793.63,765.62,365.00,1287.83,1197.00,693.00,785.76
2,27,18,1510.17,1500.25,877.30,1608.16,968.12,620.22,793.66,765.64,365.01,1287.91,1197.00,693.00,785.82
2,27,19,1510.25,1500.32,877.37,1608.25,968.19,620.23,793.69,765.66,365.02,1288.00,1197.00,693.00,785.88
2,27,20,1510.33,1500.39,877.44,1608.35,968.25,620.24,793.72,765.68,365.03,1288.09,1197.00,693.00,785.94
2,27,21,1510.41,1500.46,877.50,1608.44,968.32,620.25,793.75,765.69,365.04,1288.18,1197.00,693.00,786.00
2,27,22,1510.48,1500.53,877.57,1608.54,968.38,620.27,793.77,765.71,365.05,1288.27,1197.00,693.00,786.07
2,27,23,1510.56,1500.60,877.63,1608.63,968.45,620.28,793.80,765.73,365.06,1288.36,1197.00,693.00,786.13
2,27,24,1510.64,1500.67,877.70,1608.73,968.51,620.29,793.83,765.75,365.07,1288.45,1197.00,693.00,786.19
2,28,1,1510.72,1500.74,877.77,1608.83,968.58,620.30,793.86,765.77,365.08,1288.54,1197.00,693.00,786.25
2,28,2,1510.79,1500.80,877.83,1608.92,968.64,620.31,793.89,765.79,365.09,1288.62,1197.00,693.00,786.31
2,28,3,1510.87,1500.87,877.90,1609.02,968.71,620.32,793.91,765.80,365.10,1288.71,1197.00,693.00,786.37
2,28,4,1510.95,1500.94,877.96,1609.11,968.77,620.34,793.94,765.82,365.11,1288.79,1197.00,693.00,786.43
2,28,5,1511.02,1501.00,878.03,1609.21,968.84,620.35,793.97,765.84,365.12,1288.88,1197.00,693.00,786.49
2,28,6,1511.10,1501.07,878.10,1609.30,968.90,620.36,794.00,765.86,365.13,1288.97,1197.00,693.00,786.55
2,28,7,1511.18,1501.14,878.16,1609.40,968.97,620.37,794.03,765.88,365.14,1289.05,1197.00,693.00,786.61
2,28,8,1511.25,1501.20,878.23,1609.49,969.03,620.38,794.05,765.89,365.15,1289.14,1197.00,693.00,786.67
2,28,9,1511.33,1501.27,878.29,1609.59,969.10,620.39,794.08,765.91,365.16,1289.23,1197.00,693.00,786.73
2,28,10,1511.41,1501.34,878.36,1609.68,969.16,620.41,794.11,765.93,365.17,1289.31,1197.00,693.00,786.79
2,28,11,1511.48,1501.40,878.42,1609.78,969.23,620.42,794.14,765.95,365.18,1289.40,1197.00,693.00,786.85
2,28,12,1511.56,1501.47,878.49,1609.88,969.29,620.43,794.17,765.96,365.20,1289.48,1197.00,693.00,786.92
2,28,13,1511.64,1501.54,878.56,1609.97,969.36,620.44,794.19,765.98,365.21,1289.57,1197.00,693.00,786.98
2,28,14,1511.71,1501.60,878.62,1610.07,969.42,620.45,794.22,766.00,365.22,1289.66,1197.00,693.00,787.04
2,28,15,1511.79,1501.67,878.69,1610.16,969.49,620.46,794.25,766.02,365.23,1289.74,1197.00,693.00,787.10
2,28,16,1511.87,1501.74,878.75,1610.26,969.55,620.48,794.28,766.04,365.24,1289.83,1197.00,693.00,787.16
2,28,17,1511.94,1501.80,878.82,1610.35,969.62,620.49,794.30,766.05,365.25,1289.92,1197.00,693.00,787.22
2,28,18,1512.02,1501.87,878.89,1610.45,969.68,620.50,794.33,766.07,365.26,1290.00,1197.00,693.00,787.28
2,28,19,1512.10,1501.94,878.95,1610.54,969.75,620.51,794.36,766.09,365.27,1290.09,1197.00,693.00,787.34
2,28,20,1512.17,1502.00,879.02,1610.64,969.81,620.52,794.39,766.11,365.28,1290.18,1197.00,693.00,787.40
2,28,21,1512.25,1502.07,879.08,1610.73,969.88,620.54,794.42,766.13,365.29,1290.26,1197.00,693.00,787.46
2,28,22,1512.33,1502.14,879.15,1610.83,969.94,620.55,794.44,766.14,365.30,1290.35,1197.00,693.00,787.52
2,28,23,1512.40,1502.20,879.21,1610.92,970.01,620.56,794.47,766.16,365.31,1290.43,1197.00,693.00,787.58
2,28,24,1512.48,1502.27,879.28,1611.02,970.07,620.57,794.50,766.18,365.32,1290.52,1197.00,693.00,787.64
3,1,1,1512.52,1502.29,879.31,1611.08,970.10,620.58,794.53,766.20,365.33,1290.57,1197.00,693.00,787.67
3,1,2,1512.56,1502.32,879.34,1611.13,970.12,620.59,794.56,766.21,365.34,1290.62,1197.00,693.00,787.70
3,1,3,1512.59,1502.34,879.37,1611.19,970.15,620.61,794.58,766.23,365.35,1290.66,1197.00,693.00,787.74
3,1,4,1512.63,1502.37,879.41,1611.24,970.17,620.62,794.61,766.25,365.36,1290.71,1197.00,693.00,787.77
3,1,5,1512.67,1502.39,879.44,1611.30,970.20,620.63,794.64,766.27,365.37,1290.76,1197.00,693.00,787.80
3,1,6,1512.71,1502.41,879.47,1611.35,970.22,620.64,794.67,766.28,365.38,1290.81,1197.00,693.00,787.83
3,1,7,1512.75,1502.44,879.50,1611.41,970.25,620.65,794.70,766.30,365.39,1290.86,1197.00,693.00,787.86
3,1,8,1512.79,1502.46,879.53,1611.46,970.27,620.66,794.72,766.32,365.40,1290.90,1197.00,693.00,787.90
3,1,9,1512.82,1502.48,879.56,1611.51,970.30,620.67,794.75,766.34,365.41,1290.95,1197.00,693.00,787.93
3,1,10,1512.86,1502.51,879.59,1611.57,970.32,620.69,794.78,766.35,365.42,1291.00,1197.00,693.00,787.96
3,1,11,1512.90,1502.53,879.62,1611.62,970.35,620.70,794.81,766.37,365.43,1291.05,1197.00,693.00,787.99
3,1,12,1512.94,1502.55,879.66,1611.68,970.38,620.71,794.83,766.39,365.43,1291.10,1197.00,693.00,788.02
3,1,13,1512.98,1502.58,879.69,1611.73,970.40,620.72,794.86,766.41,365.44,1291.14,1197.00,693.00,788.06
3,1,14,1513.02,1502.60,879.72,1611.79,970.43,620.73,794.89,766.42,365.45,1291.19,1197.00,693.00,788.09
3,1,15,1513.06,1502.63,879.75,1611.84,970.45,620.74,794.92,766.44,365.46,1291.24,1197.00,693.00,788.12
3,1,16,1513.09,1502.65,879.78,1611.90,970.48,620.76,794.95,766.46,365.47,1291.29,1197.00,693.00,788.15
3,1,17,1513.13,1502.67,879.81,1611.95,970.50,620.77,794.97,766.48,365.48,1291.33,1197.00,693.00,788.19
3,1,18,1513.17,1502.70,879.84,1612.01,970.53,620.78,795.00,766.49,365.49,1291.38,1197.00,693.00,788.22
3,1,19,1513.21,1502.72,879.87,1612.06,970.55,620.79,795.03,766.51,365.50,1291.43,1197.00,693.00,788.25
3,1,20,1513.25,1502.74,879.91,1612.12,970.58,620.80,795.06,766.53,365.51,1291.48,1197.00,693.00,788.28
3,1,21,1513.29,1502.77,879.94,1612.17,970.60,620.81,795.09,766.55,365.52,1291.53,1197.00,693.00,788.31
3,1,22,1513.32,1502.79,879.97,1612.23,970.63,620.83,795.11,766.56,365.53,1291.57,1197.00,693.00,788.35
3,1,23,1513.36,1502.82,880.00,1612.28,970.65,620.84,795.14,766.58,365.54,1291.62,1197.00,693.00,788.38
3,1,24,1513.40,1502.84,880.03,1612.34,970.68,620.85,795.17,766.60,365.55,1291.67,1197.00,693.00,788.41
3,2,1,1513.44,1502.86,880.06,1612.40,970.71,620.86,795.20,766.62,365.56,1291.71,1197.00,693.00,788.44
3,2,2,1513.48,1502.88,880.09,1612.45,970.73,620.87,795.23,766.64,365.57,1291.76,1197.00,693.00,788.47
3,2,3,1513.51,1502.91,880.12,1612.51,970.76,620.88,795.25,766.65,365.58,1291.80,1197.00,693.00,788.50
3,2,4,1513.55,1502.93,880.16,1612.57,970.78,620.89,795.28,766.67,365.59,1291.85,1197.00,693.00,788.54
3,2,5,1513.59,1502.95,880.19,1612.62,970.81,620.91,795.31,766.69,365.60,1291.89,1197.00,693.00,788.57
3,2,6,1513.63,1502.97,880.22,1612.68,970.83,620.92,795.34,766.71,365.61,1291.94,1197.00,693.00,788.60
3,2,7,1513.67,1503.00,880.25,1612.74,970.86,620.93,795.37,766.73,365.62,1291.98,1197.00,693.00,788.63
3,2,8,1513.70,1503.02,880.28,1612.79,970.89,620.94,795.39,766.74,365.63,1292.03,1197.00,693.00,788.66
3,2,9,1513.74,1503.04,880.31,1612.85,970.91,620.95,795.42,766.76,365.64,1292.07,1197.00,693.00,788.69
3,2,10,1513.78,1503.06,880.34,1612.91,970.94,620.96,795.45,766.78,365.65,1292.12,1197.00,693.00,788.73
3,2,11,1513.82,1503.09,880.37,1612.96,970.96,620.97,795.48,766.80,365.66,1292.16,1197.00,693.00,788.76
3,2,12,1513.86,1503.11,880.41,1613.02,970.99,620.98,795.51,766.82,365.66,1292.21,1197.00,693.00,788.79
3,2,13,1513.89,1503.13,880.44,1613.08,971.02,621.00,795.53,766.83,365.67,1292.25,1197.00,693.00,788.82
3,2,14,1513.93,1503.15,880.47,1613.13,971.04,621.01,795.56,766.85,365.68,1292.29,1197.00,693.00,788.85
3,2,15,1513.97,1503.18,880.50,1613.19,971.07,621.02,795.59,766.87,365.69,1292.34,1197.00,693.00,788.88
3,2,16,1514.01,1503.20,880.53,1613.25,971.09,621.03,795.62,766.89,365.70,1292.38,1197.00,693.00,788.92
3,2,17,1514.04,1503.22,880.56,1613.30,971.12,621.04,795.64,766.90,365.71,1292.43,1197.00,693.00,788.95
3,2,18,1514.08,1503.24,880.59,1613.36,971.14,621.05,795.67,766.92,365.72,1292.47,1197.00,693.00,788.98
3,2,19,1514.12,1503.27,880.62,1613.42,971.17,621.06,795.70,766.94,365.73,1292.52,1197.00,693.00,789.01
3,2,20,1514.16,1503.29,880.66,1613.47,971.20,621.07,795.73,766.96,365.74,1292.56,1197.00,693.00,789.04
3,2,21,1514.20,1503.31,880.69,1613.53,971.22,621.09,795.76,766.98,365.75,1292.61,1197.00,693.00,789.07
3,2,22,1514.23,1503.34,880.72,1613.59,971.25,621.10,795.78,766.99,365.76,1292.65,1197.00,693.00,789.11
3,2,23,1514.27,1503.36,880.75,1613.64,971.27,621.11,795.81,767.01,365.77,1292.70,1197.00,693.00,789.14
3,2,24,1514.31,1503.38,880.78,1613.70,971.30,621.12,795.84,767.03,365.78,1292.74,1197.00,693.00,789.17
3,3,1,1514.35,1503.40,880.81,1613.75,971.33,621.13,795.87,767.05,365.79,1292.78,1197.00,693.00,789.20
3,3,2,1514.39,1503.43,880.84,1613.81,971.35,621.14,795.90,767.06,365.80,1292.83,1197.00,693.00,789.23
3,3,3,1514.42,1503.45,880.87,1613.86,971.38,621.15,795.92,767.08,365.81,1292.87,1197.00,693.00,789.26
3,3,4,1514.46,1503.47,880.90,1613.91,971.40,621.16,795.95,767.10,365.82,1292.92,1197.00,693.00,789.29
3,3,5,1514.50,1503.49,880.93,1613.97,971.43,621.17,795.98,767.12,365.83,1292.96,1197.00,693.00,789.33
3,3,6,1514.54,1503.52,880.97,1614.02,971.45,621.18,796.01,767.13,365.84,1293.01,1197.00,693.00,789.36
3,3,7,1514.57,1503.54,881.00,1614.07,971.48,621.19,796.04,767.15,365.85,1293.05,1197.00,693.00,789.39
3,3,8,1514.61,1503.56,881.03,1614.13,971.50,621.20,796.06,767.17,365.86,1293.10,1197.00,693.00,789.42
3,3,9,1514.65,1503.58,881.06,1614.18,971.53,621.21,796.09,767.18,365.87,1293.14,1197.00,693.00,789.45
3,3,10,1514.69,1503.61,881.09,1614.23,971.55,621.22,796.12,767.20,365.88,1293.19,1197.00,693.00,789.48
3,3,11,1514.72,1503.63,881.12,1614.29,971.58,621.23,796.15,767.22,365.89,1293.23,1197.00,693.00,789.51
3,3,12,1514.76,1503.65,881.15,1614.34,971.60,621.24,796.18,767.24,365.90,1293.28,1197.00,693.00,789.54
3,3,13,1514.80,1503.67,881.18,1614.39,971.63,621.26,796.20,767.25,365.90,1293.32,1197.00,693.00,789.58
3,3,14,1514.84,1503.70,881.21,1614.45,971.66,621.27,796.23,767.27,365.91,1293.36,1197.00,693.00,789.61
3,3,15,1514.87,1503.72,881.24,1614.50,971.68,621.28,796.26,767.29,365.92,1293.41,1197.00,693.00,789.64
3,3,16,1514.91,1503.74,881.27,1614.55,971.71,621.29,796.29,767.30,365.93,1293.45,1197.00,693.00,789.67
3,3,17,1514.95,1503.76,881.30,1614.61,971.73,621.30,796.31,767.32,365.94,1293.50,1197.00,693.00,789.70
3,3,18,1514.98,1503.79,881.34,1614.66,971.76,621.31,796.34,767.34,365.95,1293.54,1197.00,693.00,789.73
3,3,19,1515.02,1503.81,881.37,1614.71,971.78,621.32,796.37,767.35,365.96,1293.59,1197.00,693.00,789.76
3,3,20,1515.06,1503.83,881.40,1614.77,971.81,621.33,796.40,767.37,365.97,1293.63,1197.00,693.00,789.79
3,3,21,1515.10,1503.85,881.43,1614.82,971.83,621.34,796.43,767.39,365.98,1293.68,1197.00,693.00,789.83
3,3,22,1515.13,1503.88,881.46,1614.87,971.86,621.35,796.45,767.41,365.99,1293.72,1197.00,693.00,789.86
3,3,23,1515.17,1503.90,881.49,1614.93,971.88,621.36,796.48,767.42,366.00,1293.77,1197.00,693.00,789.89
3,3,24,1515.21,1503.92,881.52,1614.98,971.91,621.37,796.51,767.44,366.01,1293.81,1197.00,693.00,789.92
3,4,1,1515.25,1503.94,881.55,1615.03,971.94,621.38,796.54,767.46,366.02,1293.85,1197.00,693.00,789.95
3,4,2,1515.28,1503.97,881.58,1615.09,971.96,621.39,796.57,767.47,366.03,1293.90,1197.00,693.00,789.98
3,4,3,1515.32,1503.99,881.61,1615.14,971.99,621.40,796.59,767.49,366.04,1293.94,1197.00,693.00,790.01
3,4,4,1515.36,1504.01,881.64,1615.19,972.01,621.41,796.62,767.51,366.05,1293.99,1197.00,693.00,790.04
3,4,5,1515.40,1504.03,881.67,1615.25,972.04,621.42,796.65,767.53,366.06,1294.03,1197.00,693.00,790.08
3,4,6,1515.43,1504.06,881.71,1615.30,972.06,621.43,796.68,767.54,366.07,1294.08,1197.00,693.00,790.11
3,4,7,1515.47,1504.08,881.74,1615.35,972.09,621.44,796.70,767.56,366.07,1294.12,1197.00,693.00,790.14
3,4,8,1515.51,1504.10,881.77,1615.41,972.11,621.45,796.73,767.58,366.08,1294.17,1197.00,693.00,790.17
3,4,9,1515.55,1504.12,881.80,1615.46,972.14,621.46,796.76,767.59,366.09,1294.21,1197.00,693.00,790.20
3,4,10,1515.58,1504.15,881.83,1615.51,972.16,621.47,796.78,767.61,366.10,1294.26,1197.00,693.00,790.23
3,4,11,1515.62,1504.17,881.86,1615.57,972.19,621.48,796.81,767.63,366.11,1294.30,1197.00,693.00,790.26
3,4,12,1515.66,1504.19,881.89,1615.62,972.21,621.49,796.84,767.64,366.12,1294.35,1197.00,693.00,790.29
3,4,13,1515.70,1504.21,881.92,1615.67,972.24,621.51,796.87,767.66,366.13,1294.39,1197.00,693.00,790.33
3,4,14,1515.73,1504.23,881.95,1615.73,972.27,621.52,796.89,767.68,366.14,1294.43,1197.00,693.00,790.36
3,4,15,1515.77,1504.26,881.98,1615.78,972.29,621.53,796.92,767.70,366.15,1294.48,1197.00,693.00,790.39
3,4,16,1515.81,1504.28,882.01,1615.83,972.32,621.54,796.95,767.71,366.16,1294.52,1197.00,693.00,790.42
3,4,17,1515.85,1504.30,882.04,1615.89,972.34,621.55,796.98,767.73,366.17,1294.57,1197.00,693.00,790.45
3,4,18,1515.88,1504.32,882.08,1615.94,972.37,621.56,797.00,767.75,366.18,1294.61,1197.00,693.00,790.48
3,4,19,1515.92,1504.35,882.11,1615.99,972.39,621.57,797.03,767.76,366.18,1294.66,1197.00,693.00,790.51
3,4,20,1515.96,1504.37,882.14,1616.05,972.42,621.58,797.06,767.78,366.19,1294.70,1197.00,693.00,790.54
3,4,21,1516.00,1504.39,882.17,1616.10,972.44,621.59,797.09,767.80,366.20,1294.75,1197.00,693.00,790.58
3,4,22,1516.03,1504.41,882.20,1616.15,972.47,621.60,797.11,767.82,366.21,1294.79,1197.00,693.00,790.61
3,4,23,1516.07,1504.44,882.23,1616.21,972.49,621.61,797.14,767.83,366.22,1294.84,1197.00,693.00,790.64
3,4,24,1516.11,1504.46,882.26,1616.26,972.52,621.62,797.17,767.85,366.23,1294.88,1197.00,693.00,790.67
3,5,1,1516.15,1504.48,882.29,1616.31,972.55,621.63,797.20,767.87,366.24,1294.92,1197.00,693.00,790.70
3,5,2,1516.18,1504.50,882.32,1616.37,972.57,621.64,797.23,767.88,366.25,1294.96,1197.00,693.00,790.73
3,5,3,1516.22,1504.53,882.35,1616.42,972.60,621.65,797.25,767.90,366.26,1295.00,1197.00,693.00,790.76
3,5,4,1516.26,1504.55,882.38,1616.47,972.62,621.66,797.28,767.92,366.27,1295.04,1197.00,693.00,790.79
3,5,5,1516.30,1504.57,882.41,1616.53,972.65,621.67,797.31,767.93,366.28,1295.08,1197.00,693.00,790.82
3,5,6,1516.33,1504.59,882.45,1616.58,972.68,621.68,797.34,767.95,366.29,1295.11,1197.00,693.00,790.85
3,5,7,1516.37,1504.62,882.48,1616.63,972.70,621.69,797.37,767.97,366.29,1295.15,1197.00,693.00,790.89
3,5,8,1516.41,1504.64,882.51,1616.69,972.73,621.70,797.39,767.98,366.30,1295.19,1197.00,693.00,790.92
3,5,9,1516.45,1504.66,882.54,1616.74,972.75,621.71,797.42,768.00,366.31,1295.23,1197.00,693.00,790.95
3,5,10,1516.48,1504.68,882.57,1616.79,972.78,621.72,797.45,768.02,366.32,1295.27,1197.00,693.00,790.98
3,5,11,1516.52,1504.71,882.60,1616.85,972.80,621.73,797.48,768.03,366.33,1295.31,1197.00,693.00,791.01
3,5,12,1516.56,1504.73,882.63,1616.90,972.83,621.74,797.51,768.05,366.34,1295.35,1197.00,693.00,791.04
3,5,13,1516.60,1504.75,882.66,1616.95,972.86,621.76,797.53,768.07,366.35,1295.39,1197.00,693.00,791.07
3,5,14,1516.63,1504.77,882.69,1617.01,972.88,621.77,797.56,768.08,366.36,1295.43,1197.00,693.00,791.10
3,5,15,1516.67,1504.80,882.72,1617.06,972.91,621.78,797.59,768.10,366.37,1295.47,1197.00,693.00,791.13
3,5,16,1516.71,1504.82,882.75,1617.11,972.93,621.79,797.62,768.12,366.38,1295.51,1197.00,693.00,791.16
3,5,17,1516.75,1504.84,882.78,1617.17,972.96,621.80,797.64,768.13,366.39,1295.55,1197.00,693.00,791.19
3,5,18,1516.79,1504.86,882.82,1617.22,972.99,621.81,797.67,768.15,366.40,1295.58,1197.00,693.00,791.22
3,5,19,1516.82,1504.89,882.85,1617.27,973.01,621.82,797.70,768.17,366.40,1295.62,1197.00,693.00,791.26
3,5,20,1516.86,1504.91,882.88,1617.33,973.04,621.83,797.73,768.18,366.41,1295.66,1197.00,693.00,791.29
3,5,21,1516.90,1504.93,882.91,1617.38,973.06,621.84,797.76,768.20,366.42,1295.70,1197.00,693.00,791.32
3,5,22,1516.94,1504.95,882.94,1617.43,973.09,621.85,797.78,768.22,366.43,1295.74,1197.00,693.00,791.35
3,5,23,1516.97,1504.98,882.97,1617.49,973.11,621.86,797.81,768.23,366.44,1295.78,1197.00,693.00,791.38
3,5,24,1517.01,1505.00,883.00,1617.54,973.14,621.87,797.84,768.25,366.45,1295.82,1197.00,693.00,791.41
3,6,1,1517.05,1505.02,883.03,1617.59,973.17,621.88,797.87,768.27,366.46,1295.86,1197.00,693.00,791.44
3,6,2,1517.08,1505.05,883.06,1617.65,973.19,621.89,797.89,768.28,366.47,1295.91,1197.00,693.00,791.47
3,6,3,1517.12,1505.07,883.09,1617.70,973.22,621.90,797.92,768.30,366.48,1295.95,1197.00,693.00,791.50
3,6,4,1517.16,1505.09,883.12,1617.75,973.24,621.91,797.94,768.32,366.49,1295.99,1197.00,693.00,791.53
3,6,5,1517.20,1505.12,883.15,1617.81,973.27,621.92,797.97,768.33,366.49,1296.03,1197.00,693.00,791.56
3,6,6,1517.23,1505.14,883.18,1617.86,973.29,621.93,798.00,768.35,366.50,1296.08,1197.00,693.00,791.59
3,6,7,1517.27,1505.17,883.21,1617.91,973.32,621.94,798.02,768.37,366.51,1296.12,1197.00,693.00,791.62
3,6,8,1517.31,1505.19,883.24,1617.97,973.34,621.95,798.05,768.38,366.52,1296.16,1197.00,693.00,791.65
3,6,9,1517.34,1505.21,883.27,1618.02,973.37,621.96,798.07,768.40,366.53,1296.21,1197.00,693.00,791.68
3,6,10,1517.38,1505.24,883.30,1618.07,973.39,621.97,798.10,768.42,366.54,1296.25,1197.00,693.00,791.71
3,6,11,1517.42,1505.26,883.33,1618.13,973.42,621.98,798.12,768.43,366.55,1296.29,1197.00,693.00,791.74
3,6,12,1517.46,1505.28,883.36,1618.18,973.45,621.99,798.15,768.45,366.56,1296.33,1197.00,693.00,791.77
3,6,13,1517.49,1505.31,883.40,1618.23,973.47,622.01,798.18,768.47,366.56,1296.38,1197.00,693.00,791.81
3,6,14,1517.53,1505.33,883.43,1618.29,973.50,622.02,798.20,768.48,366.57,1296.42,1197.00,693.00,791.84
3,6,15,1517.57,1505.36,883.46,1618.34,973.52,622.03,798.23,768.50,366.58,1296.46,1197.00,693.00,791.87
3,6,16,1517.60,1505.38,883.49,1618.39,973.55,622.04,798.25,768.52,366.59,1296.51,1197.00,693.00,791.90
3,6,17,1517.64,1505.40,883.52,1618.45,973.57,622.05,798.28,768.53,366.60,1296.55,1197.00,693.00,791.93
3,6,18,1517.68,1505.43,883.55,1618.50,973.60,622.06,798.31,768.55,366.61,1296.59,1197.00,693.00,791.96
3,6,19,1517.71,1505.45,883.58,1618.55,973.62,622.07,798.33,768.57,366.62,1296.64,1197.00,693.00,791.99
3,6,20,1517.75,1505.47,883.61,1618.61,973.65,622.08,798.36,768.58,366.63,1296.68,1197.00,693.00,792.02
3,6,21,1517.79,1505.50,883.64,1618.66,973.67,622.09,798.38,768.60,366.63,1296.72,1197.00,693.00,792.05
3,6,22,1517.83,1505.52,883.67,1618.71,973.70,622.10,798.41,768.62,366.64,1296.76,1197.00,693.00,792.08
3,6,23,1517.86,1505.55,883.70,1618.77,973.72,622.11,798.43,768.63,366.65,1296.81,1197.00,693.00,792.11
3,6,24,1517.90,1505.57,883.73,1618.82,973.75,622.12,798.46,768.65,366.66,1296.85,1197.00,693.00,792.14
3,7,1,1517.94,1505.59,883.76,1618.87,973.78,622.13,798.49,768.67,366.67,1296.89,1197.00,693.00,792.17
3,7,2,1517.97,1505.62,883.79,1618.93,973.80,622.14,798.51,768.68,366.68,1296.94,1197.00,693.00,792.20
3,7,3,1518.01,1505.64,883.82,1618.98,973.83,622.15,798.54,768.70,366.69,1296.98,1197.00,693.00,792.23
3,7,4,1518.05,1505.66,883.85,1619.03,973.85,622.16,798.56,768.72,366.70,1297.03,1197.00,693.00,792.26
3,7,5,1518.08,1505.69,883.88,1619.09,973.88,622.17,798.59,768.73,366.70,1297.07,1197.00,693.00,792.29
3,7,6,1518.12,1505.71,883.91,1619.14,973.90,622.18,798.61,768.75,366.71,1297.12,1197.00,693.00,792.32
3,7,7,1518.16,1505.73,883.94,1619.19,973.93,622.19,798.64,768.77,366.72,1297.16,1197.00,693.00,792.35
3,7,8,1518.19,1505.76,883.97,1619.25,973.96,622.20,798.66,768.78,366.73,1297.21,1197.00,693.00,792.38
3,7,9,1518.23,1505.78,884.00,1619.30,973.98,622.21,798.69,768.80,366.74,1297.25,1197.00,693.00,792.41
3,7,10,1518.27,1505.80,884.03,1619.35,974.01,622.22,798.71,768.82,366.75,1297.30,1197.00,693.00,792.44
3,7,11,1518.30,1505.83,884.06,1619.41,974.03,622.23,798.74,768.83,366.76,1297.34,1197.00,693.00,792.47
3,7,12,1518.34,1505.85,884.09,1619.46,974.06,622.24,798.76,768.85,366.76,1297.39,1197.00,693.00,792.51
3,7,13,1518.38,1505.87,884.12,1619.51,974.09,622.26,798.79,768.87,366.77,1297.43,1197.00,693.00,792.54
3,7,14,1518.41,1505.90,884.15,1619.57,974.11,622.27,798.81,768.88,366.78,1297.47,1197.00,693.00,792.57
3,7,15,1518.45,1505.92,884.18,1619.62,974.14,622.28,798.84,768.90,366.79,1297.52,1197.00,693.00,792.60
3,7,16,1518.49,1505.94,884.21,1619.67,974.16,622.29,798.86,768.92,366.80,1297.56,1197.00,693.00,792.63
3,7,17,1518.52,1505.97,884.24,1619.73,974.19,622.30,798.89,768.93,366.81,1297.61,1197.00,693.00,792.66
3,7,18,1518.56,1505.99,884.27,1619.78,974.21,622.31,798.91,768.95,366.82,1297.65,1197.00,693.00,792.69
3,7,19,1518.60,1506.01,884.30,1619.83,974.24,622.32,798.94,768.97,366.83,1297.70,1197.00,693.00,792.72
3,7,20,1518.63,1506.04,884.33,1619.89,974.27,622.33,798.96,768.98,366.83,1297.74,1197.00,693.00,792.75
3,7,21,1518.67,1506.06,884.36,1619.94,974.29,622.34,798.99,769.00,366.84,1297.79,1197.00,693.00,792.78
3,7,22,1518.71,1506.08,884.39,1619.99,974.32,622.35,799.01,769.02,366.85,1297.83,1197.00,693.00,792.81
3,7,23,1518.74,1506.11,884.42,1620.05,974.34,622.36,799.03,769.03,366.86,1297.88,1197.00,693.00,792.84
3,7,24,1518.78,1506.13,884.45,1620.10,974.37,622.37,799.06,769.05,366.87,1297.92,1197.00,693.00,792.87
3,8,1,1518.82,1506.15,884.48,1620.15,974.40,622.38,799.08,769.07,366.88,1297.96,1197.00,693.00,792.90
3,8,2,1518.85,1506.18,884.51,1620.21,974.42,622.39,799.11,769.08,366.89,1298.01,1197.00,693.00,792.93
3,8,3,1518.89,1506.20,884.54,1620.26,974.45,622.40,799.13,769.10,366.90,1298.05,1197.00,693.00,792.96
3,8,4,1518.93,1506.22,884.57,1620.31,974.47,622.41,799.16,769.11,366.90,1298.10,1197.00,693.00,792.99
3,8,5,1518.97,1506.24,884.60,1620.37,974.50,622.42,799.18,769.13,366.91,1298.14,1197.00,693.00,793.02
3,8,6,1519.00,1506.27,884.63,1620.42,974.52,622.43,799.21,769.15,366.92,1298.19,1197.00,693.00,793.05
3,8,7,1519.04,1506.29,884.66,1620.47,974.55,622.44,799.23,769.16,366.93,1298.23,1197.00,693.00,793.08
3,8,8,1519.08,1506.31,884.69,1620.53,974.57,622.45,799.26,769.18,366.94,1298.28,1197.00,693.00,793.11
3,8,9,1519.11,1506.33,884.72,1620.58,974.60,622.46,799.28,769.20,366.95,1298.32,1197.00,693.00,793.14
3,8,10,1519.15,1506.36,884.75,1620.63,974.62,622.47,799.31,769.21,366.96,1298.37,1197.00,693.00,793.17
3,8,11,1519.19,1506.38,884.78,1620.69,974.65,622.48,799.33,769.23,366.97,1298.41,1197.00,693.00,793.20
3,8,12,1519.23,1506.40,884.81,1620.74,974.67,622.49,799.36,769.24,366.97,1298.46,1197.00,693.00,793.23
3,8,13,1519.26,1506.42,884.84,1620.79,974.70,622.51,799.38,769.26,366.98,1298.50,1197.00,693.00,793.26
3,8,14,1519.30,1506.45,884.87,1620.85,974.73,622.52,799.41,769.28,366.99,1298.54,1197.00,693.00,793.29
3,8,15,1519.34,1506.47,884.90,1620.90,974.75,622.53,799.43,769.29,367.00,1298.59,1197.00,693.00,793.32
3,8,16,1519.37,1506.49,884.93,1620.95,974.78,622.54,799.46,769.31,367.01,1298.63,1197.00,693.00,793.35
3,8,17,1519.41,1506.51,884.96,1621.01,974.80,622.55,799.48,769.33,367.02,1298.68,1197.00,693.00,793.38
3,8,18,1519.45,1506.54,884.99,1621.06,974.83,622.56,799.51,769.34,367.03,1298.72,1197.00,693.00,793.41
3,8,19,1519.48,1506.56,885.02,1621.11,974.85,622.57,799.53,769.36,367.04,1298.77,1197.00,693.00,793.44
3,8,20,1519.52,1506.58,885.05,1621.17,974.88,622.58,799.56,769.38,367.04,1298.81,1197.00,693.00,793.47
3,8,21,1519.56,1506.60,885.08,1621.22,974.90,622.59,799.58,769.39,367.05,1298.86,1197.00,693.00,793.50
3,8,22,1519.60,1506.63,885.11,1621.27,974.93,622.60,799.61,769.41,367.06,1298.90,1197.00,693.00,793.53
3,8,23,1519.63,1506.65,885.14,1621.33,974.95,622.61,799.63,769.42,367.07,1298.95,1197.00,693.00,793.56
3,8,24,1519.67,1506.67,885.17,1621.38,974.98,622.62,799.66,769.44,367.08,1298.99,1197.00,693.00,793.59
3,9,1,1519.71,1506.69,885.20,1621.43,975.01,622.63,799.69,769.46,367.09,1299.03,1197.00,693.00,793.62
3,9,2,1519.74,1506.72,885.23,1621.49,975.03,622.64,799.71,769.47,367.10,1299.07,1197.00,693.00,793.65
3,9,3,1519.78,1506.74,885.26,1621.54,975.06,622.65,799.74,769.49,367.10,1299.10,1197.00,693.00,793.68
3,9,4,1519.82,1506.76,885.29,1621.60,975.08,622.66,799.76,769.51,367.11,1299.14,1197.00,693.00,793.71
3,9,5,1519.85,1506.78,885.32,1621.65,975.11,622.67,799.79,769.52,367.12,1299.18,1197.00,693.00,793.74
3,9,6,1519.89,1506.81,885.35,1621.70,975.13,622.68,799.81,769.54,367.13,1299.22,1197.00,693.00,793.77
3,9,7,1519.92,1506.83,885.38,1621.76,975.16,622.69,799.84,769.55,367.14,1299.26,1197.00,693.00,793.80
3,9,8,1519.96,1506.85,885.41,1621.81,975.18,622.70,799.86,769.57,367.15,1299.30,1197.00,693.00,793.83
3,9,9,1520.00,1506.87,885.44,1621.86,975.21,622.71,799.89,769.59,367.15,1299.34,1197.00,693.00,793.86
3,9,10,1520.03,1506.90,885.47,1621.92,975.23,622.72,799.91,769.60,367.16,1299.37,1197.00,693.00,793.89
3,9,11,1520.07,1506.92,885.50,1621.97,975.26,622.73,799.94,769.62,367.17,1299.41,1197.00,693.00,793.92
3,9,12,1520.11,1506.94,885.53,1622.03,975.29,622.74,799.96,769.64,367.18,1299.45,1197.00,693.00,793.95
3,9,13,1520.14,1506.96,885.56,1622.08,975.31,622.76,799.99,769.65,367.19,1299.49,1197.00,693.00,793.97
3,9,14,1520.18,1506.98,885.59,1622.13,975.34,622.77,800.02,769.67,367.20,1299.53,1197.00,693.00,794.00
3,9,15,1520.21,1507.01,885.62,1622.19,975.36,622.78,800.04,769.68,367.20,1299.57,1197.00,693.00,794.03
3,9,16,1520.25,1507.03,885.65,1622.24,975.39,622.79,800.07,769.70,367.21,1299.60,1197.00,693.00,794.06
3,9,17,1520.29,1507.05,885.68,1622.29,975.41,622.80,800.09,769.72,367.22,1299.64,1197.00,693.00,794.09
3,9,18,1520.32,1507.07,885.71,1622.35,975.44,622.81,800.12,769.73,367.23,1299.68,1197.00,693.00,794.12
3,9,19,1520.36,1507.10,885.74,1622.40,975.46,622.82,800.14,769.75,367.24,1299.72,1197.00,693.00,794.15
3,9,20,1520.40,1507.12,885.77,1622.46,975.49,622.83,800.17,769.77,367.25,1299.76,1197.00,693.00,794.18
3,9,21,1520.43,1507.14,885.80,1622.51,975.51,622.84,800.19,769.78,367.25,1299.80,1197.00,693.00,794.21
3,9,22,1520.47,1507.16,885.83,1622.56,975.54,622.85,800.22,769.80,367.26,1299.83,1197.00,693.00,794.24
3,9,23,1520.50,1507.19,885.86,1622.62,975.56,622.86,800.24,769.81,367.27,1299.87,1197.00,693.00,794.27
3,9,24,1520.54,1507.21,885.89,1622.67,975.59,622.87,800.27,769.83,367.28,1299.91,1197.00,693.00,794.30
3,10,1,1520.58,1507.23,885.92,1622.72,975.62,622.88,800.30,769.85,367.29,1299.95,1197.00,693.00,794.33
3,10,2,1520.61,1507.25,885.95,1622.78,975.64,622.89,800.32,769.86,367.30,1300.00,1197.00,693.00,794.36
3,10,3,1520.65,1507.28,885.98,1622.83,975.67,622.90,800.35,769.88,367.31,1300.04,1197.00,693.00,794.39
3,10,4,1520.69,1507.30,886.01,1622.88,975.69,622.91,800.37,769.89,367.31,1300.09,1197.00,693.00,794.42
3,10,5,1520.72,1507.32,886.04,1622.94,975.72,622.92,800.40,769.91,367.32,1300.13,1197.00,693.00,794.45
3,10,6,1520.76,1507.34,886.07,1622.99,975.74,622.93,800.42,769.93,367.33,1300.18,1197.00,693.00,794.48
3,10,7,1520.79,1507.36,886.10,1623.04,975.77,622.94,800.45,769.94,367.34,1300.22,1197.00,693.00,794.51
3,10,8,1520.83,1507.39,886.13,1623.10,975.79,622.95,800.47,769.96,367.35,1300.26,1197.00,693.00,794.54
3,10,9,1520.87,1507.41,886.16,1623.15,975.82,622.96,800.50,769.97,367.36,1300.31,1197.00,693.00,794.57
3,10,10,1520.90,1507.43,886.19,1623.20,975.84,622.97,800.52,769.99,367.36,1300.35,1197.00,693.00,794.60
3,10,11,1520.94,1507.45,886.22,1623.26,975.87,622.98,800.55,770.00,367.37,1300.40,1197.00,693.00,794.63
3,10,12,1520.98,1507.47,886.24,1623.31,975.89,622.99,800.57,770.02,367.38,1300.44,1197.00,693.00,794.65
3,10,13,1521.01,1507.50,886.27,1623.36,975.92,623.01,800.60,770.04,367.39,1300.48,1197.00,693.00,794.68
3,10,14,1521.05,1507.52,886.30,1623.42,975.94,623.02,800.62,770.05,367.40,1300.53,1197.00,693.00,794.71
3,10,15,1521.08,1507.54,886.33,1623.47,975.97,623.03,800.65,770.07,367.41,1300.57,1197.00,693.00,794.74
3,10,16,1521.12,1507.56,886.36,1623.52,975.99,623.04,800.67,770.08,367.41,1300.62,1197.00,693.00,794.77
3,10,17,1521.16,1507.59,886.39,1623.58,976.02,623.05,800.70,770.10,367.42,1300.66,1197.00,693.00,794.80
3,10,18,1521.19,1507.61,886.42,1623.63,976.04,623.06,800.72,770.12,367.43,1300.70,1197.00,693.00,794.83
3,10,19,1521.23,1507.63,886.45,1623.68,976.07,623.07,800.75,770.13,367.44,1300.75,1197.00,693.00,794.86
3,10,20,1521.27,1507.65,886.48,1623.74,976.09,623.08,800.77,770.15,367.45,1300.79,1197.00,693.00,794.89
3,10,21,1521.30,1507.67,886.51,1623.79,976.12,623.09,800.79,770.16,367.46,1300.84,1197.00,693.00,794.92
3,10,22,1521.34,1507.70,886.54,1623.84,976.14,623.10,800.82,770.18,367.46,1300.88,1197.00,693.00,794.95
3,10,23,1521.37,1507.72,886.57,1623.90,976.17,623.11,800.84,770.19,367.47,1300.93,1197.00,693.00,794.98
3,10,24,1521.41,1507.74,886.60,1623.95,976.19,623.12,800.87,770.21,367.48,1300.97,1197.00,693.00,795.01
3,11,1,1521.45,1507.76,886.63,1624.00,976.22,623.13,800.89,770.23,367.49,1301.01,1197.00,693.00,795.04
3,11,2,1521.48,1507.78,886.66,1624.05,976.24,623.14,800.92,770.24,367.50,1301.05,1197.00,693.00,795.07
3,11,3,1521.52,1507.81,886.69,1624.11,976.26,623.15,800.94,770.26,367.51,1301.08,1197.00,693.00,795.10
3,11,4,1521.56,1507.83,886.72,1624.16,976.29,623.16,800.97,770.27,367.51,1301.12,1197.00,693.00,795.13
3,11,5,1521.59,1507.85,886.75,1624.21,976.31,623.17,800.99,770.29,367.52,1301.16,1197.00,693.00,795.16
3,11,6,1521.63,1507.88,886.78,1624.26,976.34,623.18,801.02,770.31,367.53,1301.20,1197.00,693.00,795.19
3,11,7,1521.66,1507.90,886.81,1624.32,976.36,623.19,801.04,770.32,367.54,1301.24,1197.00,693.00,795.21
3,11,8,1521.70,1507.92,886.84,1624.37,976.39,623.20,801.07,770.34,367.55,1301.28,1197.00,693.00,795.24
3,11,9,1521.74,1507.94,886.87,1624.42,976.41,623.21,801.09,770.35,367.56,1301.31,1197.00,693.00,795.27
3,11,10,1521.77,1507.97,886.90,1624.47,976.44,623.22,801.12,770.37,367.56,1301.35,1197.00,693.00,795.30
3,11,11,1521.81,1507.99,886.93,1624.53,976.46,623.23,801.14,770.38,367.57,1301.39,1197.00,693.00,795.33
3,11,12,1521.85,1508.01,886.96,1624.58,976.49,623.24,801.17,770.40,367.58,1301.43,1197.00,693.00,795.36
3,11,13,1521.88,1508.03,886.99,1624.63,976.51,623.26,801.19,770.42,367.59,1301.47,1197.00,693.00,795.39
3,11,14,1521.92,1508.06,887.02,1624.68,976.54,623.27,801.22,770.43,367.60,1301.51,1197.00,693.00,795.42
3,11,15,1521.95,1508.08,887.05,1624.74,976.56,623.28,801.24,770.45,367.60,1301.54,1197.00,693.00,795.45
3,11,16,1521.99,1508.10,887.08,1624.79,976.59,623.29,801.27,770.46,367.61,1301.58,1197.00,693.00,795.48
3,11,17,1522.03,1508.12,887.11,1624.84,976.61,623.30,801.29,770.48,367.62,1301.62,1197.00,693.00,795.51
3,11,18,1522.06,1508.15,887.14,1624.89,976.64,623.31,801.32,770.50,367.63,1301.66,1197.00,693.00,795.54
3,11,19,1522.10,1508.17,887.17,1624.95,976.66,623.32,801.34,770.51,367.64,1301.70,1197.00,693.00,795.56
3,11,20,1522.14,1508.19,887.20,1625.00,976.69,623.33,801.37,770.53,367.65,1301.74,1197.00,693.00,795.59
3,11,21,1522.17,1508.21,887.23,1625.05,976.71,623.34,801.39,770.54,367.65,1301.78,1197.00,693.00,795.62
3,11,22,1522.21,1508.24,887.26,1625.10,976.74,623.35,801.42,770.56,367.66,1301.81,1197.00,693.00,795.65
3,11,23,1522.24,1508.26,887.29,1625.16,976.76,623.36,801.44,770.57,367.67,1301.85,1197.00,693.00,795.68
3,11,24,1522.28,1508.28,887.32,1625.21,976.79,623.37,801.47,770.59,367.68,1301.89,1197.00,693.00,795.71
3,12,1,1522.32,1508.30,887.35,1625.26,976.81,623.38,801.49,770.61,367.69,1301.93,1197.00,693.00,795.74
3,12,2,1522.35,1508.33,887.38,1625.31,976.84,623.39,801.52,770.62,367.70,1301.97,1197.00,693.00,795.77
3,12,3,1522.39,1508.35,887.41,1625.36,976.86,623.40,801.54,770.64,367.70,1302.01,1197.00,693.00,795.80
3,12,4,1522.42,1508.37,887.44,1625.41,976.89,623.41,801.57,770.65,367.71,1302.04,1197.00,693.00,795.83
3,12,5,1522.46,1508.39,887.47,1625.46,976.91,623.42,801.59,770.67,367.72,1302.08,1197.00,693.00,795.86
3,12,6,1522.50,1508.42,887.50,1625.51,976.94,623.43,801.62,770.69,367.73,1302.12,1197.00,693.00,795.89
3,12,7,1522.53,1508.44,887.53,1625.56,976.96,623.44,801.64,770.70,367.74,1302.16,1197.00,693.00,795.91
3,12,8,1522.57,1508.46,887.56,1625.61,976.99,623.45,801.67,770.72,367.74,1302.20,1197.00,693.00,795.94
3,12,9,1522.60,1508.48,887.59,1625.66,977.01,623.46,801.69,770.73,367.75,1302.24,1197.00,693.00,795.97
3,12,10,1522.64,1508.50,887.62,1625.71,977.04,623.47,801.72,770.75,367.76,1302.27,1197.00,693.00,796.00
3,12,11,1522.67,1508.53,887.65,1625.76,977.06,623.48,801.74,770.76,367.77,1302.31,1197.00,693.00,796.03
3,12,12,1522.71,1508.55,887.68,1625.80,977.09,623.49,801.77,770.78,367.77,1302.35,1197.00,693.00,796.06
3,12,13,1522.75,1508.57,887.70,1625.85,977.11,623.51,801.79,770.80,367.78,1302.39,1197.00,693.00,796.09
3,12,14,1522.78,1508.59,887.73,1625.90,977.14,623.52,801.82,770.81,367.79,1302.43,1197.00,693.00,796.12
3,12,15,1522.82,1508.62,887.76,1625.95,977.17,623.53,801.84,770.83,367.80,1302.47,1197.00,693.00,796.15
3,12,16,1522.85,1508.64,887.79,1626.00,977.19,623.54,801.87,770.84,367.81,1302.50,1197.00,693.00,796.18
3,12,17,1522.89,1508.66,887.82,1626.05,977.22,623.55,801.89,770.86,367.81,1302.54,1197.00,693.00,796.21
3,12,18,1522.93,1508.68,887.85,1626.10,977.24,623.56,801.92,770.87,367.82,1302.58,1197.00,693.00,796.23
3,12,19,1522.96,1508.71,887.88,1626.15,977.27,623.57,801.94,770.89,367.83,1302.62,1197.00,693.00,796.26
3,12,20,1523.00,1508.73,887.91,1626.20,977.29,623.58,801.97,770.91,367.84,1302.66,1197.00,693.00,796.29
3,12,21,1523.03,1508.75,887.94,1626.25,977.32,623.59,802.00,770.92,367.85,1302.70,1197.00,693.00,796.32
3,12,22,1523.07,1508.77,887.97,1626.30,977.34,623.60,802.02,770.94,367.85,1302.73,1197.00,693.00,796.35
3,12,23,1523.10,1508.80,888.00,1626.35,977.37,623.61,802.05,770.95,367.86,1302.77,1197.00,693.00,796.38
3,12,24,1523.14,1508.82,888.03,1626.40,977.39,623.62,802.07,770.97,367.87,1302.81,1197.00,693.00,796.41
3,13,1,1523.18,1508.84,888.06,1626.45,977.42,623.63,802.09,770.98,367.88,1302.85,1197.00,693.00,796.44
3,13,2,1523.21,1508.87,888.09,1626.51,977.44,623.64,802.12,771.00,367.89,1302.90,1197.00,693.00,796.47
3,13,3,1523.25,1508.89,888.12,1626.56,977.47,623.65,802.14,771.01,367.89,1302.94,1197.00,693.00,796.50
3,13,4,1523.28,1508.91,888.15,1626.61,977.49,623.66,802.16,771.03,367.90,1302.98,1197.00,693.00,796.52
3,13,5,1523.32,1508.94,888.18,1626.67,977.52,623.67,802.18,771.04,367.91,1303.03,1197.00,693.00,796.55
3,13,6,1523.36,1508.96,888.21,1626.72,977.54,623.68,802.21,771.06,367.92,1303.07,1197.00,693.00,796.58
3,13,7,1523.39,1508.98,888.23,1626.77,977.57,623.69,802.23,771.07,367.93,1303.11,1197.00,693.00,796.61
3,13,8,1523.43,1509.01,888.26,1626.83,977.59,623.70,802.25,771.09,367.93,1303.16,1197.00,693.00,796.64
3,13,9,1523.46,1509.03,888.29,1626.88,977.62,623.71,802.27,771.10,367.94,1303.20,1197.00,693.00,796.67
3,13,10,1523.50,1509.05,888.32,1626.93,977.64,623.72,802.29,771.12,367.95,1303.24,1197.00,693.00,796.70
3,13,11,1523.53,1509.08,888.35,1626.99,977.67,623.73,802.32,771.13,367.96,1303.29,1197.00,693.00,796.73
3,13,12,1523.57,1509.10,888.38,1627.04,977.69,623.74,802.34,771.15,367.96,1303.33,1197.00,693.00,796.75
3,13,13,1523.61,1509.12,888.41,1627.09,977.72,623.76,802.36,771.16,367.97,1303.37,1197.00,693.00,796.78
3,13,14,1523.64,1509.15,888.44,1627.15,977.74,623.77,802.38,771.18,367.98,1303.42,1197.00,693.00,796.81
3,13,15,1523.68,1509.17,888.47,1627.20,977.76,623.78,802.41,771.19,367.99,1303.46,1197.00,693.00,796.84
3,13,16,1523.71,1509.19,888.50,1627.25,977.79,623.79,802.43,771.21,368.00,1303.50,1197.00,693.00,796.87
3,13,17,1523.75,1509.22,888.53,1627.31,977.81,623.80,802.45,771.23,368.00,1303.55,1197.00,693.00,796.90
3,13,18,1523.79,1509.24,888.55,1627.36,977.84,623.81,802.47,771.24,368.01,1303.59,1197.00,693.00,796.93
3,13,19,1523.82,1509.26,888.58,1627.41,977.86,623.82,802.50,771.26,368.02,1303.63,1197.00,693.00,796.96
3,13,20,1523.86,1509.29,888.61,1627.47,977.89,623.83,802.52,771.27,368.03,1303.68,1197.00,693.00,796.98
3,13,21,1523.89,1509.31,888.64,1627.52,977.91,623.84,802.54,771.29,368.04,1303.72,1197.00,693.00,797.01
3,13,22,1523.93,1509.33,888.67,1627.57,977.94,623.85,802.56,771.30,368.04,1303.76,1197.00,693.00,797.04
3,13,23,1523.96,1509.36,888.70,1627.63,977.96,623.86,802.59,771.32,368.05,1303.81,1197.00,693.00,797.07
3,13,24,1524.00,1509.38,888.73,1627.68,977.99,623.87,802.61,771.33,368.06,1303.85,1197.00,693.00,797.10
3,14,1,1524.04,1509.40,888.76,1627.73,978.02,623.88,802.63,771.35,368.07,1303.89,1197.00,693.00,797.13
3,14,2,1524.07,1509.43,888.79,1627.78,978.04,623.89,802.66,771.36,368.08,1303.93,1197.00,693.00,797.16
3,14,3,1524.11,1509.45,888.82,1627.83,978.07,623.90,802.68,771.38,368.08,1303.97,1197.00,693.00,797.18
3,14,4,1524.14,1509.47,888.85,1627.88,978.09,623.91,802.70,771.39,368.09,1304.01,1197.00,693.00,797.21
3,14,5,1524.18,1509.50,888.88,1627.93,978.12,623.92,802.73,771.41,368.10,1304.05,1197.00,693.00,797.24
3,14,6,1524.21,1509.52,888.91,1627.98,978.14,623.93,802.75,771.42,368.11,1304.08,1197.00,693.00,797.27
3,14,7,1524.25,1509.54,888.94,1628.03,978.17,623.94,802.78,771.44,368.12,1304.12,1197.00,693.00,797.30
3,14,8,1524.28,1509.57,888.97,1628.08,978.19,623.95,802.80,771.45,368.12,1304.16,1197.00,693.00,797.33
3,14,9,1524.32,1509.59,889.00,1628.13,978.22,623.96,802.82,771.47,368.13,1304.20,1197.00,693.00,797.35
3,14,10,1524.35,1509.61,889.03,1628.18,978.24,623.97,802.85,771.48,368.14,1304.24,1197.00,693.00,797.38
3,14,11,1524.39,1509.64,889.06,1628.23,978.27,623.98,802.87,771.50,368.15,1304.28,1197.00,693.00,797.41
3,14,12,1524.42,1509.66,889.08,1628.28,978.29,623.99,802.89,771.52,368.15,1304.32,1197.00,693.00,797.44
3,14,13,1524.46,1509.68,889.11,1628.32,978.32,624.01,802.92,771.53,368.16,1304.36,1197.00,693.00,797.47
3,14,14,1524.50,1509.71,889.14,1628.37,978.35,624.02,802.94,771.55,368.17,1304.40,1197.00,693.00,797.50
3,14,15,1524.53,1509.73,889.17,1628.42,978.37,624.03,802.97,771.56,368.18,1304.44,1197.00,693.00,797.53
3,14,16,1524.57,1509.75,889.20,1628.47,978.40,624.04,802.99,771.58,368.19,1304.48,1197.00,693.00,797.55
3,14,17,1524.60,1509.78,889.23,1628.52,978.42,624.05,803.01,771.59,368.19,1304.52,1197.00,693.00,797.58
3,14,18,1524.64,1509.80,889.26,1628.57,978.45,624.06,803.04,771.61,368.20,1304.56,1197.00,693.00,797.61
3,14,19,1524.67,1509.82,889.29,1628.62,978.47,624.07,803.06,771.62,368.21,1304.59,1197.00,693.00,797.64
3,14,20,1524.71,1509.85,889.32,1628.67,978.50,624.08,803.08,771.64,368.22,1304.63,1197.00,693.00,797.67
3,14,21,1524.74,1509.87,889.35,1628.72,978.52,624.09,803.11,771.65,368.23,1304.67,1197.00,693.00,797.70
3,14,22,1524.78,1509.89,889.38,1628.77,978.55,624.10,803.13,771.67,368.23,1304.71,1197.00,693.00,797.72
3,14,23,1524.81,1509.92,889.41,1628.82,978.57,624.11,803.16,771.68,368.24,1304.75,1197.00,693.00,797.75
3,14,24,1524.85,1509.94,889.44,1628.87,978.60,624.12,803.18,771.70,368.25,1304.79,1197.00,693.00,797.78
3,15,1,1524.89,1509.96,889.47,1628.92,978.62,624.13,803.20,771.72,368.26,1304.83,1197.00,693.00,797.81
3,15,2,1524.92,1509.99,889.50,1628.97,978.65,624.14,803.23,771.73,368.27,1304.87,1197.00,693.00,797.84
3,15,3,1524.96,1510.01,889.53,1629.03,978.67,624.15,803.25,771.75,368.27,1304.90,1197.00,693.00,797.87
3,15,4,1524.99,1510.03,889.56,1629.08,978.70,624.16,803.28,771.76,368.28,1304.94,1197.00,693.00,797.89
3,15,5,1525.03,1510.05,889.59,1629.13,978.72,624.17,803.31,771.78,368.29,1304.98,1197.00,693.00,797.92
3,15,6,1525.06,1510.08,889.62,1629.18,978.75,624.18,803.33,771.79,368.30,1305.02,1197.00,693.00,797.95
3,15,7,1525.10,1510.10,889.64,1629.23,978.77,624.19,803.36,771.81,368.31,1305.06,1197.00,693.00,797.98
3,15,8,1525.13,1510.12,889.67,1629.29,978.80,624.20,803.38,771.82,368.31,1305.09,1197.00,693.00,798.01
3,15,9,1525.17,1510.15,889.70,1629.34,978.82,624.21,803.41,771.84,368.32,1305.13,1197.00,693.00,798.04
3,15,10,1525.20,1510.17,889.73,1629.39,978.85,624.22,803.43,771.85,368.33,1305.17,1197.00,693.00,798.06
3,15,11,1525.24,1510.19,889.76,1629.44,978.87,624.23,803.46,771.87,368.34,1305.21,1197.00,693.00,798.09
3,15,12,1525.27,1510.21,889.79,1629.49,978.90,624.24,803.48,771.88,368.35,1305.24,1197.00,693.00,798.12
3,15,13,1525.31,1510.24,889.82,1629.55,978.92,624.26,803.51,771.90,368.35,1305.28,1197.00,693.00,798.15
3,15,14,1525.35,1510.26,889.85,1629.60,978.95,624.27,803.53,771.91,368.36,1305.32,1197.00,693.00,798.18
3,15,15,1525.38,1510.28,889.88,1629.65,978.97,624.28,803.56,771.93,368.37,1305.36,1197.00,693.00,798.21
3,15,16,1525.42,1510.31,889.91,1629.70,979.00,624.29,803.58,771.94,368.38,1305.40,1197.00,693.00,798.23
3,15,17,1525.45,1510.33,889.94,1629.76,979.03,624.30,803.61,771.96,368.38,1305.43,1197.00,693.00,798.26
3,15,18,1525.49,1510.35,889.97,1629.81,979.05,624.31,803.63,771.97,368.39,1305.47,1197.00,693.00,798.29
3,15,19,1525.52,1510.38,889.99,1629.86,979.08,624.32,803.66,771.99,368.40,1305.51,1197.00,693.00,798.32
3,15,20,1525.56,1510.40,890.02,1629.91,979.10,624.33,803.68,772.00,368.41,1305.55,1197.00,693.00,798.35
3,15,21,1525.59,1510.42,890.05,1629.96,979.13,624.34,803.71,772.01,368.42,1305.59,1197.00,693.00,798.38
3,15,22,1525.63,1510.44,890.08,1630.02,979.15,624.35,803.73,772.03,368.42,1305.62,1197.00,693.00,798.40
3,15,23,1525.66,1510.47,890.11,1630.07,979.18,624.36,803.76,772.04,368.43,1305.66,1197.00,693.00,798.43
3,15,24,1525.70,1510.49,890.14,1630.12,979.20,624.37,803.78,772.06,368.44,1305.70,1197.00,693.00,798.46
3,16,1,1525.73,1510.51,890.17,1630.17,979.23,624.38,803.80,772.07,368.45,1305.75,1197.00,693.00,798.49
3,16,2,1525.77,1510.53,890.20,1630.22,979.25,624.39,803.83,772.09,368.46,1305.80,1197.00,693.00,798.52
3,16,3,1525.80,1510.56,890.23,1630.27,979.28,624.40,803.85,772.10,368.46,1305.85,1197.00,693.00,798.54
3,16,4,1525.84,1510.58,890.26,1630.32,979.30,624.41,803.88,772.12,368.47,1305.89,1197.00,693.00,798.57
3,16,5,1525.87,1510.60,890.29,1630.37,979.33,624.42,803.90,772.13,368.48,1305.94,1197.00,693.00,798.60
3,16,6,1525.91,1510.62,890.32,1630.42,979.35,624.43,803.92,772.15,368.49,1305.99,1197.00,693.00,798.63
3,16,7,1525.94,1510.65,890.34,1630.46,979.38,624.44,803.95,772.16,368.49,1306.04,1197.00,693.00,798.66
3,16,8,1525.98,1510.67,890.37,1630.51,979.40,624.45,803.97,772.18,368.50,1306.09,1197.00,693.00,798.68
3,16,9,1526.01,1510.69,890.40,1630.56,979.43,624.46,803.99,772.19,368.51,1306.14,1197.00,693.00,798.71
3,16,10,1526.05,1510.72,890.43,1630.61,979.45,624.47,804.02,772.21,368.51,1306.19,1197.00,693.00,798.74
3,16,11,1526.08,1510.74,890.46,1630.66,979.48,624.48,804.04,772.22,368.52,1306.24,1197.00,693.00,798.77
3,16,12,1526.12,1510.76,890.49,1630.71,979.50,624.49,804.07,772.24,368.53,1306.28,1197.00,693.00,798.80
3,16,13,1526.15,1510.78,890.52,1630.76,979.52,624.51,804.09,772.25,368.54,1306.33,1197.00,693.00,798.82
3,16,14,1526.19,1510.81,890.55,1630.81,979.55,624.52,804.11,772.27,368.54,1306.38,1197.00,693.00,798.85
3,16,15,1526.23,1510.83,890.58,1630.86,979.57,624.53,804.14,772.28,368.55,1306.43,1197.00,693.00,798.88
3,16,16,1526.26,1510.85,890.61,1630.91,979.60,624.54,804.16,772.30,368.56,1306.48,1197.00,693.00,798.91
3,16,17,1526.30,1510.87,890.64,1630.96,979.62,624.55,804.18,772.31,368.57,1306.53,1197.00,693.00,798.93
3,16,18,1526.33,1510.90,890.67,1631.01,979.65,624.56,804.21,772.33,368.57,1306.58,1197.00,693.00,798.96
3,16,19,1526.37,1510.92,890.69,1631.05,979.67,624.57,804.23,772.34,368.58,1306.63,1197.00,693.00,798.99
3,16,20,1526.40,1510.94,890.72,1631.10,979.70,624.58,804.25,772.36,368.59,1306.67,1197.00,693.00,799.02
3,16,21,1526.44,1510.96,890.75,1631.15,979.72,624.59,804.28,772.37,368.60,1306.72,1197.00,693.00,799.05
3,16,22,1526.47,1510.99,890.78,1631.20,979.75,624.60,804.30,772.39,368.60,1306.77,1197.00,693.00,799.07
3,16,23,1526.51,1511.01,890.81,1631.25,979.77,624.61,804.33,772.40,368.61,1306.82,1197.00,693.00,799.10
3,16,24,1526.54,1511.03,890.84,1631.30,979.80,624.62,804.35,772.42,368.62,1306.87,1197.00,693.00,799.13
3,17,1,1526.58,1511.05,890.87,1631.35,979.82,624.63,804.37,772.43,368.63,1306.90,1197.00,693.00,799.16
3,17,2,1526.61,1511.08,890.90,1631.40,979.85,624.64,804.39,772.45,368.63,1306.93,1197.00,693.00,799.19
3,17,3,1526.65,1511.10,890.93,1631.45,979.87,624.65,804.42,772.46,368.64,1306.97,1197.00,693.00,799.21
3,17,4,1526.68,1511.12,890.96,1631.51,979.90,624.66,804.44,772.48,368.65,1307.00,1197.00,693.00,799.24
3,17,5,1526.72,1511.14,890.99,1631.56,979.92,624.67,804.46,772.49,368.66,1307.03,1197.00,693.00,799.27
3,17,6,1526.75,1511.17,891.02,1631.61,979.95,624.68,804.48,772.51,368.66,1307.06,1197.00,693.00,799.30
3,17,7,1526.79,1511.19,891.04,1631.66,979.97,624.69,804.51,772.52,368.67,1307.09,1197.00,693.00,799.33
3,17,8,1526.82,1511.21,891.07,1631.71,980.00,624.70,804.53,772.54,368.68,1307.13,1197.00,693.00,799.35
3,17,9,1526.86,1511.23,891.10,1631.76,980.02,624.71,804.55,772.55,368.68,1307.16,1197.00,693.00,799.38
3,17,10,1526.89,1511.25,891.13,1631.81,980.05,624.72,804.57,772.57,368.69,1307.19,1197.00,693.00,799.41
3,17,11,1526.93,1511.28,891.16,1631.86,980.07,624.73,804.60,772.58,368.70,1307.22,1197.00,693.00,799.44
3,17,12,1526.96,1511.30,891.19,1631.92,980.10,624.74,804.62,772.60,368.71,1307.26,1197.00,693.00,799.46
3,17,13,1527.00,1511.32,891.22,1631.97,980.12,624.76,804.64,772.61,368.71,1307.29,1197.00,693.00,799.49
3,17,14,1527.03,1511.34,891.25,1632.02,980.14,624.77,804.66,772.62,368.72,1307.32,1197.00,693.00,799.52
3,17,15,1527.07,1511.37,891.28,1632.07,980.17,624.78,804.69,772.64,368.73,1307.35,1197.00,693.00,799.55
3,17,16,1527.10,1511.39,891.31,1632.12,980.19,624.79,804.71,772.65,368.73,1307.38,1197.00,693.00,799.58
3,17,17,1527.14,1511.41,891.34,1632.17,980.22,624.80,804.73,772.67,368.74,1307.42,1197.00,693.00,799.60
3,17,18,1527.17,1511.43,891.36,1632.22,980.24,624.81,804.76,772.68,368.75,1307.45,1197.00,693.00,799.63
3,17,19,1527.21,1511.46,891.39,1632.27,980.27,624.82,804.78,772.70,368.75,1307.48,1197.00,693.00,799.66
3,17,20,1527.24,1511.48,891.42,1632.33,980.29,624.83,804.80,772.71,368.76,1307.51,1197.00,693.00,799.69
3,17,21,1527.28,1511.50,891.45,1632.38,980.32,624.84,804.82,772.73,368.77,1307.54,1197.00,693.00,799.72
3,17,22,1527.31,1511.52,891.48,1632.43,980.34,624.85,804.85,772.74,368.78,1307.58,1197.00,693.00,799.74
3,17,23,1527.35,1511.55,891.51,1632.48,980.37,624.86,804.87,772.76,368.78,1307.61,1197.00,693.00,799.77
3,17,24,1527.38,1511.57,891.54,1632.53,980.39,624.87,804.89,772.77,368.79,1307.64,1197.00,693.00,799.80
3,18,1,1527.41,1511.59,891.57,1632.58,980.41,624.88,804.91,772.78,368.80,1307.67,1197.00,693.00,799.83
3,18,2,1527.45,1511.61,891.60,1632.63,980.44,624.89,804.94,772.80,368.81,1307.71,1197.00,693.00,799.85
3,18,3,1527.48,1511.64,891.63,1632.67,980.46,624.90,804.96,772.81,368.81,1307.74,1197.00,693.00,799.88
3,18,4,1527.52,1511.66,891.66,1632.72,980.49,624.91,804.98,772.83,368.82,1307.78,1197.00,693.00,799.91
3,18,5,1527.55,1511.68,891.69,1632.77,980.51,624.92,805.00,772.84,368.83,1307.81,1197.00,693.00,799.94
3,18,6,1527.59,1511.70,891.71,1632.82,980.54,624.93,805.03,772.86,368.84,1307.84,1197.00,693.00,799.96
3,18,7,1527.62,1511.73,891.74,1632.87,980.56,624.94,805.05,772.87,368.84,1307.88,1197.00,693.00,799.99
3,18,8,1527.66,1511.75,891.77,1632.91,980.58,624.95,805.07,772.89,368.85,1307.91,1197.00,693.00,800.02
3,18,9,1527.69,1511.77,891.80,1632.96,980.61,624.96,805.10,772.90,368.86,1307.94,1197.00,693.00,800.05
3,18,10,1527.73,1511.79,891.83,1633.01,980.63,624.97,805.12,772.92,368.87,1307.98,1197.00,693.00,800.08
3,18,11,1527.76,1511.82,891.86,1633.06,980.66,624.98,805.14,772.93,368.87,1308.01,1197.00,693.00,800.10
3,18,12,1527.79,1511.84,891.89,1633.11,980.68,624.99,805.17,772.95,368.88,1308.04,1197.00,693.00,800.13
3,18,13,1527.83,1511.86,891.92,1633.15,980.70,625.00,805.19,772.96,368.89,1308.08,1197.00,693.00,800.16
3,18,14,1527.86,1511.88,891.95,1633.20,980.73,625.01,805.21,772.97,368.90,1308.11,1197.00,693.00,800.19
3,18,15,1527.90,1511.91,891.98,1633.25,980.75,625.02,805.23,772.99,368.90,1308.15,1197.00,693.00,800.21
3,18,16,1527.93,1511.93,892.01,1633.30,980.78,625.03,805.26,773.00,368.91,1308.18,1197.00,693.00,800.24
3,18,17,1527.97,1511.95,892.04,1633.34,980.80,625.04,805.28,773.02,368.92,1308.21,1197.00,693.00,800.27
3,18,18,1528.00,1511.97,892.06,1633.39,980.82,625.05,805.30,773.03,368.93,1308.25,1197.00,693.00,800.30
3,18,19,1528.04,1512.00,892.09,1633.44,980.85,625.06,805.33,773.05,368.93,1308.28,1197.00,693.00,800.32
3,18,20,1528.07,1512.02,892.12,1633.49,980.87,625.07,805.35,773.06,368.94,1308.31,1197.00,693.00,800.35
3,18,21,1528.11,1512.04,892.15,1633.54,980.90,625.08,805.37,773.08,368.95,1308.35,1197.00,693.00,800.38
3,18,22,1528.14,1512.06,892.18,1633.58,980.92,625.09,805.39,773.09,368.96,1308.38,1197.00,693.00,800.41
3,18,23,1528.18,1512.09,892.21,1633.63,980.95,625.10,805.42,773.11,368.96,1308.42,1197.00,693.00,800.43
3,18,24,1528.21,1512.11,892.24,1633.68,980.97,625.11,805.44,773.12,368.97,1308.45,1197.00,693.00,800.46
3,19,1,1528.24,1512.13,892.27,1633.73,980.99,625.12,805.46,773.13,368.98,1308.49,1197.00,693.00,800.49
3,19,2,1528.28,1512.16,892.30,1633.78,981.02,625.13,805.49,773.15,368.99,1308.53,1197.00,693.00,800.52
3,19,3,1528.31,1512.18,892.33,1633.84,981.04,625.14,805.51,773.16,368.99,1308.56,1197.00,693.00,800.54
3,19,4,1528.35,1512.20,892.35,1633.89,981.07,625.15,805.53,773.18,369.00,1308.60,1197.00,693.00,800.57
3,19,5,1528.38,1512.23,892.38,1633.94,981.09,625.16,805.55,773.19,369.01,1308.64,1197.00,693.00,800.60
3,19,6,1528.42,1512.25,892.41,1633.99,981.12,625.17,805.58,773.21,369.01,1308.68,1197.00,693.00,800.63
3,19,7,1528.45,1512.28,892.44,1634.04,981.14,625.18,805.60,773.22,369.02,1308.72,1197.00,693.00,800.65
3,19,8,1528.49,1512.30,892.47,1634.09,981.17,625.19,805.62,773.23,369.03,1308.76,1197.00,693.00,800.68
3,19,9,1528.52,1512.32,892.50,1634.15,981.19,625.20,805.65,773.25,369.04,1308.79,1197.00,693.00,800.71
3,19,10,1528.56,1512.35,892.53,1634.20,981.22,625.21,805.67,773.26,369.04,1308.83,1197.00,693.00,800.74
3,19,11,1528.59,1512.37,892.56,1634.25,981.24,625.22,805.69,773.28,369.05,1308.87,1197.00,693.00,800.76
3,19,12,1528.62,1512.40,892.58,1634.30,981.26,625.23,805.71,773.29,369.06,1308.91,1197.00,693.00,800.79
3,19,13,1528.66,1512.42,892.61,1634.35,981.29,625.23,805.74,773.30,369.07,1308.95,1197.00,693.00,800.82
3,19,14,1528.69,1512.44,892.64,1634.40,981.31,625.24,805.76,773.32,369.07,1308.99,1197.00,693.00,800.85
3,19,15,1528.73,1512.47,892.67,1634.46,981.34,625.25,805.78,773.33,369.08,1309.02,1197.00,693.00,800.87
3,19,16,1528.76,1512.49,892.70,1634.51,981.36,625.26,805.81,773.35,369.09,1309.06,1197.00,693.00,800.90
3,19,17,1528.80,1512.51,892.73,1634.56,981.39,625.27,805.83,773.36,369.10,1309.10,1197.00,693.00,800.93
3,19,18,1528.83,1512.54,892.76,1634.61,981.41,625.28,805.85,773.38,369.10,1309.14,1197.00,693.00,800.96
3,19,19,1528.87,1512.56,892.79,1634.66,981.44,625.29,805.88,773.39,369.11,1309.18,1197.00,693.00,800.98
3,19,20,1528.90,1512.59,892.81,1634.71,981.46,625.30,805.90,773.40,369.12,1309.22,1197.00,693.00,801.01
3,19,21,1528.94,1512.61,892.84,1634.77,981.49,625.31,805.92,773.42,369.13,1309.25,1197.00,693.00,801.04
3,19,22,1528.97,1512.63,892.87,1634.82,981.51,625.32,805.94,773.43,369.13,1309.29,1197.00,693.00,801.06
3,19,23,1529.01,1512.66,892.90,1634.87,981.54,625.33,805.97,773.45,369.14,1309.33,1197.00,693.00,801.09
3,19,24,1529.04,1512.68,892.93,1634.92,981.56,625.34,805.99,773.46,369.15,1309.37,1197.00,693.00,801.12
3,20,1,1529.07,1512.70,892.96,1634.97,981.58,625.35,806.01,773.47,369.16,1309.41,1197.00,693.00,801.15
3,20,2,1529.11,1512.73,892.99,1635.02,981.61,625.36,806.03,773.49,369.16,1309.45,1197.00,693.00,801.17
3,20,3,1529.14,1512.75,893.02,1635.07,981.63,625.37,806.06,773.50,369.17,1309.49,1197.00,693.00,801.20
3,20,4,1529.18,1512.77,893.04,1635.11,981.66,625.38,806.08,773.52,369.18,1309.52,1197.00,693.00,801.23
3,20,5,1529.21,1512.79,893.07,1635.16,981.68,625.39,806.10,773.53,369.19,1309.56,1197.00,693.00,801.26
3,20,6,1529.25,1512.82,893.10,1635.21,981.71,625.40,806.12,773.55,369.19,1309.60,1197.00,693.00,801.28
3,20,7,1529.28,1512.84,893.13,1635.26,981.73,625.41,806.15,773.56,369.20,1309.64,1197.00,693.00,801.31
3,20,8,1529.32,1512.86,893.16,1635.31,981.75,625.42,806.17,773.58,369.21,1309.68,1197.00,693.00,801.34
3,20,9,1529.35,1512.89,893.19,1635.36,981.78,625.43,806.19,773.59,369.21,1309.72,1197.00,693.00,801.36
3,20,10,1529.39,1512.91,893.22,1635.40,981.80,625.44,806.22,773.61,369.22,1309.75,1197.00,693.00,801.39
3,20,11,1529.42,1512.93,893.25,1635.45,981.83,625.45,806.24,773.62,369.23,1309.79,1197.00,693.00,801.42
3,20,12,1529.46,1512.96,893.27,1635.50,981.85,625.46,806.26,773.64,369.24,1309.83,1197.00,693.00,801.45
3,20,13,1529.49,1512.98,893.30,1635.55,981.87,625.46,806.28,773.65,369.24,1309.87,1197.00,693.00,801.47
3,20,14,1529.52,1513.00,893.33,1635.60,981.90,625.47,806.31,773.66,369.25,1309.91,1197.00,693.00,801.50
3,20,15,1529.56,1513.02,893.36,1635.64,981.92,625.48,806.33,773.68,369.26,1309.95,1197.00,693.00,801.53
3,20,16,1529.59,1513.05,893.39,1635.69,981.95,625.49,806.35,773.69,369.26,1309.98,1197.00,693.00,801.55
3,20,17,1529.63,1513.07,893.42,1635.74,981.97,625.50,806.37,773.71,369.27,1310.02,1197.00,693.00,801.58
3,20,18,1529.66,1513.09,893.45,1635.79,982.00,625.51,806.40,773.72,369.28,1310.06,1197.00,693.00,801.61
3,20,19,1529.70,1513.12,893.48,1635.84,982.02,625.52,806.42,773.74,369.28,1310.10,1197.00,693.00,801.63
3,20,20,1529.73,1513.14,893.50,1635.89,982.04,625.53,806.44,773.75,369.29,1310.14,1197.00,693.00,801.66
3,20,21,1529.77,1513.16,893.53,1635.93,982.07,625.54,806.46,773.77,369.30,1310.18,1197.00,693.00,801.69
3,20,22,1529.80,1513.18,893.56,1635.98,982.09,625.55,806.49,773.78,369.31,1310.21,1197.00,693.00,801.72
3,20,23,1529.84,1513.21,893.59,1636.03,982.12,625.56,806.51,773.80,369.31,1310.25,1197.00,693.00,801.74
3,20,24,1529.87,1513.23,893.62,1636.08,982.14,625.57,806.53,773.81,369.32,1310.29,1197.00,693.00,801.77
3,21,1,1529.90,1513.25,893.65,1636.13,982.16,625.58,806.55,773.82,369.33,1310.33,1197.00,693.00,801.80
3,21,2,1529.94,1513.27,893.68,1636.18,982.19,625.59,806.58,773.84,369.34,1310.37,1197.00,693.00,801.82
3,21,3,1529.97,1513.30,893.71,1636.23,982.21,625.60,806.60,773.85,369.34,1310.41,1197.00,693.00,801.85
3,21,4,1530.01,1513.32,893.73,1636.28,982.24,625.61,806.62,773.87,369.35,1310.44,1197.00,693.00,801.88
3,21,5,1530.04,1513.34,893.76,1636.33,982.26,625.62,806.64,773.88,369.36,1310.48,1197.00,693.00,801.90
3,21,6,1530.07,1513.36,893.79,1636.37,982.29,625.63,806.67,773.89,369.37,1310.52,1197.00,693.00,801.93
3,21,7,1530.11,1513.39,893.82,1636.42,982.31,625.64,806.69,773.91,369.37,1310.56,1197.00,693.00,801.96
3,21,8,1530.14,1513.41,893.85,1636.47,982.33,625.65,806.71,773.92,369.38,1310.60,1197.00,693.00,801.98
3,21,9,1530.18,1513.43,893.88,1636.52,982.36,625.66,806.73,773.93,369.39,1310.64,1197.00,693.00,802.01
3,21,10,1530.21,1513.45,893.91,1636.57,982.38,625.67,806.76,773.95,369.40,1310.67,1197.00,693.00,802.04
3,21,11,1530.25,1513.48,893.94,1636.62,982.41,625.68,806.78,773.96,369.40,1310.71,1197.00,693.00,802.06
3,21,12,1530.28,1513.50,893.96,1636.67,982.43,625.68,806.80,773.98,369.41,1310.75,1197.00,693.00,802.09
3,21,13,1530.31,1513.52,893.99,1636.72,982.45,625.69,806.82,773.99,369.42,1310.79,1197.00,693.00,802.12
3,21,14,1530.35,1513.55,894.02,1636.77,982.48,625.70,806.85,774.00,369.43,1310.83,1197.00,693.00,802.14
3,21,15,1530.38,1513.57,894.05,1636.82,982.50,625.71,806.87,774.02,369.43,1310.86,1197.00,693.00,802.17
3,21,16,1530.42,1513.59,894.08,1636.87,982.53,625.72,806.89,774.03,369.44,1310.90,1197.00,693.00,802.20
3,21,17,1530.45,1513.61,894.11,1636.92,982.55,625.73,806.91,774.04,369.45,1310.94,1197.00,693.00,802.22
3,21,18,1530.48,1513.64,894.14,1636.96,982.57,625.74,806.94,774.06,369.46,1310.98,1197.00,693.00,802.25
3,21,19,1530.52,1513.66,894.17,1637.01,982.60,625.75,806.96,774.07,369.46,1311.02,1197.00,693.00,802.28
3,21,20,1530.55,1513.68,894.19,1637.06,982.62,625.76,806.98,774.09,369.47,1311.06,1197.00,693.00,802.30
3,21,21,1530.59,1513.70,894.22,1637.11,982.65,625.77,807.00,774.10,369.48,1311.09,1197.00,693.00,802.33
3,21,22,1530.62,1513.73,894.25,1637.16,982.67,625.78,807.03,774.11,369.49,1311.13,1197.00,693.00,802.36
3,21,23,1530.66,1513.75,894.28,1637.21,982.70,625.79,807.05,774.13,369.49,1311.17,1197.00,693.00,802.38
3,21,24,1530.69,1513.77,894.31,1637.26,982.72,625.80,807.07,774.14,369.50,1311.21,1197.00,693.00,802.41
3,22,1,1530.72,1513.79,894.34,1637.31,982.74,625.81,807.09,774.15,369.51,1311.25,1197.00,693.00,802.44
3,22,2,1530.76,1513.82,894.37,1637.36,982.77,625.82,807.11,774.17,369.51,1311.29,1197.00,693.00,802.46
3,22,3,1530.79,1513.84,894.39,1637.41,982.79,625.83,807.13,774.18,369.52,1311.32,1197.00,693.00,802.49
3,22,4,1530.83,1513.86,894.42,1637.47,982.82,625.84,807.16,774.20,369.53,1311.36,1197.00,693.00,802.52
3,22,5,1530.86,1513.88,894.45,1637.52,982.84,625.85,807.18,774.21,369.54,1311.40,1197.00,693.00,802.55
3,22,6,1530.89,1513.91,894.48,1637.57,982.87,625.86,807.20,774.23,369.54,1311.44,1197.00,693.00,802.57
3,22,7,1530.93,1513.93,894.51,1637.62,982.89,625.87,807.22,774.24,369.55,1311.48,1197.00,693.00,802.60
3,22,8,1530.96,1513.95,894.54,1637.67,982.92,625.88,807.24,774.25,369.56,1311.51,1197.00,693.00,802.63
3,22,9,1531.00,1513.97,894.56,1637.72,982.94,625.89,807.26,774.27,369.56,1311.55,1197.00,693.00,802.65
3,22,10,1531.03,1514.00,894.59,1637.77,982.97,625.90,807.28,774.28,369.57,1311.59,1197.00,693.00,802.68
3,22,11,1531.07,1514.02,894.62,1637.82,982.99,625.91,807.30,774.30,369.58,1311.63,1197.00,693.00,802.71
3,22,12,1531.10,1514.04,894.65,1637.88,983.01,625.92,807.33,774.31,369.59,1311.66,1197.00,693.00,802.73
3,22,13,1531.13,1514.06,894.68,1637.93,983.04,625.92,807.35,774.32,369.59,1311.70,1197.00,693.00,802.76
3,22,14,1531.17,1514.09,894.71,1637.98,983.06,625.93,807.37,774.34,369.60,1311.74,1197.00,693.00,802.79
3,22,15,1531.20,1514.11,894.73,1638.03,983.09,625.94,807.39,774.35,369.61,1311.78,1197.00,693.00,802.82
3,22,16,1531.24,1514.13,894.76,1638.08,983.11,625.95,807.41,774.37,369.61,1311.82,1197.00,693.00,802.84
3,22,17,1531.27,1514.15,894.79,1638.13,983.14,625.96,807.43,774.38,369.62,1311.85,1197.00,693.00,802.87
3,22,18,1531.30,1514.18,894.82,1638.18,983.16,625.97,807.45,774.39,369.63,1311.89,1197.00,693.00,802.90
3,22,19,1531.34,1514.20,894.85,1638.23,983.19,625.98,807.47,774.41,369.63,1311.93,1197.00,693.00,802.92
3,22,20,1531.37,1514.22,894.88,1638.28,983.21,625.99,807.50,774.42,369.64,1311.97,1197.00,693.00,802.95
3,22,21,1531.41,1514.24,894.90,1638.34,983.24,626.00,807.52,774.44,369.65,1312.01,1197.00,693.00,802.98
3,22,22,1531.44,1514.27,894.93,1638.39,983.26,626.01,807.54,774.45,369.66,1312.04,1197.00,693.00,803.01
3,22,23,1531.48,1514.29,894.96,1638.44,983.29,626.02,807.56,774.47,369.66,1312.08,1197.00,693.00,803.03
3,22,24,1531.51,1514.31,894.99,1638.49,983.31,626.03,807.58,774.48,369.67,1312.12,1197.00,693.00,803.06
3,23,1,1531.54,1514.33,895.02,1638.54,983.33,626.04,807.60,774.49,369.68,1312.16,1197.00,693.00,803.09
3,23,2,1531.58,1514.36,895.05,1638.59,983.36,626.05,807.62,774.51,369.68,1312.20,1197.00,693.00,803.11
3,23,3,1531.61,1514.38,895.08,1638.63,983.38,626.06,807.64,774.52,369.69,1312.24,1197.00,693.00,803.14
3,23,4,1531.64,1514.40,895.10,1638.68,983.41,626.07,807.66,774.53,369.70,1312.27,1197.00,693.00,803.16
3,23,5,1531.68,1514.42,895.13,1638.73,983.43,626.08,807.68,774.55,369.71,1312.31,1197.00,693.00,803.19
3,23,6,1531.71,1514.45,895.16,1638.78,983.46,626.09,807.71,774.56,369.71,1312.35,1197.00,693.00,803.22
3,23,7,1531.75,1514.47,895.19,1638.83,983.48,626.10,807.73,774.58,369.72,1312.39,1197.00,693.00,803.24
3,23,8,1531.78,1514.49,895.22,1638.87,983.50,626.11,807.75,774.59,369.73,1312.43,1197.00,693.00,803.27
3,23,9,1531.81,1514.51,895.25,1638.92,983.53,626.12,807.77,774.60,369.73,1312.47,1197.00,693.00,803.30
3,23,10,1531.85,1514.54,895.28,1638.97,983.55,626.13,807.79,774.62,369.74,1312.50,1197.00,693.00,803.32
3,23,11,1531.88,1514.56,895.31,1639.02,983.58,626.14,807.81,774.63,369.75,1312.54,1197.00,693.00,803.35
3,23,12,1531.91,1514.58,895.33,1639.07,983.60,626.16,807.83,774.64,369.76,1312.58,1197.00,693.00,803.38
3,23,13,1531.95,1514.60,895.36,1639.11,983.62,626.17,807.85,774.66,369.76,1312.62,1197.00,693.00,803.40
3,23,14,1531.98,1514.63,895.39,1639.16,983.65,626.18,807.87,774.67,369.77,1312.66,1197.00,693.00,803.43
3,23,15,1532.02,1514.65,895.42,1639.21,983.67,626.19,807.89,774.69,369.78,1312.70,1197.00,693.00,803.45
3,23,16,1532.05,1514.67,895.45,1639.26,983.70,626.20,807.91,774.70,369.78,1312.73,1197.00,693.00,803.48
3,23,17,1532.08,1514.69,895.48,1639.30,983.72,626.21,807.93,774.71,369.79,1312.77,1197.00,693.00,803.51
3,23,18,1532.12,1514.71,895.51,1639.35,983.75,626.22,807.96,774.73,369.80,1312.81,1197.00,693.00,803.53
3,23,19,1532.15,1514.74,895.54,1639.40,983.77,626.23,807.98,774.74,369.80,1312.85,1197.00,693.00,803.56
3,23,20,1532.18,1514.76,895.56,1639.45,983.79,626.24,808.00,774.75,369.81,1312.89,1197.00,693.00,803.59
3,23,21,1532.22,1514.78,895.59,1639.50,983.82,626.25,808.02,774.77,369.82,1312.93,1197.00,693.00,803.61
3,23,22,1532.25,1514.80,895.62,1639.54,983.84,626.26,808.04,774.78,369.83,1312.96,1197.00,693.00,803.64
3,23,23,1532.29,1514.83,895.65,1639.59,983.87,626.27,808.06,774.80,369.83,1313.00,1197.00,693.00,803.66
3,23,24,1532.32,1514.85,895.68,1639.64,983.89,626.28,808.08,774.81,369.84,1313.04,1197.00,693.00,803.69
3,24,1,1532.35,1514.87,895.71,1639.69,983.91,626.29,808.10,774.82,369.85,1313.07,1197.00,693.00,803.72
3,24,2,1532.39,1514.89,895.74,1639.74,983.94,626.30,808.13,774.84,369.85,1313.11,1197.00,693.00,803.74
3,24,3,1532.42,1514.92,895.76,1639.79,983.96,626.31,808.15,774.85,369.86,1313.14,1197.00,693.00,803.77
3,24,4,1532.45,1514.94,895.79,1639.83,983.99,626.32,808.17,774.87,369.87,1313.17,1197.00,693.00,803.80
3,24,5,1532.49,1514.96,895.82,1639.88,984.01,626.33,808.19,774.88,369.88,1313.21,1197.00,693.00,803.82
3,24,6,1532.52,1514.98,895.85,1639.93,984.04,626.34,808.22,774.89,369.88,1313.24,1197.00,693.00,803.85
3,24,7,1532.56,1515.01,895.88,1639.98,984.06,626.35,808.24,774.91,369.89,1313.27,1197.00,693.00,803.88
3,24,8,1532.59,1515.03,895.91,1640.03,984.08,626.36,808.26,774.92,369.90,1313.31,1197.00,693.00,803.90
3,24,9,1532.62,1515.05,895.93,1640.08,984.11,626.37,808.29,774.93,369.90,1313.34,1197.00,693.00,803.93
3,24,10,1532.66,1515.07,895.96,1640.12,984.13,626.38,808.31,774.95,369.91,1313.37,1197.00,693.00,803.96
3,24,11,1532.69,1515.10,895.99,1640.17,984.16,626.39,808.33,774.96,369.92,1313.41,1197.00,693.00,803.98
3,24,12,1532.72,1515.12,896.02,1640.22,984.18,626.41,808.36,774.98,369.93,1313.44,1197.00,693.00,804.01
3,24,13,1532.76,1515.14,896.05,1640.27,984.20,626.42,808.38,774.99,369.93,1313.47,1197.00,693.00,804.04
3,24,14,1532.79,1515.16,896.08,1640.32,984.23,626.43,808.40,775.00,369.94,1313.51,1197.00,693.00,804.06
3,24,15,1532.83,1515.19,896.10,1640.37,984.25,626.44,808.42,775.02,369.95,1313.54,1197.00,693.00,804.09
3,24,16,1532.86,1515.21,896.13,1640.41,984.28,626.45,808.45,775.03,369.95,1313.57,1197.00,693.00,804.12
3,24,17,1532.89,1515.23,896.16,1640.46,984.30,626.46,808.47,775.04,369.96,1313.61,1197.00,693.00,804.14
3,24,18,1532.93,1515.26,896.19,1640.51,984.32,626.47,808.49,775.06,369.97,1313.64,1197.00,693.00,804.17
3,24,19,1532.96,1515.28,896.22,1640.56,984.35,626.48,808.52,775.07,369.97,1313.67,1197.00,693.00,804.20
3,24,20,1532.99,1515.30,896.25,1640.61,984.37,626.49,808.54,775.09,369.98,1313.71,1197.00,693.00,804.22
3,24,21,1533.03,1515.32,896.27,1640.66,984.40,626.50,808.56,775.10,369.99,1313.74,1197.00,693.00,804.25
3,24,22,1533.06,1515.35,896.30,1640.70,984.42,626.51,808.58,775.11,370.00,1313.77,1197.00,693.00,804.28
3,24,23,1533.10,1515.37,896.33,1640.75,984.45,626.52,808.61,775.13,370.00,1313.81,1197.00,693.00,804.30
3,24,24,1533.13,1515.39,896.36,1640.80,984.47,626.53,808.63,775.14,370.01,1313.84,1197.00,693.00,804.33
3,25,1,1533.16,1515.41,896.39,1640.85,984.49,626.54,808.65,775.15,370.02,1313.88,1197.00,693.00,804.36
3,25,2,1533.20,1515.44,896.42,1640.90,984.52,626.55,808.67,775.17,370.02,1313.91,1197.00,693.00,804.38
3,25,3,1533.23,1515.46,896.44,1640.94,984.54,626.56,808.70,775.18,370.03,1313.95,1197.00,693.00,804.41
3,25,4,1533.26,1515.48,896.47,1640.99,984.57,626.57,808.72,775.19,370.04,1313.99,1197.00,693.00,804.43
3,25,5,1533.30,1515.50,896.50,1641.04,984.59,626.58,808.74,775.21,370.05,1314.03,1197.00,693.00,804.46
3,25,6,1533.33,1515.53,896.53,1641.09,984.61,626.59,808.76,775.22,370.05,1314.06,1197.00,693.00,804.49
3,25,7,1533.36,1515.55,896.56,1641.14,984.64,626.60,808.78,775.23,370.06,1314.10,1197.00,693.00,804.51
3,25,8,1533.40,1515.57,896.59,1641.18,984.66,626.61,808.81,775.25,370.07,1314.14,1197.00,693.00,804.54
3,25,9,1533.43,1515.59,896.61,1641.23,984.69,626.62,808.83,775.26,370.07,1314.17,1197.00,693.00,804.56
3,25,10,1533.46,1515.62,896.64,1641.28,984.71,626.63,808.85,775.27,370.08,1314.21,1197.00,693.00,804.59
3,25,11,1533.50,1515.64,896.67,1641.33,984.74,626.64,808.87,775.29,370.09,1314.25,1197.00,693.00,804.61
3,25,12,1533.53,1515.66,896.70,1641.38,984.76,626.66,808.89,775.30,370.10,1314.28,1197.00,693.00,804.64
3,25,13,1533.56,1515.68,896.73,1641.42,984.78,626.67,808.92,775.31,370.10,1314.32,1197.00,693.00,804.67
3,25,14,1533.60,1515.71,896.76,1641.47,984.81,626.68,808.94,775.33,370.11,1314.36,1197.00,693.00,804.69
3,25,15,1533.63,1515.73,896.78,1641.52,984.83,626.69,808.96,775.34,370.12,1314.40,1197.00,693.00,804.72
3,25,16,1533.66,1515.75,896.81,1641.57,984.86,626.70,808.98,775.35,370.12,1314.43,1197.00,693.00,804.74
3,25,17,1533.70,1515.77,896.84,1641.61,984.88,626.71,809.01,775.37,370.13,1314.47,1197.00,693.00,804.77
3,25,18,1533.73,1515.80,896.87,1641.66,984.90,626.72,809.03,775.38,370.14,1314.51,1197.00,693.00,804.80
3,25,19,1533.76,1515.82,896.90,1641.71,984.93,626.73,809.05,775.39,370.14,1314.54,1197.00,693.00,804.82
3,25,20,1533.80,1515.84,896.93,1641.76,984.95,626.74,809.07,775.41,370.15,1314.58,1197.00,693.00,804.85
3,25,21,1533.83,1515.86,896.95,1641.81,984.98,626.75,809.09,775.42,370.16,1314.62,1197.00,693.00,804.87
3,25,22,1533.86,1515.89,896.98,1641.85,985.00,626.76,809.12,775.43,370.17,1314.66,1197.00,693.00,804.90
3,25,23,1533.90,1515.91,897.01,1641.90,985.03,626.77,809.14,775.45,370.17,1314.69,1197.00,693.00,804.92
3,25,24,1533.93,1515.93,897.04,1641.95,985.05,626.78,809.16,775.46,370.18,1314.73,1197.00,693.00,804.95
3,26,1,1533.96,1515.95,897.07,1642.00,985.07,626.79,809.18,775.47,370.19,1314.77,1197.00,693.00,804.98
3,26,2,1534.00,1515.98,897.10,1642.05,985.10,626.80,809.20,775.49,370.19,1314.81,1197.00,693.00,805.00
3,26,3,1534.03,1516.00,897.12,1642.09,985.12,626.81,809.22,775.50,370.20,1314.84,1197.00,693.00,805.03
3,26,4,1534.06,1516.02,897.15,1642.14,985.14,626.82,809.24,775.52,370.21,1314.88,1197.00,693.00,805.06
3,26,5,1534.10,1516.05,897.18,1642.19,985.17,626.83,809.27,775.53,370.22,1314.92,1197.00,693.00,805.08
3,26,6,1534.13,1516.07,897.21,1642.24,985.19,626.84,809.29,775.54,370.22,1314.96,1197.00,693.00,805.11
3,26,7,1534.16,1516.09,897.24,1642.29,985.22,626.85,809.31,775.56,370.23,1315.00,1197.00,693.00,805.13
3,26,8,1534.20,1516.12,897.26,1642.33,985.24,626.86,809.33,775.57,370.24,1315.04,1197.00,693.00,805.16
3,26,9,1534.23,1516.14,897.29,1642.38,985.26,626.87,809.35,775.58,370.24,1315.07,1197.00,693.00,805.19
3,26,10,1534.26,1516.16,897.32,1642.43,985.29,626.88,809.37,775.60,370.25,1315.11,1197.00,693.00,805.21
3,26,11,1534.30,1516.19,897.35,1642.48,985.31,626.89,809.39,775.61,370.26,1315.15,1197.00,693.00,805.24
3,26,12,1534.33,1516.21,897.38,1642.52,985.33,626.90,809.41,775.62,370.26,1315.19,1197.00,693.00,805.27
3,26,13,1534.36,1516.23,897.40,1642.57,985.36,626.91,809.44,775.64,370.27,1315.23,1197.00,693.00,805.29
3,26,14,1534.40,1516.26,897.43,1642.62,985.38,626.92,809.46,775.65,370.28,1315.27,1197.00,693.00,805.32
3,26,15,1534.43,1516.28,897.46,1642.67,985.41,626.93,809.48,775.67,370.29,1315.31,1197.00,693.00,805.34
3,26,16,1534.46,1516.30,897.49,1642.72,985.43,626.94,809.50,775.68,370.29,1315.34,1197.00,693.00,805.37
3,26,17,1534.50,1516.33,897.51,1642.76,985.45,626.95,809.52,775.69,370.30,1315.38,1197.00,693.00,805.40
3,26,18,1534.53,1516.35,897.54,1642.81,985.48,626.96,809.54,775.71,370.31,1315.42,1197.00,693.00,805.42
3,26,19,1534.56,1516.37,897.57,1642.86,985.50,626.97,809.56,775.72,370.31,1315.46,1197.00,693.00,805.45
3,26,20,1534.60,1516.40,897.60,1642.91,985.52,626.98,809.58,775.73,370.32,1315.50,1197.00,693.00,805.48
3,26,21,1534.63,1516.42,897.63,1642.96,985.55,626.99,809.61,775.75,370.33,1315.54,1197.00,693.00,805.50
3,26,22,1534.66,1516.44,897.65,1643.00,985.57,627.00,809.63,775.76,370.34,1315.57,1197.00,693.00,805.53
3,26,23,1534.70,1516.47,897.68,1643.05,985.60,627.01,809.65,775.78,370.34,1315.61,1197.00,693.00,805.55
3,26,24,1534.73,1516.49,897.71,1643.10,985.62,627.02,809.67,775.79,370.35,1315.65,1197.00,693.00,805.58
3,27,1,1534.76,1516.51,897.74,1643.15,985.64,627.03,809.69,775.80,370.36,1315.69,1197.00,693.00,805.61
3,27,2,1534.80,1516.54,897.77,1643.20,985.67,627.04,809.71,775.82,370.36,1315.72,1197.00,693.00,805.63
3,27,3,1534.83,1516.56,897.80,1643.24,985.69,627.05,809.73,775.83,370.37,1315.76,1197.00,693.00,805.66
3,27,4,1534.86,1516.58,897.82,1643.29,985.71,627.06,809.75,775.84,370.38,1315.79,1197.00,693.00,805.68
3,27,5,1534.90,1516.61,897.85,1643.34,985.74,627.07,809.77,775.86,370.38,1315.83,1197.00,693.00,805.71
3,27,6,1534.93,1516.63,897.88,1643.39,985.76,627.08,809.79,775.87,370.39,1315.86,1197.00,693.00,805.74
3,27,7,1534.96,1516.65,897.91,1643.44,985.79,627.09,809.82,775.88,370.40,1315.90,1197.00,693.00,805.76
3,27,8,1535.00,1516.68,897.94,1643.49,985.81,627.10,809.84,775.90,370.40,1315.93,1197.00,693.00,805.79
3,27,9,1535.03,1516.70,897.97,1643.53,985.83,627.11,809.86,775.91,370.41,1315.97,1197.00,693.00,805.81
3,27,10,1535.06,1516.72,897.99,1643.58,985.86,627.12,809.88,775.92,370.42,1316.00,1197.00,693.00,805.84
3,27,11,1535.10,1516.75,898.02,1643.63,985.88,627.13,809.90,775.94,370.42,1316.04,1197.00,693.00,805.86
3,27,12,1535.13,1516.77,898.05,1643.68,985.90,627.14,809.92,775.95,370.43,1316.08,1197.00,693.00,805.89
3,27,13,1535.16,1516.79,898.08,1643.73,985.93,627.14,809.94,775.96,370.44,1316.11,1197.00,693.00,805.92
3,27,14,1535.20,1516.82,898.11,1643.78,985.95,627.15,809.96,775.98,370.44,1316.15,1197.00,693.00,805.94
3,27,15,1535.23,1516.84,898.14,1643.82,985.98,627.16,809.98,775.99,370.45,1316.18,1197.00,693.00,805.97
3,27,16,1535.26,1516.86,898.16,1643.87,986.00,627.17,810.00,776.00,370.46,1316.22,1197.00,693.00,805.99
3,27,17,1535.30,1516.89,898.19,1643.92,986.02,627.18,810.02,776.02,370.46,1316.25,1197.00,693.00,806.02
3,27,18,1535.33,1516.91,898.22,1643.97,986.05,627.19,810.04,776.03,370.47,1316.29,1197.00,693.00,806.05
3,27,19,1535.36,1516.93,898.25,1644.02,986.07,627.20,810.07,776.04,370.48,1316.32,1197.00,693.00,806.07
3,27,20,1535.40,1516.96,898.28,1644.07,986.10,627.21,810.09,776.06,370.48,1316.36,1197.00,693.00,806.10
3,27,21,1535.43,1516.98,898.31,1644.12,986.12,627.22,810.11,776.07,370.49,1316.39,1197.00,693.00,806.12
3,27,22,1535.46,1517.00,898.33,1644.16,986.14,627.23,810.13,776.08,370.50,1316.43,1197.00,693.00,806.15
3,27,23,1535.50,1517.03,898.36,1644.21,986.17,627.24,810.15,776.10,370.50,1316.46,1197.00,693.00,806.17
3,27,24,1535.53,1517.05,898.39,1644.26,986.19,627.25,810.17,776.11,370.51,1316.50,1197.00,693.00,806.20
3,28,1,1535.56,1517.07,898.42,1644.31,986.21,627.26,810.19,776.12,370.52,1316.53,1197.00,693.00,806.23
3,28,2,1535.60,1517.10,898.45,1644.36,986.24,627.27,810.21,776.14,370.52,1316.57,1197.00,693.00,806.25
3,28,3,1535.63,1517.12,898.47,1644.40,986.26,627.28,810.23,776.15,370.53,1316.60,1197.00,693.00,806.28
3,28,4,1535.66,1517.14,898.50,1644.45,986.29,627.29,810.25,776.16,370.54,1316.64,1197.00,693.00,806.30
3,28,5,1535.69,1517.16,898.53,1644.50,986.31,627.30,810.27,776.17,370.55,1316.67,1197.00,693.00,806.33
3,28,6,1535.73,1517.19,898.56,1644.55,986.33,627.31,810.29,776.19,370.55,1316.71,1197.00,693.00,806.35
3,28,7,1535.76,1517.21,898.59,1644.60,986.36,627.32,810.32,776.20,370.56,1316.74,1197.00,693.00,806.38
3,28,8,1535.79,1517.23,898.61,1644.64,986.38,627.33,810.34,776.21,370.57,1316.78,1197.00,693.00,806.40
3,28,9,1535.83,1517.25,898.64,1644.69,986.40,627.34,810.36,776.23,370.57,1316.81,1197.00,693.00,806.43
3,28,10,1535.86,1517.28,898.67,1644.74,986.43,627.35,810.38,776.24,370.58,1316.85,1197.00,693.00,806.45
3,28,11,1535.89,1517.30,898.70,1644.79,986.45,627.36,810.40,776.25,370.59,1316.88,1197.00,693.00,806.48
3,28,12,1535.92,1517.32,898.73,1644.84,986.48,627.36,810.42,776.26,370.60,1316.92,1197.00,693.00,806.51
3,28,13,1535.96,1517.34,898.75,1644.88,986.50,627.37,810.44,776.28,370.60,1316.95,1197.00,693.00,806.53
3,28,14,1535.99,1517.37,898.78,1644.93,986.52,627.38,810.46,776.29,370.61,1316.99,1197.00,693.00,806.56
3,28,15,1536.02,1517.39,898.81,1644.98,986.55,627.39,810.48,776.30,370.62,1317.02,1197.00,693.00,806.58
3,28,16,1536.06,1517.41,898.84,1645.03,986.57,627.40,810.50,776.32,370.62,1317.06,1197.00,693.00,806.61
3,28,17,1536.09,1517.43,898.86,1645.07,986.59,627.41,810.52,776.33,370.63,1317.09,1197.00,693.00,806.63
3,28,18,1536.12,1517.45,898.89,1645.12,986.62,627.42,810.54,776.34,370.64,1317.13,1197.00,693.00,806.66
3,28,19,1536.16,1517.48,898.92,1645.17,986.64,627.43,810.57,776.36,370.64,1317.16,1197.00,693.00,806.68
3,28,20,1536.19,1517.50,898.95,1645.22,986.67,627.44,810.59,776.37,370.65,1317.20,1197.00,693.00,806.71
3,28,21,1536.22,1517.52,898.98,1645.27,986.69,627.45,810.61,776.38,370.66,1317.23,1197.00,693.00,806.73
3,28,22,1536.25,1517.54,899.00,1645.31,986.71,627.46,810.63,776.39,370.67,1317.27,1197.00,693.00,806.76
3,28,23,1536.29,1517.57,899.03,1645.36,986.74,627.47,810.65,776.41,370.67,1317.30,1197.00,693.00,806.78
3,28,24,1536.32,1517.59,899.06,1645.41,986.76,627.48,810.67,776.42,370.68,1317.34,1197.00,693.00,806.81
3,29,1,1536.35,1517.61,899.09,1645.46,986.78,627.49,810.69,776.43,370.69,1317.38,1197.00,693.00,806.84
3,29,2,1536.39,1517.63,899.12,1645.50,986.81,627.50,810.71,776.45,370.69,1317.41,1197.00,693.00,806.86
3,29,3,1536.42,1517.66,899.14,1645.55,986.83,627.51,810.73,776.46,370.70,1317.45,1197.00,693.00,806.89
3,29,4,1536.45,1517.68,899.17,1645.59,986.86,627.52,810.75,776.47,370.71,1317.49,1197.00,693.00,806.91
3,29,5,1536.48,1517.70,899.20,1645.64,986.88,627.53,810.77,776.49,370.71,1317.53,1197.00,693.00,806.94
3,29,6,1536.52,1517.72,899.23,1645.69,986.90,627.54,810.79,776.50,370.72,1317.56,1197.00,693.00,806.96
3,29,7,1536.55,1517.75,899.26,1645.73,986.93,627.55,810.82,776.51,370.73,1317.60,1197.00,693.00,806.99
3,29,8,1536.58,1517.77,899.28,1645.78,986.95,627.56,810.84,776.53,370.73,1317.64,1197.00,693.00,807.01
3,29,9,1536.62,1517.79,899.31,1645.82,986.97,627.57,810.86,776.54,370.74,1317.67,1197.00,693.00,807.04
3,29,10,1536.65,1517.81,899.34,1645.87,987.00,627.58,810.88,776.55,370.75,1317.71,1197.00,693.00,807.06
3,29,11,1536.68,1517.84,899.37,1645.91,987.02,627.59,810.90,776.57,370.75,1317.75,1197.00,693.00,807.09
3,29,12,1536.71,1517.86,899.39,1645.96,987.05,627.60,810.92,776.58,370.76,1317.78,1197.00,693.00,807.11
3,29,13,1536.75,1517.88,899.42,1646.01,987.07,627.60,810.94,776.59,370.77,1317.82,1197.00,693.00,807.14
3,29,14,1536.78,1517.90,899.45,1646.05,987.09,627.61,810.96,776.61,370.77,1317.86,1197.00,693.00,807.17
3,29,15,1536.81,1517.93,899.48,1646.10,987.12,627.62,810.98,776.62,370.78,1317.90,1197.00,693.00,807.19
3,29,16,1536.85,1517.95,899.51,1646.14,987.14,627.63,811.00,776.63,370.79,1317.93,1197.00,693.00,807.22
3,29,17,1536.88,1517.97,899.53,1646.19,987.16,627.64,811.02,776.65,370.79,1317.97,1197.00,693.00,807.24
3,29,18,1536.91,1517.99,899.56,1646.24,987.19,627.65,811.04,776.66,370.80,1318.01,1197.00,693.00,807.27
3,29,19,1536.95,1518.02,899.59,1646.28,987.21,627.66,811.07,776.67,370.81,1318.04,1197.00,693.00,807.29
3,29,20,1536.98,1518.04,899.62,1646.33,987.24,627.67,811.09,776.69,370.81,1318.08,1197.00,693.00,807.32
3,29,21,1537.01,1518.06,899.65,1646.37,987.26,627.68,811.11,776.70,370.82,1318.12,1197.00,693.00,807.34
3,29,22,1537.04,1518.09,899.67,1646.42,987.28,627.69,811.13,776.71,370.83,1318.16,1197.00,693.00,807.37
3,29,23,1537.08,1518.11,899.70,1646.46,987.31,627.70,811.15,776.73,370.83,1318.19,1197.00,693.00,807.39
3,29,24,1537.11,1518.13,899.73,1646.51,987.33,627.71,811.17,776.74,370.84,1318.23,1197.00,693.00,807.42
3,30,1,1537.14,1518.15,899.76,1646.56,987.35,627.72,811.19,776.75,370.85,1318.26,1197.00,693.00,807.44
3,30,2,1537.17,1518.18,899.78,1646.60,987.38,627.73,811.21,776.77,370.85,1318.30,1197.00,693.00,807.47
3,30,3,1537.21,1518.20,899.81,1646.65,987.40,627.74,811.23,776.78,370.86,1318.33,1197.00,693.00,807.49
3,30,4,1537.24,1518.22,899.84,1646.70,987.43,627.75,811.25,776.79,370.87,1318.36,1197.00,693.00,807.52
3,30,5,1537.27,1518.24,899.87,1646.74,987.45,627.76,811.27,776.80,370.88,1318.40,1197.00,693.00,807.54
3,30,6,1537.30,1518.27,899.89,1646.79,987.47,627.77,811.29,776.82,370.88,1318.43,1197.00,693.00,807.57
3,30,7,1537.34,1518.29,899.92,1646.83,987.50,627.78,811.32,776.83,370.89,1318.46,1197.00,693.00,807.59
3,30,8,1537.37,1518.31,899.95,1646.88,987.52,627.79,811.34,776.84,370.90,1318.50,1197.00,693.00,807.62
3,30,9,1537.40,1518.33,899.98,1646.93,987.54,627.80,811.36,776.86,370.90,1318.53,1197.00,693.00,807.64
3,30,10,1537.43,1518.36,900.00,1646.97,987.57,627.81,811.38,776.87,370.91,1318.56,1197.00,693.00,807.67
3,30,11,1537.47,1518.38,900.03,1647.02,987.59,627.82,811.40,776.88,370.92,1318.60,1197.00,693.00,807.69
3,30,12,1537.50,1518.40,900.06,1647.07,987.62,627.83,811.42,776.89,370.93,1318.63,1197.00,693.00,807.72
3,30,13,1537.53,1518.42,900.09,1647.11,987.64,627.83,811.44,776.91,370.93,1318.66,1197.00,693.00,807.75
3,30,14,1537.57,1518.45,900.12,1647.16,987.66,627.84,811.46,776.92,370.94,1318.70,1197.00,693.00,807.77
3,30,15,1537.60,1518.47,900.14,1647.20,987.69,627.85,811.48,776.93,370.95,1318.73,1197.00,693.00,807.80
3,30,16,1537.63,1518.49,900.17,1647.25,987.71,627.86,811.50,776.95,370.95,1318.76,1197.00,693.00,807.82
3,30,17,1537.66,1518.51,900.20,1647.30,987.73,627.87,811.52,776.96,370.96,1318.80,1197.00,693.00,807.85
3,30,18,1537.70,1518.54,900.23,1647.34,987.76,627.88,811.54,776.97,370.97,1318.83,1197.00,693.00,807.87
3,30,19,1537.73,1518.56,900.25,1647.39,987.78,627.89,811.57,776.99,370.97,1318.86,1197.00,693.00,807.90
3,30,20,1537.76,1518.58,900.28,1647.43,987.81,627.90,811.59,777.00,370.98,1318.90,1197.00,693.00,807.92
3,30,21,1537.79,1518.60,900.31,1647.48,987.83,627.91,811.61,777.01,370.99,1318.93,1197.00,693.00,807.95
3,30,22,1537.83,1518.63,900.34,1647.53,987.85,627.92,811.63,777.02,371.00,1318.96,1197.00,693.00,807.97
3,30,23,1537.86,1518.65,900.36,1647.57,987.88,627.93,811.65,777.04,371.00,1319.00,1197.00,693.00,808.00
3,30,24,1537.89,1518.67,900.39,1647.62,987.90,627.94,811.67,777.05,371.01,1319.03,1197.00,693.00,808.02
3,31,1,1537.92,1518.69,900.42,1647.67,987.92,627.95,811.69,777.06,371.02,1319.07,1197.00,693.00,808.05
3,31,2,1537.96,1518.71,900.45,1647.72,987.95,627.96,811.71,777.08,371.02,1319.11,1197.00,693.00,808.07
3,31,3,1537.99,1518.74,900.47,1647.76,987.97,627.97,811.73,777.09,371.03,1319.15,1197.00,693.00,808.10
3,31,4,1538.02,1518.76,900.50,1647.81,988.00,627.98,811.75,777.10,371.04,1319.18,1197.00,693.00,808.12
3,31,5,1538.05,1518.78,900.53,1647.86,988.02,627.99,811.77,777.11,371.04,1319.22,1197.00,693.00,808.15
3,31,6,1538.09,1518.80,900.56,1647.91,988.04,627.99,811.79,777.13,371.05,1319.26,1197.00,693.00,808.17
3,31,7,1538.12,1518.82,900.59,1647.96,988.07,628.00,811.81,777.14,371.06,1319.30,1197.00,693.00,808.20
3,31,8,1538.15,1518.85,900.61,1648.00,988.09,628.01,811.83,777.15,371.06,1319.34,1197.00,693.00,808.22
3,31,9,1538.18,1518.87,900.64,1648.05,988.11,628.02,811.85,777.17,371.07,1319.38,1197.00,693.00,808.25
3,31,10,1538.22,1518.89,900.67,1648.10,988.14,628.03,811.87,777.18,371.08,1319.41,1197.00,693.00,808.27
3,31,11,1538.25,1518.91,900.70,1648.15,988.16,628.04,811.89,777.19,371.08,1319.45,1197.00,693.00,808.30
3,31,12,1538.28,1518.93,900.73,1648.20,988.18,628.05,811.91,777.20,371.09,1319.49,1197.00,693.00,808.33
3,31,13,1538.31,1518.96,900.75,1648.24,988.21,628.06,811.94,777.22,371.10,1319.53,1197.00,693.00,808.35
3,31,14,1538.35,1518.98,900.78,1648.29,988.23,628.07,811.96,777.23,371.10,1319.57,1197.00,693.00,808.38
3,31,15,1538.38,1519.00,900.81,1648.34,988.26,628.08,811.98,777.24,371.11,1319.60,1197.00,693.00,808.40
3,31,16,1538.41,1519.02,900.84,1648.39,988.28,628.09,812.00,777.26,371.12,1319.64,1197.00,693.00,808.43
3,31,17,1538.44,1519.05,900.86,1648.43,988.30,628.10,812.02,777.27,371.12,1319.68,1197.00,693.00,808.45
3,31,18,1538.48,1519.07,900.89,1648.48,988.33,628.10,812.04,777.28,371.13,1319.72,1197.00,693.00,808.48
3,31,19,1538.51,1519.09,900.92,1648.53,988.35,628.11,812.06,777.30,371.14,1319.76,1197.00,693.00,808.50
3,31,20,1538.54,1519.11,900.95,1648.58,988.37,628.12,812.08,777.31,371.14,1319.80,1197.00,693.00,808.53
3,31,21,1538.57,1519.13,900.98,1648.63,988.40,628.13,812.10,777.32,371.15,1319.83,1197.00,693.00,808.55
3,31,22,1538.61,1519.16,901.00,1648.67,988.42,628.14,812.12,777.33,371.16,1319.87,1197.00,693.00,808.58
3,31,23,1538.64,1519.18,901.03,1648.72,988.45,628.15,812.14,777.35,371.16,1319.91,1197.00,693.00,808.60
3,31,24,1538.67,1519.20,901.06,1648.77,988.47,628.16,812.16,777.36,371.17,1319.95,1197.00,693.00,808.63
4,1,1,1538.70,1519.22,901.09,1648.82,988.49,628.17,812.18,777.37,371.18,1319.98,1197.00,693.00,808.65
4,1,2,1538.73,1519.24,901.11,1648.87,988.52,628.18,812.20,777.39,371.18,1320.02,1197.00,693.00,808.68
4,1,3,1538.77,1519.26,901.14,1648.91,988.54,628.19,812.22,777.40,371.19,1320.05,1197.00,693.00,808.70
4,1,4,1538.80,1519.29,901.17,1648.96,988.56,628.20,812.24,777.41,371.20,1320.08,1197.00,693.00,808.73
4,1,5,1538.83,1519.31,901.20,1649.01,988.59,628.21,812.26,777.42,371.20,1320.12,1197.00,693.00,808.75
4,1,6,1538.86,1519.33,901.22,1649.06,988.61,628.22,812.27,777.44,371.21,1320.15,1197.00,693.00,808.78
4,1,7,1538.89,1519.35,901.25,1649.11,988.63,628.23,812.29,777.45,371.22,1320.19,1197.00,693.00,808.80
4,1,8,1538.93,1519.37,901.28,1649.15,988.66,628.24,812.31,777.46,371.22,1320.22,1197.00,693.00,808.83
4,1,9,1538.96,1519.39,901.31,1649.20,988.68,628.25,812.33,777.48,371.23,1320.25,1197.00,693.00,808.85
4,1,10,1538.99,1519.42,901.33,1649.25,988.70,628.26,812.35,777.49,371.24,1320.29,1197.00,693.00,808.88
4,1,11,1539.02,1519.44,901.36,1649.30,988.73,628.27,812.37,777.50,371.24,1320.32,1197.00,693.00,808.90
4,1,12,1539.05,1519.46,901.39,1649.35,988.75,628.27,812.39,777.51,371.25,1320.35,1197.00,693.00,808.92
4,1,13,1539.09,1519.48,901.42,1649.39,988.77,628.28,812.41,777.53,371.26,1320.39,1197.00,693.00,808.95
4,1,14,1539.12,1519.50,901.44,1649.44,988.80,628.29,812.43,777.54,371.26,1320.42,1197.00,693.00,808.97
4,1,15,1539.15,1519.52,901.47,1649.49,988.82,628.30,812.45,777.55,371.27,1320.46,1197.00,693.00,809.00
4,1,16,1539.18,1519.55,901.50,1649.54,988.84,628.31,812.47,777.57,371.28,1320.49,1197.00,693.00,809.02
4,1,17,1539.22,1519.57,901.53,1649.58,988.87,628.32,812.49,777.58,371.28,1320.52,1197.00,693.00,809.05
4,1,18,1539.25,1519.59,901.55,1649.63,988.89,628.33,812.50,777.59,371.29,1320.56,1197.00,693.00,809.07
4,1,19,1539.28,1519.61,901.58,1649.68,988.91,628.34,812.52,777.61,371.30,1320.59,1197.00,693.00,809.10
4,1,20,1539.31,1519.63,901.61,1649.73,988.94,628.35,812.54,777.62,371.30,1320.62,1197.00,693.00,809.12
4,1,21,1539.34,1519.65,901.64,1649.78,988.96,628.36,812.56,777.63,371.31,1320.66,1197.00,693.00,809.15
4,1,22,1539.38,1519.68,901.66,1649.82,988.98,628.37,812.58,777.64,371.32,1320.69,1197.00,693.00,809.17
4,1,23,1539.41,1519.70,901.69,1649.87,989.01,628.38,812.60,777.66,371.32,1320.73,1197.00,693.00,809.20
4,1,24,1539.44,1519.72,901.72,1649.92,989.03,628.39,812.62,777.67,371.33,1320.76,1197.00,693.00,809.22
4,2,1,1539.47,1519.74,901.75,1649.96,989.05,628.40,812.64,777.68,371.34,1320.79,1197.00,693.00,809.24
4,2,2,1539.50,1519.76,901.77,1650.01,989.08,628.41,812.66,777.70,371.34,1320.83,1197.00,693.00,809.27
4,2,3,1539.54,1519.78,901.80,1650.05,989.10,628.42,812.68,777.71,371.35,1320.86,1197.00,693.00,809.29
4,2,4,1539.57,1519.80,901.83,1650.10,989.13,628.43,812.70,777.72,371.36,1320.89,1197.00,693.00,809.32
4,2,5,1539.60,1519.83,901.86,1650.14,989.15,628.44,812.72,777.73,371.36,1320.93,1197.00,693.00,809.34
4,2,6,1539.63,1519.85,901.88,1650.19,989.17,628.45,812.74,777.75,371.37,1320.96,1197.00,693.00,809.37
4,2,7,1539.66,1519.87,901.91,1650.23,989.20,628.46,812.76,777.76,371.38,1320.99,1197.00,693.00,809.39
4,2,8,1539.70,1519.89,901.94,1650.27,989.22,628.47,812.78,777.77,371.38,1321.03,1197.00,693.00,809.42
4,2,9,1539.73,1519.91,901.97,1650.32,989.24,628.48,812.80,777.79,371.39,1321.06,1197.00,693.00,809.44
4,2,10,1539.76,1519.93,901.99,1650.36,989.27,628.49,812.82,777.80,371.40,1321.09,1197.00,693.00,809.47
4,2,11,1539.79,1519.95,902.02,1650.41,989.29,628.50,812.84,777.81,371.40,1321.13,1197.00,693.00,809.49
4,2,12,1539.82,1519.97,902.05,1650.45,989.32,628.51,812.86,777.82,371.41,1321.16,1197.00,693.00,809.51
4,2,13,1539.86,1520.00,902.08,1650.49,989.34,628.51,812.87,777.84,371.42,1321.19,1197.00,693.00,809.54
4,2,14,1539.89,1520.02,902.10,1650.54,989.36,628.52,812.89,777.85,371.42,1321.23,1197.00,693.00,809.56
4,2,15,1539.92,1520.04,902.13,1650.58,989.39,628.53,812.91,777.86,371.43,1321.26,1197.00,693.00,809.59
4,2,16,1539.95,1520.06,902.16,1650.63,989.41,628.54,812.93,777.88,371.44,1321.29,1197.00,693.00,809.61
4,2,17,1539.99,1520.08,902.19,1650.67,989.43,628.55,812.95,777.89,371.44,1321.33,1197.00,693.00,809.64
4,2,18,1540.02,1520.10,902.21,1650.71,989.46,628.56,812.97,777.90,371.45,1321.36,1197.00,693.00,809.66
4,2,19,1540.05,1520.12,902.24,1650.76,989.48,628.57,812.99,777.92,371.46,1321.39,1197.00,693.00,809.69
4,2,20,1540.08,1520.14,902.27,1650.80,989.50,628.58,813.01,777.93,371.46,1321.43,1197.00,693.00,809.71
4,2,21,1540.11,1520.17,902.30,1650.85,989.53,628.59,813.03,777.94,371.47,1321.46,1197.00,693.00,809.74
4,2,22,1540.15,1520.19,902.33,1650.89,989.55,628.60,813.05,777.95,371.48,1321.49,1197.00,693.00,809.76
4,2,23,1540.18,1520.21,902.35,1650.94,989.58,628.61,813.07,777.97,371.48,1321.53,1197.00,693.00,809.79
4,2,24,1540.21,1520.23,902.38,1650.98,989.60,628.62,813.09,777.98,371.49,1321.56,1197.00,693.00,809.81
4,3,1,1540.24,1520.25,902.41,1651.03,989.62,628.63,813.11,777.99,371.50,1321.59,1197.00,693.00,809.83
4,3,2,1540.27,1520.27,902.43,1651.07,989.65,628.64,813.13,778.00,371.50,1321.63,1197.00,693.00,809.86
4,3,3,1540.31,1520.29,902.46,1651.12,989.67,628.65,813.15,778.02,371.51,1321.66,1197.00,693.00,809.88
4,3,4,1540.34,1520.31,902.49,1651.17,989.69,628.66,813.17,778.03,371.52,1321.69,1197.00,693.00,809.91
4,3,5,1540.37,1520.33,902.52,1651.22,989.72,628.67,813.19,778.04,371.52,1321.73,1197.00,693.00,809.93
4,3,6,1540.40,1520.35,902.54,1651.26,989.74,628.68,813.22,778.05,371.53,1321.76,1197.00,693.00,809.96
4,3,7,1540.43,1520.37,902.57,1651.31,989.77,628.69,813.24,778.07,371.54,1321.79,1197.00,693.00,809.98
4,3,8,1540.47,1520.39,902.60,1651.36,989.79,628.70,813.26,778.08,371.54,1321.83,1197.00,693.00,810.01
4,3,9,1540.50,1520.41,902.62,1651.41,989.81,628.71,813.28,778.09,371.55,1321.86,1197.00,693.00,810.03
4,3,10,1540.53,1520.43,902.65,1651.45,989.84,628.72,813.30,778.11,371.56,1321.89,1197.00,693.00,810.06
4,3,11,1540.56,1520.45,902.68,1651.50,989.86,628.73,813.32,778.12,371.56,1321.93,1197.00,693.00,810.08
4,3,12,1540.59,1520.47,902.71,1651.55,989.88,628.73,813.34,778.13,371.57,1321.96,1197.00,693.00,810.11
4,3,13,1540.63,1520.50,902.73,1651.60,989.91,628.74,813.36,778.14,371.58,1321.99,1197.00,693.00,810.13
4,3,14,1540.66,1520.52,902.76,1651.64,989.93,628.75,813.38,778.16,371.58,1322.03,1197.00,693.00,810.15
4,3,15,1540.69,1520.54,902.79,1651.69,989.96,628.76,813.40,778.17,371.59,1322.06,1197.00,693.00,810.18
4,3,16,1540.72,1520.56,902.81,1651.74,989.98,628.77,813.42,778.18,371.60,1322.09,1197.00,693.00,810.20
4,3,17,1540.76,1520.58,902.84,1651.79,990.00,628.78,813.44,778.19,371.60,1322.13,1197.00,693.00,810.23
4,3,18,1540.79,1520.60,902.87,1651.83,990.03,628.79,813.47,778.21,371.61,1322.16,1197.00,693.00,810.25
4,3,19,1540.82,1520.62,902.89,1651.88,990.05,628.80,813.49,778.22,371.62,1322.19,1197.00,693.00,810.28
4,3,20,1540.85,1520.64,902.92,1651.93,990.07,628.81,813.51,778.23,371.62,1322.23,1197.00,693.00,810.30
4,3,21,1540.88,1520.66,902.95,1651.98,990.10,628.82,813.53,778.24,371.63,1322.26,1197.00,693.00,810.33
4,3,22,1540.92,1520.68,902.98,1652.02,990.12,628.83,813.55,778.26,371.64,1322.29,1197.00,693.00,810.35
4,3,23,1540.95,1520.70,903.00,1652.07,990.15,628.84,813.57,778.27,371.64,1322.33,1197.00,693.00,810.38
4,3,24,1540.98,1520.72,903.03,1652.12,990.17,628.85,813.59,778.28,371.65,1322.36,1197.00,693.00,810.40
4,4,1,1541.01,1520.74,903.06,1652.16,990.19,628.86,813.61,778.29,371.66,1322.39,1197.00,693.00,810.42
4,4,2,1541.04,1520.76,903.09,1652.21,990.22,628.87,813.63,778.31,371.66,1322.43,1197.00,693.00,810.45
4,4,3,1541.07,1520.78,903.11,1652.25,990.24,628.88,813.65,778.32,371.67,1322.46,1197.00,693.00,810.47
4,4,4,1541.11,1520.80,903.14,1652.30,990.26,628.89,813.67,778.33,371.68,1322.50,1197.00,693.00,810.50
4,4,5,1541.14,1520.82,903.17,1652.34,990.29,628.90,813.69,778.34,371.68,1322.53,1197.00,693.00,810.52
4,4,6,1541.17,1520.84,903.20,1652.39,990.31,628.90,813.72,778.36,371.69,1322.57,1197.00,693.00,810.55
4,4,7,1541.20,1520.87,903.22,1652.43,990.33,628.91,813.74,778.37,371.70,1322.60,1197.00,693.00,810.57
4,4,8,1541.23,1520.89,903.25,1652.47,990.36,628.92,813.76,778.38,371.70,1322.64,1197.00,693.00,810.59
4,4,9,1541.26,1520.91,903.28,1652.52,990.38,628.93,813.78,778.39,371.71,1322.67,1197.00,693.00,810.62
4,4,10,1541.30,1520.93,903.31,1652.56,990.40,628.94,813.80,778.41,371.72,1322.71,1197.00,693.00,810.64
4,4,11,1541.33,1520.95,903.33,1652.61,990.43,628.95,813.82,778.42,371.72,1322.74,1197.00,693.00,810.67
4,4,12,1541.36,1520.97,903.36,1652.65,990.45,628.96,813.84,778.43,371.73,1322.77,1197.00,693.00,810.69
4,4,13,1541.39,1520.99,903.39,1652.69,990.47,628.97,813.86,778.44,371.74,1322.81,1197.00,693.00,810.71
4,4,14,1541.42,1521.01,903.42,1652.74,990.50,628.98,813.88,778.46,371.74,1322.84,1197.00,693.00,810.74
4,4,15,1541.45,1521.03,903.44,1652.78,990.52,628.99,813.90,778.47,371.75,1322.88,1197.00,693.00,810.76
4,4,16,1541.49,1521.05,903.47,1652.83,990.54,629.00,813.92,778.48,371.76,1322.91,1197.00,693.00,810.79
4,4,17,1541.52,1521.07,903.50,1652.87,990.57,629.01,813.94,778.49,371.76,1322.95,1197.00,693.00,810.81
4,4,18,1541.55,1521.09,903.53,1652.92,990.59,629.01,813.97,778.51,371.77,1322.98,1197.00,693.00,810.83
4,4,19,1541.58,1521.12,903.55,1652.96,990.61,629.02,813.99,778.52,371.78,1323.02,1197.00,693.00,810.86
4,4,20,1541.61,1521.14,903.58,1653.00,990.64,629.03,814.01,778.53,371.78,1323.05,1197.00,693.00,810.88
4,4,21,1541.64,1521.16,903.61,1653.05,990.66,629.04,814.03,778.54,371.79,1323.09,1197.00,693.00,810.91
4,4,22,1541.68,1521.18,903.64,1653.09,990.68,629.05,814.05,778.56,371.80,1323.12,1197.00,693.00,810.93
4,4,23,1541.71,1521.20,903.66,1653.14,990.71,629.06,814.07,778.57,371.80,1323.16,1197.00,693.00,810.96
4,4,24,1541.74,1521.22,903.69,1653.18,990.73,629.07,814.09,778.58,371.81,1323.19,1197.00,693.00,810.98
4,5,1,1541.77,1521.24,903.72,1653.23,990.75,629.08,814.11,778.59,371.82,1323.23,1197.00,693.00,811.00
4,5,2,1541.80,1521.26,903.74,1653.27,990.78,629.09,814.13,778.61,371.82,1323.27,1197.00,693.00,811.03
4,5,3,1541.83,1521.28,903.77,1653.32,990.80,629.10,814.15,778.62,371.83,1323.30,1197.00,693.00,811.05
4,5,4,1541.87,1521.30,903.80,1653.37,990.82,629.11,814.17,778.63,371.84,1323.34,1197.00,693.00,811.08
4,5,5,1541.90,1521.32,903.83,1653.42,990.85,629.12,814.19,778.64,371.84,1323.38,1197.00,693.00,811.10
4,5,6,1541.93,1521.34,903.85,1653.46,990.87,629.13,814.21,778.66,371.85,1323.42,1197.00,693.00,811.12
4,5,7,1541.96,1521.37,903.88,1653.51,990.89,629.14,814.22,778.67,371.86,1323.46,1197.00,693.00,811.15
4,5,8,1541.99,1521.39,903.91,1653.56,990.92,629.15,814.24,778.68,371.86,1323.49,1197.00,693.00,811.17
4,5,9,1542.02,1521.41,903.93,1653.60,990.94,629.16,814.26,778.69,371.87,1323.53,1197.00,693.00,811.20
4,5,10,1542.06,1521.43,903.96,1653.65,990.96,629.17,814.28,778.71,371.88,1323.57,1197.00,693.00,811.22
4,5,11,1542.09,1521.45,903.99,1653.70,990.99,629.18,814.30,778.72,371.88,1323.61,1197.00,693.00,811.25
4,5,12,1542.12,1521.47,904.02,1653.75,991.01,629.18,814.32,778.73,371.89,1323.64,1197.00,693.00,811.27
4,5,13,1542.15,1521.49,904.04,1653.79,991.03,629.19,814.34,778.74,371.90,1323.68,1197.00,693.00,811.29
4,5,14,1542.18,1521.51,904.07,1653.84,991.06,629.20,814.36,778.76,371.90,1323.72,1197.00,693.00,811.32
4,5,15,1542.21,1521.53,904.10,1653.89,991.08,629.21,814.38,778.77,371.91,1323.76,1197.00,693.00,811.34
4,5,16,1542.25,1521.55,904.12,1653.93,991.10,629.22,814.40,778.78,371.92,1323.80,1197.00,693.00,811.37
4,5,17,1542.28,1521.57,904.15,1653.98,991.13,629.23,814.42,778.79,371.92,1323.83,1197.00,693.00,811.39
4,5,18,1542.31,1521.59,904.18,1654.03,991.15,629.24,814.43,778.81,371.93,1323.87,1197.00,693.00,811.41
4,5,19,1542.34,1521.62,904.20,1654.07,991.17,629.25,814.45,778.82,371.94,1323.91,1197.00,693.00,811.44
4,5,20,1542.37,1521.64,904.23,1654.12,991.20,629.26,814.47,778.83,371.94,1323.95,1197.00,693.00,811.46
4,5,21,1542.40,1521.66,904.26,1654.17,991.22,629.27,814.49,778.84,371.95,1323.99,1197.00,693.00,811.49
4,5,22,1542.44,1521.68,904.29,1654.22,991.24,629.28,814.51,778.86,371.96,1324.02,1197.00,693.00,811.51
4,5,23,1542.47,1521.70,904.31,1654.26,991.27,629.29,814.53,778.87,371.96,1324.06,1197.00,693.00,811.54
4,5,24,1542.50,1521.72,904.34,1654.31,991.29,629.30,814.55,778.88,371.97,1324.10,1197.00,693.00,811.56
4,6,1,1542.53,1521.74,904.37,1654.36,991.31,629.31,814.57,778.89,371.98,1324.13,1197.00,693.00,811.58
4,6,2,1542.56,1521.76,904.39,1654.40,991.34,629.32,814.59,778.90,371.98,1324.17,1197.00,693.00,811.61
4,6,3,1542.60,1521.78,904.42,1654.45,991.36,629.33,814.61,778.92,371.99,1324.20,1197.00,693.00,811.63
4,6,4,1542.63,1521.80,904.45,1654.49,991.38,629.34,814.63,778.93,372.00,1324.23,1197.00,693.00,811.66
4,6,5,1542.66,1521.82,904.48,1654.54,991.40,629.35,814.65,778.94,372.00,1324.27,1197.00,693.00,811.68
4,6,6,1542.69,1521.84,904.50,1654.58,991.43,629.36,814.66,778.95,372.01,1324.30,1197.00,693.00,811.71
4,6,7,1542.72,1521.86,904.53,1654.63,991.45,629.37,814.68,778.96,372.02,1324.33,1197.00,693.00,811.73
4,6,8,1542.75,1521.88,904.56,1654.67,991.47,629.38,814.70,778.98,372.02,1324.37,1197.00,693.00,811.75
4,6,9,1542.79,1521.90,904.58,1654.72,991.50,629.39,814.72,778.99,372.03,1324.40,1197.00,693.00,811.78
4,6,10,1542.82,1521.92,904.61,1654.76,991.52,629.40,814.74,779.00,372.04,1324.43,1197.00,693.00,811.80
4,6,11,1542.85,1521.94,904.64,1654.81,991.54,629.41,814.76,779.01,372.04,1324.47,1197.00,693.00,811.83
4,6,12,1542.88,1521.96,904.67,1654.85,991.57,629.42,814.78,779.02,372.05,1324.50,1197.00,693.00,811.85
4,6,13,1542.91,1521.99,904.69,1654.90,991.59,629.42,814.80,779.04,372.06,1324.53,1197.00,693.00,811.87
4,6,14,1542.94,1522.01,904.72,1654.94,991.61,629.43,814.82,779.05,372.06,1324.57,1197.00,693.00,811.90
4,6,15,1542.98,1522.03,904.75,1654.99,991.63,629.44,814.84,779.06,372.07,1324.60,1197.00,693.00,811.92
4,6,16,1543.01,1522.05,904.77,1655.03,991.66,629.45,814.86,779.07,372.08,1324.63,1197.00,693.00,811.95
4,6,17,1543.04,1522.07,904.80,1655.08,991.68,629.46,814.88,779.09,372.08,1324.67,1197.00,693.00,811.97
4,6,18,1543.07,1522.09,904.83,1655.12,991.70,629.47,814.90,779.10,372.09,1324.70,1197.00,693.00,812.00
4,6,19,1543.10,1522.11,904.85,1655.17,991.73,629.48,814.91,779.11,372.10,1324.73,1197.00,693.00,812.02
4,6,20,1543.13,1522.13,904.88,1655.21,991.75,629.49,814.93,779.12,372.10,1324.77,1197.00,693.00,812.04
4,6,21,1543.17,1522.15,904.91,1655.26,991.77,629.50,814.95,779.13,372.11,1324.80,1197.00,693.00,812.07
4,6,22,1543.20,1522.17,904.94,1655.30,991.79,629.51,814.97,779.15,372.12,1324.83,1197.00,693.00,812.09
4,6,23,1543.23,1522.19,904.96,1655.35,991.82,629.52,814.99,779.16,372.12,1324.87,1197.00,693.00,812.12
4,6,24,1543.26,1522.21,904.99,1655.39,991.84,629.53,815.01,779.17,372.13,1324.90,1197.00,693.00,812.14
4,7,1,1543.29,1522.23,905.02,1655.44,991.86,629.54,815.03,779.18,372.14,1324.93,1197.00,693.00,812.16
4,7,2,1543.32,1522.25,905.04,1655.48,991.89,629.55,815.05,779.19,372.14,1324.97,1197.00,693.00,812.19
4,7,3,1543.35,1522.27,905.07,1655.53,991.91,629.56,815.07,779.21,372.15,1325.00,1197.00,693.00,812.21
4,7,4,1543.39,1522.29,905.10,1655.57,991.93,629.57,815.09,779.22,372.16,1325.03,1197.00,693.00,812.24
4,7,5,1543.42,1522.31,905.13,1655.62,991.96,629.58,815.11,779.23,372.16,1325.07,1197.00,693.00,812.26
4,7,6,1543.45,1522.33,905.15,1655.67,991.98,629.59,815.13,779.24,372.17,1325.10,1197.00,693.00,812.28
4,7,7,1543.48,1522.36,905.18,1655.71,992.00,629.60,815.15,779.26,372.17,1325.13,1197.00,693.00,812.31
4,7,8,1543.51,1522.38,905.21,1655.76,992.03,629.61,815.17,779.27,372.18,1325.17,1197.00,693.00,812.33
4,7,9,1543.54,1522.40,905.23,1655.80,992.05,629.62,815.19,779.28,372.19,1325.20,1197.00,693.00,812.35
4,7,10,1543.57,1522.42,905.26,1655.85,992.07,629.63,815.21,779.29,372.19,1325.23,1197.00,693.00,812.38
4,7,11,1543.60,1522.44,905.29,1655.89,992.10,629.64,815.23,779.31,372.20,1325.27,1197.00,693.00,812.40
4,7,12,1543.64,1522.46,905.32,1655.94,992.12,629.65,815.24,779.32,372.21,1325.30,1197.00,693.00,812.43
4,7,13,1543.67,1522.48,905.34,1655.99,992.14,629.65,815.26,779.33,372.21,1325.33,1197.00,693.00,812.45
4,7,14,1543.70,1522.50,905.37,1656.03,992.17,629.66,815.28,779.34,372.22,1325.37,1197.00,693.00,812.47
4,7,15,1543.73,1522.52,905.40,1656.08,992.19,629.67,815.30,779.36,372.22,1325.40,1197.00,693.00,812.50
4,7,16,1543.76,1522.54,905.42,1656.12,992.21,629.68,815.32,779.37,372.23,1325.43,1197.00,693.00,812.52
4,7,17,1543.79,1522.56,905.45,1656.17,992.24,629.69,815.34,779.38,372.24,1325.47,1197.00,693.00,812.54
4,7,18,1543.82,1522.58,905.48,1656.21,992.26,629.70,815.36,779.39,372.24,1325.50,1197.00,693.00,812.57
4,7,19,1543.85,1522.61,905.50,1656.26,992.28,629.71,815.38,779.41,372.25,1325.53,1197.00,693.00,812.59
4,7,20,1543.89,1522.63,905.53,1656.31,992.31,629.72,815.40,779.42,372.25,1325.57,1197.00,693.00,812.62
4,7,21,1543.92,1522.65,905.56,1656.35,992.33,629.73,815.42,779.43,372.26,1325.60,1197.00,693.00,812.64
4,7,22,1543.95,1522.67,905.59,1656.40,992.35,629.74,815.44,779.44,372.27,1325.63,1197.00,693.00,812.66
4,7,23,1543.98,1522.69,905.61,1656.44,992.38,629.75,815.46,779.46,372.27,1325.67,1197.00,693.00,812.69
4,7,24,1544.01,1522.71,905.64,1656.49,992.40,629.76,815.48,779.47,372.28,1325.70,1197.00,693.00,812.71
4,8,1,1544.04,1522.73,905.67,1656.53,992.42,629.77,815.50,779.48,372.29,1325.73,1197.00,693.00,812.73
4,8,2,1544.07,1522.75,905.69,1656.58,992.45,629.78,815.52,779.49,372.29,1325.77,1197.00,693.00,812.76
4,8,3,1544.10,1522.77,905.72,1656.62,992.47,629.79,815.54,779.51,372.30,1325.80,1197.00,693.00,812.78
4,8,4,1544.13,1522.79,905.75,1656.66,992.49,629.80,815.56,779.52,372.31,1325.83,1197.00,693.00,812.80
4,8,5,1544.16,1522.81,905.77,1656.71,992.52,629.81,815.58,779.53,372.31,1325.87,1197.00,693.00,812.83
4,8,6,1544.20,1522.83,905.80,1656.75,992.54,629.82,815.59,779.54,372.32,1325.90,1197.00,693.00,812.85
4,8,7,1544.23,1522.85,905.83,1656.80,992.56,629.83,815.61,779.55,372.33,1325.93,1197.00,693.00,812.87
4,8,8,1544.26,1522.87,905.85,1656.84,992.59,629.84,815.63,779.57,372.33,1325.97,1197.00,693.00,812.90
4,8,9,1544.29,1522.89,905.88,1656.88,992.61,629.85,815.65,779.58,372.34,1326.00,1197.00,693.00,812.92
4,8,10,1544.32,1522.91,905.91,1656.93,992.63,629.86,815.67,779.59,372.35,1326.03,1197.00,693.00,812.94
4,8,11,1544.35,1522.93,905.93,1656.97,992.66,629.87,815.69,779.60,372.35,1326.07,1197.00,693.00,812.97
4,8,12,1544.38,1522.95,905.96,1657.02,992.68,629.88,815.71,779.61,372.36,1326.10,1197.00,693.00,812.99
4,8,13,1544.41,1522.98,905.99,1657.06,992.70,629.88,815.73,779.63,372.37,1326.13,1197.00,693.00,813.01
4,8,14,1544.44,1523.00,906.01,1657.10,992.73,629.89,815.75,779.64,372.37,1326.17,1197.00,693.00,813.04
4,8,15,1544.47,1523.02,906.04,1657.15,992.75,629.90,815.77,779.65,372.38,1326.20,1197.00,693.00,813.06
4,8,16,1544.50,1523.04,906.07,1657.19,992.77,629.91,815.79,779.66,372.39,1326.23,1197.00,693.00,813.08
4,8,17,1544.53,1523.06,906.09,1657.23,992.80,629.92,815.81,779.68,372.39,1326.27,1197.00,693.00,813.11
4,8,18,1544.57,1523.08,906.12,1657.28,992.82,629.93,815.82,779.69,372.40,1326.30,1197.00,693.00,813.13
4,8,19,1544.60,1523.10,906.15,1657.32,992.84,629.94,815.84,779.70,372.41,1326.33,1197.00,693.00,813.15
4,8,20,1544.63,1523.12,906.17,1657.37,992.87,629.95,815.86,779.71,372.41,1326.37,1197.00,693.00,813.18
4,8,21,1544.66,1523.14,906.20,1657.41,992.89,629.96,815.88,779.72,372.42,1326.40,1197.00,693.00,813.20
4,8,22,1544.69,1523.16,906.23,1657.45,992.91,629.97,815.90,779.74,372.43,1326.43,1197.00,693.00,813.22
4,8,23,1544.72,1523.18,906.25,1657.50,992.94,629.98,815.92,779.75,372.43,1326.47,1197.00,693.00,813.25
4,8,24,1544.75,1523.20,906.28,1657.54,992.96,629.99,815.94,779.76,372.44,1326.50,1197.00,693.00,813.27
4,9,1,1544.78,1523.22,906.31,1657.59,992.98,630.00,815.96,779.77,372.45,1326.53,1197.00,693.00,813.29
4,9,2,1544.81,1523.24,906.33,1657.63,993.01,630.01,815.98,779.78,372.45,1326.57,1197.00,693.00,813.32
4,9,3,1544.84,1523.26,906.36,1657.68,993.03,630.02,815.99,779.80,372.46,1326.60,1197.00,693.00,813.34
4,9,4,1544.88,1523.28,906.39,1657.73,993.05,630.03,816.01,779.81,372.47,1326.64,1197.00,693.00,813.37
4,9,5,1544.91,1523.30,906.41,1657.77,993.08,630.04,816.03,779.82,372.47,1326.67,1197.00,693.00,813.39
4,9,6,1544.94,1523.32,906.44,1657.82,993.10,630.04,816.05,779.83,372.48,1326.70,1197.00,693.00,813.41
4,9,7,1544.97,1523.35,906.47,1657.86,993.12,630.05,816.07,779.84,372.48,1326.74,1197.00,693.00,813.44
4,9,8,1545.00,1523.37,906.49,1657.91,993.15,630.06,816.08,779.86,372.49,1326.77,1197.00,693.00,813.46
4,9,9,1545.03,1523.39,906.52,1657.96,993.17,630.07,816.10,779.87,372.50,1326.80,1197.00,693.00,813.48
4,9,10,1545.06,1523.41,906.55,1658.00,993.19,630.08,816.12,779.88,372.50,1326.84,1197.00,693.00,813.51
4,9,11,1545.09,1523.43,906.57,1658.05,993.22,630.09,816.14,779.89,372.51,1326.87,1197.00,693.00,813.53
4,9,12,1545.12,1523.45,906.60,1658.10,993.24,630.10,816.15,779.90,372.51,1326.91,1197.00,693.00,813.56
4,9,13,1545.16,1523.47,906.63,1658.14,993.26,630.11,816.17,779.92,372.52,1326.94,1197.00,693.00,813.58
4,9,14,1545.19,1523.49,906.65,1658.19,993.29,630.12,816.19,779.93,372.53,1326.97,1197.00,693.00,813.60
4,9,15,1545.22,1523.51,906.68,1658.23,993.31,630.13,816.21,779.94,372.53,1327.01,1197.00,693.00,813.63
4,9,16,1545.25,1523.53,906.71,1658.28,993.33,630.14,816.23,779.95,372.54,1327.04,1197.00,693.00,813.65
4,9,17,1545.28,1523.55,906.73,1658.33,993.36,630.15,816.24,779.97,372.55,1327.07,1197.00,693.00,813.67
4,9,18,1545.31,1523.57,906.76,1658.37,993.38,630.16,816.26,779.98,372.55,1327.11,1197.00,693.00,813.70
4,9,19,1545.34,1523.60,906.79,1658.42,993.40,630.16,816.28,779.99,372.56,1327.14,1197.00,693.00,813.72
4,9,20,1545.38,1523.62,906.81,1658.47,993.43,630.17,816.30,780.00,372.56,1327.18,1197.00,693.00,813.75
4,9,21,1545.41,1523.64,906.84,1658.51,993.45,630.18,816.32,780.01,372.57,1327.21,1197.00,693.00,813.77
4,9,22,1545.44,1523.66,906.87,1658.56,993.47,630.19,816.33,780.03,372.58,1327.24,1197.00,693.00,813.79
4,9,23,1545.47,1523.68,906.89,1658.60,993.50,630.20,816.35,780.04,372.58,1327.28,1197.00,693.00,813.82
4,9,24,1545.50,1523.70,906.92,1658.65,993.52,630.21,816.37,780.05,372.59,1327.31,1197.00,693.00,813.84
4,10,1,1545.53,1523.72,906.95,1658.70,993.54,630.22,816.39,780.06,372.60,1327.34,1197.00,693.00,813.86
4,10,2,1545.56,1523.75,906.97,1658.74,993.57,630.23,816.41,780.07,372.60,1327.38,1197.00,693.00,813.89
4,10,3,1545.59,1523.77,907.00,1658.79,993.59,630.24,816.42,780.09,372.61,1327.41,1197.00,693.00,813.91
4,10,4,1545.62,1523.79,907.03,1658.83,993.61,630.25,816.44,780.10,372.62,1327.44,1197.00,693.00,813.93
4,10,5,1545.65,1523.81,907.05,1658.88,993.64,630.26,816.46,780.11,372.62,1327.47,1197.00,693.00,813.96
4,10,6,1545.68,1523.84,907.08,1658.92,993.66,630.27,816.48,780.12,372.63,1327.51,1197.00,693.00,813.98
4,10,7,1545.72,1523.86,907.11,1658.97,993.68,630.28,816.50,780.13,372.64,1327.54,1197.00,693.00,814.00
4,10,8,1545.75,1523.88,907.13,1659.01,993.71,630.29,816.51,780.15,372.64,1327.57,1197.00,693.00,814.03
4,10,9,1545.78,1523.91,907.16,1659.06,993.73,630.30,816.53,780.16,372.65,1327.61,1197.00,693.00,814.05
4,10,10,1545.81,1523.93,907.19,1659.10,993.75,630.31,816.55,780.17,372.66,1327.64,1197.00,693.00,814.07
4,10,11,1545.84,1523.95,907.21,1659.15,993.78,630.32,816.57,780.18,372.66,1327.67,1197.00,693.00,814.10
4,10,12,1545.87,1523.97,907.24,1659.19,993.80,630.33,816.58,780.20,372.67,1327.71,1197.00,693.00,814.12
4,10,13,1545.90,1524.00,907.27,1659.24,993.82,630.33,816.60,780.21,372.68,1327.74,1197.00,693.00,814.14
4,10,14,1545.93,1524.02,907.29,1659.28,993.85,630.34,816.62,780.22,372.68,1327.77,1197.00,693.00,814.17
4,10,15,1545.96,1524.04,907.32,1659.32,993.87,630.35,816.64,780.23,372.69,1327.80,1197.00,693.00,814.19
4,10,16,1545.99,1524.07,907.35,1659.37,993.89,630.36,816.66,780.24,372.70,1327.84,1197.00,693.00,814.21
4,10,17,1546.02,1524.09,907.37,1659.41,993.92,630.37,816.67,780.26,372.70,1327.87,1197.00,693.00,814.24
4,10,18,1546.05,1524.11,907.40,1659.46,993.94,630.38,816.69,780.27,372.71,1327.90,1197.00,693.00,814.26
4,10,19,1546.09,1524.14,907.43,1659.50,993.96,630.39,816.71,780.28,372.72,1327.94,1197.00,693.00,814.28
4,10,20,1546.12,1524.16,907.45,1659.55,993.99,630.40,816.73,780.29,372.72,1327.97,1197.00,693.00,814.31
4,10,21,1546.15,1524.18,907.48,1659.59,994.01,630.41,816.75,780.30,372.73,1328.00,1197.00,693.00,814.33
4,10,22,1546.18,1524.20,907.51,1659.64,994.03,630.42,816.76,780.32,372.74,1328.03,1197.00,693.00,814.35
4,10,23,1546.21,1524.23,907.53,1659.68,994.06,630.43,816.78,780.33,372.74,1328.07,1197.00,693.00,814.38
4,10,24,1546.24,1524.25,907.56,1659.73,994.08,630.44,816.80,780.34,372.75,1328.10,1197.00,693.00,814.40
4,11,1,1546.27,1524.28,907.59,1659.77,994.10,630.45,816.82,780.35,372.76,1328.13,1197.00,693.00,814.42
4,11,2,1546.30,1524.30,907.61,1659.82,994.13,630.46,816.84,780.36,372.76,1328.16,1197.00,693.00,814.45
4,11,3,1546.33,1524.33,907.64,1659.86,994.15,630.47,816.85,780.38,372.77,1328.19,1197.00,693.00,814.47
4,11,4,1546.36,1524.35,907.67,1659.90,994.17,630.48,816.87,780.39,372.77,1328.22,1197.00,693.00,814.49
4,11,5,1546.39,1524.38,907.69,1659.95,994.19,630.49,816.89,780.40,372.78,1328.25,1197.00,693.00,814.52
4,11,6,1546.42,1524.40,907.72,1659.99,994.22,630.50,816.91,780.41,372.79,1328.28,1197.00,693.00,814.54
4,11,7,1546.45,1524.43,907.75,1660.04,994.24,630.51,816.93,780.42,372.79,1328.31,1197.00,693.00,814.56
4,11,8,1546.48,1524.46,907.77,1660.08,994.26,630.52,816.94,780.44,372.80,1328.34,1197.00,693.00,814.59
4,11,9,1546.51,1524.48,907.80,1660.12,994.29,630.53,816.96,780.45,372.81,1328.37,1197.00,693.00,814.61
4,11,10,1546.54,1524.51,907.83,1660.17,994.31,630.54,816.98,780.46,372.81,1328.40,1197.00,693.00,814.63
4,11,11,1546.57,1524.53,907.85,1660.21,994.33,630.55,817.00,780.47,372.82,1328.43,1197.00,693.00,814.66
4,11,12,1546.60,1524.56,907.88,1660.26,994.36,630.55,817.01,780.49,372.82,1328.46,1197.00,693.00,814.68
4,11,13,1546.64,1524.59,907.91,1660.30,994.38,630.56,817.03,780.50,372.83,1328.48,1197.00,693.00,814.70
4,11,14,1546.67,1524.61,907.93,1660.34,994.40,630.57,817.05,780.51,372.84,1328.51,1197.00,693.00,814.73
4,11,15,1546.70,1524.64,907.96,1660.39,994.42,630.58,817.07,780.52,372.84,1328.54,1197.00,693.00,814.75
4,11,16,1546.73,1524.66,907.99,1660.43,994.45,630.59,817.09,780.53,372.85,1328.57,1197.00,693.00,814.77
4,11,17,1546.76,1524.69,908.01,1660.47,994.47,630.60,817.10,780.55,372.86,1328.60,1197.00,693.00,814.80
4,11,18,1546.79,1524.71,908.04,1660.52,994.49,630.61,817.12,780.56,372.86,1328.63,1197.00,693.00,814.82
4,11,19,1546.82,1524.74,908.07,1660.56,994.52,630.62,817.14,780.57,372.87,1328.66,1197.00,693.00,814.84
4,11,20,1546.85,1524.77,908.09,1660.61,994.54,630.63,817.16,780.58,372.87,1328.69,1197.00,693.00,814.87
4,11,21,1546.88,1524.79,908.12,1660.65,994.56,630.64,817.18,780.59,372.88,1328.72,1197.00,693.00,814.89
4,11,22,1546.91,1524.82,908.15,1660.69,994.58,630.65,817.19,780.61,372.89,1328.75,1197.00,693.00,814.91
4,11,23,1546.94,1524.84,908.17,1660.74,994.61,630.66,817.21,780.62,372.89,1328.78,1197.00,693.00,814.94
4,11,24,1546.97,1524.87,908.20,1660.78,994.63,630.67,817.23,780.63,372.90,1328.81,1197.00,693.00,814.96
4,12,1,1547.00,1524.89,908.23,1660.82,994.65,630.68,817.25,780.64,372.91,1328.84,1197.00,693.00,814.98
4,12,2,1547.03,1524.91,908.25,1660.87,994.68,630.69,817.27,780.65,372.91,1328.88,1197.00,693.00,815.01
4,12,3,1547.06,1524.93,908.28,1660.91,994.70,630.70,817.28,780.67,372.92,1328.91,1197.00,693.00,815.03
4,12,4,1547.09,1524.95,908.31,1660.96,994.72,630.71,817.30,780.68,372.92,1328.94,1197.00,693.00,815.05
4,12,5,1547.12,1524.97,908.33,1661.00,994.75,630.72,817.32,780.69,372.93,1328.97,1197.00,693.00,815.07
4,12,6,1547.15,1524.98,908.36,1661.04,994.77,630.73,817.34,780.70,372.94,1329.01,1197.00,693.00,815.10
4,12,7,1547.18,1525.00,908.39,1661.09,994.79,630.74,817.36,780.71,372.94,1329.04,1197.00,693.00,815.12
4,12,8,1547.21,1525.02,908.41,1661.13,994.82,630.75,817.37,780.72,372.95,1329.07,1197.00,693.00,815.14
4,12,9,1547.24,1525.04,908.44,1661.17,994.84,630.76,817.39,780.73,372.96,1329.10,1197.00,693.00,815.17
4,12,10,1547.27,1525.06,908.47,1661.22,994.86,630.77,817.41,780.75,372.96,1329.14,1197.00,693.00,815.19
4,12,11,1547.30,1525.08,908.49,1661.26,994.89,630.78,817.43,780.76,372.97,1329.17,1197.00,693.00,815.21
4,12,12,1547.33,1525.10,908.52,1661.30,994.91,630.79,817.44,780.77,372.97,1329.20,1197.00,693.00,815.24
4,12,13,1547.37,1525.12,908.55,1661.35,994.93,630.79,817.46,780.78,372.98,1329.23,1197.00,693.00,815.26
4,12,14,1547.40,1525.14,908.57,1661.39,994.96,630.80,817.48,780.79,372.99,1329.27,1197.00,693.00,815.28
4,12,15,1547.43,1525.16,908.60,1661.44,994.98,630.81,817.50,780.80,372.99,1329.30,1197.00,693.00,815.30
4,12,16,1547.46,1525.18,908.63,1661.48,995.00,630.82,817.52,780.82,373.00,1329.33,1197.00,693.00,815.33
4,12,17,1547.49,1525.20,908.65,1661.52,995.03,630.83,817.53,780.83,373.01,1329.36,1197.00,693.00,815.35
4,12,18,1547.52,1525.21,908.68,1661.57,995.05,630.84,817.55,780.84,373.01,1329.39,1197.00,693.00,815.37
4,12,19,1547.55,1525.23,908.71,1661.61,995.07,630.85,817.57,780.85,373.02,1329.43,1197.00,693.00,815.40
4,12,20,1547.58,1525.25,908.73,1661.65,995.10,630.86,817.59,780.86,373.02,1329.46,1197.00,693.00,815.42
4,12,21,1547.61,1525.27,908.76,1661.70,995.12,630.87,817.61,780.87,373.03,1329.49,1197.00,693.00,815.44
4,12,22,1547.64,1525.29,908.79,1661.74,995.14,630.88,817.62,780.89,373.04,1329.52,1197.00,693.00,815.46
4,12,23,1547.67,1525.31,908.81,1661.79,995.17,630.89,817.64,780.90,373.04,1329.56,1197.00,693.00,815.49
4,12,24,1547.70,1525.33,908.84,1661.83,995.19,630.90,817.66,780.91,373.05,1329.59,1197.00,693.00,815.51
4,13,1,1547.73,1525.35,908.87,1661.87,995.21,630.91,817.68,780.92,373.06,1329.62,1197.00,693.00,815.53
4,13,2,1547.76,1525.36,908.89,1661.92,995.24,630.92,817.70,780.93,373.06,1329.66,1197.00,693.00,815.56
4,13,3,1547.79,1525.38,908.92,1661.96,995.26,630.93,817.71,780.95,373.07,1329.69,1197.00,693.00,815.58
4,13,4,1547.82,1525.40,908.95,1662.00,995.28,630.94,817.73,780.96,373.07,1329.72,1197.00,693.00,815.60
4,13,5,1547.85,1525.42,908.97,1662.05,995.30,630.95,817.75,780.97,373.08,1329.76,1197.00,693.00,815.62
4,13,6,1547.88,1525.43,909.00,1662.09,995.32,630.96,817.77,780.98,373.09,1329.79,1197.00,693.00,815.65
4,13,7,1547.91,1525.45,909.03,1662.14,995.35,630.96,817.79,780.99,373.09,1329.82,1197.00,693.00,815.67
4,13,8,1547.94,1525.47,909.05,1662.18,995.37,630.97,817.80,781.01,373.10,1329.86,1197.00,693.00,815.69
4,13,9,1547.97,1525.48,909.08,1662.22,995.39,630.98,817.82,781.02,373.11,1329.89,1197.00,693.00,815.72
4,13,10,1548.00,1525.50,909.11,1662.27,995.41,630.99,817.84,781.03,373.11,1329.92,1197.00,693.00,815.74
4,13,11,1548.03,1525.52,909.13,1662.31,995.44,631.00,817.86,781.04,373.12,1329.96,1197.00,693.00,815.76
4,13,12,1548.07,1525.53,909.16,1662.35,995.46,631.01,817.88,781.05,373.13,1329.99,1197.00,693.00,815.79
4,13,13,1548.10,1525.55,909.19,1662.40,995.48,631.02,817.89,781.07,373.13,1330.02,1197.00,693.00,815.81
4,13,14,1548.13,1525.57,909.21,1662.44,995.50,631.03,817.91,781.08,373.14,1330.06,1197.00,693.00,815.83
4,13,15,1548.16,1525.59,909.24,1662.49,995.53,631.04,817.93,781.09,373.14,1330.09,1197.00,693.00,815.85
4,13,16,1548.19,1525.60,909.27,1662.53,995.55,631.05,817.95,781.10,373.15,1330.12,1197.00,693.00,815.88
4,13,17,1548.22,1525.62,909.29,1662.57,995.57,631.06,817.96,781.12,373.16,1330.16,1197.00,693.00,815.90
4,13,18,1548.25,1525.64,909.32,1662.62,995.59,631.07,817.98,781.13,373.16,1330.19,1197.00,693.00,815.92
4,13,19,1548.28,1525.65,909.35,1662.66,995.62,631.07,818.00,781.14,373.17,1330.22,1197.00,693.00,815.95
4,13,20,1548.31,1525.67,909.37,1662.70,995.64,631.08,818.02,781.15,373.18,1330.26,1197.00,693.00,815.97
4,13,21,1548.34,1525.69,909.40,1662.75,995.66,631.09,818.04,781.16,373.18,1330.29,1197.00,693.00,815.99
4,13,22,1548.37,1525.71,909.43,1662.79,995.68,631.10,818.05,781.18,373.19,1330.32,1197.00,693.00,816.01
4,13,23,1548.40,1525.72,909.45,1662.84,995.71,631.11,818.07,781.19,373.19,1330.36,1197.00,693.00,816.04
4,13,24,1548.43,1525.74,909.48,1662.88,995.73,631.12,818.09,781.20,373.20,1330.39,1197.00,693.00,816.06
4,14,1,1548.46,1525.76,909.51,1662.92,995.75,631.13,818.11,781.21,373.21,1330.42,1197.00,693.00,816.08
4,14,2,1548.49,1525.78,909.53,1662.97,995.77,631.14,818.13,781.22,373.21,1330.46,1197.00,693.00,816.11
4,14,3,1548.52,1525.79,909.56,1663.01,995.80,631.15,818.14,781.24,373.22,1330.49,1197.00,693.00,816.13
4,14,4,1548.55,1525.81,909.58,1663.05,995.82,631.16,818.16,781.25,373.23,1330.52,1197.00,693.00,816.15
4,14,5,1548.58,1525.83,909.61,1663.10,995.84,631.17,818.18,781.26,373.23,1330.56,1197.00,693.00,816.17
4,14,6,1548.61,1525.85,909.64,1663.14,995.86,631.18,818.20,781.27,373.24,1330.59,1197.00,693.00,816.20
4,14,7,1548.64,1525.87,909.66,1663.18,995.89,631.19,818.22,781.28,373.24,1330.62,1197.00,693.00,816.22
4,14,8,1548.67,1525.89,909.69,1663.23,995.91,631.20,818.23,781.29,373.25,1330.66,1197.00,693.00,816.24
4,14,9,1548.70,1525.91,909.72,1663.27,995.93,631.21,818.25,781.31,373.26,1330.69,1197.00,693.00,816.27
4,14,10,1548.73,1525.92,909.74,1663.31,995.95,631.22,818.27,781.32,373.26,1330.72,1197.00,693.00,816.29
4,14,11,1548.76,1525.94,909.77,1663.36,995.98,631.23,818.29,781.33,373.27,1330.76,1197.00,693.00,816.31
4,14,12,1548.79,1525.96,909.79,1663.40,996.00,631.23,818.31,781.34,373.28,1330.79,1197.00,693.00,816.33
4,14,13,1548.82,1525.98,909.82,1663.44,996.02,631.24,818.32,781.35,373.28,1330.82,1197.00,693.00,816.36
4,14,14,1548.85,1526.00,909.85,1663.49,996.05,631.25,818.34,781.36,373.29,1330.86,1197.00,693.00,816.38
4,14,15,1548.88,1526.02,909.87,1663.53,996.07,631.26,818.36,781.37,373.29,1330.89,1197.00,693.00,816.40
4,14,16,1548.91,1526.03,909.90,1663.57,996.09,631.27,818.38,781.39,373.30,1330.92,1197.00,693.00,816.43
4,14,17,1548.94,1526.05,909.93,1663.62,996.11,631.28,818.39,781.40,373.31,1330.96,1197.00,693.00,816.45
4,14,18,1548.97,1526.07,909.95,1663.66,996.14,631.29,818.41,781.41,373.31,1330.99,1197.00,693.00,816.47
4,14,19,1549.00,1526.09,909.98,1663.70,996.16,631.30,818.43,781.42,373.32,1331.02,1197.00,693.00,816.50
4,14,20,1549.03,1526.11,910.00,1663.75,996.18,631.31,818.45,781.43,373.33,1331.06,1197.00,693.00,816.52
4,14,21,1549.06,1526.13,910.03,1663.79,996.20,631.32,818.47,781.44,373.33,1331.09,1197.00,693.00,816.54
4,14,22,1549.09,1526.14,910.06,1663.83,996.23,631.33,818.48,781.46,373.34,1331.12,1197.00,693.00,816.56
4,14,23,1549.12,1526.16,910.08,1663.88,996.25,631.34,818.50,781.47,373.34,1331.16,1197.00,693.00,816.59
4,14,24,1549.15,1526.18,910.11,1663.92,996.27,631.35,818.52,781.48,373.35,1331.19,1197.00,693.00,816.61
4,15,1,1549.18,1526.20,910.14,1663.96,996.29,631.36,818.54,781.49,373.36,1331.22,1197.00,693.00,816.63
4,15,2,1549.21,1526.22,910.16,1664.01,996.32,631.37,818.56,781.50,373.36,1331.26,1197.00,693.00,816.65
4,15,3,1549.24,1526.24,910.19,1664.05,996.34,631.38,818.57,781.51,373.37,1331.29,1197.00,693.00,816.68
4,15,4,1549.27,1526.26,910.21,1664.10,996.36,631.39,818.59,781.53,373.38,1331.32,1197.00,693.00,816.70
4,15,5,1549.30,1526.28,910.24,1664.14,996.38,631.40,818.61,781.54,373.38,1331.36,1197.00,693.00,816.72
4,15,6,1549.33,1526.31,910.27,1664.18,996.41,631.41,818.63,781.55,373.39,1331.39,1197.00,693.00,816.74
4,15,7,1549.36,1526.33,910.29,1664.23,996.43,631.42,818.65,781.56,373.39,1331.43,1197.00,693.00,816.77
4,15,8,1549.39,1526.35,910.32,1664.27,996.45,631.43,818.66,781.57,373.40,1331.46,1197.00,693.00,816.79
4,15,9,1549.42,1526.37,910.35,1664.31,996.47,631.44,818.68,781.58,373.41,1331.49,1197.00,693.00,816.81
4,15,10,1549.45,1526.39,910.37,1664.36,996.50,631.45,818.70,781.60,373.41,1331.53,1197.00,693.00,816.84
4,15,11,1549.48,1526.41,910.40,1664.40,996.52,631.46,818.72,781.61,373.42,1331.56,1197.00,693.00,816.86
4,15,12,1549.51,1526.43,910.42,1664.45,996.54,631.46,818.74,781.62,373.43,1331.59,1197.00,693.00,816.88
4,15,13,1549.54,1526.45,910.45,1664.49,996.56,631.47,818.75,781.63,373.43,1331.63,1197.00,693.00,816.90
4,15,14,1549.57,1526.47,910.48,1664.53,996.59,631.48,818.77,781.64,373.44,1331.66,1197.00,693.00,816.93
4,15,15,1549.60,1526.49,910.50,1664.58,996.61,631.49,818.79,781.65,373.44,1331.70,1197.00,693.00,816.95
4,15,16,1549.63,1526.51,910.53,1664.62,996.63,631.50,818.81,781.67,373.45,1331.73,1197.00,693.00,816.97
4,15,17,1549.66,1526.53,910.56,1664.66,996.65,631.51,818.82,781.68,373.46,1331.76,1197.00,693.00,816.99
4,15,18,1549.69,1526.56,910.58,1664.71,996.68,631.52,818.84,781.69,373.46,1331.80,1197.00,693.00,817.02
4,15,19,1549.72,1526.58,910.61,1664.75,996.70,631.53,818.86,781.70,373.47,1331.83,1197.00,693.00,817.04
4,15,20,1549.75,1526.60,910.63,1664.79,996.72,631.54,818.88,781.71,373.48,1331.86,1197.00,693.00,817.06
4,15,21,1549.78,1526.62,910.66,1664.84,996.74,631.55,818.90,781.73,373.48,1331.90,1197.00,693.00,817.08
4,15,22,1549.81,1526.64,910.69,1664.88,996.76,631.56,818.91,781.74,373.49,1331.93,1197.00,693.00,817.11
4,15,23,1549.84,1526.66,910.71,1664.93,996.79,631.57,818.93,781.75,373.49,1331.97,1197.00,693.00,817.13
4,15,24,1549.87,1526.68,910.74,1664.97,996.81,631.58,818.95,781.76,373.50,1332.00,1197.00,693.00,817.15
4,16,1,1549.90,1526.70,910.77,1665.01,996.83,631.59,818.97,781.77,373.50,1332.03,1197.00,693.00,817.17
4,16,2,1549.93,1526.72,910.79,1665.06,996.85,631.60,818.99,781.78,373.50,1332.06,1197.00,693.00,817.20
4,16,3,1549.96,1526.74,910.82,1665.10,996.88,631.61,819.00,781.80,373.50,1332.09,1197.00,693.00,817.22
4,16,4,1549.99,1526.76,910.84,1665.14,996.90,631.62,819.02,781.81,373.50,1332.12,1197.00,693.00,817.24
4,16,5,1550.02,1526.78,910.87,1665.19,996.92,631.63,819.04,781.82,373.50,1332.15,1197.00,693.00,817.26
4,16,6,1550.05,1526.81,910.90,1665.23,996.94,631.64,819.06,781.83,373.50,1332.18,1197.00,693.00,817.29
4,16,7,1550.08,1526.83,910.92,1665.28,996.97,631.65,819.08,781.84,373.50,1332.21,1197.00,693.00,817.31
4,16,8,1550.11,1526.85,910.95,1665.32,996.99,631.66,819.09,781.85,373.50,1332.24,1197.00,693.00,817.33
4,16,9,1550.14,1526.87,910.98,1665.36,997.01,631.67,819.11,781.86,373.50,1332.27,1197.00,693.00,817.36
4,16,10,1550.17,1526.89,911.00,1665.41,997.03,631.68,819.13,781.88,373.50,1332.30,1197.00,693.00,817.38
4,16,11,1550.20,1526.91,911.03,1665.45,997.06,631.69,819.15,781.89,373.50,1332.33,1197.00,693.00,817.40
4,16,12,1550.23,1526.93,911.05,1665.49,997.08,631.70,819.17,781.90,373.50,1332.35,1197.00,693.00,817.43
4,16,13,1550.26,1526.95,911.08,1665.54,997.10,631.70,819.18,781.91,373.50,1332.38,1197.00,693.00,817.45
4,16,14,1550.29,1526.97,911.11,1665.58,997.12,631.71,819.20,781.92,373.50,1332.41,1197.00,693.00,817.47
4,16,15,1550.32,1526.99,911.13,1665.63,997.15,631.72,819.22,781.93,373.50,1332.44,1197.00,693.00,817.49
4,16,16,1550.35,1527.01,911.16,1665.67,997.17,631.73,819.24,781.95,373.50,1332.47,1197.00,693.00,817.52
4,16,17,1550.38,1527.03,911.19,1665.71,997.19,631.74,819.25,781.96,373.50,1332.50,1197.00,693.00,817.54
4,16,18,1550.41,1527.06,911.21,1665.76,997.21,631.75,819.27,781.97,373.50,1332.53,1197.00,693.00,817.56
4,16,19,1550.44,1527.08,911.24,1665.80,997.24,631.76,819.29,781.98,373.50,1332.56,1197.00,693.00,817.59
4,16,20,1550.47,1527.10,911.26,1665.85,997.26,631.77,819.31,781.99,373.50,1332.59,1197.00,693.00,817.61
4,16,21,1550.50,1527.12,911.29,1665.89,997.28,631.78,819.33,782.00,373.50,1332.62,1197.00,693.00,817.63
4,16,22,1550.53,1527.14,911.32,1665.93,997.30,631.79,819.34,782.02,373.50,1332.65,1197.00,693.00,817.65
4,16,23,1550.56,1527.16,911.34,1665.98,997.33,631.80,819.36,782.03,373.50,1332.68,1197.00,693.00,817.68
4,16,24,1550.59,1527.18,911.37,1666.02,997.35,631.81,819.38,782.04,373.50,1332.71,1197.00,693.00,817.70
4,17,1,1550.62,1527.20,911.40,1666.06,997.37,631.82,819.40,782.05,373.50,1332.74,1197.00,693.00,817.72
4,17,2,1550.65,1527.22,911.42,1666.11,997.40,631.83,819.42,782.06,373.50,1332.77,1197.00,693.00,817.75
4,17,3,1550.68,1527.24,911.45,1666.15,997.42,631.84,819.43,782.07,373.50,1332.81,1197.00,693.00,817.77
4,17,4,1550.71,1527.26,911.47,1666.20,997.44,631.85,819.45,782.08,373.50,1332.84,1197.00,693.00,817.79
4,17,5,1550.74,1527.28,911.50,1666.24,997.46,631.86,819.47,782.10,373.50,1332.87,1197.00,693.00,817.81
4,17,6,1550.77,1527.30,911.53,1666.28,997.49,631.87,819.49,782.11,373.50,1332.90,1197.00,693.00,817.84
4,17,7,1550.80,1527.32,911.55,1666.33,997.51,631.87,819.51,782.12,373.50,1332.93,1197.00,693.00,817.86
4,17,8,1550.83,1527.34,911.58,1666.37,997.53,631.88,819.52,782.13,373.50,1332.97,1197.00,693.00,817.88
4,17,9,1550.86,1527.36,911.61,1666.41,997.56,631.89,819.54,782.14,373.50,1333.00,1197.00,693.00,817.90
4,17,10,1550.89,1527.38,911.63,1666.46,997.58,631.90,819.56,782.15,373.50,1333.03,1197.00,693.00,817.93
4,17,11,1550.92,1527.40,911.66,1666.50,997.60,631.91,819.58,782.16,373.50,1333.06,1197.00,693.00,817.95
4,17,12,1550.95,1527.43,911.68,1666.54,997.62,631.92,819.60,782.17,373.50,1333.09,1197.00,693.00,817.97
4,17,13,1550.97,1527.45,911.71,1666.59,997.65,631.93,819.61,782.19,373.50,1333.13,1197.00,693.00,817.99
4,17,14,1551.00,1527.47,911.74,1666.63,997.67,631.94,819.63,782.20,373.50,1333.16,1197.00,693.00,818.01
4,17,15,1551.03,1527.49,911.76,1666.68,997.69,631.95,819.65,782.21,373.50,1333.19,1197.00,693.00,818.04
4,17,16,1551.06,1527.51,911.79,1666.72,997.72,631.96,819.67,782.22,373.50,1333.22,1197.00,693.00,818.06
4,17,17,1551.09,1527.53,911.82,1666.76,997.74,631.97,819.68,782.23,373.50,1333.26,1197.00,693.00,818.08
4,17,18,1551.12,1527.55,911.84,1666.81,997.76,631.98,819.70,782.24,373.50,1333.29,1197.00,693.00,818.10
4,17,19,1551.15,1527.57,911.87,1666.85,997.79,631.98,819.72,782.25,373.50,1333.32,1197.00,693.00,818.13
4,17,20,1551.18,1527.59,911.89,1666.89,997.81,631.99,819.74,782.26,373.50,1333.35,1197.00,693.00,818.15
4,17,21,1551.21,1527.61,911.92,1666.94,997.83,632.00,819.76,782.28,373.50,1333.38,1197.00,693.00,818.17
4,17,22,1551.24,1527.63,911.95,1666.98,997.85,632.01,819.77,782.29,373.50,1333.42,1197.00,693.00,818.19
4,17,23,1551.27,1527.65,911.97,1667.03,997.88,632.02,819.79,782.30,373.50,1333.45,1197.00,693.00,818.22
4,17,24,1551.30,1527.67,912.00,1667.07,997.90,632.03,819.81,782.31,373.50,1333.48,1197.00,693.00,818.24
4,18,1,1551.33,1527.69,912.03,1667.11,997.92,632.04,819.83,782.32,373.50,1333.51,1197.00,693.00,818.26
4,18,2,1551.36,1527.71,912.05,1667.16,997.95,632.05,819.85,782.33,373.50,1333.54,1197.00,693.00,818.28
4,18,3,1551.39,1527.73,912.08,1667.20,997.97,632.06,819.86,782.35,373.50,1333.58,1197.00,693.00,818.31
4,18,4,1551.42,1527.75,912.11,1667.24,997.99,632.07,819.88,782.36,373.50,1333.61,1197.00,693.00,818.33
4,18,5,1551.45,1527.77,912.13,1667.29,998.01,632.08,819.90,782.37,373.50,1333.64,1197.00,693.00,818.35
4,18,6,1551.48,1527.79,912.16,1667.33,998.04,632.09,819.92,782.38,373.50,1333.67,1197.00,693.00,818.37
4,18,7,1551.51,1527.81,912.18,1667.38,998.06,632.10,819.94,782.39,373.50,1333.70,1197.00,693.00,818.39
4,18,8,1551.54,1527.83,912.21,1667.42,998.08,632.11,819.95,782.40,373.50,1333.74,1197.00,693.00,818.42
4,18,9,1551.57,1527.85,912.24,1667.46,998.10,632.12,819.97,782.42,373.50,1333.77,1197.00,693.00,818.44
4,18,10,1551.60,1527.87,912.26,1667.51,998.13,632.13,819.99,782.43,373.50,1333.80,1197.00,693.00,818.46
4,18,11,1551.63,1527.89,912.29,1667.55,998.15,632.14,820.01,782.44,373.50,1333.83,1197.00,693.00,818.48
4,18,12,1551.66,1527.92,912.32,1667.59,998.17,632.15,820.02,782.45,373.50,1333.86,1197.00,693.00,818.51
4,18,13,1551.68,1527.94,912.34,1667.64,998.19,632.15,820.04,782.46,373.50,1333.90,1197.00,693.00,818.53
4,18,14,1551.71,1527.96,912.37,1667.68,998.22,632.16,820.06,782.47,373.50,1333.93,1197.00,693.00,818.55
4,18,15,1551.74,1527.98,912.39,1667.73,998.24,632.17,820.08,782.49,373.50,1333.96,1197.00,693.00,818.57
4,18,16,1551.77,1528.00,912.42,1667.77,998.26,632.18,820.10,782.50,373.50,1333.99,1197.00,693.00,818.59
4,18,17,1551.80,1528.02,912.45,1667.81,998.28,632.19,820.11,782.51,373.50,1334.03,1197.00,693.00,818.62
4,18,18,1551.83,1528.04,912.47,1667.86,998.31,632.20,820.13,782.52,373.50,1334.06,1197.00,693.00,818.64
4,18,19,1551.86,1528.06,912.50,1667.90,998.33,632.21,820.15,782.53,373.50,1334.09,1197.00,693.00,818.66
4,18,20,1551.89,1528.08,912.53,1667.94,998.35,632.22,820.17,782.54,373.50,1334.12,1197.00,693.00,818.68
4,18,21,1551.92,1528.10,912.55,1667.99,998.37,632.23,820.19,782.56,373.50,1334.15,1197.00,693.00,818.70
4,18,22,1551.95,1528.12,912.58,1668.03,998.40,632.24,820.20,782.57,373.50,1334.19,1197.00,693.00,818.73
4,18,23,1551.98,1528.14,912.60,1668.08,998.42,632.25,820.22,782.58,373.50,1334.22,1197.00,693.00,818.75
4,18,24,1552.01,1528.16,912.63,1668.12,998.44,632.26,820.24,782.59,373.50,1334.25,1197.00,693.00,818.77
4,19,1,1552.04,1528.18,912.66,1668.16,998.46,632.27,820.26,782.60,373.50,1334.28,1197.00,693.00,818.79
4,19,2,1552.07,1528.20,912.68,1668.21,998.49,632.28,820.28,782.61,373.50,1334.31,1197.00,693.00,818.82
4,19,3,1552.10,1528.22,912.71,1668.25,998.51,632.29,820.29,782.62,373.50,1334.34,1197.00,693.00,818.84
4,19,4,1552.13,1528.24,912.73,1668.30,998.53,632.30,820.31,782.64,373.50,1334.37,1197.00,693.00,818.86
4,19,5,1552.16,1528.26,912.76,1668.34,998.55,632.31,820.33,782.65,373.50,1334.40,1197.00,693.00,818.88
4,19,6,1552.18,1528.28,912.79,1668.38,998.57,632.32,820.35,782.66,373.50,1334.43,1197.00,693.00,818.91
4,19,7,1552.21,1528.30,912.81,1668.43,998.60,632.33,820.37,782.67,373.50,1334.46,1197.00,693.00,818.93
4,19,8,1552.24,1528.32,912.84,1668.47,998.62,632.34,820.38,782.68,373.50,1334.49,1197.00,693.00,818.95
4,19,9,1552.27,1528.34,912.86,1668.51,998.64,632.35,820.40,782.69,373.50,1334.52,1197.00,693.00,818.97
4,19,10,1552.30,1528.36,912.89,1668.56,998.66,632.36,820.42,782.70,373.50,1334.55,1197.00,693.00,819.00
4,19,11,1552.33,1528.38,912.91,1668.60,998.69,632.37,820.44,782.71,373.50,1334.58,1197.00,693.00,819.02
4,19,12,1552.36,1528.40,912.94,1668.65,998.71,632.38,820.45,782.73,373.50,1334.60,1197.00,693.00,819.04
4,19,13,1552.39,1528.42,912.97,1668.69,998.73,632.38,820.47,782.74,373.50,1334.63,1197.00,693.00,819.06
4,19,14,1552.42,1528.44,912.99,1668.73,998.75,632.39,820.49,782.75,373.50,1334.66,1197.00,693.00,819.09
4,19,15,1552.45,1528.46,913.02,1668.78,998.78,632.40,820.51,782.76,373.50,1334.69,1197.00,693.00,819.11
4,19,16,1552.48,1528.48,913.04,1668.82,998.80,632.41,820.53,782.77,373.50,1334.72,1197.00,693.00,819.13
4,19,17,1552.51,1528.50,913.07,1668.86,998.82,632.42,820.54,782.78,373.50,1334.75,1197.00,693.00,819.15
4,19,18,1552.53,1528.52,913.10,1668.91,998.84,632.43,820.56,782.79,373.50,1334.78,1197.00,693.00,819.18
4,19,19,1552.56,1528.54,913.12,1668.95,998.87,632.44,820.58,782.80,373.50,1334.81,1197.00,693.00,819.20
4,19,20,1552.59,1528.56,913.15,1669.00,998.89,632.45,820.60,782.81,373.50,1334.84,1197.00,693.00,819.22
4,19,21,1552.62,1528.58,913.17,1669.04,998.91,632.46,820.62,782.83,373.50,1334.87,1197.00,693.00,819.24
4,19,22,1552.65,1528.60,913.20,1669.08,998.93,632.47,820.63,782.84,373.50,1334.90,1197.00,693.00,819.26
4,19,23,1552.68,1528.62,913.22,1669.13,998.96,632.48,820.65,782.85,373.50,1334.93,1197.00,693.00,819.29
4,19,24,1552.71,1528.64,913.25,1669.17,998.98,632.49,820.67,782.86,373.50,1334.96,1197.00,693.00,819.31
4,20,1,1552.74,1528.66,913.28,1669.21,999.00,632.50,820.69,782.87,373.50,1334.99,1197.00,693.00,819.33
4,20,2,1552.77,1528.68,913.30,1669.26,999.02,632.51,820.71,782.88,373.50,1335.03,1197.00,693.00,819.35
4,20,3,1552.80,1528.70,913.33,1669.30,999.05,632.52,820.72,782.89,373.50,1335.06,1197.00,693.00,819.38
4,20,4,1552.83,1528.72,913.36,1669.34,999.07,632.53,820.74,782.91,373.50,1335.09,1197.00,693.00,819.40
4,20,5,1552.86,1528.74,913.38,1669.39,999.09,632.54,820.76,782.92,373.50,1335.13,1197.00,693.00,819.42
4,20,6,1552.88,1528.76,913.41,1669.43,999.11,632.55,820.78,782.93,373.50,1335.16,1197.00,693.00,819.44
4,20,7,1552.91,1528.78,913.43,1669.47,999.14,632.56,820.80,782.94,373.50,1335.19,1197.00,693.00,819.46
4,20,8,1552.94,1528.80,913.46,1669.52,999.16,632.57,820.81,782.95,373.50,1335.23,1197.00,693.00,819.49
4,20,9,1552.97,1528.82,913.49,1669.56,999.18,632.58,820.83,782.96,373.50,1335.26,1197.00,693.00,819.51
4,20,10,1553.00,1528.84,913.51,1669.60,999.20,632.59,820.85,782.98,373.50,1335.29,1197.00,693.00,819.53
4,20,11,1553.03,1528.86,913.54,1669.65,999.23,632.60,820.87,782.99,373.50,1335.33,1197.00,693.00,819.55
4,20,12,1553.06,1528.88,913.57,1669.69,999.25,632.60,820.88,783.00,373.50,1335.36,1197.00,693.00,819.58
4,20,13,1553.09,1528.90,913.59,1669.73,999.27,632.61,820.90,783.01,373.50,1335.39,1197.00,693.00,819.60
4,20,14,1553.12,1528.92,913.62,1669.78,999.30,632.62,820.92,783.02,373.50,1335.43,1197.00,693.00,819.62
4,20,15,1553.15,1528.94,913.64,1669.82,999.32,632.63,820.94,783.04,373.50,1335.46,1197.00,693.00,819.64
4,20,16,1553.18,1528.96,913.67,1669.86,999.34,632.64,820.96,783.05,373.50,1335.49,1197.00,693.00,819.66
4,20,17,1553.21,1528.98,913.70,1669.91,999.36,632.65,820.97,783.06,373.50,1335.53,1197.00,693.00,819.69
4,20,18,1553.24,1529.00,913.72,1669.95,999.39,632.66,820.99,783.07,373.50,1335.56,1197.00,693.00,819.71
4,20,19,1553.26,1529.02,913.75,1669.99,999.41,632.67,821.01,783.08,373.50,1335.59,1197.00,693.00,819.73
4,20,20,1553.29,1529.04,913.78,1670.04,999.43,632.68,821.03,783.09,373.50,1335.63,1197.00,693.00,819.75
4,20,21,1553.32,1529.06,913.80,1670.08,999.45,632.69,821.05,783.11,373.50,1335.66,1197.00,693.00,819.77
4,20,22,1553.35,1529.08,913.83,1670.12,999.48,632.70,821.06,783.12,373.50,1335.69,1197.00,693.00,819.80
4,20,23,1553.38,1529.10,913.85,1670.17,999.50,632.71,821.08,783.13,373.50,1335.73,1197.00,693.00,819.82
4,20,24,1553.41,1529.12,913.88,1670.21,999.52,632.72,821.10,783.14,373.50,1335.76,1197.00,693.00,819.84
4,21,1,1553.44,1529.14,913.91,1670.25,999.54,632.73,821.12,783.15,373.50,1335.79,1197.00,693.00,819.86
4,21,2,1553.47,1529.16,913.93,1670.30,999.57,632.74,821.13,783.16,373.50,1335.82,1197.00,693.00,819.88
4,21,3,1553.50,1529.18,913.96,1670.34,999.59,632.75,821.15,783.17,373.50,1335.85,1197.00,693.00,819.91
4,21,4,1553.53,1529.20,913.98,1670.38,999.61,632.76,821.17,783.19,373.50,1335.88,1197.00,693.00,819.93
4,21,5,1553.56,1529.22,914.01,1670.42,999.63,632.77,821.18,783.20,373.50,1335.91,1197.00,693.00,819.95
4,21,6,1553.59,1529.24,914.04,1670.47,999.66,632.78,821.20,783.21,373.50,1335.95,1197.00,693.00,819.97
4,21,7,1553.61,1529.27,914.06,1670.51,999.68,632.79,821.22,783.22,373.50,1335.98,1197.00,693.00,819.99
4,21,8,1553.64,1529.29,914.09,1670.55,999.70,632.80,821.23,783.23,373.50,1336.01,1197.00,693.00,820.02
4,21,9,1553.67,1529.31,914.11,1670.60,999.72,632.81,821.25,783.24,373.50,1336.04,1197.00,693.00,820.04
4,21,10,1553.70,1529.33,914.14,1670.64,999.75,632.82,821.27,783.25,373.50,1336.07,1197.00,693.00,820.06
4,21,11,1553.73,1529.35,914.16,1670.68,999.77,632.83,821.28,783.26,373.50,1336.10,1197.00,693.00,820.08
4,21,12,1553.76,1529.37,914.19,1670.72,999.79,632.83,821.30,783.27,373.50,1336.13,1197.00,693.00,820.11
4,21,13,1553.79,1529.39,914.22,1670.77,999.81,632.84,821.32,783.29,373.50,1336.16,1197.00,693.00,820.13
4,21,14,1553.82,1529.41,914.24,1670.81,999.84,632.85,821.33,783.30,373.50,1336.19,1197.00,693.00,820.15
4,21,15,1553.85,1529.43,914.27,1670.85,999.86,632.86,821.35,783.31,373.50,1336.22,1197.00,693.00,820.17
4,21,16,1553.88,1529.45,914.29,1670.90,999.88,632.87,821.37,783.32,373.50,1336.25,1197.00,693.00,820.19
4,21,17,1553.91,1529.47,914.32,1670.94,999.90,632.88,821.38,783.33,373.50,1336.28,1197.00,693.00,820.22
4,21,18,1553.93,1529.49,914.35,1670.98,999.93,632.89,821.40,783.34,373.50,1336.32,1197.00,693.00,820.24
4,21,19,1553.96,1529.52,914.37,1671.03,999.95,632.90,821.42,783.35,373.50,1336.35,1197.00,693.00,820.26
4,21,20,1553.99,1529.54,914.40,1671.07,999.97,632.91,821.43,783.36,373.50,1336.38,1197.00,693.00,820.28
4,21,21,1554.02,1529.56,914.42,1671.11,999.99,632.92,821.45,783.38,373.50,1336.41,1197.00,693.00,820.30
4,21,22,1554.05,1529.58,914.45,1671.15,1000.01,632.93,821.47,783.39,373.50,1336.44,1197.00,693.00,820.33
4,21,23,1554.08,1529.60,914.47,1671.20,1000.04,632.94,821.48,783.40,373.50,1336.47,1197.00,693.00,820.35
4,21,24,1554.11,1529.62,914.50,1671.24,1000.06,632.95,821.50,783.41,373.50,1336.50,1197.00,693.00,820.37
4,22,1,1554.14,1529.64,914.53,1671.28,1000.08,632.96,821.52,783.42,373.50,1336.53,1197.00,693.00,820.39
4,22,2,1554.17,1529.66,914.55,1671.32,1000.10,632.97,821.53,783.43,373.50,1336.56,1197.00,693.00,820.41
4,22,3,1554.20,1529.68,914.58,1671.36,1000.13,632.98,821.55,783.44,373.50,1336.59,1197.00,693.00,820.44
4,22,4,1554.22,1529.70,914.60,1671.40,1000.15,632.99,821.57,783.45,373.50,1336.62,1197.00,693.00,820.46
4,22,5,1554.25,1529.72,914.63,1671.44,1000.17,632.99,821.58,783.47,373.50,1336.65,1197.00,693.00,820.48
4,22,6,1554.28,1529.74,914.65,1671.48,1000.19,633.00,821.60,783.48,373.50,1336.68,1197.00,693.00,820.50
4,22,7,1554.31,1529.77,914.68,1671.53,1000.21,633.01,821.62,783.49,373.50,1336.71,1197.00,693.00,820.52
4,22,8,1554.34,1529.79,914.71,1671.57,1000.24,633.02,821.63,783.50,373.50,1336.74,1197.00,693.00,820.55
4,22,9,1554.37,1529.81,914.73,1671.61,1000.26,633.03,821.65,783.51,373.50,1336.77,1197.00,693.00,820.57
4,22,10,1554.40,1529.83,914.76,1671.65,1000.28,633.04,821.67,783.52,373.50,1336.80,1197.00,693.00,820.59
4,22,11,1554.43,1529.85,914.78,1671.69,1000.30,633.05,821.68,783.53,373.50,1336.83,1197.00,693.00,820.61
4,22,12,1554.46,1529.87,914.81,1671.73,1000.33,633.05,821.70,783.54,373.50,1336.85,1197.00,693.00,820.64
4,22,13,1554.48,1529.89,914.84,1671.77,1000.35,633.06,821.72,783.56,373.50,1336.88,1197.00,693.00,820.66
4,22,14,1554.51,1529.91,914.86,1671.81,1000.37,633.07,821.73,783.57,373.50,1336.91,1197.00,693.00,820.68
4,22,15,1554.54,1529.93,914.89,1671.85,1000.39,633.08,821.75,783.58,373.50,1336.94,1197.00,693.00,820.70
4,22,16,1554.57,1529.95,914.91,1671.89,1000.41,633.09,821.77,783.59,373.50,1336.97,1197.00,693.00,820.72
4,22,17,1554.60,1529.97,914.94,1671.93,1000.44,633.10,821.78,783.60,373.50,1337.00,1197.00,693.00,820.75
4,22,18,1554.63,1529.99,914.96,1671.97,1000.46,633.11,821.80,783.61,373.50,1337.03,1197.00,693.00,820.77
4,22,19,1554.66,1530.02,914.99,1672.02,1000.48,633.12,821.82,783.62,373.50,1337.06,1197.00,693.00,820.79
4,22,20,1554.69,1530.04,915.02,1672.06,1000.50,633.12,821.83,783.63,373.50,1337.09,1197.00,693.00,820.81
4,22,21,1554.71,1530.06,915.04,1672.10,1000.52,633.13,821.85,783.65,373.50,1337.12,1197.00,693.00,820.83
4,22,22,1554.74,1530.08,915.07,1672.14,1000.55,633.14,821.87,783.66,373.50,1337.15,1197.00,693.00,820.86
4,22,23,1554.77,1530.10,915.09,1672.18,1000.57,633.15,821.88,783.67,373.50,1337.18,1197.00,693.00,820.88
4,22,24,1554.80,1530.12,915.12,1672.22,1000.59,633.16,821.90,783.68,373.50,1337.21,1197.00,693.00,820.90
4,23,1,1554.83,1530.14,915.15,1672.26,1000.61,633.17,821.92,783.69,373.50,1337.24,1197.00,693.00,820.92
4,23,2,1554.86,1530.16,915.17,1672.31,1000.64,633.18,821.93,783.70,373.50,1337.27,1197.00,693.00,820.94
4,23,3,1554.89,1530.18,915.20,1672.35,1000.66,633.19,821.95,783.71,373.50,1337.30,1197.00,693.00,820.97
4,23,4,1554.92,1530.20,915.22,1672.39,1000.68,633.19,821.97,783.72,373.50,1337.33,1197.00,693.00,820.99
4,23,5,1554.94,1530.22,915.25,1672.44,1000.70,633.20,821.98,783.74,373.50,1337.36,1197.00,693.00,821.01
4,23,6,1554.97,1530.24,915.27,1672.48,1000.73,633.21,822.00,783.75,373.50,1337.39,1197.00,693.00,821.03
4,23,7,1555.00,1530.26,915.30,1672.53,1000.75,633.22,822.02,783.76,373.50,1337.42,1197.00,693.00,821.05
4,23,8,1555.03,1530.28,915.33,1672.57,1000.77,633.23,822.03,783.77,373.50,1337.45,1197.00,693.00,821.07
4,23,9,1555.06,1530.30,915.35,1672.61,1000.79,633.24,822.05,783.78,373.50,1337.48,1197.00,693.00,821.10
4,23,10,1555.09,1530.32,915.38,1672.66,1000.82,633.25,822.07,783.79,373.50,1337.51,1197.00,693.00,821.12
4,23,11,1555.12,1530.34,915.40,1672.70,1000.84,633.26,822.08,783.80,373.50,1337.54,1197.00,693.00,821.14
4,23,12,1555.15,1530.36,915.43,1672.74,1000.86,633.26,822.10,783.82,373.50,1337.57,1197.00,693.00,821.16
4,23,13,1555.17,1530.39,915.46,1672.79,1000.88,633.27,822.12,783.83,373.50,1337.60,1197.00,693.00,821.18
4,23,14,1555.20,1530.41,915.48,1672.83,1000.91,633.28,822.13,783.84,373.50,1337.63,1197.00,693.00,821.20
4,23,15,1555.23,1530.43,915.51,1672.88,1000.93,633.29,822.15,783.85,373.50,1337.66,1197.00,693.00,821.22
4,23,16,1555.26,1530.45,915.53,1672.92,1000.95,633.30,822.17,783.86,373.50,1337.69,1197.00,693.00,821.25
4,23,17,1555.29,1530.47,915.56,1672.96,1000.97,633.31,822.18,783.87,373.50,1337.72,1197.00,693.00,821.27
4,23,18,1555.32,1530.49,915.58,1673.01,1001.00,633.32,822.20,783.88,373.50,1337.75,1197.00,693.00,821.29
4,23,19,1555.35,1530.51,915.61,1673.05,1001.02,633.33,822.22,783.89,373.50,1337.78,1197.00,693.00,821.31
4,23,20,1555.38,1530.53,915.64,1673.10,1001.04,633.33,822.23,783.91,373.50,1337.81,1197.00,693.00,821.33
4,23,21,1555.40,1530.55,915.66,1673.14,1001.06,633.34,822.25,783.92,373.50,1337.84,1197.00,693.00,821.35
4,23,22,1555.43,1530.57,915.69,1673.18,1001.09,633.35,822.27,783.93,373.50,1337.87,1197.00,693.00,821.38
4,23,23,1555.46,1530.59,915.71,1673.23,1001.11,633.36,822.28,783.94,373.50,1337.90,1197.00,693.00,821.40
4,23,24,1555.49,1530.61,915.74,1673.27,1001.13,633.37,822.30,783.95,373.50,1337.93,1197.00,693.00,821.42
4,24,1,1555.52,1530.63,915.77,1673.31,1001.15,633.38,822.32,783.96,373.50,1337.96,1197.00,693.00,821.44
4,24,2,1555.55,1530.65,915.79,1673.36,1001.17,633.39,822.33,783.97,373.50,1338.00,1197.00,693.00,821.46
4,24,3,1555.57,1530.67,915.82,1673.40,1001.20,633.40,822.35,783.98,373.50,1338.03,1197.00,693.00,821.48
4,24,4,1555.60,1530.69,915.84,1673.44,1001.22,633.40,822.37,783.99,373.50,1338.06,1197.00,693.00,821.51
4,24,5,1555.63,1530.71,915.87,1673.48,1001.24,633.41,822.38,784.00,373.50,1338.09,1197.00,693.00,821.53
4,24,6,1555.66,1530.73,915.89,1673.53,1001.26,633.42,822.40,784.02,373.50,1338.13,1197.00,693.00,821.55
4,24,7,1555.69,1530.76,915.92,1673.57,1001.28,633.43,822.42,784.03,373.50,1338.16,1197.00,693.00,821.57
4,24,8,1555.72,1530.78,915.94,1673.61,1001.31,633.44,822.43,784.04,373.50,1338.19,1197.00,693.00,821.59
4,24,9,1555.75,1530.80,915.97,1673.65,1001.33,633.45,822.45,784.05,373.50,1338.23,1197.00,693.00,821.61
4,24,10,1555.77,1530.82,915.99,1673.70,1001.35,633.46,822.47,784.06,373.50,1338.26,1197.00,693.00,821.64
4,24,11,1555.80,1530.84,916.02,1673.74,1001.37,633.47,822.48,784.07,373.50,1338.29,1197.00,693.00,821.66
4,24,12,1555.83,1530.86,916.04,1673.78,1001.39,633.48,822.50,784.08,373.50,1338.33,1197.00,693.00,821.68
4,24,13,1555.86,1530.88,916.07,1673.82,1001.42,633.48,822.52,784.09,373.50,1338.36,1197.00,693.00,821.70
4,24,14,1555.89,1530.90,916.10,1673.87,1001.44,633.49,822.53,784.10,373.50,1338.39,1197.00,693.00,821.72
4,24,15,1555.92,1530.92,916.12,1673.91,1001.46,633.50,822.55,784.11,373.50,1338.42,1197.00,693.00,821.74
4,24,16,1555.94,1530.94,916.15,1673.95,1001.48,633.51,822.57,784.12,373.50,1338.46,1197.00,693.00,821.77
4,24,17,1555.97,1530.96,916.17,1673.99,1001.51,633.52,822.58,784.13,373.50,1338.49,1197.00,693.00,821.79
4,24,18,1556.00,1530.98,916.20,1674.04,1001.53,633.53,822.60,784.15,373.50,1338.52,1197.00,693.00,821.81
4,24,19,1556.03,1531.01,916.22,1674.08,1001.55,633.54,822.62,784.16,373.50,1338.56,1197.00,693.00,821.83
4,24,20,1556.06,1531.03,916.25,1674.12,1001.57,633.55,822.63,784.17,373.50,1338.59,1197.00,693.00,821.85
4,24,21,1556.09,1531.05,916.27,1674.16,1001.59,633.55,822.65,784.18,373.50,1338.62,1197.00,693.00,821.88
4,24,22,1556.11,1531.07,916.30,1674.21,1001.62,633.56,822.67,784.19,373.50,1338.65,1197.00,693.00,821.90
4,24,23,1556.14,1531.09,916.32,1674.25,1001.64,633.57,822.68,784.20,373.50,1338.69,1197.00,693.00,821.92
4,24,24,1556.17,1531.11,916.35,1674.29,1001.66,633.58,822.70,784.21,373.50,1338.72,1197.00,693.00,821.94
4,25,1,1556.20,1531.13,916.38,1674.33,1001.68,633.59,822.72,784.22,373.50,1338.75,1197.00,693.00,821.96
4,25,2,1556.23,1531.15,916.40,1674.37,1001.70,633.60,822.73,784.23,373.50,1338.78,1197.00,693.00,821.98
4,25,3,1556.26,1531.17,916.43,1674.41,1001.73,633.61,822.75,784.24,373.50,1338.81,1197.00,693.00,822.01
4,25,4,1556.29,1531.19,916.45,1674.45,1001.75,633.62,822.77,784.26,373.50,1338.84,1197.00,693.00,822.03
4,25,5,1556.31,1531.21,916.48,1674.49,1001.77,633.62,822.78,784.27,373.50,1338.87,1197.00,693.00,822.05
4,25,6,1556.34,1531.23,916.50,1674.54,1001.79,633.63,822.80,784.28,373.50,1338.89,1197.00,693.00,822.07
4,25,7,1556.37,1531.26,916.53,1674.58,1001.81,633.64,822.82,784.29,373.50,1338.92,1197.00,693.00,822.09
4,25,8,1556.40,1531.28,916.56,1674.62,1001.84,633.65,822.83,784.30,373.50,1338.95,1197.00,693.00,822.11
4,25,9,1556.43,1531.30,916.58,1674.66,1001.86,633.66,822.85,784.31,373.50,1338.98,1197.00,693.00,822.14
4,25,10,1556.46,1531.32,916.61,1674.70,1001.88,633.67,822.87,784.32,373.50,1339.01,1197.00,693.00,822.16
4,25,11,1556.49,1531.34,916.63,1674.74,1001.90,633.68,822.88,784.33,373.50,1339.04,1197.00,693.00,822.18
4,25,12,1556.52,1531.36,916.66,1674.78,1001.92,633.68,822.90,784.35,373.50,1339.07,1197.00,693.00,822.20
4,25,13,1556.54,1531.38,916.69,1674.82,1001.95,633.69,822.92,784.36,373.50,1339.10,1197.00,693.00,822.22
4,25,14,1556.57,1531.40,916.71,1674.86,1001.97,633.70,822.93,784.37,373.50,1339.13,1197.00,693.00,822.24
4,25,15,1556.60,1531.42,916.74,1674.90,1001.99,633.71,822.95,784.38,373.50,1339.16,1197.00,693.00,822.27
4,25,16,1556.63,1531.44,916.76,1674.94,1002.01,633.72,822.97,784.39,373.50,1339.19,1197.00,693.00,822.29
4,25,17,1556.66,1531.46,916.79,1674.98,1002.04,633.73,822.98,784.40,373.50,1339.22,1197.00,693.00,822.31
4,25,18,1556.69,1531.48,916.81,1675.03,1002.06,633.74,823.00,784.41,373.50,1339.25,1197.00,693.00,822.33
4,25,19,1556.72,1531.51,916.84,1675.07,1002.08,633.75,823.02,784.42,373.50,1339.27,1197.00,693.00,822.35
4,25,20,1556.74,1531.53,916.87,1675.11,1002.10,633.75,823.03,784.43,373.50,1339.30,1197.00,693.00,822.37
4,25,21,1556.77,1531.55,916.89,1675.15,1002.12,633.76,823.05,784.45,373.50,1339.33,1197.00,693.00,822.40
4,25,22,1556.80,1531.57,916.92,1675.19,1002.15,633.77,823.07,784.46,373.50,1339.36,1197.00,693.00,822.42
4,25,23,1556.83,1531.59,916.94,1675.23,1002.17,633.78,823.08,784.47,373.50,1339.39,1197.00,693.00,822.44
4,25,24,1556.86,1531.61,916.97,1675.27,1002.19,633.79,823.10,784.48,373.50,1339.42,1197.00,693.00,822.46
4,26,1,1556.89,1531.63,917.00,1675.31,1002.21,633.80,823.12,784.49,373.50,1339.45,1197.00,693.00,822.48
4,26,2,1556.92,1531.65,917.02,1675.36,1002.23,633.81,823.13,784.50,373.50,1339.48,1197.00,693.00,822.50
4,26,3,1556.94,1531.67,917.05,1675.40,1002.26,633.81,823.15,784.51,373.50,1339.50,1197.00,693.00,822.53
4,26,4,1556.97,1531.69,917.07,1675.44,1002.28,633.82,823.16,784.52,373.50,1339.53,1197.00,693.00,822.55
4,26,5,1557.00,1531.71,917.10,1675.48,1002.30,633.83,823.18,784.53,373.50,1339.56,1197.00,693.00,822.57
4,26,6,1557.03,1531.73,917.12,1675.53,1002.32,633.84,823.19,784.54,373.50,1339.59,1197.00,693.00,822.59
4,26,7,1557.06,1531.75,917.15,1675.57,1002.34,633.85,823.21,784.56,373.50,1339.61,1197.00,693.00,822.61
4,26,8,1557.08,1531.77,917.17,1675.61,1002.37,633.86,823.22,784.57,373.50,1339.64,1197.00,693.00,822.63
4,26,9,1557.11,1531.79,917.20,1675.66,1002.39,633.86,823.24,784.58,373.50,1339.67,1197.00,693.00,822.66
4,26,10,1557.14,1531.81,917.22,1675.70,1002.41,633.87,823.25,784.59,373.50,1339.70,1197.00,693.00,822.68
4,26,11,1557.17,1531.83,917.25,1675.74,1002.43,633.88,823.27,784.60,373.50,1339.72,1197.00,693.00,822.70
4,26,12,1557.20,1531.85,917.27,1675.79,1002.45,633.89,823.28,784.61,373.50,1339.75,1197.00,693.00,822.72
4,26,13,1557.22,1531.88,917.30,1675.83,1002.48,633.90,823.30,784.62,373.50,1339.78,1197.00,693.00,822.74
4,26,14,1557.25,1531.90,917.33,1675.87,1002.50,633.91,823.32,784.63,373.50,1339.80,1197.00,693.00,822.76
4,26,15,1557.28,1531.92,917.35,1675.91,1002.52,633.91,823.33,784.64,373.50,1339.83,1197.00,693.00,822.78
4,26,16,1557.31,1531.94,917.38,1675.96,1002.54,633.92,823.35,784.65,373.50,1339.86,1197.00,693.00,822.81
4,26,17,1557.33,1531.96,917.40,1676.00,1002.57,633.93,823.36,784.66,373.50,1339.89,1197.00,693.00,822.83
4,26,18,1557.36,1531.98,917.43,1676.04,1002.59,633.94,823.38,784.67,373.50,1339.91,1197.00,693.00,822.85
4,26,19,1557.39,1532.00,917.45,1676.09,1002.61,633.95,823.39,784.69,373.50,1339.94,1197.00,693.00,822.87
4,26,20,1557.42,1532.02,917.48,1676.13,1002.63,633.96,823.41,784.70,373.50,1339.97,1197.00,693.00,822.89
4,26,21,1557.45,1532.04,917.50,1676.17,1002.65,633.96,823.42,784.71,373.50,1340.00,1197.00,693.00,822.91
4,26,22,1557.47,1532.06,917.53,1676.21,1002.68,633.97,823.44,784.72,373.50,1340.02,1197.00,693.00,822.94
4,26,23,1557.50,1532.08,917.55,1676.26,1002.70,633.98,823.45,784.73,373.50,1340.05,1197.00,693.00,822.96
4,26,24,1557.53,1532.10,917.58,1676.30,1002.72,633.99,823.47,784.74,373.50,1340.08,1197.00,693.00,822.98
4,27,1,1557.56,1532.12,917.61,1676.34,1002.74,634.00,823.49,784.75,373.50,1340.11,1197.00,693.00,823.00
4,27,2,1557.59,1532.14,917.63,1676.38,1002.76,634.01,823.50,784.76,373.50,1340.15,1197.00,693.00,823.02
4,27,3,1557.62,1532.16,917.66,1676.42,1002.79,634.02,823.52,784.77,373.50,1340.18,1197.00,693.00,823.04
4,27,4,1557.64,1532.18,917.68,1676.46,1002.81,634.03,823.53,784.78,373.50,1340.21,1197.00,693.00,823.06
4,27,5,1557.67,1532.20,917.71,1676.50,1002.83,634.04,823.55,784.79,373.50,1340.25,1197.00,693.00,823.09
4,27,6,1557.70,1532.22,917.74,1676.55,1002.85,634.05,823.56,784.80,373.50,1340.28,1197.00,693.00,823.11
4,27,7,1557.73,1532.25,917.76,1676.59,1002.88,634.06,823.58,784.82,373.50,1340.31,1197.00,693.00,823.13
4,27,8,1557.76,1532.27,917.79,1676.63,1002.90,634.07,823.60,784.83,373.50,1340.35,1197.00,693.00,823.15
4,27,9,1557.79,1532.29,917.81,1676.67,1002.92,634.08,823.61,784.84,373.50,1340.38,1197.00,693.00,823.17
4,27,10,1557.81,1532.31,917.84,1676.71,1002.94,634.09,823.63,784.85,373.50,1340.41,1197.00,693.00,823.19
4,27,11,1557.84,1532.33,917.86,1676.75,1002.97,634.10,823.64,784.86,373.50,1340.45,1197.00,693.00,823.21
4,27,12,1557.87,1532.35,917.89,1676.79,1002.99,634.10,823.66,784.87,373.50,1340.48,1197.00,693.00,823.23
4,27,13,1557.90,1532.37,917.92,1676.83,1003.01,634.11,823.68,784.88,373.50,1340.51,1197.00,693.00,823.26
4,27,14,1557.93,1532.39,917.94,1676.87,1003.03,634.12,823.69,784.89,373.50,1340.55,1197.00,693.00,823.28
4,27,15,1557.95,1532.41,917.97,1676.91,1003.06,634.13,823.71,784.90,373.50,1340.58,1197.00,693.00,823.30
4,27,16,1557.98,1532.43,917.99,1676.95,1003.08,634.14,823.72,784.91,373.50,1340.61,1197.00,693.00,823.32
4,27,17,1558.01,1532.45,918.02,1676.99,1003.10,634.15,823.74,784.92,373.50,1340.65,1197.00,693.00,823.34
4,27,18,1558.04,1532.47,918.05,1677.04,1003.12,634.16,823.75,784.93,373.50,1340.68,1197.00,693.00,823.36
4,27,19,1558.07,1532.50,918.07,1677.08,1003.15,634.17,823.77,784.95,373.50,1340.71,1197.00,693.00,823.38
4,27,20,1558.10,1532.52,918.10,1677.12,1003.17,634.18,823.79,784.96,373.50,1340.75,1197.00,693.00,823.40
4,27,21,1558.12,1532.54,918.12,1677.16,1003.19,634.19,823.80,784.97,373.50,1340.78,1197.00,693.00,823.43
4,27,22,1558.15,1532.56,918.15,1677.20,1003.22,634.20,823.82,784.98,373.50,1340.81,1197.00,693.00,823.45
4,27,23,1558.18,1532.58,918.17,1677.24,1003.24,634.21,823.83,784.99,373.50,1340.85,1197.00,693.00,823.47
4,27,24,1558.21,1532.60,918.20,1677.28,1003.26,634.22,823.85,785.00,373.50,1340.88,1197.00,693.00,823.49
4,28,1,1558.24,1532.62,918.23,1677.32,1003.28,634.23,823.87,785.01,373.50,1340.91,1197.00,693.00,823.51
4,28,2,1558.27,1532.64,918.25,1677.37,1003.30,634.24,823.88,785.02,373.50,1340.94,1197.00,693.00,823.53
4,28,3,1558.29,1532.66,918.28,1677.41,1003.33,634.25,823.90,785.03,373.50,1340.97,1197.00,693.00,823.55
4,28,4,1558.32,1532.68,918.30,1677.45,1003.35,634.26,823.91,785.04,373.50,1341.00,1197.00,693.00,823.58
4,28,5,1558.35,1532.70,918.33,1677.49,1003.37,634.27,823.93,785.05,373.50,1341.03,1197.00,693.00,823.60
4,28,6,1558.38,1532.72,918.35,1677.54,1003.39,634.28,823.94,785.07,373.50,1341.06,1197.00,693.00,823.62
4,28,7,1558.41,1532.75,918.38,1677.58,1003.41,634.29,823.96,785.08,373.50,1341.09,1197.00,693.00,823.64
4,28,8,1558.43,1532.77,918.40,1677.62,1003.44,634.30,823.97,785.09,373.50,1341.12,1197.00,693.00,823.66
4,28,9,1558.46,1532.79,918.43,1677.66,1003.46,634.31,823.99,785.10,373.50,1341.15,1197.00,693.00,823.68
4,28,10,1558.49,1532.81,918.45,1677.71,1003.48,634.32,824.00,785.11,373.50,1341.18,1197.00,693.00,823.71
4,28,11,1558.52,1532.83,918.48,1677.75,1003.50,634.33,824.02,785.12,373.50,1341.21,1197.00,693.00,823.73
4,28,12,1558.54,1532.85,918.51,1677.79,1003.52,634.33,824.03,785.13,373.50,1341.24,1197.00,693.00,823.75
4,28,13,1558.57,1532.87,918.53,1677.83,1003.55,634.34,824.05,785.14,373.50,1341.28,1197.00,693.00,823.77
4,28,14,1558.60,1532.89,918.56,1677.88,1003.57,634.35,824.07,785.15,373.50,1341.31,1197.00,693.00,823.79
4,28,15,1558.63,1532.91,918.58,1677.92,1003.59,634.36,824.08,785.16,373.50,1341.34,1197.00,693.00,823.82
4,28,16,1558.66,1532.93,918.61,1677.96,1003.61,634.37,824.10,785.17,373.50,1341.37,1197.00,693.00,823.84
4,28,17,1558.68,1532.95,918.63,1678.00,1003.64,634.38,824.11,785.18,373.50,1341.40,1197.00,693.00,823.86
4,28,18,1558.71,1532.97,918.66,1678.05,1003.66,634.39,824.13,785.20,373.50,1341.43,1197.00,693.00,823.88
4,28,19,1558.74,1533.00,918.68,1678.09,1003.68,634.40,824.14,785.21,373.50,1341.46,1197.00,693.00,823.90
4,28,20,1558.77,1533.02,918.71,1678.13,1003.70,634.41,824.16,785.22,373.50,1341.49,1197.00,693.00,823.92
4,28,21,1558.80,1533.04,918.73,1678.17,1003.72,634.42,824.17,785.23,373.50,1341.52,1197.00,693.00,823.95
4,28,22,1558.82,1533.06,918.76,1678.22,1003.75,634.43,824.19,785.24,373.50,1341.55,1197.00,693.00,823.97
4,28,23,1558.85,1533.08,918.78,1678.26,1003.77,634.44,824.20,785.25,373.50,1341.58,1197.00,693.00,823.99
4,28,24,1558.88,1533.10,918.81,1678.30,1003.79,634.45,824.22,785.26,373.50,1341.61,1197.00,693.00,824.01
4,29,1,1558.91,1533.12,918.84,1678.34,1003.81,634.46,824.24,785.27,373.50,1341.64,1197.00,693.00,824.03
4,29,2,1558.94,1533.14,918.86,1678.38,1003.83,634.47,824.25,785.28,373.50,1341.67,1197.00,693.00,824.05
4,29,3,1558.96,1533.16,918.89,1678.42,1003.86,634.48,824.27,785.29,373.50,1341.70,1197.00,693.00,824.07
4,29,4,1558.99,1533.18,918.91,1678.47,1003.88,634.49,824.28,785.30,373.50,1341.73,1197.00,693.00,824.10
4,29,5,1559.02,1533.20,918.94,1678.51,1003.90,634.50,824.30,785.31,373.50,1341.76,1197.00,693.00,824.12
4,29,6,1559.05,1533.22,918.96,1678.55,1003.92,634.51,824.31,785.33,373.50,1341.79,1197.00,693.00,824.14
4,29,7,1559.08,1533.24,918.99,1678.59,1003.94,634.52,824.33,785.34,373.50,1341.82,1197.00,693.00,824.16
4,29,8,1559.10,1533.26,919.01,1678.63,1003.97,634.53,824.35,785.35,373.50,1341.85,1197.00,693.00,824.18
4,29,9,1559.13,1533.28,919.04,1678.67,1003.99,634.54,824.36,785.36,373.50,1341.88,1197.00,693.00,824.20
4,29,10,1559.16,1533.30,919.06,1678.71,1004.01,634.55,824.38,785.37,373.50,1341.91,1197.00,693.00,824.22
4,29,11,1559.19,1533.32,919.09,1678.75,1004.03,634.56,824.39,785.38,373.50,1341.94,1197.00,693.00,824.24
4,29,12,1559.22,1533.34,919.11,1678.80,1004.05,634.57,824.41,785.39,373.50,1341.96,1197.00,693.00,824.27
4,29,13,1559.24,1533.37,919.14,1678.84,1004.08,634.57,824.43,785.40,373.50,1341.99,1197.00,693.00,824.29
4,29,14,1559.27,1533.39,919.17,1678.88,1004.10,634.58,824.44,785.41,373.50,1342.02,1197.00,693.00,824.31
4,29,15,1559.30,1533.41,919.19,1678.92,1004.12,634.59,824.46,785.42,373.50,1342.05,1197.00,693.00,824.33
4,29,16,1559.33,1533.43,919.22,1678.96,1004.14,634.60,824.47,785.43,373.50,1342.08,1197.00,693.00,824.35
4,29,17,1559.35,1533.45,919.24,1679.00,1004.17,634.61,824.49,785.44,373.50,1342.11,1197.00,693.00,824.37
4,29,18,1559.38,1533.47,919.27,1679.04,1004.19,634.62,824.50,785.46,373.50,1342.14,1197.00,693.00,824.39
4,29,19,1559.41,1533.49,919.29,1679.08,1004.21,634.63,824.52,785.47,373.50,1342.17,1197.00,693.00,824.41
4,29,20,1559.44,1533.51,919.32,1679.13,1004.23,634.64,824.54,785.48,373.50,1342.20,1197.00,693.00,824.44
4,29,21,1559.47,1533.53,919.34,1679.17,1004.25,634.65,824.55,785.49,373.50,1342.23,1197.00,693.00,824.46
4,29,22,1559.49,1533.55,919.37,1679.21,1004.28,634.66,824.57,785.50,373.50,1342.26,1197.00,693.00,824.48
4,29,23,1559.52,1533.57,919.39,1679.25,1004.30,634.67,824.58,785.51,373.50,1342.29,1197.00,693.00,824.50
4,29,24,1559.55,1533.59,919.42,1679.29,1004.32,634.68,824.60,785.52,373.50,1342.32,1197.00,693.00,824.52
4,30,1,1559.58,1533.61,919.44,1679.33,1004.34,634.69,824.62,785.53,373.50,1342.35,1197.00,693.00,824.54
4,30,2,1559.61,1533.63,919.47,1679.38,1004.36,634.70,824.63,785.54,373.50,1342.38,1197.00,693.00,824.56
4,30,3,1559.63,1533.65,919.49,1679.42,1004.39,634.71,824.65,785.55,373.50,1342.41,1197.00,693.00,824.58
4,30,4,1559.66,1533.67,919.52,1679.46,1004.41,634.72,824.66,785.56,373.50,1342.44,1197.00,693.00,824.61
4,30,5,1559.69,1533.69,919.54,1679.50,1004.43,634.73,824.68,785.57,373.50,1342.47,1197.00,693.00,824.63
4,30,6,1559.72,1533.71,919.57,1679.55,1004.45,634.74,824.69,785.59,373.50,1342.50,1197.00,693.00,824.65
4,30,7,1559.74,1533.74,919.59,1679.59,1004.47,634.74,824.71,785.60,373.50,1342.53,1197.00,693.00,824.67
4,30,8,1559.77,1533.76,919.62,1679.63,1004.50,634.75,824.73,785.61,373.50,1342.56,1197.00,693.00,824.69
4,30,9,1559.80,1533.78,919.64,1679.67,1004.52,634.76,824.74,785.62,373.50,1342.59,1197.00,693.00,824.71
4,30,10,1559.83,1533.80,919.67,1679.72,1004.54,634.77,824.76,785.63,373.50,1342.62,1197.00,693.00,824.73
4,30,11,1559.85,1533.82,919.69,1679.76,1004.56,634.78,824.77,785.64,373.50,1342.65,1197.00,693.00,824.75
4,30,12,1559.88,1533.84,919.72,1679.80,1004.58,634.79,824.79,785.65,373.50,1342.67,1197.00,693.00,824.78
4,30,13,1559.91,1533.86,919.75,1679.84,1004.61,634.80,824.81,785.66,373.50,1342.70,1197.00,693.00,824.80
4,30,14,1559.93,1533.88,919.77,1679.89,1004.63,634.81,824.82,785.67,373.50,1342.73,1197.00,693.00,824.82
4,30,15,1559.96,1533.90,919.80,1679.93,1004.65,634.82,824.84,785.68,373.50,1342.76,1197.00,693.00,824.84
4,30,16,1559.99,1533.92,919.82,1679.97,1004.67,634.83,824.85,785.69,373.50,1342.79,1197.00,693.00,824.86
4,30,17,1560.02,1533.94,919.85,1680.01,1004.70,634.84,824.87,785.70,373.50,1342.82,1197.00,693.00,824.88
4,30,18,1560.04,1533.96,919.87,1680.06,1004.72,634.85,824.88,785.72,373.50,1342.85,1197.00,693.00,824.90
4,30,19,1560.07,1533.99,919.90,1680.10,1004.74,634.85,824.90,785.73,373.50,1342.88,1197.00,693.00,824.92
4,30,20,1560.10,1534.01,919.92,1680.14,1004.76,634.86,824.92,785.74,373.50,1342.91,1197.00,693.00,824.95
4,30,21,1560.13,1534.03,919.95,1680.18,1004.78,634.87,824.93,785.75,373.50,1342.94,1197.00,693.00,824.97
4,30,22,1560.15,1534.05,919.97,1680.23,1004.81,634.88,824.95,785.76,373.50,1342.97,1197.00,693.00,824.99
4,30,23,1560.18,1534.07,920.00,1680.27,1004.83,634.89,824.96,785.77,373.50,1343.00,1197.00,693.00,825.01
4,30,24,1560.21,1534.09,920.02,1680.31,1004.85,634.90,824.98,785.78,373.50,1343.03,1197.00,693.00,825.03
5,1,1,1560.24,1534.11,920.05,1680.35,1004.87,634.91,825.00,785.79,373.50,1343.06,1197.00,693.00,825.05
5,1,2,1560.27,1534.13,920.07,1680.39,1004.89,634.92,825.01,785.80,373.50,1343.09,1197.00,693.00,825.07
5,1,3,1560.29,1534.15,920.10,1680.43,1004.91,634.93,825.03,785.81,373.50,1343.12,1197.00,693.00,825.09
5,1,4,1560.32,1534.17,920.12,1680.47,1004.94,634.94,825.04,785.82,373.50,1343.15,1197.00,693.00,825.11
5,1,5,1560.35,1534.19,920.15,1680.51,1004.96,634.95,825.06,785.83,373.50,1343.18,1197.00,693.00,825.13
5,1,6,1560.38,1534.21,920.17,1680.55,1004.98,634.96,825.07,785.85,373.50,1343.21,1197.00,693.00,825.16
5,1,7,1560.41,1534.24,920.20,1680.59,1005.00,634.96,825.09,785.86,373.50,1343.24,1197.00,693.00,825.18
5,1,8,1560.43,1534.26,920.22,1680.63,1005.02,634.97,825.10,785.87,373.50,1343.27,1197.00,693.00,825.20
5,1,9,1560.46,1534.28,920.25,1680.67,1005.04,634.98,825.12,785.88,373.50,1343.30,1197.00,693.00,825.22
5,1,10,1560.49,1534.30,920.27,1680.71,1005.07,634.99,825.13,785.89,373.50,1343.33,1197.00,693.00,825.24
5,1,11,1560.52,1534.32,920.30,1680.75,1005.09,635.00,825.15,785.90,373.50,1343.36,1197.00,693.00,825.26
5,1,12,1560.54,1534.34,920.33,1680.79,1005.11,635.01,825.16,785.91,373.50,1343.39,1197.00,693.00,825.28
5,1,13,1560.57,1534.36,920.35,1680.83,1005.13,635.02,825.18,785.92,373.50,1343.42,1197.00,693.00,825.30
5,1,14,1560.60,1534.38,920.38,1680.87,1005.15,635.03,825.20,785.93,373.50,1343.45,1197.00,693.00,825.32
5,1,15,1560.63,1534.40,920.40,1680.91,1005.17,635.04,825.21,785.94,373.50,1343.48,1197.00,693.00,825.34
5,1,16,1560.66,1534.42,920.43,1680.95,1005.20,635.05,825.23,785.95,373.50,1343.51,1197.00,693.00,825.36
5,1,17,1560.68,1534.44,920.45,1680.99,1005.22,635.06,825.24,785.96,373.50,1343.54,1197.00,693.00,825.38
5,1,18,1560.71,1534.46,920.48,1681.03,1005.24,635.07,825.26,785.97,373.50,1343.57,1197.00,693.00,825.41
5,1,19,1560.74,1534.49,920.50,1681.07,1005.26,635.07,825.27,785.99,373.50,1343.60,1197.00,693.00,825.43
5,1,20,1560.77,1534.51,920.53,1681.11,1005.28,635.08,825.29,786.00,373.50,1343.63,1197.00,693.00,825.45
5,1,21,1560.80,1534.53,920.55,1681.15,1005.30,635.09,825.30,786.01,373.50,1343.66,1197.00,693.00,825.47
5,1,22,1560.82,1534.55,920.58,1681.19,1005.33,635.10,825.32,786.02,373.50,1343.69,1197.00,693.00,825.49
5,1,23,1560.85,1534.57,920.60,1681.23,1005.35,635.11,825.33,786.03,373.50,1343.72,1197.00,693.00,825.51
5,1,24,1560.88,1534.59,920.63,1681.27,1005.37,635.12,825.35,786.04,373.50,1343.75,1197.00,693.00,825.53
5,2,1,1560.91,1534.61,920.66,1681.31,1005.39,635.13,825.37,786.05,373.50,1343.78,1197.00,693.00,825.55
5,2,2,1560.94,1534.63,920.68,1681.35,1005.41,635.14,825.38,786.06,373.50,1343.81,1197.00,693.00,825.57
5,2,3,1560.96,1534.65,920.71,1681.39,1005.43,635.15,825.40,786.07,373.50,1343.84,1197.00,693.00,825.59
5,2,4,1560.99,1534.67,920.73,1681.43,1005.46,635.15,825.41,786.08,373.50,1343.87,1197.00,693.00,825.62
5,2,5,1561.02,1534.69,920.75,1681.47,1005.48,635.16,825.43,786.09,373.50,1343.90,1197.00,693.00,825.64
5,2,6,1561.05,1534.71,920.78,1681.52,1005.50,635.17,825.44,786.10,373.50,1343.93,1197.00,693.00,825.66
5,2,7,1561.07,1534.73,920.80,1681.56,1005.52,635.18,825.46,786.12,373.50,1343.96,1197.00,693.00,825.68
5,2,8,1561.10,1534.75,920.83,1681.60,1005.54,635.19,825.48,786.13,373.50,1343.99,1197.00,693.00,825.70
5,2,9,1561.13,1534.77,920.85,1681.64,1005.57,635.20,825.49,786.14,373.50,1344.02,1197.00,693.00,825.72
5,2,10,1561.16,1534.79,920.88,1681.68,1005.59,635.21,825.51,786.15,373.50,1344.05,1197.00,693.00,825.74
5,2,11,1561.18,1534.81,920.90,1681.72,1005.61,635.22,825.52,786.16,373.50,1344.08,1197.00,693.00,825.76
5,2,12,1561.21,1534.83,920.93,1681.76,1005.63,635.23,825.54,786.17,373.50,1344.10,1197.00,693.00,825.79
5,2,13,1561.24,1534.86,920.95,1681.80,1005.65,635.23,825.56,786.18,373.50,1344.13,1197.00,693.00,825.81
5,2,14,1561.27,1534.88,920.98,1681.84,1005.67,635.24,825.57,786.19,373.50,1344.16,1197.00,693.00,825.83
5,2,15,1561.29,1534.90,921.00,1681.88,1005.70,635.25,825.59,786.20,373.50,1344.19,1197.00,693.00,825.85
5,2,16,1561.32,1534.92,921.03,1681.92,1005.72,635.26,825.60,786.21,373.50,1344.22,1197.00,693.00,825.87
5,2,17,1561.35,1534.94,921.05,1681.96,1005.74,635.27,825.62,786.22,373.50,1344.25,1197.00,693.00,825.89
5,2,18,1561.38,1534.96,921.08,1682.01,1005.76,635.28,825.63,786.23,373.50,1344.28,1197.00,693.00,825.91
5,2,19,1561.40,1534.98,921.10,1682.05,1005.78,635.29,825.65,786.25,373.50,1344.31,1197.00,693.00,825.93
5,2,20,1561.43,1535.00,921.13,1682.09,1005.80,635.30,825.67,786.26,373.50,1344.34,1197.00,693.00,825.95
5,2,21,1561.46,1535.02,921.15,1682.13,1005.83,635.30,825.68,786.27,373.50,1344.37,1197.00,693.00,825.98
5,2,22,1561.49,1535.04,921.18,1682.17,1005.85,635.31,825.70,786.28,373.50,1344.40,1197.00,693.00,826.00
5,2,23,1561.51,1535.06,921.20,1682.21,1005.87,635.32,825.71,786.29,373.50,1344.43,1197.00,693.00,826.02
5,2,24,1561.54,1535.08,921.23,1682.25,1005.89,635.33,825.73,786.30,373.50,1344.46,1197.00,693.00,826.04
5,3,1,1561.57,1535.10,921.25,1682.29,1005.91,635.34,825.75,786.31,373.50,1344.49,1197.00,693.00,826.06
5,3,2,1561.59,1535.12,921.28,1682.34,1005.93,635.35,825.76,786.32,373.50,1344.52,1197.00,693.00,826.08
5,3,3,1561.62,1535.14,921.30,1682.38,1005.95,635.36,825.78,786.33,373.50,1344.55,1197.00,693.00,826.10
5,3,4,1561.65,1535.16,921.33,1682.42,1005.98,635.37,825.79,786.34,373.50,1344.58,1197.00,693.00,826.12
5,3,5,1561.68,1535.18,921.35,1682.46,1006.00,635.37,825.81,786.35,373.50,1344.61,1197.00,693.00,826.14
5,3,6,1561.70,1535.20,921.38,1682.51,1006.02,635.38,825.82,786.36,373.50,1344.64,1197.00,693.00,826.16
5,3,7,1561.73,1535.23,921.40,1682.55,1006.04,635.39,825.84,786.37,373.50,1344.67,1197.00,693.00,826.19
5,3,8,1561.76,1535.25,921.43,1682.59,1006.06,635.40,825.86,786.38,373.50,1344.70,1197.00,693.00,826.21
5,3,9,1561.78,1535.27,921.45,1682.63,1006.08,635.41,825.87,786.39,373.50,1344.73,1197.00,693.00,826.23
5,3,10,1561.81,1535.29,921.48,1682.68,1006.10,635.42,825.89,786.40,373.50,1344.76,1197.00,693.00,826.25
5,3,11,1561.84,1535.31,921.50,1682.72,1006.12,635.43,825.90,786.41,373.50,1344.79,1197.00,693.00,826.27
5,3,12,1561.86,1535.33,921.53,1682.76,1006.15,635.43,825.92,786.42,373.50,1344.82,1197.00,693.00,826.29
5,3,13,1561.89,1535.35,921.56,1682.80,1006.17,635.44,825.94,786.44,373.50,1344.84,1197.00,693.00,826.31
5,3,14,1561.92,1535.37,921.58,1682.85,1006.19,635.45,825.95,786.45,373.50,1344.87,1197.00,693.00,826.33
5,3,15,1561.95,1535.39,921.61,1682.89,1006.21,635.46,825.97,786.46,373.50,1344.90,1197.00,693.00,826.35
5,3,16,1561.97,1535.41,921.63,1682.93,1006.23,635.47,825.98,786.47,373.50,1344.93,1197.00,693.00,826.37
5,3,17,1562.00,1535.43,921.66,1682.97,1006.25,635.48,826.00,786.48,373.50,1344.96,1197.00,693.00,826.39
5,3,18,1562.03,1535.45,921.68,1683.02,1006.27,635.49,826.01,786.49,373.50,1344.99,1197.00,693.00,826.41
5,3,19,1562.05,1535.48,921.71,1683.06,1006.29,635.50,826.03,786.50,373.50,1345.02,1197.00,693.00,826.44
5,3,20,1562.08,1535.50,921.73,1683.10,1006.32,635.50,826.05,786.51,373.50,1345.05,1197.00,693.00,826.46
5,3,21,1562.11,1535.52,921.76,1683.14,1006.34,635.51,826.06,786.52,373.50,1345.08,1197.00,693.00,826.48
5,3,22,1562.14,1535.54,921.78,1683.19,1006.36,635.52,826.08,786.53,373.50,1345.11,1197.00,693.00,826.50
5,3,23,1562.16,1535.56,921.81,1683.23,1006.38,635.53,826.09,786.54,373.50,1345.14,1197.00,693.00,826.52
5,3,24,1562.19,1535.58,921.83,1683.27,1006.40,635.54,826.11,786.55,373.50,1345.17,1197.00,693.00,826.54
5,4,1,1562.22,1535.60,921.86,1683.31,1006.42,635.55,826.13,786.56,373.50,1345.20,1197.00,693.00,826.56
5,4,2,1562.24,1535.62,921.88,1683.35,1006.44,635.56,826.14,786.57,373.50,1345.23,1197.00,693.00,826.58
5,4,3,1562.27,1535.64,921.91,1683.39,1006.46,635.57,826.16,786.58,373.50,1345.26,1197.00,693.00,826.60
5,4,4,1562.30,1535.66,921.93,1683.43,1006.49,635.57,826.17,786.59,373.50,1345.29,1197.00,693.00,826.62
5,4,5,1562.33,1535.68,921.96,1683.47,1006.51,635.58,826.19,786.60,373.50,1345.32,1197.00,693.00,826.64
5,4,6,1562.35,1535.70,921.98,1683.51,1006.53,635.59,826.20,786.61,373.50,1345.35,1197.00,693.00,826.66
5,4,7,1562.38,1535.72,922.01,1683.55,1006.55,635.60,826.22,786.63,373.50,1345.38,1197.00,693.00,826.69
5,4,8,1562.41,1535.74,922.03,1683.59,1006.57,635.61,826.23,786.64,373.50,1345.41,1197.00,693.00,826.71
5,4,9,1562.44,1535.76,922.06,1683.63,1006.59,635.62,826.25,786.65,373.50,1345.44,1197.00,693.00,826.73
5,4,10,1562.46,1535.78,922.08,1683.67,1006.61,635.63,826.26,786.66,373.50,1345.47,1197.00,693.00,826.75
5,4,11,1562.49,1535.80,922.11,1683.71,1006.63,635.64,826.28,786.67,373.50,1345.50,1197.00,693.00,826.77
5,4,12,1562.52,1535.82,922.13,1683.75,1006.65,635.64,826.29,786.68,373.50,1345.53,1197.00,693.00,826.79
5,4,13,1562.55,1535.85,922.16,1683.79,1006.68,635.65,826.31,786.69,373.50,1345.56,1197.00,693.00,826.81
5,4,14,1562.57,1535.87,922.18,1683.83,1006.70,635.66,826.33,786.70,373.50,1345.59,1197.00,693.00,826.83
5,4,15,1562.60,1535.89,922.21,1683.87,1006.72,635.67,826.34,786.71,373.50,1345.62,1197.00,693.00,826.85
5,4,16,1562.63,1535.91,922.23,1683.91,1006.74,635.68,826.36,786.72,373.50,1345.65,1197.00,693.00,826.87
5,4,17,1562.66,1535.93,922.25,1683.95,1006.76,635.69,826.37,786.73,373.50,1345.68,1197.00,693.00,826.89
5,4,18,1562.68,1535.95,922.28,1683.99,1006.78,635.70,826.39,786.74,373.50,1345.71,1197.00,693.00,826.91
5,4,19,1562.71,1535.97,922.30,1684.03,1006.80,635.71,826.40,786.76,373.50,1345.74,1197.00,693.00,826.94
5,4,20,1562.74,1535.99,922.33,1684.07,1006.82,635.71,826.42,786.77,373.50,1345.77,1197.00,693.00,826.96
5,4,21,1562.77,1536.01,922.35,1684.11,1006.85,635.72,826.43,786.78,373.50,1345.80,1197.00,693.00,826.98
5,4,22,1562.79,1536.03,922.38,1684.15,1006.87,635.73,826.45,786.79,373.50,1345.83,1197.00,693.00,827.00
5,4,23,1562.82,1536.05,922.40,1684.19,1006.89,635.74,826.46,786.80,373.50,1345.86,1197.00,693.00,827.02
5,4,24,1562.85,1536.07,922.43,1684.23,1006.91,635.75,826.48,786.81,373.50,1345.89,1197.00,693.00,827.04
5,5,1,1562.88,1536.09,922.45,1684.27,1006.93,635.76,826.50,786.82,373.50,1345.92,1197.00,693.00,827.06
5,5,2,1562.90,1536.11,922.48,1684.31,1006.95,635.77,826.51,786.83,373.50,1345.95,1197.00,693.00,827.08
5,5,3,1562.93,1536.13,922.50,1684.35,1006.97,635.78,826.53,786.84,373.50,1345.98,1197.00,693.00,827.10
5,5,4,1562.96,1536.15,922.53,1684.39,1007.00,635.79,826.54,786.85,373.50,1346.01,1197.00,693.00,827.12
5,5,5,1562.99,1536.17,922.56,1684.43,1007.02,635.79,826.56,786.86,373.50,1346.04,1197.00,693.00,827.14
5,5,6,1563.01,1536.19,922.58,1684.47,1007.04,635.80,826.57,786.87,373.50,1346.07,1197.00,693.00,827.16
5,5,7,1563.04,1536.21,922.61,1684.51,1007.06,635.81,826.59,786.88,373.50,1346.10,1197.00,693.00,827.19
5,5,8,1563.07,1536.23,922.63,1684.55,1007.08,635.82,826.61,786.89,373.50,1346.13,1197.00,693.00,827.21
5,5,9,1563.09,1536.25,922.66,1684.59,1007.10,635.83,826.62,786.90,373.50,1346.16,1197.00,693.00,827.23
5,5,10,1563.12,1536.27,922.68,1684.63,1007.13,635.84,826.64,786.91,373.50,1346.19,1197.00,693.00,827.25
5,5,11,1563.15,1536.29,922.71,1684.67,1007.15,635.85,826.65,786.92,373.50,1346.22,1197.00,693.00,827.27
5,5,12,1563.17,1536.31,922.73,1684.71,1007.17,635.86,826.67,786.93,373.50,1346.24,1197.00,693.00,827.29
5,5,13,1563.20,1536.33,922.76,1684.75,1007.19,635.86,826.69,786.95,373.50,1346.27,1197.00,693.00,827.31
5,5,14,1563.23,1536.35,922.78,1684.79,1007.21,635.87,826.70,786.96,373.50,1346.30,1197.00,693.00,827.33
5,5,15,1563.26,1536.37,922.81,1684.83,1007.23,635.88,826.72,786.97,373.50,1346.33,1197.00,693.00,827.35
5,5,16,1563.28,1536.39,922.83,1684.87,1007.26,635.89,826.73,786.98,373.50,1346.36,1197.00,693.00,827.37
5,5,17,1563.31,1536.41,922.86,1684.91,1007.28,635.90,826.75,786.99,373.50,1346.39,1197.00,693.00,827.39
5,5,18,1563.34,1536.43,922.88,1684.95,1007.30,635.91,826.76,787.00,373.50,1346.42,1197.00,693.00,827.41
5,5,19,1563.36,1536.45,922.91,1684.99,1007.32,635.92,826.78,787.01,373.50,1346.45,1197.00,693.00,827.44
5,5,20,1563.39,1536.47,922.93,1685.03,1007.34,635.93,826.80,787.02,373.50,1346.48,1197.00,693.00,827.46
5,5,21,1563.42,1536.49,922.96,1685.07,1007.36,635.93,826.81,787.03,373.50,1346.51,1197.00,693.00,827.48
5,5,22,1563.45,1536.51,922.98,1685.11,1007.39,635.94,826.83,787.04,373.50,1346.54,1197.00,693.00,827.50
5,5,23,1563.47,1536.53,923.01,1685.15,1007.41,635.95,826.84,787.05,373.50,1346.57,1197.00,693.00,827.52
5,5,24,1563.50,1536.55,923.03,1685.19,1007.43,635.96,826.86,787.06,373.50,1346.60,1197.00,693.00,827.54
5,6,1,1563.50,1536.57,923.06,1685.23,1007.45,635.97,826.87,787.07,373.50,1346.63,1197.00,693.00,827.56
5,6,2,1563.50,1536.59,923.08,1685.27,1007.47,635.98,826.89,787.08,373.50,1346.66,1197.00,693.00,827.58
5,6,3,1563.50,1536.61,923.11,1685.31,1007.49,635.99,826.90,787.09,373.50,1346.68,1197.00,693.00,827.60
5,6,4,1563.50,1536.63,923.13,1685.35,1007.51,635.99,826.92,787.10,373.50,1346.71,1197.00,693.00,827.62
5,6,5,1563.50,1536.65,923.16,1685.39,1007.54,636.00,826.93,787.11,373.50,1346.74,1197.00,693.00,827.64
5,6,6,1563.50,1536.67,923.18,1685.43,1007.56,636.01,826.95,787.12,373.50,1346.77,1197.00,693.00,827.66
5,6,7,1563.50,1536.69,923.21,1685.47,1007.58,636.02,826.96,787.13,373.50,1346.80,1197.00,693.00,827.68
5,6,8,1563.50,1536.71,923.23,1685.51,1007.60,636.03,826.98,787.14,373.50,1346.83,1197.00,693.00,827.70
5,6,9,1563.50,1536.73,923.26,1685.55,1007.62,636.04,826.99,787.15,373.50,1346.85,1197.00,693.00,827.72
5,6,10,1563.50,1536.75,923.28,1685.59,1007.64,636.04,827.01,787.16,373.50,1346.88,1197.00,693.00,827.74
5,6,11,1563.50,1536.77,923.31,1685.63,1007.66,636.05,827.02,787.17,373.50,1346.91,1197.00,693.00,827.76
5,6,12,1563.50,1536.79,923.33,1685.67,1007.68,636.06,827.04,787.18,373.50,1346.94,1197.00,693.00,827.79
5,6,13,1563.50,1536.81,923.36,1685.72,1007.71,636.07,827.05,787.20,373.50,1346.97,1197.00,693.00,827.81
5,6,14,1563.50,1536.83,923.38,1685.76,1007.73,636.08,827.07,787.21,373.50,1347.00,1197.00,693.00,827.83
5,6,15,1563.50,1536.85,923.41,1685.80,1007.75,636.08,827.08,787.22,373.50,1347.03,1197.00,693.00,827.85
5,6,16,1563.50,1536.87,923.43,1685.84,1007.77,636.09,827.10,787.23,373.50,1347.05,1197.00,693.00,827.87
5,6,17,1563.50,1536.89,923.46,1685.88,1007.79,636.10,827.11,787.24,373.50,1347.08,1197.00,693.00,827.89
5,6,18,1563.50,1536.91,923.48,1685.92,1007.81,636.11,827.13,787.25,373.50,1347.11,1197.00,693.00,827.91
5,6,19,1563.50,1536.93,923.51,1685.96,1007.83,636.12,827.14,787.26,373.50,1347.14,1197.00,693.00,827.93
5,6,20,1563.50,1536.95,923.53,1686.00,1007.86,636.13,827.16,787.27,373.50,1347.17,1197.00,693.00,827.95
5,6,21,1563.50,1536.97,923.56,1686.04,1007.88,636.13,827.17,787.28,373.50,1347.20,1197.00,693.00,827.97
5,6,22,1563.50,1536.99,923.58,1686.08,1007.90,636.14,827.19,787.29,373.50,1347.22,1197.00,693.00,827.99
5,6,23,1563.50,1537.01,923.61,1686.12,1007.92,636.15,827.20,787.30,373.50,1347.25,1197.00,693.00,828.01
5,6,24,1563.50,1537.03,923.63,1686.16,1007.94,636.16,827.22,787.31,373.50,1347.28,1197.00,693.00,828.03
5,7,1,1563.50,1537.05,923.66,1686.20,1007.96,636.17,827.23,787.32,373.50,1347.31,1197.00,693.00,828.05
5,7,2,1563.50,1537.07,923.68,1686.24,1007.98,636.18,827.25,787.33,373.50,1347.33,1197.00,693.00,828.07
5,7,3,1563.50,1537.09,923.71,1686.28,1008.01,636.19,827.26,787.34,373.50,1347.36,1197.00,693.00,828.09
5,7,4,1563.50,1537.11,923.73,1686.32,1008.03,636.19,827.28,787.35,373.50,1347.39,1197.00,693.00,828.11
5,7,5,1563.50,1537.13,923.75,1686.36,1008.05,636.20,827.29,787.36,373.50,1347.41,1197.00,693.00,828.13
5,7,6,1563.50,1537.15,923.78,1686.40,1008.07,636.21,827.31,787.37,373.50,1347.44,1197.00,693.00,828.16
5,7,7,1563.50,1537.17,923.80,1686.44,1008.09,636.22,827.32,787.38,373.50,1347.47,1197.00,693.00,828.18
5,7,8,1563.50,1537.19,923.83,1686.48,1008.11,636.23,827.34,787.39,373.50,1347.49,1197.00,693.00,828.20
5,7,9,1563.50,1537.21,923.85,1686.52,1008.14,636.24,827.35,787.40,373.50,1347.52,1197.00,693.00,828.22
5,7,10,1563.50,1537.23,923.88,1686.56,1008.16,636.25,827.37,787.41,373.50,1347.55,1197.00,693.00,828.24
5,7,11,1563.50,1537.25,923.90,1686.60,1008.18,636.26,827.38,787.42,373.50,1347.57,1197.00,693.00,828.26
5,7,12,1563.50,1537.28,923.93,1686.64,1008.20,636.26,827.39,787.43,373.50,1347.60,1197.00,693.00,828.28
5,7,13,1563.50,1537.30,923.95,1686.68,1008.22,636.27,827.41,787.45,373.50,1347.63,1197.00,693.00,828.30
5,7,14,1563.50,1537.32,923.98,1686.72,1008.24,636.28,827.42,787.46,373.50,1347.65,1197.00,693.00,828.32
5,7,15,1563.50,1537.34,924.00,1686.76,1008.27,636.29,827.44,787.47,373.50,1347.68,1197.00,693.00,828.34
5,7,16,1563.50,1537.36,924.03,1686.80,1008.29,636.30,827.45,787.48,373.50,1347.71,1197.00,693.00,828.36
5,7,17,1563.50,1537.38,924.05,1686.84,1008.31,636.31,827.47,787.49,373.50,1347.73,1197.00,693.00,828.38
5,7,18,1563.50,1537.40,924.08,1686.88,1008.33,636.32,827.48,787.50,373.50,1347.76,1197.00,693.00,828.41
5,7,19,1563.50,1537.42,924.10,1686.92,1008.35,636.33,827.50,787.51,373.50,1347.79,1197.00,693.00,828.43
5,7,20,1563.50,1537.44,924.13,1686.96,1008.37,636.33,827.51,787.52,373.50,1347.81,1197.00,693.00,828.45
5,7,21,1563.50,1537.46,924.15,1687.00,1008.40,636.34,827.53,787.53,373.50,1347.84,1197.00,693.00,828.47
5,7,22,1563.50,1537.48,924.18,1687.04,1008.42,636.35,827.54,787.54,373.50,1347.87,1197.00,693.00,828.49
5,7,23,1563.50,1537.50,924.20,1687.08,1008.44,636.36,827.56,787.55,373.50,1347.89,1197.00,693.00,828.51
5,7,24,1563.50,1537.52,924.23,1687.12,1008.46,636.37,827.57,787.56,373.50,1347.92,1197.00,693.00,828.53
5,8,1,1563.50,1537.54,924.25,1687.16,1008.48,636.38,827.59,787.57,373.50,1347.95,1197.00,693.00,828.55
5,8,2,1563.50,1537.56,924.28,1687.20,1008.50,636.39,827.60,787.58,373.50,1347.98,1197.00,693.00,828.57
5,8,3,1563.50,1537.58,924.30,1687.24,1008.52,636.40,827.62,787.59,373.50,1348.01,1197.00,693.00,828.59
5,8,4,1563.50,1537.60,924.33,1687.28,1008.55,636.40,827.63,787.60,373.50,1348.04,1197.00,693.00,828.61
5,8,5,1563.50,1537.62,924.35,1687.32,1008.57,636.41,827.65,787.61,373.50,1348.07,1197.00,693.00,828.63
5,8,6,1563.50,1537.65,924.38,1687.36,1008.59,636.42,827.66,787.62,373.50,1348.10,1197.00,693.00,828.65
5,8,7,1563.50,1537.67,924.40,1687.40,1008.61,636.43,827.68,787.63,373.50,1348.13,1197.00,693.00,828.67
5,8,8,1563.50,1537.69,924.43,1687.44,1008.63,636.44,827.69,787.64,373.50,1348.16,1197.00,693.00,828.69
5,8,9,1563.50,1537.71,924.45,1687.48,1008.65,636.45,827.71,787.65,373.50,1348.19,1197.00,693.00,828.71
5,8,10,1563.50,1537.73,924.48,1687.52,1008.67,636.46,827.72,787.66,373.50,1348.22,1197.00,693.00,828.73
5,8,11,1563.50,1537.75,924.50,1687.56,1008.69,636.47,827.74,787.67,373.50,1348.25,1197.00,693.00,828.75
5,8,12,1563.50,1537.77,924.52,1687.60,1008.71,636.48,827.75,787.68,373.50,1348.28,1197.00,693.00,828.78
5,8,13,1563.50,1537.79,924.55,1687.64,1008.74,636.48,827.76,787.70,373.50,1348.30,1197.00,693.00,828.80
5,8,14,1563.50,1537.81,924.57,1687.68,1008.76,636.49,827.78,787.71,373.50,1348.33,1197.00,693.00,828.82
5,8,15,1563.50,1537.83,924.60,1687.72,1008.78,636.50,827.79,787.72,373.50,1348.36,1197.00,693.00,828.84
5,8,16,1563.50,1537.85,924.62,1687.76,1008.80,636.51,827.81,787.73,373.50,1348.39,1197.00,693.00,828.86
5,8,17,1563.50,1537.87,924.65,1687.80,1008.82,636.52,827.82,787.74,373.50,1348.42,1197.00,693.00,828.88
5,8,18,1563.50,1537.90,924.67,1687.84,1008.84,636.53,827.84,787.75,373.50,1348.45,1197.00,693.00,828.90
5,8,19,1563.50,1537.92,924.70,1687.88,1008.86,636.54,827.85,787.76,373.50,1348.48,1197.00,693.00,828.92
5,8,20,1563.50,1537.94,924.72,1687.92,1008.88,636.55,827.87,787.77,373.50,1348.51,1197.00,693.00,828.94
5,8,21,1563.50,1537.96,924.75,1687.96,1008.91,636.55,827.88,787.78,373.50,1348.54,1197.00,693.00,828.96
5,8,22,1563.50,1537.98,924.77,1688.00,1008.93,636.56,827.90,787.79,373.50,1348.57,1197.00,693.00,828.98
5,8,23,1563.50,1538.00,924.80,1688.04,1008.95,636.57,827.91,787.80,373.50,1348.60,1197.00,693.00,829.00
5,8,24,1563.50,1538.02,924.82,1688.08,1008.97,636.58,827.93,787.81,373.50,1348.63,1197.00,693.00,829.02
5,9,1,1563.50,1538.04,924.84,1688.12,1008.99,636.59,827.94,787.82,373.50,1348.66,1197.00,693.00,829.04
5,9,2,1563.50,1538.06,924.87,1688.16,1009.01,636.60,827.96,787.83,373.50,1348.69,1197.00,693.00,829.06
5,9,3,1563.50,1538.08,924.89,1688.20,1009.03,636.61,827.97,787.84,373.50,1348.72,1197.00,693.00,829.08
5,9,4,1563.50,1538.10,924.92,1688.24,1009.06,636.62,827.99,787.85,373.50,1348.75,1197.00,693.00,829.10
5,9,5,1563.50,1538.12,924.94,1688.28,1009.08,636.62,828.00,787.86,373.50,1348.78,1197.00,693.00,829.12
5,9,6,1563.50,1538.15,924.97,1688.32,1009.10,636.63,828.02,787.87,373.50,1348.81,1197.00,693.00,829.14
5,9,7,1563.50,1538.17,924.99,1688.36,1009.12,636.64,828.03,787.88,373.50,1348.84,1197.00,693.00,829.16
5,9,8,1563.50,1538.19,925.02,1688.40,1009.14,636.65,828.05,787.89,373.50,1348.87,1197.00,693.00,829.18
5,9,9,1563.50,1538.21,925.04,1688.44,1009.16,636.66,828.06,787.90,373.50,1348.90,1197.00,693.00,829.20
5,9,10,1563.50,1538.23,925.07,1688.48,1009.19,636.67,828.08,787.91,373.50,1348.93,1197.00,693.00,829.22
5,9,11,1563.50,1538.25,925.09,1688.52,1009.21,636.68,828.09,787.92,373.50,1348.96,1197.00,693.00,829.24
5,9,12,1563.50,1538.27,925.11,1688.56,1009.23,636.68,828.11,787.93,373.50,1348.98,1197.00,693.00,829.27
5,9,13,1563.50,1538.29,925.14,1688.60,1009.25,636.69,828.12,787.95,373.50,1349.01,1197.00,693.00,829.29
5,9,14,1563.50,1538.31,925.16,1688.64,1009.27,636.70,828.13,787.96,373.50,1349.04,1197.00,693.00,829.31
5,9,15,1563.50,1538.33,925.19,1688.68,1009.29,636.71,828.15,787.97,373.50,1349.07,1197.00,693.00,829.33
5,9,16,1563.50,1538.35,925.21,1688.72,1009.32,636.72,828.16,787.98,373.50,1349.10,1197.00,693.00,829.35
5,9,17,1563.50,1538.37,925.24,1688.76,1009.34,636.73,828.18,787.99,373.50,1349.13,1197.00,693.00,829.37
5,9,18,1563.50,1538.40,925.26,1688.80,1009.36,636.74,828.19,788.00,373.50,1349.16,1197.00,693.00,829.39
5,9,19,1563.50,1538.42,925.29,1688.84,1009.38,636.75,828.21,788.01,373.50,1349.19,1197.00,693.00,829.41
5,9,20,1563.50,1538.44,925.31,1688.88,1009.40,636.75,828.22,788.02,373.50,1349.22,1197.00,693.00,829.43
5,9,21,1563.50,1538.46,925.34,1688.92,1009.42,636.76,828.24,788.03,373.50,1349.25,1197.00,693.00,829.45
5,9,22,1563.50,1538.48,925.36,1688.96,1009.45,636.77,828.25,788.04,373.50,1349.28,1197.00,693.00,829.47
5,9,23,1563.50,1538.50,925.39,1689.00,1009.47,636.78,828.27,788.05,373.50,1349.31,1197.00,693.00,829.49
5,9,24,1563.50,1538.52,925.41,1689.04,1009.49,636.79,828.28,788.06,373.50,1349.34,1197.00,693.00,829.51
5,10,1,1563.50,1538.54,925.43,1689.08,1009.51,636.80,828.30,788.07,373.50,1349.37,1197.00,693.00,829.53
5,10,2,1563.50,1538.56,925.46,1689.12,1009.53,636.81,828.31,788.08,373.50,1349.40,1197.00,693.00,829.55
5,10,3,1563.50,1538.58,925.48,1689.16,1009.55,636.82,828.33,788.09,373.50,1349.43,1197.00,693.00,829.57
5,10,4,1563.50,1538.60,925.51,1689.20,1009.57,636.82,828.34,788.10,373.50,1349.46,1197.00,693.00,829.59
5,10,5,1563.50,1538.62,925.53,1689.24,1009.60,636.83,828.36,788.11,373.50,1349.49,1197.00,693.00,829.61
5,10,6,1563.50,1538.64,925.56,1689.28,1009.62,636.84,828.37,788.12,373.50,1349.52,1197.00,693.00,829.63
5,10,7,1563.50,1538.66,925.58,1689.32,1009.64,636.85,828.39,788.13,373.50,1349.55,1197.00,693.00,829.65
5,10,8,1563.50,1538.68,925.61,1689.36,1009.66,636.86,828.40,788.14,373.50,1349.58,1197.00,693.00,829.67
5,10,9,1563.50,1538.70,925.63,1689.40,1009.68,636.87,828.42,788.15,373.50,1349.61,1197.00,693.00,829.69
5,10,10,1563.50,1538.72,925.66,1689.44,1009.70,636.88,828.43,788.16,373.50,1349.64,1197.00,693.00,829.71
5,10,11,1563.50,1538.74,925.68,1689.48,1009.72,636.89,828.45,788.17,373.50,1349.67,1197.00,693.00,829.73
5,10,12,1563.50,1538.77,925.70,1689.52,1009.74,636.89,828.46,788.18,373.50,1349.70,1197.00,693.00,829.76
5,10,13,1563.50,1538.79,925.73,1689.56,1009.77,636.90,828.48,788.19,373.50,1349.72,1197.00,693.00,829.78
5,10,14,1563.50,1538.81,925.75,1689.60,1009.79,636.91,828.49,788.20,373.50,1349.75,1197.00,693.00,829.80
5,10,15,1563.50,1538.83,925.78,1689.64,1009.81,636.92,828.51,788.21,373.50,1349.78,1197.00,693.00,829.82
5,10,16,1563.50,1538.85,925.80,1689.68,1009.83,636.93,828.52,788.22,373.50,1349.81,1197.00,693.00,829.84
5,10,17,1563.50,1538.87,925.83,1689.72,1009.85,636.94,828.54,788.23,373.50,1349.84,1197.00,693.00,829.86
5,10,18,1563.50,1538.89,925.85,1689.76,1009.87,636.95,828.55,788.24,373.50,1349.87,1197.00,693.00,829.88
5,10,19,1563.50,1538.91,925.88,1689.80,1009.89,636.96,828.57,788.25,373.50,1349.90,1197.00,693.00,829.90
5,10,20,1563.50,1538.93,925.90,1689.84,1009.91,636.96,828.58,788.26,373.50,1349.93,1197.00,693.00,829.92
5,10,21,1563.50,1538.95,925.93,1689.88,1009.94,636.97,828.60,788.27,373.50,1349.96,1197.00,693.00,829.94
5,10,22,1563.50,1538.97,925.95,1689.92,1009.96,636.98,828.61,788.28,373.50,1349.99,1197.00,693.00,829.96
5,10,23,1563.50,1538.99,925.98,1689.96,1009.98,636.99,828.63,788.29,373.50,1350.02,1197.00,693.00,829.98
5,10,24,1563.50,1539.01,926.00,1690.00,1010.00,637.00,828.64,788.30,373.50,1350.05,1197.00,693.00,830.00
5,11,1,1563.50,1539.03,926.00,1690.00,1010.00,637.00,828.65,788.31,373.50,1350.05,1197.00,693.00,830.00
5,11,2,1563.50,1539.05,926.00,1690.00,1010.00,637.00,828.67,788.32,373.50,1350.05,1197.00,693.00,830.00
5,11,3,1563.50,1539.07,926.00,1690.00,1010.00,637.00,828.68,788.33,373.50,1350.05,1197.00,693.00,830.00
5,11,4,1563.50,1539.09,926.00,1690.00,1010.00,637.00,828.70,788.34,373.50,1350.05,1197.00,693.00,830.00
5,11,5,1563.50,1539.11,926.00,1690.00,1010.00,637.00,828.71,788.35,373.50,1350.05,1197.00,693.00,830.00
5,11,6,1563.50,1539.14,926.00,1690.00,1010.00,637.00,828.73,788.36,373.50,1350.05,1197.00,693.00,830.00
5,11,7,1563.50,1539.16,926.00,1690.00,1010.00,637.00,828.74,788.37,373.50,1350.05,1197.00,693.00,830.00
5,11,8,1563.50,1539.18,926.00,1690.00,1010.00,637.00,828.76,788.38,373.50,1350.05,1197.00,693.00,830.00
5,11,9,1563.50,1539.20,926.00,1690.00,1010.00,637.00,828.77,788.39,373.50,1350.05,1197.00,693.00,830.00
5,11,10,1563.50,1539.22,926.00,1690.00,1010.00,637.00,828.79,788.40,373.50,1350.05,1197.00,693.00,830.00
5,11,11,1563.50,1539.24,926.00,1690.00,1010.00,637.00,828.80,788.41,373.50,1350.05,1197.00,693.00,830.00
5,11,12,1563.50,1539.26,926.00,1690.00,1010.00,637.00,828.82,788.42,373.50,1350.05,1197.00,693.00,830.00
5,11,13,1563.50,1539.28,926.00,1690.00,1010.00,637.00,828.83,788.44,373.50,1350.05,1197.00,693.00,830.00
5,11,14,1563.50,1539.30,926.00,1690.00,1010.00,637.00,828.84,788.45,373.50,1350.05,1197.00,693.00,830.00
5,11,15,1563.50,1539.32,926.00,1690.00,1010.00,637.00,828.86,788.46,373.50,1350.05,1197.00,693.00,830.00
5,11,16,1563.50,1539.34,926.00,1690.00,1010.00,637.00,828.87,788.47,373.50,1350.05,1197.00,693.00,830.00
5,11,17,1563.50,1539.36,926.00,1690.00,1010.00,637.00,828.89,788.48,373.50,1350.05,1197.00,693.00,830.00
5,11,18,1563.50,1539.39,926.00,1690.00,1010.00,637.00,828.90,788.49,373.50,1350.05,1197.00,693.00,830.00
5,11,19,1563.50,1539.41,926.00,1690.00,1010.00,637.00,828.92,788.50,373.50,1350.05,1197.00,693.00,830.00
5,11,20,1563.50,1539.43,926.00,1690.00,1010.00,637.00,828.93,788.51,373.50,1350.05,1197.00,693.00,830.00
5,11,21,1563.50,1539.45,926.00,1690.00,1010.00,637.00,828.95,788.52,373.50,1350.05,1197.00,693.00,830.00
5,11,22,1563.50,1539.47,926.00,1690.00,1010.00,637.00,828.96,788.53,373.50,1350.05,1197.00,693.00,830.00
5,11,23,1563.50,1539.49,926.00,1690.00,1010.00,637.00,828.98,788.54,373.50,1350.05,1197.00,693.00,830.00
5,11,24,1563.50,1539.51,926.00,1690.00,1010.00,637.00,828.99,788.55,373.50,1350.05,1197.00,693.00,830.00
5,12,1,1563.50,1539.53,926.00,1690.00,1010.00,637.00,829.00,788.56,373.50,1350.05,1197.00,693.00,830.00
5,12,2,1563.50,1539.55,926.00,1690.00,1010.00,637.00,829.02,788.57,373.50,1350.05,1197.00,693.00,830.00
5,12,3,1563.50,1539.57,926.00,1690.00,1010.00,637.00,829.03,788.58,373.50,1350.05,1197.00,693.00,830.00
5,12,4,1563.50,1539.59,926.00,1690.00,1010.00,637.00,829.05,788.59,373.50,1350.05,1197.00,693.00,830.00
5,12,5,1563.50,1539.61,926.00,1690.00,1010.00,637.00,829.06,788.60,373.50,1350.05,1197.00,693.00,830.00
5,12,6,1563.50,1539.64,926.00,1690.00,1010.00,637.00,829.07,788.61,373.50,1350.05,1197.00,693.00,830.00
5,12,7,1563.50,1539.66,926.00,1690.00,1010.00,637.00,829.09,788.62,373.50,1350.05,1197.00,693.00,830.00
5,12,8,1563.50,1539.68,926.00,1690.00,1010.00,637.00,829.10,788.63,373.50,1350.05,1197.00,693.00,830.00
5,12,9,1563.50,1539.70,926.00,1690.00,1010.00,637.00,829.12,788.64,373.50,1350.05,1197.00,693.00,830.00
5,12,10,1563.50,1539.72,926.00,1690.00,1010.00,637.00,829.13,788.65,373.50,1350.05,1197.00,693.00,830.00
5,12,11,1563.50,1539.74,926.00,1690.00,1010.00,637.00,829.15,788.66,373.50,1350.05,1197.00,693.00,830.00
5,12,12,1563.50,1539.76,926.00,1690.00,1010.00,637.00,829.16,788.67,373.50,1350.05,1197.00,693.00,830.00
5,12,13,1563.50,1539.78,926.00,1690.00,1010.00,637.00,829.17,788.68,373.50,1350.05,1197.00,693.00,830.00
5,12,14,1563.50,1539.80,926.00,1690.00,1010.00,637.00,829.19,788.69,373.50,1350.05,1197.00,693.00,830.00
5,12,15,1563.50,1539.82,926.00,1690.00,1010.00,637.00,829.20,788.70,373.50,1350.05,1197.00,693.00,830.00
5,12,16,1563.50,1539.84,926.00,1690.00,1010.00,637.00,829.22,788.71,373.50,1350.05,1197.00,693.00,830.00
5,12,17,1563.50,1539.86,926.00,1690.00,1010.00,637.00,829.23,788.72,373.50,1350.05,1197.00,693.00,830.00
5,12,18,1563.50,1539.89,926.00,1690.00,1010.00,637.00,829.25,788.73,373.50,1350.05,1197.00,693.00,830.00
5,12,19,1563.50,1539.91,926.00,1690.00,1010.00,637.00,829.26,788.74,373.50,1350.05,1197.00,693.00,830.00
5,12,20,1563.50,1539.93,926.00,1690.00,1010.00,637.00,829.27,788.75,373.50,1350.05,1197.00,693.00,830.00
5,12,21,1563.50,1539.95,926.00,1690.00,1010.00,637.00,829.29,788.76,373.50,1350.05,1197.00,693.00,830.00
5,12,22,1563.50,1539.97,926.00,1690.00,1010.00,637.00,829.30,788.77,373.50,1350.05,1197.00,693.00,830.00
5,12,23,1563.50,1539.99,926.00,1690.00,1010.00,637.00,829.32,788.78,373.50,1350.05,1197.00,693.00,830.00
5,12,24,1563.50,1540.01,926.00,1690.00,1010.00,637.00,829.33,788.79,373.50,1350.05,1197.00,693.00,830.00
5,13,1,1563.50,1540.03,926.00,1690.00,1010.00,637.00,829.34,788.80,373.50,1350.05,1197.00,693.00,830.00
5,13,2,1563.50,1540.05,926.00,1690.00,1010.00,637.00,829.36,788.81,373.50,1350.05,1197.00,693.00,830.00
5,13,3,1563.50,1540.07,926.00,1690.00,1010.00,637.00,829.37,788.82,373.50,1350.05,1197.00,693.00,830.00
5,13,4,1563.50,1540.09,926.00,1690.00,1010.00,637.00,829.39,788.83,373.50,1350.05,1197.00,693.00,830.00
5,13,5,1563.50,1540.11,926.00,1690.00,1010.00,637.00,829.40,788.84,373.50,1350.05,1197.00,693.00,830.00
5,13,6,1563.50,1540.13,926.00,1690.00,1010.00,637.00,829.41,788.85,373.50,1350.05,1197.00,693.00,830.00
5,13,7,1563.50,1540.15,926.00,1690.00,1010.00,637.00,829.43,788.86,373.50,1350.05,1197.00,693.00,830.00
5,13,8,1563.50,1540.17,926.00,1690.00,1010.00,637.00,829.44,788.87,373.50,1350.05,1197.00,693.00,830.00
5,13,9,1563.50,1540.19,926.00,1690.00,1010.00,637.00,829.45,788.88,373.50,1350.05,1197.00,693.00,830.00
5,13,10,1563.50,1540.21,926.00,1690.00,1010.00,637.00,829.47,788.89,373.50,1350.05,1197.00,693.00,830.00
5,13,11,1563.50,1540.23,926.00,1690.00,1010.00,637.00,829.48,788.90,373.50,1350.05,1197.00,693.00,830.00
5,13,12,1563.50,1540.26,926.00,1690.00,1010.00,637.00,829.49,788.91,373.50,1350.05,1197.00,693.00,830.00
5,13,13,1563.50,1540.28,926.00,1690.00,1010.00,637.00,829.51,788.93,373.50,1350.05,1197.00,693.00,830.00
5,13,14,1563.50,1540.30,926.00,1690.00,1010.00,637.00,829.52,788.94,373.50,1350.05,1197.00,693.00,830.00
5,13,15,1563.50,1540.32,926.00,1690.00,1010.00,637.00,829.54,788.95,373.50,1350.05,1197.00,693.00,830.00
5,13,16,1563.50,1540.34,926.00,1690.00,1010.00,637.00,829.55,788.96,373.50,1350.05,1197.00,693.00,830.00
5,13,17,1563.50,1540.36,926.00,1690.00,1010.00,637.00,829.56,788.97,373.50,1350.05,1197.00,693.00,830.00
5,13,18,1563.50,1540.38,926.00,1690.00,1010.00,637.00,829.58,788.98,373.50,1350.05,1197.00,693.00,830.00
5,13,19,1563.50,1540.40,926.00,1690.00,1010.00,637.00,829.59,788.99,373.50,1350.05,1197.00,693.00,830.00
5,13,20,1563.50,1540.42,926.00,1690.00,1010.00,637.00,829.60,789.00,373.50,1350.05,1197.00,693.00,830.00
5,13,21,1563.50,1540.44,926.00,1690.00,1010.00,637.00,829.62,789.01,373.50,1350.05,1197.00,693.00,830.00
5,13,22,1563.50,1540.46,926.00,1690.00,1010.00,637.00,829.63,789.02,373.50,1350.05,1197.00,693.00,830.00
5,13,23,1563.50,1540.48,926.00,1690.00,1010.00,637.00,829.65,789.03,373.50,1350.05,1197.00,693.00,830.00
5,13,24,1563.50,1540.50,926.00,1690.00,1010.00,637.00,829.66,789.04,373.50,1350.05,1197.00,693.00,830.00
5,14,1,1563.50,1540.52,926.00,1690.00,1010.00,637.00,829.67,789.05,373.50,1350.05,1197.00,693.00,830.00
5,14,2,1563.50,1540.54,926.00,1690.00,1010.00,637.00,829.69,789.06,373.50,1350.05,1197.00,693.00,830.00
5,14,3,1563.50,1540.56,926.00,1690.00,1010.00,637.00,829.70,789.07,373.50,1350.05,1197.00,693.00,830.00
5,14,4,1563.50,1540.58,926.00,1690.00,1010.00,637.00,829.71,789.08,373.50,1350.05,1197.00,693.00,830.00
5,14,5,1563.50,1540.60,926.00,1690.00,1010.00,637.00,829.73,789.09,373.50,1350.05,1197.00,693.00,830.00
5,14,6,1563.50,1540.62,926.00,1690.00,1010.00,637.00,829.74,789.10,373.50,1350.05,1197.00,693.00,830.00
5,14,7,1563.50,1540.65,926.00,1690.00,1010.00,637.00,829.76,789.11,373.50,1350.05,1197.00,693.00,830.00
5,14,8,1563.50,1540.67,926.00,1690.00,1010.00,637.00,829.77,789.12,373.50,1350.05,1197.00,693.00,830.00
5,14,9,1563.50,1540.69,926.00,1690.00,1010.00,637.00,829.78,789.13,373.50,1350.05,1197.00,693.00,830.00
5,14,10,1563.50,1540.71,926.00,1690.00,1010.00,637.00,829.80,789.14,373.50,1350.05,1197.00,693.00,830.00
5,14,11,1563.50,1540.73,926.00,1690.00,1010.00,637.00,829.81,789.15,373.50,1350.05,1197.00,693.00,830.00
5,14,12,1563.50,1540.75,926.00,1690.00,1010.00,637.00,829.82,789.16,373.50,1350.05,1197.00,693.00,830.00
5,14,13,1563.50,1540.77,926.00,1690.00,1010.00,637.00,829.84,789.17,373.50,1350.05,1197.00,693.00,830.00
5,14,14,1563.50,1540.79,926.00,1690.00,1010.00,637.00,829.85,789.18,373.50,1350.05,1197.00,693.00,830.00
5,14,15,1563.50,1540.81,926.00,1690.00,1010.00,637.00,829.87,789.19,373.50,1350.05,1197.00,693.00,830.00
5,14,16,1563.50,1540.83,926.00,1690.00,1010.00,637.00,829.88,789.20,373.50,1350.05,1197.00,693.00,830.00
5,14,17,1563.50,1540.85,926.00,1690.00,1010.00,637.00,829.89,789.21,373.50,1350.05,1197.00,693.00,830.00
5,14,18,1563.50,1540.88,926.00,1690.00,1010.00,637.00,829.91,789.22,373.50,1350.05,1197.00,693.00,830.00
5,14,19,1563.50,1540.90,926.00,1690.00,1010.00,637.00,829.92,789.23,373.50,1350.05,1197.00,693.00,830.00
5,14,20,1563.50,1540.92,926.00,1690.00,1010.00,637.00,829.93,789.24,373.50,1350.05,1197.00,693.00,830.00
5,14,21,1563.50,1540.94,926.00,1690.00,1010.00,637.00,829.95,789.25,373.50,1350.05,1197.00,693.00,830.00
5,14,22,1563.50,1540.96,926.00,1690.00,1010.00,637.00,829.96,789.26,373.50,1350.05,1197.00,693.00,830.00
5,14,23,1563.50,1540.98,926.00,1690.00,1010.00,637.00,829.98,789.27,373.50,1350.05,1197.00,693.00,830.00
5,14,24,1563.50,1541.00,926.00,1690.00,1010.00,637.00,829.99,789.28,373.50,1350.05,1197.00,693.00,830.00
5,15,1,1563.50,1541.00,926.00,1690.00,1010.00,637.00,830.00,789.29,373.50,1350.05,1197.00,693.00,830.00
5,15,2,1563.50,1541.00,926.00,1690.00,1010.00,637.00,830.02,789.30,373.50,1350.05,1197.00,693.00,830.00
5,15,3,1563.50,1541.00,926.00,1690.00,1010.00,637.00,830.03,789.31,373.50,1350.05,1197.00,693.00,830.00
5,15,4,1563.50,1541.00,926.00,1690.00,1010.00,637.00,830.05,789.32,373.50,1350.05,1197.00,693.00,830.00
5,15,5,1563.50,1541.00,926.00,1690.00,1010.00,637.00,830.06,789.33,373.50,1350.05,1197.00,693.00,830.00
5,15,6,1563.50,1541.00,926.00,1690.00,1010.00,637.00,830.07,789.34,373.50,1350.05,1197.00,693.00,830.00
5,15,7,1563.50,1541.00,926.00,1690.00,1010.00,637.00,830.09,789.35,373.50,1350.05,1197.00,693.00,830.00
5,15,8,1563.50,1541.00,926.00,1690.00,1010.00,637.00,830.10,789.36,373.50,1350.05,1197.00,693.00,830.00
5,15,9,1563.50,1541.00,926.00,1690.00,1010.00,637.00,830.12,789.37,373.50,1350.05,1197.00,693.00,830.00
5,15,10,1563.50,1541.00,926.00,1690.00,1010.00,637.00,830.13,789.38,373.50,1350.05,1197.00,693.00,830.00
5,15,11,1563.50,1541.00,926.00,1690.00,1010.00,637.00,830.15,789.39,373.50,1350.05,1197.00,693.00,830.00
5,15,12,1563.50,1541.00,926.00,1690.00,1010.00,637.00,830.16,789.40,373.50,1350.05,1197.00,693.00,830.00
5,15,13,1563.50,1541.00,926.00,1690.00,1010.00,637.00,830.17,789.41,373.50,1350.05,1197.00,693.00,830.00
5,15,14,1563.50,1541.00,926.00,1690.00,1010.00,637.00,830.19,789.42,373.50,1350.05,1197.00,693.00,830.00
5,15,15,1563.50,1541.00,926.00,1690.00,1010.00,637.00,830.20,789.43,373.50,1350.05,1197.00,693.00,830.00
5,15,16,1563.50,1541.00,926.00,1690.00,1010.00,637.00,830.22,789.44,373.50,1350.05,1197.00,693.00,830.00
5,15,17,1563.50,1541.00,926.00,1690.00,1010.00,637.00,830.23,789.45,373.50,1350.05,1197.00,693.00,830.00
5,15,18,1563.50,1541.00,926.00,1690.00,1010.00,637.00,830.25,789.46,373.50,1350.05,1197.00,693.00,830.00
5,15,19,1563.50,1541.00,926.00,1690.00,1010.00,637.00,830.26,789.47,373.50,1350.05,1197.00,693.00,830.00
5,15,20,1563.50,1541.00,926.00,1690.00,1010.00,637.00,830.27,789.48,373.50,1350.05,1197.00,693.00,830.00
5,15,21,1563.50,1541.00,926.00,1690.00,1010.00,637.00,830.29,789.49,373.50,1350.05,1197.00,693.00,830.00
5,15,22,1563.50,1541.00,926.00,1690.00,1010.00,637.00,830.30,789.50,373.50,1350.05,1197.00,693.00,830.00
5,15,23,1563.50,1541.00,926.00,1690.00,1010.00,637.00,830.32,789.51,373.50,1350.05,1197.00,693.00,830.00
5,15,24,1563.50,1541.00,926.00,1690.00,1010.00,637.00,830.33,789.52,373.50,1350.05,1197.00,693.00,830.00
5,16,1,1563.50,1541.00,926.00,1690.00,1010.00,637.00,830.34,789.53,373.50,1350.05,1197.00,693.00,830.00
5,16,2,1563.50,1541.00,926.00,1690.00,1010.00,637.00,830.36,789.54,373.50,1350.05,1197.00,693.00,830.00
5,16,3,1563.50,1541.00,926.00,1690.00,1010.00,637.00,830.37,789.55,373.50,1350.05,1197.00,693.00,830.00
5,16,4,1563.50,1541.00,926.00,1690.00,1010.00,637.00,830.39,789.56,373.50,1350.05,1197.00,693.00,830.00
5,16,5,1563.50,1541.00,926.00,1690.00,1010.00,637.00,830.40,789.57,373.50,1350.05,1197.00,693.00,830.00
5,16,6,1563.50,1541.00,926.00,1690.00,1010.00,637.00,830.41,789.58,373.50,1350.05,1197.00,693.00,830.00
5,16,7,1563.50,1541.00,926.00,1690.00,1010.00,637.00,830.43,789.59,373.50,1350.05,1197.00,693.00,830.00
5,16,8,1563.50,1541.00,926.00,1690.00,1010.00,637.00,830.44,789.60,373.50,1350.05,1197.00,693.00,830.00
5,16,9,1563.50,1541.00,926.00,1690.00,1010.00,637.00,830.45,789.61,373.50,1350.05,1197.00,693.00,830.00
5,16,10,1563.50,1541.00,926.00,1690.00,1010.00,637.00,830.47,789.62,373.50,1350.05,1197.00,693.00,830.00
5,16,11,1563.50,1541.00,926.00,1690.00,1010.00,637.00,830.48,789.63,373.50,1350.05,1197.00,693.00,830.00
5,16,12,1563.50,1541.00,926.00,1690.00,1010.00,637.00,830.49,789.64,373.50,1350.05,1197.00,693.00,830.00
5,16,13,1563.50,1541.00,926.00,1690.00,1010.00,637.00,830.51,789.65,373.50,1350.05,1197.00,693.00,830.00
5,16,14,1563.50,1541.00,926.00,1690.00,1010.00,637.00,830.52,789.66,373.50,1350.05,1197.00,693.00,830.00
5,16,15,1563.50,1541.00,926.00,1690.00,1010.00,637.00,830.54,789.67,373.50,1350.05,1197.00,693.00,830.00
5,16,16,1563.50,1541.00,926.00,1690.00,1010.00,637.00,830.55,789.68,373.50,1350.05,1197.00,693.00,830.00
5,16,17,1563.50,1541.00,926.00,1690.00,1010.00,637.00,830.56,789.69,373.50,1350.05,1197.00,693.00,830.00
5,16,18,1563.50,1541.00,926.00,1690.00,1010.00,637.00,830.58,789.70,373.50,1350.05,1197.00,693.00,830.00
5,16,19,1563.50,1541.00,926.00,1690.00,1010.00,637.00,830.59,789.71,373.50,1350.05,1197.00,693.00,830.00
5,16,20,1563.50,1541.00,926.00,1690.00,1010.00,637.00,830.60,789.72,373.50,1350.05,1197.00,693.00,830.00
5,16,21,1563.50,1541.00,926.00,1690.00,1010.00,637.00,830.62,789.73,373.50,1350.05,1197.00,693.00,830.00
5,16,22,1563.50,1541.00,926.00,1690.00,1010.00,637.00,830.63,789.74,373.50,1350.05,1197.00,693.00,830.00
5,16,23,1563.50,1541.00,926.00,1690.00,1010.00,637.00,830.65,789.75,373.50,1350.05,1197.00,693.00,830.00
5,16,24,1563.50,1541.00,926.00,1690.00,1010.00,637.00,830.66,789.76,373.50,1350.05,1197.00,693.00,830.00
5,17,1,1563.50,1541.00,926.00,1690.00,1010.00,637.00,830.67,789.77,373.50,1350.05,1197.00,693.00,830.00
5,17,2,1563.50,1541.00,926.00,1690.00,1010.00,637.00,830.69,789.78,373.50,1350.05,1197.00,693.00,830.00
5,17,3,1563.50,1541.00,926.00,1690.00,1010.00,637.00,830.70,789.79,373.50,1350.05,1197.00,693.00,830.00
5,17,4,1563.50,1541.00,926.00,1690.00,1010.00,637.00,830.72,789.80,373.50,1350.05,1197.00,693.00,830.00
5,17,5,1563.50,1541.00,926.00,1690.00,1010.00,637.00,830.73,789.81,373.50,1350.05,1197.00,693.00,830.00
5,17,6,1563.50,1541.00,926.00,1690.00,1010.00,637.00,830.74,789.82,373.50,1350.05,1197.00,693.00,830.00
5,17,7,1563.50,1541.00,926.00,1690.00,1010.00,637.00,830.76,789.83,373.50,1350.05,1197.00,693.00,830.00
5,17,8,1563.50,1541.00,926.00,1690.00,1010.00,637.00,830.77,789.84,373.50,1350.05,1197.00,693.00,830.00
5,17,9,1563.50,1541.00,926.00,1690.00,1010.00,637.00,830.79,789.85,373.50,1350.05,1197.00,693.00,830.00
5,17,10,1563.50,1541.00,926.00,1690.00,1010.00,637.00,830.80,789.86,373.50,1350.05,1197.00,693.00,830.00
5,17,11,1563.50,1541.00,926.00,1690.00,1010.00,637.00,830.82,789.87,373.50,1350.05,1197.00,693.00,830.00
5,17,12,1563.50,1541.00,926.00,1690.00,1010.00,637.00,830.83,789.88,373.50,1350.05,1197.00,693.00,830.00
5,17,13,1563.50,1541.00,926.00,1690.00,1010.00,637.00,830.84,789.89,373.50,1350.05,1197.00,693.00,830.00
5,17,14,1563.50,1541.00,926.00,1690.00,1010.00,637.00,830.86,789.90,373.50,1350.05,1197.00,693.00,830.00
5,17,15,1563.50,1541.00,926.00,1690.00,1010.00,637.00,830.87,789.91,373.50,1350.05,1197.00,693.00,830.00
5,17,16,1563.50,1541.00,926.00,1690.00,1010.00,637.00,830.89,789.92,373.50,1350.05,1197.00,693.00,830.00
5,17,17,1563.50,1541.00,926.00,1690.00,1010.00,637.00,830.90,789.93,373.50,1350.05,1197.00,693.00,830.00
5,17,18,1563.50,1541.00,926.00,1690.00,1010.00,637.00,830.91,789.94,373.50,1350.05,1197.00,693.00,830.00
5,17,19,1563.50,1541.00,926.00,1690.00,1010.00,637.00,830.93,789.95,373.50,1350.05,1197.00,693.00,830.00
5,17,20,1563.50,1541.00,926.00,1690.00,1010.00,637.00,830.94,789.96,373.50,1350.05,1197.00,693.00,830.00
5,17,21,1563.50,1541.00,926.00,1690.00,1010.00,637.00,830.96,789.97,373.50,1350.05,1197.00,693.00,830.00
5,17,22,1563.50,1541.00,926.00,1690.00,1010.00,637.00,830.97,789.98,373.50,1350.05,1197.00,693.00,830.00
5,17,23,1563.50,1541.00,926.00,1690.00,1010.00,637.00,830.99,789.99,373.50,1350.05,1197.00,693.00,830.00
5,17,24,1563.50,1541.00,926.00,1690.00,1010.00,637.00,831.00,790.00,373.50,1350.05,1197.00,693.00,830.00
5,18,1,1563.50,1541.00,926.00,1690.00,1010.00,637.00,831.01,790.00,373.50,1350.05,1197.00,693.00,830.00
5,18,2,1563.50,1541.00,926.00,1690.00,1010.00,637.00,831.03,790.00,373.50,1350.05,1197.00,693.00,830.00
5,18,3,1563.50,1541.00,926.00,1690.00,1010.00,637.00,831.04,790.00,373.50,1350.05,1197.00,693.00,830.00
5,18,4,1563.50,1541.00,926.00,1690.00,1010.00,637.00,831.06,790.00,373.50,1350.05,1197.00,693.00,830.00
5,18,5,1563.50,1541.00,926.00,1690.00,1010.00,637.00,831.07,790.00,373.50,1350.05,1197.00,693.00,830.00
5,18,6,1563.50,1541.00,926.00,1690.00,1010.00,637.00,831.08,790.00,373.50,1350.05,1197.00,693.00,830.00
5,18,7,1563.50,1541.00,926.00,1690.00,1010.00,637.00,831.10,790.00,373.50,1350.05,1197.00,693.00,830.00
5,18,8,1563.50,1541.00,926.00,1690.00,1010.00,637.00,831.11,790.00,373.50,1350.05,1197.00,693.00,830.00
5,18,9,1563.50,1541.00,926.00,1690.00,1010.00,637.00,831.12,790.00,373.50,1350.05,1197.00,693.00,830.00
5,18,10,1563.50,1541.00,926.00,1690.00,1010.00,637.00,831.14,790.00,373.50,1350.05,1197.00,693.00,830.00
5,18,11,1563.50,1541.00,926.00,1690.00,1010.00,637.00,831.15,790.00,373.50,1350.05,1197.00,693.00,830.00
5,18,12,1563.50,1541.00,926.00,1690.00,1010.00,637.00,831.17,790.00,373.50,1350.05,1197.00,693.00,830.00
5,18,13,1563.50,1541.00,926.00,1690.00,1010.00,637.00,831.18,790.00,373.50,1350.05,1197.00,693.00,830.00
5,18,14,1563.50,1541.00,926.00,1690.00,1010.00,637.00,831.19,790.00,373.50,1350.05,1197.00,693.00,830.00
5,18,15,1563.50,1541.00,926.00,1690.00,1010.00,637.00,831.21,790.00,373.50,1350.05,1197.00,693.00,830.00
5,18,16,1563.50,1541.00,926.00,1690.00,1010.00,637.00,831.22,790.00,373.50,1350.05,1197.00,693.00,830.00
5,18,17,1563.50,1541.00,926.00,1690.00,1010.00,637.00,831.23,790.00,373.50,1350.05,1197.00,693.00,830.00
5,18,18,1563.50,1541.00,926.00,1690.00,1010.00,637.00,831.25,790.00,373.50,1350.05,1197.00,693.00,830.00
5,18,19,1563.50,1541.00,926.00,1690.00,1010.00,637.00,831.26,790.00,373.50,1350.05,1197.00,693.00,830.00
5,18,20,1563.50,1541.00,926.00,1690.00,1010.00,637.00,831.28,790.00,373.50,1350.05,1197.00,693.00,830.00
5,18,21,1563.50,1541.00,926.00,1690.00,1010.00,637.00,831.29,790.00,373.50,1350.05,1197.00,693.00,830.00
5,18,22,1563.50,1541.00,926.00,1690.00,1010.00,637.00,831.30,790.00,373.50,1350.05,1197.00,693.00,830.00
5,18,23,1563.50,1541.00,926.00,1690.00,1010.00,637.00,831.32,790.00,373.50,1350.05,1197.00,693.00,830.00
5,18,24,1563.50,1541.00,926.00,1690.00,1010.00,637.00,831.33,790.00,373.50,1350.05,1197.00,693.00,830.00
5,19,1,1563.50,1541.00,926.00,1690.00,1010.00,637.00,831.34,790.00,373.50,1350.05,1197.00,693.00,830.00
5,19,2,1563.50,1541.00,926.00,1690.00,1010.00,637.00,831.36,790.00,373.50,1350.05,1197.00,693.00,830.00
5,19,3,1563.50,1541.00,926.00,1690.00,1010.00,637.00,831.37,790.00,373.50,1350.05,1197.00,693.00,830.00
5,19,4,1563.50,1541.00,926.00,1690.00,1010.00,637.00,831.39,790.00,373.50,1350.05,1197.00,693.00,830.00
5,19,5,1563.50,1541.00,926.00,1690.00,1010.00,637.00,831.40,790.00,373.50,1350.05,1197.00,693.00,830.00
5,19,6,1563.50,1541.00,926.00,1690.00,1010.00,637.00,831.42,790.00,373.50,1350.05,1197.00,693.00,830.00
5,19,7,1563.50,1541.00,926.00,1690.00,1010.00,637.00,831.43,790.00,373.50,1350.05,1197.00,693.00,830.00
5,19,8,1563.50,1541.00,926.00,1690.00,1010.00,637.00,831.44,790.00,373.50,1350.05,1197.00,693.00,830.00
5,19,9,1563.50,1541.00,926.00,1690.00,1010.00,637.00,831.46,790.00,373.50,1350.05,1197.00,693.00,830.00
5,19,10,1563.50,1541.00,926.00,1690.00,1010.00,637.00,831.47,790.00,373.50,1350.05,1197.00,693.00,830.00
5,19,11,1563.50,1541.00,926.00,1690.00,1010.00,637.00,831.49,790.00,373.50,1350.05,1197.00,693.00,830.00
5,19,12,1563.50,1541.00,926.00,1690.00,1010.00,637.00,831.50,790.00,373.50,1350.05,1197.00,693.00,830.00
5,19,13,1563.50,1541.00,926.00,1690.00,1010.00,637.00,831.51,790.00,373.50,1350.05,1197.00,693.00,830.00
5,19,14,1563.50,1541.00,926.00,1690.00,1010.00,637.00,831.53,790.00,373.50,1350.05,1197.00,693.00,830.00
5,19,15,1563.50,1541.00,926.00,1690.00,1010.00,637.00,831.54,790.00,373.50,1350.05,1197.00,693.00,830.00
5,19,16,1563.50,1541.00,926.00,1690.00,1010.00,637.00,831.56,790.00,373.50,1350.05,1197.00,693.00,830.00
5,19,17,1563.50,1541.00,926.00,1690.00,1010.00,637.00,831.57,790.00,373.50,1350.05,1197.00,693.00,830.00
5,19,18,1563.50,1541.00,926.00,1690.00,1010.00,637.00,831.58,790.00,373.50,1350.05,1197.00,693.00,830.00
5,19,19,1563.50,1541.00,926.00,1690.00,1010.00,637.00,831.60,790.00,373.50,1350.05,1197.00,693.00,830.00
5,19,20,1563.50,1541.00,926.00,1690.00,1010.00,637.00,831.61,790.00,373.50,1350.05,1197.00,693.00,830.00
5,19,21,1563.50,1541.00,926.00,1690.00,1010.00,637.00,831.63,790.00,373.50,1350.05,1197.00,693.00,830.00
5,19,22,1563.50,1541.00,926.00,1690.00,1010.00,637.00,831.64,790.00,373.50,1350.05,1197.00,693.00,830.00
5,19,23,1563.50,1541.00,926.00,1690.00,1010.00,637.00,831.66,790.00,373.50,1350.05,1197.00,693.00,830.00
5,19,24,1563.50,1541.00,926.00,1690.00,1010.00,637.00,831.67,790.00,373.50,1350.05,1197.00,693.00,830.00
5,20,1,1563.50,1541.00,926.00,1690.00,1010.00,637.00,831.68,790.00,373.50,1350.05,1197.00,693.00,830.00
5,20,2,1563.50,1541.00,926.00,1690.00,1010.00,637.00,831.70,790.00,373.50,1350.05,1197.00,693.00,830.00
5,20,3,1563.50,1541.00,926.00,1690.00,1010.00,637.00,831.71,790.00,373.50,1350.05,1197.00,693.00,830.00
5,20,4,1563.50,1541.00,926.00,1690.00,1010.00,637.00,831.72,790.00,373.50,1350.05,1197.00,693.00,830.00
5,20,5,1563.50,1541.00,926.00,1690.00,1010.00,637.00,831.74,790.00,373.50,1350.05,1197.00,693.00,830.00
5,20,6,1563.50,1541.00,926.00,1690.00,1010.00,637.00,831.75,790.00,373.50,1350.05,1197.00,693.00,830.00
5,20,7,1563.50,1541.00,926.00,1690.00,1010.00,637.00,831.77,790.00,373.50,1350.05,1197.00,693.00,830.00
5,20,8,1563.50,1541.00,926.00,1690.00,1010.00,637.00,831.78,790.00,373.50,1350.05,1197.00,693.00,830.00
5,20,9,1563.50,1541.00,926.00,1690.00,1010.00,637.00,831.79,790.00,373.50,1350.05,1197.00,693.00,830.00
5,20,10,1563.50,1541.00,926.00,1690.00,1010.00,637.00,831.81,790.00,373.50,1350.05,1197.00,693.00,830.00
5,20,11,1563.50,1541.00,926.00,1690.00,1010.00,637.00,831.82,790.00,373.50,1350.05,1197.00,693.00,830.00
5,20,12,1563.50,1541.00,926.00,1690.00,1010.00,637.00,831.83,790.00,373.50,1350.05,1197.00,693.00,830.00
5,20,13,1563.50,1541.00,926.00,1690.00,1010.00,637.00,831.85,790.00,373.50,1350.05,1197.00,693.00,830.00
5,20,14,1563.50,1541.00,926.00,1690.00,1010.00,637.00,831.86,790.00,373.50,1350.05,1197.00,693.00,830.00
5,20,15,1563.50,1541.00,926.00,1690.00,1010.00,637.00,831.88,790.00,373.50,1350.05,1197.00,693.00,830.00
5,20,16,1563.50,1541.00,926.00,1690.00,1010.00,637.00,831.89,790.00,373.50,1350.05,1197.00,693.00,830.00
5,20,17,1563.50,1541.00,926.00,1690.00,1010.00,637.00,831.90,790.00,373.50,1350.05,1197.00,693.00,830.00
5,20,18,1563.50,1541.00,926.00,1690.00,1010.00,637.00,831.92,790.00,373.50,1350.05,1197.00,693.00,830.00
5,20,19,1563.50,1541.00,926.00,1690.00,1010.00,637.00,831.93,790.00,373.50,1350.05,1197.00,693.00,830.00
5,20,20,1563.50,1541.00,926.00,1690.00,1010.00,637.00,831.94,790.00,373.50,1350.05,1197.00,693.00,830.00
5,20,21,1563.50,1541.00,926.00,1690.00,1010.00,637.00,831.96,790.00,373.50,1350.05,1197.00,693.00,830.00
5,20,22,1563.50,1541.00,926.00,1690.00,1010.00,637.00,831.97,790.00,373.50,1350.05,1197.00,693.00,830.00
5,20,23,1563.50,1541.00,926.00,1690.00,1010.00,637.00,831.99,790.00,373.50,1350.05,1197.00,693.00,830.00
5,20,24,1563.50,1541.00,926.00,1690.00,1010.00,637.00,832.00,790.00,373.50,1350.05,1197.00,693.00,830.00
5,21,1,1563.50,1541.00,926.00,1690.00,1010.00,637.00,832.00,790.00,373.50,1350.05,1197.00,693.00,830.00
5,21,2,1563.50,1541.00,926.00,1690.00,1010.00,637.00,832.00,790.00,373.50,1350.05,1197.00,693.00,830.00
5,21,3,1563.50,1541.00,926.00,1690.00,1010.00,637.00,832.00,790.00,373.50,1350.05,1197.00,693.00,830.00
5,21,4,1563.50,1541.00,926.00,1690.00,1010.00,637.00,832.00,790.00,373.50,1350.05,1197.00,693.00,830.00
5,21,5,1563.50,1541.00,926.00,1690.00,1010.00,637.00,832.00,790.00,373.50,1350.05,1197.00,693.00,830.00
5,21,6,1563.50,1541.00,926.00,1690.00,1010.00,637.00,832.00,790.00,373.50,1350.05,1197.00,693.00,830.00
5,21,7,1563.50,1541.00,926.00,1690.00,1010.00,637.00,832.00,790.00,373.50,1350.05,1197.00,693.00,830.00
5,21,8,1563.50,1541.00,926.00,1690.00,1010.00,637.00,832.00,790.00,373.50,1350.05,1197.00,693.00,830.00
5,21,9,1563.50,1541.00,926.00,1690.00,1010.00,637.00,832.00,790.00,373.50,1350.05,1197.00,693.00,830.00
5,21,10,1563.50,1541.00,926.00,1690.00,1010.00,637.00,832.00,790.00,373.50,1350.05,1197.00,693.00,830.00
5,21,11,1563.50,1541.00,926.00,1690.00,1010.00,637.00,832.00,790.00,373.50,1350.05,1197.00,693.00,830.00
5,21,12,1563.50,1541.00,926.00,1690.00,1010.00,637.00,832.00,790.00,373.50,1350.05,1197.00,693.00,830.00
5,21,13,1563.50,1541.00,926.00,1690.00,1010.00,637.00,832.00,790.00,373.50,1350.05,1197.00,693.00,830.00
5,21,14,1563.50,1541.00,926.00,1690.00,1010.00,637.00,832.00,790.00,373.50,1350.05,1197.00,693.00,830.00
5,21,15,1563.50,1541.00,926.00,1690.00,1010.00,637.00,832.00,790.00,373.50,1350.05,1197.00,693.00,830.00
5,21,16,1563.50,1541.00,926.00,1690.00,1010.00,637.00,832.00,790.00,373.50,1350.05,1197.00,693.00,830.00
5,21,17,1563.50,1541.00,926.00,1690.00,1010.00,637.00,832.00,790.00,373.50,1350.05,1197.00,693.00,830.00
5,21,18,1563.50,1541.00,926.00,1690.00,1010.00,637.00,832.00,790.00,373.50,1350.05,1197.00,693.00,830.00
5,21,19,1563.50,1541.00,926.00,1690.00,1010.00,637.00,832.00,790.00,373.50,1350.05,1197.00,693.00,830.00
5,21,20,1563.50,1541.00,926.00,1690.00,1010.00,637.00,832.00,790.00,373.50,1350.05,1197.00,693.00,830.00
5,21,21,1563.50,1541.00,926.00,1690.00,1010.00,637.00,832.00,790.00,373.50,1350.05,1197.00,693.00,830.00
5,21,22,1563.50,1541.00,926.00,1690.00,1010.00,637.00,832.00,790.00,373.50,1350.05,1197.00,693.00,830.00
5,21,23,1563.50,1541.00,926.00,1690.00,1010.00,637.00,832.00,790.00,373.50,1350.05,1197.00,693.00,830.00
5,21,24,1563.50,1541.00,926.00,1690.00,1010.00,637.00,832.00,790.00,373.50,1350.05,1197.00,693.00,830.00
5,22,1,1563.50,1541.00,926.00,1690.00,1010.00,637.00,832.00,790.00,373.50,1350.05,1197.00,693.00,830.00
5,22,2,1563.50,1541.00,926.00,1690.00,1010.00,637.00,832.00,790.00,373.50,1350.05,1197.00,693.00,830.00
5,22,3,1563.50,1541.00,926.00,1690.00,1010.00,637.00,832.00,790.00,373.50,1350.05,1197.00,693.00,830.00
5,22,4,1563.50,1541.00,926.00,1690.00,1010.00,637.00,832.00,790.00,373.50,1350.05,1197.00,693.00,830.00
5,22,5,1563.50,1541.00,926.00,1690.00,1010.00,637.00,832.00,790.00,373.50,1350.05,1197.00,693.00,830.00
5,22,6,1563.50,1541.00,926.00,1690.00,1010.00,637.00,832.00,790.00,373.50,1350.05,1197.00,693.00,830.00
5,22,7,1563.50,1541.00,926.00,1690.00,1010.00,637.00,832.00,790.00,373.50,1350.05,1197.00,693.00,830.00
5,22,8,1563.50,1541.00,926.00,1690.00,1010.00,637.00,832.00,790.00,373.50,1350.05,1197.00,693.00,830.00
5,22,9,1563.50,1541.00,926.00,1690.00,1010.00,637.00,832.00,790.00,373.50,1350.05,1197.00,693.00,830.00
5,22,10,1563.50,1541.00,926.00,1690.00,1010.00,637.00,832.00,790.00,373.50,1350.05,1197.00,693.00,830.00
5,22,11,1563.50,1541.00,926.00,1690.00,1010.00,637.00,832.00,790.00,373.50,1350.05,1197.00,693.00,830.00
5,22,12,1563.50,1541.00,926.00,1690.00,1010.00,637.00,832.00,790.00,373.50,1350.05,1197.00,693.00,830.00
5,22,13,1563.50,1541.00,926.00,1690.00,1010.00,637.00,832.00,790.00,373.50,1350.04,1197.00,693.00,830.00
5,22,14,1563.50,1541.00,926.00,1690.00,1010.00,637.00,832.00,790.00,373.50,1350.04,1197.00,693.00,830.00
5,22,15,1563.50,1541.00,926.00,1690.00,1010.00,637.00,832.00,790.00,373.50,1350.04,1197.00,693.00,830.00
5,22,16,1563.50,1541.00,926.00,1690.00,1010.00,637.00,832.00,790.00,373.50,1350.04,1197.00,693.00,830.00
5,22,17,1563.50,1541.00,926.00,1690.00,1010.00,637.00,832.00,790.00,373.50,1350.04,1197.00,693.00,830.00
5,22,18,1563.50,1541.00,926.00,1690.00,1010.00,637.00,832.00,790.00,373.50,1350.04,1197.00,693.00,830.00
5,22,19,1563.50,1541.00,926.00,1690.00,1010.00,637.00,832.00,790.00,373.50,1350.04,1197.00,693.00,830.00
5,22,20,1563.50,1541.00,926.00,1690.00,1010.00,637.00,832.00,790.00,373.50,1350.04,1197.00,693.00,830.00
5,22,21,1563.50,1541.00,926.00,1690.00,1010.00,637.00,832.00,790.00,373.50,1350.04,1197.00,693.00,830.00
5,22,22,1563.50,1541.00,926.00,1690.00,1010.00,637.00,832.00,790.00,373.50,1350.04,1197.00,693.00,830.00
5,22,23,1563.50,1541.00,926.00,1690.00,1010.00,637.00,832.00,790.00,373.50,1350.04,1197.00,693.00,830.00
5,22,24,1563.50,1541.00,926.00,1690.00,1010.00,637.00,832.00,790.00,373.50,1350.04,1197.00,693.00,830.00
5,23,1,1563.50,1541.00,926.00,1690.00,1010.00,637.00,832.00,790.00,373.50,1350.04,1197.00,693.00,830.00
5,23,2,1563.50,1541.00,926.00,1690.00,1010.00,637.00,832.00,790.00,373.50,1350.04,1197.00,693.00,830.00
5,23,3,1563.50,1541.00,926.00,1690.00,1010.00,637.00,832.00,790.00,373.50,1350.04,1197.00,693.00,830.00
5,23,4,1563.50,1541.00,926.00,1690.00,1010.00,637.00,832.00,790.00,373.50,1350.04,1197.00,693.00,830.00
5,23,5,1563.50,1541.00,926.00,1690.00,1010.00,637.00,832.00,790.00,373.50,1350.04,1197.00,693.00,830.00
5,23,6,1563.50,1541.00,926.00,1690.00,1010.00,637.00,832.00,790.00,373.50,1350.04,1197.00,693.00,830.00
5,23,7,1563.50,1541.00,926.00,1690.00,1010.00,637.00,832.00,790.00,373.50,1350.04,1197.00,693.00,830.00
5,23,8,1563.50,1541.00,926.00,1690.00,1010.00,637.00,832.00,790.00,373.50,1350.04,1197.00,693.00,830.00
5,23,9,1563.50,1541.00,926.00,1690.00,1010.00,637.00,832.00,790.00,373.50,1350.04,1197.00,693.00,830.00
5,23,10,1563.50,1541.00,926.00,1690.00,1010.00,637.00,832.00,790.00,373.50,1350.04,1197.00,693.00,830.00
5,23,11,1563.50,1541.00,926.00,1690.00,1010.00,637.00,832.00,790.00,373.50,1350.04,1197.00,693.00,830.00
5,23,12,1563.50,1541.00,926.00,1690.00,1010.00,637.00,832.00,790.00,373.50,1350.04,1197.00,693.00,830.00
5,23,13,1563.50,1541.00,926.00,1690.00,1010.00,637.00,832.00,790.00,373.50,1350.04,1197.00,693.00,830.00
5,23,14,1563.50,1541.00,926.00,1690.00,1010.00,637.00,832.00,790.00,373.50,1350.04,1197.00,693.00,830.00
5,23,15,1563.50,1541.00,926.00,1690.00,1010.00,637.00,832.00,790.00,373.50,1350.04,1197.00,693.00,830.00
5,23,16,1563.50,1541.00,926.00,1690.00,1010.00,637.00,832.00,790.00,373.50,1350.04,1197.00,693.00,830.00
5,23,17,1563.50,1541.00,926.00,1690.00,1010.00,637.00,832.00,790.00,373.50,1350.04,1197.00,693.00,830.00
5,23,18,1563.50,1541.00,926.00,1690.00,1010.00,637.00,832.00,790.00,373.50,1350.04,1197.00,693.00,830.00
5,23,19,1563.50,1541.00,926.00,1690.00,1010.00,637.00,832.00,790.00,373.50,1350.04,1197.00,693.00,830.00
5,23,20,1563.50,1541.00,926.00,1690.00,1010.00,637.00,832.00,790.00,373.50,1350.04,1197.00,693.00,830.00
5,23,21,1563.50,1541.00,926.00,1690.00,1010.00,637.00,832.00,790.00,373.50,1350.04,1197.00,693.00,830.00
5,23,22,1563.50,1541.00,926.00,1690.00,1010.00,637.00,832.00,790.00,373.50,1350.04,1197.00,693.00,830.00
5,23,23,1563.50,1541.00,926.00,1690.00,1010.00,637.00,832.00,790.00,373.50,1350.04,1197.00,693.00,830.00
5,23,24,1563.50,1541.00,926.00,1690.00,1010.00,637.00,832.00,790.00,373.50,1350.04,1197.00,693.00,830.00
5,24,1,1563.50,1541.00,926.00,1690.00,1010.00,637.00,832.00,790.00,373.50,1350.04,1197.00,693.00,830.00
5,24,2,1563.50,1541.00,926.00,1690.00,1010.00,637.00,832.00,790.00,373.50,1350.04,1197.00,693.00,830.00
5,24,3,1563.50,1541.00,926.00,1690.00,1010.00,637.00,832.00,790.00,373.50,1350.04,1197.00,693.00,830.00
5,24,4,1563.50,1541.00,926.00,1690.00,1010.00,637.00,832.00,790.00,373.50,1350.04,1197.00,693.00,830.00
5,24,5,1563.50,1541.00,926.00,1690.00,1010.00,637.00,832.00,790.00,373.50,1350.04,1197.00,693.00,830.00
5,24,6,1563.50,1541.00,926.00,1690.00,1010.00,637.00,832.00,790.00,373.50,1350.04,1197.00,693.00,830.00
5,24,7,1563.50,1541.00,926.00,1690.00,1010.00,637.00,832.00,790.00,373.50,1350.04,1197.00,693.00,830.00
5,24,8,1563.50,1541.00,926.00,1690.00,1010.00,637.00,832.00,790.00,373.50,1350.04,1197.00,693.00,830.00
5,24,9,1563.50,1541.00,926.00,1690.00,1010.00,637.00,832.00,790.00,373.50,1350.04,1197.00,693.00,830.00
5,24,10,1563.50,1541.00,926.00,1690.00,1010.00,637.00,832.00,790.00,373.50,1350.04,1197.00,693.00,830.00
5,24,11,1563.50,1541.00,926.00,1690.00,1010.00,637.00,832.00,790.00,373.50,1350.04,1197.00,693.00,830.00
5,24,12,1563.50,1541.00,926.00,1690.00,1010.00,637.00,832.00,790.00,373.50,1350.04,1197.00,693.00,830.00
5,24,13,1563.50,1541.00,926.00,1690.00,1010.00,637.00,832.00,790.00,373.50,1350.04,1197.00,693.00,830.00
5,24,14,1563.50,1541.00,926.00,1690.00,1010.00,637.00,832.00,790.00,373.50,1350.04,1197.00,693.00,830.00
5,24,15,1563.50,1541.00,926.00,1690.00,1010.00,637.00,832.00,790.00,373.50,1350.04,1197.00,693.00,830.00
5,24,16,1563.50,1541.00,926.00,1690.00,1010.00,637.00,832.00,790.00,373.50,1350.04,1197.00,693.00,830.00
5,24,17,1563.50,1541.00,926.00,1690.00,1010.00,637.00,832.00,790.00,373.50,1350.04,1197.00,693.00,830.00
5,24,18,1563.50,1541.00,926.00,1690.00,1010.00,637.00,832.00,790.00,373.50,1350.04,1197.00,693.00,830.00
5,24,19,1563.50,1541.00,926.00,1690.00,1010.00,637.00,832.00,790.00,373.50,1350.04,1197.00,693.00,830.00
5,24,20,1563.50,1541.00,926.00,1690.00,1010.00,637.00,832.00,790.00,373.50,1350.04,1197.00,693.00,830.00
5,24,21,1563.50,1541.00,926.00,1690.00,1010.00,637.00,832.00,790.00,373.50,1350.04,1197.00,693.00,830.00
5,24,22,1563.50,1541.00,926.00,1690.00,1010.00,637.00,832.00,790.00,373.50,1350.04,1197.00,693.00,830.00
5,24,23,1563.50,1541.00,926.00,1690.00,1010.00,637.00,832.00,790.00,373.50,1350.04,1197.00,693.00,830.00
5,24,24,1563.50,1541.00,926.00,1690.00,1010.00,637.00,832.00,790.00,373.50,1350.04,1197.00,693.00,830.00
5,25,1,1563.50,1541.00,926.00,1690.00,1010.00,637.00,832.00,790.00,373.50,1350.04,1197.00,693.00,830.00
5,25,2,1563.50,1541.00,926.00,1690.00,1010.00,637.00,832.00,790.00,373.50,1350.04,1197.00,693.00,830.00
5,25,3,1563.50,1541.00,926.00,1690.00,1010.00,637.00,832.00,790.00,373.50,1350.04,1197.00,693.00,830.00
5,25,4,1563.50,1541.00,926.00,1690.00,1010.00,637.00,832.00,790.00,373.50,1350.04,1197.00,693.00,830.00
5,25,5,1563.50,1541.00,926.00,1690.00,1010.00,637.00,832.00,790.00,373.50,1350.04,1197.00,693.00,830.00
5,25,6,1563.50,1541.00,926.00,1690.00,1010.00,637.00,832.00,790.00,373.50,1350.04,1197.00,693.00,830.00
5,25,7,1563.50,1541.00,926.00,1690.00,1010.00,637.00,832.00,790.00,373.50,1350.04,1197.00,693.00,830.00
5,25,8,1563.50,1541.00,926.00,1690.00,1010.00,637.00,832.00,790.00,373.50,1350.04,1197.00,693.00,830.00
5,25,9,1563.50,1541.00,926.00,1690.00,1010.00,637.00,832.00,790.00,373.50,1350.04,1197.00,693.00,830.00
5,25,10,1563.50,1541.00,926.00,1690.00,1010.00,637.00,832.00,790.00,373.50,1350.04,1197.00,693.00,830.00
5,25,11,1563.50,1541.00,926.00,1690.00,1010.00,637.00,832.00,790.00,373.50,1350.04,1197.00,693.00,830.00
5,25,12,1563.50,1541.00,926.00,1690.00,1010.00,637.00,832.00,790.00,373.50,1350.04,1197.00,693.00,830.00
5,25,13,1563.50,1541.00,926.00,1690.00,1010.00,637.00,832.00,790.00,373.50,1350.04,1197.00,693.00,830.00
5,25,14,1563.50,1541.00,926.00,1690.00,1010.00,637.00,832.00,790.00,373.50,1350.04,1197.00,693.00,830.00
5,25,15,1563.50,1541.00,926.00,1690.00,1010.00,637.00,832.00,790.00,373.50,1350.04,1197.00,693.00,830.00
5,25,16,1563.50,1541.00,926.00,1690.00,1010.00,637.00,832.00,790.00,373.50,1350.04,1197.00,693.00,830.00
5,25,17,1563.50,1541.00,926.00,1690.00,1010.00,637.00,832.00,790.00,373.50,1350.04,1197.00,693.00,830.00
5,25,18,1563.50,1541.00,926.00,1690.00,1010.00,637.00,832.00,790.00,373.50,1350.04,1197.00,693.00,830.00
5,25,19,1563.50,1541.00,926.00,1690.00,1010.00,637.00,832.00,790.00,373.50,1350.04,1197.00,693.00,830.00
5,25,20,1563.50,1541.00,926.00,1690.00,1010.00,637.00,832.00,790.00,373.50,1350.04,1197.00,693.00,830.00
5,25,21,1563.50,1541.00,926.00,1690.00,1010.00,637.00,832.00,790.00,373.50,1350.04,1197.00,693.00,830.00
5,25,22,1563.50,1541.00,926.00,1690.00,1010.00,637.00,832.00,790.00,373.50,1350.04,1197.00,693.00,830.00
5,25,23,1563.50,1541.00,926.00,1690.00,1010.00,637.00,832.00,790.00,373.50,1350.04,1197.00,693.00,830.00
5,25,24,1563.50,1541.00,926.00,1690.00,1010.00,637.00,832.00,790.00,373.50,1350.04,1197.00,693.00,830.00
5,26,1,1563.50,1541.00,926.00,1690.00,1010.00,637.00,832.00,790.00,373.50,1350.04,1197.00,693.00,830.00
5,26,2,1563.50,1541.00,926.00,1690.00,1010.00,637.00,832.00,790.00,373.50,1350.04,1197.00,693.00,830.00
5,26,3,1563.50,1541.00,926.00,1690.00,1010.00,637.00,832.00,790.00,373.50,1350.04,1197.00,693.00,830.00
5,26,4,1563.50,1541.00,926.00,1690.00,1010.00,637.00,832.00,790.00,373.50,1350.04,1197.00,693.00,830.00
5,26,5,1563.50,1541.00,926.00,1690.00,1010.00,637.00,832.00,790.00,373.50,1350.04,1197.00,693.00,830.00
5,26,6,1563.50,1541.00,926.00,1690.00,1010.00,637.00,832.00,790.00,373.50,1350.04,1197.00,693.00,830.00
5,26,7,1563.50,1541.00,926.00,1690.00,1010.00,637.00,832.00,790.00,373.50,1350.04,1197.00,693.00,830.00
5,26,8,1563.50,1541.00,926.00,1690.00,1010.00,637.00,832.00,790.00,373.50,1350.04,1197.00,693.00,830.00
5,26,9,1563.50,1541.00,926.00,1690.00,1010.00,637.00,832.00,790.00,373.50,1350.04,1197.00,693.00,830.00
5,26,10,1563.50,1541.00,926.00,1690.00,1010.00,637.00,832.00,790.00,373.50,1350.04,1197.00,693.00,830.00
5,26,11,1563.50,1541.00,926.00,1690.00,1010.00,637.00,832.00,790.00,373.50,1350.04,1197.00,693.00,830.00
5,26,12,1563.50,1541.00,926.00,1690.00,1010.00,637.00,832.00,790.00,373.50,1350.04,1197.00,693.00,830.00
5,26,13,1563.50,1541.00,926.00,1690.00,1010.00,637.00,832.00,790.00,373.50,1350.04,1197.00,693.00,830.00
5,26,14,1563.50,1541.00,926.00,1690.00,1010.00,637.00,832.00,790.00,373.50,1350.04,1197.00,693.00,830.00
5,26,15,1563.50,1541.00,926.00,1690.00,1010.00,637.00,832.00,790.00,373.50,1350.04,1197.00,693.00,830.00
5,26,16,1563.50,1541.00,926.00,1690.00,1010.00,637.00,832.00,790.00,373.50,1350.04,1197.00,693.00,830.00
5,26,17,1563.50,1541.00,926.00,1690.00,1010.00,637.00,832.00,790.00,373.50,1350.04,1197.00,693.00,830.00
5,26,18,1563.50,1541.00,926.00,1690.00,1010.00,637.00,832.00,790.00,373.50,1350.04,1197.00,693.00,830.00
5,26,19,1563.50,1541.00,926.00,1690.00,1010.00,637.00,832.00,790.00,373.50,1350.04,1197.00,693.00,830.00
5,26,20,1563.50,1541.00,926.00,1690.00,1010.00,637.00,832.00,790.00,373.50,1350.04,1197.00,693.00,830.00
5,26,21,1563.50,1541.00,926.00,1690.00,1010.00,637.00,832.00,790.00,373.50,1350.04,1197.00,693.00,830.00
5,26,22,1563.50,1541.00,926.00,1690.00,1010.00,637.00,832.00,790.00,373.50,1350.04,1197.00,693.00,830.00
5,26,23,1563.50,1541.00,926.00,1690.00,1010.00,637.00,832.00,790.00,373.50,1350.04,1197.00,693.00,830.00
5,26,24,1563.50,1541.00,926.00,1690.00,1010.00,637.00,832.00,790.00,373.50,1350.04,1197.00,693.00,830.00
5,27,1,1563.50,1541.00,926.00,1690.00,1010.00,637.00,832.00,790.00,373.50,1350.04,1197.00,693.00,830.00
5,27,2,1563.50,1541.00,926.00,1690.00,1010.00,637.00,832.00,790.00,373.50,1350.04,1197.00,693.00,830.00
5,27,3,1563.50,1541.00,926.00,1690.00,1010.00,637.00,832.00,790.00,373.50,1350.04,1197.00,693.00,830.00
5,27,4,1563.50,1541.00,926.00,1690.00,1010.00,637.00,832.00,790.00,373.50,1350.04,1197.00,693.00,830.00
5,27,5,1563.50,1541.00,926.00,1690.00,1010.00,637.00,832.00,790.00,373.50,1350.04,1197.00,693.00,830.00
5,27,6,1563.50,1541.00,926.00,1690.00,1010.00,637.00,832.00,790.00,373.50,1350.04,1197.00,693.00,830.00
5,27,7,1563.50,1541.00,926.00,1690.00,1010.00,637.00,832.00,790.00,373.50,1350.04,1197.00,693.00,830.00
5,27,8,1563.50,1541.00,926.00,1690.00,1010.00,637.00,832.00,790.00,373.50,1350.04,1197.00,693.00,830.00
5,27,9,1563.50,1541.00,926.00,1690.00,1010.00,637.00,832.00,790.00,373.50,1350.04,1197.00,693.00,830.00
5,27,10,1563.50,1541.00,926.00,1690.00,1010.00,637.00,832.00,790.00,373.50,1350.04,1197.00,693.00,830.00
5,27,11,1563.50,1541.00,926.00,1690.00,1010.00,637.00,832.00,790.00,373.50,1350.04,1197.00,693.00,830.00
5,27,12,1563.50,1541.00,926.00,1690.00,1010.00,637.00,832.00,790.00,373.50,1350.04,1197.00,693.00,830.00
5,27,13,1563.50,1541.00,926.00,1690.00,1010.00,637.00,832.00,790.00,373.50,1350.04,1197.00,693.00,830.00
5,27,14,1563.50,1541.00,926.00,1690.00,1010.00,637.00,832.00,790.00,373.50,1350.04,1197.00,693.00,830.00
5,27,15,1563.50,1541.00,926.00,1690.00,1010.00,637.00,832.00,790.00,373.50,1350.04,1197.00,693.00,830.00
5,27,16,1563.50,1541.00,926.00,1690.00,1010.00,637.00,832.00,790.00,373.50,1350.04,1197.00,693.00,830.00
5,27,17,1563.50,1541.00,926.00,1690.00,1010.00,637.00,832.00,790.00,373.50,1350.04,1197.00,693.00,830.00
5,27,18,1563.50,1541.00,926.00,1690.00,1010.00,637.00,832.00,790.00,373.50,1350.04,1197.00,693.00,830.00
5,27,19,1563.50,1541.00,926.00,1690.00,1010.00,637.00,832.00,790.00,373.50,1350.04,1197.00,693.00,830.00
5,27,20,1563.50,1541.00,926.00,1690.00,1010.00,637.00,832.00,790.00,373.50,1350.04,1197.00,693.00,830.00
5,27,21,1563.50,1541.00,926.00,1690.00,1010.00,637.00,832.00,790.00,373.50,1350.04,1197.00,693.00,830.00
5,27,22,1563.50,1541.00,926.00,1690.00,1010.00,637.00,832.00,790.00,373.50,1350.04,1197.00,693.00,830.00
5,27,23,1563.50,1541.00,926.00,1690.00,1010.00,637.00,832.00,790.00,373.50,1350.04,1197.00,693.00,830.00
5,27,24,1563.50,1541.00,926.00,1690.00,1010.00,637.00,832.00,790.00,373.50,1350.04,1197.00,693.00,830.00
5,28,1,1563.50,1541.00,926.00,1690.00,1010.00,637.00,832.00,790.00,373.50,1350.04,1197.00,693.00,830.00
5,28,2,1563.50,1541.00,926.00,1690.00,1010.00,637.00,832.00,790.00,373.50,1350.04,1197.00,693.00,830.00
5,28,3,1563.50,1541.00,926.00,1690.00,1010.00,637.00,832.00,790.00,373.50,1350.04,1197.00,693.00,830.00
5,28,4,1563.50,1541.00,926.00,1690.00,1010.00,637.00,832.00,790.00,373.50,1350.04,1197.00,693.00,830.00
5,28,5,1563.50,1541.00,926.00,1690.00,1010.00,637.00,832.00,790.00,373.50,1350.04,1197.00,693.00,830.00
5,28,6,1563.50,1541.00,926.00,1690.00,1010.00,637.00,832.00,790.00,373.50,1350.04,1197.00,693.00,830.00
5,28,7,1563.50,1541.00,926.00,1690.00,1010.00,637.00,832.00,790.00,373.50,1350.04,1197.00,693.00,830.00
5,28,8,1563.50,1541.00,926.00,1690.00,1010.00,637.00,832.00,790.00,373.50,1350.04,1197.00,693.00,830.00
5,28,9,1563.50,1541.00,926.00,1690.00,1010.00,637.00,832.00,790.00,373.50,1350.04,1197.00,693.00,830.00
5,28,10,1563.50,1541.00,926.00,1690.00,1010.00,637.00,832.00,790.00,373.50,1350.04,1197.00,693.00,830.00
5,28,11,1563.50,1541.00,926.00,1690.00,1010.00,637.00,832.00,790.00,373.50,1350.04,1197.00,693.00,830.00
5,28,12,1563.50,1541.00,926.00,1690.00,1010.00,637.00,832.00,790.00,373.50,1350.04,1197.00,693.00,830.00
5,28,13,1563.50,1541.00,926.00,1690.00,1010.00,637.00,832.00,790.00,373.50,1350.04,1197.00,693.00,830.00
5,28,14,1563.50,1541.00,926.00,1690.00,1010.00,637.00,832.00,790.00,373.50,1350.04,1197.00,693.00,830.00
5,28,15,1563.50,1541.00,926.00,1690.00,1010.00,637.00,832.00,790.00,373.50,1350.04,1197.00,693.00,830.00
5,28,16,1563.50,1541.00,926.00,1690.00,1010.00,637.00,832.00,790.00,373.50,1350.04,1197.00,693.00,830.00
5,28,17,1563.50,1541.00,926.00,1690.00,1010.00,637.00,832.00,790.00,373.50,1350.04,1197.00,693.00,830.00
5,28,18,1563.50,1541.00,926.00,1690.00,1010.00,637.00,832.00,790.00,373.50,1350.04,1197.00,693.00,830.00
5,28,19,1563.50,1541.00,926.00,1690.00,1010.00,637.00,832.00,790.00,373.50,1350.04,1197.00,693.00,830.00
5,28,20,1563.50,1541.00,926.00,1690.00,1010.00,637.00,832.00,790.00,373.50,1350.04,1197.00,693.00,830.00
5,28,21,1563.50,1541.00,926.00,1690.00,1010.00,637.00,832.00,790.00,373.50,1350.04,1197.00,693.00,830.00
5,28,22,1563.50,1541.00,926.00,1690.00,1010.00,637.00,832.00,790.00,373.50,1350.04,1197.00,693.00,830.00
5,28,23,1563.50,1541.00,926.00,1690.00,1010.00,637.00,832.00,790.00,373.50,1350.04,1197.00,693.00,830.00
5,28,24,1563.50,1541.00,926.00,1690.00,1010.00,637.00,832.00,790.00,373.50,1350.04,1197.00,693.00,830.00
5,29,1,1563.50,1541.00,926.00,1690.00,1010.00,637.00,832.00,790.00,373.50,1350.04,1197.00,693.00,830.00
5,29,2,1563.50,1541.00,926.00,1690.00,1010.00,637.00,832.00,790.00,373.50,1350.04,1197.00,693.00,830.00
5,29,3,1563.50,1541.00,926.00,1690.00,1010.00,637.00,832.00,790.00,373.50,1350.04,1197.00,693.00,830.00
5,29,4,1563.50,1541.00,926.00,1690.00,1010.00,637.00,832.00,790.00,373.50,1350.04,1197.00,693.00,830.00
5,29,5,1563.50,1541.00,926.00,1690.00,1010.00,637.00,832.00,790.00,373.50,1350.04,1197.00,693.00,830.00
5,29,6,1563.50,1541.00,926.00,1690.00,1010.00,637.00,832.00,790.00,373.50,1350.04,1197.00,693.00,830.00
5,29,7,1563.50,1541.00,926.00,1690.00,1010.00,637.00,832.00,790.00,373.50,1350.04,1197.00,693.00,830.00
5,29,8,1563.50,1541.00,926.00,1690.00,1010.00,637.00,832.00,790.00,373.50,1350.04,1197.00,693.00,830.00
5,29,9,1563.50,1541.00,926.00,1690.00,1010.00,637.00,832.00,790.00,373.50,1350.04,1197.00,693.00,830.00
5,29,10,1563.50,1541.00,926.00,1690.00,1010.00,637.00,832.00,790.00,373.50,1350.04,1197.00,693.00,830.00
5,29,11,1563.50,1541.00,926.00,1690.00,1010.00,637.00,832.00,790.00,373.50,1350.04,1197.00,693.00,830.00
5,29,12,1563.50,1541.00,926.00,1690.00,1010.00,637.00,832.00,790.00,373.50,1350.04,1197.00,693.00,830.00
5,29,13,1563.50,1541.00,926.00,1690.00,1010.00,637.00,832.00,790.00,373.50,1350.04,1197.00,693.00,830.00
5,29,14,1563.50,1541.00,926.00,1690.00,1010.00,637.00,832.00,790.00,373.50,1350.04,1197.00,693.00,830.00
5,29,15,1563.50,1541.00,926.00,1690.00,1010.00,637.00,832.00,790.00,373.50,1350.04,1197.00,693.00,830.00
5,29,16,1563.50,1541.00,926.00,1690.00,1010.00,637.00,832.00,790.00,373.50,1350.04,1197.00,693.00,830.00
5,29,17,1563.50,1541.00,926.00,1690.00,1010.00,637.00,832.00,790.00,373.50,1350.04,1197.00,693.00,830.00
5,29,18,1563.50,1541.00,926.00,1690.00,1010.00,637.00,832.00,790.00,373.50,1350.04,1197.00,693.00,830.00
5,29,19,1563.50,1541.00,926.00,1690.00,1010.00,637.00,832.00,790.00,373.50,1350.04,1197.00,693.00,830.00
5,29,20,1563.50,1541.00,926.00,1690.00,1010.00,637.00,832.00,790.00,373.50,1350.04,1197.00,693.00,830.00
5,29,21,1563.50,1541.00,926.00,1690.00,1010.00,637.00,832.00,790.00,373.50,1350.04,1197.00,693.00,830.00
5,29,22,1563.50,1541.00,926.00,1690.00,1010.00,637.00,832.00,790.00,373.50,1350.04,1197.00,693.00,830.00
5,29,23,1563.50,1541.00,926.00,1690.00,1010.00,637.00,832.00,790.00,373.50,1350.04,1197.00,693.00,830.00
5,29,24,1563.50,1541.00,926.00,1690.00,1010.00,637.00,832.00,790.00,373.50,1350.04,1197.00,693.00,830.00
5,30,1,1563.50,1541.00,926.00,1690.00,1010.00,637.00,832.00,790.00,373.50,1350.04,1197.00,693.00,830.00
5,30,2,1563.50,1541.00,926.00,1690.00,1010.00,637.00,832.00,790.00,373.50,1350.04,1197.00,693.00,830.00
5,30,3,1563.50,1541.00,926.00,1690.00,1010.00,637.00,832.00,790.00,373.50,1350.04,1197.00,693.00,830.00
5,30,4,1563.50,1541.00,926.00,1690.00,1010.00,637.00,832.00,790.00,373.50,1350.04,1197.00,693.00,830.00
5,30,5,1563.50,1541.00,926.00,1690.00,1010.00,637.00,832.00,790.00,373.50,1350.04,1197.00,693.00,830.00
5,30,6,1563.50,1541.00,926.00,1690.00,1010.00,637.00,832.00,790.00,373.50,1350.04,1197.00,693.00,830.00
5,30,7,1563.50,1541.00,926.00,1690.00,1010.00,637.00,832.00,790.00,373.50,1350.04,1197.00,693.00,830.00
5,30,8,1563.50,1541.00,926.00,1690.00,1010.00,637.00,832.00,790.00,373.50,1350.04,1197.00,693.00,830.00
5,30,9,1563.50,1541.00,926.00,1690.00,1010.00,637.00,832.00,790.00,373.50,1350.04,1197.00,693.00,830.00
5,30,10,1563.50,1541.00,926.00,1690.00,1010.00,637.00,832.00,790.00,373.50,1350.04,1197.00,693.00,830.00
5,30,11,1563.50,1541.00,926.00,1690.00,1010.00,637.00,832.00,790.00,373.50,1350.04,1197.00,693.00,830.00
5,30,12,1563.50,1541.00,926.00,1690.00,1010.00,637.00,832.00,790.00,373.50,1350.04,1197.00,693.00,830.00
5,30,13,1563.50,1541.00,926.00,1690.00,1010.00,637.00,832.00,790.00,373.50,1350.04,1197.00,693.00,830.00
5,30,14,1563.50,1541.00,926.00,1690.00,1010.00,637.00,832.00,790.00,373.50,1350.04,1197.00,693.00,830.00
5,30,15,1563.50,1541.00,926.00,1690.00,1010.00,637.00,832.00,790.00,373.50,1350.04,1197.00,693.00,830.00
5,30,16,1563.50,1541.00,926.00,1690.00,1010.00,637.00,832.00,790.00,373.50,1350.04,1197.00,693.00,830.00
5,30,17,1563.50,1541.00,926.00,1690.00,1010.00,637.00,832.00,790.00,373.50,1350.04,1197.00,693.00,830.00
5,30,18,1563.50,1541.00,926.00,1690.00,1010.00,637.00,832.00,790.00,373.50,1350.04,1197.00,693.00,830.00
5,30,19,1563.50,1541.00,926.00,1690.00,1010.00,637.00,832.00,790.00,373.50,1350.04,1197.00,693.00,830.00
5,30,20,1563.50,1541.00,926.00,1690.00,1010.00,637.00,832.00,790.00,373.50,1350.04,1197.00,693.00,830.00
5,30,21,1563.50,1541.00,926.00,1690.00,1010.00,637.00,832.00,790.00,373.50,1350.04,1197.00,693.00,830.00
5,30,22,1563.50,1541.00,926.00,1690.00,1010.00,637.00,832.00,790.00,373.50,1350.04,1197.00,693.00,830.00
5,30,23,1563.50,1541.00,926.00,1690.00,1010.00,637.00,832.00,790.00,373.50,1350.04,1197.00,693.00,830.00
5,30,24,1563.50,1541.00,926.00,1690.00,1010.00,637.00,832.00,790.00,373.50,1350.04,1197.00,693.00,830.00
5,31,1,1563.50,1541.00,926.00,1690.00,1010.00,637.00,832.00,790.00,373.50,1350.04,1197.00,693.00,830.00
5,31,2,1563.50,1541.00,926.00,1690.00,1010.00,637.00,832.00,790.00,373.50,1350.04,1197.00,693.00,830.00
5,31,3,1563.50,1541.00,926.00,1690.00,1010.00,637.00,832.00,790.00,373.50,1350.04,1197.00,693.00,830.00
5,31,4,1563.50,1541.00,926.00,1690.00,1010.00,637.00,832.00,790.00,373.50,1350.04,1197.00,693.00,830.00
5,31,5,1563.50,1541.00,926.00,1690.00,1010.00,637.00,832.00,790.00,373.50,1350.04,1197.00,693.00,830.00
5,31,6,1563.50,1541.00,926.00,1690.00,1010.00,637.00,832.00,790.00,373.50,1350.04,1197.00,693.00,830.00
5,31,7,1563.50,1541.00,926.00,1690.00,1010.00,637.00,832.00,790.00,373.50,1350.04,1197.00,693.00,830.00
5,31,8,1563.50,1541.00,926.00,1690.00,1010.00,637.00,832.00,790.00,373.50,1350.04,1197.00,693.00,830.00
5,31,9,1563.50,1541.00,926.00,1690.00,1010.00,637.00,832.00,790.00,373.50,1350.04,1197.00,693.00,830.00
5,31,10,1563.50,1541.00,926.00,1690.00,1010.00,637.00,832.00,790.00,373.50,1350.04,1197.00,693.00,830.00
5,31,11,1563.50,1541.00,926.00,1690.00,1010.00,637.00,832.00,790.00,373.50,1350.04,1197.00,693.00,830.00
5,31,12,1563.50,1541.00,926.00,1690.00,1010.00,637.00,832.00,790.00,373.50,1350.04,1197.00,693.00,830.00
5,31,13,1563.50,1541.00,926.00,1690.00,1010.00,637.00,832.00,790.00,373.50,1350.04,1197.00,693.00,830.00
5,31,14,1563.50,1541.00,926.00,1690.00,1010.00,637.00,832.00,790.00,373.50,1350.04,1197.00,693.00,830.00
5,31,15,1563.50,1541.00,926.00,1690.00,1010.00,637.00,832.00,790.00,373.50,1350.04,1197.00,693.00,830.00
5,31,16,1563.50,1541.00,926.00,1690.00,1010.00,637.00,832.00,790.00,373.50,1350.04,1197.00,693.00,830.00
5,31,17,1563.50,1541.00,926.00,1690.00,1010.00,637.00,832.00,790.00,373.50,1350.04,1197.00,693.00,830.00
5,31,18,1563.50,1541.00,926.00,1690.00,1010.00,637.00,832.00,790.00,373.50,1350.04,1197.00,693.00,830.00
5,31,19,1563.50,1541.00,926.00,1690.00,1010.00,637.00,832.00,790.00,373.50,1350.04,1197.00,693.00,830.00
5,31,20,1563.50,1541.00,926.00,1690.00,1010.00,637.00,832.00,790.00,373.50,1350.04,1197.00,693.00,830.00
5,31,21,1563.50,1541.00,926.00,1690.00,1010.00,637.00,832.00,790.00,373.50,1350.04,1197.00,693.00,830.00
5,31,22,1563.50,1541.00,926.00,1690.00,1010.00,637.00,832.00,790.00,373.50,1350.04,1197.00,693.00,830.00
5,31,23,1563.50,1541.00,926.00,1690.00,1010.00,637.00,832.00,790.00,373.50,1350.04,1197.00,693.00,830.00
5,31,24,1563.50,1541.00,926.00,1690.00,1010.00,637.00,832.00,790.00,373.50,1350.04,1197.00,693.00,830.00
6,1,1,1563.50,1541.00,926.00,1690.00,1010.00,637.00,832.00,790.00,373.50,1350.04,1197.00,693.00,830.00
6,1,2,1563.50,1541.00,926.00,1690.00,1010.00,637.00,832.00,790.00,373.50,1350.04,1197.00,693.00,830.00
6,1,3,1563.50,1541.00,926.00,1690.00,1010.00,637.00,832.00,790.00,373.50,1350.04,1197.00,693.00,830.00
6,1,4,1563.50,1541.00,926.00,1690.00,1010.00,637.00,832.00,790.00,373.50,1350.04,1197.00,693.00,830.00
6,1,5,1563.50,1541.00,926.00,1690.00,1010.00,637.00,832.00,790.00,373.50,1350.04,1197.00,693.00,830.00
6,1,6,1563.50,1541.00,926.00,1690.00,1010.00,637.00,832.00,790.00,373.50,1350.04,1197.00,693.00,830.00
6,1,7,1563.50,1541.00,926.00,1690.00,1010.00,637.00,832.00,790.00,373.50,1350.04,1197.00,693.00,830.00
6,1,8,1563.50,1541.00,926.00,1690.00,1010.00,637.00,832.00,790.00,373.50,1350.04,1197.00,693.00,830.00
6,1,9,1563.50,1541.00,926.00,1690.00,1010.00,637.00,832.00,790.00,373.50,1350.04,1197.00,693.00,830.00
6,1,10,1563.50,1541.00,926.00,1690.00,1010.00,637.00,832.00,790.00,373.50,1350.04,1197.00,693.00,830.00
6,1,11,1563.50,1541.00,926.00,1690.00,1010.00,637.00,832.00,790.00,373.50,1350.04,1197.00,693.00,830.00
6,1,12,1563.50,1541.00,926.00,1690.00,1010.00,637.00,832.00,790.00,373.50,1350.04,1197.00,693.00,830.00
6,1,13,1563.50,1541.00,926.00,1690.00,1010.00,637.00,832.00,790.00,373.50,1350.04,1197.00,693.00,830.00
6,1,14,1563.50,1541.00,926.00,1690.00,1010.00,637.00,832.00,790.00,373.50,1350.04,1197.00,693.00,830.00
6,1,15,1563.50,1541.00,926.00,1690.00,1010.00,637.00,832.00,790.00,373.50,1350.04,1197.00,693.00,830.00
6,1,16,1563.50,1541.00,926.00,1690.00,1010.00,637.00,832.00,790.00,373.50,1350.04,1197.00,693.00,830.00
6,1,17,1563.50,1541.00,926.00,1690.00,1010.00,637.00,832.00,790.00,373.50,1350.04,1197.00,693.00,830.00
6,1,18,1563.50,1541.00,926.00,1690.00,1010.00,637.00,832.00,790.00,373.50,1350.04,1197.00,693.00,830.00
6,1,19,1563.50,1541.00,926.00,1690.00,1010.00,637.00,832.00,790.00,373.50,1350.04,1197.00,693.00,830.00
6,1,20,1563.50,1541.00,926.00,1690.00,1010.00,637.00,832.00,790.00,373.50,1350.04,1197.00,693.00,830.00
6,1,21,1563.50,1541.00,926.00,1690.00,1010.00,637.00,832.00,790.00,373.50,1350.04,1197.00,693.00,830.00
6,1,22,1563.50,1541.00,926.00,1690.00,1010.00,637.00,832.00,790.00,373.50,1350.04,1197.00,693.00,830.00
6,1,23,1563.50,1541.00,926.00,1690.00,1010.00,637.00,832.00,790.00,373.50,1350.04,1197.00,693.00,830.00
6,1,24,1563.50,1541.00,926.00,1690.00,1010.00,637.00,832.00,790.00,373.50,1350.04,1197.00,693.00,830.00
6,2,1,1563.50,1541.00,926.00,1690.00,1010.00,637.00,832.00,790.00,373.50,1350.04,1197.00,693.00,830.00
6,2,2,1563.50,1541.00,926.00,1690.00,1010.00,637.00,832.00,790.00,373.50,1350.04,1197.00,693.00,830.00
6,2,3,1563.50,1541.00,926.00,1690.00,1010.00,637.00,832.00,790.00,373.50,1350.04,1197.00,693.00,830.00
6,2,4,1563.50,1541.00,926.00,1690.00,1010.00,637.00,832.00,790.00,373.50,1350.04,1197.00,693.00,830.00
6,2,5,1563.50,1541.00,926.00,1690.00,1010.00,637.00,832.00,790.00,373.50,1350.04,1197.00,693.00,830.00
6,2,6,1563.50,1541.00,926.00,1690.00,1010.00,637.00,832.00,790.00,373.50,1350.04,1197.00,693.00,830.00
6,2,7,1563.50,1541.00,926.00,1690.00,1010.00,637.00,832.00,790.00,373.50,1350.04,1197.00,693.00,830.00
6,2,8,1563.50,1541.00,926.00,1690.00,1010.00,637.00,832.00,790.00,373.50,1350.04,1197.00,693.00,830.00
6,2,9,1563.50,1541.00,926.00,1690.00,1010.00,637.00,832.00,790.00,373.50,1350.04,1197.00,693.00,830.00
6,2,10,1563.50,1541.00,926.00,1690.00,1010.00,637.00,832.00,790.00,373.50,1350.04,1197.00,693.00,830.00
6,2,11,1563.50,1541.00,926.00,1690.00,1010.00,637.00,832.00,790.00,373.50,1350.04,1197.00,693.00,830.00
6,2,12,1563.50,1541.00,926.00,1690.00,1010.00,637.00,832.00,790.00,373.50,1350.04,1197.00,693.00,830.00
6,2,13,1563.50,1541.00,926.00,1690.00,1010.00,637.00,832.00,790.00,373.50,1350.04,1197.00,693.00,830.00
6,2,14,1563.50,1541.00,926.00,1690.00,1010.00,637.00,832.00,790.00,373.50,1350.04,1197.00,693.00,830.00
6,2,15,1563.50,1541.00,926.00,1690.00,1010.00,637.00,832.00,790.00,373.50,1350.04,1197.00,693.00,830.00
6,2,16,1563.50,1541.00,926.00,1690.00,1010.00,637.00,832.00,790.00,373.50,1350.04,1197.00,693.00,830.00
6,2,17,1563.50,1541.00,926.00,1690.00,1010.00,637.00,832.00,790.00,373.50,1350.04,1197.00,693.00,830.00
6,2,18,1563.50,1541.00,926.00,1690.00,1010.00,637.00,832.00,790.00,373.50,1350.04,1197.00,693.00,830.00
6,2,19,1563.50,1541.00,926.00,1690.00,1010.00,637.00,832.00,790.00,373.50,1350.04,1197.00,693.00,830.00
6,2,20,1563.50,1541.00,926.00,1690.00,1010.00,637.00,832.00,790.00,373.50,1350.04,1197.00,693.00,830.00
6,2,21,1563.50,1541.00,926.00,1690.00,1010.00,637.00,832.00,790.00,373.50,1350.04,1197.00,693.00,830.00
6,2,22,1563.50,1541.00,926.00,1690.00,1010.00,637.00,832.00,790.00,373.50,1350.04,1197.00,693.00,830.00
6,2,23,1563.50,1541.00,926.00,1690.00,1010.00,637.00,832.00,790.00,373.50,1350.04,1197.00,693.00,830.00
6,2,24,1563.50,1541.00,926.00,1690.00,1010.00,637.00,832.00,790.00,373.50,1350.04,1197.00,693.00,830.00
6,3,1,1563.50,1541.00,926.00,1690.00,1010.00,637.00,832.00,790.00,373.50,1350.04,1197.00,693.00,830.00
6,3,2,1563.50,1541.00,926.00,1690.00,1010.00,637.00,832.00,790.00,373.50,1350.04,1197.00,693.00,830.00
6,3,3,1563.50,1541.00,926.00,1690.00,1010.00,637.00,832.00,790.00,373.50,1350.04,1197.00,693.00,830.00
6,3,4,1563.50,1541.00,926.00,1690.00,1010.00,637.00,832.00,790.00,373.50,1350.04,1197.00,693.00,830.00
6,3,5,1563.50,1541.00,926.00,1690.00,1010.00,637.00,832.00,790.00,373.50,1350.04,1197.00,693.00,830.00
6,3,6,1563.50,1541.00,926.00,1690.00,1010.00,637.00,832.00,790.00,373.50,1350.04,1197.00,693.00,830.00
6,3,7,1563.50,1541.00,926.00,1690.00,1010.00,637.00,832.00,790.00,373.50,1350.04,1197.00,693.00,830.00
6,3,8,1563.50,1541.00,926.00,1690.00,1010.00,637.00,832.00,790.00,373.50,1350.04,1197.00,693.00,830.00
6,3,9,1563.50,1541.00,926.00,1690.00,1010.00,637.00,832.00,790.00,373.50,1350.04,1197.00,693.00,830.00
6,3,10,1563.50,1541.00,926.00,1690.00,1010.00,637.00,832.00,790.00,373.50,1350.04,1197.00,693.00,830.00
6,3,11,1563.50,1541.00,926.00,1690.00,1010.00,637.00,832.00,790.00,373.50,1350.04,1197.00,693.00,830.00
6,3,12,1563.50,1541.00,926.00,1690.00,1010.00,637.00,832.00,790.00,373.50,1350.04,1197.00,693.00,830.00
6,3,13,1563.50,1541.00,926.00,1690.00,1010.00,637.00,832.00,790.00,373.50,1350.04,1197.00,693.00,830.00
6,3,14,1563.50,1541.00,926.00,1690.00,1010.00,637.00,832.00,790.00,373.50,1350.04,1197.00,693.00,830.00
6,3,15,1563.50,1541.00,926.00,1690.00,1010.00,637.00,832.00,790.00,373.50,1350.04,1197.00,693.00,830.00
6,3,16,1563.50,1541.00,926.00,1690.00,1010.00,637.00,832.00,790.00,373.50,1350.04,1197.00,693.00,830.00
6,3,17,1563.50,1541.00,926.00,1690.00,1010.00,637.00,832.00,790.00,373.50,1350.04,1197.00,693.00,830.00
6,3,18,1563.50,1541.00,926.00,1690.00,1010.00,637.00,832.00,790.00,373.50,1350.04,1197.00,693.00,830.00
6,3,19,1563.50,1541.00,926.00,1690.00,1010.00,637.00,832.00,790.00,373.50,1350.04,1197.00,693.00,830.00
6,3,20,1563.50,1541.00,926.00,1690.00,1010.00,637.00,832.00,790.00,373.50,1350.04,1197.00,693.00,830.00
6,3,21,1563.50,1541.00,926.00,1690.00,1010.00,637.00,832.00,790.00,373.50,1350.04,1197.00,693.00,830.00
6,3,22,1563.50,1541.00,926.00,1690.00,1010.00,637.00,832.00,790.00,373.50,1350.04,1197.00,693.00,830.00
6,3,23,1563.50,1541.00,926.00,1690.00,1010.00,637.00,832.00,790.00,373.50,1350.04,1197.00,693.00,830.00
6,3,24,1563.50,1541.00,926.00,1690.00,1010.00,637.00,832.00,790.00,373.50,1350.04,1197.00,693.00,830.00
6,4,1,1563.50,1541.00,926.00,1690.00,1010.00,637.00,832.00,790.00,373.50,1350.04,1197.00,693.00,830.00
6,4,2,1563.50,1541.00,926.00,1690.00,1010.00,637.00,832.00,790.00,373.50,1350.04,1197.00,693.00,830.00
6,4,3,1563.50,1541.00,926.00,1690.00,1010.00,637.00,832.00,790.00,373.50,1350.04,1197.00,693.00,830.00
6,4,4,1563.50,1541.00,926.00,1690.00,1010.00,637.00,832.00,790.00,373.50,1350.04,1197.00,693.00,830.00
6,4,5,1563.50,1541.00,926.00,1690.00,1010.00,637.00,832.00,790.00,373.50,1350.04,1197.00,693.00,830.00
6,4,6,1563.50,1541.00,926.00,1690.00,1010.00,637.00,832.00,790.00,373.50,1350.04,1197.00,693.00,830.00
6,4,7,1563.50,1541.00,926.00,1690.00,1010.00,637.00,832.00,790.00,373.50,1350.04,1197.00,693.00,830.00
6,4,8,1563.50,1541.00,926.00,1690.00,1010.00,637.00,832.00,790.00,373.50,1350.04,1197.00,693.00,830.00
6,4,9,1563.50,1541.00,926.00,1690.00,1010.00,637.00,832.00,790.00,373.50,1350.04,1197.00,693.00,830.00
6,4,10,1563.50,1541.00,926.00,1690.00,1010.00,637.00,832.00,790.00,373.50,1350.04,1197.00,693.00,830.00
6,4,11,1563.50,1541.00,926.00,1690.00,1010.00,637.00,832.00,790.00,373.50,1350.04,1197.00,693.00,830.00
6,4,12,1563.50,1541.00,926.00,1690.00,1010.00,637.00,832.00,790.00,373.50,1350.04,1197.00,693.00,830.00
6,4,13,1563.50,1541.00,926.00,1690.00,1010.00,637.00,832.00,790.00,373.50,1350.04,1197.00,693.00,830.00
6,4,14,1563.50,1541.00,926.00,1690.00,1010.00,637.00,832.00,790.00,373.50,1350.04,1197.00,693.00,830.00
6,4,15,1563.50,1541.00,926.00,1690.00,1010.00,637.00,832.00,790.00,373.50,1350.04,1197.00,693.00,830.00
6,4,16,1563.50,1541.00,926.00,1690.00,1010.00,637.00,832.00,790.00,373.50,1350.04,1197.00,693.00,830.00
6,4,17,1563.50,1541.00,926.00,1690.00,1010.00,637.00,832.00,790.00,373.50,1350.04,1197.00,693.00,830.00
6,4,18,1563.50,1541.00,926.00,1690.00,1010.00,637.00,832.00,790.00,373.50,1350.04,1197.00,693.00,830.00
6,4,19,1563.50,1541.00,926.00,1690.00,1010.00,637.00,832.00,790.00,373.50,1350.04,1197.00,693.00,830.00
6,4,20,1563.50,1541.00,926.00,1690.00,1010.00,637.00,832.00,790.00,373.50,1350.04,1197.00,693.00,830.00
6,4,21,1563.50,1541.00,926.00,1690.00,1010.00,637.00,832.00,790.00,373.50,1350.04,1197.00,693.00,830.00
6,4,22,1563.50,1541.00,926.00,1690.00,1010.00,637.00,832.00,790.00,373.50,1350.04,1197.00,693.00,830.00
6,4,23,1563.50,1541.00,926.00,1690.00,1010.00,637.00,832.00,790.00,373.50,1350.04,1197.00,693.00,830.00
6,4,24,1563.50,1541.00,926.00,1690.00,1010.00,637.00,832.00,790.00,373.50,1350.04,1197.00,693.00,830.00
6,5,1,1563.50,1541.00,926.00,1690.00,1010.00,637.00,832.00,790.00,373.50,1350.04,1197.00,693.00,830.00
6,5,2,1563.50,1541.00,926.00,1690.00,1010.00,637.00,832.00,790.00,373.50,1350.04,1197.00,693.00,830.00
6,5,3,1563.50,1541.00,926.00,1690.00,1010.00,637.00,832.00,790.00,373.50,1350.04,1197.00,693.00,830.00
6,5,4,1563.50,1541.00,926.00,1690.00,1010.00,637.00,832.00,790.00,373.50,1350.04,1197.00,693.00,830.00
6,5,5,1563.50,1541.00,926.00,1690.00,1010.00,637.00,832.00,790.00,373.50,1350.04,1197.00,693.00,830.00
6,5,6,1563.50,1541.00,926.00,1690.00,1010.00,637.00,832.00,790.00,373.50,1350.04,1197.00,693.00,830.00
6,5,7,1563.50,1541.00,926.00,1690.00,1010.00,637.00,832.00,790.00,373.50,1350.04,1197.00,693.00,830.00
6,5,8,1563.50,1541.00,926.00,1690.00,1010.00,637.00,832.00,790.00,373.50,1350.04,1197.00,693.00,830.00
6,5,9,1563.50,1541.00,926.00,1690.00,1010.00,637.00,832.00,790.00,373.50,1350.04,1197.00,693.00,830.00
6,5,10,1563.50,1541.00,926.00,1690.00,1010.00,637.00,832.00,790.00,373.50,1350.04,1197.00,693.00,830.00
6,5,11,1563.50,1541.00,926.00,1690.00,1010.00,637.00,832.00,790.00,373.50,1350.04,1197.00,693.00,830.00
6,5,12,1563.50,1541.00,926.00,1690.00,1010.00,637.00,832.00,790.00,373.50,1350.04,1197.00,693.00,830.00
6,5,13,1563.50,1541.00,926.00,1690.00,1010.00,637.00,832.00,790.00,373.50,1350.04,1197.00,693.00,830.00
6,5,14,1563.50,1541.00,926.00,1690.00,1010.00,637.00,832.00,790.00,373.50,1350.04,1197.00,693.00,830.00
6,5,15,1563.50,1541.00,926.00,1690.00,1010.00,637.00,832.00,790.00,373.50,1350.04,1197.00,693.00,830.00
6,5,16,1563.50,1541.00,926.00,1690.00,1010.00,637.00,832.00,790.00,373.50,1350.04,1197.00,693.00,830.00
6,5,17,1563.50,1541.00,926.00,1690.00,1010.00,637.00,832.00,790.00,373.50,1350.04,1197.00,693.00,830.00
6,5,18,1563.50,1541.00,926.00,1690.00,1010.00,637.00,832.00,790.00,373.50,1350.04,1197.00,693.00,830.00
6,5,19,1563.50,1541.00,926.00,1690.00,1010.00,637.00,832.00,790.00,373.50,1350.04,1197.00,693.00,830.00
6,5,20,1563.50,1541.00,926.00,1690.00,1010.00,637.00,832.00,790.00,373.50,1350.04,1197.00,693.00,830.00
6,5,21,1563.50,1541.00,926.00,1690.00,1010.00,637.00,832.00,790.00,373.50,1350.04,1197.00,693.00,830.00
6,5,22,1563.50,1541.00,926.00,1690.00,1010.00,637.00,832.00,790.00,373.50,1350.04,1197.00,693.00,830.00
6,5,23,1563.50,1541.00,926.00,1690.00,1010.00,637.00,832.00,790.00,373.50,1350.04,1197.00,693.00,830.00
6,5,24,1563.50,1541.00,926.00,1690.00,1010.00,637.00,832.00,790.00,373.50,1350.04,1197.00,693.00,830.00
6,6,1,1563.50,1541.00,926.00,1690.00,1010.00,637.00,832.00,790.00,373.50,1350.04,1197.00,693.00,830.00
6,6,2,1563.50,1541.00,926.00,1690.00,1010.00,637.00,832.00,790.00,373.50,1350.04,1197.00,693.00,830.00
6,6,3,1563.50,1541.00,926.00,1690.00,1010.00,637.00,832.00,790.00,373.50,1350.04,1197.00,693.00,830.00
6,6,4,1563.50,1541.00,926.00,1690.00,1010.00,637.00,832.00,790.00,373.50,1350.04,1197.00,693.00,830.00
6,6,5,1563.50,1541.00,926.00,1690.00,1010.00,637.00,832.00,790.00,373.50,1350.04,1197.00,693.00,830.00
6,6,6,1563.50,1541.00,926.00,1690.00,1010.00,637.00,832.00,790.00,373.50,1350.04,1197.00,693.00,830.00
6,6,7,1563.50,1541.00,926.00,1690.00,1010.00,637.00,832.00,790.00,373.50,1350.04,1197.00,693.00,830.00
6,6,8,1563.50,1541.00,926.00,1690.00,1010.00,637.00,832.00,790.00,373.50,1350.04,1197.00,693.00,830.00
6,6,9,1563.50,1541.00,926.00,1690.00,1010.00,637.00,832.00,790.00,373.50,1350.04,1197.00,693.00,830.00
6,6,10,1563.50,1541.00,926.00,1690.00,1010.00,637.00,832.00,790.00,373.50,1350.04,1197.00,693.00,830.00
6,6,11,1563.50,1541.00,926.00,1690.00,1010.00,637.00,832.00,790.00,373.50,1350.04,1197.00,693.00,830.00
6,6,12,1563.50,1541.00,926.00,1690.00,1010.00,637.00,832.00,790.00,373.50,1350.04,1197.00,693.00,830.00
6,6,13,1563.50,1541.00,926.00,1690.00,1010.00,637.00,832.00,790.00,373.50,1350.04,1197.00,693.00,830.00
6,6,14,1563.50,1541.00,926.00,1690.00,1010.00,637.00,832.00,790.00,373.50,1350.04,1197.00,693.00,830.00
6,6,15,1563.50,1541.00,926.00,1690.00,1010.00,637.00,832.00,790.00,373.50,1350.04,1197.00,693.00,830.00
6,6,16,1563.50,1541.00,926.00,1690.00,1010.00,637.00,832.00,790.00,373.50,1350.04,1197.00,693.00,830.00
6,6,17,1563.50,1541.00,926.00,1690.00,1010.00,637.00,832.00,790.00,373.50,1350.04,1197.00,693.00,830.00
6,6,18,1563.50,1541.00,926.00,1690.00,1010.00,637.00,832.00,790.00,373.50,1350.04,1197.00,693.00,830.00
6,6,19,1563.50,1541.00,926.00,1690.00,1010.00,637.00,832.00,790.00,373.50,1350.04,1197.00,693.00,830.00
6,6,20,1563.50,1541.00,926.00,1690.00,1010.00,637.00,832.00,790.00,373.50,1350.04,1197.00,693.00,830.00
6,6,21,1563.50,1541.00,926.00,1690.00,1010.00,637.00,832.00,790.00,373.50,1350.04,1197.00,693.00,830.00
6,6,22,1563.50,1541.00,926.00,1690.00,1010.00,637.00,832.00,790.00,373.50,1350.04,1197.00,693.00,830.00
6,6,23,1563.50,1541.00,926.00,1690.00,1010.00,637.00,832.00,790.00,373.50,1350.04,1197.00,693.00,830.00
6,6,24,1563.50,1541.00,926.00,1690.00,1010.00,637.00,832.00,790.00,373.50,1350.04,1197.00,693.00,830.00
6,7,1,1563.50,1541.00,926.00,1690.00,1010.00,637.00,832.00,790.00,373.50,1350.04,1197.00,693.00,830.00
6,7,2,1563.50,1541.00,926.00,1690.00,1010.00,637.00,832.00,790.00,373.50,1350.04,1197.00,693.00,830.00
6,7,3,1563.50,1541.00,926.00,1690.00,1010.00,637.00,832.00,790.00,373.50,1350.04,1197.00,693.00,830.00
6,7,4,1563.50,1541.00,926.00,1690.00,1010.00,637.00,832.00,790.00,373.50,1350.04,1197.00,693.00,830.00
6,7,5,1563.50,1541.00,926.00,1690.00,1010.00,637.00,832.00,790.00,373.50,1350.04,1197.00,693.00,830.00
6,7,6,1563.50,1541.00,926.00,1690.00,1010.00,637.00,832.00,790.00,373.50,1350.04,1197.00,693.00,830.00
6,7,7,1563.50,1541.00,926.00,1690.00,1010.00,637.00,832.00,790.00,373.50,1350.04,1197.00,693.00,830.00
6,7,8,1563.50,1541.00,926.00,1690.00,1010.00,637.00,832.00,790.00,373.50,1350.04,1197.00,693.00,830.00
6,7,9,1563.50,1541.00,926.00,1690.00,1010.00,637.00,832.00,790.00,373.50,1350.04,1197.00,693.00,830.00
6,7,10,1563.50,1541.00,926.00,1690.00,1010.00,637.00,832.00,790.00,373.50,1350.04,1197.00,693.00,830.00
6,7,11,1563.50,1541.00,926.00,1690.00,1010.00,637.00,832.00,790.00,373.50,1350.04,1197.00,693.00,830.00
6,7,12,1563.50,1541.00,926.00,1690.00,1010.00,637.00,832.00,790.00,373.50,1350.04,1197.00,693.00,830.00
6,7,13,1563.50,1541.00,926.00,1690.00,1010.00,637.00,832.00,790.00,373.50,1350.04,1197.00,693.00,830.00
6,7,14,1563.50,1541.00,926.00,1690.00,1010.00,637.00,832.00,790.00,373.50,1350.04,1197.00,693.00,830.00
6,7,15,1563.50,1541.00,926.00,1690.00,1010.00,637.00,832.00,790.00,373.50,1350.04,1197.00,693.00,830.00
6,7,16,1563.50,1541.00,926.00,1690.00,1010.00,637.00,832.00,790.00,373.50,1350.04,1197.00,693.00,830.00
6,7,17,1563.50,1541.00,926.00,1690.00,1010.00,637.00,832.00,790.00,373.50,1350.04,1197.00,693.00,830.00
6,7,18,1563.50,1541.00,926.00,1690.00,1010.00,637.00,832.00,790.00,373.50,1350.04,1197.00,693.00,830.00
6,7,19,1563.50,1541.00,926.00,1690.00,1010.00,637.00,832.00,790.00,373.50,1350.04,1197.00,693.00,830.00
6,7,20,1563.50,1541.00,926.00,1690.00,1010.00,637.00,832.00,790.00,373.50,1350.04,1197.00,693.00,830.00
6,7,21,1563.50,1541.00,926.00,1690.00,1010.00,637.00,832.00,790.00,373.50,1350.04,1197.00,693.00,830.00
6,7,22,1563.50,1541.00,926.00,1690.00,1010.00,637.00,832.00,790.00,373.50,1350.04,1197.00,693.00,830.00
6,7,23,1563.50,1541.00,926.00,1690.00,1010.00,637.00,832.00,790.00,373.50,1350.04,1197.00,693.00,830.00
6,7,24,1563.50,1541.00,926.00,1690.00,1010.00,637.00,832.00,790.00,373.50,1350.04,1197.00,693.00,830.00
6,8,1,1563.50,1541.00,926.00,1690.00,1010.00,637.00,832.00,790.00,373.50,1350.04,1197.00,693.00,830.00
6,8,2,1563.50,1541.00,926.00,1690.00,1010.00,637.00,832.00,790.00,373.50,1350.04,1197.00,693.00,830.00
6,8,3,1563.50,1541.00,926.00,1690.00,1010.00,637.00,832.00,790.00,373.50,1350.04,1197.00,693.00,830.00
6,8,4,1563.50,1541.00,926.00,1690.00,1010.00,637.00,832.00,790.00,373.50,1350.04,1197.00,693.00,830.00
6,8,5,1563.50,1541.00,926.00,1690.00,1010.00,637.00,832.00,790.00,373.50,1350.04,1197.00,693.00,830.00
6,8,6,1563.50,1541.00,926.00,1690.00,1010.00,637.00,832.00,790.00,373.50,1350.04,1197.00,693.00,830.00
6,8,7,1563.50,1541.00,926.00,1690.00,1010.00,637.00,832.00,790.00,373.50,1350.04,1197.00,693.00,830.00
6,8,8,1563.50,1541.00,926.00,1690.00,1010.00,637.00,832.00,790.00,373.50,1350.04,1197.00,693.00,830.00
6,8,9,1563.50,1541.00,926.00,1690.00,1010.00,637.00,832.00,790.00,373.50,1350.04,1197.00,693.00,830.00
6,8,10,1563.50,1541.00,926.00,1690.00,1010.00,637.00,832.00,790.00,373.50,1350.04,1197.00,693.00,830.00
6,8,11,1563.50,1541.00,926.00,1690.00,1010.00,637.00,832.00,790.00,373.50,1350.04,1197.00,693.00,830.00
6,8,12,1563.50,1541.00,926.00,1690.00,1010.00,637.00,832.00,790.00,373.50,1350.04,1197.00,693.00,830.00
6,8,13,1563.50,1541.00,926.00,1690.00,1010.00,637.00,832.00,790.00,373.50,1350.04,1197.00,693.00,830.00
6,8,14,1563.50,1541.00,926.00,1690.00,1010.00,637.00,832.00,790.00,373.50,1350.04,1197.00,693.00,830.00
6,8,15,1563.50,1541.00,926.00,1690.00,1010.00,637.00,832.00,790.00,373.50,1350.04,1197.00,693.00,830.00
6,8,16,1563.50,1541.00,926.00,1690.00,1010.00,637.00,832.00,790.00,373.50,1350.04,1197.00,693.00,830.00
6,8,17,1563.50,1541.00,926.00,1690.00,1010.00,637.00,832.00,790.00,373.50,1350.04,1197.00,693.00,830.00
6,8,18,1563.50,1541.00,926.00,1690.00,1010.00,637.00,832.00,790.00,373.50,1350.04,1197.00,693.00,830.00
6,8,19,1563.50,1541.00,926.00,1690.00,1010.00,637.00,832.00,790.00,373.50,1350.04,1197.00,693.00,830.00
6,8,20,1563.50,1541.00,926.00,1690.00,1010.00,637.00,832.00,790.00,373.50,1350.04,1197.00,693.00,830.00
6,8,21,1563.50,1541.00,926.00,1690.00,1010.00,637.00,832.00,790.00,373.50,1350.04,1197.00,693.00,830.00
6,8,22,1563.50,1541.00,926.00,1690.00,1010.00,637.00,832.00,790.00,373.50,1350.04,1197.00,693.00,830.00
6,8,23,1563.50,1541.00,926.00,1690.00,1010.00,637.00,832.00,790.00,373.50,1350.04,1197.00,693.00,830.00
6,8,24,1563.50,1541.00,926.00,1690.00,1010.00,637.00,832.00,790.00,373.50,1350.04,1197.00,693.00,830.00
6,9,1,1563.50,1541.00,926.00,1690.00,1010.00,637.00,832.00,790.00,373.50,1350.04,1197.00,693.00,830.00
6,9,2,1563.50,1541.00,926.00,1690.00,1010.00,637.00,832.00,790.00,373.50,1350.04,1197.00,693.00,830.00
6,9,3,1563.50,1541.00,926.00,1690.00,1010.00,637.00,832.00,790.00,373.50,1350.04,1197.00,693.00,830.00
6,9,4,1563.50,1541.00,926.00,1690.00,1010.00,637.00,832.00,790.00,373.50,1350.04,1197.00,693.00,830.00
6,9,5,1563.50,1541.00,926.00,1690.00,1010.00,637.00,832.00,790.00,373.50,1350.04,1197.00,693.00,830.00
6,9,6,1563.50,1541.00,926.00,1690.00,1010.00,637.00,832.00,790.00,373.50,1350.04,1197.00,693.00,830.00
6,9,7,1563.50,1541.00,926.00,1690.00,1010.00,637.00,832.00,790.00,373.50,1350.04,1197.00,693.00,830.00
6,9,8,1563.50,1541.00,926.00,1690.00,1010.00,637.00,832.00,790.00,373.50,1350.04,1197.00,693.00,830.00
6,9,9,1563.50,1541.00,926.00,1690.00,1010.00,637.00,832.00,790.00,373.50,1350.04,1197.00,693.00,830.00
6,9,10,1563.50,1541.00,926.00,1690.00,1010.00,637.00,832.00,790.00,373.50,1350.04,1197.00,693.00,830.00
6,9,11,1563.50,1541.00,926.00,1690.00,1010.00,637.00,832.00,790.00,373.50,1350.04,1197.00,693.00,830.00
6,9,12,1563.50,1541.00,926.00,1690.00,1010.00,637.00,832.00,790.00,373.50,1350.04,1197.00,693.00,830.00
6,9,13,1563.50,1541.00,926.00,1690.00,1010.00,637.00,832.00,790.00,373.50,1350.04,1197.00,693.00,830.00
6,9,14,1563.50,1541.00,926.00,1690.00,1010.00,637.00,832.00,790.00,373.50,1350.04,1197.00,693.00,830.00
6,9,15,1563.50,1541.00,926.00,1690.00,1010.00,637.00,832.00,790.00,373.50,1350.04,1197.00,693.00,830.00
6,9,16,1563.50,1541.00,926.00,1690.00,1010.00,637.00,832.00,790.00,373.50,1350.04,1197.00,693.00,830.00
6,9,17,1563.50,1541.00,926.00,1690.00,1010.00,637.00,832.00,790.00,373.50,1350.04,1197.00,693.00,830.00
6,9,18,1563.50,1541.00,926.00,1690.00,1010.00,637.00,832.00,790.00,373.50,1350.04,1197.00,693.00,830.00
6,9,19,1563.50,1541.00,926.00,1690.00,1010.00,637.00,832.00,790.00,373.50,1350.04,1197.00,693.00,830.00
6,9,20,1563.50,1541.00,926.00,1690.00,1010.00,637.00,832.00,790.00,373.50,1350.04,1197.00,693.00,830.00
6,9,21,1563.50,1541.00,926.00,1690.00,1010.00,637.00,832.00,790.00,373.50,1350.04,1197.00,693.00,830.00
6,9,22,1563.50,1541.00,926.00,1690.00,1010.00,637.00,832.00,790.00,373.50,1350.04,1197.00,693.00,830.00
6,9,23,1563.50,1541.00,926.00,1690.00,1010.00,637.00,832.00,790.00,373.50,1350.04,1197.00,693.00,830.00
6,9,24,1563.50,1541.00,926.00,1690.00,1010.00,637.00,832.00,790.00,373.50,1350.04,1197.00,693.00,830.00
6,10,1,1563.50,1541.00,926.00,1690.00,1010.00,637.00,832.00,790.00,373.50,1350.04,1197.00,693.00,830.00
6,10,2,1563.50,1541.00,926.00,1690.00,1010.00,637.00,832.00,790.00,373.50,1350.04,1197.00,693.00,830.00
6,10,3,1563.50,1541.00,926.00,1690.00,1010.00,637.00,832.00,790.00,373.50,1350.04,1197.00,693.00,830.00
6,10,4,1563.50,1541.00,926.00,1690.00,1010.00,637.00,832.00,790.00,373.50,1350.04,1197.00,693.00,830.00
6,10,5,1563.50,1541.00,926.00,1690.00,1010.00,637.00,832.00,790.00,373.50,1350.04,1197.00,693.00,830.00
6,10,6,1563.50,1541.00,926.00,1690.00,1010.00,637.00,832.00,790.00,373.50,1350.04,1197.00,693.00,830.00
6,10,7,1563.50,1541.00,926.00,1690.00,1010.00,637.00,832.00,790.00,373.50,1350.04,1197.00,693.00,830.00
6,10,8,1563.50,1541.00,926.00,1690.00,1010.00,637.00,832.00,790.00,373.50,1350.04,1197.00,693.00,830.00
6,10,9,1563.50,1541.00,926.00,1690.00,1010.00,637.00,832.00,790.00,373.50,1350.04,1197.00,693.00,830.00
6,10,10,1563.50,1541.00,926.00,1690.00,1010.00,637.00,832.00,790.00,373.50,1350.04,1197.00,693.00,830.00
6,10,11,1563.50,1541.00,926.00,1690.00,1010.00,637.00,832.00,790.00,373.50,1350.04,1197.00,693.00,830.00
6,10,12,1563.50,1541.00,926.00,1690.00,1010.00,637.00,832.00,790.00,373.50,1350.04,1197.00,693.00,830.00
6,10,13,1563.50,1541.00,926.00,1690.00,1010.00,637.00,832.00,790.00,373.50,1350.04,1197.00,693.00,830.00
6,10,14,1563.50,1541.00,926.00,1690.00,1010.00,637.00,832.00,790.00,373.50,1350.04,1197.00,693.00,830.00
6,10,15,1563.50,1541.00,926.00,1690.00,1010.00,637.00,832.00,790.00,373.50,1350.04,1197.00,693.00,830.00
6,10,16,1563.50,1541.00,926.00,1690.00,1010.00,637.00,832.00,790.00,373.50,1350.04,1197.00,693.00,830.00
6,10,17,1563.50,1541.00,926.00,1690.00,1010.00,637.00,832.00,790.00,373.50,1350.04,1197.00,693.00,830.00
6,10,18,1563.50,1541.00,926.00,1690.00,1010.00,637.00,832.00,790.00,373.50,1350.04,1197.00,693.00,830.00
6,10,19,1563.50,1541.00,926.00,1690.00,1010.00,637.00,832.00,790.00,373.50,1350.04,1197.00,693.00,830.00
6,10,20,1563.50,1541.00,926.00,1690.00,1010.00,637.00,832.00,790.00,373.50,1350.04,1197.00,693.00,830.00
6,10,21,1563.50,1541.00,926.00,1690.00,1010.00,637.00,832.00,790.00,373.50,1350.04,1197.00,693.00,830.00
6,10,22,1563.50,1541.00,926.00,1690.00,1010.00,637.00,832.00,790.00,373.50,1350.04,1197.00,693.00,830.00
6,10,23,1563.50,1541.00,926.00,1690.00,1010.00,637.00,832.00,790.00,373.50,1350.04,1197.00,693.00,830.00
6,10,24,1563.50,1541.00,926.00,1690.00,1010.00,637.00,832.00,790.00,373.50,1350.04,1197.00,693.00,830.00
6,11,1,1563.50,1541.00,926.00,1690.00,1010.00,637.00,832.00,790.00,373.50,1350.04,1197.00,693.00,830.00
6,11,2,1563.50,1541.00,926.00,1690.00,1010.00,637.00,832.00,790.00,373.50,1350.04,1197.00,693.00,830.00
6,11,3,1563.50,1541.00,926.00,1690.00,1010.00,637.00,832.00,790.00,373.50,1350.04,1197.00,693.00,830.00
6,11,4,1563.50,1541.00,926.00,1690.00,1010.00,637.00,832.00,790.00,373.50,1350.04,1197.00,693.00,830.00
6,11,5,1563.50,1541.00,926.00,1690.00,1010.00,637.00,832.00,790.00,373.50,1350.04,1197.00,693.00,830.00
6,11,6,1563.50,1541.00,926.00,1690.00,1010.00,637.00,832.00,790.00,373.50,1350.04,1197.00,693.00,830.00
6,11,7,1563.50,1541.00,926.00,1690.00,1010.00,637.00,832.00,790.00,373.50,1350.04,1197.00,693.00,830.00
6,11,8,1563.50,1541.00,926.00,1690.00,1010.00,637.00,832.00,790.00,373.50,1350.04,1197.00,693.00,830.00
6,11,9,1563.50,1541.00,926.00,1690.00,1010.00,637.00,832.00,790.00,373.50,1350.04,1197.00,693.00,830.00
6,11,10,1563.50,1541.00,926.00,1690.00,1010.00,637.00,832.00,790.00,373.50,1350.04,1197.00,693.00,830.00
6,11,11,1563.50,1541.00,926.00,1690.00,1010.00,637.00,832.00,790.00,373.50,1350.04,1197.00,693.00,830.00
6,11,12,1563.50,1541.00,926.00,1690.00,1010.00,637.00,832.00,790.00,373.50,1350.04,1197.00,693.00,830.00
6,11,13,1563.50,1541.00,926.00,1690.00,1010.00,637.00,832.00,790.00,373.50,1350.04,1197.00,693.00,830.00
6,11,14,1563.50,1541.00,926.00,1690.00,1010.00,637.00,832.00,790.00,373.50,1350.04,1197.00,693.00,830.00
6,11,15,1563.50,1541.00,926.00,1690.00,1010.00,637.00,832.00,790.00,373.50,1350.04,1197.00,693.00,830.00
6,11,16,1563.50,1541.00,926.00,1690.00,1010.00,637.00,832.00,790.00,373.50,1350.04,1197.00,693.00,830.00
6,11,17,1563.50,1541.00,926.00,1690.00,1010.00,637.00,832.00,790.00,373.50,1350.04,1197.00,693.00,830.00
6,11,18,1563.50,1541.00,926.00,1690.00,1010.00,637.00,832.00,790.00,373.50,1350.04,1197.00,693.00,830.00
6,11,19,1563.50,1541.00,926.00,1690.00,1010.00,637.00,832.00,790.00,373.50,1350.04,1197.00,693.00,830.00
6,11,20,1563.50,1541.00,926.00,1690.00,1010.00,637.00,832.00,790.00,373.50,1350.04,1197.00,693.00,830.00
6,11,21,1563.50,1541.00,926.00,1690.00,1010.00,637.00,832.00,790.00,373.50,1350.04,1197.00,693.00,830.00
6,11,22,1563.50,1541.00,926.00,1690.00,1010.00,637.00,832.00,790.00,373.50,1350.04,1197.00,693.00,830.00
6,11,23,1563.50,1541.00,926.00,1690.00,1010.00,637.00,832.00,790.00,373.50,1350.04,1197.00,693.00,830.00
6,11,24,1563.50,1541.00,926.00,1690.00,1010.00,637.00,832.00,790.00,373.50,1350.04,1197.00,693.00,830.00
6,12,1,1563.50,1541.00,926.00,1690.00,1010.00,637.00,832.00,790.00,373.50,1350.04,1197.00,693.00,830.00
6,12,2,1563.50,1541.00,926.00,1690.00,1010.00,637.00,832.00,790.00,373.50,1350.04,1197.00,693.00,830.00
6,12,3,1563.50,1541.00,926.00,1690.00,1010.00,637.00,832.00,790.00,373.50,1350.04,1197.00,693.00,830.00
6,12,4,1563.50,1541.00,926.00,1690.00,1010.00,637.00,832.00,790.00,373.50,1350.04,1197.00,693.00,830.00
6,12,5,1563.50,1541.00,926.00,1690.00,1010.00,637.00,832.00,790.00,373.50,1350.04,1197.00,693.00,830.00
6,12,6,1563.50,1541.00,926.00,1690.00,1010.00,637.00,832.00,790.00,373.50,1350.04,1197.00,693.00,830.00
6,12,7,1563.50,1541.00,926.00,1690.00,1010.00,637.00,832.00,790.00,373.50,1350.04,1197.00,693.00,830.00
6,12,8,1563.50,1541.00,926.00,1690.00,1010.00,637.00,832.00,790.00,373.50,1350.04,1197.00,693.00,830.00
6,12,9,1563.50,1541.00,926.00,1690.00,1010.00,637.00,832.00,790.00,373.50,1350.04,1197.00,693.00,830.00
6,12,10,1563.50,1541.00,926.00,1690.00,1010.00,637.00,832.00,790.00,373.50,1350.04,1197.00,693.00,830.00
6,12,11,1563.50,1541.00,926.00,1690.00,1010.00,637.00,832.00,790.00,373.50,1350.04,1197.00,693.00,830.00
6,12,12,1563.50,1541.00,926.00,1690.00,1010.00,637.00,832.00,790.00,373.50,1350.04,1197.00,693.00,830.00
6,12,13,1563.50,1541.00,926.00,1690.00,1010.00,637.00,832.00,790.00,373.50,1350.04,1197.00,693.00,830.00
6,12,14,1563.50,1541.00,926.00,1690.00,1010.00,637.00,832.00,790.00,373.50,1350.04,1197.00,693.00,830.00
6,12,15,1563.50,1541.00,926.00,1690.00,1010.00,637.00,832.00,790.00,373.50,1350.04,1197.00,693.00,830.00
6,12,16,1563.50,1541.00,926.00,1690.00,1010.00,637.00,832.00,790.00,373.50,1350.04,1197.00,693.00,830.00
6,12,17,1563.50,1541.00,926.00,1690.00,1010.00,637.00,832.00,790.00,373.50,1350.04,1197.00,693.00,830.00
6,12,18,1563.50,1541.00,926.00,1690.00,1010.00,637.00,832.00,790.00,373.50,1350.04,1197.00,693.00,830.00
6,12,19,1563.50,1541.00,926.00,1690.00,1010.00,637.00,832.00,790.00,373.50,1350.04,1197.00,693.00,830.00
6,12,20,1563.50,1541.00,926.00,1690.00,1010.00,637.00,832.00,790.00,373.50,1350.04,1197.00,693.00,830.00
6,12,21,1563.50,1541.00,926.00,1690.00,1010.00,637.00,832.00,790.00,373.50,1350.04,1197.00,693.00,830.00
6,12,22,1563.50,1541.00,926.00,1690.00,1010.00,637.00,832.00,790.00,373.50,1350.04,1197.00,693.00,830.00
6,12,23,1563.50,1541.00,926.00,1690.00,1010.00,637.00,832.00,790.00,373.50,1350.04,1197.00,693.00,830.00
6,12,24,1563.50,1541.00,926.00,1690.00,1010.00,637.00,832.00,790.00,373.50,1350.04,1197.00,693.00,830.00
6,13,1,1563.50,1541.00,926.00,1690.00,1010.00,637.00,832.00,790.00,373.50,1350.04,1197.00,693.00,830.00
6,13,2,1563.50,1541.00,926.00,1690.00,1010.00,637.00,832.00,790.00,373.50,1350.04,1197.00,693.00,830.00
6,13,3,1563.50,1541.00,926.00,1690.00,1010.00,637.00,832.00,790.00,373.50,1350.04,1197.00,693.00,830.00
6,13,4,1563.50,1541.00,926.00,1690.00,1010.00,637.00,832.00,790.00,373.50,1350.04,1197.00,693.00,830.00
6,13,5,1563.50,1541.00,926.00,1690.00,1010.00,637.00,832.00,790.00,373.50,1350.04,1197.00,693.00,830.00
6,13,6,1563.50,1541.00,926.00,1690.00,1010.00,637.00,832.00,790.00,373.50,1350.04,1197.00,693.00,830.00
6,13,7,1563.50,1541.00,926.00,1690.00,1010.00,637.00,832.00,790.00,373.50,1350.04,1197.00,693.00,830.00
6,13,8,1563.50,1541.00,926.00,1690.00,1010.00,637.00,832.00,790.00,373.50,1350.04,1197.00,693.00,830.00
6,13,9,1563.50,1541.00,926.00,1690.00,1010.00,637.00,832.00,790.00,373.50,1350.04,1197.00,693.00,830.00
6,13,10,1563.50,1541.00,926.00,1690.00,1010.00,637.00,832.00,790.00,373.50,1350.04,1197.00,693.00,830.00
6,13,11,1563.50,1541.00,926.00,1690.00,1010.00,637.00,832.00,790.00,373.50,1350.04,1197.00,693.00,830.00
6,13,12,1563.50,1541.00,926.00,1690.00,1010.00,637.00,832.00,790.00,373.50,1350.04,1197.00,693.00,830.00
6,13,13,1563.50,1541.00,926.00,1690.00,1010.00,637.00,832.00,790.00,373.50,1350.03,1197.00,693.00,830.00
6,13,14,1563.50,1541.00,926.00,1690.00,1010.00,637.00,832.00,790.00,373.50,1350.03,1197.00,693.00,830.00
6,13,15,1563.50,1541.00,926.00,1690.00,1010.00,637.00,832.00,790.00,373.50,1350.03,1197.00,693.00,830.00
6,13,16,1563.50,1541.00,926.00,1690.00,1010.00,637.00,832.00,790.00,373.50,1350.03,1197.00,693.00,830.00
6,13,17,1563.50,1541.00,926.00,1690.00,1010.00,637.00,832.00,790.00,373.50,1350.03,1197.00,693.00,830.00
6,13,18,1563.50,1541.00,926.00,1690.00,1010.00,637.00,832.00,790.00,373.50,1350.03,1197.00,693.00,830.00
6,13,19,1563.50,1541.00,926.00,1690.00,1010.00,637.00,832.00,790.00,373.50,1350.03,1197.00,693.00,830.00
6,13,20,1563.50,1541.00,926.00,1690.00,1010.00,637.00,832.00,790.00,373.50,1350.03,1197.00,693.00,830.00
6,13,21,1563.50,1541.00,926.00,1690.00,1010.00,637.00,832.00,790.00,373.50,1350.03,1197.00,693.00,830.00
6,13,22,1563.50,1541.00,926.00,1690.00,1010.00,637.00,832.00,790.00,373.50,1350.03,1197.00,693.00,830.00
6,13,23,1563.50,1541.00,926.00,1690.00,1010.00,637.00,832.00,790.00,373.50,1350.03,1197.00,693.00,830.00
6,13,24,1563.50,1541.00,926.00,1690.00,1010.00,637.00,832.00,790.00,373.50,1350.03,1197.00,693.00,830.00
6,14,1,1563.50,1541.00,926.00,1690.00,1010.00,637.00,832.00,790.00,373.50,1350.03,1197.00,693.00,830.00
6,14,2,1563.50,1541.00,926.00,1690.00,1010.00,637.00,832.00,790.00,373.50,1350.03,1197.00,693.00,830.00
6,14,3,1563.50,1541.00,926.00,1690.00,1010.00,637.00,832.00,790.00,373.50,1350.03,1197.00,693.00,830.00
6,14,4,1563.50,1541.00,926.00,1690.00,1010.00,637.00,832.00,790.00,373.50,1350.03,1197.00,693.00,830.00
6,14,5,1563.50,1541.00,926.00,1690.00,1010.00,637.00,832.00,790.00,373.50,1350.03,1197.00,693.00,830.00
6,14,6,1563.50,1541.00,926.00,1690.00,1010.00,637.00,832.00,790.00,373.50,1350.03,1197.00,693.00,830.00
6,14,7,1563.50,1541.00,926.00,1690.00,1010.00,637.00,832.00,790.00,373.50,1350.03,1197.00,693.00,830.00
6,14,8,1563.50,1541.00,926.00,1690.00,1010.00,637.00,832.00,790.00,373.50,1350.03,1197.00,693.00,830.00
6,14,9,1563.50,1541.00,926.00,1690.00,1010.00,637.00,832.00,790.00,373.50,1350.03,1197.00,693.00,830.00
6,14,10,1563.50,1541.00,926.00,1690.00,1010.00,637.00,832.00,790.00,373.50,1350.03,1197.00,693.00,830.00
6,14,11,1563.50,1541.00,926.00,1690.00,1010.00,637.00,832.00,790.00,373.50,1350.03,1197.00,693.00,830.00
6,14,12,1563.50,1541.00,926.00,1690.00,1010.00,637.00,832.00,790.00,373.50,1350.03,1197.00,693.00,830.00
6,14,13,1563.50,1541.00,926.00,1690.00,1010.00,637.00,832.00,790.00,373.50,1350.03,1197.00,693.00,830.00
6,14,14,1563.50,1541.00,926.00,1690.00,1010.00,637.00,832.00,790.00,373.50,1350.03,1197.00,693.00,830.00
6,14,15,1563.50,1541.00,926.00,1690.00,1010.00,637.00,832.00,790.00,373.50,1350.03,1197.00,693.00,830.00
6,14,16,1563.50,1541.00,926.00,1690.00,1010.00,637.00,832.00,790.00,373.50,1350.03,1197.00,693.00,830.00
6,14,17,1563.50,1541.00,926.00,1690.00,1010.00,637.00,832.00,790.00,373.50,1350.03,1197.00,693.00,830.00
6,14,18,1563.50,1541.00,926.00,1690.00,1010.00,637.00,832.00,790.00,373.50,1350.03,1197.00,693.00,830.00
6,14,19,1563.50,1541.00,926.00,1690.00,1010.00,637.00,832.00,790.00,373.50,1350.03,1197.00,693.00,830.00
6,14,20,1563.50,1541.00,926.00,1690.00,1010.00,637.00,832.00,790.00,373.50,1350.03,1197.00,693.00,830.00
6,14,21,1563.50,1541.00,926.00,1690.00,1010.00,637.00,832.00,790.00,373.50,1350.03,1197.00,693.00,830.00
6,14,22,1563.50,1541.00,926.00,1690.00,1010.00,637.00,832.00,790.00,373.50,1350.03,1197.00,693.00,830.00
6,14,23,1563.50,1541.00,926.00,1690.00,1010.00,637.00,832.00,790.00,373.50,1350.03,1197.00,693.00,830.00
6,14,24,1563.50,1541.00,926.00,1690.00,1010.00,637.00,832.00,790.00,373.50,1350.03,1197.00,693.00,830.00
6,15,1,1563.50,1541.00,926.00,1690.00,1010.00,637.00,832.00,790.00,373.50,1350.03,1197.00,693.00,830.00
6,15,2,1563.50,1541.00,926.00,1690.00,1010.00,637.00,832.00,790.00,373.50,1350.03,1197.00,693.00,830.00
6,15,3,1563.50,1541.00,926.00,1690.00,1010.00,637.00,832.00,790.00,373.50,1350.03,1197.00,693.00,830.00
6,15,4,1563.50,1541.00,926.00,1690.00,1010.00,637.00,832.00,790.00,373.50,1350.03,1197.00,693.00,830.00
6,15,5,1563.50,1541.00,926.00,1690.00,1010.00,637.00,832.00,790.00,373.50,1350.03,1197.00,693.00,830.00
6,15,6,1563.50,1541.00,926.00,1690.00,1010.00,637.00,832.00,790.00,373.50,1350.03,1197.00,693.00,830.00
6,15,7,1563.50,1541.00,926.00,1690.00,1010.00,637.00,832.00,790.00,373.50,1350.03,1197.00,693.00,830.00
6,15,8,1563.50,1541.00,926.00,1690.00,1010.00,637.00,832.00,790.00,373.50,1350.03,1197.00,693.00,830.00
6,15,9,1563.50,1541.00,926.00,1690.00,1010.00,637.00,832.00,790.00,373.50,1350.03,1197.00,693.00,830.00
6,15,10,1563.50,1541.00,926.00,1690.00,1010.00,637.00,832.00,790.00,373.50,1350.03,1197.00,693.00,830.00
6,15,11,1563.50,1541.00,926.00,1690.00,1010.00,637.00,832.00,790.00,373.50,1350.03,1197.00,693.00,830.00
6,15,12,1563.50,1541.00,926.00,1690.00,1010.00,637.00,832.00,790.00,373.50,1350.03,1197.00,693.00,830.00
6,15,13,1563.50,1541.00,926.00,1690.00,1010.00,637.00,832.00,790.00,373.50,1350.03,1197.00,693.00,830.00
6,15,14,1563.50,1541.00,926.00,1690.00,1010.00,637.00,832.00,790.00,373.50,1350.03,1197.00,693.00,830.00
6,15,15,1563.50,1541.00,926.00,1690.00,1010.00,637.00,832.00,790.00,373.50,1350.03,1197.00,693.00,830.00
6,15,16,1563.50,1541.00,926.00,1690.00,1010.00,637.00,832.00,790.00,373.50,1350.03,1197.00,693.00,830.00
6,15,17,1563.50,1541.00,926.00,1690.00,1010.00,637.00,832.00,790.00,373.50,1350.03,1197.00,693.00,830.00
6,15,18,1563.50,1541.00,926.00,1690.00,1010.00,637.00,832.00,790.00,373.50,1350.03,1197.00,693.00,830.00
6,15,19,1563.50,1541.00,926.00,1690.00,1010.00,637.00,832.00,790.00,373.50,1350.03,1197.00,693.00,830.00
6,15,20,1563.50,1541.00,926.00,1690.00,1010.00,637.00,832.00,790.00,373.50,1350.03,1197.00,693.00,830.00
6,15,21,1563.50,1541.00,926.00,1690.00,1010.00,637.00,832.00,790.00,373.50,1350.03,1197.00,693.00,830.00
6,15,22,1563.50,1541.00,926.00,1690.00,1010.00,637.00,832.00,790.00,373.50,1350.03,1197.00,693.00,830.00
6,15,23,1563.50,1541.00,926.00,1690.00,1010.00,637.00,832.00,790.00,373.50,1350.03,1197.00,693.00,830.00
6,15,24,1563.50,1541.00,926.00,1690.00,1010.00,637.00,832.00,790.00,373.50,1350.03,1197.00,693.00,830.00
6,16,1,1563.50,1541.00,926.00,1690.00,1010.00,637.00,832.00,790.00,373.50,1350.03,1197.00,693.00,830.00
6,16,2,1563.50,1541.00,926.00,1690.00,1010.00,637.00,832.00,790.00,373.50,1350.03,1197.00,693.00,830.00
6,16,3,1563.50,1541.00,926.00,1690.00,1010.00,637.00,832.00,790.00,373.50,1350.03,1197.00,693.00,830.00
6,16,4,1563.50,1541.00,926.00,1690.00,1010.00,637.00,832.00,790.00,373.50,1350.03,1197.00,693.00,830.00
6,16,5,1563.50,1541.00,926.00,1690.00,1010.00,637.00,832.00,790.00,373.50,1350.03,1197.00,693.00,830.00
6,16,6,1563.50,1541.00,926.00,1690.00,1010.00,637.00,832.00,790.00,373.50,1350.03,1197.00,693.00,830.00
6,16,7,1563.50,1541.00,926.00,1690.00,1010.00,637.00,832.00,790.00,373.50,1350.03,1197.00,693.00,830.00
6,16,8,1563.50,1541.00,926.00,1690.00,1010.00,637.00,832.00,790.00,373.50,1350.03,1197.00,693.00,830.00
6,16,9,1563.50,1541.00,926.00,1690.00,1010.00,637.00,832.00,790.00,373.50,1350.03,1197.00,693.00,830.00
6,16,10,1563.50,1541.00,926.00,1690.00,1010.00,637.00,832.00,790.00,373.50,1350.03,1197.00,693.00,830.00
6,16,11,1563.50,1541.00,926.00,1690.00,1010.00,637.00,832.00,790.00,373.50,1350.03,1197.00,693.00,830.00
6,16,12,1563.50,1541.00,926.00,1690.00,1010.00,637.00,832.00,790.00,373.50,1350.03,1197.00,693.00,830.00
6,16,13,1563.50,1541.00,926.00,1690.00,1010.00,637.00,832.00,790.00,373.50,1350.03,1197.00,693.00,830.00
6,16,14,1563.50,1541.00,926.00,1690.00,1010.00,637.00,832.00,790.00,373.50,1350.03,1197.00,693.00,830.00
6,16,15,1563.50,1541.00,926.00,1690.00,1010.00,637.00,832.00,790.00,373.50,1350.03,1197.00,693.00,830.00
6,16,16,1563.50,1541.00,926.00,1690.00,1010.00,637.00,832.00,790.00,373.50,1350.03,1197.00,693.00,830.00
6,16,17,1563.50,1541.00,926.00,1690.00,1010.00,637.00,832.00,790.00,373.50,1350.03,1197.00,693.00,830.00
6,16,18,1563.50,1541.00,926.00,1690.00,1010.00,637.00,832.00,790.00,373.50,1350.03,1197.00,693.00,830.00
6,16,19,1563.50,1541.00,926.00,1690.00,1010.00,637.00,832.00,790.00,373.50,1350.03,1197.00,693.00,830.00
6,16,20,1563.50,1541.00,926.00,1690.00,1010.00,637.00,832.00,790.00,373.50,1350.03,1197.00,693.00,830.00
6,16,21,1563.50,1541.00,926.00,1690.00,1010.00,637.00,832.00,790.00,373.50,1350.03,1197.00,693.00,830.00
6,16,22,1563.50,1541.00,926.00,1690.00,1010.00,637.00,832.00,790.00,373.50,1350.03,1197.00,693.00,830.00
6,16,23,1563.50,1541.00,926.00,1690.00,1010.00,637.00,832.00,790.00,373.50,1350.03,1197.00,693.00,830.00
6,16,24,1563.50,1541.00,926.00,1690.00,1010.00,637.00,832.00,790.00,373.50,1350.03,1197.00,693.00,830.00
6,17,1,1563.50,1541.00,926.00,1690.00,1010.00,637.00,832.00,790.00,373.50,1350.03,1197.00,693.00,830.00
6,17,2,1563.50,1541.00,926.00,1690.00,1010.00,637.00,832.00,790.00,373.50,1350.03,1197.00,693.00,830.00
6,17,3,1563.50,1541.00,926.00,1690.00,1010.00,637.00,832.00,790.00,373.50,1350.03,1197.00,693.00,830.00
6,17,4,1563.50,1541.00,926.00,1690.00,1010.00,637.00,832.00,790.00,373.50,1350.03,1197.00,693.00,830.00
6,17,5,1563.50,1541.00,926.00,1690.00,1010.00,637.00,832.00,790.00,373.50,1350.03,1197.00,693.00,830.00
6,17,6,1563.50,1541.00,926.00,1690.00,1010.00,637.00,832.00,790.00,373.50,1350.03,1197.00,693.00,830.00
6,17,7,1563.50,1541.00,926.00,1690.00,1010.00,637.00,832.00,790.00,373.50,1350.03,1197.00,693.00,830.00
6,17,8,1563.50,1541.00,926.00,1690.00,1010.00,637.00,832.00,790.00,373.50,1350.03,1197.00,693.00,830.00
6,17,9,1563.50,1541.00,926.00,1690.00,1010.00,637.00,832.00,790.00,373.50,1350.03,1197.00,693.00,830.00
6,17,10,1563.50,1541.00,926.00,1690.00,1010.00,637.00,832.00,790.00,373.50,1350.03,1197.00,693.00,830.00
6,17,11,1563.50,1541.00,926.00,1690.00,1010.00,637.00,832.00,790.00,373.50,1350.03,1197.00,693.00,830.00
6,17,12,1563.50,1541.00,926.00,1690.00,1010.00,637.00,832.00,790.00,373.50,1350.03,1197.00,693.00,830.00
6,17,13,1563.50,1541.00,926.00,1690.00,1010.00,637.00,832.00,790.00,373.50,1350.03,1197.00,693.00,830.00
6,17,14,1563.50,1541.00,926.00,1690.00,1010.00,637.00,832.00,790.00,373.50,1350.03,1197.00,693.00,830.00
6,17,15,1563.50,1541.00,926.00,1690.00,1010.00,637.00,832.00,790.00,373.50,1350.03,1197.00,693.00,830.00
6,17,16,1563.50,1541.00,926.00,1690.00,1010.00,637.00,832.00,790.00,373.50,1350.03,1197.00,693.00,830.00
6,17,17,1563.50,1541.00,926.00,1690.00,1010.00,637.00,832.00,790.00,373.50,1350.03,1197.00,693.00,830.00
6,17,18,1563.50,1541.00,926.00,1690.00,1010.00,637.00,832.00,790.00,373.50,1350.03,1197.00,693.00,830.00
6,17,19,1563.50,1541.00,926.00,1690.00,1010.00,637.00,832.00,790.00,373.50,1350.03,1197.00,693.00,830.00
6,17,20,1563.50,1541.00,926.00,1690.00,1010.00,637.00,832.00,790.00,373.50,1350.03,1197.00,693.00,830.00
6,17,21,1563.50,1541.00,926.00,1690.00,1010.00,637.00,832.00,790.00,373.50,1350.03,1197.00,693.00,830.00
6,17,22,1563.50,1541.00,926.00,1690.00,1010.00,637.00,832.00,790.00,373.50,1350.03,1197.00,693.00,830.00
6,17,23,1563.50,1541.00,926.00,1690.00,1010.00,637.00,832.00,790.00,373.50,1350.03,1197.00,693.00,830.00
6,17,24,1563.50,1541.00,926.00,1690.00,1010.00,637.00,832.00,790.00,373.50,1350.03,1197.00,693.00,830.00
6,18,1,1563.50,1541.00,926.00,1690.00,1010.00,637.00,832.00,790.00,373.50,1350.03,1197.00,693.00,830.00
6,18,2,1563.50,1541.00,926.00,1690.00,1010.00,637.00,832.00,790.00,373.50,1350.03,1197.00,693.00,830.00
6,18,3,1563.50,1541.00,926.00,1690.00,1010.00,637.00,832.00,790.00,373.50,1350.03,1197.00,693.00,830.00
6,18,4,1563.50,1541.00,926.00,1690.00,1010.00,637.00,832.00,790.00,373.50,1350.03,1197.00,693.00,830.00
6,18,5,1563.50,1541.00,926.00,1690.00,1010.00,637.00,832.00,790.00,373.50,1350.03,1197.00,693.00,830.00
6,18,6,1563.50,1541.00,926.00,1690.00,1010.00,637.00,832.00,790.00,373.50,1350.03,1197.00,693.00,830.00
6,18,7,1563.50,1541.00,926.00,1690.00,1010.00,637.00,832.00,790.00,373.50,1350.03,1197.00,693.00,830.00
6,18,8,1563.50,1541.00,926.00,1690.00,1010.00,637.00,832.00,790.00,373.50,1350.03,1197.00,693.00,830.00
6,18,9,1563.50,1541.00,926.00,1690.00,1010.00,637.00,832.00,790.00,373.50,1350.03,1197.00,693.00,830.00
6,18,10,1563.50,1541.00,926.00,1690.00,1010.00,637.00,832.00,790.00,373.50,1350.03,1197.00,693.00,830.00
6,18,11,1563.50,1541.00,926.00,1690.00,1010.00,637.00,832.00,790.00,373.50,1350.03,1197.00,693.00,830.00
6,18,12,1563.50,1541.00,926.00,1690.00,1010.00,637.00,832.00,790.00,373.50,1350.03,1197.00,693.00,830.00
6,18,13,1563.50,1541.00,926.00,1690.00,1010.00,637.00,832.00,790.00,373.50,1350.03,1197.00,693.00,830.00
6,18,14,1563.50,1541.00,926.00,1690.00,1010.00,637.00,832.00,790.00,373.50,1350.03,1197.00,693.00,830.00
6,18,15,1563.50,1541.00,926.00,1690.00,1010.00,637.00,832.00,790.00,373.50,1350.03,1197.00,693.00,830.00
6,18,16,1563.50,1541.00,926.00,1690.00,1010.00,637.00,832.00,790.00,373.50,1350.03,1197.00,693.00,830.00
6,18,17,1563.50,1541.00,926.00,1690.00,1010.00,637.00,832.00,790.00,373.50,1350.03,1197.00,693.00,830.00
6,18,18,1563.50,1541.00,926.00,1690.00,1010.00,637.00,832.00,790.00,373.50,1350.03,1197.00,693.00,830.00
6,18,19,1563.50,1541.00,926.00,1690.00,1010.00,637.00,832.00,790.00,373.50,1350.03,1197.00,693.00,830.00
6,18,20,1563.50,1541.00,926.00,1690.00,1010.00,637.00,832.00,790.00,373.50,1350.03,1197.00,693.00,830.00
6,18,21,1563.50,1541.00,926.00,1690.00,1010.00,637.00,832.00,790.00,373.50,1350.03,1197.00,693.00,830.00
6,18,22,1563.50,1541.00,926.00,1690.00,1010.00,637.00,832.00,790.00,373.50,1350.03,1197.00,693.00,830.00
6,18,23,1563.50,1541.00,926.00,1690.00,1010.00,637.00,832.00,790.00,373.50,1350.03,1197.00,693.00,830.00
6,18,24,1563.50,1541.00,926.00,1690.00,1010.00,637.00,832.00,790.00,373.50,1350.03,1197.00,693.00,830.00
6,19,1,1563.50,1541.00,926.00,1690.00,1010.00,637.00,832.00,790.00,373.50,1350.03,1197.00,693.00,830.00
6,19,2,1563.50,1541.00,926.00,1690.00,1010.00,637.00,832.00,790.00,373.50,1350.03,1197.00,693.00,830.00
6,19,3,1563.50,1541.00,926.00,1690.00,1010.00,637.00,832.00,790.00,373.50,1350.03,1197.00,693.00,830.00
6,19,4,1563.50,1541.00,926.00,1690.00,1010.00,637.00,832.00,790.00,373.50,1350.03,1197.00,693.00,830.00
6,19,5,1563.50,1541.00,926.00,1690.00,1010.00,637.00,832.00,790.00,373.50,1350.03,1197.00,693.00,830.00
6,19,6,1563.50,1541.00,926.00,1690.00,1010.00,637.00,832.00,790.00,373.50,1350.03,1197.00,693.00,830.00
6,19,7,1563.50,1541.00,926.00,1690.00,1010.00,637.00,832.00,790.00,373.50,1350.03,1197.00,693.00,830.00
6,19,8,1563.50,1541.00,926.00,1690.00,1010.00,637.00,832.00,790.00,373.50,1350.03,1197.00,693.00,830.00
6,19,9,1563.50,1541.00,926.00,1690.00,1010.00,637.00,832.00,790.00,373.50,1350.03,1197.00,693.00,830.00
6,19,10,1563.50,1541.00,926.00,1690.00,1010.00,637.00,832.00,790.00,373.50,1350.03,1197.00,693.00,830.00
6,19,11,1563.50,1541.00,926.00,1690.00,1010.00,637.00,832.00,790.00,373.50,1350.03,1197.00,693.00,830.00
6,19,12,1563.50,1541.00,926.00,1690.00,1010.00,637.00,832.00,790.00,373.50,1350.03,1197.00,693.00,830.00
6,19,13,1563.50,1541.00,926.00,1690.00,1010.00,637.00,832.00,790.00,373.50,1350.03,1197.00,693.00,830.00
6,19,14,1563.50,1541.00,926.00,1690.00,1010.00,637.00,832.00,790.00,373.50,1350.03,1197.00,693.00,830.00
6,19,15,1563.50,1541.00,926.00,1690.00,1010.00,637.00,832.00,790.00,373.50,1350.03,1197.00,693.00,830.00
6,19,16,1563.50,1541.00,926.00,1690.00,1010.00,637.00,832.00,790.00,373.50,1350.03,1197.00,693.00,830.00
6,19,17,1563.50,1541.00,926.00,1690.00,1010.00,637.00,832.00,790.00,373.50,1350.03,1197.00,693.00,830.00
6,19,18,1563.50,1541.00,926.00,1690.00,1010.00,637.00,832.00,790.00,373.50,1350.03,1197.00,693.00,830.00
6,19,19,1563.50,1541.00,926.00,1690.00,1010.00,637.00,832.00,790.00,373.50,1350.03,1197.00,693.00,830.00
6,19,20,1563.50,1541.00,926.00,1690.00,1010.00,637.00,832.00,790.00,373.50,1350.03,1197.00,693.00,830.00
6,19,21,1563.50,1541.00,926.00,1690.00,1010.00,637.00,832.00,790.00,373.50,1350.03,1197.00,693.00,830.00
6,19,22,1563.50,1541.00,926.00,1690.00,1010.00,637.00,832.00,790.00,373.50,1350.03,1197.00,693.00,830.00
6,19,23,1563.50,1541.00,926.00,1690.00,1010.00,637.00,832.00,790.00,373.50,1350.03,1197.00,693.00,830.00
6,19,24,1563.50,1541.00,926.00,1690.00,1010.00,637.00,832.00,790.00,373.50,1350.03,1197.00,693.00,830.00
6,20,1,1563.50,1541.00,926.00,1690.00,1010.00,637.00,832.00,790.00,373.50,1350.03,1197.00,693.00,830.00
6,20,2,1563.50,1541.00,926.00,1690.00,1010.00,637.00,832.00,790.00,373.50,1350.03,1197.00,693.00,830.00
6,20,3,1563.50,1541.00,926.00,1690.00,1010.00,637.00,832.00,790.00,373.50,1350.03,1197.00,693.00,830.00
6,20,4,1563.50,1541.00,926.00,1690.00,1010.00,637.00,832.00,790.00,373.50,1350.03,1197.00,693.00,830.00
6,20,5,1563.50,1541.00,926.00,1690.00,1010.00,637.00,832.00,790.00,373.50,1350.03,1197.00,693.00,830.00
6,20,6,1563.50,1541.00,926.00,1690.00,1010.00,637.00,832.00,790.00,373.50,1350.03,1197.00,693.00,830.00
6,20,7,1563.50,1541.00,926.00,1690.00,1010.00,637.00,832.00,790.00,373.50,1350.03,1197.00,693.00,830.00
6,20,8,1563.50,1541.00,926.00,1690.00,1010.00,637.00,832.00,790.00,373.50,1350.03,1197.00,693.00,830.00
6,20,9,1563.50,1541.00,926.00,1690.00,1010.00,637.00,832.00,790.00,373.50,1350.03,1197.00,693.00,830.00
6,20,10,1563.50,1541.00,926.00,1690.00,1010.00,637.00,832.00,790.00,373.50,1350.03,1197.00,693.00,830.00
6,20,11,1563.50,1541.00,926.00,1690.00,1010.00,637.00,832.00,790.00,373.50,1350.03,1197.00,693.00,830.00
6,20,12,1563.50,1541.00,926.00,1690.00,1010.00,637.00,832.00,790.00,373.50,1350.03,1197.00,693.00,830.00
6,20,13,1563.50,1541.00,926.00,1690.00,1010.00,637.00,832.00,790.00,373.50,1350.03,1197.00,693.00,830.00
6,20,14,1563.50,1541.00,926.00,1690.00,1010.00,637.00,832.00,790.00,373.50,1350.03,1197.00,693.00,830.00
6,20,15,1563.50,1541.00,926.00,1690.00,1010.00,637.00,832.00,790.00,373.50,1350.03,1197.00,693.00,830.00
6,20,16,1563.50,1541.00,926.00,1690.00,1010.00,637.00,832.00,790.00,373.50,1350.03,1197.00,693.00,830.00
6,20,17,1563.50,1541.00,926.00,1690.00,1010.00,637.00,832.00,790.00,373.50,1350.03,1197.00,693.00,830.00
6,20,18,1563.50,1541.00,926.00,1690.00,1010.00,637.00,832.00,790.00,373.50,1350.03,1197.00,693.00,830.00
6,20,19,1563.50,1541.00,926.00,1690.00,1010.00,637.00,832.00,790.00,373.50,1350.03,1197.00,693.00,830.00
6,20,20,1563.50,1541.00,926.00,1690.00,1010.00,637.00,832.00,790.00,373.50,1350.03,1197.00,693.00,830.00
6,20,21,1563.50,1541.00,926.00,1690.00,1010.00,637.00,832.00,790.00,373.50,1350.03,1197.00,693.00,830.00
6,20,22,1563.50,1541.00,926.00,1690.00,1010.00,637.00,832.00,790.00,373.50,1350.03,1197.00,693.00,830.00
6,20,23,1563.50,1541.00,926.00,1690.00,1010.00,637.00,832.00,790.00,373.50,1350.03,1197.00,693.00,830.00
6,20,24,1563.50,1541.00,926.00,1690.00,1010.00,637.00,832.00,790.00,373.50,1350.03,1197.00,693.00,830.00
6,21,1,1563.50,1541.00,926.00,1690.00,1010.00,637.00,832.00,790.00,373.50,1350.03,1197.00,693.00,830.00
6,21,2,1563.50,1541.00,926.00,1690.00,1010.00,637.00,832.00,790.00,373.50,1350.03,1197.00,693.00,830.00
6,21,3,1563.50,1541.00,926.00,1690.00,1010.00,637.00,832.00,790.00,373.50,1350.03,1197.00,693.00,830.00
6,21,4,1563.50,1541.00,926.00,1690.00,1010.00,637.00,832.00,790.00,373.50,1350.03,1197.00,693.00,830.00
6,21,5,1563.50,1541.00,926.00,1690.00,1010.00,637.00,832.00,790.00,373.50,1350.03,1197.00,693.00,830.00
6,21,6,1563.50,1541.00,926.00,1690.00,1010.00,637.00,832.00,790.00,373.50,1350.03,1197.00,693.00,830.00
6,21,7,1563.50,1541.00,926.00,1690.00,1010.00,637.00,832.00,790.00,373.50,1350.03,1197.00,693.00,830.00
6,21,8,1563.50,1541.00,926.00,1690.00,1010.00,637.00,832.00,790.00,373.50,1350.03,1197.00,693.00,830.00
6,21,9,1563.50,1541.00,926.00,1690.00,1010.00,637.00,832.00,790.00,373.50,1350.03,1197.00,693.00,830.00
6,21,10,1563.50,1541.00,926.00,1690.00,1010.00,637.00,832.00,790.00,373.50,1350.03,1197.00,693.00,830.00
6,21,11,1563.50,1541.00,926.00,1690.00,1010.00,637.00,832.00,790.00,373.50,1350.03,1197.00,693.00,830.00
6,21,12,1563.50,1541.00,926.00,1690.00,1010.00,637.00,832.00,790.00,373.50,1350.03,1197.00,693.00,830.00
6,21,13,1563.50,1541.00,926.00,1690.00,1010.00,637.00,832.00,790.00,373.50,1350.03,1197.00,693.00,830.00
6,21,14,1563.50,1541.00,926.00,1690.00,1010.00,637.00,832.00,790.00,373.50,1350.03,1197.00,693.00,830.00
6,21,15,1563.50,1541.00,926.00,1690.00,1010.00,637.00,832.00,790.00,373.50,1350.03,1197.00,693.00,830.00
6,21,16,1563.50,1541.00,926.00,1690.00,1010.00,637.00,832.00,790.00,373.50,1350.03,1197.00,693.00,830.00
6,21,17,1563.50,1541.00,926.00,1690.00,1010.00,637.00,832.00,790.00,373.50,1350.03,1197.00,693.00,830.00
6,21,18,1563.50,1541.00,926.00,1690.00,1010.00,637.00,832.00,790.00,373.50,1350.03,1197.00,693.00,830.00
6,21,19,1563.50,1541.00,926.00,1690.00,1010.00,637.00,832.00,790.00,373.50,1350.03,1197.00,693.00,830.00
6,21,20,1563.50,1541.00,926.00,1690.00,1010.00,637.00,832.00,790.00,373.50,1350.03,1197.00,693.00,830.00
6,21,21,1563.50,1541.00,926.00,1690.00,1010.00,637.00,832.00,790.00,373.50,1350.03,1197.00,693.00,830.00
6,21,22,1563.50,1541.00,926.00,1690.00,1010.00,637.00,832.00,790.00,373.50,1350.03,1197.00,693.00,830.00
6,21,23,1563.50,1541.00,926.00,1690.00,1010.00,637.00,832.00,790.00,373.50,1350.03,1197.00,693.00,830.00
6,21,24,1563.50,1541.00,926.00,1690.00,1010.00,637.00,832.00,790.00,373.50,1350.03,1197.00,693.00,830.00
6,22,1,1563.50,1541.00,926.00,1690.00,1010.00,637.00,832.00,790.00,373.50,1350.03,1197.00,693.00,830.00
6,22,2,1563.50,1541.00,926.00,1690.00,1010.00,637.00,832.00,790.00,373.50,1350.03,1197.00,693.00,830.00
6,22,3,1563.50,1541.00,926.00,1690.00,1010.00,637.00,832.00,790.00,373.50,1350.03,1197.00,693.00,830.00
6,22,4,1563.50,1541.00,926.00,1690.00,1010.00,637.00,832.00,790.00,373.50,1350.03,1197.00,693.00,830.00
6,22,5,1563.50,1541.00,926.00,1690.00,1010.00,637.00,832.00,790.00,373.50,1350.03,1197.00,693.00,830.00
6,22,6,1563.50,1541.00,926.00,1690.00,1010.00,637.00,832.00,790.00,373.50,1350.03,1197.00,693.00,830.00
6,22,7,1563.50,1541.00,926.00,1690.00,1010.00,637.00,832.00,790.00,373.50,1350.03,1197.00,693.00,830.00
6,22,8,1563.50,1541.00,926.00,1690.00,1010.00,637.00,832.00,790.00,373.50,1350.03,1197.00,693.00,830.00
6,22,9,1563.50,1541.00,926.00,1690.00,1010.00,637.00,832.00,790.00,373.50,1350.03,1197.00,693.00,830.00
6,22,10,1563.50,1541.00,926.00,1690.00,1010.00,637.00,832.00,790.00,373.50,1350.03,1197.00,693.00,830.00
6,22,11,1563.50,1541.00,926.00,1690.00,1010.00,637.00,832.00,790.00,373.50,1350.03,1197.00,693.00,830.00
6,22,12,1563.50,1541.00,926.00,1690.00,1010.00,637.00,832.00,790.00,373.50,1350.03,1197.00,693.00,830.00
6,22,13,1563.50,1541.00,926.00,1690.00,1010.00,637.00,832.00,790.00,373.50,1350.03,1197.00,693.00,830.00
6,22,14,1563.50,1541.00,926.00,1690.00,1010.00,637.00,832.00,790.00,373.50,1350.03,1197.00,693.00,830.00
6,22,15,1563.50,1541.00,926.00,1690.00,1010.00,637.00,832.00,790.00,373.50,1350.03,1197.00,693.00,830.00
6,22,16,1563.50,1541.00,926.00,1690.00,1010.00,637.00,832.00,790.00,373.50,1350.03,1197.00,693.00,830.00
6,22,17,1563.50,1541.00,926.00,1690.00,1010.00,637.00,832.00,790.00,373.50,1350.03,1197.00,693.00,830.00
6,22,18,1563.50,1541.00,926.00,1690.00,1010.00,637.00,832.00,790.00,373.50,1350.03,1197.00,693.00,830.00
6,22,19,1563.50,1541.00,926.00,1690.00,1010.00,637.00,832.00,790.00,373.50,1350.03,1197.00,693.00,830.00
6,22,20,1563.50,1541.00,926.00,1690.00,1010.00,637.00,832.00,790.00,373.50,1350.03,1197.00,693.00,830.00
6,22,21,1563.50,1541.00,926.00,1690.00,1010.00,637.00,832.00,790.00,373.50,1350.03,1197.00,693.00,830.00
6,22,22,1563.50,1541.00,926.00,1690.00,1010.00,637.00,832.00,790.00,373.50,1350.03,1197.00,693.00,830.00
6,22,23,1563.50,1541.00,926.00,1690.00,1010.00,637.00,832.00,790.00,373.50,1350.03,1197.00,693.00,830.00
6,22,24,1563.50,1541.00,926.00,1690.00,1010.00,637.00,832.00,790.00,373.50,1350.03,1197.00,693.00,830.00
6,23,1,1563.50,1541.00,926.00,1690.00,1010.00,637.00,832.00,790.00,373.50,1350.03,1197.00,693.00,830.00
6,23,2,1563.50,1541.00,926.00,1690.00,1010.00,637.00,832.00,790.00,373.50,1350.03,1197.00,693.00,830.00
6,23,3,1563.50,1541.00,926.00,1690.00,1010.00,637.00,832.00,790.00,373.50,1350.03,1197.00,693.00,830.00
6,23,4,1563.50,1541.00,926.00,1690.00,1010.00,637.00,832.00,790.00,373.50,1350.03,1197.00,693.00,830.00
6,23,5,1563.50,1541.00,926.00,1690.00,1010.00,637.00,832.00,790.00,373.50,1350.03,1197.00,693.00,830.00
6,23,6,1563.50,1541.00,926.00,1690.00,1010.00,637.00,832.00,790.00,373.50,1350.03,1197.00,693.00,830.00
6,23,7,1563.50,1541.00,926.00,1690.00,1010.00,637.00,832.00,790.00,373.50,1350.03,1197.00,693.00,830.00
6,23,8,1563.50,1541.00,926.00,1690.00,1010.00,637.00,832.00,790.00,373.50,1350.03,1197.00,693.00,830.00
6,23,9,1563.50,1541.00,926.00,1690.00,1010.00,637.00,832.00,790.00,373.50,1350.03,1197.00,693.00,830.00
6,23,10,1563.50,1541.00,926.00,1690.00,1010.00,637.00,832.00,790.00,373.50,1350.03,1197.00,693.00,830.00
6,23,11,1563.50,1541.00,926.00,1690.00,1010.00,637.00,832.00,790.00,373.50,1350.03,1197.00,693.00,830.00
6,23,12,1563.50,1541.00,926.00,1690.00,1010.00,637.00,832.00,790.00,373.50,1350.03,1197.00,693.00,830.00
6,23,13,1563.50,1541.00,926.00,1690.00,1010.00,637.00,832.00,790.00,373.50,1350.03,1197.00,693.00,830.00
6,23,14,1563.50,1541.00,926.00,1690.00,1010.00,637.00,832.00,790.00,373.50,1350.03,1197.00,693.00,830.00
6,23,15,1563.50,1541.00,926.00,1690.00,1010.00,637.00,832.00,790.00,373.50,1350.03,1197.00,693.00,830.00
6,23,16,1563.50,1541.00,926.00,1690.00,1010.00,637.00,832.00,790.00,373.50,1350.03,1197.00,693.00,830.00
6,23,17,1563.50,1541.00,926.00,1690.00,1010.00,637.00,832.00,790.00,373.50,1350.03,1197.00,693.00,830.00
6,23,18,1563.50,1541.00,926.00,1690.00,1010.00,637.00,832.00,790.00,373.50,1350.03,1197.00,693.00,830.00
6,23,19,1563.50,1541.00,926.00,1690.00,1010.00,637.00,832.00,790.00,373.50,1350.03,1197.00,693.00,830.00
6,23,20,1563.50,1541.00,926.00,1690.00,1010.00,637.00,832.00,790.00,373.50,1350.03,1197.00,693.00,830.00
6,23,21,1563.50,1541.00,926.00,1690.00,1010.00,637.00,832.00,790.00,373.50,1350.03,1197.00,693.00,830.00
6,23,22,1563.50,1541.00,926.00,1690.00,1010.00,637.00,832.00,790.00,373.50,1350.03,1197.00,693.00,830.00
6,23,23,1563.50,1541.00,926.00,1690.00,1010.00,637.00,832.00,790.00,373.50,1350.03,1197.00,693.00,830.00
6,23,24,1563.50,1541.00,926.00,1690.00,1010.00,637.00,832.00,790.00,373.50,1350.03,1197.00,693.00,830.00
6,24,1,1563.50,1541.00,926.00,1690.00,1010.00,637.00,832.00,790.00,373.50,1350.03,1197.00,693.00,830.00
6,24,2,1563.50,1541.00,926.00,1690.00,1010.00,637.00,832.00,790.00,373.50,1350.03,1197.00,693.00,830.00
6,24,3,1563.50,1541.00,926.00,1690.00,1010.00,637.00,832.00,790.00,373.50,1350.03,1197.00,693.00,830.00
6,24,4,1563.50,1541.00,926.00,1690.00,1010.00,637.00,832.00,790.00,373.50,1350.03,1197.00,693.00,830.00
6,24,5,1563.50,1541.00,926.00,1690.00,1010.00,637.00,832.00,790.00,373.50,1350.03,1197.00,693.00,830.00
6,24,6,1563.50,1541.00,926.00,1690.00,1010.00,637.00,832.00,790.00,373.50,1350.03,1197.00,693.00,830.00
6,24,7,1563.50,1541.00,926.00,1690.00,1010.00,637.00,832.00,790.00,373.50,1350.03,1197.00,693.00,830.00
6,24,8,1563.50,1541.00,926.00,1690.00,1010.00,637.00,832.00,790.00,373.50,1350.03,1197.00,693.00,830.00
6,24,9,1563.50,1541.00,926.00,1690.00,1010.00,637.00,832.00,790.00,373.50,1350.03,1197.00,693.00,830.00
6,24,10,1563.50,1541.00,926.00,1690.00,1010.00,637.00,832.00,790.00,373.50,1350.03,1197.00,693.00,830.00
6,24,11,1563.50,1541.00,926.00,1690.00,1010.00,637.00,832.00,790.00,373.50,1350.03,1197.00,693.00,830.00
6,24,12,1563.50,1541.00,926.00,1690.00,1010.00,637.00,832.00,790.00,373.50,1350.03,1197.00,693.00,830.00
6,24,13,1563.50,1541.00,926.00,1690.00,1010.00,637.00,832.00,790.00,373.50,1350.03,1197.00,693.00,830.00
6,24,14,1563.50,1541.00,926.00,1690.00,1010.00,637.00,832.00,790.00,373.50,1350.03,1197.00,693.00,830.00
6,24,15,1563.50,1541.00,926.00,1690.00,1010.00,637.00,832.00,790.00,373.50,1350.03,1197.00,693.00,830.00
6,24,16,1563.50,1541.00,926.00,1690.00,1010.00,637.00,832.00,790.00,373.50,1350.03,1197.00,693.00,830.00
6,24,17,1563.50,1541.00,926.00,1690.00,1010.00,637.00,832.00,790.00,373.50,1350.03,1197.00,693.00,830.00
6,24,18,1563.50,1541.00,926.00,1690.00,1010.00,637.00,832.00,790.00,373.50,1350.03,1197.00,693.00,830.00
6,24,19,1563.50,1541.00,926.00,1690.00,1010.00,637.00,832.00,790.00,373.50,1350.03,1197.00,693.00,830.00
6,24,20,1563.50,1541.00,926.00,1690.00,1010.00,637.00,832.00,790.00,373.50,1350.03,1197.00,693.00,830.00
6,24,21,1563.50,1541.00,926.00,1690.00,1010.00,637.00,832.00,790.00,373.50,1350.03,1197.00,693.00,830.00
6,24,22,1563.50,1541.00,926.00,1690.00,1010.00,637.00,832.00,790.00,373.50,1350.03,1197.00,693.00,830.00
6,24,23,1563.50,1541.00,926.00,1690.00,1010.00,637.00,832.00,790.00,373.50,1350.03,1197.00,693.00,830.00
6,24,24,1563.50,1541.00,926.00,1690.00,1010.00,637.00,832.00,790.00,373.50,1350.03,1197.00,693.00,830.00
6,25,1,1563.50,1541.00,926.00,1690.00,1010.00,637.00,832.00,790.00,373.50,1350.03,1197.00,693.00,830.00
6,25,2,1563.50,1541.00,926.00,1690.00,1010.00,637.00,832.00,790.00,373.50,1350.03,1197.00,693.00,830.00
6,25,3,1563.50,1541.00,926.00,1690.00,1010.00,637.00,832.00,790.00,373.50,1350.03,1197.00,693.00,830.00
6,25,4,1563.50,1541.00,926.00,1690.00,1010.00,637.00,832.00,790.00,373.50,1350.03,1197.00,693.00,830.00
6,25,5,1563.50,1541.00,926.00,1690.00,1010.00,637.00,832.00,790.00,373.50,1350.03,1197.00,693.00,830.00
6,25,6,1563.50,1541.00,926.00,1690.00,1010.00,637.00,832.00,790.00,373.50,1350.03,1197.00,693.00,830.00
6,25,7,1563.50,1541.00,926.00,1690.00,1010.00,637.00,832.00,790.00,373.50,1350.03,1197.00,693.00,830.00
6,25,8,1563.50,1541.00,926.00,1690.00,1010.00,637.00,832.00,790.00,373.50,1350.03,1197.00,693.00,830.00
6,25,9,1563.50,1541.00,926.00,1690.00,1010.00,637.00,832.00,790.00,373.50,1350.03,1197.00,693.00,830.00
6,25,10,1563.50,1541.00,926.00,1690.00,1010.00,637.00,832.00,790.00,373.50,1350.03,1197.00,693.00,830.00
6,25,11,1563.50,1541.00,926.00,1690.00,1010.00,637.00,832.00,790.00,373.50,1350.03,1197.00,693.00,830.00
6,25,12,1563.50,1541.00,926.00,1690.00,1010.00,637.00,832.00,790.00,373.50,1350.03,1197.00,693.00,830.00
6,25,13,1563.50,1541.00,926.00,1690.00,1010.00,637.00,832.00,790.00,373.50,1350.03,1197.00,693.00,830.00
6,25,14,1563.50,1541.00,926.00,1690.00,1010.00,637.00,832.00,790.00,373.50,1350.03,1197.00,693.00,830.00
6,25,15,1563.50,1541.00,926.00,1690.00,1010.00,637.00,832.00,790.00,373.50,1350.03,1197.00,693.00,830.00
6,25,16,1563.50,1541.00,926.00,1690.00,1010.00,637.00,832.00,790.00,373.50,1350.03,1197.00,693.00,830.00
6,25,17,1563.50,1541.00,926.00,1690.00,1010.00,637.00,832.00,790.00,373.50,1350.03,1197.00,693.00,830.00
6,25,18,1563.50,1541.00,926.00,1690.00,1010.00,637.00,832.00,790.00,373.50,1350.03,1197.00,693.00,830.00
6,25,19,1563.50,1541.00,926.00,1690.00,1010.00,637.00,832.00,790.00,373.50,1350.03,1197.00,693.00,830.00
6,25,20,1563.50,1541.00,926.00,1690.00,1010.00,637.00,832.00,790.00,373.50,1350.03,1197.00,693.00,830.00
6,25,21,1563.50,1541.00,926.00,1690.00,1010.00,637.00,832.00,790.00,373.50,1350.03,1197.00,693.00,830.00
6,25,22,1563.50,1541.00,926.00,1690.00,1010.00,637.00,832.00,790.00,373.50,1350.03,1197.00,693.00,830.00
6,25,23,1563.50,1541.00,926.00,1690.00,1010.00,637.00,832.00,790.00,373.50,1350.03,1197.00,693.00,830.00
6,25,24,1563.50,1541.00,926.00,1690.00,1010.00,637.00,832.00,790.00,373.50,1350.03,1197.00,693.00,830.00
6,26,1,1563.50,1541.00,926.00,1690.00,1010.00,637.00,832.00,790.00,373.50,1350.03,1197.00,693.00,830.00
6,26,2,1563.50,1541.00,926.00,1690.00,1010.00,637.00,832.00,790.00,373.50,1350.03,1197.00,693.00,830.00
6,26,3,1563.50,1541.00,926.00,1690.00,1010.00,637.00,832.00,790.00,373.50,1350.03,1197.00,693.00,830.00
6,26,4,1563.50,1541.00,926.00,1690.00,1010.00,637.00,832.00,790.00,373.50,1350.03,1197.00,693.00,830.00
6,26,5,1563.50,1541.00,926.00,1690.00,1010.00,637.00,832.00,790.00,373.50,1350.03,1197.00,693.00,830.00
6,26,6,1563.50,1541.00,926.00,1690.00,1010.00,637.00,832.00,790.00,373.50,1350.03,1197.00,693.00,830.00
6,26,7,1563.50,1541.00,926.00,1690.00,1010.00,637.00,832.00,790.00,373.50,1350.03,1197.00,693.00,830.00
6,26,8,1563.50,1541.00,926.00,1690.00,1010.00,637.00,832.00,790.00,373.50,1350.03,1197.00,693.00,830.00
6,26,9,1563.50,1541.00,926.00,1690.00,1010.00,637.00,832.00,790.00,373.50,1350.03,1197.00,693.00,830.00
6,26,10,1563.50,1541.00,926.00,1690.00,1010.00,637.00,832.00,790.00,373.50,1350.03,1197.00,693.00,830.00
6,26,11,1563.50,1541.00,926.00,1690.00,1010.00,637.00,832.00,790.00,373.50,1350.03,1197.00,693.00,830.00
6,26,12,1563.50,1541.00,926.00,1690.00,1010.00,637.00,832.00,790.00,373.50,1350.03,1197.00,693.00,830.00
6,26,13,1563.50,1541.00,926.00,1690.00,1010.00,637.00,832.00,790.00,373.50,1350.03,1197.00,693.00,830.00
6,26,14,1563.50,1541.00,926.00,1690.00,1010.00,637.00,832.00,790.00,373.50,1350.03,1197.00,693.00,830.00
6,26,15,1563.50,1541.00,926.00,1690.00,1010.00,637.00,832.00,790.00,373.50,1350.03,1197.00,693.00,830.00
6,26,16,1563.50,1541.00,926.00,1690.00,1010.00,637.00,832.00,790.00,373.50,1350.03,1197.00,693.00,830.00
6,26,17,1563.50,1541.00,926.00,1690.00,1010.00,637.00,832.00,790.00,373.50,1350.03,1197.00,693.00,830.00
6,26,18,1563.50,1541.00,926.00,1690.00,1010.00,637.00,832.00,790.00,373.50,1350.03,1197.00,693.00,830.00
6,26,19,1563.50,1541.00,926.00,1690.00,1010.00,637.00,832.00,790.00,373.50,1350.03,1197.00,693.00,830.00
6,26,20,1563.50,1541.00,926.00,1690.00,1010.00,637.00,832.00,790.00,373.50,1350.03,1197.00,693.00,830.00
6,26,21,1563.50,1541.00,926.00,1690.00,1010.00,637.00,832.00,790.00,373.50,1350.03,1197.00,693.00,830.00
6,26,22,1563.50,1541.00,926.00,1690.00,1010.00,637.00,832.00,790.00,373.50,1350.03,1197.00,693.00,830.00
6,26,23,1563.50,1541.00,926.00,1690.00,1010.00,637.00,832.00,790.00,373.50,1350.03,1197.00,693.00,830.00
6,26,24,1563.50,1541.00,926.00,1690.00,1010.00,637.00,832.00,790.00,373.50,1350.03,1197.00,693.00,830.00
6,27,1,1563.50,1541.00,926.00,1690.00,1010.00,637.00,832.00,790.00,373.50,1350.03,1197.00,693.00,830.00
6,27,2,1563.50,1541.00,926.00,1690.00,1010.00,637.00,832.00,790.00,373.50,1350.03,1197.00,693.00,830.00
6,27,3,1563.50,1541.00,926.00,1690.00,1010.00,637.00,832.00,790.00,373.50,1350.03,1197.00,693.00,830.00
6,27,4,1563.50,1541.00,926.00,1690.00,1010.00,637.00,832.00,790.00,373.50,1350.03,1197.00,693.00,830.00
6,27,5,1563.50,1541.00,926.00,1690.00,1010.00,637.00,832.00,790.00,373.50,1350.03,1197.00,693.00,830.00
6,27,6,1563.50,1541.00,926.00,1690.00,1010.00,637.00,832.00,790.00,373.50,1350.03,1197.00,693.00,830.00
6,27,7,1563.50,1541.00,926.00,1690.00,1010.00,637.00,832.00,790.00,373.50,1350.03,1197.00,693.00,830.00
6,27,8,1563.50,1541.00,926.00,1690.00,1010.00,637.00,832.00,790.00,373.50,1350.03,1197.00,693.00,830.00
6,27,9,1563.50,1541.00,926.00,1690.00,1010.00,637.00,832.00,790.00,373.50,1350.03,1197.00,693.00,830.00
6,27,10,1563.50,1541.00,926.00,1690.00,1010.00,637.00,832.00,790.00,373.50,1350.03,1197.00,693.00,830.00
6,27,11,1563.50,1541.00,926.00,1690.00,1010.00,637.00,832.00,790.00,373.50,1350.03,1197.00,693.00,830.00
6,27,12,1563.50,1541.00,926.00,1690.00,1010.00,637.00,832.00,790.00,373.50,1350.03,1197.00,693.00,830.00
6,27,13,1563.50,1541.00,926.00,1690.00,1010.00,637.00,832.00,790.00,373.50,1350.03,1197.00,693.00,830.00
6,27,14,1563.50,1541.00,926.00,1690.00,1010.00,637.00,832.00,790.00,373.50,1350.03,1197.00,693.00,830.00
6,27,15,1563.50,1541.00,926.00,1690.00,1010.00,637.00,832.00,790.00,373.50,1350.03,1197.00,693.00,830.00
6,27,16,1563.50,1541.00,926.00,1690.00,1010.00,637.00,832.00,790.00,373.50,1350.03,1197.00,693.00,830.00
6,27,17,1563.50,1541.00,926.00,1690.00,1010.00,637.00,832.00,790.00,373.50,1350.03,1197.00,693.00,830.00
6,27,18,1563.50,1541.00,926.00,1690.00,1010.00,637.00,832.00,790.00,373.50,1350.03,1197.00,693.00,830.00
6,27,19,1563.50,1541.00,926.00,1690.00,1010.00,637.00,832.00,790.00,373.50,1350.03,1197.00,693.00,830.00
6,27,20,1563.50,1541.00,926.00,1690.00,1010.00,637.00,832.00,790.00,373.50,1350.03,1197.00,693.00,830.00
6,27,21,1563.50,1541.00,926.00,1690.00,1010.00,637.00,832.00,790.00,373.50,1350.03,1197.00,693.00,830.00
6,27,22,1563.50,1541.00,926.00,1690.00,1010.00,637.00,832.00,790.00,373.50,1350.03,1197.00,693.00,830.00
6,27,23,1563.50,1541.00,926.00,1690.00,1010.00,637.00,832.00,790.00,373.50,1350.03,1197.00,693.00,830.00
6,27,24,1563.50,1541.00,926.00,1690.00,1010.00,637.00,832.00,790.00,373.50,1350.03,1197.00,693.00,830.00
6,28,1,1563.50,1541.00,926.00,1690.00,1010.00,637.00,832.00,790.00,373.50,1350.03,1197.00,693.00,830.00
6,28,2,1563.50,1541.00,926.00,1690.00,1010.00,637.00,832.00,790.00,373.50,1350.03,1197.00,693.00,830.00
6,28,3,1563.50,1541.00,926.00,1690.00,1010.00,637.00,832.00,790.00,373.50,1350.03,1197.00,693.00,830.00
6,28,4,1563.50,1541.00,926.00,1690.00,1010.00,637.00,832.00,790.00,373.50,1350.03,1197.00,693.00,830.00
6,28,5,1563.50,1541.00,926.00,1690.00,1010.00,637.00,832.00,790.00,373.50,1350.03,1197.00,693.00,830.00
6,28,6,1563.50,1541.00,926.00,1690.00,1010.00,637.00,832.00,790.00,373.50,1350.03,1197.00,693.00,830.00
6,28,7,1563.50,1541.00,926.00,1690.00,1010.00,637.00,832.00,790.00,373.50,1350.03,1197.00,693.00,830.00
6,28,8,1563.50,1541.00,926.00,1690.00,1010.00,637.00,832.00,790.00,373.50,1350.03,1197.00,693.00,830.00
6,28,9,1563.50,1541.00,926.00,1690.00,1010.00,637.00,832.00,790.00,373.50,1350.03,1197.00,693.00,830.00
6,28,10,1563.50,1541.00,926.00,1690.00,1010.00,637.00,832.00,790.00,373.50,1350.03,1197.00,693.00,830.00
6,28,11,1563.50,1541.00,926.00,1690.00,1010.00,637.00,832.00,790.00,373.50,1350.03,1197.00,693.00,830.00
6,28,12,1563.50,1541.00,926.00,1690.00,1010.00,637.00,832.00,790.00,373.50,1350.03,1197.00,693.00,830.00
6,28,13,1563.50,1541.00,926.00,1690.00,1010.00,637.00,832.00,790.00,373.50,1350.03,1197.00,693.00,830.00
6,28,14,1563.50,1541.00,926.00,1690.00,1010.00,637.00,832.00,790.00,373.50,1350.03,1197.00,693.00,830.00
6,28,15,1563.50,1541.00,926.00,1690.00,1010.00,637.00,832.00,790.00,373.50,1350.03,1197.00,693.00,830.00
6,28,16,1563.50,1541.00,926.00,1690.00,1010.00,637.00,832.00,790.00,373.50,1350.03,1197.00,693.00,830.00
6,28,17,1563.50,1541.00,926.00,1690.00,1010.00,637.00,832.00,790.00,373.50,1350.03,1197.00,693.00,830.00
6,28,18,1563.50,1541.00,926.00,1690.00,1010.00,637.00,832.00,790.00,373.50,1350.03,1197.00,693.00,830.00
6,28,19,1563.50,1541.00,926.00,1690.00,1010.00,637.00,832.00,790.00,373.50,1350.03,1197.00,693.00,830.00
6,28,20,1563.50,1541.00,926.00,1690.00,1010.00,637.00,832.00,790.00,373.50,1350.03,1197.00,693.00,830.00
6,28,21,1563.50,1541.00,926.00,1690.00,1010.00,637.00,832.00,790.00,373.50,1350.03,1197.00,693.00,830.00
6,28,22,1563.50,1541.00,926.00,1690.00,1010.00,637.00,832.00,790.00,373.50,1350.03,1197.00,693.00,830.00
6,28,23,1563.50,1541.00,926.00,1690.00,1010.00,637.00,832.00,790.00,373.50,1350.03,1197.00,693.00,830.00
6,28,24,1563.50,1541.00,926.00,1690.00,1010.00,637.00,832.00,790.00,373.50,1350.03,1197.00,693.00,830.00
6,29,1,1563.50,1541.00,926.00,1690.00,1010.00,637.00,832.00,790.00,373.50,1350.03,1197.00,693.00,830.00
6,29,2,1563.50,1541.00,926.00,1690.00,1010.00,637.00,832.00,790.00,373.50,1350.03,1197.00,693.00,830.00
6,29,3,1563.50,1541.00,926.00,1690.00,1010.00,637.00,832.00,790.00,373.50,1350.03,1197.00,693.00,830.00
6,29,4,1563.50,1541.00,926.00,1690.00,1010.00,637.00,832.00,790.00,373.50,1350.03,1197.00,693.00,830.00
6,29,5,1563.50,1541.00,926.00,1690.00,1010.00,637.00,832.00,790.00,373.50,1350.03,1197.00,693.00,830.00
6,29,6,1563.50,1541.00,926.00,1690.00,1010.00,637.00,832.00,790.00,373.50,1350.03,1197.00,693.00,830.00
6,29,7,1563.50,1541.00,926.00,1690.00,1010.00,637.00,832.00,790.00,373.50,1350.03,1197.00,693.00,830.00
6,29,8,1563.50,1541.00,926.00,1690.00,1010.00,637.00,832.00,790.00,373.50,1350.03,1197.00,693.00,830.00
6,29,9,1563.50,1541.00,926.00,1690.00,1010.00,637.00,832.00,790.00,373.50,1350.03,1197.00,693.00,830.00
6,29,10,1563.50,1541.00,926.00,1690.00,1010.00,637.00,832.00,790.00,373.50,1350.03,1197.00,693.00,830.00
6,29,11,1563.50,1541.00,926.00,1690.00,1010.00,637.00,832.00,790.00,373.50,1350.03,1197.00,693.00,830.00
6,29,12,1563.50,1541.00,926.00,1690.00,1010.00,637.00,832.00,790.00,373.50,1350.03,1197.00,693.00,830.00
6,29,13,1563.50,1541.00,926.00,1690.00,1010.00,637.00,832.00,790.00,373.50,1350.03,1197.00,693.00,830.00
6,29,14,1563.50,1541.00,926.00,1690.00,1010.00,637.00,832.00,790.00,373.50,1350.03,1197.00,693.00,830.00
6,29,15,1563.50,1541.00,926.00,1690.00,1010.00,637.00,832.00,790.00,373.50,1350.03,1197.00,693.00,830.00
6,29,16,1563.50,1541.00,926.00,1690.00,1010.00,637.00,832.00,790.00,373.50,1350.03,1197.00,693.00,830.00
6,29,17,1563.50,1541.00,926.00,1690.00,1010.00,637.00,832.00,790.00,373.50,1350.03,1197.00,693.00,830.00
6,29,18,1563.50,1541.00,926.00,1690.00,1010.00,637.00,832.00,790.00,373.50,1350.03,1197.00,693.00,830.00
6,29,19,1563.50,1541.00,926.00,1690.00,1010.00,637.00,832.00,790.00,373.50,1350.03,1197.00,693.00,830.00
6,29,20,1563.50,1541.00,926.00,1690.00,1010.00,637.00,832.00,790.00,373.50,1350.03,1197.00,693.00,830.00
6,29,21,1563.50,1541.00,926.00,1690.00,1010.00,637.00,832.00,790.00,373.50,1350.03,1197.00,693.00,830.00
6,29,22,1563.50,1541.00,926.00,1690.00,1010.00,637.00,832.00,790.00,373.50,1350.03,1197.00,693.00,830.00
6,29,23,1563.50,1541.00,926.00,1690.00,1010.00,637.00,832.00,790.00,373.50,1350.03,1197.00,693.00,830.00
6,29,24,1563.50,1541.00,926.00,1690.00,1010.00,637.00,832.00,790.00,373.50,1350.03,1197.00,693.00,830.00
6,30,1,1563.50,1541.00,926.00,1690.00,1010.00,637.00,832.00,790.00,373.50,1350.03,1197.00,693.00,830.00
6,30,2,1563.50,1541.00,926.00,1690.00,1010.00,637.00,832.00,790.00,373.50,1350.03,1197.00,693.00,830.00
6,30,3,1563.50,1541.00,926.00,1690.00,1010.00,637.00,832.00,790.00,373.50,1350.03,1197.00,693.00,830.00
6,30,4,1563.50,1541.00,926.00,1690.00,1010.00,637.00,832.00,790.00,373.50,1350.03,1197.00,693.00,830.00
6,30,5,1563.50,1541.00,926.00,1690.00,1010.00,637.00,832.00,790.00,373.50,1350.03,1197.00,693.00,830.00
6,30,6,1563.50,1541.00,926.00,1690.00,1010.00,637.00,832.00,790.00,373.50,1350.03,1197.00,693.00,830.00
6,30,7,1563.50,1541.00,926.00,1690.00,1010.00,637.00,832.00,790.00,373.50,1350.03,1197.00,693.00,830.00
6,30,8,1563.50,1541.00,926.00,1690.00,1010.00,637.00,832.00,790.00,373.50,1350.03,1197.00,693.00,830.00
6,30,9,1563.50,1541.00,926.00,1690.00,1010.00,637.00,832.00,790.00,373.50,1350.03,1197.00,693.00,830.00
6,30,10,1563.50,1541.00,926.00,1690.00,1010.00,637.00,832.00,790.00,373.50,1350.03,1197.00,693.00,830.00
6,30,11,1563.50,1541.00,926.00,1690.00,1010.00,637.00,832.00,790.00,373.50,1350.03,1197.00,693.00,830.00
6,30,12,1563.50,1541.00,926.00,1690.00,1010.00,637.00,832.00,790.00,373.50,1350.03,1197.00,693.00,830.00
6,30,13,1563.50,1541.00,926.00,1690.00,1010.00,637.00,832.00,790.00,373.50,1350.03,1197.00,693.00,830.00
6,30,14,1563.50,1541.00,926.00,1690.00,1010.00,637.00,832.00,790.00,373.50,1350.03,1197.00,693.00,830.00
6,30,15,1563.50,1541.00,926.00,1690.00,1010.00,637.00,832.00,790.00,373.50,1350.03,1197.00,693.00,830.00
6,30,16,1563.50,1541.00,926.00,1690.00,1010.00,637.00,832.00,790.00,373.50,1350.03,1197.00,693.00,830.00
6,30,17,1563.50,1541.00,926.00,1690.00,1010.00,637.00,832.00,790.00,373.50,1350.03,1197.00,693.00,830.00
6,30,18,1563.50,1541.00,926.00,1690.00,1010.00,637.00,832.00,790.00,373.50,1350.03,1197.00,693.00,830.00
6,30,19,1563.50,1541.00,926.00,1690.00,1010.00,637.00,832.00,790.00,373.50,1350.03,1197.00,693.00,830.00
6,30,20,1563.50,1541.00,926.00,1690.00,1010.00,637.00,832.00,790.00,373.50,1350.03,1197.00,693.00,830.00
6,30,21,1563.50,1541.00,926.00,1690.00,1010.00,637.00,832.00,790.00,373.50,1350.03,1197.00,693.00,830.00
6,30,22,1563.50,1541.00,926.00,1690.00,1010.00,637.00,832.00,790.00,373.50,1350.03,1197.00,693.00,830.00
6,30,23,1563.50,1541.00,926.00,1690.00,1010.00,637.00,832.00,790.00,373.50,1350.03,1197.00,693.00,830.00
6,30,24,1563.50,1541.00,926.00,1690.00,1010.00,637.00,832.00,790.00,373.50,1350.03,1197.00,693.00,830.00
7,1,1,1563.50,1541.00,926.00,1690.00,1010.00,637.00,832.00,790.00,373.50,1350.03,1197.00,693.00,830.00
7,1,2,1563.50,1541.00,926.00,1690.00,1010.00,637.00,832.00,790.00,373.50,1350.03,1197.00,693.00,830.00
7,1,3,1563.50,1541.00,926.00,1690.00,1010.00,637.00,832.00,790.00,373.50,1350.03,1197.00,693.00,830.00
7,1,4,1563.50,1541.00,926.00,1690.00,1010.00,637.00,832.00,790.00,373.50,1350.03,1197.00,693.00,830.00
7,1,5,1563.50,1541.00,926.00,1690.00,1010.00,637.00,832.00,790.00,373.50,1350.03,1197.00,693.00,830.00
7,1,6,1563.50,1541.00,926.00,1690.00,1010.00,637.00,832.00,790.00,373.50,1350.03,1197.00,693.00,830.00
7,1,7,1563.50,1541.00,926.00,1690.00,1010.00,637.00,832.00,790.00,373.50,1350.03,1197.00,693.00,830.00
7,1,8,1563.50,1541.00,926.00,1690.00,1010.00,637.00,832.00,790.00,373.50,1350.03,1197.00,693.00,830.00
7,1,9,1563.50,1541.00,926.00,1690.00,1010.00,637.00,832.00,790.00,373.50,1350.03,1197.00,693.00,830.00
7,1,10,1563.50,1541.00,926.00,1690.00,1010.00,637.00,832.00,790.00,373.50,1350.03,1197.00,693.00,830.00
7,1,11,1563.50,1541.00,926.00,1690.00,1010.00,637.00,832.00,790.00,373.50,1350.03,1197.00,693.00,830.00
7,1,12,1563.50,1541.00,926.00,1690.00,1010.00,637.00,832.00,790.00,373.50,1350.03,1197.00,693.00,830.00
7,1,13,1563.50,1541.00,926.00,1690.00,1010.00,637.00,832.00,790.00,373.50,1350.03,1197.00,693.00,830.00
7,1,14,1563.50,1541.00,926.00,1690.00,1010.00,637.00,832.00,790.00,373.50,1350.03,1197.00,693.00,830.00
7,1,15,1563.50,1541.00,926.00,1690.00,1010.00,637.00,832.00,790.00,373.50,1350.03,1197.00,693.00,830.00
7,1,16,1563.50,1541.00,926.00,1690.00,1010.00,637.00,832.00,790.00,373.50,1350.03,1197.00,693.00,830.00
7,1,17,1563.50,1541.00,926.00,1690.00,1010.00,637.00,832.00,790.00,373.50,1350.03,1197.00,693.00,830.00
7,1,18,1563.50,1541.00,926.00,1690.00,1010.00,637.00,832.00,790.00,373.50,1350.03,1197.00,693.00,830.00
7,1,19,1563.50,1541.00,926.00,1690.00,1010.00,637.00,832.00,790.00,373.50,1350.03,1197.00,693.00,830.00
7,1,20,1563.50,1541.00,926.00,1690.00,1010.00,637.00,832.00,790.00,373.50,1350.03,1197.00,693.00,830.00
7,1,21,1563.50,1541.00,926.00,1690.00,1010.00,637.00,832.00,790.00,373.50,1350.03,1197.00,693.00,830.00
7,1,22,1563.50,1541.00,926.00,1690.00,1010.00,637.00,832.00,790.00,373.50,1350.03,1197.00,693.00,830.00
7,1,23,1563.50,1541.00,926.00,1690.00,1010.00,637.00,832.00,790.00,373.50,1350.03,1197.00,693.00,830.00
7,1,24,1563.50,1541.00,926.00,1690.00,1010.00,637.00,832.00,790.00,373.50,1350.03,1197.00,693.00,830.00
7,2,1,1563.50,1541.00,926.00,1690.00,1010.00,637.00,832.00,790.00,373.50,1350.03,1197.00,693.00,830.00
7,2,2,1563.50,1541.00,926.00,1690.00,1010.00,637.00,832.00,790.00,373.50,1350.03,1197.00,693.00,830.00
7,2,3,1563.50,1541.00,926.00,1690.00,1010.00,637.00,832.00,790.00,373.50,1350.03,1197.00,693.00,830.00
7,2,4,1563.50,1541.00,926.00,1690.00,1010.00,637.00,832.00,790.00,373.50,1350.03,1197.00,693.00,830.00
7,2,5,1563.50,1541.00,926.00,1690.00,1010.00,637.00,832.00,790.00,373.50,1350.03,1197.00,693.00,830.00
7,2,6,1563.50,1541.00,926.00,1690.00,1010.00,637.00,832.00,790.00,373.50,1350.03,1197.00,693.00,830.00
7,2,7,1563.50,1541.00,926.00,1690.00,1010.00,637.00,832.00,790.00,373.50,1350.03,1197.00,693.00,830.00
7,2,8,1563.50,1541.00,926.00,1690.00,1010.00,637.00,832.00,790.00,373.50,1350.03,1197.00,693.00,830.00
7,2,9,1563.50,1541.00,926.00,1690.00,1010.00,637.00,832.00,790.00,373.50,1350.03,1197.00,693.00,830.00
7,2,10,1563.50,1541.00,926.00,1690.00,1010.00,637.00,832.00,790.00,373.50,1350.03,1197.00,693.00,830.00
7,2,11,1563.50,1541.00,926.00,1690.00,1010.00,637.00,832.00,790.00,373.50,1350.03,1197.00,693.00,830.00
7,2,12,1563.50,1541.00,926.00,1690.00,1010.00,637.00,832.00,790.00,373.50,1350.03,1197.00,693.00,830.00
7,2,13,1563.50,1541.00,926.00,1690.00,1010.00,637.00,832.00,790.00,373.50,1350.03,1197.00,693.00,830.00
7,2,14,1563.50,1541.00,926.00,1690.00,1010.00,637.00,832.00,790.00,373.50,1350.03,1197.00,693.00,830.00
7,2,15,1563.50,1541.00,926.00,1690.00,1010.00,637.00,832.00,790.00,373.50,1350.03,1197.00,693.00,830.00
7,2,16,1563.50,1541.00,926.00,1690.00,1010.00,637.00,832.00,790.00,373.50,1350.03,1197.00,693.00,830.00
7,2,17,1563.50,1541.00,926.00,1690.00,1010.00,637.00,832.00,790.00,373.50,1350.03,1197.00,693.00,830.00
7,2,18,1563.50,1541.00,926.00,1690.00,1010.00,637.00,832.00,790.00,373.50,1350.03,1197.00,693.00,830.00
7,2,19,1563.50,1541.00,926.00,1690.00,1010.00,637.00,832.00,790.00,373.50,1350.03,1197.00,693.00,830.00
7,2,20,1563.50,1541.00,926.00,1690.00,1010.00,637.00,832.00,790.00,373.50,1350.03,1197.00,693.00,830.00
7,2,21,1563.50,1541.00,926.00,1690.00,1010.00,637.00,832.00,790.00,373.50,1350.03,1197.00,693.00,830.00
7,2,22,1563.50,1541.00,926.00,1690.00,1010.00,637.00,832.00,790.00,373.50,1350.03,1197.00,693.00,830.00
7,2,23,1563.50,1541.00,926.00,1690.00,1010.00,637.00,832.00,790.00,373.50,1350.03,1197.00,693.00,830.00
7,2,24,1563.50,1541.00,926.00,1690.00,1010.00,637.00,832.00,790.00,373.50,1350.03,1197.00,693.00,830.00
7,3,1,1563.50,1541.00,926.00,1690.00,1010.00,637.00,832.00,790.00,373.50,1350.03,1197.00,693.00,830.00
7,3,2,1563.50,1541.00,926.00,1690.00,1010.00,637.00,832.00,790.00,373.50,1350.03,1197.00,693.00,830.00
7,3,3,1563.50,1541.00,926.00,1690.00,1010.00,637.00,832.00,790.00,373.50,1350.03,1197.00,693.00,830.00
7,3,4,1563.50,1541.00,926.00,1690.00,1010.00,637.00,832.00,790.00,373.50,1350.03,1197.00,693.00,830.00
7,3,5,1563.50,1541.00,926.00,1690.00,1010.00,637.00,832.00,790.00,373.50,1350.03,1197.00,693.00,830.00
7,3,6,1563.50,1541.00,926.00,1690.00,1010.00,637.00,832.00,790.00,373.50,1350.03,1197.00,693.00,830.00
7,3,7,1563.50,1541.00,926.00,1690.00,1010.00,637.00,832.00,790.00,373.50,1350.03,1197.00,693.00,830.00
7,3,8,1563.50,1541.00,926.00,1690.00,1010.00,637.00,832.00,790.00,373.50,1350.03,1197.00,693.00,830.00
7,3,9,1563.50,1541.00,926.00,1690.00,1010.00,637.00,832.00,790.00,373.50,1350.03,1197.00,693.00,830.00
7,3,10,1563.50,1541.00,926.00,1690.00,1010.00,637.00,832.00,790.00,373.50,1350.03,1197.00,693.00,830.00
7,3,11,1563.50,1541.00,926.00,1690.00,1010.00,637.00,832.00,790.00,373.50,1350.03,1197.00,693.00,830.00
7,3,12,1563.50,1541.00,926.00,1690.00,1010.00,637.00,832.00,790.00,373.50,1350.03,1197.00,693.00,830.00
7,3,13,1563.50,1541.00,926.00,1690.00,1010.00,637.00,832.00,790.00,373.50,1350.03,1197.00,693.00,830.00
7,3,14,1563.50,1541.00,926.00,1690.00,1010.00,637.00,832.00,790.00,373.50,1350.03,1197.00,693.00,830.00
7,3,15,1563.50,1541.00,926.00,1690.00,1010.00,637.00,832.00,790.00,373.50,1350.03,1197.00,693.00,830.00
7,3,16,1563.50,1541.00,926.00,1690.00,1010.00,637.00,832.00,790.00,373.50,1350.03,1197.00,693.00,830.00
7,3,17,1563.50,1541.00,926.00,1690.00,1010.00,637.00,832.00,790.00,373.50,1350.03,1197.00,693.00,830.00
7,3,18,1563.50,1541.00,926.00,1690.00,1010.00,637.00,832.00,790.00,373.50,1350.03,1197.00,693.00,830.00
7,3,19,1563.50,1541.00,926.00,1690.00,1010.00,637.00,832.00,790.00,373.50,1350.03,1197.00,693.00,830.00
7,3,20,1563.50,1541.00,926.00,1690.00,1010.00,637.00,832.00,790.00,373.50,1350.03,1197.00,693.00,830.00
7,3,21,1563.50,1541.00,926.00,1690.00,1010.00,637.00,832.00,790.00,373.50,1350.03,1197.00,693.00,830.00
7,3,22,1563.50,1541.00,926.00,1690.00,1010.00,637.00,832.00,790.00,373.50,1350.03,1197.00,693.00,830.00
7,3,23,1563.50,1541.00,926.00,1690.00,1010.00,637.00,832.00,790.00,373.50,1350.03,1197.00,693.00,830.00
7,3,24,1563.50,1541.00,926.00,1690.00,1010.00,637.00,832.00,790.00,373.50,1350.03,1197.00,693.00,830.00
7,4,1,1563.50,1541.00,926.00,1690.00,1010.00,637.00,832.00,790.00,373.50,1350.03,1197.00,693.00,830.00
7,4,2,1563.50,1541.00,926.00,1690.00,1010.00,637.00,832.00,790.00,373.50,1350.03,1197.00,693.00,830.00
7,4,3,1563.50,1541.00,926.00,1690.00,1010.00,637.00,832.00,790.00,373.50,1350.03,1197.00,693.00,830.00
7,4,4,1563.50,1541.00,926.00,1690.00,1010.00,637.00,832.00,790.00,373.50,1350.03,1197.00,693.00,830.00
7,4,5,1563.50,1541.00,926.00,1690.00,1010.00,637.00,832.00,790.00,373.50,1350.03,1197.00,693.00,830.00
7,4,6,1563.50,1541.00,926.00,1690.00,1010.00,637.00,832.00,790.00,373.50,1350.03,1197.00,693.00,830.00
7,4,7,1563.50,1541.00,926.00,1690.00,1010.00,637.00,832.00,790.00,373.50,1350.03,1197.00,693.00,830.00
7,4,8,1563.50,1541.00,926.00,1690.00,1010.00,637.00,832.00,790.00,373.50,1350.03,1197.00,693.00,830.00
7,4,9,1563.50,1541.00,926.00,1690.00,1010.00,637.00,832.00,790.00,373.50,1350.03,1197.00,693.00,830.00
7,4,10,1563.50,1541.00,926.00,1690.00,1010.00,637.00,832.00,790.00,373.50,1350.03,1197.00,693.00,830.00
7,4,11,1563.50,1541.00,926.00,1690.00,1010.00,637.00,832.00,790.00,373.50,1350.03,1197.00,693.00,830.00
7,4,12,1563.50,1541.00,926.00,1690.00,1010.00,637.00,832.00,790.00,373.50,1350.03,1197.00,693.00,830.00
7,4,13,1563.50,1541.00,926.00,1690.00,1010.00,637.00,832.00,790.00,373.50,1350.03,1197.00,693.00,830.00
7,4,14,1563.50,1541.00,926.00,1690.00,1010.00,637.00,832.00,790.00,373.50,1350.03,1197.00,693.00,830.00
7,4,15,1563.50,1541.00,926.00,1690.00,1010.00,637.00,832.00,790.00,373.50,1350.03,1197.00,693.00,830.00
7,4,16,1563.50,1541.00,926.00,1690.00,1010.00,637.00,832.00,790.00,373.50,1350.03,1197.00,693.00,830.00
7,4,17,1563.50,1541.00,926.00,1690.00,1010.00,637.00,832.00,790.00,373.50,1350.03,1197.00,693.00,830.00
7,4,18,1563.50,1541.00,926.00,1690.00,1010.00,637.00,832.00,790.00,373.50,1350.03,1197.00,693.00,830.00
7,4,19,1563.50,1541.00,926.00,1690.00,1010.00,637.00,832.00,790.00,373.50,1350.03,1197.00,693.00,830.00
7,4,20,1563.50,1541.00,926.00,1690.00,1010.00,637.00,832.00,790.00,373.50,1350.03,1197.00,693.00,830.00
7,4,21,1563.50,1541.00,926.00,1690.00,1010.00,637.00,832.00,790.00,373.50,1350.03,1197.00,693.00,830.00
7,4,22,1563.50,1541.00,926.00,1690.00,1010.00,637.00,832.00,790.00,373.50,1350.03,1197.00,693.00,830.00
7,4,23,1563.50,1541.00,926.00,1690.00,1010.00,637.00,832.00,790.00,373.50,1350.03,1197.00,693.00,830.00
7,4,24,1563.50,1541.00,926.00,1690.00,1010.00,637.00,832.00,790.00,373.50,1350.03,1197.00,693.00,830.00
7,5,1,1563.50,1541.00,926.00,1690.00,1010.00,637.00,832.00,790.00,373.50,1350.03,1197.00,693.00,830.00
7,5,2,1563.50,1541.00,926.00,1690.00,1010.00,637.00,832.00,790.00,373.50,1350.03,1197.00,693.00,830.00
7,5,3,1563.50,1541.00,926.00,1690.00,1010.00,637.00,832.00,790.00,373.50,1350.03,1197.00,693.00,830.00
7,5,4,1563.50,1541.00,926.00,1690.00,1010.00,637.00,832.00,790.00,373.50,1350.03,1197.00,693.00,830.00
7,5,5,1563.50,1541.00,926.00,1690.00,1010.00,637.00,832.00,790.00,373.50,1350.03,1197.00,693.00,830.00
7,5,6,1563.50,1541.00,926.00,1690.00,1010.00,637.00,832.00,790.00,373.50,1350.03,1197.00,693.00,830.00
7,5,7,1563.50,1541.00,926.00,1690.00,1010.00,637.00,832.00,790.00,373.50,1350.03,1197.00,693.00,830.00
7,5,8,1563.50,1541.00,926.00,1690.00,1010.00,637.00,832.00,790.00,373.50,1350.03,1197.00,693.00,830.00
7,5,9,1563.50,1541.00,926.00,1690.00,1010.00,637.00,832.00,790.00,373.50,1350.03,1197.00,693.00,830.00
7,5,10,1563.50,1541.00,926.00,1690.00,1010.00,637.00,832.00,790.00,373.50,1350.03,1197.00,693.00,830.00
7,5,11,1563.50,1541.00,926.00,1690.00,1010.00,637.00,832.00,790.00,373.50,1350.03,1197.00,693.00,830.00
7,5,12,1563.50,1541.00,926.00,1690.00,1010.00,637.00,832.00,790.00,373.50,1350.03,1197.00,693.00,830.00
7,5,13,1563.50,1541.00,926.00,1690.00,1010.00,637.00,832.00,790.00,373.50,1350.03,1197.00,693.00,830.00
7,5,14,1563.50,1541.00,926.00,1690.00,1010.00,637.00,832.00,790.00,373.50,1350.03,1197.00,693.00,830.00
7,5,15,1563.50,1541.00,926.00,1690.00,1010.00,637.00,832.00,790.00,373.50,1350.03,1197.00,693.00,830.00
7,5,16,1563.50,1541.00,926.00,1690.00,1010.00,637.00,832.00,790.00,373.50,1350.03,1197.00,693.00,830.00
7,5,17,1563.50,1541.00,926.00,1690.00,1010.00,637.00,832.00,790.00,373.50,1350.03,1197.00,693.00,830.00
7,5,18,1563.50,1541.00,926.00,1690.00,1010.00,637.00,832.00,790.00,373.50,1350.03,1197.00,693.00,830.00
7,5,19,1563.50,1541.00,926.00,1690.00,1010.00,637.00,832.00,790.00,373.50,1350.03,1197.00,693.00,830.00
7,5,20,1563.50,1541.00,926.00,1690.00,1010.00,637.00,832.00,790.00,373.50,1350.03,1197.00,693.00,830.00
7,5,21,1563.50,1541.00,926.00,1690.00,1010.00,637.00,832.00,790.00,373.50,1350.03,1197.00,693.00,830.00
7,5,22,1563.50,1541.00,926.00,1690.00,1010.00,637.00,832.00,790.00,373.50,1350.03,1197.00,693.00,830.00
7,5,23,1563.50,1541.00,926.00,1690.00,1010.00,637.00,832.00,790.00,373.50,1350.03,1197.00,693.00,830.00
7,5,24,1563.50,1541.00,926.00,1690.00,1010.00,637.00,832.00,790.00,373.50,1350.03,1197.00,693.00,830.00
7,6,1,1563.50,1541.00,926.00,1690.00,1010.00,637.00,832.00,790.00,373.50,1350.03,1197.00,693.00,830.00
7,6,2,1563.50,1541.00,926.00,1690.00,1010.00,637.00,832.00,790.00,373.50,1350.03,1197.00,693.00,830.00
7,6,3,1563.50,1541.00,926.00,1690.00,1010.00,637.00,832.00,790.00,373.50,1350.03,1197.00,693.00,830.00
7,6,4,1563.50,1541.00,926.00,1690.00,1010.00,637.00,832.00,790.00,373.50,1350.03,1197.00,693.00,830.00
7,6,5,1563.50,1541.00,926.00,1690.00,1010.00,637.00,832.00,790.00,373.50,1350.03,1197.00,693.00,830.00
7,6,6,1563.50,1541.00,926.00,1690.00,1010.00,637.00,832.00,790.00,373.50,1350.03,1197.00,693.00,830.00
7,6,7,1563.50,1541.00,926.00,1690.00,1010.00,637.00,832.00,790.00,373.50,1350.03,1197.00,693.00,830.00
7,6,8,1563.50,1541.00,926.00,1690.00,1010.00,637.00,832.00,790.00,373.50,1350.03,1197.00,693.00,830.00
7,6,9,1563.50,1541.00,926.00,1690.00,1010.00,637.00,832.00,790.00,373.50,1350.03,1197.00,693.00,830.00
7,6,10,1563.50,1541.00,926.00,1690.00,1010.00,637.00,832.00,790.00,373.50,1350.03,1197.00,693.00,830.00
7,6,11,1563.50,1541.00,926.00,1690.00,1010.00,637.00,832.00,790.00,373.50,1350.03,1197.00,693.00,830.00
7,6,12,1563.50,1541.00,926.00,1690.00,1010.00,637.00,832.00,790.00,373.50,1350.03,1197.00,693.00,830.00
7,6,13,1563.50,1541.00,926.00,1690.00,1010.00,637.00,832.00,790.00,373.50,1350.02,1197.00,693.00,830.00
7,6,14,1563.50,1541.00,926.00,1690.00,1010.00,637.00,832.00,790.00,373.50,1350.02,1197.00,693.00,830.00
7,6,15,1563.50,1541.00,926.00,1690.00,1010.00,637.00,832.00,790.00,373.50,1350.02,1197.00,693.00,830.00
7,6,16,1563.50,1541.00,926.00,1690.00,1010.00,637.00,832.00,790.00,373.50,1350.02,1197.00,693.00,830.00
7,6,17,1563.50,1541.00,926.00,1690.00,1010.00,637.00,832.00,790.00,373.50,1350.02,1197.00,693.00,830.00
7,6,18,1563.50,1541.00,926.00,1690.00,1010.00,637.00,832.00,790.00,373.50,1350.02,1197.00,693.00,830.00
7,6,19,1563.50,1541.00,926.00,1690.00,1010.00,637.00,832.00,790.00,373.50,1350.02,1197.00,693.00,830.00
7,6,20,1563.50,1541.00,926.00,1690.00,1010.00,637.00,832.00,790.00,373.50,1350.02,1197.00,693.00,830.00
7,6,21,1563.50,1541.00,926.00,1690.00,1010.00,637.00,832.00,790.00,373.50,1350.02,1197.00,693.00,830.00
7,6,22,1563.50,1541.00,926.00,1690.00,1010.00,637.00,832.00,790.00,373.50,1350.02,1197.00,693.00,830.00
7,6,23,1563.50,1541.00,926.00,1690.00,1010.00,637.00,832.00,790.00,373.50,1350.02,1197.00,693.00,830.00
7,6,24,1563.50,1541.00,926.00,1690.00,1010.00,637.00,832.00,790.00,373.50,1350.02,1197.00,693.00,830.00
7,7,1,1563.50,1541.00,926.00,1690.00,1010.00,637.00,832.00,790.00,373.50,1350.02,1197.00,693.00,830.00
7,7,2,1563.50,1541.00,926.00,1690.00,1010.00,637.00,832.00,790.00,373.50,1350.02,1197.00,693.00,830.00
7,7,3,1563.50,1541.00,926.00,1690.00,1010.00,637.00,832.00,790.00,373.50,1350.02,1197.00,693.00,830.00
7,7,4,1563.50,1541.00,926.00,1690.00,1010.00,637.00,832.00,790.00,373.50,1350.02,1197.00,693.00,830.00
7,7,5,1563.50,1541.00,926.00,1690.00,1010.00,637.00,832.00,790.00,373.50,1350.02,1197.00,693.00,830.00
7,7,6,1563.50,1541.00,926.00,1690.00,1010.00,637.00,832.00,790.00,373.50,1350.02,1197.00,693.00,830.00
7,7,7,1563.50,1541.00,926.00,1690.00,1010.00,637.00,832.00,790.00,373.50,1350.02,1197.00,693.00,830.00
7,7,8,1563.50,1541.00,926.00,1690.00,1010.00,637.00,832.00,790.00,373.50,1350.02,1197.00,693.00,830.00
7,7,9,1563.50,1541.00,926.00,1690.00,1010.00,637.00,832.00,790.00,373.50,1350.02,1197.00,693.00,830.00
7,7,10,1563.50,1541.00,926.00,1690.00,1010.00,637.00,832.00,790.00,373.50,1350.02,1197.00,693.00,830.00
7,7,11,1563.50,1541.00,926.00,1690.00,1010.00,637.00,832.00,790.00,373.50,1350.02,1197.00,693.00,830.00
7,7,12,1563.50,1541.00,926.00,1690.00,1010.00,637.00,832.00,790.00,373.50,1350.02,1197.00,693.00,830.00
7,7,13,1563.50,1541.00,926.00,1690.00,1010.00,637.00,832.00,790.00,373.50,1350.02,1197.00,693.00,830.00
7,7,14,1563.50,1541.00,926.00,1690.00,1010.00,637.00,832.00,790.00,373.50,1350.02,1197.00,693.00,830.00
7,7,15,1563.50,1541.00,926.00,1690.00,1010.00,637.00,832.00,790.00,373.50,1350.02,1197.00,693.00,830.00
7,7,16,1563.50,1541.00,926.00,1690.00,1010.00,637.00,832.00,790.00,373.50,1350.02,1197.00,693.00,830.00
7,7,17,1563.50,1541.00,926.00,1690.00,1010.00,637.00,832.00,790.00,373.50,1350.02,1197.00,693.00,830.00
7,7,18,1563.50,1541.00,926.00,1690.00,1010.00,637.00,832.00,790.00,373.50,1350.02,1197.00,693.00,830.00
7,7,19,1563.50,1541.00,926.00,1690.00,1010.00,637.00,832.00,790.00,373.50,1350.02,1197.00,693.00,830.00
7,7,20,1563.50,1541.00,926.00,1690.00,1010.00,637.00,832.00,790.00,373.50,1350.02,1197.00,693.00,830.00
7,7,21,1563.50,1541.00,926.00,1690.00,1010.00,637.00,832.00,790.00,373.50,1350.02,1197.00,693.00,830.00
7,7,22,1563.50,1541.00,926.00,1690.00,1010.00,637.00,832.00,790.00,373.50,1350.02,1197.00,693.00,830.00
7,7,23,1563.50,1541.00,926.00,1690.00,1010.00,637.00,832.00,790.00,373.50,1350.02,1197.00,693.00,830.00
7,7,24,1563.50,1541.00,926.00,1690.00,1010.00,637.00,832.00,790.00,373.50,1350.02,1197.00,693.00,830.00
7,8,1,1563.50,1541.00,926.00,1690.00,1010.00,637.00,832.00,790.00,373.50,1350.02,1197.00,693.00,830.00
7,8,2,1563.50,1541.00,926.00,1690.00,1010.00,637.00,832.00,790.00,373.50,1350.02,1197.00,693.00,830.00
7,8,3,1563.50,1541.00,926.00,1690.00,1010.00,637.00,832.00,790.00,373.50,1350.02,1197.00,693.00,830.00
7,8,4,1563.50,1541.00,926.00,1690.00,1010.00,637.00,832.00,790.00,373.50,1350.02,1197.00,693.00,830.00
7,8,5,1563.50,1541.00,926.00,1690.00,1010.00,637.00,832.00,790.00,373.50,1350.02,1197.00,693.00,830.00
7,8,6,1563.50,1541.00,926.00,1690.00,1010.00,637.00,832.00,790.00,373.50,1350.02,1197.00,693.00,830.00
7,8,7,1563.50,1541.00,926.00,1690.00,1010.00,637.00,832.00,790.00,373.50,1350.02,1197.00,693.00,830.00
7,8,8,1563.50,1541.00,926.00,1690.00,1010.00,637.00,832.00,790.00,373.50,1350.02,1197.00,693.00,830.00
7,8,9,1563.50,1541.00,926.00,1690.00,1010.00,637.00,832.00,790.00,373.50,1350.02,1197.00,693.00,830.00
7,8,10,1563.50,1541.00,926.00,1690.00,1010.00,637.00,832.00,790.00,373.50,1350.02,1197.00,693.00,830.00
7,8,11,1563.50,1541.00,926.00,1690.00,1010.00,637.00,832.00,790.00,373.50,1350.02,1197.00,693.00,830.00
7,8,12,1563.50,1541.00,926.00,1690.00,1010.00,637.00,832.00,790.00,373.50,1350.02,1197.00,693.00,830.00
7,8,13,1563.50,1541.00,926.00,1690.00,1010.00,637.00,832.00,790.00,373.50,1350.02,1197.00,693.00,830.00
7,8,14,1563.50,1541.00,926.00,1690.00,1010.00,637.00,832.00,790.00,373.50,1350.02,1197.00,693.00,830.00
7,8,15,1563.50,1541.00,926.00,1690.00,1010.00,637.00,832.00,790.00,373.50,1350.02,1197.00,693.00,830.00
7,8,16,1563.50,1541.00,926.00,1690.00,1010.00,637.00,832.00,790.00,373.50,1350.02,1197.00,693.00,830.00
7,8,17,1563.50,1541.00,926.00,1690.00,1010.00,637.00,832.00,790.00,373.50,1350.02,1197.00,693.00,830.00
7,8,18,1563.50,1541.00,926.00,1690.00,1010.00,637.00,832.00,790.00,373.50,1350.02,1197.00,693.00,830.00
7,8,19,1563.50,1541.00,926.00,1690.00,1010.00,637.00,832.00,790.00,373.50,1350.02,1197.00,693.00,830.00
7,8,20,1563.50,1541.00,926.00,1690.00,1010.00,637.00,832.00,790.00,373.50,1350.02,1197.00,693.00,830.00
7,8,21,1563.50,1541.00,926.00,1690.00,1010.00,637.00,832.00,790.00,373.50,1350.02,1197.00,693.00,830.00
7,8,22,1563.50,1541.00,926.00,1690.00,1010.00,637.00,832.00,790.00,373.50,1350.02,1197.00,693.00,830.00
7,8,23,1563.50,1541.00,926.00,1690.00,1010.00,637.00,832.00,790.00,373.50,1350.02,1197.00,693.00,830.00
7,8,24,1563.50,1541.00,926.00,1690.00,1010.00,637.00,832.00,790.00,373.50,1350.02,1197.00,693.00,830.00
7,9,1,1563.50,1541.00,926.00,1690.00,1010.00,637.00,832.00,790.00,373.50,1350.02,1197.00,693.00,830.00
7,9,2,1563.50,1541.00,926.00,1690.00,1010.00,637.00,832.00,790.00,373.50,1350.02,1197.00,693.00,830.00
7,9,3,1563.50,1541.00,926.00,1690.00,1010.00,637.00,832.00,790.00,373.50,1350.02,1197.00,693.00,830.00
7,9,4,1563.50,1541.00,926.00,1690.00,1010.00,637.00,832.00,790.00,373.50,1350.02,1197.00,693.00,830.00
7,9,5,1563.50,1541.00,926.00,1690.00,1010.00,637.00,832.00,790.00,373.50,1350.02,1197.00,693.00,830.00
7,9,6,1563.50,1541.00,926.00,1690.00,1010.00,637.00,832.00,790.00,373.50,1350.02,1197.00,693.00,830.00
7,9,7,1563.50,1541.00,926.00,1690.00,1010.00,637.00,832.00,790.00,373.50,1350.02,1197.00,693.00,830.00
7,9,8,1563.50,1541.00,926.00,1690.00,1010.00,637.00,832.00,790.00,373.50,1350.02,1197.00,693.00,830.00
7,9,9,1563.50,1541.00,926.00,1690.00,1010.00,637.00,832.00,790.00,373.50,1350.02,1197.00,693.00,830.00
7,9,10,1563.50,1541.00,926.00,1690.00,1010.00,637.00,832.00,790.00,373.50,1350.02,1197.00,693.00,830.00
7,9,11,1563.50,1541.00,926.00,1690.00,1010.00,637.00,832.00,790.00,373.50,1350.02,1197.00,693.00,830.00
7,9,12,1563.50,1541.00,926.00,1690.00,1010.00,637.00,832.00,790.00,373.50,1350.02,1197.00,693.00,830.00
7,9,13,1563.50,1541.00,926.00,1690.00,1010.00,637.00,832.00,790.00,373.50,1350.02,1197.00,693.00,830.00
7,9,14,1563.50,1541.00,926.00,1690.00,1010.00,637.00,832.00,790.00,373.50,1350.02,1197.00,693.00,830.00
7,9,15,1563.50,1541.00,926.00,1690.00,1010.00,637.00,832.00,790.00,373.50,1350.02,1197.00,693.00,830.00
7,9,16,1563.50,1541.00,926.00,1690.00,1010.00,637.00,832.00,790.00,373.50,1350.02,1197.00,693.00,830.00
7,9,17,1563.50,1541.00,926.00,1690.00,1010.00,637.00,832.00,790.00,373.50,1350.02,1197.00,693.00,830.00
7,9,18,1563.50,1541.00,926.00,1690.00,1010.00,637.00,832.00,790.00,373.50,1350.02,1197.00,693.00,830.00
7,9,19,1563.50,1541.00,926.00,1690.00,1010.00,637.00,832.00,790.00,373.50,1350.02,1197.00,693.00,830.00
7,9,20,1563.50,1541.00,926.00,1690.00,1010.00,637.00,832.00,790.00,373.50,1350.02,1197.00,693.00,830.00
7,9,21,1563.50,1541.00,926.00,1690.00,1010.00,637.00,832.00,790.00,373.50,1350.02,1197.00,693.00,830.00
7,9,22,1563.50,1541.00,926.00,1690.00,1010.00,637.00,832.00,790.00,373.50,1350.02,1197.00,693.00,830.00
7,9,23,1563.50,1541.00,926.00,1690.00,1010.00,637.00,832.00,790.00,373.50,1350.02,1197.00,693.00,830.00
7,9,24,1563.50,1541.00,926.00,1690.00,1010.00,637.00,832.00,790.00,373.50,1350.02,1197.00,693.00,830.00
7,10,1,1563.50,1541.00,926.00,1690.00,1010.00,637.00,832.00,790.00,373.50,1350.02,1197.00,693.00,830.00
7,10,2,1563.50,1541.00,926.00,1690.00,1010.00,637.00,832.00,790.00,373.50,1350.02,1197.00,693.00,830.00
7,10,3,1563.50,1541.00,926.00,1690.00,1010.00,637.00,832.00,790.00,373.50,1350.02,1197.00,693.00,830.00
7,10,4,1563.50,1541.00,926.00,1690.00,1010.00,637.00,832.00,790.00,373.50,1350.02,1197.00,693.00,830.00
7,10,5,1563.50,1541.00,926.00,1690.00,1010.00,637.00,832.00,790.00,373.50,1350.02,1197.00,693.00,830.00
7,10,6,1563.50,1541.00,926.00,1690.00,1010.00,637.00,832.00,790.00,373.50,1350.02,1197.00,693.00,830.00
7,10,7,1563.50,1541.00,926.00,1690.00,1010.00,637.00,832.00,790.00,373.50,1350.02,1197.00,693.00,830.00
7,10,8,1563.50,1541.00,926.00,1690.00,1010.00,637.00,832.00,790.00,373.50,1350.02,1197.00,693.00,830.00
7,10,9,1563.50,1541.00,926.00,1690.00,1010.00,637.00,832.00,790.00,373.50,1350.02,1197.00,693.00,830.00
7,10,10,1563.50,1541.00,926.00,1690.00,1010.00,637.00,832.00,790.00,373.50,1350.02,1197.00,693.00,830.00
7,10,11,1563.50,1541.00,926.00,1690.00,1010.00,637.00,832.00,790.00,373.50,1350.02,1197.00,693.00,830.00
7,10,12,1563.50,1541.00,926.00,1690.00,1010.00,637.00,832.00,790.00,373.50,1350.02,1197.00,693.00,830.00
7,10,13,1563.50,1541.00,926.00,1690.00,1010.00,637.00,832.00,790.00,373.50,1350.02,1197.00,693.00,830.00
7,10,14,1563.50,1541.00,926.00,1690.00,1010.00,637.00,832.00,790.00,373.50,1350.02,1197.00,693.00,830.00
7,10,15,1563.50,1541.00,926.00,1690.00,1010.00,637.00,832.00,790.00,373.50,1350.02,1197.00,693.00,830.00
7,10,16,1563.50,1541.00,926.00,1690.00,1010.00,637.00,832.00,790.00,373.50,1350.02,1197.00,693.00,830.00
7,10,17,1563.50,1541.00,926.00,1690.00,1010.00,637.00,832.00,790.00,373.50,1350.02,1197.00,693.00,830.00
7,10,18,1563.50,1541.00,926.00,1690.00,1010.00,637.00,832.00,790.00,373.50,1350.02,1197.00,693.00,830.00
7,10,19,1563.50,1541.00,926.00,1690.00,1010.00,637.00,832.00,790.00,373.50,1350.02,1197.00,693.00,830.00
7,10,20,1563.50,1541.00,926.00,1690.00,1010.00,637.00,832.00,790.00,373.50,1350.02,1197.00,693.00,830.00
7,10,21,1563.50,1541.00,926.00,1690.00,1010.00,637.00,832.00,790.00,373.50,1350.02,1197.00,693.00,830.00
7,10,22,1563.50,1541.00,926.00,1690.00,1010.00,637.00,832.00,790.00,373.50,1350.02,1197.00,693.00,830.00
7,10,23,1563.50,1541.00,926.00,1690.00,1010.00,637.00,832.00,790.00,373.50,1350.02,1197.00,693.00,830.00
7,10,24,1563.50,1541.00,926.00,1690.00,1010.00,637.00,832.00,790.00,373.50,1350.02,1197.00,693.00,830.00
7,11,1,1563.50,1541.00,926.00,1690.00,1010.00,637.00,832.00,790.00,373.50,1350.02,1197.00,693.00,830.00
7,11,2,1563.50,1541.00,926.00,1690.00,1010.00,637.00,832.00,790.00,373.50,1350.02,1197.00,693.00,830.00
7,11,3,1563.50,1541.00,926.00,1690.00,1010.00,637.00,832.00,790.00,373.50,1350.02,1197.00,693.00,830.00
7,11,4,1563.50,1541.00,926.00,1690.00,1010.00,637.00,832.00,790.00,373.50,1350.02,1197.00,693.00,830.00
7,11,5,1563.50,1541.00,926.00,1690.00,1010.00,637.00,832.00,790.00,373.50,1350.02,1197.00,693.00,830.00
7,11,6,1563.50,1541.00,926.00,1690.00,1010.00,637.00,832.00,790.00,373.50,1350.02,1197.00,693.00,830.00
7,11,7,1563.50,1541.00,926.00,1690.00,1010.00,637.00,832.00,790.00,373.50,1350.02,1197.00,693.00,830.00
7,11,8,1563.50,1541.00,926.00,1690.00,1010.00,637.00,832.00,790.00,373.50,1350.02,1197.00,693.00,830.00
7,11,9,1563.50,1541.00,926.00,1690.00,1010.00,637.00,832.00,790.00,373.50,1350.02,1197.00,693.00,830.00
7,11,10,1563.50,1541.00,926.00,1690.00,1010.00,637.00,832.00,790.00,373.50,1350.02,1197.00,693.00,830.00
7,11,11,1563.50,1541.00,926.00,1690.00,1010.00,637.00,832.00,790.00,373.50,1350.02,1197.00,693.00,830.00
7,11,12,1563.50,1541.00,926.00,1690.00,1010.00,637.00,832.00,790.00,373.50,1350.02,1197.00,693.00,830.00
7,11,13,1563.50,1541.00,926.00,1690.00,1010.00,637.00,832.00,790.00,373.50,1350.02,1197.00,693.00,830.00
7,11,14,1563.50,1541.00,926.00,1690.00,1010.00,637.00,832.00,790.00,373.50,1350.02,1197.00,693.00,830.00
7,11,15,1563.50,1541.00,926.00,1690.00,1010.00,637.00,832.00,790.00,373.50,1350.02,1197.00,693.00,830.00
7,11,16,1563.50,1541.00,926.00,1690.00,1010.00,637.00,832.00,790.00,373.50,1350.02,1197.00,693.00,830.00
7,11,17,1563.50,1541.00,926.00,1690.00,1010.00,637.00,832.00,790.00,373.50,1350.02,1197.00,693.00,830.00
7,11,18,1563.50,1541.00,926.00,1690.00,1010.00,637.00,832.00,790.00,373.50,1350.02,1197.00,693.00,830.00
7,11,19,1563.50,1541.00,926.00,1690.00,1010.00,637.00,832.00,790.00,373.50,1350.02,1197.00,693.00,830.00
7,11,20,1563.50,1541.00,926.00,1690.00,1010.00,637.00,832.00,790.00,373.50,1350.02,1197.00,693.00,830.00
7,11,21,1563.50,1541.00,926.00,1690.00,1010.00,637.00,832.00,790.00,373.50,1350.02,1197.00,693.00,830.00
7,11,22,1563.50,1541.00,926.00,1690.00,1010.00,637.00,832.00,790.00,373.50,1350.02,1197.00,693.00,830.00
7,11,23,1563.50,1541.00,926.00,1690.00,1010.00,637.00,832.00,790.00,373.50,1350.02,1197.00,693.00,830.00
7,11,24,1563.50,1541.00,926.00,1690.00,1010.00,637.00,832.00,790.00,373.50,1350.02,1197.00,693.00,830.00
7,12,1,1563.50,1541.00,926.00,1690.00,1010.00,637.00,832.00,790.00,373.50,1350.02,1197.00,693.00,830.00
7,12,2,1563.50,1541.00,926.00,1690.00,1010.00,637.00,832.00,790.00,373.50,1350.02,1197.00,693.00,830.00
7,12,3,1563.50,1541.00,926.00,1690.00,1010.00,637.00,832.00,790.00,373.50,1350.02,1197.00,693.00,830.00
7,12,4,1563.50,1541.00,926.00,1690.00,1010.00,637.00,832.00,790.00,373.50,1350.02,1197.00,693.00,830.00
7,12,5,1563.50,1541.00,926.00,1690.00,1010.00,637.00,832.00,790.00,373.50,1350.02,1197.00,693.00,830.00
7,12,6,1563.50,1541.00,926.00,1690.00,1010.00,637.00,832.00,790.00,373.50,1350.02,1197.00,693.00,830.00
7,12,7,1563.50,1541.00,926.00,1690.00,1010.00,637.00,832.00,790.00,373.50,1350.02,1197.00,693.00,830.00
7,12,8,1563.50,1541.00,926.00,1690.00,1010.00,637.00,832.00,790.00,373.50,1350.02,1197.00,693.00,830.00
7,12,9,1563.50,1541.00,926.00,1690.00,1010.00,637.00,832.00,790.00,373.50,1350.02,1197.00,693.00,830.00
7,12,10,1563.50,1541.00,926.00,1690.00,1010.00,637.00,832.00,790.00,373.50,1350.02,1197.00,693.00,830.00
7,12,11,1563.50,1541.00,926.00,1690.00,1010.00,637.00,832.00,790.00,373.50,1350.02,1197.00,693.00,830.00
7,12,12,1563.50,1541.00,926.00,1690.00,1010.00,637.00,832.00,790.00,373.50,1350.02,1197.00,693.00,830.00
7,12,13,1563.50,1541.00,926.00,1690.00,1010.00,637.00,832.00,790.00,373.50,1350.02,1197.00,693.00,830.00
7,12,14,1563.50,1541.00,926.00,1690.00,1010.00,637.00,832.00,790.00,373.50,1350.02,1197.00,693.00,830.00
7,12,15,1563.50,1541.00,926.00,1690.00,1010.00,637.00,832.00,790.00,373.50,1350.02,1197.00,693.00,830.00
7,12,16,1563.50,1541.00,926.00,1690.00,1010.00,637.00,832.00,790.00,373.50,1350.02,1197.00,693.00,830.00
7,12,17,1563.50,1541.00,926.00,1690.00,1010.00,637.00,832.00,790.00,373.50,1350.02,1197.00,693.00,830.00
7,12,18,1563.50,1541.00,926.00,1690.00,1010.00,637.00,832.00,790.00,373.50,1350.02,1197.00,693.00,830.00
7,12,19,1563.50,1541.00,926.00,1690.00,1010.00,637.00,832.00,790.00,373.50,1350.02,1197.00,693.00,830.00
7,12,20,1563.50,1541.00,926.00,1690.00,1010.00,637.00,832.00,790.00,373.50,1350.02,1197.00,693.00,830.00
7,12,21,1563.50,1541.00,926.00,1690.00,1010.00,637.00,832.00,790.00,373.50,1350.02,1197.00,693.00,830.00
7,12,22,1563.50,1541.00,926.00,1690.00,1010.00,637.00,832.00,790.00,373.50,1350.02,1197.00,693.00,830.00
7,12,23,1563.50,1541.00,926.00,1690.00,1010.00,637.00,832.00,790.00,373.50,1350.02,1197.00,693.00,830.00
7,12,24,1563.50,1541.00,926.00,1690.00,1010.00,637.00,832.00,790.00,373.50,1350.02,1197.00,693.00,830.00
7,13,1,1563.50,1541.00,926.00,1690.00,1010.00,637.00,832.00,790.00,373.50,1350.02,1197.00,693.00,830.00
7,13,2,1563.50,1541.00,926.00,1690.00,1010.00,637.00,832.00,790.00,373.50,1350.02,1197.00,693.00,830.00
7,13,3,1563.50,1541.00,926.00,1690.00,1010.00,637.00,832.00,790.00,373.50,1350.02,1197.00,693.00,830.00
7,13,4,1563.50,1541.00,926.00,1690.00,1010.00,637.00,832.00,790.00,373.50,1350.02,1197.00,693.00,830.00
7,13,5,1563.50,1541.00,926.00,1690.00,1010.00,637.00,832.00,790.00,373.50,1350.02,1197.00,693.00,830.00
7,13,6,1563.50,1541.00,926.00,1690.00,1010.00,637.00,832.00,790.00,373.50,1350.02,1197.00,693.00,830.00
7,13,7,1563.50,1541.00,926.00,1690.00,1010.00,637.00,832.00,790.00,373.50,1350.02,1197.00,693.00,830.00
7,13,8,1563.50,1541.00,926.00,1690.00,1010.00,637.00,832.00,790.00,373.50,1350.02,1197.00,693.00,830.00
7,13,9,1563.50,1541.00,926.00,1690.00,1010.00,637.00,832.00,790.00,373.50,1350.02,1197.00,693.00,830.00
7,13,10,1563.50,1541.00,926.00,1690.00,1010.00,637.00,832.00,790.00,373.50,1350.02,1197.00,693.00,830.00
7,13,11,1563.50,1541.00,926.00,1690.00,1010.00,637.00,832.00,790.00,373.50,1350.02,1197.00,693.00,830.00
7,13,12,1563.50,1541.00,926.00,1690.00,1010.00,637.00,832.00,790.00,373.50,1350.02,1197.00,693.00,830.00
7,13,13,1563.50,1541.00,926.00,1690.00,1010.00,637.00,832.00,790.00,373.50,1350.02,1197.00,693.00,830.00
7,13,14,1563.50,1541.00,926.00,1690.00,1010.00,637.00,832.00,790.00,373.50,1350.02,1197.00,693.00,830.00
7,13,15,1563.50,1541.00,926.00,1690.00,1010.00,637.00,832.00,790.00,373.50,1350.02,1197.00,693.00,830.00
7,13,16,1563.50,1541.00,926.00,1690.00,1010.00,637.00,832.00,790.00,373.50,1350.02,1197.00,693.00,830.00
7,13,17,1563.50,1541.00,926.00,1690.00,1010.00,637.00,832.00,790.00,373.50,1350.02,1197.00,693.00,830.00
7,13,18,1563.50,1541.00,926.00,1690.00,1010.00,637.00,832.00,790.00,373.50,1350.02,1197.00,693.00,830.00
7,13,19,1563.50,1541.00,926.00,1690.00,1010.00,637.00,832.00,790.00,373.50,1350.02,1197.00,693.00,830.00
7,13,20,1563.50,1541.00,926.00,1690.00,1010.00,637.00,832.00,790.00,373.50,1350.02,1197.00,693.00,830.00
7,13,21,1563.50,1541.00,926.00,1690.00,1010.00,637.00,832.00,790.00,373.50,1350.02,1197.00,693.00,830.00
7,13,22,1563.50,1541.00,926.00,1690.00,1010.00,637.00,832.00,790.00,373.50,1350.02,1197.00,693.00,830.00
7,13,23,1563.50,1541.00,926.00,1690.00,1010.00,637.00,832.00,790.00,373.50,1350.02,1197.00,693.00,830.00
7,13,24,1563.50,1541.00,926.00,1690.00,1010.00,637.00,832.00,790.00,373.50,1350.02,1197.00,693.00,830.00
7,14,1,1563.50,1541.00,926.00,1690.00,1010.00,637.00,832.00,790.00,373.50,1350.02,1197.00,693.00,830.00
7,14,2,1563.50,1541.00,926.00,1690.00,1010.00,637.00,832.00,790.00,373.50,1350.02,1197.00,693.00,830.00
7,14,3,1563.50,1541.00,926.00,1690.00,1010.00,637.00,832.00,790.00,373.50,1350.02,1197.00,693.00,830.00
7,14,4,1563.50,1541.00,926.00,1690.00,1010.00,637.00,832.00,790.00,373.50,1350.02,1197.00,693.00,830.00
7,14,5,1563.50,1541.00,926.00,1690.00,1010.00,637.00,832.00,790.00,373.50,1350.02,1197.00,693.00,830.00
7,14,6,1563.50,1541.00,926.00,1690.00,1010.00,637.00,832.00,790.00,373.50,1350.02,1197.00,693.00,830.00
7,14,7,1563.50,1541.00,926.00,1690.00,1010.00,637.00,832.00,790.00,373.50,1350.02,1197.00,693.00,830.00
7,14,8,1563.50,1541.00,926.00,1690.00,1010.00,637.00,832.00,790.00,373.50,1350.02,1197.00,693.00,830.00
7,14,9,1563.50,1541.00,926.00,1690.00,1010.00,637.00,832.00,790.00,373.50,1350.02,1197.00,693.00,830.00
7,14,10,1563.50,1541.00,926.00,1690.00,1010.00,637.00,832.00,790.00,373.50,1350.02,1197.00,693.00,830.00
7,14,11,1563.50,1541.00,926.00,1690.00,1010.00,637.00,832.00,790.00,373.50,1350.02,1197.00,693.00,830.00
7,14,12,1563.50,1541.00,926.00,1690.00,1010.00,637.00,832.00,790.00,373.50,1350.02,1197.00,693.00,830.00
7,14,13,1563.50,1541.00,926.00,1690.00,1010.00,637.00,832.00,790.00,373.50,1350.02,1197.00,693.00,830.00
7,14,14,1563.50,1541.00,926.00,1690.00,1010.00,637.00,832.00,790.00,373.50,1350.02,1197.00,693.00,830.00
7,14,15,1563.50,1541.00,926.00,1690.00,1010.00,637.00,832.00,790.00,373.50,1350.02,1197.00,693.00,830.00
7,14,16,1563.50,1541.00,926.00,1690.00,1010.00,637.00,832.00,790.00,373.50,1350.02,1197.00,693.00,830.00
7,14,17,1563.50,1541.00,926.00,1690.00,1010.00,637.00,832.00,790.00,373.50,1350.02,1197.00,693.00,830.00
7,14,18,1563.50,1541.00,926.00,1690.00,1010.00,637.00,832.00,790.00,373.50,1350.02,1197.00,693.00,830.00
7,14,19,1563.50,1541.00,926.00,1690.00,1010.00,637.00,832.00,790.00,373.50,1350.02,1197.00,693.00,830.00
7,14,20,1563.50,1541.00,926.00,1690.00,1010.00,637.00,832.00,790.00,373.50,1350.02,1197.00,693.00,830.00
7,14,21,1563.50,1541.00,926.00,1690.00,1010.00,637.00,832.00,790.00,373.50,1350.02,1197.00,693.00,830.00
7,14,22,1563.50,1541.00,926.00,1690.00,1010.00,637.00,832.00,790.00,373.50,1350.02,1197.00,693.00,830.00
7,14,23,1563.50,1541.00,926.00,1690.00,1010.00,637.00,832.00,790.00,373.50,1350.02,1197.00,693.00,830.00
7,14,24,1563.50,1541.00,926.00,1690.00,1010.00,637.00,832.00,790.00,373.50,1350.02,1197.00,693.00,830.00
7,15,1,1563.50,1541.00,926.00,1690.00,1010.00,637.00,832.00,790.00,373.50,1350.02,1197.00,693.00,830.00
7,15,2,1563.50,1541.00,926.00,1690.00,1010.00,637.00,832.00,790.00,373.50,1350.02,1197.00,693.00,830.00
7,15,3,1563.50,1541.00,926.00,1690.00,1010.00,637.00,832.00,790.00,373.50,1350.02,1197.00,693.00,830.00
7,15,4,1563.50,1541.00,926.00,1690.00,1010.00,637.00,832.00,790.00,373.50,1350.02,1197.00,693.00,830.00
7,15,5,1563.50,1541.00,926.00,1690.00,1010.00,637.00,832.00,790.00,373.50,1350.02,1197.00,693.00,830.00
7,15,6,1563.50,1541.00,926.00,1690.00,1010.00,637.00,832.00,790.00,373.50,1350.02,1197.00,693.00,830.00
7,15,7,1563.50,1541.00,926.00,1690.00,1010.00,637.00,832.00,790.00,373.50,1350.02,1197.00,693.00,830.00
7,15,8,1563.50,1541.00,926.00,1690.00,1010.00,637.00,832.00,790.00,373.50,1350.02,1197.00,693.00,830.00
7,15,9,1563.50,1541.00,926.00,1690.00,1010.00,637.00,832.00,790.00,373.50,1350.02,1197.00,693.00,830.00
7,15,10,1563.50,1541.00,926.00,1690.00,1010.00,637.00,832.00,790.00,373.50,1350.02,1197.00,693.00,830.00
7,15,11,1563.50,1541.00,926.00,1690.00,1010.00,637.00,832.00,790.00,373.50,1350.02,1197.00,693.00,830.00
7,15,12,1563.50,1541.00,926.00,1690.00,1010.00,637.00,832.00,790.00,373.50,1350.02,1197.00,693.00,830.00
7,15,13,1563.50,1541.00,926.00,1690.00,1010.00,637.00,832.00,790.00,373.50,1350.02,1197.00,693.00,830.00
7,15,14,1563.50,1541.00,926.00,1690.00,1010.00,637.00,832.00,790.00,373.50,1350.02,1197.00,693.00,830.00
7,15,15,1563.50,1541.00,926.00,1690.00,1010.00,637.00,832.00,790.00,373.50,1350.02,1197.00,693.00,830.00
7,15,16,1563.50,1541.00,926.00,1690.00,1010.00,637.00,832.00,790.00,373.50,1350.02,1197.00,693.00,830.00
7,15,17,1563.50,1541.00,926.00,1690.00,1010.00,637.00,832.00,790.00,373.50,1350.02,1197.00,693.00,830.00
7,15,18,1563.50,1541.00,926.00,1690.00,1010.00,637.00,832.00,790.00,373.50,1350.02,1197.00,693.00,830.00
7,15,19,1563.50,1541.00,926.00,1690.00,1010.00,637.00,832.00,790.00,373.50,1350.02,1197.00,693.00,830.00
7,15,20,1563.50,1541.00,926.00,1690.00,1010.00,637.00,832.00,790.00,373.50,1350.02,1197.00,693.00,830.00
7,15,21,1563.50,1541.00,926.00,1690.00,1010.00,637.00,832.00,790.00,373.50,1350.02,1197.00,693.00,830.00
7,15,22,1563.50,1541.00,926.00,1690.00,1010.00,637.00,832.00,790.00,373.50,1350.02,1197.00,693.00,830.00
7,15,23,1563.50,1541.00,926.00,1690.00,1010.00,637.00,832.00,790.00,373.50,1350.02,1197.00,693.00,830.00
7,15,24,1563.50,1541.00,926.00,1690.00,1010.00,637.00,832.00,790.00,373.50,1350.02,1197.00,693.00,830.00
7,16,1,1563.50,1541.00,926.00,1690.00,1010.00,637.00,832.00,790.00,373.50,1350.02,1197.00,693.00,830.00
7,16,2,1563.50,1541.00,926.00,1690.00,1010.00,637.00,832.00,790.00,373.50,1350.02,1197.00,693.00,830.00
7,16,3,1563.50,1541.00,926.00,1690.00,1010.00,637.00,832.00,790.00,373.50,1350.02,1197.00,693.00,830.00
7,16,4,1563.50,1541.00,926.00,1690.00,1010.00,637.00,832.00,790.00,373.50,1350.02,1197.00,693.00,830.00
7,16,5,1563.50,1541.00,926.00,1690.00,1010.00,637.00,832.00,790.00,373.50,1350.02,1197.00,693.00,830.00
7,16,6,1563.50,1541.00,926.00,1690.00,1010.00,637.00,832.00,790.00,373.50,1350.02,1197.00,693.00,830.00
7,16,7,1563.50,1541.00,926.00,1690.00,1010.00,637.00,832.00,790.00,373.50,1350.02,1197.00,693.00,830.00
7,16,8,1563.50,1541.00,926.00,1690.00,1010.00,637.00,832.00,790.00,373.50,1350.02,1197.00,693.00,830.00
7,16,9,1563.50,1541.00,926.00,1690.00,1010.00,637.00,832.00,790.00,373.50,1350.02,1197.00,693.00,830.00
7,16,10,1563.50,1541.00,926.00,1690.00,1010.00,637.00,832.00,790.00,373.50,1350.02,1197.00,693.00,830.00
7,16,11,1563.50,1541.00,926.00,1690.00,1010.00,637.00,832.00,790.00,373.50,1350.02,1197.00,693.00,830.00
7,16,12,1563.50,1541.00,926.00,1690.00,1010.00,637.00,832.00,790.00,373.50,1350.02,1197.00,693.00,830.00
7,16,13,1563.50,1541.00,926.00,1690.00,1010.00,637.00,832.00,790.00,373.50,1350.02,1197.00,693.00,830.00
7,16,14,1563.50,1541.00,926.00,1690.00,1010.00,637.00,832.00,790.00,373.50,1350.02,1197.00,693.00,830.00
7,16,15,1563.50,1541.00,926.00,1690.00,1010.00,637.00,832.00,790.00,373.50,1350.02,1197.00,693.00,830.00
7,16,16,1563.50,1541.00,926.00,1690.00,1010.00,637.00,832.00,790.00,373.50,1350.02,1197.00,693.00,830.00
7,16,17,1563.50,1541.00,926.00,1690.00,1010.00,637.00,832.00,790.00,373.50,1350.02,1197.00,693.00,830.00
7,16,18,1563.50,1541.00,926.00,1690.00,1010.00,637.00,832.00,790.00,373.50,1350.02,1197.00,693.00,830.00
7,16,19,1563.50,1541.00,926.00,1690.00,1010.00,637.00,832.00,790.00,373.50,1350.02,1197.00,693.00,830.00
7,16,20,1563.50,1541.00,926.00,1690.00,1010.00,637.00,832.00,790.00,373.50,1350.02,1197.00,693.00,830.00
7,16,21,1563.50,1541.00,926.00,1690.00,1010.00,637.00,832.00,790.00,373.50,1350.02,1197.00,693.00,830.00
7,16,22,1563.50,1541.00,926.00,1690.00,1010.00,637.00,832.00,790.00,373.50,1350.02,1197.00,693.00,830.00
7,16,23,1563.50,1541.00,926.00,1690.00,1010.00,637.00,832.00,790.00,373.50,1350.02,1197.00,693.00,830.00
7,16,24,1563.50,1541.00,926.00,1690.00,1010.00,637.00,832.00,790.00,373.50,1350.02,1197.00,693.00,830.00
7,17,1,1563.50,1541.00,926.00,1690.00,1010.00,637.00,832.00,790.00,373.50,1350.02,1197.00,693.00,830.00
7,17,2,1563.50,1541.00,926.00,1690.00,1010.00,637.00,832.00,790.00,373.50,1350.02,1197.00,693.00,830.00
7,17,3,1563.50,1541.00,926.00,1690.00,1010.00,637.00,832.00,790.00,373.50,1350.02,1197.00,693.00,830.00
7,17,4,1563.50,1541.00,926.00,1690.00,1010.00,637.00,832.00,790.00,373.50,1350.02,1197.00,693.00,830.00
7,17,5,1563.50,1541.00,926.00,1690.00,1010.00,637.00,832.00,790.00,373.50,1350.02,1197.00,693.00,830.00
7,17,6,1563.50,1541.00,926.00,1690.00,1010.00,637.00,832.00,790.00,373.50,1350.02,1197.00,693.00,830.00
7,17,7,1563.50,1541.00,926.00,1690.00,1010.00,637.00,832.00,790.00,373.50,1350.02,1197.00,693.00,830.00
7,17,8,1563.50,1541.00,926.00,1690.00,1010.00,637.00,832.00,790.00,373.50,1350.02,1197.00,693.00,830.00
7,17,9,1563.50,1541.00,926.00,1690.00,1010.00,637.00,832.00,790.00,373.50,1350.02,1197.00,693.00,830.00
7,17,10,1563.50,1541.00,926.00,1690.00,1010.00,637.00,832.00,790.00,373.50,1350.02,1197.00,693.00,830.00
7,17,11,1563.50,1541.00,926.00,1690.00,1010.00,637.00,832.00,790.00,373.50,1350.02,1197.00,693.00,830.00
7,17,12,1563.50,1541.00,926.00,1690.00,1010.00,637.00,832.00,790.00,373.50,1350.02,1197.00,693.00,830.00
7,17,13,1563.50,1541.00,926.00,1690.00,1010.00,637.00,832.00,790.00,373.50,1350.02,1197.00,693.00,830.00
7,17,14,1563.50,1541.00,926.00,1690.00,1010.00,637.00,832.00,790.00,373.50,1350.02,1197.00,693.00,830.00
7,17,15,1563.50,1541.00,926.00,1690.00,1010.00,637.00,832.00,790.00,373.50,1350.02,1197.00,693.00,830.00
7,17,16,1563.50,1541.00,926.00,1690.00,1010.00,637.00,832.00,790.00,373.50,1350.02,1197.00,693.00,830.00
7,17,17,1563.50,1541.00,926.00,1690.00,1010.00,637.00,832.00,790.00,373.50,1350.02,1197.00,693.00,830.00
7,17,18,1563.50,1541.00,926.00,1690.00,1010.00,637.00,832.00,790.00,373.50,1350.02,1197.00,693.00,830.00
7,17,19,1563.50,1541.00,926.00,1690.00,1010.00,637.00,832.00,790.00,373.50,1350.02,1197.00,693.00,830.00
7,17,20,1563.50,1541.00,926.00,1690.00,1010.00,637.00,832.00,790.00,373.50,1350.02,1197.00,693.00,830.00
7,17,21,1563.50,1541.00,926.00,1690.00,1010.00,637.00,832.00,790.00,373.50,1350.02,1197.00,693.00,830.00
7,17,22,1563.50,1541.00,926.00,1690.00,1010.00,637.00,832.00,790.00,373.50,1350.02,1197.00,693.00,830.00
7,17,23,1563.50,1541.00,926.00,1690.00,1010.00,637.00,832.00,790.00,373.50,1350.02,1197.00,693.00,830.00
7,17,24,1563.50,1541.00,926.00,1690.00,1010.00,637.00,832.00,790.00,373.50,1350.02,1197.00,693.00,830.00
7,18,1,1563.50,1541.00,926.00,1690.00,1010.00,637.00,832.00,790.00,373.50,1350.02,1197.00,693.00,830.00
7,18,2,1563.50,1541.00,926.00,1690.00,1010.00,637.00,832.00,790.00,373.50,1350.02,1197.00,693.00,830.00
7,18,3,1563.50,1541.00,926.00,1690.00,1010.00,637.00,832.00,790.00,373.50,1350.02,1197.00,693.00,830.00
7,18,4,1563.50,1541.00,926.00,1690.00,1010.00,637.00,832.00,790.00,373.50,1350.02,1197.00,693.00,830.00
7,18,5,1563.50,1541.00,926.00,1690.00,1010.00,637.00,832.00,790.00,373.50,1350.02,1197.00,693.00,830.00
7,18,6,1563.50,1541.00,926.00,1690.00,1010.00,637.00,832.00,790.00,373.50,1350.02,1197.00,693.00,830.00
7,18,7,1563.50,1541.00,926.00,1690.00,1010.00,637.00,832.00,790.00,373.50,1350.02,1197.00,693.00,830.00
7,18,8,1563.50,1541.00,926.00,1690.00,1010.00,637.00,832.00,790.00,373.50,1350.02,1197.00,693.00,830.00
7,18,9,1563.50,1541.00,926.00,1690.00,1010.00,637.00,832.00,790.00,373.50,1350.02,1197.00,693.00,830.00
7,18,10,1563.50,1541.00,926.00,1690.00,1010.00,637.00,832.00,790.00,373.50,1350.02,1197.00,693.00,830.00
7,18,11,1563.50,1541.00,926.00,1690.00,1010.00,637.00,832.00,790.00,373.50,1350.02,1197.00,693.00,830.00
7,18,12,1563.50,1541.00,926.00,1690.00,1010.00,637.00,832.00,790.00,373.50,1350.02,1197.00,693.00,830.00
7,18,13,1563.50,1541.00,926.00,1690.00,1010.00,637.00,832.00,790.00,373.50,1350.02,1197.00,693.00,830.00
7,18,14,1563.50,1541.00,926.00,1690.00,1010.00,637.00,832.00,790.00,373.50,1350.02,1197.00,693.00,830.00
7,18,15,1563.50,1541.00,926.00,1690.00,1010.00,637.00,832.00,790.00,373.50,1350.02,1197.00,693.00,830.00
7,18,16,1563.50,1541.00,926.00,1690.00,1010.00,637.00,832.00,790.00,373.50,1350.02,1197.00,693.00,830.00
7,18,17,1563.50,1541.00,926.00,1690.00,1010.00,637.00,832.00,790.00,373.50,1350.02,1197.00,693.00,830.00
7,18,18,1563.50,1541.00,926.00,1690.00,1010.00,637.00,832.00,790.00,373.50,1350.02,1197.00,693.00,830.00
7,18,19,1563.50,1541.00,926.00,1690.00,1010.00,637.00,832.00,790.00,373.50,1350.02,1197.00,693.00,830.00
7,18,20,1563.50,1541.00,926.00,1690.00,1010.00,637.00,832.00,790.00,373.50,1350.02,1197.00,693.00,830.00
7,18,21,1563.50,1541.00,926.00,1690.00,1010.00,637.00,832.00,790.00,373.50,1350.02,1197.00,693.00,830.00
7,18,22,1563.50,1541.00,926.00,1690.00,1010.00,637.00,832.00,790.00,373.50,1350.02,1197.00,693.00,830.00
7,18,23,1563.50,1541.00,926.00,1690.00,1010.00,637.00,832.00,790.00,373.50,1350.02,1197.00,693.00,830.00
7,18,24,1563.50,1541.00,926.00,1690.00,1010.00,637.00,832.00,790.00,373.50,1350.02,1197.00,693.00,830.00
7,19,1,1563.50,1541.00,926.00,1690.00,1010.00,637.00,832.00,790.00,373.50,1350.02,1197.00,693.00,830.00
7,19,2,1563.50,1541.00,926.00,1690.00,1010.00,637.00,832.00,790.00,373.50,1350.02,1197.00,693.00,830.00
7,19,3,1563.50,1541.00,926.00,1690.00,1010.00,637.00,832.00,790.00,373.50,1350.02,1197.00,693.00,830.00
7,19,4,1563.50,1541.00,926.00,1690.00,1010.00,637.00,832.00,790.00,373.50,1350.02,1197.00,693.00,830.00
7,19,5,1563.50,1541.00,926.00,1690.00,1010.00,637.00,832.00,790.00,373.50,1350.02,1197.00,693.00,830.00
7,19,6,1563.50,1541.00,926.00,1690.00,1010.00,637.00,832.00,790.00,373.50,1350.02,1197.00,693.00,830.00
7,19,7,1563.50,1541.00,926.00,1690.00,1010.00,637.00,832.00,790.00,373.50,1350.02,1197.00,693.00,830.00
7,19,8,1563.50,1541.00,926.00,1690.00,1010.00,637.00,832.00,790.00,373.50,1350.02,1197.00,693.00,830.00
7,19,9,1563.50,1541.00,926.00,1690.00,1010.00,637.00,832.00,790.00,373.50,1350.02,1197.00,693.00,830.00
7,19,10,1563.50,1541.00,926.00,1690.00,1010.00,637.00,832.00,790.00,373.50,1350.02,1197.00,693.00,830.00
7,19,11,1563.50,1541.00,926.00,1690.00,1010.00,637.00,832.00,790.00,373.50,1350.02,1197.00,693.00,830.00
7,19,12,1563.50,1541.00,926.00,1690.00,1010.00,637.00,832.00,790.00,373.50,1350.02,1197.00,693.00,830.00
7,19,13,1563.50,1541.00,926.00,1690.00,1010.00,637.00,832.00,790.00,373.50,1350.02,1197.00,693.00,830.00
7,19,14,1563.50,1541.00,926.00,1690.00,1010.00,637.00,832.00,790.00,373.50,1350.02,1197.00,693.00,830.00
7,19,15,1563.50,1541.00,926.00,1690.00,1010.00,637.00,832.00,790.00,373.50,1350.02,1197.00,693.00,830.00
7,19,16,1563.50,1541.00,926.00,1690.00,1010.00,637.00,832.00,790.00,373.50,1350.02,1197.00,693.00,830.00
7,19,17,1563.50,1541.00,926.00,1690.00,1010.00,637.00,832.00,790.00,373.50,1350.02,1197.00,693.00,830.00
7,19,18,1563.50,1541.00,926.00,1690.00,1010.00,637.00,832.00,790.00,373.50,1350.02,1197.00,693.00,830.00
7,19,19,1563.50,1541.00,926.00,1690.00,1010.00,637.00,832.00,790.00,373.50,1350.02,1197.00,693.00,830.00
7,19,20,1563.50,1541.00,926.00,1690.00,1010.00,637.00,832.00,790.00,373.50,1350.02,1197.00,693.00,830.00
7,19,21,1563.50,1541.00,926.00,1690.00,1010.00,637.00,832.00,790.00,373.50,1350.02,1197.00,693.00,830.00
7,19,22,1563.50,1541.00,926.00,1690.00,1010.00,637.00,832.00,790.00,373.50,1350.02,1197.00,693.00,830.00
7,19,23,1563.50,1541.00,926.00,1690.00,1010.00,637.00,832.00,790.00,373.50,1350.02,1197.00,693.00,830.00
7,19,24,1563.50,1541.00,926.00,1690.00,1010.00,637.00,832.00,790.00,373.50,1350.02,1197.00,693.00,830.00
7,20,1,1563.50,1541.00,926.00,1690.00,1010.00,637.00,832.00,790.00,373.50,1350.02,1197.00,693.00,830.00
7,20,2,1563.50,1541.00,926.00,1690.00,1010.00,637.00,832.00,790.00,373.50,1350.02,1197.00,693.00,830.00
7,20,3,1563.50,1541.00,926.00,1690.00,1010.00,637.00,832.00,790.00,373.50,1350.02,1197.00,693.00,830.00
7,20,4,1563.50,1541.00,926.00,1690.00,1010.00,637.00,832.00,790.00,373.50,1350.02,1197.00,693.00,830.00
7,20,5,1563.50,1541.00,926.00,1690.00,1010.00,637.00,832.00,790.00,373.50,1350.02,1197.00,693.00,830.00
7,20,6,1563.50,1541.00,926.00,1690.00,1010.00,637.00,832.00,790.00,373.50,1350.02,1197.00,693.00,830.00
7,20,7,1563.50,1541.00,926.00,1690.00,1010.00,637.00,832.00,790.00,373.50,1350.02,1197.00,693.00,830.00
7,20,8,1563.50,1541.00,926.00,1690.00,1010.00,637.00,832.00,790.00,373.50,1350.02,1197.00,693.00,830.00
7,20,9,1563.50,1541.00,926.00,1690.00,1010.00,637.00,832.00,790.00,373.50,1350.02,1197.00,693.00,830.00
7,20,10,1563.50,1541.00,926.00,1690.00,1010.00,637.00,832.00,790.00,373.50,1350.02,1197.00,693.00,830.00
7,20,11,1563.50,1541.00,926.00,1690.00,1010.00,637.00,832.00,790.00,373.50,1350.02,1197.00,693.00,830.00
7,20,12,1563.50,1541.00,926.00,1690.00,1010.00,637.00,832.00,790.00,373.50,1350.02,1197.00,693.00,830.00
7,20,13,1563.50,1541.00,926.00,1690.00,1010.00,637.00,832.00,790.00,373.50,1350.02,1197.00,693.00,830.00
7,20,14,1563.50,1541.00,926.00,1690.00,1010.00,637.00,832.00,790.00,373.50,1350.02,1197.00,693.00,830.00
7,20,15,1563.50,1541.00,926.00,1690.00,1010.00,637.00,832.00,790.00,373.50,1350.02,1197.00,693.00,830.00
7,20,16,1563.50,1541.00,926.00,1690.00,1010.00,637.00,832.00,790.00,373.50,1350.02,1197.00,693.00,830.00
7,20,17,1563.50,1541.00,926.00,1690.00,1010.00,637.00,832.00,790.00,373.50,1350.02,1197.00,693.00,830.00
7,20,18,1563.50,1541.00,926.00,1690.00,1010.00,637.00,832.00,790.00,373.50,1350.02,1197.00,693.00,830.00
7,20,19,1563.50,1541.00,926.00,1690.00,1010.00,637.00,832.00,790.00,373.50,1350.02,1197.00,693.00,830.00
7,20,20,1563.50,1541.00,926.00,1690.00,1010.00,637.00,832.00,790.00,373.50,1350.02,1197.00,693.00,830.00
7,20,21,1563.50,1541.00,926.00,1690.00,1010.00,637.00,832.00,790.00,373.50,1350.02,1197.00,693.00,830.00
7,20,22,1563.50,1541.00,926.00,1690.00,1010.00,637.00,832.00,790.00,373.50,1350.02,1197.00,693.00,830.00
7,20,23,1563.50,1541.00,926.00,1690.00,1010.00,637.00,832.00,790.00,373.50,1350.02,1197.00,693.00,830.00
7,20,24,1563.50,1541.00,926.00,1690.00,1010.00,637.00,832.00,790.00,373.50,1350.02,1197.00,693.00,830.00
7,21,1,1563.50,1541.00,926.00,1690.00,1010.00,637.00,832.00,790.00,373.50,1350.02,1197.00,693.00,830.00
7,21,2,1563.50,1541.00,926.00,1690.00,1010.00,637.00,832.00,790.00,373.50,1350.02,1197.00,693.00,830.00
7,21,3,1563.50,1541.00,926.00,1690.00,1010.00,637.00,832.00,790.00,373.50,1350.02,1197.00,693.00,830.00
7,21,4,1563.50,1541.00,926.00,1690.00,1010.00,637.00,832.00,790.00,373.50,1350.02,1197.00,693.00,830.00
7,21,5,1563.50,1541.00,926.00,1690.00,1010.00,637.00,832.00,790.00,373.50,1350.02,1197.00,693.00,830.00
7,21,6,1563.50,1541.00,926.00,1690.00,1010.00,637.00,832.00,790.00,373.50,1350.02,1197.00,693.00,830.00
7,21,7,1563.50,1541.00,926.00,1690.00,1010.00,637.00,832.00,790.00,373.50,1350.02,1197.00,693.00,830.00
7,21,8,1563.50,1541.00,926.00,1690.00,1010.00,637.00,832.00,790.00,373.50,1350.02,1197.00,693.00,830.00
7,21,9,1563.50,1541.00,926.00,1690.00,1010.00,637.00,832.00,790.00,373.50,1350.02,1197.00,693.00,830.00
7,21,10,1563.50,1541.00,926.00,1690.00,1010.00,637.00,832.00,790.00,373.50,1350.02,1197.00,693.00,830.00
7,21,11,1563.50,1541.00,926.00,1690.00,1010.00,637.00,832.00,790.00,373.50,1350.02,1197.00,693.00,830.00
7,21,12,1563.50,1541.00,926.00,1690.00,1010.00,637.00,832.00,790.00,373.50,1350.02,1197.00,693.00,830.00
7,21,13,1563.50,1541.00,926.00,1690.00,1010.00,637.00,832.00,790.00,373.50,1350.02,1197.00,693.00,830.00
7,21,14,1563.50,1541.00,926.00,1690.00,1010.00,637.00,832.00,790.00,373.50,1350.02,1197.00,693.00,830.00
7,21,15,1563.50,1541.00,926.00,1690.00,1010.00,637.00,832.00,790.00,373.50,1350.02,1197.00,693.00,830.00
7,21,16,1563.50,1541.00,926.00,1690.00,1010.00,637.00,832.00,790.00,373.50,1350.02,1197.00,693.00,830.00
7,21,17,1563.50,1541.00,926.00,1690.00,1010.00,637.00,832.00,790.00,373.50,1350.02,1197.00,693.00,830.00
7,21,18,1563.50,1541.00,926.00,1690.00,1010.00,637.00,832.00,790.00,373.50,1350.02,1197.00,693.00,830.00
7,21,19,1563.50,1541.00,926.00,1690.00,1010.00,637.00,832.00,790.00,373.50,1350.02,1197.00,693.00,830.00
7,21,20,1563.50,1541.00,926.00,1690.00,1010.00,637.00,832.00,790.00,373.50,1350.02,1197.00,693.00,830.00
7,21,21,1563.50,1541.00,926.00,1690.00,1010.00,637.00,832.00,790.00,373.50,1350.02,1197.00,693.00,830.00
7,21,22,1563.50,1541.00,926.00,1690.00,1010.00,637.00,832.00,790.00,373.50,1350.02,1197.00,693.00,830.00
7,21,23,1563.50,1541.00,926.00,1690.00,1010.00,637.00,832.00,790.00,373.50,1350.02,1197.00,693.00,830.00
7,21,24,1563.50,1541.00,926.00,1690.00,1010.00,637.00,832.00,790.00,373.50,1350.02,1197.00,693.00,830.00
7,22,1,1563.50,1541.00,926.00,1690.00,1010.00,637.00,832.00,790.00,373.50,1350.02,1197.00,693.00,830.00
7,22,2,1563.50,1541.00,926.00,1690.00,1010.00,637.00,832.00,790.00,373.50,1350.02,1197.00,693.00,830.00
7,22,3,1563.50,1541.00,926.00,1690.00,1010.00,637.00,832.00,790.00,373.50,1350.02,1197.00,693.00,830.00
7,22,4,1563.50,1541.00,926.00,1690.00,1010.00,637.00,832.00,790.00,373.50,1350.02,1197.00,693.00,830.00
7,22,5,1563.50,1541.00,926.00,1690.00,1010.00,637.00,832.00,790.00,373.50,1350.02,1197.00,693.00,830.00
7,22,6,1563.50,1541.00,926.00,1690.00,1010.00,637.00,832.00,790.00,373.50,1350.02,1197.00,693.00,830.00
7,22,7,1563.50,1541.00,926.00,1690.00,1010.00,637.00,832.00,790.00,373.50,1350.02,1197.00,693.00,830.00
7,22,8,1563.50,1541.00,926.00,1690.00,1010.00,637.00,832.00,790.00,373.50,1350.02,1197.00,693.00,830.00
7,22,9,1563.50,1541.00,926.00,1690.00,1010.00,637.00,832.00,790.00,373.50,1350.02,1197.00,693.00,830.00
7,22,10,1563.50,1541.00,926.00,1690.00,1010.00,637.00,832.00,790.00,373.50,1350.02,1197.00,693.00,830.00
7,22,11,1563.50,1541.00,926.00,1690.00,1010.00,637.00,832.00,790.00,373.50,1350.02,1197.00,693.00,830.00
7,22,12,1563.50,1541.00,926.00,1690.00,1010.00,637.00,832.00,790.00,373.50,1350.02,1197.00,693.00,830.00
7,22,13,1563.50,1541.00,926.00,1690.00,1010.00,637.00,832.00,790.00,373.50,1350.02,1197.00,693.00,830.00
7,22,14,1563.50,1541.00,926.00,1690.00,1010.00,637.00,832.00,790.00,373.50,1350.02,1197.00,693.00,830.00
7,22,15,1563.50,1541.00,926.00,1690.00,1010.00,637.00,832.00,790.00,373.50,1350.02,1197.00,693.00,830.00
7,22,16,1563.50,1541.00,926.00,1690.00,1010.00,637.00,832.00,790.00,373.50,1350.02,1197.00,693.00,830.00
7,22,17,1563.50,1541.00,926.00,1690.00,1010.00,637.00,832.00,790.00,373.50,1350.02,1197.00,693.00,830.00
7,22,18,1563.50,1541.00,926.00,1690.00,1010.00,637.00,832.00,790.00,373.50,1350.02,1197.00,693.00,830.00
7,22,19,1563.50,1541.00,926.00,1690.00,1010.00,637.00,832.00,790.00,373.50,1350.02,1197.00,693.00,830.00
7,22,20,1563.50,1541.00,926.00,1690.00,1010.00,637.00,832.00,790.00,373.50,1350.02,1197.00,693.00,830.00
7,22,21,1563.50,1541.00,926.00,1690.00,1010.00,637.00,832.00,790.00,373.50,1350.02,1197.00,693.00,830.00
7,22,22,1563.50,1541.00,926.00,1690.00,1010.00,637.00,832.00,790.00,373.50,1350.02,1197.00,693.00,830.00
7,22,23,1563.50,1541.00,926.00,1690.00,1010.00,637.00,832.00,790.00,373.50,1350.02,1197.00,693.00,830.00
7,22,24,1563.50,1541.00,926.00,1690.00,1010.00,637.00,832.00,790.00,373.50,1350.02,1197.00,693.00,830.00
7,23,1,1563.50,1541.00,926.00,1690.00,1010.00,637.00,832.00,790.00,373.50,1350.02,1197.00,693.00,830.00
7,23,2,1563.50,1541.00,926.00,1690.00,1010.00,637.00,832.00,790.00,373.50,1350.02,1197.00,693.00,830.00
7,23,3,1563.50,1541.00,926.00,1690.00,1010.00,637.00,832.00,790.00,373.50,1350.02,1197.00,693.00,830.00
7,23,4,1563.50,1541.00,926.00,1690.00,1010.00,637.00,832.00,790.00,373.50,1350.02,1197.00,693.00,830.00
7,23,5,1563.50,1541.00,926.00,1690.00,1010.00,637.00,832.00,790.00,373.50,1350.02,1197.00,693.00,830.00
7,23,6,1563.50,1541.00,926.00,1690.00,1010.00,637.00,832.00,790.00,373.50,1350.02,1197.00,693.00,830.00
7,23,7,1563.50,1541.00,926.00,1690.00,1010.00,637.00,832.00,790.00,373.50,1350.02,1197.00,693.00,830.00
7,23,8,1563.50,1541.00,926.00,1690.00,1010.00,637.00,832.00,790.00,373.50,1350.02,1197.00,693.00,830.00
7,23,9,1563.50,1541.00,926.00,1690.00,1010.00,637.00,832.00,790.00,373.50,1350.02,1197.00,693.00,830.00
7,23,10,1563.50,1541.00,926.00,1690.00,1010.00,637.00,832.00,790.00,373.50,1350.02,1197.00,693.00,830.00
7,23,11,1563.50,1541.00,926.00,1690.00,1010.00,637.00,832.00,790.00,373.50,1350.02,1197.00,693.00,830.00
7,23,12,1563.50,1541.00,926.00,1690.00,1010.00,637.00,832.00,790.00,373.50,1350.02,1197.00,693.00,830.00
7,23,13,1563.50,1541.00,926.00,1690.00,1010.00,637.00,832.00,790.00,373.50,1350.02,1197.00,693.00,830.00
7,23,14,1563.50,1541.00,926.00,1690.00,1010.00,637.00,832.00,790.00,373.50,1350.02,1197.00,693.00,830.00
7,23,15,1563.50,1541.00,926.00,1690.00,1010.00,637.00,832.00,790.00,373.50,1350.02,1197.00,693.00,830.00
7,23,16,1563.50,1541.00,926.00,1690.00,1010.00,637.00,832.00,790.00,373.50,1350.02,1197.00,693.00,830.00
7,23,17,1563.50,1541.00,926.00,1690.00,1010.00,637.00,832.00,790.00,373.50,1350.02,1197.00,693.00,830.00
7,23,18,1563.50,1541.00,926.00,1690.00,1010.00,637.00,832.00,790.00,373.50,1350.02,1197.00,693.00,830.00
7,23,19,1563.50,1541.00,926.00,1690.00,1010.00,637.00,832.00,790.00,373.50,1350.02,1197.00,693.00,830.00
7,23,20,1563.50,1541.00,926.00,1690.00,1010.00,637.00,832.00,790.00,373.50,1350.02,1197.00,693.00,830.00
7,23,21,1563.50,1541.00,926.00,1690.00,1010.00,637.00,832.00,790.00,373.50,1350.02,1197.00,693.00,830.00
7,23,22,1563.50,1541.00,926.00,1690.00,1010.00,637.00,832.00,790.00,373.50,1350.02,1197.00,693.00,830.00
7,23,23,1563.50,1541.00,926.00,1690.00,1010.00,637.00,832.00,790.00,373.50,1350.02,1197.00,693.00,830.00
7,23,24,1563.50,1541.00,926.00,1690.00,1010.00,637.00,832.00,790.00,373.50,1350.02,1197.00,693.00,830.00
7,24,1,1563.50,1541.00,926.00,1690.00,1010.00,637.00,832.00,790.00,373.50,1350.02,1197.00,693.00,830.00
7,24,2,1563.50,1541.00,926.00,1690.00,1010.00,637.00,832.00,790.00,373.50,1350.02,1197.00,693.00,830.00
7,24,3,1563.50,1541.00,926.00,1690.00,1010.00,637.00,832.00,790.00,373.50,1350.02,1197.00,693.00,830.00
7,24,4,1563.50,1541.00,926.00,1690.00,1010.00,637.00,832.00,790.00,373.50,1350.02,1197.00,693.00,830.00
7,24,5,1563.50,1541.00,926.00,1690.00,1010.00,637.00,832.00,790.00,373.50,1350.02,1197.00,693.00,830.00
7,24,6,1563.50,1541.00,926.00,1690.00,1010.00,637.00,832.00,790.00,373.50,1350.02,1197.00,693.00,830.00
7,24,7,1563.50,1541.00,926.00,1690.00,1010.00,637.00,832.00,790.00,373.50,1350.02,1197.00,693.00,830.00
7,24,8,1563.50,1541.00,926.00,1690.00,1010.00,637.00,832.00,790.00,373.50,1350.02,1197.00,693.00,830.00
7,24,9,1563.50,1541.00,926.00,1690.00,1010.00,637.00,832.00,790.00,373.50,1350.02,1197.00,693.00,830.00
7,24,10,1563.50,1541.00,926.00,1690.00,1010.00,637.00,832.00,790.00,373.50,1350.02,1197.00,693.00,830.00
7,24,11,1563.50,1541.00,926.00,1690.00,1010.00,637.00,832.00,790.00,373.50,1350.02,1197.00,693.00,830.00
7,24,12,1563.50,1541.00,926.00,1690.00,1010.00,637.00,832.00,790.00,373.50,1350.02,1197.00,693.00,830.00
7,24,13,1563.50,1541.00,926.00,1690.00,1010.00,637.00,832.00,790.00,373.50,1350.02,1197.00,693.00,830.00
7,24,14,1563.50,1541.00,926.00,1690.00,1010.00,637.00,832.00,790.00,373.50,1350.02,1197.00,693.00,830.00
7,24,15,1563.50,1541.00,926.00,1690.00,1010.00,637.00,832.00,790.00,373.50,1350.02,1197.00,693.00,830.00
7,24,16,1563.50,1541.00,926.00,1690.00,1010.00,637.00,832.00,790.00,373.50,1350.02,1197.00,693.00,830.00
7,24,17,1563.50,1541.00,926.00,1690.00,1010.00,637.00,832.00,790.00,373.50,1350.02,1197.00,693.00,830.00
7,24,18,1563.50,1541.00,926.00,1690.00,1010.00,637.00,832.00,790.00,373.50,1350.02,1197.00,693.00,830.00
7,24,19,1563.50,1541.00,926.00,1690.00,1010.00,637.00,832.00,790.00,373.50,1350.02,1197.00,693.00,830.00
7,24,20,1563.50,1541.00,926.00,1690.00,1010.00,637.00,832.00,790.00,373.50,1350.02,1197.00,693.00,830.00
7,24,21,1563.50,1541.00,926.00,1690.00,1010.00,637.00,832.00,790.00,373.50,1350.02,1197.00,693.00,830.00
7,24,22,1563.50,1541.00,926.00,1690.00,1010.00,637.00,832.00,790.00,373.50,1350.02,1197.00,693.00,830.00
7,24,23,1563.50,1541.00,926.00,1690.00,1010.00,637.00,832.00,790.00,373.50,1350.02,1197.00,693.00,830.00
7,24,24,1563.50,1541.00,926.00,1690.00,1010.00,637.00,832.00,790.00,373.50,1350.02,1197.00,693.00,830.00
7,25,1,1563.50,1541.00,926.00,1690.00,1010.00,637.00,832.00,790.00,373.50,1350.02,1197.00,693.00,830.00
7,25,2,1563.50,1541.00,926.00,1690.00,1010.00,637.00,832.00,790.00,373.50,1350.02,1197.00,693.00,830.00
7,25,3,1563.50,1541.00,926.00,1690.00,1010.00,637.00,832.00,790.00,373.50,1350.02,1197.00,693.00,830.00
7,25,4,1563.50,1541.00,926.00,1690.00,1010.00,637.00,832.00,790.00,373.50,1350.02,1197.00,693.00,830.00
7,25,5,1563.50,1541.00,926.00,1690.00,1010.00,637.00,832.00,790.00,373.50,1350.02,1197.00,693.00,830.00
7,25,6,1563.50,1541.00,926.00,1690.00,1010.00,637.00,832.00,790.00,373.50,1350.02,1197.00,693.00,830.00
7,25,7,1563.50,1541.00,926.00,1690.00,1010.00,637.00,832.00,790.00,373.50,1350.02,1197.00,693.00,830.00
7,25,8,1563.50,1541.00,926.00,1690.00,1010.00,637.00,832.00,790.00,373.50,1350.02,1197.00,693.00,830.00
7,25,9,1563.50,1541.00,926.00,1690.00,1010.00,637.00,832.00,790.00,373.50,1350.02,1197.00,693.00,830.00
7,25,10,1563.50,1541.00,926.00,1690.00,1010.00,637.00,832.00,790.00,373.50,1350.02,1197.00,693.00,830.00
7,25,11,1563.50,1541.00,926.00,1690.00,1010.00,637.00,832.00,790.00,373.50,1350.02,1197.00,693.00,830.00
7,25,12,1563.50,1541.00,926.00,1690.00,1010.00,637.00,832.00,790.00,373.50,1350.02,1197.00,693.00,830.00
7,25,13,1563.50,1541.00,926.00,1690.00,1010.00,637.00,832.00,790.00,373.50,1350.02,1197.00,693.00,830.00
7,25,14,1563.50,1541.00,926.00,1690.00,1010.00,637.00,832.00,790.00,373.50,1350.02,1197.00,693.00,830.00
7,25,15,1563.50,1541.00,926.00,1690.00,1010.00,637.00,832.00,790.00,373.50,1350.02,1197.00,693.00,830.00
7,25,16,1563.50,1541.00,926.00,1690.00,1010.00,637.00,832.00,790.00,373.50,1350.02,1197.00,693.00,830.00
7,25,17,1563.50,1541.00,926.00,1690.00,1010.00,637.00,832.00,790.00,373.50,1350.02,1197.00,693.00,830.00
7,25,18,1563.50,1541.00,926.00,1690.00,1010.00,637.00,832.00,790.00,373.50,1350.02,1197.00,693.00,830.00
7,25,19,1563.50,1541.00,926.00,1690.00,1010.00,637.00,832.00,790.00,373.50,1350.02,1197.00,693.00,830.00
7,25,20,1563.50,1541.00,926.00,1690.00,1010.00,637.00,832.00,790.00,373.50,1350.02,1197.00,693.00,830.00
7,25,21,1563.50,1541.00,926.00,1690.00,1010.00,637.00,832.00,790.00,373.50,1350.02,1197.00,693.00,830.00
7,25,22,1563.50,1541.00,926.00,1690.00,1010.00,637.00,832.00,790.00,373.50,1350.02,1197.00,693.00,830.00
7,25,23,1563.50,1541.00,926.00,1690.00,1010.00,637.00,832.00,790.00,373.50,1350.02,1197.00,693.00,830.00
7,25,24,1563.50,1541.00,926.00,1690.00,1010.00,637.00,832.00,790.00,373.50,1350.02,1197.00,693.00,830.00
7,26,1,1563.50,1541.00,926.00,1690.00,1010.00,637.00,832.00,790.00,373.50,1350.02,1197.00,693.00,830.00
7,26,2,1563.50,1541.00,926.00,1690.00,1010.00,637.00,832.00,790.00,373.50,1350.02,1197.00,693.00,830.00
7,26,3,1563.50,1541.00,926.00,1690.00,1010.00,637.00,832.00,790.00,373.50,1350.02,1197.00,693.00,830.00
7,26,4,1563.50,1541.00,926.00,1690.00,1010.00,637.00,832.00,790.00,373.50,1350.02,1197.00,693.00,830.00
7,26,5,1563.50,1541.00,926.00,1690.00,1010.00,637.00,832.00,790.00,373.50,1350.02,1197.00,693.00,830.00
7,26,6,1563.50,1541.00,926.00,1690.00,1010.00,637.00,832.00,790.00,373.50,1350.02,1197.00,693.00,830.00
7,26,7,1563.50,1541.00,926.00,1690.00,1010.00,637.00,832.00,790.00,373.50,1350.02,1197.00,693.00,830.00
7,26,8,1563.50,1541.00,926.00,1690.00,1010.00,637.00,832.00,790.00,373.50,1350.02,1197.00,693.00,830.00
7,26,9,1563.50,1541.00,926.00,1690.00,1010.00,637.00,832.00,790.00,373.50,1350.02,1197.00,693.00,830.00
7,26,10,1563.50,1541.00,926.00,1690.00,1010.00,637.00,832.00,790.00,373.50,1350.02,1197.00,693.00,830.00
7,26,11,1563.50,1541.00,926.00,1690.00,1010.00,637.00,832.00,790.00,373.50,1350.02,1197.00,693.00,830.00
7,26,12,1563.50,1541.00,926.00,1690.00,1010.00,637.00,832.00,790.00,373.50,1350.02,1197.00,693.00,830.00
7,26,13,1563.50,1541.00,926.00,1690.00,1010.00,637.00,832.00,790.00,373.50,1350.02,1197.00,693.00,830.00
7,26,14,1563.50,1541.00,926.00,1690.00,1010.00,637.00,832.00,790.00,373.50,1350.02,1197.00,693.00,830.00
7,26,15,1563.50,1541.00,926.00,1690.00,1010.00,637.00,832.00,790.00,373.50,1350.02,1197.00,693.00,830.00
7,26,16,1563.50,1541.00,926.00,1690.00,1010.00,637.00,832.00,790.00,373.50,1350.02,1197.00,693.00,830.00
7,26,17,1563.50,1541.00,926.00,1690.00,1010.00,637.00,832.00,790.00,373.50,1350.02,1197.00,693.00,830.00
7,26,18,1563.50,1541.00,926.00,1690.00,1010.00,637.00,832.00,790.00,373.50,1350.02,1197.00,693.00,830.00
7,26,19,1563.50,1541.00,926.00,1690.00,1010.00,637.00,832.00,790.00,373.50,1350.02,1197.00,693.00,830.00
7,26,20,1563.50,1541.00,926.00,1690.00,1010.00,637.00,832.00,790.00,373.50,1350.02,1197.00,693.00,830.00
7,26,21,1563.50,1541.00,926.00,1690.00,1010.00,637.00,832.00,790.00,373.50,1350.02,1197.00,693.00,830.00
7,26,22,1563.50,1541.00,926.00,1690.00,1010.00,637.00,832.00,790.00,373.50,1350.02,1197.00,693.00,830.00
7,26,23,1563.50,1541.00,926.00,1690.00,1010.00,637.00,832.00,790.00,373.50,1350.02,1197.00,693.00,830.00
7,26,24,1563.50,1541.00,926.00,1690.00,1010.00,637.00,832.00,790.00,373.50,1350.02,1197.00,693.00,830.00
7,27,1,1563.50,1541.00,926.00,1690.00,1010.00,637.00,832.00,790.00,373.50,1350.02,1197.00,693.00,830.00
7,27,2,1563.50,1541.00,926.00,1690.00,1010.00,637.00,832.00,790.00,373.50,1350.02,1197.00,693.00,830.00
7,27,3,1563.50,1541.00,926.00,1690.00,1010.00,637.00,832.00,790.00,373.50,1350.02,1197.00,693.00,830.00
7,27,4,1563.50,1541.00,926.00,1690.00,1010.00,637.00,832.00,790.00,373.50,1350.02,1197.00,693.00,830.00
7,27,5,1563.50,1541.00,926.00,1690.00,1010.00,637.00,832.00,790.00,373.50,1350.02,1197.00,693.00,830.00
7,27,6,1563.50,1541.00,926.00,1690.00,1010.00,637.00,832.00,790.00,373.50,1350.02,1197.00,693.00,830.00
7,27,7,1563.50,1541.00,926.00,1690.00,1010.00,637.00,832.00,790.00,373.50,1350.02,1197.00,693.00,830.00
7,27,8,1563.50,1541.00,926.00,1690.00,1010.00,637.00,832.00,790.00,373.50,1350.02,1197.00,693.00,830.00
7,27,9,1563.50,1541.00,926.00,1690.00,1010.00,637.00,832.00,790.00,373.50,1350.02,1197.00,693.00,830.00
7,27,10,1563.50,1541.00,926.00,1690.00,1010.00,637.00,832.00,790.00,373.50,1350.02,1197.00,693.00,830.00
7,27,11,1563.50,1541.00,926.00,1690.00,1010.00,637.00,832.00,790.00,373.50,1350.02,1197.00,693.00,830.00
7,27,12,1563.50,1541.00,926.00,1690.00,1010.00,637.00,832.00,790.00,373.50,1350.02,1197.00,693.00,830.00
7,27,13,1563.50,1541.00,926.00,1690.00,1010.00,637.00,832.00,790.00,373.50,1350.02,1197.00,693.00,830.00
7,27,14,1563.50,1541.00,926.00,1690.00,1010.00,637.00,832.00,790.00,373.50,1350.02,1197.00,693.00,830.00
7,27,15,1563.50,1541.00,926.00,1690.00,1010.00,637.00,832.00,790.00,373.50,1350.02,1197.00,693.00,830.00
7,27,16,1563.50,1541.00,926.00,1690.00,1010.00,637.00,832.00,790.00,373.50,1350.02,1197.00,693.00,830.00
7,27,17,1563.50,1541.00,926.00,1690.00,1010.00,637.00,832.00,790.00,373.50,1350.02,1197.00,693.00,830.00
7,27,18,1563.50,1541.00,926.00,1690.00,1010.00,637.00,832.00,790.00,373.50,1350.02,1197.00,693.00,830.00
7,27,19,1563.50,1541.00,926.00,1690.00,1010.00,637.00,832.00,790.00,373.50,1350.02,1197.00,693.00,830.00
7,27,20,1563.50,1541.00,926.00,1690.00,1010.00,637.00,832.00,790.00,373.50,1350.02,1197.00,693.00,830.00
7,27,21,1563.50,1541.00,926.00,1690.00,1010.00,637.00,832.00,790.00,373.50,1350.02,1197.00,693.00,830.00
7,27,22,1563.50,1541.00,926.00,1690.00,1010.00,637.00,832.00,790.00,373.50,1350.02,1197.00,693.00,830.00
7,27,23,1563.50,1541.00,926.00,1690.00,1010.00,637.00,832.00,790.00,373.50,1350.02,1197.00,693.00,830.00
7,27,24,1563.50,1541.00,926.00,1690.00,1010.00,637.00,832.00,790.00,373.50,1350.02,1197.00,693.00,830.00
7,28,1,1563.50,1541.00,926.00,1690.00,1010.00,637.00,832.00,790.00,373.50,1350.02,1197.00,693.00,830.00
7,28,2,1563.50,1541.00,926.00,1690.00,1010.00,637.00,832.00,790.00,373.50,1350.02,1197.00,693.00,830.00
7,28,3,1563.50,1541.00,926.00,1690.00,1010.00,637.00,832.00,790.00,373.50,1350.02,1197.00,693.00,830.00
7,28,4,1563.50,1541.00,926.00,1690.00,1010.00,637.00,832.00,790.00,373.50,1350.02,1197.00,693.00,830.00
7,28,5,1563.50,1541.00,926.00,1690.00,1010.00,637.00,832.00,790.00,373.50,1350.02,1197.00,693.00,830.00
7,28,6,1563.50,1541.00,926.00,1690.00,1010.00,637.00,832.00,790.00,373.50,1350.02,1197.00,693.00,830.00
7,28,7,1563.50,1541.00,926.00,1690.00,1010.00,637.00,832.00,790.00,373.50,1350.02,1197.00,693.00,830.00
7,28,8,1563.50,1541.00,926.00,1690.00,1010.00,637.00,832.00,790.00,373.50,1350.02,1197.00,693.00,830.00
7,28,9,1563.50,1541.00,926.00,1690.00,1010.00,637.00,832.00,790.00,373.50,1350.02,1197.00,693.00,830.00
7,28,10,1563.50,1541.00,926.00,1690.00,1010.00,637.00,832.00,790.00,373.50,1350.02,1197.00,693.00,830.00
7,28,11,1563.50,1541.00,926.00,1690.00,1010.00,637.00,832.00,790.00,373.50,1350.02,1197.00,693.00,830.00
7,28,12,1563.50,1541.00,926.00,1690.00,1010.00,637.00,832.00,790.00,373.50,1350.02,1197.00,693.00,830.00
7,28,13,1563.50,1541.00,926.00,1690.00,1010.00,637.00,832.00,790.00,373.50,1350.02,1197.00,693.00,830.00
7,28,14,1563.50,1541.00,926.00,1690.00,1010.00,637.00,832.00,790.00,373.50,1350.02,1197.00,693.00,830.00
7,28,15,1563.50,1541.00,926.00,1690.00,1010.00,637.00,832.00,790.00,373.50,1350.02,1197.00,693.00,830.00
7,28,16,1563.50,1541.00,926.00,1690.00,1010.00,637.00,832.00,790.00,373.50,1350.02,1197.00,693.00,830.00
7,28,17,1563.50,1541.00,926.00,1690.00,1010.00,637.00,832.00,790.00,373.50,1350.02,1197.00,693.00,830.00
7,28,18,1563.50,1541.00,926.00,1690.00,1010.00,637.00,832.00,790.00,373.50,1350.02,1197.00,693.00,830.00
7,28,19,1563.50,1541.00,926.00,1690.00,1010.00,637.00,832.00,790.00,373.50,1350.02,1197.00,693.00,830.00
7,28,20,1563.50,1541.00,926.00,1690.00,1010.00,637.00,832.00,790.00,373.50,1350.02,1197.00,693.00,830.00
7,28,21,1563.50,1541.00,926.00,1690.00,1010.00,637.00,832.00,790.00,373.50,1350.02,1197.00,693.00,830.00
7,28,22,1563.50,1541.00,926.00,1690.00,1010.00,637.00,832.00,790.00,373.50,1350.02,1197.00,693.00,830.00
7,28,23,1563.50,1541.00,926.00,1690.00,1010.00,637.00,832.00,790.00,373.50,1350.02,1197.00,693.00,830.00
7,28,24,1563.50,1541.00,926.00,1690.00,1010.00,637.00,832.00,790.00,373.50,1350.02,1197.00,693.00,830.00
7,29,1,1563.50,1541.00,926.00,1690.00,1010.00,637.00,832.00,790.00,373.50,1350.02,1197.00,693.00,830.00
7,29,2,1563.50,1541.00,926.00,1690.00,1010.00,637.00,832.00,790.00,373.50,1350.02,1197.00,693.00,830.00
7,29,3,1563.50,1541.00,926.00,1690.00,1010.00,637.00,832.00,790.00,373.50,1350.02,1197.00,693.00,830.00
7,29,4,1563.50,1541.00,926.00,1690.00,1010.00,637.00,832.00,790.00,373.50,1350.02,1197.00,693.00,830.00
7,29,5,1563.50,1541.00,926.00,1690.00,1010.00,637.00,832.00,790.00,373.50,1350.02,1197.00,693.00,830.00
7,29,6,1563.50,1541.00,926.00,1690.00,1010.00,637.00,832.00,790.00,373.50,1350.02,1197.00,693.00,830.00
7,29,7,1563.50,1541.00,926.00,1690.00,1010.00,637.00,832.00,790.00,373.50,1350.02,1197.00,693.00,830.00
7,29,8,1563.50,1541.00,926.00,1690.00,1010.00,637.00,832.00,790.00,373.50,1350.02,1197.00,693.00,830.00
7,29,9,1563.50,1541.00,926.00,1690.00,1010.00,637.00,832.00,790.00,373.50,1350.02,1197.00,693.00,830.00
7,29,10,1563.50,1541.00,926.00,1690.00,1010.00,637.00,832.00,790.00,373.50,1350.02,1197.00,693.00,830.00
7,29,11,1563.50,1541.00,926.00,1690.00,1010.00,637.00,832.00,790.00,373.50,1350.02,1197.00,693.00,830.00
7,29,12,1563.50,1541.00,926.00,1690.00,1010.00,637.00,832.00,790.00,373.50,1350.02,1197.00,693.00,830.00
7,29,13,1563.50,1541.00,926.00,1690.00,1010.00,637.00,832.00,790.00,373.50,1350.01,1197.00,693.00,830.00
7,29,14,1563.50,1541.00,926.00,1690.00,1010.00,637.00,832.00,790.00,373.50,1350.01,1197.00,693.00,830.00
7,29,15,1563.50,1541.00,926.00,1690.00,1010.00,637.00,832.00,790.00,373.50,1350.01,1197.00,693.00,830.00
7,29,16,1563.50,1541.00,926.00,1690.00,1010.00,637.00,832.00,790.00,373.50,1350.01,1197.00,693.00,830.00
7,29,17,1563.50,1541.00,926.00,1690.00,1010.00,637.00,832.00,790.00,373.50,1350.01,1197.00,693.00,830.00
7,29,18,1563.50,1541.00,926.00,1690.00,1010.00,637.00,832.00,790.00,373.50,1350.01,1197.00,693.00,830.00
7,29,19,1563.50,1541.00,926.00,1690.00,1010.00,637.00,832.00,790.00,373.50,1350.01,1197.00,693.00,830.00
7,29,20,1563.50,1541.00,926.00,1690.00,1010.00,637.00,832.00,790.00,373.50,1350.01,1197.00,693.00,830.00
7,29,21,1563.50,1541.00,926.00,1690.00,1010.00,637.00,832.00,790.00,373.50,1350.01,1197.00,693.00,830.00
7,29,22,1563.50,1541.00,926.00,1690.00,1010.00,637.00,832.00,790.00,373.50,1350.01,1197.00,693.00,830.00
7,29,23,1563.50,1541.00,926.00,1690.00,1010.00,637.00,832.00,790.00,373.50,1350.01,1197.00,693.00,830.00
7,29,24,1563.50,1541.00,926.00,1690.00,1010.00,637.00,832.00,790.00,373.50,1350.01,1197.00,693.00,830.00
7,30,1,1563.50,1541.00,926.00,1690.00,1010.00,637.00,832.00,790.00,373.50,1350.01,1197.00,693.00,830.00
7,30,2,1563.50,1541.00,926.00,1690.00,1010.00,637.00,832.00,790.00,373.50,1350.01,1197.00,693.00,830.00
7,30,3,1563.50,1541.00,926.00,1690.00,1010.00,637.00,832.00,790.00,373.50,1350.01,1197.00,693.00,830.00
7,30,4,1563.50,1541.00,926.00,1690.00,1010.00,637.00,832.00,790.00,373.50,1350.01,1197.00,693.00,830.00
7,30,5,1563.50,1541.00,926.00,1690.00,1010.00,637.00,832.00,790.00,373.50,1350.01,1197.00,693.00,830.00
7,30,6,1563.50,1541.00,926.00,1690.00,1010.00,637.00,832.00,790.00,373.50,1350.01,1197.00,693.00,830.00
7,30,7,1563.50,1541.00,926.00,1690.00,1010.00,637.00,832.00,790.00,373.50,1350.01,1197.00,693.00,830.00
7,30,8,1563.50,1541.00,926.00,1690.00,1010.00,637.00,832.00,790.00,373.50,1350.01,1197.00,693.00,830.00
7,30,9,1563.50,1541.00,926.00,1690.00,1010.00,637.00,832.00,790.00,373.50,1350.01,1197.00,693.00,830.00
7,30,10,1563.50,1541.00,926.00,1690.00,1010.00,637.00,832.00,790.00,373.50,1350.01,1197.00,693.00,830.00
7,30,11,1563.50,1541.00,926.00,1690.00,1010.00,637.00,832.00,790.00,373.50,1350.01,1197.00,693.00,830.00
7,30,12,1563.50,1541.00,926.00,1690.00,1010.00,637.00,832.00,790.00,373.50,1350.01,1197.00,693.00,830.00
7,30,13,1563.50,1541.00,926.00,1690.00,1010.00,637.00,832.00,790.00,373.50,1350.01,1197.00,693.00,830.00
7,30,14,1563.50,1541.00,926.00,1690.00,1010.00,637.00,832.00,790.00,373.50,1350.01,1197.00,693.00,830.00
7,30,15,1563.50,1541.00,926.00,1690.00,1010.00,637.00,832.00,790.00,373.50,1350.01,1197.00,693.00,830.00
7,30,16,1563.50,1541.00,926.00,1690.00,1010.00,637.00,832.00,790.00,373.50,1350.01,1197.00,693.00,830.00
7,30,17,1563.50,1541.00,926.00,1690.00,1010.00,637.00,832.00,790.00,373.50,1350.01,1197.00,693.00,830.00
7,30,18,1563.50,1541.00,926.00,1690.00,1010.00,637.00,832.00,790.00,373.50,1350.01,1197.00,693.00,830.00
7,30,19,1563.50,1541.00,926.00,1690.00,1010.00,637.00,832.00,790.00,373.50,1350.01,1197.00,693.00,830.00
7,30,20,1563.50,1541.00,926.00,1690.00,1010.00,637.00,832.00,790.00,373.50,1350.01,1197.00,693.00,830.00
7,30,21,1563.50,1541.00,926.00,1690.00,1010.00,637.00,832.00,790.00,373.50,1350.01,1197.00,693.00,830.00
7,30,22,1563.50,1541.00,926.00,1690.00,1010.00,637.00,832.00,790.00,373.50,1350.01,1197.00,693.00,830.00
7,30,23,1563.50,1541.00,926.00,1690.00,1010.00,637.00,832.00,790.00,373.50,1350.01,1197.00,693.00,830.00
7,30,24,1563.50,1541.00,926.00,1690.00,1010.00,637.00,832.00,790.00,373.50,1350.01,1197.00,693.00,830.00
7,31,1,1563.50,1541.00,926.00,1690.00,1010.00,637.00,832.00,790.00,373.50,1350.01,1197.00,693.00,830.00
7,31,2,1563.50,1541.00,926.00,1690.00,1010.00,637.00,832.00,790.00,373.50,1350.01,1197.00,693.00,830.00
7,31,3,1563.50,1541.00,926.00,1690.00,1010.00,637.00,832.00,790.00,373.50,1350.01,1197.00,693.00,830.00
7,31,4,1563.50,1541.00,926.00,1690.00,1010.00,637.00,832.00,790.00,373.50,1350.01,1197.00,693.00,830.00
7,31,5,1563.50,1541.00,926.00,1690.00,1010.00,637.00,832.00,790.00,373.50,1350.01,1197.00,693.00,830.00
7,31,6,1563.50,1541.00,926.00,1690.00,1010.00,637.00,832.00,790.00,373.50,1350.01,1197.00,693.00,830.00
7,31,7,1563.50,1541.00,926.00,1690.00,1010.00,637.00,832.00,790.00,373.50,1350.01,1197.00,693.00,830.00
7,31,8,1563.50,1541.00,926.00,1690.00,1010.00,637.00,832.00,790.00,373.50,1350.01,1197.00,693.00,830.00
7,31,9,1563.50,1541.00,926.00,1690.00,1010.00,637.00,832.00,790.00,373.50,1350.01,1197.00,693.00,830.00
7,31,10,1563.50,1541.00,926.00,1690.00,1010.00,637.00,832.00,790.00,373.50,1350.01,1197.00,693.00,830.00
7,31,11,1563.50,1541.00,926.00,1690.00,1010.00,637.00,832.00,790.00,373.50,1350.01,1197.00,693.00,830.00
7,31,12,1563.50,1541.00,926.00,1690.00,1010.00,637.00,832.00,790.00,373.50,1350.01,1197.00,693.00,830.00
7,31,13,1563.50,1541.00,926.00,1690.00,1010.00,637.00,832.00,790.00,373.50,1350.01,1197.00,693.00,830.00
7,31,14,1563.50,1541.00,926.00,1690.00,1010.00,637.00,832.00,790.00,373.50,1350.01,1197.00,693.00,830.00
7,31,15,1563.50,1541.00,926.00,1690.00,1010.00,637.00,832.00,790.00,373.50,1350.01,1197.00,693.00,830.00
7,31,16,1563.50,1541.00,926.00,1690.00,1010.00,637.00,832.00,790.00,373.50,1350.01,1197.00,693.00,830.00
7,31,17,1563.50,1541.00,926.00,1690.00,1010.00,637.00,832.00,790.00,373.50,1350.01,1197.00,693.00,830.00
7,31,18,1563.50,1541.00,926.00,1690.00,1010.00,637.00,832.00,790.00,373.50,1350.01,1197.00,693.00,830.00
7,31,19,1563.50,1541.00,926.00,1690.00,1010.00,637.00,832.00,790.00,373.50,1350.01,1197.00,693.00,830.00
7,31,20,1563.50,1541.00,926.00,1690.00,1010.00,637.00,832.00,790.00,373.50,1350.01,1197.00,693.00,830.00
7,31,21,1563.50,1541.00,926.00,1690.00,1010.00,637.00,832.00,790.00,373.50,1350.01,1197.00,693.00,830.00
7,31,22,1563.50,1541.00,926.00,1690.00,1010.00,637.00,832.00,790.00,373.50,1350.01,1197.00,693.00,830.00
7,31,23,1563.50,1541.00,926.00,1690.00,1010.00,637.00,832.00,790.00,373.50,1350.01,1197.00,693.00,830.00
7,31,24,1563.50,1541.00,926.00,1690.00,1010.00,637.00,832.00,790.00,373.50,1350.01,1197.00,693.00,830.00
8,1,1,1563.50,1541.00,926.00,1690.00,1010.00,637.00,832.00,790.00,373.50,1350.01,1197.00,693.00,830.00
8,1,2,1563.50,1541.00,926.00,1690.00,1010.00,637.00,832.00,790.00,373.50,1350.01,1197.00,693.00,830.00
8,1,3,1563.50,1541.00,926.00,1690.00,1010.00,637.00,832.00,790.00,373.50,1350.01,1197.00,693.00,830.00
8,1,4,1563.50,1541.00,926.00,1690.00,1010.00,637.00,832.00,790.00,373.50,1350.01,1197.00,693.00,830.00
8,1,5,1563.50,1541.00,926.00,1690.00,1010.00,637.00,832.00,790.00,373.50,1350.01,1197.00,693.00,830.00
8,1,6,1563.50,1541.00,926.00,1690.00,1010.00,637.00,832.00,790.00,373.50,1350.01,1197.00,693.00,830.00
8,1,7,1563.50,1541.00,926.00,1690.00,1010.00,637.00,832.00,790.00,373.50,1350.01,1197.00,693.00,830.00
8,1,8,1563.50,1541.00,926.00,1690.00,1010.00,637.00,832.00,790.00,373.50,1350.01,1197.00,693.00,830.00
8,1,9,1563.50,1541.00,926.00,1690.00,1010.00,637.00,832.00,790.00,373.50,1350.01,1197.00,693.00,830.00
8,1,10,1563.50,1541.00,926.00,1690.00,1010.00,637.00,832.00,790.00,373.50,1350.01,1197.00,693.00,830.00
8,1,11,1563.50,1541.00,926.00,1690.00,1010.00,637.00,832.00,790.00,373.50,1350.01,1197.00,693.00,830.00
8,1,12,1563.50,1541.00,926.00,1690.00,1010.00,637.00,832.00,790.00,373.50,1350.01,1197.00,693.00,830.00
8,1,13,1563.50,1541.00,926.00,1690.00,1010.00,637.00,832.00,790.00,373.50,1350.01,1197.00,693.00,830.00
8,1,14,1563.50,1541.00,926.00,1690.00,1010.00,637.00,832.00,790.00,373.50,1350.01,1197.00,693.00,830.00
8,1,15,1563.50,1541.00,926.00,1690.00,1010.00,637.00,832.00,790.00,373.50,1350.01,1197.00,693.00,830.00
8,1,16,1563.50,1541.00,926.00,1690.00,1010.00,637.00,832.00,790.00,373.50,1350.01,1197.00,693.00,830.00
8,1,17,1563.50,1541.00,926.00,1690.00,1010.00,637.00,832.00,790.00,373.50,1350.01,1197.00,693.00,830.00
8,1,18,1563.50,1541.00,926.00,1690.00,1010.00,637.00,832.00,790.00,373.50,1350.01,1197.00,693.00,830.00
8,1,19,1563.50,1541.00,926.00,1690.00,1010.00,637.00,832.00,790.00,373.50,1350.01,1197.00,693.00,830.00
8,1,20,1563.50,1541.00,926.00,1690.00,1010.00,637.00,832.00,790.00,373.50,1350.01,1197.00,693.00,830.00
8,1,21,1563.50,1541.00,926.00,1690.00,1010.00,637.00,832.00,790.00,373.50,1350.01,1197.00,693.00,830.00
8,1,22,1563.50,1541.00,926.00,1690.00,1010.00,637.00,832.00,790.00,373.50,1350.01,1197.00,693.00,830.00
8,1,23,1563.50,1541.00,926.00,1690.00,1010.00,637.00,832.00,790.00,373.50,1350.01,1197.00,693.00,830.00
8,1,24,1563.50,1541.00,926.00,1690.00,1010.00,637.00,832.00,790.00,373.50,1350.01,1197.00,693.00,830.00
8,2,1,1563.50,1541.00,926.00,1690.00,1010.00,637.00,832.00,790.00,373.50,1350.01,1197.00,693.00,830.00
8,2,2,1563.50,1541.00,926.00,1690.00,1010.00,637.00,832.00,790.00,373.50,1350.01,1197.00,693.00,830.00
8,2,3,1563.50,1541.00,926.00,1690.00,1010.00,637.00,832.00,790.00,373.50,1350.01,1197.00,693.00,830.00
8,2,4,1563.50,1541.00,926.00,1690.00,1010.00,637.00,832.00,790.00,373.50,1350.01,1197.00,693.00,830.00
8,2,5,1563.50,1541.00,926.00,1690.00,1010.00,637.00,832.00,790.00,373.50,1350.01,1197.00,693.00,830.00
8,2,6,1563.50,1541.00,926.00,1690.00,1010.00,637.00,832.00,790.00,373.50,1350.01,1197.00,693.00,830.00
8,2,7,1563.50,1541.00,926.00,1690.00,1010.00,637.00,832.00,790.00,373.50,1350.01,1197.00,693.00,830.00
8,2,8,1563.50,1541.00,926.00,1690.00,1010.00,637.00,832.00,790.00,373.50,1350.01,1197.00,693.00,830.00
8,2,9,1563.50,1541.00,926.00,1690.00,1010.00,637.00,832.00,790.00,373.50,1350.01,1197.00,693.00,830.00
8,2,10,1563.50,1541.00,926.00,1690.00,1010.00,637.00,832.00,790.00,373.50,1350.01,1197.00,693.00,830.00
8,2,11,1563.50,1541.00,926.00,1690.00,1010.00,637.00,832.00,790.00,373.50,1350.01,1197.00,693.00,830.00
8,2,12,1563.50,1541.00,926.00,1690.00,1010.00,637.00,832.00,790.00,373.50,1350.01,1197.00,693.00,830.00
8,2,13,1563.50,1541.00,926.00,1690.00,1010.00,637.00,832.00,790.00,373.50,1350.01,1197.00,693.00,830.00
8,2,14,1563.50,1541.00,926.00,1690.00,1010.00,637.00,832.00,790.00,373.50,1350.01,1197.00,693.00,830.00
8,2,15,1563.50,1541.00,926.00,1690.00,1010.00,637.00,832.00,790.00,373.50,1350.01,1197.00,693.00,830.00
8,2,16,1563.50,1541.00,926.00,1690.00,1010.00,637.00,832.00,790.00,373.50,1350.01,1197.00,693.00,830.00
8,2,17,1563.50,1541.00,926.00,1690.00,1010.00,637.00,832.00,790.00,373.50,1350.01,1197.00,693.00,830.00
8,2,18,1563.50,1541.00,926.00,1690.00,1010.00,637.00,832.00,790.00,373.50,1350.01,1197.00,693.00,830.00
8,2,19,1563.50,1541.00,926.00,1690.00,1010.00,637.00,832.00,790.00,373.50,1350.01,1197.00,693.00,830.00
8,2,20,1563.50,1541.00,926.00,1690.00,1010.00,637.00,832.00,790.00,373.50,1350.01,1197.00,693.00,830.00
8,2,21,1563.50,1541.00,926.00,1690.00,1010.00,637.00,832.00,790.00,373.50,1350.01,1197.00,693.00,830.00
8,2,22,1563.50,1541.00,926.00,1690.00,1010.00,637.00,832.00,790.00,373.50,1350.01,1197.00,693.00,830.00
8,2,23,1563.50,1541.00,926.00,1690.00,1010.00,637.00,832.00,790.00,373.50,1350.01,1197.00,693.00,830.00
8,2,24,1563.50,1541.00,926.00,1690.00,1010.00,637.00,832.00,790.00,373.50,1350.01,1197.00,693.00,830.00
8,3,1,1563.50,1541.00,926.00,1690.00,1010.00,637.00,832.00,790.00,373.50,1350.01,1197.00,693.00,830.00
8,3,2,1563.50,1541.00,926.00,1690.00,1010.00,637.00,832.00,790.00,373.50,1350.01,1197.00,693.00,830.00
8,3,3,1563.50,1541.00,926.00,1690.00,1010.00,637.00,832.00,790.00,373.50,1350.01,1197.00,693.00,830.00
8,3,4,1563.50,1541.00,926.00,1690.00,1010.00,637.00,832.00,790.00,373.50,1350.01,1197.00,693.00,830.00
8,3,5,1563.50,1541.00,926.00,1690.00,1010.00,637.00,832.00,790.00,373.50,1350.01,1197.00,693.00,830.00
8,3,6,1563.50,1541.00,926.00,1690.00,1010.00,637.00,832.00,790.00,373.50,1350.01,1197.00,693.00,830.00
8,3,7,1563.50,1541.00,926.00,1690.00,1010.00,637.00,832.00,790.00,373.50,1350.01,1197.00,693.00,830.00
8,3,8,1563.50,1541.00,926.00,1690.00,1010.00,637.00,832.00,790.00,373.50,1350.01,1197.00,693.00,830.00
8,3,9,1563.50,1541.00,926.00,1690.00,1010.00,637.00,832.00,790.00,373.50,1350.01,1197.00,693.00,830.00
8,3,10,1563.50,1541.00,926.00,1690.00,1010.00,637.00,832.00,790.00,373.50,1350.01,1197.00,693.00,830.00
8,3,11,1563.50,1541.00,926.00,1690.00,1010.00,637.00,832.00,790.00,373.50,1350.01,1197.00,693.00,830.00
8,3,12,1563.50,1541.00,926.00,1690.00,1010.00,637.00,832.00,790.00,373.50,1350.01,1197.00,693.00,830.00
8,3,13,1563.50,1541.00,926.00,1690.00,1010.00,637.00,832.00,790.00,373.50,1350.01,1197.00,693.00,830.00
8,3,14,1563.50,1541.00,926.00,1690.00,1010.00,637.00,832.00,790.00,373.50,1350.01,1197.00,693.00,830.00
8,3,15,1563.50,1541.00,926.00,1690.00,1010.00,637.00,832.00,790.00,373.50,1350.01,1197.00,693.00,830.00
8,3,16,1563.50,1541.00,926.00,1690.00,1010.00,637.00,832.00,790.00,373.50,1350.01,1197.00,693.00,830.00
8,3,17,1563.50,1541.00,926.00,1690.00,1010.00,637.00,832.00,790.00,373.50,1350.01,1197.00,693.00,830.00
8,3,18,1563.50,1541.00,926.00,1690.00,1010.00,637.00,832.00,790.00,373.50,1350.01,1197.00,693.00,830.00
8,3,19,1563.50,1541.00,926.00,1690.00,1010.00,637.00,832.00,790.00,373.50,1350.01,1197.00,693.00,830.00
8,3,20,1563.50,1541.00,926.00,1690.00,1010.00,637.00,832.00,790.00,373.50,1350.01,1197.00,693.00,830.00
8,3,21,1563.50,1541.00,926.00,1690.00,1010.00,637.00,832.00,790.00,373.50,1350.01,1197.00,693.00,830.00
8,3,22,1563.50,1541.00,926.00,1690.00,1010.00,637.00,832.00,790.00,373.50,1350.01,1197.00,693.00,830.00
8,3,23,1563.50,1541.00,926.00,1690.00,1010.00,637.00,832.00,790.00,373.50,1350.01,1197.00,693.00,830.00
8,3,24,1563.50,1541.00,926.00,1690.00,1010.00,637.00,832.00,790.00,373.50,1350.01,1197.00,693.00,830.00
8,4,1,1563.50,1541.00,926.00,1690.00,1010.00,637.00,832.00,790.00,373.50,1350.01,1197.00,693.00,830.00
8,4,2,1563.50,1541.00,926.00,1690.00,1010.00,637.00,832.00,790.00,373.50,1350.01,1197.00,693.00,830.00
8,4,3,1563.50,1541.00,926.00,1690.00,1010.00,637.00,832.00,790.00,373.50,1350.01,1197.00,693.00,830.00
8,4,4,1563.50,1541.00,926.00,1690.00,1010.00,637.00,832.00,790.00,373.50,1350.01,1197.00,693.00,830.00
8,4,5,1563.50,1541.00,926.00,1690.00,1010.00,637.00,832.00,790.00,373.50,1350.01,1197.00,693.00,830.00
8,4,6,1563.50,1541.00,926.00,1690.00,1010.00,637.00,832.00,790.00,373.50,1350.01,1197.00,693.00,830.00
8,4,7,1563.50,1541.00,926.00,1690.00,1010.00,637.00,832.00,790.00,373.50,1350.01,1197.00,693.00,830.00
8,4,8,1563.50,1541.00,926.00,1690.00,1010.00,637.00,832.00,790.00,373.50,1350.01,1197.00,693.00,830.00
8,4,9,1563.50,1541.00,926.00,1690.00,1010.00,637.00,832.00,790.00,373.50,1350.01,1197.00,693.00,830.00
8,4,10,1563.50,1541.00,926.00,1690.00,1010.00,637.00,832.00,790.00,373.50,1350.01,1197.00,693.00,830.00
8,4,11,1563.50,1541.00,926.00,1690.00,1010.00,637.00,832.00,790.00,373.50,1350.01,1197.00,693.00,830.00
8,4,12,1563.50,1541.00,926.00,1690.00,1010.00,637.00,832.00,790.00,373.50,1350.01,1197.00,693.00,830.00
8,4,13,1563.50,1541.00,926.00,1690.00,1010.00,637.00,832.00,790.00,373.50,1350.01,1197.00,693.00,830.00
8,4,14,1563.50,1541.00,926.00,1690.00,1010.00,637.00,832.00,790.00,373.50,1350.01,1197.00,693.00,830.00
8,4,15,1563.50,1541.00,926.00,1690.00,1010.00,637.00,832.00,790.00,373.50,1350.01,1197.00,693.00,830.00
8,4,16,1563.50,1541.00,926.00,1690.00,1010.00,637.00,832.00,790.00,373.50,1350.01,1197.00,693.00,830.00
8,4,17,1563.50,1541.00,926.00,1690.00,1010.00,637.00,832.00,790.00,373.50,1350.01,1197.00,693.00,830.00
8,4,18,1563.50,1541.00,926.00,1690.00,1010.00,637.00,832.00,790.00,373.50,1350.01,1197.00,693.00,830.00
8,4,19,1563.50,1541.00,926.00,1690.00,1010.00,637.00,832.00,790.00,373.50,1350.01,1197.00,693.00,830.00
8,4,20,1563.50,1541.00,926.00,1690.00,1010.00,637.00,832.00,790.00,373.50,1350.01,1197.00,693.00,830.00
8,4,21,1563.50,1541.00,926.00,1690.00,1010.00,637.00,832.00,790.00,373.50,1350.01,1197.00,693.00,830.00
8,4,22,1563.50,1541.00,926.00,1690.00,1010.00,637.00,832.00,790.00,373.50,1350.01,1197.00,693.00,830.00
8,4,23,1563.50,1541.00,926.00,1690.00,1010.00,637.00,832.00,790.00,373.50,1350.01,1197.00,693.00,830.00
8,4,24,1563.50,1541.00,926.00,1690.00,1010.00,637.00,832.00,790.00,373.50,1350.01,1197.00,693.00,830.00
8,5,1,1563.50,1541.00,926.00,1690.00,1010.00,637.00,832.00,790.00,373.50,1350.01,1197.00,693.00,830.00
8,5,2,1563.50,1541.00,926.00,1690.00,1010.00,637.00,832.00,790.00,373.50,1350.01,1197.00,693.00,830.00
8,5,3,1563.50,1541.00,926.00,1690.00,1010.00,637.00,832.00,790.00,373.50,1350.01,1197.00,693.00,830.00
8,5,4,1563.50,1541.00,926.00,1690.00,1010.00,637.00,832.00,790.00,373.50,1350.01,1197.00,693.00,830.00
8,5,5,1563.50,1541.00,926.00,1690.00,1010.00,637.00,832.00,790.00,373.50,1350.01,1197.00,693.00,830.00
8,5,6,1563.50,1541.00,926.00,1690.00,1010.00,637.00,832.00,790.00,373.50,1350.01,1197.00,693.00,830.00
8,5,7,1563.50,1541.00,926.00,1690.00,1010.00,637.00,832.00,790.00,373.50,1350.01,1197.00,693.00,830.00
8,5,8,1563.50,1541.00,926.00,1690.00,1010.00,637.00,832.00,790.00,373.50,1350.01,1197.00,693.00,830.00
8,5,9,1563.50,1541.00,926.00,1690.00,1010.00,637.00,832.00,790.00,373.50,1350.01,1197.00,693.00,830.00
8,5,10,1563.50,1541.00,926.00,1690.00,1010.00,637.00,832.00,790.00,373.50,1350.01,1197.00,693.00,830.00
8,5,11,1563.50,1541.00,926.00,1690.00,1010.00,637.00,832.00,790.00,373.50,1350.01,1197.00,693.00,830.00
8,5,12,1563.50,1541.00,926.00,1690.00,1010.00,637.00,832.00,790.00,373.50,1350.01,1197.00,693.00,830.00
8,5,13,1563.50,1541.00,926.00,1690.00,1010.00,637.00,832.00,790.00,373.50,1350.01,1197.00,693.00,830.00
8,5,14,1563.50,1541.00,926.00,1690.00,1010.00,637.00,832.00,790.00,373.50,1350.01,1197.00,693.00,830.00
8,5,15,1563.50,1541.00,926.00,1690.00,1010.00,637.00,832.00,790.00,373.50,1350.01,1197.00,693.00,830.00
8,5,16,1563.50,1541.00,926.00,1690.00,1010.00,637.00,832.00,790.00,373.50,1350.01,1197.00,693.00,830.00
8,5,17,1563.50,1541.00,926.00,1690.00,1010.00,637.00,832.00,790.00,373.50,1350.01,1197.00,693.00,830.00
8,5,18,1563.50,1541.00,926.00,1690.00,1010.00,637.00,832.00,790.00,373.50,1350.01,1197.00,693.00,830.00
8,5,19,1563.50,1541.00,926.00,1690.00,1010.00,637.00,832.00,790.00,373.50,1350.01,1197.00,693.00,830.00
8,5,20,1563.50,1541.00,926.00,1690.00,1010.00,637.00,832.00,790.00,373.50,1350.01,1197.00,693.00,830.00
8,5,21,1563.50,1541.00,926.00,1690.00,1010.00,637.00,832.00,790.00,373.50,1350.01,1197.00,693.00,830.00
8,5,22,1563.50,1541.00,926.00,1690.00,1010.00,637.00,832.00,790.00,373.50,1350.01,1197.00,693.00,830.00
8,5,23,1563.50,1541.00,926.00,1690.00,1010.00,637.00,832.00,790.00,373.50,1350.01,1197.00,693.00,830.00
8,5,24,1563.50,1541.00,926.00,1690.00,1010.00,637.00,832.00,790.00,373.50,1350.01,1197.00,693.00,830.00
8,6,1,1563.50,1541.00,926.00,1690.00,1010.00,637.00,832.00,790.00,373.50,1350.01,1197.00,693.00,830.00
8,6,2,1563.50,1541.00,926.00,1690.00,1010.00,637.00,832.00,790.00,373.50,1350.01,1197.00,693.00,830.00
8,6,3,1563.50,1541.00,926.00,1690.00,1010.00,637.00,832.00,790.00,373.50,1350.01,1197.00,693.00,830.00
8,6,4,1563.50,1541.00,926.00,1690.00,1010.00,637.00,832.00,790.00,373.50,1350.01,1197.00,693.00,830.00
8,6,5,1563.50,1541.00,926.00,1690.00,1010.00,637.00,832.00,790.00,373.50,1350.01,1197.00,693.00,830.00
8,6,6,1563.50,1541.00,926.00,1690.00,1010.00,637.00,832.00,790.00,373.50,1350.01,1197.00,693.00,830.00
8,6,7,1563.50,1541.00,926.00,1690.00,1010.00,637.00,832.00,790.00,373.50,1350.01,1197.00,693.00,830.00
8,6,8,1563.50,1541.00,926.00,1690.00,1010.00,637.00,832.00,790.00,373.50,1350.01,1197.00,693.00,830.00
8,6,9,1563.50,1541.00,926.00,1690.00,1010.00,637.00,832.00,790.00,373.50,1350.01,1197.00,693.00,830.00
8,6,10,1563.50,1541.00,926.00,1690.00,1010.00,637.00,832.00,790.00,373.50,1350.01,1197.00,693.00,830.00
8,6,11,1563.50,1541.00,926.00,1690.00,1010.00,637.00,832.00,790.00,373.50,1350.01,1197.00,693.00,830.00
8,6,12,1563.50,1541.00,926.00,1690.00,1010.00,637.00,832.00,790.00,373.50,1350.01,1197.00,693.00,830.00
8,6,13,1563.50,1541.00,926.00,1690.00,1010.00,637.00,832.00,790.00,373.50,1350.01,1197.00,693.00,830.00
8,6,14,1563.50,1541.00,926.00,1690.00,1010.00,637.00,832.00,790.00,373.50,1350.01,1197.00,693.00,830.00
8,6,15,1563.50,1541.00,926.00,1690.00,1010.00,637.00,832.00,790.00,373.50,1350.01,1197.00,693.00,830.00
8,6,16,1563.50,1541.00,926.00,1690.00,1010.00,637.00,832.00,790.00,373.50,1350.01,1197.00,693.00,830.00
8,6,17,1563.50,1541.00,926.00,1690.00,1010.00,637.00,832.00,790.00,373.50,1350.01,1197.00,693.00,830.00
8,6,18,1563.50,1541.00,926.00,1690.00,1010.00,637.00,832.00,790.00,373.50,1350.01,1197.00,693.00,830.00
8,6,19,1563.50,1541.00,926.00,1690.00,1010.00,637.00,832.00,790.00,373.50,1350.01,1197.00,693.00,830.00
8,6,20,1563.50,1541.00,926.00,1690.00,1010.00,637.00,832.00,790.00,373.50,1350.01,1197.00,693.00,830.00
8,6,21,1563.50,1541.00,926.00,1690.00,1010.00,637.00,832.00,790.00,373.50,1350.01,1197.00,693.00,830.00
8,6,22,1563.50,1541.00,926.00,1690.00,1010.00,637.00,832.00,790.00,373.50,1350.01,1197.00,693.00,830.00
8,6,23,1563.50,1541.00,926.00,1690.00,1010.00,637.00,832.00,790.00,373.50,1350.01,1197.00,693.00,830.00
8,6,24,1563.50,1541.00,926.00,1690.00,1010.00,637.00,832.00,790.00,373.50,1350.01,1197.00,693.00,830.00
8,7,1,1563.50,1541.00,926.00,1690.00,1010.00,637.00,832.00,790.00,373.50,1350.01,1197.00,693.00,830.00
8,7,2,1563.50,1541.00,926.00,1690.00,1010.00,637.00,832.00,790.00,373.50,1350.01,1197.00,693.00,830.00
8,7,3,1563.50,1541.00,926.00,1690.00,1010.00,637.00,832.00,790.00,373.50,1350.01,1197.00,693.00,830.00
8,7,4,1563.50,1541.00,926.00,1690.00,1010.00,637.00,832.00,790.00,373.50,1350.01,1197.00,693.00,830.00
8,7,5,1563.50,1541.00,926.00,1690.00,1010.00,637.00,832.00,790.00,373.50,1350.01,1197.00,693.00,830.00
8,7,6,1563.50,1541.00,926.00,1690.00,1010.00,637.00,832.00,790.00,373.50,1350.01,1197.00,693.00,830.00
8,7,7,1563.50,1541.00,926.00,1690.00,1010.00,637.00,832.00,790.00,373.50,1350.01,1197.00,693.00,830.00
8,7,8,1563.50,1541.00,926.00,1690.00,1010.00,637.00,832.00,790.00,373.50,1350.01,1197.00,693.00,830.00
8,7,9,1563.50,1541.00,926.00,1690.00,1010.00,637.00,832.00,790.00,373.50,1350.01,1197.00,693.00,830.00
8,7,10,1563.50,1541.00,926.00,1690.00,1010.00,637.00,832.00,790.00,373.50,1350.01,1197.00,693.00,830.00
8,7,11,1563.50,1541.00,926.00,1690.00,1010.00,637.00,832.00,790.00,373.50,1350.01,1197.00,693.00,830.00
8,7,12,1563.50,1541.00,926.00,1690.00,1010.00,637.00,832.00,790.00,373.50,1350.01,1197.00,693.00,830.00
8,7,13,1563.50,1541.00,926.00,1690.00,1010.00,637.00,832.00,790.00,373.50,1350.01,1197.00,693.00,830.00
8,7,14,1563.50,1541.00,926.00,1690.00,1010.00,637.00,832.00,790.00,373.50,1350.01,1197.00,693.00,830.00
8,7,15,1563.50,1541.00,926.00,1690.00,1010.00,637.00,832.00,790.00,373.50,1350.01,1197.00,693.00,830.00
8,7,16,1563.50,1541.00,926.00,1690.00,1010.00,637.00,832.00,790.00,373.50,1350.01,1197.00,693.00,830.00
8,7,17,1563.50,1541.00,926.00,1690.00,1010.00,637.00,832.00,790.00,373.50,1350.01,1197.00,693.00,830.00
8,7,18,1563.50,1541.00,926.00,1690.00,1010.00,637.00,832.00,790.00,373.50,1350.01,1197.00,693.00,830.00
8,7,19,1563.50,1541.00,926.00,1690.00,1010.00,637.00,832.00,790.00,373.50,1350.01,1197.00,693.00,830.00
8,7,20,1563.50,1541.00,926.00,1690.00,1010.00,637.00,832.00,790.00,373.50,1350.01,1197.00,693.00,830.00
8,7,21,1563.50,1541.00,926.00,1690.00,1010.00,637.00,832.00,790.00,373.50,1350.01,1197.00,693.00,830.00
8,7,22,1563.50,1541.00,926.00,1690.00,1010.00,637.00,832.00,790.00,373.50,1350.01,1197.00,693.00,830.00
8,7,23,1563.50,1541.00,926.00,1690.00,1010.00,637.00,832.00,790.00,373.50,1350.01,1197.00,693.00,830.00
8,7,24,1563.50,1541.00,926.00,1690.00,1010.00,637.00,832.00,790.00,373.50,1350.01,1197.00,693.00,830.00
8,8,1,1563.50,1541.00,926.00,1690.00,1010.00,637.00,832.00,790.00,373.50,1350.01,1197.00,693.00,830.00
8,8,2,1563.50,1541.00,926.00,1690.00,1010.00,637.00,832.00,790.00,373.50,1350.01,1197.00,693.00,830.00
8,8,3,1563.50,1541.00,926.00,1690.00,1010.00,637.00,832.00,790.00,373.50,1350.01,1197.00,693.00,830.00
8,8,4,1563.50,1541.00,926.00,1690.00,1010.00,637.00,832.00,790.00,373.50,1350.01,1197.00,693.00,830.00
8,8,5,1563.50,1541.00,926.00,1690.00,1010.00,637.00,832.00,790.00,373.50,1350.01,1197.00,693.00,830.00
8,8,6,1563.50,1541.00,926.00,1690.00,1010.00,637.00,832.00,790.00,373.50,1350.01,1197.00,693.00,830.00
8,8,7,1563.50,1541.00,926.00,1690.00,1010.00,637.00,832.00,790.00,373.50,1350.01,1197.00,693.00,830.00
8,8,8,1563.50,1541.00,926.00,1690.00,1010.00,637.00,832.00,790.00,373.50,1350.01,1197.00,693.00,830.00
8,8,9,1563.50,1541.00,926.00,1690.00,1010.00,637.00,832.00,790.00,373.50,1350.01,1197.00,693.00,830.00
8,8,10,1563.50,1541.00,926.00,1690.00,1010.00,637.00,832.00,790.00,373.50,1350.01,1197.00,693.00,830.00
8,8,11,1563.50,1541.00,926.00,1690.00,1010.00,637.00,832.00,790.00,373.50,1350.01,1197.00,693.00,830.00
8,8,12,1563.50,1541.00,926.00,1690.00,1010.00,637.00,832.00,790.00,373.50,1350.01,1197.00,693.00,830.00
8,8,13,1563.50,1541.00,926.00,1690.00,1010.00,637.00,832.00,790.00,373.50,1350.01,1197.00,693.00,830.00
8,8,14,1563.50,1541.00,926.00,1690.00,1010.00,637.00,832.00,790.00,373.50,1350.01,1197.00,693.00,830.00
8,8,15,1563.50,1541.00,926.00,1690.00,1010.00,637.00,832.00,790.00,373.50,1350.01,1197.00,693.00,830.00
8,8,16,1563.50,1541.00,926.00,1690.00,1010.00,637.00,832.00,790.00,373.50,1350.01,1197.00,693.00,830.00
8,8,17,1563.50,1541.00,926.00,1690.00,1010.00,637.00,832.00,790.00,373.50,1350.01,1197.00,693.00,830.00
8,8,18,1563.50,1541.00,926.00,1690.00,1010.00,637.00,832.00,790.00,373.50,1350.01,1197.00,693.00,830.00
8,8,19,1563.50,1541.00,926.00,1690.00,1010.00,637.00,832.00,790.00,373.50,1350.01,1197.00,693.00,830.00
8,8,20,1563.50,1541.00,926.00,1690.00,1010.00,637.00,832.00,790.00,373.50,1350.01,1197.00,693.00,830.00
8,8,21,1563.50,1541.00,926.00,1690.00,1010.00,637.00,832.00,790.00,373.50,1350.01,1197.00,693.00,830.00
8,8,22,1563.50,1541.00,926.00,1690.00,1010.00,637.00,832.00,790.00,373.50,1350.01,1197.00,693.00,830.00
8,8,23,1563.50,1541.00,926.00,1690.00,1010.00,637.00,832.00,790.00,373.50,1350.01,1197.00,693.00,830.00
8,8,24,1563.50,1541.00,926.00,1690.00,1010.00,637.00,832.00,790.00,373.50,1350.01,1197.00,693.00,830.00
8,9,1,1563.50,1541.00,926.00,1690.00,1010.00,637.00,832.00,790.00,373.50,1350.01,1197.00,693.00,830.00
8,9,2,1563.50,1541.00,926.00,1690.00,1010.00,637.00,832.00,790.00,373.50,1350.01,1197.00,693.00,830.00
8,9,3,1563.50,1541.00,926.00,1690.00,1010.00,637.00,832.00,790.00,373.50,1350.01,1197.00,693.00,830.00
8,9,4,1563.50,1541.00,926.00,1690.00,1010.00,637.00,832.00,790.00,373.50,1350.01,1197.00,693.00,830.00
8,9,5,1563.50,1541.00,926.00,1690.00,1010.00,637.00,832.00,790.00,373.50,1350.01,1197.00,693.00,830.00
8,9,6,1563.50,1541.00,926.00,1690.00,1010.00,637.00,832.00,790.00,373.50,1350.01,1197.00,693.00,830.00
8,9,7,1563.50,1541.00,926.00,1690.00,1010.00,637.00,832.00,790.00,373.50,1350.01,1197.00,693.00,830.00
8,9,8,1563.50,1541.00,926.00,1690.00,1010.00,637.00,832.00,790.00,373.50,1350.01,1197.00,693.00,830.00
8,9,9,1563.50,1541.00,926.00,1690.00,1010.00,637.00,832.00,790.00,373.50,1350.01,1197.00,693.00,830.00
8,9,10,1563.50,1541.00,926.00,1690.00,1010.00,637.00,832.00,790.00,373.50,1350.01,1197.00,693.00,830.00
8,9,11,1563.50,1541.00,926.00,1690.00,1010.00,637.00,832.00,790.00,373.50,1350.01,1197.00,693.00,830.00
8,9,12,1563.50,1541.00,926.00,1690.00,1010.00,637.00,832.00,790.00,373.50,1350.01,1197.00,693.00,830.00
8,9,13,1563.50,1541.00,926.00,1690.00,1010.00,637.00,832.00,790.00,373.50,1350.01,1197.00,693.00,830.00
8,9,14,1563.50,1541.00,926.00,1690.00,1010.00,637.00,832.00,790.00,373.50,1350.01,1197.00,693.00,830.00
8,9,15,1563.50,1541.00,926.00,1690.00,1010.00,637.00,832.00,790.00,373.50,1350.01,1197.00,693.00,830.00
8,9,16,1563.50,1541.00,926.00,1690.00,1010.00,637.00,832.00,790.00,373.50,1350.01,1197.00,693.00,830.00
8,9,17,1563.50,1541.00,926.00,1690.00,1010.00,637.00,832.00,790.00,373.50,1350.01,1197.00,693.00,830.00
8,9,18,1563.50,1541.00,926.00,1690.00,1010.00,637.00,832.00,790.00,373.50,1350.01,1197.00,693.00,830.00
8,9,19,1563.50,1541.00,926.00,1690.00,1010.00,637.00,832.00,790.00,373.50,1350.01,1197.00,693.00,830.00
8,9,20,1563.50,1541.00,926.00,1690.00,1010.00,637.00,832.00,790.00,373.50,1350.01,1197.00,693.00,830.00
8,9,21,1563.50,1541.00,926.00,1690.00,1010.00,637.00,832.00,790.00,373.50,1350.01,1197.00,693.00,830.00
8,9,22,1563.50,1541.00,926.00,1690.00,1010.00,637.00,832.00,790.00,373.50,1350.01,1197.00,693.00,830.00
8,9,23,1563.50,1541.00,926.00,1690.00,1010.00,637.00,832.00,790.00,373.50,1350.01,1197.00,693.00,830.00
8,9,24,1563.50,1541.00,926.00,1690.00,1010.00,637.00,832.00,790.00,373.50,1350.01,1197.00,693.00,830.00
8,10,1,1563.50,1541.00,926.00,1690.00,1010.00,637.00,832.00,790.00,373.50,1350.01,1197.00,693.00,830.00
8,10,2,1563.50,1541.00,926.00,1690.00,1010.00,637.00,832.00,790.00,373.50,1350.01,1197.00,693.00,830.00
8,10,3,1563.50,1541.00,926.00,1690.00,1010.00,637.00,832.00,790.00,373.50,1350.01,1197.00,693.00,830.00
8,10,4,1563.50,1541.00,926.00,1690.00,1010.00,637.00,832.00,790.00,373.50,1350.01,1197.00,693.00,830.00
8,10,5,1563.50,1541.00,926.00,1690.00,1010.00,637.00,832.00,790.00,373.50,1350.01,1197.00,693.00,830.00
8,10,6,1563.50,1541.00,926.00,1690.00,1010.00,637.00,832.00,790.00,373.50,1350.01,1197.00,693.00,830.00
8,10,7,1563.50,1541.00,926.00,1690.00,1010.00,637.00,832.00,790.00,373.50,1350.01,1197.00,693.00,830.00
8,10,8,1563.50,1541.00,926.00,1690.00,1010.00,637.00,832.00,790.00,373.50,1350.01,1197.00,693.00,830.00
8,10,9,1563.50,1541.00,926.00,1690.00,1010.00,637.00,832.00,790.00,373.50,1350.01,1197.00,693.00,830.00
8,10,10,1563.50,1541.00,926.00,1690.00,1010.00,637.00,832.00,790.00,373.50,1350.01,1197.00,693.00,830.00
8,10,11,1563.50,1541.00,926.00,1690.00,1010.00,637.00,832.00,790.00,373.50,1350.01,1197.00,693.00,830.00
8,10,12,1563.50,1541.00,926.00,1690.00,1010.00,637.00,832.00,790.00,373.50,1350.01,1197.00,693.00,830.00
8,10,13,1563.50,1541.00,926.00,1690.00,1010.00,637.00,832.00,790.00,373.50,1350.01,1197.00,693.00,830.00
8,10,14,1563.50,1541.00,926.00,1690.00,1010.00,637.00,832.00,790.00,373.50,1350.01,1197.00,693.00,830.00
8,10,15,1563.50,1541.00,926.00,1690.00,1010.00,637.00,832.00,790.00,373.50,1350.01,1197.00,693.00,830.00
8,10,16,1563.50,1541.00,926.00,1690.00,1010.00,637.00,832.00,790.00,373.50,1350.01,1197.00,693.00,830.00
8,10,17,1563.50,1541.00,926.00,1690.00,1010.00,637.00,832.00,790.00,373.50,1350.01,1197.00,693.00,830.00
8,10,18,1563.50,1541.00,926.00,1690.00,1010.00,637.00,832.00,790.00,373.50,1350.01,1197.00,693.00,830.00
8,10,19,1563.50,1541.00,926.00,1690.00,1010.00,637.00,832.00,790.00,373.50,1350.01,1197.00,693.00,830.00
8,10,20,1563.50,1541.00,926.00,1690.00,1010.00,637.00,832.00,790.00,373.50,1350.01,1197.00,693.00,830.00
8,10,21,1563.50,1541.00,926.00,1690.00,1010.00,637.00,832.00,790.00,373.50,1350.01,1197.00,693.00,830.00
8,10,22,1563.50,1541.00,926.00,1690.00,1010.00,637.00,832.00,790.00,373.50,1350.01,1197.00,693.00,830.00
8,10,23,1563.50,1541.00,926.00,1690.00,1010.00,637.00,832.00,790.00,373.50,1350.01,1197.00,693.00,830.00
8,10,24,1563.50,1541.00,926.00,1690.00,1010.00,637.00,832.00,790.00,373.50,1350.01,1197.00,693.00,830.00
8,11,1,1563.50,1541.00,926.00,1690.00,1010.00,637.00,832.00,790.00,373.50,1350.01,1197.00,693.00,830.00
8,11,2,1563.50,1541.00,926.00,1690.00,1010.00,637.00,832.00,790.00,373.50,1350.01,1197.00,693.00,830.00
8,11,3,1563.50,1541.00,926.00,1690.00,1010.00,637.00,832.00,790.00,373.50,1350.01,1197.00,693.00,830.00
8,11,4,1563.50,1541.00,926.00,1690.00,1010.00,637.00,832.00,790.00,373.50,1350.01,1197.00,693.00,830.00
8,11,5,1563.50,1541.00,926.00,1690.00,1010.00,637.00,832.00,790.00,373.50,1350.01,1197.00,693.00,830.00
8,11,6,1563.50,1541.00,926.00,1690.00,1010.00,637.00,832.00,790.00,373.50,1350.01,1197.00,693.00,830.00
8,11,7,1563.50,1541.00,926.00,1690.00,1010.00,637.00,832.00,790.00,373.50,1350.01,1197.00,693.00,830.00
8,11,8,1563.50,1541.00,926.00,1690.00,1010.00,637.00,832.00,790.00,373.50,1350.01,1197.00,693.00,830.00
8,11,9,1563.50,1541.00,926.00,1690.00,1010.00,637.00,832.00,790.00,373.50,1350.01,1197.00,693.00,830.00
8,11,10,1563.50,1541.00,926.00,1690.00,1010.00,637.00,832.00,790.00,373.50,1350.01,1197.00,693.00,830.00
8,11,11,1563.50,1541.00,926.00,1690.00,1010.00,637.00,832.00,790.00,373.50,1350.01,1197.00,693.00,830.00
8,11,12,1563.50,1541.00,926.00,1690.00,1010.00,637.00,832.00,790.00,373.50,1350.01,1197.00,693.00,830.00
8,11,13,1563.50,1541.00,926.00,1690.00,1010.00,637.00,832.00,790.00,373.50,1350.01,1197.00,693.00,830.00
8,11,14,1563.50,1541.00,926.00,1690.00,1010.00,637.00,832.00,790.00,373.50,1350.01,1197.00,693.00,830.00
8,11,15,1563.50,1541.00,926.00,1690.00,1010.00,637.00,832.00,790.00,373.50,1350.01,1197.00,693.00,830.00
8,11,16,1563.50,1541.00,926.00,1690.00,1010.00,637.00,832.00,790.00,373.50,1350.01,1197.00,693.00,830.00
8,11,17,1563.50,1541.00,926.00,1690.00,1010.00,637.00,832.00,790.00,373.50,1350.01,1197.00,693.00,830.00
8,11,18,1563.50,1541.00,926.00,1690.00,1010.00,637.00,832.00,790.00,373.50,1350.01,1197.00,693.00,830.00
8,11,19,1563.50,1541.00,926.00,1690.00,1010.00,637.00,832.00,790.00,373.50,1350.01,1197.00,693.00,830.00
8,11,20,1563.50,1541.00,926.00,1690.00,1010.00,637.00,832.00,790.00,373.50,1350.01,1197.00,693.00,830.00
8,11,21,1563.50,1541.00,926.00,1690.00,1010.00,637.00,832.00,790.00,373.50,1350.01,1197.00,693.00,830.00
8,11,22,1563.50,1541.00,926.00,1690.00,1010.00,637.00,832.00,790.00,373.50,1350.01,1197.00,693.00,830.00
8,11,23,1563.50,1541.00,926.00,1690.00,1010.00,637.00,832.00,790.00,373.50,1350.01,1197.00,693.00,830.00
8,11,24,1563.50,1541.00,926.00,1690.00,1010.00,637.00,832.00,790.00,373.50,1350.01,1197.00,693.00,830.00
8,12,1,1563.50,1541.00,926.00,1690.00,1010.00,637.00,832.00,790.00,373.50,1350.01,1197.00,693.00,830.00
8,12,2,1563.50,1541.00,926.00,1690.00,1010.00,637.00,832.00,790.00,373.50,1350.01,1197.00,693.00,830.00
8,12,3,1563.50,1541.00,926.00,1690.00,1010.00,637.00,832.00,790.00,373.50,1350.01,1197.00,693.00,830.00
8,12,4,1563.50,1541.00,926.00,1690.00,1010.00,637.00,832.00,790.00,373.50,1350.01,1197.00,693.00,830.00
8,12,5,1563.50,1541.00,926.00,1690.00,1010.00,637.00,832.00,790.00,373.50,1350.01,1197.00,693.00,830.00
8,12,6,1563.50,1541.00,926.00,1690.00,1010.00,637.00,832.00,790.00,373.50,1350.01,1197.00,693.00,830.00
8,12,7,1563.50,1541.00,926.00,1690.00,1010.00,637.00,832.00,790.00,373.50,1350.01,1197.00,693.00,830.00
8,12,8,1563.50,1541.00,926.00,1690.00,1010.00,637.00,832.00,790.00,373.50,1350.01,1197.00,693.00,830.00
8,12,9,1563.50,1541.00,926.00,1690.00,1010.00,637.00,832.00,790.00,373.50,1350.01,1197.00,693.00,830.00
8,12,10,1563.50,1541.00,926.00,1690.00,1010.00,637.00,832.00,790.00,373.50,1350.01,1197.00,693.00,830.00
8,12,11,1563.50,1541.00,926.00,1690.00,1010.00,637.00,832.00,790.00,373.50,1350.01,1197.00,693.00,830.00
8,12,12,1563.50,1541.00,926.00,1690.00,1010.00,637.00,832.00,790.00,373.50,1350.01,1197.00,693.00,830.00
8,12,13,1563.50,1541.00,926.00,1690.00,1010.00,637.00,832.00,790.00,373.50,1350.01,1197.00,693.00,830.00
8,12,14,1563.50,1541.00,926.00,1690.00,1010.00,637.00,832.00,790.00,373.50,1350.01,1197.00,693.00,830.00
8,12,15,1563.50,1541.00,926.00,1690.00,1010.00,637.00,832.00,790.00,373.50,1350.01,1197.00,693.00,830.00
8,12,16,1563.50,1541.00,926.00,1690.00,1010.00,637.00,832.00,790.00,373.50,1350.01,1197.00,693.00,830.00
8,12,17,1563.50,1541.00,926.00,1690.00,1010.00,637.00,832.00,790.00,373.50,1350.01,1197.00,693.00,830.00
8,12,18,1563.50,1541.00,926.00,1690.00,1010.00,637.00,832.00,790.00,373.50,1350.01,1197.00,693.00,830.00
8,12,19,1563.50,1541.00,926.00,1690.00,1010.00,637.00,832.00,790.00,373.50,1350.01,1197.00,693.00,830.00
8,12,20,1563.50,1541.00,926.00,1690.00,1010.00,637.00,832.00,790.00,373.50,1350.01,1197.00,693.00,830.00
8,12,21,1563.50,1541.00,926.00,1690.00,1010.00,637.00,832.00,790.00,373.50,1350.01,1197.00,693.00,830.00
8,12,22,1563.50,1541.00,926.00,1690.00,1010.00,637.00,832.00,790.00,373.50,1350.01,1197.00,693.00,830.00
8,12,23,1563.50,1541.00,926.00,1690.00,1010.00,637.00,832.00,790.00,373.50,1350.01,1197.00,693.00,830.00
8,12,24,1563.50,1541.00,926.00,1690.00,1010.00,637.00,832.00,790.00,373.50,1350.01,1197.00,693.00,830.00
8,13,1,1563.50,1541.00,926.00,1690.00,1010.00,637.00,832.00,790.00,373.50,1350.01,1197.00,693.00,830.00
8,13,2,1563.50,1541.00,926.00,1690.00,1010.00,637.00,832.00,790.00,373.50,1350.01,1197.00,693.00,830.00
8,13,3,1563.50,1541.00,926.00,1690.00,1010.00,637.00,832.00,790.00,373.50,1350.01,1197.00,693.00,830.00
8,13,4,1563.50,1541.00,926.00,1690.00,1010.00,637.00,832.00,790.00,373.50,1350.01,1197.00,693.00,830.00
8,13,5,1563.50,1541.00,926.00,1690.00,1010.00,637.00,832.00,790.00,373.50,1350.01,1197.00,693.00,830.00
8,13,6,1563.50,1541.00,926.00,1690.00,1010.00,637.00,832.00,790.00,373.50,1350.01,1197.00,693.00,830.00
8,13,7,1563.50,1541.00,926.00,1690.00,1010.00,637.00,832.00,790.00,373.50,1350.01,1197.00,693.00,830.00
8,13,8,1563.50,1541.00,926.00,1690.00,1010.00,637.00,832.00,790.00,373.50,1350.01,1197.00,693.00,830.00
8,13,9,1563.50,1541.00,926.00,1690.00,1010.00,637.00,832.00,790.00,373.50,1350.01,1197.00,693.00,830.00
8,13,10,1563.50,1541.00,926.00,1690.00,1010.00,637.00,832.00,790.00,373.50,1350.01,1197.00,693.00,830.00
8,13,11,1563.50,1541.00,926.00,1690.00,1010.00,637.00,832.00,790.00,373.50,1350.01,1197.00,693.00,830.00
8,13,12,1563.50,1541.00,926.00,1690.00,1010.00,637.00,832.00,790.00,373.50,1350.01,1197.00,693.00,830.00
8,13,13,1563.50,1541.00,926.00,1690.00,1010.00,637.00,832.00,790.00,373.50,1350.01,1197.00,693.00,830.00
8,13,14,1563.50,1541.00,926.00,1690.00,1010.00,637.00,832.00,790.00,373.50,1350.01,1197.00,693.00,830.00
8,13,15,1563.50,1541.00,926.00,1690.00,1010.00,637.00,832.00,790.00,373.50,1350.01,1197.00,693.00,830.00
8,13,16,1563.50,1541.00,926.00,1690.00,1010.00,637.00,832.00,790.00,373.50,1350.01,1197.00,693.00,830.00
8,13,17,1563.50,1541.00,926.00,1690.00,1010.00,637.00,832.00,790.00,373.50,1350.01,1197.00,693.00,830.00
8,13,18,1563.50,1541.00,926.00,1690.00,1010.00,637.00,832.00,790.00,373.50,1350.01,1197.00,693.00,830.00
8,13,19,1563.50,1541.00,926.00,1690.00,1010.00,637.00,832.00,790.00,373.50,1350.01,1197.00,693.00,830.00
8,13,20,1563.50,1541.00,926.00,1690.00,1010.00,637.00,832.00,790.00,373.50,1350.01,1197.00,693.00,830.00
8,13,21,1563.50,1541.00,926.00,1690.00,1010.00,637.00,832.00,790.00,373.50,1350.01,1197.00,693.00,830.00
8,13,22,1563.50,1541.00,926.00,1690.00,1010.00,637.00,832.00,790.00,373.50,1350.01,1197.00,693.00,830.00
8,13,23,1563.50,1541.00,926.00,1690.00,1010.00,637.00,832.00,790.00,373.50,1350.01,1197.00,693.00,830.00
8,13,24,1563.50,1541.00,926.00,1690.00,1010.00,637.00,832.00,790.00,373.50,1350.01,1197.00,693.00,830.00
8,14,1,1563.50,1541.00,926.00,1690.00,1010.00,637.00,832.00,790.00,373.50,1350.01,1197.00,693.00,830.00
8,14,2,1563.50,1541.00,926.00,1690.00,1010.00,637.00,832.00,790.00,373.50,1350.01,1197.00,693.00,830.00
8,14,3,1563.50,1541.00,926.00,1690.00,1010.00,637.00,832.00,790.00,373.50,1350.01,1197.00,693.00,830.00
8,14,4,1563.50,1541.00,926.00,1690.00,1010.00,637.00,832.00,790.00,373.50,1350.01,1197.00,693.00,830.00
8,14,5,1563.50,1541.00,926.00,1690.00,1010.00,637.00,832.00,790.00,373.50,1350.01,1197.00,693.00,830.00
8,14,6,1563.50,1541.00,926.00,1690.00,1010.00,637.00,832.00,790.00,373.50,1350.01,1197.00,693.00,830.00
8,14,7,1563.50,1541.00,926.00,1690.00,1010.00,637.00,832.00,790.00,373.50,1350.01,1197.00,693.00,830.00
8,14,8,1563.50,1541.00,926.00,1690.00,1010.00,637.00,832.00,790.00,373.50,1350.01,1197.00,693.00,830.00
8,14,9,1563.50,1541.00,926.00,1690.00,1010.00,637.00,832.00,790.00,373.50,1350.01,1197.00,693.00,830.00
8,14,10,1563.50,1541.00,926.00,1690.00,1010.00,637.00,832.00,790.00,373.50,1350.01,1197.00,693.00,830.00
8,14,11,1563.50,1541.00,926.00,1690.00,1010.00,637.00,832.00,790.00,373.50,1350.01,1197.00,693.00,830.00
8,14,12,1563.50,1541.00,926.00,1690.00,1010.00,637.00,832.00,790.00,373.50,1350.01,1197.00,693.00,830.00
8,14,13,1563.50,1541.00,926.00,1690.00,1010.00,637.00,832.00,790.00,373.50,1350.01,1197.00,693.00,830.00
8,14,14,1563.50,1541.00,926.00,1690.00,1010.00,637.00,832.00,790.00,373.50,1350.01,1197.00,693.00,830.00
8,14,15,1563.50,1541.00,926.00,1690.00,1010.00,637.00,832.00,790.00,373.50,1350.01,1197.00,693.00,830.00
8,14,16,1563.50,1541.00,926.00,1690.00,1010.00,637.00,832.00,790.00,373.50,1350.01,1197.00,693.00,830.00
8,14,17,1563.50,1541.00,926.00,1690.00,1010.00,637.00,832.00,790.00,373.50,1350.01,1197.00,693.00,830.00
8,14,18,1563.50,1541.00,926.00,1690.00,1010.00,637.00,832.00,790.00,373.50,1350.01,1197.00,693.00,830.00
8,14,19,1563.50,1541.00,926.00,1690.00,1010.00,637.00,832.00,790.00,373.50,1350.01,1197.00,693.00,830.00
8,14,20,1563.50,1541.00,926.00,1690.00,1010.00,637.00,832.00,790.00,373.50,1350.01,1197.00,693.00,830.00
8,14,21,1563.50,1541.00,926.00,1690.00,1010.00,637.00,832.00,790.00,373.50,1350.01,1197.00,693.00,830.00
8,14,22,1563.50,1541.00,926.00,1690.00,1010.00,637.00,832.00,790.00,373.50,1350.01,1197.00,693.00,830.00
8,14,23,1563.50,1541.00,926.00,1690.00,1010.00,637.00,832.00,790.00,373.50,1350.01,1197.00,693.00,830.00
8,14,24,1563.50,1541.00,926.00,1690.00,1010.00,637.00,832.00,790.00,373.50,1350.01,1197.00,693.00,830.00
8,15,1,1563.50,1541.00,926.00,1690.00,1010.00,637.00,832.00,790.00,373.50,1350.01,1197.00,693.00,830.00
8,15,2,1563.50,1541.00,926.00,1690.00,1010.00,637.00,832.00,790.00,373.50,1350.01,1197.00,693.00,830.00
8,15,3,1563.50,1541.00,926.00,1690.00,1010.00,637.00,832.00,790.00,373.50,1350.01,1197.00,693.00,830.00
8,15,4,1563.50,1541.00,926.00,1690.00,1010.00,637.00,832.00,790.00,373.50,1350.01,1197.00,693.00,830.00
8,15,5,1563.50,1541.00,926.00,1690.00,1010.00,637.00,832.00,790.00,373.50,1350.01,1197.00,693.00,830.00
8,15,6,1563.50,1541.00,926.00,1690.00,1010.00,637.00,832.00,790.00,373.50,1350.01,1197.00,693.00,830.00
8,15,7,1563.50,1541.00,926.00,1690.00,1010.00,637.00,832.00,790.00,373.50,1350.01,1197.00,693.00,830.00
8,15,8,1563.50,1541.00,926.00,1690.00,1010.00,637.00,832.00,790.00,373.50,1350.01,1197.00,693.00,830.00
8,15,9,1563.50,1541.00,926.00,1690.00,1010.00,637.00,832.00,790.00,373.50,1350.01,1197.00,693.00,830.00
8,15,10,1563.50,1541.00,926.00,1690.00,1010.00,637.00,832.00,790.00,373.50,1350.01,1197.00,693.00,830.00
8,15,11,1563.50,1541.00,926.00,1690.00,1010.00,637.00,832.00,790.00,373.50,1350.01,1197.00,693.00,830.00
8,15,12,1563.50,1541.00,926.00,1690.00,1010.00,637.00,832.00,790.00,373.50,1350.01,1197.00,693.00,830.00
8,15,13,1563.50,1541.00,926.00,1690.00,1010.00,637.00,832.00,790.00,373.50,1350.01,1197.00,693.00,830.00
8,15,14,1563.50,1541.00,926.00,1690.00,1010.00,637.00,832.00,790.00,373.50,1350.01,1197.00,693.00,830.00
8,15,15,1563.50,1541.00,926.00,1690.00,1010.00,637.00,832.00,790.00,373.50,1350.01,1197.00,693.00,830.00
8,15,16,1563.50,1541.00,926.00,1690.00,1010.00,637.00,832.00,790.00,373.50,1350.01,1197.00,693.00,830.00
8,15,17,1563.50,1541.00,926.00,1690.00,1010.00,637.00,832.00,790.00,373.50,1350.01,1197.00,693.00,830.00
8,15,18,1563.50,1541.00,926.00,1690.00,1010.00,637.00,832.00,790.00,373.50,1350.01,1197.00,693.00,830.00
8,15,19,1563.50,1541.00,926.00,1690.00,1010.00,637.00,832.00,790.00,373.50,1350.01,1197.00,693.00,830.00
8,15,20,1563.50,1541.00,926.00,1690.00,1010.00,637.00,832.00,790.00,373.50,1350.01,1197.00,693.00,830.00
8,15,21,1563.50,1541.00,926.00,1690.00,1010.00,637.00,832.00,790.00,373.50,1350.01,1197.00,693.00,830.00
8,15,22,1563.50,1541.00,926.00,1690.00,1010.00,637.00,832.00,790.00,373.50,1350.01,1197.00,693.00,830.00
8,15,23,1563.50,1541.00,926.00,1690.00,1010.00,637.00,832.00,790.00,373.50,1350.01,1197.00,693.00,830.00
8,15,24,1563.50,1541.00,926.00,1690.00,1010.00,637.00,832.00,790.00,373.50,1350.01,1197.00,693.00,830.00
8,16,1,1563.50,1541.00,926.00,1690.00,1010.00,637.00,832.00,790.00,373.50,1350.01,1197.00,693.00,830.00
8,16,2,1563.50,1541.00,926.00,1690.00,1010.00,637.00,832.00,790.00,373.50,1350.01,1197.00,693.00,830.00
8,16,3,1563.50,1541.00,926.00,1690.00,1010.00,637.00,832.00,790.00,373.50,1350.01,1197.00,693.00,830.00
8,16,4,1563.50,1541.00,926.00,1690.00,1010.00,637.00,832.00,790.00,373.50,1350.01,1197.00,693.00,830.00
8,16,5,1563.50,1541.00,926.00,1690.00,1010.00,637.00,832.00,790.00,373.50,1350.01,1197.00,693.00,830.00
8,16,6,1563.50,1541.00,926.00,1690.00,1010.00,637.00,832.00,790.00,373.50,1350.01,1197.00,693.00,830.00
8,16,7,1563.50,1541.00,926.00,1690.00,1010.00,637.00,832.00,790.00,373.50,1350.01,1197.00,693.00,830.00
8,16,8,1563.50,1541.00,926.00,1690.00,1010.00,637.00,832.00,790.00,373.50,1350.01,1197.00,693.00,830.00
8,16,9,1563.50,1541.00,926.00,1690.00,1010.00,637.00,832.00,790.00,373.50,1350.01,1197.00,693.00,830.00
8,16,10,1563.50,1541.00,926.00,1690.00,1010.00,637.00,832.00,790.00,373.50,1350.01,1197.00,693.00,830.00
8,16,11,1563.50,1541.00,926.00,1690.00,1010.00,637.00,832.00,790.00,373.50,1350.01,1197.00,693.00,830.00
8,16,12,1563.50,1541.00,926.00,1690.00,1010.00,637.00,832.00,790.00,373.50,1350.01,1197.00,693.00,830.00
8,16,13,1563.50,1541.00,926.00,1690.00,1010.00,637.00,832.00,790.00,373.50,1350.01,1197.00,693.00,830.00
8,16,14,1563.50,1541.00,926.00,1690.00,1010.00,637.00,832.00,790.00,373.50,1350.01,1197.00,693.00,830.00
8,16,15,1563.50,1541.00,926.00,1690.00,1010.00,637.00,832.00,790.00,373.50,1350.01,1197.00,693.00,830.00
8,16,16,1563.50,1541.00,926.00,1690.00,1010.00,637.00,832.00,790.00,373.50,1350.01,1197.00,693.00,830.00
8,16,17,1563.50,1541.00,926.00,1690.00,1010.00,637.00,832.00,790.00,373.50,1350.01,1197.00,693.00,830.00
8,16,18,1563.50,1541.00,926.00,1690.00,1010.00,637.00,832.00,790.00,373.50,1350.01,1197.00,693.00,830.00
8,16,19,1563.50,1541.00,926.00,1690.00,1010.00,637.00,832.00,790.00,373.50,1350.01,1197.00,693.00,830.00
8,16,20,1563.50,1541.00,926.00,1690.00,1010.00,637.00,832.00,790.00,373.50,1350.01,1197.00,693.00,830.00
8,16,21,1563.50,1541.00,926.00,1690.00,1010.00,637.00,832.00,790.00,373.50,1350.01,1197.00,693.00,830.00
8,16,22,1563.50,1541.00,926.00,1690.00,1010.00,637.00,832.00,790.00,373.50,1350.01,1197.00,693.00,830.00
8,16,23,1563.50,1541.00,926.00,1690.00,1010.00,637.00,832.00,790.00,373.50,1350.01,1197.00,693.00,830.00
8,16,24,1563.50,1541.00,926.00,1690.00,1010.00,637.00,832.00,790.00,373.50,1350.01,1197.00,693.00,830.00
8,17,1,1563.50,1541.00,926.00,1690.00,1010.00,637.00,832.00,790.00,373.50,1350.01,1197.00,693.00,830.00
8,17,2,1563.50,1541.00,926.00,1690.00,1010.00,637.00,832.00,790.00,373.50,1350.01,1197.00,693.00,830.00
8,17,3,1563.50,1541.00,926.00,1690.00,1010.00,637.00,832.00,790.00,373.50,1350.01,1197.00,693.00,830.00
8,17,4,1563.50,1541.00,926.00,1690.00,1010.00,637.00,832.00,790.00,373.50,1350.01,1197.00,693.00,830.00
8,17,5,1563.50,1541.00,926.00,1690.00,1010.00,637.00,832.00,790.00,373.50,1350.01,1197.00,693.00,830.00
8,17,6,1563.50,1541.00,926.00,1690.00,1010.00,637.00,832.00,790.00,373.50,1350.01,1197.00,693.00,830.00
8,17,7,1563.50,1541.00,926.00,1690.00,1010.00,637.00,832.00,790.00,373.50,1350.01,1197.00,693.00,830.00
8,17,8,1563.50,1541.00,926.00,1690.00,1010.00,637.00,832.00,790.00,373.50,1350.01,1197.00,693.00,830.00
8,17,9,1563.50,1541.00,926.00,1690.00,1010.00,637.00,832.00,790.00,373.50,1350.01,1197.00,693.00,830.00
8,17,10,1563.50,1541.00,926.00,1690.00,1010.00,637.00,832.00,790.00,373.50,1350.01,1197.00,693.00,830.00
8,17,11,1563.50,1541.00,926.00,1690.00,1010.00,637.00,832.00,790.00,373.50,1350.01,1197.00,693.00,830.00
8,17,12,1563.50,1541.00,926.00,1690.00,1010.00,637.00,832.00,790.00,373.50,1350.01,1197.00,693.00,830.00
8,17,13,1563.50,1541.00,926.00,1690.00,1010.00,637.00,832.00,790.00,373.50,1350.01,1197.00,693.00,830.00
8,17,14,1563.50,1541.00,926.00,1690.00,1010.00,637.00,832.00,790.00,373.50,1350.01,1197.00,693.00,830.00
8,17,15,1563.50,1541.00,926.00,1690.00,1010.00,637.00,832.00,790.00,373.50,1350.01,1197.00,693.00,830.00
8,17,16,1563.50,1541.00,926.00,1690.00,1010.00,637.00,832.00,790.00,373.50,1350.01,1197.00,693.00,830.00
8,17,17,1563.50,1541.00,926.00,1690.00,1010.00,637.00,832.00,790.00,373.50,1350.01,1197.00,693.00,830.00
8,17,18,1563.50,1541.00,926.00,1690.00,1010.00,637.00,832.00,790.00,373.50,1350.01,1197.00,693.00,830.00
8,17,19,1563.50,1541.00,926.00,1690.00,1010.00,637.00,832.00,790.00,373.50,1350.01,1197.00,693.00,830.00
8,17,20,1563.50,1541.00,926.00,1690.00,1010.00,637.00,832.00,790.00,373.50,1350.01,1197.00,693.00,830.00
8,17,21,1563.50,1541.00,926.00,1690.00,1010.00,637.00,832.00,790.00,373.50,1350.01,1197.00,693.00,830.00
8,17,22,1563.50,1541.00,926.00,1690.00,1010.00,637.00,832.00,790.00,373.50,1350.01,1197.00,693.00,830.00
8,17,23,1563.50,1541.00,926.00,1690.00,1010.00,637.00,832.00,790.00,373.50,1350.01,1197.00,693.00,830.00
8,17,24,1563.50,1541.00,926.00,1690.00,1010.00,637.00,832.00,790.00,373.50,1350.01,1197.00,693.00,830.00
8,18,1,1563.50,1541.00,926.00,1690.00,1010.00,637.00,832.00,790.00,373.50,1350.01,1197.00,693.00,830.00
8,18,2,1563.50,1541.00,926.00,1690.00,1010.00,637.00,832.00,790.00,373.50,1350.01,1197.00,693.00,830.00
8,18,3,1563.50,1541.00,926.00,1690.00,1010.00,637.00,832.00,790.00,373.50,1350.01,1197.00,693.00,830.00
8,18,4,1563.50,1541.00,926.00,1690.00,1010.00,637.00,832.00,790.00,373.50,1350.01,1197.00,693.00,830.00
8,18,5,1563.50,1541.00,926.00,1690.00,1010.00,637.00,832.00,790.00,373.50,1350.01,1197.00,693.00,830.00
8,18,6,1563.50,1541.00,926.00,1690.00,1010.00,637.00,832.00,790.00,373.50,1350.01,1197.00,693.00,830.00
8,18,7,1563.50,1541.00,926.00,1690.00,1010.00,637.00,832.00,790.00,373.50,1350.01,1197.00,693.00,830.00
8,18,8,1563.50,1541.00,926.00,1690.00,1010.00,637.00,832.00,790.00,373.50,1350.01,1197.00,693.00,830.00
8,18,9,1563.50,1541.00,926.00,1690.00,1010.00,637.00,832.00,790.00,373.50,1350.01,1197.00,693.00,830.00
8,18,10,1563.50,1541.00,926.00,1690.00,1010.00,637.00,832.00,790.00,373.50,1350.01,1197.00,693.00,830.00
8,18,11,1563.50,1541.00,926.00,1690.00,1010.00,637.00,832.00,790.00,373.50,1350.01,1197.00,693.00,830.00
8,18,12,1563.50,1541.00,926.00,1690.00,1010.00,637.00,832.00,790.00,373.50,1350.01,1197.00,693.00,830.00
8,18,13,1563.50,1541.00,926.00,1690.00,1010.00,637.00,832.00,790.00,373.50,1350.01,1197.00,693.00,830.00
8,18,14,1563.50,1541.00,926.00,1690.00,1010.00,637.00,832.00,790.00,373.50,1350.01,1197.00,693.00,830.00
8,18,15,1563.50,1541.00,926.00,1690.00,1010.00,637.00,832.00,790.00,373.50,1350.01,1197.00,693.00,830.00
8,18,16,1563.50,1541.00,926.00,1690.00,1010.00,637.00,832.00,790.00,373.50,1350.01,1197.00,693.00,830.00
8,18,17,1563.50,1541.00,926.00,1690.00,1010.00,637.00,832.00,790.00,373.50,1350.01,1197.00,693.00,830.00
8,18,18,1563.50,1541.00,926.00,1690.00,1010.00,637.00,832.00,790.00,373.50,1350.01,1197.00,693.00,830.00
8,18,19,1563.50,1541.00,926.00,1690.00,1010.00,637.00,832.00,790.00,373.50,1350.01,1197.00,693.00,830.00
8,18,20,1563.50,1541.00,926.00,1690.00,1010.00,637.00,832.00,790.00,373.50,1350.01,1197.00,693.00,830.00
8,18,21,1563.50,1541.00,926.00,1690.00,1010.00,637.00,832.00,790.00,373.50,1350.01,1197.00,693.00,830.00
8,18,22,1563.50,1541.00,926.00,1690.00,1010.00,637.00,832.00,790.00,373.50,1350.01,1197.00,693.00,830.00
8,18,23,1563.50,1541.00,926.00,1690.00,1010.00,637.00,832.00,790.00,373.50,1350.01,1197.00,693.00,830.00
8,18,24,1563.50,1541.00,926.00,1690.00,1010.00,637.00,832.00,790.00,373.50,1350.01,1197.00,693.00,830.00
8,19,1,1563.50,1541.00,926.00,1690.00,1010.00,637.00,832.00,790.00,373.50,1350.01,1197.00,693.00,830.00
8,19,2,1563.50,1541.00,926.00,1690.00,1010.00,637.00,832.00,790.00,373.50,1350.01,1197.00,693.00,830.00
8,19,3,1563.50,1541.00,926.00,1690.00,1010.00,637.00,832.00,790.00,373.50,1350.01,1197.00,693.00,830.00
8,19,4,1563.50,1541.00,926.00,1690.00,1010.00,637.00,832.00,790.00,373.50,1350.01,1197.00,693.00,830.00
8,19,5,1563.50,1541.00,926.00,1690.00,1010.00,637.00,832.00,790.00,373.50,1350.01,1197.00,693.00,830.00
8,19,6,1563.50,1541.00,926.00,1690.00,1010.00,637.00,832.00,790.00,373.50,1350.01,1197.00,693.00,830.00
8,19,7,1563.50,1541.00,926.00,1690.00,1010.00,637.00,832.00,790.00,373.50,1350.01,1197.00,693.00,830.00
8,19,8,1563.50,1541.00,926.00,1690.00,1010.00,637.00,832.00,790.00,373.50,1350.01,1197.00,693.00,830.00
8,19,9,1563.50,1541.00,926.00,1690.00,1010.00,637.00,832.00,790.00,373.50,1350.01,1197.00,693.00,830.00
8,19,10,1563.50,1541.00,926.00,1690.00,1010.00,637.00,832.00,790.00,373.50,1350.01,1197.00,693.00,830.00
8,19,11,1563.50,1541.00,926.00,1690.00,1010.00,637.00,832.00,790.00,373.50,1350.01,1197.00,693.00,830.00
8,19,12,1563.50,1541.00,926.00,1690.00,1010.00,637.00,832.00,790.00,373.50,1350.01,1197.00,693.00,830.00
8,19,13,1563.50,1541.00,926.00,1690.00,1010.00,637.00,832.00,790.00,373.50,1350.01,1197.00,693.00,830.00
8,19,14,1563.50,1541.00,926.00,1690.00,1010.00,637.00,832.00,790.00,373.50,1350.01,1197.00,693.00,830.00
8,19,15,1563.50,1541.00,926.00,1690.00,1010.00,637.00,832.00,790.00,373.50,1350.01,1197.00,693.00,830.00
8,19,16,1563.50,1541.00,926.00,1690.00,1010.00,637.00,832.00,790.00,373.50,1350.01,1197.00,693.00,830.00
8,19,17,1563.50,1541.00,926.00,1690.00,1010.00,637.00,832.00,790.00,373.50,1350.01,1197.00,693.00,830.00
8,19,18,1563.50,1541.00,926.00,1690.00,1010.00,637.00,832.00,790.00,373.50,1350.01,1197.00,693.00,830.00
8,19,19,1563.50,1541.00,926.00,1690.00,1010.00,637.00,832.00,790.00,373.50,1350.01,1197.00,693.00,830.00
8,19,20,1563.50,1541.00,926.00,1690.00,1010.00,637.00,832.00,790.00,373.50,1350.01,1197.00,693.00,830.00
8,19,21,1563.50,1541.00,926.00,1690.00,1010.00,637.00,832.00,790.00,373.50,1350.01,1197.00,693.00,830.00
8,19,22,1563.50,1541.00,926.00,1690.00,1010.00,637.00,832.00,790.00,373.50,1350.01,1197.00,693.00,830.00
8,19,23,1563.50,1541.00,926.00,1690.00,1010.00,637.00,832.00,790.00,373.50,1350.01,1197.00,693.00,830.00
8,19,24,1563.50,1541.00,926.00,1690.00,1010.00,637.00,832.00,790.00,373.50,1350.01,1197.00,693.00,830.00
8,20,1,1563.50,1541.00,926.00,1690.00,1010.00,637.00,832.00,790.00,373.50,1350.01,1197.00,693.00,830.00
8,20,2,1563.50,1541.00,926.00,1690.00,1010.00,637.00,832.00,790.00,373.50,1350.01,1197.00,693.00,830.00
8,20,3,1563.50,1541.00,926.00,1690.00,1010.00,637.00,832.00,790.00,373.50,1350.01,1197.00,693.00,830.00
8,20,4,1563.50,1541.00,926.00,1690.00,1010.00,637.00,832.00,790.00,373.50,1350.01,1197.00,693.00,830.00
8,20,5,1563.50,1541.00,926.00,1690.00,1010.00,637.00,832.00,790.00,373.50,1350.01,1197.00,693.00,830.00
8,20,6,1563.50,1541.00,926.00,1690.00,1010.00,637.00,832.00,790.00,373.50,1350.01,1197.00,693.00,830.00
8,20,7,1563.50,1541.00,926.00,1690.00,1010.00,637.00,832.00,790.00,373.50,1350.01,1197.00,693.00,830.00
8,20,8,1563.50,1541.00,926.00,1690.00,1010.00,637.00,832.00,790.00,373.50,1350.01,1197.00,693.00,830.00
8,20,9,1563.50,1541.00,926.00,1690.00,1010.00,637.00,832.00,790.00,373.50,1350.01,1197.00,693.00,830.00
8,20,10,1563.50,1541.00,926.00,1690.00,1010.00,637.00,832.00,790.00,373.50,1350.01,1197.00,693.00,830.00
8,20,11,1563.50,1541.00,926.00,1690.00,1010.00,637.00,832.00,790.00,373.50,1350.01,1197.00,693.00,830.00
8,20,12,1563.50,1541.00,926.00,1690.00,1010.00,637.00,832.00,790.00,373.50,1350.01,1197.00,693.00,830.00
8,20,13,1563.50,1541.00,926.00,1690.00,1010.00,637.00,832.00,790.00,373.50,1350.00,1197.00,693.00,830.00
8,20,14,1563.50,1541.00,926.00,1690.00,1010.00,637.00,832.00,790.00,373.50,1350.00,1197.00,693.00,830.00
8,20,15,1563.50,1541.00,926.00,1690.00,1010.00,637.00,832.00,790.00,373.50,1350.00,1197.00,693.00,830.00
8,20,16,1563.50,1541.00,926.00,1690.00,1010.00,637.00,832.00,790.00,373.50,1350.00,1197.00,693.00,830.00
8,20,17,1563.50,1541.00,926.00,1690.00,1010.00,637.00,832.00,790.00,373.50,1350.00,1197.00,693.00,830.00
8,20,18,1563.50,1541.00,926.00,1690.00,1010.00,637.00,832.00,790.00,373.50,1350.00,1197.00,693.00,830.00
8,20,19,1563.50,1541.00,926.00,1690.00,1010.00,637.00,832.00,790.00,373.50,1350.00,1197.00,693.00,830.00
8,20,20,1563.50,1541.00,926.00,1690.00,1010.00,637.00,832.00,790.00,373.50,1350.00,1197.00,693.00,830.00
8,20,21,1563.50,1541.00,926.00,1690.00,1010.00,637.00,832.00,790.00,373.50,1350.00,1197.00,693.00,830.00
8,20,22,1563.50,1541.00,926.00,1690.00,1010.00,637.00,832.00,790.00,373.50,1350.00,1197.00,693.00,830.00
8,20,23,1563.50,1541.00,926.00,1690.00,1010.00,637.00,832.00,790.00,373.50,1350.00,1197.00,693.00,830.00
8,20,24,1563.50,1541.00,926.00,1690.00,1010.00,637.00,832.00,790.00,373.50,1350.00,1197.00,693.00,830.00
8,21,1,1563.50,1541.00,926.00,1690.00,1010.00,637.00,832.00,790.00,373.50,1350.00,1197.00,693.00,830.00
8,21,2,1563.50,1541.00,926.00,1690.00,1010.00,637.00,832.00,790.00,373.50,1350.00,1197.00,693.00,830.00
8,21,3,1563.50,1541.00,926.00,1690.00,1010.00,637.00,832.00,790.00,373.50,1350.00,1197.00,693.00,830.00
8,21,4,1563.50,1541.00,926.00,1690.00,1010.00,637.00,832.00,790.00,373.50,1350.00,1197.00,693.00,830.00
8,21,5,1563.50,1541.00,926.00,1690.00,1010.00,637.00,832.00,790.00,373.50,1350.00,1197.00,693.00,830.00
8,21,6,1563.50,1541.00,926.00,1690.00,1010.00,637.00,832.00,790.00,373.50,1350.00,1197.00,693.00,830.00
8,21,7,1563.50,1541.00,926.00,1690.00,1010.00,637.00,832.00,790.00,373.50,1350.00,1197.00,693.00,830.00
8,21,8,1563.50,1541.00,926.00,1690.00,1010.00,637.00,832.00,790.00,373.50,1350.00,1197.00,693.00,830.00
8,21,9,1563.50,1541.00,926.00,1690.00,1010.00,637.00,832.00,790.00,373.50,1350.00,1197.00,693.00,830.00
8,21,10,1563.50,1541.00,926.00,1690.00,1010.00,637.00,832.00,790.00,373.50,1350.00,1197.00,693.00,830.00
8,21,11,1563.50,1541.00,926.00,1690.00,1010.00,637.00,832.00,790.00,373.50,1350.00,1197.00,693.00,830.00
8,21,12,1563.50,1541.00,926.00,1690.00,1010.00,637.00,832.00,790.00,373.50,1350.00,1197.00,693.00,830.00
8,21,13,1563.50,1541.00,926.00,1690.00,1010.00,637.00,832.00,790.00,373.50,1350.00,1197.00,693.00,830.00
8,21,14,1563.50,1541.00,926.00,1690.00,1010.00,637.00,832.00,790.00,373.50,1350.00,1197.00,693.00,830.00
8,21,15,1563.50,1541.00,926.00,1690.00,1010.00,637.00,832.00,790.00,373.50,1350.00,1197.00,693.00,830.00
8,21,16,1563.50,1541.00,926.00,1690.00,1010.00,637.00,832.00,790.00,373.50,1350.00,1197.00,693.00,830.00
8,21,17,1563.50,1541.00,926.00,1690.00,1010.00,637.00,832.00,790.00,373.50,1350.00,1197.00,693.00,830.00
8,21,18,1563.50,1541.00,926.00,1690.00,1010.00,637.00,832.00,790.00,373.50,1350.00,1197.00,693.00,830.00
8,21,19,1563.50,1541.00,926.00,1690.00,1010.00,637.00,832.00,790.00,373.50,1350.00,1197.00,693.00,830.00
8,21,20,1563.50,1541.00,926.00,1690.00,1010.00,637.00,832.00,790.00,373.50,1350.00,1197.00,693.00,830.00
8,21,21,1563.50,1541.00,926.00,1690.00,1010.00,637.00,832.00,790.00,373.50,1350.00,1197.00,693.00,830.00
8,21,22,1563.50,1541.00,926.00,1690.00,1010.00,637.00,832.00,790.00,373.50,1350.00,1197.00,693.00,830.00
8,21,23,1563.50,1541.00,926.00,1690.00,1010.00,637.00,832.00,790.00,373.50,1350.00,1197.00,693.00,830.00
8,21,24,1563.50,1541.00,926.00,1690.00,1010.00,637.00,832.00,790.00,373.50,1350.00,1197.00,693.00,830.00
8,22,1,1563.50,1541.00,926.00,1690.00,1010.00,637.00,832.00,790.00,373.50,1350.00,1197.00,693.00,830.00
8,22,2,1563.50,1541.00,926.00,1690.00,1010.00,637.00,832.00,790.00,373.50,1350.00,1197.00,693.00,830.00
8,22,3,1563.50,1541.00,926.00,1690.00,1010.00,637.00,832.00,790.00,373.50,1350.00,1197.00,693.00,830.00
8,22,4,1563.50,1541.00,926.00,1690.00,1010.00,637.00,832.00,790.00,373.50,1350.00,1197.00,693.00,830.00
8,22,5,1563.50,1541.00,926.00,1690.00,1010.00,637.00,832.00,790.00,373.50,1350.00,1197.00,693.00,830.00
8,22,6,1563.50,1541.00,926.00,1690.00,1010.00,637.00,832.00,790.00,373.50,1350.00,1197.00,693.00,830.00
8,22,7,1563.50,1541.00,926.00,1690.00,1010.00,637.00,832.00,790.00,373.50,1350.00,1197.00,693.00,830.00
8,22,8,1563.50,1541.00,926.00,1690.00,1010.00,637.00,832.00,790.00,373.50,1350.00,1197.00,693.00,830.00
8,22,9,1563.50,1541.00,926.00,1690.00,1010.00,637.00,832.00,790.00,373.50,1350.00,1197.00,693.00,830.00
8,22,10,1563.50,1541.00,926.00,1690.00,1010.00,637.00,832.00,790.00,373.50,1350.00,1197.00,693.00,830.00
8,22,11,1563.50,1541.00,926.00,1690.00,1010.00,637.00,832.00,790.00,373.50,1350.00,1197.00,693.00,830.00
8,22,12,1563.50,1541.00,926.00,1690.00,1010.00,637.00,832.00,790.00,373.50,1350.00,1197.00,693.00,830.00
8,22,13,1563.50,1541.00,926.00,1690.00,1010.00,637.00,832.00,790.00,373.50,1350.00,1197.00,693.00,830.00
8,22,14,1563.50,1541.00,926.00,1690.00,1010.00,637.00,832.00,790.00,373.50,1350.00,1197.00,693.00,830.00
8,22,15,1563.50,1541.00,926.00,1690.00,1010.00,637.00,832.00,790.00,373.50,1350.00,1197.00,693.00,830.00
8,22,16,1563.50,1541.00,926.00,1690.00,1010.00,637.00,832.00,790.00,373.50,1350.00,1197.00,693.00,830.00
8,22,17,1563.50,1541.00,926.00,1690.00,1010.00,637.00,832.00,790.00,373.50,1350.00,1197.00,693.00,830.00
8,22,18,1563.50,1541.00,926.00,1690.00,1010.00,637.00,832.00,790.00,373.50,1350.00,1197.00,693.00,830.00
8,22,19,1563.50,1541.00,926.00,1690.00,1010.00,637.00,832.00,790.00,373.50,1350.00,1197.00,693.00,830.00
8,22,20,1563.50,1541.00,926.00,1690.00,1010.00,637.00,832.00,790.00,373.50,1350.00,1197.00,693.00,830.00
8,22,21,1563.50,1541.00,926.00,1690.00,1010.00,637.00,832.00,790.00,373.50,1350.00,1197.00,693.00,830.00
8,22,22,1563.50,1541.00,926.00,1690.00,1010.00,637.00,832.00,790.00,373.50,1350.00,1197.00,693.00,830.00
8,22,23,1563.50,1541.00,926.00,1690.00,1010.00,637.00,832.00,790.00,373.50,1350.00,1197.00,693.00,830.00
8,22,24,1563.50,1541.00,926.00,1690.00,1010.00,637.00,832.00,790.00,373.50,1350.00,1197.00,693.00,830.00
8,23,1,1563.50,1541.00,926.00,1690.00,1010.00,637.00,832.00,790.00,373.50,1350.00,1197.00,693.00,830.00
8,23,2,1563.50,1541.00,926.00,1690.00,1010.00,637.00,832.00,790.00,373.50,1350.00,1197.00,693.00,830.00
8,23,3,1563.50,1541.00,926.00,1690.00,1010.00,637.00,832.00,790.00,373.50,1350.00,1197.00,693.00,830.00
8,23,4,1563.50,1541.00,926.00,1690.00,1010.00,637.00,832.00,790.00,373.50,1350.00,1197.00,693.00,830.00
8,23,5,1563.50,1541.00,926.00,1690.00,1010.00,637.00,832.00,790.00,373.50,1350.00,1197.00,693.00,830.00
8,23,6,1563.50,1541.00,926.00,1690.00,1010.00,637.00,832.00,790.00,373.50,1350.00,1197.00,693.00,830.00
8,23,7,1563.50,1541.00,926.00,1690.00,1010.00,637.00,832.00,790.00,373.50,1350.00,1197.00,693.00,830.00
8,23,8,1563.50,1541.00,926.00,1690.00,1010.00,637.00,832.00,790.00,373.50,1350.00,1197.00,693.00,830.00
8,23,9,1563.50,1541.00,926.00,1690.00,1010.00,637.00,832.00,790.00,373.50,1350.00,1197.00,693.00,830.00
8,23,10,1563.50,1541.00,926.00,1690.00,1010.00,637.00,832.00,790.00,373.50,1350.00,1197.00,693.00,830.00
8,23,11,1563.50,1541.00,926.00,1690.00,1010.00,637.00,832.00,790.00,373.50,1350.00,1197.00,693.00,830.00
8,23,12,1563.50,1541.00,926.00,1690.00,1010.00,637.00,832.00,790.00,373.50,1350.00,1197.00,693.00,830.00
8,23,13,1563.50,1541.00,926.00,1690.00,1010.00,637.00,832.00,790.00,373.50,1350.00,1197.00,693.00,830.00
8,23,14,1563.50,1541.00,926.00,1690.00,1010.00,637.00,832.00,790.00,373.50,1350.00,1197.00,693.00,830.00
8,23,15,1563.50,1541.00,926.00,1690.00,1010.00,637.00,832.00,790.00,373.50,1350.00,1197.00,693.00,830.00
8,23,16,1563.50,1541.00,926.00,1690.00,1010.00,637.00,832.00,790.00,373.50,1350.00,1197.00,693.00,830.00
8,23,17,1563.50,1541.00,926.00,1690.00,1010.00,637.00,832.00,790.00,373.50,1350.00,1197.00,693.00,830.00
8,23,18,1563.50,1541.00,926.00,1690.00,1010.00,637.00,832.00,790.00,373.50,1350.00,1197.00,693.00,830.00
8,23,19,1563.50,1541.00,926.00,1690.00,1010.00,637.00,832.00,790.00,373.50,1350.00,1197.00,693.00,830.00
8,23,20,1563.50,1541.00,926.00,1690.00,1010.00,637.00,832.00,790.00,373.50,1350.00,1197.00,693.00,830.00
8,23,21,1563.50,1541.00,926.00,1690.00,1010.00,637.00,832.00,790.00,373.50,1350.00,1197.00,693.00,830.00
8,23,22,1563.50,1541.00,926.00,1690.00,1010.00,637.00,832.00,790.00,373.50,1350.00,1197.00,693.00,830.00
8,23,23,1563.50,1541.00,926.00,1690.00,1010.00,637.00,832.00,790.00,373.50,1350.00,1197.00,693.00,830.00
8,23,24,1563.50,1541.00,926.00,1690.00,1010.00,637.00,832.00,790.00,373.50,1350.00,1197.00,693.00,830.00
8,24,1,1563.50,1541.00,926.00,1690.00,1010.00,637.00,832.00,790.00,373.50,1350.00,1197.00,693.00,830.00
8,24,2,1563.50,1541.00,926.00,1690.00,1010.00,637.00,832.00,790.00,373.50,1350.00,1197.00,693.00,830.00
8,24,3,1563.50,1541.00,926.00,1690.00,1010.00,637.00,832.00,790.00,373.50,1350.00,1197.00,693.00,830.00
8,24,4,1563.50,1541.00,926.00,1690.00,1010.00,637.00,832.00,790.00,373.50,1350.00,1197.00,693.00,830.00
8,24,5,1563.50,1541.00,926.00,1690.00,1010.00,637.00,832.00,790.00,373.50,1350.00,1197.00,693.00,830.00
8,24,6,1563.50,1541.00,926.00,1690.00,1010.00,637.00,832.00,790.00,373.50,1350.00,1197.00,693.00,830.00
8,24,7,1563.50,1541.00,926.00,1690.00,1010.00,637.00,832.00,790.00,373.50,1350.00,1197.00,693.00,830.00
8,24,8,1563.50,1541.00,926.00,1690.00,1010.00,637.00,832.00,790.00,373.50,1350.00,1197.00,693.00,830.00
8,24,9,1563.50,1541.00,926.00,1690.00,1010.00,637.00,832.00,790.00,373.50,1350.00,1197.00,693.00,830.00
8,24,10,1563.50,1541.00,926.00,1690.00,1010.00,637.00,832.00,790.00,373.50,1350.00,1197.00,693.00,830.00
8,24,11,1563.50,1541.00,926.00,1690.00,1010.00,637.00,832.00,790.00,373.50,1350.00,1197.00,693.00,830.00
8,24,12,1563.50,1541.00,926.00,1690.00,1010.00,637.00,832.00,790.00,373.50,1350.00,1197.00,693.00,830.00
8,24,13,1563.50,1541.00,926.00,1690.00,1010.00,637.00,832.00,790.00,373.50,1350.00,1197.00,693.00,830.00
8,24,14,1563.50,1541.00,926.00,1690.00,1010.00,637.00,832.00,790.00,373.50,1350.00,1197.00,693.00,830.00
8,24,15,1563.50,1541.00,926.00,1690.00,1010.00,637.00,832.00,790.00,373.50,1350.00,1197.00,693.00,830.00
8,24,16,1563.50,1541.00,926.00,1690.00,1010.00,637.00,832.00,790.00,373.50,1350.00,1197.00,693.00,830.00
8,24,17,1563.50,1541.00,926.00,1690.00,1010.00,637.00,832.00,790.00,373.50,1350.00,1197.00,693.00,830.00
8,24,18,1563.50,1541.00,926.00,1690.00,1010.00,637.00,832.00,790.00,373.50,1350.00,1197.00,693.00,830.00
8,24,19,1563.50,1541.00,926.00,1690.00,1010.00,637.00,832.00,790.00,373.50,1350.00,1197.00,693.00,830.00
8,24,20,1563.50,1541.00,926.00,1690.00,1010.00,637.00,832.00,790.00,373.50,1350.00,1197.00,693.00,830.00
8,24,21,1563.50,1541.00,926.00,1690.00,1010.00,637.00,832.00,790.00,373.50,1350.00,1197.00,693.00,830.00
8,24,22,1563.50,1541.00,926.00,1690.00,1010.00,637.00,832.00,790.00,373.50,1350.00,1197.00,693.00,830.00
8,24,23,1563.50,1541.00,926.00,1690.00,1010.00,637.00,832.00,790.00,373.50,1350.00,1197.00,693.00,830.00
8,24,24,1563.50,1541.00,926.00,1690.00,1010.00,637.00,832.00,790.00,373.50,1350.00,1197.00,693.00,830.00
8,25,1,1563.50,1541.00,926.00,1690.00,1010.00,637.00,832.00,790.00,373.50,1350.00,1197.00,693.00,830.00
8,25,2,1563.50,1541.00,926.00,1690.00,1010.00,637.00,832.00,790.00,373.50,1350.00,1197.00,693.00,830.00
8,25,3,1563.50,1541.00,926.00,1690.00,1010.00,637.00,832.00,790.00,373.50,1350.00,1197.00,693.00,830.00
8,25,4,1563.50,1541.00,926.00,1690.00,1010.00,637.00,832.00,790.00,373.50,1350.00,1197.00,693.00,830.00
8,25,5,1563.50,1541.00,926.00,1690.00,1010.00,637.00,832.00,790.00,373.50,1350.00,1197.00,693.00,830.00
8,25,6,1563.50,1541.00,926.00,1690.00,1010.00,637.00,832.00,790.00,373.50,1350.00,1197.00,693.00,830.00
8,25,7,1563.50,1541.00,926.00,1690.00,1010.00,637.00,832.00,790.00,373.50,1350.00,1197.00,693.00,830.00
8,25,8,1563.50,1541.00,926.00,1690.00,1010.00,637.00,832.00,790.00,373.50,1350.00,1197.00,693.00,830.00
8,25,9,1563.50,1541.00,926.00,1690.00,1010.00,637.00,832.00,790.00,373.50,1350.00,1197.00,693.00,830.00
8,25,10,1563.50,1541.00,926.00,1690.00,1010.00,637.00,832.00,790.00,373.50,1350.00,1197.00,693.00,830.00
8,25,11,1563.50,1541.00,926.00,1690.00,1010.00,637.00,832.00,790.00,373.50,1350.00,1197.00,693.00,830.00
8,25,12,1563.50,1541.00,926.00,1690.00,1010.00,637.00,832.00,790.00,373.50,1350.00,1197.00,693.00,830.00
8,25,13,1563.50,1541.00,926.00,1690.00,1010.00,637.00,832.00,790.00,373.50,1350.00,1197.00,693.00,830.00
8,25,14,1563.50,1541.00,926.00,1690.00,1010.00,637.00,832.00,790.00,373.50,1350.00,1197.00,693.00,830.00
8,25,15,1563.50,1541.00,926.00,1690.00,1010.00,637.00,832.00,790.00,373.50,1350.00,1197.00,693.00,830.00
8,25,16,1563.50,1541.00,926.00,1690.00,1010.00,637.00,832.00,790.00,373.50,1350.00,1197.00,693.00,830.00
8,25,17,1563.50,1541.00,926.00,1690.00,1010.00,637.00,832.00,790.00,373.50,1350.00,1197.00,693.00,830.00
8,25,18,1563.50,1541.00,926.00,1690.00,1010.00,637.00,832.00,790.00,373.50,1350.00,1197.00,693.00,830.00
8,25,19,1563.50,1541.00,926.00,1690.00,1010.00,637.00,832.00,790.00,373.50,1350.00,1197.00,693.00,830.00
8,25,20,1563.50,1541.00,926.00,1690.00,1010.00,637.00,832.00,790.00,373.50,1350.00,1197.00,693.00,830.00
8,25,21,1563.50,1541.00,926.00,1690.00,1010.00,637.00,832.00,790.00,373.50,1350.00,1197.00,693.00,830.00
8,25,22,1563.50,1541.00,926.00,1690.00,1010.00,637.00,832.00,790.00,373.50,1350.00,1197.00,693.00,830.00
8,25,23,1563.50,1541.00,926.00,1690.00,1010.00,637.00,832.00,790.00,373.50,1350.00,1197.00,693.00,830.00
8,25,24,1563.50,1541.00,926.00,1690.00,1010.00,637.00,832.00,790.00,373.50,1350.00,1197.00,693.00,830.00
8,26,1,1563.50,1541.00,926.00,1690.00,1010.00,637.00,832.00,790.00,373.50,1350.00,1197.00,693.00,830.00
8,26,2,1563.50,1541.00,926.00,1690.00,1010.00,637.00,832.00,790.00,373.50,1350.00,1197.00,693.00,830.00
8,26,3,1563.50,1541.00,926.00,1690.00,1010.00,637.00,832.00,790.00,373.50,1350.00,1197.00,693.00,830.00
8,26,4,1563.50,1541.00,926.00,1690.00,1010.00,637.00,832.00,790.00,373.50,1350.00,1197.00,693.00,830.00
8,26,5,1563.50,1541.00,926.00,1690.00,1010.00,637.00,832.00,790.00,373.50,1350.00,1197.00,693.00,830.00
8,26,6,1563.50,1541.00,926.00,1690.00,1010.00,637.00,832.00,790.00,373.50,1350.00,1197.00,693.00,830.00
8,26,7,1563.50,1541.00,926.00,1690.00,1010.00,637.00,832.00,790.00,373.50,1350.00,1197.00,693.00,830.00
8,26,8,1563.50,1541.00,926.00,1690.00,1010.00,637.00,832.00,790.00,373.50,1350.00,1197.00,693.00,830.00
8,26,9,1563.50,1541.00,926.00,1690.00,1010.00,637.00,832.00,790.00,373.50,1350.00,1197.00,693.00,830.00
8,26,10,1563.50,1541.00,926.00,1690.00,1010.00,637.00,832.00,790.00,373.50,1350.00,1197.00,693.00,830.00
8,26,11,1563.50,1541.00,926.00,1690.00,1010.00,637.00,832.00,790.00,373.50,1350.00,1197.00,693.00,830.00
8,26,12,1563.50,1541.00,926.00,1690.00,1010.00,637.00,832.00,790.00,373.50,1350.00,1197.00,693.00,830.00
8,26,13,1563.50,1541.00,926.00,1690.00,1010.00,637.00,832.00,790.00,373.50,1350.00,1197.00,693.00,830.00
8,26,14,1563.50,1541.00,926.00,1690.00,1010.00,637.00,832.00,790.00,373.50,1350.00,1197.00,693.00,830.00
8,26,15,1563.50,1541.00,926.00,1690.00,1010.00,637.00,832.00,790.00,373.50,1350.00,1197.00,693.00,830.00
8,26,16,1563.50,1541.00,926.00,1690.00,1010.00,637.00,832.00,790.00,373.50,1350.00,1197.00,693.00,830.00
8,26,17,1563.50,1541.00,926.00,1690.00,1010.00,637.00,832.00,790.00,373.50,1350.00,1197.00,693.00,830.00
8,26,18,1563.50,1541.00,926.00,1690.00,1010.00,637.00,832.00,790.00,373.50,1350.00,1197.00,693.00,830.00
8,26,19,1563.50,1541.00,926.00,1690.00,1010.00,637.00,832.00,790.00,373.50,1350.00,1197.00,693.00,830.00
8,26,20,1563.50,1541.00,926.00,1690.00,1010.00,637.00,832.00,790.00,373.50,1350.00,1197.00,693.00,830.00
8,26,21,1563.50,1541.00,926.00,1690.00,1010.00,637.00,832.00,790.00,373.50,1350.00,1197.00,693.00,830.00
8,26,22,1563.50,1541.00,926.00,1690.00,1010.00,637.00,832.00,790.00,373.50,1350.00,1197.00,693.00,830.00
8,26,23,1563.50,1541.00,926.00,1690.00,1010.00,637.00,832.00,790.00,373.50,1350.00,1197.00,693.00,830.00
8,26,24,1563.50,1541.00,926.00,1690.00,1010.00,637.00,832.00,790.00,373.50,1350.00,1197.00,693.00,830.00
8,27,1,1563.50,1541.00,926.00,1690.00,1010.00,637.00,832.00,790.00,373.50,1350.00,1197.00,693.00,830.00
8,27,2,1563.50,1541.00,926.00,1690.00,1010.00,637.00,832.00,790.00,373.50,1350.00,1197.00,693.00,830.00
8,27,3,1563.50,1541.00,926.00,1690.00,1010.00,637.00,832.00,790.00,373.50,1350.00,1197.00,693.00,830.00
8,27,4,1563.50,1541.00,926.00,1690.00,1010.00,637.00,832.00,790.00,373.50,1350.00,1197.00,693.00,830.00
8,27,5,1563.50,1541.00,926.00,1690.00,1010.00,637.00,832.00,790.00,373.50,1350.00,1197.00,693.00,830.00
8,27,6,1563.50,1541.00,926.00,1690.00,1010.00,637.00,832.00,790.00,373.50,1350.00,1197.00,693.00,830.00
8,27,7,1563.50,1541.00,926.00,1690.00,1010.00,637.00,832.00,790.00,373.50,1350.00,1197.00,693.00,830.00
8,27,8,1563.50,1541.00,926.00,1690.00,1010.00,637.00,832.00,790.00,373.50,1350.00,1197.00,693.00,830.00
8,27,9,1563.50,1541.00,926.00,1690.00,1010.00,637.00,832.00,790.00,373.50,1350.00,1197.00,693.00,830.00
8,27,10,1563.50,1541.00,926.00,1690.00,1010.00,637.00,832.00,790.00,373.50,1350.00,1197.00,693.00,830.00
8,27,11,1563.50,1541.00,926.00,1690.00,1010.00,637.00,832.00,790.00,373.50,1350.00,1197.00,693.00,830.00
8,27,12,1563.50,1541.00,926.00,1690.00,1010.00,637.00,832.00,790.00,373.50,1350.00,1197.00,693.00,830.00
8,27,13,1563.50,1541.00,926.00,1690.00,1010.00,637.00,832.00,790.00,373.50,1350.00,1197.00,693.00,830.00
8,27,14,1563.50,1541.00,926.00,1690.00,1010.00,637.00,832.00,790.00,373.50,1350.00,1197.00,693.00,830.00
8,27,15,1563.50,1541.00,926.00,1690.00,1010.00,637.00,832.00,790.00,373.50,1350.00,1197.00,693.00,830.00
8,27,16,1563.50,1541.00,926.00,1690.00,1010.00,637.00,832.00,790.00,373.50,1350.00,1197.00,693.00,830.00
8,27,17,1563.50,1541.00,926.00,1690.00,1010.00,637.00,832.00,790.00,373.50,1350.00,1197.00,693.00,830.00
8,27,18,1563.50,1541.00,926.00,1690.00,1010.00,637.00,832.00,790.00,373.50,1350.00,1197.00,693.00,830.00
8,27,19,1563.50,1541.00,926.00,1690.00,1010.00,637.00,832.00,790.00,373.50,1350.00,1197.00,693.00,830.00
8,27,20,1563.50,1541.00,926.00,1690.00,1010.00,637.00,832.00,790.00,373.50,1350.00,1197.00,693.00,830.00
8,27,21,1563.50,1541.00,926.00,1690.00,1010.00,637.00,832.00,790.00,373.50,1350.00,1197.00,693.00,830.00
8,27,22,1563.50,1541.00,926.00,1690.00,1010.00,637.00,832.00,790.00,373.50,1350.00,1197.00,693.00,830.00
8,27,23,1563.50,1541.00,926.00,1690.00,1010.00,637.00,832.00,790.00,373.50,1350.00,1197.00,693.00,830.00
8,27,24,1563.50,1541.00,926.00,1690.00,1010.00,637.00,832.00,790.00,373.50,1350.00,1197.00,693.00,830.00
8,28,1,1563.50,1541.00,926.00,1690.00,1010.00,637.00,832.00,790.00,373.50,1350.00,1197.00,693.00,830.00
8,28,2,1563.50,1541.00,926.00,1690.00,1010.00,637.00,832.00,790.00,373.50,1350.00,1197.00,693.00,830.00
8,28,3,1563.50,1541.00,926.00,1690.00,1010.00,637.00,832.00,790.00,373.50,1350.00,1197.00,693.00,830.00
8,28,4,1563.50,1541.00,926.00,1690.00,1010.00,637.00,832.00,790.00,373.50,1350.00,1197.00,693.00,830.00
8,28,5,1563.50,1541.00,926.00,1690.00,1010.00,637.00,832.00,790.00,373.50,1350.00,1197.00,693.00,830.00
8,28,6,1563.50,1541.00,926.00,1690.00,1010.00,637.00,832.00,790.00,373.50,1350.00,1197.00,693.00,830.00
8,28,7,1563.50,1541.00,926.00,1690.00,1010.00,637.00,832.00,790.00,373.50,1350.00,1197.00,693.00,830.00
8,28,8,1563.50,1541.00,926.00,1690.00,1010.00,637.00,832.00,790.00,373.50,1350.00,1197.00,693.00,830.00
8,28,9,1563.50,1541.00,926.00,1690.00,1010.00,637.00,832.00,790.00,373.50,1350.00,1197.00,693.00,830.00
8,28,10,1563.50,1541.00,926.00,1690.00,1010.00,637.00,832.00,790.00,373.50,1350.00,1197.00,693.00,830.00
8,28,11,1563.50,1541.00,926.00,1690.00,1010.00,637.00,832.00,790.00,373.50,1350.00,1197.00,693.00,830.00
8,28,12,1563.50,1541.00,926.00,1690.00,1010.00,637.00,832.00,790.00,373.50,1350.00,1197.00,693.00,830.00
8,28,13,1563.50,1541.00,926.00,1690.00,1010.00,637.00,832.00,790.00,373.50,1350.00,1197.00,693.00,830.00
8,28,14,1563.50,1541.00,926.00,1690.00,1010.00,637.00,832.00,790.00,373.50,1350.00,1197.00,693.00,830.00
8,28,15,1563.50,1541.00,926.00,1690.00,1010.00,637.00,832.00,790.00,373.50,1350.00,1197.00,693.00,830.00
8,28,16,1563.50,1541.00,926.00,1690.00,1010.00,637.00,832.00,790.00,373.50,1350.00,1197.00,693.00,830.00
8,28,17,1563.50,1541.00,926.00,1690.00,1010.00,637.00,832.00,790.00,373.50,1350.00,1197.00,693.00,830.00
8,28,18,1563.50,1541.00,926.00,1690.00,1010.00,637.00,832.00,790.00,373.50,1350.00,1197.00,693.00,830.00
8,28,19,1563.50,1541.00,926.00,1690.00,1010.00,637.00,832.00,790.00,373.50,1350.00,1197.00,693.00,830.00
8,28,20,1563.50,1541.00,926.00,1690.00,1010.00,637.00,832.00,790.00,373.50,1350.00,1197.00,693.00,830.00
8,28,21,1563.50,1541.00,926.00,1690.00,1010.00,637.00,832.00,790.00,373.50,1350.00,1197.00,693.00,830.00
8,28,22,1563.50,1541.00,926.00,1690.00,1010.00,637.00,832.00,790.00,373.50,1350.00,1197.00,693.00,830.00
8,28,23,1563.50,1541.00,926.00,1690.00,1010.00,637.00,832.00,790.00,373.50,1350.00,1197.00,693.00,830.00
8,28,24,1563.50,1541.00,926.00,1690.00,1010.00,637.00,832.00,790.00,373.50,1350.00,1197.00,693.00,830.00
8,29,1,1563.50,1541.00,926.00,1690.00,1010.00,637.00,832.00,790.00,373.50,1350.00,1197.00,693.00,830.00
8,29,2,1563.50,1541.00,926.00,1690.00,1010.00,637.00,832.00,790.00,373.50,1350.00,1197.00,693.00,830.00
8,29,3,1563.50,1541.00,926.00,1690.00,1010.00,637.00,832.00,790.00,373.50,1350.00,1197.00,693.00,830.00
8,29,4,1563.50,1541.00,926.00,1690.00,1010.00,637.00,832.00,790.00,373.50,1350.00,1197.00,693.00,830.00
8,29,5,1563.50,1541.00,926.00,1690.00,1010.00,637.00,832.00,790.00,373.50,1350.00,1197.00,693.00,830.00
8,29,6,1563.50,1541.00,926.00,1690.00,1010.00,637.00,832.00,790.00,373.50,1350.00,1197.00,693.00,830.00
8,29,7,1563.50,1541.00,926.00,1690.00,1010.00,637.00,832.00,790.00,373.50,1350.00,1197.00,693.00,830.00
8,29,8,1563.50,1541.00,926.00,1690.00,1010.00,637.00,832.00,790.00,373.50,1350.00,1197.00,693.00,830.00
8,29,9,1563.50,1541.00,926.00,1690.00,1010.00,637.00,832.00,790.00,373.50,1350.00,1197.00,693.00,830.00
8,29,10,1563.50,1541.00,926.00,1690.00,1010.00,637.00,832.00,790.00,373.50,1350.00,1197.00,693.00,830.00
8,29,11,1563.50,1541.00,926.00,1690.00,1010.00,637.00,832.00,790.00,373.50,1350.00,1197.00,693.00,830.00
8,29,12,1563.50,1541.00,926.00,1690.00,1010.00,637.00,832.00,790.00,373.50,1350.00,1197.00,693.00,830.00
8,29,13,1563.50,1541.00,926.00,1690.00,1010.00,637.00,832.00,790.00,373.50,1350.00,1197.00,693.00,830.00
8,29,14,1563.50,1541.00,926.00,1690.00,1010.00,637.00,832.00,790.00,373.50,1350.00,1197.00,693.00,830.00
8,29,15,1563.50,1541.00,926.00,1690.00,1010.00,637.00,832.00,790.00,373.50,1350.00,1197.00,693.00,830.00
8,29,16,1563.50,1541.00,926.00,1690.00,1010.00,637.00,832.00,790.00,373.50,1350.00,1197.00,693.00,830.00
8,29,17,1563.50,1541.00,926.00,1690.00,1010.00,637.00,832.00,790.00,373.50,1350.00,1197.00,693.00,830.00
8,29,18,1563.50,1541.00,926.00,1690.00,1010.00,637.00,832.00,790.00,373.50,1350.00,1197.00,693.00,830.00
8,29,19,1563.50,1541.00,926.00,1690.00,1010.00,637.00,832.00,790.00,373.50,1350.00,1197.00,693.00,830.00
8,29,20,1563.50,1541.00,926.00,1690.00,1010.00,637.00,832.00,790.00,373.50,1350.00,1197.00,693.00,830.00
8,29,21,1563.50,1541.00,926.00,1690.00,1010.00,637.00,832.00,790.00,373.50,1350.00,1197.00,693.00,830.00
8,29,22,1563.50,1541.00,926.00,1690.00,1010.00,637.00,832.00,790.00,373.50,1350.00,1197.00,693.00,830.00
8,29,23,1563.50,1541.00,926.00,1690.00,1010.00,637.00,832.00,790.00,373.50,1350.00,1197.00,693.00,830.00
8,29,24,1563.50,1541.00,926.00,1690.00,1010.00,637.00,832.00,790.00,373.50,1350.00,1197.00,693.00,830.00
8,30,1,1563.50,1541.00,926.00,1690.00,1010.00,637.00,832.00,790.00,373.50,1350.00,1197.00,693.00,830.00
8,30,2,1563.50,1541.00,926.00,1690.00,1010.00,637.00,832.00,790.00,373.50,1350.00,1197.00,693.00,830.00
8,30,3,1563.50,1541.00,926.00,1690.00,1010.00,637.00,832.00,790.00,373.50,1350.00,1197.00,693.00,830.00
8,30,4,1563.50,1541.00,926.00,1690.00,1010.00,637.00,832.00,790.00,373.50,1350.00,1197.00,693.00,830.00
8,30,5,1563.50,1541.00,926.00,1690.00,1010.00,637.00,832.00,790.00,373.50,1350.00,1197.00,693.00,830.00
8,30,6,1563.50,1541.00,926.00,1690.00,1010.00,637.00,832.00,790.00,373.50,1350.00,1197.00,693.00,830.00
8,30,7,1563.50,1541.00,926.00,1690.00,1010.00,637.00,832.00,790.00,373.50,1350.00,1197.00,693.00,830.00
8,30,8,1563.50,1541.00,926.00,1690.00,1010.00,637.00,832.00,790.00,373.50,1350.00,1197.00,693.00,830.00
8,30,9,1563.50,1541.00,926.00,1690.00,1010.00,637.00,832.00,790.00,373.50,1350.00,1197.00,693.00,830.00
8,30,10,1563.50,1541.00,926.00,1690.00,1010.00,637.00,832.00,790.00,373.50,1350.00,1197.00,693.00,830.00
8,30,11,1563.50,1541.00,926.00,1690.00,1010.00,637.00,832.00,790.00,373.50,1350.00,1197.00,693.00,830.00
8,30,12,1563.50,1541.00,926.00,1690.00,1010.00,637.00,832.00,790.00,373.50,1350.00,1197.00,693.00,830.00
8,30,13,1563.50,1541.00,926.00,1690.00,1010.00,637.00,832.00,790.00,373.50,1350.00,1197.00,693.00,830.00
8,30,14,1563.50,1541.00,926.00,1690.00,1010.00,637.00,832.00,790.00,373.50,1350.00,1197.00,693.00,830.00
8,30,15,1563.50,1541.00,926.00,1690.00,1010.00,637.00,832.00,790.00,373.50,1350.00,1197.00,693.00,830.00
8,30,16,1563.50,1541.00,926.00,1690.00,1010.00,637.00,832.00,790.00,373.50,1350.00,1197.00,693.00,830.00
8,30,17,1563.50,1541.00,926.00,1690.00,1010.00,637.00,832.00,790.00,373.50,1350.00,1197.00,693.00,830.00
8,30,18,1563.50,1541.00,926.00,1690.00,1010.00,637.00,832.00,790.00,373.50,1350.00,1197.00,693.00,830.00
8,30,19,1563.50,1541.00,926.00,1690.00,1010.00,637.00,832.00,790.00,373.50,1350.00,1197.00,693.00,830.00
8,30,20,1563.50,1541.00,926.00,1690.00,1010.00,637.00,832.00,790.00,373.50,1350.00,1197.00,693.00,830.00
8,30,21,1563.50,1541.00,926.00,1690.00,1010.00,637.00,832.00,790.00,373.50,1350.00,1197.00,693.00,830.00
8,30,22,1563.50,1541.00,926.00,1690.00,1010.00,637.00,832.00,790.00,373.50,1350.00,1197.00,693.00,830.00
8,30,23,1563.50,1541.00,926.00,1690.00,1010.00,637.00,832.00,790.00,373.50,1350.00,1197.00,693.00,830.00
8,30,24,1563.50,1541.00,926.00,1690.00,1010.00,637.00,832.00,790.00,373.50,1350.00,1197.00,693.00,830.00
8,31,1,1563.50,1541.00,926.00,1690.00,1010.00,637.00,832.00,790.00,373.50,1350.00,1197.00,693.00,830.00
8,31,2,1563.50,1541.00,926.00,1690.00,1010.00,637.00,832.00,790.00,373.50,1350.00,1197.00,693.00,830.00
8,31,3,1563.50,1541.00,926.00,1690.00,1010.00,637.00,832.00,790.00,373.50,1350.00,1197.00,693.00,830.00
8,31,4,1563.50,1541.00,926.00,1690.00,1010.00,637.00,832.00,790.00,373.50,1350.00,1197.00,693.00,830.00
8,31,5,1563.50,1541.00,926.00,1690.00,1010.00,637.00,832.00,790.00,373.50,1350.00,1197.00,693.00,830.00
8,31,6,1563.50,1541.00,926.00,1690.00,1010.00,637.00,832.00,790.00,373.50,1350.00,1197.00,693.00,830.00
8,31,7,1563.50,1541.00,926.00,1690.00,1010.00,637.00,832.00,790.00,373.50,1350.00,1197.00,693.00,830.00
8,31,8,1563.50,1541.00,926.00,1690.00,1010.00,637.00,832.00,790.00,373.50,1350.00,1197.00,693.00,830.00
8,31,9,1563.50,1541.00,926.00,1690.00,1010.00,637.00,832.00,790.00,373.50,1350.00,1197.00,693.00,830.00
8,31,10,1563.50,1541.00,926.00,1690.00,1010.00,637.00,832.00,790.00,373.50,1350.00,1197.00,693.00,830.00
8,31,11,1563.50,1541.00,926.00,1690.00,1010.00,637.00,832.00,790.00,373.50,1350.00,1197.00,693.00,830.00
8,31,12,1563.50,1541.00,926.00,1690.00,1010.00,637.00,832.00,790.00,373.50,1350.00,1197.00,693.00,830.00
8,31,13,1563.50,1541.00,926.00,1690.00,1010.00,637.00,832.00,790.00,373.50,1350.00,1197.00,693.00,830.00
8,31,14,1563.50,1541.00,926.00,1690.00,1010.00,637.00,832.00,790.00,373.50,1350.00,1197.00,693.00,830.00
8,31,15,1563.50,1541.00,926.00,1690.00,1010.00,637.00,832.00,790.00,373.50,1350.00,1197.00,693.00,830.00
8,31,16,1563.50,1541.00,926.00,1690.00,1010.00,637.00,832.00,790.00,373.50,1350.00,1197.00,693.00,830.00
8,31,17,1563.50,1541.00,926.00,1690.00,1010.00,637.00,832.00,790.00,373.50,1350.00,1197.00,693.00,830.00
8,31,18,1563.50,1541.00,926.00,1690.00,1010.00,637.00,832.00,790.00,373.50,1350.00,1197.00,693.00,830.00
8,31,19,1563.50,1541.00,926.00,1690.00,1010.00,637.00,832.00,790.00,373.50,1350.00,1197.00,693.00,830.00
8,31,20,1563.50,1541.00,926.00,1690.00,1010.00,637.00,832.00,790.00,373.50,1350.00,1197.00,693.00,830.00
8,31,21,1563.50,1541.00,926.00,1690.00,1010.00,637.00,832.00,790.00,373.50,1350.00,1197.00,693.00,830.00
8,31,22,1563.50,1541.00,926.00,1690.00,1010.00,637.00,832.00,790.00,373.50,1350.00,1197.00,693.00,830.00
8,31,23,1563.50,1541.00,926.00,1690.00,1010.00,637.00,832.00,790.00,373.50,1350.00,1197.00,693.00,830.00
8,31,24,1563.50,1541.00,926.00,1690.00,1010.00,637.00,832.00,790.00,373.50,1350.00,1197.00,693.00,830.00
9,1,1,1563.47,1540.97,925.97,1689.95,1009.97,637.00,831.98,789.98,373.50,1349.95,1197.00,693.00,829.97
9,1,2,1563.43,1540.94,925.94,1689.90,1009.94,637.00,831.95,789.97,373.50,1349.90,1197.00,693.00,829.93
9,1,3,1563.40,1540.91,925.90,1689.84,1009.92,637.00,831.93,789.95,373.50,1349.86,1197.00,693.00,829.90
9,1,4,1563.36,1540.88,925.87,1689.79,1009.89,637.00,831.90,789.93,373.50,1349.81,1197.00,693.00,829.87
9,1,5,1563.33,1540.85,925.84,1689.74,1009.86,637.00,831.88,789.91,373.50,1349.76,1197.00,693.00,829.84
9,1,6,1563.30,1540.82,925.81,1689.69,1009.83,637.00,831.85,789.90,373.50,1349.71,1197.00,693.00,829.80
9,1,7,1563.26,1540.79,925.78,1689.64,1009.80,637.00,831.83,789.88,373.50,1349.66,1197.00,693.00,829.77
9,1,8,1563.23,1540.76,925.74,1689.58,1009.78,637.00,831.80,789.86,373.50,1349.62,1197.00,693.00,829.74
9,1,9,1563.20,1540.73,925.71,1689.53,1009.75,637.00,831.78,789.84,373.50,1349.57,1197.00,693.00,829.70
9,1,10,1563.16,1540.70,925.68,1689.48,1009.72,637.00,831.75,789.83,373.50,1349.52,1197.00,693.00,829.67
9,1,11,1563.13,1540.67,925.65,1689.43,1009.69,637.00,831.73,789.81,373.50,1349.47,1197.00,693.00,829.64
9,1,12,1563.09,1540.64,925.61,1689.38,1009.67,637.00,831.70,789.79,373.50,1349.42,1197.00,693.00,829.61
9,1,13,1563.06,1540.60,925.58,1689.32,1009.64,637.00,831.68,789.77,373.50,1349.38,1197.00,693.00,829.57
9,1,14,1563.03,1540.57,925.55,1689.27,1009.61,637.00,831.66,789.76,373.50,1349.33,1197.00,693.00,829.54
9,1,15,1562.99,1540.54,925.52,1689.22,1009.58,637.00,831.63,789.74,373.50,1349.28,1197.00,693.00,829.51
9,1,16,1562.96,1540.51,925.49,1689.17,1009.55,637.00,831.61,789.72,373.50,1349.23,1197.00,693.00,829.47
9,1,17,1562.93,1540.48,925.45,1689.11,1009.53,637.00,831.58,789.70,373.50,1349.19,1197.00,693.00,829.44
9,1,18,1562.89,1540.45,925.42,1689.06,1009.50,637.00,831.56,789.69,373.50,1349.14,1197.00,693.00,829.41
9,1,19,1562.86,1540.42,925.39,1689.01,1009.47,637.00,831.53,789.67,373.50,1349.09,1197.00,693.00,829.37
9,1,20,1562.82,1540.39,925.36,1688.96,1009.44,637.00,831.51,789.65,373.50,1349.04,1197.00,693.00,829.34
9,1,21,1562.79,1540.36,925.33,1688.91,1009.41,637.00,831.48,789.63,373.50,1348.99,1197.00,693.00,829.31
9,1,22,1562.76,1540.33,925.29,1688.85,1009.39,637.00,831.46,789.62,373.50,1348.95,1197.00,693.00,829.28
9,1,23,1562.72,1540.30,925.26,1688.80,1009.36,637.00,831.43,789.60,373.50,1348.90,1197.00,693.00,829.24
9,1,24,1562.69,1540.27,925.23,1688.75,1009.33,637.00,831.41,789.58,373.50,1348.85,1197.00,693.00,829.21
9,2,1,1562.66,1540.24,925.20,1688.70,1009.30,637.00,831.39,789.56,373.50,1348.80,1197.00,693.00,829.18
9,2,2,1562.62,1540.21,925.17,1688.65,1009.28,637.00,831.36,789.55,373.50,1348.76,1197.00,693.00,829.14
9,2,3,1562.59,1540.18,925.13,1688.59,1009.25,637.00,831.34,789.53,373.50,1348.71,1197.00,693.00,829.11
9,2,4,1562.55,1540.15,925.10,1688.54,1009.22,637.00,831.31,789.51,373.50,1348.66,1197.00,693.00,829.08
9,2,5,1562.52,1540.12,925.07,1688.49,1009.19,637.00,831.29,789.49,373.50,1348.62,1197.00,693.00,829.04
9,2,6,1562.49,1540.09,925.04,1688.44,1009.17,637.00,831.26,789.48,373.50,1348.57,1197.00,693.00,829.01
9,2,7,1562.45,1540.05,925.01,1688.39,1009.14,637.00,831.24,789.46,373.50,1348.52,1197.00,693.00,828.98
9,2,8,1562.42,1540.02,924.97,1688.33,1009.11,637.00,831.21,789.44,373.50,1348.48,1197.00,693.00,828.94
9,2,9,1562.39,1539.99,924.94,1688.28,1009.08,637.00,831.19,789.42,373.50,1348.43,1197.00,693.00,828.91
9,2,10,1562.35,1539.96,924.91,1688.23,1009.06,637.00,831.16,789.40,373.50,1348.38,1197.00,693.00,828.88
9,2,11,1562.32,1539.93,924.88,1688.18,1009.03,637.00,831.14,789.39,373.50,1348.34,1197.00,693.00,828.84
9,2,12,1562.28,1539.90,924.85,1688.12,1009.00,637.00,831.11,789.37,373.50,1348.29,1197.00,693.00,828.81
9,2,13,1562.25,1539.87,924.81,1688.07,1008.97,637.00,831.09,789.35,373.50,1348.24,1197.00,693.00,828.78
9,2,14,1562.22,1539.84,924.78,1688.02,1008.94,637.00,831.07,789.33,373.50,1348.20,1197.00,693.00,828.74
9,2,15,1562.18,1539.81,924.75,1687.97,1008.92,637.00,831.04,789.32,373.50,1348.15,1197.00,693.00,828.71
9,2,16,1562.15,1539.78,924.72,1687.92,1008.89,637.00,831.02,789.30,373.50,1348.10,1197.00,693.00,828.68
9,2,17,1562.12,1539.75,924.68,1687.86,1008.86,637.00,830.99,789.28,373.50,1348.06,1197.00,693.00,828.64
9,2,18,1562.08,1539.72,924.65,1687.81,1008.83,637.00,830.97,789.26,373.50,1348.01,1197.00,693.00,828.61
9,2,19,1562.05,1539.68,924.62,1687.76,1008.81,637.00,830.94,789.25,373.50,1347.96,1197.00,693.00,828.58
9,2,20,1562.01,1539.65,924.59,1687.71,1008.78,637.00,830.92,789.23,373.50,1347.92,1197.00,693.00,828.54
9,2,21,1561.98,1539.62,924.56,1687.66,1008.75,637.00,830.89,789.21,373.50,1347.87,1197.00,693.00,828.51
9,2,22,1561.95,1539.59,924.52,1687.60,1008.72,637.00,830.87,789.19,373.50,1347.82,1197.00,693.00,828.48
9,2,23,1561.91,1539.56,924.49,1687.55,1008.70,637.00,830.84,789.18,373.50,1347.78,1197.00,693.00,828.44
9,2,24,1561.88,1539.53,924.46,1687.50,1008.67,637.00,830.82,789.16,373.50,1347.73,1197.00,693.00,828.41
9,3,1,1561.85,1539.50,924.43,1687.45,1008.64,637.00,830.80,789.14,373.50,1347.69,1197.00,693.00,828.38
9,3,2,1561.81,1539.47,924.40,1687.39,1008.61,637.00,830.77,789.12,373.50,1347.64,1197.00,693.00,828.34
9,3,3,1561.78,1539.44,924.36,1687.34,1008.59,637.00,830.75,789.11,373.50,1347.60,1197.00,693.00,828.31
9,3,4,1561.74,1539.41,924.33,1687.29,1008.56,637.00,830.72,789.09,373.50,1347.55,1197.00,693.00,828.28
9,3,5,1561.71,1539.38,924.30,1687.24,1008.53,637.00,830.69,789.07,373.50,1347.51,1197.00,693.00,828.24
9,3,6,1561.68,1539.35,924.27,1687.18,1008.50,637.00,830.67,789.05,373.50,1347.46,1197.00,693.00,828.21
9,3,7,1561.64,1539.32,924.24,1687.13,1008.47,637.00,830.64,789.04,373.50,1347.42,1197.00,693.00,828.18
9,3,8,1561.61,1539.29,924.20,1687.08,1008.45,637.00,830.62,789.02,373.50,1347.37,1197.00,693.00,828.14
9,3,9,1561.57,1539.26,924.17,1687.03,1008.42,637.00,830.59,789.00,373.50,1347.33,1197.00,693.00,828.11
9,3,10,1561.54,1539.23,924.14,1686.97,1008.39,637.00,830.57,788.98,373.50,1347.28,1197.00,693.00,828.08
9,3,11,1561.50,1539.20,924.11,1686.92,1008.36,637.00,830.54,788.97,373.50,1347.24,1197.00,693.00,828.04
9,3,12,1561.47,1539.17,924.08,1686.87,1008.33,637.00,830.52,788.95,373.50,1347.20,1197.00,693.00,828.01
9,3,13,1561.44,1539.13,924.04,1686.82,1008.31,637.00,830.49,788.93,373.50,1347.15,1197.00,693.00,827.98
9,3,14,1561.40,1539.10,924.01,1686.76,1008.28,637.00,830.47,788.91,373.50,1347.11,1197.00,693.00,827.94
9,3,15,1561.37,1539.07,923.98,1686.71,1008.25,637.00,830.44,788.90,373.50,1347.06,1197.00,693.00,827.91
9,3,16,1561.33,1539.04,923.95,1686.66,1008.22,637.00,830.42,788.88,373.50,1347.02,1197.00,693.00,827.88
9,3,17,1561.30,1539.01,923.91,1686.61,1008.20,637.00,830.39,788.86,373.50,1346.97,1197.00,693.00,827.84
9,3,18,1561.27,1538.98,923.88,1686.55,1008.17,637.00,830.37,788.84,373.50,1346.93,1197.00,693.00,827.81
9,3,19,1561.23,1538.95,923.85,1686.50,1008.14,637.00,830.34,788.83,373.50,1346.88,1197.00,693.00,827.78
9,3,20,1561.20,1538.92,923.82,1686.45,1008.11,637.00,830.32,788.81,373.50,1346.84,1197.00,693.00,827.74
9,3,21,1561.16,1538.89,923.79,1686.40,1008.08,637.00,830.29,788.79,373.50,1346.79,1197.00,693.00,827.71
9,3,22,1561.13,1538.86,923.75,1686.34,1008.06,637.00,830.27,788.77,373.50,1346.75,1197.00,693.00,827.68
9,3,23,1561.09,1538.83,923.72,1686.29,1008.03,637.00,830.24,788.76,373.50,1346.70,1197.00,693.00,827.64
9,3,24,1561.06,1538.80,923.69,1686.24,1008.00,637.00,830.22,788.74,373.50,1346.66,1197.00,693.00,827.61
9,4,1,1561.03,1538.77,923.66,1686.19,1007.97,637.00,830.20,788.72,373.50,1346.61,1197.00,693.00,827.58
9,4,2,1560.99,1538.74,923.63,1686.14,1007.95,637.00,830.17,788.70,373.50,1346.56,1197.00,693.00,827.54
9,4,3,1560.96,1538.71,923.59,1686.08,1007.92,637.00,830.15,788.69,373.50,1346.52,1197.00,693.00,827.51
9,4,4,1560.92,1538.68,923.56,1686.03,1007.89,637.00,830.12,788.67,373.50,1346.47,1197.00,693.00,827.47
9,4,5,1560.89,1538.65,923.53,1685.98,1007.86,637.00,830.10,788.65,373.50,1346.42,1197.00,693.00,827.44
9,4,6,1560.86,1538.62,923.50,1685.93,1007.84,637.00,830.07,788.63,373.50,1346.37,1197.00,693.00,827.41
9,4,7,1560.82,1538.58,923.47,1685.88,1007.81,637.00,830.05,788.61,373.50,1346.32,1197.00,693.00,827.37
9,4,8,1560.79,1538.55,923.43,1685.82,1007.78,637.00,830.02,788.60,373.50,1346.27,1197.00,693.00,827.34
9,4,9,1560.75,1538.52,923.40,1685.77,1007.75,637.00,830.00,788.58,373.50,1346.23,1197.00,693.00,827.31
9,4,10,1560.72,1538.49,923.37,1685.72,1007.73,637.00,829.97,788.56,373.50,1346.18,1197.00,693.00,827.27
9,4,11,1560.68,1538.46,923.34,1685.67,1007.70,637.00,829.95,788.54,373.50,1346.13,1197.00,693.00,827.24
9,4,12,1560.65,1538.43,923.30,1685.61,1007.67,637.00,829.92,788.52,373.50,1346.08,1197.00,693.00,827.20
9,4,13,1560.62,1538.40,923.27,1685.56,1007.64,637.00,829.90,788.51,373.50,1346.03,1197.00,693.00,827.17
9,4,14,1560.58,1538.37,923.24,1685.51,1007.62,637.00,829.88,788.49,373.50,1345.98,1197.00,693.00,827.14
9,4,15,1560.55,1538.34,923.21,1685.46,1007.59,637.00,829.85,788.47,373.50,1345.94,1197.00,693.00,827.10
9,4,16,1560.51,1538.31,923.18,1685.41,1007.56,637.00,829.83,788.45,373.50,1345.89,1197.00,693.00,827.07
9,4,17,1560.48,1538.28,923.14,1685.35,1007.53,637.00,829.80,788.44,373.50,1345.84,1197.00,693.00,827.04
9,4,18,1560.45,1538.25,923.11,1685.30,1007.51,637.00,829.78,788.42,373.50,1345.79,1197.00,693.00,827.00
9,4,19,1560.41,1538.21,923.08,1685.25,1007.48,637.00,829.75,788.40,373.50,1345.74,1197.00,693.00,826.97
9,4,20,1560.38,1538.18,923.05,1685.20,1007.45,637.00,829.73,788.38,373.50,1345.69,1197.00,693.00,826.93
9,4,21,1560.34,1538.15,923.02,1685.15,1007.42,637.00,829.70,788.36,373.50,1345.65,1197.00,693.00,826.90
9,4,22,1560.31,1538.12,922.98,1685.09,1007.40,637.00,829.68,788.35,373.50,1345.60,1197.00,693.00,826.87
9,4,23,1560.27,1538.09,922.95,1685.04,1007.37,637.00,829.65,788.33,373.50,1345.55,1197.00,693.00,826.83
9,4,24,1560.24,1538.06,922.92,1684.99,1007.34,637.00,829.63,788.31,373.50,1345.50,1197.00,693.00,826.80
9,5,1,1560.21,1538.03,922.89,1684.94,1007.31,637.00,829.61,788.29,373.50,1345.45,1197.00,693.00,826.77
9,5,2,1560.17,1538.00,922.85,1684.89,1007.28,637.00,829.58,788.27,373.50,1345.40,1197.00,693.00,826.73
9,5,3,1560.14,1537.97,922.82,1684.83,1007.26,637.00,829.56,788.26,373.50,1345.36,1197.00,693.00,826.70
9,5,4,1560.10,1537.94,922.79,1684.78,1007.23,637.00,829.53,788.24,373.50,1345.31,1197.00,693.00,826.66
9,5,5,1560.07,1537.91,922.76,1684.73,1007.20,637.00,829.51,788.22,373.50,1345.26,1197.00,693.00,826.63
9,5,6,1560.03,1537.88,922.72,1684.68,1007.17,637.00,829.48,788.21,373.50,1345.21,1197.00,693.00,826.60
9,5,7,1560.00,1537.85,922.69,1684.63,1007.14,637.00,829.46,788.19,373.50,1345.16,1197.00,693.00,826.56
9,5,8,1559.96,1537.82,922.66,1684.57,1007.12,637.00,829.43,788.17,373.50,1345.12,1197.00,693.00,826.53
9,5,9,1559.93,1537.79,922.63,1684.52,1007.09,637.00,829.41,788.15,373.50,1345.07,1197.00,693.00,826.50
9,5,10,1559.89,1537.76,922.59,1684.47,1007.06,637.00,829.38,788.14,373.50,1345.02,1197.00,693.00,826.46
9,5,11,1559.86,1537.73,922.56,1684.42,1007.03,637.00,829.36,788.12,373.50,1344.97,1197.00,693.00,826.43
9,5,12,1559.83,1537.70,922.53,1684.36,1007.01,637.00,829.33,788.10,373.50,1344.92,1197.00,693.00,826.39
9,5,13,1559.79,1537.66,922.50,1684.31,1006.98,637.00,829.31,788.08,373.50,1344.88,1197.00,693.00,826.36
9,5,14,1559.76,1537.63,922.47,1684.26,1006.95,637.00,829.29,788.07,373.50,1344.83,1197.00,693.00,826.33
9,5,15,1559.72,1537.60,922.43,1684.21,1006.92,637.00,829.26,788.05,373.50,1344.78,1197.00,693.00,826.29
9,5,16,1559.69,1537.57,922.40,1684.16,1006.89,637.00,829.24,788.03,373.50,1344.73,1197.00,693.00,826.26
9,5,17,1559.65,1537.54,922.37,1684.10,1006.87,637.00,829.21,788.01,373.50,1344.69,1197.00,693.00,826.23
9,5,18,1559.62,1537.51,922.34,1684.05,1006.84,637.00,829.19,788.00,373.50,1344.64,1197.00,693.00,826.19
9,5,19,1559.58,1537.48,922.30,1684.00,1006.81,637.00,829.16,787.98,373.50,1344.59,1197.00,693.00,826.16
9,5,20,1559.55,1537.45,922.27,1683.95,1006.78,637.00,829.14,787.96,373.50,1344.54,1197.00,693.00,826.12
9,5,21,1559.51,1537.42,922.24,1683.90,1006.75,637.00,829.11,787.94,373.50,1344.49,1197.00,693.00,826.09
9,5,22,1559.48,1537.39,922.21,1683.84,1006.73,637.00,829.09,787.93,373.50,1344.45,1197.00,693.00,826.06
9,5,23,1559.44,1537.36,922.17,1683.79,1006.70,637.00,829.06,787.91,373.50,1344.40,1197.00,693.00,826.02
9,5,24,1559.41,1537.33,922.14,1683.74,1006.67,637.00,829.04,787.89,373.50,1344.35,1197.00,693.00,825.99
9,6,1,1559.38,1537.30,922.11,1683.69,1006.64,637.00,829.01,787.87,373.50,1344.30,1197.00,693.00,825.96
9,6,2,1559.34,1537.27,922.08,1683.63,1006.61,637.00,828.99,787.85,373.50,1344.25,1197.00,693.00,825.92
9,6,3,1559.31,1537.24,922.04,1683.58,1006.59,637.00,828.96,787.84,373.50,1344.21,1197.00,693.00,825.89
9,6,4,1559.27,1537.21,922.01,1683.52,1006.56,637.00,828.94,787.82,373.50,1344.16,1197.00,693.00,825.85
9,6,5,1559.24,1537.18,921.98,1683.47,1006.53,637.00,828.91,787.80,373.50,1344.11,1197.00,693.00,825.82
9,6,6,1559.20,1537.15,921.95,1683.41,1006.50,637.00,828.88,787.78,373.50,1344.06,1197.00,693.00,825.79
9,6,7,1559.17,1537.12,921.91,1683.36,1006.48,637.00,828.86,787.76,373.50,1344.01,1197.00,693.00,825.75
9,6,8,1559.13,1537.09,921.88,1683.31,1006.45,637.00,828.83,787.74,373.50,1343.97,1197.00,693.00,825.72
9,6,9,1559.10,1537.06,921.85,1683.25,1006.42,637.00,828.81,787.73,373.50,1343.92,1197.00,693.00,825.69
9,6,10,1559.06,1537.03,921.82,1683.20,1006.39,637.00,828.78,787.71,373.50,1343.87,1197.00,693.00,825.65
9,6,11,1559.03,1537.00,921.78,1683.14,1006.37,637.00,828.76,787.69,373.50,1343.82,1197.00,693.00,825.62
9,6,12,1558.99,1536.97,921.75,1683.09,1006.34,637.00,828.73,787.67,373.50,1343.77,1197.00,693.00,825.58
9,6,13,1558.96,1536.94,921.72,1683.04,1006.31,637.00,828.70,787.65,373.50,1343.73,1197.00,693.00,825.55
9,6,14,1558.93,1536.91,921.68,1682.98,1006.28,637.00,828.68,787.63,373.50,1343.68,1197.00,693.00,825.52
9,6,15,1558.89,1536.88,921.65,1682.93,1006.26,637.00,828.65,787.62,373.50,1343.63,1197.00,693.00,825.48
9,6,16,1558.86,1536.85,921.62,1682.87,1006.23,637.00,828.63,787.60,373.50,1343.58,1197.00,693.00,825.45
9,6,17,1558.82,1536.82,921.59,1682.82,1006.20,637.00,828.60,787.58,373.50,1343.54,1197.00,693.00,825.42
9,6,18,1558.79,1536.79,921.55,1682.76,1006.18,637.00,828.57,787.56,373.50,1343.49,1197.00,693.00,825.38
9,6,19,1558.75,1536.76,921.52,1682.71,1006.15,637.00,828.55,787.54,373.50,1343.44,1197.00,693.00,825.35
9,6,20,1558.72,1536.73,921.49,1682.66,1006.12,637.00,828.52,787.52,373.50,1343.39,1197.00,693.00,825.31
9,6,21,1558.68,1536.70,921.46,1682.60,1006.09,637.00,828.50,787.51,373.50,1343.34,1197.00,693.00,825.28
9,6,22,1558.65,1536.67,921.42,1682.55,1006.07,637.00,828.47,787.49,373.50,1343.30,1197.00,693.00,825.25
9,6,23,1558.61,1536.64,921.39,1682.49,1006.04,637.00,828.45,787.47,373.50,1343.25,1197.00,693.00,825.21
9,6,24,1558.58,1536.61,921.36,1682.44,1006.01,637.00,828.42,787.45,373.50,1343.20,1197.00,693.00,825.18
9,7,1,1558.55,1536.58,921.33,1682.39,1005.98,637.00,828.39,787.43,373.50,1343.15,1197.00,693.00,825.15
9,7,2,1558.51,1536.55,921.29,1682.33,1005.95,637.00,828.37,787.41,373.50,1343.10,1197.00,693.00,825.11
9,7,3,1558.48,1536.52,921.26,1682.28,1005.93,637.00,828.34,787.40,373.50,1343.06,1197.00,693.00,825.08
9,7,4,1558.44,1536.49,921.23,1682.22,1005.90,637.00,828.31,787.38,373.50,1343.01,1197.00,693.00,825.04
9,7,5,1558.41,1536.46,921.20,1682.17,1005.87,637.00,828.29,787.36,373.50,1342.96,1197.00,693.00,825.01
9,7,6,1558.37,1536.43,921.16,1682.12,1005.84,637.00,828.26,787.34,373.50,1342.91,1197.00,693.00,824.97
9,7,7,1558.34,1536.40,921.13,1682.06,1005.81,637.00,828.24,787.32,373.50,1342.86,1197.00,693.00,824.94
9,7,8,1558.30,1536.37,921.10,1682.01,1005.79,637.00,828.21,787.31,373.50,1342.82,1197.00,693.00,824.90
9,7,9,1558.27,1536.34,921.07,1681.96,1005.76,637.00,828.18,787.29,373.50,1342.77,1197.00,693.00,824.87
9,7,10,1558.23,1536.31,921.03,1681.90,1005.73,637.00,828.16,787.27,373.50,1342.72,1197.00,693.00,824.83
9,7,11,1558.20,1536.28,921.00,1681.85,1005.70,637.00,828.13,787.25,373.50,1342.67,1197.00,693.00,824.80
9,7,12,1558.16,1536.26,920.97,1681.79,1005.68,637.00,828.10,787.24,373.50,1342.62,1197.00,693.00,824.76
9,7,13,1558.13,1536.23,920.94,1681.74,1005.65,637.00,828.08,787.22,373.50,1342.58,1197.00,693.00,824.73
9,7,14,1558.10,1536.20,920.91,1681.69,1005.62,637.00,828.05,787.20,373.50,1342.53,1197.00,693.00,824.70
9,7,15,1558.06,1536.17,920.87,1681.63,1005.59,637.00,828.03,787.18,373.50,1342.48,1197.00,693.00,824.66
9,7,16,1558.03,1536.14,920.84,1681.58,1005.56,637.00,828.00,787.16,373.50,1342.43,1197.00,693.00,824.63
9,7,17,1557.99,1536.11,920.81,1681.53,1005.54,637.00,827.97,787.15,373.50,1342.39,1197.00,693.00,824.59
9,7,18,1557.96,1536.08,920.78,1681.47,1005.51,637.00,827.95,787.13,373.50,1342.34,1197.00,693.00,824.56
9,7,19,1557.92,1536.05,920.74,1681.42,1005.48,637.00,827.92,787.11,373.50,1342.29,1197.00,693.00,824.52
9,7,20,1557.89,1536.02,920.71,1681.37,1005.45,637.00,827.89,787.09,373.50,1342.24,1197.00,693.00,824.49
9,7,21,1557.85,1535.99,920.68,1681.31,1005.42,637.00,827.87,787.07,373.50,1342.19,1197.00,693.00,824.45
9,7,22,1557.82,1535.96,920.65,1681.26,1005.40,637.00,827.84,787.06,373.50,1342.15,1197.00,693.00,824.42
9,7,23,1557.78,1535.93,920.61,1681.20,1005.37,637.00,827.82,787.04,373.50,1342.10,1197.00,693.00,824.38
9,7,24,1557.75,1535.90,920.58,1681.15,1005.34,637.00,827.79,787.02,373.50,1342.05,1197.00,693.00,824.35
9,8,1,1557.72,1535.87,920.55,1681.10,1005.31,637.00,827.76,787.00,373.50,1342.00,1197.00,693.00,824.32
9,8,2,1557.68,1535.84,920.51,1681.05,1005.28,637.00,827.74,786.98,373.50,1341.95,1197.00,693.00,824.28
9,8,3,1557.65,1535.81,920.48,1680.99,1005.26,637.00,827.71,786.97,373.50,1341.90,1197.00,693.00,824.25
9,8,4,1557.61,1535.78,920.45,1680.94,1005.23,637.00,827.68,786.95,373.50,1341.86,1197.00,693.00,824.21
9,8,5,1557.58,1535.75,920.42,1680.89,1005.20,637.00,827.66,786.93,373.50,1341.81,1197.00,693.00,824.18
9,8,6,1557.54,1535.72,920.38,1680.84,1005.17,637.00,827.63,786.91,373.50,1341.76,1197.00,693.00,824.14
9,8,7,1557.51,1535.68,920.35,1680.78,1005.14,637.00,827.61,786.89,373.50,1341.71,1197.00,693.00,824.11
9,8,8,1557.47,1535.65,920.32,1680.73,1005.12,637.00,827.58,786.87,373.50,1341.66,1197.00,693.00,824.08
9,8,9,1557.44,1535.62,920.28,1680.68,1005.09,637.00,827.55,786.86,373.50,1341.61,1197.00,693.00,824.04
9,8,10,1557.40,1535.59,920.25,1680.63,1005.06,637.00,827.53,786.84,373.50,1341.56,1197.00,693.00,824.01
9,8,11,1557.37,1535.56,920.22,1680.57,1005.03,637.00,827.50,786.82,373.50,1341.51,1197.00,693.00,823.97
9,8,12,1557.33,1535.53,920.18,1680.52,1005.01,637.00,827.47,786.80,373.50,1341.47,1197.00,693.00,823.94
9,8,13,1557.30,1535.50,920.15,1680.47,1004.98,637.00,827.45,786.78,373.50,1341.42,1197.00,693.00,823.91
9,8,14,1557.26,1535.47,920.12,1680.42,1004.95,637.00,827.42,786.76,373.50,1341.37,1197.00,693.00,823.87
9,8,15,1557.23,1535.44,920.09,1680.36,1004.92,637.00,827.40,786.75,373.50,1341.32,1197.00,693.00,823.84
9,8,16,1557.19,1535.41,920.05,1680.31,1004.89,637.00,827.37,786.73,373.50,1341.27,1197.00,693.00,823.80
9,8,17,1557.16,1535.38,920.02,1680.26,1004.87,637.00,827.34,786.71,373.50,1341.22,1197.00,693.00,823.77
9,8,18,1557.12,1535.35,919.99,1680.21,1004.84,637.00,827.32,786.69,373.50,1341.17,1197.00,693.00,823.74
9,8,19,1557.09,1535.31,919.95,1680.15,1004.81,637.00,827.29,786.67,373.50,1341.12,1197.00,693.00,823.70
9,8,20,1557.05,1535.28,919.92,1680.10,1004.78,637.00,827.26,786.65,373.50,1341.08,1197.00,693.00,823.67
9,8,21,1557.02,1535.25,919.89,1680.05,1004.75,637.00,827.24,786.64,373.50,1341.03,1197.00,693.00,823.63
9,8,22,1556.98,1535.22,919.86,1680.00,1004.73,637.00,827.21,786.62,373.50,1340.98,1197.00,693.00,823.60
9,8,23,1556.95,1535.19,919.82,1679.94,1004.70,637.00,827.19,786.60,373.50,1340.93,1197.00,693.00,823.56
9,8,24,1556.91,1535.16,919.79,1679.89,1004.67,637.00,827.16,786.58,373.50,1340.88,1197.00,693.00,823.53
9,9,1,1556.87,1535.13,919.76,1679.83,1004.64,637.00,827.13,786.56,373.50,1340.83,1197.00,693.00,823.50
9,9,2,1556.84,1535.10,919.72,1679.78,1004.61,637.00,827.11,786.54,373.50,1340.78,1197.00,693.00,823.46
9,9,3,1556.80,1535.07,919.69,1679.72,1004.58,637.00,827.08,786.52,373.50,1340.73,1197.00,693.00,823.43
9,9,4,1556.77,1535.04,919.66,1679.67,1004.55,637.00,827.05,786.51,373.50,1340.68,1197.00,693.00,823.39
9,9,5,1556.73,1535.01,919.63,1679.61,1004.53,637.00,827.02,786.49,373.50,1340.63,1197.00,693.00,823.36
9,9,6,1556.70,1534.98,919.59,1679.56,1004.50,637.00,827.00,786.47,373.50,1340.58,1197.00,693.00,823.32
9,9,7,1556.66,1534.95,919.56,1679.50,1004.47,637.00,826.97,786.45,373.50,1340.53,1197.00,693.00,823.29
9,9,8,1556.63,1534.92,919.53,1679.45,1004.44,637.00,826.94,786.43,373.50,1340.48,1197.00,693.00,823.25
9,9,9,1556.59,1534.89,919.49,1679.39,1004.41,637.00,826.92,786.41,373.50,1340.43,1197.00,693.00,823.22
9,9,10,1556.56,1534.86,919.46,1679.34,1004.38,637.00,826.89,786.39,373.50,1340.38,1197.00,693.00,823.18
9,9,11,1556.52,1534.83,919.43,1679.28,1004.35,637.00,826.86,786.37,373.50,1340.33,1197.00,693.00,823.15
9,9,12,1556.49,1534.80,919.39,1679.23,1004.32,637.00,826.83,786.36,373.50,1340.28,1197.00,693.00,823.11
9,9,13,1556.45,1534.76,919.36,1679.17,1004.30,637.00,826.81,786.34,373.50,1340.22,1197.00,693.00,823.08
9,9,14,1556.41,1534.73,919.33,1679.11,1004.27,637.00,826.78,786.32,373.50,1340.17,1197.00,693.00,823.04
9,9,15,1556.38,1534.70,919.30,1679.06,1004.24,637.00,826.75,786.30,373.50,1340.12,1197.00,693.00,823.01
9,9,16,1556.34,1534.67,919.26,1679.00,1004.21,637.00,826.73,786.28,373.50,1340.07,1197.00,693.00,822.97
9,9,17,1556.31,1534.64,919.23,1678.95,1004.18,637.00,826.70,786.26,373.50,1340.02,1197.00,693.00,822.94
9,9,18,1556.27,1534.61,919.20,1678.89,1004.15,637.00,826.67,786.24,373.50,1339.97,1197.00,693.00,822.90
9,9,19,1556.24,1534.58,919.16,1678.84,1004.12,637.00,826.65,786.22,373.50,1339.92,1197.00,693.00,822.87
9,9,20,1556.20,1534.55,919.13,1678.78,1004.09,637.00,826.62,786.21,373.50,1339.87,1197.00,693.00,822.83
9,9,21,1556.17,1534.52,919.10,1678.73,1004.07,637.00,826.59,786.19,373.50,1339.82,1197.00,693.00,822.80
9,9,22,1556.13,1534.49,919.07,1678.67,1004.04,637.00,826.56,786.17,373.50,1339.77,1197.00,693.00,822.76
9,9,23,1556.10,1534.46,919.03,1678.62,1004.01,637.00,826.54,786.15,373.50,1339.72,1197.00,693.00,822.73
9,9,24,1556.06,1534.43,919.00,1678.56,1003.98,637.00,826.51,786.13,373.50,1339.67,1197.00,693.00,822.69
9,10,1,1556.02,1534.40,918.97,1678.51,1003.95,637.00,826.48,786.11,373.50,1339.62,1197.00,693.00,822.66
9,10,2,1555.99,1534.37,918.93,1678.45,1003.92,637.00,826.45,786.09,373.50,1339.58,1197.00,693.00,822.62
9,10,3,1555.95,1534.34,918.90,1678.40,1003.89,637.00,826.43,786.08,373.50,1339.53,1197.00,693.00,822.58
9,10,4,1555.92,1534.31,918.87,1678.34,1003.86,637.00,826.40,786.06,373.50,1339.48,1197.00,693.00,822.55
9,10,5,1555.88,1534.28,918.84,1678.29,1003.84,637.00,826.37,786.04,373.50,1339.43,1197.00,693.00,822.51
9,10,6,1555.85,1534.25,918.80,1678.23,1003.81,637.00,826.34,786.02,373.50,1339.39,1197.00,693.00,822.48
9,10,7,1555.81,1534.21,918.77,1678.18,1003.78,637.00,826.31,786.00,373.50,1339.34,1197.00,693.00,822.44
9,10,8,1555.78,1534.18,918.74,1678.12,1003.75,637.00,826.29,785.98,373.50,1339.29,1197.00,693.00,822.41
9,10,9,1555.74,1534.15,918.70,1678.07,1003.72,637.00,826.26,785.97,373.50,1339.25,1197.00,693.00,822.37
9,10,10,1555.71,1534.12,918.67,1678.01,1003.69,637.00,826.23,785.95,373.50,1339.20,1197.00,693.00,822.34
9,10,11,1555.67,1534.09,918.64,1677.96,1003.66,637.00,826.20,785.93,373.50,1339.15,1197.00,693.00,822.30
9,10,12,1555.64,1534.06,918.61,1677.91,1003.63,637.00,826.18,785.91,373.50,1339.11,1197.00,693.00,822.27
9,10,13,1555.60,1534.03,918.57,1677.85,1003.61,637.00,826.15,785.89,373.50,1339.06,1197.00,693.00,822.23
9,10,14,1555.56,1534.00,918.54,1677.80,1003.58,637.00,826.12,785.87,373.50,1339.01,1197.00,693.00,822.20
9,10,15,1555.53,1533.97,918.51,1677.74,1003.55,637.00,826.09,785.86,373.50,1338.96,1197.00,693.00,822.16
9,10,16,1555.49,1533.94,918.47,1677.69,1003.52,637.00,826.06,785.84,373.50,1338.92,1197.00,693.00,822.13
9,10,17,1555.46,1533.91,918.44,1677.63,1003.49,637.00,826.04,785.82,373.50,1338.87,1197.00,693.00,822.09
9,10,18,1555.42,1533.87,918.41,1677.58,1003.46,637.00,826.01,785.80,373.50,1338.82,1197.00,693.00,822.06
9,10,19,1555.39,1533.84,918.37,1677.52,1003.43,637.00,825.98,785.78,373.50,1338.78,1197.00,693.00,822.02
9,10,20,1555.35,1533.81,918.34,1677.47,1003.40,637.00,825.95,785.76,373.50,1338.73,1197.00,693.00,821.99
9,10,21,1555.32,1533.78,918.31,1677.41,1003.38,637.00,825.92,785.75,373.50,1338.68,1197.00,693.00,821.95
9,10,22,1555.28,1533.75,918.28,1677.36,1003.35,637.00,825.90,785.73,373.50,1338.63,1197.00,693.00,821.92
9,10,23,1555.25,1533.72,918.24,1677.30,1003.32,637.00,825.87,785.71,373.50,1338.59,1197.00,693.00,821.88
9,10,24,1555.21,1533.69,918.21,1677.25,1003.29,637.00,825.84,785.69,373.50,1338.54,1197.00,693.00,821.85
9,11,1,1555.17,1533.66,918.18,1677.20,1003.26,637.00,825.81,785.67,373.50,1338.49,1197.00,693.00,821.81
9,11,2,1555.14,1533.63,918.14,1677.14,1003.23,637.00,825.78,785.65,373.50,1338.44,1197.00,693.00,821.78
9,11,3,1555.10,1533.60,918.11,1677.09,1003.20,637.00,825.76,785.63,373.50,1338.39,1197.00,693.00,821.74
9,11,4,1555.07,1533.57,918.08,1677.04,1003.17,637.00,825.73,785.61,373.50,1338.34,1197.00,693.00,821.71
9,11,5,1555.03,1533.54,918.04,1676.98,1003.15,637.00,825.70,785.59,373.50,1338.29,1197.00,693.00,821.67
9,11,6,1554.99,1533.51,918.01,1676.93,1003.12,637.00,825.67,785.57,373.50,1338.24,1197.00,693.00,821.64
9,11,7,1554.96,1533.48,917.98,1676.88,1003.09,637.00,825.64,785.56,373.50,1338.19,1197.00,693.00,821.60
9,11,8,1554.92,1533.45,917.94,1676.82,1003.06,637.00,825.62,785.54,373.50,1338.14,1197.00,693.00,821.57
9,11,9,1554.89,1533.42,917.91,1676.77,1003.03,637.00,825.59,785.52,373.50,1338.09,1197.00,693.00,821.53
9,11,10,1554.85,1533.39,917.88,1676.72,1003.00,637.00,825.56,785.50,373.50,1338.04,1197.00,693.00,821.50
9,11,11,1554.82,1533.36,917.84,1676.66,1002.97,637.00,825.53,785.48,373.50,1337.99,1197.00,693.00,821.46
9,11,12,1554.78,1533.32,917.81,1676.61,1002.94,637.00,825.51,785.46,373.50,1337.93,1197.00,693.00,821.43
9,11,13,1554.74,1533.29,917.78,1676.56,1002.92,637.00,825.48,785.44,373.50,1337.88,1197.00,693.00,821.39
9,11,14,1554.71,1533.26,917.74,1676.50,1002.89,637.00,825.45,785.42,373.50,1337.83,1197.00,693.00,821.36
9,11,15,1554.67,1533.23,917.71,1676.45,1002.86,637.00,825.42,785.40,373.50,1337.78,1197.00,693.00,821.32
9,11,16,1554.64,1533.20,917.68,1676.40,1002.83,637.00,825.39,785.38,373.50,1337.73,1197.00,693.00,821.29
9,11,17,1554.60,1533.17,917.64,1676.34,1002.80,637.00,825.37,785.36,373.50,1337.68,1197.00,693.00,821.25
9,11,18,1554.56,1533.14,917.61,1676.29,1002.77,637.00,825.34,785.34,373.50,1337.63,1197.00,693.00,821.22
9,11,19,1554.53,1533.11,917.58,1676.24,1002.74,637.00,825.31,785.33,373.50,1337.58,1197.00,693.00,821.19
9,11,20,1554.49,1533.08,917.54,1676.18,1002.71,637.00,825.28,785.31,373.50,1337.53,1197.00,693.00,821.15
9,11,21,1554.46,1533.05,917.51,1676.13,1002.69,637.00,825.25,785.29,373.50,1337.48,1197.00,693.00,821.12
9,11,22,1554.42,1533.02,917.48,1676.08,1002.66,637.00,825.23,785.27,373.50,1337.43,1197.00,693.00,821.08
9,11,23,1554.39,1532.99,917.44,1676.02,1002.63,637.00,825.20,785.25,373.50,1337.38,1197.00,693.00,821.05
9,11,24,1554.35,1532.96,917.41,1675.97,1002.60,637.00,825.17,785.23,373.50,1337.33,1197.00,693.00,821.01
9,12,1,1554.31,1532.93,917.38,1675.91,1002.57,637.00,825.14,785.21,373.50,1337.28,1197.00,693.00,820.97
9,12,2,1554.28,1532.90,917.34,1675.86,1002.54,637.00,825.11,785.19,373.50,1337.23,1197.00,693.00,820.94
9,12,3,1554.24,1532.87,917.31,1675.80,1002.51,637.00,825.09,785.17,373.50,1337.19,1197.00,693.00,820.90
9,12,4,1554.21,1532.84,917.28,1675.75,1002.48,637.00,825.06,785.15,373.50,1337.14,1197.00,693.00,820.87
9,12,5,1554.17,1532.81,917.25,1675.69,1002.46,637.00,825.03,785.14,373.50,1337.09,1197.00,693.00,820.83
9,12,6,1554.13,1532.77,917.21,1675.64,1002.43,637.00,825.00,785.12,373.50,1337.04,1197.00,693.00,820.80
9,12,7,1554.10,1532.74,917.18,1675.58,1002.40,637.00,824.98,785.10,373.50,1336.99,1197.00,693.00,820.76
9,12,8,1554.06,1532.71,917.15,1675.53,1002.37,637.00,824.95,785.08,373.50,1336.95,1197.00,693.00,820.72
9,12,9,1554.03,1532.68,917.11,1675.47,1002.34,637.00,824.92,785.06,373.50,1336.90,1197.00,693.00,820.69
9,12,10,1553.99,1532.65,917.08,1675.42,1002.31,637.00,824.89,785.04,373.50,1336.85,1197.00,693.00,820.65
9,12,11,1553.96,1532.62,917.05,1675.36,1002.28,637.00,824.87,785.02,373.50,1336.80,1197.00,693.00,820.62
9,12,12,1553.92,1532.59,917.01,1675.30,1002.25,637.00,824.84,785.01,373.50,1336.76,1197.00,693.00,820.58
9,12,13,1553.88,1532.56,916.98,1675.25,1002.23,637.00,824.81,784.99,373.50,1336.71,1197.00,693.00,820.54
9,12,14,1553.85,1532.53,916.95,1675.19,1002.20,637.00,824.78,784.97,373.50,1336.66,1197.00,693.00,820.51
9,12,15,1553.81,1532.50,916.92,1675.14,1002.17,637.00,824.76,784.95,373.50,1336.61,1197.00,693.00,820.47
9,12,16,1553.78,1532.47,916.88,1675.08,1002.14,637.00,824.73,784.93,373.50,1336.56,1197.00,693.00,820.44
9,12,17,1553.74,1532.44,916.85,1675.03,1002.11,637.00,824.70,784.91,373.50,1336.52,1197.00,693.00,820.40
9,12,18,1553.70,1532.40,916.82,1674.97,1002.08,637.00,824.68,784.89,373.50,1336.47,1197.00,693.00,820.37
9,12,19,1553.67,1532.37,916.78,1674.92,1002.05,637.00,824.65,784.87,373.50,1336.42,1197.00,693.00,820.33
9,12,20,1553.63,1532.34,916.75,1674.86,1002.02,637.00,824.62,784.86,373.50,1336.37,1197.00,693.00,820.29
9,12,21,1553.60,1532.31,916.72,1674.81,1002.00,637.00,824.59,784.84,373.50,1336.32,1197.00,693.00,820.26
9,12,22,1553.56,1532.28,916.69,1674.75,1001.97,637.00,824.57,784.82,373.50,1336.28,1197.00,693.00,820.22
9,12,23,1553.53,1532.25,916.65,1674.70,1001.94,637.00,824.54,784.80,373.50,1336.23,1197.00,693.00,820.19
9,12,24,1553.49,1532.22,916.62,1674.64,1001.91,637.00,824.51,784.78,373.50,1336.18,1197.00,693.00,820.15
9,13,1,1553.45,1532.19,916.59,1674.59,1001.88,637.00,824.48,784.76,373.50,1336.13,1197.00,693.00,820.11
9,13,2,1553.42,1532.16,916.55,1674.53,1001.85,637.00,824.45,784.74,373.50,1336.07,1197.00,693.00,820.08
9,13,3,1553.38,1532.13,916.52,1674.48,1001.82,637.00,824.43,784.72,373.50,1336.02,1197.00,693.00,820.04
9,13,4,1553.34,1532.10,916.49,1674.42,1001.79,637.00,824.40,784.70,373.50,1335.97,1197.00,693.00,820.01
9,13,5,1553.31,1532.07,916.45,1674.37,1001.77,637.00,824.37,784.68,373.50,1335.92,1197.00,693.00,819.97
9,13,6,1553.27,1532.04,916.42,1674.31,1001.74,637.00,824.34,784.67,373.50,1335.86,1197.00,693.00,819.94
9,13,7,1553.24,1532.01,916.39,1674.26,1001.71,637.00,824.31,784.65,373.50,1335.81,1197.00,693.00,819.90
9,13,8,1553.20,1531.98,916.35,1674.20,1001.68,637.00,824.29,784.63,373.50,1335.76,1197.00,693.00,819.87
9,13,9,1553.16,1531.95,916.32,1674.15,1001.65,637.00,824.26,784.61,373.50,1335.70,1197.00,693.00,819.83
9,13,10,1553.13,1531.92,916.29,1674.09,1001.62,637.00,824.23,784.59,373.50,1335.65,1197.00,693.00,819.80
9,13,11,1553.09,1531.89,916.25,1674.04,1001.59,637.00,824.20,784.57,373.50,1335.60,1197.00,693.00,819.76
9,13,12,1553.05,1531.85,916.22,1673.98,1001.56,637.00,824.18,784.55,373.50,1335.55,1197.00,693.00,819.73
9,13,13,1553.02,1531.82,916.19,1673.93,1001.54,637.00,824.15,784.53,373.50,1335.49,1197.00,693.00,819.69
9,13,14,1552.98,1531.79,916.15,1673.88,1001.51,637.00,824.12,784.51,373.50,1335.44,1197.00,693.00,819.65
9,13,15,1552.95,1531.76,916.12,1673.82,1001.48,637.00,824.09,784.49,373.50,1335.39,1197.00,693.00,819.62
9,13,16,1552.91,1531.73,916.09,1673.77,1001.45,637.00,824.06,784.47,373.50,1335.33,1197.00,693.00,819.58
9,13,17,1552.87,1531.70,916.05,1673.71,1001.42,637.00,824.04,784.45,373.50,1335.28,1197.00,693.00,819.55
9,13,18,1552.84,1531.67,916.02,1673.66,1001.39,637.00,824.01,784.44,373.50,1335.23,1197.00,693.00,819.51
9,13,19,1552.80,1531.64,915.99,1673.60,1001.36,637.00,823.98,784.42,373.50,1335.17,1197.00,693.00,819.48
9,13,20,1552.76,1531.61,915.95,1673.55,1001.33,637.00,823.95,784.40,373.50,1335.12,1197.00,693.00,819.44
9,13,21,1552.73,1531.58,915.92,1673.49,1001.31,637.00,823.92,784.38,373.50,1335.07,1197.00,693.00,819.41
9,13,22,1552.69,1531.55,915.89,1673.44,1001.28,637.00,823.90,784.36,373.50,1335.02,1197.00,693.00,819.37
9,13,23,1552.66,1531.52,915.85,1673.38,1001.25,637.00,823.87,784.34,373.50,1334.96,1197.00,693.00,819.34
9,13,24,1552.62,1531.49,915.82,1673.33,1001.22,637.00,823.84,784.32,373.50,1334.91,1197.00,693.00,819.30
9,14,1,1552.58,1531.46,915.79,1673.27,1001.19,637.00,823.81,784.30,373.50,1334.86,1197.00,693.00,819.26
9,14,2,1552.55,1531.43,915.75,1673.22,1001.16,637.00,823.79,784.28,373.50,1334.81,1197.00,693.00,819.23
9,14,3,1552.51,1531.40,915.72,1673.16,1001.13,637.00,823.76,784.26,373.50,1334.76,1197.00,693.00,819.19
9,14,4,1552.47,1531.37,915.69,1673.10,1001.11,637.00,823.73,784.24,373.50,1334.71,1197.00,693.00,819.15
9,14,5,1552.44,1531.34,915.65,1673.05,1001.08,637.00,823.70,784.22,373.50,1334.66,1197.00,693.00,819.12
9,14,6,1552.40,1531.30,915.62,1672.99,1001.05,637.00,823.68,784.21,373.50,1334.62,1197.00,693.00,819.08
9,14,7,1552.37,1531.27,915.58,1672.93,1001.02,637.00,823.65,784.19,373.50,1334.57,1197.00,693.00,819.05
9,14,8,1552.33,1531.24,915.55,1672.88,1000.99,637.00,823.62,784.17,373.50,1334.52,1197.00,693.00,819.01
9,14,9,1552.29,1531.21,915.52,1672.82,1000.96,637.00,823.59,784.15,373.50,1334.47,1197.00,693.00,818.97
9,14,10,1552.26,1531.18,915.48,1672.76,1000.94,637.00,823.57,784.13,373.50,1334.42,1197.00,693.00,818.94
9,14,11,1552.22,1531.15,915.45,1672.71,1000.91,637.00,823.54,784.11,373.50,1334.37,1197.00,693.00,818.90
9,14,12,1552.18,1531.12,915.42,1672.65,1000.88,637.00,823.51,784.09,373.50,1334.32,1197.00,693.00,818.86
9,14,13,1552.15,1531.09,915.38,1672.59,1000.85,637.00,823.48,784.07,373.50,1334.27,1197.00,693.00,818.83
9,14,14,1552.11,1531.06,915.35,1672.54,1000.82,637.00,823.46,784.05,373.50,1334.22,1197.00,693.00,818.79
9,14,15,1552.08,1531.03,915.31,1672.48,1000.79,637.00,823.43,784.03,373.50,1334.17,1197.00,693.00,818.76
9,14,16,1552.04,1531.00,915.28,1672.42,1000.77,637.00,823.40,784.01,373.50,1334.12,1197.00,693.00,818.72
9,14,17,1552.00,1530.97,915.25,1672.37,1000.74,637.00,823.37,783.99,373.50,1334.07,1197.00,693.00,818.68
9,14,18,1551.97,1530.93,915.21,1672.31,1000.71,637.00,823.35,783.97,373.50,1334.02,1197.00,693.00,818.65
9,14,19,1551.93,1530.90,915.18,1672.25,1000.68,637.00,823.32,783.96,373.50,1333.98,1197.00,693.00,818.61
9,14,20,1551.89,1530.87,915.15,1672.20,1000.65,637.00,823.29,783.94,373.50,1333.93,1197.00,693.00,818.57
9,14,21,1551.86,1530.84,915.11,1672.14,1000.62,637.00,823.26,783.92,373.50,1333.88,1197.00,693.00,818.54
9,14,22,1551.82,1530.81,915.08,1672.08,1000.60,637.00,823.23,783.90,373.50,1333.83,1197.00,693.00,818.50
9,14,23,1551.79,1530.78,915.04,1672.03,1000.57,637.00,823.21,783.88,373.50,1333.78,1197.00,693.00,818.47
9,14,24,1551.75,1530.75,915.01,1671.97,1000.54,637.00,823.18,783.86,373.50,1333.73,1197.00,693.00,818.43
9,15,1,1551.71,1530.72,914.98,1671.92,1000.51,637.00,823.15,783.84,373.50,1333.68,1197.00,693.00,818.39
9,15,2,1551.68,1530.69,914.94,1671.86,1000.48,637.00,823.12,783.82,373.50,1333.63,1197.00,693.00,818.36
9,15,3,1551.64,1530.66,914.91,1671.81,1000.45,637.00,823.09,783.80,373.50,1333.58,1197.00,693.00,818.32
9,15,4,1551.60,1530.63,914.88,1671.76,1000.42,637.00,823.06,783.78,373.50,1333.52,1197.00,693.00,818.28
9,15,5,1551.57,1530.60,914.84,1671.70,1000.39,637.00,823.03,783.76,373.50,1333.47,1197.00,693.00,818.25
9,15,6,1551.53,1530.57,914.81,1671.65,1000.36,637.00,823.00,783.74,373.50,1333.42,1197.00,693.00,818.21
9,15,7,1551.49,1530.54,914.78,1671.60,1000.34,637.00,822.98,783.72,373.50,1333.37,1197.00,693.00,818.18
9,15,8,1551.46,1530.51,914.74,1671.54,1000.31,637.00,822.95,783.70,373.50,1333.32,1197.00,693.00,818.14
9,15,9,1551.42,1530.48,914.71,1671.49,1000.28,637.00,822.92,783.68,373.50,1333.27,1197.00,693.00,818.10
9,15,10,1551.38,1530.45,914.68,1671.44,1000.25,637.00,822.89,783.66,373.50,1333.22,1197.00,693.00,818.07
9,15,11,1551.35,1530.42,914.64,1671.38,1000.22,637.00,822.86,783.64,373.50,1333.17,1197.00,693.00,818.03
9,15,12,1551.31,1530.39,914.61,1671.33,1000.19,637.00,822.83,783.62,373.50,1333.11,1197.00,693.00,817.99
9,15,13,1551.27,1530.35,914.58,1671.28,1000.16,637.00,822.80,783.61,373.50,1333.06,1197.00,693.00,817.96
9,15,14,1551.24,1530.32,914.54,1671.22,1000.13,637.00,822.77,783.59,373.50,1333.01,1197.00,693.00,817.92
9,15,15,1551.20,1530.29,914.51,1671.17,1000.10,637.00,822.74,783.57,373.50,1332.96,1197.00,693.00,817.89
9,15,16,1551.16,1530.26,914.48,1671.12,1000.07,637.00,822.71,783.55,373.50,1332.91,1197.00,693.00,817.85
9,15,17,1551.13,1530.23,914.44,1671.06,1000.04,637.00,822.68,783.53,373.50,1332.86,1197.00,693.00,817.81
9,15,18,1551.09,1530.20,914.41,1671.01,1000.02,637.00,822.65,783.51,373.50,1332.81,1197.00,693.00,817.78
9,15,19,1551.05,1530.17,914.38,1670.96,999.99,637.00,822.63,783.49,373.50,1332.76,1197.00,693.00,817.74
9,15,20,1551.02,1530.14,914.34,1670.90,999.96,637.00,822.60,783.47,373.50,1332.70,1197.00,693.00,817.70
9,15,21,1550.98,1530.11,914.31,1670.85,999.93,637.00,822.57,783.45,373.50,1332.65,1197.00,693.00,817.67
9,15,22,1550.94,1530.08,914.28,1670.80,999.90,637.00,822.54,783.43,373.50,1332.60,1197.00,693.00,817.63
9,15,23,1550.91,1530.05,914.24,1670.74,999.87,637.00,822.51,783.41,373.50,1332.55,1197.00,693.00,817.60
9,15,24,1550.87,1530.02,914.21,1670.69,999.84,637.00,822.48,783.39,373.50,1332.50,1197.00,693.00,817.56
9,16,1,1550.83,1529.99,914.18,1670.63,999.81,637.00,822.45,783.37,373.50,1332.45,1197.00,693.00,817.52
9,16,2,1550.80,1529.96,914.14,1670.58,999.78,637.00,822.42,783.35,373.50,1332.40,1197.00,693.00,817.49
9,16,3,1550.76,1529.93,914.11,1670.52,999.75,637.00,822.39,783.33,373.50,1332.35,1197.00,693.00,817.45
9,16,4,1550.72,1529.90,914.08,1670.46,999.72,637.00,822.36,783.31,373.50,1332.29,1197.00,693.00,817.41
9,16,5,1550.68,1529.87,914.04,1670.41,999.69,637.00,822.33,783.29,373.50,1332.24,1197.00,693.00,817.38
9,16,6,1550.65,1529.84,914.01,1670.35,999.67,637.00,822.30,783.27,373.50,1332.19,1197.00,693.00,817.34
9,16,7,1550.61,1529.80,913.97,1670.29,999.64,637.00,822.27,783.25,373.50,1332.14,1197.00,693.00,817.30
9,16,8,1550.57,1529.77,913.94,1670.24,999.61,637.00,822.24,783.23,373.50,1332.09,1197.00,693.00,817.27
9,16,9,1550.54,1529.74,913.91,1670.18,999.58,637.00,822.21,783.21,373.50,1332.04,1197.00,693.00,817.23
9,16,10,1550.50,1529.71,913.87,1670.12,999.55,637.00,822.18,783.19,373.50,1331.98,1197.00,693.00,817.19
9,16,11,1550.46,1529.68,913.84,1670.07,999.52,637.00,822.15,783.17,373.50,1331.93,1197.00,693.00,817.16
9,16,12,1550.42,1529.65,913.81,1670.01,999.49,637.00,822.12,783.15,373.50,1331.88,1197.00,693.00,817.12
9,16,13,1550.39,1529.62,913.77,1669.95,999.46,637.00,822.10,783.14,373.50,1331.83,1197.00,693.00,817.08
9,16,14,1550.35,1529.59,913.74,1669.90,999.43,637.00,822.07,783.12,373.50,1331.78,1197.00,693.00,817.05
9,16,15,1550.31,1529.56,913.70,1669.84,999.40,637.00,822.04,783.10,373.50,1331.73,1197.00,693.00,817.01
9,16,16,1550.28,1529.53,913.67,1669.78,999.37,637.00,822.01,783.08,373.50,1331.67,1197.00,693.00,816.97
9,16,17,1550.24,1529.50,913.64,1669.73,999.34,637.00,821.98,783.06,373.50,1331.62,1197.00,693.00,816.94
9,16,18,1550.20,1529.47,913.60,1669.67,999.32,637.00,821.95,783.04,373.50,1331.57,1197.00,693.00,816.90
9,16,19,1550.17,1529.43,913.57,1669.61,999.29,637.00,821.92,783.02,373.50,1331.52,1197.00,693.00,816.86
9,16,20,1550.13,1529.40,913.54,1669.56,999.26,637.00,821.89,783.00,373.50,1331.47,1197.00,693.00,816.83
9,16,21,1550.09,1529.37,913.50,1669.50,999.23,637.00,821.86,782.98,373.50,1331.42,1197.00,693.00,816.79
9,16,22,1550.05,1529.34,913.47,1669.44,999.20,637.00,821.83,782.96,373.50,1331.36,1197.00,693.00,816.75
9,16,23,1550.02,1529.31,913.43,1669.39,999.17,637.00,821.80,782.94,373.50,1331.31,1197.00,693.00,816.72
9,16,24,1549.98,1529.28,913.40,1669.33,999.14,637.00,821.77,782.92,373.50,1331.26,1197.00,693.00,816.68
9,17,1,1549.94,1529.25,913.37,1669.27,999.11,637.00,821.74,782.90,373.50,1331.21,1197.00,693.00,816.64
9,17,2,1549.91,1529.22,913.33,1669.22,999.08,637.00,821.71,782.88,373.50,1331.15,1197.00,693.00,816.61
9,17,3,1549.87,1529.19,913.30,1669.16,999.05,637.00,821.68,782.86,373.50,1331.10,1197.00,693.00,816.57
9,17,4,1549.83,1529.16,913.27,1669.10,999.02,637.00,821.65,782.84,373.50,1331.05,1197.00,693.00,816.53
9,17,5,1549.79,1529.13,913.23,1669.04,998.99,637.00,821.62,782.82,373.50,1330.99,1197.00,693.00,816.49
9,17,6,1549.76,1529.10,913.20,1668.99,998.97,637.00,821.59,782.80,373.50,1330.94,1197.00,693.00,816.46
9,17,7,1549.72,1529.07,913.16,1668.93,998.94,637.00,821.56,782.78,373.50,1330.88,1197.00,693.00,816.42
9,17,8,1549.68,1529.04,913.13,1668.87,998.91,637.00,821.53,782.76,373.50,1330.83,1197.00,693.00,816.38
9,17,9,1549.65,1529.01,913.10,1668.82,998.88,637.00,821.50,782.74,373.50,1330.78,1197.00,693.00,816.35
9,17,10,1549.61,1528.98,913.06,1668.76,998.85,637.00,821.47,782.72,373.50,1330.72,1197.00,693.00,816.31
9,17,11,1549.57,1528.95,913.03,1668.70,998.82,637.00,821.44,782.70,373.50,1330.67,1197.00,693.00,816.27
9,17,12,1549.53,1528.92,913.00,1668.64,998.79,637.00,821.42,782.68,373.50,1330.61,1197.00,693.00,816.23
9,17,13,1549.50,1528.90,912.96,1668.59,998.76,637.00,821.39,782.66,373.50,1330.56,1197.00,693.00,816.20
9,17,14,1549.46,1528.87,912.93,1668.53,998.73,637.00,821.36,782.64,373.50,1330.51,1197.00,693.00,816.16
9,17,15,1549.42,1528.84,912.89,1668.47,998.70,637.00,821.33,782.62,373.50,1330.45,1197.00,693.00,816.12
9,17,16,1549.39,1528.81,912.86,1668.42,998.67,637.00,821.30,782.60,373.50,1330.40,1197.00,693.00,816.09
9,17,17,1549.35,1528.78,912.83,1668.36,998.64,637.00,821.27,782.58,373.50,1330.35,1197.00,693.00,816.05
9,17,18,1549.31,1528.75,912.79,1668.30,998.62,637.00,821.24,782.56,373.50,1330.29,1197.00,693.00,816.01
9,17,19,1549.28,1528.72,912.76,1668.25,998.59,637.00,821.21,782.54,373.50,1330.24,1197.00,693.00,815.98
9,17,20,1549.24,1528.69,912.73,1668.19,998.56,637.00,821.18,782.52,373.50,1330.18,1197.00,693.00,815.94
9,17,21,1549.20,1528.66,912.69,1668.13,998.53,637.00,821.15,782.50,373.50,1330.13,1197.00,693.00,815.90
9,17,22,1549.16,1528.63,912.66,1668.07,998.50,637.00,821.12,782.48,373.50,1330.08,1197.00,693.00,815.86
9,17,23,1549.13,1528.60,912.62,1668.02,998.47,637.00,821.09,782.46,373.50,1330.02,1197.00,693.00,815.83
9,17,24,1549.09,1528.57,912.59,1667.96,998.44,637.00,821.06,782.44,373.50,1329.97,1197.00,693.00,815.79
9,18,1,1549.05,1528.54,912.56,1667.90,998.41,637.00,821.03,782.42,373.50,1329.92,1197.00,693.00,815.75
9,18,2,1549.01,1528.51,912.52,1667.85,998.38,637.00,821.00,782.40,373.50,1329.86,1197.00,693.00,815.72
9,18,3,1548.98,1528.48,912.49,1667.79,998.35,637.00,820.96,782.38,373.50,1329.81,1197.00,693.00,815.68
9,18,4,1548.94,1528.45,912.46,1667.73,998.32,637.00,820.93,782.36,373.50,1329.76,1197.00,693.00,815.64
9,18,5,1548.90,1528.42,912.42,1667.67,998.29,637.00,820.90,782.34,373.50,1329.71,1197.00,693.00,815.60
9,18,6,1548.86,1528.39,912.39,1667.62,998.26,637.00,820.87,782.32,373.50,1329.65,1197.00,693.00,815.57
9,18,7,1548.83,1528.36,912.35,1667.56,998.24,637.00,820.84,782.30,373.50,1329.60,1197.00,693.00,815.53
9,18,8,1548.79,1528.33,912.32,1667.50,998.21,637.00,820.81,782.28,373.50,1329.55,1197.00,693.00,815.49
9,18,9,1548.75,1528.30,912.29,1667.45,998.18,637.00,820.77,782.26,373.50,1329.50,1197.00,693.00,815.46
9,18,10,1548.71,1528.27,912.25,1667.39,998.15,637.00,820.74,782.24,373.50,1329.44,1197.00,693.00,815.42
9,18,11,1548.68,1528.24,912.22,1667.33,998.12,637.00,820.71,782.22,373.50,1329.39,1197.00,693.00,815.38
9,18,12,1548.64,1528.21,912.19,1667.27,998.09,637.00,820.68,782.20,373.50,1329.34,1197.00,693.00,815.35
9,18,13,1548.60,1528.18,912.15,1667.22,998.06,637.00,820.65,782.18,373.50,1329.29,1197.00,693.00,815.31
9,18,14,1548.56,1528.15,912.12,1667.16,998.03,637.00,820.62,782.16,373.50,1329.23,1197.00,693.00,815.27
9,18,15,1548.53,1528.12,912.08,1667.10,998.00,637.00,820.58,782.14,373.50,1329.18,1197.00,693.00,815.23
9,18,16,1548.49,1528.09,912.05,1667.05,997.97,637.00,820.55,782.12,373.50,1329.13,1197.00,693.00,815.20
9,18,17,1548.45,1528.06,912.02,1666.99,997.94,637.00,820.52,782.10,373.50,1329.08,1197.00,693.00,815.16
9,18,18,1548.41,1528.03,911.98,1666.93,997.91,637.00,820.49,782.08,373.50,1329.02,1197.00,693.00,815.12
9,18,19,1548.38,1528.00,911.95,1666.88,997.89,637.00,820.46,782.06,373.50,1328.97,1197.00,693.00,815.09
9,18,20,1548.34,1527.97,911.92,1666.82,997.86,637.00,820.43,782.04,373.50,1328.92,1197.00,693.00,815.05
9,18,21,1548.30,1527.94,911.88,1666.76,997.83,637.00,820.39,782.02,373.50,1328.87,1197.00,693.00,815.01
9,18,22,1548.26,1527.91,911.85,1666.70,997.80,637.00,820.36,782.00,373.50,1328.81,1197.00,693.00,814.97
9,18,23,1548.23,1527.88,911.81,1666.65,997.77,637.00,820.33,781.98,373.50,1328.76,1197.00,693.00,814.94
9,18,24,1548.19,1527.85,911.78,1666.59,997.74,637.00,820.30,781.96,373.50,1328.71,1197.00,693.00,814.90
9,19,1,1548.15,1527.82,911.75,1666.53,997.71,637.00,820.27,781.94,373.50,1328.66,1197.00,693.00,814.86
9,19,2,1548.11,1527.79,911.71,1666.48,997.68,637.00,820.24,781.92,373.50,1328.61,1197.00,693.00,814.82
9,19,3,1548.08,1527.76,911.68,1666.42,997.65,637.00,820.20,781.90,373.50,1328.56,1197.00,693.00,814.79
9,19,4,1548.04,1527.73,911.64,1666.36,997.62,637.00,820.17,781.88,373.50,1328.51,1197.00,693.00,814.75
9,19,5,1548.00,1527.70,911.61,1666.31,997.59,637.00,820.14,781.86,373.50,1328.46,1197.00,693.00,814.71
9,19,6,1547.96,1527.67,911.58,1666.25,997.56,637.00,820.11,781.84,373.50,1328.41,1197.00,693.00,814.67
9,19,7,1547.93,1527.64,911.54,1666.19,997.54,637.00,820.08,781.82,373.50,1328.36,1197.00,693.00,814.63
9,19,8,1547.89,1527.61,911.51,1666.14,997.51,637.00,820.05,781.80,373.50,1328.31,1197.00,693.00,814.60
9,19,9,1547.85,1527.58,911.47,1666.08,997.48,637.00,820.01,781.78,373.50,1328.26,1197.00,693.00,814.56
9,19,10,1547.81,1527.55,911.44,1666.02,997.45,637.00,819.98,781.76,373.50,1328.21,1197.00,693.00,814.52
9,19,11,1547.78,1527.52,911.40,1665.97,997.42,637.00,819.95,781.74,373.50,1328.16,1197.00,693.00,814.48
9,19,12,1547.74,1527.48,911.37,1665.91,997.39,637.00,819.92,781.71,373.50,1328.10,1197.00,693.00,814.45
9,19,13,1547.70,1527.45,911.34,1665.85,997.36,637.00,819.89,781.69,373.50,1328.05,1197.00,693.00,814.41
9,19,14,1547.66,1527.42,911.30,1665.80,997.33,637.00,819.86,781.67,373.50,1328.00,1197.00,693.00,814.37
9,19,15,1547.63,1527.39,911.27,1665.74,997.30,637.00,819.82,781.65,373.50,1327.95,1197.00,693.00,814.33
9,19,16,1547.59,1527.36,911.23,1665.68,997.27,637.00,819.79,781.63,373.50,1327.90,1197.00,693.00,814.29
9,19,17,1547.55,1527.33,911.20,1665.63,997.24,637.00,819.76,781.61,373.50,1327.85,1197.00,693.00,814.26
9,19,18,1547.52,1527.30,911.17,1665.57,997.21,637.00,819.73,781.59,373.50,1327.80,1197.00,693.00,814.22
9,19,19,1547.48,1527.27,911.13,1665.51,997.19,637.00,819.70,781.57,373.50,1327.75,1197.00,693.00,814.18
9,19,20,1547.44,1527.24,911.10,1665.46,997.16,637.00,819.67,781.55,373.50,1327.70,1197.00,693.00,814.14
9,19,21,1547.40,1527.21,911.06,1665.40,997.13,637.00,819.63,781.53,373.50,1327.65,1197.00,693.00,814.10
9,19,22,1547.37,1527.18,911.03,1665.34,997.10,637.00,819.60,781.51,373.50,1327.60,1197.00,693.00,814.07
9,19,23,1547.33,1527.15,910.99,1665.29,997.07,637.00,819.57,781.49,373.50,1327.55,1197.00,693.00,814.03
9,19,24,1547.29,1527.12,910.96,1665.23,997.04,637.00,819.54,781.47,373.50,1327.50,1197.00,693.00,813.99
9,20,1,1547.25,1527.09,910.93,1665.17,997.01,637.00,819.51,781.45,373.49,1327.45,1197.00,693.00,813.95
9,20,2,1547.21,1527.06,910.89,1665.12,996.98,637.00,819.48,781.43,373.48,1327.39,1197.00,693.00,813.91
9,20,3,1547.18,1527.03,910.86,1665.06,996.95,637.00,819.44,781.41,373.48,1327.34,1197.00,693.00,813.88
9,20,4,1547.14,1527.00,910.82,1665.00,996.92,637.00,819.41,781.39,373.47,1327.28,1197.00,693.00,813.84
9,20,5,1547.10,1526.97,910.79,1664.94,996.89,637.00,819.38,781.37,373.46,1327.23,1197.00,693.00,813.80
9,20,6,1547.06,1526.94,910.76,1664.89,996.86,637.00,819.35,781.35,373.45,1327.17,1197.00,693.00,813.76
9,20,7,1547.02,1526.91,910.72,1664.83,996.84,637.00,819.32,781.33,373.44,1327.12,1197.00,693.00,813.72
9,20,8,1546.99,1526.88,910.69,1664.77,996.81,637.00,819.29,781.31,373.44,1327.07,1197.00,693.00,813.69
9,20,9,1546.95,1526.85,910.65,1664.72,996.78,637.00,819.25,781.29,373.43,1327.01,1197.00,693.00,813.65
9,20,10,1546.91,1526.82,910.62,1664.66,996.75,637.00,819.22,781.27,373.42,1326.96,1197.00,693.00,813.61
9,20,11,1546.87,1526.79,910.58,1664.60,996.72,637.00,819.19,781.25,373.41,1326.90,1197.00,693.00,813.57
9,20,12,1546.84,1526.76,910.55,1664.54,996.69,637.00,819.16,781.22,373.40,1326.85,1197.00,693.00,813.54
9,20,13,1546.80,1526.72,910.52,1664.49,996.66,637.00,819.13,781.20,373.40,1326.80,1197.00,693.00,813.50
9,20,14,1546.76,1526.69,910.48,1664.43,996.63,637.00,819.10,781.18,373.39,1326.74,1197.00,693.00,813.46
9,20,15,1546.72,1526.66,910.45,1664.37,996.60,637.00,819.07,781.16,373.38,1326.69,1197.00,693.00,813.42
9,20,16,1546.68,1526.63,910.41,1664.32,996.57,637.00,819.03,781.14,373.37,1326.63,1197.00,693.00,813.38
9,20,17,1546.65,1526.60,910.38,1664.26,996.54,637.00,819.00,781.12,373.37,1326.58,1197.00,693.00,813.35
9,20,18,1546.61,1526.57,910.35,1664.20,996.52,637.00,818.97,781.10,373.36,1326.52,1197.00,693.00,813.31
9,20,19,1546.57,1526.54,910.31,1664.15,996.49,637.00,818.94,781.08,373.35,1326.47,1197.00,693.00,813.27
9,20,20,1546.53,1526.51,910.28,1664.09,996.46,637.00,818.91,781.06,373.34,1326.42,1197.00,693.00,813.23
9,20,21,1546.49,1526.48,910.24,1664.03,996.43,637.00,818.88,781.04,373.33,1326.36,1197.00,693.00,813.19
9,20,22,1546.46,1526.45,910.21,1663.97,996.40,637.00,818.84,781.02,373.33,1326.31,1197.00,693.00,813.16
9,20,23,1546.42,1526.42,910.17,1663.92,996.37,637.00,818.81,781.00,373.32,1326.25,1197.00,693.00,813.12
9,20,24,1546.38,1526.39,910.14,1663.86,996.34,637.00,818.78,780.98,373.31,1326.20,1197.00,693.00,813.08
9,21,1,1546.34,1526.36,910.11,1663.80,996.31,637.00,818.75,780.96,373.30,1326.15,1197.00,693.00,813.04
9,21,2,1546.30,1526.33,910.07,1663.75,996.28,637.00,818.72,780.94,373.29,1326.09,1197.00,693.00,813.00
9,21,3,1546.26,1526.31,910.04,1663.69,996.25,637.00,818.69,780.92,373.28,1326.04,1197.00,693.00,812.97
9,21,4,1546.23,1526.28,910.00,1663.63,996.22,637.00,818.65,780.90,373.28,1325.98,1197.00,693.00,812.93
9,21,5,1546.19,1526.25,909.97,1663.58,996.19,637.00,818.62,780.88,373.27,1325.93,1197.00,693.00,812.89
9,21,6,1546.15,1526.22,909.94,1663.52,996.17,637.00,818.59,780.86,373.26,1325.88,1197.00,693.00,812.85
9,21,7,1546.11,1526.19,909.90,1663.46,996.14,637.00,818.56,780.84,373.25,1325.82,1197.00,693.00,812.81
9,21,8,1546.07,1526.16,909.87,1663.41,996.11,637.00,818.53,780.82,373.24,1325.77,1197.00,693.00,812.77
9,21,9,1546.03,1526.13,909.83,1663.35,996.08,637.00,818.50,780.80,373.23,1325.72,1197.00,693.00,812.74
9,21,10,1546.00,1526.11,909.80,1663.29,996.05,637.00,818.46,780.78,373.23,1325.66,1197.00,693.00,812.70
9,21,11,1545.96,1526.08,909.76,1663.24,996.02,637.00,818.43,780.76,373.22,1325.61,1197.00,693.00,812.66
9,21,12,1545.92,1526.05,909.73,1663.18,995.99,637.00,818.40,780.73,373.21,1325.55,1197.00,693.00,812.62
9,21,13,1545.88,1526.02,909.70,1663.12,995.96,637.00,818.37,780.71,373.20,1325.50,1197.00,693.00,812.58
9,21,14,1545.84,1525.99,909.66,1663.07,995.93,637.00,818.34,780.69,373.19,1325.45,1197.00,693.00,812.54
9,21,15,1545.80,1525.96,909.63,1663.01,995.90,637.00,818.31,780.67,373.18,1325.39,1197.00,693.00,812.50
9,21,16,1545.77,1525.94,909.59,1662.95,995.87,637.00,818.27,780.65,373.18,1325.34,1197.00,693.00,812.47
9,21,17,1545.73,1525.91,909.56,1662.90,995.84,637.00,818.24,780.63,373.17,1325.29,1197.00,693.00,812.43
9,21,18,1545.69,1525.88,909.53,1662.84,995.82,637.00,818.21,780.61,373.16,1325.23,1197.00,693.00,812.39
9,21,19,1545.65,1525.85,909.49,1662.78,995.79,637.00,818.18,780.59,373.15,1325.18,1197.00,693.00,812.35
9,21,20,1545.61,1525.82,909.46,1662.73,995.76,637.00,818.15,780.57,373.14,1325.13,1197.00,693.00,812.31
9,21,21,1545.57,1525.79,909.42,1662.67,995.73,637.00,818.12,780.55,373.13,1325.07,1197.00,693.00,812.27
9,21,22,1545.54,1525.77,909.39,1662.61,995.70,637.00,818.08,780.53,373.13,1325.02,1197.00,693.00,812.24
9,21,23,1545.50,1525.74,909.35,1662.56,995.67,637.00,818.05,780.51,373.12,1324.96,1197.00,693.00,812.20
9,21,24,1545.46,1525.71,909.32,1662.50,995.64,637.00,818.02,780.49,373.11,1324.91,1197.00,693.00,812.16
9,22,1,1545.42,1525.68,909.29,1662.44,995.61,637.00,817.99,780.47,373.10,1324.85,1197.00,693.00,812.12
9,22,2,1545.38,1525.66,909.25,1662.39,995.58,637.00,817.96,780.45,373.09,1324.80,1197.00,693.00,812.08
9,22,3,1545.34,1525.63,909.22,1662.33,995.55,637.00,817.93,780.43,373.08,1324.74,1197.00,693.00,812.04
9,22,4,1545.31,1525.61,909.18,1662.27,995.52,637.00,817.89,780.41,373.08,1324.69,1197.00,693.00,812.00
9,22,5,1545.27,1525.58,909.15,1662.21,995.49,637.00,817.86,780.39,373.07,1324.63,1197.00,693.00,811.97
9,22,6,1545.23,1525.56,909.11,1662.16,995.47,637.00,817.83,780.36,373.06,1324.57,1197.00,693.00,811.93
9,22,7,1545.19,1525.53,909.08,1662.10,995.44,637.00,817.80,780.34,373.05,1324.52,1197.00,693.00,811.89
9,22,8,1545.15,1525.51,909.04,1662.04,995.41,637.00,817.77,780.32,373.04,1324.46,1197.00,693.00,811.85
9,22,9,1545.11,1525.48,909.01,1661.99,995.38,637.00,817.74,780.30,373.03,1324.40,1197.00,693.00,811.81
9,22,10,1545.08,1525.46,908.97,1661.93,995.35,637.00,817.70,780.28,373.03,1324.35,1197.00,693.00,811.77
9,22,11,1545.04,1525.43,908.94,1661.87,995.32,637.00,817.67,780.26,373.02,1324.29,1197.00,693.00,811.73
9,22,12,1545.00,1525.40,908.90,1661.82,995.29,637.00,817.64,780.24,373.01,1324.24,1197.00,693.00,811.69
9,22,13,1544.96,1525.38,908.87,1661.76,995.26,637.00,817.61,780.22,373.00,1324.18,1197.00,693.00,811.66
9,22,14,1544.92,1525.35,908.84,1661.70,995.23,637.00,817.58,780.20,372.99,1324.12,1197.00,693.00,811.62
9,22,15,1544.89,1525.33,908.80,1661.64,995.20,637.00,817.55,780.18,372.98,1324.07,1197.00,693.00,811.58
9,22,16,1544.85,1525.30,908.77,1661.59,995.17,637.00,817.51,780.16,372.98,1324.01,1197.00,693.00,811.54
9,22,17,1544.81,1525.28,908.73,1661.53,995.14,637.00,817.48,780.14,372.97,1323.95,1197.00,693.00,811.50
9,22,18,1544.77,1525.25,908.70,1661.47,995.12,637.00,817.45,780.11,372.96,1323.90,1197.00,693.00,811.46
9,22,19,1544.73,1525.23,908.66,1661.42,995.09,637.00,817.42,780.09,372.95,1323.84,1197.00,693.00,811.42
9,22,20,1544.69,1525.20,908.63,1661.36,995.06,637.00,817.39,780.07,372.94,1323.79,1197.00,693.00,811.38
9,22,21,1544.66,1525.18,908.59,1661.30,995.03,637.00,817.36,780.05,372.94,1323.73,1197.00,693.00,811.35
9,22,22,1544.62,1525.15,908.56,1661.24,995.00,637.00,817.32,780.03,372.93,1323.67,1197.00,693.00,811.31
9,22,23,1544.58,1525.13,908.52,1661.19,994.97,637.00,817.29,780.01,372.92,1323.62,1197.00,693.00,811.27
9,22,24,1544.54,1525.10,908.49,1661.13,994.94,637.00,817.26,779.99,372.91,1323.56,1197.00,693.00,811.23
9,23,1,1544.50,1525.06,908.46,1661.07,994.91,637.00,817.23,779.97,372.90,1323.50,1197.00,693.00,811.19
9,23,2,1544.46,1525.03,908.42,1661.02,994.88,637.00,817.20,779.95,372.89,1323.45,1197.00,693.00,811.15
9,23,3,1544.42,1524.99,908.39,1660.96,994.85,637.00,817.16,779.93,372.89,1323.39,1197.00,693.00,811.11
9,23,4,1544.39,1524.95,908.35,1660.90,994.82,637.00,817.13,779.90,372.88,1323.33,1197.00,693.00,811.07
9,23,5,1544.35,1524.92,908.32,1660.84,994.79,637.00,817.10,779.88,372.87,1323.27,1197.00,693.00,811.03
9,23,6,1544.31,1524.88,908.28,1660.79,994.76,637.00,817.07,779.86,372.86,1323.22,1197.00,693.00,810.99
9,23,7,1544.27,1524.85,908.25,1660.73,994.73,637.00,817.04,779.84,372.85,1323.16,1197.00,693.00,810.96
9,23,8,1544.23,1524.81,908.21,1660.67,994.70,637.00,817.00,779.82,372.85,1323.10,1197.00,693.00,810.92
9,23,9,1544.19,1524.77,908.18,1660.62,994.67,637.00,816.97,779.80,372.84,1323.05,1197.00,693.00,810.88
9,23,10,1544.15,1524.74,908.14,1660.56,994.64,637.00,816.94,779.78,372.83,1322.99,1197.00,693.00,810.84
9,23,11,1544.11,1524.70,908.11,1660.50,994.61,637.00,816.91,779.76,372.82,1322.93,1197.00,693.00,810.80
9,23,12,1544.08,1524.66,908.07,1660.45,994.58,637.00,816.88,779.73,372.82,1322.88,1197.00,693.00,810.76
9,23,13,1544.04,1524.63,908.04,1660.39,994.55,637.00,816.84,779.71,372.81,1322.82,1197.00,693.00,810.72
9,23,14,1544.00,1524.59,908.01,1660.33,994.52,637.00,816.81,779.69,372.80,1322.76,1197.00,693.00,810.68
9,23,15,1543.96,1524.56,907.97,1660.27,994.49,637.00,816.78,779.67,372.79,1322.70,1197.00,693.00,810.64
9,23,16,1543.92,1524.52,907.94,1660.22,994.46,637.00,816.75,779.65,372.78,1322.65,1197.00,693.00,810.60
9,23,17,1543.88,1524.48,907.90,1660.16,994.43,637.00,816.71,779.63,372.78,1322.59,1197.00,693.00,810.56
9,23,18,1543.84,1524.45,907.87,1660.10,994.40,637.00,816.68,779.61,372.77,1322.53,1197.00,693.00,810.52
9,23,19,1543.80,1524.41,907.83,1660.05,994.37,637.00,816.65,779.59,372.76,1322.48,1197.00,693.00,810.49
9,23,20,1543.76,1524.37,907.80,1659.99,994.34,637.00,816.62,779.56,372.75,1322.42,1197.00,693.00,810.45
9,23,21,1543.73,1524.34,907.76,1659.93,994.31,637.00,816.59,779.54,372.74,1322.36,1197.00,693.00,810.41
9,23,22,1543.69,1524.30,907.73,1659.87,994.28,637.00,816.55,779.52,372.74,1322.30,1197.00,693.00,810.37
9,23,23,1543.65,1524.27,907.69,1659.82,994.25,637.00,816.52,779.50,372.73,1322.25,1197.00,693.00,810.33
9,23,24,1543.61,1524.23,907.66,1659.76,994.22,637.00,816.49,779.48,372.72,1322.19,1197.00,693.00,810.29
9,24,1,1543.57,1524.20,907.63,1659.70,994.19,637.00,816.46,779.46,372.71,1322.14,1197.00,693.00,810.25
9,24,2,1543.53,1524.16,907.59,1659.64,994.16,637.00,816.42,779.44,372.70,1322.08,1197.00,693.00,810.21
9,24,3,1543.49,1524.13,907.56,1659.58,994.13,637.00,816.39,779.42,372.69,1322.03,1197.00,693.00,810.17
9,24,4,1543.45,1524.10,907.52,1659.52,994.10,637.00,816.36,779.39,372.69,1321.97,1197.00,693.00,810.13
9,24,5,1543.42,1524.07,907.49,1659.46,994.07,637.00,816.33,779.37,372.68,1321.92,1197.00,693.00,810.09
9,24,6,1543.38,1524.03,907.45,1659.40,994.04,637.00,816.29,779.35,372.67,1321.86,1197.00,693.00,810.05
9,24,7,1543.34,1524.00,907.42,1659.35,994.01,637.00,816.26,779.33,372.66,1321.81,1197.00,693.00,810.01
9,24,8,1543.30,1523.97,907.38,1659.29,993.98,637.00,816.23,779.31,372.65,1321.76,1197.00,693.00,809.97
9,24,9,1543.26,1523.94,907.35,1659.23,993.95,637.00,816.20,779.29,372.64,1321.70,1197.00,693.00,809.93
9,24,10,1543.22,1523.90,907.31,1659.17,993.92,637.00,816.17,779.27,372.64,1321.65,1197.00,693.00,809.89
9,24,11,1543.18,1523.87,907.28,1659.11,993.89,637.00,816.13,779.25,372.63,1321.59,1197.00,693.00,809.85
9,24,12,1543.15,1523.84,907.24,1659.05,993.85,637.00,816.10,779.22,372.62,1321.54,1197.00,693.00,809.81
9,24,13,1543.11,1523.81,907.21,1658.99,993.82,637.00,816.07,779.20,372.61,1321.49,1197.00,693.00,809.77
9,24,14,1543.07,1523.77,907.18,1658.93,993.79,637.00,816.04,779.18,372.60,1321.43,1197.00,693.00,809.73
9,24,15,1543.03,1523.74,907.14,1658.87,993.76,637.00,816.00,779.16,372.59,1321.38,1197.00,693.00,809.69
9,24,16,1542.99,1523.71,907.11,1658.81,993.73,637.00,815.97,779.14,372.59,1321.32,1197.00,693.00,809.65
9,24,17,1542.95,1523.68,907.07,1658.75,993.70,637.00,815.94,779.12,372.58,1321.27,1197.00,693.00,809.61
9,24,18,1542.91,1523.64,907.04,1658.69,993.67,637.00,815.91,779.10,372.57,1321.21,1197.00,693.00,809.57
9,24,19,1542.87,1523.61,907.00,1658.64,993.64,637.00,815.87,779.08,372.56,1321.16,1197.00,693.00,809.53
9,24,20,1542.84,1523.58,906.97,1658.58,993.61,637.00,815.84,779.05,372.55,1321.11,1197.00,693.00,809.49
9,24,21,1542.80,1523.55,906.93,1658.52,993.58,637.00,815.81,779.03,372.54,1321.05,1197.00,693.00,809.45
9,24,22,1542.76,1523.51,906.90,1658.46,993.55,637.00,815.78,779.01,372.54,1321.00,1197.00,693.00,809.41
9,24,23,1542.72,1523.48,906.86,1658.40,993.52,637.00,815.74,778.99,372.53,1320.94,1197.00,693.00,809.37
9,24,24,1542.68,1523.45,906.83,1658.34,993.49,637.00,815.71,778.97,372.52,1320.89,1197.00,693.00,809.33
9,25,1,1542.64,1523.42,906.80,1658.28,993.46,637.00,815.68,778.95,372.51,1320.83,1197.00,693.00,809.29
9,25,2,1542.60,1523.39,906.76,1658.22,993.43,637.00,815.64,778.93,372.50,1320.78,1197.00,693.00,809.25
9,25,3,1542.56,1523.36,906.73,1658.16,993.40,637.00,815.61,778.90,372.49,1320.72,1197.00,693.00,809.21
9,25,4,1542.52,1523.33,906.69,1658.11,993.37,637.00,815.57,778.88,372.49,1320.67,1197.00,693.00,809.17
9,25,5,1542.48,1523.30,906.66,1658.05,993.34,637.00,815.54,778.86,372.48,1320.61,1197.00,693.00,809.13
9,25,6,1542.45,1523.26,906.62,1657.99,993.31,637.00,815.51,778.84,372.47,1320.55,1197.00,693.00,809.09
9,25,7,1542.41,1523.23,906.59,1657.93,993.28,637.00,815.47,778.82,372.46,1320.50,1197.00,693.00,809.05
9,25,8,1542.37,1523.20,906.55,1657.87,993.25,637.00,815.44,778.80,372.45,1320.44,1197.00,693.00,809.01
9,25,9,1542.33,1523.17,906.52,1657.81,993.22,637.00,815.40,778.77,372.44,1320.38,1197.00,693.00,808.97
9,25,10,1542.29,1523.14,906.48,1657.76,993.19,637.00,815.37,778.75,372.44,1320.33,1197.00,693.00,808.93
9,25,11,1542.25,1523.11,906.45,1657.70,993.16,637.00,815.33,778.73,372.43,1320.27,1197.00,693.00,808.89
9,25,12,1542.21,1523.08,906.42,1657.64,993.13,637.00,815.30,778.71,372.42,1320.22,1197.00,693.00,808.85
9,25,13,1542.17,1523.05,906.38,1657.58,993.10,637.00,815.27,778.69,372.41,1320.16,1197.00,693.00,808.81
9,25,14,1542.13,1523.02,906.35,1657.52,993.07,637.00,815.23,778.67,372.40,1320.10,1197.00,693.00,808.77
9,25,15,1542.09,1522.99,906.31,1657.46,993.04,637.00,815.20,778.64,372.40,1320.05,1197.00,693.00,808.73
9,25,16,1542.05,1522.96,906.28,1657.41,993.01,637.00,815.16,778.62,372.39,1319.99,1197.00,693.00,808.69
9,25,17,1542.01,1522.93,906.24,1657.35,992.98,637.00,815.13,778.60,372.38,1319.93,1197.00,693.00,808.65
9,25,18,1541.98,1522.89,906.21,1657.29,992.95,637.00,815.10,778.58,372.37,1319.88,1197.00,693.00,808.61
9,25,19,1541.94,1522.86,906.17,1657.23,992.92,637.00,815.06,778.56,372.36,1319.82,1197.00,693.00,808.57
9,25,20,1541.90,1522.83,906.14,1657.17,992.89,637.00,815.03,778.54,372.35,1319.77,1197.00,693.00,808.53
9,25,21,1541.86,1522.80,906.10,1657.11,992.86,637.00,814.99,778.52,372.35,1319.71,1197.00,693.00,808.49
9,25,22,1541.82,1522.77,906.07,1657.06,992.83,637.00,814.96,778.49,372.34,1319.65,1197.00,693.00,808.45
9,25,23,1541.78,1522.74,906.03,1657.00,992.80,637.00,814.92,778.47,372.33,1319.60,1197.00,693.00,808.41
9,25,24,1541.74,1522.71,906.00,1656.94,992.77,637.00,814.89,778.45,372.32,1319.54,1197.00,693.00,808.37
9,26,1,1541.70,1522.68,905.96,1656.88,992.74,637.00,814.86,778.43,372.31,1319.48,1197.00,693.00,808.33
9,26,2,1541.66,1522.65,905.93,1656.82,992.71,637.00,814.82,778.41,372.30,1319.43,1197.00,693.00,808.29
9,26,3,1541.62,1522.62,905.89,1656.76,992.68,637.00,814.79,778.38,372.29,1319.37,1197.00,693.00,808.25
9,26,4,1541.58,1522.59,905.86,1656.70,992.65,637.00,814.75,778.36,372.29,1319.31,1197.00,693.00,808.21
9,26,5,1541.54,1522.56,905.82,1656.65,992.62,637.00,814.72,778.34,372.28,1319.26,1197.00,693.00,808.17
9,26,6,1541.50,1522.53,905.79,1656.59,992.59,637.00,814.69,778.32,372.27,1319.20,1197.00,693.00,808.12
9,26,7,1541.46,1522.50,905.75,1656.53,992.56,637.00,814.65,778.30,372.26,1319.14,1197.00,693.00,808.08
9,26,8,1541.42,1522.47,905.72,1656.47,992.53,637.00,814.62,778.27,372.25,1319.09,1197.00,693.00,808.04
9,26,9,1541.38,1522.44,905.68,1656.41,992.50,637.00,814.58,778.25,372.24,1319.03,1197.00,693.00,808.00
9,26,10,1541.34,1522.41,905.65,1656.35,992.47,637.00,814.55,778.23,372.23,1318.97,1197.00,693.00,807.96
9,26,11,1541.30,1522.38,905.61,1656.29,992.44,637.00,814.51,778.21,372.22,1318.92,1197.00,693.00,807.92
9,26,12,1541.27,1522.34,905.58,1656.23,992.41,637.00,814.48,778.18,372.21,1318.86,1197.00,693.00,807.88
9,26,13,1541.23,1522.31,905.54,1656.18,992.38,637.00,814.45,778.16,372.21,1318.80,1197.00,693.00,807.84
9,26,14,1541.19,1522.28,905.51,1656.12,992.35,637.00,814.41,778.14,372.20,1318.75,1197.00,693.00,807.80
9,26,15,1541.15,1522.25,905.47,1656.06,992.32,637.00,814.38,778.12,372.19,1318.69,1197.00,693.00,807.76
9,26,16,1541.11,1522.22,905.44,1656.00,992.29,637.00,814.34,778.10,372.18,1318.63,1197.00,693.00,807.72
9,26,17,1541.07,1522.19,905.40,1655.94,992.26,637.00,814.31,778.07,372.17,1318.58,1197.00,693.00,807.68
9,26,18,1541.03,1522.16,905.37,1655.88,992.23,637.00,814.28,778.05,372.16,1318.52,1197.00,693.00,807.64
9,26,19,1540.99,1522.13,905.33,1655.82,992.20,637.00,814.24,778.03,372.15,1318.46,1197.00,693.00,807.59
9,26,20,1540.95,1522.10,905.30,1655.77,992.17,637.00,814.21,778.01,372.14,1318.41,1197.00,693.00,807.55
9,26,21,1540.91,1522.07,905.26,1655.71,992.14,637.00,814.17,777.99,372.14,1318.35,1197.00,693.00,807.51
9,26,22,1540.87,1522.04,905.23,1655.65,992.11,637.00,814.14,777.96,372.13,1318.29,1197.00,693.00,807.47
9,26,23,1540.83,1522.01,905.19,1655.59,992.08,637.00,814.10,777.94,372.12,1318.24,1197.00,693.00,807.43
9,26,24,1540.79,1521.98,905.16,1655.53,992.05,637.00,814.07,777.92,372.11,1318.18,1197.00,693.00,807.39
9,27,1,1540.75,1521.95,905.12,1655.47,992.02,637.00,814.03,777.90,372.10,1318.12,1197.00,693.00,807.35
9,27,2,1540.71,1521.92,905.09,1655.41,991.99,637.00,814.00,777.88,372.09,1318.06,1197.00,693.00,807.31
9,27,3,1540.67,1521.89,905.05,1655.35,991.96,637.00,813.96,777.85,372.08,1318.00,1197.00,693.00,807.27
9,27,4,1540.63,1521.86,905.02,1655.30,991.93,637.00,813.92,777.83,372.08,1317.94,1197.00,693.00,807.23
9,27,5,1540.59,1521.83,904.98,1655.24,991.90,637.00,813.89,777.81,372.07,1317.88,1197.00,693.00,807.18
9,27,6,1540.55,1521.79,904.95,1655.18,991.87,637.00,813.85,777.79,372.06,1317.83,1197.00,693.00,807.14
9,27,7,1540.51,1521.76,904.91,1655.12,991.84,637.00,813.81,777.77,372.05,1317.77,1197.00,693.00,807.10
9,27,8,1540.47,1521.73,904.88,1655.06,991.81,637.00,813.78,777.74,372.04,1317.71,1197.00,693.00,807.06
9,27,9,1540.43,1521.70,904.84,1655.00,991.78,637.00,813.74,777.72,372.03,1317.65,1197.00,693.00,807.02
9,27,10,1540.39,1521.67,904.81,1654.94,991.75,637.00,813.70,777.70,372.03,1317.59,1197.00,693.00,806.98
9,27,11,1540.35,1521.64,904.77,1654.88,991.72,637.00,813.67,777.68,372.02,1317.53,1197.00,693.00,806.94
9,27,12,1540.32,1521.61,904.73,1654.83,991.69,637.00,813.63,777.65,372.01,1317.47,1197.00,693.00,806.90
9,27,13,1540.28,1521.58,904.70,1654.77,991.66,637.00,813.59,777.63,372.00,1317.41,1197.00,693.00,806.85
9,27,14,1540.24,1521.55,904.66,1654.71,991.63,637.00,813.56,777.61,371.99,1317.35,1197.00,693.00,806.81
9,27,15,1540.20,1521.52,904.63,1654.65,991.60,637.00,813.52,777.59,371.98,1317.29,1197.00,693.00,806.77
9,27,16,1540.16,1521.49,904.59,1654.59,991.57,637.00,813.48,777.57,371.98,1317.23,1197.00,693.00,806.73
9,27,17,1540.12,1521.46,904.56,1654.53,991.54,637.00,813.45,777.54,371.97,1317.17,1197.00,693.00,806.69
9,27,18,1540.08,1521.42,904.52,1654.47,991.51,637.00,813.41,777.52,371.96,1317.12,1197.00,693.00,806.65
9,27,19,1540.04,1521.39,904.49,1654.41,991.48,637.00,813.37,777.50,371.95,1317.06,1197.00,693.00,806.61
9,27,20,1540.00,1521.36,904.45,1654.36,991.45,637.00,813.34,777.48,371.94,1317.00,1197.00,693.00,806.57
9,27,21,1539.96,1521.33,904.42,1654.30,991.42,637.00,813.30,777.46,371.94,1316.94,1197.00,693.00,806.52
9,27,22,1539.92,1521.30,904.38,1654.24,991.39,637.00,813.26,777.43,371.93,1316.88,1197.00,693.00,806.48
9,27,23,1539.88,1521.27,904.35,1654.18,991.36,637.00,813.23,777.41,371.92,1316.82,1197.00,693.00,806.44
9,27,24,1539.84,1521.24,904.31,1654.12,991.33,637.00,813.19,777.39,371.91,1316.76,1197.00,693.00,806.40
9,28,1,1539.80,1521.21,904.27,1654.06,991.30,637.00,813.16,777.37,371.90,1316.70,1197.00,693.00,806.36
9,28,2,1539.76,1521.18,904.24,1654.00,991.27,637.00,813.12,777.35,371.89,1316.65,1197.00,693.00,806.32
9,28,3,1539.72,1521.15,904.20,1653.94,991.24,637.00,813.09,777.32,371.88,1316.59,1197.00,693.00,806.28
9,28,4,1539.68,1521.12,904.17,1653.88,991.21,637.00,813.05,777.30,371.88,1316.53,1197.00,693.00,806.23
9,28,5,1539.64,1521.09,904.13,1653.82,991.18,637.00,813.02,777.28,371.87,1316.47,1197.00,693.00,806.19
9,28,6,1539.60,1521.06,904.10,1653.76,991.15,637.00,812.98,777.26,371.86,1316.42,1197.00,693.00,806.15
9,28,7,1539.56,1521.03,904.06,1653.69,991.12,637.00,812.95,777.23,371.85,1316.36,1197.00,693.00,806.11
9,28,8,1539.52,1521.00,904.03,1653.63,991.09,637.00,812.91,777.21,371.84,1316.30,1197.00,693.00,806.07
9,28,9,1539.48,1520.97,903.99,1653.57,991.06,637.00,812.88,777.19,371.83,1316.24,1197.00,693.00,806.03
9,28,10,1539.44,1520.94,903.96,1653.51,991.03,637.00,812.84,777.16,371.82,1316.19,1197.00,693.00,805.98
9,28,11,1539.40,1520.91,903.92,1653.45,991.00,637.00,812.81,777.14,371.81,1316.13,1197.00,693.00,805.94
9,28,12,1539.36,1520.88,903.89,1653.39,990.96,637.00,812.77,777.12,371.81,1316.07,1197.00,693.00,805.90
9,28,13,1539.32,1520.84,903.85,1653.33,990.93,637.00,812.74,777.10,371.80,1316.01,1197.00,693.00,805.86
9,28,14,1539.28,1520.81,903.82,1653.27,990.90,637.00,812.71,777.07,371.79,1315.96,1197.00,693.00,805.82
9,28,15,1539.24,1520.78,903.78,1653.21,990.87,637.00,812.67,777.05,371.78,1315.90,1197.00,693.00,805.78
9,28,16,1539.20,1520.75,903.75,1653.15,990.84,637.00,812.64,777.03,371.77,1315.84,1197.00,693.00,805.73
9,28,17,1539.16,1520.72,903.71,1653.09,990.81,637.00,812.60,777.01,371.76,1315.78,1197.00,693.00,805.69
9,28,18,1539.12,1520.69,903.68,1653.03,990.78,637.00,812.57,776.98,371.75,1315.73,1197.00,693.00,805.65
9,28,19,1539.08,1520.66,903.64,1652.96,990.75,637.00,812.53,776.96,371.74,1315.67,1197.00,693.00,805.61
9,28,20,1539.04,1520.63,903.61,1652.90,990.72,637.00,812.50,776.94,371.74,1315.61,1197.00,693.00,805.57
9,28,21,1539.00,1520.60,903.57,1652.84,990.69,637.00,812.46,776.92,371.73,1315.55,1197.00,693.00,805.53
9,28,22,1538.96,1520.57,903.54,1652.78,990.66,637.00,812.43,776.89,371.72,1315.50,1197.00,693.00,805.48
9,28,23,1538.92,1520.54,903.50,1652.72,990.63,637.00,812.39,776.87,371.71,1315.44,1197.00,693.00,805.44
9,28,24,1538.88,1520.51,903.47,1652.66,990.60,637.00,812.36,776.85,371.70,1315.38,1197.00,693.00,805.40
9,29,1,1538.84,1520.48,903.43,1652.60,990.57,637.00,812.32,776.83,371.69,1315.32,1197.00,693.00,805.36
9,29,2,1538.80,1520.45,903.40,1652.54,990.54,637.00,812.29,776.80,371.68,1315.26,1197.00,693.00,805.32
9,29,3,1538.76,1520.42,903.36,1652.48,990.51,637.00,812.25,776.78,371.68,1315.20,1197.00,693.00,805.27
9,29,4,1538.72,1520.39,903.33,1652.42,990.48,637.00,812.22,776.76,371.67,1315.14,1197.00,693.00,805.23
9,29,5,1538.68,1520.35,903.29,1652.36,990.45,637.00,812.18,776.74,371.66,1315.07,1197.00,693.00,805.19
9,29,6,1538.64,1520.32,903.26,1652.30,990.42,637.00,812.14,776.71,371.65,1315.01,1197.00,693.00,805.15
9,29,7,1538.60,1520.29,903.22,1652.24,990.39,637.00,812.11,776.69,371.64,1314.95,1197.00,693.00,805.11
9,29,8,1538.56,1520.26,903.19,1652.18,990.36,637.00,812.07,776.67,371.63,1314.89,1197.00,693.00,805.06
9,29,9,1538.52,1520.23,903.15,1652.12,990.33,637.00,812.04,776.64,371.63,1314.83,1197.00,693.00,805.02
9,29,10,1538.48,1520.20,903.12,1652.06,990.30,637.00,812.00,776.62,371.62,1314.77,1197.00,693.00,804.98
9,29,11,1538.44,1520.17,903.08,1652.00,990.27,637.00,811.97,776.60,371.61,1314.71,1197.00,693.00,804.94
9,29,12,1538.40,1520.14,903.04,1651.94,990.24,637.00,811.93,776.57,371.60,1314.65,1197.00,693.00,804.90
9,29,13,1538.36,1520.10,903.01,1651.88,990.21,637.00,811.89,776.55,371.59,1314.58,1197.00,693.00,804.85
9,29,14,1538.32,1520.07,902.97,1651.82,990.18,637.00,811.86,776.53,371.58,1314.52,1197.00,693.00,804.81
9,29,15,1538.28,1520.04,902.94,1651.76,990.15,637.00,811.82,776.51,371.58,1314.46,1197.00,693.00,804.77
9,29,16,1538.24,1520.01,902.90,1651.70,990.12,637.00,811.79,776.48,371.57,1314.40,1197.00,693.00,804.73
9,29,17,1538.20,1519.98,902.87,1651.64,990.09,637.00,811.75,776.46,371.56,1314.34,1197.00,693.00,804.68
9,29,18,1538.16,1519.95,902.83,1651.58,990.06,637.00,811.71,776.44,371.55,1314.28,1197.00,693.00,804.64
9,29,19,1538.12,1519.92,902.80,1651.52,990.03,637.00,811.68,776.41,371.54,1314.22,1197.00,693.00,804.60
9,29,20,1538.08,1519.89,902.76,1651.46,990.00,637.00,811.64,776.39,371.53,1314.16,1197.00,693.00,804.56
9,29,21,1538.04,1519.85,902.73,1651.40,989.97,637.00,811.61,776.37,371.53,1314.09,1197.00,693.00,804.52
9,29,22,1538.00,1519.82,902.69,1651.34,989.94,637.00,811.57,776.35,371.52,1314.03,1197.00,693.00,804.47
9,29,23,1537.96,1519.79,902.66,1651.28,989.91,637.00,811.54,776.32,371.51,1313.97,1197.00,693.00,804.43
9,29,24,1537.92,1519.76,902.62,1651.22,989.88,637.00,811.50,776.30,371.50,1313.91,1197.00,693.00,804.39
9,30,1,1537.88,1519.73,902.58,1651.16,989.85,637.00,811.46,776.28,371.49,1313.85,1197.00,693.00,804.35
9,30,2,1537.84,1519.70,902.55,1651.10,989.82,637.00,811.43,776.25,371.48,1313.80,1197.00,693.00,804.31
9,30,3,1537.80,1519.67,902.51,1651.04,989.79,637.00,811.39,776.23,371.47,1313.74,1197.00,693.00,804.26
9,30,4,1537.76,1519.63,902.48,1650.99,989.76,637.00,811.35,776.21,371.47,1313.69,1197.00,693.00,804.22
9,30,5,1537.72,1519.60,902.44,1650.93,989.73,637.00,811.31,776.18,371.46,1313.63,1197.00,693.00,804.18
9,30,6,1537.68,1519.57,902.40,1650.87,989.70,637.00,811.28,776.16,371.45,1313.57,1197.00,693.00,804.14
9,30,7,1537.64,1519.54,902.37,1650.81,989.67,637.00,811.24,776.14,371.44,1313.52,1197.00,693.00,804.09
9,30,8,1537.60,1519.51,902.33,1650.75,989.64,637.00,811.20,776.11,371.43,1313.46,1197.00,693.00,804.05
9,30,9,1537.56,1519.48,902.30,1650.69,989.61,637.00,811.17,776.09,371.42,1313.40,1197.00,693.00,804.01
9,30,10,1537.52,1519.44,902.26,1650.64,989.58,637.00,811.13,776.07,371.41,1313.35,1197.00,693.00,803.97
9,30,11,1537.48,1519.41,902.23,1650.58,989.55,637.00,811.09,776.04,371.40,1313.29,1197.00,693.00,803.92
9,30,12,1537.43,1519.38,902.19,1650.52,989.52,637.00,811.05,776.02,371.40,1313.24,1197.00,693.00,803.88
9,30,13,1537.39,1519.35,902.15,1650.46,989.48,637.00,811.02,776.00,371.39,1313.18,1197.00,693.00,803.84
9,30,14,1537.35,1519.32,902.12,1650.40,989.45,637.00,810.98,775.97,371.38,1313.12,1197.00,693.00,803.80
9,30,15,1537.31,1519.29,902.08,1650.34,989.42,637.00,810.94,775.95,371.37,1313.07,1197.00,693.00,803.75
9,30,16,1537.27,1519.25,902.05,1650.29,989.39,637.00,810.91,775.93,371.36,1313.01,1197.00,693.00,803.71
9,30,17,1537.23,1519.22,902.01,1650.23,989.36,637.00,810.87,775.90,371.35,1312.95,1197.00,693.00,803.67
9,30,18,1537.19,1519.19,901.98,1650.17,989.33,637.00,810.83,775.88,371.34,1312.90,1197.00,693.00,803.62
9,30,19,1537.15,1519.16,901.94,1650.11,989.30,637.00,810.80,775.86,371.33,1312.84,1197.00,693.00,803.58
9,30,20,1537.11,1519.13,901.90,1650.05,989.27,637.00,810.76,775.83,371.33,1312.79,1197.00,693.00,803.54
9,30,21,1537.07,1519.10,901.87,1649.99,989.24,637.00,810.72,775.81,371.32,1312.73,1197.00,693.00,803.50
9,30,22,1537.03,1519.06,901.83,1649.94,989.21,637.00,810.68,775.79,371.31,1312.67,1197.00,693.00,803.45
9,30,23,1536.99,1519.03,901.80,1649.88,989.18,637.00,810.65,775.76,371.30,1312.62,1197.00,693.00,803.41
9,30,24,1536.95,1519.00,901.76,1649.82,989.15,637.00,810.61,775.74,371.29,1312.56,1197.00,693.00,803.37
10,1,1,1536.91,1518.97,901.72,1649.76,989.12,636.98,810.57,775.72,371.28,1312.50,1197.00,693.00,803.33
10,1,2,1536.87,1518.93,901.69,1649.69,989.09,636.96,810.54,775.69,371.27,1312.44,1197.00,693.00,803.28
10,1,3,1536.83,1518.90,901.65,1649.63,989.06,636.94,810.50,775.67,371.26,1312.38,1197.00,693.00,803.24
10,1,4,1536.79,1518.87,901.62,1649.57,989.03,636.92,810.46,775.65,371.26,1312.31,1197.00,693.00,803.20
10,1,5,1536.75,1518.83,901.58,1649.51,989.00,636.91,810.42,775.62,371.25,1312.25,1197.00,693.00,803.15
10,1,6,1536.70,1518.80,901.55,1649.44,988.97,636.89,810.39,775.60,371.24,1312.19,1197.00,693.00,803.11
10,1,7,1536.66,1518.77,901.51,1649.38,988.93,636.87,810.35,775.58,371.23,1312.13,1197.00,693.00,803.07
10,1,8,1536.62,1518.73,901.48,1649.32,988.90,636.85,810.31,775.55,371.22,1312.07,1197.00,693.00,803.02
10,1,9,1536.58,1518.70,901.44,1649.26,988.87,636.83,810.28,775.53,371.21,1312.01,1197.00,693.00,802.98
10,1,10,1536.54,1518.67,901.41,1649.19,988.84,636.81,810.24,775.51,371.20,1311.94,1197.00,693.00,802.94
10,1,11,1536.50,1518.63,901.37,1649.13,988.81,636.79,810.20,775.48,371.19,1311.88,1197.00,693.00,802.89
10,1,12,1536.46,1518.60,901.33,1649.07,988.78,636.77,810.16,775.46,371.18,1311.82,1197.00,693.00,802.85
10,1,13,1536.42,1518.57,901.30,1649.01,988.75,636.76,810.13,775.44,371.18,1311.76,1197.00,693.00,802.81
10,1,14,1536.38,1518.53,901.26,1648.94,988.72,636.74,810.09,775.41,371.17,1311.70,1197.00,693.00,802.76
10,1,15,1536.34,1518.50,901.23,1648.88,988.69,636.72,810.05,775.39,371.16,1311.63,1197.00,693.00,802.72
10,1,16,1536.30,1518.47,901.19,1648.82,988.66,636.70,810.02,775.37,371.15,1311.57,1197.00,693.00,802.68
10,1,17,1536.26,1518.43,901.16,1648.76,988.63,636.68,809.98,775.34,371.14,1311.51,1197.00,693.00,802.63
10,1,18,1536.21,1518.40,901.12,1648.69,988.59,636.66,809.94,775.32,371.13,1311.45,1197.00,693.00,802.59
10,1,19,1536.17,1518.37,901.09,1648.63,988.56,636.64,809.91,775.30,371.12,1311.39,1197.00,693.00,802.55
10,1,20,1536.13,1518.33,901.05,1648.57,988.53,636.62,809.87,775.27,371.11,1311.33,1197.00,693.00,802.50
10,1,21,1536.09,1518.30,901.02,1648.51,988.50,636.61,809.83,775.25,371.11,1311.26,1197.00,693.00,802.46
10,1,22,1536.05,1518.27,900.98,1648.44,988.47,636.59,809.79,775.23,371.10,1311.20,1197.00,693.00,802.42
10,1,23,1536.01,1518.23,900.95,1648.38,988.44,636.57,809.76,775.20,371.09,1311.14,1197.00,693.00,802.37
10,1,24,1535.97,1518.20,900.91,1648.32,988.41,636.55,809.72,775.18,371.08,1311.08,1197.00,693.00,802.33
10,2,1,1535.93,1518.17,900.87,1648.26,988.38,636.53,809.68,775.16,371.07,1311.02,1197.00,693.00,802.29
10,2,2,1535.89,1518.13,900.84,1648.20,988.35,636.51,809.64,775.13,371.06,1310.96,1197.00,693.00,802.24
10,2,3,1535.85,1518.10,900.80,1648.13,988.32,636.49,809.61,775.11,371.05,1310.89,1197.00,693.00,802.20
10,2,4,1535.81,1518.07,900.76,1648.07,988.29,636.47,809.57,775.08,371.04,1310.83,1197.00,693.00,802.16
10,2,5,1535.77,1518.03,900.73,1648.01,988.26,636.46,809.53,775.06,371.03,1310.77,1197.00,693.00,802.11
10,2,6,1535.72,1518.00,900.69,1647.95,988.22,636.44,809.49,775.04,371.02,1310.71,1197.00,693.00,802.07
10,2,7,1535.68,1517.97,900.66,1647.89,988.19,636.42,809.46,775.01,371.02,1310.65,1197.00,693.00,802.02
10,2,8,1535.64,1517.93,900.62,1647.82,988.16,636.40,809.42,774.99,371.01,1310.59,1197.00,693.00,801.98
10,2,9,1535.60,1517.90,900.58,1647.76,988.13,636.38,809.38,774.97,371.00,1310.52,1197.00,693.00,801.94
10,2,10,1535.56,1517.87,900.55,1647.70,988.10,636.36,809.34,774.94,370.99,1310.46,1197.00,693.00,801.89
10,2,11,1535.52,1517.83,900.51,1647.64,988.07,636.34,809.31,774.92,370.98,1310.40,1197.00,693.00,801.85
10,2,12,1535.48,1517.80,900.47,1647.57,988.04,636.32,809.27,774.89,370.97,1310.34,1197.00,693.00,801.81
10,2,13,1535.44,1517.77,900.44,1647.51,988.01,636.31,809.23,774.87,370.96,1310.28,1197.00,693.00,801.76
10,2,14,1535.40,1517.73,900.40,1647.45,987.98,636.29,809.19,774.85,370.95,1310.22,1197.00,693.00,801.72
10,2,15,1535.36,1517.70,900.37,1647.39,987.95,636.27,809.16,774.82,370.94,1310.15,1197.00,693.00,801.67
10,2,16,1535.32,1517.67,900.33,1647.33,987.92,636.25,809.12,774.80,370.93,1310.09,1197.00,693.00,801.63
10,2,17,1535.28,1517.63,900.29,1647.26,987.89,636.23,809.08,774.78,370.92,1310.03,1197.00,693.00,801.59
10,2,18,1535.23,1517.60,900.26,1647.20,987.85,636.21,809.04,774.75,370.91,1309.97,1197.00,693.00,801.54
10,2,19,1535.19,1517.57,900.22,1647.14,987.82,636.19,809.01,774.73,370.91,1309.91,1197.00,693.00,801.50
10,2,20,1535.15,1517.53,900.18,1647.08,987.79,636.17,808.97,774.70,370.90,1309.85,1197.00,693.00,801.46
10,2,21,1535.11,1517.50,900.15,1647.02,987.76,636.16,808.93,774.68,370.89,1309.78,1197.00,693.00,801.41
10,2,22,1535.07,1517.47,900.11,1646.95,987.73,636.14,808.90,774.66,370.88,1309.72,1197.00,693.00,801.37
10,2,23,1535.03,1517.43,900.08,1646.89,987.70,636.12,808.86,774.63,370.87,1309.66,1197.00,693.00,801.32
10,2,24,1534.99,1517.40,900.04,1646.83,987.67,636.10,808.82,774.61,370.86,1309.60,1197.00,693.00,801.28
10,3,1,1534.95,1517.37,900.00,1646.77,987.64,636.08,808.78,774.59,370.85,1309.54,1197.00,693.00,801.24
10,3,2,1534.91,1517.33,899.97,1646.71,987.61,636.06,808.74,774.56,370.84,1309.48,1197.00,693.00,801.19
10,3,3,1534.86,1517.30,899.93,1646.65,987.58,636.04,808.70,774.54,370.83,1309.41,1197.00,693.00,801.15
10,3,4,1534.82,1517.26,899.90,1646.59,987.55,636.02,808.66,774.51,370.82,1309.35,1197.00,693.00,801.10
10,3,5,1534.78,1517.23,899.86,1646.53,987.52,636.01,808.62,774.49,370.82,1309.29,1197.00,693.00,801.06
10,3,6,1534.74,1517.20,899.82,1646.47,987.49,635.99,808.58,774.46,370.81,1309.23,1197.00,693.00,801.02
10,3,7,1534.70,1517.16,899.79,1646.42,987.46,635.97,808.54,774.44,370.80,1309.17,1197.00,693.00,800.97
10,3,8,1534.66,1517.13,899.75,1646.36,987.43,635.95,808.50,774.42,370.79,1309.11,1197.00,693.00,800.93
10,3,9,1534.61,1517.09,899.72,1646.30,987.40,635.93,808.46,774.39,370.78,1309.04,1197.00,693.00,800.88
10,3,10,1534.57,1517.06,899.68,1646.24,987.37,635.91,808.42,774.37,370.77,1308.98,1197.00,693.00,800.84
10,3,11,1534.53,1517.02,899.65,1646.18,987.34,635.89,808.38,774.34,370.76,1308.92,1197.00,693.00,800.79
10,3,12,1534.49,1516.99,899.61,1646.12,987.30,635.88,808.34,774.32,370.75,1308.86,1197.00,693.00,800.75
10,3,13,1534.45,1516.96,899.57,1646.06,987.27,635.86,808.30,774.30,370.75,1308.80,1197.00,693.00,800.71
10,3,14,1534.41,1516.92,899.54,1646.00,987.24,635.84,808.26,774.27,370.74,1308.74,1197.00,693.00,800.66
10,3,15,1534.36,1516.89,899.50,1645.94,987.21,635.82,808.22,774.25,370.73,1308.67,1197.00,693.00,800.62
10,3,16,1534.32,1516.85,899.47,1645.88,987.18,635.80,808.18,774.22,370.72,1308.61,1197.00,693.00,800.57
10,3,17,1534.28,1516.82,899.43,1645.82,987.15,635.78,808.14,774.20,370.71,1308.55,1197.00,693.00,800.53
10,3,18,1534.24,1516.78,899.39,1645.77,987.12,635.76,808.10,774.18,370.70,1308.49,1197.00,693.00,800.48
10,3,19,1534.20,1516.75,899.36,1645.71,987.09,635.74,808.06,774.15,370.69,1308.43,1197.00,693.00,800.44
10,3,20,1534.16,1516.72,899.32,1645.65,987.06,635.73,808.02,774.13,370.68,1308.37,1197.00,693.00,800.40
10,3,21,1534.11,1516.68,899.29,1645.59,987.03,635.71,807.98,774.10,370.68,1308.30,1197.00,693.00,800.35
10,3,22,1534.07,1516.65,899.25,1645.53,987.00,635.69,807.94,774.08,370.67,1308.24,1197.00,693.00,800.31
10,3,23,1534.03,1516.61,899.22,1645.47,986.97,635.67,807.90,774.05,370.66,1308.18,1197.00,693.00,800.26
10,3,24,1533.99,1516.58,899.18,1645.41,986.94,635.65,807.86,774.03,370.65,1308.12,1197.00,693.00,800.22
10,4,1,1533.95,1516.55,899.14,1645.35,986.91,635.63,807.82,774.01,370.64,1308.07,1197.00,693.00,800.17
10,4,2,1533.91,1516.51,899.11,1645.29,986.88,635.61,807.79,773.98,370.63,1308.02,1197.00,693.00,800.13
10,4,3,1533.87,1516.48,899.07,1645.22,986.85,635.59,807.75,773.96,370.62,1307.97,1197.00,693.00,800.08
10,4,4,1533.82,1516.44,899.03,1645.16,986.82,635.58,807.71,773.93,370.61,1307.91,1197.00,693.00,800.04
10,4,5,1533.78,1516.41,899.00,1645.10,986.79,635.56,807.67,773.91,370.61,1307.86,1197.00,693.00,799.99
10,4,6,1533.74,1516.37,898.96,1645.04,986.76,635.54,807.64,773.88,370.60,1307.81,1197.00,693.00,799.95
10,4,7,1533.70,1516.34,898.93,1644.97,986.72,635.52,807.60,773.86,370.59,1307.76,1197.00,693.00,799.90
10,4,8,1533.66,1516.31,898.89,1644.91,986.69,635.50,807.56,773.83,370.58,1307.71,1197.00,693.00,799.86
10,4,9,1533.62,1516.27,898.85,1644.85,986.66,635.48,807.53,773.81,370.57,1307.66,1197.00,693.00,799.81
10,4,10,1533.58,1516.24,898.82,1644.79,986.63,635.46,807.49,773.78,370.56,1307.61,1197.00,693.00,799.77
10,4,11,1533.54,1516.20,898.78,1644.72,986.60,635.44,807.45,773.76,370.55,1307.56,1197.00,693.00,799.72
10,4,12,1533.49,1516.17,898.74,1644.66,986.57,635.43,807.41,773.73,370.54,1307.51,1197.00,693.00,799.68
10,4,13,1533.45,1516.14,898.71,1644.60,986.54,635.41,807.38,773.71,370.54,1307.45,1197.00,693.00,799.63
10,4,14,1533.41,1516.10,898.67,1644.54,986.51,635.39,807.34,773.68,370.53,1307.40,1197.00,693.00,799.59
10,4,15,1533.37,1516.07,898.64,1644.47,986.48,635.37,807.30,773.66,370.52,1307.35,1197.00,693.00,799.54
10,4,16,1533.33,1516.03,898.60,1644.41,986.45,635.35,807.27,773.63,370.51,1307.30,1197.00,693.00,799.50
10,4,17,1533.29,1516.00,898.56,1644.35,986.42,635.33,807.23,773.61,370.50,1307.25,1197.00,693.00,799.46
10,4,18,1533.25,1515.96,898.53,1644.29,986.39,635.31,807.19,773.58,370.49,1307.20,1197.00,693.00,799.41
10,4,19,1533.21,1515.93,898.49,1644.22,986.35,635.29,807.16,773.56,370.48,1307.15,1197.00,693.00,799.37
10,4,20,1533.16,1515.90,898.45,1644.16,986.32,635.28,807.12,773.53,370.48,1307.10,1197.00,693.00,799.32
10,4,21,1533.12,1515.86,898.42,1644.10,986.29,635.26,807.08,773.50,370.47,1307.04,1197.00,693.00,799.28
10,4,22,1533.08,1515.83,898.38,1644.04,986.26,635.24,807.04,773.48,370.46,1306.99,1197.00,693.00,799.23
10,4,23,1533.04,1515.79,898.35,1643.97,986.23,635.22,807.01,773.45,370.45,1306.94,1197.00,693.00,799.19
10,4,24,1533.00,1515.76,898.31,1643.91,986.20,635.20,806.97,773.43,370.44,1306.89,1197.00,693.00,799.14
10,5,1,1532.96,1515.73,898.27,1643.85,986.17,635.18,806.93,773.40,370.43,1306.82,1197.00,693.00,799.09
10,5,2,1532.92,1515.69,898.24,1643.79,986.14,635.16,806.89,773.38,370.42,1306.75,1197.00,693.00,799.05
10,5,3,1532.87,1515.66,898.20,1643.72,986.11,635.14,806.85,773.35,370.41,1306.67,1197.00,693.00,799.00
10,5,4,1532.83,1515.63,898.16,1643.66,986.08,635.12,806.81,773.33,370.40,1306.60,1197.00,693.00,798.96
10,5,5,1532.79,1515.59,898.13,1643.60,986.05,635.10,806.77,773.30,370.39,1306.53,1197.00,693.00,798.91
10,5,6,1532.75,1515.56,898.09,1643.54,986.02,635.08,806.73,773.28,370.39,1306.46,1197.00,693.00,798.87
10,5,7,1532.71,1515.53,898.05,1643.47,985.99,635.06,806.69,773.25,370.38,1306.39,1197.00,693.00,798.82
10,5,8,1532.66,1515.49,898.02,1643.41,985.96,635.04,806.65,773.23,370.37,1306.31,1197.00,693.00,798.78
10,5,9,1532.62,1515.46,897.98,1643.35,985.93,635.02,806.61,773.21,370.36,1306.24,1197.00,693.00,798.73
10,5,10,1532.58,1515.43,897.94,1643.29,985.90,635.00,806.57,773.18,370.35,1306.17,1197.00,693.00,798.69
10,5,11,1532.54,1515.39,897.91,1643.22,985.87,634.98,806.53,773.16,370.34,1306.10,1197.00,693.00,798.64
10,5,12,1532.49,1515.36,897.87,1643.16,985.83,634.96,806.48,773.13,370.33,1306.03,1197.00,693.00,798.60
10,5,13,1532.45,1515.33,897.83,1643.10,985.80,634.95,806.44,773.11,370.32,1305.95,1197.00,693.00,798.55
10,5,14,1532.41,1515.29,897.80,1643.04,985.77,634.93,806.40,773.08,370.31,1305.88,1197.00,693.00,798.50
10,5,15,1532.37,1515.26,897.76,1642.97,985.74,634.91,806.36,773.06,370.30,1305.81,1197.00,693.00,798.46
10,5,16,1532.33,1515.23,897.72,1642.91,985.71,634.89,806.32,773.03,370.29,1305.74,1197.00,693.00,798.41
10,5,17,1532.28,1515.19,897.69,1642.85,985.68,634.87,806.28,773.01,370.28,1305.66,1197.00,693.00,798.37
10,5,18,1532.24,1515.16,897.65,1642.79,985.65,634.85,806.24,772.98,370.28,1305.59,1197.00,693.00,798.32
10,5,19,1532.20,1515.13,897.61,1642.72,985.62,634.83,806.20,772.96,370.27,1305.52,1197.00,693.00,798.28
10,5,20,1532.16,1515.09,897.58,1642.66,985.59,634.81,806.16,772.93,370.26,1305.45,1197.00,693.00,798.23
10,5,21,1532.12,1515.06,897.54,1642.60,985.56,634.79,806.12,772.91,370.25,1305.38,1197.00,693.00,798.19
10,5,22,1532.07,1515.03,897.50,1642.54,985.53,634.77,806.08,772.88,370.24,1305.30,1197.00,693.00,798.14
10,5,23,1532.03,1514.99,897.47,1642.47,985.50,634.75,806.04,772.86,370.23,1305.23,1197.00,693.00,798.10
10,5,24,1531.99,1514.96,897.43,1642.41,985.47,634.73,806.00,772.83,370.22,1305.16,1197.00,693.00,798.05
10,6,1,1531.95,1514.93,897.39,1642.35,985.44,634.71,805.96,772.80,370.21,1305.10,1197.00,693.00,798.00
10,6,2,1531.91,1514.89,897.36,1642.29,985.41,634.69,805.92,772.78,370.20,1305.03,1197.00,693.00,797.96
10,6,3,1531.86,1514.86,897.32,1642.22,985.38,634.67,805.88,772.75,370.19,1304.97,1197.00,693.00,797.91
10,6,4,1531.82,1514.83,897.28,1642.16,985.35,634.65,805.84,772.73,370.18,1304.90,1197.00,693.00,797.87
10,6,5,1531.78,1514.79,897.25,1642.10,985.32,634.63,805.80,772.70,370.17,1304.84,1197.00,693.00,797.82
10,6,6,1531.74,1514.76,897.21,1642.04,985.28,634.61,805.76,772.68,370.17,1304.78,1197.00,693.00,797.77
10,6,7,1531.70,1514.73,897.17,1641.97,985.25,634.59,805.72,772.65,370.16,1304.71,1197.00,693.00,797.73
10,6,8,1531.65,1514.69,897.14,1641.91,985.22,634.57,805.68,772.63,370.15,1304.65,1197.00,693.00,797.68
10,6,9,1531.61,1514.66,897.10,1641.85,985.19,634.55,805.64,772.60,370.14,1304.58,1197.00,693.00,797.64
10,6,10,1531.57,1514.63,897.06,1641.79,985.16,634.53,805.60,772.58,370.13,1304.52,1197.00,693.00,797.59
10,6,11,1531.53,1514.59,897.03,1641.72,985.13,634.51,805.56,772.55,370.12,1304.45,1197.00,693.00,797.55
10,6,12,1531.48,1514.56,896.99,1641.66,985.10,634.48,805.52,772.52,370.11,1304.39,1197.00,693.00,797.50
10,6,13,1531.44,1514.53,896.95,1641.60,985.07,634.46,805.48,772.50,370.10,1304.33,1197.00,693.00,797.45
10,6,14,1531.40,1514.49,896.92,1641.54,985.04,634.44,805.44,772.47,370.09,1304.26,1197.00,693.00,797.41
10,6,15,1531.36,1514.46,896.88,1641.47,985.01,634.42,805.40,772.45,370.08,1304.20,1197.00,693.00,797.36
10,6,16,1531.32,1514.43,896.84,1641.41,984.98,634.40,805.36,772.42,370.07,1304.13,1197.00,693.00,797.32
10,6,17,1531.27,1514.39,896.81,1641.35,984.95,634.38,805.32,772.40,370.06,1304.07,1197.00,693.00,797.27
10,6,18,1531.23,1514.36,896.77,1641.29,984.91,634.36,805.28,772.37,370.06,1304.01,1197.00,693.00,797.23
10,6,19,1531.19,1514.33,896.73,1641.22,984.88,634.34,805.24,772.35,370.05,1303.94,1197.00,693.00,797.18
10,6,20,1531.15,1514.29,896.70,1641.16,984.85,634.32,805.20,772.32,370.04,1303.88,1197.00,693.00,797.13
10,6,21,1531.11,1514.26,896.66,1641.10,984.82,634.30,805.16,772.30,370.03,1303.81,1197.00,693.00,797.09
10,6,22,1531.06,1514.23,896.62,1641.04,984.79,634.28,805.12,772.27,370.02,1303.75,1197.00,693.00,797.04
10,6,23,1531.02,1514.19,896.59,1640.97,984.76,634.26,805.08,772.25,370.01,1303.68,1197.00,693.00,797.00
10,6,24,1530.98,1514.16,896.55,1640.91,984.73,634.24,805.04,772.22,370.00,1303.62,1197.00,693.00,796.95
10,7,1,1530.94,1514.13,896.51,1640.85,984.70,634.22,805.00,772.19,369.99,1303.55,1197.00,693.00,796.90
10,7,2,1530.89,1514.09,896.48,1640.78,984.67,634.20,804.96,772.17,369.98,1303.49,1197.00,693.00,796.86
10,7,3,1530.85,1514.06,896.44,1640.72,984.63,634.18,804.92,772.14,369.97,1303.42,1197.00,693.00,796.81
10,7,4,1530.81,1514.03,896.40,1640.66,984.60,634.16,804.88,772.11,369.96,1303.36,1197.00,693.00,796.76
10,7,5,1530.77,1513.99,896.37,1640.60,984.57,634.14,804.84,772.09,369.95,1303.29,1197.00,693.00,796.72
10,7,6,1530.72,1513.96,896.33,1640.53,984.54,634.12,804.80,772.06,369.94,1303.23,1197.00,693.00,796.67
10,7,7,1530.68,1513.93,896.29,1640.47,984.51,634.10,804.76,772.04,369.94,1303.16,1197.00,693.00,796.62
10,7,8,1530.64,1513.89,896.26,1640.41,984.48,634.08,804.72,772.01,369.93,1303.10,1197.00,693.00,796.58
10,7,9,1530.60,1513.86,896.22,1640.34,984.44,634.06,804.68,771.98,369.92,1303.03,1197.00,693.00,796.53
10,7,10,1530.55,1513.83,896.18,1640.28,984.41,634.04,804.64,771.96,369.91,1302.97,1197.00,693.00,796.48
10,7,11,1530.51,1513.79,896.15,1640.22,984.38,634.02,804.60,771.93,369.90,1302.90,1197.00,693.00,796.44
10,7,12,1530.47,1513.76,896.11,1640.16,984.35,634.01,804.55,771.90,369.89,1302.84,1197.00,693.00,796.39
10,7,13,1530.43,1513.73,896.07,1640.09,984.32,633.99,804.51,771.88,369.88,1302.77,1197.00,693.00,796.34
10,7,14,1530.38,1513.69,896.04,1640.03,984.29,633.97,804.47,771.85,369.87,1302.70,1197.00,693.00,796.30
10,7,15,1530.34,1513.66,896.00,1639.97,984.25,633.95,804.43,771.83,369.86,1302.64,1197.00,693.00,796.25
10,7,16,1530.30,1513.63,895.96,1639.90,984.22,633.93,804.39,771.80,369.85,1302.57,1197.00,693.00,796.20
10,7,17,1530.26,1513.59,895.93,1639.84,984.19,633.91,804.35,771.77,369.84,1302.51,1197.00,693.00,796.16
10,7,18,1530.21,1513.56,895.89,1639.78,984.16,633.89,804.31,771.75,369.83,1302.44,1197.00,693.00,796.11
10,7,19,1530.17,1513.53,895.85,1639.71,984.13,633.87,804.27,771.72,369.83,1302.38,1197.00,693.00,796.06
10,7,20,1530.13,1513.49,895.82,1639.65,984.10,633.85,804.23,771.70,369.82,1302.31,1197.00,693.00,796.02
10,7,21,1530.09,1513.46,895.78,1639.59,984.06,633.83,804.19,771.67,369.81,1302.25,1197.00,693.00,795.97
10,7,22,1530.04,1513.43,895.74,1639.53,984.03,633.81,804.15,771.64,369.80,1302.18,1197.00,693.00,795.92
10,7,23,1530.00,1513.39,895.71,1639.46,984.00,633.79,804.11,771.62,369.79,1302.12,1197.00,693.00,795.88
10,7,24,1529.96,1513.36,895.67,1639.40,983.97,633.77,804.07,771.59,369.78,1302.05,1197.00,693.00,795.83
10,8,1,1529.92,1513.33,895.63,1639.34,983.94,633.75,804.03,771.56,369.77,1301.99,1197.00,693.00,795.78
10,8,2,1529.87,1513.29,895.60,1639.27,983.91,633.73,803.98,771.54,369.76,1301.92,1197.00,693.00,795.74
10,8,3,1529.83,1513.26,895.56,1639.21,983.88,633.71,803.94,771.51,369.75,1301.86,1197.00,693.00,795.69
10,8,4,1529.79,1513.22,895.52,1639.15,983.84,633.70,803.89,771.48,369.74,1301.79,1197.00,693.00,795.64
10,8,5,1529.75,1513.19,895.48,1639.09,983.81,633.68,803.85,771.46,369.73,1301.73,1197.00,693.00,795.59
10,8,6,1529.70,1513.16,895.45,1639.02,983.78,633.66,803.81,771.43,369.72,1301.66,1197.00,693.00,795.55
10,8,7,1529.66,1513.12,895.41,1638.96,983.75,633.64,803.76,771.40,369.71,1301.60,1197.00,693.00,795.50
10,8,8,1529.62,1513.09,895.37,1638.90,983.72,633.62,803.72,771.38,369.70,1301.53,1197.00,693.00,795.45
10,8,9,1529.58,1513.06,895.34,1638.83,983.69,633.60,803.67,771.35,369.69,1301.47,1197.00,693.00,795.41
10,8,10,1529.53,1513.02,895.30,1638.77,983.66,633.58,803.63,771.32,369.68,1301.40,1197.00,693.00,795.36
10,8,11,1529.49,1512.99,895.26,1638.71,983.63,633.56,803.58,771.30,369.67,1301.34,1197.00,693.00,795.31
10,8,12,1529.45,1512.96,895.23,1638.65,983.59,633.55,803.54,771.27,369.66,1301.28,1197.00,693.00,795.27
10,8,13,1529.41,1512.92,895.19,1638.58,983.56,633.53,803.50,771.24,369.66,1301.21,1197.00,693.00,795.22
10,8,14,1529.36,1512.89,895.15,1638.52,983.53,633.51,803.45,771.22,369.65,1301.15,1197.00,693.00,795.17
10,8,15,1529.32,1512.85,895.11,1638.46,983.50,633.49,803.41,771.19,369.64,1301.08,1197.00,693.00,795.12
10,8,16,1529.28,1512.82,895.08,1638.39,983.47,633.47,803.36,771.16,369.63,1301.02,1197.00,693.00,795.08
10,8,17,1529.24,1512.79,895.04,1638.33,983.44,633.45,803.32,771.14,369.62,1300.95,1197.00,693.00,795.03
10,8,18,1529.19,1512.75,895.00,1638.27,983.41,633.43,803.28,771.11,369.61,1300.89,1197.00,693.00,794.98
10,8,19,1529.15,1512.72,894.97,1638.20,983.38,633.41,803.23,771.08,369.60,1300.82,1197.00,693.00,794.94
10,8,20,1529.11,1512.69,894.93,1638.14,983.34,633.40,803.19,771.06,369.59,1300.76,1197.00,693.00,794.89
10,8,21,1529.07,1512.65,894.89,1638.08,983.31,633.38,803.14,771.03,369.58,1300.69,1197.00,693.00,794.84
10,8,22,1529.02,1512.62,894.85,1638.02,983.28,633.36,803.10,771.00,369.57,1300.63,1197.00,693.00,794.79
10,8,23,1528.98,1512.58,894.82,1637.95,983.25,633.34,803.05,770.98,369.56,1300.56,1197.00,693.00,794.75
10,8,24,1528.94,1512.55,894.78,1637.89,983.22,633.32,803.01,770.95,369.55,1300.50,1197.00,693.00,794.70
10,9,1,1528.90,1512.52,894.74,1637.82,983.19,633.30,802.97,770.92,369.54,1300.43,1197.00,693.00,794.65
10,9,2,1528.85,1512.48,894.71,1637.76,983.16,633.28,802.93,770.90,369.53,1300.37,1197.00,693.00,794.60
10,9,3,1528.81,1512.45,894.67,1637.69,983.12,633.26,802.89,770.87,369.52,1300.30,1197.00,693.00,794.56
10,9,4,1528.77,1512.41,894.63,1637.63,983.09,633.24,802.85,770.84,369.51,1300.24,1197.00,693.00,794.51
10,9,5,1528.73,1512.38,894.59,1637.56,983.06,633.22,802.81,770.81,369.50,1300.17,1197.00,693.00,794.46
10,9,6,1528.68,1512.34,894.56,1637.49,983.03,633.21,802.77,770.79,369.49,1300.11,1197.00,693.00,794.41
10,9,7,1528.64,1512.31,894.52,1637.43,983.00,633.19,802.73,770.76,369.49,1300.04,1197.00,693.00,794.36
10,9,8,1528.60,1512.27,894.48,1637.36,982.97,633.17,802.69,770.73,369.48,1299.98,1197.00,693.00,794.31
10,9,9,1528.55,1512.24,894.45,1637.29,982.93,633.15,802.65,770.71,369.47,1299.91,1197.00,693.00,794.26
10,9,10,1528.51,1512.20,894.41,1637.23,982.90,633.13,802.61,770.68,369.46,1299.85,1197.00,693.00,794.22
10,9,11,1528.47,1512.17,894.37,1637.16,982.87,633.11,802.57,770.65,369.45,1299.78,1197.00,693.00,794.17
10,9,12,1528.42,1512.14,894.34,1637.10,982.84,633.09,802.52,770.62,369.44,1299.72,1197.00,693.00,794.12
10,9,13,1528.38,1512.10,894.30,1637.03,982.81,633.07,802.48,770.60,369.43,1299.65,1197.00,693.00,794.07
10,9,14,1528.34,1512.07,894.26,1636.96,982.78,633.05,802.44,770.57,369.42,1299.59,1197.00,693.00,794.02
10,9,15,1528.30,1512.03,894.22,1636.90,982.75,633.03,802.40,770.54,369.41,1299.52,1197.00,693.00,793.97
10,9,16,1528.25,1512.00,894.19,1636.83,982.71,633.01,802.36,770.52,369.40,1299.46,1197.00,693.00,793.93
10,9,17,1528.21,1511.96,894.15,1636.76,982.68,632.99,802.32,770.49,369.39,1299.39,1197.00,693.00,793.88
10,9,18,1528.17,1511.93,894.11,1636.70,982.65,632.97,802.28,770.46,369.38,1299.33,1197.00,693.00,793.83
10,9,19,1528.12,1511.89,894.08,1636.63,982.62,632.96,802.24,770.44,369.38,1299.26,1197.00,693.00,793.78
10,9,20,1528.08,1511.86,894.04,1636.57,982.59,632.94,802.20,770.41,369.37,1299.20,1197.00,693.00,793.73
10,9,21,1528.04,1511.82,894.00,1636.50,982.56,632.92,802.16,770.38,369.36,1299.13,1197.00,693.00,793.68
10,9,22,1528.00,1511.79,893.96,1636.43,982.52,632.90,802.12,770.35,369.35,1299.07,1197.00,693.00,793.64
10,9,23,1527.95,1511.75,893.93,1636.37,982.49,632.88,802.08,770.33,369.34,1299.00,1197.00,693.00,793.59
10,9,24,1527.91,1511.72,893.89,1636.30,982.46,632.86,802.04,770.30,369.33,1298.94,1197.00,693.00,793.54
10,10,1,1527.87,1511.69,893.85,1636.24,982.43,632.84,802.00,770.27,369.32,1298.87,1197.00,693.00,793.49
10,10,2,1527.82,1511.65,893.82,1636.17,982.40,632.82,801.95,770.24,369.31,1298.80,1197.00,693.00,793.44
10,10,3,1527.78,1511.62,893.78,1636.11,982.37,632.80,801.91,770.22,369.30,1298.72,1197.00,693.00,793.39
10,10,4,1527.74,1511.59,893.74,1636.05,982.34,632.78,801.86,770.19,369.29,1298.65,1197.00,693.00,793.34
10,10,5,1527.69,1511.55,893.70,1635.98,982.30,632.76,801.82,770.16,369.28,1298.58,1197.00,693.00,793.30
10,10,6,1527.65,1511.52,893.67,1635.92,982.27,632.74,801.77,770.13,369.27,1298.51,1197.00,693.00,793.25
10,10,7,1527.61,1511.49,893.63,1635.85,982.24,632.72,801.73,770.10,369.26,1298.44,1197.00,693.00,793.20
10,10,8,1527.56,1511.45,893.59,1635.79,982.21,632.70,801.69,770.08,369.25,1298.36,1197.00,693.00,793.15
10,10,9,1527.52,1511.42,893.56,1635.73,982.18,632.68,801.64,770.05,369.24,1298.29,1197.00,693.00,793.10
10,10,10,1527.48,1511.39,893.52,1635.66,982.15,632.66,801.60,770.02,369.23,1298.22,1197.00,693.00,793.05
10,10,11,1527.43,1511.35,893.48,1635.60,982.12,632.64,801.55,769.99,369.22,1298.15,1197.00,693.00,793.00
10,10,12,1527.39,1511.32,893.45,1635.54,982.09,632.61,801.51,769.96,369.21,1298.07,1197.00,693.00,792.95
10,10,13,1527.35,1511.29,893.41,1635.47,982.05,632.59,801.47,769.94,369.21,1298.00,1197.00,693.00,792.91
10,10,14,1527.30,1511.25,893.37,1635.41,982.02,632.57,801.42,769.91,369.20,1297.93,1197.00,693.00,792.86
10,10,15,1527.26,1511.22,893.33,1635.34,981.99,632.55,801.38,769.88,369.19,1297.86,1197.00,693.00,792.81
10,10,16,1527.22,1511.19,893.30,1635.28,981.96,632.53,801.33,769.85,369.18,1297.79,1197.00,693.00,792.76
10,10,17,1527.17,1511.15,893.26,1635.22,981.93,632.51,801.29,769.83,369.17,1297.71,1197.00,693.00,792.71
10,10,18,1527.13,1511.12,893.22,1635.15,981.90,632.49,801.24,769.80,369.16,1297.64,1197.00,693.00,792.66
10,10,19,1527.09,1511.09,893.19,1635.09,981.87,632.47,801.20,769.77,369.15,1297.57,1197.00,693.00,792.61
10,10,20,1527.04,1511.05,893.15,1635.03,981.84,632.45,801.16,769.74,369.14,1297.50,1197.00,693.00,792.56
10,10,21,1527.00,1511.02,893.11,1634.96,981.80,632.43,801.11,769.71,369.13,1297.43,1197.00,693.00,792.52
10,10,22,1526.96,1510.99,893.07,1634.90,981.77,632.41,801.07,769.69,369.12,1297.35,1197.00,693.00,792.47
10,10,23,1526.91,1510.95,893.04,1634.83,981.74,632.39,801.02,769.66,369.11,1297.28,1197.00,693.00,792.42
10,10,24,1526.87,1510.92,893.00,1634.77,981.71,632.37,800.98,769.63,369.10,1297.21,1197.00,693.00,792.37
10,11,1,1526.83,1510.89,892.96,1634.70,981.68,632.35,800.94,769.60,369.09,1297.14,1197.00,693.00,792.32
10,11,2,1526.78,1510.85,892.92,1634.64,981.65,632.33,800.89,769.57,369.08,1297.07,1197.00,693.00,792.27
10,11,3,1526.74,1510.82,892.89,1634.57,981.62,632.31,800.85,769.55,369.07,1297.00,1197.00,693.00,792.22
10,11,4,1526.70,1510.79,892.85,1634.51,981.58,632.29,800.80,769.52,369.06,1296.93,1197.00,693.00,792.17
10,11,5,1526.65,1510.76,892.81,1634.44,981.55,632.27,800.76,769.49,369.05,1296.87,1197.00,693.00,792.12
10,11,6,1526.61,1510.72,892.77,1634.38,981.52,632.25,800.71,769.46,369.04,1296.80,1197.00,693.00,792.07
10,11,7,1526.57,1510.69,892.74,1634.31,981.49,632.23,800.67,769.43,369.03,1296.73,1197.00,693.00,792.03
10,11,8,1526.52,1510.66,892.70,1634.24,981.46,632.21,800.62,769.41,369.02,1296.66,1197.00,693.00,791.98
10,11,9,1526.48,1510.62,892.66,1634.18,981.43,632.19,800.58,769.38,369.01,1296.59,1197.00,693.00,791.93
10,11,10,1526.44,1510.59,892.62,1634.11,981.39,632.17,800.53,769.35,369.00,1296.52,1197.00,693.00,791.88
10,11,11,1526.39,1510.56,892.59,1634.05,981.36,632.15,800.49,769.32,368.99,1296.45,1197.00,693.00,791.83
10,11,12,1526.35,1510.53,892.55,1633.98,981.33,632.12,800.44,769.30,368.99,1296.39,1197.00,693.00,791.78
10,11,13,1526.31,1510.49,892.51,1633.91,981.30,632.10,800.40,769.27,368.98,1296.32,1197.00,693.00,791.73
10,11,14,1526.26,1510.46,892.47,1633.85,981.27,632.08,800.36,769.24,368.97,1296.25,1197.00,693.00,791.68
10,11,15,1526.22,1510.43,892.44,1633.78,981.24,632.06,800.31,769.21,368.96,1296.18,1197.00,693.00,791.63
10,11,16,1526.18,1510.39,892.40,1633.72,981.20,632.04,800.27,769.18,368.95,1296.11,1197.00,693.00,791.58
10,11,17,1526.13,1510.36,892.36,1633.65,981.17,632.02,800.22,769.16,368.94,1296.04,1197.00,693.00,791.53
10,11,18,1526.09,1510.33,892.32,1633.58,981.14,632.00,800.18,769.13,368.93,1295.97,1197.00,693.00,791.49
10,11,19,1526.05,1510.29,892.29,1633.52,981.11,631.98,800.13,769.10,368.92,1295.90,1197.00,693.00,791.44
10,11,20,1526.00,1510.26,892.25,1633.45,981.08,631.96,800.09,769.07,368.91,1295.84,1197.00,693.00,791.39
10,11,21,1525.96,1510.23,892.21,1633.39,981.05,631.94,800.04,769.04,368.90,1295.77,1197.00,693.00,791.34
10,11,22,1525.92,1510.20,892.17,1633.32,981.01,631.92,800.00,769.02,368.89,1295.70,1197.00,693.00,791.29
10,11,23,1525.87,1510.16,892.14,1633.26,980.98,631.90,799.95,768.99,368.88,1295.63,1197.00,693.00,791.24
10,11,24,1525.83,1510.13,892.10,1633.19,980.95,631.88,799.91,768.96,368.87,1295.56,1197.00,693.00,791.19
10,12,1,1525.79,1510.10,892.06,1633.13,980.92,631.86,799.87,768.93,368.86,1295.49,1197.00,693.00,791.14
10,12,2,1525.74,1510.06,892.02,1633.06,980.89,631.84,799.82,768.90,368.85,1295.42,1197.00,693.00,791.09
10,12,3,1525.70,1510.03,891.99,1633.00,980.86,631.82,799.78,768.87,368.84,1295.36,1197.00,693.00,791.04
10,12,4,1525.65,1509.99,891.95,1632.93,980.83,631.80,799.73,768.84,368.83,1295.29,1197.00,693.00,790.99
10,12,5,1525.61,1509.96,891.91,1632.87,980.79,631.78,799.69,768.81,368.82,1295.22,1197.00,693.00,790.94
10,12,6,1525.57,1509.92,891.87,1632.81,980.76,631.76,799.64,768.79,368.81,1295.15,1197.00,693.00,790.89
10,12,7,1525.52,1509.89,891.83,1632.74,980.73,631.74,799.60,768.76,368.80,1295.08,1197.00,693.00,790.84
10,12,8,1525.48,1509.85,891.80,1632.68,980.70,631.72,799.56,768.73,368.79,1295.01,1197.00,693.00,790.79
10,12,9,1525.44,1509.82,891.76,1632.62,980.67,631.70,799.51,768.70,368.78,1294.95,1197.00,693.00,790.74
10,12,10,1525.39,1509.78,891.72,1632.55,980.64,631.68,799.47,768.67,368.77,1294.88,1197.00,693.00,790.69
10,12,11,1525.35,1509.75,891.68,1632.49,980.61,631.66,799.42,768.64,368.76,1294.81,1197.00,693.00,790.64
10,12,12,1525.30,1509.72,891.64,1632.42,980.58,631.64,799.38,768.61,368.76,1294.74,1197.00,693.00,790.58
10,12,13,1525.26,1509.68,891.61,1632.36,980.54,631.61,799.34,768.58,368.75,1294.67,1197.00,693.00,790.53
10,12,14,1525.22,1509.65,891.57,1632.30,980.51,631.59,799.29,768.55,368.74,1294.60,1197.00,693.00,790.48
10,12,15,1525.17,1509.61,891.53,1632.23,980.48,631.57,799.25,768.52,368.73,1294.54,1197.00,693.00,790.43
10,12,16,1525.13,1509.58,891.49,1632.17,980.45,631.55,799.20,768.49,368.72,1294.47,1197.00,693.00,790.38
10,12,17,1525.09,1509.54,891.46,1632.11,980.42,631.53,799.16,768.46,368.71,1294.40,1197.00,693.00,790.33
10,12,18,1525.04,1509.51,891.42,1632.04,980.39,631.51,799.11,768.44,368.70,1294.33,1197.00,693.00,790.28
10,12,19,1525.00,1509.47,891.38,1631.98,980.36,631.49,799.07,768.41,368.69,1294.26,1197.00,693.00,790.23
10,12,20,1524.96,1509.44,891.34,1631.92,980.33,631.47,799.03,768.38,368.68,1294.19,1197.00,693.00,790.18
10,12,21,1524.91,1509.40,891.30,1631.85,980.29,631.45,798.98,768.35,368.67,1294.13,1197.00,693.00,790.13
10,12,22,1524.87,1509.37,891.27,1631.79,980.26,631.43,798.94,768.32,368.66,1294.06,1197.00,693.00,790.08
10,12,23,1524.82,1509.33,891.23,1631.72,980.23,631.41,798.89,768.29,368.65,1293.99,1197.00,693.00,790.03
10,12,24,1524.78,1509.30,891.19,1631.66,980.20,631.39,798.85,768.26,368.64,1293.92,1197.00,693.00,789.98
10,13,1,1524.74,1509.27,891.15,1631.59,980.17,631.37,798.80,768.23,368.63,1293.85,1197.00,693.00,789.93
10,13,2,1524.69,1509.23,891.12,1631.53,980.14,631.35,798.76,768.20,368.62,1293.78,1197.00,693.00,789.88
10,13,3,1524.65,1509.20,891.08,1631.46,980.10,631.33,798.71,768.17,368.61,1293.70,1197.00,693.00,789.83
10,13,4,1524.60,1509.17,891.04,1631.40,980.07,631.31,798.67,768.14,368.60,1293.63,1197.00,693.00,789.78
10,13,5,1524.56,1509.13,891.00,1631.33,980.04,631.29,798.62,768.11,368.59,1293.56,1197.00,693.00,789.73
10,13,6,1524.52,1509.10,890.96,1631.27,980.01,631.27,798.58,768.08,368.58,1293.49,1197.00,693.00,789.67
10,13,7,1524.47,1509.06,890.93,1631.20,979.98,631.25,798.53,768.05,368.57,1293.42,1197.00,693.00,789.62
10,13,8,1524.43,1509.03,890.89,1631.14,979.94,631.23,798.49,768.02,368.56,1293.34,1197.00,693.00,789.57
10,13,9,1524.38,1509.00,890.85,1631.07,979.91,631.21,798.44,767.99,368.55,1293.27,1197.00,693.00,789.52
10,13,10,1524.34,1508.96,890.81,1631.01,979.88,631.19,798.40,767.96,368.54,1293.20,1197.00,693.00,789.47
10,13,11,1524.29,1508.93,890.78,1630.94,979.85,631.17,798.35,767.93,368.53,1293.13,1197.00,693.00,789.42
10,13,12,1524.25,1508.90,890.74,1630.88,979.82,631.15,798.30,767.90,368.53,1293.05,1197.00,693.00,789.37
10,13,13,1524.21,1508.86,890.70,1630.81,979.78,631.12,798.26,767.88,368.52,1292.98,1197.00,693.00,789.32
10,13,14,1524.16,1508.83,890.66,1630.74,979.75,631.10,798.21,767.85,368.51,1292.91,1197.00,693.00,789.27
10,13,15,1524.12,1508.79,890.63,1630.68,979.72,631.08,798.17,767.82,368.50,1292.84,1197.00,693.00,789.22
10,13,16,1524.07,1508.76,890.59,1630.61,979.69,631.06,798.12,767.79,368.49,1292.77,1197.00,693.00,789.17
10,13,17,1524.03,1508.73,890.55,1630.55,979.65,631.04,798.08,767.76,368.48,1292.69,1197.00,693.00,789.12
10,13,18,1523.98,1508.69,890.51,1630.48,979.62,631.02,798.03,767.73,368.47,1292.62,1197.00,693.00,789.07
10,13,19,1523.94,1508.66,890.48,1630.42,979.59,631.00,797.99,767.70,368.46,1292.55,1197.00,693.00,789.01
10,13,20,1523.90,1508.62,890.44,1630.35,979.56,630.98,797.94,767.67,368.45,1292.48,1197.00,693.00,788.96
10,13,21,1523.85,1508.59,890.40,1630.29,979.53,630.96,797.90,767.64,368.44,1292.41,1197.00,693.00,788.91
10,13,22,1523.81,1508.56,890.36,1630.22,979.49,630.94,797.85,767.61,368.43,1292.33,1197.00,693.00,788.86
10,13,23,1523.76,1508.52,890.33,1630.16,979.46,630.92,797.81,767.58,368.42,1292.26,1197.00,693.00,788.81
10,13,24,1523.72,1508.49,890.29,1630.09,979.43,630.90,797.76,767.55,368.41,1292.19,1197.00,693.00,788.76
10,14,1,1523.68,1508.46,890.25,1630.02,979.40,630.88,797.71,767.52,368.40,1292.11,1197.00,693.00,788.71
10,14,2,1523.63,1508.42,890.21,1629.96,979.36,630.86,797.66,767.49,368.39,1292.04,1197.00,693.00,788.66
10,14,3,1523.59,1508.39,890.17,1629.89,979.33,630.84,797.61,767.46,368.38,1291.96,1197.00,693.00,788.61
10,14,4,1523.54,1508.36,890.14,1629.82,979.30,630.82,797.56,767.43,368.37,1291.88,1197.00,693.00,788.55
10,14,5,1523.50,1508.32,890.10,1629.75,979.27,630.80,797.51,767.40,368.36,1291.81,1197.00,693.00,788.50
10,14,6,1523.45,1508.29,890.06,1629.69,979.24,630.78,797.46,767.37,368.35,1291.73,1197.00,693.00,788.45
10,14,7,1523.41,1508.26,890.02,1629.62,979.20,630.76,797.41,767.34,368.34,1291.66,1197.00,693.00,788.40
10,14,8,1523.36,1508.22,889.98,1629.55,979.17,630.74,797.36,767.31,368.33,1291.58,1197.00,693.00,788.35
10,14,9,1523.32,1508.19,889.94,1629.49,979.14,630.72,797.31,767.28,368.32,1291.50,1197.00,693.00,788.30
10,14,10,1523.27,1508.16,889.91,1629.42,979.11,630.70,797.26,767.25,368.31,1291.43,1197.00,693.00,788.24
10,14,11,1523.23,1508.12,889.87,1629.35,979.07,630.68,797.21,767.22,368.30,1291.35,1197.00,693.00,788.19
10,14,12,1523.18,1508.09,889.83,1629.28,979.04,630.65,797.17,767.19,368.29,1291.27,1197.00,693.00,788.14
10,14,13,1523.14,1508.06,889.79,1629.22,979.01,630.63,797.12,767.16,368.27,1291.20,1197.00,693.00,788.09
10,14,14,1523.10,1508.02,889.75,1629.15,978.98,630.61,797.07,767.13,368.26,1291.12,1197.00,693.00,788.04
10,14,15,1523.05,1507.99,889.71,1629.08,978.94,630.59,797.02,767.10,368.25,1291.05,1197.00,693.00,787.99
10,14,16,1523.01,1507.96,889.68,1629.02,978.91,630.57,796.97,767.07,368.24,1290.97,1197.00,693.00,787.93
10,14,17,1522.96,1507.92,889.64,1628.95,978.88,630.55,796.92,767.04,368.23,1290.89,1197.00,693.00,787.88
10,14,18,1522.92,1507.89,889.60,1628.88,978.85,630.53,796.87,767.01,368.22,1290.82,1197.00,693.00,787.83
10,14,19,1522.87,1507.86,889.56,1628.82,978.81,630.51,796.82,766.98,368.21,1290.74,1197.00,693.00,787.78
10,14,20,1522.83,1507.82,889.52,1628.75,978.78,630.49,796.77,766.95,368.20,1290.66,1197.00,693.00,787.73
10,14,21,1522.78,1507.79,889.48,1628.68,978.75,630.47,796.72,766.92,368.19,1290.59,1197.00,693.00,787.68
10,14,22,1522.74,1507.76,889.45,1628.61,978.72,630.45,796.67,766.89,368.18,1290.51,1197.00,693.00,787.62
10,14,23,1522.69,1507.72,889.41,1628.55,978.68,630.43,796.62,766.86,368.17,1290.44,1197.00,693.00,787.57
10,14,24,1522.65,1507.69,889.37,1628.48,978.65,630.41,796.57,766.83,368.16,1290.36,1197.00,693.00,787.52
10,15,1,1522.61,1507.66,889.33,1628.41,978.62,630.39,796.52,766.80,368.15,1290.29,1197.00,693.00,787.47
10,15,2,1522.56,1507.62,889.29,1628.35,978.59,630.37,796.47,766.77,368.14,1290.21,1197.00,693.00,787.41
10,15,3,1522.52,1507.59,889.26,1628.28,978.55,630.35,796.42,766.74,368.13,1290.14,1197.00,693.00,787.36
10,15,4,1522.47,1507.56,889.22,1628.21,978.52,630.33,796.37,766.71,368.12,1290.06,1197.00,693.00,787.31
10,15,5,1522.43,1507.52,889.18,1628.14,978.49,630.31,796.32,766.68,368.11,1289.99,1197.00,693.00,787.26
10,15,6,1522.38,1507.49,889.14,1628.08,978.46,630.29,796.28,766.65,368.10,1289.91,1197.00,693.00,787.20
10,15,7,1522.34,1507.46,889.10,1628.01,978.42,630.27,796.23,766.61,368.09,1289.84,1197.00,693.00,787.15
10,15,8,1522.29,1507.42,889.07,1627.94,978.39,630.25,796.18,766.58,368.08,1289.76,1197.00,693.00,787.10
10,15,9,1522.25,1507.39,889.03,1627.88,978.36,630.23,796.13,766.55,368.07,1289.69,1197.00,693.00,787.04
10,15,10,1522.20,1507.36,888.99,1627.81,978.33,630.21,796.08,766.52,368.06,1289.61,1197.00,693.00,786.99
10,15,11,1522.16,1507.32,888.95,1627.74,978.29,630.19,796.03,766.49,368.05,1289.54,1197.00,693.00,786.94
10,15,12,1522.11,1507.29,888.92,1627.67,978.26,630.16,795.98,766.46,368.04,1289.46,1197.00,693.00,786.89
10,15,13,1522.07,1507.26,888.88,1627.61,978.23,630.14,795.93,766.43,368.03,1289.39,1197.00,693.00,786.83
10,15,14,1522.03,1507.22,888.84,1627.54,978.20,630.12,795.88,766.40,368.02,1289.32,1197.00,693.00,786.78
10,15,15,1521.98,1507.19,888.80,1627.47,978.16,630.10,795.83,766.37,368.01,1289.24,1197.00,693.00,786.73
10,15,16,1521.94,1507.16,888.76,1627.41,978.13,630.08,795.78,766.34,368.00,1289.17,1197.00,693.00,786.67
10,15,17,1521.89,1507.12,888.73,1627.34,978.10,630.06,795.73,766.31,367.99,1289.09,1197.00,693.00,786.62
10,15,18,1521.85,1507.09,888.69,1627.27,978.07,630.04,795.69,766.28,367.98,1289.02,1197.00,693.00,786.57
10,15,19,1521.80,1507.06,888.65,1627.21,978.03,630.02,795.64,766.24,367.97,1288.94,1197.00,693.00,786.51
10,15,20,1521.76,1507.02,888.61,1627.14,978.00,630.00,795.59,766.21,367.96,1288.87,1197.00,693.00,786.46
10,15,21,1521.71,1506.99,888.57,1627.07,977.97,629.98,795.54,766.18,367.95,1288.79,1197.00,693.00,786.41
10,15,22,1521.67,1506.96,888.54,1627.00,977.93,629.96,795.49,766.15,367.94,1288.72,1197.00,693.00,786.36
10,15,23,1521.62,1506.92,888.50,1626.94,977.90,629.94,795.44,766.12,367.93,1288.64,1197.00,693.00,786.30
10,15,24,1521.58,1506.89,888.46,1626.87,977.87,629.92,795.39,766.09,367.92,1288.57,1197.00,693.00,786.25
10,16,1,1521.53,1506.86,888.42,1626.80,977.84,629.90,795.34,766.06,367.91,1288.49,1197.00,693.00,786.20
10,16,2,1521.49,1506.82,888.38,1626.74,977.80,629.88,795.29,766.03,367.90,1288.41,1197.00,693.00,786.14
10,16,3,1521.44,1506.79,888.35,1626.67,977.77,629.86,795.24,766.00,367.89,1288.33,1197.00,693.00,786.09
10,16,4,1521.40,1506.76,888.31,1626.61,977.74,629.84,795.19,765.97,367.88,1288.25,1197.00,693.00,786.04
10,16,5,1521.35,1506.72,888.27,1626.54,977.71,629.82,795.14,765.93,367.87,1288.18,1197.00,693.00,785.98
10,16,6,1521.31,1506.69,888.23,1626.47,977.68,629.80,795.09,765.90,367.86,1288.10,1197.00,693.00,785.93
10,16,7,1521.26,1506.66,888.19,1626.41,977.64,629.78,795.04,765.87,367.85,1288.02,1197.00,693.00,785.87
10,16,8,1521.22,1506.62,888.15,1626.34,977.61,629.76,794.99,765.84,367.84,1287.94,1197.00,693.00,785.82
10,16,9,1521.17,1506.59,888.12,1626.27,977.58,629.74,794.94,765.81,367.83,1287.86,1197.00,693.00,785.77
10,16,10,1521.13,1506.56,888.08,1626.21,977.55,629.72,794.89,765.78,367.82,1287.78,1197.00,693.00,785.71
10,16,11,1521.08,1506.52,888.04,1626.14,977.51,629.70,794.84,765.75,367.81,1287.70,1197.00,693.00,785.66
10,16,12,1521.04,1506.49,888.00,1626.08,977.48,629.67,794.80,765.72,367.80,1287.62,1197.00,693.00,785.61
10,16,13,1520.99,1506.46,887.96,1626.01,977.45,629.65,794.75,765.68,367.78,1287.55,1197.00,693.00,785.55
10,16,14,1520.95,1506.42,887.92,1625.94,977.42,629.63,794.70,765.65,367.77,1287.47,1197.00,693.00,785.50
10,16,15,1520.90,1506.39,887.88,1625.88,977.38,629.61,794.65,765.62,367.76,1287.39,1197.00,693.00,785.44
10,16,16,1520.86,1506.36,887.85,1625.81,977.35,629.59,794.60,765.59,367.75,1287.31,1197.00,693.00,785.39
10,16,17,1520.81,1506.32,887.81,1625.74,977.32,629.57,794.55,765.56,367.74,1287.23,1197.00,693.00,785.34
10,16,18,1520.77,1506.29,887.77,1625.68,977.29,629.55,794.50,765.53,367.73,1287.15,1197.00,693.00,785.28
10,16,19,1520.72,1506.26,887.73,1625.61,977.25,629.53,794.45,765.50,367.72,1287.07,1197.00,693.00,785.23
10,16,20,1520.68,1506.22,887.69,1625.55,977.22,629.51,794.40,765.47,367.71,1287.00,1197.00,693.00,785.18
10,16,21,1520.63,1506.19,887.65,1625.48,977.19,629.49,794.35,765.43,367.70,1286.92,1197.00,693.00,785.12
10,16,22,1520.59,1506.16,887.62,1625.41,977.16,629.47,794.30,765.40,367.69,1286.84,1197.00,693.00,785.07
10,16,23,1520.54,1506.12,887.58,1625.35,977.12,629.45,794.25,765.37,367.68,1286.76,1197.00,693.00,785.01
10,16,24,1520.50,1506.09,887.54,1625.28,977.09,629.43,794.20,765.34,367.67,1286.68,1197.00,693.00,784.96
10,17,1,1520.45,1506.06,887.50,1625.21,977.06,629.41,794.15,765.31,367.66,1286.60,1197.00,693.00,784.91
10,17,2,1520.41,1506.02,887.46,1625.14,977.03,629.39,794.10,765.28,367.65,1286.52,1197.00,693.00,784.85
10,17,3,1520.36,1505.99,887.42,1625.08,976.99,629.37,794.05,765.24,367.64,1286.44,1197.00,693.00,784.80
10,17,4,1520.32,1505.95,887.38,1625.01,976.96,629.35,794.00,765.21,367.63,1286.36,1197.00,693.00,784.74
10,17,5,1520.27,1505.92,887.35,1624.94,976.93,629.33,793.95,765.18,367.62,1286.28,1197.00,693.00,784.69
10,17,6,1520.23,1505.88,887.31,1624.87,976.90,629.31,793.91,765.15,367.61,1286.21,1197.00,693.00,784.63
10,17,7,1520.18,1505.85,887.27,1624.80,976.86,629.29,793.86,765.12,367.59,1286.13,1197.00,693.00,784.58
10,17,8,1520.14,1505.81,887.23,1624.73,976.83,629.27,793.81,765.08,367.58,1286.05,1197.00,693.00,784.52
10,17,9,1520.09,1505.78,887.19,1624.67,976.80,629.25,793.76,765.05,367.57,1285.97,1197.00,693.00,784.47
10,17,10,1520.05,1505.74,887.15,1624.60,976.77,629.23,793.71,765.02,367.56,1285.89,1197.00,693.00,784.41
10,17,11,1520.00,1505.71,887.11,1624.53,976.73,629.21,793.66,764.99,367.55,1285.81,1197.00,693.00,784.36
10,17,12,1519.96,1505.67,887.07,1624.46,976.70,629.18,793.61,764.96,367.54,1285.73,1197.00,693.00,784.30
10,17,13,1519.91,1505.64,887.04,1624.39,976.67,629.16,793.56,764.92,367.53,1285.65,1197.00,693.00,784.25
10,17,14,1519.86,1505.61,887.00,1624.32,976.64,629.14,793.51,764.89,367.52,1285.57,1197.00,693.00,784.19
10,17,15,1519.82,1505.57,886.96,1624.26,976.60,629.12,793.46,764.86,367.51,1285.49,1197.00,693.00,784.14
10,17,16,1519.77,1505.54,886.92,1624.19,976.57,629.10,793.41,764.83,367.50,1285.41,1197.00,693.00,784.08
10,17,17,1519.73,1505.50,886.88,1624.12,976.54,629.08,793.36,764.79,367.49,1285.33,1197.00,693.00,784.03
10,17,18,1519.68,1505.47,886.84,1624.05,976.51,629.06,793.32,764.76,367.48,1285.26,1197.00,693.00,783.97
10,17,19,1519.64,1505.43,886.80,1623.98,976.47,629.04,793.27,764.73,367.46,1285.18,1197.00,693.00,783.92
10,17,20,1519.59,1505.40,886.76,1623.91,976.44,629.02,793.22,764.70,367.45,1285.10,1197.00,693.00,783.86
10,17,21,1519.55,1505.36,886.73,1623.85,976.41,629.00,793.17,764.67,367.44,1285.02,1197.00,693.00,783.81
10,17,22,1519.50,1505.33,886.69,1623.78,976.38,628.98,793.12,764.63,367.43,1284.94,1197.00,693.00,783.75
10,17,23,1519.46,1505.29,886.65,1623.71,976.34,628.96,793.07,764.60,367.42,1284.86,1197.00,693.00,783.70
10,17,24,1519.41,1505.26,886.61,1623.64,976.31,628.94,793.02,764.57,367.41,1284.78,1197.00,693.00,783.64
10,18,1,1519.36,1505.23,886.57,1623.57,976.28,628.92,792.96,764.54,367.40,1284.70,1197.00,693.00,783.58
10,18,2,1519.32,1505.19,886.53,1623.50,976.25,628.90,792.91,764.50,367.39,1284.62,1197.00,693.00,783.53
10,18,3,1519.27,1505.16,886.49,1623.43,976.21,628.88,792.85,764.47,367.38,1284.54,1197.00,693.00,783.47
10,18,4,1519.23,1505.12,886.46,1623.36,976.18,628.86,792.80,764.44,367.37,1284.46,1197.00,693.00,783.42
10,18,5,1519.18,1505.09,886.42,1623.29,976.15,628.84,792.74,764.41,367.36,1284.38,1197.00,693.00,783.36
10,18,6,1519.14,1505.06,886.38,1623.22,976.12,628.82,792.69,764.37,367.35,1284.30,1197.00,693.00,783.31
10,18,7,1519.09,1505.02,886.34,1623.15,976.08,628.80,792.63,764.34,367.33,1284.22,1197.00,693.00,783.25
10,18,8,1519.05,1504.99,886.30,1623.08,976.05,628.78,792.58,764.31,367.32,1284.14,1197.00,693.00,783.19
10,18,9,1519.00,1504.96,886.26,1623.01,976.02,628.76,792.52,764.27,367.31,1284.06,1197.00,693.00,783.14
10,18,10,1518.96,1504.92,886.23,1622.94,975.99,628.74,792.47,764.24,367.30,1283.98,1197.00,693.00,783.08
10,18,11,1518.91,1504.89,886.19,1622.87,975.95,628.72,792.41,764.21,367.29,1283.90,1197.00,693.00,783.03
10,18,12,1518.86,1504.85,886.15,1622.80,975.92,628.70,792.36,764.18,367.28,1283.82,1197.00,693.00,782.97
10,18,13,1518.82,1504.82,886.11,1622.74,975.89,628.67,792.30,764.14,367.27,1283.74,1197.00,693.00,782.91
10,18,14,1518.77,1504.79,886.07,1622.67,975.86,628.65,792.24,764.11,367.26,1283.66,1197.00,693.00,782.86
10,18,15,1518.73,1504.75,886.03,1622.60,975.82,628.63,792.19,764.08,367.25,1283.58,1197.00,693.00,782.80
10,18,16,1518.68,1504.72,886.00,1622.53,975.79,628.61,792.13,764.04,367.24,1283.50,1197.00,693.00,782.75
10,18,17,1518.64,1504.69,885.96,1622.46,975.76,628.59,792.08,764.01,367.23,1283.42,1197.00,693.00,782.69
10,18,18,1518.59,1504.65,885.92,1622.39,975.73,628.57,792.02,763.98,367.21,1283.34,1197.00,693.00,782.63
10,18,19,1518.55,1504.62,885.88,1622.32,975.69,628.55,791.97,763.94,367.20,1283.26,1197.00,693.00,782.58
10,18,20,1518.50,1504.58,885.84,1622.25,975.66,628.53,791.91,763.91,367.19,1283.18,1197.00,693.00,782.52
10,18,21,1518.46,1504.55,885.81,1622.18,975.63,628.51,791.86,763.88,367.18,1283.10,1197.00,693.00,782.47
10,18,22,1518.41,1504.52,885.77,1622.11,975.60,628.49,791.80,763.85,367.17,1283.02,1197.00,693.00,782.41
10,18,23,1518.37,1504.48,885.73,1622.04,975.56,628.47,791.75,763.81,367.16,1282.94,1197.00,693.00,782.36
10,18,24,1518.32,1504.45,885.69,1621.97,975.53,628.45,791.69,763.78,367.15,1282.86,1197.00,693.00,782.30
10,19,1,1518.27,1504.42,885.65,1621.90,975.50,628.43,791.63,763.75,367.14,1282.77,1197.00,693.00,782.24
10,19,2,1518.23,1504.38,885.61,1621.83,975.47,628.41,791.58,763.71,367.13,1282.69,1197.00,693.00,782.19
10,19,3,1518.18,1504.35,885.57,1621.76,975.43,628.39,791.52,763.68,367.12,1282.60,1197.00,693.00,782.13
10,19,4,1518.14,1504.32,885.53,1621.69,975.40,628.37,791.47,763.65,367.10,1282.52,1197.00,693.00,782.07
10,19,5,1518.09,1504.28,885.49,1621.62,975.37,628.35,791.41,763.61,367.09,1282.43,1197.00,693.00,782.01
10,19,6,1518.04,1504.25,885.46,1621.55,975.34,628.33,791.36,763.58,367.08,1282.35,1197.00,693.00,781.96
10,19,7,1518.00,1504.22,885.42,1621.48,975.30,628.31,791.30,763.54,367.07,1282.26,1197.00,693.00,781.90
10,19,8,1517.95,1504.18,885.38,1621.41,975.27,628.29,791.25,763.51,367.06,1282.18,1197.00,693.00,781.84
10,19,9,1517.91,1504.15,885.34,1621.34,975.24,628.27,791.19,763.48,367.05,1282.09,1197.00,693.00,781.79
10,19,10,1517.86,1504.12,885.30,1621.27,975.21,628.25,791.14,763.44,367.04,1282.01,1197.00,693.00,781.73
10,19,11,1517.82,1504.08,885.26,1621.20,975.17,628.23,791.08,763.41,367.03,1281.92,1197.00,693.00,781.67
10,19,12,1517.77,1504.05,885.22,1621.14,975.14,628.21,791.02,763.38,367.01,1281.84,1197.00,693.00,781.61
10,19,13,1517.72,1504.02,885.18,1621.07,975.11,628.18,790.97,763.34,367.00,1281.75,1197.00,693.00,781.56
10,19,14,1517.68,1503.98,885.14,1621.00,975.08,628.16,790.91,763.31,366.99,1281.67,1197.00,693.00,781.50
10,19,15,1517.63,1503.95,885.10,1620.93,975.04,628.14,790.86,763.27,366.98,1281.58,1197.00,693.00,781.44
10,19,16,1517.59,1503.92,885.06,1620.86,975.01,628.12,790.80,763.24,366.97,1281.50,1197.00,693.00,781.39
10,19,17,1517.54,1503.88,885.02,1620.79,974.98,628.10,790.75,763.21,366.96,1281.41,1197.00,693.00,781.33
10,19,18,1517.49,1503.85,884.99,1620.72,974.95,628.08,790.69,763.17,366.95,1281.33,1197.00,693.00,781.27
10,19,19,1517.45,1503.82,884.95,1620.65,974.91,628.06,790.64,763.14,366.94,1281.24,1197.00,693.00,781.22
10,19,20,1517.40,1503.78,884.91,1620.58,974.88,628.04,790.58,763.10,366.93,1281.16,1197.00,693.00,781.16
10,19,21,1517.36,1503.75,884.87,1620.51,974.85,628.02,790.53,763.07,366.91,1281.07,1197.00,693.00,781.10
10,19,22,1517.31,1503.72,884.83,1620.44,974.82,628.00,790.47,763.04,366.90,1280.99,1197.00,693.00,781.04
10,19,23,1517.27,1503.68,884.79,1620.37,974.78,627.98,790.42,763.00,366.89,1280.90,1197.00,693.00,780.99
10,19,24,1517.22,1503.65,884.75,1620.30,974.75,627.96,790.36,762.97,366.88,1280.82,1197.00,693.00,780.93
10,20,1,1517.17,1503.62,884.71,1620.23,974.72,627.94,790.30,762.94,366.87,1280.74,1197.00,693.00,780.87
10,20,2,1517.13,1503.58,884.67,1620.16,974.68,627.92,790.25,762.90,366.86,1280.66,1197.00,693.00,780.81
10,20,3,1517.08,1503.55,884.63,1620.09,974.65,627.90,790.19,762.87,366.85,1280.58,1197.00,693.00,780.75
10,20,4,1517.03,1503.52,884.59,1620.02,974.62,627.88,790.14,762.83,366.84,1280.50,1197.00,693.00,780.70
10,20,5,1516.99,1503.48,884.55,1619.95,974.58,627.86,790.08,762.80,366.82,1280.42,1197.00,693.00,780.64
10,20,6,1516.94,1503.45,884.51,1619.88,974.55,627.84,790.03,762.76,366.81,1280.34,1197.00,693.00,780.58
10,20,7,1516.90,1503.41,884.48,1619.81,974.52,627.82,789.97,762.73,366.80,1280.27,1197.00,693.00,780.52
10,20,8,1516.85,1503.38,884.44,1619.74,974.48,627.80,789.92,762.69,366.79,1280.19,1197.00,693.00,780.46
10,20,9,1516.80,1503.35,884.40,1619.67,974.45,627.78,789.86,762.66,366.78,1280.11,1197.00,693.00,780.41
10,20,10,1516.76,1503.31,884.36,1619.60,974.42,627.76,789.81,762.62,366.77,1280.03,1197.00,693.00,780.35
10,20,11,1516.71,1503.28,884.32,1619.53,974.38,627.74,789.75,762.59,366.76,1279.95,1197.00,693.00,780.29
10,20,12,1516.66,1503.24,884.28,1619.47,974.35,627.71,789.70,762.55,366.74,1279.87,1197.00,693.00,780.23
10,20,13,1516.62,1503.21,884.24,1619.40,974.32,627.69,789.64,762.52,366.73,1279.79,1197.00,693.00,780.17
10,20,14,1516.57,1503.18,884.20,1619.33,974.28,627.67,789.58,762.49,366.72,1279.71,1197.00,693.00,780.11
10,20,15,1516.53,1503.14,884.16,1619.26,974.25,627.65,789.53,762.45,366.71,1279.63,1197.00,693.00,780.06
10,20,16,1516.48,1503.11,884.12,1619.19,974.22,627.63,789.47,762.42,366.70,1279.55,1197.00,693.00,780.00
10,20,17,1516.43,1503.08,884.08,1619.12,974.18,627.61,789.42,762.38,366.69,1279.47,1197.00,693.00,779.94
10,20,18,1516.39,1503.04,884.04,1619.05,974.15,627.59,789.36,762.35,366.68,1279.40,1197.00,693.00,779.88
10,20,19,1516.34,1503.01,884.01,1618.98,974.12,627.57,789.31,762.31,366.67,1279.32,1197.00,693.00,779.82
10,20,20,1516.29,1502.97,883.97,1618.91,974.08,627.55,789.25,762.28,366.65,1279.24,1197.00,693.00,779.76
10,20,21,1516.25,1502.94,883.93,1618.84,974.05,627.53,789.20,762.24,366.64,1279.16,1197.00,693.00,779.71
10,20,22,1516.20,1502.91,883.89,1618.77,974.02,627.51,789.14,762.21,366.63,1279.08,1197.00,693.00,779.65
10,20,23,1516.16,1502.87,883.85,1618.70,973.98,627.49,789.09,762.17,366.62,1279.00,1197.00,693.00,779.59
10,20,24,1516.11,1502.84,883.81,1618.63,973.95,627.47,789.03,762.14,366.61,1278.92,1197.00,693.00,779.53
10,21,1,1516.06,1502.81,883.77,1618.56,973.92,627.45,788.97,762.10,366.60,1278.83,1197.00,693.00,779.47
10,21,2,1516.02,1502.77,883.73,1618.49,973.88,627.43,788.92,762.07,366.59,1278.73,1197.00,693.00,779.41
10,21,3,1515.97,1502.74,883.69,1618.42,973.85,627.41,788.86,762.03,366.57,1278.64,1197.00,693.00,779.35
10,21,4,1515.92,1502.70,883.65,1618.35,973.82,627.39,788.80,762.00,366.56,1278.54,1197.00,693.00,779.29
10,21,5,1515.88,1502.67,883.61,1618.28,973.79,627.37,788.74,761.96,366.55,1278.45,1197.00,693.00,779.23
10,21,6,1515.83,1502.63,883.57,1618.21,973.75,627.35,788.69,761.93,366.54,1278.35,1197.00,693.00,779.17
10,21,7,1515.78,1502.60,883.54,1618.14,973.72,627.33,788.63,761.89,366.53,1278.26,1197.00,693.00,779.11
10,21,8,1515.74,1502.56,883.50,1618.07,973.69,627.31,788.57,761.85,366.52,1278.16,1197.00,693.00,779.05
10,21,9,1515.69,1502.53,883.46,1618.00,973.65,627.29,788.51,761.82,366.50,1278.07,1197.00,693.00,778.99
10,21,10,1515.64,1502.49,883.42,1617.93,973.62,627.27,788.46,761.78,366.49,1277.97,1197.00,693.00,778.93
10,21,11,1515.60,1502.46,883.38,1617.86,973.59,627.25,788.40,761.75,366.48,1277.88,1197.00,693.00,778.87
10,21,12,1515.55,1502.42,883.34,1617.79,973.55,627.22,788.34,761.71,366.47,1277.78,1197.00,693.00,778.82
10,21,13,1515.50,1502.39,883.30,1617.73,973.52,627.20,788.28,761.67,366.46,1277.69,1197.00,693.00,778.76
10,21,14,1515.46,1502.36,883.26,1617.66,973.49,627.18,788.23,761.64,366.45,1277.59,1197.00,693.00,778.70
10,21,15,1515.41,1502.32,883.22,1617.59,973.46,627.16,788.17,761.60,366.43,1277.50,1197.00,693.00,778.64
10,21,16,1515.36,1502.29,883.18,1617.52,973.42,627.14,788.11,761.57,366.42,1277.40,1197.00,693.00,778.58
10,21,17,1515.32,1502.25,883.14,1617.45,973.39,627.12,788.05,761.53,366.41,1277.31,1197.00,693.00,778.52
10,21,18,1515.27,1502.22,883.10,1617.38,973.36,627.10,788.00,761.50,366.40,1277.21,1197.00,693.00,778.46
10,21,19,1515.22,1502.18,883.07,1617.31,973.32,627.08,787.94,761.46,366.39,1277.12,1197.00,693.00,778.40
10,21,20,1515.18,1502.15,883.03,1617.24,973.29,627.06,787.88,761.42,366.38,1277.02,1197.00,693.00,778.34
10,21,21,1515.13,1502.11,882.99,1617.17,973.26,627.04,787.82,761.39,366.36,1276.93,1197.00,693.00,778.28
10,21,22,1515.08,1502.08,882.95,1617.10,973.23,627.02,787.77,761.35,366.35,1276.83,1197.00,693.00,778.22
10,21,23,1515.04,1502.04,882.91,1617.03,973.19,627.00,787.71,761.32,366.34,1276.74,1197.00,693.00,778.16
10,21,24,1514.99,1502.01,882.87,1616.96,973.16,626.98,787.65,761.28,366.33,1276.64,1197.00,693.00,778.10
10,22,1,1514.94,1501.98,882.83,1616.89,973.13,626.96,787.59,761.24,366.32,1276.55,1197.00,693.00,778.04
10,22,2,1514.90,1501.94,882.79,1616.82,973.09,626.93,787.52,761.21,366.31,1276.47,1197.00,693.00,777.98
10,22,3,1514.85,1501.91,882.75,1616.75,973.06,626.91,787.46,761.17,366.29,1276.38,1197.00,693.00,777.92
10,22,4,1514.80,1501.88,882.71,1616.68,973.03,626.89,787.40,761.13,366.28,1276.30,1197.00,693.00,777.86
10,22,5,1514.76,1501.84,882.67,1616.61,972.99,626.87,787.33,761.10,366.27,1276.21,1197.00,693.00,777.80
10,22,6,1514.71,1501.81,882.63,1616.54,972.96,626.84,787.27,761.06,366.26,1276.12,1197.00,693.00,777.74
10,22,7,1514.66,1501.78,882.59,1616.47,972.93,626.82,787.21,761.02,366.25,1276.04,1197.00,693.00,777.68
10,22,8,1514.62,1501.74,882.55,1616.40,972.89,626.80,787.14,760.99,366.23,1275.95,1197.00,693.00,777.62
10,22,9,1514.57,1501.71,882.51,1616.33,972.86,626.78,787.08,760.95,366.22,1275.86,1197.00,693.00,777.56
10,22,10,1514.52,1501.68,882.47,1616.26,972.83,626.75,787.02,760.91,366.21,1275.78,1197.00,693.00,777.50
10,22,11,1514.48,1501.64,882.43,1616.19,972.79,626.73,786.95,760.88,366.20,1275.69,1197.00,693.00,777.44
10,22,12,1514.43,1501.61,882.39,1616.12,972.76,626.71,786.89,760.84,366.18,1275.60,1197.00,693.00,777.38
10,22,13,1514.38,1501.58,882.35,1616.06,972.73,626.69,786.83,760.80,366.17,1275.52,1197.00,693.00,777.31
10,22,14,1514.34,1501.54,882.31,1615.99,972.69,626.66,786.76,760.77,366.16,1275.43,1197.00,693.00,777.25
10,22,15,1514.29,1501.51,882.27,1615.92,972.66,626.64,786.70,760.73,366.15,1275.35,1197.00,693.00,777.19
10,22,16,1514.24,1501.48,882.23,1615.85,972.63,626.62,786.64,760.69,366.14,1275.26,1197.00,693.00,777.13
10,22,17,1514.20,1501.44,882.19,1615.78,972.59,626.60,786.57,760.66,366.12,1275.17,1197.00,693.00,777.07
10,22,18,1514.15,1501.41,882.15,1615.71,972.56,626.57,786.51,760.62,366.11,1275.09,1197.00,693.00,777.01
10,22,19,1514.10,1501.38,882.11,1615.64,972.53,626.55,786.45,760.58,366.10,1275.00,1197.00,693.00,776.95
10,22,20,1514.06,1501.34,882.07,1615.57,972.49,626.53,786.38,760.55,366.09,1274.91,1197.00,693.00,776.89
10,22,21,1514.01,1501.31,882.03,1615.50,972.46,626.51,786.32,760.51,366.08,1274.83,1197.00,693.00,776.83
10,22,22,1513.96,1501.28,881.99,1615.43,972.43,626.49,786.26,760.47,366.06,1274.74,1197.00,693.00,776.77
10,22,23,1513.92,1501.24,881.95,1615.36,972.39,626.46,786.19,760.44,366.05,1274.66,1197.00,693.00,776.71
10,22,24,1513.87,1501.21,881.91,1615.29,972.36,626.44,786.13,760.40,366.04,1274.57,1197.00,693.00,776.65
10,23,1,1513.82,1501.18,881.87,1615.22,972.33,626.42,786.07,760.36,366.03,1274.47,1197.00,693.00,776.59
10,23,2,1513.78,1501.14,881.83,1615.15,972.29,626.40,786.00,760.32,366.02,1274.38,1197.00,693.00,776.53
10,23,3,1513.73,1501.11,881.79,1615.08,972.26,626.37,785.94,760.29,366.00,1274.28,1197.00,693.00,776.46
10,23,4,1513.68,1501.07,881.75,1615.01,972.23,626.35,785.88,760.25,365.99,1274.19,1197.00,693.00,776.40
10,23,5,1513.63,1501.04,881.71,1614.94,972.20,626.33,785.81,760.21,365.98,1274.09,1197.00,693.00,776.34
10,23,6,1513.59,1501.00,881.67,1614.87,972.16,626.31,785.75,760.17,365.97,1274.00,1197.00,693.00,776.28
10,23,7,1513.54,1500.97,881.63,1614.80,972.13,626.29,785.69,760.13,365.96,1273.90,1197.00,693.00,776.22
10,23,8,1513.49,1500.94,881.59,1614.73,972.10,626.26,785.62,760.10,365.94,1273.81,1197.00,693.00,776.15
10,23,9,1513.45,1500.90,881.55,1614.66,972.06,626.24,785.56,760.06,365.93,1273.71,1197.00,693.00,776.09
10,23,10,1513.40,1500.87,881.51,1614.59,972.03,626.22,785.50,760.02,365.92,1273.62,1197.00,693.00,776.03
10,23,11,1513.35,1500.83,881.47,1614.52,972.00,626.20,785.43,759.98,365.91,1273.52,1197.00,693.00,775.97
10,23,12,1513.30,1500.80,881.43,1614.46,971.96,626.17,785.37,759.95,365.90,1273.43,1197.00,693.00,775.90
10,23,13,1513.26,1500.77,881.39,1614.39,971.93,626.15,785.31,759.91,365.88,1273.33,1197.00,693.00,775.84
10,23,14,1513.21,1500.73,881.35,1614.32,971.90,626.13,785.24,759.87,365.87,1273.24,1197.00,693.00,775.78
10,23,15,1513.16,1500.70,881.31,1614.25,971.87,626.11,785.18,759.83,365.86,1273.15,1197.00,693.00,775.72
10,23,16,1513.12,1500.66,881.27,1614.18,971.83,626.09,785.12,759.79,365.85,1273.05,1197.00,693.00,775.66
10,23,17,1513.07,1500.63,881.23,1614.11,971.80,626.06,785.05,759.76,365.83,1272.96,1197.00,693.00,775.59
10,23,18,1513.02,1500.60,881.19,1614.04,971.77,626.04,784.99,759.72,365.82,1272.86,1197.00,693.00,775.53
10,23,19,1512.98,1500.56,881.15,1613.97,971.73,626.02,784.93,759.68,365.81,1272.77,1197.00,693.00,775.47
10,23,20,1512.93,1500.53,881.11,1613.90,971.70,626.00,784.86,759.64,365.80,1272.67,1197.00,693.00,775.41
10,23,21,1512.88,1500.49,881.07,1613.83,971.67,625.98,784.80,759.60,365.79,1272.58,1197.00,693.00,775.35
10,23,22,1512.83,1500.46,881.03,1613.76,971.64,625.95,784.74,759.57,365.77,1272.48,1197.00,693.00,775.28
10,23,23,1512.79,1500.42,880.99,1613.69,971.60,625.93,784.67,759.53,365.76,1272.39,1197.00,693.00,775.22
10,23,24,1512.74,1500.39,880.95,1613.62,971.57,625.91,784.61,759.49,365.75,1272.29,1197.00,693.00,775.16
10,24,1,1512.69,1500.35,880.91,1613.55,971.54,625.89,784.55,759.45,365.74,1272.20,1197.00,693.00,775.10
10,24,2,1512.64,1500.32,880.87,1613.47,971.50,625.87,784.48,759.41,365.73,1272.10,1197.00,693.00,775.03
10,24,3,1512.60,1500.28,880.83,1613.40,971.47,625.85,784.42,759.37,365.71,1272.01,1197.00,693.00,774.97
10,24,4,1512.55,1500.25,880.79,1613.32,971.44,625.83,784.35,759.33,365.70,1271.91,1197.00,693.00,774.91
10,24,5,1512.50,1500.21,880.75,1613.25,971.40,625.81,784.29,759.29,365.69,1271.82,1197.00,693.00,774.84
10,24,6,1512.45,1500.18,880.71,1613.17,971.37,625.79,784.23,759.25,365.68,1271.72,1197.00,693.00,774.78
10,24,7,1512.41,1500.14,880.67,1613.10,971.34,625.77,784.16,759.21,365.66,1271.63,1197.00,693.00,774.72
10,24,8,1512.36,1500.10,880.63,1613.03,971.30,625.75,784.10,759.17,365.65,1271.53,1197.00,693.00,774.65
10,24,9,1512.31,1500.07,880.59,1612.95,971.27,625.73,784.04,759.13,365.64,1271.44,1197.00,693.00,774.59
10,24,10,1512.26,1500.03,880.55,1612.88,971.24,625.71,783.97,759.09,365.63,1271.34,1197.00,693.00,774.53
10,24,11,1512.22,1500.00,880.51,1612.80,971.20,625.69,783.91,759.05,365.61,1271.25,1197.00,693.00,774.46
10,24,12,1512.17,1499.96,880.46,1612.73,971.17,625.66,783.85,759.01,365.60,1271.16,1197.00,693.00,774.40
10,24,13,1512.12,1499.92,880.42,1612.66,971.14,625.64,783.78,758.98,365.59,1271.06,1197.00,693.00,774.34
10,24,14,1512.07,1499.89,880.38,1612.58,971.10,625.62,783.72,758.94,365.58,1270.97,1197.00,693.00,774.27
10,24,15,1512.03,1499.85,880.34,1612.51,971.07,625.60,783.65,758.90,365.56,1270.87,1197.00,693.00,774.21
10,24,16,1511.98,1499.82,880.30,1612.43,971.04,625.58,783.59,758.86,365.55,1270.78,1197.00,693.00,774.15
10,24,17,1511.93,1499.78,880.26,1612.36,971.00,625.56,783.53,758.82,365.54,1270.68,1197.00,693.00,774.08
10,24,18,1511.88,1499.75,880.22,1612.28,970.97,625.54,783.46,758.78,365.53,1270.59,1197.00,693.00,774.02
10,24,19,1511.84,1499.71,880.18,1612.21,970.94,625.52,783.40,758.74,365.51,1270.49,1197.00,693.00,773.96
10,24,20,1511.79,1499.67,880.14,1612.14,970.90,625.50,783.34,758.70,365.50,1270.40,1197.00,693.00,773.89
10,24,21,1511.74,1499.64,880.10,1612.06,970.87,625.48,783.27,758.66,365.49,1270.30,1197.00,693.00,773.83
10,24,22,1511.69,1499.60,880.06,1611.99,970.84,625.46,783.21,758.62,365.48,1270.21,1197.00,693.00,773.77
10,24,23,1511.65,1499.57,880.02,1611.91,970.80,625.44,783.14,758.58,365.46,1270.11,1197.00,693.00,773.70
10,24,24,1511.60,1499.53,879.98,1611.84,970.77,625.42,783.08,758.54,365.45,1270.02,1197.00,693.00,773.64
10,25,1,1511.55,1499.49,879.94,1611.77,970.74,625.40,783.01,758.50,365.44,1269.92,1197.00,693.00,773.58
10,25,2,1511.50,1499.46,879.90,1611.70,970.70,625.38,782.95,758.46,365.42,1269.81,1197.00,693.00,773.51
10,25,3,1511.46,1499.42,879.86,1611.63,970.67,625.36,782.88,758.42,365.41,1269.71,1197.00,693.00,773.45
10,25,4,1511.41,1499.38,879.82,1611.56,970.64,625.34,782.82,758.37,365.40,1269.61,1197.00,693.00,773.38
10,25,5,1511.36,1499.34,879.78,1611.49,970.61,625.32,782.75,758.33,365.39,1269.51,1197.00,693.00,773.32
10,25,6,1511.31,1499.31,879.73,1611.42,970.57,625.29,782.68,758.29,365.37,1269.40,1197.00,693.00,773.25
10,25,7,1511.26,1499.27,879.69,1611.35,970.54,625.27,782.62,758.25,365.36,1269.30,1197.00,693.00,773.19
10,25,8,1511.22,1499.23,879.65,1611.28,970.51,625.25,782.55,758.21,365.35,1269.20,1197.00,693.00,773.12
10,25,9,1511.17,1499.20,879.61,1611.21,970.47,625.23,782.48,758.17,365.33,1269.09,1197.00,693.00,773.06
10,25,10,1511.12,1499.16,879.57,1611.14,970.44,625.21,782.42,758.13,365.32,1268.99,1197.00,693.00,772.99
10,25,11,1511.07,1499.12,879.53,1611.07,970.41,625.19,782.35,758.09,365.31,1268.89,1197.00,693.00,772.93
10,25,12,1511.02,1499.09,879.49,1611.01,970.38,625.17,782.29,758.04,365.30,1268.79,1197.00,693.00,772.87
10,25,13,1510.98,1499.05,879.45,1610.94,970.34,625.15,782.22,758.00,365.28,1268.68,1197.00,693.00,772.80
10,25,14,1510.93,1499.01,879.41,1610.87,970.31,625.13,782.15,757.96,365.27,1268.58,1197.00,693.00,772.74
10,25,15,1510.88,1498.97,879.37,1610.80,970.28,625.11,782.09,757.92,365.26,1268.48,1197.00,693.00,772.67
10,25,16,1510.83,1498.94,879.33,1610.73,970.24,625.09,782.02,757.88,365.24,1268.37,1197.00,693.00,772.61
10,25,17,1510.79,1498.90,879.29,1610.66,970.21,625.07,781.95,757.84,365.23,1268.27,1197.00,693.00,772.54
10,25,18,1510.74,1498.86,879.24,1610.59,970.18,625.04,781.89,757.80,365.22,1268.17,1197.00,693.00,772.48
10,25,19,1510.69,1498.83,879.20,1610.52,970.14,625.02,781.82,757.76,365.20,1268.06,1197.00,693.00,772.41
10,25,20,1510.64,1498.79,879.16,1610.45,970.11,625.00,781.75,757.71,365.19,1267.96,1197.00,693.00,772.35
10,25,21,1510.59,1498.75,879.12,1610.38,970.08,624.98,781.69,757.67,365.18,1267.86,1197.00,693.00,772.28
10,25,22,1510.55,1498.71,879.08,1610.31,970.05,624.96,781.62,757.63,365.17,1267.76,1197.00,693.00,772.22
10,25,23,1510.50,1498.68,879.04,1610.24,970.01,624.94,781.56,757.59,365.15,1267.65,1197.00,693.00,772.15
10,25,24,1510.45,1498.64,879.00,1610.17,969.98,624.92,781.49,757.55,365.14,1267.55,1197.00,693.00,772.09
10,26,1,1510.40,1498.60,878.96,1610.10,969.94,624.90,781.42,757.51,365.13,1267.45,1197.00,693.00,772.02
10,26,2,1510.35,1498.56,878.92,1610.02,969.91,624.87,781.36,757.46,365.11,1267.35,1197.00,693.00,771.96
10,26,3,1510.30,1498.53,878.88,1609.95,969.87,624.85,781.29,757.42,365.10,1267.24,1197.00,693.00,771.89
10,26,4,1510.26,1498.49,878.84,1609.87,969.83,624.83,781.22,757.37,365.09,1267.14,1197.00,693.00,771.83
10,26,5,1510.21,1498.45,878.79,1609.80,969.80,624.81,781.15,757.33,365.07,1267.04,1197.00,693.00,771.76
10,26,6,1510.16,1498.41,878.75,1609.73,969.76,624.78,781.09,757.28,365.06,1266.94,1197.00,693.00,771.69
10,26,7,1510.11,1498.37,878.71,1609.65,969.73,624.76,781.02,757.24,365.05,1266.83,1197.00,693.00,771.63
10,26,8,1510.06,1498.33,878.67,1609.58,969.69,624.74,780.95,757.20,365.03,1266.73,1197.00,693.00,771.56
10,26,9,1510.01,1498.29,878.63,1609.50,969.65,624.72,780.89,757.15,365.02,1266.63,1197.00,693.00,771.49
10,26,10,1509.97,1498.26,878.59,1609.43,969.62,624.69,780.82,757.11,365.01,1266.53,1197.00,693.00,771.43
10,26,11,1509.92,1498.22,878.55,1609.35,969.58,624.67,780.75,757.06,364.99,1266.42,1197.00,693.00,771.36
10,26,12,1509.87,1498.18,878.51,1609.28,969.54,624.65,780.68,757.02,364.98,1266.32,1197.00,693.00,771.30
10,26,13,1509.82,1498.14,878.46,1609.21,969.51,624.63,780.62,756.98,364.97,1266.22,1197.00,693.00,771.23
10,26,14,1509.77,1498.10,878.42,1609.13,969.47,624.60,780.55,756.93,364.95,1266.12,1197.00,693.00,771.16
10,26,15,1509.73,1498.06,878.38,1609.06,969.44,624.58,780.48,756.89,364.94,1266.01,1197.00,693.00,771.10
10,26,16,1509.68,1498.03,878.34,1608.98,969.40,624.56,780.42,756.84,364.93,1265.91,1197.00,693.00,771.03
10,26,17,1509.63,1497.99,878.30,1608.91,969.36,624.54,780.35,756.80,364.91,1265.81,1197.00,693.00,770.96
10,26,18,1509.58,1497.95,878.26,1608.84,969.33,624.51,780.28,756.75,364.90,1265.70,1197.00,693.00,770.90
10,26,19,1509.53,1497.91,878.22,1608.76,969.29,624.49,780.22,756.71,364.89,1265.60,1197.00,693.00,770.83
10,26,20,1509.48,1497.87,878.18,1608.69,969.25,624.47,780.15,756.67,364.87,1265.50,1197.00,693.00,770.77
10,26,21,1509.44,1497.83,878.13,1608.61,969.22,624.45,780.08,756.62,364.86,1265.40,1197.00,693.00,770.70
10,26,22,1509.39,1497.80,878.09,1608.54,969.18,624.43,780.01,756.58,364.85,1265.29,1197.00,693.00,770.63
10,26,23,1509.34,1497.76,878.05,1608.46,969.15,624.40,779.95,756.53,364.83,1265.19,1197.00,693.00,770.57
10,26,24,1509.29,1497.72,878.01,1608.39,969.11,624.38,779.88,756.49,364.82,1265.09,1197.00,693.00,770.50
10,27,1,1509.24,1497.68,877.97,1608.32,969.07,624.36,779.81,756.44,364.81,1264.98,1197.00,693.00,770.43
10,27,2,1509.19,1497.64,877.93,1608.24,969.04,624.34,779.73,756.40,364.79,1264.87,1197.00,693.00,770.37
10,27,3,1509.15,1497.61,877.89,1608.17,969.00,624.31,779.66,756.35,364.78,1264.77,1197.00,693.00,770.30
10,27,4,1509.10,1497.57,877.85,1608.09,968.97,624.29,779.58,756.30,364.77,1264.66,1197.00,693.00,770.23
10,27,5,1509.05,1497.53,877.80,1608.02,968.93,624.27,779.51,756.26,364.75,1264.55,1197.00,693.00,770.16
10,27,6,1509.00,1497.49,877.76,1607.95,968.89,624.25,779.43,756.21,364.74,1264.44,1197.00,693.00,770.10
10,27,7,1508.95,1497.45,877.72,1607.87,968.86,624.22,779.36,756.16,364.72,1264.33,1197.00,693.00,770.03
10,27,8,1508.90,1497.42,877.68,1607.80,968.82,624.20,779.29,756.12,364.71,1264.23,1197.00,693.00,769.96
10,27,9,1508.86,1497.38,877.64,1607.72,968.79,624.18,779.21,756.07,364.70,1264.12,1197.00,693.00,769.89
10,27,10,1508.81,1497.34,877.60,1607.65,968.75,624.16,779.14,756.02,364.68,1264.01,1197.00,693.00,769.83
10,27,11,1508.76,1497.30,877.56,1607.57,968.72,624.13,779.06,755.98,364.67,1263.90,1197.00,693.00,769.76
10,27,12,1508.71,1497.27,877.52,1607.50,968.68,624.11,778.99,755.93,364.65,1263.79,1197.00,693.00,769.69
10,27,13,1508.66,1497.23,877.47,1607.43,968.64,624.09,778.92,755.88,364.64,1263.69,1197.00,693.00,769.62
10,27,14,1508.61,1497.19,877.43,1607.35,968.61,624.07,778.84,755.84,364.63,1263.58,1197.00,693.00,769.56
10,27,15,1508.57,1497.15,877.39,1607.28,968.57,624.04,778.77,755.79,364.61,1263.47,1197.00,693.00,769.49
10,27,16,1508.52,1497.11,877.35,1607.20,968.54,624.02,778.69,755.74,364.60,1263.36,1197.00,693.00,769.42
10,27,17,1508.47,1497.08,877.31,1607.13,968.50,624.00,778.62,755.70,364.59,1263.26,1197.00,693.00,769.35
10,27,18,1508.42,1497.04,877.27,1607.05,968.46,623.98,778.54,755.65,364.57,1263.15,1197.00,693.00,769.29
10,27,19,1508.37,1497.00,877.23,1606.98,968.43,623.95,778.47,755.60,364.56,1263.04,1197.00,693.00,769.22
10,27,20,1508.32,1496.96,877.19,1606.91,968.39,623.93,778.40,755.56,364.54,1262.93,1197.00,693.00,769.15
10,27,21,1508.28,1496.92,877.14,1606.83,968.36,623.91,778.32,755.51,364.53,1262.82,1197.00,693.00,769.08
10,27,22,1508.23,1496.89,877.10,1606.76,968.32,623.89,778.25,755.46,364.52,1262.72,1197.00,693.00,769.02
10,27,23,1508.18,1496.85,877.06,1606.68,968.29,623.86,778.17,755.42,364.50,1262.61,1197.00,693.00,768.95
10,27,24,1508.13,1496.81,877.02,1606.61,968.25,623.84,778.10,755.37,364.49,1262.50,1197.00,693.00,768.88
10,28,1,1508.08,1496.77,876.98,1606.54,968.21,623.82,778.03,755.32,364.48,1262.38,1197.00,693.00,768.81
10,28,2,1508.03,1496.74,876.94,1606.46,968.18,623.80,777.95,755.27,364.46,1262.26,1197.00,693.00,768.74
10,28,3,1507.98,1496.70,876.90,1606.39,968.14,623.77,777.88,755.22,364.45,1262.15,1197.00,693.00,768.67
10,28,4,1507.93,1496.66,876.85,1606.31,968.11,623.75,777.80,755.17,364.43,1262.03,1197.00,693.00,768.61
10,28,5,1507.89,1496.63,876.81,1606.24,968.07,623.73,777.73,755.12,364.42,1261.91,1197.00,693.00,768.54
10,28,6,1507.84,1496.59,876.77,1606.16,968.04,623.71,777.66,755.07,364.40,1261.79,1197.00,693.00,768.47
10,28,7,1507.79,1496.55,876.73,1606.09,968.00,623.68,777.58,755.02,364.39,1261.67,1197.00,693.00,768.40
10,28,8,1507.74,1496.52,876.69,1606.02,967.96,623.66,777.51,754.97,364.38,1261.55,1197.00,693.00,768.33
10,28,9,1507.69,1496.48,876.65,1605.94,967.93,623.64,777.44,754.92,364.36,1261.44,1197.00,693.00,768.26
10,28,10,1507.64,1496.44,876.60,1605.87,967.89,623.62,777.36,754.87,364.35,1261.32,1197.00,693.00,768.19
10,28,11,1507.59,1496.41,876.56,1605.79,967.86,623.59,777.29,754.82,364.33,1261.20,1197.00,693.00,768.12
10,28,12,1507.54,1496.37,876.52,1605.72,967.82,623.57,777.21,754.77,364.32,1261.08,1197.00,693.00,768.05
10,28,13,1507.50,1496.33,876.48,1605.65,967.78,623.55,777.14,754.73,364.31,1260.96,1197.00,693.00,767.99
10,28,14,1507.45,1496.30,876.44,1605.57,967.75,623.53,777.07,754.68,364.29,1260.84,1197.00,693.00,767.92
10,28,15,1507.40,1496.26,876.40,1605.50,967.71,623.50,776.99,754.63,364.28,1260.73,1197.00,693.00,767.85
10,28,16,1507.35,1496.22,876.35,1605.42,967.68,623.48,776.92,754.58,364.26,1260.61,1197.00,693.00,767.78
10,28,17,1507.30,1496.19,876.31,1605.35,967.64,623.46,776.85,754.53,364.25,1260.49,1197.00,693.00,767.71
10,28,18,1507.25,1496.15,876.27,1605.27,967.61,623.43,776.77,754.48,364.23,1260.37,1197.00,693.00,767.64
10,28,19,1507.20,1496.11,876.23,1605.20,967.57,623.41,776.70,754.43,364.22,1260.25,1197.00,693.00,767.57
10,28,20,1507.15,1496.08,876.19,1605.13,967.53,623.39,776.63,754.38,364.21,1260.13,1197.00,693.00,767.50
10,28,21,1507.11,1496.04,876.15,1605.05,967.50,623.37,776.55,754.33,364.19,1260.02,1197.00,693.00,767.44
10,28,22,1507.06,1496.00,876.10,1604.98,967.46,623.34,776.48,754.28,364.18,1259.90,1197.00,693.00,767.37
10,28,23,1507.01,1495.97,876.06,1604.90,967.43,623.32,776.40,754.23,364.16,1259.78,1197.00,693.00,767.30
10,28,24,1506.96,1495.93,876.02,1604.83,967.39,623.30,776.33,754.18,364.15,1259.66,1197.00,693.00,767.23
10,29,1,1506.91,1495.89,875.98,1604.76,967.35,623.28,776.25,754.13,364.14,1259.54,1197.00,693.00,767.16
10,29,2,1506.86,1495.85,875.94,1604.68,967.32,623.26,776.17,754.07,364.12,1259.42,1197.00,693.00,767.09
10,29,3,1506.81,1495.82,875.89,1604.61,967.28,623.23,776.10,754.02,364.11,1259.31,1197.00,693.00,767.02
10,29,4,1506.76,1495.78,875.85,1604.53,967.25,623.21,776.02,753.97,364.09,1259.19,1197.00,693.00,766.95
10,29,5,1506.71,1495.74,875.81,1604.46,967.21,623.19,775.94,753.91,364.08,1259.07,1197.00,693.00,766.88
10,29,6,1506.66,1495.70,875.77,1604.39,967.17,623.17,775.86,753.86,364.06,1258.95,1197.00,693.00,766.81
10,29,7,1506.62,1495.66,875.72,1604.31,967.14,623.15,775.78,753.81,364.05,1258.83,1197.00,693.00,766.74
10,29,8,1506.57,1495.62,875.68,1604.24,967.10,623.12,775.71,753.75,364.03,1258.71,1197.00,693.00,766.67
10,29,9,1506.52,1495.59,875.64,1604.17,967.06,623.10,775.63,753.70,364.02,1258.60,1197.00,693.00,766.60
10,29,10,1506.47,1495.55,875.60,1604.09,967.03,623.08,775.55,753.65,364.00,1258.48,1197.00,693.00,766.53
10,29,11,1506.42,1495.51,875.55,1604.02,966.99,623.06,775.47,753.59,363.99,1258.36,1197.00,693.00,766.46
10,29,12,1506.37,1495.47,875.51,1603.95,966.96,623.04,775.40,753.54,363.97,1258.24,1197.00,693.00,766.39
10,29,13,1506.32,1495.43,875.47,1603.87,966.92,623.01,775.32,753.49,363.96,1258.12,1197.00,693.00,766.32
10,29,14,1506.27,1495.39,875.43,1603.80,966.88,622.99,775.24,753.43,363.95,1258.00,1197.00,693.00,766.25
10,29,15,1506.22,1495.36,875.38,1603.72,966.85,622.97,775.16,753.38,363.93,1257.88,1197.00,693.00,766.18
10,29,16,1506.17,1495.32,875.34,1603.65,966.81,622.95,775.08,753.33,363.92,1257.77,1197.00,693.00,766.11
10,29,17,1506.12,1495.28,875.30,1603.58,966.77,622.92,775.01,753.27,363.90,1257.65,1197.00,693.00,766.04
10,29,18,1506.08,1495.24,875.26,1603.50,966.74,622.90,774.93,753.22,363.89,1257.53,1197.00,693.00,765.97
10,29,19,1506.03,1495.20,875.21,1603.43,966.70,622.88,774.85,753.17,363.87,1257.41,1197.00,693.00,765.90
10,29,20,1505.98,1495.16,875.17,1603.36,966.67,622.86,774.77,753.11,363.86,1257.29,1197.00,693.00,765.83
10,29,21,1505.93,1495.13,875.13,1603.28,966.63,622.84,774.69,753.06,363.84,1257.17,1197.00,693.00,765.76
10,29,22,1505.88,1495.09,875.09,1603.21,966.59,622.81,774.62,753.01,363.83,1257.06,1197.00,693.00,765.69
10,29,23,1505.83,1495.05,875.04,1603.13,966.56,622.79,774.54,752.95,363.81,1256.94,1197.00,693.00,765.62
10,29,24,1505.78,1495.01,875.00,1603.06,966.52,622.77,774.46,752.90,363.80,1256.82,1197.00,693.00,765.55
10,30,1,1505.73,1494.97,874.96,1602.98,966.48,622.75,774.38,752.84,363.78,1256.70,1197.00,693.00,765.48
10,30,2,1505.68,1494.93,874.92,1602.90,966.45,622.73,774.30,752.78,363.77,1256.58,1197.00,693.00,765.41
10,30,3,1505.63,1494.90,874.87,1602.83,966.41,622.70,774.22,752.73,363.75,1256.46,1197.00,693.00,765.33
10,30,4,1505.58,1494.86,874.83,1602.75,966.38,622.68,774.14,752.67,363.74,1256.34,1197.00,693.00,765.26
10,30,5,1505.53,1494.82,874.79,1602.67,966.34,622.66,774.06,752.61,363.72,1256.22,1197.00,693.00,765.19
10,30,6,1505.48,1494.78,874.75,1602.59,966.31,622.64,773.98,752.55,363.71,1256.10,1197.00,693.00,765.12
10,30,7,1505.43,1494.74,874.71,1602.51,966.27,622.61,773.90,752.49,363.69,1255.99,1197.00,693.00,765.05
10,30,8,1505.38,1494.70,874.66,1602.43,966.23,622.59,773.82,752.44,363.68,1255.87,1197.00,693.00,764.97
10,30,9,1505.33,1494.66,874.62,1602.36,966.20,622.57,773.74,752.38,363.66,1255.75,1197.00,693.00,764.90
10,30,10,1505.28,1494.63,874.58,1602.28,966.16,622.55,773.66,752.32,363.65,1255.63,1197.00,693.00,764.83
10,30,11,1505.23,1494.59,874.54,1602.20,966.13,622.52,773.58,752.26,363.63,1255.51,1197.00,693.00,764.76
10,30,12,1505.18,1494.55,874.49,1602.12,966.09,622.50,773.50,752.21,363.61,1255.39,1197.00,693.00,764.68
10,30,13,1505.14,1494.51,874.45,1602.04,966.05,622.48,773.41,752.15,363.60,1255.27,1197.00,693.00,764.61
10,30,14,1505.09,1494.47,874.41,1601.96,966.02,622.45,773.33,752.09,363.58,1255.15,1197.00,693.00,764.54
10,30,15,1505.04,1494.43,874.37,1601.89,965.98,622.43,773.25,752.03,363.57,1255.03,1197.00,693.00,764.47
10,30,16,1504.99,1494.40,874.33,1601.81,965.95,622.41,773.17,751.97,363.55,1254.91,1197.00,693.00,764.40
10,30,17,1504.94,1494.36,874.28,1601.73,965.91,622.39,773.09,751.92,363.54,1254.79,1197.00,693.00,764.32
10,30,18,1504.89,1494.32,874.24,1601.65,965.87,622.36,773.01,751.86,363.52,1254.67,1197.00,693.00,764.25
10,30,19,1504.84,1494.28,874.20,1601.57,965.84,622.34,772.93,751.80,363.51,1254.56,1197.00,693.00,764.18
10,30,20,1504.79,1494.24,874.16,1601.49,965.80,622.32,772.85,751.74,363.49,1254.44,1197.00,693.00,764.11
10,30,21,1504.74,1494.20,874.12,1601.42,965.77,622.30,772.77,751.68,363.48,1254.32,1197.00,693.00,764.04
10,30,22,1504.69,1494.17,874.07,1601.34,965.73,622.27,772.69,751.63,363.46,1254.20,1197.00,693.00,763.96
10,30,23,1504.64,1494.13,874.03,1601.26,965.70,622.25,772.61,751.57,363.45,1254.08,1197.00,693.00,763.89
10,30,24,1504.59,1494.09,873.99,1601.18,965.66,622.23,772.53,751.51,363.43,1253.96,1197.00,693.00,763.82
10,31,1,1504.54,1494.05,873.95,1601.11,965.62,622.21,772.45,751.45,363.41,1253.83,1197.00,693.00,763.75
10,31,2,1504.49,1494.02,873.90,1601.03,965.59,622.18,772.36,751.38,363.40,1253.70,1197.00,693.00,763.67
10,31,3,1504.44,1493.98,873.86,1600.96,965.55,622.16,772.28,751.32,363.38,1253.57,1197.00,693.00,763.60
10,31,4,1504.39,1493.94,873.82,1600.89,965.52,622.14,772.19,751.26,363.37,1253.44,1197.00,693.00,763.53
10,31,5,1504.34,1493.91,873.78,1600.81,965.48,622.12,772.11,751.20,363.35,1253.31,1197.00,693.00,763.45
10,31,6,1504.29,1493.87,873.73,1600.74,965.44,622.09,772.02,751.13,363.33,1253.18,1197.00,693.00,763.38
10,31,7,1504.24,1493.84,873.69,1600.67,965.41,622.07,771.94,751.07,363.32,1253.05,1197.00,693.00,763.31
10,31,8,1504.19,1493.80,873.65,1600.59,965.37,622.05,771.85,751.01,363.30,1252.92,1197.00,693.00,763.23
10,31,9,1504.14,1493.76,873.60,1600.52,965.34,622.03,771.77,750.94,363.29,1252.79,1197.00,693.00,763.16
10,31,10,1504.09,1493.73,873.56,1600.45,965.30,622.00,771.68,750.88,363.27,1252.66,1197.00,693.00,763.09
10,31,11,1504.04,1493.69,873.52,1600.37,965.27,621.98,771.60,750.82,363.26,1252.53,1197.00,693.00,763.01
10,31,12,1503.99,1493.65,873.48,1600.30,965.23,621.96,771.52,750.76,363.24,1252.40,1197.00,693.00,762.94
10,31,13,1503.94,1493.62,873.43,1600.23,965.19,621.94,771.43,750.69,363.22,1252.27,1197.00,693.00,762.87
10,31,14,1503.89,1493.58,873.39,1600.15,965.16,621.91,771.35,750.63,363.21,1252.14,1197.00,693.00,762.79
10,31,15,1503.84,1493.55,873.35,1600.08,965.12,621.89,771.26,750.57,363.19,1252.01,1197.00,693.00,762.72
10,31,16,1503.79,1493.51,873.30,1600.01,965.09,621.87,771.18,750.50,363.18,1251.88,1197.00,693.00,762.65
10,31,17,1503.74,1493.47,873.26,1599.93,965.05,621.85,771.09,750.44,363.16,1251.75,1197.00,693.00,762.57
10,31,18,1503.69,1493.44,873.22,1599.86,965.01,621.82,771.01,750.38,363.14,1251.62,1197.00,693.00,762.50
10,31,19,1503.64,1493.40,873.17,1599.79,964.98,621.80,770.92,750.31,363.13,1251.49,1197.00,693.00,762.43
10,31,20,1503.59,1493.36,873.13,1599.71,964.94,621.78,770.84,750.25,363.11,1251.36,1197.00,693.00,762.35
10,31,21,1503.54,1493.33,873.09,1599.64,964.91,621.76,770.75,750.19,363.10,1251.23,1197.00,693.00,762.28
10,31,22,1503.49,1493.29,873.05,1599.57,964.87,621.74,770.67,750.13,363.08,1251.10,1197.00,693.00,762.21
10,31,23,1503.44,1493.26,873.00,1599.49,964.84,621.71,770.58,750.06,363.07,1250.97,1197.00,693.00,762.13
10,31,24,1503.39,1493.22,872.96,1599.42,964.80,621.69,770.50,750.00,363.05,1250.84,1197.00,693.00,762.06
11,1,1,1503.34,1493.18,872.92,1599.34,964.76,621.67,770.50,750.00,363.03,1250.71,1197.00,693.00,761.98
11,1,2,1503.29,1493.14,872.87,1599.26,964.73,621.65,770.50,750.00,363.02,1250.58,1197.00,693.00,761.91
11,1,3,1503.24,1493.11,872.83,1599.19,964.69,621.62,770.50,750.00,363.00,1250.45,1197.00,693.00,761.83
11,1,4,1503.19,1493.07,872.79,1599.11,964.65,621.60,770.50,750.00,362.98,1250.32,1197.00,693.00,761.76
11,1,5,1503.14,1493.03,872.74,1599.03,964.62,621.58,770.50,750.00,362.97,1250.19,1197.00,693.00,761.68
11,1,6,1503.09,1492.99,872.70,1598.95,964.58,621.56,770.50,750.00,362.95,1250.06,1197.00,693.00,761.60
11,1,7,1503.04,1492.95,872.66,1598.87,964.55,621.53,770.50,750.00,362.93,1249.93,1197.00,693.00,761.53
11,1,8,1502.99,1492.92,872.61,1598.80,964.51,621.51,770.50,750.00,362.92,1249.80,1197.00,693.00,761.45
11,1,9,1502.94,1492.88,872.57,1598.72,964.47,621.49,770.50,750.00,362.90,1249.67,1197.00,693.00,761.38
11,1,10,1502.89,1492.84,872.53,1598.64,964.44,621.47,770.50,750.00,362.88,1249.54,1197.00,693.00,761.30
11,1,11,1502.84,1492.80,872.48,1598.56,964.40,621.44,770.50,750.00,362.87,1249.41,1197.00,693.00,761.23
11,1,12,1502.79,1492.77,872.44,1598.49,964.36,621.42,770.50,750.00,362.85,1249.28,1197.00,693.00,761.15
11,1,13,1502.73,1492.73,872.40,1598.41,964.33,621.40,770.50,750.00,362.83,1249.15,1197.00,693.00,761.07
11,1,14,1502.68,1492.69,872.35,1598.33,964.29,621.38,770.50,750.00,362.82,1249.02,1197.00,693.00,761.00
11,1,15,1502.63,1492.65,872.31,1598.25,964.26,621.35,770.50,750.00,362.80,1248.89,1197.00,693.00,760.92
11,1,16,1502.58,1492.61,872.27,1598.17,964.22,621.33,770.50,750.00,362.78,1248.76,1197.00,693.00,760.85
11,1,17,1502.53,1492.58,872.22,1598.10,964.18,621.31,770.50,750.00,362.77,1248.63,1197.00,693.00,760.77
11,1,18,1502.48,1492.54,872.18,1598.02,964.15,621.29,770.50,750.00,362.75,1248.50,1197.00,693.00,760.69
11,1,19,1502.43,1492.50,872.14,1597.94,964.11,621.26,770.50,750.00,362.73,1248.37,1197.00,693.00,760.62
11,1,20,1502.38,1492.46,872.09,1597.86,964.07,621.24,770.50,750.00,362.72,1248.24,1197.00,693.00,760.54
11,1,21,1502.33,1492.42,872.05,1597.78,964.04,621.22,770.50,750.00,362.70,1248.11,1197.00,693.00,760.47
11,1,22,1502.28,1492.39,872.01,1597.71,964.00,621.20,770.50,750.00,362.68,1247.98,1197.00,693.00,760.39
11,1,23,1502.23,1492.35,871.96,1597.63,963.97,621.17,770.50,750.00,362.67,1247.85,1197.00,693.00,760.32
11,1,24,1502.18,1492.31,871.92,1597.55,963.93,621.15,770.50,750.00,362.65,1247.72,1197.00,693.00,760.24
11,2,1,1502.13,1492.27,871.88,1597.47,963.89,621.13,770.50,750.00,362.63,1247.58,1197.00,693.00,760.16
11,2,2,1502.08,1492.24,871.83,1597.39,963.86,621.10,770.50,750.00,362.61,1247.43,1197.00,693.00,760.08
11,2,3,1502.03,1492.20,871.79,1597.32,963.82,621.08,770.50,750.00,362.60,1247.29,1197.00,693.00,760.01
11,2,4,1501.98,1492.16,871.75,1597.24,963.79,621.05,770.50,750.00,362.58,1247.14,1197.00,693.00,759.93
11,2,5,1501.93,1492.12,871.70,1597.16,963.75,621.03,770.50,750.00,362.56,1247.00,1197.00,693.00,759.85
11,2,6,1501.88,1492.09,871.66,1597.08,963.71,621.01,770.50,750.00,362.54,1246.85,1197.00,693.00,759.77
11,2,7,1501.83,1492.05,871.62,1597.00,963.68,620.98,770.50,750.00,362.52,1246.71,1197.00,693.00,759.70
11,2,8,1501.78,1492.01,871.57,1596.92,963.64,620.96,770.50,750.00,362.51,1246.57,1197.00,693.00,759.62
11,2,9,1501.73,1491.98,871.53,1596.85,963.61,620.93,770.50,750.00,362.49,1246.42,1197.00,693.00,759.54
11,2,10,1501.68,1491.94,871.49,1596.77,963.57,620.91,770.50,750.00,362.47,1246.28,1197.00,693.00,759.46
11,2,11,1501.63,1491.90,871.44,1596.69,963.54,620.88,770.50,750.00,362.45,1246.13,1197.00,693.00,759.39
11,2,12,1501.58,1491.87,871.40,1596.61,963.50,620.86,770.50,750.00,362.43,1245.99,1197.00,693.00,759.31
11,2,13,1501.52,1491.83,871.36,1596.53,963.46,620.84,770.50,750.00,362.42,1245.85,1197.00,693.00,759.23
11,2,14,1501.47,1491.79,871.31,1596.45,963.43,620.81,770.50,750.00,362.40,1245.70,1197.00,693.00,759.15
11,2,15,1501.42,1491.75,871.27,1596.38,963.39,620.79,770.50,750.00,362.38,1245.56,1197.00,693.00,759.08
11,2,16,1501.37,1491.72,871.23,1596.30,963.36,620.76,770.50,750.00,362.36,1245.41,1197.00,693.00,759.00
11,2,17,1501.32,1491.68,871.18,1596.22,963.32,620.74,770.50,750.00,362.35,1245.27,1197.00,693.00,758.92
11,2,18,1501.27,1491.64,871.14,1596.14,963.29,620.72,770.50,750.00,362.33,1245.12,1197.00,693.00,758.85
11,2,19,1501.22,1491.61,871.10,1596.06,963.25,620.69,770.50,750.00,362.31,1244.98,1197.00,693.00,758.77
11,2,20,1501.17,1491.57,871.05,1595.98,963.21,620.67,770.50,750.00,362.29,1244.84,1197.00,693.00,758.69
11,2,21,1501.12,1491.53,871.01,1595.91,963.18,620.64,770.50,750.00,362.27,1244.69,1197.00,693.00,758.61
11,2,22,1501.07,1491.49,870.97,1595.83,963.14,620.62,770.50,750.00,362.26,1244.55,1197.00,693.00,758.54
11,2,23,1501.02,1491.46,870.92,1595.75,963.11,620.59,770.50,750.00,362.24,1244.40,1197.00,693.00,758.46
11,2,24,1500.97,1491.42,870.88,1595.67,963.07,620.57,770.50,750.00,362.22,1244.26,1197.00,693.00,758.38
11,3,1,1500.92,1491.38,870.84,1595.59,963.03,620.55,770.50,750.00,362.20,1244.12,1197.00,693.00,758.30
11,3,2,1500.87,1491.35,870.79,1595.51,963.00,620.52,770.50,750.00,362.18,1243.97,1197.00,693.00,758.22
11,3,3,1500.82,1491.31,870.75,1595.44,962.96,620.50,770.50,750.00,362.17,1243.83,1197.00,693.00,758.14
11,3,4,1500.76,1491.27,870.71,1595.36,962.93,620.47,770.50,750.00,362.15,1243.69,1197.00,693.00,758.06
11,3,5,1500.71,1491.23,870.66,1595.28,962.89,620.44,770.50,750.00,362.13,1243.54,1197.00,693.00,757.98
11,3,6,1500.66,1491.20,870.62,1595.20,962.86,620.42,770.50,750.00,362.11,1243.40,1197.00,693.00,757.90
11,3,7,1500.61,1491.16,870.57,1595.12,962.82,620.39,770.50,750.00,362.09,1243.25,1197.00,693.00,757.82
11,3,8,1500.56,1491.12,870.53,1595.04,962.78,620.37,770.50,750.00,362.08,1243.11,1197.00,693.00,757.74
11,3,9,1500.51,1491.08,870.49,1594.97,962.75,620.34,770.50,750.00,362.06,1242.97,1197.00,693.00,757.66
11,3,10,1500.46,1491.05,870.44,1594.89,962.71,620.32,770.50,750.00,362.04,1242.82,1197.00,693.00,757.58
11,3,11,1500.41,1491.01,870.40,1594.81,962.68,620.29,770.50,750.00,362.02,1242.68,1197.00,693.00,757.50
11,3,12,1500.35,1490.97,870.36,1594.73,962.64,620.27,770.50,750.00,362.01,1242.54,1197.00,693.00,757.42
11,3,13,1500.30,1490.93,870.31,1594.65,962.60,620.24,770.50,750.00,361.99,1242.39,1197.00,693.00,757.35
11,3,14,1500.25,1490.90,870.27,1594.57,962.57,620.22,770.50,750.00,361.97,1242.25,1197.00,693.00,757.27
11,3,15,1500.20,1490.86,870.22,1594.50,962.53,620.19,770.50,750.00,361.95,1242.10,1197.00,693.00,757.19
11,3,16,1500.15,1490.82,870.18,1594.42,962.50,620.17,770.50,750.00,361.93,1241.96,1197.00,693.00,757.11
11,3,17,1500.10,1490.78,870.14,1594.34,962.46,620.14,770.50,750.00,361.92,1241.82,1197.00,693.00,757.03
11,3,18,1500.05,1490.75,870.09,1594.26,962.43,620.12,770.50,750.00,361.90,1241.67,1197.00,693.00,756.95
11,3,19,1500.00,1490.71,870.05,1594.18,962.39,620.09,770.50,750.00,361.88,1241.53,1197.00,693.00,756.87
11,3,20,1499.94,1490.67,870.01,1594.10,962.35,620.07,770.50,750.00,361.86,1241.39,1197.00,693.00,756.79
11,3,21,1499.89,1490.63,869.96,1594.03,962.32,620.04,770.50,750.00,361.84,1241.24,1197.00,693.00,756.71
11,3,22,1499.84,1490.60,869.92,1593.95,962.28,620.02,770.50,750.00,361.83,1241.10,1197.00,693.00,756.63
11,3,23,1499.79,1490.56,869.87,1593.87,962.25,619.99,770.50,750.00,361.81,1240.95,1197.00,693.00,756.55
11,3,24,1499.74,1490.52,869.83,1593.79,962.21,619.97,770.50,750.00,361.79,1240.81,1197.00,693.00,756.47
11,4,1,1499.69,1490.48,869.79,1593.71,962.17,619.95,770.50,750.00,361.77,1240.67,1197.00,693.00,756.39
11,4,2,1499.64,1490.44,869.74,1593.63,962.14,619.92,770.50,750.00,361.75,1240.52,1197.00,693.00,756.31
11,4,3,1499.59,1490.41,869.70,1593.56,962.10,619.90,770.50,750.00,361.73,1240.38,1197.00,693.00,756.22
11,4,4,1499.53,1490.37,869.65,1593.48,962.07,619.88,770.50,750.00,361.71,1240.23,1197.00,693.00,756.14
11,4,5,1499.48,1490.33,869.61,1593.40,962.03,619.86,770.50,750.00,361.69,1240.09,1197.00,693.00,756.06
11,4,6,1499.43,1490.29,869.57,1593.32,961.99,619.83,770.50,750.00,361.68,1239.95,1197.00,693.00,755.98
11,4,7,1499.38,1490.25,869.52,1593.24,961.96,619.81,770.50,750.00,361.66,1239.80,1197.00,693.00,755.90
11,4,8,1499.33,1490.21,869.48,1593.16,961.92,619.79,770.50,750.00,361.64,1239.66,1197.00,693.00,755.81
11,4,9,1499.28,1490.18,869.43,1593.09,961.88,619.77,770.50,750.00,361.62,1239.51,1197.00,693.00,755.73
11,4,10,1499.23,1490.14,869.39,1593.01,961.85,619.74,770.50,750.00,361.60,1239.37,1197.00,693.00,755.65
11,4,11,1499.18,1490.10,869.34,1592.93,961.81,619.72,770.50,750.00,361.58,1239.22,1197.00,693.00,755.57
11,4,12,1499.12,1490.06,869.30,1592.85,961.78,619.70,770.50,750.00,361.56,1239.08,1197.00,693.00,755.48
11,4,13,1499.07,1490.02,869.26,1592.77,961.74,619.68,770.50,750.00,361.54,1238.94,1197.00,693.00,755.40
11,4,14,1499.02,1489.98,869.21,1592.69,961.70,619.65,770.50,750.00,361.52,1238.79,1197.00,693.00,755.32
11,4,15,1498.97,1489.94,869.17,1592.62,961.67,619.63,770.50,750.00,361.50,1238.65,1197.00,693.00,755.24
11,4,16,1498.92,1489.91,869.12,1592.54,961.63,619.61,770.50,750.00,361.48,1238.50,1197.00,693.00,755.16
11,4,17,1498.87,1489.87,869.08,1592.46,961.59,619.59,770.50,750.00,361.46,1238.36,1197.00,693.00,755.07
11,4,18,1498.82,1489.83,869.04,1592.38,961.56,619.56,770.50,750.00,361.44,1238.21,1197.00,693.00,754.99
11,4,19,1498.77,1489.79,868.99,1592.30,961.52,619.54,770.50,750.00,361.43,1238.07,1197.00,693.00,754.91
11,4,20,1498.72,1489.75,868.95,1592.22,961.49,619.52,770.50,750.00,361.41,1237.93,1197.00,693.00,754.83
11,4,21,1498.66,1489.71,868.90,1592.15,961.45,619.50,770.50,750.00,361.39,1237.78,1197.00,693.00,754.75
11,4,22,1498.61,1489.68,868.86,1592.07,961.41,619.47,770.50,750.00,361.37,1237.64,1197.00,693.00,754.66
11,4,23,1498.56,1489.64,868.81,1591.99,961.38,619.45,770.50,750.00,361.35,1237.49,1197.00,693.00,754.58
11,4,24,1498.51,1489.60,868.77,1591.91,961.34,619.43,770.50,750.00,361.33,1237.35,1197.00,693.00,754.50
11,5,1,1498.46,1489.56,868.73,1591.83,961.30,619.41,770.50,750.00,361.31,1237.19,1197.00,693.00,754.42
11,5,2,1498.41,1489.52,868.68,1591.74,961.27,619.38,770.50,750.00,361.29,1237.03,1197.00,693.00,754.33
11,5,3,1498.35,1489.49,868.64,1591.66,961.23,619.36,770.50,750.00,361.27,1236.88,1197.00,693.00,754.25
11,5,4,1498.30,1489.45,868.59,1591.58,961.20,619.34,770.50,750.00,361.25,1236.72,1197.00,693.00,754.16
11,5,5,1498.25,1489.41,868.55,1591.49,961.16,619.32,770.50,750.00,361.23,1236.56,1197.00,693.00,754.08
11,5,6,1498.20,1489.37,868.51,1591.41,961.13,619.29,770.50,750.00,361.21,1236.40,1197.00,693.00,753.99
11,5,7,1498.15,1489.34,868.46,1591.33,961.09,619.27,770.50,750.00,361.19,1236.24,1197.00,693.00,753.91
11,5,8,1498.09,1489.30,868.42,1591.24,961.05,619.25,770.50,750.00,361.17,1236.09,1197.00,693.00,753.83
11,5,9,1498.04,1489.26,868.37,1591.16,961.02,619.22,770.50,750.00,361.15,1235.93,1197.00,693.00,753.74
11,5,10,1497.99,1489.22,868.33,1591.08,960.98,619.20,770.50,750.00,361.13,1235.77,1197.00,693.00,753.66
11,5,11,1497.94,1489.19,868.28,1590.99,960.95,619.18,770.50,750.00,361.11,1235.61,1197.00,693.00,753.57
11,5,12,1497.89,1489.15,868.24,1590.91,960.91,619.15,770.50,750.00,361.09,1235.46,1197.00,693.00,753.49
11,5,13,1497.83,1489.11,868.20,1590.83,960.87,619.13,770.50,750.00,361.08,1235.30,1197.00,693.00,753.41
11,5,14,1497.78,1489.07,868.15,1590.74,960.84,619.11,770.50,750.00,361.06,1235.14,1197.00,693.00,753.32
11,5,15,1497.73,1489.04,868.11,1590.66,960.80,619.09,770.50,750.00,361.04,1234.98,1197.00,693.00,753.24
11,5,16,1497.68,1489.00,868.06,1590.58,960.77,619.06,770.50,750.00,361.02,1234.82,1197.00,693.00,753.15
11,5,17,1497.62,1488.96,868.02,1590.49,960.73,619.04,770.50,750.00,361.00,1234.67,1197.00,693.00,753.07
11,5,18,1497.57,1488.92,867.98,1590.41,960.69,619.02,770.50,750.00,360.98,1234.51,1197.00,693.00,752.98
11,5,19,1497.52,1488.89,867.93,1590.33,960.66,618.99,770.50,750.00,360.96,1234.35,1197.00,693.00,752.90
11,5,20,1497.47,1488.85,867.89,1590.24,960.62,618.97,770.50,750.00,360.94,1234.19,1197.00,693.00,752.82
11,5,21,1497.42,1488.81,867.84,1590.16,960.59,618.95,770.50,750.00,360.92,1234.03,1197.00,693.00,752.73
11,5,22,1497.36,1488.77,867.80,1590.08,960.55,618.93,770.50,750.00,360.90,1233.88,1197.00,693.00,752.65
11,5,23,1497.31,1488.74,867.75,1589.99,960.52,618.90,770.50,750.00,360.88,1233.72,1197.00,693.00,752.56
11,5,24,1497.26,1488.70,867.71,1589.91,960.48,618.88,770.50,750.00,360.86,1233.56,1197.00,693.00,752.48
11,6,1,1497.21,1488.66,867.67,1589.83,960.44,618.86,770.50,750.00,360.84,1233.39,1197.00,693.00,752.39
11,6,2,1497.16,1488.63,867.62,1589.75,960.41,618.83,770.50,750.00,360.82,1233.22,1197.00,693.00,752.31
11,6,3,1497.10,1488.59,867.58,1589.68,960.37,618.81,770.50,750.00,360.80,1233.05,1197.00,693.00,752.22
11,6,4,1497.05,1488.55,867.53,1589.60,960.34,618.78,770.50,750.00,360.78,1232.87,1197.00,693.00,752.13
11,6,5,1497.00,1488.52,867.49,1589.52,960.30,618.76,770.50,750.00,360.76,1232.70,1197.00,693.00,752.05
11,6,6,1496.95,1488.48,867.44,1589.44,960.26,618.73,770.50,750.00,360.73,1232.53,1197.00,693.00,751.96
11,6,7,1496.90,1488.44,867.40,1589.36,960.23,618.71,770.50,750.00,360.71,1232.36,1197.00,693.00,751.87
11,6,8,1496.84,1488.41,867.35,1589.28,960.19,618.68,770.50,750.00,360.69,1232.19,1197.00,693.00,751.79
11,6,9,1496.79,1488.37,867.31,1589.21,960.16,618.66,770.50,750.00,360.67,1232.02,1197.00,693.00,751.70
11,6,10,1496.74,1488.33,867.26,1589.13,960.12,618.63,770.50,750.00,360.65,1231.84,1197.00,693.00,751.61
11,6,11,1496.69,1488.30,867.22,1589.05,960.09,618.61,770.50,750.00,360.63,1231.67,1197.00,693.00,751.53
11,6,12,1496.64,1488.26,867.17,1588.97,960.05,618.58,770.50,750.00,360.61,1231.50,1197.00,693.00,751.44
11,6,13,1496.58,1488.22,867.13,1588.89,960.01,618.56,770.50,750.00,360.59,1231.33,1197.00,693.00,751.35
11,6,14,1496.53,1488.19,867.08,1588.81,959.98,618.53,770.50,750.00,360.57,1231.16,1197.00,693.00,751.27
11,6,15,1496.48,1488.15,867.04,1588.74,959.94,618.51,770.50,750.00,360.55,1230.98,1197.00,693.00,751.18
11,6,16,1496.43,1488.11,866.99,1588.66,959.91,618.48,770.50,750.00,360.53,1230.81,1197.00,693.00,751.09
11,6,17,1496.37,1488.08,866.95,1588.58,959.87,618.46,770.50,750.00,360.51,1230.64,1197.00,693.00,751.01
11,6,18,1496.32,1488.04,866.90,1588.50,959.83,618.43,770.50,750.00,360.48,1230.47,1197.00,693.00,750.92
11,6,19,1496.27,1488.00,866.86,1588.42,959.80,618.41,770.50,750.00,360.46,1230.30,1197.00,693.00,750.83
11,6,20,1496.22,1487.97,866.81,1588.34,959.76,618.38,770.50,750.00,360.44,1230.13,1197.00,693.00,750.75
11,6,21,1496.17,1487.93,866.77,1588.27,959.73,618.36,770.50,750.00,360.42,1229.95,1197.00,693.00,750.66
11,6,22,1496.11,1487.89,866.72,1588.19,959.69,618.33,770.50,750.00,360.40,1229.78,1197.00,693.00,750.57
11,6,23,1496.06,1487.86,866.68,1588.11,959.66,618.31,770.50,750.00,360.38,1229.61,1197.00,693.00,750.49
11,6,24,1496.01,1487.82,866.63,1588.03,959.62,618.28,770.50,750.00,360.36,1229.44,1197.00,693.00,750.40
11,7,1,1495.96,1487.78,866.59,1587.95,959.58,618.26,770.50,750.00,360.34,1229.27,1197.00,693.00,750.31
11,7,2,1495.90,1487.74,866.54,1587.86,959.55,618.23,770.50,750.00,360.32,1229.10,1197.00,693.00,750.22
11,7,3,1495.85,1487.70,866.50,1587.78,959.51,618.21,770.50,750.00,360.29,1228.92,1197.00,693.00,750.13
11,7,4,1495.80,1487.67,866.45,1587.70,959.47,618.19,770.50,750.00,360.27,1228.75,1197.00,693.00,750.04
11,7,5,1495.75,1487.63,866.41,1587.61,959.44,618.16,770.50,750.00,360.25,1228.58,1197.00,693.00,749.95
11,7,6,1495.69,1487.59,866.36,1587.53,959.40,618.14,770.50,750.00,360.23,1228.41,1197.00,693.00,749.87
11,7,7,1495.64,1487.55,866.31,1587.45,959.37,618.11,770.50,750.00,360.21,1228.24,1197.00,693.00,749.78
11,7,8,1495.59,1487.51,866.27,1587.36,959.33,618.09,770.50,750.00,360.18,1228.07,1197.00,693.00,749.69
11,7,9,1495.53,1487.47,866.22,1587.28,959.29,618.07,770.50,750.00,360.16,1227.89,1197.00,693.00,749.60
11,7,10,1495.48,1487.44,866.18,1587.20,959.26,618.04,770.50,750.00,360.14,1227.72,1197.00,693.00,749.51
11,7,11,1495.43,1487.40,866.13,1587.11,959.22,618.02,770.50,750.00,360.12,1227.55,1197.00,693.00,749.42
11,7,12,1495.38,1487.36,866.09,1587.03,959.18,618.00,770.50,750.00,360.09,1227.38,1197.00,693.00,749.33
11,7,13,1495.32,1487.32,866.04,1586.95,959.15,617.97,770.50,750.00,360.07,1227.21,1197.00,693.00,749.24
11,7,14,1495.27,1487.28,866.00,1586.86,959.11,617.95,770.50,750.00,360.05,1227.04,1197.00,693.00,749.15
11,7,15,1495.22,1487.24,865.95,1586.78,959.08,617.92,770.50,750.00,360.03,1226.86,1197.00,693.00,749.06
11,7,16,1495.16,1487.21,865.91,1586.70,959.04,617.90,770.50,750.00,360.01,1226.69,1197.00,693.00,748.97
11,7,17,1495.11,1487.17,865.86,1586.61,959.00,617.88,770.50,750.00,359.98,1226.52,1197.00,693.00,748.88
11,7,18,1495.06,1487.13,865.82,1586.53,958.97,617.85,770.50,750.00,359.96,1226.35,1197.00,693.00,748.80
11,7,19,1495.00,1487.09,865.77,1586.45,958.93,617.83,770.50,750.00,359.94,1226.18,1197.00,693.00,748.71
11,7,20,1494.95,1487.05,865.73,1586.36,958.89,617.81,770.50,750.00,359.92,1226.01,1197.00,693.00,748.62
11,7,21,1494.90,1487.02,865.68,1586.28,958.86,617.78,770.50,750.00,359.90,1225.83,1197.00,693.00,748.53
11,7,22,1494.85,1486.98,865.64,1586.20,958.82,617.76,770.50,750.00,359.87,1225.66,1197.00,693.00,748.44
11,7,23,1494.79,1486.94,865.59,1586.11,958.79,617.73,770.50,750.00,359.85,1225.49,1197.00,693.00,748.35
11,7,24,1494.74,1486.90,865.55,1586.03,958.75,617.71,770.50,750.00,359.83,1225.32,1197.00,693.00,748.26
11,8,1,1494.69,1486.86,865.50,1585.95,958.71,617.69,770.50,750.00,359.81,1225.13,1197.00,693.00,748.17
11,8,2,1494.63,1486.83,865.46,1585.86,958.68,617.67,770.50,750.00,359.78,1224.95,1197.00,693.00,748.08
11,8,3,1494.58,1486.79,865.41,1585.78,958.64,617.64,770.50,750.00,359.76,1224.76,1197.00,693.00,747.98
11,8,4,1494.53,1486.76,865.37,1585.70,958.61,617.62,770.50,750.00,359.73,1224.58,1197.00,693.00,747.89
11,8,5,1494.48,1486.72,865.32,1585.61,958.57,617.60,770.50,750.00,359.71,1224.39,1197.00,693.00,747.80
11,8,6,1494.42,1486.68,865.28,1585.53,958.54,617.58,770.50,750.00,359.69,1224.20,1197.00,693.00,747.71
11,8,7,1494.37,1486.65,865.23,1585.44,958.50,617.55,770.50,750.00,359.66,1224.02,1197.00,693.00,747.62
11,8,8,1494.32,1486.61,865.19,1585.36,958.46,617.53,770.50,750.00,359.64,1223.83,1197.00,693.00,747.52
11,8,9,1494.26,1486.57,865.14,1585.28,958.43,617.51,770.50,750.00,359.62,1223.65,1197.00,693.00,747.43
11,8,10,1494.21,1486.54,865.10,1585.19,958.39,617.49,770.50,750.00,359.59,1223.46,1197.00,693.00,747.34
11,8,11,1494.16,1486.50,865.05,1585.11,958.36,617.46,770.50,750.00,359.57,1223.28,1197.00,693.00,747.25
11,8,12,1494.10,1486.47,865.01,1585.03,958.32,617.44,770.50,750.00,359.54,1223.09,1197.00,693.00,747.15
11,8,13,1494.05,1486.43,864.96,1584.94,958.28,617.42,770.50,750.00,359.52,1222.90,1197.00,693.00,747.06
11,8,14,1494.00,1486.39,864.91,1584.86,958.25,617.39,770.50,750.00,359.50,1222.72,1197.00,693.00,746.97
11,8,15,1493.95,1486.36,864.87,1584.77,958.21,617.37,770.50,750.00,359.47,1222.53,1197.00,693.00,746.88
11,8,16,1493.89,1486.32,864.82,1584.69,958.18,617.35,770.50,750.00,359.45,1222.35,1197.00,693.00,746.79
11,8,17,1493.84,1486.28,864.78,1584.61,958.14,617.33,770.50,750.00,359.43,1222.16,1197.00,693.00,746.69
11,8,18,1493.79,1486.25,864.73,1584.52,958.11,617.30,770.50,750.00,359.40,1221.97,1197.00,693.00,746.60
11,8,19,1493.73,1486.21,864.69,1584.44,958.07,617.28,770.50,750.00,359.38,1221.79,1197.00,693.00,746.51
11,8,20,1493.68,1486.18,864.64,1584.36,958.03,617.26,770.50,750.00,359.36,1221.60,1197.00,693.00,746.42
11,8,21,1493.63,1486.14,864.60,1584.27,958.00,617.24,770.50,750.00,359.33,1221.42,1197.00,693.00,746.33
11,8,22,1493.58,1486.10,864.55,1584.19,957.96,617.21,770.50,750.00,359.31,1221.23,1197.00,693.00,746.23
11,8,23,1493.52,1486.07,864.51,1584.10,957.93,617.19,770.50,750.00,359.28,1221.05,1197.00,693.00,746.14
11,8,24,1493.47,1486.03,864.46,1584.02,957.89,617.17,770.50,750.00,359.26,1220.86,1197.00,693.00,746.05
11,9,1,1493.42,1485.99,864.41,1583.94,957.85,617.15,770.50,750.00,359.24,1220.66,1197.00,693.00,745.95
11,9,2,1493.36,1485.95,864.37,1583.85,957.82,617.12,770.50,750.00,359.21,1220.46,1197.00,693.00,745.86
11,9,3,1493.31,1485.92,864.32,1583.77,957.78,617.10,770.50,750.00,359.19,1220.27,1197.00,693.00,745.76
11,9,4,1493.26,1485.88,864.28,1583.69,957.75,617.07,770.50,750.00,359.16,1220.07,1197.00,693.00,745.67
11,9,5,1493.20,1485.84,864.23,1583.60,957.71,617.05,770.50,750.00,359.14,1219.87,1197.00,693.00,745.57
11,9,6,1493.15,1485.80,864.19,1583.52,957.67,617.02,770.50,750.00,359.11,1219.67,1197.00,693.00,745.48
11,9,7,1493.10,1485.76,864.14,1583.44,957.64,617.00,770.50,750.00,359.09,1219.47,1197.00,693.00,745.38
11,9,8,1493.04,1485.72,864.09,1583.35,957.60,616.98,770.50,750.00,359.06,1219.28,1197.00,693.00,745.29
11,9,9,1492.99,1485.69,864.05,1583.27,957.56,616.95,770.50,750.00,359.04,1219.08,1197.00,693.00,745.19
11,9,10,1492.94,1485.65,864.00,1583.19,957.53,616.93,770.50,750.00,359.01,1218.88,1197.00,693.00,745.10
11,9,11,1492.88,1485.61,863.96,1583.10,957.49,616.90,770.50,750.00,358.99,1218.68,1197.00,693.00,745.00
11,9,12,1492.83,1485.57,863.91,1583.02,957.46,616.88,770.50,750.00,358.96,1218.48,1197.00,693.00,744.90
11,9,13,1492.78,1485.53,863.86,1582.94,957.42,616.86,770.50,750.00,358.94,1218.29,1197.00,693.00,744.81
11,9,14,1492.72,1485.49,863.82,1582.85,957.38,616.83,770.50,750.00,358.91,1218.09,1197.00,693.00,744.71
11,9,15,1492.67,1485.46,863.77,1582.77,957.35,616.81,770.50,750.00,358.89,1217.89,1197.00,693.00,744.62
11,9,16,1492.62,1485.42,863.73,1582.69,957.31,616.78,770.50,750.00,358.86,1217.69,1197.00,693.00,744.52
11,9,17,1492.56,1485.38,863.68,1582.60,957.27,616.76,770.50,750.00,358.84,1217.50,1197.00,693.00,744.43
11,9,18,1492.51,1485.34,863.63,1582.52,957.24,616.74,770.50,750.00,358.81,1217.30,1197.00,693.00,744.33
11,9,19,1492.46,1485.30,863.59,1582.44,957.20,616.71,770.50,750.00,358.79,1217.10,1197.00,693.00,744.24
11,9,20,1492.40,1485.26,863.54,1582.35,957.17,616.69,770.50,750.00,358.76,1216.90,1197.00,693.00,744.14
11,9,21,1492.35,1485.22,863.50,1582.27,957.13,616.66,770.50,750.00,358.74,1216.70,1197.00,693.00,744.05
11,9,22,1492.30,1485.19,863.45,1582.19,957.09,616.64,770.50,750.00,358.71,1216.51,1197.00,693.00,743.95
11,9,23,1492.24,1485.15,863.41,1582.10,957.06,616.61,770.50,750.00,358.69,1216.31,1197.00,693.00,743.86
11,9,24,1492.19,1485.11,863.36,1582.02,957.02,616.59,770.50,750.00,358.66,1216.11,1197.00,693.00,743.76
11,10,1,1492.14,1485.07,863.31,1581.94,956.98,616.57,770.50,750.00,358.63,1215.91,1197.00,693.00,743.66
11,10,2,1492.08,1485.03,863.27,1581.85,956.95,616.54,770.50,750.00,358.61,1215.72,1197.00,693.00,743.56
11,10,3,1492.03,1484.99,863.22,1581.77,956.91,616.52,770.50,750.00,358.58,1215.52,1197.00,693.00,743.47
11,10,4,1491.97,1484.96,863.17,1581.69,956.88,616.49,770.50,750.00,358.55,1215.33,1197.00,693.00,743.37
11,10,5,1491.92,1484.92,863.13,1581.60,956.84,616.47,770.50,750.00,358.52,1215.13,1197.00,693.00,743.27
11,10,6,1491.86,1484.88,863.08,1581.52,956.81,616.44,770.50,750.00,358.50,1214.94,1197.00,693.00,743.17
11,10,7,1491.81,1484.84,863.04,1581.44,956.77,616.42,770.50,750.00,358.47,1214.74,1197.00,693.00,743.07
11,10,8,1491.76,1484.80,862.99,1581.35,956.73,616.39,770.50,750.00,358.44,1214.55,1197.00,693.00,742.98
11,10,9,1491.70,1484.76,862.94,1581.27,956.70,616.37,770.50,750.00,358.41,1214.35,1197.00,693.00,742.88
11,10,10,1491.65,1484.73,862.90,1581.19,956.66,616.34,770.50,750.00,358.39,1214.16,1197.00,693.00,742.78
11,10,11,1491.59,1484.69,862.85,1581.10,956.63,616.32,770.50,750.00,358.36,1213.96,1197.00,693.00,742.68
11,10,12,1491.54,1484.65,862.80,1581.02,956.59,616.30,770.50,750.00,358.33,1213.77,1197.00,693.00,742.58
11,10,13,1491.49,1484.61,862.76,1580.94,956.55,616.27,770.50,750.00,358.30,1213.57,1197.00,693.00,742.49
11,10,14,1491.43,1484.57,862.71,1580.85,956.52,616.25,770.50,750.00,358.28,1213.37,1197.00,693.00,742.39
11,10,15,1491.38,1484.53,862.67,1580.77,956.48,616.22,770.50,750.00,358.25,1213.18,1197.00,693.00,742.29
11,10,16,1491.32,1484.50,862.62,1580.69,956.45,616.20,770.50,750.00,358.22,1212.98,1197.00,693.00,742.19
11,10,17,1491.27,1484.46,862.57,1580.60,956.41,616.17,770.50,750.00,358.19,1212.79,1197.00,693.00,742.10
11,10,18,1491.21,1484.42,862.53,1580.52,956.37,616.15,770.50,750.00,358.17,1212.59,1197.00,693.00,742.00
11,10,19,1491.16,1484.38,862.48,1580.44,956.34,616.12,770.50,750.00,358.14,1212.40,1197.00,693.00,741.90
11,10,20,1491.11,1484.34,862.43,1580.35,956.30,616.10,770.50,750.00,358.11,1212.20,1197.00,693.00,741.80
11,10,21,1491.05,1484.30,862.39,1580.27,956.27,616.07,770.50,750.00,358.08,1212.01,1197.00,693.00,741.70
11,10,22,1491.00,1484.27,862.34,1580.19,956.23,616.05,770.50,750.00,358.06,1211.81,1197.00,693.00,741.61
11,10,23,1490.94,1484.23,862.30,1580.10,956.20,616.02,770.50,750.00,358.03,1211.62,1197.00,693.00,741.51
11,10,24,1490.89,1484.19,862.25,1580.02,956.16,616.00,770.50,750.00,358.00,1211.42,1197.00,693.00,741.41
11,11,1,1490.84,1484.15,862.20,1579.93,956.12,615.98,770.50,750.00,357.97,1211.20,1197.00,693.00,741.31
11,11,2,1490.78,1484.12,862.16,1579.84,956.09,615.95,770.50,750.00,357.94,1210.99,1197.00,693.00,741.21
11,11,3,1490.73,1484.08,862.11,1579.75,956.05,615.93,770.50,750.00,357.91,1210.77,1197.00,693.00,741.11
11,11,4,1490.67,1484.04,862.06,1579.66,956.02,615.90,770.50,750.00,357.88,1210.56,1197.00,693.00,741.01
11,11,5,1490.62,1484.01,862.02,1579.57,955.98,615.88,770.50,750.00,357.85,1210.34,1197.00,693.00,740.91
11,11,6,1490.56,1483.97,861.97,1579.48,955.94,615.85,770.50,750.00,357.82,1210.13,1197.00,693.00,740.80
11,11,7,1490.51,1483.93,861.92,1579.39,955.91,615.83,770.50,750.00,357.79,1209.91,1197.00,693.00,740.70
11,11,8,1490.45,1483.90,861.88,1579.30,955.87,615.80,770.50,750.00,357.76,1209.69,1197.00,693.00,740.60
11,11,9,1490.40,1483.86,861.83,1579.21,955.84,615.78,770.50,750.00,357.73,1209.48,1197.00,693.00,740.50
11,11,10,1490.34,1483.82,861.78,1579.12,955.80,615.75,770.50,750.00,357.70,1209.26,1197.00,693.00,740.40
11,11,11,1490.29,1483.79,861.74,1579.03,955.77,615.73,770.50,750.00,357.67,1209.05,1197.00,693.00,740.30
11,11,12,1490.23,1483.75,861.69,1578.95,955.73,615.70,770.50,750.00,357.63,1208.83,1197.00,693.00,740.20
11,11,13,1490.18,1483.71,861.64,1578.86,955.69,615.68,770.50,750.00,357.60,1208.61,1197.00,693.00,740.10
11,11,14,1490.13,1483.68,861.60,1578.77,955.66,615.65,770.50,750.00,357.57,1208.40,1197.00,693.00,740.00
11,11,15,1490.07,1483.64,861.55,1578.68,955.62,615.63,770.50,750.00,357.54,1208.18,1197.00,693.00,739.90
11,11,16,1490.02,1483.60,861.50,1578.59,955.59,615.60,770.50,750.00,357.51,1207.97,1197.00,693.00,739.80
11,11,17,1489.96,1483.57,861.46,1578.50,955.55,615.58,770.50,750.00,357.48,1207.75,1197.00,693.00,739.70
11,11,18,1489.91,1483.53,861.41,1578.41,955.51,615.55,770.50,750.00,357.45,1207.54,1197.00,693.00,739.59
11,11,19,1489.85,1483.49,861.36,1578.32,955.48,615.53,770.50,750.00,357.42,1207.32,1197.00,693.00,739.49
11,11,20,1489.80,1483.46,861.32,1578.23,955.44,615.50,770.50,750.00,357.39,1207.10,1197.00,693.00,739.39
11,11,21,1489.74,1483.42,861.27,1578.14,955.41,615.48,770.50,750.00,357.36,1206.89,1197.00,693.00,739.29
11,11,22,1489.69,1483.38,861.22,1578.05,955.37,615.45,770.50,750.00,357.33,1206.67,1197.00,693.00,739.19
11,11,23,1489.63,1483.35,861.18,1577.96,955.34,615.43,770.50,750.00,357.30,1206.46,1197.00,693.00,739.09
11,11,24,1489.58,1483.31,861.13,1577.87,955.30,615.40,770.50,750.00,357.27,1206.24,1197.00,693.00,738.99
11,12,1,1489.53,1483.27,861.08,1577.79,955.26,615.38,770.50,750.00,357.24,1206.00,1197.00,693.00,738.88
11,12,2,1489.47,1483.24,861.04,1577.70,955.23,615.35,770.50,750.00,357.20,1205.77,1197.00,693.00,738.78
11,12,3,1489.42,1483.20,860.99,1577.62,955.19,615.33,770.50,750.00,357.17,1205.53,1197.00,693.00,738.67
11,12,4,1489.36,1483.16,860.94,1577.54,955.15,615.30,770.50,750.00,357.14,1205.29,1197.00,693.00,738.57
11,12,5,1489.31,1483.12,860.89,1577.45,955.12,615.28,770.50,750.00,357.10,1205.05,1197.00,693.00,738.46
11,12,6,1489.25,1483.09,860.85,1577.37,955.08,615.25,770.50,750.00,357.07,1204.82,1197.00,693.00,738.36
11,12,7,1489.20,1483.05,860.80,1577.29,955.05,615.23,770.50,750.00,357.04,1204.58,1197.00,693.00,738.25
11,12,8,1489.14,1483.01,860.75,1577.20,955.01,615.20,770.50,750.00,357.00,1204.34,1197.00,693.00,738.15
11,12,9,1489.09,1482.97,860.71,1577.12,954.97,615.18,770.50,750.00,356.97,1204.11,1197.00,693.00,738.04
11,12,10,1489.03,1482.94,860.66,1577.04,954.94,615.15,770.50,750.00,356.94,1203.87,1197.00,693.00,737.94
11,12,11,1488.98,1482.90,860.61,1576.95,954.90,615.13,770.50,750.00,356.90,1203.63,1197.00,693.00,737.83
11,12,12,1488.92,1482.86,860.57,1576.87,954.86,615.10,770.50,750.00,356.87,1203.40,1197.00,693.00,737.73
11,12,13,1488.87,1482.82,860.52,1576.79,954.83,615.08,770.50,750.00,356.84,1203.16,1197.00,693.00,737.62
11,12,14,1488.82,1482.79,860.47,1576.70,954.79,615.05,770.50,750.00,356.80,1202.92,1197.00,693.00,737.51
11,12,15,1488.76,1482.75,860.42,1576.62,954.76,615.03,770.50,750.00,356.77,1202.68,1197.00,693.00,737.41
11,12,16,1488.71,1482.71,860.38,1576.54,954.72,615.00,770.50,750.00,356.74,1202.45,1197.00,693.00,737.30
11,12,17,1488.65,1482.67,860.33,1576.45,954.68,614.97,770.50,750.00,356.70,1202.21,1197.00,693.00,737.20
11,12,18,1488.60,1482.64,860.28,1576.37,954.65,614.95,770.50,750.00,356.67,1201.97,1197.00,693.00,737.09
11,12,19,1488.54,1482.60,860.24,1576.29,954.61,614.92,770.50,750.00,356.64,1201.74,1197.00,693.00,736.99
11,12,20,1488.49,1482.56,860.19,1576.20,954.57,614.90,770.50,750.00,356.60,1201.50,1197.00,693.00,736.88
11,12,21,1488.43,1482.52,860.14,1576.12,954.54,614.87,770.50,750.00,356.57,1201.26,1197.00,693.00,736.78
11,12,22,1488.38,1482.49,860.09,1576.04,954.50,614.85,770.50,750.00,356.54,1201.02,1197.00,693.00,736.67
11,12,23,1488.32,1482.45,860.05,1575.95,954.47,614.82,770.50,750.00,356.50,1200.79,1197.00,693.00,736.57
11,12,24,1488.27,1482.41,860.00,1575.87,954.43,614.80,770.50,750.00,356.47,1200.55,1197.00,693.00,736.46
11,13,1,1488.21,1482.37,859.95,1575.78,954.39,614.77,770.50,750.00,356.43,1200.29,1197.00,693.00,736.35
11,13,2,1488.16,1482.34,859.90,1575.69,954.36,614.75,770.50,750.00,356.39,1200.04,1197.00,693.00,736.24
11,13,3,1488.10,1482.30,859.86,1575.60,954.32,614.72,770.50,750.00,356.35,1199.78,1197.00,693.00,736.13
11,13,4,1488.05,1482.26,859.81,1575.51,954.29,614.70,770.50,750.00,356.32,1199.52,1197.00,693.00,736.02
11,13,5,1487.99,1482.22,859.76,1575.42,954.25,614.67,770.50,750.00,356.28,1199.26,1197.00,693.00,735.91
11,13,6,1487.94,1482.19,859.71,1575.33,954.21,614.65,770.50,750.00,356.24,1199.01,1197.00,693.00,735.80
11,13,7,1487.88,1482.15,859.67,1575.24,954.18,614.62,770.50,750.00,356.20,1198.75,1197.00,693.00,735.68
11,13,8,1487.83,1482.11,859.62,1575.15,954.14,614.60,770.50,750.00,356.16,1198.49,1197.00,693.00,735.57
11,13,9,1487.77,1482.07,859.57,1575.06,954.11,614.57,770.50,750.00,356.12,1198.23,1197.00,693.00,735.46
11,13,10,1487.72,1482.04,859.52,1574.97,954.07,614.55,770.50,750.00,356.09,1197.98,1197.00,693.00,735.35
11,13,11,1487.66,1482.00,859.48,1574.88,954.04,614.52,770.50,750.00,356.05,1197.72,1197.00,693.00,735.24
11,13,12,1487.60,1481.96,859.43,1574.79,954.00,614.50,770.50,750.00,356.01,1197.46,1197.00,693.00,735.13
11,13,13,1487.55,1481.92,859.38,1574.71,953.96,614.48,770.50,750.00,355.97,1197.20,1197.00,693.00,735.02
11,13,14,1487.49,1481.89,859.33,1574.62,953.93,614.45,770.50,750.00,355.93,1196.95,1197.00,693.00,734.91
11,13,15,1487.44,1481.85,859.29,1574.53,953.89,614.43,770.50,750.00,355.89,1196.69,1197.00,693.00,734.80
11,13,16,1487.38,1481.81,859.24,1574.44,953.86,614.40,770.50,750.00,355.86,1196.43,1197.00,693.00,734.69
11,13,17,1487.33,1481.77,859.19,1574.35,953.82,614.38,770.50,750.00,355.82,1196.17,1197.00,693.00,734.58
11,13,18,1487.27,1481.74,859.14,1574.26,953.79,614.35,770.50,750.00,355.78,1195.92,1197.00,693.00,734.46
11,13,19,1487.22,1481.70,859.10,1574.17,953.75,614.33,770.50,750.00,355.74,1195.66,1197.00,693.00,734.35
11,13,20,1487.16,1481.66,859.05,1574.08,953.71,614.30,770.50,750.00,355.70,1195.40,1197.00,693.00,734.24
11,13,21,1487.11,1481.62,859.00,1573.99,953.68,614.28,770.50,750.00,355.66,1195.14,1197.00,693.00,734.13
11,13,22,1487.05,1481.59,858.95,1573.90,953.64,614.25,770.50,750.00,355.63,1194.88,1197.00,693.00,734.02
11,13,23,1487.00,1481.55,858.91,1573.81,953.61,614.23,770.50,750.00,355.59,1194.63,1197.00,693.00,733.91
11,13,24,1486.94,1481.51,858.86,1573.72,953.57,614.20,770.50,750.00,355.55,1194.37,1197.00,693.00,733.80
11,14,1,1486.88,1481.47,858.81,1573.63,953.53,614.18,770.50,750.00,355.50,1194.09,1197.00,693.00,733.68
11,14,2,1486.83,1481.44,858.76,1573.54,953.50,614.15,770.50,750.00,355.46,1193.81,1197.00,693.00,733.57
11,14,3,1486.77,1481.40,858.72,1573.45,953.46,614.13,770.50,750.00,355.41,1193.53,1197.00,693.00,733.45
11,14,4,1486.72,1481.36,858.67,1573.36,953.43,614.10,770.50,750.00,355.36,1193.26,1197.00,693.00,733.33
11,14,5,1486.66,1481.32,858.62,1573.27,953.39,614.08,770.50,750.00,355.32,1192.98,1197.00,693.00,733.21
11,14,6,1486.60,1481.29,858.57,1573.18,953.36,614.05,770.50,750.00,355.27,1192.70,1197.00,693.00,733.10
11,14,7,1486.55,1481.25,858.52,1573.10,953.32,614.03,770.50,750.00,355.23,1192.42,1197.00,693.00,732.98
11,14,8,1486.49,1481.21,858.48,1573.01,953.28,614.00,770.50,750.00,355.18,1192.14,1197.00,693.00,732.86
11,14,9,1486.44,1481.18,858.43,1572.92,953.25,613.97,770.50,750.00,355.13,1191.86,1197.00,693.00,732.75
11,14,10,1486.38,1481.14,858.38,1572.83,953.21,613.95,770.50,750.00,355.09,1191.58,1197.00,693.00,732.63
11,14,11,1486.33,1481.10,858.33,1572.74,953.18,613.92,770.50,750.00,355.04,1191.30,1197.00,693.00,732.51
11,14,12,1486.27,1481.07,858.29,1572.65,953.14,613.90,770.50,750.00,354.99,1191.03,1197.00,693.00,732.39
11,14,13,1486.21,1481.03,858.24,1572.56,953.10,613.87,770.50,750.00,354.95,1190.75,1197.00,693.00,732.28
11,14,14,1486.16,1480.99,858.19,1572.47,953.07,613.85,770.50,750.00,354.90,1190.47,1197.00,693.00,732.16
11,14,15,1486.10,1480.95,858.14,1572.38,953.03,613.82,770.50,750.00,354.86,1190.19,1197.00,693.00,732.04
11,14,16,1486.05,1480.92,858.09,1572.29,953.00,613.80,770.50,750.00,354.81,1189.91,1197.00,693.00,731.93
11,14,17,1485.99,1480.88,858.05,1572.20,952.96,613.77,770.50,750.00,354.76,1189.63,1197.00,693.00,731.81
11,14,18,1485.93,1480.84,858.00,1572.11,952.93,613.75,770.50,750.00,354.72,1189.35,1197.00,693.00,731.69
11,14,19,1485.88,1480.81,857.95,1572.03,952.89,613.72,770.50,750.00,354.67,1189.07,1197.00,693.00,731.58
11,14,20,1485.82,1480.77,857.90,1571.94,952.85,613.70,770.50,750.00,354.62,1188.80,1197.00,693.00,731.46
11,14,21,1485.77,1480.73,857.85,1571.85,952.82,613.67,770.50,750.00,354.58,1188.52,1197.00,693.00,731.34
11,14,22,1485.71,1480.69,857.81,1571.76,952.78,613.65,770.50,750.00,354.53,1188.24,1197.00,693.00,731.22
11,14,23,1485.66,1480.66,857.76,1571.67,952.75,613.62,770.50,750.00,354.49,1187.96,1197.00,693.00,731.11
11,14,24,1485.60,1480.62,857.71,1571.58,952.71,613.60,770.50,750.00,354.44,1187.68,1197.00,693.00,730.99
11,15,1,1485.54,1480.58,857.66,1571.49,952.67,613.57,770.50,750.00,354.38,1187.36,1197.00,693.00,730.87
11,15,2,1485.49,1480.54,857.61,1571.39,952.64,613.55,770.50,750.00,354.32,1187.04,1197.00,693.00,730.74
11,15,3,1485.43,1480.50,857.56,1571.30,952.60,613.52,770.50,750.00,354.26,1186.72,1197.00,693.00,730.62
11,15,4,1485.37,1480.46,857.52,1571.20,952.57,613.50,770.50,750.00,354.20,1186.40,1197.00,693.00,730.49
11,15,5,1485.32,1480.42,857.47,1571.11,952.53,613.47,770.50,750.00,354.14,1186.08,1197.00,693.00,730.37
11,15,6,1485.26,1480.38,857.42,1571.02,952.49,613.45,770.50,750.00,354.08,1185.76,1197.00,693.00,730.24
11,15,7,1485.21,1480.34,857.37,1570.92,952.46,613.42,770.50,750.00,354.02,1185.44,1197.00,693.00,730.12
11,15,8,1485.15,1480.30,857.32,1570.83,952.42,613.40,770.50,750.00,353.96,1185.12,1197.00,693.00,729.99
11,15,9,1485.09,1480.26,857.27,1570.74,952.38,613.37,770.50,750.00,353.90,1184.80,1197.00,693.00,729.87
11,15,10,1485.04,1480.22,857.22,1570.64,952.35,613.35,770.50,750.00,353.84,1184.48,1197.00,693.00,729.74
11,15,11,1484.98,1480.18,857.17,1570.55,952.31,613.32,770.50,750.00,353.78,1184.16,1197.00,693.00,729.62
11,15,12,1484.92,1480.14,857.12,1570.45,952.28,613.30,770.50,750.00,353.72,1183.84,1197.00,693.00,729.49
11,15,13,1484.87,1480.09,857.08,1570.36,952.24,613.27,770.50,750.00,353.66,1183.52,1197.00,693.00,729.37
11,15,14,1484.81,1480.05,857.03,1570.27,952.20,613.25,770.50,750.00,353.60,1183.20,1197.00,693.00,729.25
11,15,15,1484.76,1480.01,856.98,1570.17,952.17,613.22,770.50,750.00,353.54,1182.88,1197.00,693.00,729.12
11,15,16,1484.70,1479.97,856.93,1570.08,952.13,613.20,770.50,750.00,353.48,1182.56,1197.00,693.00,729.00
11,15,17,1484.64,1479.93,856.88,1569.99,952.09,613.17,770.50,750.00,353.42,1182.24,1197.00,693.00,728.87
11,15,18,1484.59,1479.89,856.83,1569.89,952.06,613.15,770.50,750.00,353.36,1181.92,1197.00,693.00,728.75
11,15,19,1484.53,1479.85,856.78,1569.80,952.02,613.12,770.50,750.00,353.30,1181.60,1197.00,693.00,728.62
11,15,20,1484.47,1479.81,856.73,1569.70,951.99,613.10,770.50,750.00,353.24,1181.28,1197.00,693.00,728.50
11,15,21,1484.42,1479.77,856.69,1569.61,951.95,613.07,770.50,750.00,353.18,1180.96,1197.00,693.00,728.37
11,15,22,1484.36,1479.73,856.64,1569.52,951.91,613.05,770.50,750.00,353.12,1180.64,1197.00,693.00,728.25
11,15,23,1484.31,1479.69,856.59,1569.42,951.88,613.02,770.50,750.00,353.06,1180.32,1197.00,693.00,728.12
11,15,24,1484.25,1479.65,856.54,1569.33,951.84,613.00,770.50,750.00,353.00,1180.00,1197.00,693.00,728.00
11,16,1,1484.16,1479.56,856.46,1569.24,951.77,613.00,770.50,750.00,353.00,1180.00,1197.00,693.00,728.00
11,16,2,1484.08,1479.48,856.39,1569.15,951.70,613.00,770.50,750.00,353.00,1180.00,1197.00,693.00,728.00
11,16,3,1483.99,1479.39,856.31,1569.05,951.63,613.00,770.50,750.00,353.00,1180.00,1197.00,693.00,728.00
11,16,4,1483.91,1479.30,856.23,1568.96,951.56,613.00,770.50,750.00,353.00,1180.00,1197.00,693.00,728.00
11,16,5,1483.82,1479.21,856.15,1568.87,951.49,613.00,770.50,750.00,353.00,1180.00,1197.00,693.00,728.00
11,16,6,1483.74,1479.13,856.08,1568.78,951.42,613.00,770.50,750.00,353.00,1180.00,1197.00,693.00,728.00
11,16,7,1483.65,1479.04,856.00,1568.69,951.34,613.00,770.50,750.00,353.00,1180.00,1197.00,693.00,728.00
11,16,8,1483.57,1478.95,855.92,1568.60,951.27,613.00,770.50,750.00,353.00,1180.00,1197.00,693.00,728.00
11,16,9,1483.48,1478.86,855.85,1568.50,951.20,613.00,770.50,750.00,353.00,1180.00,1197.00,693.00,728.00
11,16,10,1483.40,1478.78,855.77,1568.41,951.13,613.00,770.50,750.00,353.00,1180.00,1197.00,693.00,728.00
11,16,11,1483.31,1478.69,855.69,1568.32,951.06,613.00,770.50,750.00,353.00,1180.00,1197.00,693.00,728.00
11,16,12,1483.23,1478.60,855.61,1568.23,950.99,613.00,770.50,750.00,353.00,1180.00,1197.00,693.00,728.00
11,16,13,1483.14,1478.51,855.54,1568.14,950.92,613.00,770.50,750.00,353.00,1180.00,1197.00,693.00,728.00
11,16,14,1483.06,1478.43,855.46,1568.05,950.85,613.00,770.50,750.00,353.00,1180.00,1197.00,693.00,728.00
11,16,15,1482.97,1478.34,855.38,1567.95,950.78,613.00,770.50,750.00,353.00,1180.00,1197.00,693.00,728.00
11,16,16,1482.89,1478.25,855.31,1567.86,950.71,613.00,770.50,750.00,353.00,1180.00,1197.00,693.00,728.00
11,16,17,1482.80,1478.16,855.23,1567.77,950.64,613.00,770.50,750.00,353.00,1180.00,1197.00,693.00,728.00
11,16,18,1482.72,1478.08,855.15,1567.68,950.57,613.00,770.50,750.00,353.00,1180.00,1197.00,693.00,728.00
11,16,19,1482.63,1477.99,855.08,1567.59,950.49,613.00,770.50,750.00,353.00,1180.00,1197.00,693.00,728.00
11,16,20,1482.55,1477.90,855.00,1567.50,950.42,613.00,770.50,750.00,353.00,1180.00,1197.00,693.00,728.00
11,16,21,1482.46,1477.81,854.92,1567.40,950.35,613.00,770.50,750.00,353.00,1180.00,1197.00,693.00,728.00
11,16,22,1482.38,1477.73,854.84,1567.31,950.28,613.00,770.50,750.00,353.00,1180.00,1197.00,693.00,728.00
11,16,23,1482.29,1477.64,854.77,1567.22,950.21,613.00,770.50,750.00,353.00,1180.00,1197.00,693.00,728.00
11,16,24,1482.21,1477.55,854.69,1567.13,950.14,613.00,770.50,750.00,353.00,1180.00,1197.00,693.00,728.00
11,17,1,1482.12,1477.46,854.61,1567.03,950.07,613.00,770.50,750.00,353.00,1180.00,1197.00,693.00,728.00
11,17,2,1482.04,1477.37,854.53,1566.94,949.99,613.00,770.50,750.00,353.00,1180.00,1197.00,693.00,728.00
11,17,3,1481.95,1477.29,854.46,1566.84,949.92,613.00,770.50,750.00,353.00,1180.00,1197.00,693.00,728.00
11,17,4,1481.86,1477.20,854.38,1566.75,949.85,613.00,770.50,750.00,353.00,1180.00,1197.00,693.00,728.00
11,17,5,1481.78,1477.11,854.30,1566.65,949.78,613.00,770.50,750.00,353.00,1180.00,1197.00,693.00,728.00
11,17,6,1481.69,1477.02,854.22,1566.56,949.70,613.00,770.50,750.00,353.00,1180.00,1197.00,693.00,728.00
11,17,7,1481.61,1476.93,854.14,1566.46,949.63,613.00,770.50,750.00,353.00,1180.00,1197.00,693.00,728.00
11,17,8,1481.52,1476.84,854.06,1566.37,949.56,613.00,770.50,750.00,353.00,1180.00,1197.00,693.00,728.00
11,17,9,1481.43,1476.76,853.99,1566.27,949.48,613.00,770.50,750.00,353.00,1180.00,1197.00,693.00,728.00
11,17,10,1481.35,1476.67,853.91,1566.18,949.41,613.00,770.50,750.00,353.00,1180.00,1197.00,693.00,728.00
11,17,11,1481.26,1476.58,853.83,1566.08,949.34,613.00,770.50,750.00,353.00,1180.00,1197.00,693.00,728.00
11,17,12,1481.17,1476.49,853.75,1565.98,949.27,613.00,770.50,750.00,353.00,1180.00,1197.00,693.00,728.00
11,17,13,1481.09,1476.40,853.67,1565.89,949.19,613.00,770.50,750.00,353.00,1180.00,1197.00,693.00,728.00
11,17,14,1481.00,1476.31,853.59,1565.79,949.12,613.00,770.50,750.00,353.00,1180.00,1197.00,693.00,728.00
11,17,15,1480.92,1476.23,853.51,1565.70,949.05,613.00,770.50,750.00,353.00,1180.00,1197.00,693.00,728.00
11,17,16,1480.83,1476.14,853.44,1565.60,948.97,613.00,770.50,750.00,353.00,1180.00,1197.00,693.00,728.00
11,17,17,1480.74,1476.05,853.36,1565.51,948.90,613.00,770.50,750.00,353.00,1180.00,1197.00,693.00,728.00
11,17,18,1480.66,1475.96,853.28,1565.41,948.83,613.00,770.50,750.00,353.00,1180.00,1197.00,693.00,728.00
11,17,19,1480.57,1475.87,853.20,1565.32,948.75,613.00,770.50,750.00,353.00,1180.00,1197.00,693.00,728.00
11,17,20,1480.49,1475.78,853.12,1565.22,948.68,613.00,770.50,750.00,353.00,1180.00,1197.00,693.00,728.00
11,17,21,1480.40,1475.70,853.04,1565.13,948.61,613.00,770.50,750.00,353.00,1180.00,1197.00,693.00,728.00
11,17,22,1480.31,1475.61,852.97,1565.03,948.54,613.00,770.50,750.00,353.00,1180.00,1197.00,693.00,728.00
11,17,23,1480.23,1475.52,852.89,1564.94,948.46,613.00,770.50,750.00,353.00,1180.00,1197.00,693.00,728.00
11,17,24,1480.14,1475.43,852.81,1564.84,948.39,613.00,770.50,750.00,353.00,1180.00,1197.00,693.00,728.00
11,18,1,1480.05,1475.34,852.73,1564.75,948.31,613.00,770.50,750.00,353.00,1180.00,1197.00,693.00,728.00
11,18,2,1479.97,1475.26,852.65,1564.66,948.24,613.00,770.50,750.00,353.00,1180.00,1197.00,693.00,728.00
11,18,3,1479.88,1475.17,852.57,1564.56,948.16,613.00,770.50,750.00,353.00,1180.00,1197.00,693.00,728.00
11,18,4,1479.79,1475.08,852.49,1564.47,948.08,613.00,770.50,750.00,353.00,1180.00,1197.00,693.00,728.00
11,18,5,1479.70,1474.99,852.41,1564.38,948.00,613.00,770.50,750.00,353.00,1180.00,1197.00,693.00,728.00
11,18,6,1479.62,1474.91,852.33,1564.29,947.93,613.00,770.50,750.00,353.00,1180.00,1197.00,693.00,728.00
11,18,7,1479.53,1474.82,852.25,1564.20,947.85,613.00,770.50,750.00,353.00,1180.00,1197.00,693.00,728.00
11,18,8,1479.44,1474.73,852.17,1564.10,947.77,613.00,770.50,750.00,353.00,1180.00,1197.00,693.00,728.00
11,18,9,1479.35,1474.64,852.09,1564.01,947.69,613.00,770.50,750.00,353.00,1180.00,1197.00,693.00,728.00
11,18,10,1479.27,1474.56,852.01,1563.92,947.62,613.00,770.50,750.00,353.00,1180.00,1197.00,693.00,728.00
11,18,11,1479.18,1474.47,851.93,1563.83,947.54,613.00,770.50,750.00,353.00,1180.00,1197.00,693.00,728.00
11,18,12,1479.09,1474.38,851.86,1563.73,947.46,613.00,770.50,750.00,353.00,1180.00,1197.00,693.00,728.00
11,18,13,1479.00,1474.29,851.78,1563.64,947.38,613.00,770.50,750.00,353.00,1180.00,1197.00,693.00,728.00
11,18,14,1478.92,1474.20,851.70,1563.55,947.31,613.00,770.50,750.00,353.00,1180.00,1197.00,693.00,728.00
11,18,15,1478.83,1474.12,851.62,1563.46,947.23,613.00,770.50,750.00,353.00,1180.00,1197.00,693.00,728.00
11,18,16,1478.74,1474.03,851.54,1563.37,947.15,613.00,770.50,750.00,353.00,1180.00,1197.00,693.00,728.00
11,18,17,1478.65,1473.94,851.46,1563.27,947.07,613.00,770.50,750.00,353.00,1180.00,1197.00,693.00,728.00
11,18,18,1478.57,1473.85,851.38,1563.18,947.00,613.00,770.50,750.00,353.00,1180.00,1197.00,693.00,728.00
11,18,19,1478.48,1473.77,851.30,1563.09,946.92,613.00,770.50,750.00,353.00,1180.00,1197.00,693.00,728.00
11,18,20,1478.39,1473.68,851.22,1563.00,946.84,613.00,770.50,750.00,353.00,1180.00,1197.00,693.00,728.00
11,18,21,1478.30,1473.59,851.14,1562.91,946.76,613.00,770.50,750.00,353.00,1180.00,1197.00,693.00,728.00
11,18,22,1478.22,1473.50,851.06,1562.81,946.69,613.00,770.50,750.00,353.00,1180.00,1197.00,693.00,728.00
11,18,23,1478.13,1473.42,850.98,1562.72,946.61,613.00,770.50,750.00,353.00,1180.00,1197.00,693.00,728.00
11,18,24,1478.04,1473.33,850.90,1562.63,946.53,613.00,770.50,750.00,353.00,1180.00,1197.00,693.00,728.00
11,19,1,1477.95,1473.24,850.82,1562.53,946.45,613.00,770.50,750.00,353.00,1180.00,1197.00,693.00,728.00
11,19,2,1477.86,1473.15,850.74,1562.44,946.37,613.00,770.50,750.00,353.00,1180.00,1197.00,693.00,728.00
11,19,3,1477.77,1473.06,850.66,1562.34,946.30,613.00,770.50,750.00,353.00,1180.00,1197.00,693.00,728.00
11,19,4,1477.69,1472.97,850.58,1562.24,946.22,613.00,770.50,750.00,353.00,1180.00,1197.00,693.00,728.00
11,19,5,1477.60,1472.89,850.50,1562.14,946.14,613.00,770.50,750.00,353.00,1180.00,1197.00,693.00,728.00
11,19,6,1477.51,1472.80,850.42,1562.05,946.06,613.00,770.50,750.00,353.00,1180.00,1197.00,693.00,728.00
11,19,7,1477.42,1472.71,850.33,1561.95,945.98,613.00,770.50,750.00,353.00,1180.00,1197.00,693.00,728.00
11,19,8,1477.33,1472.62,850.25,1561.85,945.91,613.00,770.50,750.00,353.00,1180.00,1197.00,693.00,728.00
11,19,9,1477.24,1472.53,850.17,1561.75,945.83,613.00,770.50,750.00,353.00,1180.00,1197.00,693.00,728.00
11,19,10,1477.15,1472.44,850.09,1561.66,945.75,613.00,770.50,750.00,353.00,1180.00,1197.00,693.00,728.00
11,19,11,1477.06,1472.35,850.01,1561.56,945.67,613.00,770.50,750.00,353.00,1180.00,1197.00,693.00,728.00
11,19,12,1476.98,1472.26,849.93,1561.46,945.60,613.00,770.50,750.00,353.00,1180.00,1197.00,693.00,728.00
11,19,13,1476.89,1472.18,849.85,1561.36,945.52,613.00,770.50,750.00,353.00,1180.00,1197.00,693.00,728.00
11,19,14,1476.80,1472.09,849.77,1561.27,945.44,613.00,770.50,750.00,353.00,1180.00,1197.00,693.00,728.00
11,19,15,1476.71,1472.00,849.69,1561.17,945.36,613.00,770.50,750.00,353.00,1180.00,1197.00,693.00,728.00
11,19,16,1476.62,1471.91,849.61,1561.07,945.28,613.00,770.50,750.00,353.00,1180.00,1197.00,693.00,728.00
11,19,17,1476.53,1471.82,849.53,1560.97,945.21,613.00,770.50,750.00,353.00,1180.00,1197.00,693.00,728.00
11,19,18,1476.44,1471.73,849.45,1560.88,945.13,613.00,770.50,750.00,353.00,1180.00,1197.00,693.00,728.00
11,19,19,1476.35,1471.64,849.36,1560.78,945.05,613.00,770.50,750.00,353.00,1180.00,1197.00,693.00,728.00
11,19,20,1476.27,1471.55,849.28,1560.68,944.97,613.00,770.50,750.00,353.00,1180.00,1197.00,693.00,728.00
11,19,21,1476.18,1471.47,849.20,1560.58,944.89,613.00,770.50,750.00,353.00,1180.00,1197.00,693.00,728.00
11,19,22,1476.09,1471.38,849.12,1560.49,944.82,613.00,770.50,750.00,353.00,1180.00,1197.00,693.00,728.00
11,19,23,1476.00,1471.29,849.04,1560.39,944.74,613.00,770.50,750.00,353.00,1180.00,1197.00,693.00,728.00
11,19,24,1475.91,1471.20,848.96,1560.29,944.66,613.00,770.50,750.00,353.00,1180.00,1197.00,693.00,728.00
11,20,1,1475.82,1471.11,848.88,1560.19,944.58,613.00,770.50,750.00,353.00,1180.00,1197.00,693.00,728.00
11,20,2,1475.73,1471.02,848.80,1560.09,944.50,613.00,770.50,750.00,353.00,1180.00,1197.00,693.00,728.00
11,20,3,1475.64,1470.94,848.71,1560.00,944.42,613.00,770.50,750.00,353.00,1180.00,1197.00,693.00,728.00
11,20,4,1475.55,1470.85,848.63,1559.90,944.34,613.00,770.50,750.00,353.00,1180.00,1197.00,693.00,728.00
11,20,5,1475.46,1470.76,848.55,1559.80,944.26,613.00,770.50,750.00,353.00,1180.00,1197.00,693.00,728.00
11,20,6,1475.37,1470.67,848.47,1559.70,944.18,613.00,770.50,750.00,353.00,1180.00,1197.00,693.00,728.00
11,20,7,1475.28,1470.59,848.38,1559.60,944.10,613.00,770.50,750.00,353.00,1180.00,1197.00,693.00,728.00
11,20,8,1475.19,1470.50,848.30,1559.51,944.02,613.00,770.50,750.00,353.00,1180.00,1197.00,693.00,728.00
11,20,9,1475.10,1470.41,848.22,1559.41,943.94,613.00,770.50,750.00,353.00,1180.00,1197.00,693.00,728.00
11,20,10,1475.01,1470.32,848.14,1559.31,943.86,613.00,770.50,750.00,353.00,1180.00,1197.00,693.00,728.00
11,20,11,1474.92,1470.24,848.05,1559.21,943.78,613.00,770.50,750.00,353.00,1180.00,1197.00,693.00,728.00
11,20,12,1474.83,1470.15,847.97,1559.11,943.70,613.00,770.50,750.00,353.00,1180.00,1197.00,693.00,728.00
11,20,13,1474.74,1470.06,847.89,1559.02,943.63,613.00,770.50,750.00,353.00,1180.00,1197.00,693.00,728.00
11,20,14,1474.65,1469.97,847.80,1558.92,943.55,613.00,770.50,750.00,353.00,1180.00,1197.00,693.00,728.00
11,20,15,1474.56,1469.89,847.72,1558.82,943.47,613.00,770.50,750.00,353.00,1180.00,1197.00,693.00,728.00
11,20,16,1474.47,1469.80,847.64,1558.72,943.39,613.00,770.50,750.00,353.00,1180.00,1197.00,693.00,728.00
11,20,17,1474.38,1469.71,847.56,1558.63,943.31,613.00,770.50,750.00,353.00,1180.00,1197.00,693.00,728.00
11,20,18,1474.29,1469.62,847.47,1558.53,943.23,613.00,770.50,750.00,353.00,1180.00,1197.00,693.00,728.00
11,20,19,1474.20,1469.54,847.39,1558.43,943.15,613.00,770.50,750.00,353.00,1180.00,1197.00,693.00,728.00
11,20,20,1474.11,1469.45,847.31,1558.33,943.07,613.00,770.50,750.00,353.00,1180.00,1197.00,693.00,728.00
11,20,21,1474.02,1469.36,847.23,1558.23,942.99,613.00,770.50,750.00,353.00,1180.00,1197.00,693.00,728.00
11,20,22,1473.93,1469.27,847.14,1558.14,942.91,613.00,770.50,750.00,353.00,1180.00,1197.00,693.00,728.00
11,20,23,1473.84,1469.19,847.06,1558.04,942.83,613.00,770.50,750.00,353.00,1180.00,1197.00,693.00,728.00
11,20,24,1473.75,1469.10,846.98,1557.94,942.75,613.00,770.50,750.00,353.00,1180.00,1197.00,693.00,728.00
11,21,1,1473.66,1469.01,846.90,1557.84,942.67,613.00,770.50,750.00,353.00,1180.00,1197.00,693.00,728.00
11,21,2,1473.57,1468.92,846.81,1557.74,942.59,613.00,770.50,750.00,353.00,1180.00,1197.00,693.00,728.00
11,21,3,1473.48,1468.84,846.73,1557.65,942.51,613.00,770.50,750.00,353.00,1180.00,1197.00,693.00,728.00
11,21,4,1473.39,1468.75,846.65,1557.55,942.43,613.00,770.50,750.00,353.00,1180.00,1197.00,693.00,728.00
11,21,5,1473.29,1468.66,846.56,1557.45,942.35,613.00,770.50,750.00,353.00,1180.00,1197.00,693.00,728.00
11,21,6,1473.20,1468.57,846.48,1557.35,942.26,613.00,770.50,750.00,353.00,1180.00,1197.00,693.00,728.00
11,21,7,1473.11,1468.49,846.40,1557.26,942.18,613.00,770.50,750.00,353.00,1180.00,1197.00,693.00,728.00
11,21,8,1473.02,1468.40,846.31,1557.16,942.10,613.00,770.50,750.00,353.00,1180.00,1197.00,693.00,728.00
11,21,9,1472.93,1468.31,846.23,1557.06,942.02,613.00,770.50,750.00,353.00,1180.00,1197.00,693.00,728.00
11,21,10,1472.84,1468.22,846.15,1556.96,941.94,613.00,770.50,750.00,353.00,1180.00,1197.00,693.00,728.00
11,21,11,1472.75,1468.14,846.06,1556.87,941.86,613.00,770.50,750.00,353.00,1180.00,1197.00,693.00,728.00
11,21,12,1472.66,1468.05,845.98,1556.77,941.78,613.00,770.50,750.00,353.00,1180.00,1197.00,693.00,728.00
11,21,13,1472.56,1467.96,845.90,1556.67,941.70,613.00,770.50,750.00,353.00,1180.00,1197.00,693.00,728.00
11,21,14,1472.47,1467.87,845.81,1556.57,941.62,613.00,770.50,750.00,353.00,1180.00,1197.00,693.00,728.00
11,21,15,1472.38,1467.79,845.73,1556.48,941.54,613.00,770.50,750.00,353.00,1180.00,1197.00,693.00,728.00
11,21,16,1472.29,1467.70,845.65,1556.38,941.46,613.00,770.50,750.00,353.00,1180.00,1197.00,693.00,728.00
11,21,17,1472.20,1467.61,845.56,1556.28,941.38,613.00,770.50,750.00,353.00,1180.00,1197.00,693.00,728.00
11,21,18,1472.11,1467.52,845.48,1556.18,941.29,613.00,770.50,750.00,353.00,1180.00,1197.00,693.00,728.00
11,21,19,1472.02,1467.44,845.40,1556.09,941.21,613.00,770.50,750.00,353.00,1180.00,1197.00,693.00,728.00
11,21,20,1471.93,1467.35,845.31,1555.99,941.13,613.00,770.50,750.00,353.00,1180.00,1197.00,693.00,728.00
11,21,21,1471.83,1467.26,845.23,1555.89,941.05,613.00,770.50,750.00,353.00,1180.00,1197.00,693.00,728.00
11,21,22,1471.74,1467.17,845.15,1555.79,940.97,613.00,770.50,750.00,353.00,1180.00,1197.00,693.00,728.00
11,21,23,1471.65,1467.09,845.06,1555.70,940.89,613.00,770.50,750.00,353.00,1180.00,1197.00,693.00,728.00
11,21,24,1471.56,1467.00,844.98,1555.60,940.81,613.00,770.50,750.00,353.00,1180.00,1197.00,693.00,728.00
11,22,1,1471.47,1466.91,844.89,1555.50,940.73,613.00,770.50,750.00,353.00,1180.00,1197.00,693.00,728.00
11,22,2,1471.37,1466.83,844.81,1555.39,940.65,613.00,770.50,750.00,353.00,1180.00,1197.00,693.00,728.00
11,22,3,1471.28,1466.74,844.72,1555.29,940.57,613.00,770.50,750.00,353.00,1180.00,1197.00,693.00,728.00
11,22,4,1471.19,1466.65,844.64,1555.18,940.48,613.00,770.50,750.00,353.00,1180.00,1197.00,693.00,728.00
11,22,5,1471.10,1466.56,844.55,1555.08,940.40,613.00,770.50,750.00,353.00,1180.00,1197.00,693.00,728.00
11,22,6,1471.00,1466.48,844.47,1554.97,940.32,613.00,770.50,750.00,353.00,1180.00,1197.00,693.00,728.00
11,22,7,1470.91,1466.39,844.38,1554.87,940.24,613.00,770.50,750.00,353.00,1180.00,1197.00,693.00,728.00
11,22,8,1470.82,1466.30,844.30,1554.76,940.16,613.00,770.50,750.00,353.00,1180.00,1197.00,693.00,728.00
11,22,9,1470.72,1466.21,844.21,1554.66,940.08,613.00,770.50,750.00,353.00,1180.00,1197.00,693.00,728.00
11,22,10,1470.63,1466.13,844.13,1554.55,940.00,613.00,770.50,750.00,353.00,1180.00,1197.00,693.00,728.00
11,22,11,1470.54,1466.04,844.04,1554.45,939.92,613.00,770.50,750.00,353.00,1180.00,1197.00,693.00,728.00
11,22,12,1470.45,1465.95,843.96,1554.34,939.83,613.00,770.50,750.00,353.00,1180.00,1197.00,693.00,728.00
11,22,13,1470.35,1465.86,843.87,1554.24,939.75,613.00,770.50,750.00,353.00,1180.00,1197.00,693.00,728.00
11,22,14,1470.26,1465.78,843.79,1554.14,939.67,613.00,770.50,750.00,353.00,1180.00,1197.00,693.00,728.00
11,22,15,1470.17,1465.69,843.70,1554.03,939.59,613.00,770.50,750.00,353.00,1180.00,1197.00,693.00,728.00
11,22,16,1470.07,1465.60,843.62,1553.93,939.51,613.00,770.50,750.00,353.00,1180.00,1197.00,693.00,728.00
11,22,17,1469.98,1465.51,843.53,1553.82,939.43,613.00,770.50,750.00,353.00,1180.00,1197.00,693.00,728.00
11,22,18,1469.89,1465.43,843.45,1553.72,939.35,613.00,770.50,750.00,353.00,1180.00,1197.00,693.00,728.00
11,22,19,1469.79,1465.34,843.36,1553.61,939.27,613.00,770.50,750.00,353.00,1180.00,1197.00,693.00,728.00
11,22,20,1469.70,1465.25,843.28,1553.51,939.18,613.00,770.50,750.00,353.00,1180.00,1197.00,693.00,728.00
11,22,21,1469.61,1465.16,843.19,1553.40,939.10,613.00,770.50,750.00,353.00,1180.00,1197.00,693.00,728.00
11,22,22,1469.52,1465.08,843.11,1553.30,939.02,613.00,770.50,750.00,353.00,1180.00,1197.00,693.00,728.00
11,22,23,1469.42,1464.99,843.03,1553.19,938.94,613.00,770.50,750.00,353.00,1180.00,1197.00,693.00,728.00
11,22,24,1469.33,1464.90,842.94,1553.09,938.86,613.00,770.50,750.00,353.00,1180.00,1197.00,693.00,728.00
11,23,1,1469.24,1464.81,842.85,1552.99,938.78,613.00,770.50,750.00,353.00,1180.00,1197.00,693.00,728.00
11,23,2,1469.14,1464.72,842.77,1552.89,938.69,613.00,770.50,750.00,353.00,1180.00,1197.00,693.00,728.00
11,23,3,1469.05,1464.63,842.68,1552.78,938.61,613.00,770.50,750.00,353.00,1180.00,1197.00,693.00,728.00
11,23,4,1468.95,1464.54,842.59,1552.68,938.53,613.00,770.50,750.00,353.00,1180.00,1197.00,693.00,728.00
11,23,5,1468.86,1464.45,842.51,1552.58,938.45,613.00,770.50,750.00,353.00,1180.00,1197.00,693.00,728.00
11,23,6,1468.76,1464.37,842.42,1552.48,938.36,613.00,770.50,750.00,353.00,1180.00,1197.00,693.00,728.00
11,23,7,1468.67,1464.28,842.33,1552.38,938.28,613.00,770.50,750.00,353.00,1180.00,1197.00,693.00,728.00
11,23,8,1468.58,1464.19,842.25,1552.27,938.20,613.00,770.50,750.00,353.00,1180.00,1197.00,693.00,728.00
11,23,9,1468.48,1464.10,842.16,1552.17,938.12,613.00,770.50,750.00,353.00,1180.00,1197.00,693.00,728.00
11,23,10,1468.39,1464.01,842.07,1552.07,938.03,613.00,770.50,750.00,353.00,1180.00,1197.00,693.00,728.00
11,23,11,1468.29,1463.92,841.99,1551.97,937.95,613.00,770.50,750.00,353.00,1180.00,1197.00,693.00,728.00
11,23,12,1468.20,1463.83,841.90,1551.86,937.87,613.00,770.50,750.00,353.00,1180.00,1197.00,693.00,728.00
11,23,13,1468.11,1463.74,841.81,1551.76,937.79,613.00,770.50,750.00,353.00,1180.00,1197.00,693.00,728.00
11,23,14,1468.01,1463.65,841.73,1551.66,937.70,613.00,770.50,750.00,353.00,1180.00,1197.00,693.00,728.00
11,23,15,1467.92,1463.56,841.64,1551.56,937.62,613.00,770.50,750.00,353.00,1180.00,1197.00,693.00,728.00
11,23,16,1467.82,1463.47,841.55,1551.46,937.54,613.00,770.50,750.00,353.00,1180.00,1197.00,693.00,728.00
11,23,17,1467.73,1463.38,841.47,1551.35,937.46,613.00,770.50,750.00,353.00,1180.00,1197.00,693.00,728.00
11,23,18,1467.63,1463.30,841.38,1551.25,937.37,613.00,770.50,750.00,353.00,1180.00,1197.00,693.00,728.00
11,23,19,1467.54,1463.21,841.29,1551.15,937.29,613.00,770.50,750.00,353.00,1180.00,1197.00,693.00,728.00
11,23,20,1467.45,1463.12,841.21,1551.05,937.21,613.00,770.50,750.00,353.00,1180.00,1197.00,693.00,728.00
11,23,21,1467.35,1463.03,841.12,1550.95,937.13,613.00,770.50,750.00,353.00,1180.00,1197.00,693.00,728.00
11,23,22,1467.26,1462.94,841.03,1550.84,937.05,613.00,770.50,750.00,353.00,1180.00,1197.00,693.00,728.00
11,23,23,1467.16,1462.85,840.95,1550.74,936.96,613.00,770.50,750.00,353.00,1180.00,1197.00,693.00,728.00
11,23,24,1467.07,1462.76,840.86,1550.64,936.88,613.00,770.50,750.00,353.00,1180.00,1197.00,693.00,728.00
11,24,1,1466.97,1462.67,840.77,1550.53,936.79,613.00,770.50,750.00,353.00,1180.00,1197.00,693.00,728.00
11,24,2,1466.88,1462.58,840.68,1550.43,936.70,613.00,770.50,750.00,353.00,1180.00,1197.00,693.00,728.00
11,24,3,1466.78,1462.50,840.59,1550.32,936.61,613.00,770.50,750.00,353.00,1180.00,1197.00,693.00,728.00
11,24,4,1466.69,1462.41,840.50,1550.21,936.53,613.00,770.50,750.00,353.00,1180.00,1197.00,693.00,728.00
11,24,5,1466.59,1462.32,840.42,1550.11,936.44,613.00,770.50,750.00,353.00,1180.00,1197.00,693.00,728.00
11,24,6,1466.49,1462.23,840.33,1550.00,936.35,613.00,770.50,750.00,353.00,1180.00,1197.00,693.00,728.00
11,24,7,1466.40,1462.14,840.24,1549.89,936.26,613.00,770.50,750.00,353.00,1180.00,1197.00,693.00,728.00
11,24,8,1466.30,1462.06,840.15,1549.79,936.17,613.00,770.50,750.00,353.00,1180.00,1197.00,693.00,728.00
11,24,9,1466.21,1461.97,840.06,1549.68,936.08,613.00,770.50,750.00,353.00,1180.00,1197.00,693.00,728.00
11,24,10,1466.11,1461.88,839.97,1549.57,935.99,613.00,770.50,750.00,353.00,1180.00,1197.00,693.00,728.00
11,24,11,1466.02,1461.79,839.88,1549.47,935.90,613.00,770.50,750.00,353.00,1180.00,1197.00,693.00,728.00
11,24,12,1465.92,1461.71,839.79,1549.36,935.82,613.00,770.50,750.00,353.00,1180.00,1197.00,693.00,728.00
11,24,13,1465.82,1461.62,839.71,1549.25,935.73,613.00,770.50,750.00,353.00,1180.00,1197.00,693.00,728.00
11,24,14,1465.73,1461.53,839.62,1549.15,935.64,613.00,770.50,750.00,353.00,1180.00,1197.00,693.00,728.00
11,24,15,1465.63,1461.44,839.53,1549.04,935.55,613.00,770.50,750.00,353.00,1180.00,1197.00,693.00,728.00
11,24,16,1465.54,1461.35,839.44,1548.93,935.46,613.00,770.50,750.00,353.00,1180.00,1197.00,693.00,728.00
11,24,17,1465.44,1461.27,839.35,1548.83,935.37,613.00,770.50,750.00,353.00,1180.00,1197.00,693.00,728.00
11,24,18,1465.35,1461.18,839.26,1548.72,935.28,613.00,770.50,750.00,353.00,1180.00,1197.00,693.00,728.00
11,24,19,1465.25,1461.09,839.17,1548.61,935.19,613.00,770.50,750.00,353.00,1180.00,1197.00,693.00,728.00
11,24,20,1465.15,1461.00,839.08,1548.51,935.11,613.00,770.50,750.00,353.00,1180.00,1197.00,693.00,728.00
11,24,21,1465.06,1460.91,839.00,1548.40,935.02,613.00,770.50,750.00,353.00,1180.00,1197.00,693.00,728.00
11,24,22,1464.96,1460.83,838.91,1548.29,934.93,613.00,770.50,750.00,353.00,1180.00,1197.00,693.00,728.00
11,24,23,1464.87,1460.74,838.82,1548.19,934.84,613.00,770.50,750.00,353.00,1180.00,1197.00,693.00,728.00
11,24,24,1464.77,1460.65,838.73,1548.08,934.75,613.00,770.50,750.00,353.00,1180.00,1197.00,693.00,728.00
11,25,1,1464.67,1460.56,838.64,1547.97,934.67,613.00,770.50,750.00,353.00,1180.00,1197.00,693.00,728.00
11,25,2,1464.58,1460.48,838.55,1547.87,934.59,613.00,770.50,750.00,353.00,1180.00,1197.00,693.00,728.00
11,25,3,1464.48,1460.39,838.46,1547.76,934.50,613.00,770.50,750.00,353.00,1180.00,1197.00,693.00,728.00
11,25,4,1464.38,1460.30,838.37,1547.66,934.42,613.00,770.50,750.00,353.00,1180.00,1197.00,693.00,728.00
11,25,5,1464.28,1460.21,838.28,1547.55,934.34,613.00,770.50,750.00,353.00,1180.00,1197.00,693.00,728.00
11,25,6,1464.19,1460.13,838.19,1547.45,934.26,613.00,770.50,750.00,353.00,1180.00,1197.00,693.00,728.00
11,25,7,1464.09,1460.04,838.10,1547.34,934.18,613.00,770.50,750.00,353.00,1180.00,1197.00,693.00,728.00
11,25,8,1463.99,1459.95,838.01,1547.24,934.09,613.00,770.50,750.00,353.00,1180.00,1197.00,693.00,728.00
11,25,9,1463.89,1459.86,837.92,1547.13,934.01,613.00,770.50,750.00,353.00,1180.00,1197.00,693.00,728.00
11,25,10,1463.80,1459.78,837.83,1547.03,933.93,613.00,770.50,750.00,353.00,1180.00,1197.00,693.00,728.00
11,25,11,1463.70,1459.69,837.74,1546.93,933.85,613.00,770.50,750.00,353.00,1180.00,1197.00,693.00,728.00
11,25,12,1463.60,1459.60,837.65,1546.82,933.77,613.00,770.50,750.00,353.00,1180.00,1197.00,693.00,728.00
11,25,13,1463.50,1459.51,837.56,1546.72,933.68,613.00,770.50,750.00,353.00,1180.00,1197.00,693.00,728.00
11,25,14,1463.41,1459.43,837.47,1546.61,933.60,613.00,770.50,750.00,353.00,1180.00,1197.00,693.00,728.00
11,25,15,1463.31,1459.34,837.38,1546.51,933.52,613.00,770.50,750.00,353.00,1180.00,1197.00,693.00,728.00
11,25,16,1463.21,1459.25,837.29,1546.40,933.44,613.00,770.50,750.00,353.00,1180.00,1197.00,693.00,728.00
11,25,17,1463.11,1459.16,837.20,1546.30,933.35,613.00,770.50,750.00,353.00,1180.00,1197.00,693.00,728.00
11,25,18,1463.02,1459.08,837.11,1546.19,933.27,613.00,770.50,750.00,353.00,1180.00,1197.00,693.00,728.00
11,25,19,1462.92,1458.99,837.02,1546.09,933.19,613.00,770.50,750.00,353.00,1180.00,1197.00,693.00,728.00
11,25,20,1462.82,1458.90,836.93,1545.98,933.11,613.00,770.50,750.00,353.00,1180.00,1197.00,693.00,728.00
11,25,21,1462.72,1458.81,836.84,1545.88,933.03,613.00,770.50,750.00,353.00,1180.00,1197.00,693.00,728.00
11,25,22,1462.63,1458.73,836.75,1545.77,932.94,613.00,770.50,750.00,353.00,1180.00,1197.00,693.00,728.00
11,25,23,1462.53,1458.64,836.66,1545.67,932.86,613.00,770.50,750.00,353.00,1180.00,1197.00,693.00,728.00
11,25,24,1462.43,1458.55,836.57,1545.56,932.78,613.00,770.50,750.00,353.00,1180.00,1197.00,693.00,728.00
11,26,1,1462.33,1458.46,836.48,1545.46,932.69,613.00,770.50,750.00,353.00,1180.00,1197.00,693.00,728.00
11,26,2,1462.23,1458.38,836.39,1545.35,932.61,613.00,770.50,750.00,353.00,1180.00,1197.00,693.00,728.00
11,26,3,1462.13,1458.29,836.29,1545.25,932.52,613.00,770.50,750.00,353.00,1180.00,1197.00,693.00,728.00
11,26,4,1462.03,1458.20,836.20,1545.14,932.43,613.00,770.50,750.00,353.00,1180.00,1197.00,693.00,728.00
11,26,5,1461.93,1458.11,836.11,1545.04,932.35,613.00,770.50,750.00,353.00,1180.00,1197.00,693.00,728.00
11,26,6,1461.83,1458.03,836.02,1544.93,932.26,613.00,770.50,750.00,353.00,1180.00,1197.00,693.00,728.00
11,26,7,1461.73,1457.94,835.93,1544.83,932.17,613.00,770.50,750.00,353.00,1180.00,1197.00,693.00,728.00
11,26,8,1461.63,1457.85,835.83,1544.72,932.09,613.00,770.50,750.00,353.00,1180.00,1197.00,693.00,728.00
11,26,9,1461.53,1457.76,835.74,1544.62,932.00,613.00,770.50,750.00,353.00,1180.00,1197.00,693.00,728.00
11,26,10,1461.43,1457.68,835.65,1544.51,931.91,613.00,770.50,750.00,353.00,1180.00,1197.00,693.00,728.00
11,26,11,1461.33,1457.59,835.56,1544.41,931.83,613.00,770.50,750.00,353.00,1180.00,1197.00,693.00,728.00
11,26,12,1461.24,1457.50,835.46,1544.30,931.74,613.00,770.50,750.00,353.00,1180.00,1197.00,693.00,728.00
11,26,13,1461.14,1457.41,835.37,1544.20,931.65,613.00,770.50,750.00,353.00,1180.00,1197.00,693.00,728.00
11,26,14,1461.04,1457.32,835.28,1544.09,931.57,613.00,770.50,750.00,353.00,1180.00,1197.00,693.00,728.00
11,26,15,1460.94,1457.24,835.19,1543.99,931.48,613.00,770.50,750.00,353.00,1180.00,1197.00,693.00,728.00
11,26,16,1460.84,1457.15,835.10,1543.88,931.39,613.00,770.50,750.00,353.00,1180.00,1197.00,693.00,728.00
11,26,17,1460.74,1457.06,835.00,1543.78,931.31,613.00,770.50,750.00,353.00,1180.00,1197.00,693.00,728.00
11,26,18,1460.64,1456.97,834.91,1543.67,931.22,613.00,770.50,750.00,353.00,1180.00,1197.00,693.00,728.00
11,26,19,1460.54,1456.89,834.82,1543.57,931.13,613.00,770.50,750.00,353.00,1180.00,1197.00,693.00,728.00
11,26,20,1460.44,1456.80,834.73,1543.46,931.05,613.00,770.50,750.00,353.00,1180.00,1197.00,693.00,728.00
11,26,21,1460.34,1456.71,834.64,1543.36,930.96,613.00,770.50,750.00,353.00,1180.00,1197.00,693.00,728.00
11,26,22,1460.24,1456.62,834.54,1543.25,930.87,613.00,770.50,750.00,353.00,1180.00,1197.00,693.00,728.00
11,26,23,1460.14,1456.54,834.45,1543.15,930.79,613.00,770.50,750.00,353.00,1180.00,1197.00,693.00,728.00
11,26,24,1460.04,1456.45,834.36,1543.04,930.70,613.00,770.50,750.00,353.00,1180.00,1197.00,693.00,728.00
11,27,1,1459.94,1456.36,834.27,1542.93,930.61,613.00,770.50,750.00,353.00,1180.00,1197.00,693.00,728.00
11,27,2,1459.84,1456.27,834.17,1542.82,930.52,613.00,770.50,750.00,353.00,1180.00,1197.00,693.00,728.00
11,27,3,1459.74,1456.18,834.08,1542.71,930.44,613.00,770.50,750.00,353.00,1180.00,1197.00,693.00,728.00
11,27,4,1459.64,1456.10,833.98,1542.60,930.35,613.00,770.50,750.00,353.00,1180.00,1197.00,693.00,728.00
11,27,5,1459.53,1456.01,833.89,1542.48,930.26,613.00,770.50,750.00,353.00,1180.00,1197.00,693.00,728.00
11,27,6,1459.43,1455.92,833.79,1542.37,930.17,613.00,770.50,750.00,353.00,1180.00,1197.00,693.00,728.00
11,27,7,1459.33,1455.83,833.70,1542.26,930.08,613.00,770.50,750.00,353.00,1180.00,1197.00,693.00,728.00
11,27,8,1459.23,1455.74,833.61,1542.15,929.99,613.00,770.50,750.00,353.00,1180.00,1197.00,693.00,728.00
11,27,9,1459.13,1455.65,833.51,1542.04,929.91,613.00,770.50,750.00,353.00,1180.00,1197.00,693.00,728.00
11,27,10,1459.03,1455.57,833.42,1541.93,929.82,613.00,770.50,750.00,353.00,1180.00,1197.00,693.00,728.00
11,27,11,1458.93,1455.48,833.32,1541.82,929.73,613.00,770.50,750.00,353.00,1180.00,1197.00,693.00,728.00
11,27,12,1458.83,1455.39,833.23,1541.71,929.64,613.00,770.50,750.00,353.00,1180.00,1197.00,693.00,728.00
11,27,13,1458.72,1455.30,833.14,1541.59,929.55,613.00,770.50,750.00,353.00,1180.00,1197.00,693.00,728.00
11,27,14,1458.62,1455.21,833.04,1541.48,929.46,613.00,770.50,750.00,353.00,1180.00,1197.00,693.00,728.00
11,27,15,1458.52,1455.12,832.95,1541.37,929.38,613.00,770.50,750.00,353.00,1180.00,1197.00,693.00,728.00
11,27,16,1458.42,1455.04,832.85,1541.26,929.29,613.00,770.50,750.00,353.00,1180.00,1197.00,693.00,728.00
11,27,17,1458.32,1454.95,832.76,1541.15,929.20,613.00,770.50,750.00,353.00,1180.00,1197.00,693.00,728.00
11,27,18,1458.22,1454.86,832.66,1541.04,929.11,613.00,770.50,750.00,353.00,1180.00,1197.00,693.00,728.00
11,27,19,1458.12,1454.77,832.57,1540.93,929.02,613.00,770.50,750.00,353.00,1180.00,1197.00,693.00,728.00
11,27,20,1458.01,1454.68,832.48,1540.82,928.93,613.00,770.50,750.00,353.00,1180.00,1197.00,693.00,728.00
11,27,21,1457.91,1454.59,832.38,1540.70,928.85,613.00,770.50,750.00,353.00,1180.00,1197.00,693.00,728.00
11,27,22,1457.81,1454.51,832.29,1540.59,928.76,613.00,770.50,750.00,353.00,1180.00,1197.00,693.00,728.00
11,27,23,1457.71,1454.42,832.19,1540.48,928.67,613.00,770.50,750.00,353.00,1180.00,1197.00,693.00,728.00
11,27,24,1457.61,1454.33,832.10,1540.37,928.58,613.00,770.50,750.00,353.00,1180.00,1197.00,693.00,728.00
11,28,1,1457.51,1454.24,832.00,1540.26,928.49,613.00,770.50,750.00,353.00,1180.00,1197.00,693.00,728.00
11,28,2,1457.40,1454.15,831.91,1540.14,928.40,613.00,770.50,750.00,353.00,1180.00,1197.00,693.00,728.00
11,28,3,1457.30,1454.06,831.81,1540.03,928.31,613.00,770.50,750.00,353.00,1180.00,1197.00,693.00,728.00
11,28,4,1457.20,1453.97,831.72,1539.91,928.22,613.00,770.50,750.00,353.00,1180.00,1197.00,693.00,728.00
11,28,5,1457.10,1453.89,831.62,1539.80,928.13,613.00,770.50,750.00,353.00,1180.00,1197.00,693.00,728.00
11,28,6,1456.99,1453.80,831.52,1539.68,928.05,613.00,770.50,750.00,353.00,1180.00,1197.00,693.00,728.00
11,28,7,1456.89,1453.71,831.43,1539.57,927.96,613.00,770.50,750.00,353.00,1180.00,1197.00,693.00,728.00
11,28,8,1456.79,1453.62,831.33,1539.46,927.87,613.00,770.50,750.00,353.00,1180.00,1197.00,693.00,728.00
11,28,9,1456.68,1453.53,831.24,1539.34,927.78,613.00,770.50,750.00,353.00,1180.00,1197.00,693.00,728.00
11,28,10,1456.58,1453.44,831.14,1539.23,927.69,613.00,770.50,750.00,353.00,1180.00,1197.00,693.00,728.00
11,28,11,1456.48,1453.35,831.05,1539.11,927.60,613.00,770.50,750.00,353.00,1180.00,1197.00,693.00,728.00
11,28,12,1456.38,1453.26,830.95,1539.00,927.51,613.00,770.50,750.00,353.00,1180.00,1197.00,693.00,728.00
11,28,13,1456.27,1453.18,830.85,1538.89,927.42,613.00,770.50,750.00,353.00,1180.00,1197.00,693.00,728.00
11,28,14,1456.17,1453.09,830.76,1538.77,927.33,613.00,770.50,750.00,353.00,1180.00,1197.00,693.00,728.00
11,28,15,1456.07,1453.00,830.66,1538.66,927.24,613.00,770.50,750.00,353.00,1180.00,1197.00,693.00,728.00
11,28,16,1455.96,1452.91,830.57,1538.54,927.15,613.00,770.50,750.00,353.00,1180.00,1197.00,693.00,728.00
11,28,17,1455.86,1452.82,830.47,1538.43,927.06,613.00,770.50,750.00,353.00,1180.00,1197.00,693.00,728.00
11,28,18,1455.76,1452.73,830.37,1538.32,926.98,613.00,770.50,750.00,353.00,1180.00,1197.00,693.00,728.00
11,28,19,1455.65,1452.64,830.28,1538.20,926.89,613.00,770.50,750.00,353.00,1180.00,1197.00,693.00,728.00
11,28,20,1455.55,1452.55,830.18,1538.09,926.80,613.00,770.50,750.00,353.00,1180.00,1197.00,693.00,728.00
11,28,21,1455.45,1452.47,830.09,1537.97,926.71,613.00,770.50,750.00,353.00,1180.00,1197.00,693.00,728.00
11,28,22,1455.35,1452.38,829.99,1537.86,926.62,613.00,770.50,750.00,353.00,1180.00,1197.00,693.00,728.00
11,28,23,1455.24,1452.29,829.90,1537.74,926.53,613.00,770.50,750.00,353.00,1180.00,1197.00,693.00,728.00
11,28,24,1455.14,1452.20,829.80,1537.63,926.44,613.00,770.50,750.00,353.00,1180.00,1197.00,693.00,728.00
11,29,1,1455.03,1452.11,829.70,1537.51,926.35,613.00,770.50,750.00,353.00,1180.00,1197.00,693.00,728.00
11,29,2,1454.93,1452.02,829.60,1537.40,926.26,613.00,770.50,750.00,353.00,1180.00,1197.00,693.00,728.00
11,29,3,1454.82,1451.94,829.51,1537.28,926.17,613.00,770.50,750.00,353.00,1180.00,1197.00,693.00,728.00
11,29,4,1454.72,1451.85,829.41,1537.16,926.08,613.00,770.50,750.00,353.00,1180.00,1197.00,693.00,728.00
11,29,5,1454.61,1451.76,829.31,1537.04,925.99,613.00,770.50,750.00,353.00,1180.00,1197.00,693.00,728.00
11,29,6,1454.51,1451.67,829.21,1536.93,925.90,613.00,770.50,750.00,353.00,1180.00,1197.00,693.00,728.00
11,29,7,1454.40,1451.59,829.11,1536.81,925.81,613.00,770.50,750.00,353.00,1180.00,1197.00,693.00,728.00
11,29,8,1454.29,1451.50,829.02,1536.69,925.72,613.00,770.50,750.00,353.00,1180.00,1197.00,693.00,728.00
11,29,9,1454.19,1451.41,828.92,1536.57,925.63,613.00,770.50,750.00,353.00,1180.00,1197.00,693.00,728.00
11,29,10,1454.08,1451.32,828.82,1536.46,925.54,613.00,770.50,750.00,353.00,1180.00,1197.00,693.00,728.00
11,29,11,1453.98,1451.24,828.72,1536.34,925.45,613.00,770.50,750.00,353.00,1180.00,1197.00,693.00,728.00
11,29,12,1453.87,1451.15,828.62,1536.22,925.36,613.00,770.50,750.00,353.00,1180.00,1197.00,693.00,728.00
11,29,13,1453.76,1451.06,828.53,1536.10,925.26,613.00,770.50,750.00,353.00,1180.00,1197.00,693.00,728.00
11,29,14,1453.66,1450.97,828.43,1535.99,925.17,613.00,770.50,750.00,353.00,1180.00,1197.00,693.00,728.00
11,29,15,1453.55,1450.89,828.33,1535.87,925.08,613.00,770.50,750.00,353.00,1180.00,1197.00,693.00,728.00
11,29,16,1453.45,1450.80,828.23,1535.75,924.99,613.00,770.50,750.00,353.00,1180.00,1197.00,693.00,728.00
11,29,17,1453.34,1450.71,828.14,1535.63,924.90,613.00,770.50,750.00,353.00,1180.00,1197.00,693.00,728.00
11,29,18,1453.23,1450.62,828.04,1535.52,924.81,613.00,770.50,750.00,353.00,1180.00,1197.00,693.00,728.00
11,29,19,1453.13,1450.54,827.94,1535.40,924.72,613.00,770.50,750.00,353.00,1180.00,1197.00,693.00,728.00
11,29,20,1453.02,1450.45,827.84,1535.28,924.63,613.00,770.50,750.00,353.00,1180.00,1197.00,693.00,728.00
11,29,21,1452.92,1450.36,827.74,1535.16,924.54,613.00,770.50,750.00,353.00,1180.00,1197.00,693.00,728.00
11,29,22,1452.81,1450.27,827.65,1535.05,924.45,613.00,770.50,750.00,353.00,1180.00,1197.00,693.00,728.00
11,29,23,1452.71,1450.19,827.55,1534.93,924.36,613.00,770.50,750.00,353.00,1180.00,1197.00,693.00,728.00
11,29,24,1452.60,1450.10,827.45,1534.81,924.27,613.00,770.50,750.00,353.00,1180.00,1197.00,693.00,728.00
11,30,1,1452.49,1450.01,827.35,1534.69,924.18,613.00,770.50,750.00,353.00,1180.00,1197.00,693.00,728.00
11,30,2,1452.38,1449.92,827.25,1534.58,924.08,613.00,770.50,750.00,353.00,1180.00,1197.00,693.00,728.00
11,30,3,1452.27,1449.84,827.14,1534.46,923.99,613.00,770.50,750.00,353.00,1180.00,1197.00,693.00,728.00
11,30,4,1452.17,1449.75,827.04,1534.34,923.89,613.00,770.50,750.00,353.00,1180.00,1197.00,693.00,728.00
11,30,5,1452.06,1449.66,826.94,1534.22,923.80,613.00,770.50,750.00,353.00,1180.00,1197.00,693.00,728.00
11,30,6,1451.95,1449.57,826.84,1534.11,923.70,613.00,770.50,750.00,353.00,1180.00,1197.00,693.00,728.00
11,30,7,1451.84,1449.49,826.74,1533.99,923.61,613.00,770.50,750.00,353.00,1180.00,1197.00,693.00,728.00
11,30,8,1451.73,1449.40,826.63,1533.87,923.51,613.00,770.50,750.00,353.00,1180.00,1197.00,693.00,728.00
11,30,9,1451.62,1449.31,826.53,1533.76,923.42,613.00,770.50,750.00,353.00,1180.00,1197.00,693.00,728.00
11,30,10,1451.52,1449.22,826.43,1533.64,923.32,613.00,770.50,750.00,353.00,1180.00,1197.00,693.00,728.00
11,30,11,1451.41,1449.14,826.33,1533.52,923.23,613.00,770.50,750.00,353.00,1180.00,1197.00,693.00,728.00
11,30,12,1451.30,1449.05,826.23,1533.41,923.14,613.00,770.50,750.00,353.00,1180.00,1197.00,693.00,728.00
11,30,13,1451.19,1448.96,826.12,1533.29,923.04,613.00,770.50,750.00,353.00,1180.00,1197.00,693.00,728.00
11,30,14,1451.08,1448.87,826.02,1533.17,922.95,613.00,770.50,750.00,353.00,1180.00,1197.00,693.00,728.00
11,30,15,1450.97,1448.79,825.92,1533.05,922.85,613.00,770.50,750.00,353.00,1180.00,1197.00,693.00,728.00
11,30,16,1450.87,1448.70,825.82,1532.94,922.76,613.00,770.50,750.00,353.00,1180.00,1197.00,693.00,728.00
11,30,17,1450.76,1448.61,825.71,1532.82,922.66,613.00,770.50,750.00,353.00,1180.00,1197.00,693.00,728.00
11,30,18,1450.65,1448.52,825.61,1532.70,922.57,613.00,770.50,750.00,353.00,1180.00,1197.00,693.00,728.00
11,30,19,1450.54,1448.44,825.51,1532.59,922.47,613.00,770.50,750.00,353.00,1180.00,1197.00,693.00,728.00
11,30,20,1450.43,1448.35,825.41,1532.47,922.38,613.00,770.50,750.00,353.00,1180.00,1197.00,693.00,728.00
11,30,21,1450.32,1448.26,825.31,1532.35,922.28,613.00,770.50,750.00,353.00,1180.00,1197.00,693.00,728.00
11,30,22,1450.22,1448.17,825.20,1532.23,922.19,613.00,770.50,750.00,353.00,1180.00,1197.00,693.00,728.00
11,30,23,1450.11,1448.09,825.10,1532.12,922.09,613.00,770.50,750.00,353.00,1180.00,1197.00,693.00,728.00
11,30,24,1450.00,1448.00,825.00,1532.00,922.00,613.00,770.50,750.00,353.00,1180.00,1197.00,693.00,728.00
12,1,1,1450.00,1448.00,825.00,1532.00,922.00,613.00,770.50,750.00,353.00,1180.00,1197.00,693.00,728.00
12,1,2,1450.00,1448.00,825.00,1532.00,922.00,613.00,770.50,750.00,353.00,1180.00,1197.00,693.00,728.00
12,1,3,1450.00,1448.00,825.00,1532.00,922.00,613.00,770.50,750.00,353.00,1180.00,1197.00,693.00,728.00
12,1,4,1450.00,1448.00,825.00,1532.00,922.00,613.00,770.50,750.00,353.00,1180.00,1197.00,693.00,728.00
12,1,5,1450.00,1448.00,825.00,1532.00,922.00,613.00,770.50,750.00,353.00,1180.00,1197.00,693.00,728.00
12,1,6,1450.00,1448.00,825.00,1532.00,922.00,613.00,770.50,750.00,353.00,1180.00,1197.00,693.00,728.00
12,1,7,1450.00,1448.00,825.00,1532.00,922.00,613.00,770.50,750.00,353.00,1180.00,1197.00,693.00,728.00
12,1,8,1450.00,1448.00,825.00,1532.00,922.00,613.00,770.50,750.00,353.00,1180.00,1197.00,693.00,728.00
12,1,9,1450.00,1448.00,825.00,1532.00,922.00,613.00,770.50,750.00,353.00,1180.00,1197.00,693.00,728.00
12,1,10,1450.00,1448.00,825.00,1532.00,922.00,613.00,770.50,750.00,353.00,1180.00,1197.00,693.00,728.00
12,1,11,1450.00,1448.00,825.00,1532.00,922.00,613.00,770.50,750.00,353.00,1180.00,1197.00,693.00,728.00
12,1,12,1450.00,1448.00,825.00,1532.00,922.00,613.00,770.50,750.00,353.00,1180.00,1197.00,693.00,728.00
12,1,13,1450.00,1448.00,825.00,1532.00,922.00,613.00,770.50,750.00,353.00,1180.00,1197.00,693.00,728.00
12,1,14,1450.00,1448.00,825.00,1532.00,922.00,613.00,770.50,750.00,353.00,1180.00,1197.00,693.00,728.00
12,1,15,1450.00,1448.00,825.00,1532.00,922.00,613.00,770.50,750.00,353.00,1180.00,1197.00,693.00,728.00
12,1,16,1450.00,1448.00,825.00,1532.00,922.00,613.00,770.50,750.00,353.00,1180.00,1197.00,693.00,728.00
12,1,17,1450.00,1448.00,825.00,1532.00,922.00,613.00,770.50,750.00,353.00,1180.00,1197.00,693.00,728.00
12,1,18,1450.00,1448.00,825.00,1532.00,922.00,613.00,770.50,750.00,353.00,1180.00,1197.00,693.00,728.00
12,1,19,1450.00,1448.00,825.00,1532.00,922.00,613.00,770.50,750.00,353.00,1180.00,1197.00,693.00,728.00
12,1,20,1450.00,1448.00,825.00,1532.00,922.00,613.00,770.50,750.00,353.00,1180.00,1197.00,693.00,728.00
12,1,21,1450.00,1448.00,825.00,1532.00,922.00,613.00,770.50,750.00,353.00,1180.00,1197.00,693.00,728.00
12,1,22,1450.00,1448.00,825.00,1532.00,922.00,613.00,770.50,750.00,353.00,1180.00,1197.00,693.00,728.00
12,1,23,1450.00,1448.00,825.00,1532.00,922.00,613.00,770.50,750.00,353.00,1180.00,1197.00,693.00,728.00
12,1,24,1450.00,1448.00,825.00,1532.00,922.00,613.00,770.50,750.00,353.00,1180.00,1197.00,693.00,728.00
12,2,1,1450.00,1448.00,825.00,1532.00,922.00,613.00,770.50,750.00,353.00,1180.00,1197.00,693.00,728.00
12,2,2,1450.00,1448.00,825.00,1532.00,922.00,613.00,770.50,750.00,353.00,1180.00,1197.00,693.00,728.00
12,2,3,1450.00,1448.00,825.00,1532.00,922.00,613.00,770.50,750.00,353.00,1180.00,1197.00,693.00,728.00
12,2,4,1450.00,1448.00,825.00,1532.00,922.00,613.00,770.50,750.00,353.00,1180.00,1197.00,693.00,728.00
12,2,5,1450.00,1448.00,825.00,1532.00,922.00,613.00,770.50,750.00,353.00,1180.00,1197.00,693.00,728.00
12,2,6,1450.00,1448.00,825.00,1532.00,922.00,613.00,770.50,750.00,353.00,1180.00,1197.00,693.00,728.00
12,2,7,1450.00,1448.00,825.00,1532.00,922.00,613.00,770.50,750.00,353.00,1180.00,1197.00,693.00,728.00
12,2,8,1450.00,1448.00,825.00,1532.00,922.00,613.00,770.50,750.00,353.00,1180.00,1197.00,693.00,728.00
12,2,9,1450.00,1448.00,825.00,1532.00,922.00,613.00,770.50,750.00,353.00,1180.00,1197.00,693.00,728.00
12,2,10,1450.00,1448.00,825.00,1532.00,922.00,613.00,770.50,750.00,353.00,1180.00,1197.00,693.00,728.00
12,2,11,1450.00,1448.00,825.00,1532.00,922.00,613.00,770.50,750.00,353.00,1180.00,1197.00,693.00,728.00
12,2,12,1450.00,1448.00,825.00,1532.00,922.00,613.00,770.50,750.00,353.00,1180.00,1197.00,693.00,728.00
12,2,13,1450.00,1448.00,825.00,1532.00,922.00,613.00,770.50,750.00,353.00,1180.00,1197.00,693.00,728.00
12,2,14,1450.00,1448.00,825.00,1532.00,922.00,613.00,770.50,750.00,353.00,1180.00,1197.00,693.00,728.00
12,2,15,1450.00,1448.00,825.00,1532.00,922.00,613.00,770.50,750.00,353.00,1180.00,1197.00,693.00,728.00
12,2,16,1450.00,1448.00,825.00,1532.00,922.00,613.00,770.50,750.00,353.00,1180.00,1197.00,693.00,728.00
12,2,17,1450.00,1448.00,825.00,1532.00,922.00,613.00,770.50,750.00,353.00,1180.00,1197.00,693.00,728.00
12,2,18,1450.00,1448.00,825.00,1532.00,922.00,613.00,770.50,750.00,353.00,1180.00,1197.00,693.00,728.00
12,2,19,1450.00,1448.00,825.00,1532.00,922.00,613.00,770.50,750.00,353.00,1180.00,1197.00,693.00,728.00
12,2,20,1450.00,1448.00,825.00,1532.00,922.00,613.00,770.50,750.00,353.00,1180.00,1197.00,693.00,728.00
12,2,21,1450.00,1448.00,825.00,1532.00,922.00,613.00,770.50,750.00,353.00,1180.00,1197.00,693.00,728.00
12,2,22,1450.00,1448.00,825.00,1532.00,922.00,613.00,770.50,750.00,353.00,1180.00,1197.00,693.00,728.00
12,2,23,1450.00,1448.00,825.00,1532.00,922.00,613.00,770.50,750.00,353.00,1180.00,1197.00,693.00,728.00
12,2,24,1450.00,1448.00,825.00,1532.00,922.00,613.00,770.50,750.00,353.00,1180.00,1197.00,693.00,728.00
12,3,1,1450.00,1448.00,825.00,1532.00,922.00,613.00,770.50,750.00,353.00,1180.00,1197.00,693.00,728.00
12,3,2,1450.00,1448.00,825.00,1532.00,922.00,613.00,770.50,750.00,353.00,1180.00,1197.00,693.00,728.00
12,3,3,1450.00,1448.00,825.00,1532.00,922.00,613.00,770.50,750.00,353.00,1180.00,1197.00,693.00,728.00
12,3,4,1450.00,1448.00,825.00,1532.00,922.00,613.00,770.50,750.00,353.00,1180.00,1197.00,693.00,728.00
12,3,5,1450.00,1448.00,825.00,1532.00,922.00,613.00,770.50,750.00,353.00,1180.00,1197.00,693.00,728.00
12,3,6,1450.00,1448.00,825.00,1532.00,922.00,613.00,770.50,750.00,353.00,1180.00,1197.00,693.00,728.00
12,3,7,1450.00,1448.00,825.00,1532.00,922.00,613.00,770.50,750.00,353.00,1180.00,1197.00,693.00,728.00
12,3,8,1450.00,1448.00,825.00,1532.00,922.00,613.00,770.50,750.00,353.00,1180.00,1197.00,693.00,728.00
12,3,9,1450.00,1448.00,825.00,1532.00,922.00,613.00,770.50,750.00,353.00,1180.00,1197.00,693.00,728.00
12,3,10,1450.00,1448.00,825.00,1532.00,922.00,613.00,770.50,750.00,353.00,1180.00,1197.00,693.00,728.00
12,3,11,1450.00,1448.00,825.00,1532.00,922.00,613.00,770.50,750.00,353.00,1180.00,1197.00,693.00,728.00
12,3,12,1450.00,1448.00,825.00,1532.00,922.00,613.00,770.50,750.00,353.00,1180.00,1197.00,693.00,728.00
12,3,13,1450.00,1448.00,825.00,1532.00,922.00,613.00,770.50,750.00,353.00,1180.00,1197.00,693.00,728.00
12,3,14,1450.00,1448.00,825.00,1532.00,922.00,613.00,770.50,750.00,353.00,1180.00,1197.00,693.00,728.00
12,3,15,1450.00,1448.00,825.00,1532.00,922.00,613.00,770.50,750.00,353.00,1180.00,1197.00,693.00,728.00
12,3,16,1450.00,1448.00,825.00,1532.00,922.00,613.00,770.50,750.00,353.00,1180.00,1197.00,693.00,728.00
12,3,17,1450.00,1448.00,825.00,1532.00,922.00,613.00,770.50,750.00,353.00,1180.00,1197.00,693.00,728.00
12,3,18,1450.00,1448.00,825.00,1532.00,922.00,613.00,770.50,750.00,353.00,1180.00,1197.00,693.00,728.00
12,3,19,1450.00,1448.00,825.00,1532.00,922.00,613.00,770.50,750.00,353.00,1180.00,1197.00,693.00,728.00
12,3,20,1450.00,1448.00,825.00,1532.00,922.00,613.00,770.50,750.00,353.00,1180.00,1197.00,693.00,728.00
12,3,21,1450.00,1448.00,825.00,1532.00,922.00,613.00,770.50,750.00,353.00,1180.00,1197.00,693.00,728.00
12,3,22,1450.00,1448.00,825.00,1532.00,922.00,613.00,770.50,750.00,353.00,1180.00,1197.00,693.00,728.00
12,3,23,1450.00,1448.00,825.00,1532.00,922.00,613.00,770.50,750.00,353.00,1180.00,1197.00,693.00,728.00
12,3,24,1450.00,1448.00,825.00,1532.00,922.00,613.00,770.50,750.00,353.00,1180.00,1197.00,693.00,728.00
12,4,1,1450.00,1448.00,825.00,1532.00,922.00,613.00,770.50,750.00,353.00,1180.00,1197.00,693.00,728.00
12,4,2,1450.00,1448.00,825.00,1532.00,922.00,613.00,770.50,750.00,353.00,1180.00,1197.00,693.00,728.00
12,4,3,1450.00,1448.00,825.00,1532.00,922.00,613.00,770.50,750.00,353.00,1180.00,1197.00,693.00,728.00
12,4,4,1450.00,1448.00,825.00,1532.00,922.00,613.00,770.50,750.00,353.00,1180.00,1197.00,693.00,728.00
12,4,5,1450.00,1448.00,825.00,1532.00,922.00,613.00,770.50,750.00,353.00,1180.00,1197.00,693.00,728.00
12,4,6,1450.00,1448.00,825.00,1532.00,922.00,613.00,770.50,750.00,353.00,1180.00,1197.00,693.00,728.00
12,4,7,1450.00,1448.00,825.00,1532.00,922.00,613.00,770.50,750.00,353.00,1180.00,1197.00,693.00,728.00
12,4,8,1450.00,1448.00,825.00,1532.00,922.00,613.00,770.50,750.00,353.00,1180.00,1197.00,693.00,728.00
12,4,9,1450.00,1448.00,825.00,1532.00,922.00,613.00,770.50,750.00,353.00,1180.00,1197.00,693.00,728.00
12,4,10,1450.00,1448.00,825.00,1532.00,922.00,613.00,770.50,750.00,353.00,1180.00,1197.00,693.00,728.00
12,4,11,1450.00,1448.00,825.00,1532.00,922.00,613.00,770.50,750.00,353.00,1180.00,1197.00,693.00,728.00
12,4,12,1450.00,1448.00,825.00,1532.00,922.00,613.00,770.50,750.00,353.00,1180.00,1197.00,693.00,728.00
12,4,13,1450.00,1448.00,825.00,1532.00,922.00,613.00,770.50,750.00,353.00,1180.00,1197.00,693.00,728.00
12,4,14,1450.00,1448.00,825.00,1532.00,922.00,613.00,770.50,750.00,353.00,1180.00,1197.00,693.00,728.00
12,4,15,1450.00,1448.00,825.00,1532.00,922.00,613.00,770.50,750.00,353.00,1180.00,1197.00,693.00,728.00
12,4,16,1450.00,1448.00,825.00,1532.00,922.00,613.00,770.50,750.00,353.00,1180.00,1197.00,693.00,728.00
12,4,17,1450.00,1448.00,825.00,1532.00,922.00,613.00,770.50,750.00,353.00,1180.00,1197.00,693.00,728.00
12,4,18,1450.00,1448.00,825.00,1532.00,922.00,613.00,770.50,750.00,353.00,1180.00,1197.00,693.00,728.00
12,4,19,1450.00,1448.00,825.00,1532.00,922.00,613.00,770.50,750.00,353.00,1180.00,1197.00,693.00,728.00
12,4,20,1450.00,1448.00,825.00,1532.00,922.00,613.00,770.50,750.00,353.00,1180.00,1197.00,693.00,728.00
12,4,21,1450.00,1448.00,825.00,1532.00,922.00,613.00,770.50,750.00,353.00,1180.00,1197.00,693.00,728.00
12,4,22,1450.00,1448.00,825.00,1532.00,922.00,613.00,770.50,750.00,353.00,1180.00,1197.00,693.00,728.00
12,4,23,1450.00,1448.00,825.00,1532.00,922.00,613.00,770.50,750.00,353.00,1180.00,1197.00,693.00,728.00
12,4,24,1450.00,1448.00,825.00,1532.00,922.00,613.00,770.50,750.00,353.00,1180.00,1197.00,693.00,728.00
12,5,1,1450.00,1448.00,825.00,1532.00,922.00,613.00,770.50,750.00,353.00,1180.00,1197.00,693.00,728.00
12,5,2,1450.00,1448.00,825.00,1532.00,922.00,613.00,770.50,750.00,353.00,1180.00,1197.00,693.00,728.00
12,5,3,1450.00,1448.00,825.00,1532.00,922.00,613.00,770.50,750.00,353.00,1180.00,1197.00,693.00,728.00
12,5,4,1450.00,1448.00,825.00,1532.00,922.00,613.00,770.50,750.00,353.00,1180.00,1197.00,693.00,728.00
12,5,5,1450.00,1448.00,825.00,1532.00,922.00,613.00,770.50,750.00,353.00,1180.00,1197.00,693.00,728.00
12,5,6,1450.00,1448.00,825.00,1532.00,922.00,613.00,770.50,750.00,353.00,1180.00,1197.00,693.00,728.00
12,5,7,1450.00,1448.00,825.00,1532.00,922.00,613.00,770.50,750.00,353.00,1180.00,1197.00,693.00,728.00
12,5,8,1450.00,1448.00,825.00,1532.00,922.00,613.00,770.50,750.00,353.00,1180.00,1197.00,693.00,728.00
12,5,9,1450.00,1448.00,825.00,1532.00,922.00,613.00,770.50,750.00,353.00,1180.00,1197.00,693.00,728.00
12,5,10,1450.00,1448.00,825.00,1532.00,922.00,613.00,770.50,750.00,353.00,1180.00,1197.00,693.00,728.00
12,5,11,1450.00,1448.00,825.00,1532.00,922.00,613.00,770.50,750.00,353.00,1180.00,1197.00,693.00,728.00
12,5,12,1450.00,1448.00,825.00,1532.00,922.00,613.00,770.50,750.00,353.00,1180.00,1197.00,693.00,728.00
12,5,13,1450.00,1448.00,825.00,1532.00,922.00,613.00,770.50,750.00,353.00,1180.00,1197.00,693.00,728.00
12,5,14,1450.00,1448.00,825.00,1532.00,922.00,613.00,770.50,750.00,353.00,1180.00,1197.00,693.00,728.00
12,5,15,1450.00,1448.00,825.00,1532.00,922.00,613.00,770.50,750.00,353.00,1180.00,1197.00,693.00,728.00
12,5,16,1450.00,1448.00,825.00,1532.00,922.00,613.00,770.50,750.00,353.00,1180.00,1197.00,693.00,728.00
12,5,17,1450.00,1448.00,825.00,1532.00,922.00,613.00,770.50,750.00,353.00,1180.00,1197.00,693.00,728.00
12,5,18,1450.00,1448.00,825.00,1532.00,922.00,613.00,770.50,750.00,353.00,1180.00,1197.00,693.00,728.00
12,5,19,1450.00,1448.00,825.00,1532.00,922.00,613.00,770.50,750.00,353.00,1180.00,1197.00,693.00,728.00
12,5,20,1450.00,1448.00,825.00,1532.00,922.00,613.00,770.50,750.00,353.00,1180.00,1197.00,693.00,728.00
12,5,21,1450.00,1448.00,825.00,1532.00,922.00,613.00,770.50,750.00,353.00,1180.00,1197.00,693.00,728.00
12,5,22,1450.00,1448.00,825.00,1532.00,922.00,613.00,770.50,750.00,353.00,1180.00,1197.00,693.00,728.00
12,5,23,1450.00,1448.00,825.00,1532.00,922.00,613.00,770.50,750.00,353.00,1180.00,1197.00,693.00,728.00
12,5,24,1450.00,1448.00,825.00,1532.00,922.00,613.00,770.50,750.00,353.00,1180.00,1197.00,693.00,728.00
12,6,1,1450.00,1448.00,825.00,1532.00,922.00,613.00,770.50,750.00,353.00,1180.00,1197.00,693.00,728.00
12,6,2,1450.00,1448.00,825.00,1532.00,922.00,613.00,770.50,750.00,353.00,1180.00,1197.00,693.00,728.00
12,6,3,1450.00,1448.00,825.00,1532.00,922.00,613.00,770.50,750.00,353.00,1180.00,1197.00,693.00,728.00
12,6,4,1450.00,1448.00,825.00,1532.00,922.00,613.00,770.50,750.00,353.00,1180.00,1197.00,693.00,728.00
12,6,5,1450.00,1448.00,825.00,1532.00,922.00,613.00,770.50,750.00,353.00,1180.00,1197.00,693.00,728.00
12,6,6,1450.00,1448.00,825.00,1532.00,922.00,613.00,770.50,750.00,353.00,1180.00,1197.00,693.00,728.00
12,6,7,1450.00,1448.00,825.00,1532.00,922.00,613.00,770.50,750.00,353.00,1180.00,1197.00,693.00,728.00
12,6,8,1450.00,1448.00,825.00,1532.00,922.00,613.00,770.50,750.00,353.00,1180.00,1197.00,693.00,728.00
12,6,9,1450.00,1448.00,825.00,1532.00,922.00,613.00,770.50,750.00,353.00,1180.00,1197.00,693.00,728.00
12,6,10,1450.00,1448.00,825.00,1532.00,922.00,613.00,770.50,750.00,353.00,1180.00,1197.00,693.00,728.00
12,6,11,1450.00,1448.00,825.00,1532.00,922.00,613.00,770.50,750.00,353.00,1180.00,1197.00,693.00,728.00
12,6,12,1450.00,1448.00,825.00,1532.00,922.00,613.00,770.50,750.00,353.00,1180.00,1197.00,693.00,728.00
12,6,13,1450.00,1448.00,825.00,1532.00,922.00,613.00,770.50,750.00,353.00,1180.00,1197.00,693.00,728.00
12,6,14,1450.00,1448.00,825.00,1532.00,922.00,613.00,770.50,750.00,353.00,1180.00,1197.00,693.00,728.00
12,6,15,1450.00,1448.00,825.00,1532.00,922.00,613.00,770.50,750.00,353.00,1180.00,1197.00,693.00,728.00
12,6,16,1450.00,1448.00,825.00,1532.00,922.00,613.00,770.50,750.00,353.00,1180.00,1197.00,693.00,728.00
12,6,17,1450.00,1448.00,825.00,1532.00,922.00,613.00,770.50,750.00,353.00,1180.00,1197.00,693.00,728.00
12,6,18,1450.00,1448.00,825.00,1532.00,922.00,613.00,770.50,750.00,353.00,1180.00,1197.00,693.00,728.00
12,6,19,1450.00,1448.00,825.00,1532.00,922.00,613.00,770.50,750.00,353.00,1180.00,1197.00,693.00,728.00
12,6,20,1450.00,1448.00,825.00,1532.00,922.00,613.00,770.50,750.00,353.00,1180.00,1197.00,693.00,728.00
12,6,21,1450.00,1448.00,825.00,1532.00,922.00,613.00,770.50,750.00,353.00,1180.00,1197.00,693.00,728.00
12,6,22,1450.00,1448.00,825.00,1532.00,922.00,613.00,770.50,750.00,353.00,1180.00,1197.00,693.00,728.00
12,6,23,1450.00,1448.00,825.00,1532.00,922.00,613.00,770.50,750.00,353.00,1180.00,1197.00,693.00,728.00
12,6,24,1450.00,1448.00,825.00,1532.00,922.00,613.00,770.50,750.00,353.00,1180.00,1197.00,693.00,728.00
12,7,1,1450.00,1448.00,825.00,1532.00,922.00,613.00,770.50,750.00,353.00,1180.00,1197.00,693.00,728.00
12,7,2,1450.00,1448.00,825.00,1532.00,922.00,613.00,770.50,750.00,353.00,1180.00,1197.00,693.00,728.00
12,7,3,1450.00,1448.00,825.00,1532.00,922.00,613.00,770.50,750.00,353.00,1180.00,1197.00,693.00,728.00
12,7,4,1450.00,1448.00,825.00,1532.00,922.00,613.00,770.50,750.00,353.00,1180.00,1197.00,693.00,728.00
12,7,5,1450.00,1448.00,825.00,1532.00,922.00,613.00,770.50,750.00,353.00,1180.00,1197.00,693.00,728.00
12,7,6,1450.00,1448.00,825.00,1532.00,922.00,613.00,770.50,750.00,353.00,1180.00,1197.00,693.00,728.00
12,7,7,1450.00,1448.00,825.00,1532.00,922.00,613.00,770.50,750.00,353.00,1180.00,1197.00,693.00,728.00
12,7,8,1450.00,1448.00,825.00,1532.00,922.00,613.00,770.50,750.00,353.00,1180.00,1197.00,693.00,728.00
12,7,9,1450.00,1448.00,825.00,1532.00,922.00,613.00,770.50,750.00,353.00,1180.00,1197.00,693.00,728.00
12,7,10,1450.00,1448.00,825.00,1532.00,922.00,613.00,770.50,750.00,353.00,1180.00,1197.00,693.00,728.00
12,7,11,1450.00,1448.00,825.00,1532.00,922.00,613.00,770.50,750.00,353.00,1180.00,1197.00,693.00,728.00
12,7,12,1450.00,1448.00,825.00,1532.00,922.00,613.00,770.50,750.00,353.00,1180.00,1197.00,693.00,728.00
12,7,13,1450.00,1448.00,825.00,1532.00,922.00,613.00,770.50,750.00,353.00,1180.00,1197.00,693.00,728.00
12,7,14,1450.00,1448.00,825.00,1532.00,922.00,613.00,770.50,750.00,353.00,1180.00,1197.00,693.00,728.00
12,7,15,1450.00,1448.00,825.00,1532.00,922.00,613.00,770.50,750.00,353.00,1180.00,1197.00,693.00,728.00
12,7,16,1450.00,1448.00,825.00,1532.00,922.00,613.00,770.50,750.00,353.00,1180.00,1197.00,693.00,728.00
12,7,17,1450.00,1448.00,825.00,1532.00,922.00,613.00,770.50,750.00,353.00,1180.00,1197.00,693.00,728.00
12,7,18,1450.00,1448.00,825.00,1532.00,922.00,613.00,770.50,750.00,353.00,1180.00,1197.00,693.00,728.00
12,7,19,1450.00,1448.00,825.00,1532.00,922.00,613.00,770.50,750.00,353.00,1180.00,1197.00,693.00,728.00
12,7,20,1450.00,1448.00,825.00,1532.00,922.00,613.00,770.50,750.00,353.00,1180.00,1197.00,693.00,728.00
12,7,21,1450.00,1448.00,825.00,1532.00,922.00,613.00,770.50,750.00,353.00,1180.00,1197.00,693.00,728.00
12,7,22,1450.00,1448.00,825.00,1532.00,922.00,613.00,770.50,750.00,353.00,1180.00,1197.00,693.00,728.00
12,7,23,1450.00,1448.00,825.00,1532.00,922.00,613.00,770.50,750.00,353.00,1180.00,1197.00,693.00,728.00
12,7,24,1450.00,1448.00,825.00,1532.00,922.00,613.00,770.50,750.00,353.00,1180.00,1197.00,693.00,728.00
12,8,1,1450.00,1448.00,825.00,1532.00,922.00,613.00,770.50,750.00,353.00,1180.00,1197.00,693.00,728.00
12,8,2,1450.00,1448.00,825.00,1532.00,922.00,613.00,770.50,750.00,353.00,1180.00,1197.00,693.00,728.00
12,8,3,1450.00,1448.00,825.00,1532.00,922.00,613.00,770.50,750.00,353.00,1180.00,1197.00,693.00,728.00
12,8,4,1450.00,1448.00,825.00,1532.00,922.00,613.00,770.50,750.00,353.00,1180.00,1197.00,693.00,728.00
12,8,5,1450.00,1448.00,825.00,1532.00,922.00,613.00,770.50,750.00,353.00,1180.00,1197.00,693.00,728.00
12,8,6,1450.00,1448.00,825.00,1532.00,922.00,613.00,770.50,750.00,353.00,1180.00,1197.00,693.00,728.00
12,8,7,1450.00,1448.00,825.00,1532.00,922.00,613.00,770.50,750.00,353.00,1180.00,1197.00,693.00,728.00
12,8,8,1450.00,1448.00,825.00,1532.00,922.00,613.00,770.50,750.00,353.00,1180.00,1197.00,693.00,728.00
12,8,9,1450.00,1448.00,825.00,1532.00,922.00,613.00,770.50,750.00,353.00,1180.00,1197.00,693.00,728.00
12,8,10,1450.00,1448.00,825.00,1532.00,922.00,613.00,770.50,750.00,353.00,1180.00,1197.00,693.00,728.00
12,8,11,1450.00,1448.00,825.00,1532.00,922.00,613.00,770.50,750.00,353.00,1180.00,1197.00,693.00,728.00
12,8,12,1450.00,1448.00,825.00,1532.00,922.00,613.00,770.50,750.00,353.00,1180.00,1197.00,693.00,728.00
12,8,13,1450.00,1448.00,825.00,1532.00,922.00,613.00,770.50,750.00,353.00,1180.00,1197.00,693.00,728.00
12,8,14,1450.00,1448.00,825.00,1532.00,922.00,613.00,770.50,750.00,353.00,1180.00,1197.00,693.00,728.00
12,8,15,1450.00,1448.00,825.00,1532.00,922.00,613.00,770.50,750.00,353.00,1180.00,1197.00,693.00,728.00
12,8,16,1450.00,1448.00,825.00,1532.00,922.00,613.00,770.50,750.00,353.00,1180.00,1197.00,693.00,728.00
12,8,17,1450.00,1448.00,825.00,1532.00,922.00,613.00,770.50,750.00,353.00,1180.00,1197.00,693.00,728.00
12,8,18,1450.00,1448.00,825.00,1532.00,922.00,613.00,770.50,750.00,353.00,1180.00,1197.00,693.00,728.00
12,8,19,1450.00,1448.00,825.00,1532.00,922.00,613.00,770.50,750.00,353.00,1180.00,1197.00,693.00,728.00
12,8,20,1450.00,1448.00,825.00,1532.00,922.00,613.00,770.50,750.00,353.00,1180.00,1197.00,693.00,728.00
12,8,21,1450.00,1448.00,825.00,1532.00,922.00,613.00,770.50,750.00,353.00,1180.00,1197.00,693.00,728.00
12,8,22,1450.00,1448.00,825.00,1532.00,922.00,613.00,770.50,750.00,353.00,1180.00,1197.00,693.00,728.00
12,8,23,1450.00,1448.00,825.00,1532.00,922.00,613.00,770.50,750.00,353.00,1180.00,1197.00,693.00,728.00
12,8,24,1450.00,1448.00,825.00,1532.00,922.00,613.00,770.50,750.00,353.00,1180.00,1197.00,693.00,728.00
12,9,1,1450.00,1448.00,825.00,1532.00,922.00,613.00,770.50,750.00,353.00,1180.00,1197.00,693.00,728.00
12,9,2,1450.00,1448.00,825.00,1532.00,922.00,613.00,770.50,750.00,353.00,1180.00,1197.00,693.00,728.00
12,9,3,1450.00,1448.00,825.00,1532.00,922.00,613.00,770.50,750.00,353.00,1180.00,1197.00,693.00,728.00
12,9,4,1450.00,1448.00,825.00,1532.00,922.00,613.00,770.50,750.00,353.00,1180.00,1197.00,693.00,728.00
12,9,5,1450.00,1448.00,825.00,1532.00,922.00,613.00,770.50,750.00,353.00,1180.00,1197.00,693.00,728.00
12,9,6,1450.00,1448.00,825.00,1532.00,922.00,613.00,770.50,750.00,353.00,1180.00,1197.00,693.00,728.00
12,9,7,1450.00,1448.00,825.00,1532.00,922.00,613.00,770.50,750.00,353.00,1180.00,1197.00,693.00,728.00
12,9,8,1450.00,1448.00,825.00,1532.00,922.00,613.00,770.50,750.00,353.00,1180.00,1197.00,693.00,728.00
12,9,9,1450.00,1448.00,825.00,1532.00,922.00,613.00,770.50,750.00,353.00,1180.00,1197.00,693.00,728.00
12,9,10,1450.00,1448.00,825.00,1532.00,922.00,613.00,770.50,750.00,353.00,1180.00,1197.00,693.00,728.00
12,9,11,1450.00,1448.00,825.00,1532.00,922.00,613.00,770.50,750.00,353.00,1180.00,1197.00,693.00,728.00
12,9,12,1450.00,1448.00,825.00,1532.00,922.00,613.00,770.50,750.00,353.00,1180.00,1197.00,693.00,728.00
12,9,13,1450.00,1448.00,825.00,1532.00,922.00,613.00,770.50,750.00,353.00,1180.00,1197.00,693.00,728.00
12,9,14,1450.00,1448.00,825.00,1532.00,922.00,613.00,770.50,750.00,353.00,1180.00,1197.00,693.00,728.00
12,9,15,1450.00,1448.00,825.00,1532.00,922.00,613.00,770.50,750.00,353.00,1180.00,1197.00,693.00,728.00
12,9,16,1450.00,1448.00,825.00,1532.00,922.00,613.00,770.50,750.00,353.00,1180.00,1197.00,693.00,728.00
12,9,17,1450.00,1448.00,825.00,1532.00,922.00,613.00,770.50,750.00,353.00,1180.00,1197.00,693.00,728.00
12,9,18,1450.00,1448.00,825.00,1532.00,922.00,613.00,770.50,750.00,353.00,1180.00,1197.00,693.00,728.00
12,9,19,1450.00,1448.00,825.00,1532.00,922.00,613.00,770.50,750.00,353.00,1180.00,1197.00,693.00,728.00
12,9,20,1450.00,1448.00,825.00,1532.00,922.00,613.00,770.50,750.00,353.00,1180.00,1197.00,693.00,728.00
12,9,21,1450.00,1448.00,825.00,1532.00,922.00,613.00,770.50,750.00,353.00,1180.00,1197.00,693.00,728.00
12,9,22,1450.00,1448.00,825.00,1532.00,922.00,613.00,770.50,750.00,353.00,1180.00,1197.00,693.00,728.00
12,9,23,1450.00,1448.00,825.00,1532.00,922.00,613.00,770.50,750.00,353.00,1180.00,1197.00,693.00,728.00
12,9,24,1450.00,1448.00,825.00,1532.00,922.00,613.00,770.50,750.00,353.00,1180.00,1197.00,693.00,728.00
12,10,1,1450.00,1448.00,825.00,1532.00,922.00,613.00,770.50,750.00,353.00,1180.00,1197.00,693.00,728.00
12,10,2,1450.00,1448.00,825.00,1532.00,922.00,613.00,770.50,750.00,353.00,1180.00,1197.00,693.00,728.00
12,10,3,1450.00,1448.00,825.00,1532.00,922.00,613.00,770.50,750.00,353.00,1180.00,1197.00,693.00,728.00
12,10,4,1450.00,1448.00,825.00,1532.00,922.00,613.00,770.50,750.00,353.00,1180.00,1197.00,693.00,728.00
12,10,5,1450.00,1448.00,825.00,1532.00,922.00,613.00,770.50,750.00,353.00,1180.00,1197.00,693.00,728.00
12,10,6,1450.00,1448.00,825.00,1532.00,922.00,613.00,770.50,750.00,353.00,1180.00,1197.00,693.00,728.00
12,10,7,1450.00,1448.00,825.00,1532.00,922.00,613.00,770.50,750.00,353.00,1180.00,1197.00,693.00,728.00
12,10,8,1450.00,1448.00,825.00,1532.00,922.00,613.00,770.50,750.00,353.00,1180.00,1197.00,693.00,728.00
12,10,9,1450.00,1448.00,825.00,1532.00,922.00,613.00,770.50,750.00,353.00,1180.00,1197.00,693.00,728.00
12,10,10,1450.00,1448.00,825.00,1532.00,922.00,613.00,770.50,750.00,353.00,1180.00,1197.00,693.00,728.00
12,10,11,1450.00,1448.00,825.00,1532.00,922.00,613.00,770.50,750.00,353.00,1180.00,1197.00,693.00,728.00
12,10,12,1450.00,1448.00,825.00,1532.00,922.00,613.00,770.50,750.00,353.00,1180.00,1197.00,693.00,728.00
12,10,13,1450.00,1448.00,825.00,1532.00,922.00,613.00,770.50,750.00,353.00,1180.00,1197.00,693.00,728.00
12,10,14,1450.00,1448.00,825.00,1532.00,922.00,613.00,770.50,750.00,353.00,1180.00,1197.00,693.00,728.00
12,10,15,1450.00,1448.00,825.00,1532.00,922.00,613.00,770.50,750.00,353.00,1180.00,1197.00,693.00,728.00
12,10,16,1450.00,1448.00,825.00,1532.00,922.00,613.00,770.50,750.00,353.00,1180.00,1197.00,693.00,728.00
12,10,17,1450.00,1448.00,825.00,1532.00,922.00,613.00,770.50,750.00,353.00,1180.00,1197.00,693.00,728.00
12,10,18,1450.00,1448.00,825.00,1532.00,922.00,613.00,770.50,750.00,353.00,1180.00,1197.00,693.00,728.00
12,10,19,1450.00,1448.00,825.00,1532.00,922.00,613.00,770.50,750.00,353.00,1180.00,1197.00,693.00,728.00
12,10,20,1450.00,1448.00,825.00,1532.00,922.00,613.00,770.50,750.00,353.00,1180.00,1197.00,693.00,728.00
12,10,21,1450.00,1448.00,825.00,1532.00,922.00,613.00,770.50,750.00,353.00,1180.00,1197.00,693.00,728.00
12,10,22,1450.00,1448.00,825.00,1532.00,922.00,613.00,770.50,750.00,353.00,1180.00,1197.00,693.00,728.00
12,10,23,1450.00,1448.00,825.00,1532.00,922.00,613.00,770.50,750.00,353.00,1180.00,1197.00,693.00,728.00
12,10,24,1450.00,1448.00,825.00,1532.00,922.00,613.00,770.50,750.00,353.00,1180.00,1197.00,693.00,728.00
12,11,1,1450.00,1448.00,825.00,1532.00,922.00,613.00,770.50,750.00,353.00,1180.00,1197.00,693.00,728.00
12,11,2,1450.00,1448.00,825.00,1532.00,922.00,613.00,770.50,750.00,353.00,1180.00,1197.00,693.00,728.00
12,11,3,1450.00,1448.00,825.00,1532.00,922.00,613.00,770.50,750.00,353.00,1180.00,1197.00,693.00,728.00
12,11,4,1450.00,1448.00,825.00,1532.00,922.00,613.00,770.50,750.00,353.00,1180.00,1197.00,693.00,728.00
12,11,5,1450.00,1448.00,825.00,1532.00,922.00,613.00,770.50,750.00,353.00,1180.00,1197.00,693.00,728.00
12,11,6,1450.00,1448.00,825.00,1532.00,922.00,613.00,770.50,750.00,353.00,1180.00,1197.00,693.00,728.00
12,11,7,1450.00,1448.00,825.00,1532.00,922.00,613.00,770.50,750.00,353.00,1180.00,1197.00,693.00,728.00
12,11,8,1450.00,1448.00,825.00,1532.00,922.00,613.00,770.50,750.00,353.00,1180.00,1197.00,693.00,728.00
12,11,9,1450.00,1448.00,825.00,1532.00,922.00,613.00,770.50,750.00,353.00,1180.00,1197.00,693.00,728.00
12,11,10,1450.00,1448.00,825.00,1532.00,922.00,613.00,770.50,750.00,353.00,1180.00,1197.00,693.00,728.00
12,11,11,1450.00,1448.00,825.00,1532.00,922.00,613.00,770.50,750.00,353.00,1180.00,1197.00,693.00,728.00
12,11,12,1450.00,1448.00,825.00,1532.00,922.00,613.00,770.50,750.00,353.00,1180.00,1197.00,693.00,728.00
12,11,13,1450.00,1448.00,825.00,1532.00,922.00,613.00,770.50,750.00,353.00,1180.00,1197.00,693.00,728.00
12,11,14,1450.00,1448.00,825.00,1532.00,922.00,613.00,770.50,750.00,353.00,1180.00,1197.00,693.00,728.00
12,11,15,1450.00,1448.00,825.00,1532.00,922.00,613.00,770.50,750.00,353.00,1180.00,1197.00,693.00,728.00
12,11,16,1450.00,1448.00,825.00,1532.00,922.00,613.00,770.50,750.00,353.00,1180.00,1197.00,693.00,728.00
12,11,17,1450.00,1448.00,825.00,1532.00,922.00,613.00,770.50,750.00,353.00,1180.00,1197.00,693.00,728.00
12,11,18,1450.00,1448.00,825.00,1532.00,922.00,613.00,770.50,750.00,353.00,1180.00,1197.00,693.00,728.00
12,11,19,1450.00,1448.00,825.00,1532.00,922.00,613.00,770.50,750.00,353.00,1180.00,1197.00,693.00,728.00
12,11,20,1450.00,1448.00,825.00,1532.00,922.00,613.00,770.50,750.00,353.00,1180.00,1197.00,693.00,728.00
12,11,21,1450.00,1448.00,825.00,1532.00,922.00,613.00,770.50,750.00,353.00,1180.00,1197.00,693.00,728.00
12,11,22,1450.00,1448.00,825.00,1532.00,922.00,613.00,770.50,750.00,353.00,1180.00,1197.00,693.00,728.00
12,11,23,1450.00,1448.00,825.00,1532.00,922.00,613.00,770.50,750.00,353.00,1180.00,1197.00,693.00,728.00
12,11,24,1450.00,1448.00,825.00,1532.00,922.00,613.00,770.50,750.00,353.00,1180.00,1197.00,693.00,728.00
12,12,1,1450.00,1448.00,825.00,1532.00,922.00,613.00,770.50,750.00,353.00,1180.00,1197.00,693.00,728.00
12,12,2,1450.00,1448.00,825.00,1532.00,922.00,613.00,770.50,750.00,353.00,1180.00,1197.00,693.00,728.00
12,12,3,1450.00,1448.00,825.00,1532.00,922.00,613.00,770.50,750.00,353.00,1180.00,1197.00,693.00,728.00
12,12,4,1450.00,1448.00,825.00,1532.00,922.00,613.00,770.50,750.00,353.00,1180.00,1197.00,693.00,728.00
12,12,5,1450.00,1448.00,825.00,1532.00,922.00,613.00,770.50,750.00,353.00,1180.00,1197.00,693.00,728.00
12,12,6,1450.00,1448.00,825.00,1532.00,922.00,613.00,770.50,750.00,353.00,1180.00,1197.00,693.00,728.00
12,12,7,1450.00,1448.00,825.00,1532.00,922.00,613.00,770.50,750.00,353.00,1180.00,1197.00,693.00,728.00
12,12,8,1450.00,1448.00,825.00,1532.00,922.00,613.00,770.50,750.00,353.00,1180.00,1197.00,693.00,728.00
12,12,9,1450.00,1448.00,825.00,1532.00,922.00,613.00,770.50,750.00,353.00,1180.00,1197.00,693.00,728.00
12,12,10,1450.00,1448.00,825.00,1532.00,922.00,613.00,770.50,750.00,353.00,1180.00,1197.00,693.00,728.00
12,12,11,1450.00,1448.00,825.00,1532.00,922.00,613.00,770.50,750.00,353.00,1180.00,1197.00,693.00,728.00
12,12,12,1450.00,1448.00,825.00,1532.00,922.00,613.00,770.50,750.00,353.00,1180.00,1197.00,693.00,728.00
12,12,13,1450.00,1448.00,825.00,1532.00,922.00,613.00,770.50,750.00,353.00,1180.00,1197.00,693.00,728.00
12,12,14,1450.00,1448.00,825.00,1532.00,922.00,613.00,770.50,750.00,353.00,1180.00,1197.00,693.00,728.00
12,12,15,1450.00,1448.00,825.00,1532.00,922.00,613.00,770.50,750.00,353.00,1180.00,1197.00,693.00,728.00
12,12,16,1450.00,1448.00,825.00,1532.00,922.00,613.00,770.50,750.00,353.00,1180.00,1197.00,693.00,728.00
12,12,17,1450.00,1448.00,825.00,1532.00,922.00,613.00,770.50,750.00,353.00,1180.00,1197.00,693.00,728.00
12,12,18,1450.00,1448.00,825.00,1532.00,922.00,613.00,770.50,750.00,353.00,1180.00,1197.00,693.00,728.00
12,12,19,1450.00,1448.00,825.00,1532.00,922.00,613.00,770.50,750.00,353.00,1180.00,1197.00,693.00,728.00
12,12,20,1450.00,1448.00,825.00,1532.00,922.00,613.00,770.50,750.00,353.00,1180.00,1197.00,693.00,728.00
12,12,21,1450.00,1448.00,825.00,1532.00,922.00,613.00,770.50,750.00,353.00,1180.00,1197.00,693.00,728.00
12,12,22,1450.00,1448.00,825.00,1532.00,922.00,613.00,770.50,750.00,353.00,1180.00,1197.00,693.00,728.00
12,12,23,1450.00,1448.00,825.00,1532.00,922.00,613.00,770.50,750.00,353.00,1180.00,1197.00,693.00,728.00
12,12,24,1450.00,1448.00,825.00,1532.00,922.00,613.00,770.50,750.00,353.00,1180.00,1197.00,693.00,728.00
12,13,1,1450.00,1448.00,825.00,1532.00,922.00,613.00,770.50,750.00,353.00,1180.00,1197.00,693.00,728.00
12,13,2,1450.00,1448.00,825.00,1532.00,922.00,613.00,770.50,750.00,353.00,1180.00,1197.00,693.00,728.00
12,13,3,1450.00,1448.00,825.00,1532.00,922.00,613.00,770.50,750.00,353.00,1180.00,1197.00,693.00,728.00
12,13,4,1450.00,1448.00,825.00,1532.00,922.00,613.00,770.50,750.00,353.00,1180.00,1197.00,693.00,728.00
12,13,5,1450.00,1448.00,825.00,1532.00,922.00,613.00,770.50,750.00,353.00,1180.00,1197.00,693.00,728.00
12,13,6,1450.00,1448.00,825.00,1532.00,922.00,613.00,770.50,750.00,353.00,1180.00,1197.00,693.00,728.00
12,13,7,1450.00,1448.00,825.00,1532.00,922.00,613.00,770.50,750.00,353.00,1180.00,1197.00,693.00,728.00
12,13,8,1450.00,1448.00,825.00,1532.00,922.00,613.00,770.50,750.00,353.00,1180.00,1197.00,693.00,728.00
12,13,9,1450.00,1448.00,825.00,1532.00,922.00,613.00,770.50,750.00,353.00,1180.00,1197.00,693.00,728.00
12,13,10,1450.00,1448.00,825.00,1532.00,922.00,613.00,770.50,750.00,353.00,1180.00,1197.00,693.00,728.00
12,13,11,1450.00,1448.00,825.00,1532.00,922.00,613.00,770.50,750.00,353.00,1180.00,1197.00,693.00,728.00
12,13,12,1450.00,1448.00,825.00,1532.00,922.00,613.00,770.50,750.00,353.00,1180.00,1197.00,693.00,728.00
12,13,13,1450.00,1448.00,825.00,1532.00,922.00,613.00,770.50,750.00,353.00,1180.00,1197.00,693.00,728.00
12,13,14,1450.00,1448.00,825.00,1532.00,922.00,613.00,770.50,750.00,353.00,1180.00,1197.00,693.00,728.00
12,13,15,1450.00,1448.00,825.00,1532.00,922.00,613.00,770.50,750.00,353.00,1180.00,1197.00,693.00,728.00
12,13,16,1450.00,1448.00,825.00,1532.00,922.00,613.00,770.50,750.00,353.00,1180.00,1197.00,693.00,728.00
12,13,17,1450.00,1448.00,825.00,1532.00,922.00,613.00,770.50,750.00,353.00,1180.00,1197.00,693.00,728.00
12,13,18,1450.00,1448.00,825.00,1532.00,922.00,613.00,770.50,750.00,353.00,1180.00,1197.00,693.00,728.00
12,13,19,1450.00,1448.00,825.00,1532.00,922.00,613.00,770.50,750.00,353.00,1180.00,1197.00,693.00,728.00
12,13,20,1450.00,1448.00,825.00,1532.00,922.00,613.00,770.50,750.00,353.00,1180.00,1197.00,693.00,728.00
12,13,21,1450.00,1448.00,825.00,1532.00,922.00,613.00,770.50,750.00,353.00,1180.00,1197.00,693.00,728.00
12,13,22,1450.00,1448.00,825.00,1532.00,922.00,613.00,770.50,750.00,353.00,1180.00,1197.00,693.00,728.00
12,13,23,1450.00,1448.00,825.00,1532.00,922.00,613.00,770.50,750.00,353.00,1180.00,1197.00,693.00,728.00
12,13,24,1450.00,1448.00,825.00,1532.00,922.00,613.00,770.50,750.00,353.00,1180.00,1197.00,693.00,728.00
12,14,1,1450.00,1448.00,825.00,1532.00,922.00,613.00,770.50,750.00,353.00,1180.00,1197.00,693.00,728.00
12,14,2,1450.00,1448.00,825.00,1532.00,922.00,613.00,770.50,750.00,353.00,1180.00,1197.00,693.00,728.00
12,14,3,1450.00,1448.00,825.00,1532.00,922.00,613.00,770.50,750.00,353.00,1180.00,1197.00,693.00,728.00
12,14,4,1450.00,1448.00,825.00,1532.00,922.00,613.00,770.50,750.00,353.00,1180.00,1197.00,693.00,728.00
12,14,5,1450.00,1448.00,825.00,1532.00,922.00,613.00,770.50,750.00,353.00,1180.00,1197.00,693.00,728.00
12,14,6,1450.00,1448.00,825.00,1532.00,922.00,613.00,770.50,750.00,353.00,1180.00,1197.00,693.00,728.00
12,14,7,1450.00,1448.00,825.00,1532.00,922.00,613.00,770.50,750.00,353.00,1180.00,1197.00,693.00,728.00
12,14,8,1450.00,1448.00,825.00,1532.00,922.00,613.00,770.50,750.00,353.00,1180.00,1197.00,693.00,728.00
12,14,9,1450.00,1448.00,825.00,1532.00,922.00,613.00,770.50,750.00,353.00,1180.00,1197.00,693.00,728.00
12,14,10,1450.00,1448.00,825.00,1532.00,922.00,613.00,770.50,750.00,353.00,1180.00,1197.00,693.00,728.00
12,14,11,1450.00,1448.00,825.00,1532.00,922.00,613.00,770.50,750.00,353.00,1180.00,1197.00,693.00,728.00
12,14,12,1450.00,1448.00,825.00,1532.00,922.00,613.00,770.50,750.00,353.00,1180.00,1197.00,693.00,728.00
12,14,13,1450.00,1448.00,825.00,1532.00,922.00,613.00,770.50,750.00,353.00,1180.00,1197.00,693.00,728.00
12,14,14,1450.00,1448.00,825.00,1532.00,922.00,613.00,770.50,750.00,353.00,1180.00,1197.00,693.00,728.00
12,14,15,1450.00,1448.00,825.00,1532.00,922.00,613.00,770.50,750.00,353.00,1180.00,1197.00,693.00,728.00
12,14,16,1450.00,1448.00,825.00,1532.00,922.00,613.00,770.50,750.00,353.00,1180.00,1197.00,693.00,728.00
12,14,17,1450.00,1448.00,825.00,1532.00,922.00,613.00,770.50,750.00,353.00,1180.00,1197.00,693.00,728.00
12,14,18,1450.00,1448.00,825.00,1532.00,922.00,613.00,770.50,750.00,353.00,1180.00,1197.00,693.00,728.00
12,14,19,1450.00,1448.00,825.00,1532.00,922.00,613.00,770.50,750.00,353.00,1180.00,1197.00,693.00,728.00
12,14,20,1450.00,1448.00,825.00,1532.00,922.00,613.00,770.50,750.00,353.00,1180.00,1197.00,693.00,728.00
12,14,21,1450.00,1448.00,825.00,1532.00,922.00,613.00,770.50,750.00,353.00,1180.00,1197.00,693.00,728.00
12,14,22,1450.00,1448.00,825.00,1532.00,922.00,613.00,770.50,750.00,353.00,1180.00,1197.00,693.00,728.00
12,14,23,1450.00,1448.00,825.00,1532.00,922.00,613.00,770.50,750.00,353.00,1180.00,1197.00,693.00,728.00
12,14,24,1450.00,1448.00,825.00,1532.00,922.00,613.00,770.50,750.00,353.00,1180.00,1197.00,693.00,728.00
12,15,1,1450.00,1448.00,825.00,1532.00,922.00,613.00,770.50,750.00,353.00,1180.00,1197.00,693.00,728.00
12,15,2,1450.00,1448.00,825.00,1532.00,922.00,613.00,770.50,750.00,353.00,1180.00,1197.00,693.00,728.00
12,15,3,1450.00,1448.00,825.00,1532.00,922.00,613.00,770.50,750.00,353.00,1180.00,1197.00,693.00,728.00
12,15,4,1450.00,1448.00,825.00,1532.00,922.00,613.00,770.50,750.00,353.00,1180.00,1197.00,693.00,728.00
12,15,5,1450.00,1448.00,825.00,1532.00,922.00,613.00,770.50,750.00,353.00,1180.00,1197.00,693.00,728.00
12,15,6,1450.00,1448.00,825.00,1532.00,922.00,613.00,770.50,750.00,353.00,1180.00,1197.00,693.00,728.00
12,15,7,1450.00,1448.00,825.00,1532.00,922.00,613.00,770.50,750.00,353.00,1180.00,1197.00,693.00,728.00
12,15,8,1450.00,1448.00,825.00,1532.00,922.00,613.00,770.50,750.00,353.00,1180.00,1197.00,693.00,728.00
12,15,9,1450.00,1448.00,825.00,1532.00,922.00,613.00,770.50,750.00,353.00,1180.00,1197.00,693.00,728.00
12,15,10,1450.00,1448.00,825.00,1532.00,922.00,613.00,770.50,750.00,353.00,1180.00,1197.00,693.00,728.00
12,15,11,1450.00,1448.00,825.00,1532.00,922.00,613.00,770.50,750.00,353.00,1180.00,1197.00,693.00,728.00
12,15,12,1450.00,1448.00,825.00,1532.00,922.00,613.00,770.50,750.00,353.00,1180.00,1197.00,693.00,728.00
12,15,13,1450.00,1448.00,825.00,1532.00,922.00,613.00,770.50,750.00,353.00,1180.00,1197.00,693.00,728.00
12,15,14,1450.00,1448.00,825.00,1532.00,922.00,613.00,770.50,750.00,353.00,1180.00,1197.00,693.00,728.00
12,15,15,1450.00,1448.00,825.00,1532.00,922.00,613.00,770.50,750.00,353.00,1180.00,1197.00,693.00,728.00
12,15,16,1450.00,1448.00,825.00,1532.00,922.00,613.00,770.50,750.00,353.00,1180.00,1197.00,693.00,728.00
12,15,17,1450.00,1448.00,825.00,1532.00,922.00,613.00,770.50,750.00,353.00,1180.00,1197.00,693.00,728.00
12,15,18,1450.00,1448.00,825.00,1532.00,922.00,613.00,770.50,750.00,353.00,1180.00,1197.00,693.00,728.00
12,15,19,1450.00,1448.00,825.00,1532.00,922.00,613.00,770.50,750.00,353.00,1180.00,1197.00,693.00,728.00
12,15,20,1450.00,1448.00,825.00,1532.00,922.00,613.00,770.50,750.00,353.00,1180.00,1197.00,693.00,728.00
12,15,21,1450.00,1448.00,825.00,1532.00,922.00,613.00,770.50,750.00,353.00,1180.00,1197.00,693.00,728.00
12,15,22,1450.00,1448.00,825.00,1532.00,922.00,613.00,770.50,750.00,353.00,1180.00,1197.00,693.00,728.00
12,15,23,1450.00,1448.00,825.00,1532.00,922.00,613.00,770.50,750.00,353.00,1180.00,1197.00,693.00,728.00
12,15,24,1450.00,1448.00,825.00,1532.00,922.00,613.00,770.50,750.00,353.00,1180.00,1197.00,693.00,728.00
12,16,1,1450.00,1448.00,825.00,1532.00,922.00,613.00,770.50,750.00,353.00,1180.00,1197.00,693.00,728.00
12,16,2,1450.00,1448.00,825.00,1532.00,922.00,613.00,770.50,750.00,353.00,1180.00,1197.00,693.00,728.00
12,16,3,1450.00,1448.00,825.00,1532.00,922.00,613.00,770.50,750.00,353.00,1180.00,1197.00,693.00,728.00
12,16,4,1450.00,1448.00,825.00,1532.00,922.00,613.00,770.50,750.00,353.00,1180.00,1197.00,693.00,728.00
12,16,5,1450.00,1448.00,825.00,1532.00,922.00,613.00,770.50,750.00,353.00,1180.00,1197.00,693.00,728.00
12,16,6,1450.00,1448.00,825.00,1532.00,922.00,613.00,770.50,750.00,353.00,1180.00,1197.00,693.00,728.00
12,16,7,1450.00,1448.00,825.00,1532.00,922.00,613.00,770.50,750.00,353.00,1180.00,1197.00,693.00,728.00
12,16,8,1450.00,1448.00,825.00,1532.00,922.00,613.00,770.50,750.00,353.00,1180.00,1197.00,693.00,728.00
12,16,9,1450.00,1448.00,825.00,1532.00,922.00,613.00,770.50,750.00,353.00,1180.00,1197.00,693.00,728.00
12,16,10,1450.00,1448.00,825.00,1532.00,922.00,613.00,770.50,750.00,353.00,1180.00,1197.00,693.00,728.00
12,16,11,1450.00,1448.00,825.00,1532.00,922.00,613.00,770.50,750.00,353.00,1180.00,1197.00,693.00,728.00
12,16,12,1450.00,1448.00,825.00,1532.00,922.00,613.00,770.50,750.00,353.00,1180.00,1197.00,693.00,728.00
12,16,13,1450.00,1448.00,825.00,1532.00,922.00,613.00,770.50,750.00,353.00,1180.00,1197.00,693.00,728.00
12,16,14,1450.00,1448.00,825.00,1532.00,922.00,613.00,770.50,750.00,353.00,1180.00,1197.00,693.00,728.00
12,16,15,1450.00,1448.00,825.00,1532.00,922.00,613.00,770.50,750.00,353.00,1180.00,1197.00,693.00,728.00
12,16,16,1450.00,1448.00,825.00,1532.00,922.00,613.00,770.50,750.00,353.00,1180.00,1197.00,693.00,728.00
12,16,17,1450.00,1448.00,825.00,1532.00,922.00,613.00,770.50,750.00,353.00,1180.00,1197.00,693.00,728.00
12,16,18,1450.00,1448.00,825.00,1532.00,922.00,613.00,770.50,750.00,353.00,1180.00,1197.00,693.00,728.00
12,16,19,1450.00,1448.00,825.00,1532.00,922.00,613.00,770.50,750.00,353.00,1180.00,1197.00,693.00,728.00
12,16,20,1450.00,1448.00,825.00,1532.00,922.00,613.00,770.50,750.00,353.00,1180.00,1197.00,693.00,728.00
12,16,21,1450.00,1448.00,825.00,1532.00,922.00,613.00,770.50,750.00,353.00,1180.00,1197.00,693.00,728.00
12,16,22,1450.00,1448.00,825.00,1532.00,922.00,613.00,770.50,750.00,353.00,1180.00,1197.00,693.00,728.00
12,16,23,1450.00,1448.00,825.00,1532.00,922.00,613.00,770.50,750.00,353.00,1180.00,1197.00,693.00,728.00
12,16,24,1450.00,1448.00,825.00,1532.00,922.00,613.00,770.50,750.00,353.00,1180.00,1197.00,693.00,728.00
12,17,1,1450.00,1448.00,825.00,1532.00,922.00,613.00,770.50,750.00,353.00,1180.00,1197.00,693.00,728.00
12,17,2,1450.00,1448.00,825.00,1532.00,922.00,613.00,770.50,750.00,353.00,1180.00,1197.00,693.00,728.00
12,17,3,1450.00,1448.00,825.00,1532.00,922.00,613.00,770.50,750.00,353.00,1180.00,1197.00,693.00,728.00
12,17,4,1450.00,1448.00,825.00,1532.00,922.00,613.00,770.50,750.00,353.00,1180.00,1197.00,693.00,728.00
12,17,5,1450.00,1448.00,825.00,1532.00,922.00,613.00,770.50,750.00,353.00,1180.00,1197.00,693.00,728.00
12,17,6,1450.00,1448.00,825.00,1532.00,922.00,613.00,770.50,750.00,353.00,1180.00,1197.00,693.00,728.00
12,17,7,1450.00,1448.00,825.00,1532.00,922.00,613.00,770.50,750.00,353.00,1180.00,1197.00,693.00,728.00
12,17,8,1450.00,1448.00,825.00,1532.00,922.00,613.00,770.50,750.00,353.00,1180.00,1197.00,693.00,728.00
12,17,9,1450.00,1448.00,825.00,1532.00,922.00,613.00,770.50,750.00,353.00,1180.00,1197.00,693.00,728.00
12,17,10,1450.00,1448.00,825.00,1532.00,922.00,613.00,770.50,750.00,353.00,1180.00,1197.00,693.00,728.00
12,17,11,1450.00,1448.00,825.00,1532.00,922.00,613.00,770.50,750.00,353.00,1180.00,1197.00,693.00,728.00
12,17,12,1450.00,1448.00,825.00,1532.00,922.00,613.00,770.50,750.00,353.00,1180.00,1197.00,693.00,728.00
12,17,13,1450.00,1448.00,825.00,1532.00,922.00,613.00,770.50,750.00,353.00,1180.00,1197.00,693.00,728.00
12,17,14,1450.00,1448.00,825.00,1532.00,922.00,613.00,770.50,750.00,353.00,1180.00,1197.00,693.00,728.00
12,17,15,1450.00,1448.00,825.00,1532.00,922.00,613.00,770.50,750.00,353.00,1180.00,1197.00,693.00,728.00
12,17,16,1450.00,1448.00,825.00,1532.00,922.00,613.00,770.50,750.00,353.00,1180.00,1197.00,693.00,728.00
12,17,17,1450.00,1448.00,825.00,1532.00,922.00,613.00,770.50,750.00,353.00,1180.00,1197.00,693.00,728.00
12,17,18,1450.00,1448.00,825.00,1532.00,922.00,613.00,770.50,750.00,353.00,1180.00,1197.00,693.00,728.00
12,17,19,1450.00,1448.00,825.00,1532.00,922.00,613.00,770.50,750.00,353.00,1180.00,1197.00,693.00,728.00
12,17,20,1450.00,1448.00,825.00,1532.00,922.00,613.00,770.50,750.00,353.00,1180.00,1197.00,693.00,728.00
12,17,21,1450.00,1448.00,825.00,1532.00,922.00,613.00,770.50,750.00,353.00,1180.00,1197.00,693.00,728.00
12,17,22,1450.00,1448.00,825.00,1532.00,922.00,613.00,770.50,750.00,353.00,1180.00,1197.00,693.00,728.00
12,17,23,1450.00,1448.00,825.00,1532.00,922.00,613.00,770.50,750.00,353.00,1180.00,1197.00,693.00,728.00
12,17,24,1450.00,1448.00,825.00,1532.00,922.00,613.00,770.50,750.00,353.00,1180.00,1197.00,693.00,728.00
12,18,1,1450.00,1448.00,825.00,1532.00,922.00,613.00,770.50,750.00,353.00,1180.00,1197.00,693.00,728.00
12,18,2,1450.00,1448.00,825.00,1532.00,922.00,613.00,770.50,750.00,353.00,1180.00,1197.00,693.00,728.00
12,18,3,1450.00,1448.00,825.00,1532.00,922.00,613.00,770.50,750.00,353.00,1180.00,1197.00,693.00,728.00
12,18,4,1450.00,1448.00,825.00,1532.00,922.00,613.00,770.50,750.00,353.00,1180.00,1197.00,693.00,728.00
12,18,5,1450.00,1448.00,825.00,1532.00,922.00,613.00,770.50,750.00,353.00,1180.00,1197.00,693.00,728.00
12,18,6,1450.00,1448.00,825.00,1532.00,922.00,613.00,770.50,750.00,353.00,1180.00,1197.00,693.00,728.00
12,18,7,1450.00,1448.00,825.00,1532.00,922.00,613.00,770.50,750.00,353.00,1180.00,1197.00,693.00,728.00
12,18,8,1450.00,1448.00,825.00,1532.00,922.00,613.00,770.50,750.00,353.00,1180.00,1197.00,693.00,728.00
12,18,9,1450.00,1448.00,825.00,1532.00,922.00,613.00,770.50,750.00,353.00,1180.00,1197.00,693.00,728.00
12,18,10,1450.00,1448.00,825.00,1532.00,922.00,613.00,770.50,750.00,353.00,1180.00,1197.00,693.00,728.00
12,18,11,1450.00,1448.00,825.00,1532.00,922.00,613.00,770.50,750.00,353.00,1180.00,1197.00,693.00,728.00
12,18,12,1450.00,1448.00,825.00,1532.00,922.00,613.00,770.50,750.00,353.00,1180.00,1197.00,693.00,728.00
12,18,13,1450.00,1448.00,825.00,1532.00,922.00,613.00,770.50,750.00,353.00,1180.00,1197.00,693.00,728.00
12,18,14,1450.00,1448.00,825.00,1532.00,922.00,613.00,770.50,750.00,353.00,1180.00,1197.00,693.00,728.00
12,18,15,1450.00,1448.00,825.00,1532.00,922.00,613.00,770.50,750.00,353.00,1180.00,1197.00,693.00,728.00
12,18,16,1450.00,1448.00,825.00,1532.00,922.00,613.00,770.50,750.00,353.00,1180.00,1197.00,693.00,728.00
12,18,17,1450.00,1448.00,825.00,1532.00,922.00,613.00,770.50,750.00,353.00,1180.00,1197.00,693.00,728.00
12,18,18,1450.00,1448.00,825.00,1532.00,922.00,613.00,770.50,750.00,353.00,1180.00,1197.00,693.00,728.00
12,18,19,1450.00,1448.00,825.00,1532.00,922.00,613.00,770.50,750.00,353.00,1180.00,1197.00,693.00,728.00
12,18,20,1450.00,1448.00,825.00,1532.00,922.00,613.00,770.50,750.00,353.00,1180.00,1197.00,693.00,728.00
12,18,21,1450.00,1448.00,825.00,1532.00,922.00,613.00,770.50,750.00,353.00,1180.00,1197.00,693.00,728.00
12,18,22,1450.00,1448.00,825.00,1532.00,922.00,613.00,770.50,750.00,353.00,1180.00,1197.00,693.00,728.00
12,18,23,1450.00,1448.00,825.00,1532.00,922.00,613.00,770.50,750.00,353.00,1180.00,1197.00,693.00,728.00
12,18,24,1450.00,1448.00,825.00,1532.00,922.00,613.00,770.50,750.00,353.00,1180.00,1197.00,693.00,728.00
12,19,1,1450.00,1448.00,825.00,1532.00,922.00,613.00,770.50,750.00,353.00,1180.00,1197.00,693.00,728.00
12,19,2,1450.00,1448.00,825.00,1532.00,922.00,613.00,770.50,750.00,353.00,1180.00,1197.00,693.00,728.00
12,19,3,1450.00,1448.00,825.00,1532.00,922.00,613.00,770.50,750.00,353.00,1180.00,1197.00,693.00,728.00
12,19,4,1450.00,1448.00,825.00,1532.00,922.00,613.00,770.50,750.00,353.00,1180.00,1197.00,693.00,728.00
12,19,5,1450.00,1448.00,825.00,1532.00,922.00,613.00,770.50,750.00,353.00,1180.00,1197.00,693.00,728.00
12,19,6,1450.00,1448.00,825.00,1532.00,922.00,613.00,770.50,750.00,353.00,1180.00,1197.00,693.00,728.00
12,19,7,1450.00,1448.00,825.00,1532.00,922.00,613.00,770.50,750.00,353.00,1180.00,1197.00,693.00,728.00
12,19,8,1450.00,1448.00,825.00,1532.00,922.00,613.00,770.50,750.00,353.00,1180.00,1197.00,693.00,728.00
12,19,9,1450.00,1448.00,825.00,1532.00,922.00,613.00,770.50,750.00,353.00,1180.00,1197.00,693.00,728.00
12,19,10,1450.00,1448.00,825.00,1532.00,922.00,613.00,770.50,750.00,353.00,1180.00,1197.00,693.00,728.00
12,19,11,1450.00,1448.00,825.00,1532.00,922.00,613.00,770.50,750.00,353.00,1180.00,1197.00,693.00,728.00
12,19,12,1450.00,1448.00,825.00,1532.00,922.00,613.00,770.50,750.00,353.00,1180.00,1197.00,693.00,728.00
12,19,13,1450.00,1448.00,825.00,1532.00,922.00,613.00,770.50,750.00,353.00,1180.00,1197.00,693.00,728.00
12,19,14,1450.00,1448.00,825.00,1532.00,922.00,613.00,770.50,750.00,353.00,1180.00,1197.00,693.00,728.00
12,19,15,1450.00,1448.00,825.00,1532.00,922.00,613.00,770.50,750.00,353.00,1180.00,1197.00,693.00,728.00
12,19,16,1450.00,1448.00,825.00,1532.00,922.00,613.00,770.50,750.00,353.00,1180.00,1197.00,693.00,728.00
12,19,17,1450.00,1448.00,825.00,1532.00,922.00,613.00,770.50,750.00,353.00,1180.00,1197.00,693.00,728.00
12,19,18,1450.00,1448.00,825.00,1532.00,922.00,613.00,770.50,750.00,353.00,1180.00,1197.00,693.00,728.00
12,19,19,1450.00,1448.00,825.00,1532.00,922.00,613.00,770.50,750.00,353.00,1180.00,1197.00,693.00,728.00
12,19,20,1450.00,1448.00,825.00,1532.00,922.00,613.00,770.50,750.00,353.00,1180.00,1197.00,693.00,728.00
12,19,21,1450.00,1448.00,825.00,1532.00,922.00,613.00,770.50,750.00,353.00,1180.00,1197.00,693.00,728.00
12,19,22,1450.00,1448.00,825.00,1532.00,922.00,613.00,770.50,750.00,353.00,1180.00,1197.00,693.00,728.00
12,19,23,1450.00,1448.00,825.00,1532.00,922.00,613.00,770.50,750.00,353.00,1180.00,1197.00,693.00,728.00
12,19,24,1450.00,1448.00,825.00,1532.00,922.00,613.00,770.50,750.00,353.00,1180.00,1197.00,693.00,728.00
12,20,1,1450.00,1448.00,825.00,1532.00,922.00,613.00,770.50,750.00,353.00,1180.00,1197.00,693.00,728.00
12,20,2,1450.00,1448.00,825.00,1532.00,922.00,613.00,770.50,750.00,353.00,1180.00,1197.00,693.00,728.00
12,20,3,1450.00,1448.00,825.00,1532.00,922.00,613.00,770.50,750.00,353.00,1180.00,1197.00,693.00,728.00
12,20,4,1450.00,1448.00,825.00,1532.00,922.00,613.00,770.50,750.00,353.00,1180.00,1197.00,693.00,728.00
12,20,5,1450.00,1448.00,825.00,1532.00,922.00,613.00,770.50,750.00,353.00,1180.00,1197.00,693.00,728.00
12,20,6,1450.00,1448.00,825.00,1532.00,922.00,613.00,770.50,750.00,353.00,1180.00,1197.00,693.00,728.00
12,20,7,1450.00,1448.00,825.00,1532.00,922.00,613.00,770.50,750.00,353.00,1180.00,1197.00,693.00,728.00
12,20,8,1450.00,1448.00,825.00,1532.00,922.00,613.00,770.50,750.00,353.00,1180.00,1197.00,693.00,728.00
12,20,9,1450.00,1448.00,825.00,1532.00,922.00,613.00,770.50,750.00,353.00,1180.00,1197.00,693.00,728.00
12,20,10,1450.00,1448.00,825.00,1532.00,922.00,613.00,770.50,750.00,353.00,1180.00,1197.00,693.00,728.00
12,20,11,1450.00,1448.00,825.00,1532.00,922.00,613.00,770.50,750.00,353.00,1180.00,1197.00,693.00,728.00
12,20,12,1450.00,1448.00,825.00,1532.00,922.00,613.00,770.50,750.00,353.00,1180.00,1197.00,693.00,728.00
12,20,13,1450.00,1448.00,825.00,1532.00,922.00,613.00,770.50,750.00,353.00,1180.00,1197.00,693.00,728.00
12,20,14,1450.00,1448.00,825.00,1532.00,922.00,613.00,770.50,750.00,353.00,1180.00,1197.00,693.00,728.00
12,20,15,1450.00,1448.00,825.00,1532.00,922.00,613.00,770.50,750.00,353.00,1180.00,1197.00,693.00,728.00
12,20,16,1450.00,1448.00,825.00,1532.00,922.00,613.00,770.50,750.00,353.00,1180.00,1197.00,693.00,728.00
12,20,17,1450.00,1448.00,825.00,1532.00,922.00,613.00,770.50,750.00,353.00,1180.00,1197.00,693.00,728.00
12,20,18,1450.00,1448.00,825.00,1532.00,922.00,613.00,770.50,750.00,353.00,1180.00,1197.00,693.00,728.00
12,20,19,1450.00,1448.00,825.00,1532.00,922.00,613.00,770.50,750.00,353.00,1180.00,1197.00,693.00,728.00
12,20,20,1450.00,1448.00,825.00,1532.00,922.00,613.00,770.50,750.00,353.00,1180.00,1197.00,693.00,728.00
12,20,21,1450.00,1448.00,825.00,1532.00,922.00,613.00,770.50,750.00,353.00,1180.00,1197.00,693.00,728.00
12,20,22,1450.00,1448.00,825.00,1532.00,922.00,613.00,770.50,750.00,353.00,1180.00,1197.00,693.00,728.00
12,20,23,1450.00,1448.00,825.00,1532.00,922.00,613.00,770.50,750.00,353.00,1180.00,1197.00,693.00,728.00
12,20,24,1450.00,1448.00,825.00,1532.00,922.00,613.00,770.50,750.00,353.00,1180.00,1197.00,693.00,728.00
12,21,1,1450.00,1448.00,825.00,1532.00,922.00,613.00,770.50,750.00,353.00,1180.00,1197.00,693.00,728.00
12,21,2,1450.00,1448.00,825.00,1532.00,922.00,613.00,770.50,750.00,353.00,1180.00,1197.00,693.00,728.00
12,21,3,1450.00,1448.00,825.00,1532.00,922.00,613.00,770.50,750.00,353.00,1180.00,1197.00,693.00,728.00
12,21,4,1450.00,1448.00,825.00,1532.00,922.00,613.00,770.50,750.00,353.00,1180.00,1197.00,693.00,728.00
12,21,5,1450.00,1448.00,825.00,1532.00,922.00,613.00,770.50,750.00,353.00,1180.00,1197.00,693.00,728.00
12,21,6,1450.00,1448.00,825.00,1532.00,922.00,613.00,770.50,750.00,353.00,1180.00,1197.00,693.00,728.00
12,21,7,1450.00,1448.00,825.00,1532.00,922.00,613.00,770.50,750.00,353.00,1180.00,1197.00,693.00,728.00
12,21,8,1450.00,1448.00,825.00,1532.00,922.00,613.00,770.50,750.00,353.00,1180.00,1197.00,693.00,728.00
12,21,9,1450.00,1448.00,825.00,1532.00,922.00,613.00,770.50,750.00,353.00,1180.00,1197.00,693.00,728.00
12,21,10,1450.00,1448.00,825.00,1532.00,922.00,613.00,770.50,750.00,353.00,1180.00,1197.00,693.00,728.00
12,21,11,1450.00,1448.00,825.00,1532.00,922.00,613.00,770.50,750.00,353.00,1180.00,1197.00,693.00,728.00
12,21,12,1450.00,1448.00,825.00,1532.00,922.00,613.00,770.50,750.00,353.00,1180.00,1197.00,693.00,728.00
12,21,13,1450.00,1448.00,825.00,1532.00,922.00,613.00,770.50,750.00,353.00,1180.00,1197.00,693.00,728.00
12,21,14,1450.00,1448.00,825.00,1532.00,922.00,613.00,770.50,750.00,353.00,1180.00,1197.00,693.00,728.00
12,21,15,1450.00,1448.00,825.00,1532.00,922.00,613.00,770.50,750.00,353.00,1180.00,1197.00,693.00,728.00
12,21,16,1450.00,1448.00,825.00,1532.00,922.00,613.00,770.50,750.00,353.00,1180.00,1197.00,693.00,728.00
12,21,17,1450.00,1448.00,825.00,1532.00,922.00,613.00,770.50,750.00,353.00,1180.00,1197.00,693.00,728.00
12,21,18,1450.00,1448.00,825.00,1532.00,922.00,613.00,770.50,750.00,353.00,1180.00,1197.00,693.00,728.00
12,21,19,1450.00,1448.00,825.00,1532.00,922.00,613.00,770.50,750.00,353.00,1180.00,1197.00,693.00,728.00
12,21,20,1450.00,1448.00,825.00,1532.00,922.00,613.00,770.50,750.00,353.00,1180.00,1197.00,693.00,728.00
12,21,21,1450.00,1448.00,825.00,1532.00,922.00,613.00,770.50,750.00,353.00,1180.00,1197.00,693.00,728.00
12,21,22,1450.00,1448.00,825.00,1532.00,922.00,613.00,770.50,750.00,353.00,1180.00,1197.00,693.00,728.00
12,21,23,1450.00,1448.00,825.00,1532.00,922.00,613.00,770.50,750.00,353.00,1180.00,1197.00,693.00,728.00
12,21,24,1450.00,1448.00,825.00,1532.00,922.00,613.00,770.50,750.00,353.00,1180.00,1197.00,693.00,728.00
12,22,1,1450.00,1448.00,825.00,1532.00,922.00,613.00,770.50,750.00,353.00,1180.00,1197.00,693.00,728.00
12,22,2,1450.00,1448.00,825.00,1532.00,922.00,613.00,770.50,750.00,353.00,1180.00,1197.00,693.00,728.00
12,22,3,1450.00,1448.00,825.00,1532.00,922.00,613.00,770.50,750.00,353.00,1180.00,1197.00,693.00,728.00
12,22,4,1450.00,1448.00,825.00,1532.00,922.00,613.00,770.50,750.00,353.00,1180.00,1197.00,693.00,728.00
12,22,5,1450.00,1448.00,825.00,1532.00,922.00,613.00,770.50,750.00,353.00,1180.00,1197.00,693.00,728.00
12,22,6,1450.00,1448.00,825.00,1532.00,922.00,613.00,770.50,750.00,353.00,1180.00,1197.00,693.00,728.00
12,22,7,1450.00,1448.00,825.00,1532.00,922.00,613.00,770.50,750.00,353.00,1180.00,1197.00,693.00,728.00
12,22,8,1450.00,1448.00,825.00,1532.00,922.00,613.00,770.50,750.00,353.00,1180.00,1197.00,693.00,728.00
12,22,9,1450.00,1448.00,825.00,1532.00,922.00,613.00,770.50,750.00,353.00,1180.00,1197.00,693.00,728.00
12,22,10,1450.00,1448.00,825.00,1532.00,922.00,613.00,770.50,750.00,353.00,1180.00,1197.00,693.00,728.00
12,22,11,1450.00,1448.00,825.00,1532.00,922.00,613.00,770.50,750.00,353.00,1180.00,1197.00,693.00,728.00
12,22,12,1450.00,1448.00,825.00,1532.00,922.00,613.00,770.50,750.00,353.00,1180.00,1197.00,693.00,728.00
12,22,13,1450.00,1448.00,825.00,1532.00,922.00,613.00,770.50,750.00,353.00,1180.00,1197.00,693.00,728.00
12,22,14,1450.00,1448.00,825.00,1532.00,922.00,613.00,770.50,750.00,353.00,1180.00,1197.00,693.00,728.00
12,22,15,1450.00,1448.00,825.00,1532.00,922.00,613.00,770.50,750.00,353.00,1180.00,1197.00,693.00,728.00
12,22,16,1450.00,1448.00,825.00,1532.00,922.00,613.00,770.50,750.00,353.00,1180.00,1197.00,693.00,728.00
12,22,17,1450.00,1448.00,825.00,1532.00,922.00,613.00,770.50,750.00,353.00,1180.00,1197.00,693.00,728.00
12,22,18,1450.00,1448.00,825.00,1532.00,922.00,613.00,770.50,750.00,353.00,1180.00,1197.00,693.00,728.00
12,22,19,1450.00,1448.00,825.00,1532.00,922.00,613.00,770.50,750.00,353.00,1180.00,1197.00,693.00,728.00
12,22,20,1450.00,1448.00,825.00,1532.00,922.00,613.00,770.50,750.00,353.00,1180.00,1197.00,693.00,728.00
12,22,21,1450.00,1448.00,825.00,1532.00,922.00,613.00,770.50,750.00,353.00,1180.00,1197.00,693.00,728.00
12,22,22,1450.00,1448.00,825.00,1532.00,922.00,613.00,770.50,750.00,353.00,1180.00,1197.00,693.00,728.00
12,22,23,1450.00,1448.00,825.00,1532.00,922.00,613.00,770.50,750.00,353.00,1180.00,1197.00,693.00,728.00
12,22,24,1450.00,1448.00,825.00,1532.00,922.00,613.00,770.50,750.00,353.00,1180.00,1197.00,693.00,728.00
12,23,1,1450.00,1448.00,825.00,1532.00,922.00,613.00,770.50,750.00,353.00,1180.00,1197.00,693.00,728.00
12,23,2,1450.00,1448.00,825.00,1532.00,922.00,613.00,770.50,750.00,353.00,1180.00,1197.00,693.00,728.00
12,23,3,1450.00,1448.00,825.00,1532.00,922.00,613.00,770.50,750.00,353.00,1180.00,1197.00,693.00,728.00
12,23,4,1450.00,1448.00,825.00,1532.00,922.00,613.00,770.50,750.00,353.00,1180.00,1197.00,693.00,728.00
12,23,5,1450.00,1448.00,825.00,1532.00,922.00,613.00,770.50,750.00,353.00,1180.00,1197.00,693.00,728.00
12,23,6,1450.00,1448.00,825.00,1532.00,922.00,613.00,770.50,750.00,353.00,1180.00,1197.00,693.00,728.00
12,23,7,1450.00,1448.00,825.00,1532.00,922.00,613.00,770.50,750.00,353.00,1180.00,1197.00,693.00,728.00
12,23,8,1450.00,1448.00,825.00,1532.00,922.00,613.00,770.50,750.00,353.00,1180.00,1197.00,693.00,728.00
12,23,9,1450.00,1448.00,825.00,1532.00,922.00,613.00,770.50,750.00,353.00,1180.00,1197.00,693.00,728.00
12,23,10,1450.00,1448.00,825.00,1532.00,922.00,613.00,770.50,750.00,353.00,1180.00,1197.00,693.00,728.00
12,23,11,1450.00,1448.00,825.00,1532.00,922.00,613.00,770.50,750.00,353.00,1180.00,1197.00,693.00,728.00
12,23,12,1450.00,1448.00,825.00,1532.00,922.00,613.00,770.50,750.00,353.00,1180.00,1197.00,693.00,728.00
12,23,13,1450.00,1448.00,825.00,1532.00,922.00,613.00,770.50,750.00,353.00,1180.00,1197.00,693.00,728.00
12,23,14,1450.00,1448.00,825.00,1532.00,922.00,613.00,770.50,750.00,353.00,1180.00,1197.00,693.00,728.00
12,23,15,1450.00,1448.00,825.00,1532.00,922.00,613.00,770.50,750.00,353.00,1180.00,1197.00,693.00,728.00
12,23,16,1450.00,1448.00,825.00,1532.00,922.00,613.00,770.50,750.00,353.00,1180.00,1197.00,693.00,728.00
12,23,17,1450.00,1448.00,825.00,1532.00,922.00,613.00,770.50,750.00,353.00,1180.00,1197.00,693.00,728.00
12,23,18,1450.00,1448.00,825.00,1532.00,922.00,613.00,770.50,750.00,353.00,1180.00,1197.00,693.00,728.00
12,23,19,1450.00,1448.00,825.00,1532.00,922.00,613.00,770.50,750.00,353.00,1180.00,1197.00,693.00,728.00
12,23,20,1450.00,1448.00,825.00,1532.00,922.00,613.00,770.50,750.00,353.00,1180.00,1197.00,693.00,728.00
12,23,21,1450.00,1448.00,825.00,1532.00,922.00,613.00,770.50,750.00,353.00,1180.00,1197.00,693.00,728.00
12,23,22,1450.00,1448.00,825.00,1532.00,922.00,613.00,770.50,750.00,353.00,1180.00,1197.00,693.00,728.00
12,23,23,1450.00,1448.00,825.00,1532.00,922.00,613.00,770.50,750.00,353.00,1180.00,1197.00,693.00,728.00
12,23,24,1450.00,1448.00,825.00,1532.00,922.00,613.00,770.50,750.00,353.00,1180.00,1197.00,693.00,728.00
12,24,1,1450.00,1448.00,825.00,1532.00,922.00,613.00,770.50,750.00,353.00,1180.00,1197.00,693.00,728.00
12,24,2,1450.00,1448.00,825.00,1532.00,922.00,613.00,770.50,750.00,353.00,1180.00,1197.00,693.00,728.00
12,24,3,1450.00,1448.00,825.00,1532.00,922.00,613.00,770.50,750.00,353.00,1180.00,1197.00,693.00,728.00
12,24,4,1450.00,1448.00,825.00,1532.00,922.00,613.00,770.50,750.00,353.00,1180.00,1197.00,693.00,728.00
12,24,5,1450.00,1448.00,825.00,1532.00,922.00,613.00,770.50,750.00,353.00,1180.00,1197.00,693.00,728.00
12,24,6,1450.00,1448.00,825.00,1532.00,922.00,613.00,770.50,750.00,353.00,1180.00,1197.00,693.00,728.00
12,24,7,1450.00,1448.00,825.00,1532.00,922.00,613.00,770.50,750.00,353.00,1180.00,1197.00,693.00,728.00
12,24,8,1450.00,1448.00,825.00,1532.00,922.00,613.00,770.50,750.00,353.00,1180.00,1197.00,693.00,728.00
12,24,9,1450.00,1448.00,825.00,1532.00,922.00,613.00,770.50,750.00,353.00,1180.00,1197.00,693.00,728.00
12,24,10,1450.00,1448.00,825.00,1532.00,922.00,613.00,770.50,750.00,353.00,1180.00,1197.00,693.00,728.00
12,24,11,1450.00,1448.00,825.00,1532.00,922.00,613.00,770.50,750.00,353.00,1180.00,1197.00,693.00,728.00
12,24,12,1450.00,1448.00,825.00,1532.00,922.00,613.00,770.50,750.00,353.00,1180.00,1197.00,693.00,728.00
12,24,13,1450.00,1448.00,825.00,1532.00,922.00,613.00,770.50,750.00,353.00,1180.00,1197.00,693.00,728.00
12,24,14,1450.00,1448.00,825.00,1532.00,922.00,613.00,770.50,750.00,353.00,1180.00,1197.00,693.00,728.00
12,24,15,1450.00,1448.00,825.00,1532.00,922.00,613.00,770.50,750.00,353.00,1180.00,1197.00,693.00,728.00
12,24,16,1450.00,1448.00,825.00,1532.00,922.00,613.00,770.50,750.00,353.00,1180.00,1197.00,693.00,728.00
12,24,17,1450.00,1448.00,825.00,1532.00,922.00,613.00,770.50,750.00,353.00,1180.00,1197.00,693.00,728.00
12,24,18,1450.00,1448.00,825.00,1532.00,922.00,613.00,770.50,750.00,353.00,1180.00,1197.00,693.00,728.00
12,24,19,1450.00,1448.00,825.00,1532.00,922.00,613.00,770.50,750.00,353.00,1180.00,1197.00,693.00,728.00
12,24,20,1450.00,1448.00,825.00,1532.00,922.00,613.00,770.50,750.00,353.00,1180.00,1197.00,693.00,728.00
12,24,21,1450.00,1448.00,825.00,1532.00,922.00,613.00,770.50,750.00,353.00,1180.00,1197.00,693.00,728.00
12,24,22,1450.00,1448.00,825.00,1532.00,922.00,613.00,770.50,750.00,353.00,1180.00,1197.00,693.00,728.00
12,24,23,1450.00,1448.00,825.00,1532.00,922.00,613.00,770.50,750.00,353.00,1180.00,1197.00,693.00,728.00
12,24,24,1450.00,1448.00,825.00,1532.00,922.00,613.00,770.50,750.00,353.00,1180.00,1197.00,693.00,728.00
12,25,1,1450.00,1448.00,825.00,1532.00,922.00,613.00,770.50,750.00,353.00,1180.00,1197.00,693.00,728.00
12,25,2,1450.00,1448.00,825.00,1532.00,922.00,613.00,770.50,750.00,353.00,1180.00,1197.00,693.00,728.00
12,25,3,1450.00,1448.00,825.00,1532.00,922.00,613.00,770.50,750.00,353.00,1180.00,1197.00,693.00,728.00
12,25,4,1450.00,1448.00,825.00,1532.00,922.00,613.00,770.50,750.00,353.00,1180.00,1197.00,693.00,728.00
12,25,5,1450.00,1448.00,825.00,1532.00,922.00,613.00,770.50,750.00,353.00,1180.00,1197.00,693.00,728.00
12,25,6,1450.00,1448.00,825.00,1532.00,922.00,613.00,770.50,750.00,353.00,1180.00,1197.00,693.00,728.00
12,25,7,1450.00,1448.00,825.00,1532.00,922.00,613.00,770.50,750.00,353.00,1180.00,1197.00,693.00,728.00
12,25,8,1450.00,1448.00,825.00,1532.00,922.00,613.00,770.50,750.00,353.00,1180.00,1197.00,693.00,728.00
12,25,9,1450.00,1448.00,825.00,1532.00,922.00,613.00,770.50,750.00,353.00,1180.00,1197.00,693.00,728.00
12,25,10,1450.00,1448.00,825.00,1532.00,922.00,613.00,770.50,750.00,353.00,1180.00,1197.00,693.00,728.00
12,25,11,1450.00,1448.00,825.00,1532.00,922.00,613.00,770.50,750.00,353.00,1180.00,1197.00,693.00,728.00
12,25,12,1450.00,1448.00,825.00,1532.00,922.00,613.00,770.50,750.00,353.00,1180.00,1197.00,693.00,728.00
12,25,13,1450.00,1448.00,825.00,1532.00,922.00,613.00,770.50,750.00,353.00,1180.00,1197.00,693.00,728.00
12,25,14,1450.00,1448.00,825.00,1532.00,922.00,613.00,770.50,750.00,353.00,1180.00,1197.00,693.00,728.00
12,25,15,1450.00,1448.00,825.00,1532.00,922.00,613.00,770.50,750.00,353.00,1180.00,1197.00,693.00,728.00
12,25,16,1450.00,1448.00,825.00,1532.00,922.00,613.00,770.50,750.00,353.00,1180.00,1197.00,693.00,728.00
12,25,17,1450.00,1448.00,825.00,1532.00,922.00,613.00,770.50,750.00,353.00,1180.00,1197.00,693.00,728.00
12,25,18,1450.00,1448.00,825.00,1532.00,922.00,613.00,770.50,750.00,353.00,1180.00,1197.00,693.00,728.00
12,25,19,1450.00,1448.00,825.00,1532.00,922.00,613.00,770.50,750.00,353.00,1180.00,1197.00,693.00,728.00
12,25,20,1450.00,1448.00,825.00,1532.00,922.00,613.00,770.50,750.00,353.00,1180.00,1197.00,693.00,728.00
12,25,21,1450.00,1448.00,825.00,1532.00,922.00,613.00,770.50,750.00,353.00,1180.00,1197.00,693.00,728.00
12,25,22,1450.00,1448.00,825.00,1532.00,922.00,613.00,770.50,750.00,353.00,1180.00,1197.00,693.00,728.00
12,25,23,1450.00,1448.00,825.00,1532.00,922.00,613.00,770.50,750.00,353.00,1180.00,1197.00,693.00,728.00
12,25,24,1450.00,1448.00,825.00,1532.00,922.00,613.00,770.50,750.00,353.00,1180.00,1197.00,693.00,728.00
12,26,1,1450.00,1448.00,825.00,1532.00,922.00,613.00,770.50,750.00,353.00,1180.00,1197.00,693.00,728.00
12,26,2,1450.00,1448.00,825.00,1532.00,922.00,613.00,770.50,750.00,353.00,1180.00,1197.00,693.00,728.00
12,26,3,1450.00,1448.00,825.00,1532.00,922.00,613.00,770.50,750.00,353.00,1180.00,1197.00,693.00,728.00
12,26,4,1450.00,1448.00,825.00,1532.00,922.00,613.00,770.50,750.00,353.00,1180.00,1197.00,693.00,728.00
12,26,5,1450.00,1448.00,825.00,1532.00,922.00,613.00,770.50,750.00,353.00,1180.00,1197.00,693.00,728.00
12,26,6,1450.00,1448.00,825.00,1532.00,922.00,613.00,770.50,750.00,353.00,1180.00,1197.00,693.00,728.00
12,26,7,1450.00,1448.00,825.00,1532.00,922.00,613.00,770.50,750.00,353.00,1180.00,1197.00,693.00,728.00
12,26,8,1450.00,1448.00,825.00,1532.00,922.00,613.00,770.50,750.00,353.00,1180.00,1197.00,693.00,728.00
12,26,9,1450.00,1448.00,825.00,1532.00,922.00,613.00,770.50,750.00,353.00,1180.00,1197.00,693.00,728.00
12,26,10,1450.00,1448.00,825.00,1532.00,922.00,613.00,770.50,750.00,353.00,1180.00,1197.00,693.00,728.00
12,26,11,1450.00,1448.00,825.00,1532.00,922.00,613.00,770.50,750.00,353.00,1180.00,1197.00,693.00,728.00
12,26,12,1450.00,1448.00,825.00,1532.00,922.00,613.00,770.50,750.00,353.00,1180.00,1197.00,693.00,728.00
12,26,13,1450.00,1448.00,825.00,1532.00,922.00,613.00,770.50,750.00,353.00,1180.00,1197.00,693.00,728.00
12,26,14,1450.00,1448.00,825.00,1532.00,922.00,613.00,770.50,750.00,353.00,1180.00,1197.00,693.00,728.00
12,26,15,1450.00,1448.00,825.00,1532.00,922.00,613.00,770.50,750.00,353.00,1180.00,1197.00,693.00,728.00
12,26,16,1450.00,1448.00,825.00,1532.00,922.00,613.00,770.50,750.00,353.00,1180.00,1197.00,693.00,728.00
12,26,17,1450.00,1448.00,825.00,1532.00,922.00,613.00,770.50,750.00,353.00,1180.00,1197.00,693.00,728.00
12,26,18,1450.00,1448.00,825.00,1532.00,922.00,613.00,770.50,750.00,353.00,1180.00,1197.00,693.00,728.00
12,26,19,1450.00,1448.00,825.00,1532.00,922.00,613.00,770.50,750.00,353.00,1180.00,1197.00,693.00,728.00
12,26,20,1450.00,1448.00,825.00,1532.00,922.00,613.00,770.50,750.00,353.00,1180.00,1197.00,693.00,728.00
12,26,21,1450.00,1448.00,825.00,1532.00,922.00,613.00,770.50,750.00,353.00,1180.00,1197.00,693.00,728.00
12,26,22,1450.00,1448.00,825.00,1532.00,922.00,613.00,770.50,750.00,353.00,1180.00,1197.00,693.00,728.00
12,26,23,1450.00,1448.00,825.00,1532.00,922.00,613.00,770.50,750.00,353.00,1180.00,1197.00,693.00,728.00
12,26,24,1450.00,1448.00,825.00,1532.00,922.00,613.00,770.50,750.00,353.00,1180.00,1197.00,693.00,728.00
12,27,1,1450.00,1448.00,825.00,1532.00,922.00,613.00,770.50,750.00,353.00,1180.00,1197.00,693.00,728.00
12,27,2,1450.00,1448.00,825.00,1532.00,922.00,613.00,770.50,750.00,353.00,1180.00,1197.00,693.00,728.00
12,27,3,1450.00,1448.00,825.00,1532.00,922.00,613.00,770.50,750.00,353.00,1180.00,1197.00,693.00,728.00
12,27,4,1450.00,1448.00,825.00,1532.00,922.00,613.00,770.50,750.00,353.00,1180.00,1197.00,693.00,728.00
12,27,5,1450.00,1448.00,825.00,1532.00,922.00,613.00,770.50,750.00,353.00,1180.00,1197.00,693.00,728.00
12,27,6,1450.00,1448.00,825.00,1532.00,922.00,613.00,770.50,750.00,353.00,1180.00,1197.00,693.00,728.00
12,27,7,1450.00,1448.00,825.00,1532.00,922.00,613.00,770.50,750.00,353.00,1180.00,1197.00,693.00,728.00
12,27,8,1450.00,1448.00,825.00,1532.00,922.00,613.00,770.50,750.00,353.00,1180.00,1197.00,693.00,728.00
12,27,9,1450.00,1448.00,825.00,1532.00,922.00,613.00,770.50,750.00,353.00,1180.00,1197.00,693.00,728.00
12,27,10,1450.00,1448.00,825.00,1532.00,922.00,613.00,770.50,750.00,353.00,1180.00,1197.00,693.00,728.00
12,27,11,1450.00,1448.00,825.00,1532.00,922.00,613.00,770.50,750.00,353.00,1180.00,1197.00,693.00,728.00
12,27,12,1450.00,1448.00,825.00,1532.00,922.00,613.00,770.50,750.00,353.00,1180.00,1197.00,693.00,728.00
12,27,13,1450.00,1448.00,825.00,1532.00,922.00,613.00,770.50,750.00,353.00,1180.00,1197.00,693.00,728.00
12,27,14,1450.00,1448.00,825.00,1532.00,922.00,613.00,770.50,750.00,353.00,1180.00,1197.00,693.00,728.00
12,27,15,1450.00,1448.00,825.00,1532.00,922.00,613.00,770.50,750.00,353.00,1180.00,1197.00,693.00,728.00
12,27,16,1450.00,1448.00,825.00,1532.00,922.00,613.00,770.50,750.00,353.00,1180.00,1197.00,693.00,728.00
12,27,17,1450.00,1448.00,825.00,1532.00,922.00,613.00,770.50,750.00,353.00,1180.00,1197.00,693.00,728.00
12,27,18,1450.00,1448.00,825.00,1532.00,922.00,613.00,770.50,750.00,353.00,1180.00,1197.00,693.00,728.00
12,27,19,1450.00,1448.00,825.00,1532.00,922.00,613.00,770.50,750.00,353.00,1180.00,1197.00,693.00,728.00
12,27,20,1450.00,1448.00,825.00,1532.00,922.00,613.00,770.50,750.00,353.00,1180.00,1197.00,693.00,728.00
12,27,21,1450.00,1448.00,825.00,1532.00,922.00,613.00,770.50,750.00,353.00,1180.00,1197.00,693.00,728.00
12,27,22,1450.00,1448.00,825.00,1532.00,922.00,613.00,770.50,750.00,353.00,1180.00,1197.00,693.00,728.00
12,27,23,1450.00,1448.00,825.00,1532.00,922.00,613.00,770.50,750.00,353.00,1180.00,1197.00,693.00,728.00
12,27,24,1450.00,1448.00,825.00,1532.00,922.00,613.00,770.50,750.00,353.00,1180.00,1197.00,693.00,728.00
12,28,1,1450.00,1448.00,825.00,1532.00,922.00,613.00,770.50,750.00,353.00,1180.00,1197.00,693.00,728.00
12,28,2,1450.00,1448.00,825.00,1532.00,922.00,613.00,770.50,750.00,353.00,1180.00,1197.00,693.00,728.00
12,28,3,1450.00,1448.00,825.00,1532.00,922.00,613.00,770.50,750.00,353.00,1180.00,1197.00,693.00,728.00
12,28,4,1450.00,1448.00,825.00,1532.00,922.00,613.00,770.50,750.00,353.00,1180.00,1197.00,693.00,728.00
12,28,5,1450.00,1448.00,825.00,1532.00,922.00,613.00,770.50,750.00,353.00,1180.00,1197.00,693.00,728.00
12,28,6,1450.00,1448.00,825.00,1532.00,922.00,613.00,770.50,750.00,353.00,1180.00,1197.00,693.00,728.00
12,28,7,1450.00,1448.00,825.00,1532.00,922.00,613.00,770.50,750.00,353.00,1180.00,1197.00,693.00,728.00
12,28,8,1450.00,1448.00,825.00,1532.00,922.00,613.00,770.50,750.00,353.00,1180.00,1197.00,693.00,728.00
12,28,9,1450.00,1448.00,825.00,1532.00,922.00,613.00,770.50,750.00,353.00,1180.00,1197.00,693.00,728.00
12,28,10,1450.00,1448.00,825.00,1532.00,922.00,613.00,770.50,750.00,353.00,1180.00,1197.00,693.00,728.00
12,28,11,1450.00,1448.00,825.00,1532.00,922.00,613.00,770.50,750.00,353.00,1180.00,1197.00,693.00,728.00
12,28,12,1450.00,1448.00,825.00,1532.00,922.00,613.00,770.50,750.00,353.00,1180.00,1197.00,693.00,728.00
12,28,13,1450.00,1448.00,825.00,1532.00,922.00,613.00,770.50,750.00,353.00,1180.00,1197.00,693.00,728.00
12,28,14,1450.00,1448.00,825.00,1532.00,922.00,613.00,770.50,750.00,353.00,1180.00,1197.00,693.00,728.00
12,28,15,1450.00,1448.00,825.00,1532.00,922.00,613.00,770.50,750.00,353.00,1180.00,1197.00,693.00,728.00
12,28,16,1450.00,1448.00,825.00,1532.00,922.00,613.00,770.50,750.00,353.00,1180.00,1197.00,693.00,728.00
12,28,17,1450.00,1448.00,825.00,1532.00,922.00,613.00,770.50,750.00,353.00,1180.00,1197.00,693.00,728.00
12,28,18,1450.00,1448.00,825.00,1532.00,922.00,613.00,770.50,750.00,353.00,1180.00,1197.00,693.00,728.00
12,28,19,1450.00,1448.00,825.00,1532.00,922.00,613.00,770.50,750.00,353.00,1180.00,1197.00,693.00,728.00
12,28,20,1450.00,1448.00,825.00,1532.00,922.00,613.00,770.50,750.00,353.00,1180.00,1197.00,693.00,728.00
12,28,21,1450.00,1448.00,825.00,1532.00,922.00,613.00,770.50,750.00,353.00,1180.00,1197.00,693.00,728.00
12,28,22,1450.00,1448.00,825.00,1532.00,922.00,613.00,770.50,750.00,353.00,1180.00,1197.00,693.00,728.00
12,28,23,1450.00,1448.00,825.00,1532.00,922.00,613.00,770.50,750.00,353.00,1180.00,1197.00,693.00,728.00
12,28,24,1450.00,1448.00,825.00,1532.00,922.00,613.00,770.50,750.00,353.00,1180.00,1197.00,693.00,728.00
12,29,1,1450.00,1448.00,825.00,1532.00,922.00,613.00,770.50,750.00,353.00,1180.00,1197.00,693.00,728.00
12,29,2,1450.00,1448.00,825.00,1532.00,922.00,613.00,770.50,750.00,353.00,1180.00,1197.00,693.00,728.00
12,29,3,1450.00,1448.00,825.00,1532.00,922.00,613.00,770.50,750.00,353.00,1180.00,1197.00,693.00,728.00
12,29,4,1450.00,1448.00,825.00,1532.00,922.00,613.00,770.50,750.00,353.00,1180.00,1197.00,693.00,728.00
12,29,5,1450.00,1448.00,825.00,1532.00,922.00,613.00,770.50,750.00,353.00,1180.00,1197.00,693.00,728.00
12,29,6,1450.00,1448.00,825.00,1532.00,922.00,613.00,770.50,750.00,353.00,1180.00,1197.00,693.00,728.00
12,29,7,1450.00,1448.00,825.00,1532.00,922.00,613.00,770.50,750.00,353.00,1180.00,1197.00,693.00,728.00
12,29,8,1450.00,1448.00,825.00,1532.00,922.00,613.00,770.50,750.00,353.00,1180.00,1197.00,693.00,728.00
12,29,9,1450.00,1448.00,825.00,1532.00,922.00,613.00,770.50,750.00,353.00,1180.00,1197.00,693.00,728.00
12,29,10,1450.00,1448.00,825.00,1532.00,922.00,613.00,770.50,750.00,353.00,1180.00,1197.00,693.00,728.00
12,29,11,1450.00,1448.00,825.00,1532.00,922.00,613.00,770.50,750.00,353.00,1180.00,1197.00,693.00,728.00
12,29,12,1450.00,1448.00,825.00,1532.00,922.00,613.00,770.50,750.00,353.00,1180.00,1197.00,693.00,728.00
12,29,13,1450.00,1448.00,825.00,1532.00,922.00,613.00,770.50,750.00,353.00,1180.00,1197.00,693.00,728.00
12,29,14,1450.00,1448.00,825.00,1532.00,922.00,613.00,770.50,750.00,353.00,1180.00,1197.00,693.00,728.00
12,29,15,1450.00,1448.00,825.00,1532.00,922.00,613.00,770.50,750.00,353.00,1180.00,1197.00,693.00,728.00
12,29,16,1450.00,1448.00,825.00,1532.00,922.00,613.00,770.50,750.00,353.00,1180.00,1197.00,693.00,728.00
12,29,17,1450.00,1448.00,825.00,1532.00,922.00,613.00,770.50,750.00,353.00,1180.00,1197.00,693.00,728.00
12,29,18,1450.00,1448.00,825.00,1532.00,922.00,613.00,770.50,750.00,353.00,1180.00,1197.00,693.00,728.00
12,29,19,1450.00,1448.00,825.00,1532.00,922.00,613.00,770.50,750.00,353.00,1180.00,1197.00,693.00,728.00
12,29,20,1450.00,1448.00,825.00,1532.00,922.00,613.00,770.50,750.00,353.00,1180.00,1197.00,693.00,728.00
12,29,21,1450.00,1448.00,825.00,1532.00,922.00,613.00,770.50,750.00,353.00,1180.00,1197.00,693.00,728.00
12,29,22,1450.00,1448.00,825.00,1532.00,922.00,613.00,770.50,750.00,353.00,1180.00,1197.00,693.00,728.00
12,29,23,1450.00,1448.00,825.00,1532.00,922.00,613.00,770.50,750.00,353.00,1180.00,1197.00,693.00,728.00
12,29,24,1450.00,1448.00,825.00,1532.00,922.00,613.00,770.50,750.00,353.00,1180.00,1197.00,693.00,728.00
12,30,1,1450.00,1448.00,825.00,1532.00,922.00,613.00,770.50,750.00,353.00,1180.00,1197.00,693.00,728.00
12,30,2,1450.00,1448.00,825.00,1532.00,922.00,613.00,770.50,750.00,353.00,1180.00,1197.00,693.00,728.00
12,30,3,1450.00,1448.00,825.00,1532.00,922.00,613.00,770.50,750.00,353.00,1180.00,1197.00,693.00,728.00
12,30,4,1450.00,1448.00,825.00,1532.00,922.00,613.00,770.50,750.00,353.00,1180.00,1197.00,693.00,728.00
12,30,5,1450.00,1448.00,825.00,1532.00,922.00,613.00,770.50,750.00,353.00,1180.00,1197.00,693.00,728.00
12,30,6,1450.00,1448.00,825.00,1532.00,922.00,613.00,770.50,750.00,353.00,1180.00,1197.00,693.00,728.00
12,30,7,1450.00,1448.00,825.00,1532.00,922.00,613.00,770.50,750.00,353.00,1180.00,1197.00,693.00,728.00
12,30,8,1450.00,1448.00,825.00,1532.00,922.00,613.00,770.50,750.00,353.00,1180.00,1197.00,693.00,728.00
12,30,9,1450.00,1448.00,825.00,1532.00,922.00,613.00,770.50,750.00,353.00,1180.00,1197.00,693.00,728.00
12,30,10,1450.00,1448.00,825.00,1532.00,922.00,613.00,770.50,750.00,353.00,1180.00,1197.00,693.00,728.00
12,30,11,1450.00,1448.00,825.00,1532.00,922.00,613.00,770.50,750.00,353.00,1180.00,1197.00,693.00,728.00
12,30,12,1450.00,1448.00,825.00,1532.00,922.00,613.00,770.50,750.00,353.00,1180.00,1197.00,693.00,728.00
12,30,13,1450.00,1448.00,825.00,1532.00,922.00,613.00,770.50,750.00,353.00,1180.00,1197.00,693.00,728.00
12,30,14,1450.00,1448.00,825.00,1532.00,922.00,613.00,770.50,750.00,353.00,1180.00,1197.00,693.00,728.00
12,30,15,1450.00,1448.00,825.00,1532.00,922.00,613.00,770.50,750.00,353.00,1180.00,1197.00,693.00,728.00
12,30,16,1450.00,1448.00,825.00,1532.00,922.00,613.00,770.50,750.00,353.00,1180.00,1197.00,693.00,728.00
12,30,17,1450.00,1448.00,825.00,1532.00,922.00,613.00,770.50,750.00,353.00,1180.00,1197.00,693.00,728.00
12,30,18,1450.00,1448.00,825.00,1532.00,922.00,613.00,770.50,750.00,353.00,1180.00,1197.00,693.00,728.00
12,30,19,1450.00,1448.00,825.00,1532.00,922.00,613.00,770.50,750.00,353.00,1180.00,1197.00,693.00,728.00
12,30,20,1450.00,1448.00,825.00,1532.00,922.00,613.00,770.50,750.00,353.00,1180.00,1197.00,693.00,728.00
12,30,21,1450.00,1448.00,825.00,1532.00,922.00,613.00,770.50,750.00,353.00,1180.00,1197.00,693.00,728.00
12,30,22,1450.00,1448.00,825.00,1532.00,922.00,613.00,770.50,750.00,353.00,1180.00,1197.00,693.00,728.00
12,30,23,1450.00,1448.00,825.00,1532.00,922.00,613.00,770.50,750.00,353.00,1180.00,1197.00,693.00,728.00
12,30,24,1450.00,1448.00,825.00,1532.00,922.00,613.00,770.50,750.00,353.00,1180.00,1197.00,693.00,728.00
12,31,1,1450.00,1448.00,825.00,1532.00,922.00,613.00,770.50,750.00,353.00,1180.00,1197.00,693.00,728.00
12,31,2,1450.00,1448.00,825.00,1532.00,922.00,613.00,770.50,750.00,353.00,1180.00,1197.00,693.00,728.00
12,31,3,1450.00,1448.00,825.00,1532.00,922.00,613.00,770.50,750.00,353.00,1180.00,1197.00,693.00,728.00
12,31,4,1450.00,1448.00,825.00,1532.00,922.00,613.00,770.50,750.00,353.00,1180.00,1197.00,693.00,728.00
12,31,5,1450.00,1448.00,825.00,1532.00,922.00,613.00,770.50,750.00,353.00,1180.00,1197.00,693.00,728.00
12,31,6,1450.00,1448.00,825.00,1532.00,922.00,613.00,770.50,750.00,353.00,1180.00,1197.00,693.00,728.00
12,31,7,1450.00,1448.00,825.00,1532.00,922.00,613.00,770.50,750.00,353.00,1180.00,1197.00,693.00,728.00
12,31,8,1450.00,1448.00,825.00,1532.00,922.00,613.00,770.50,750.00,353.00,1180.00,1197.00,693.00,728.00
12,31,9,1450.00,1448.00,825.00,1532.00,922.00,613.00,770.50,750.00,353.00,1180.00,1197.00,693.00,728.00
12,31,10,1450.00,1448.00,825.00,1532.00,922.00,613.00,770.50,750.00,353.00,1180.00,1197.00,693.00,728.00
12,31,11,1450.00,1448.00,825.00,1532.00,922.00,613.00,770.50,750.00,353.00,1180.00,1197.00,693.00,728.00
12,31,12,1450.00,1448.00,825.00,1532.00,922.00,613.00,770.50,750.00,353.00,1180.00,1197.00,693.00,728.00
12,31,13,1450.00,1448.00,825.00,1532.00,922.00,613.00,770.50,750.00,353.00,1180.00,1197.00,693.00,728.00
12,31,14,1450.00,1448.00,825.00,1532.00,922.00,613.00,770.50,750.00,353.00,1180.00,1197.00,693.00,728.00
12,31,15,1450.00,1448.00,825.00,1532.00,922.00,613.00,770.50,750.00,353.00,1180.00,1197.00,693.00,728.00
12,31,16,1450.00,1448.00,825.00,1532.00,922.00,613.00,770.50,750.00,353.00,1180.00,1197.00,693.00,728.00
12,31,17,1450.00,1448.00,825.00,1532.00,922.00,613.00,770.50,750.00,353.00,1180.00,1197.00,693.00,728.00
12,31,18,1450.00,1448.00,825.00,1532.00,922.00,613.00,770.50,750.00,353.00,1180.00,1197.00,693.00,728.00
12,31,19,1450.00,1448.00,825.00,1532.00,922.00,613.00,770.50,750.00,353.00,1180.00,1197.00,693.00,728.00
12,31,20,1450.00,1448.00,825.00,1532.00,922.00,613.00,770.50,750.00,353.00,1180.00,1197.00,693.00,728.00
12,31,21,1450.00,1448.00,825.00,1532.00,922.00,613.00,770.50,750.00,353.00,1180.00,1197.00,693.00,728.00
12,31,22,1450.00,1448.00,825.00,1532.00,922.00,613.00,770.50,750.00,353.00,1180.00,1197.00,693.00,728.00
12,31,23,1450.00,1448.00,825.00,1532.00,922.00,613.00,770.50,750.00,353.00,1180.00,1197.00,693.00,728.00
12,31,24,1450.00,1448.00,825.00,1532.00,922.00,613.00,770.50,750.00,353.00,1180.00,1197.00,693.00,728.00
