Date,Elevation,Inflow,Outflow,Zone,Min limit,Max limit,No Draft,Regulating Outlet Upper-Upper RO use 1400 to 1542 ft,Regulating Outlet Lower-No Lower RO Flow,Dam-Max Evacuation Release,Secondary Flood Draft Limit,Mehama Winter Ops Max,Jefferson Winter Ops Max,Deep Drawdown,Min for BCL,IRRM,Combined Min Trib,MainstemFlowAug,FIRO_SPACE,Draft to RC
1963-01-02,1450.47,1600.0,1200.0,Top of Dam,1200.0,1200.0,1000000.0,12140.0,0.0,5000.0,5850.0,15762.0,25534.0,0.0,1050.0,0.0,1200.0,0.0,0.0,1600.0
1963-01-03,1452.04,2600.0,1200.0,Top of Dam,1200.0,1200.0,1000000.0,12140.0,0.0,5000.0,5850.0,14004.0,25660.0,0.0,1050.0,0.0,1200.0,0.0,0.0,2308.0
1963-01-04,1453.09,2100.0,1200.0,Top of Dam,1200.0,1200.0,1000000.0,12140.0,0.0,5000.0,5850.0,15164.0,25812.0,0.0,1050.0,0.0,1200.0,0.0,0.0,2475.0
1963-01-05,1453.75,1800.0,1200.0,Top of Dam,1200.0,1200.0,1000000.0,12140.0,0.0,5000.0,5850.0,15520.0,25912.0,0.0,1050.0,0.0,1200.0,0.0,0.0,2608.0
1963-01-06,1454.3,1700.0,1200.0,Top of Dam,1200.0,1200.0,1000000.0,12140.0,0.0,5000.0,5850.0,15854.0,25982.0,0.0,1050.0,0.0,1200.0,0.0,0.0,2708.0
1963-01-07,1454.74,1600.0,1200.0,Top of Dam,1200.0,1200.0,1000000.0,12140.0,0.0,5000.0,5850.0,16029.0,26043.0,0.0,1050.0,0.0,1200.0,0.0,0.0,2808.0
1963-01-08,1455.07,1500.0,1200.0,Top of Dam,1200.0,1200.0,1000000.0,12140.0,0.0,5000.0,5850.0,15998.0,26087.0,0.0,1050.0,0.0,1200.0,0.0,0.0,2875.0
1963-01-09,1455.42,1500.0,1200.0,Top of Dam,1200.0,1200.0,1000000.0,12140.0,0.0,5000.0,5850.0,16162.0,26127.0,0.0,1050.0,0.0,1200.0,0.0,9.0,2875.0
1963-01-10,1455.66,1400.0,1200.0,Top of Dam,1200.0,1200.0,1000000.0,12140.0,0.0,5000.0,5850.0,16151.0,26159.0,0.0,1050.0,0.0,1200.0,0.0,9.0,2875.0
1963-01-11,1455.66,1200.0,1200.0,Top of Dam,1200.0,1200.0,1000000.0,12140.0,0.0,5000.0,5850.0,16390.0,26173.0,0.0,1050.0,0.0,1200.0,0.0,0.0,2875.0
1963-01-12,1455.66,1200.0,1200.0,Top of Dam,1200.0,1200.0,1000000.0,12140.0,0.0,5000.0,5850.0,16337.0,26173.0,0.0,1050.0,0.0,1200.0,0.0,0.0,2875.0
1963-01-13,1455.66,1200.0,1200.0,Top of Dam,1200.0,1200.0,1000000.0,12140.0,0.0,5000.0,5850.0,16403.0,26173.0,0.0,1050.0,0.0,1200.0,0.0,0.0,2875.0
1963-01-14,1455.66,1200.0,1200.0,Top of Dam,1200.0,1200.0,1000000.0,12140.0,0.0,5000.0,5850.0,16391.0,26173.0,0.0,1050.0,0.0,1200.0,0.0,0.0,2842.0
1963-01-15,1455.66,1200.0,1200.0,Top of Dam,1200.0,1200.0,1000000.0,12140.0,0.0,5000.0,5850.0,16419.0,26173.0,0.0,1050.0,0.0,1200.0,0.0,0.0,2808.0
1963-01-16,1455.54,1100.0,1200.0,Top of Dam,1200.0,1200.0,1000000.0,12140.0,0.0,5000.0,5850.0,16447.0,26166.0,0.0,1050.0,0.0,1200.0,0.0,0.0,2775.0
1963-01-17,1455.42,1100.0,1200.0,Top of Dam,1200.0,1200.0,1000000.0,12140.0,0.0,5000.0,5850.0,16482.0,26153.0,0.0,1050.0,0.0,1200.0,0.0,0.0,2742.0
1963-01-18,1455.31,1100.0,1200.0,Top of Dam,1200.0,1200.0,1000000.0,12140.0,0.0,5000.0,5850.0,16512.0,26139.0,0.0,1050.0,0.0,1200.0,0.0,0.0,2675.0
1963-01-19,1455.19,1100.0,1200.0,Top of Dam,1200.0,1200.0,1000000.0,12140.0,0.0,5000.0,5850.0,16527.0,26125.0,0.0,1050.0,0.0,1200.0,0.0,0.0,2608.0
1963-01-20,1454.96,1000.0,1200.0,Top of Dam,1200.0,1200.0,1000000.0,12140.0,0.0,5000.0,5850.0,16561.0,26106.0,0.0,1050.0,0.0,1200.0,0.0,0.0,2542.0
1963-01-21,1454.74,1000.0,1200.0,Top of Dam,1200.0,1200.0,1000000.0,12140.0,0.0,5000.0,5850.0,16556.0,26080.0,0.0,1050.0,0.0,1200.0,0.0,0.0,2475.0
1963-01-22,1454.52,1000.0,1200.0,Top of Dam,1200.0,1200.0,1000000.0,12140.0,0.0,5000.0,5850.0,16591.0,26054.0,0.0,1050.0,0.0,1200.0,0.0,0.0,2408.0
1963-01-23,1454.3,1000.0,1200.0,Top of Dam,1200.0,1200.0,1000000.0,12140.0,0.0,5000.0,5850.0,16607.0,26026.0,0.0,1050.0,0.0,1200.0,0.0,0.0,2308.0
1963-01-24,1454.08,1000.0,1200.0,Top of Dam,1200.0,1200.0,1000000.0,12140.0,0.0,5000.0,5850.0,16622.0,26001.0,0.0,1050.0,0.0,1200.0,0.0,0.0,2208.0
1963-01-25,1453.75,900.0,1200.0,Top of Dam,1200.0,1200.0,1000000.0,12140.0,0.0,5000.0,5850.0,16588.0,25966.0,0.0,1050.0,0.0,1200.0,0.0,0.0,2108.0
1963-01-26,1453.42,900.0,1200.0,Top of Dam,1200.0,1200.0,1000000.0,12140.0,0.0,5000.0,5850.0,16664.0,25925.0,0.0,1050.0,0.0,1200.0,0.0,0.0,2042.0
1963-01-27,1453.09,900.0,1200.0,Top of Dam,1200.0,1200.0,1000000.0,12140.0,0.0,5000.0,5850.0,16649.0,25886.0,0.0,1050.0,0.0,1200.0,0.0,0.0,1942.0
1963-01-28,1452.86,1000.0,1200.0,Top of Dam,1200.0,1200.0,1000000.0,12140.0,0.0,5000.0,5850.0,16662.0,25853.0,0.0,1050.0,0.0,1200.0,0.0,0.0,1842.0
1963-01-29,1452.51,900.0,1200.0,Top of Dam,1200.0,1200.0,1000000.0,12140.0,0.0,5000.0,5850.0,16648.0,25820.0,0.0,1050.0,0.0,1200.0,0.0,0.0,1089.0
1963-01-30,1452.16,900.0,1200.0,Top of Dam,1200.0,1200.0,1000000.0,12140.0,0.0,5000.0,5850.0,16627.0,25778.0,0.0,1050.0,0.0,1200.0,0.0,0.0,1609.0
1963-01-31,1452.39,1400.0,1200.0,Top of Dam,1200.0,1200.0,1000000.0,12140.0,0.0,5000.0,5850.0,15575.0,25774.0,0.0,1050.0,0.0,1200.0,0.0,0.0,3228.0
1963-02-01,1454.95,5200.0,2909.0,Rule Curve,1050.0,2909.0,1000000.0,12140.0,0.0,5000.0,7368.0,11307.0,16817.0,0.0,1050.0,0.0,1000.0,0.0,2909.0,4841.0
1963-02-02,1458.81,8500.0,5000.0,Rule Curve,1050.0,5000.0,1000000.0,12140.0,0.0,5000.0,10668.0,8185.0,9461.0,0.0,1050.0,0.0,1000.0,0.0,6095.0,7992.0
1963-02-03,1472.32,17900.0,5000.0,Top of Dam,1050.0,5000.0,1000000.0,12140.0,0.0,5000.0,20068.0,7325.0,9211.0,0.0,1050.0,0.0,1000.0,0.0,15808.0,10235.0
1963-02-04,1477.68,11400.0,6046.0,Top of Dam,6046.0,6046.0,1000000.0,12140.0,0.0,6046.0,13568.0,10771.0,15627.0,0.0,1050.0,0.0,1000.0,0.0,12738.0,9701.0
1963-02-05,1478.86,8000.0,6811.0,Top of Dam,6811.0,6811.0,1000000.0,12140.0,0.0,6811.0,10168.0,12486.0,17583.0,0.0,1050.0,0.0,1000.0,0.0,10292.0,8447.0
1963-02-06,1478.02,5800.0,6649.0,Top of Dam,6649.0,6649.0,1000000.0,12140.0,0.0,6980.0,7968.0,13951.0,17589.0,0.0,1050.0,0.0,1000.0,0.0,7625.0,6649.0
1963-02-07,1477.89,4600.0,4728.0,Top of Dam,4728.0,4728.0,1000000.0,12140.0,0.0,6859.0,6768.0,15063.0,17468.0,0.0,1050.0,0.0,1000.0,0.0,5311.0,4728.0
1963-02-08,1478.41,3800.0,3275.0,Top of Dam,1050.0,3275.0,1000000.0,12140.0,0.0,6841.0,5968.0,16042.0,18461.0,0.0,1050.0,0.0,1000.0,0.0,3662.0,3275.0
1963-02-09,1479.35,3200.0,2253.0,Top of Dam,1050.0,2253.0,1000000.0,12140.0,0.0,6916.0,5850.0,16309.0,18875.0,0.0,1050.0,0.0,1000.0,0.0,2383.0,2253.0
1963-02-10,1480.61,2700.0,1398.0,Top of Dam,1050.0,1398.0,1000000.0,12140.0,0.0,7050.0,5850.0,16618.0,17985.0,0.0,1050.0,0.0,1000.0,0.0,1404.0,1398.0
1963-02-11,1482.03,2500.0,1050.0,Top of Dam,1050.0,1050.0,1000000.0,12140.0,0.0,7230.0,5850.0,16831.0,17596.0,0.0,1050.0,0.0,1000.0,0.0,791.0,889.0
1963-02-12,1482.92,2000.0,1050.0,Top of Dam,1050.0,1050.0,1000000.0,12140.0,0.0,7432.0,5850.0,16540.0,17695.0,0.0,1050.0,0.0,1000.0,0.0,0.0,403.0
1963-02-13,1484.01,2200.0,1050.0,Top of Dam,1050.0,1050.0,1000000.0,12140.0,0.0,7561.0,5850.0,16529.0,17780.0,0.0,1050.0,0.0,1000.0,0.0,0.0,0.0
1963-02-14,1484.81,1900.0,1050.0,Rule Curve,1050.0,1050.0,1000000.0,12140.0,0.0,7716.0,5850.0,16607.0,17860.0,0.0,1050.0,0.0,1000.0,0.0,0.0,0.0
1963-02-15,1485.52,1800.0,1050.0,Rule Curve,1050.0,1050.0,1000000.0,12140.0,0.0,7830.0,,16649.0,17923.0,0.0,1050.0,0.0,1000.0,0.0,0.0,0.0
1963-02-16,1486.14,1700.0,1050.0,Rule Curve,1050.0,1050.0,1000000.0,12140.0,0.0,7932.0,,16681.0,17979.0,0.0,1050.0,0.0,1000.0,0.0,0.0,0.0
1963-02-17,1486.84,1800.0,1050.0,Rule Curve,1050.0,1050.0,1000000.0,12140.0,0.0,8019.0,,16273.0,18035.0,0.0,1050.0,0.0,1000.0,0.0,0.0,0.0
1963-02-18,1489.38,3800.0,1050.0,Rule Curve,1050.0,1050.0,1000000.0,12140.0,0.0,8121.0,,14119.0,18175.0,0.0,1050.0,0.0,1000.0,0.0,0.0,0.0
1963-02-19,1493.03,5100.0,1050.0,Rule Curve,1050.0,1050.0,1000000.0,12140.0,0.0,8482.0,,12906.0,18430.0,0.0,1050.0,0.0,1000.0,0.0,0.0,0.0
1963-02-20,1496.04,4500.0,1050.0,Rule Curve,1050.0,1050.0,1000000.0,12140.0,0.0,9004.0,,13967.0,18668.0,0.0,1050.0,0.0,1000.0,0.0,0.0,0.0
1963-02-21,1498.19,3500.0,1050.0,Rule Curve,1050.0,1050.0,1000000.0,12140.0,0.0,9435.0,,14990.0,18806.0,0.0,1050.0,0.0,1000.0,0.0,0.0,0.0
1963-02-22,1499.84,3000.0,1050.0,Rule Curve,1050.0,1050.0,1000000.0,12140.0,0.0,9742.0,,15340.0,18890.0,0.0,1050.0,0.0,1000.0,0.0,0.0,0.0
1963-02-23,1501.17,2600.0,1050.0,Rule Curve,1050.0,1050.0,1000000.0,12140.0,0.0,9977.0,,15728.0,18945.0,0.0,1050.0,0.0,1000.0,0.0,0.0,0.0
1963-02-24,1502.2,2300.0,1050.0,Rule Curve,1050.0,1050.0,1000000.0,12140.0,0.0,10130.0,,15898.0,19000.0,0.0,1050.0,0.0,1000.0,0.0,0.0,0.0
1963-02-25,1503.15,2200.0,1050.0,Rule Curve,1050.0,1050.0,1000000.0,12140.0,0.0,10245.0,,15868.0,19020.0,0.0,1050.0,0.0,1000.0,0.0,0.0,0.0
1963-02-26,1504.43,2600.0,1050.0,Rule Curve,1050.0,1050.0,1000000.0,12140.0,0.0,10350.0,,15632.0,19042.0,0.0,1050.0,0.0,1000.0,0.0,0.0,0.0
1963-02-27,1505.47,2300.0,1050.0,Rule Curve,1050.0,1050.0,1000000.0,12140.0,0.0,10493.0,,15686.0,19064.0,0.0,1050.0,0.0,1000.0,0.0,0.0,0.0
1963-02-28,1506.5,2300.0,1050.0,Rule Curve,1050.0,1050.0,1000000.0,12140.0,0.0,10607.0,,15761.0,19084.0,0.0,1050.0,0.0,1000.0,0.0,0.0,0.0
1963-03-01,1507.59,2400.0,1050.0,Rule Curve,1050.0,1050.0,1000000.0,12140.0,0.0,10722.0,,15600.0,19105.0,0.0,1050.0,0.0,1000.0,0.0,0.0,0.0
1963-03-02,1508.61,2300.0,1050.0,Rule Curve,1050.0,1050.0,1000000.0,12140.0,0.0,10843.0,,15608.0,19124.0,0.0,1050.0,0.0,1000.0,0.0,0.0,0.0
1963-03-03,1509.46,2100.0,1050.0,Rule Curve,1050.0,1050.0,1000000.0,12140.0,0.0,10956.0,,15671.0,19142.0,0.0,1050.0,0.0,1000.0,0.0,0.0,0.0
1963-03-04,1510.21,2000.0,1050.0,Rule Curve,1050.0,1050.0,1000000.0,12140.0,0.0,11051.0,,15822.0,19156.0,0.0,1050.0,0.0,1000.0,0.0,0.0,0.0
1963-03-05,1510.88,1900.0,1050.0,Rule Curve,1050.0,1050.0,1000000.0,12140.0,0.0,11134.0,,15906.0,19169.0,0.0,1050.0,0.0,1000.0,0.0,0.0,0.0
1963-03-06,1511.48,1800.0,1050.0,Rule Curve,1050.0,1050.0,1000000.0,12140.0,0.0,11209.0,,15987.0,19181.0,0.0,1050.0,0.0,1000.0,0.0,0.0,0.0
1963-03-07,1511.99,1700.0,1050.0,Rule Curve,1050.0,1050.0,1000000.0,12140.0,0.0,11275.0,,16079.0,19191.0,0.0,1050.0,0.0,1000.0,0.0,0.0,0.0
1963-03-08,1512.41,1600.0,1050.0,Rule Curve,1050.0,1050.0,1000000.0,12140.0,0.0,11333.0,,16177.0,19200.0,0.0,1050.0,0.0,1000.0,0.0,0.0,0.0
1963-03-09,1512.76,1500.0,1050.0,Rule Curve,1050.0,1050.0,1000000.0,12140.0,0.0,11379.0,,16226.0,19207.0,0.0,1050.0,0.0,1000.0,0.0,0.0,0.0
1963-03-10,1513.1,1500.0,1050.0,Rule Curve,1050.0,1050.0,1000000.0,12140.0,0.0,11417.0,,16271.0,19214.0,0.0,1050.0,0.0,1000.0,0.0,0.0,0.0
1963-03-11,1513.54,1600.0,1050.0,Rule Curve,1050.0,1050.0,1000000.0,12140.0,0.0,11456.0,,16275.0,19221.0,0.0,1050.0,0.0,1000.0,0.0,0.0,0.0
1963-03-12,1513.82,1400.0,1050.0,Rule Curve,1050.0,1050.0,1000000.0,12140.0,0.0,11505.0,,16324.0,19227.0,0.0,1050.0,0.0,1000.0,0.0,0.0,0.0
1963-03-13,1514.1,1400.0,1050.0,Rule Curve,1050.0,1050.0,1000000.0,12140.0,0.0,11535.0,,16316.0,19232.0,0.0,1050.0,0.0,1000.0,0.0,0.0,0.0
1963-03-14,1514.37,1400.0,1050.0,Rule Curve,1050.0,1050.0,1000000.0,12140.0,0.0,11566.0,,16351.0,19237.0,0.0,1050.0,0.0,1000.0,0.0,0.0,0.0
1963-03-15,1514.65,1400.0,1050.0,Rule Curve,1050.0,1050.0,1000000.0,12140.0,0.0,11597.0,,16322.0,19242.0,0.0,1050.0,0.0,1000.0,0.0,0.0,0.0
1963-03-16,1514.49,1300.0,1500.0,Rule Curve,1500.0,1500.0,1000000.0,12140.0,0.0,11628.0,,16210.0,19245.0,0.0,1050.0,0.0,1500.0,0.0,0.0,0.0
1963-03-17,1514.33,1300.0,1500.0,Rule Curve,1500.0,1500.0,1000000.0,12140.0,0.0,11610.0,,16173.0,19243.0,0.0,1050.0,0.0,1500.0,0.0,0.0,0.0
1963-03-18,1514.18,1300.0,1500.0,Rule Curve,1500.0,1500.0,1000000.0,12140.0,0.0,11593.0,,16292.0,19240.0,0.0,1050.0,0.0,1500.0,0.0,0.0,0.0
1963-03-19,1514.02,1300.0,1500.0,Rule Curve,1500.0,1500.0,1000000.0,12140.0,0.0,11575.0,,16196.0,19238.0,0.0,1050.0,0.0,1500.0,0.0,0.0,0.0
1963-03-20,1513.94,1400.0,1500.0,Rule Curve,1500.0,1500.0,1000000.0,12140.0,0.0,11557.0,,16145.0,19236.0,0.0,1050.0,0.0,1500.0,0.0,0.0,0.0
1963-03-21,1513.86,1400.0,1500.0,Rule Curve,1500.0,1500.0,1000000.0,12140.0,0.0,11549.0,,16053.0,19234.0,0.0,1050.0,0.0,1500.0,0.0,0.0,0.0
1963-03-22,1513.86,1500.0,1500.0,Rule Curve,1500.0,1500.0,1000000.0,12140.0,0.0,11540.0,,16003.0,19233.0,0.0,1050.0,0.0,1500.0,0.0,0.0,0.0
1963-03-23,1513.94,1600.0,1500.0,Rule Curve,1500.0,1500.0,1000000.0,12140.0,0.0,11540.0,,15923.0,19234.0,0.0,1050.0,0.0,1500.0,0.0,0.0,0.0
1963-03-24,1513.94,1500.0,1500.0,Rule Curve,1500.0,1500.0,1000000.0,12140.0,0.0,11549.0,,15824.0,19235.0,0.0,1050.0,0.0,1500.0,0.0,0.0,0.0
1963-03-25,1513.94,1500.0,1500.0,Rule Curve,1500.0,1500.0,1000000.0,12140.0,0.0,11549.0,,15920.0,19235.0,0.0,1050.0,0.0,1500.0,0.0,0.0,0.0
1963-03-26,1513.94,1500.0,1500.0,Rule Curve,1500.0,1500.0,1000000.0,12140.0,0.0,11549.0,,15955.0,19235.0,0.0,1050.0,0.0,1500.0,0.0,0.0,0.0
1963-03-27,1514.18,1800.0,1500.0,Rule Curve,1500.0,1500.0,1000000.0,12140.0,0.0,11549.0,,15819.0,19237.0,0.0,1050.0,0.0,1500.0,0.0,0.0,0.0
1963-03-28,1514.73,2200.0,1500.0,Rule Curve,1500.0,1500.0,1000000.0,12140.0,0.0,11575.0,,15320.0,19244.0,0.0,1050.0,0.0,1500.0,0.0,0.0,0.0
1963-03-29,1516.27,3500.0,1500.0,Rule Curve,1500.0,1500.0,1000000.0,12140.0,0.0,11637.0,,13640.0,19263.0,0.0,1050.0,0.0,1500.0,0.0,0.0,0.0
1963-03-30,1518.63,4600.0,1500.0,Rule Curve,1500.0,1500.0,1000000.0,12140.0,0.0,11807.0,,12217.0,19298.0,0.0,1050.0,0.0,1500.0,0.0,0.0,0.0
1963-03-31,1519.97,3300.0,1500.0,Rule Curve,1500.0,1500.0,1000000.0,12140.0,0.0,12070.0,,13917.0,19337.0,0.0,1050.0,0.0,1500.0,0.0,0.0,0.0
1963-04-01,1521.0,2861.0,1500.0,Rule Curve,1500.0,1500.0,1000000.0,12140.0,0.0,12219.0,,14769.0,19361.0,0.0,1050.0,0.0,1500.0,0.0,0.0,0.0
1963-04-02,1521.62,2341.0,1500.0,Rule Curve,1500.0,1500.0,1000000.0,12140.0,0.0,12334.0,,15262.0,19379.0,0.0,1050.0,0.0,1500.0,0.0,0.0,0.0
1963-04-03,1522.4,2565.0,1500.0,Rule Curve,1500.0,1500.0,1000000.0,12140.0,0.0,12402.0,,14935.0,19389.0,0.0,1050.0,0.0,1500.0,0.0,0.0,0.0
1963-04-04,1524.13,3854.0,1500.0,Rule Curve,1500.0,1500.0,1000000.0,12140.0,0.0,12489.0,,13366.0,19418.0,0.0,1050.0,0.0,1500.0,0.0,0.0,0.0
1963-04-05,1526.93,5302.0,1500.0,Rule Curve,1500.0,1500.0,1000000.0,12140.0,0.0,12682.0,,12893.0,19469.0,0.0,1050.0,0.0,1500.0,0.0,0.0,0.0
1963-04-06,1531.13,7379.0,1500.0,Rule Curve,1500.0,1500.0,1000000.0,12140.0,0.0,12992.0,,12230.0,19544.0,0.0,1050.0,0.0,1500.0,0.0,0.0,0.0
1963-04-07,1533.89,5445.0,1500.0,Rule Curve,1500.0,1500.0,1000000.0,12140.0,0.0,13458.0,,13815.0,19616.0,0.0,1050.0,0.0,1500.0,0.0,0.0,0.0
1963-04-08,1535.56,3944.0,1500.0,Rule Curve,1500.0,1500.0,1000000.0,12140.0,0.0,13765.0,,14732.0,19656.0,0.0,1050.0,0.0,1500.0,0.0,0.0,0.0
1963-04-09,1537.34,4089.0,1500.0,Rule Curve,1500.0,1500.0,1000000.0,12140.0,0.0,13952.0,,14638.0,19687.0,0.0,1050.0,0.0,1500.0,0.0,0.0,0.0
1963-04-10,1538.64,3402.0,1500.0,Rule Curve,1500.0,1500.0,1000000.0,12140.0,0.0,14148.0,,15224.0,19710.0,0.0,1050.0,0.0,1500.0,0.0,0.0,0.0
1963-04-11,1539.5,2761.0,1500.0,Rule Curve,1500.0,1500.0,1000000.0,12140.0,0.0,14293.0,,15462.0,19728.0,0.0,1050.0,0.0,1500.0,0.0,0.0,0.0
1963-04-12,1540.43,2880.0,1500.0,Rule Curve,1500.0,1500.0,1000000.0,12140.0,0.0,14389.0,,15546.0,19739.0,0.0,1050.0,0.0,1500.0,0.0,0.0,0.0
1963-04-13,1541.39,2950.0,1500.0,Rule Curve,1500.0,1500.0,1000000.0,12140.0,0.0,14492.0,,15517.0,19751.0,0.0,1050.0,0.0,1500.0,0.0,0.0,0.0
1963-04-14,1542.75,3560.0,1500.0,Rule Curve,1500.0,1500.0,1000000.0,0.0,0.0,14598.0,,14974.0,19766.0,0.0,1050.0,0.0,1500.0,0.0,0.0,0.0
1963-04-15,1544.47,4127.0,1500.0,Rule Curve,1500.0,1500.0,1000000.0,0.0,0.0,14750.0,,14292.0,19785.0,0.0,1050.0,0.0,1500.0,0.0,0.0,0.0
1963-04-16,1545.69,3409.0,1500.0,Rule Curve,1500.0,1500.0,1000000.0,0.0,0.0,14941.0,,14786.0,19972.0,0.0,1050.0,0.0,1500.0,0.0,0.0,0.0
1963-04-17,1546.62,2950.0,1500.0,Rule Curve,1500.0,1500.0,1000000.0,0.0,0.0,15077.0,,15070.0,20352.0,0.0,1050.0,0.0,1500.0,0.0,0.0,0.0
1963-04-18,1547.48,2854.0,1500.0,Rule Curve,1500.0,1500.0,1000000.0,0.0,0.0,15180.0,,15130.0,20747.0,0.0,1050.0,0.0,1500.0,0.0,0.0,0.0
1963-04-19,1548.24,2687.0,1500.0,Rule Curve,1500.0,1500.0,1000000.0,0.0,0.0,15276.0,,15121.0,21258.0,0.0,1050.0,0.0,1500.0,0.0,0.0,0.0
1963-04-20,1548.83,2420.0,1500.0,Rule Curve,1500.0,1500.0,1000000.0,0.0,0.0,15360.0,,15223.0,21736.0,0.0,1050.0,0.0,1500.0,0.0,0.0,0.0
1963-04-21,1549.31,2269.0,1500.0,Rule Curve,1500.0,1500.0,1000000.0,0.0,0.0,15426.0,,15476.0,22154.0,0.0,1050.0,0.0,1500.0,0.0,0.0,0.0
1963-04-22,1549.67,2067.0,1500.0,Rule Curve,1500.0,1500.0,1000000.0,0.0,0.0,15479.0,,15685.0,22510.0,0.0,1050.0,0.0,1500.0,0.0,0.0,0.0
1963-04-23,1550.22,2391.0,1500.0,Rule Curve,1500.0,1500.0,1000000.0,0.0,0.0,15518.0,,15714.0,22836.0,0.0,1050.0,0.0,1500.0,0.0,0.0,0.0
1963-04-24,1550.6,2110.0,1500.0,Rule Curve,1500.0,1500.0,1000000.0,0.0,0.0,15580.0,,15747.0,23294.0,0.0,1050.0,0.0,1500.0,0.0,0.0,0.0
1963-04-25,1550.72,1707.0,1500.0,Rule Curve,1500.0,1500.0,1000000.0,0.0,0.0,15622.0,,15781.0,23670.0,0.0,1050.0,0.0,1500.0,0.0,0.0,0.0
1963-04-26,1550.92,1818.0,1500.0,Rule Curve,1500.0,1500.0,1000000.0,0.0,0.0,15636.0,,15755.0,23848.0,0.0,1050.0,0.0,1500.0,0.0,0.0,0.0
1963-04-27,1551.19,1931.0,1500.0,Rule Curve,1500.0,1500.0,1000000.0,0.0,0.0,15658.0,,15778.0,23645.0,0.0,1050.0,0.0,1500.0,0.0,0.0,0.0
1963-04-28,1551.56,2097.0,1500.0,Rule Curve,1500.0,1500.0,1000000.0,0.0,0.0,15688.0,,15825.0,23738.0,0.0,1050.0,0.0,1500.0,0.0,0.0,0.0
1963-04-29,1551.84,1950.0,1500.0,Rule Curve,1500.0,1500.0,1000000.0,0.0,0.0,15729.0,,15667.0,24297.0,0.0,1050.0,0.0,1500.0,0.0,0.0,0.0
1963-04-30,1552.25,2174.0,1500.0,Rule Curve,1500.0,1500.0,1000000.0,0.0,0.0,15760.0,,15503.0,24531.0,0.0,1050.0,0.0,1500.0,0.0,0.0,0.0
1963-05-01,1552.82,2595.0,1646.0,Rule Curve,1646.0,1646.0,1000000.0,0.0,0.0,15805.0,,15205.0,24920.0,0.0,1050.0,0.0,1646.0,0.0,0.0,0.0
1963-05-02,1553.72,3108.0,1646.0,Rule Curve,1646.0,1646.0,1000000.0,0.0,0.0,15869.0,,14649.0,25446.0,0.0,1050.0,0.0,1646.0,0.0,0.0,0.0
1963-05-03,1554.47,2880.0,1646.0,Rule Curve,1646.0,1646.0,1000000.0,0.0,0.0,15969.0,,14772.0,26039.0,0.0,1050.0,0.0,1646.0,0.0,0.0,0.0
1963-05-04,1555.24,2925.0,1646.0,Rule Curve,1646.0,1646.0,1000000.0,0.0,0.0,16052.0,,15027.0,27126.0,0.0,1050.0,0.0,1646.0,0.0,0.0,0.0
1963-05-05,1556.47,3727.0,1646.0,Rule Curve,1646.0,1646.0,1000000.0,0.0,0.0,16138.0,,14120.0,27938.0,0.0,1050.0,0.0,1646.0,0.0,0.0,0.0
1963-05-06,1558.5,6877.0,3430.0,Rule Curve,3430.0,3430.0,1000000.0,0.0,0.0,16275.0,,12756.0,18373.0,0.0,1050.0,3430.0,1646.0,0.0,0.0,0.0
1963-05-07,1558.5,6413.0,6413.0,Rule Curve,6413.0,6413.0,1000000.0,0.0,0.0,16500.0,,14591.0,28467.0,0.0,1050.0,6413.0,1646.0,0.0,0.0,0.0
1963-05-08,1558.5,4973.0,4973.0,Rule Curve,4973.0,4973.0,1000000.0,0.0,0.0,16500.0,,18452.0,32620.0,0.0,1050.0,4973.0,1646.0,0.0,0.0,0.0
1963-05-09,1558.5,3976.0,3976.0,Rule Curve,3976.0,3976.0,1000000.0,0.0,0.0,16500.0,,20108.0,32370.0,0.0,1050.0,3976.0,1646.0,0.0,0.0,0.0
1963-05-10,1558.5,3618.0,3618.0,Rule Curve,3618.0,3618.0,1000000.0,0.0,0.0,16500.0,,20573.0,32211.0,0.0,1050.0,3618.0,1646.0,0.0,0.0,0.0
1963-05-11,1558.5,3754.0,3754.0,Rule Curve,3754.0,3754.0,1000000.0,0.0,0.0,16500.0,,20970.0,32268.0,0.0,1050.0,3754.0,1646.0,0.0,0.0,0.0
1963-05-12,1558.5,3466.0,3466.0,Rule Curve,3466.0,3466.0,1000000.0,0.0,0.0,16500.0,,21037.0,32150.0,0.0,1050.0,3466.0,1646.0,0.0,0.0,0.0
1963-05-13,1558.5,3092.0,3092.0,Rule Curve,3092.0,3092.0,1000000.0,0.0,0.0,16500.0,,21314.0,32004.0,0.0,1050.0,3092.0,1646.0,0.0,0.0,0.0
1963-05-14,1558.5,2823.0,2823.0,Rule Curve,2823.0,2823.0,1000000.0,0.0,0.0,16500.0,,21326.0,31899.0,0.0,1050.0,2823.0,1646.0,0.0,0.0,0.0
1963-05-15,1558.5,2965.0,2965.0,Rule Curve,2965.0,2965.0,1000000.0,0.0,0.0,16500.0,,21422.0,31954.0,0.0,1050.0,2965.0,1646.0,0.0,0.0,0.0
1963-05-16,1558.5,2686.0,2686.0,Rule Curve,2686.0,2686.0,1000000.0,0.0,0.0,16500.0,,21470.0,31856.0,0.0,1050.0,2686.0,1646.0,0.0,0.0,0.0
1963-05-17,1558.5,2396.0,2396.0,Rule Curve,2396.0,2396.0,1000000.0,0.0,0.0,16500.0,,21580.0,31894.0,0.0,1050.0,2396.0,1646.0,0.0,0.0,0.0
1963-05-18,1558.5,3010.0,3010.0,Rule Curve,3010.0,3010.0,1000000.0,0.0,0.0,16500.0,,21392.0,31972.0,0.0,1050.0,3010.0,1646.0,0.0,0.0,0.0
1963-05-19,1558.5,3012.0,3012.0,Rule Curve,3012.0,3012.0,1000000.0,0.0,0.0,16500.0,,21315.0,31972.0,0.0,1050.0,3012.0,1646.0,0.0,0.0,0.0
1963-05-20,1558.5,3428.0,3428.0,Rule Curve,3428.0,3428.0,1000000.0,0.0,0.0,16500.0,,21354.0,32136.0,0.0,1050.0,3428.0,1646.0,0.0,0.0,0.0
1963-05-21,1558.5,2961.0,2961.0,Rule Curve,2961.0,2961.0,1000000.0,0.0,0.0,16500.0,,21785.0,31953.0,0.0,1050.0,2961.0,1646.0,0.0,0.0,0.0
1963-05-22,1558.5,2943.0,2943.0,Rule Curve,2943.0,2943.0,1000000.0,0.0,0.0,16500.0,,21934.0,31946.0,0.0,1050.0,2943.0,1646.0,0.0,0.0,0.0
1963-05-23,1558.5,2402.0,2402.0,Rule Curve,2402.0,2402.0,1000000.0,0.0,0.0,16500.0,,22185.0,31890.0,0.0,1050.0,2402.0,1646.0,0.0,0.0,0.0
1963-05-24,1558.5,2155.0,2155.0,Rule Curve,2155.0,2155.0,1000000.0,0.0,0.0,16500.0,,22387.0,31749.0,0.0,1050.0,2155.0,1646.0,0.0,0.0,0.0
1963-05-25,1558.5,1906.0,1906.0,Rule Curve,1906.0,1906.0,1000000.0,0.0,0.0,16500.0,,22295.0,31685.0,0.0,1050.0,1906.0,1646.0,0.0,0.0,0.0
1963-05-26,1558.5,1773.0,1773.0,Rule Curve,1773.0,1773.0,1000000.0,0.0,0.0,16500.0,,22366.0,31667.0,0.0,1050.0,1773.0,1646.0,0.0,0.0,0.0
1963-05-27,1558.5,1855.0,1855.0,Rule Curve,1855.0,1855.0,1000000.0,0.0,0.0,16500.0,,22374.0,31652.0,0.0,1050.0,1855.0,1646.0,0.0,0.0,0.0
1963-05-28,1558.5,1737.0,1737.0,Rule Curve,1737.0,1737.0,1000000.0,0.0,0.0,16500.0,,22290.0,31642.0,0.0,1050.0,1737.0,1646.0,0.0,0.0,0.0
1963-05-29,1558.5,1663.0,1663.0,Rule Curve,1663.0,1663.0,1000000.0,0.0,0.0,16500.0,,22363.0,31414.0,0.0,1050.0,1663.0,1646.0,0.0,0.0,0.0
1963-05-30,1558.46,1578.0,1646.0,Rule Curve,1646.0,1646.0,1000000.0,0.0,0.0,16500.0,,22316.0,31375.0,0.0,1050.0,1578.0,1646.0,0.0,0.0,0.0
1963-05-31,1558.37,1491.0,1646.0,Rule Curve,1646.0,1646.0,1000000.0,0.0,0.0,16495.0,,22290.0,31339.0,0.0,1050.0,1423.0,1646.0,0.0,0.0,0.0
1963-06-01,1558.39,1474.0,1426.0,Rule Curve,1426.0,1426.0,1000000.0,0.0,0.0,16485.0,,22212.0,31396.0,0.0,1050.0,1251.0,1426.0,0.0,0.0,0.0
1963-06-02,1558.46,1527.0,1426.0,Rule Curve,1426.0,1426.0,1000000.0,0.0,0.0,16488.0,,22307.0,31455.0,0.0,1050.0,1352.0,1426.0,0.0,0.0,0.0
1963-06-03,1558.43,1376.0,1426.0,Rule Curve,1426.0,1426.0,1000000.0,0.0,0.0,16495.0,,22295.0,31318.0,0.0,1050.0,1302.0,1426.0,0.0,0.0,0.0
1963-06-04,1558.4,1382.0,1426.0,Rule Curve,1426.0,1426.0,1000000.0,0.0,0.0,16492.0,,22291.0,31463.0,0.0,1050.0,1258.0,1426.0,0.0,0.0,0.0
1963-06-05,1558.43,1480.0,1426.0,Rule Curve,1426.0,1426.0,1000000.0,0.0,0.0,16489.0,,22105.0,31454.0,0.0,1050.0,1312.0,1426.0,0.0,0.0,0.0
1963-06-06,1558.39,1362.0,1426.0,Rule Curve,1426.0,1426.0,1000000.0,0.0,0.0,16492.0,,22113.0,31330.0,0.0,1050.0,1248.0,1426.0,0.0,0.0,0.0
1963-06-07,1558.32,1300.0,1426.0,Rule Curve,1426.0,1426.0,1000000.0,0.0,0.0,16488.0,,22092.0,31360.0,0.0,1050.0,1122.0,1426.0,0.0,0.0,0.0
1963-06-08,1558.21,1246.0,1426.0,Rule Curve,1426.0,1426.0,1000000.0,0.0,0.0,16480.0,,21941.0,31100.0,0.0,1050.0,942.0,1426.0,0.0,0.0,0.0
1963-06-09,1558.15,1327.0,1426.0,Rule Curve,1426.0,1426.0,1000000.0,0.0,0.0,16468.0,,21791.0,30935.0,0.0,1050.0,843.0,1426.0,0.0,0.0,0.0
1963-06-10,1558.08,1305.0,1426.0,Rule Curve,1426.0,1426.0,1000000.0,0.0,0.0,16461.0,,21655.0,30721.0,0.0,1050.0,722.0,1426.0,0.0,0.0,0.0
1963-06-11,1558.03,1353.0,1426.0,Rule Curve,1426.0,1426.0,1000000.0,0.0,0.0,16453.0,,21632.0,30695.0,0.0,1050.0,649.0,1426.0,0.0,0.0,0.0
1963-06-12,1558.07,1489.0,1426.0,Rule Curve,1426.0,1426.0,1000000.0,0.0,0.0,16448.0,,21531.0,30674.0,0.0,1050.0,712.0,1426.0,0.0,0.0,0.0
1963-06-13,1558.0,1314.0,1426.0,Rule Curve,1426.0,1426.0,1000000.0,0.0,0.0,16452.0,,21604.0,30661.0,0.0,1050.0,600.0,1426.0,0.0,0.0,0.0
1963-06-14,1557.84,1143.0,1426.0,Rule Curve,1426.0,1426.0,1000000.0,0.0,0.0,16445.0,,21516.0,30546.0,0.0,1050.0,317.0,1426.0,0.0,0.0,0.0
1963-06-15,1557.69,1177.0,1426.0,Rule Curve,1426.0,1426.0,1000000.0,0.0,0.0,16426.0,,21236.0,30493.0,0.0,1050.0,68.0,1426.0,0.0,0.0,0.0
1963-06-16,1557.49,1078.0,1426.0,Rule Curve,1426.0,1426.0,1000000.0,0.0,0.0,16410.0,,20998.0,30328.0,0.0,1050.0,0.0,1426.0,0.0,0.0,0.0
1963-06-17,1557.22,968.0,1426.0,Rule Curve,1426.0,1426.0,1000000.0,0.0,0.0,16388.0,,20675.0,30046.0,0.0,1050.0,0.0,1426.0,0.0,0.0,0.0
1963-06-18,1556.98,1009.0,1426.0,Rule Curve,1426.0,1426.0,1000000.0,0.0,0.0,16358.0,,20272.0,29534.0,0.0,1050.0,0.0,1426.0,0.0,0.0,0.0
1963-06-19,1556.71,960.0,1426.0,Rule Curve,1426.0,1426.0,1000000.0,0.0,0.0,16331.0,,19877.0,29317.0,0.0,1050.0,0.0,1426.0,0.0,0.0,0.0
1963-06-20,1556.46,1003.0,1426.0,Rule Curve,1426.0,1426.0,1000000.0,0.0,0.0,16301.0,,19419.0,29231.0,0.0,1050.0,0.0,1426.0,0.0,0.0,0.0
1963-06-21,1556.31,1171.0,1426.0,Rule Curve,1426.0,1426.0,1000000.0,0.0,0.0,16273.0,,18980.0,28863.0,0.0,1050.0,0.0,1426.0,0.0,0.0,0.0
1963-06-22,1556.24,1310.0,1426.0,Rule Curve,1426.0,1426.0,1000000.0,0.0,0.0,16257.0,,18615.0,28630.0,0.0,1050.0,0.0,1426.0,0.0,0.0,0.0
1963-06-23,1555.98,980.0,1426.0,Rule Curve,1426.0,1426.0,1000000.0,0.0,0.0,16249.0,,18589.0,28356.0,0.0,1050.0,0.0,1426.0,0.0,0.0,0.0
1963-06-24,1555.74,1025.0,1426.0,Rule Curve,1426.0,1426.0,1000000.0,0.0,0.0,16220.0,,18200.0,28250.0,0.0,1050.0,0.0,1426.0,0.0,0.0,0.0
1963-06-25,1555.6,1196.0,1426.0,Rule Curve,1426.0,1426.0,1000000.0,0.0,0.0,16194.0,,17764.0,28131.0,0.0,1050.0,0.0,1426.0,0.0,0.0,0.0
1963-06-26,1555.41,1107.0,1426.0,Rule Curve,1426.0,1426.0,1000000.0,0.0,0.0,16178.0,,17542.0,27837.0,0.0,1050.0,0.0,1426.0,0.0,0.0,0.0
1963-06-27,1555.02,776.0,1426.0,Rule Curve,1426.0,1426.0,1000000.0,0.0,0.0,16157.0,,17268.0,27371.0,0.0,1050.0,0.0,1426.0,0.0,0.0,0.0
1963-06-28,1554.77,1010.0,1426.0,Rule Curve,1426.0,1426.0,1000000.0,0.0,0.0,16114.0,,16662.0,27285.0,0.0,1050.0,0.0,1426.0,0.0,0.0,0.0
1963-06-29,1554.64,1209.0,1426.0,Rule Curve,1426.0,1426.0,1000000.0,0.0,0.0,16086.0,,16479.0,27120.0,0.0,1050.0,0.0,1426.0,0.0,0.0,0.0
1963-06-30,1554.42,1062.0,1426.0,Rule Curve,1426.0,1426.0,1000000.0,0.0,0.0,16071.0,,16354.0,26905.0,0.0,1050.0,0.0,1426.0,0.0,0.0,0.0
1963-07-01,1554.15,1081.0,1536.0,Rule Curve,1536.0,1536.0,1000000.0,0.0,0.0,16047.0,,16479.0,26704.0,0.0,1050.0,0.0,1536.0,0.0,0.0,0.0
1963-07-02,1553.84,1022.0,1536.0,Rule Curve,1536.0,1536.0,1000000.0,0.0,0.0,16017.0,,16573.0,26383.0,0.0,1050.0,0.0,1536.0,0.0,0.0,0.0
1963-07-03,1553.52,1021.0,1536.0,Rule Curve,1536.0,1536.0,1000000.0,0.0,0.0,15982.0,,16613.0,25791.0,0.0,1050.0,0.0,1536.0,0.0,0.0,0.0
1963-07-04,1553.14,930.0,1536.0,Rule Curve,1536.0,1536.0,1000000.0,0.0,0.0,15946.0,,16668.0,25654.0,0.0,1050.0,0.0,1536.0,0.0,0.0,0.0
1963-07-05,1552.86,1071.0,1536.0,Rule Curve,1536.0,1536.0,1000000.0,0.0,0.0,15905.0,,16719.0,25434.0,0.0,1050.0,0.0,1536.0,0.0,0.0,0.0
1963-07-06,1552.6,1112.0,1536.0,Rule Curve,1536.0,1536.0,1000000.0,0.0,0.0,15873.0,,16711.0,25110.0,0.0,1050.0,0.0,1536.0,0.0,0.0,0.0
1963-07-07,1552.37,1143.0,1536.0,Rule Curve,1536.0,1536.0,1000000.0,0.0,0.0,15845.0,,16682.0,24748.0,0.0,1050.0,0.0,1536.0,0.0,0.0,0.0
1963-07-08,1552.14,1153.0,1536.0,Rule Curve,1536.0,1536.0,1000000.0,0.0,0.0,15818.0,,16664.0,24489.0,0.0,1050.0,0.0,1536.0,0.0,0.0,0.0
1963-07-09,1551.77,947.0,1536.0,Rule Curve,1536.0,1536.0,1000000.0,0.0,0.0,15793.0,,16634.0,24605.0,0.0,1050.0,0.0,1536.0,0.0,0.0,0.0
1963-07-10,1551.6,1262.0,1536.0,Rule Curve,1536.0,1536.0,1000000.0,0.0,0.0,15753.0,,16493.0,24291.0,0.0,1050.0,0.0,1536.0,0.0,0.0,0.0
1963-07-11,1551.12,759.0,1536.0,Rule Curve,1536.0,1536.0,1000000.0,0.0,0.0,15734.0,,16476.0,24140.0,0.0,1050.0,0.0,1536.0,0.0,0.0,0.0
1963-07-12,1550.82,1053.0,1536.0,Rule Curve,1536.0,1536.0,1000000.0,0.0,0.0,15680.0,,16610.0,23502.0,0.0,1050.0,0.0,1536.0,0.0,0.0,0.0
1963-07-13,1550.42,878.0,1536.0,Rule Curve,1536.0,1536.0,1000000.0,0.0,0.0,15647.0,,16637.0,23517.0,0.0,1050.0,0.0,1536.0,0.0,0.0,0.0
1963-07-14,1550.13,1079.0,1536.0,Rule Curve,1536.0,1536.0,1000000.0,0.0,0.0,15602.0,,16752.0,23354.0,0.0,1050.0,0.0,1536.0,0.0,0.0,0.0
1963-07-15,1549.92,989.0,1336.0,Rule Curve,1336.0,1336.0,1000000.0,0.0,0.0,15570.0,,16777.0,23075.0,0.0,1050.0,0.0,1336.0,0.0,0.0,0.0
1963-07-16,1549.65,899.0,1336.0,Rule Curve,1336.0,1336.0,1000000.0,0.0,0.0,15546.0,,16869.0,22877.0,0.0,1050.0,0.0,1336.0,0.0,0.0,0.0
1963-07-17,1549.35,859.0,1336.0,Rule Curve,1336.0,1336.0,1000000.0,0.0,0.0,15516.0,,16829.0,22659.0,0.0,1050.0,0.0,1336.0,0.0,0.0,0.0
1963-07-18,1549.09,919.0,1336.0,Rule Curve,1336.0,1336.0,1000000.0,0.0,0.0,15483.0,,16842.0,22427.0,0.0,1050.0,0.0,1336.0,0.0,0.0,0.0
1963-07-19,1548.78,836.0,1336.0,Rule Curve,1336.0,1336.0,1000000.0,0.0,0.0,15455.0,,16886.0,22214.0,0.0,1050.0,0.0,1336.0,0.0,0.0,0.0
1963-07-20,1548.43,796.0,1336.0,Rule Curve,1336.0,1336.0,1000000.0,0.0,0.0,15420.0,,16894.0,21957.0,0.0,1050.0,0.0,1336.0,0.0,0.0,0.0
1963-07-21,1548.11,836.0,1336.0,Rule Curve,1336.0,1336.0,1000000.0,0.0,0.0,15381.0,,16909.0,21750.0,0.0,1050.0,0.0,1336.0,0.0,0.0,0.0
1963-07-22,1547.83,895.0,1336.0,Rule Curve,1336.0,1336.0,1000000.0,0.0,0.0,15346.0,,16836.0,21544.0,0.0,1050.0,0.0,1336.0,0.0,0.0,0.0
1963-07-23,1547.57,926.0,1336.0,Rule Curve,1336.0,1336.0,1000000.0,0.0,0.0,15314.0,,16886.0,21364.0,0.0,1050.0,0.0,1336.0,0.0,0.0,0.0
1963-07-24,1547.2,765.0,1336.0,Rule Curve,1336.0,1336.0,1000000.0,0.0,0.0,15285.0,,16880.0,21201.0,0.0,1050.0,0.0,1336.0,0.0,0.0,0.0
1963-07-25,1546.88,836.0,1336.0,Rule Curve,1336.0,1336.0,1000000.0,0.0,0.0,15245.0,,16934.0,20965.0,0.0,1050.0,0.0,1336.0,0.0,0.0,0.0
1963-07-26,1546.54,804.0,1336.0,Rule Curve,1336.0,1336.0,1000000.0,0.0,0.0,15209.0,,16940.0,20822.0,0.0,1050.0,0.0,1336.0,0.0,0.0,0.0
1963-07-27,1546.18,775.0,1336.0,Rule Curve,1336.0,1336.0,1000000.0,0.0,0.0,15171.0,,16954.0,20643.0,0.0,1050.0,0.0,1336.0,0.0,0.0,0.0
1963-07-28,1545.82,765.0,1336.0,Rule Curve,1336.0,1336.0,1000000.0,0.0,0.0,15131.0,,16951.0,20492.0,0.0,1050.0,0.0,1336.0,0.0,0.0,0.0
1963-07-29,1545.44,744.0,1336.0,Rule Curve,1336.0,1336.0,1000000.0,0.0,0.0,15091.0,,16967.0,20341.0,0.0,1050.0,0.0,1336.0,0.0,0.0,0.0
1963-07-30,1545.05,735.0,1336.0,Rule Curve,1336.0,1336.0,1000000.0,0.0,0.0,15049.0,,16985.0,20202.0,0.0,1050.0,0.0,1336.0,0.0,0.0,0.0
1963-07-31,1544.69,764.0,1336.0,Rule Curve,1336.0,1336.0,1000000.0,0.0,0.0,15006.0,,16977.0,20081.0,0.0,1050.0,0.0,1336.0,0.0,0.0,0.0
1963-08-01,1544.26,637.0,1297.0,Rule Curve,1297.0,1297.0,1000000.0,0.0,0.0,14965.0,,16954.0,19982.0,0.0,1050.0,0.0,1297.0,0.0,0.0,0.0
1963-08-02,1543.9,728.0,1297.0,Rule Curve,1297.0,1297.0,1000000.0,0.0,0.0,14918.0,,16982.0,19893.0,0.0,1050.0,0.0,1297.0,0.0,0.0,0.0
1963-08-03,1543.57,797.0,1297.0,Rule Curve,1297.0,1297.0,1000000.0,0.0,0.0,14877.0,,16963.0,19786.0,0.0,1050.0,0.0,1297.0,0.0,0.0,0.0
1963-08-04,1543.17,698.0,1297.0,Rule Curve,1297.0,1297.0,1000000.0,0.0,0.0,14841.0,,16976.0,19781.0,0.0,1050.0,0.0,1297.0,0.0,0.0,0.0
1963-08-05,1542.79,727.0,1297.0,Rule Curve,1297.0,1297.0,1000000.0,0.0,0.0,14797.0,,16964.0,19776.0,0.0,1050.0,0.0,1297.0,0.0,0.0,0.0
1963-08-06,1542.4,697.0,1297.0,Rule Curve,1297.0,1297.0,1000000.0,0.0,0.0,14755.0,,16962.0,19771.0,0.0,1050.0,0.0,1297.0,0.0,0.0,0.0
1963-08-07,1541.99,687.0,1297.0,Rule Curve,1297.0,1297.0,1000000.0,12140.0,0.0,14711.0,,16981.0,19766.0,0.0,1050.0,0.0,1297.0,0.0,0.0,0.0
1963-08-08,1541.58,677.0,1297.0,Rule Curve,1297.0,1297.0,1000000.0,12140.0,0.0,14666.0,,16959.0,19761.0,0.0,1050.0,0.0,1297.0,0.0,0.0,0.0
1963-08-09,1541.17,677.0,1297.0,Rule Curve,1297.0,1297.0,1000000.0,12140.0,0.0,14620.0,,16988.0,19756.0,0.0,1050.0,0.0,1297.0,0.0,0.0,0.0
1963-08-10,1540.82,756.0,1297.0,Rule Curve,1297.0,1297.0,1000000.0,12140.0,0.0,14575.0,,16989.0,19751.0,0.0,1050.0,0.0,1297.0,0.0,0.0,0.0
1963-08-11,1540.39,657.0,1297.0,Rule Curve,1297.0,1297.0,1000000.0,12140.0,0.0,14535.0,,16975.0,19746.0,0.0,1050.0,0.0,1297.0,0.0,0.0,0.0
1963-08-12,1539.95,627.0,1297.0,Rule Curve,1297.0,1297.0,1000000.0,12140.0,0.0,14488.0,,17010.0,19741.0,0.0,1050.0,0.0,1297.0,0.0,0.0,0.0
1963-08-13,1539.53,687.0,1297.0,Rule Curve,1297.0,1297.0,1000000.0,12140.0,0.0,14439.0,,16994.0,19736.0,0.0,1050.0,0.0,1297.0,0.0,0.0,0.0
1963-08-14,1539.09,657.0,1297.0,Rule Curve,1297.0,1297.0,1000000.0,12140.0,0.0,14392.0,,16987.0,19730.0,0.0,1050.0,0.0,1297.0,0.0,0.0,0.0
1963-08-15,1538.61,597.0,1297.0,Rule Curve,1297.0,1297.0,1000000.0,12140.0,0.0,14344.0,,17005.0,19720.0,0.0,1050.0,0.0,1297.0,0.0,0.0,0.0
1963-08-16,1538.22,717.0,1297.0,Rule Curve,1297.0,1297.0,1000000.0,12140.0,0.0,14291.0,,17007.0,19714.0,0.0,1050.0,0.0,1297.0,0.0,0.0,0.0
1963-08-17,1537.73,577.0,1297.0,Rule Curve,1297.0,1297.0,1000000.0,12140.0,0.0,14246.0,,17009.0,19707.0,0.0,1050.0,0.0,1297.0,0.0,0.0,0.0
1963-08-18,1537.23,577.0,1297.0,Rule Curve,1297.0,1297.0,1000000.0,12140.0,0.0,14192.0,,16986.0,19700.0,0.0,1050.0,0.0,1297.0,0.0,0.0,0.0
1963-08-19,1536.82,697.0,1297.0,Rule Curve,1297.0,1297.0,1000000.0,12140.0,0.0,14137.0,,17000.0,19693.0,0.0,1050.0,0.0,1297.0,0.0,0.0,0.0
1963-08-20,1536.42,706.0,1297.0,Rule Curve,1297.0,1297.0,1000000.0,12140.0,0.0,14091.0,,16976.0,19686.0,0.0,1050.0,0.0,1297.0,0.0,0.0,0.0
1963-08-21,1535.88,508.0,1297.0,Rule Curve,1297.0,1297.0,1000000.0,12140.0,0.0,14046.0,,16955.0,19678.0,0.0,1050.0,0.0,1297.0,0.0,0.0,0.0
1963-08-22,1535.47,696.0,1297.0,Rule Curve,1297.0,1297.0,1000000.0,12140.0,0.0,13987.0,,17006.0,19669.0,0.0,1050.0,0.0,1297.0,0.0,0.0,0.0
1963-08-23,1535.01,627.0,1297.0,Rule Curve,1297.0,1297.0,1000000.0,12140.0,0.0,13941.0,,16982.0,19661.0,0.0,1050.0,0.0,1297.0,0.0,0.0,0.0
1963-08-24,1534.62,728.0,1297.0,Rule Curve,1297.0,1297.0,1000000.0,12140.0,0.0,13890.0,,16956.0,19654.0,0.0,1050.0,0.0,1297.0,0.0,0.0,0.0
1963-08-25,1534.09,517.0,1297.0,Rule Curve,1297.0,1297.0,1000000.0,12140.0,0.0,13847.0,,16989.0,19647.0,0.0,1050.0,0.0,1297.0,0.0,0.0,0.0
1963-08-26,1533.57,567.0,1297.0,Rule Curve,1297.0,1297.0,1000000.0,12140.0,0.0,13787.0,,16986.0,19636.0,0.0,1050.0,0.0,1297.0,0.0,0.0,0.0
1963-08-27,1533.11,647.0,1297.0,Rule Curve,1297.0,1297.0,1000000.0,12140.0,0.0,13730.0,,16965.0,19630.0,0.0,1050.0,0.0,1297.0,0.0,0.0,0.0
1963-08-28,1532.62,597.0,1297.0,Rule Curve,1297.0,1297.0,1000000.0,12140.0,0.0,13679.0,,16989.0,19620.0,0.0,1050.0,0.0,1297.0,0.0,0.0,0.0
1963-08-29,1532.12,597.0,1297.0,Rule Curve,1297.0,1297.0,1000000.0,12140.0,0.0,13624.0,,16983.0,19610.0,0.0,1050.0,0.0,1297.0,0.0,0.0,0.0
1963-08-30,1531.61,557.0,1297.0,Rule Curve,1297.0,1297.0,1000000.0,12140.0,0.0,13569.0,,17003.0,19600.0,0.0,1050.0,0.0,1297.0,0.0,0.0,0.0
1963-08-31,1531.07,507.0,1297.0,Rule Curve,1297.0,1297.0,1000000.0,12140.0,0.0,13512.0,,16965.0,19589.0,0.0,1050.0,0.0,1297.0,0.0,0.0,0.0
1963-09-01,1530.3,595.0,1691.0,Rule Curve,1691.0,1691.0,1000000.0,12140.0,0.0,13452.0,,16883.0,19578.0,0.0,1050.0,0.0,1691.0,0.0,0.0,0.0
1963-09-02,1529.5,590.0,1691.0,Rule Curve,1691.0,1691.0,1000000.0,12140.0,0.0,13366.0,,16851.0,19562.0,0.0,1050.0,0.0,1691.0,0.0,0.0,0.0
1963-09-03,1528.68,562.0,1691.0,Rule Curve,1691.0,1691.0,1000000.0,12140.0,0.0,13278.0,,16977.0,19546.0,0.0,1050.0,0.0,1691.0,0.0,0.0,0.0
1963-09-04,1527.85,518.0,1691.0,Rule Curve,1691.0,1691.0,1000000.0,12140.0,0.0,13187.0,,16823.0,19528.0,0.0,1050.0,0.0,1691.0,0.0,0.0,0.0
1963-09-05,1527.02,526.0,1691.0,Rule Curve,1691.0,1691.0,1000000.0,12140.0,0.0,13094.0,,16910.0,19510.0,0.0,1050.0,0.0,1691.0,0.0,0.0,0.0
1963-09-06,1526.19,558.0,1691.0,Rule Curve,1691.0,1691.0,1000000.0,12140.0,0.0,13003.0,,16937.0,19492.0,0.0,1050.0,0.0,1691.0,0.0,0.0,0.0
1963-09-07,1525.4,617.0,1691.0,Rule Curve,1691.0,1691.0,1000000.0,12140.0,0.0,12910.0,,16915.0,19475.0,0.0,1050.0,0.0,1691.0,0.0,0.0,0.0
1963-09-08,1524.57,558.0,1691.0,Rule Curve,1691.0,1691.0,1000000.0,12140.0,0.0,12823.0,,16933.0,19458.0,0.0,1050.0,0.0,1691.0,0.0,0.0,0.0
1963-09-09,1523.72,530.0,1691.0,Rule Curve,1691.0,1691.0,1000000.0,12140.0,0.0,12730.0,,16998.0,19438.0,0.0,1050.0,0.0,1691.0,0.0,0.0,0.0
1963-09-10,1522.89,564.0,1691.0,Rule Curve,1691.0,1691.0,1000000.0,12140.0,0.0,12635.0,,17004.0,19419.0,0.0,1050.0,0.0,1691.0,0.0,0.0,0.0
1963-09-11,1522.12,637.0,1691.0,Rule Curve,1691.0,1691.0,1000000.0,12140.0,0.0,12543.0,,16959.0,19401.0,0.0,1050.0,0.0,1691.0,0.0,0.0,0.0
1963-09-12,1521.29,567.0,1691.0,Rule Curve,1691.0,1691.0,1000000.0,12140.0,0.0,12457.0,,16956.0,19388.0,0.0,1050.0,0.0,1691.0,0.0,0.0,0.0
1963-09-13,1520.49,629.0,1691.0,Rule Curve,1691.0,1691.0,1000000.0,12140.0,0.0,12366.0,,16924.0,19372.0,0.0,1050.0,0.0,1691.0,0.0,0.0,0.0
1963-09-14,1519.72,669.0,1691.0,Rule Curve,1691.0,1691.0,1000000.0,12140.0,0.0,12277.0,,16919.0,19356.0,0.0,1050.0,0.0,1691.0,0.0,0.0,0.0
1963-09-15,1519.23,1022.0,1691.0,Rule Curve,1691.0,1691.0,1000000.0,12140.0,0.0,12191.0,,16757.0,19342.0,0.0,1050.0,0.0,1691.0,0.0,0.0,0.0
1963-09-16,1518.85,1175.0,1691.0,Rule Curve,1691.0,1691.0,1000000.0,12140.0,0.0,12137.0,,16329.0,19333.0,0.0,1050.0,0.0,1691.0,0.0,0.0,0.0
1963-09-17,1518.16,794.0,1691.0,Rule Curve,1691.0,1691.0,1000000.0,12140.0,0.0,12094.0,,16665.0,19324.0,0.0,1050.0,0.0,1691.0,0.0,0.0,0.0
1963-09-18,1517.45,758.0,1691.0,Rule Curve,1691.0,1691.0,1000000.0,12140.0,0.0,12018.0,,16735.0,19309.0,0.0,1050.0,0.0,1691.0,0.0,0.0,0.0
1963-09-19,1516.66,659.0,1691.0,Rule Curve,1691.0,1691.0,1000000.0,12140.0,0.0,11939.0,,16843.0,19293.0,0.0,1050.0,0.0,1691.0,0.0,0.0,0.0
1963-09-20,1515.81,568.0,1691.0,Rule Curve,1691.0,1691.0,1000000.0,12140.0,0.0,11851.0,,16881.0,19279.0,0.0,1050.0,0.0,1691.0,0.0,0.0,0.0
1963-09-21,1514.97,602.0,1691.0,Rule Curve,1691.0,1691.0,1000000.0,12140.0,0.0,11756.0,,16913.0,19263.0,0.0,1050.0,0.0,1691.0,0.0,0.0,0.0
1963-09-22,1514.09,572.0,1691.0,Rule Curve,1691.0,1691.0,1000000.0,12140.0,0.0,11664.0,,16900.0,19246.0,0.0,1050.0,0.0,1691.0,0.0,0.0,0.0
1963-09-23,1513.34,753.0,1691.0,Rule Curve,1691.0,1691.0,1000000.0,12140.0,0.0,11565.0,,16859.0,19232.0,0.0,1050.0,0.0,1691.0,0.0,0.0,0.0
1963-09-24,1512.53,642.0,1691.0,Rule Curve,1691.0,1691.0,1000000.0,12140.0,0.0,11483.0,,16822.0,19218.0,0.0,1050.0,0.0,1691.0,0.0,0.0,0.0
1963-09-25,1511.68,592.0,1691.0,Rule Curve,1691.0,1691.0,1000000.0,12140.0,0.0,11392.0,,16882.0,19202.0,0.0,1050.0,0.0,1691.0,0.0,0.0,0.0
1963-09-26,1510.83,621.0,1691.0,Rule Curve,1691.0,1691.0,1000000.0,12140.0,0.0,11298.0,,16952.0,19187.0,0.0,1050.0,0.0,1691.0,0.0,0.0,0.0
1963-09-27,1509.88,491.0,1691.0,Rule Curve,1691.0,1691.0,1000000.0,12140.0,0.0,11203.0,,16946.0,19170.0,0.0,1050.0,0.0,1691.0,0.0,0.0,0.0
1963-09-28,1509.02,613.0,1691.0,Rule Curve,1691.0,1691.0,1000000.0,12140.0,0.0,11098.0,,16945.0,19154.0,0.0,1050.0,0.0,1691.0,0.0,0.0,0.0
1963-09-29,1508.26,762.0,1691.0,Rule Curve,1691.0,1691.0,1000000.0,12140.0,0.0,11003.0,,16980.0,19139.0,0.0,1050.0,0.0,1691.0,0.0,0.0,0.0
1963-09-30,1507.34,554.0,1691.0,Rule Curve,1691.0,1691.0,1000000.0,12140.0,0.0,10917.0,,17070.0,19123.0,0.0,1050.0,0.0,1691.0,0.0,0.0,0.0
1963-10-01,1505.55,609.0,2792.0,Rule Curve,2792.0,2792.0,1000000.0,12140.0,0.0,10816.0,,16600.0,19106.0,2792.0,1050.0,0.0,1500.0,0.0,0.0,0.0
1963-10-02,1503.75,439.0,2622.0,Rule Curve,2622.0,2622.0,1000000.0,12140.0,0.0,10617.0,,16525.0,19070.0,2622.0,1050.0,0.0,1500.0,0.0,0.0,0.0
1963-10-03,1501.94,598.0,2781.0,Rule Curve,2781.0,2781.0,1000000.0,12140.0,0.0,10417.0,,16793.0,19036.0,2781.0,1050.0,0.0,1500.0,0.0,0.0,0.0
1963-10-04,1500.1,539.0,2722.0,Rule Curve,2722.0,2722.0,1000000.0,12140.0,0.0,10216.0,,16680.0,18976.0,2722.0,1050.0,0.0,1500.0,0.0,0.0,0.0
1963-10-05,1498.25,741.0,2924.0,Rule Curve,2924.0,2924.0,1000000.0,12140.0,0.0,10011.0,,16754.0,18915.0,2924.0,1050.0,0.0,1500.0,0.0,0.0,0.0
1963-10-06,1496.34,592.0,2775.0,Rule Curve,2775.0,2775.0,1000000.0,12140.0,0.0,9750.0,,16781.0,18834.0,2775.0,1050.0,0.0,1500.0,0.0,0.0,0.0
1963-10-07,1494.46,677.0,2860.0,Rule Curve,2860.0,2860.0,1000000.0,12140.0,0.0,9477.0,,16844.0,18737.0,2860.0,1050.0,0.0,1500.0,0.0,0.0,0.0
1963-10-08,1492.51,410.0,2593.0,Rule Curve,2593.0,2593.0,1000000.0,12140.0,0.0,9208.0,,16857.0,18615.0,2593.0,1050.0,0.0,1500.0,0.0,0.0,0.0
1963-10-09,1490.54,578.0,2761.0,Rule Curve,2761.0,2761.0,1000000.0,12140.0,0.0,8930.0,,16884.0,18493.0,2761.0,1050.0,0.0,1500.0,0.0,0.0,0.0
1963-10-10,1488.55,656.0,2839.0,Rule Curve,2839.0,2839.0,1000000.0,12140.0,0.0,8648.0,,16802.0,18347.0,2839.0,1050.0,0.0,1500.0,0.0,0.0,0.0
1963-10-11,1486.54,649.0,2832.0,Rule Curve,2832.0,2832.0,1000000.0,12140.0,0.0,8364.0,,16831.0,18196.0,2832.0,1050.0,0.0,1500.0,0.0,0.0,0.0
1963-10-12,1484.47,592.0,2775.0,Rule Curve,2775.0,2775.0,1000000.0,12140.0,0.0,8077.0,,16886.0,18020.0,2775.0,1050.0,0.0,1500.0,0.0,0.0,0.0
1963-10-13,1482.41,602.0,2785.0,Rule Curve,2785.0,2785.0,1000000.0,12140.0,0.0,7782.0,5850.0,16870.0,17845.0,2785.0,1050.0,0.0,1500.0,0.0,0.0,0.0
1963-10-14,1480.3,683.0,2866.0,Rule Curve,2866.0,2866.0,1000000.0,12140.0,0.0,7487.0,5850.0,16999.0,17672.0,2866.0,1050.0,0.0,1500.0,0.0,0.0,0.0
1963-10-15,1478.15,516.0,2699.0,Rule Curve,2699.0,2699.0,1000000.0,12140.0,0.0,7186.0,5850.0,16975.0,19195.0,2699.0,1050.0,0.0,1500.0,0.0,0.0,0.0
1963-10-16,1475.99,503.0,2686.0,Rule Curve,2686.0,2686.0,1000000.0,12140.0,0.0,6879.0,5850.0,17050.0,20639.0,2686.0,1050.0,0.0,1500.0,0.0,0.0,0.0
1963-10-17,1473.81,674.0,2857.0,Rule Curve,2857.0,2857.0,1000000.0,12140.0,0.0,6570.0,5850.0,16996.0,21524.0,2857.0,1050.0,0.0,1500.0,0.0,0.0,0.0
1963-10-18,1471.61,603.0,2786.0,Rule Curve,2786.0,2786.0,1000000.0,12140.0,0.0,6259.0,5850.0,17101.0,22955.0,2786.0,1050.0,0.0,1500.0,0.0,0.0,0.0
1963-10-19,1469.36,574.0,2757.0,Rule Curve,2757.0,2757.0,1000000.0,12140.0,0.0,5944.0,5850.0,17034.0,24380.0,2757.0,1050.0,0.0,1500.0,0.0,0.0,0.0
1963-10-20,1467.13,785.0,2968.0,Rule Curve,2968.0,2968.0,1000000.0,12140.0,0.0,5623.0,5850.0,17077.0,25121.0,2968.0,1050.0,0.0,1500.0,0.0,0.0,0.0
1963-10-21,1464.8,572.0,2755.0,Rule Curve,2755.0,2755.0,1000000.0,12140.0,0.0,5304.0,5850.0,16880.0,26766.0,2755.0,1050.0,0.0,1500.0,0.0,0.0,0.0
1963-10-22,1462.52,1861.0,4044.0,Rule Curve,4044.0,4044.0,1000000.0,12140.0,0.0,5000.0,5850.0,15942.0,27303.0,4044.0,1050.0,0.0,1500.0,0.0,0.0,0.0
1963-10-23,1460.19,1271.0,3454.0,Rule Curve,3454.0,3454.0,1000000.0,12140.0,0.0,5000.0,5850.0,15452.0,26992.0,3454.0,1050.0,0.0,1500.0,0.0,0.0,0.0
1963-10-24,1457.8,1592.0,3775.0,Rule Curve,3775.0,3775.0,1000000.0,12140.0,0.0,5000.0,5850.0,15342.0,26738.0,3775.0,1050.0,0.0,1500.0,0.0,0.0,0.0
1963-10-25,1455.41,1955.0,4138.0,Rule Curve,4138.0,4138.0,1000000.0,12140.0,0.0,5000.0,5850.0,14821.0,26482.0,4138.0,1050.0,0.0,1500.0,0.0,0.0,0.0
1963-10-26,1452.98,1290.0,3473.0,Rule Curve,3473.0,3473.0,1000000.0,12140.0,0.0,5000.0,5850.0,16071.0,26152.0,3473.0,1050.0,0.0,1500.0,0.0,0.0,0.0
1963-10-27,1450.5,1019.0,3202.0,Rule Curve,3202.0,3202.0,1000000.0,12140.0,0.0,5000.0,5850.0,16543.0,25843.0,3202.0,1050.0,0.0,1500.0,0.0,0.0,0.0
1963-10-28,1447.95,1068.0,3251.0,Rule Curve,3251.0,3251.0,1000000.0,12140.0,0.0,5000.0,5850.0,16521.0,25557.0,3251.0,1050.0,0.0,1500.0,0.0,0.0,0.0
1963-10-29,1445.4,927.0,3110.0,Rule Curve,3110.0,3110.0,1000000.0,12140.0,0.0,5000.0,5850.0,16565.0,25304.0,3110.0,1050.0,0.0,1500.0,0.0,0.0,0.0
1963-10-30,1442.8,886.0,3069.0,Rule Curve,3069.0,3069.0,1000000.0,12140.0,0.0,5000.0,5850.0,16652.0,25052.0,3069.0,1050.0,0.0,1500.0,0.0,0.0,0.0
1963-10-31,1440.14,766.0,2949.0,Rule Curve,2949.0,2949.0,1000000.0,12140.0,0.0,5000.0,5850.0,16708.0,24772.0,2949.0,1050.0,0.0,1500.0,0.0,0.0,0.0
1963-11-01,1437.43,800.0,2983.0,Rule Curve,2983.0,2983.0,1000000.0,12140.0,0.0,5000.0,5850.0,16638.0,24498.0,2983.0,1050.0,0.0,1200.0,0.0,0.0,0.0
1963-11-02,1434.66,1000.0,3183.0,Rule Curve,3183.0,3183.0,1000000.0,12140.0,0.0,5000.0,5850.0,16435.0,24253.0,3183.0,1050.0,0.0,1200.0,0.0,0.0,0.0
1963-11-03,1431.82,1000.0,3183.0,Rule Curve,3183.0,3183.0,1000000.0,12140.0,0.0,5000.0,5850.0,16250.0,23965.0,3183.0,1050.0,0.0,1200.0,0.0,0.0,0.0
1963-11-04,1428.93,1900.0,4083.0,Rule Curve,4083.0,4083.0,1000000.0,12140.0,0.0,5000.0,5850.0,15418.0,23705.0,4083.0,1050.0,0.0,1200.0,0.0,0.0,0.0
1963-11-05,1425.91,1600.0,3783.0,Rule Curve,3783.0,3783.0,1000000.0,12140.0,0.0,5000.0,5850.0,14993.0,23336.0,3783.0,1050.0,0.0,1200.0,0.0,0.0,0.0
1963-11-06,1422.88,2100.0,4283.0,Rule Curve,4283.0,4283.0,1000000.0,12140.0,0.0,5000.0,5850.0,14629.0,23022.0,4283.0,1050.0,0.0,1200.0,0.0,0.0,0.0
1963-11-07,1421.4,4000.0,5000.0,Rule Curve,5000.0,5000.0,1000000.0,12140.0,0.0,5000.0,6168.0,11380.0,11014.0,6183.0,1050.0,0.0,1200.0,0.0,0.0,0.0
1963-11-08,1433.27,13300.0,4656.0,Rule Curve,4656.0,4656.0,1000000.0,12140.0,0.0,5000.0,15468.0,5833.0,4656.0,15652.0,1050.0,0.0,1200.0,0.0,0.0,0.0
1963-11-09,1436.85,7800.0,5000.0,Rule Curve,5000.0,5000.0,1000000.0,12140.0,0.0,5000.0,9968.0,11597.0,16659.0,11985.0,1050.0,0.0,1200.0,0.0,0.0,0.0
1963-11-10,1436.23,4500.0,5000.0,Rule Curve,5000.0,5000.0,1000000.0,12140.0,0.0,5000.0,6668.0,13636.0,23505.0,10082.0,1050.0,0.0,1200.0,0.0,0.0,0.0
1963-11-11,1433.93,3200.0,5000.0,Rule Curve,5000.0,5000.0,1000000.0,12140.0,0.0,5000.0,5850.0,14939.0,24264.0,10052.0,1050.0,0.0,1200.0,0.0,0.0,0.0
1963-11-12,1430.76,2600.0,5000.0,Rule Curve,5000.0,5000.0,1000000.0,12140.0,0.0,5000.0,5850.0,15582.0,23978.0,11136.0,1050.0,0.0,1200.0,0.0,0.0,0.0
1963-11-13,1427.12,2300.0,5000.0,Rule Curve,5000.0,5000.0,1000000.0,12140.0,0.0,5000.0,5850.0,15494.0,23618.0,13904.0,1050.0,0.0,1200.0,0.0,0.0,0.0
1963-11-14,1425.43,3800.0,5000.0,Rule Curve,5000.0,5000.0,1000000.0,12140.0,0.0,5000.0,5968.0,14304.0,23350.0,24309.0,1050.0,0.0,1200.0,0.0,0.0,0.0
1963-11-15,1424.08,4000.0,5000.0,Rule Curve,5000.0,5000.0,1000000.0,12140.0,0.0,5000.0,6168.0,14731.0,23175.0,23309.0,1050.0,0.0,1200.0,0.0,0.0,0.0
1963-11-16,1421.6,3300.0,5000.0,Rule Curve,5000.0,5000.0,1000000.0,12140.0,0.0,5000.0,5850.0,14441.0,22929.0,21609.0,1050.0,0.0,1200.0,0.0,0.0,0.0
1963-11-17,1419.59,3600.0,5000.0,Rule Curve,5000.0,5000.0,1000000.0,12140.0,0.0,5000.0,5850.0,13067.0,22644.0,20209.0,1050.0,0.0,1200.0,0.0,0.0,0.0
1963-11-18,1417.68,3700.0,5000.0,Rule Curve,5000.0,5000.0,1000000.0,12140.0,0.0,5000.0,5868.0,14285.0,22383.0,18909.0,1050.0,0.0,1200.0,0.0,0.0,0.0
1963-11-19,1414.48,2900.0,5000.0,Rule Curve,5000.0,5000.0,1000000.0,12140.0,0.0,5000.0,5850.0,15204.0,21974.0,16809.0,1050.0,0.0,1200.0,0.0,0.0,0.0
1963-11-20,1411.12,2800.0,5000.0,Rule Curve,5000.0,5000.0,1000000.0,12140.0,0.0,5000.0,5850.0,14837.0,21425.0,14609.0,1050.0,0.0,1200.0,0.0,0.0,0.0
1963-11-21,1406.75,2300.0,5000.0,Rule Curve,5000.0,5000.0,1000000.0,12140.0,0.0,5000.0,5850.0,15517.0,20757.0,11909.0,1050.0,0.0,1200.0,0.0,0.0,0.0
1963-11-22,1402.68,2500.0,5000.0,Rule Curve,5000.0,5000.0,1000000.0,12140.0,0.0,5000.0,5850.0,15363.0,20009.0,9409.0,1050.0,0.0,1200.0,0.0,0.0,0.0
1963-11-23,1399.97,3400.0,5000.0,Rule Curve,5000.0,5000.0,1000000.0,0.0,0.0,5000.0,5850.0,14752.0,19404.0,7809.0,1050.0,0.0,1200.0,0.0,0.0,0.0
1963-11-24,1397.72,3700.0,5000.0,Rule Curve,5000.0,5000.0,1000000.0,0.0,0.0,5000.0,5868.0,13909.0,18945.0,6509.0,1050.0,0.0,1200.0,0.0,0.0,0.0
1963-11-25,1395.0,3100.0,4609.0,Rule Curve,4609.0,4609.0,1000000.0,0.0,0.0,5000.0,5850.0,14628.0,18410.0,4609.0,1050.0,0.0,1200.0,0.0,0.0,0.0
1963-11-26,1395.0,3200.0,3200.0,Rule Curve,3200.0,3200.0,1000000.0,0.0,0.0,5000.0,5850.0,16291.0,17924.0,3200.0,1050.0,0.0,1200.0,0.0,0.0,0.0
1963-11-27,1395.0,3200.0,3200.0,Rule Curve,3200.0,3200.0,1000000.0,0.0,0.0,5000.0,5850.0,14644.0,17924.0,3200.0,1050.0,0.0,1200.0,0.0,0.0,0.0
1963-11-28,1395.0,3000.0,3000.0,Rule Curve,3000.0,3000.0,1000000.0,0.0,0.0,5000.0,5850.0,15635.0,17886.0,3000.0,1050.0,0.0,1200.0,0.0,0.0,0.0
1963-11-29,1395.0,2600.0,2600.0,Rule Curve,2600.0,2600.0,1000000.0,0.0,0.0,5000.0,5850.0,16066.0,17812.0,2600.0,1050.0,0.0,1200.0,0.0,0.0,0.0
1963-11-30,1395.0,2300.0,2300.0,Rule Curve,2300.0,2300.0,1000000.0,0.0,0.0,5000.0,5850.0,16289.0,17754.0,2300.0,1050.0,0.0,1200.0,0.0,0.0,0.0
1963-12-01,1395.0,2000.0,2000.0,Rule Curve,2000.0,2000.0,1000000.0,0.0,0.0,5000.0,5850.0,16681.0,17697.0,2000.0,1050.0,0.0,1200.0,0.0,0.0,0.0
1963-12-02,1395.0,2000.0,2000.0,Rule Curve,2000.0,2000.0,1000000.0,0.0,0.0,5000.0,5850.0,16665.0,17697.0,2000.0,1050.0,0.0,1200.0,0.0,0.0,0.0
1963-12-03,1395.0,1700.0,1700.0,Rule Curve,1700.0,1700.0,1000000.0,0.0,0.0,5000.0,5850.0,16563.0,17640.0,1700.0,1050.0,0.0,1200.0,0.0,0.0,0.0
1963-12-04,1395.0,1700.0,1700.0,Rule Curve,1700.0,1700.0,1000000.0,0.0,0.0,5000.0,5850.0,16663.0,17640.0,1700.0,1050.0,0.0,1200.0,0.0,0.0,0.0
1963-12-05,1395.0,1800.0,1800.0,Rule Curve,1800.0,1800.0,1000000.0,0.0,0.0,5000.0,5850.0,16312.0,17660.0,1800.0,1050.0,0.0,1200.0,0.0,0.0,0.0
1963-12-06,1395.0,3300.0,3300.0,Rule Curve,3300.0,3300.0,1000000.0,0.0,0.0,5000.0,5850.0,14665.0,17942.0,3300.0,1050.0,0.0,1200.0,0.0,0.0,0.0
1963-12-07,1395.0,2500.0,2500.0,Rule Curve,2500.0,2500.0,1000000.0,0.0,0.0,5000.0,5850.0,15338.0,17792.0,2500.0,1050.0,0.0,1200.0,0.0,0.0,0.0
1963-12-08,1395.0,2600.0,2600.0,Rule Curve,2600.0,2600.0,1000000.0,0.0,0.0,5000.0,5850.0,15781.0,17812.0,2600.0,1050.0,0.0,1200.0,0.0,0.0,0.0
1963-12-09,1395.0,2400.0,2400.0,Rule Curve,2400.0,2400.0,1000000.0,0.0,0.0,5000.0,5850.0,15433.0,17772.0,2400.0,1050.0,0.0,1200.0,0.0,0.0,0.0
1963-12-10,1395.0,2100.0,2100.0,Rule Curve,2100.0,2100.0,1000000.0,0.0,0.0,5000.0,5850.0,16016.0,17716.0,2100.0,1050.0,0.0,1200.0,0.0,0.0,0.0
1963-12-11,1395.0,1900.0,1900.0,Rule Curve,1900.0,1900.0,1000000.0,0.0,0.0,5000.0,5850.0,16048.0,17678.0,1900.0,1050.0,0.0,1200.0,0.0,0.0,0.0
1963-12-12,1395.0,1700.0,1700.0,Rule Curve,1700.0,1700.0,1000000.0,0.0,0.0,5000.0,5850.0,16213.0,17640.0,1700.0,1050.0,0.0,1200.0,0.0,0.0,0.0
1963-12-13,1395.0,1600.0,1600.0,Rule Curve,1600.0,1600.0,1000000.0,0.0,0.0,5000.0,5850.0,16433.0,17621.0,1600.0,1050.0,0.0,1200.0,0.0,0.0,0.0
1963-12-14,1395.0,1500.0,1500.0,Rule Curve,1500.0,1500.0,1000000.0,0.0,0.0,5000.0,5850.0,16425.0,17601.0,1500.0,1050.0,0.0,1200.0,0.0,0.0,0.0
1963-12-15,1395.0,1400.0,1400.0,Rule Curve,1400.0,1400.0,1000000.0,0.0,0.0,5000.0,5850.0,16478.0,17585.0,1400.0,1050.0,0.0,1200.0,0.0,0.0,0.0
1963-12-16,1395.0,1400.0,1400.0,Rule Curve,1400.0,1400.0,1000000.0,0.0,0.0,5000.0,5850.0,16493.0,17585.0,1400.0,1050.0,0.0,1200.0,0.0,0.0,0.0
1963-12-17,1395.0,1300.0,1300.0,Rule Curve,1300.0,1300.0,1000000.0,0.0,0.0,5000.0,5850.0,16564.0,17564.0,1300.0,1050.0,0.0,1200.0,0.0,0.0,0.0
1963-12-18,1395.0,1200.0,1200.0,Rule Curve,1200.0,1200.0,1000000.0,0.0,0.0,5000.0,5850.0,16625.0,17545.0,1200.0,1050.0,0.0,1200.0,0.0,0.0,0.0
1963-12-19,1395.0,1300.0,1300.0,Rule Curve,1300.0,1300.0,1000000.0,0.0,0.0,5000.0,5850.0,16529.0,17564.0,1300.0,1050.0,0.0,1200.0,0.0,0.0,0.0
1963-12-20,1395.0,1600.0,1600.0,Rule Curve,1600.0,1600.0,1000000.0,0.0,0.0,5000.0,5850.0,16084.0,17621.0,1600.0,1050.0,0.0,1200.0,0.0,0.0,0.0
1963-12-21,1395.0,1600.0,1600.0,Rule Curve,1600.0,1600.0,1000000.0,0.0,0.0,5000.0,5850.0,15792.0,17621.0,1600.0,1050.0,0.0,1200.0,0.0,0.0,0.0
1963-12-22,1395.0,1500.0,1500.0,Rule Curve,1500.0,1500.0,1000000.0,0.0,0.0,5000.0,5850.0,15963.0,17601.0,1500.0,1050.0,0.0,1200.0,0.0,0.0,0.0
1963-12-23,1395.0,1500.0,1500.0,Rule Curve,1500.0,1500.0,1000000.0,0.0,0.0,5000.0,5850.0,15879.0,17601.0,1500.0,1050.0,0.0,1200.0,0.0,0.0,0.0
1963-12-24,1395.0,1500.0,1500.0,Rule Curve,1500.0,1500.0,1000000.0,0.0,0.0,5000.0,5850.0,15874.0,17601.0,1500.0,1050.0,0.0,1200.0,0.0,0.0,0.0
1963-12-25,1396.44,2000.0,1200.0,Rule Curve,1200.0,1200.0,1000000.0,0.0,0.0,5000.0,5850.0,15585.0,17697.0,0.0,1050.0,0.0,1200.0,0.0,0.0,0.0
1963-12-26,1398.06,2100.0,1200.0,Rule Curve,1200.0,1200.0,1000000.0,0.0,0.0,5000.0,5850.0,15624.0,17986.0,0.0,1050.0,0.0,1200.0,0.0,0.0,0.0
1963-12-27,1400.13,2400.0,1200.0,Rule Curve,1200.0,1200.0,1000000.0,12140.0,0.0,5000.0,5850.0,14654.0,18344.0,0.0,1050.0,0.0,1200.0,0.0,0.0,0.0
1963-12-28,1405.0,4100.0,1200.0,Rule Curve,1200.0,1200.0,1000000.0,12140.0,0.0,5000.0,6268.0,14476.0,19046.0,0.0,1050.0,0.0,1200.0,0.0,0.0,0.0
1963-12-29,1408.56,3400.0,1200.0,Rule Curve,1200.0,1200.0,1000000.0,12140.0,0.0,5000.0,5850.0,15115.0,19833.0,0.0,1050.0,0.0,1200.0,0.0,0.0,0.0
1963-12-30,1411.11,2800.0,1200.0,Rule Curve,1200.0,1200.0,1000000.0,12140.0,0.0,5000.0,5850.0,15440.0,20379.0,0.0,1050.0,0.0,1200.0,0.0,0.0,0.0
1963-12-31,1413.09,2500.0,1200.0,Rule Curve,1200.0,1200.0,1000000.0,12140.0,0.0,5000.0,5850.0,15417.0,20787.0,0.0,1050.0,0.0,1200.0,0.0,0.0,0.0
1964-01-01,1415.53,2800.0,1200.0,Rule Curve,1200.0,1200.0,1000000.0,12140.0,0.0,5000.0,5850.0,15000.0,21185.0,0.0,1050.0,0.0,1200.0,0.0,0.0,0.0
1964-01-02,1418.4,3100.0,1200.0,Rule Curve,1200.0,1200.0,1000000.0,12140.0,0.0,5000.0,5850.0,15039.0,21649.0,0.0,1050.0,0.0,1200.0,0.0,0.0,0.0
1964-01-03,1420.6,2700.0,1200.0,Rule Curve,1200.0,1200.0,1000000.0,12140.0,0.0,5000.0,5850.0,15488.0,22063.0,0.0,1050.0,0.0,1200.0,0.0,0.0,0.0
1964-01-04,1422.32,2400.0,1200.0,Rule Curve,1200.0,1200.0,1000000.0,12140.0,0.0,5000.0,5850.0,16033.0,22345.0,0.0,1050.0,0.0,1200.0,0.0,0.0,0.0
1964-01-05,1423.93,2300.0,1200.0,Rule Curve,1200.0,1200.0,1000000.0,12140.0,0.0,5000.0,5850.0,15842.0,22571.0,0.0,1050.0,0.0,1200.0,0.0,0.0,0.0
1964-01-06,1426.12,2800.0,1200.0,Rule Curve,1200.0,1200.0,1000000.0,12140.0,0.0,5000.0,5850.0,14619.0,22824.0,0.0,1050.0,0.0,1200.0,0.0,0.0,0.0
1964-01-07,1427.64,2300.0,1200.0,Rule Curve,1200.0,1200.0,1000000.0,12140.0,0.0,5000.0,5850.0,15064.0,23091.0,0.0,1050.0,0.0,1200.0,0.0,0.0,0.0
1964-01-08,1428.74,2000.0,1200.0,Rule Curve,1200.0,1200.0,1000000.0,12140.0,0.0,5000.0,5850.0,15293.0,23248.0,0.0,1050.0,0.0,1200.0,0.0,0.0,0.0
1964-01-09,1429.82,2000.0,1200.0,Rule Curve,1200.0,1200.0,1000000.0,12140.0,0.0,5000.0,5850.0,15502.0,23368.0,0.0,1050.0,0.0,1200.0,0.0,0.0,0.0
1964-01-10,1430.61,1800.0,1200.0,Rule Curve,1200.0,1200.0,1000000.0,12140.0,0.0,5000.0,5850.0,15642.0,23476.0,0.0,1050.0,0.0,1200.0,0.0,0.0,0.0
1964-01-11,1431.27,1700.0,1200.0,Rule Curve,1200.0,1200.0,1000000.0,12140.0,0.0,5000.0,5850.0,15613.0,23553.0,0.0,1050.0,0.0,1200.0,0.0,0.0,0.0
1964-01-12,1431.8,1600.0,1200.0,Rule Curve,1200.0,1200.0,1000000.0,12140.0,0.0,5000.0,5850.0,15783.0,23621.0,0.0,1050.0,0.0,1200.0,0.0,0.0,0.0
1964-01-13,1432.33,1600.0,1200.0,Rule Curve,1200.0,1200.0,1000000.0,12140.0,0.0,5000.0,5850.0,15873.0,23679.0,0.0,1050.0,0.0,1200.0,0.0,0.0,0.0
1964-01-14,1432.73,1500.0,1200.0,Rule Curve,1200.0,1200.0,1000000.0,12140.0,0.0,5000.0,5850.0,15863.0,23748.0,0.0,1050.0,0.0,1200.0,0.0,0.0,0.0
1964-01-15,1433.26,1600.0,1200.0,Rule Curve,1200.0,1200.0,1000000.0,12140.0,0.0,5000.0,5850.0,15418.0,23781.0,0.0,1050.0,0.0,1200.0,0.0,0.0,0.0
1964-01-16,1435.83,3200.0,1200.0,Rule Curve,1200.0,1200.0,1000000.0,12140.0,0.0,5000.0,5850.0,14319.0,23963.0,0.0,1050.0,0.0,1200.0,0.0,0.0,0.0
1964-01-17,1438.82,3600.0,1200.0,Rule Curve,1200.0,1200.0,1000000.0,12140.0,0.0,5000.0,5850.0,14330.0,24252.0,0.0,1050.0,0.0,1200.0,0.0,0.0,0.0
1964-01-18,1441.05,3000.0,1200.0,Rule Curve,1200.0,1200.0,1000000.0,12140.0,0.0,5000.0,5850.0,14697.0,24532.0,0.0,1050.0,0.0,1200.0,0.0,0.0,0.0
1964-01-19,1443.47,3200.0,1200.0,Rule Curve,1200.0,1200.0,1000000.0,12140.0,0.0,5000.0,5850.0,14189.0,14296.0,0.0,1050.0,0.0,1200.0,0.0,0.0,0.0
1964-01-20,1445.83,3200.0,1200.0,Rule Curve,1200.0,1200.0,1000000.0,12140.0,0.0,5000.0,5850.0,13934.0,22125.0,0.0,1050.0,0.0,1200.0,0.0,0.0,0.0
1964-01-21,1447.47,2600.0,1200.0,Rule Curve,1200.0,1200.0,1000000.0,12140.0,0.0,5000.0,5850.0,14587.0,25205.0,0.0,1050.0,0.0,1200.0,0.0,0.0,0.0
1964-01-22,1448.75,2300.0,1200.0,Rule Curve,1200.0,1200.0,1000000.0,12140.0,0.0,5000.0,5850.0,15094.0,25318.0,0.0,1050.0,0.0,1200.0,0.0,0.0,129.0
1964-01-23,1449.68,2000.0,1200.0,Rule Curve,1200.0,1200.0,1000000.0,12140.0,0.0,5000.0,5850.0,15213.0,25425.0,0.0,1050.0,0.0,1200.0,0.0,0.0,929.0
1964-01-24,1451.63,2900.0,1200.0,Rule Curve,1200.0,1200.0,1000000.0,12140.0,0.0,5000.0,5850.0,13756.0,19893.0,0.0,1050.0,0.0,1200.0,0.0,0.0,2629.0
1964-01-25,1454.46,6600.0,4085.0,Top of Dam,1200.0,4085.0,1000000.0,12140.0,0.0,5000.0,8768.0,9977.0,11638.0,0.0,1050.0,0.0,1200.0,0.0,4085.0,6818.0
1964-01-26,1456.68,7000.0,5000.0,Top of Dam,1200.0,5000.0,1000000.0,12140.0,0.0,5000.0,9168.0,9572.0,18119.0,0.0,1050.0,0.0,1200.0,0.0,5323.0,6990.0
1964-01-27,1457.77,5400.0,4390.0,Top of Dam,1200.0,4390.0,1000000.0,12140.0,0.0,5000.0,7568.0,12748.0,22223.0,0.0,1050.0,0.0,1200.0,0.0,4390.0,7090.0
1964-01-28,1458.52,4600.0,3927.0,Top of Dam,1200.0,3927.0,1000000.0,12140.0,0.0,5000.0,6768.0,13473.0,23415.0,0.0,1050.0,0.0,1200.0,0.0,3927.0,7193.0
1964-01-29,1459.01,5300.0,4851.0,Top of Dam,1200.0,4851.0,1000000.0,12140.0,0.0,5000.0,7468.0,13327.0,23141.0,0.0,1050.0,0.0,1200.0,0.0,4851.0,6598.0
1964-01-30,1459.34,4700.0,4401.0,Top of Dam,1200.0,4401.0,1000000.0,12140.0,0.0,5000.0,6868.0,14075.0,25726.0,0.0,1050.0,0.0,1200.0,0.0,4401.0,5767.0
1964-01-31,1459.56,4600.0,4400.0,Top of Dam,1200.0,4400.0,1000000.0,12140.0,0.0,5000.0,6768.0,14236.0,25987.0,0.0,1050.0,0.0,1200.0,0.0,4400.0,4787.0
1964-02-01,1460.78,4800.0,3650.0,Top of Dam,1050.0,3650.0,1000000.0,12140.0,0.0,5000.0,6968.0,14168.0,25616.0,0.0,1050.0,0.0,1000.0,0.0,4667.0,3650.0
1964-02-02,1462.12,3900.0,2666.0,Top of Dam,1050.0,2666.0,1000000.0,12140.0,0.0,5000.0,6068.0,15499.0,26663.0,0.0,1050.0,0.0,1000.0,0.0,3273.0,2666.0
1964-02-03,1463.6,3400.0,1991.0,Top of Dam,1050.0,1991.0,1000000.0,12140.0,0.0,5000.0,5850.0,16051.0,27085.0,0.0,1050.0,0.0,1000.0,0.0,2331.0,1991.0
1964-02-04,1465.43,3100.0,1360.0,Top of Dam,1050.0,1360.0,1000000.0,12140.0,0.0,5000.0,5850.0,16115.0,27241.0,0.0,1050.0,0.0,1000.0,0.0,1630.0,1360.0
1964-02-05,1467.48,3000.0,1050.0,Top of Dam,1050.0,1050.0,1000000.0,12140.0,0.0,5062.0,5850.0,16300.0,27463.0,0.0,1050.0,0.0,1000.0,0.0,1280.0,867.0
1964-02-06,1468.96,2500.0,1050.0,Top of Dam,1050.0,1050.0,1000000.0,12140.0,0.0,5354.0,5850.0,16351.0,26268.0,0.0,1050.0,0.0,1000.0,0.0,566.0,424.0
1964-02-07,1470.16,2200.0,1050.0,Top of Dam,1050.0,1050.0,1000000.0,12140.0,0.0,5566.0,5850.0,16235.0,25254.0,0.0,1050.0,0.0,1000.0,0.0,0.0,0.0
1964-02-08,1471.25,2100.0,1050.0,Rule Curve,1050.0,1050.0,1000000.0,12140.0,0.0,5737.0,5850.0,16244.0,24453.0,0.0,1050.0,0.0,1000.0,0.0,0.0,0.0
1964-02-09,1472.19,2000.0,1050.0,Rule Curve,1050.0,1050.0,1000000.0,12140.0,0.0,5892.0,5850.0,16373.0,23848.0,0.0,1050.0,0.0,1000.0,0.0,0.0,0.0
1964-02-10,1473.14,2000.0,1050.0,Rule Curve,1050.0,1050.0,1000000.0,12140.0,0.0,6027.0,5850.0,16278.0,23705.0,0.0,1050.0,0.0,1000.0,0.0,0.0,0.0
1964-02-11,1474.22,2100.0,1050.0,Rule Curve,1050.0,1050.0,1000000.0,12140.0,0.0,6162.0,5850.0,16174.0,22699.0,0.0,1050.0,0.0,1000.0,0.0,0.0,0.0
1964-02-12,1475.06,1900.0,1050.0,Rule Curve,1050.0,1050.0,1000000.0,12140.0,0.0,6317.0,5850.0,16291.0,22297.0,0.0,1050.0,0.0,1000.0,0.0,0.0,0.0
1964-02-13,1475.81,1800.0,1050.0,Rule Curve,1050.0,1050.0,1000000.0,12140.0,0.0,6438.0,5850.0,16318.0,21728.0,0.0,1050.0,0.0,1000.0,0.0,0.0,0.0
1964-02-14,1476.75,2000.0,1050.0,Rule Curve,1050.0,1050.0,1000000.0,12140.0,0.0,6544.0,5850.0,16283.0,21025.0,0.0,1050.0,0.0,1000.0,0.0,0.0,0.0
1964-02-15,1477.49,1800.0,1050.0,Rule Curve,1050.0,1050.0,1000000.0,12140.0,0.0,6679.0,5850.0,16107.0,20450.0,0.0,1050.0,0.0,1000.0,0.0,0.0,0.0
1964-02-16,1478.04,1600.0,1050.0,Rule Curve,1050.0,1050.0,1000000.0,12140.0,0.0,6785.0,5850.0,15993.0,20553.0,0.0,1050.0,0.0,1000.0,0.0,0.0,0.0
1964-02-17,1478.68,1700.0,1050.0,Rule Curve,1050.0,1050.0,1000000.0,12140.0,0.0,6863.0,5850.0,15820.0,19705.0,0.0,1050.0,0.0,1000.0,0.0,0.0,0.0
1964-02-18,1479.33,1700.0,1050.0,Rule Curve,1050.0,1050.0,1000000.0,12140.0,0.0,6955.0,5850.0,15730.0,19289.0,0.0,1050.0,0.0,1000.0,0.0,0.0,0.0
1964-02-19,1479.97,1700.0,1050.0,Rule Curve,1050.0,1050.0,1000000.0,12140.0,0.0,7047.0,5850.0,15803.0,19189.0,0.0,1050.0,0.0,1000.0,0.0,0.0,0.0
1964-02-20,1480.49,1600.0,1050.0,Rule Curve,1050.0,1050.0,1000000.0,12140.0,0.0,7139.0,5850.0,15859.0,18710.0,0.0,1050.0,0.0,1000.0,0.0,0.0,0.0
1964-02-21,1481.01,1600.0,1050.0,Rule Curve,1050.0,1050.0,1000000.0,12140.0,0.0,7213.0,5850.0,15884.0,18199.0,0.0,1050.0,0.0,1000.0,0.0,0.0,0.0
1964-02-22,1481.66,1700.0,1050.0,Rule Curve,1050.0,1050.0,1000000.0,12140.0,0.0,7288.0,5850.0,15879.0,17598.0,0.0,1050.0,0.0,1000.0,0.0,0.0,0.0
1964-02-23,1482.19,1600.0,1050.0,Rule Curve,1050.0,1050.0,1000000.0,12140.0,0.0,7380.0,5850.0,15959.0,17646.0,0.0,1050.0,0.0,1000.0,0.0,0.0,0.0
1964-02-24,1482.81,1700.0,1050.0,Rule Curve,1050.0,1050.0,1000000.0,12140.0,0.0,7456.0,5850.0,16001.0,17697.0,0.0,1050.0,0.0,1000.0,0.0,0.0,0.0
1964-02-25,1483.33,1600.0,1050.0,Rule Curve,1050.0,1050.0,1000000.0,12140.0,0.0,7544.0,5850.0,16091.0,17744.0,0.0,1050.0,0.0,1000.0,0.0,0.0,0.0
1964-02-26,1483.75,1500.0,1050.0,Rule Curve,1050.0,1050.0,1000000.0,12140.0,0.0,7618.0,5850.0,16214.0,17785.0,0.0,1050.0,0.0,1000.0,0.0,0.0,0.0
1964-02-27,1484.08,1400.0,1050.0,Rule Curve,1050.0,1050.0,1000000.0,12140.0,0.0,7679.0,5850.0,16290.0,17817.0,0.0,1050.0,0.0,1000.0,0.0,0.0,0.0
1964-02-28,1484.41,1400.0,1050.0,Rule Curve,1050.0,1050.0,1000000.0,12140.0,0.0,7726.0,5850.0,16304.0,17846.0,0.0,1050.0,0.0,1000.0,0.0,0.0,0.0
1964-02-29,1484.84,1500.0,1050.0,Rule Curve,1050.0,1050.0,1000000.0,12140.0,0.0,7773.0,5850.0,16307.0,17877.0,0.0,1050.0,0.0,1000.0,0.0,0.0,0.0
1964-03-01,1485.36,1600.0,1050.0,Rule Curve,1050.0,1050.0,1000000.0,12140.0,0.0,7834.0,,16184.0,17917.0,0.0,1050.0,0.0,1000.0,0.0,0.0,0.0
1964-03-02,1485.78,1500.0,1050.0,Rule Curve,1050.0,1050.0,1000000.0,12140.0,0.0,7908.0,,16202.0,17957.0,0.0,1050.0,0.0,1000.0,0.0,0.0,0.0
1964-03-03,1486.21,1500.0,1050.0,Rule Curve,1050.0,1050.0,1000000.0,12140.0,0.0,7969.0,,16046.0,17993.0,0.0,1050.0,0.0,1000.0,0.0,0.0,0.0
1964-03-04,1487.37,2300.0,1050.0,Rule Curve,1050.0,1050.0,1000000.0,12140.0,0.0,8030.0,,15098.0,18062.0,0.0,1050.0,0.0,1000.0,0.0,0.0,0.0
1964-03-05,1488.99,2800.0,1050.0,Rule Curve,1050.0,1050.0,1000000.0,12140.0,0.0,8196.0,,14334.0,18180.0,0.0,1050.0,0.0,1000.0,0.0,0.0,0.0
1964-03-06,1489.94,2100.0,1050.0,Rule Curve,1050.0,1050.0,1000000.0,12140.0,0.0,8428.0,,15253.0,18279.0,0.0,1050.0,0.0,1000.0,0.0,0.0,0.0
1964-03-07,1490.71,1900.0,1050.0,Rule Curve,1050.0,1050.0,1000000.0,12140.0,0.0,8563.0,,15585.0,18350.0,0.0,1050.0,0.0,1000.0,0.0,0.0,0.0
1964-03-08,1491.38,1800.0,1050.0,Rule Curve,1050.0,1050.0,1000000.0,12140.0,0.0,8672.0,,15729.0,18405.0,0.0,1050.0,0.0,1000.0,0.0,0.0,0.0
1964-03-09,1491.97,1700.0,1050.0,Rule Curve,1050.0,1050.0,1000000.0,12140.0,0.0,8769.0,,15743.0,18453.0,0.0,1050.0,0.0,1000.0,0.0,0.0,0.0
1964-03-10,1492.47,1600.0,1050.0,Rule Curve,1050.0,1050.0,1000000.0,12140.0,0.0,8853.0,,15680.0,18491.0,0.0,1050.0,0.0,1000.0,0.0,0.0,0.0
1964-03-11,1493.41,2100.0,1050.0,Rule Curve,1050.0,1050.0,1000000.0,12140.0,0.0,8924.0,,15369.0,18544.0,0.0,1050.0,0.0,1000.0,0.0,0.0,0.0
1964-03-12,1494.26,2000.0,1050.0,Rule Curve,1050.0,1050.0,1000000.0,12140.0,0.0,9059.0,,15305.0,18604.0,0.0,1050.0,0.0,1000.0,0.0,0.0,0.0
1964-03-13,1494.95,1857.0,1050.0,Rule Curve,1050.0,1050.0,1000000.0,12140.0,0.0,9180.0,,15554.0,18652.0,0.0,1050.0,0.0,1000.0,0.0,0.0,0.0
1964-03-14,1495.79,2025.0,1050.0,Rule Curve,1050.0,1050.0,1000000.0,12140.0,0.0,9279.0,,15189.0,18701.0,0.0,1050.0,0.0,1000.0,0.0,0.0,0.0
1964-03-15,1497.14,2600.0,1050.0,Rule Curve,1050.0,1050.0,1000000.0,12140.0,0.0,9399.0,,14400.0,18766.0,0.0,1050.0,0.0,1000.0,0.0,0.0,0.0
1964-03-16,1497.95,2400.0,1500.0,Rule Curve,1500.0,1500.0,1000000.0,12140.0,0.0,9591.0,,14760.0,18829.0,0.0,1050.0,0.0,1500.0,0.0,0.0,0.0
1964-03-17,1498.53,2200.0,1500.0,Rule Curve,1500.0,1500.0,1000000.0,12140.0,0.0,9707.0,,14968.0,18861.0,0.0,1050.0,0.0,1500.0,0.0,0.0,0.0
1964-03-18,1499.03,2100.0,1500.0,Rule Curve,1500.0,1500.0,1000000.0,12140.0,0.0,9790.0,,15265.0,18883.0,0.0,1050.0,0.0,1500.0,0.0,0.0,0.0
1964-03-19,1499.46,2000.0,1500.0,Rule Curve,1500.0,1500.0,1000000.0,12140.0,0.0,9861.0,,15429.0,18903.0,0.0,1050.0,0.0,1500.0,0.0,0.0,0.0
1964-03-20,1499.8,1900.0,1500.0,Rule Curve,1500.0,1500.0,1000000.0,12140.0,0.0,9923.0,,15591.0,18916.0,0.0,1050.0,0.0,1500.0,0.0,0.0,0.0
1964-03-21,1500.15,1900.0,1500.0,Rule Curve,1500.0,1500.0,1000000.0,12140.0,0.0,9972.0,,15679.0,18931.0,0.0,1050.0,0.0,1500.0,0.0,0.0,0.0
1964-03-22,1500.41,1800.0,1500.0,Rule Curve,1500.0,1500.0,1000000.0,12140.0,0.0,10017.0,,15724.0,18940.0,0.0,1050.0,0.0,1500.0,0.0,0.0,0.0
1964-03-23,1500.58,1700.0,1500.0,Rule Curve,1500.0,1500.0,1000000.0,12140.0,0.0,10045.0,,15859.0,18954.0,0.0,1050.0,0.0,1500.0,0.0,0.0,0.0
1964-03-24,1500.67,1600.0,1500.0,Rule Curve,1500.0,1500.0,1000000.0,12140.0,0.0,10064.0,,15956.0,18956.0,0.0,1050.0,0.0,1500.0,0.0,0.0,0.0
1964-03-25,1500.67,1500.0,1500.0,Rule Curve,1500.0,1500.0,1000000.0,12140.0,0.0,10074.0,,16082.0,18955.0,0.0,1050.0,0.0,1500.0,0.0,0.0,0.0
1964-03-26,1500.67,1500.0,1500.0,Rule Curve,1500.0,1500.0,1000000.0,12140.0,0.0,10074.0,,16098.0,18955.0,0.0,1050.0,0.0,1500.0,0.0,0.0,0.0
1964-03-27,1500.67,1500.0,1500.0,Rule Curve,1500.0,1500.0,1000000.0,12140.0,0.0,10074.0,,16156.0,18955.0,0.0,1050.0,0.0,1500.0,0.0,0.0,0.0
1964-03-28,1500.75,1600.0,1500.0,Rule Curve,1500.0,1500.0,1000000.0,12140.0,0.0,10074.0,,16100.0,18953.0,0.0,1050.0,0.0,1500.0,0.0,0.0,0.0
1964-03-29,1501.18,2000.0,1500.0,Rule Curve,1500.0,1500.0,1000000.0,12140.0,0.0,10084.0,,15731.0,18963.0,0.0,1050.0,0.0,1500.0,0.0,0.0,0.0
1964-03-30,1502.17,2700.0,1500.0,Rule Curve,1500.0,1500.0,1000000.0,12140.0,0.0,10131.0,,15278.0,19004.0,0.0,1050.0,0.0,1500.0,0.0,0.0,0.0
1964-03-31,1503.66,3300.0,1500.0,Rule Curve,1500.0,1500.0,1000000.0,12140.0,0.0,10241.0,,14958.0,19028.0,0.0,1050.0,0.0,1500.0,0.0,0.0,0.0
1964-04-01,1505.46,3687.0,1500.0,Rule Curve,1500.0,1500.0,1000000.0,12140.0,0.0,10406.0,,14977.0,19061.0,0.0,1050.0,0.0,1500.0,0.0,0.0,0.0
1964-04-02,1506.74,3046.0,1500.0,Rule Curve,1500.0,1500.0,1000000.0,12140.0,0.0,10607.0,,15390.0,19090.0,0.0,1050.0,0.0,1500.0,0.0,0.0,0.0
1964-04-03,1507.66,2642.0,1500.0,Rule Curve,1500.0,1500.0,1000000.0,12140.0,0.0,10749.0,,15682.0,19111.0,0.0,1050.0,0.0,1500.0,0.0,0.0,0.0
1964-04-04,1508.5,2533.0,1500.0,Rule Curve,1500.0,1500.0,1000000.0,12140.0,0.0,10851.0,,15793.0,19127.0,0.0,1050.0,0.0,1500.0,0.0,0.0,0.0
1964-04-05,1509.17,2318.0,1500.0,Rule Curve,1500.0,1500.0,1000000.0,12140.0,0.0,10944.0,,15794.0,19142.0,0.0,1050.0,0.0,1500.0,0.0,0.0,0.0
1964-04-06,1509.61,2066.0,1500.0,Rule Curve,1500.0,1500.0,1000000.0,12140.0,0.0,11018.0,,15880.0,19152.0,0.0,1050.0,0.0,1500.0,0.0,0.0,0.0
1964-04-07,1510.04,2037.0,1500.0,Rule Curve,1500.0,1500.0,1000000.0,12140.0,0.0,11068.0,,15936.0,19160.0,0.0,1050.0,0.0,1500.0,0.0,0.0,0.0
1964-04-08,1510.78,2435.0,1500.0,Rule Curve,1500.0,1500.0,1000000.0,12140.0,0.0,11116.0,,15814.0,19170.0,0.0,1050.0,0.0,1500.0,0.0,0.0,0.0
1964-04-09,1511.75,2719.0,1500.0,Rule Curve,1500.0,1500.0,1000000.0,12140.0,0.0,11198.0,,15569.0,19186.0,0.0,1050.0,0.0,1500.0,0.0,0.0,0.0
1964-04-10,1513.01,3135.0,1500.0,Rule Curve,1500.0,1500.0,1000000.0,12140.0,0.0,11305.0,,15242.0,19207.0,0.0,1050.0,0.0,1500.0,0.0,0.0,0.0
1964-04-11,1514.27,3098.0,1500.0,Rule Curve,1500.0,1500.0,1000000.0,12140.0,0.0,11445.0,,15174.0,19230.0,0.0,1050.0,0.0,1500.0,0.0,0.0,0.0
1964-04-12,1515.39,2930.0,1500.0,Rule Curve,1500.0,1500.0,1000000.0,12140.0,0.0,11586.0,,15311.0,19251.0,0.0,1050.0,0.0,1500.0,0.0,0.0,0.0
1964-04-13,1516.26,2639.0,1500.0,Rule Curve,1500.0,1500.0,1000000.0,12140.0,0.0,11710.0,,15526.0,19270.0,0.0,1050.0,0.0,1500.0,0.0,0.0,0.0
1964-04-14,1517.2,2731.0,1500.0,Rule Curve,1500.0,1500.0,1000000.0,12140.0,0.0,11807.0,,15496.0,19286.0,0.0,1050.0,0.0,1500.0,0.0,0.0,0.0
1964-04-15,1518.75,3532.0,1500.0,Rule Curve,1500.0,1500.0,1000000.0,12140.0,0.0,11911.0,,15030.0,19310.0,0.0,1050.0,0.0,1500.0,0.0,0.0,0.0
1964-04-16,1520.39,3693.0,1500.0,Rule Curve,1500.0,1500.0,1000000.0,12140.0,0.0,12083.0,,15078.0,19343.0,0.0,1050.0,0.0,1500.0,0.0,0.0,0.0
1964-04-17,1521.48,2965.0,1500.0,Rule Curve,1500.0,1500.0,1000000.0,12140.0,0.0,12265.0,,15503.0,19371.0,0.0,1050.0,0.0,1500.0,0.0,0.0,0.0
1964-04-18,1522.2,2468.0,1500.0,Rule Curve,1500.0,1500.0,1000000.0,12140.0,0.0,12387.0,,15717.0,19385.0,0.0,1050.0,0.0,1500.0,0.0,0.0,0.0
1964-04-19,1522.87,2423.0,1500.0,Rule Curve,1500.0,1500.0,1000000.0,12140.0,0.0,12466.0,,15875.0,19401.0,0.0,1050.0,0.0,1500.0,0.0,0.0,0.0
1964-04-20,1523.41,2231.0,1500.0,Rule Curve,1500.0,1500.0,1000000.0,12140.0,0.0,12542.0,,15863.0,19414.0,0.0,1050.0,0.0,1500.0,0.0,0.0,0.0
1964-04-21,1523.95,2232.0,1500.0,Rule Curve,1500.0,1500.0,1000000.0,12140.0,0.0,12601.0,,15962.0,19427.0,0.0,1050.0,0.0,1500.0,0.0,0.0,0.0
1964-04-22,1524.81,2678.0,1500.0,Rule Curve,1500.0,1500.0,1000000.0,12140.0,0.0,12661.0,,15851.0,19443.0,0.0,1050.0,0.0,1500.0,0.0,0.0,0.0
1964-04-23,1525.41,2307.0,1500.0,Rule Curve,1500.0,1500.0,1000000.0,12140.0,0.0,12757.0,,15856.0,19460.0,0.0,1050.0,0.0,1500.0,0.0,0.0,0.0
1964-04-24,1525.95,2241.0,1500.0,Rule Curve,1500.0,1500.0,1000000.0,12140.0,0.0,12823.0,,15939.0,19472.0,0.0,1050.0,0.0,1500.0,0.0,0.0,0.0
1964-04-25,1526.42,2131.0,1500.0,Rule Curve,1500.0,1500.0,1000000.0,12140.0,0.0,12883.0,,15846.0,19482.0,0.0,1050.0,0.0,1500.0,0.0,0.0,0.0
1964-04-26,1527.07,2390.0,1500.0,Rule Curve,1500.0,1500.0,1000000.0,12140.0,0.0,12935.0,,15527.0,19494.0,0.0,1050.0,0.0,1500.0,0.0,0.0,0.0
1964-04-27,1527.89,2660.0,1500.0,Rule Curve,1500.0,1500.0,1000000.0,12140.0,0.0,13007.0,,15365.0,19510.0,0.0,1050.0,0.0,1500.0,0.0,0.0,0.0
1964-04-28,1528.68,2612.0,1500.0,Rule Curve,1500.0,1500.0,1000000.0,12140.0,0.0,13099.0,,15546.0,19528.0,0.0,1050.0,0.0,1500.0,0.0,0.0,0.0
1964-04-29,1529.85,3111.0,1500.0,Rule Curve,1500.0,1500.0,1000000.0,12140.0,0.0,13186.0,,15463.0,19548.0,0.0,1050.0,0.0,1500.0,0.0,0.0,0.0
1964-04-30,1530.84,2891.0,1500.0,Rule Curve,1500.0,1500.0,1000000.0,12140.0,0.0,13316.0,,15611.0,19570.0,0.0,1050.0,0.0,1500.0,0.0,0.0,0.0
1964-05-01,1531.5,2612.0,1646.0,Rule Curve,1646.0,1646.0,1000000.0,12140.0,0.0,13426.0,,15709.0,19589.0,0.0,1050.0,0.0,1646.0,0.0,0.0,0.0
1964-05-02,1531.99,2350.0,1646.0,Rule Curve,1646.0,1646.0,1000000.0,12140.0,0.0,13500.0,,15856.0,19600.0,0.0,1050.0,0.0,1646.0,0.0,0.0,0.0
1964-05-03,1532.31,2108.0,1646.0,Rule Curve,1646.0,1646.0,1000000.0,12140.0,0.0,13554.0,,16015.0,19609.0,0.0,1050.0,0.0,1646.0,0.0,0.0,0.0
1964-05-04,1532.56,1997.0,1646.0,Rule Curve,1646.0,1646.0,1000000.0,12140.0,0.0,13590.0,,16070.0,19614.0,0.0,1050.0,0.0,1646.0,0.0,0.0,0.0
1964-05-05,1532.83,2029.0,1646.0,Rule Curve,1646.0,1646.0,1000000.0,12140.0,0.0,13618.0,,16089.0,19620.0,0.0,1050.0,0.0,1646.0,0.0,0.0,0.0
1964-05-06,1532.88,1710.0,1646.0,Rule Curve,1646.0,1646.0,1000000.0,12140.0,0.0,13648.0,,16117.0,19623.0,0.0,1050.0,0.0,1646.0,0.0,0.0,0.0
1964-05-07,1532.98,1787.0,1646.0,Rule Curve,1646.0,1646.0,1000000.0,12140.0,0.0,13653.0,,16135.0,19624.0,0.0,1050.0,0.0,1646.0,0.0,0.0,0.0
1964-05-08,1533.01,1695.0,1646.0,Rule Curve,1646.0,1646.0,1000000.0,12140.0,0.0,13664.0,,16204.0,19626.0,0.0,1050.0,0.0,1646.0,0.0,0.0,0.0
1964-05-09,1533.29,2032.0,1646.0,Rule Curve,1646.0,1646.0,1000000.0,12140.0,0.0,13668.0,,16081.0,19629.0,0.0,1050.0,0.0,1646.0,0.0,0.0,0.0
1964-05-10,1533.91,2526.0,1646.0,Rule Curve,1646.0,1646.0,1000000.0,12140.0,0.0,13698.0,,15760.0,19638.0,0.0,1050.0,0.0,1646.0,0.0,0.0,0.0
1964-05-11,1534.78,2917.0,1646.0,Rule Curve,1646.0,1646.0,1000000.0,12140.0,0.0,13768.0,,15505.0,19649.0,0.0,1050.0,0.0,1646.0,0.0,0.0,0.0
1964-05-12,1535.93,3331.0,1646.0,Rule Curve,1646.0,1646.0,1000000.0,12140.0,0.0,13865.0,,15418.0,19668.0,0.0,1050.0,0.0,1646.0,0.0,0.0,0.0
1964-05-13,1537.49,3926.0,1646.0,Rule Curve,1646.0,1646.0,1000000.0,12140.0,0.0,13993.0,,15311.0,19692.0,0.0,1050.0,0.0,1646.0,0.0,0.0,0.0
1964-05-14,1538.48,3091.0,1646.0,Rule Curve,1646.0,1646.0,1000000.0,12140.0,0.0,14166.0,,15804.0,19711.0,0.0,1050.0,0.0,1646.0,0.0,0.0,0.0
1964-05-15,1539.46,3081.0,1646.0,Rule Curve,1646.0,1646.0,1000000.0,12140.0,0.0,14276.0,,15865.0,19728.0,0.0,1050.0,0.0,1646.0,0.0,0.0,0.0
1964-05-16,1540.56,3285.0,1646.0,Rule Curve,1646.0,1646.0,1000000.0,12140.0,0.0,14385.0,,15907.0,19741.0,0.0,1050.0,0.0,1646.0,0.0,0.0,0.0
1964-05-17,1542.07,3926.0,1646.0,Rule Curve,1646.0,1646.0,1000000.0,12140.0,0.0,14507.0,,15630.0,19757.0,0.0,1050.0,0.0,1646.0,0.0,0.0,0.0
1964-05-18,1543.76,4205.0,1646.0,Rule Curve,1646.0,1646.0,1000000.0,0.0,0.0,14675.0,,15585.0,19777.0,0.0,1050.0,0.0,1646.0,0.0,0.0,0.0
1964-05-19,1545.72,4690.0,1646.0,Rule Curve,1646.0,1646.0,1000000.0,0.0,0.0,14863.0,,15323.0,19800.0,0.0,1050.0,0.0,1646.0,0.0,0.0,0.0
1964-05-20,1548.16,5458.0,1646.0,Rule Curve,1646.0,1646.0,1000000.0,0.0,0.0,15080.0,,14998.0,20454.0,0.0,1050.0,0.0,1646.0,0.0,0.0,0.0
1964-05-21,1550.81,5880.0,1646.0,Rule Curve,1646.0,1646.0,1000000.0,0.0,0.0,15351.0,,14685.0,22004.0,0.0,1050.0,0.0,1646.0,0.0,0.0,0.0
1964-05-22,1552.48,4361.0,1646.0,Rule Curve,1646.0,1646.0,1000000.0,0.0,0.0,15645.0,,15293.0,23992.0,0.0,1050.0,0.0,1646.0,0.0,0.0,0.0
1964-05-23,1553.54,3381.0,1646.0,Rule Curve,1646.0,1646.0,1000000.0,0.0,0.0,15831.0,,15720.0,25077.0,0.0,1050.0,0.0,1646.0,0.0,0.0,0.0
1964-05-24,1554.57,3338.0,1646.0,Rule Curve,1646.0,1646.0,1000000.0,0.0,0.0,15948.0,,16058.0,25986.0,0.0,1050.0,0.0,1646.0,0.0,0.0,0.0
1964-05-25,1555.62,3391.0,1646.0,Rule Curve,1646.0,1646.0,1000000.0,0.0,0.0,16063.0,,16249.0,27405.0,0.0,1050.0,0.0,1646.0,0.0,0.0,0.0
1964-05-26,1556.51,3153.0,1646.0,Rule Curve,1646.0,1646.0,1000000.0,0.0,0.0,16180.0,,17227.0,28561.0,0.0,1050.0,0.0,1646.0,0.0,0.0,0.0
1964-05-27,1557.41,3203.0,1646.0,Rule Curve,1646.0,1646.0,1000000.0,0.0,0.0,16279.0,,18545.0,29385.0,0.0,1050.0,0.0,1646.0,0.0,0.0,0.0
1964-05-28,1558.5,3811.0,1976.0,Rule Curve,1976.0,1976.0,1000000.0,0.0,0.0,16379.0,,19766.0,30811.0,0.0,1050.0,1976.0,1646.0,0.0,0.0,0.0
1964-05-29,1558.5,3823.0,3823.0,Rule Curve,3823.0,3823.0,1000000.0,0.0,0.0,16500.0,,20685.0,32291.0,0.0,1050.0,3823.0,1646.0,0.0,0.0,0.0
1964-05-30,1558.5,4151.0,4151.0,Rule Curve,4151.0,4151.0,1000000.0,0.0,0.0,16500.0,,20251.0,32430.0,0.0,1050.0,4151.0,1646.0,0.0,0.0,0.0
1964-05-31,1558.5,4731.0,4731.0,Rule Curve,4731.0,4731.0,1000000.0,0.0,0.0,16500.0,,20188.0,32660.0,0.0,1050.0,4731.0,1646.0,0.0,0.0,0.0
1964-06-01,1558.5,5105.0,5105.0,Rule Curve,5105.0,5105.0,1000000.0,0.0,0.0,16500.0,,20112.0,32830.0,0.0,1050.0,5105.0,1426.0,0.0,0.0,0.0
1964-06-02,1558.5,4614.0,4614.0,Rule Curve,4614.0,4614.0,1000000.0,0.0,0.0,16500.0,,20929.0,32627.0,0.0,1050.0,4614.0,1426.0,0.0,0.0,0.0
1964-06-03,1558.5,3790.0,3790.0,Rule Curve,3790.0,3790.0,1000000.0,0.0,0.0,16500.0,,21353.0,32282.0,0.0,1050.0,3790.0,1426.0,0.0,0.0,0.0
1964-06-04,1558.5,4414.0,4414.0,Rule Curve,4414.0,4414.0,1000000.0,0.0,0.0,16500.0,,21058.0,32532.0,0.0,1050.0,4414.0,1426.0,0.0,0.0,0.0
1964-06-05,1558.5,4883.0,4883.0,Rule Curve,4883.0,4883.0,1000000.0,0.0,0.0,16500.0,,20391.0,32738.0,0.0,1050.0,4883.0,1426.0,0.0,0.0,0.0
1964-06-06,1558.5,4777.0,4777.0,Rule Curve,4777.0,4777.0,1000000.0,0.0,0.0,16500.0,,20532.0,32694.0,0.0,1050.0,4777.0,1426.0,0.0,0.0,0.0
1964-06-07,1558.5,5208.0,5208.0,Rule Curve,5208.0,5208.0,1000000.0,0.0,0.0,16500.0,,19707.0,32874.0,0.0,1050.0,5208.0,1426.0,0.0,0.0,0.0
1964-06-08,1558.5,4243.0,4243.0,Rule Curve,4243.0,4243.0,1000000.0,0.0,0.0,16500.0,,20084.0,32466.0,0.0,1050.0,4243.0,1426.0,0.0,0.0,0.0
1964-06-09,1558.5,3505.0,3505.0,Rule Curve,3505.0,3505.0,1000000.0,0.0,0.0,16500.0,,21301.0,32165.0,0.0,1050.0,3505.0,1426.0,0.0,0.0,0.0
1964-06-10,1558.5,3482.0,3482.0,Rule Curve,3482.0,3482.0,1000000.0,0.0,0.0,16500.0,,21544.0,32157.0,0.0,1050.0,3482.0,1426.0,0.0,0.0,0.0
1964-06-11,1558.5,3181.0,3181.0,Rule Curve,3181.0,3181.0,1000000.0,0.0,0.0,16500.0,,21685.0,32038.0,0.0,1050.0,3181.0,1426.0,0.0,0.0,0.0
1964-06-12,1558.5,3107.0,3107.0,Rule Curve,3107.0,3107.0,1000000.0,0.0,0.0,16500.0,,21836.0,32009.0,0.0,1050.0,3107.0,1426.0,0.0,0.0,0.0
1964-06-13,1558.5,3127.0,3127.0,Rule Curve,3127.0,3127.0,1000000.0,0.0,0.0,16500.0,,21795.0,32017.0,0.0,1050.0,3127.0,1426.0,0.0,0.0,0.0
1964-06-14,1558.5,3136.0,3136.0,Rule Curve,3136.0,3136.0,1000000.0,0.0,0.0,16500.0,,21836.0,32021.0,0.0,1050.0,3136.0,1426.0,0.0,0.0,0.0
1964-06-15,1558.5,3107.0,3107.0,Rule Curve,3107.0,3107.0,1000000.0,0.0,0.0,16500.0,,21921.0,32009.0,0.0,1050.0,3107.0,1426.0,0.0,0.0,0.0
1964-06-16,1558.5,3026.0,3026.0,Rule Curve,3026.0,3026.0,1000000.0,0.0,0.0,16500.0,,21898.0,31978.0,0.0,1050.0,3026.0,1426.0,0.0,0.0,0.0
1964-06-17,1558.5,3368.0,3368.0,Rule Curve,3368.0,3368.0,1000000.0,0.0,0.0,16500.0,,21197.0,32112.0,0.0,1050.0,3368.0,1426.0,0.0,0.0,0.0
1964-06-18,1558.5,2698.0,2698.0,Rule Curve,2698.0,2698.0,1000000.0,0.0,0.0,16500.0,,20783.0,31861.0,0.0,1050.0,2698.0,1426.0,0.0,0.0,0.0
1964-06-19,1558.5,2992.0,2992.0,Rule Curve,2992.0,2992.0,1000000.0,0.0,0.0,16500.0,,21319.0,31965.0,0.0,1050.0,2992.0,1426.0,0.0,0.0,0.0
1964-06-20,1558.5,2727.0,2727.0,Rule Curve,2727.0,2727.0,1000000.0,0.0,0.0,16500.0,,21636.0,31861.0,0.0,1050.0,2727.0,1426.0,0.0,0.0,0.0
1964-06-21,1558.5,2268.0,2268.0,Rule Curve,2268.0,2268.0,1000000.0,0.0,0.0,16500.0,,22010.0,31870.0,0.0,1050.0,2268.0,1426.0,0.0,0.0,0.0
1964-06-22,1558.5,2413.0,2413.0,Rule Curve,2413.0,2413.0,1000000.0,0.0,0.0,16500.0,,21970.0,31891.0,0.0,1050.0,2413.0,1426.0,0.0,0.0,0.0
1964-06-23,1558.5,2268.0,2268.0,Rule Curve,2268.0,2268.0,1000000.0,0.0,0.0,16500.0,,21826.0,31870.0,0.0,1050.0,2268.0,1426.0,0.0,0.0,0.0
1964-06-24,1558.5,2711.0,2711.0,Rule Curve,2711.0,2711.0,1000000.0,0.0,0.0,16500.0,,21842.0,31866.0,0.0,1050.0,2711.0,1426.0,0.0,0.0,0.0
1964-06-25,1558.5,2362.0,2362.0,Rule Curve,2362.0,2362.0,1000000.0,0.0,0.0,16500.0,,21868.0,31886.0,0.0,1050.0,2362.0,1426.0,0.0,0.0,0.0
1964-06-26,1558.5,2293.0,2293.0,Rule Curve,2293.0,2293.0,1000000.0,0.0,0.0,16500.0,,22195.0,31877.0,0.0,1050.0,2293.0,1426.0,0.0,0.0,0.0
1964-06-27,1558.5,2001.0,2001.0,Rule Curve,2001.0,2001.0,1000000.0,0.0,0.0,16500.0,,22207.0,31708.0,0.0,1050.0,2001.0,1426.0,0.0,0.0,0.0
1964-06-28,1558.5,1850.0,1850.0,Rule Curve,1850.0,1850.0,1000000.0,0.0,0.0,16500.0,,22390.0,31671.0,0.0,1050.0,1850.0,1426.0,0.0,0.0,0.0
1964-06-29,1558.5,1799.0,1799.0,Rule Curve,1799.0,1799.0,1000000.0,0.0,0.0,16500.0,,22335.0,31683.0,0.0,1050.0,1799.0,1426.0,0.0,0.0,0.0
1964-06-30,1558.5,1809.0,1809.0,Rule Curve,1809.0,1809.0,1000000.0,0.0,0.0,16500.0,,22221.0,31687.0,0.0,1050.0,1809.0,1426.0,0.0,0.0,0.0
1964-07-01,1558.5,2015.0,2015.0,Rule Curve,2015.0,2015.0,1000000.0,0.0,0.0,16500.0,,22232.0,31709.0,0.0,1050.0,2015.0,1536.0,0.0,0.0,0.0
1964-07-02,1558.5,1686.0,1686.0,Rule Curve,1686.0,1686.0,1000000.0,0.0,0.0,16500.0,,22232.0,31636.0,0.0,1050.0,1686.0,1536.0,0.0,0.0,0.0
1964-07-03,1558.5,1839.0,1839.0,Rule Curve,1839.0,1839.0,1000000.0,0.0,0.0,16500.0,,22340.0,31677.0,0.0,1050.0,1839.0,1536.0,0.0,0.0,0.0
1964-07-04,1558.5,1598.0,1598.0,Rule Curve,1598.0,1598.0,1000000.0,0.0,0.0,16500.0,,22304.0,31394.0,0.0,1050.0,1598.0,1536.0,0.0,0.0,0.0
1964-07-05,1558.48,1497.0,1536.0,Rule Curve,1536.0,1536.0,1000000.0,0.0,0.0,16500.0,,22402.0,31343.0,0.0,1050.0,1497.0,1536.0,0.0,0.0,0.0
1964-07-06,1558.41,1418.0,1536.0,Rule Curve,1536.0,1536.0,1000000.0,0.0,0.0,16497.0,,22289.0,31342.0,0.0,1050.0,1379.0,1536.0,0.0,0.0,0.0
1964-07-07,1558.36,1460.0,1536.0,Rule Curve,1536.0,1536.0,1000000.0,0.0,0.0,16490.0,,22155.0,31439.0,0.0,1050.0,1303.0,1536.0,0.0,0.0,0.0
1964-07-08,1558.35,1518.0,1536.0,Rule Curve,1536.0,1536.0,1000000.0,0.0,0.0,16484.0,,22149.0,31410.0,0.0,1050.0,1285.0,1536.0,0.0,0.0,0.0
1964-07-09,1558.29,1440.0,1536.0,Rule Curve,1536.0,1536.0,1000000.0,0.0,0.0,16483.0,,22066.0,31171.0,0.0,1050.0,1189.0,1536.0,0.0,0.0,0.0
1964-07-10,1558.24,1447.0,1536.0,Rule Curve,1536.0,1536.0,1000000.0,0.0,0.0,16477.0,,21940.0,31184.0,0.0,1050.0,1100.0,1536.0,0.0,0.0,0.0
1964-07-11,1558.09,1284.0,1536.0,Rule Curve,1536.0,1536.0,1000000.0,0.0,0.0,16471.0,,21915.0,30980.0,0.0,1050.0,848.0,1536.0,0.0,0.0,0.0
1964-07-12,1558.05,1475.0,1536.0,Rule Curve,1536.0,1536.0,1000000.0,0.0,0.0,16454.0,,21690.0,30768.0,0.0,1050.0,787.0,1536.0,0.0,0.0,0.0
1964-07-13,1557.99,1432.0,1536.0,Rule Curve,1536.0,1536.0,1000000.0,0.0,0.0,16450.0,,21641.0,30663.0,0.0,1050.0,683.0,1536.0,0.0,0.0,0.0
1964-07-14,1557.96,1482.0,1536.0,Rule Curve,1536.0,1536.0,1000000.0,0.0,0.0,16443.0,,21543.0,30643.0,0.0,1050.0,629.0,1536.0,0.0,0.0,0.0
1964-07-15,1558.2,1743.0,1336.0,Rule Curve,1336.0,1336.0,1000000.0,0.0,0.0,16440.0,,21504.0,30665.0,0.0,1050.0,836.0,1336.0,0.0,0.0,0.0
1964-07-16,1558.23,1380.0,1336.0,Rule Curve,1336.0,1336.0,1000000.0,0.0,0.0,16467.0,,21926.0,30946.0,0.0,1050.0,880.0,1336.0,0.0,0.0,0.0
1964-07-17,1558.17,1245.0,1336.0,Rule Curve,1336.0,1336.0,1000000.0,0.0,0.0,16470.0,,21911.0,30980.0,0.0,1050.0,789.0,1336.0,0.0,0.0,0.0
1964-07-18,1558.11,1236.0,1336.0,Rule Curve,1336.0,1336.0,1000000.0,0.0,0.0,16463.0,,21856.0,30724.0,0.0,1050.0,689.0,1336.0,0.0,0.0,0.0
1964-07-19,1558.0,1155.0,1336.0,Rule Curve,1336.0,1336.0,1000000.0,0.0,0.0,16457.0,,21749.0,30688.0,0.0,1050.0,508.0,1336.0,0.0,0.0,0.0
1964-07-20,1557.84,1050.0,1336.0,Rule Curve,1336.0,1336.0,1000000.0,0.0,0.0,16445.0,,21545.0,30525.0,0.0,1050.0,222.0,1336.0,0.0,0.0,0.0
1964-07-21,1557.68,1074.0,1336.0,Rule Curve,1336.0,1336.0,1000000.0,0.0,0.0,16426.0,,21304.0,30475.0,0.0,1050.0,0.0,1336.0,0.0,0.0,0.0
1964-07-22,1557.55,1102.0,1336.0,Rule Curve,1336.0,1336.0,1000000.0,0.0,0.0,16409.0,,21085.0,30322.0,0.0,1050.0,0.0,1336.0,0.0,0.0,0.0
1964-07-23,1557.35,1001.0,1336.0,Rule Curve,1336.0,1336.0,1000000.0,0.0,0.0,16394.0,,20882.0,30271.0,0.0,1050.0,0.0,1336.0,0.0,0.0,0.0
1964-07-24,1557.15,991.0,1336.0,Rule Curve,1336.0,1336.0,1000000.0,0.0,0.0,16372.0,,20554.0,29781.0,0.0,1050.0,0.0,1336.0,0.0,0.0,0.0
1964-07-25,1556.94,971.0,1336.0,Rule Curve,1336.0,1336.0,1000000.0,0.0,0.0,16350.0,,20248.0,29460.0,0.0,1050.0,0.0,1336.0,0.0,0.0,0.0
1964-07-26,1556.71,941.0,1336.0,Rule Curve,1336.0,1336.0,1000000.0,0.0,0.0,16326.0,,19895.0,29388.0,0.0,1050.0,0.0,1336.0,0.0,0.0,0.0
1964-07-27,1556.36,739.0,1336.0,Rule Curve,1336.0,1336.0,1000000.0,0.0,0.0,16301.0,,19506.0,28923.0,0.0,1050.0,0.0,1336.0,0.0,0.0,0.0
1964-07-28,1556.15,981.0,1336.0,Rule Curve,1336.0,1336.0,1000000.0,0.0,0.0,16262.0,,19014.0,28665.0,0.0,1050.0,0.0,1336.0,0.0,0.0,0.0
1964-07-29,1555.97,1020.0,1336.0,Rule Curve,1336.0,1336.0,1000000.0,0.0,0.0,16239.0,,18708.0,28475.0,0.0,1050.0,0.0,1336.0,0.0,0.0,0.0
1964-07-30,1555.71,910.0,1336.0,Rule Curve,1336.0,1336.0,1000000.0,0.0,0.0,16218.0,,18339.0,28210.0,0.0,1050.0,0.0,1336.0,0.0,0.0,0.0
1964-07-31,1555.43,871.0,1336.0,Rule Curve,1336.0,1336.0,1000000.0,0.0,0.0,16190.0,,17873.0,27880.0,0.0,1050.0,0.0,1336.0,0.0,0.0,0.0
1964-08-01,1555.26,1008.0,1297.0,Rule Curve,1297.0,1297.0,1000000.0,0.0,0.0,16159.0,,17473.0,27409.0,0.0,1050.0,0.0,1297.0,0.0,0.0,0.0
1964-08-02,1555.05,947.0,1297.0,Rule Curve,1297.0,1297.0,1000000.0,0.0,0.0,16140.0,,17184.0,27374.0,0.0,1050.0,0.0,1297.0,0.0,0.0,0.0
1964-08-03,1555.09,1370.0,1297.0,Rule Curve,1297.0,1297.0,1000000.0,0.0,0.0,16116.0,,16942.0,27286.0,0.0,1050.0,0.0,1297.0,0.0,0.0,0.0
1964-08-04,1555.14,1379.0,1297.0,Rule Curve,1297.0,1297.0,1000000.0,0.0,0.0,16121.0,,16992.0,27350.0,0.0,1050.0,0.0,1297.0,0.0,0.0,0.0
1964-08-05,1554.92,925.0,1297.0,Rule Curve,1297.0,1297.0,1000000.0,0.0,0.0,16127.0,,17006.0,27293.0,0.0,1050.0,0.0,1297.0,0.0,0.0,0.0
1964-08-06,1554.78,1076.0,1297.0,Rule Curve,1297.0,1297.0,1000000.0,0.0,0.0,16102.0,,16849.0,27081.0,0.0,1050.0,0.0,1297.0,0.0,0.0,0.0
1964-08-07,1554.35,572.0,1297.0,Rule Curve,1297.0,1297.0,1000000.0,0.0,0.0,16087.0,,16879.0,26970.0,0.0,1050.0,0.0,1297.0,0.0,0.0,0.0
1964-08-08,1553.81,411.0,1297.0,Rule Curve,1297.0,1297.0,1000000.0,0.0,0.0,16039.0,,16889.0,26390.0,0.0,1050.0,0.0,1297.0,0.0,0.0,0.0
1964-08-09,1553.49,776.0,1297.0,Rule Curve,1297.0,1297.0,1000000.0,0.0,0.0,15979.0,,16901.0,25747.0,0.0,1050.0,0.0,1297.0,0.0,0.0,0.0
1964-08-10,1553.21,855.0,1297.0,Rule Curve,1297.0,1297.0,1000000.0,0.0,0.0,15943.0,,16897.0,25615.0,0.0,1050.0,0.0,1297.0,0.0,0.0,0.0
1964-08-11,1552.91,814.0,1297.0,Rule Curve,1297.0,1297.0,1000000.0,0.0,0.0,15912.0,,16859.0,25461.0,0.0,1050.0,0.0,1297.0,0.0,0.0,0.0
1964-08-12,1552.6,776.0,1297.0,Rule Curve,1297.0,1297.0,1000000.0,0.0,0.0,15879.0,,16887.0,25086.0,0.0,1050.0,0.0,1297.0,0.0,0.0,0.0
1964-08-13,1552.27,745.0,1297.0,Rule Curve,1297.0,1297.0,1000000.0,0.0,0.0,15845.0,,16902.0,24075.0,0.0,1050.0,0.0,1297.0,0.0,0.0,0.0
1964-08-14,1551.98,824.0,1297.0,Rule Curve,1297.0,1297.0,1000000.0,0.0,0.0,15808.0,,16939.0,24523.0,0.0,1050.0,0.0,1297.0,0.0,0.0,0.0
1964-08-15,1551.65,754.0,1297.0,Rule Curve,1297.0,1297.0,1000000.0,0.0,0.0,15776.0,,16942.0,24481.0,0.0,1050.0,0.0,1297.0,0.0,0.0,0.0
1964-08-16,1551.36,824.0,1297.0,Rule Curve,1297.0,1297.0,1000000.0,0.0,0.0,15739.0,,16942.0,24194.0,0.0,1050.0,0.0,1297.0,0.0,0.0,0.0
1964-08-17,1550.99,705.0,1297.0,Rule Curve,1297.0,1297.0,1000000.0,0.0,0.0,15706.0,,16929.0,23850.0,0.0,1050.0,0.0,1297.0,0.0,0.0,0.0
1964-08-18,1550.66,764.0,1297.0,Rule Curve,1297.0,1297.0,1000000.0,0.0,0.0,15665.0,,16936.0,23458.0,0.0,1050.0,0.0,1297.0,0.0,0.0,0.0
1964-08-19,1550.34,784.0,1297.0,Rule Curve,1297.0,1297.0,1000000.0,0.0,0.0,15629.0,,16925.0,23573.0,0.0,1050.0,0.0,1297.0,0.0,0.0,0.0
1964-08-20,1550.04,818.0,1297.0,Rule Curve,1297.0,1297.0,1000000.0,0.0,0.0,15593.0,,16951.0,23265.0,0.0,1050.0,0.0,1297.0,0.0,0.0,0.0
1964-08-21,1549.69,735.0,1297.0,Rule Curve,1297.0,1297.0,1000000.0,0.0,0.0,15560.0,,16951.0,22956.0,0.0,1050.0,0.0,1297.0,0.0,0.0,0.0
1964-08-22,1549.32,687.0,1297.0,Rule Curve,1297.0,1297.0,1000000.0,0.0,0.0,15522.0,,16939.0,22650.0,0.0,1050.0,0.0,1297.0,0.0,0.0,0.0
1964-08-23,1548.97,739.0,1297.0,Rule Curve,1297.0,1297.0,1000000.0,0.0,0.0,15480.0,,16972.0,22371.0,0.0,1050.0,0.0,1297.0,0.0,0.0,0.0
1964-08-24,1548.4,408.0,1297.0,Rule Curve,1297.0,1297.0,1000000.0,0.0,0.0,15441.0,,16964.0,22079.0,0.0,1050.0,0.0,1297.0,0.0,0.0,0.0
1964-08-25,1548.0,668.0,1297.0,Rule Curve,1297.0,1297.0,1000000.0,0.0,0.0,15378.0,,16970.0,21718.0,0.0,1050.0,0.0,1297.0,0.0,0.0,0.0
1964-08-26,1547.76,921.0,1297.0,Rule Curve,1297.0,1297.0,1000000.0,0.0,0.0,15333.0,,17016.0,21475.0,0.0,1050.0,0.0,1297.0,0.0,0.0,0.0
1964-08-27,1547.37,692.0,1297.0,Rule Curve,1297.0,1297.0,1000000.0,0.0,0.0,15306.0,,16961.0,21301.0,0.0,1050.0,0.0,1297.0,0.0,0.0,0.0
1964-08-28,1547.08,850.0,1297.0,Rule Curve,1297.0,1297.0,1000000.0,0.0,0.0,15263.0,,16813.0,21093.0,0.0,1050.0,0.0,1297.0,0.0,0.0,0.0
1964-08-29,1546.75,777.0,1297.0,Rule Curve,1297.0,1297.0,1000000.0,0.0,0.0,15232.0,,16878.0,20927.0,0.0,1050.0,0.0,1297.0,0.0,0.0,0.0
1964-08-30,1546.39,735.0,1297.0,Rule Curve,1297.0,1297.0,1000000.0,0.0,0.0,15195.0,,16918.0,20742.0,0.0,1050.0,0.0,1297.0,0.0,0.0,0.0
1964-08-31,1546.08,812.0,1297.0,Rule Curve,1297.0,1297.0,1000000.0,0.0,0.0,15155.0,,16966.0,20573.0,0.0,1050.0,0.0,1297.0,0.0,0.0,0.0
1964-09-01,1545.48,748.0,1691.0,Rule Curve,1691.0,1691.0,1000000.0,0.0,0.0,15120.0,,16786.0,20420.0,0.0,1050.0,0.0,1691.0,0.0,0.0,0.0
1964-09-02,1544.8,624.0,1691.0,Rule Curve,1691.0,1691.0,1000000.0,0.0,0.0,15053.0,,16652.0,20216.0,0.0,1050.0,0.0,1691.0,0.0,0.0,0.0
1964-09-03,1544.11,611.0,1691.0,Rule Curve,1691.0,1691.0,1000000.0,0.0,0.0,14977.0,,16843.0,20014.0,0.0,1050.0,0.0,1691.0,0.0,0.0,0.0
1964-09-04,1543.49,762.0,1691.0,Rule Curve,1691.0,1691.0,1000000.0,0.0,0.0,14901.0,,16867.0,19788.0,0.0,1050.0,0.0,1691.0,0.0,0.0,0.0
1964-09-05,1542.87,745.0,1691.0,Rule Curve,1691.0,1691.0,1000000.0,0.0,0.0,14833.0,,16901.0,19780.0,0.0,1050.0,0.0,1691.0,0.0,0.0,0.0
1964-09-06,1542.21,698.0,1691.0,Rule Curve,1691.0,1691.0,1000000.0,0.0,0.0,14763.0,,16950.0,19772.0,0.0,1050.0,0.0,1691.0,0.0,0.0,0.0
1964-09-07,1541.52,641.0,1691.0,Rule Curve,1691.0,1691.0,1000000.0,12140.0,0.0,14690.0,,16848.0,19764.0,0.0,1050.0,0.0,1691.0,0.0,0.0,0.0
1964-09-08,1540.74,520.0,1691.0,Rule Curve,1691.0,1691.0,1000000.0,12140.0,0.0,14613.0,,16881.0,19754.0,0.0,1050.0,0.0,1691.0,0.0,0.0,0.0
1964-09-09,1540.05,637.0,1691.0,Rule Curve,1691.0,1691.0,1000000.0,12140.0,0.0,14527.0,,16884.0,19745.0,0.0,1050.0,0.0,1691.0,0.0,0.0,0.0
1964-09-10,1539.32,621.0,1691.0,Rule Curve,1691.0,1691.0,1000000.0,12140.0,0.0,14450.0,,16894.0,19737.0,0.0,1050.0,0.0,1691.0,0.0,0.0,0.0
1964-09-11,1538.57,601.0,1691.0,Rule Curve,1691.0,1691.0,1000000.0,12140.0,0.0,14369.0,,16893.0,19723.0,0.0,1050.0,0.0,1691.0,0.0,0.0,0.0
1964-09-12,1537.91,730.0,1691.0,Rule Curve,1691.0,1691.0,1000000.0,12140.0,0.0,14286.0,,16916.0,19713.0,0.0,1050.0,0.0,1691.0,0.0,0.0,0.0
1964-09-13,1537.21,661.0,1691.0,Rule Curve,1691.0,1691.0,1000000.0,12140.0,0.0,14213.0,,16937.0,19703.0,0.0,1050.0,0.0,1691.0,0.0,0.0,0.0
1964-09-14,1536.49,638.0,1691.0,Rule Curve,1691.0,1691.0,1000000.0,12140.0,0.0,14134.0,,16951.0,19692.0,0.0,1050.0,0.0,1691.0,0.0,0.0,0.0
1964-09-15,1535.75,608.0,1691.0,Rule Curve,1691.0,1691.0,1000000.0,12140.0,0.0,14054.0,,16966.0,19679.0,0.0,1050.0,0.0,1691.0,0.0,0.0,0.0
1964-09-16,1535.06,677.0,1691.0,Rule Curve,1691.0,1691.0,1000000.0,12140.0,0.0,13972.0,,16948.0,19667.0,0.0,1050.0,0.0,1691.0,0.0,0.0,0.0
1964-09-17,1534.49,869.0,1691.0,Rule Curve,1691.0,1691.0,1000000.0,12140.0,0.0,13895.0,,16871.0,19656.0,0.0,1050.0,0.0,1691.0,0.0,0.0,0.0
1964-09-18,1533.65,477.0,1691.0,Rule Curve,1691.0,1691.0,1000000.0,12140.0,0.0,13833.0,,16910.0,19643.0,0.0,1050.0,0.0,1691.0,0.0,0.0,0.0
1964-09-19,1532.94,689.0,1691.0,Rule Curve,1691.0,1691.0,1000000.0,12140.0,0.0,13739.0,,16909.0,19632.0,0.0,1050.0,0.0,1691.0,0.0,0.0,0.0
1964-09-20,1532.44,977.0,1691.0,Rule Curve,1691.0,1691.0,1000000.0,12140.0,0.0,13660.0,,16936.0,19620.0,0.0,1050.0,0.0,1691.0,0.0,0.0,0.0
1964-09-21,1531.64,544.0,1691.0,Rule Curve,1691.0,1691.0,1000000.0,12140.0,0.0,13604.0,,17052.0,19606.0,0.0,1050.0,0.0,1691.0,0.0,0.0,0.0
1964-09-22,1530.97,718.0,1691.0,Rule Curve,1691.0,1691.0,1000000.0,12140.0,0.0,13515.0,,17073.0,19591.0,0.0,1050.0,0.0,1691.0,0.0,0.0,0.0
1964-09-23,1530.24,662.0,1691.0,Rule Curve,1691.0,1691.0,1000000.0,12140.0,0.0,13441.0,,17210.0,19576.0,0.0,1050.0,0.0,1691.0,0.0,0.0,0.0
1964-09-24,1529.48,651.0,1691.0,Rule Curve,1691.0,1691.0,1000000.0,12140.0,0.0,13360.0,,17139.0,19561.0,0.0,1050.0,0.0,1691.0,0.0,0.0,0.0
1964-09-25,1528.68,582.0,1691.0,Rule Curve,1691.0,1691.0,1000000.0,12140.0,0.0,13276.0,,17095.0,19545.0,0.0,1050.0,0.0,1691.0,0.0,0.0,0.0
1964-09-26,1528.01,746.0,1691.0,Rule Curve,1691.0,1691.0,1000000.0,12140.0,0.0,13187.0,,17011.0,19530.0,0.0,1050.0,0.0,1691.0,0.0,0.0,0.0
1964-09-27,1527.35,755.0,1691.0,Rule Curve,1691.0,1691.0,1000000.0,12140.0,0.0,13113.0,,17083.0,19515.0,0.0,1050.0,0.0,1691.0,0.0,0.0,0.0
1964-09-28,1526.49,504.0,1691.0,Rule Curve,1691.0,1691.0,1000000.0,12140.0,0.0,13039.0,,17085.0,19499.0,0.0,1050.0,0.0,1691.0,0.0,0.0,0.0
1964-09-29,1525.6,477.0,1691.0,Rule Curve,1691.0,1691.0,1000000.0,12140.0,0.0,12943.0,,17189.0,19480.0,0.0,1050.0,0.0,1691.0,0.0,0.0,0.0
1964-09-30,1525.11,1027.0,1691.0,Rule Curve,1691.0,1691.0,1000000.0,12140.0,0.0,12844.0,,16955.0,19466.0,0.0,1050.0,0.0,1691.0,0.0,0.0,0.0
1964-10-01,1523.13,803.0,3501.0,Rule Curve,3501.0,3501.0,1000000.0,12140.0,0.0,12790.0,,16411.0,19454.0,3501.0,1050.0,0.0,1500.0,0.0,0.0,0.0
1964-10-02,1521.15,684.0,3382.0,Rule Curve,3382.0,3382.0,1000000.0,12140.0,0.0,12570.0,,16228.0,19407.0,3382.0,1050.0,0.0,1500.0,0.0,0.0,0.0
1964-10-03,1519.13,644.0,3342.0,Rule Curve,3342.0,3342.0,1000000.0,12140.0,0.0,12350.0,,16697.0,19369.0,3342.0,1050.0,0.0,1500.0,0.0,0.0,0.0
1964-10-04,1517.08,583.0,3281.0,Rule Curve,3281.0,3281.0,1000000.0,12140.0,0.0,12125.0,,16665.0,19328.0,3281.0,1050.0,0.0,1500.0,0.0,0.0,0.0
1964-10-05,1515.02,491.0,3189.0,Rule Curve,3189.0,3189.0,1000000.0,12140.0,0.0,11897.0,,16816.0,19285.0,3189.0,1050.0,0.0,1500.0,0.0,0.0,0.0
1964-10-06,1512.88,645.0,3343.0,Rule Curve,3343.0,3343.0,1000000.0,12140.0,0.0,11669.0,,16728.0,19247.0,3343.0,1050.0,0.0,1500.0,0.0,0.0,0.0
1964-10-07,1510.78,791.0,3489.0,Rule Curve,3489.0,3489.0,1000000.0,12140.0,0.0,11431.0,,16738.0,19211.0,3489.0,1050.0,0.0,1500.0,0.0,0.0,0.0
1964-10-08,1508.62,692.0,3390.0,Rule Curve,3390.0,3390.0,1000000.0,12140.0,0.0,11197.0,,16753.0,19171.0,3390.0,1050.0,0.0,1500.0,0.0,0.0,0.0
1964-10-09,1506.43,662.0,3360.0,Rule Curve,3360.0,3360.0,1000000.0,12140.0,0.0,10958.0,,16785.0,19131.0,3360.0,1050.0,0.0,1500.0,0.0,0.0,0.0
1964-10-10,1504.2,692.0,3390.0,Rule Curve,3390.0,3390.0,1000000.0,12140.0,0.0,10715.0,,16819.0,19090.0,3390.0,1050.0,0.0,1500.0,0.0,0.0,0.0
1964-10-11,1501.97,442.0,3140.0,Rule Curve,3140.0,3140.0,1000000.0,12140.0,0.0,10467.0,,16904.0,19044.0,3140.0,1050.0,0.0,1500.0,0.0,0.0,0.0
1964-10-12,1499.69,710.0,3408.0,Rule Curve,3408.0,3408.0,1000000.0,12140.0,0.0,10219.0,,16818.0,19002.0,3408.0,1050.0,0.0,1500.0,0.0,0.0,0.0
1964-10-13,1497.38,710.0,3408.0,Rule Curve,3408.0,3408.0,1000000.0,12140.0,0.0,9956.0,,16737.0,18899.0,3408.0,1050.0,0.0,1500.0,0.0,0.0,0.0
1964-10-14,1495.04,660.0,3358.0,Rule Curve,3358.0,3358.0,1000000.0,12140.0,0.0,9626.0,,16838.0,18791.0,3358.0,1050.0,0.0,1500.0,0.0,0.0,0.0
1964-10-15,1492.65,662.0,3360.0,Rule Curve,3360.0,3360.0,1000000.0,12140.0,0.0,9291.0,,16646.0,18660.0,3360.0,1050.0,0.0,1500.0,0.0,0.0,0.0
1964-10-16,1490.22,1761.0,4459.0,Rule Curve,4459.0,4459.0,1000000.0,12140.0,0.0,8950.0,,16508.0,18544.0,4459.0,1050.0,0.0,1500.0,0.0,0.0,0.0
1964-10-17,1487.74,292.0,2990.0,Rule Curve,2990.0,2990.0,1000000.0,12140.0,0.0,8603.0,,16719.0,18307.0,2990.0,1050.0,0.0,1500.0,0.0,0.0,0.0
1964-10-18,1485.23,666.0,3364.0,Rule Curve,3364.0,3364.0,1000000.0,12140.0,0.0,8249.0,,17084.0,18123.0,3364.0,1050.0,0.0,1500.0,0.0,0.0,0.0
1964-10-19,1482.68,867.0,3565.0,Rule Curve,3565.0,3565.0,1000000.0,12140.0,0.0,7890.0,,16745.0,17920.0,3565.0,1050.0,0.0,1500.0,0.0,0.0,0.0
1964-10-20,1480.08,357.0,3055.0,Rule Curve,3055.0,3055.0,1000000.0,12140.0,0.0,7526.0,5850.0,17003.0,17682.0,3055.0,1050.0,0.0,1500.0,0.0,0.0,0.0
1964-10-21,1477.41,935.0,3633.0,Rule Curve,3633.0,3633.0,1000000.0,12140.0,0.0,7155.0,5850.0,16882.0,19148.0,3633.0,1050.0,0.0,1500.0,0.0,0.0,0.0
1964-10-22,1474.74,725.0,3423.0,Rule Curve,3423.0,3423.0,1000000.0,12140.0,0.0,6773.0,5850.0,16778.0,20613.0,3423.0,1050.0,0.0,1500.0,0.0,0.0,0.0
1964-10-23,1472.01,674.0,3372.0,Rule Curve,3372.0,3372.0,1000000.0,12140.0,0.0,6391.0,5850.0,17087.0,22160.0,3372.0,1050.0,0.0,1500.0,0.0,0.0,0.0
1964-10-24,1469.25,574.0,3272.0,Rule Curve,3272.0,3272.0,1000000.0,12140.0,0.0,6002.0,5850.0,16973.0,23792.0,3272.0,1050.0,0.0,1500.0,0.0,0.0,0.0
1964-10-25,1466.49,594.0,3292.0,Rule Curve,3292.0,3292.0,1000000.0,12140.0,0.0,5607.0,5850.0,17080.0,25616.0,3292.0,1050.0,0.0,1500.0,0.0,0.0,0.0
1964-10-26,1463.62,319.0,3017.0,Rule Curve,3017.0,3017.0,1000000.0,12140.0,0.0,5212.0,5850.0,17041.0,26866.0,3017.0,1050.0,0.0,1500.0,0.0,0.0,0.0
1964-10-27,1460.75,450.0,3148.0,Rule Curve,3148.0,3148.0,1000000.0,12140.0,0.0,5000.0,5850.0,17044.0,27070.0,3148.0,1050.0,0.0,1500.0,0.0,0.0,0.0
1964-10-28,1457.82,359.0,3057.0,Rule Curve,3057.0,3057.0,1000000.0,12140.0,0.0,5000.0,5850.0,16896.0,26722.0,3057.0,1050.0,0.0,1500.0,0.0,0.0,0.0
1964-10-29,1454.84,728.0,3426.0,Rule Curve,3426.0,3426.0,1000000.0,12140.0,0.0,5000.0,5850.0,16896.0,26400.0,3426.0,1050.0,0.0,1500.0,0.0,0.0,0.0
1964-10-30,1451.81,778.0,3476.0,Rule Curve,3476.0,3476.0,1000000.0,12140.0,0.0,5000.0,5850.0,16789.0,26051.0,3476.0,1050.0,0.0,1500.0,0.0,0.0,0.0
1964-10-31,1448.71,607.0,3305.0,Rule Curve,3305.0,3305.0,1000000.0,12140.0,0.0,5000.0,5850.0,16961.0,25676.0,3305.0,1050.0,0.0,1500.0,0.0,0.0,0.0
1964-11-01,1445.57,700.0,3398.0,Rule Curve,3398.0,3398.0,1000000.0,12140.0,0.0,5000.0,5850.0,16832.0,25364.0,3398.0,1050.0,0.0,1200.0,0.0,0.0,0.0
1964-11-02,1442.36,1000.0,3698.0,Rule Curve,3698.0,3698.0,1000000.0,12140.0,0.0,5000.0,5850.0,16440.0,25093.0,3698.0,1050.0,0.0,1200.0,0.0,0.0,0.0
1964-11-03,1439.04,800.0,3498.0,Rule Curve,3498.0,3498.0,1000000.0,12140.0,0.0,5000.0,5850.0,16546.0,24739.0,3498.0,1050.0,0.0,1200.0,0.0,0.0,0.0
1964-11-04,1435.67,800.0,3498.0,Rule Curve,3498.0,3498.0,1000000.0,12140.0,0.0,5000.0,5850.0,16682.0,24395.0,3498.0,1050.0,0.0,1200.0,0.0,0.0,0.0
1964-11-05,1432.17,800.0,3498.0,Rule Curve,3498.0,3498.0,1000000.0,12140.0,0.0,5000.0,5850.0,16668.0,24037.0,3498.0,1050.0,0.0,1200.0,0.0,0.0,0.0
1964-11-06,1428.58,700.0,3398.0,Rule Curve,3398.0,3398.0,1000000.0,12140.0,0.0,5000.0,5850.0,16756.0,23652.0,3398.0,1050.0,0.0,1200.0,0.0,0.0,0.0
1964-11-07,1424.84,700.0,3398.0,Rule Curve,3398.0,3398.0,1000000.0,12140.0,0.0,5000.0,5850.0,16847.0,23205.0,3398.0,1050.0,0.0,1200.0,0.0,0.0,0.0
1964-11-08,1421.0,700.0,3398.0,Rule Curve,3398.0,3398.0,1000000.0,12140.0,0.0,5000.0,5850.0,16828.0,22719.0,3398.0,1050.0,0.0,1200.0,0.0,0.0,0.0
1964-11-09,1417.04,800.0,3498.0,Rule Curve,3498.0,3498.0,1000000.0,12140.0,0.0,5000.0,5850.0,16797.0,22176.0,3498.0,1050.0,0.0,1200.0,0.0,0.0,0.0
1964-11-10,1412.93,800.0,3498.0,Rule Curve,3498.0,3498.0,1000000.0,12140.0,0.0,5000.0,5850.0,16623.0,21550.0,3498.0,1050.0,0.0,1200.0,0.0,0.0,0.0
1964-11-11,1408.71,1000.0,3698.0,Rule Curve,3698.0,3698.0,1000000.0,12140.0,0.0,5000.0,5850.0,16495.0,20867.0,3698.0,1050.0,0.0,1200.0,0.0,0.0,0.0
1964-11-12,1404.34,1100.0,3798.0,Rule Curve,3798.0,3798.0,1000000.0,12140.0,0.0,5000.0,5850.0,16333.0,20118.0,3798.0,1050.0,0.0,1200.0,0.0,0.0,0.0
1964-11-13,1399.77,900.0,3598.0,Rule Curve,3598.0,3598.0,1000000.0,0.0,0.0,5000.0,5850.0,16594.0,19271.0,3598.0,1050.0,0.0,1200.0,0.0,0.0,0.0
1964-11-14,1395.0,800.0,3498.0,Rule Curve,3498.0,3498.0,1000000.0,0.0,0.0,5000.0,5850.0,16870.0,18379.0,3498.0,1050.0,0.0,1200.0,0.0,0.0,0.0
1964-11-15,1394.34,800.0,1200.0,Rule Curve,1200.0,1200.0,1000000.0,0.0,0.0,5000.0,5850.0,17416.0,17468.0,800.0,1050.0,0.0,1200.0,0.0,0.0,0.0
1964-11-16,1393.65,800.0,1200.0,Rule Curve,1200.0,1200.0,1000000.0,0.0,0.0,5000.0,5850.0,17323.0,17330.0,400.0,1050.0,0.0,1200.0,0.0,0.0,0.0
1964-11-17,1392.72,700.0,1200.0,Rule Curve,1200.0,1200.0,1000000.0,0.0,0.0,5000.0,5850.0,17174.0,17174.0,0.0,1050.0,0.0,1200.0,0.0,0.0,0.0
1964-11-18,1391.75,700.0,1200.0,Rule Curve,1200.0,1200.0,1000000.0,0.0,0.0,5000.0,5850.0,16999.0,16999.0,0.0,1050.0,0.0,1200.0,0.0,0.0,0.0
1964-11-19,1391.03,800.0,1200.0,Rule Curve,1200.0,1200.0,1000000.0,0.0,0.0,5000.0,5850.0,16843.0,16843.0,0.0,1050.0,0.0,1200.0,0.0,0.0,0.0
1964-11-20,1390.31,800.0,1200.0,Rule Curve,1200.0,1200.0,1000000.0,0.0,0.0,5000.0,5850.0,16706.0,16706.0,0.0,1050.0,0.0,1200.0,0.0,0.0,0.0
1964-11-21,1389.41,700.0,1200.0,Rule Curve,1200.0,1200.0,1000000.0,0.0,0.0,5000.0,5850.0,16544.0,16544.0,0.0,1050.0,0.0,1200.0,0.0,0.0,0.0
1964-11-22,1389.41,900.0,900.0,Rule Curve,900.0,900.0,900.0,0.0,0.0,5000.0,5850.0,16344.0,16405.0,0.0,1050.0,0.0,1200.0,0.0,0.0,0.0
1964-11-23,1389.95,1500.0,1200.0,Rule Curve,1200.0,1200.0,1500.0,0.0,0.0,5000.0,5850.0,13593.0,16525.0,0.0,1050.0,0.0,1200.0,0.0,0.0,0.0
1964-11-24,1403.57,12000.0,4270.0,Rule Curve,4270.0,4270.0,12000.0,12140.0,0.0,5000.0,14168.0,4270.0,5838.0,9200.0,1050.0,0.0,1200.0,0.0,0.0,0.0
1964-11-25,1407.94,7700.0,5000.0,Rule Curve,5000.0,5000.0,1000000.0,12140.0,0.0,5000.0,9868.0,10462.0,16482.0,12630.0,1050.0,0.0,1200.0,0.0,0.0,0.0
1964-11-26,1406.13,3900.0,5000.0,Rule Curve,5000.0,5000.0,1000000.0,12140.0,0.0,5000.0,6068.0,13109.0,20459.0,11530.0,1050.0,0.0,1200.0,0.0,0.0,0.0
1964-11-27,1402.54,2800.0,5000.0,Rule Curve,5000.0,5000.0,1000000.0,12140.0,0.0,5000.0,5850.0,14217.0,19946.0,9330.0,1050.0,0.0,1200.0,0.0,0.0,0.0
1964-11-28,1398.11,2400.0,5000.0,Rule Curve,5000.0,5000.0,1000000.0,0.0,0.0,5000.0,5850.0,14476.0,19199.0,6730.0,1050.0,0.0,1200.0,0.0,0.0,0.0
1964-11-29,1395.78,3700.0,5000.0,Rule Curve,5000.0,5000.0,1000000.0,0.0,0.0,5000.0,5868.0,12173.0,18593.0,5430.0,1050.0,0.0,1200.0,0.0,0.0,0.0
1964-11-30,1401.0,8000.0,5000.0,Rule Curve,5000.0,5000.0,1000000.0,12140.0,0.0,5000.0,10168.0,8751.0,9587.0,8430.0,1050.0,0.0,1200.0,0.0,0.0,0.0
1964-12-01,1415.84,14000.0,4730.0,Rule Curve,4730.0,4730.0,1000000.0,12140.0,0.0,5000.0,16168.0,6487.0,4730.0,17430.0,1050.0,0.0,1200.0,0.0,0.0,0.0
1964-12-02,1425.56,11700.0,5000.0,Rule Curve,5000.0,5000.0,1000000.0,12140.0,0.0,5000.0,13868.0,9031.0,15282.0,24400.0,1050.0,0.0,1200.0,0.0,0.0,0.0
1964-12-03,1427.64,6500.0,5000.0,Rule Curve,5000.0,5000.0,1000000.0,12140.0,0.0,5000.0,8668.0,12905.0,22351.0,25900.0,1050.0,0.0,1200.0,0.0,0.0,0.0
1964-12-04,1427.24,4700.0,5000.0,Rule Curve,5000.0,5000.0,1000000.0,12140.0,0.0,5000.0,6868.0,13097.0,23498.0,25600.0,1050.0,0.0,1200.0,0.0,0.0,0.0
1964-12-05,1425.27,3600.0,5000.0,Rule Curve,5000.0,5000.0,1000000.0,12140.0,0.0,5000.0,5850.0,14372.0,23363.0,24200.0,1050.0,0.0,1200.0,0.0,0.0,0.0
1964-12-06,1422.32,2900.0,5000.0,Rule Curve,5000.0,5000.0,1000000.0,12140.0,0.0,5000.0,5850.0,14816.0,23044.0,22100.0,1050.0,0.0,1200.0,0.0,0.0,0.0
1964-12-07,1418.83,2600.0,5000.0,Rule Curve,5000.0,5000.0,1000000.0,12140.0,0.0,5000.0,5850.0,14970.0,22609.0,19700.0,1050.0,0.0,1200.0,0.0,0.0,0.0
1964-12-08,1415.84,3000.0,5000.0,Rule Curve,5000.0,5000.0,1000000.0,12140.0,0.0,5000.0,5850.0,14620.0,22177.0,17700.0,1050.0,0.0,1200.0,0.0,0.0,0.0
1964-12-09,1413.4,3400.0,5000.0,Rule Curve,5000.0,5000.0,1000000.0,12140.0,0.0,5000.0,5850.0,13818.0,21743.0,16100.0,1050.0,0.0,1200.0,0.0,0.0,0.0
1964-12-10,1413.7,5200.0,5000.0,Rule Curve,5000.0,5000.0,1000000.0,12140.0,0.0,5000.0,7368.0,12282.0,20942.0,16300.0,1050.0,0.0,1200.0,0.0,0.0,0.0
1964-12-11,1413.09,4600.0,5000.0,Rule Curve,5000.0,5000.0,1000000.0,12140.0,0.0,5000.0,6768.0,13358.0,21398.0,15900.0,1050.0,0.0,1200.0,0.0,0.0,0.0
1964-12-12,1411.26,3800.0,5000.0,Rule Curve,5000.0,5000.0,1000000.0,12140.0,0.0,5000.0,5968.0,13900.0,21343.0,14700.0,1050.0,0.0,1200.0,0.0,0.0,0.0
1964-12-13,1408.06,3000.0,5000.0,Rule Curve,5000.0,5000.0,1000000.0,12140.0,0.0,5000.0,5850.0,14399.0,20893.0,12700.0,1050.0,0.0,1200.0,0.0,0.0,0.0
1964-12-14,1406.24,3900.0,5000.0,Rule Curve,5000.0,5000.0,1000000.0,12140.0,0.0,5000.0,6068.0,13779.0,20480.0,11600.0,1050.0,0.0,1200.0,0.0,0.0,0.0
1964-12-15,1411.41,4400.0,1200.0,Rule Curve,1200.0,1200.0,1000000.0,12140.0,0.0,5000.0,6568.0,14808.0,20243.0,0.0,1050.0,0.0,1200.0,0.0,0.0,0.0
1964-12-16,1414.62,3300.0,1200.0,Rule Curve,1200.0,1200.0,1000000.0,12140.0,0.0,5000.0,5850.0,16151.0,20969.0,0.0,1050.0,0.0,1200.0,0.0,0.0,0.0
1964-12-17,1416.75,2600.0,1200.0,Rule Curve,1200.0,1200.0,1000000.0,12140.0,0.0,5000.0,5850.0,15927.0,21416.0,0.0,1050.0,0.0,1200.0,0.0,0.0,0.0
1964-12-18,1418.54,2400.0,1200.0,Rule Curve,1200.0,1200.0,1000000.0,12140.0,0.0,5000.0,5850.0,16263.0,21745.0,0.0,1050.0,0.0,1200.0,0.0,0.0,0.0
1964-12-19,1420.03,2200.0,1200.0,Rule Curve,1200.0,1200.0,1000000.0,12140.0,0.0,5000.0,5850.0,16146.0,22013.0,0.0,1050.0,0.0,1200.0,0.0,0.0,0.0
1964-12-20,1421.16,2000.0,1200.0,Rule Curve,1200.0,1200.0,1000000.0,12140.0,0.0,5000.0,5850.0,14275.0,22230.0,0.0,1050.0,0.0,1200.0,0.0,0.0,0.0
1964-12-21,1426.55,5000.0,1200.0,Rule Curve,1200.0,1200.0,1000000.0,12140.0,0.0,5000.0,7168.0,5785.0,4843.0,0.0,1050.0,0.0,1200.0,0.0,0.0,0.0
1964-12-22,1488.16,55900.0,0.0,Rule Curve,0.0,0.0,1000000.0,12140.0,0.0,5000.0,58068.0,0.0,0.0,0.0,1050.0,0.0,1200.0,0.0,46651.0,37128.0
1964-12-23,1525.11,45400.0,0.0,Top of Dam,0.0,0.0,1000000.0,12140.0,0.0,8309.0,,174.0,0.0,0.0,1050.0,0.0,1200.0,0.0,54785.0,45385.0
1964-12-24,1548.49,34300.0,0.0,Top of Dam,0.0,0.0,1000000.0,0.0,0.0,12790.0,,2161.0,0.0,0.0,1050.0,0.0,1200.0,0.0,58818.0,51518.0
1964-12-25,1557.09,19300.0,5200.0,Top of Dam,5200.0,5200.0,1000000.0,0.0,0.0,15388.0,,7745.0,5200.0,0.0,1050.0,2802.0,1200.0,0.0,55251.0,55118.0
1964-12-26,1563.75,18400.0,6924.0,Top of Dam,6924.0,6924.0,1000000.0,0.0,0.0,16343.0,,10524.0,6924.0,0.0,1050.0,16001.0,1200.0,0.0,59051.0,55918.0
1964-12-27,1560.16,10800.0,17000.0,Top of Dam,17000.0,17000.0,1000000.0,0.0,0.0,17000.0,,20418.0,17540.0,0.0,1050.0,19877.0,1200.0,0.0,55277.0,55577.0
1964-12-28,1554.83,7600.0,16685.0,Top of Dam,16685.0,16685.0,1000000.0,0.0,0.0,16685.0,,17014.0,27067.0,0.0,1050.0,10477.0,1200.0,0.0,50010.0,51477.0
1964-12-29,1549.56,5900.0,14489.0,Top of Dam,14489.0,14489.0,1000000.0,0.0,0.0,16092.0,,14489.0,28068.0,0.0,1050.0,0.0,1200.0,0.0,45282.0,47182.0
1964-12-30,1545.69,4700.0,10775.0,Top of Dam,10843.0,10843.0,1000000.0,0.0,0.0,15507.0,,16278.0,23010.0,0.0,1050.0,0.0,1200.0,0.0,41219.0,43552.0
1964-12-31,1542.82,3800.0,8229.0,Top of Dam,8293.0,8293.0,1000000.0,0.0,0.0,15077.0,,17669.0,20375.0,0.0,1050.0,0.0,1200.0,0.0,38294.0,41260.0
1965-01-01,1535.34,3600.0,14677.0,Top of Dam,14677.0,14677.0,1000000.0,12140.0,0.0,14758.0,,14677.0,19784.0,0.0,1050.0,0.0,1200.0,0.0,36617.0,39684.0
1965-01-02,1528.29,3900.0,13927.0,Top of Dam,13927.0,13927.0,1000000.0,12140.0,0.0,13927.0,,14050.0,19681.0,0.0,1050.0,0.0,1200.0,0.0,33225.0,35758.0
1965-01-03,1521.25,3500.0,13143.0,Top of Dam,13143.0,13143.0,1000000.0,12140.0,0.0,13143.0,,14800.0,19543.0,0.0,1050.0,0.0,1200.0,0.0,29483.0,31982.0
1965-01-04,1514.05,2900.0,12361.0,Top of Dam,12361.0,12361.0,1000000.0,12140.0,0.0,12361.0,,14613.0,19383.0,0.0,1050.0,0.0,1200.0,0.0,25668.0,28501.0
1965-01-05,1506.93,2600.0,11561.0,Top of Dam,11561.0,11561.0,1000000.0,12140.0,0.0,11561.0,,15420.0,19244.0,0.0,1050.0,0.0,1200.0,0.0,22214.0,25114.0
1965-01-06,1500.23,2700.0,10770.0,Top of Dam,10770.0,10770.0,1000000.0,12140.0,0.0,10770.0,,14635.0,19115.0,0.0,1050.0,0.0,1200.0,0.0,19328.0,21927.0
1965-01-07,1493.46,2200.0,10026.0,Top of Dam,10026.0,10026.0,1000000.0,12140.0,0.0,10026.0,,15514.0,18950.0,0.0,1050.0,0.0,1200.0,0.0,16137.0,19037.0
1965-01-08,1487.04,2000.0,9066.0,Top of Dam,9066.0,9066.0,1000000.0,12140.0,0.0,9066.0,,15998.0,18608.0,0.0,1050.0,0.0,1200.0,0.0,13329.0,16562.0
1965-01-09,1481.3,2100.0,8149.0,Top of Dam,8149.0,8149.0,1000000.0,12140.0,0.0,8149.0,,16380.0,18124.0,0.0,1050.0,0.0,1200.0,0.0,11074.0,14540.0
1965-01-10,1478.13,2600.0,5850.0,Top of Dam,5850.0,5850.0,1000000.0,12140.0,0.0,7328.0,5850.0,15983.0,17659.0,0.0,1050.0,0.0,1200.0,0.0,9557.0,12690.0
1965-01-11,1475.3,3000.0,5850.0,Top of Dam,5850.0,5850.0,1000000.0,12140.0,0.0,6875.0,5850.0,16076.0,19071.0,0.0,1050.0,0.0,1200.0,0.0,8874.0,11507.0
1965-01-12,1472.03,2600.0,5850.0,Top of Dam,5850.0,5850.0,1000000.0,12140.0,0.0,6471.0,5850.0,15518.0,21294.0,0.0,1050.0,0.0,1200.0,0.0,7524.0,10257.0
1965-01-13,1468.37,2300.0,5850.0,Top of Dam,5850.0,5850.0,1000000.0,12140.0,0.0,6004.0,5850.0,16121.0,23627.0,0.0,1050.0,0.0,1200.0,0.0,6141.0,9274.0
1965-01-14,1464.84,2100.0,5482.0,Top of Dam,4757.0,5482.0,1000000.0,12140.0,0.0,5482.0,5850.0,15544.0,25579.0,0.0,1050.0,0.0,1200.0,0.0,4757.0,8490.0
1965-01-15,1462.65,2900.0,5000.0,Top of Dam,4430.0,5000.0,1000000.0,12140.0,0.0,5000.0,5850.0,15516.0,27377.0,0.0,1050.0,0.0,1200.0,0.0,4430.0,7763.0
1965-01-16,1461.03,3500.0,5000.0,Top of Dam,4330.0,5000.0,1000000.0,12140.0,0.0,5000.0,5850.0,15092.0,27155.0,0.0,1050.0,0.0,1200.0,0.0,4330.0,7196.0
1965-01-17,1459.22,3300.0,5000.0,Top of Dam,3630.0,5000.0,1000000.0,12140.0,0.0,5000.0,5850.0,15643.0,26953.0,0.0,1050.0,0.0,1200.0,0.0,3630.0,6730.0
1965-01-18,1459.48,3300.0,3063.0,Top of Dam,1200.0,3063.0,1000000.0,12140.0,0.0,5000.0,5850.0,16457.0,26738.0,0.0,1050.0,0.0,1200.0,0.0,3063.0,6263.0
1965-01-19,1459.65,3600.0,3442.0,Top of Dam,1200.0,3442.0,1000000.0,12140.0,0.0,5000.0,5850.0,16417.0,26787.0,0.0,1050.0,0.0,1200.0,0.0,3442.0,6475.0
1965-01-20,1459.77,3600.0,3495.0,Top of Dam,1200.0,3495.0,1000000.0,12140.0,0.0,5000.0,5850.0,15980.0,26807.0,0.0,1050.0,0.0,1200.0,0.0,3495.0,6428.0
1965-01-21,1459.85,3700.0,3630.0,Top of Dam,1200.0,3630.0,1000000.0,12140.0,0.0,5000.0,5868.0,15998.0,26828.0,0.0,1050.0,0.0,1200.0,0.0,3630.0,7530.0
1965-01-22,1459.9,3300.0,3253.0,Top of Dam,1200.0,3253.0,1000000.0,12140.0,0.0,5000.0,5850.0,15714.0,26811.0,0.0,1050.0,0.0,1200.0,0.0,3253.0,9053.0
1965-01-23,1461.82,6800.0,5000.0,Top of Dam,1200.0,5000.0,1000000.0,12140.0,0.0,5000.0,8968.0,13435.0,22285.0,0.0,1050.0,0.0,1200.0,0.0,6769.0,9802.0
1965-01-24,1465.18,8200.0,5000.0,Top of Dam,5000.0,5000.0,1000000.0,12140.0,0.0,5000.0,10368.0,12741.0,24044.0,0.0,1050.0,0.0,1200.0,0.0,8769.0,9635.0
1965-01-25,1465.71,5500.0,5026.0,Top of Dam,5026.0,5026.0,1000000.0,12140.0,0.0,5026.0,7668.0,14507.0,27005.0,0.0,1050.0,0.0,1200.0,0.0,7135.0,12069.0
1965-01-26,1465.04,4500.0,5101.0,Top of Dam,5101.0,5101.0,1000000.0,12140.0,0.0,5101.0,6668.0,12175.0,21953.0,0.0,1050.0,0.0,1200.0,0.0,6293.0,18854.0
1965-01-27,1474.45,12300.0,3163.0,Top of Dam,3163.0,3163.0,1000000.0,12140.0,0.0,5006.0,14468.0,3163.0,4343.0,0.0,1050.0,0.0,1200.0,0.0,13893.0,23926.0
1965-01-28,1498.86,26300.0,0.0,Top of Dam,0.0,0.0,1000000.0,12140.0,0.0,6350.0,28468.0,639.0,0.0,0.0,1050.0,0.0,1200.0,0.0,30939.0,28272.0
1965-01-29,1514.66,19400.0,0.0,Top of Dam,0.0,0.0,1000000.0,12140.0,0.0,9837.0,,4214.0,0.0,0.0,1050.0,0.0,1200.0,0.0,32805.0,31419.0
1965-01-30,1525.43,16200.0,1829.0,Top of Dam,1829.0,1829.0,1000000.0,12140.0,0.0,11629.0,,8422.0,1829.0,0.0,1050.0,0.0,1200.0,0.0,36072.0,33339.0
1965-01-31,1529.78,11900.0,5876.0,Top of Dam,5876.0,5876.0,1000000.0,12140.0,0.0,12825.0,,9929.0,5876.0,0.0,1050.0,0.0,1200.0,0.0,36562.0,33949.0
1965-02-01,1528.69,8200.0,9700.0,Top of Dam,9700.0,9700.0,1000000.0,12140.0,0.0,13309.0,,9700.0,13208.0,0.0,1050.0,0.0,1000.0,0.0,34870.0,32920.0
1965-02-02,1525.25,6100.0,10860.0,Top of Dam,10860.0,10860.0,1000000.0,12140.0,0.0,13187.0,,10860.0,17094.0,0.0,1050.0,0.0,1000.0,0.0,31393.0,30453.0
1965-02-03,1520.12,5200.0,12136.0,Top of Dam,12136.0,12136.0,1000000.0,12140.0,0.0,12806.0,,12136.0,19175.0,0.0,1050.0,0.0,1000.0,0.0,28053.0,27413.0
1965-02-04,1514.39,4700.0,12236.0,Top of Dam,12236.0,12236.0,1000000.0,12140.0,0.0,12236.0,,13020.0,19374.0,0.0,1050.0,0.0,1000.0,0.0,24370.0,23800.0
1965-02-05,1508.46,4100.0,11599.0,Top of Dam,11599.0,11599.0,1000000.0,12140.0,0.0,11599.0,,13964.0,19262.0,0.0,1050.0,0.0,1000.0,0.0,20428.0,20049.0
1965-02-06,1502.52,3700.0,10940.0,Top of Dam,10940.0,10940.0,1000000.0,12140.0,0.0,10940.0,,15231.0,19151.0,0.0,1050.0,0.0,1000.0,0.0,16664.0,16489.0
1965-02-07,1496.56,3300.0,10280.0,Top of Dam,10280.0,10280.0,1000000.0,12140.0,0.0,10280.0,,14890.0,19035.0,0.0,1050.0,0.0,1000.0,0.0,13021.0,13070.0
1965-02-08,1491.08,3300.0,9509.0,Top of Dam,9509.0,9509.0,1000000.0,12140.0,0.0,9509.0,,15308.0,18827.0,0.0,1050.0,0.0,1000.0,0.0,9888.0,9767.0
1965-02-09,1487.7,3000.0,6700.0,Top of Dam,6664.0,6700.0,1000000.0,12140.0,0.0,8726.0,,16202.0,18482.0,0.0,1050.0,0.0,1000.0,0.0,6664.0,6700.0
1965-02-10,1486.07,2700.0,4463.0,Top of Dam,4336.0,4463.0,1000000.0,12140.0,0.0,8243.0,,17055.0,18204.0,0.0,1050.0,0.0,1000.0,0.0,4336.0,4463.0
1965-02-11,1485.69,2600.0,2999.0,Top of Dam,2801.0,2999.0,1000000.0,12140.0,0.0,8010.0,,17195.0,18063.0,0.0,1050.0,0.0,1000.0,0.0,2801.0,2999.0
1965-02-12,1486.41,2300.0,1543.0,Top of Dam,1050.0,1543.0,1000000.0,12140.0,0.0,7956.0,,17835.0,18018.0,0.0,1050.0,0.0,1000.0,0.0,1543.0,2063.0
1965-02-13,1487.64,2400.0,1062.0,Top of Dam,1050.0,1062.0,1000000.0,12140.0,0.0,8058.0,,16967.0,18083.0,0.0,1050.0,0.0,1000.0,0.0,1062.0,1544.0
1965-02-14,1488.99,2500.0,1050.0,Top of Dam,1050.0,1050.0,1000000.0,12140.0,0.0,8234.0,,16548.0,18191.0,0.0,1050.0,0.0,1000.0,0.0,794.0,1146.0
1965-02-15,1490.12,2300.0,1050.0,Top of Dam,1050.0,1050.0,1000000.0,12140.0,0.0,8428.0,,16515.0,18288.0,0.0,1050.0,0.0,1000.0,0.0,256.0,757.0
1965-02-16,1491.16,2200.0,1050.0,Top of Dam,1050.0,1050.0,1000000.0,12140.0,0.0,8589.0,,16619.0,18375.0,0.0,1050.0,0.0,1000.0,0.0,0.0,364.0
1965-02-17,1492.19,2200.0,1050.0,Top of Dam,1050.0,1050.0,1000000.0,12140.0,0.0,8737.0,,16603.0,18457.0,0.0,1050.0,0.0,1000.0,0.0,0.0,0.0
1965-02-18,1493.23,2200.0,1050.0,Rule Curve,1050.0,1050.0,1000000.0,12140.0,0.0,8885.0,,16522.0,18529.0,0.0,1050.0,0.0,1000.0,0.0,0.0,0.0
1965-02-19,1494.34,2300.0,1050.0,Rule Curve,1050.0,1050.0,1000000.0,12140.0,0.0,9033.0,,16465.0,18603.0,0.0,1050.0,0.0,1000.0,0.0,0.0,0.0
1965-02-20,1495.59,2500.0,1050.0,Rule Curve,1050.0,1050.0,1000000.0,12140.0,0.0,9192.0,,16479.0,18678.0,0.0,1050.0,0.0,1000.0,0.0,0.0,0.0
1965-02-21,1496.76,2400.0,1050.0,Rule Curve,1050.0,1050.0,1000000.0,12140.0,0.0,9370.0,,16443.0,18750.0,0.0,1050.0,0.0,1000.0,0.0,0.0,0.0
1965-02-22,1498.21,2700.0,1050.0,Rule Curve,1050.0,1050.0,1000000.0,12140.0,0.0,9537.0,,16230.0,18820.0,0.0,1050.0,0.0,1000.0,0.0,0.0,0.0
1965-02-23,1499.34,2400.0,1050.0,Rule Curve,1050.0,1050.0,1000000.0,12140.0,0.0,9745.0,,16288.0,18878.0,0.0,1050.0,0.0,1000.0,0.0,0.0,0.0
1965-02-24,1500.34,2200.0,1050.0,Rule Curve,1050.0,1050.0,1000000.0,12140.0,0.0,9906.0,,16285.0,18918.0,0.0,1050.0,0.0,1000.0,0.0,0.0,0.0
1965-02-25,1501.23,2100.0,1050.0,Rule Curve,1050.0,1050.0,1000000.0,12140.0,0.0,10037.0,,16245.0,18951.0,0.0,1050.0,0.0,1000.0,0.0,0.0,0.0
1965-02-26,1502.18,2200.0,1050.0,Rule Curve,1050.0,1050.0,1000000.0,12140.0,0.0,10137.0,,16040.0,19001.0,0.0,1050.0,0.0,1000.0,0.0,0.0,0.0
1965-02-27,1503.46,2600.0,1050.0,Rule Curve,1050.0,1050.0,1000000.0,12140.0,0.0,10242.0,,15450.0,19023.0,0.0,1050.0,0.0,1000.0,0.0,0.0,0.0
1965-02-28,1505.16,3100.0,1050.0,Rule Curve,1050.0,1050.0,1000000.0,12140.0,0.0,10385.0,,15506.0,19052.0,0.0,1050.0,0.0,1000.0,0.0,0.0,0.0
1965-03-01,1506.52,2700.0,1050.0,Rule Curve,1050.0,1050.0,1000000.0,12140.0,0.0,10573.0,,15717.0,19081.0,0.0,1050.0,0.0,1000.0,0.0,0.0,0.0
1965-03-02,1507.61,2400.0,1050.0,Rule Curve,1050.0,1050.0,1000000.0,12140.0,0.0,10725.0,,15874.0,19105.0,0.0,1050.0,0.0,1000.0,0.0,0.0,0.0
1965-03-03,1508.63,2300.0,1050.0,Rule Curve,1050.0,1050.0,1000000.0,12140.0,0.0,10846.0,,15977.0,19125.0,0.0,1050.0,0.0,1000.0,0.0,0.0,0.0
1965-03-04,1509.71,2400.0,1050.0,Rule Curve,1050.0,1050.0,1000000.0,12140.0,0.0,10959.0,,16030.0,19145.0,0.0,1050.0,0.0,1000.0,0.0,0.0,0.0
1965-03-05,1510.55,2100.0,1050.0,Rule Curve,1050.0,1050.0,1000000.0,12140.0,0.0,11079.0,,16113.0,19162.0,0.0,1050.0,0.0,1000.0,0.0,0.0,0.0
1965-03-06,1511.38,2100.0,1050.0,Rule Curve,1050.0,1050.0,1000000.0,12140.0,0.0,11172.0,,16139.0,19177.0,0.0,1050.0,0.0,1000.0,0.0,0.0,0.0
1965-03-07,1512.13,2000.0,1050.0,Rule Curve,1050.0,1050.0,1000000.0,12140.0,0.0,11264.0,,16185.0,19192.0,0.0,1050.0,0.0,1000.0,0.0,0.0,0.0
1965-03-08,1512.85,2000.0,1050.0,Rule Curve,1050.0,1050.0,1000000.0,12140.0,0.0,11348.0,,16203.0,19206.0,0.0,1050.0,0.0,1000.0,0.0,0.0,0.0
1965-03-09,1513.6,2000.0,1050.0,Rule Curve,1050.0,1050.0,1000000.0,12140.0,0.0,11428.0,,16217.0,19219.0,0.0,1050.0,0.0,1000.0,0.0,0.0,0.0
1965-03-10,1514.35,2000.0,1050.0,Rule Curve,1050.0,1050.0,1000000.0,12140.0,0.0,11511.0,,16248.0,19233.0,0.0,1050.0,0.0,1000.0,0.0,0.0,0.0
1965-03-11,1515.1,2000.0,1050.0,Rule Curve,1050.0,1050.0,1000000.0,12140.0,0.0,11595.0,,16269.0,19246.0,0.0,1050.0,0.0,1000.0,0.0,0.0,0.0
1965-03-12,1515.83,2000.0,1050.0,Rule Curve,1050.0,1050.0,1000000.0,12140.0,0.0,11678.0,,16279.0,19259.0,0.0,1050.0,0.0,1000.0,0.0,0.0,0.0
1965-03-13,1516.55,2000.0,1050.0,Rule Curve,1050.0,1050.0,1000000.0,12140.0,0.0,11759.0,,16352.0,19274.0,0.0,1050.0,0.0,1000.0,0.0,0.0,0.0
1965-03-14,1517.2,1900.0,1050.0,Rule Curve,1050.0,1050.0,1000000.0,12140.0,0.0,11839.0,,16361.0,19287.0,0.0,1050.0,0.0,1000.0,0.0,0.0,0.0
1965-03-15,1517.77,1800.0,1050.0,Rule Curve,1050.0,1050.0,1000000.0,12140.0,0.0,11911.0,,16414.0,19296.0,0.0,1050.0,0.0,1000.0,0.0,0.0,0.0
1965-03-16,1518.0,1800.0,1500.0,Rule Curve,1500.0,1500.0,1000000.0,12140.0,0.0,11975.0,,16326.0,19309.0,0.0,1050.0,0.0,1500.0,0.0,0.0,0.0
1965-03-17,1518.16,1700.0,1500.0,Rule Curve,1500.0,1500.0,1000000.0,12140.0,0.0,12000.0,,16328.0,19314.0,0.0,1050.0,0.0,1500.0,0.0,0.0,0.0
1965-03-18,1518.23,1600.0,1500.0,Rule Curve,1500.0,1500.0,1000000.0,12140.0,0.0,12017.0,,16427.0,19316.0,0.0,1050.0,0.0,1500.0,0.0,0.0,0.0
1965-03-19,1518.23,1500.0,1500.0,Rule Curve,1500.0,1500.0,1000000.0,12140.0,0.0,12026.0,,16488.0,19317.0,0.0,1050.0,0.0,1500.0,0.0,0.0,0.0
1965-03-20,1518.23,1500.0,1500.0,Rule Curve,1500.0,1500.0,1000000.0,12140.0,0.0,12026.0,,16510.0,19317.0,0.0,1050.0,0.0,1500.0,0.0,0.0,0.0
1965-03-21,1518.16,1400.0,1500.0,Rule Curve,1500.0,1500.0,1000000.0,12140.0,0.0,12026.0,,16550.0,19316.0,0.0,1050.0,0.0,1500.0,0.0,0.0,0.0
1965-03-22,1518.16,1500.0,1500.0,Rule Curve,1500.0,1500.0,1000000.0,12140.0,0.0,12017.0,,16539.0,19316.0,0.0,1050.0,0.0,1500.0,0.0,0.0,0.0
1965-03-23,1518.16,1500.0,1500.0,Rule Curve,1500.0,1500.0,1000000.0,12140.0,0.0,12017.0,,16549.0,19316.0,0.0,1050.0,0.0,1500.0,0.0,0.0,0.0
1965-03-24,1518.08,1400.0,1500.0,Rule Curve,1500.0,1500.0,1000000.0,12140.0,0.0,12017.0,,16556.0,19315.0,0.0,1050.0,0.0,1500.0,0.0,0.0,0.0
1965-03-25,1518.0,1400.0,1500.0,Rule Curve,1500.0,1500.0,1000000.0,12140.0,0.0,12009.0,,16510.0,19313.0,0.0,1050.0,0.0,1500.0,0.0,0.0,0.0
1965-03-26,1518.23,1800.0,1500.0,Rule Curve,1500.0,1500.0,1000000.0,12140.0,0.0,12000.0,,16269.0,19315.0,0.0,1050.0,0.0,1500.0,0.0,0.0,0.0
1965-03-27,1518.31,1600.0,1500.0,Rule Curve,1500.0,1500.0,1000000.0,12140.0,0.0,12026.0,,16318.0,19318.0,0.0,1050.0,0.0,1500.0,0.0,0.0,0.0
1965-03-28,1518.23,1400.0,1500.0,Rule Curve,1500.0,1500.0,1000000.0,12140.0,0.0,12034.0,,16431.0,19318.0,0.0,1050.0,0.0,1500.0,0.0,0.0,0.0
1965-03-29,1518.16,1400.0,1500.0,Rule Curve,1500.0,1500.0,1000000.0,12140.0,0.0,12026.0,,16498.0,19316.0,0.0,1050.0,0.0,1500.0,0.0,0.0,0.0
1965-03-30,1518.08,1400.0,1500.0,Rule Curve,1500.0,1500.0,1000000.0,12140.0,0.0,12017.0,,16473.0,19315.0,0.0,1050.0,0.0,1500.0,0.0,0.0,0.0
1965-03-31,1518.08,1500.0,1500.0,Rule Curve,1500.0,1500.0,1000000.0,12140.0,0.0,12009.0,,16346.0,19314.0,0.0,1050.0,0.0,1500.0,0.0,0.0,0.0
1965-04-01,1518.41,1930.0,1500.0,Rule Curve,1500.0,1500.0,1000000.0,12140.0,0.0,12009.0,,16179.0,19317.0,0.0,1050.0,0.0,1500.0,0.0,0.0,0.0
1965-04-02,1518.82,2037.0,1500.0,Rule Curve,1500.0,1500.0,1000000.0,12140.0,0.0,12045.0,,16243.0,19325.0,0.0,1050.0,0.0,1500.0,0.0,0.0,0.0
1965-04-03,1519.09,1858.0,1500.0,Rule Curve,1500.0,1500.0,1000000.0,12140.0,0.0,12091.0,,16371.0,19330.0,0.0,1050.0,0.0,1500.0,0.0,0.0,0.0
1965-04-04,1519.07,1476.0,1500.0,Rule Curve,1500.0,1500.0,1000000.0,12140.0,0.0,12121.0,,16414.0,19333.0,0.0,1050.0,0.0,1500.0,0.0,0.0,0.0
1965-04-05,1519.17,1634.0,1500.0,Rule Curve,1500.0,1500.0,1000000.0,12140.0,0.0,12119.0,,16442.0,19333.0,0.0,1050.0,0.0,1500.0,0.0,0.0,0.0
1965-04-06,1519.27,1642.0,1500.0,Rule Curve,1500.0,1500.0,1000000.0,12140.0,0.0,12130.0,,16470.0,19335.0,0.0,1050.0,0.0,1500.0,0.0,0.0,0.0
1965-04-07,1519.29,1518.0,1500.0,Rule Curve,1500.0,1500.0,1000000.0,12140.0,0.0,12141.0,,16540.0,19337.0,0.0,1050.0,0.0,1500.0,0.0,0.0,0.0
1965-04-08,1519.17,1348.0,1500.0,Rule Curve,1500.0,1500.0,1000000.0,12140.0,0.0,12143.0,,16551.0,19336.0,0.0,1050.0,0.0,1500.0,0.0,0.0,0.0
1965-04-09,1519.11,1419.0,1500.0,Rule Curve,1500.0,1500.0,1000000.0,12140.0,0.0,12130.0,,16532.0,19334.0,0.0,1050.0,0.0,1500.0,0.0,0.0,0.0
1965-04-10,1519.07,1441.0,1500.0,Rule Curve,1500.0,1500.0,1000000.0,12140.0,0.0,12124.0,,16543.0,19333.0,0.0,1050.0,0.0,1500.0,0.0,0.0,0.0
1965-04-11,1518.97,1368.0,1500.0,Rule Curve,1500.0,1500.0,1000000.0,12140.0,0.0,12119.0,,16603.0,19332.0,0.0,1050.0,0.0,1500.0,0.0,0.0,0.0
1965-04-12,1518.83,1318.0,1500.0,Rule Curve,1500.0,1500.0,1000000.0,12140.0,0.0,12108.0,,16614.0,19330.0,0.0,1050.0,0.0,1500.0,0.0,0.0,0.0
1965-04-13,1518.77,1419.0,1500.0,Rule Curve,1500.0,1500.0,1000000.0,12140.0,0.0,12093.0,,16610.0,19328.0,0.0,1050.0,0.0,1500.0,0.0,0.0,0.0
1965-04-14,1518.68,1382.0,1500.0,Rule Curve,1500.0,1500.0,1000000.0,12140.0,0.0,12086.0,,16610.0,19326.0,0.0,1050.0,0.0,1500.0,0.0,0.0,0.0
1965-04-15,1518.77,1621.0,1500.0,Rule Curve,1500.0,1500.0,1000000.0,12140.0,0.0,12076.0,,16558.0,19326.0,0.0,1050.0,0.0,1500.0,0.0,0.0,0.0
1965-04-16,1518.96,1746.0,1500.0,Rule Curve,1500.0,1500.0,1000000.0,12140.0,0.0,12086.0,,16528.0,19329.0,0.0,1050.0,0.0,1500.0,0.0,0.0,0.0
1965-04-17,1519.11,1700.0,1500.0,Rule Curve,1500.0,1500.0,1000000.0,12140.0,0.0,12107.0,,16512.0,19332.0,0.0,1050.0,0.0,1500.0,0.0,0.0,0.0
1965-04-18,1519.48,2009.0,1500.0,Rule Curve,1500.0,1500.0,1000000.0,12140.0,0.0,12123.0,,16072.0,19337.0,0.0,1050.0,0.0,1500.0,0.0,0.0,0.0
1965-04-19,1523.55,6978.0,1500.0,Rule Curve,1500.0,1500.0,1000000.0,12140.0,0.0,12165.0,,14134.0,19379.0,0.0,1050.0,0.0,1500.0,0.0,0.0,0.0
1965-04-20,1527.63,7094.0,1500.0,Rule Curve,1500.0,1500.0,1000000.0,12140.0,0.0,12616.0,,13732.0,19471.0,0.0,1050.0,0.0,1500.0,0.0,0.0,0.0
1965-04-21,1531.65,7152.0,1500.0,Rule Curve,1500.0,1500.0,1000000.0,12140.0,0.0,13070.0,,13815.0,19557.0,0.0,1050.0,0.0,1500.0,0.0,0.0,0.0
1965-04-22,1534.28,5246.0,1500.0,Rule Curve,1500.0,1500.0,1000000.0,12140.0,0.0,13516.0,,15155.0,19625.0,0.0,1050.0,0.0,1500.0,0.0,0.0,0.0
1965-04-23,1536.0,4012.0,1500.0,Rule Curve,1500.0,1500.0,1000000.0,12140.0,0.0,13809.0,,15621.0,19664.0,0.0,1050.0,0.0,1500.0,0.0,0.0,0.0
1965-04-24,1537.53,3745.0,1500.0,Rule Curve,1500.0,1500.0,1000000.0,12140.0,0.0,14000.0,,15819.0,19692.0,0.0,1050.0,0.0,1500.0,0.0,0.0,0.0
1965-04-25,1538.86,3435.0,1500.0,Rule Curve,1500.0,1500.0,1000000.0,12140.0,0.0,14170.0,,15965.0,19713.0,0.0,1050.0,0.0,1500.0,0.0,0.0,0.0
1965-04-26,1540.11,3334.0,1500.0,Rule Curve,1500.0,1500.0,1000000.0,12140.0,0.0,14317.0,,16026.0,19734.0,0.0,1050.0,0.0,1500.0,0.0,0.0,0.0
1965-04-27,1541.38,3428.0,1500.0,Rule Curve,1500.0,1500.0,1000000.0,12140.0,0.0,14456.0,,16065.0,19749.0,0.0,1050.0,0.0,1500.0,0.0,0.0,0.0
1965-04-28,1542.67,3447.0,1500.0,Rule Curve,1500.0,1500.0,1000000.0,0.0,0.0,14598.0,,16084.0,19765.0,0.0,1050.0,0.0,1500.0,0.0,0.0,0.0
1965-04-29,1543.73,3103.0,1500.0,Rule Curve,1500.0,1500.0,1000000.0,0.0,0.0,14741.0,,16209.0,19780.0,0.0,1050.0,0.0,1500.0,0.0,0.0,0.0
1965-04-30,1544.71,3020.0,1500.0,Rule Curve,1500.0,1500.0,1000000.0,0.0,0.0,14859.0,,16367.0,19793.0,0.0,1050.0,0.0,1500.0,0.0,0.0,0.0
1965-05-01,1545.45,2801.0,1646.0,Rule Curve,1646.0,1646.0,1000000.0,0.0,0.0,14968.0,,16386.0,20023.0,0.0,1050.0,0.0,1646.0,0.0,0.0,0.0
1965-05-02,1545.85,2271.0,1646.0,Rule Curve,1646.0,1646.0,1000000.0,0.0,0.0,15050.0,,16417.0,20241.0,0.0,1050.0,0.0,1646.0,0.0,0.0,0.0
1965-05-03,1546.31,2368.0,1646.0,Rule Curve,1646.0,1646.0,1000000.0,0.0,0.0,15094.0,,16338.0,20394.0,0.0,1050.0,0.0,1646.0,0.0,0.0,0.0
1965-05-04,1546.43,1833.0,1646.0,Rule Curve,1646.0,1646.0,1000000.0,0.0,0.0,15146.0,,16365.0,20581.0,0.0,1050.0,0.0,1646.0,0.0,0.0,0.0
1965-05-05,1546.54,1813.0,1646.0,Rule Curve,1646.0,1646.0,1000000.0,0.0,0.0,15159.0,,16300.0,20610.0,0.0,1050.0,0.0,1646.0,0.0,0.0,0.0
1965-05-06,1546.67,1859.0,1646.0,Rule Curve,1646.0,1646.0,1000000.0,0.0,0.0,15171.0,,16305.0,20681.0,0.0,1050.0,0.0,1646.0,0.0,0.0,0.0
1965-05-07,1546.77,1797.0,1646.0,Rule Curve,1646.0,1646.0,1000000.0,0.0,0.0,15186.0,,16348.0,20764.0,0.0,1050.0,0.0,1646.0,0.0,0.0,0.0
1965-05-08,1546.83,1737.0,1646.0,Rule Curve,1646.0,1646.0,1000000.0,0.0,0.0,15197.0,,16335.0,20810.0,0.0,1050.0,0.0,1646.0,0.0,0.0,0.0
1965-05-09,1546.92,1788.0,1646.0,Rule Curve,1646.0,1646.0,1000000.0,0.0,0.0,15203.0,,16313.0,20841.0,0.0,1050.0,0.0,1646.0,0.0,0.0,0.0
1965-05-10,1547.0,1778.0,1646.0,Rule Curve,1646.0,1646.0,1000000.0,0.0,0.0,15213.0,,16322.0,20886.0,0.0,1050.0,0.0,1646.0,0.0,0.0,0.0
1965-05-11,1547.08,1769.0,1646.0,Rule Curve,1646.0,1646.0,1000000.0,0.0,0.0,15223.0,,16380.0,20929.0,0.0,1050.0,0.0,1646.0,0.0,0.0,0.0
1965-05-12,1547.4,2147.0,1646.0,Rule Curve,1646.0,1646.0,1000000.0,0.0,0.0,15231.0,,16380.0,20987.0,0.0,1050.0,0.0,1646.0,0.0,0.0,0.0
1965-05-13,1547.71,2127.0,1646.0,Rule Curve,1646.0,1646.0,1000000.0,0.0,0.0,15267.0,,16424.0,21173.0,0.0,1050.0,0.0,1646.0,0.0,0.0,0.0
1965-05-14,1547.96,2030.0,1646.0,Rule Curve,1646.0,1646.0,1000000.0,0.0,0.0,15301.0,,16438.0,21359.0,0.0,1050.0,0.0,1646.0,0.0,0.0,0.0
1965-05-15,1548.17,1987.0,1646.0,Rule Curve,1646.0,1646.0,1000000.0,0.0,0.0,15329.0,,16455.0,21520.0,0.0,1050.0,0.0,1646.0,0.0,0.0,0.0
1965-05-16,1548.53,2194.0,1646.0,Rule Curve,1646.0,1646.0,1000000.0,0.0,0.0,15353.0,,16304.0,21673.0,0.0,1050.0,0.0,1646.0,0.0,0.0,0.0
1965-05-17,1548.85,2149.0,1646.0,Rule Curve,1646.0,1646.0,1000000.0,0.0,0.0,15392.0,,16370.0,21906.0,0.0,1050.0,0.0,1646.0,0.0,0.0,0.0
1965-05-18,1548.97,1838.0,1646.0,Rule Curve,1646.0,1646.0,1000000.0,0.0,0.0,15427.0,,16458.0,22091.0,0.0,1050.0,0.0,1646.0,0.0,0.0,0.0
1965-05-19,1549.35,2250.0,1646.0,Rule Curve,1646.0,1646.0,1000000.0,0.0,0.0,15441.0,,16409.0,22249.0,0.0,1050.0,0.0,1646.0,0.0,0.0,0.0
1965-05-20,1550.01,2718.0,1646.0,Rule Curve,1646.0,1646.0,1000000.0,0.0,0.0,15483.0,,16192.0,22604.0,0.0,1050.0,0.0,1646.0,0.0,0.0,0.0
1965-05-21,1550.47,2394.0,1646.0,Rule Curve,1646.0,1646.0,1000000.0,0.0,0.0,15557.0,,16305.0,23122.0,0.0,1050.0,0.0,1646.0,0.0,0.0,0.0
1965-05-22,1550.88,2300.0,1646.0,Rule Curve,1646.0,1646.0,1000000.0,0.0,0.0,15608.0,,16430.0,23596.0,0.0,1050.0,0.0,1646.0,0.0,0.0,0.0
1965-05-23,1551.18,2127.0,1646.0,Rule Curve,1646.0,1646.0,1000000.0,0.0,0.0,15653.0,,16411.0,23681.0,0.0,1050.0,0.0,1646.0,0.0,0.0,0.0
1965-05-24,1551.41,2025.0,1646.0,Rule Curve,1646.0,1646.0,1000000.0,0.0,0.0,15686.0,,16398.0,23732.0,0.0,1050.0,0.0,1646.0,0.0,0.0,0.0
1965-05-25,1551.59,1936.0,1646.0,Rule Curve,1646.0,1646.0,1000000.0,0.0,0.0,15712.0,,16445.0,23938.0,0.0,1050.0,0.0,1646.0,0.0,0.0,0.0
1965-05-26,1551.76,1919.0,1646.0,Rule Curve,1646.0,1646.0,1000000.0,0.0,0.0,15732.0,,16510.0,24343.0,0.0,1050.0,0.0,1646.0,0.0,0.0,0.0
1965-05-27,1552.08,2162.0,1646.0,Rule Curve,1646.0,1646.0,1000000.0,0.0,0.0,15751.0,,16587.0,24418.0,0.0,1050.0,0.0,1646.0,0.0,0.0,0.0
1965-05-28,1552.37,2137.0,1646.0,Rule Curve,1646.0,1646.0,1000000.0,0.0,0.0,15786.0,,16535.0,24587.0,0.0,1050.0,0.0,1646.0,0.0,0.0,0.0
1965-05-29,1552.75,2273.0,1646.0,Rule Curve,1646.0,1646.0,1000000.0,0.0,0.0,15819.0,,16594.0,24680.0,0.0,1050.0,0.0,1646.0,0.0,0.0,
1965-05-30,1553.1,2229.0,1646.0,Rule Curve,1646.0,1646.0,1000000.0,0.0,0.0,15861.0,,16631.0,25224.0,0.0,1050.0,0.0,1646.0,0.0,0.0,
1965-05-31,1553.28,1926.0,1646.0,Rule Curve,1646.0,1646.0,1000000.0,0.0,0.0,15900.0,,16628.0,25552.0,0.0,1050.0,0.0,1646.0,0.0,0.0,
