Date,Elevation,Inflow,Outflow,Zone,Min limit,Max limit,Spillway-Uncontrolled Spill,Dam-Max Evacuation Release,Flood Min,Goshen Bankfull Max,Harrisburg Bankfull Simplified Max,Dam-BiOp MinTrib and Withdrawals by WY,MainstemFlowAug,FIRO_SPACE,Harrisburg Regulation Goal Simplified,Draft to RC
1963-01-02,770.5,232.0,232.0,Rule Curve,232.0,1500.0,0.0,1500.0,100.0,1500.0,6500.0,100.0,0.0,232.0,6500.0,232.0
1963-01-03,770.5,384.0,384.0,Rule Curve,384.0,1500.0,0.0,1500.0,100.0,1500.0,6500.0,100.0,0.0,384.0,6500.0,345.0
1963-01-04,770.5,342.0,342.0,Rule Curve,342.0,1500.0,0.0,1500.0,100.0,1500.0,6500.0,100.0,0.0,342.0,6500.0,303.0
1963-01-05,770.5,285.0,285.0,Rule Curve,285.0,1500.0,0.0,1500.0,100.0,1500.0,6500.0,100.0,0.0,285.0,6500.0,267.0
1963-01-06,770.5,255.0,255.0,Rule Curve,255.0,1500.0,0.0,1500.0,100.0,1500.0,6500.0,100.0,0.0,255.0,6500.0,243.0
1963-01-07,770.5,235.0,235.0,Rule Curve,235.0,1500.0,0.0,1500.0,100.0,1500.0,6500.0,100.0,0.0,235.0,6500.0,234.0
1963-01-08,770.5,214.0,214.0,Rule Curve,214.0,1500.0,0.0,1500.0,100.0,1500.0,6500.0,100.0,0.0,214.0,6500.0,214.0
1963-01-09,770.5,227.0,227.0,Rule Curve,227.0,1500.0,0.0,1500.0,100.0,1500.0,6500.0,100.0,0.0,227.0,6500.0,216.0
1963-01-10,770.5,201.0,201.0,Rule Curve,201.0,1500.0,0.0,1500.0,100.0,1500.0,6500.0,100.0,0.0,201.0,6500.0,188.0
1963-01-11,770.5,196.0,196.0,Rule Curve,196.0,1500.0,0.0,1500.0,100.0,1500.0,6500.0,100.0,0.0,196.0,6500.0,176.0
1963-01-12,770.5,140.0,140.0,Rule Curve,140.0,1500.0,0.0,1500.0,100.0,1500.0,6500.0,100.0,0.0,140.0,6500.0,140.0
1963-01-13,770.5,165.0,165.0,Rule Curve,165.0,1500.0,0.0,1500.0,100.0,1500.0,6500.0,100.0,0.0,165.0,6500.0,165.0
1963-01-14,770.5,195.0,195.0,Rule Curve,195.0,1500.0,0.0,1500.0,100.0,1500.0,6500.0,100.0,0.0,195.0,6500.0,187.0
1963-01-15,770.5,180.0,180.0,Rule Curve,180.0,1500.0,0.0,1500.0,100.0,1500.0,6500.0,100.0,0.0,180.0,6500.0,179.0
1963-01-16,770.5,160.0,160.0,Rule Curve,160.0,1500.0,0.0,1500.0,100.0,1500.0,6500.0,100.0,0.0,160.0,6500.0,160.0
1963-01-17,770.5,171.0,171.0,Rule Curve,171.0,1500.0,0.0,1500.0,100.0,1500.0,6500.0,100.0,0.0,171.0,6500.0,171.0
1963-01-18,770.5,166.0,166.0,Rule Curve,166.0,1500.0,0.0,1500.0,100.0,1500.0,6500.0,100.0,0.0,166.0,6500.0,160.0
1963-01-19,770.5,150.0,150.0,Rule Curve,150.0,1500.0,0.0,1500.0,100.0,1500.0,6500.0,100.0,0.0,150.0,6500.0,150.0
1963-01-20,770.5,140.0,140.0,Rule Curve,140.0,1500.0,0.0,1500.0,100.0,1500.0,6500.0,100.0,0.0,140.0,6500.0,140.0
1963-01-21,770.5,140.0,140.0,Rule Curve,140.0,1500.0,0.0,1500.0,100.0,1500.0,6500.0,100.0,0.0,140.0,6500.0,140.0
1963-01-22,770.5,135.0,135.0,Rule Curve,135.0,1500.0,0.0,1500.0,100.0,1500.0,6500.0,100.0,0.0,135.0,6500.0,135.0
1963-01-23,770.5,135.0,135.0,Rule Curve,135.0,1500.0,0.0,1500.0,100.0,1500.0,6500.0,100.0,0.0,135.0,6500.0,135.0
1963-01-24,770.5,130.0,130.0,Rule Curve,130.0,1500.0,0.0,1500.0,100.0,1500.0,6500.0,100.0,0.0,130.0,6500.0,130.0
1963-01-25,770.5,125.0,125.0,Rule Curve,125.0,1500.0,0.0,1500.0,100.0,1500.0,6500.0,100.0,0.0,125.0,6500.0,125.0
1963-01-26,770.5,120.0,120.0,Rule Curve,120.0,1500.0,0.0,1500.0,100.0,1500.0,6500.0,100.0,0.0,120.0,6500.0,120.0
1963-01-27,770.5,115.0,115.0,Rule Curve,115.0,1500.0,0.0,1500.0,100.0,1500.0,6500.0,100.0,0.0,115.0,6500.0,115.0
1963-01-28,770.5,120.0,120.0,Rule Curve,120.0,1500.0,0.0,1500.0,100.0,1500.0,6500.0,100.0,0.0,120.0,6500.0,120.0
1963-01-29,770.5,140.0,140.0,Rule Curve,140.0,1500.0,0.0,1500.0,100.0,1500.0,6500.0,100.0,0.0,140.0,6500.0,140.0
1963-01-30,770.5,145.0,145.0,Rule Curve,145.0,1500.0,0.0,1500.0,100.0,1500.0,6500.0,100.0,0.0,145.0,6500.0,145.0
1963-01-31,770.5,851.0,851.0,Rule Curve,851.0,1500.0,0.0,1500.0,100.0,1500.0,6500.0,100.0,0.0,851.0,6500.0,851.0
1963-02-01,785.51,6093.0,1500.0,Rule Curve,1500.0,1500.0,0.0,1500.0,100.0,1500.0,3293.0,190.0,0.0,6093.0,4359.0,4533.0
1963-02-02,787.03,4205.0,3644.0,Top of Dam,3644.0,3644.0,0.0,3644.0,100.0,3644.0,4861.0,190.0,0.0,5736.0,5406.0,4943.0
1963-02-03,787.94,4183.0,3861.0,Top of Dam,3861.0,3861.0,0.0,3861.0,100.0,3861.0,3661.0,190.0,0.0,5804.0,4605.0,4481.0
1963-02-04,786.06,3059.0,3721.0,Top of Dam,3721.0,3721.0,0.0,3991.0,100.0,3991.0,5092.0,190.0,0.0,4677.0,5560.0,3721.0
1963-02-05,785.28,2544.0,2856.0,Top of Dam,2856.0,2856.0,0.0,3723.0,100.0,3723.0,6286.0,190.0,0.0,3847.0,6357.0,2856.0
1963-02-06,784.32,1884.0,2202.0,Top of Dam,2202.0,2202.0,0.0,3611.0,100.0,3611.0,6500.0,190.0,0.0,2972.0,6500.0,2202.0
1963-02-07,783.58,1427.0,1671.0,Top of Dam,1671.0,1671.0,0.0,3474.0,100.0,3474.0,6500.0,190.0,0.0,2314.0,6500.0,1671.0
1963-02-08,783.47,1198.0,1238.0,Top of Dam,1238.0,1238.0,0.0,3369.0,100.0,3369.0,6500.0,190.0,0.0,1903.0,6500.0,1238.0
1963-02-09,783.48,912.0,908.0,Top of Dam,908.0,908.0,0.0,3353.0,100.0,3353.0,6500.0,190.0,0.0,1503.0,6500.0,908.0
1963-02-10,783.53,674.0,656.0,Top of Dam,656.0,656.0,0.0,3355.0,100.0,3355.0,6500.0,190.0,0.0,1166.0,6500.0,656.0
1963-02-11,783.72,554.0,489.0,Top of Dam,489.0,489.0,0.0,3362.0,100.0,3362.0,6500.0,190.0,0.0,951.0,6500.0,489.0
1963-02-12,783.98,457.0,366.0,Top of Dam,366.0,366.0,0.0,3388.0,100.0,3388.0,6500.0,190.0,0.0,774.0,6500.0,366.0
1963-02-13,784.59,457.0,269.0,Top of Dam,269.0,269.0,0.0,3425.0,100.0,3425.0,6500.0,190.0,0.0,702.0,6500.0,269.0
1963-02-14,785.21,402.0,193.0,Top of Dam,193.0,193.0,0.0,3513.0,100.0,3513.0,6500.0,190.0,0.0,609.0,6500.0,193.0
1963-02-15,785.74,366.0,152.0,Top of Dam,152.0,152.0,0.0,3602.0,100.0,3602.0,6500.0,190.0,0.0,541.0,6500.0,152.0
1963-02-16,785.33,380.0,547.0,Top of Dam,534.0,547.0,0.0,3677.0,100.0,3677.0,6500.0,190.0,0.0,534.0,6500.0,547.0
1963-02-17,785.33,370.0,370.0,Rule Curve,370.0,3619.0,0.0,3619.0,100.0,3619.0,6500.0,190.0,0.0,370.0,6500.0,33.0
1963-02-18,787.04,2553.0,1916.0,Rule Curve,190.0,2441.0,0.0,3619.0,100.0,3619.0,4959.0,190.0,0.0,2441.0,5471.0,1867.0
1963-02-19,787.04,2802.0,2802.0,Rule Curve,2802.0,3863.0,0.0,3863.0,100.0,3863.0,6243.0,190.0,0.0,2802.0,6328.0,1599.0
1963-02-20,788.67,1770.0,1161.0,Rule Curve,190.0,1669.0,0.0,3863.0,100.0,3863.0,6500.0,190.0,0.0,1669.0,6500.0,1018.0
1963-02-21,788.67,1413.0,1413.0,Rule Curve,1413.0,4096.0,0.0,4096.0,100.0,4096.0,6500.0,190.0,0.0,1413.0,6500.0,894.0
1963-02-22,790.17,1367.0,762.0,Rule Curve,190.0,1266.0,0.0,4096.0,100.0,4096.0,6500.0,190.0,0.0,1266.0,6500.0,619.0
1963-02-23,790.17,1092.0,1092.0,Rule Curve,1092.0,4310.0,0.0,4310.0,100.0,4310.0,6500.0,190.0,0.0,1092.0,6500.0,521.0
1963-02-24,791.68,887.0,278.0,Rule Curve,190.0,785.0,0.0,4310.0,100.0,4310.0,6500.0,190.0,0.0,785.0,6500.0,278.0
1963-02-25,791.68,771.0,771.0,Rule Curve,771.0,4526.0,0.0,4526.0,100.0,4526.0,6500.0,190.0,0.0,771.0,6500.0,469.0
1963-02-26,793.16,998.0,393.0,Rule Curve,190.0,897.0,0.0,4526.0,100.0,4526.0,6500.0,190.0,0.0,897.0,6500.0,393.0
1963-02-27,793.16,978.0,978.0,Rule Curve,978.0,4737.0,0.0,4737.0,100.0,4737.0,6500.0,190.0,0.0,978.0,6500.0,536.0
1963-02-28,794.5,882.0,274.0,Rule Curve,190.0,781.0,0.0,4737.0,100.0,4737.0,6500.0,190.0,0.0,781.0,6500.0,274.0
1963-03-01,794.5,938.0,938.0,Rule Curve,938.0,4929.0,0.0,4929.0,100.0,4929.0,6500.0,190.0,0.0,938.0,6500.0,545.0
1963-03-02,795.84,958.0,350.0,Rule Curve,190.0,856.0,0.0,4929.0,100.0,4929.0,6500.0,190.0,0.0,856.0,6500.0,350.0
1963-03-03,795.84,928.0,928.0,Rule Curve,928.0,5000.0,0.0,5000.0,100.0,5000.0,6500.0,190.0,0.0,928.0,6500.0,424.0
1963-03-04,797.17,827.0,223.0,Rule Curve,190.0,725.0,0.0,5000.0,100.0,5000.0,6500.0,190.0,0.0,725.0,6500.0,221.0
1963-03-05,797.17,706.0,706.0,Rule Curve,706.0,5000.0,0.0,5000.0,100.0,5000.0,6500.0,190.0,0.0,706.0,6500.0,225.0
1963-03-06,798.11,620.0,190.0,Rule Curve,190.0,519.0,0.0,5000.0,100.0,5000.0,6500.0,190.0,0.0,519.0,6500.0,11.0
1963-03-07,798.8,539.0,190.0,Rule Curve,190.0,480.0,0.0,5000.0,100.0,5000.0,6500.0,190.0,0.0,480.0,6500.0,21.0
1963-03-08,799.36,474.0,190.0,Rule Curve,190.0,430.0,0.0,5000.0,100.0,5000.0,6500.0,190.0,0.0,430.0,6500.0,0.0
1963-03-09,799.81,419.0,190.0,Rule Curve,190.0,369.0,0.0,5000.0,100.0,5000.0,6500.0,190.0,0.0,369.0,6500.0,0.0
1963-03-10,800.19,378.0,190.0,Rule Curve,190.0,302.0,0.0,5000.0,100.0,5000.0,6500.0,190.0,0.0,302.0,6500.0,0.0
1963-03-11,800.58,388.0,190.0,Rule Curve,190.0,274.0,0.0,5000.0,100.0,5000.0,6500.0,190.0,0.0,274.0,6500.0,0.0
1963-03-12,800.98,392.0,190.0,Rule Curve,190.0,242.0,0.0,5000.0,100.0,5000.0,6500.0,190.0,0.0,242.0,6500.0,0.0
1963-03-13,801.34,371.0,190.0,Rule Curve,190.0,190.0,0.0,5000.0,100.0,5000.0,6500.0,190.0,0.0,187.0,6500.0,0.0
1963-03-14,801.79,414.0,190.0,Rule Curve,190.0,190.0,0.0,5000.0,100.0,5000.0,6500.0,190.0,0.0,190.0,6500.0,0.0
1963-03-15,802.26,442.0,190.0,Rule Curve,190.0,191.0,0.0,5000.0,100.0,5000.0,6500.0,190.0,0.0,191.0,6500.0,0.0
1963-03-16,802.86,522.0,190.0,Rule Curve,190.0,253.0,0.0,5000.0,100.0,5000.0,6500.0,190.0,0.0,253.0,6500.0,0.0
1963-03-17,803.59,567.0,190.0,Rule Curve,190.0,308.0,0.0,5000.0,100.0,5000.0,6500.0,190.0,0.0,308.0,6500.0,0.0
1963-03-18,804.19,501.0,190.0,Rule Curve,190.0,268.0,0.0,5000.0,100.0,5000.0,6500.0,190.0,0.0,268.0,6500.0,0.0
1963-03-19,804.87,567.0,190.0,Rule Curve,190.0,336.0,0.0,5000.0,100.0,5000.0,6500.0,190.0,0.0,336.0,6500.0,0.0
1963-03-20,805.76,684.0,190.0,Rule Curve,190.0,477.0,0.0,5000.0,100.0,5000.0,6500.0,190.0,0.0,477.0,6500.0,0.0
1963-03-21,806.83,783.0,190.0,Rule Curve,190.0,640.0,0.0,5000.0,100.0,5000.0,6500.0,190.0,0.0,640.0,6500.0,56.0
1963-03-22,807.58,723.0,306.0,Rule Curve,190.0,678.0,0.0,5000.0,100.0,5000.0,6500.0,190.0,0.0,678.0,6500.0,223.0
1963-03-23,807.58,687.0,687.0,Rule Curve,687.0,5000.0,0.0,5000.0,100.0,5000.0,6500.0,190.0,0.0,687.0,6500.0,188.0
1963-03-24,808.27,586.0,190.0,Rule Curve,190.0,492.0,0.0,5000.0,100.0,5000.0,6500.0,190.0,0.0,492.0,6500.0,0.0
1963-03-25,808.8,510.0,190.0,Rule Curve,190.0,438.0,0.0,5000.0,100.0,5000.0,6500.0,190.0,0.0,438.0,6500.0,0.0
1963-03-26,809.26,470.0,190.0,Rule Curve,190.0,397.0,0.0,5000.0,100.0,5000.0,6500.0,190.0,0.0,397.0,6500.0,0.0
1963-03-27,809.87,556.0,190.0,Rule Curve,190.0,474.0,0.0,5000.0,100.0,5000.0,6500.0,190.0,0.0,474.0,6500.0,7.0
1963-03-28,810.67,745.0,259.0,Rule Curve,190.0,684.0,0.0,5000.0,100.0,5000.0,6500.0,190.0,0.0,684.0,6500.0,259.0
1963-03-29,810.67,2074.0,2073.0,Rule Curve,2073.0,2450.0,0.0,5000.0,100.0,2450.0,5204.0,190.0,0.0,2073.0,5635.0,1771.0
1963-03-30,812.16,3584.0,2684.0,Rule Curve,190.0,2684.0,0.0,5000.0,100.0,2684.0,3231.0,190.0,0.0,3484.0,4318.0,2201.0
1963-03-31,812.0,2794.0,2892.0,Rule Curve,2892.0,4808.0,0.0,5000.0,100.0,4808.0,6326.0,190.0,0.0,2892.0,6384.0,1626.0
1963-04-01,812.62,1669.0,1291.0,Rule Curve,190.0,1636.0,0.0,5000.0,100.0,5000.0,6500.0,190.0,0.0,1636.0,6500.0,899.0
1963-04-02,812.62,1286.0,1286.0,Rule Curve,1286.0,5000.0,0.0,5000.0,100.0,5000.0,6500.0,190.0,0.0,1286.0,6500.0,878.0
1963-04-03,813.59,1039.0,422.0,Rule Curve,190.0,943.0,0.0,5000.0,100.0,5000.0,6500.0,190.0,0.0,943.0,6500.0,422.0
1963-04-04,813.59,1531.0,1531.0,Rule Curve,1531.0,5000.0,0.0,5000.0,100.0,5000.0,6500.0,190.0,0.0,1531.0,6500.0,1203.0
1963-04-05,814.55,2159.0,1530.0,Rule Curve,190.0,2050.0,0.0,5000.0,100.0,5000.0,6500.0,190.0,0.0,2050.0,6500.0,1530.0
1963-04-06,814.55,2675.0,2675.0,Rule Curve,2675.0,5000.0,0.0,5000.0,100.0,5000.0,6120.0,190.0,0.0,2675.0,6246.0,1730.0
1963-04-07,815.48,2060.0,1450.0,Rule Curve,190.0,1960.0,0.0,5000.0,100.0,5000.0,6500.0,190.0,0.0,1960.0,6500.0,1343.0
1963-04-08,815.48,1642.0,1642.0,Rule Curve,1642.0,5072.0,0.0,5072.0,100.0,5072.0,6500.0,190.0,0.0,1642.0,6500.0,1317.0
1963-04-09,816.37,1818.0,1216.0,Rule Curve,190.0,1717.0,0.0,5072.0,100.0,5072.0,6500.0,190.0,0.0,1717.0,6500.0,1168.0
1963-04-10,816.37,1675.0,1675.0,Rule Curve,1675.0,5205.0,0.0,5205.0,100.0,5205.0,6500.0,190.0,0.0,1675.0,6500.0,1131.0
1963-04-11,817.23,1497.0,890.0,Rule Curve,190.0,1396.0,0.0,5205.0,100.0,5205.0,6500.0,190.0,0.0,1396.0,6500.0,890.0
1963-04-12,817.23,1409.0,1409.0,Rule Curve,1409.0,5334.0,0.0,5334.0,100.0,5334.0,6500.0,190.0,0.0,1409.0,6500.0,1084.0
1963-04-13,818.09,1268.0,661.0,Rule Curve,190.0,1167.0,0.0,5334.0,100.0,5334.0,6500.0,190.0,0.0,1167.0,6500.0,661.0
1963-04-14,818.09,1765.0,1765.0,Rule Curve,1765.0,5464.0,0.0,5464.0,100.0,5464.0,6500.0,190.0,0.0,1765.0,6500.0,1461.0
1963-04-15,818.95,2541.0,1934.0,Rule Curve,190.0,2440.0,0.0,5464.0,100.0,5464.0,6500.0,190.0,0.0,2440.0,6500.0,1717.0
1963-04-16,818.95,2194.0,2194.0,Rule Curve,2194.0,5593.0,0.0,5593.0,100.0,5593.0,6500.0,190.0,0.0,2194.0,6500.0,1586.0
1963-04-17,819.81,1909.0,1302.0,Rule Curve,190.0,1808.0,0.0,5593.0,100.0,5593.0,6500.0,190.0,0.0,1808.0,6500.0,1302.0
1963-04-18,819.81,1844.0,1844.0,Rule Curve,1844.0,5721.0,0.0,5721.0,100.0,5721.0,6500.0,190.0,0.0,1844.0,6500.0,1540.0
1963-04-19,820.67,2292.0,1685.0,Rule Curve,190.0,2191.0,0.0,5722.0,100.0,5722.0,6500.0,190.0,0.0,2191.0,6500.0,1340.0
1963-04-20,820.67,1828.0,1828.0,Rule Curve,1828.0,5850.0,0.0,5850.0,100.0,5850.0,6500.0,190.0,0.0,1828.0,6500.0,1121.0
1963-04-21,821.5,1395.0,784.0,Rule Curve,190.0,1292.0,0.0,5850.0,100.0,5850.0,6500.0,190.0,0.0,1292.0,6500.0,784.0
1963-04-22,821.5,1332.0,1332.0,Rule Curve,1332.0,5975.0,0.0,5975.0,100.0,5975.0,6500.0,190.0,0.0,1332.0,6500.0,1029.0
1963-04-23,822.3,1504.0,899.0,Rule Curve,190.0,1403.0,0.0,5975.0,100.0,5975.0,6500.0,190.0,0.0,1403.0,6500.0,899.0
1963-04-24,822.3,1731.0,1731.0,Rule Curve,1731.0,6095.0,0.0,6095.0,100.0,6095.0,6500.0,190.0,0.0,1731.0,6500.0,1208.0
1963-04-25,823.1,1519.0,909.0,Rule Curve,190.0,1418.0,0.0,6095.0,100.0,6095.0,6500.0,190.0,0.0,1418.0,6500.0,909.0
1963-04-26,823.1,1564.0,1564.0,Rule Curve,1564.0,6215.0,0.0,6215.0,100.0,6215.0,6500.0,190.0,0.0,1564.0,6500.0,1186.0
1963-04-27,823.85,1685.0,1080.0,Rule Curve,190.0,1586.0,0.0,6215.0,100.0,6215.0,6500.0,190.0,0.0,1586.0,6500.0,1080.0
1963-04-28,823.85,1493.0,1493.0,Rule Curve,1493.0,6327.0,0.0,6327.0,100.0,6327.0,6500.0,190.0,0.0,1493.0,6500.0,1195.0
1963-04-29,824.6,1826.0,1221.0,Rule Curve,190.0,1727.0,0.0,6327.0,100.0,6327.0,6500.0,190.0,0.0,1727.0,6500.0,1197.0
1963-04-30,824.6,1715.0,1715.0,Rule Curve,1715.0,6440.0,0.0,6440.0,100.0,6440.0,6500.0,190.0,0.0,1715.0,6500.0,1408.0
1963-05-01,825.35,1541.0,936.0,Rule Curve,190.0,1439.0,0.0,6440.0,100.0,6440.0,6500.0,190.0,0.0,1439.0,6500.0,936.0
1963-05-02,825.35,2316.0,2316.0,Rule Curve,2316.0,6500.0,0.0,6500.0,100.0,6500.0,6500.0,190.0,0.0,2316.0,6500.0,2009.0
1963-05-03,826.11,3072.0,2459.0,Rule Curve,190.0,2970.0,0.0,6500.0,100.0,6500.0,6500.0,190.0,0.0,2970.0,6500.0,2306.0
1963-05-04,826.11,2079.0,2079.0,Rule Curve,2079.0,6500.0,0.0,6500.0,100.0,6500.0,6500.0,190.0,0.0,2079.0,6500.0,1781.0
1963-05-05,826.86,3262.0,2657.0,Rule Curve,190.0,3163.0,0.0,6500.0,100.0,4615.0,5966.0,190.0,0.0,3163.0,6143.0,2657.0
1963-05-06,834.41,8411.0,1658.0,Rule Curve,1658.0,1658.0,0.0,6500.0,100.0,1658.0,1658.0,190.0,0.0,8411.0,3267.0,6090.0
1963-05-07,838.15,7131.0,3496.0,Top of Dam,3496.0,3496.0,0.0,6500.0,100.0,3496.0,2313.0,190.0,0.0,9282.0,3705.0,6256.0
1963-05-08,836.46,3913.0,5580.0,Top of Dam,5580.0,5580.0,3608.0,6500.0,100.0,5672.0,5688.0,190.0,0.0,7175.0,5958.0,5580.0
1963-05-09,834.63,2464.0,4213.0,Top of Dam,4213.0,4213.0,1241.0,6500.0,100.0,6500.0,6500.0,190.0,0.0,5068.0,6500.0,4213.0
1963-05-10,832.99,1769.0,3295.0,Top of Dam,3295.0,3295.0,0.0,6500.0,100.0,6500.0,6500.0,190.0,0.0,3690.0,6500.0,3295.0
1963-05-11,832.12,1786.0,2570.0,Top of Dam,2570.0,2570.0,0.0,6500.0,100.0,6500.0,6500.0,190.0,0.0,3095.0,6500.0,2570.0
1963-05-12,831.87,1760.0,1988.0,Top of Dam,1988.0,1988.0,0.0,6500.0,100.0,6500.0,6500.0,190.0,0.0,2708.0,6500.0,1988.0
1963-05-13,831.71,1420.0,1571.0,Top of Dam,1571.0,1571.0,0.0,6500.0,100.0,6500.0,6500.0,190.0,0.0,2189.0,6500.0,1571.0
1963-05-14,831.59,1132.0,1240.0,Top of Dam,1240.0,1240.0,0.0,6500.0,100.0,6500.0,6500.0,190.0,0.0,1751.0,6500.0,1240.0
1963-05-15,831.59,1035.0,1033.0,Top of Dam,1033.0,1033.0,0.0,6500.0,100.0,6500.0,6500.0,190.0,0.0,1518.0,6500.0,1033.0
1963-05-16,831.59,887.0,887.0,Top of Dam,887.0,887.0,0.0,6500.0,100.0,6500.0,6500.0,190.0,0.0,1268.0,6500.0,887.0
1963-05-17,831.77,918.0,759.0,Top of Dam,759.0,759.0,0.0,6500.0,100.0,6500.0,6500.0,190.0,0.0,1199.0,6500.0,759.0
1963-05-18,831.94,903.0,748.0,Top of Dam,748.0,748.0,0.0,6500.0,100.0,6500.0,6500.0,190.0,0.0,1135.0,6500.0,748.0
1963-05-19,832.04,802.0,708.0,Top of Dam,708.0,708.0,0.0,6500.0,100.0,6500.0,6500.0,190.0,0.0,985.0,6500.0,708.0
1963-05-20,832.1,726.0,669.0,Top of Dam,669.0,669.0,0.0,6500.0,100.0,6500.0,6500.0,190.0,0.0,838.0,6500.0,669.0
1963-05-21,832.13,630.0,604.0,Top of Dam,604.0,604.0,0.0,6500.0,100.0,6500.0,6500.0,190.0,0.0,661.0,6500.0,604.0
1963-05-22,832.2,590.0,531.0,Top of Dam,531.0,531.0,0.0,6500.0,100.0,6500.0,6500.0,190.0,0.0,630.0,6500.0,531.0
1963-05-23,832.2,474.0,467.0,Top of Dam,467.0,467.0,0.0,6500.0,100.0,6500.0,6500.0,190.0,0.0,533.0,6500.0,467.0
1963-05-24,832.15,384.0,431.0,Top of Dam,431.0,431.0,0.0,6500.0,100.0,6500.0,6500.0,190.0,0.0,446.0,6500.0,431.0
1963-05-25,832.12,339.0,373.0,Top of Dam,373.0,373.0,0.0,6500.0,100.0,6500.0,6500.0,190.0,0.0,385.0,6500.0,373.0
1963-05-26,832.14,358.0,334.0,Top of Dam,334.0,334.0,0.0,6500.0,100.0,6500.0,6500.0,190.0,0.0,393.0,6500.0,334.0
1963-05-27,832.09,257.0,306.0,Top of Dam,300.0,306.0,0.0,6500.0,100.0,6500.0,6500.0,190.0,0.0,300.0,6500.0,306.0
1963-05-28,832.06,257.0,281.0,Top of Dam,281.0,281.0,0.0,6500.0,100.0,6500.0,6500.0,190.0,0.0,284.0,6500.0,281.0
1963-05-29,832.05,250.0,261.0,Top of Dam,261.0,261.0,0.0,6500.0,100.0,6500.0,6500.0,190.0,0.0,269.0,6500.0,261.0
1963-05-30,832.04,231.0,239.0,Top of Dam,239.0,239.0,0.0,6500.0,100.0,6500.0,6500.0,190.0,0.0,246.0,6500.0,239.0
1963-05-31,832.03,221.0,232.0,Top of Dam,232.0,232.0,0.0,6500.0,100.0,6500.0,6500.0,190.0,0.0,233.0,6500.0,232.0
1963-06-01,832.0,194.0,220.0,Top of Dam,203.0,220.0,0.0,6500.0,100.0,6500.0,6500.0,200.0,0.0,203.0,6500.0,220.0
1963-06-02,832.0,220.0,220.0,Rule Curve,220.0,6500.0,0.0,6500.0,100.0,6500.0,6500.0,200.0,0.0,220.0,6500.0,220.0
1963-06-03,832.0,255.0,255.0,Rule Curve,255.0,6500.0,0.0,6500.0,100.0,6500.0,6500.0,200.0,0.0,255.0,6500.0,255.0
1963-06-04,832.0,265.0,265.0,Rule Curve,265.0,6500.0,0.0,6500.0,100.0,6500.0,6500.0,200.0,0.0,265.0,6500.0,265.0
1963-06-05,832.0,397.0,397.0,Rule Curve,397.0,6500.0,0.0,6500.0,100.0,6500.0,6500.0,200.0,0.0,397.0,6500.0,397.0
1963-06-06,832.0,502.0,502.0,Rule Curve,502.0,6500.0,0.0,6500.0,100.0,6500.0,6500.0,200.0,0.0,502.0,6500.0,417.0
1963-06-07,832.0,397.0,397.0,Rule Curve,397.0,6500.0,0.0,6500.0,100.0,6500.0,6500.0,200.0,0.0,397.0,6500.0,340.0
1963-06-08,832.0,326.0,326.0,Rule Curve,326.0,6500.0,0.0,6500.0,100.0,6500.0,6500.0,200.0,0.0,326.0,6500.0,285.0
1963-06-09,832.0,273.0,273.0,Rule Curve,273.0,6500.0,0.0,6500.0,100.0,6500.0,6500.0,200.0,0.0,273.0,6500.0,250.0
1963-06-10,832.0,231.0,231.0,Rule Curve,231.0,6500.0,0.0,6500.0,100.0,6500.0,6500.0,200.0,0.0,231.0,6500.0,229.0
1963-06-11,832.0,221.0,221.0,Rule Curve,221.0,6500.0,0.0,6500.0,100.0,6500.0,6500.0,200.0,0.0,221.0,6500.0,209.0
1963-06-12,832.0,211.0,211.0,Rule Curve,211.0,6500.0,0.0,6500.0,100.0,6500.0,6500.0,200.0,0.0,211.0,6500.0,191.0
1963-06-13,831.97,171.0,200.0,Rule Curve,200.0,6500.0,0.0,6500.0,100.0,6500.0,6500.0,200.0,0.0,171.0,6500.0,166.0
1963-06-14,831.93,166.0,200.0,Rule Curve,200.0,6500.0,0.0,6500.0,100.0,6500.0,6500.0,200.0,0.0,156.0,6500.0,137.0
1963-06-15,831.86,135.0,200.0,Rule Curve,200.0,6500.0,0.0,6500.0,100.0,6500.0,6500.0,200.0,0.0,114.0,6500.0,72.0
1963-06-16,831.79,133.0,200.0,Rule Curve,200.0,200.0,0.0,6500.0,100.0,6500.0,6500.0,200.0,0.0,90.0,6500.0,5.0
1963-06-17,831.7,124.0,200.0,Rule Curve,200.0,200.0,0.0,6500.0,100.0,6500.0,6500.0,200.0,0.0,59.0,6500.0,0.0
1963-06-18,831.6,108.0,200.0,Rule Curve,200.0,200.0,0.0,6500.0,100.0,6500.0,6500.0,200.0,0.0,18.0,6500.0,0.0
1963-06-19,831.51,119.0,200.0,Rule Curve,200.0,200.0,0.0,6500.0,100.0,6500.0,6500.0,200.0,0.0,0.0,6500.0,0.0
1963-06-20,831.41,104.0,200.0,Rule Curve,200.0,200.0,0.0,6500.0,100.0,6500.0,6500.0,200.0,0.0,0.0,6500.0,0.0
1963-06-21,831.39,190.0,200.0,Rule Curve,200.0,200.0,0.0,6500.0,100.0,6500.0,6500.0,200.0,0.0,10.0,6500.0,0.0
1963-06-22,831.8,572.0,200.0,Rule Curve,200.0,389.0,0.0,6500.0,100.0,6500.0,6500.0,200.0,0.0,389.0,6500.0,23.0
1963-06-23,832.0,455.0,278.0,Rule Curve,200.0,396.0,0.0,6500.0,100.0,6500.0,6500.0,200.0,0.0,396.0,6500.0,278.0
1963-06-24,832.0,344.0,344.0,Rule Curve,344.0,6500.0,0.0,6500.0,100.0,6500.0,6500.0,200.0,0.0,344.0,6500.0,298.0
1963-06-25,832.0,295.0,295.0,Rule Curve,295.0,6500.0,0.0,6500.0,100.0,6500.0,6500.0,200.0,0.0,295.0,6500.0,265.0
1963-06-26,832.0,230.0,230.0,Rule Curve,230.0,6500.0,0.0,6500.0,100.0,6500.0,6500.0,200.0,0.0,230.0,6500.0,230.0
1963-06-27,832.0,245.0,245.0,Rule Curve,245.0,6500.0,0.0,6500.0,100.0,6500.0,6500.0,200.0,0.0,245.0,6500.0,245.0
1963-06-28,832.0,357.0,357.0,Rule Curve,357.0,6500.0,0.0,6500.0,100.0,6500.0,6500.0,200.0,0.0,357.0,6500.0,357.0
1963-06-29,832.0,483.0,483.0,Rule Curve,483.0,6500.0,0.0,6500.0,100.0,6500.0,6500.0,200.0,0.0,483.0,6500.0,444.0
1963-06-30,832.0,443.0,443.0,Rule Curve,443.0,6500.0,0.0,6500.0,100.0,6500.0,6500.0,200.0,0.0,443.0,6500.0,381.0
1963-07-01,832.0,382.0,382.0,Rule Curve,382.0,6500.0,0.0,6500.0,100.0,6500.0,6500.0,113.0,0.0,382.0,6500.0,322.0
1963-07-02,832.0,292.0,292.0,Rule Curve,292.0,6500.0,0.0,6500.0,100.0,6500.0,6500.0,113.0,0.0,292.0,6500.0,274.0
1963-07-03,832.0,267.0,267.0,Rule Curve,267.0,6500.0,0.0,6500.0,100.0,6500.0,6500.0,113.0,0.0,267.0,6500.0,244.0
1963-07-04,832.0,237.0,237.0,Rule Curve,237.0,6500.0,0.0,6500.0,100.0,6500.0,6500.0,113.0,0.0,237.0,6500.0,218.0
1963-07-05,832.0,202.0,202.0,Rule Curve,202.0,6500.0,0.0,6500.0,100.0,6500.0,6500.0,113.0,0.0,202.0,6500.0,202.0
1963-07-06,832.0,190.0,190.0,Rule Curve,190.0,6500.0,0.0,6500.0,100.0,6500.0,6500.0,113.0,0.0,190.0,6500.0,190.0
1963-07-07,832.0,236.0,236.0,Rule Curve,236.0,6500.0,0.0,6500.0,100.0,6500.0,6500.0,113.0,0.0,236.0,6500.0,219.0
1963-07-08,832.0,211.0,211.0,Rule Curve,211.0,6500.0,0.0,6500.0,100.0,6500.0,6500.0,113.0,0.0,211.0,6500.0,206.0
1963-07-09,832.0,185.0,185.0,Rule Curve,185.0,6500.0,0.0,6500.0,100.0,6500.0,6500.0,113.0,0.0,185.0,6500.0,185.0
1963-07-10,832.0,196.0,196.0,Rule Curve,196.0,6500.0,0.0,6500.0,100.0,6500.0,6500.0,113.0,0.0,196.0,6500.0,179.0
1963-07-11,832.0,165.0,165.0,Rule Curve,165.0,6500.0,0.0,6500.0,100.0,6500.0,6500.0,113.0,0.0,165.0,6500.0,162.0
1963-07-12,832.0,150.0,150.0,Rule Curve,150.0,6500.0,0.0,6500.0,100.0,6500.0,6500.0,113.0,0.0,150.0,6500.0,150.0
1963-07-13,832.0,145.0,145.0,Rule Curve,145.0,6500.0,0.0,6500.0,100.0,6500.0,6500.0,113.0,0.0,145.0,6500.0,145.0
1963-07-14,832.0,148.0,148.0,Rule Curve,148.0,6500.0,0.0,6500.0,100.0,6500.0,6500.0,113.0,0.0,148.0,6500.0,144.0
1963-07-15,832.0,141.0,141.0,Rule Curve,141.0,6500.0,0.0,6500.0,100.0,6500.0,6500.0,113.0,0.0,141.0,6500.0,137.0
1963-07-16,832.0,119.0,119.0,Rule Curve,119.0,6500.0,0.0,6500.0,100.0,6500.0,6500.0,113.0,0.0,119.0,6500.0,119.0
1963-07-17,832.0,125.0,125.0,Rule Curve,125.0,6500.0,0.0,6500.0,100.0,6500.0,6500.0,113.0,0.0,125.0,6500.0,119.0
1963-07-18,832.0,109.0,113.0,Rule Curve,113.0,6500.0,0.0,6500.0,100.0,6500.0,6500.0,113.0,0.0,109.0,6500.0,109.0
1963-07-19,831.98,98.0,113.0,Rule Curve,113.0,6500.0,0.0,6500.0,100.0,6500.0,6500.0,113.0,0.0,97.0,6500.0,94.0
1963-07-20,831.97,108.0,113.0,Rule Curve,113.0,6500.0,0.0,6500.0,100.0,6500.0,6500.0,113.0,0.0,102.0,6500.0,89.0
1963-07-21,831.97,107.0,113.0,Rule Curve,113.0,6500.0,0.0,6500.0,100.0,6500.0,6500.0,113.0,0.0,99.0,6500.0,84.0
1963-07-22,831.98,129.0,119.0,Rule Curve,119.0,6500.0,0.0,6500.0,100.0,6500.0,6500.0,113.0,0.0,119.0,6500.0,97.0
1963-07-23,831.94,82.0,113.0,Rule Curve,113.0,6500.0,0.0,6500.0,100.0,6500.0,6500.0,113.0,0.0,76.0,6500.0,63.0
1963-07-24,831.91,84.0,113.0,Rule Curve,113.0,6500.0,0.0,6500.0,100.0,6500.0,6500.0,113.0,0.0,67.0,6500.0,34.0
1963-07-25,831.83,37.0,113.0,Rule Curve,113.0,6500.0,0.0,6500.0,100.0,6500.0,6500.0,113.0,0.0,11.0,6500.0,0.0
1963-07-26,831.81,92.0,113.0,Rule Curve,113.0,113.0,0.0,6500.0,100.0,6500.0,6500.0,113.0,0.0,40.0,6500.0,0.0
1963-07-27,831.77,81.0,113.0,Rule Curve,113.0,113.0,0.0,6500.0,100.0,6500.0,6500.0,113.0,0.0,22.0,6500.0,0.0
1963-07-28,831.73,71.0,113.0,Rule Curve,113.0,113.0,0.0,6500.0,100.0,6500.0,6500.0,113.0,0.0,2.0,6500.0,0.0
1963-07-29,831.68,71.0,113.0,Rule Curve,113.0,113.0,0.0,6500.0,100.0,6500.0,6500.0,113.0,0.0,0.0,6500.0,0.0
1963-07-30,831.67,107.0,113.0,Rule Curve,113.0,113.0,0.0,6500.0,100.0,6500.0,6500.0,113.0,0.0,10.0,6500.0,0.0
1963-07-31,831.62,66.0,113.0,Rule Curve,113.0,113.0,0.0,6500.0,100.0,6500.0,6500.0,113.0,0.0,0.0,6500.0,0.0
1963-08-01,831.59,82.0,113.0,Rule Curve,113.0,113.0,0.0,6500.0,100.0,6500.0,6500.0,113.0,0.0,0.0,6500.0,0.0
1963-08-02,831.51,46.0,113.0,Rule Curve,113.0,113.0,0.0,6500.0,100.0,6500.0,6500.0,113.0,0.0,0.0,6500.0,0.0
1963-08-03,831.47,71.0,113.0,Rule Curve,113.0,113.0,0.0,6500.0,100.0,6500.0,6500.0,113.0,0.0,0.0,6500.0,0.0
1963-08-04,831.43,77.0,113.0,Rule Curve,113.0,113.0,0.0,6500.0,100.0,6500.0,6500.0,113.0,0.0,0.0,6500.0,0.0
1963-08-05,831.37,61.0,113.0,Rule Curve,113.0,113.0,0.0,6500.0,100.0,6500.0,6500.0,113.0,0.0,0.0,6500.0,0.0
1963-08-06,831.28,31.0,113.0,Rule Curve,113.0,113.0,0.0,6500.0,100.0,6500.0,6500.0,113.0,0.0,0.0,6500.0,0.0
1963-08-07,831.22,55.0,113.0,Rule Curve,113.0,113.0,0.0,6500.0,100.0,6500.0,6500.0,113.0,0.0,0.0,6500.0,0.0
1963-08-08,831.12,24.0,113.0,Rule Curve,113.0,113.0,0.0,6500.0,100.0,6500.0,6500.0,113.0,0.0,0.0,6500.0,0.0
1963-08-09,831.03,34.0,113.0,Rule Curve,113.0,113.0,0.0,6500.0,100.0,6500.0,6500.0,113.0,0.0,0.0,6500.0,0.0
1963-08-10,830.95,39.0,113.0,Rule Curve,113.0,113.0,0.0,6500.0,100.0,6500.0,6500.0,113.0,0.0,0.0,6500.0,0.0
1963-08-11,830.87,44.0,113.0,Rule Curve,113.0,113.0,0.0,6500.0,100.0,6500.0,6500.0,113.0,0.0,0.0,6500.0,0.0
1963-08-12,830.8,44.0,113.0,Rule Curve,113.0,113.0,0.0,6500.0,100.0,6500.0,6500.0,113.0,0.0,0.0,6500.0,0.0
1963-08-13,830.72,44.0,113.0,Rule Curve,113.0,113.0,0.0,6500.0,100.0,6500.0,6500.0,113.0,0.0,0.0,6500.0,0.0
1963-08-14,830.66,55.0,113.0,Rule Curve,113.0,113.0,0.0,6500.0,100.0,6500.0,6500.0,113.0,0.0,0.0,6500.0,0.0
1963-08-15,830.59,50.0,113.0,Rule Curve,113.0,113.0,0.0,6500.0,100.0,6500.0,6500.0,113.0,0.0,0.0,6500.0,0.0
1963-08-16,830.5,34.0,113.0,Rule Curve,113.0,113.0,0.0,6500.0,100.0,6500.0,6500.0,113.0,0.0,0.0,6500.0,0.0
1963-08-17,830.45,65.0,113.0,Rule Curve,113.0,113.0,0.0,6500.0,100.0,6500.0,6500.0,113.0,0.0,0.0,6500.0,0.0
1963-08-18,830.38,50.0,113.0,Rule Curve,113.0,113.0,0.0,6500.0,100.0,6500.0,6500.0,113.0,0.0,0.0,6500.0,0.0
1963-08-19,830.31,45.0,113.0,Rule Curve,113.0,113.0,0.0,6500.0,100.0,6500.0,6500.0,113.0,0.0,0.0,6500.0,0.0
1963-08-20,830.25,60.0,113.0,Rule Curve,113.0,113.0,0.0,6500.0,100.0,6500.0,6500.0,113.0,0.0,0.0,6500.0,0.0
1963-08-21,830.17,44.0,113.0,Rule Curve,113.0,113.0,0.0,6500.0,100.0,6500.0,6500.0,113.0,0.0,0.0,6500.0,0.0
1963-08-22,830.14,81.0,113.0,Rule Curve,113.0,113.0,0.0,6500.0,100.0,6500.0,6500.0,113.0,0.0,0.0,6500.0,0.0
1963-08-23,830.09,70.0,113.0,Rule Curve,113.0,113.0,0.0,6500.0,100.0,6500.0,6500.0,113.0,0.0,0.0,6500.0,0.0
1963-08-24,830.1,124.0,113.0,Rule Curve,113.0,113.0,0.0,6500.0,100.0,6500.0,6500.0,113.0,0.0,0.0,6500.0,0.0
1963-08-25,830.06,77.0,113.0,Rule Curve,113.0,113.0,0.0,6500.0,100.0,6500.0,6500.0,113.0,0.0,0.0,6500.0,0.0
1963-08-26,830.01,65.0,113.0,Rule Curve,113.0,113.0,0.0,6500.0,100.0,6500.0,6500.0,113.0,0.0,0.0,6500.0,0.0
1963-08-27,829.94,55.0,113.0,Rule Curve,113.0,113.0,0.0,6500.0,100.0,6500.0,6500.0,113.0,0.0,0.0,6500.0,0.0
1963-08-28,829.89,60.0,113.0,Rule Curve,113.0,113.0,0.0,6500.0,100.0,6500.0,6500.0,113.0,0.0,0.0,6500.0,0.0
1963-08-29,829.82,50.0,113.0,Rule Curve,113.0,113.0,0.0,6500.0,100.0,6500.0,6500.0,113.0,0.0,0.0,6500.0,0.0
1963-08-30,829.75,50.0,113.0,Rule Curve,113.0,113.0,0.0,6500.0,100.0,6500.0,6500.0,113.0,0.0,0.0,6500.0,0.0
1963-08-31,829.67,40.0,113.0,Rule Curve,113.0,113.0,0.0,6500.0,100.0,6500.0,6500.0,113.0,0.0,0.0,6500.0,0.0
1963-09-01,829.6,50.0,111.0,Rule Curve,111.0,111.0,0.0,6500.0,100.0,6500.0,6500.0,111.0,0.0,0.0,6500.0,0.0
1963-09-02,829.53,50.0,111.0,Rule Curve,111.0,111.0,0.0,6500.0,100.0,6500.0,6500.0,111.0,0.0,0.0,6500.0,0.0
1963-09-03,829.43,15.0,111.0,Rule Curve,111.0,111.0,0.0,6500.0,100.0,6500.0,6500.0,111.0,0.0,0.0,6500.0,0.0
1963-09-04,829.37,57.0,111.0,Rule Curve,111.0,111.0,0.0,6500.0,100.0,6500.0,6500.0,111.0,0.0,0.0,6500.0,0.0
1963-09-05,829.31,47.0,100.0,Top of Dam,100.0,100.0,0.0,6500.0,100.0,6500.0,6500.0,111.0,0.0,0.0,6500.0,345.0
1963-09-06,828.42,28.0,806.0,Top of Dam,110.0,806.0,0.0,6500.0,100.0,6500.0,6500.0,111.0,0.0,110.0,6500.0,806.0
1963-09-07,827.79,38.0,578.0,Top of Dam,100.0,578.0,0.0,6500.0,100.0,6500.0,6500.0,111.0,0.0,38.0,6500.0,578.0
1963-09-08,827.16,33.0,573.0,Top of Dam,100.0,573.0,0.0,6500.0,100.0,6500.0,6500.0,111.0,0.0,33.0,6500.0,573.0
1963-09-09,826.51,50.0,582.0,Top of Dam,100.0,582.0,0.0,6500.0,100.0,6500.0,6500.0,111.0,0.0,50.0,6500.0,582.0
1963-09-10,825.84,132.0,672.0,Top of Dam,132.0,672.0,0.0,6500.0,100.0,6500.0,6500.0,111.0,0.0,132.0,6500.0,672.0
1963-09-11,825.17,-53.0,488.0,Top of Dam,100.0,488.0,0.0,6500.0,100.0,6500.0,6500.0,111.0,0.0,0.0,6500.0,488.0
1963-09-12,824.51,50.0,582.0,Top of Dam,100.0,582.0,0.0,6500.0,100.0,6500.0,6500.0,111.0,0.0,50.0,6500.0,582.0
1963-09-13,823.84,50.0,590.0,Top of Dam,100.0,590.0,0.0,6427.0,100.0,6427.0,6500.0,111.0,0.0,50.0,6500.0,590.0
1963-09-14,823.18,55.0,587.0,Top of Dam,100.0,587.0,0.0,6326.0,100.0,6326.0,6500.0,111.0,0.0,55.0,6500.0,587.0
1963-09-15,822.48,160.0,698.0,Top of Dam,160.0,698.0,0.0,6227.0,100.0,6227.0,6500.0,111.0,0.0,160.0,6500.0,698.0
1963-09-16,821.77,328.0,865.0,Top of Dam,328.0,865.0,0.0,6122.0,100.0,6122.0,6500.0,111.0,0.0,328.0,6500.0,865.0
1963-09-17,821.06,178.0,715.0,Top of Dam,178.0,715.0,0.0,6016.0,100.0,6016.0,6500.0,111.0,0.0,178.0,6500.0,715.0
1963-09-18,820.3,107.0,646.0,Top of Dam,107.0,646.0,0.0,5909.0,100.0,5909.0,6500.0,111.0,0.0,107.0,6500.0,646.0
1963-09-19,819.54,73.0,609.0,Top of Dam,100.0,609.0,0.0,5795.0,100.0,5795.0,6500.0,111.0,0.0,73.0,6500.0,609.0
1963-09-20,818.78,78.0,614.0,Top of Dam,100.0,614.0,0.0,5681.0,100.0,5681.0,6500.0,111.0,0.0,78.0,6500.0,614.0
1963-09-21,818.02,78.0,614.0,Top of Dam,100.0,614.0,0.0,5567.0,100.0,5567.0,6500.0,111.0,0.0,78.0,6500.0,614.0
1963-09-22,817.26,84.0,620.0,Top of Dam,100.0,620.0,0.0,5453.0,100.0,5453.0,6500.0,111.0,0.0,84.0,6500.0,620.0
1963-09-23,816.49,75.0,619.0,Top of Dam,100.0,619.0,0.0,5339.0,100.0,5339.0,6500.0,111.0,0.0,75.0,6500.0,619.0
1963-09-24,815.71,101.0,637.0,Top of Dam,101.0,637.0,0.0,5223.0,100.0,5223.0,6500.0,111.0,0.0,101.0,6500.0,637.0
1963-09-25,814.89,60.0,597.0,Top of Dam,100.0,597.0,0.0,5107.0,100.0,5107.0,6500.0,111.0,0.0,60.0,6500.0,597.0
1963-09-26,814.07,66.0,603.0,Top of Dam,100.0,603.0,0.0,5000.0,100.0,5000.0,6500.0,111.0,0.0,66.0,6500.0,603.0
1963-09-27,813.19,84.0,661.0,Top of Dam,100.0,661.0,0.0,5000.0,100.0,5000.0,6500.0,111.0,0.0,84.0,6500.0,661.0
1963-09-28,812.36,53.0,565.0,Top of Dam,100.0,565.0,0.0,5000.0,100.0,5000.0,6500.0,111.0,0.0,53.0,6500.0,565.0
1963-09-29,811.5,48.0,568.0,Top of Dam,100.0,568.0,0.0,5000.0,100.0,5000.0,6500.0,111.0,0.0,48.0,6500.0,568.0
1963-09-30,810.61,49.0,587.0,Top of Dam,100.0,587.0,0.0,5000.0,100.0,5000.0,6500.0,111.0,0.0,49.0,6500.0,587.0
1963-10-01,809.72,44.0,582.0,Top of Dam,100.0,582.0,0.0,5000.0,100.0,5000.0,6500.0,100.0,0.0,44.0,6500.0,582.0
1963-10-02,808.82,55.0,599.0,Top of Dam,100.0,599.0,0.0,5000.0,100.0,5000.0,6500.0,100.0,0.0,55.0,6500.0,599.0
1963-10-03,807.86,40.0,614.0,Top of Dam,100.0,614.0,0.0,5000.0,100.0,5000.0,6500.0,100.0,0.0,40.0,6500.0,614.0
1963-10-04,806.97,40.0,534.0,Top of Dam,100.0,534.0,0.0,5000.0,100.0,5000.0,6500.0,100.0,0.0,40.0,6500.0,534.0
1963-10-05,806.0,45.0,583.0,Top of Dam,100.0,583.0,0.0,5000.0,100.0,5000.0,6500.0,100.0,0.0,45.0,6500.0,583.0
1963-10-06,805.04,45.0,577.0,Top of Dam,100.0,577.0,0.0,5000.0,100.0,5000.0,6500.0,100.0,0.0,45.0,6500.0,577.0
1963-10-07,804.07,42.0,580.0,Top of Dam,100.0,580.0,0.0,5000.0,100.0,5000.0,6500.0,100.0,0.0,42.0,6500.0,580.0
1963-10-08,803.01,32.0,570.0,Top of Dam,100.0,570.0,0.0,5000.0,100.0,5000.0,6500.0,100.0,0.0,32.0,6500.0,570.0
1963-10-09,802.04,47.0,584.0,Top of Dam,100.0,584.0,0.0,5000.0,100.0,5000.0,6500.0,100.0,0.0,47.0,6500.0,584.0
1963-10-10,800.98,49.0,585.0,Top of Dam,100.0,585.0,0.0,5000.0,100.0,5000.0,6500.0,100.0,0.0,49.0,6500.0,585.0
1963-10-11,799.91,54.0,593.0,Top of Dam,100.0,593.0,0.0,5000.0,100.0,5000.0,6500.0,100.0,0.0,54.0,6500.0,593.0
1963-10-12,798.85,50.0,584.0,Top of Dam,100.0,584.0,0.0,5000.0,100.0,5000.0,6500.0,100.0,0.0,50.0,6500.0,584.0
1963-10-13,797.76,45.0,582.0,Top of Dam,100.0,582.0,0.0,5000.0,100.0,5000.0,6500.0,100.0,0.0,45.0,6500.0,582.0
1963-10-14,796.57,-6.0,534.0,Top of Dam,100.0,534.0,0.0,5000.0,100.0,5000.0,6500.0,100.0,0.0,0.0,6500.0,534.0
1963-10-15,795.39,1.0,536.0,Top of Dam,100.0,536.0,0.0,5000.0,100.0,5000.0,6500.0,100.0,0.0,1.0,6500.0,536.0
1963-10-16,794.2,40.0,580.0,Top of Dam,100.0,580.0,0.0,5000.0,100.0,5000.0,6500.0,100.0,0.0,40.0,6500.0,580.0
1963-10-17,793.02,31.0,566.0,Top of Dam,100.0,566.0,0.0,4886.0,100.0,4886.0,6500.0,100.0,0.0,31.0,6500.0,566.0
1963-10-18,791.69,7.0,544.0,Top of Dam,100.0,544.0,0.0,4717.0,100.0,4717.0,6500.0,100.0,0.0,7.0,6500.0,544.0
1963-10-19,790.36,6.0,542.0,Top of Dam,100.0,542.0,0.0,4527.0,100.0,4527.0,6500.0,100.0,0.0,6.0,6500.0,542.0
1963-10-20,789.03,9.0,545.0,Top of Dam,100.0,545.0,0.0,4337.0,100.0,4337.0,6500.0,100.0,0.0,9.0,6500.0,545.0
1963-10-21,787.65,26.0,565.0,Top of Dam,100.0,565.0,0.0,4147.0,100.0,4147.0,6500.0,100.0,0.0,26.0,6500.0,565.0
1963-10-22,786.13,163.0,699.0,Top of Dam,163.0,699.0,0.0,3950.0,100.0,3950.0,6500.0,100.0,0.0,163.0,6500.0,699.0
1963-10-23,784.83,585.0,1085.0,Top of Dam,585.0,1085.0,0.0,3733.0,100.0,3733.0,6500.0,100.0,0.0,585.0,6500.0,1085.0
1963-10-24,783.08,367.0,943.0,Top of Dam,389.0,943.0,0.0,3547.0,100.0,3547.0,6500.0,100.0,0.0,389.0,6500.0,943.0
1963-10-25,781.49,130.0,665.0,Top of Dam,130.0,665.0,0.0,3297.0,100.0,3297.0,6500.0,100.0,0.0,130.0,6500.0,665.0
1963-10-26,779.88,241.0,778.0,Top of Dam,241.0,778.0,0.0,3070.0,100.0,3070.0,6500.0,100.0,0.0,241.0,6500.0,778.0
1963-10-27,778.1,215.0,753.0,Top of Dam,215.0,753.0,0.0,2840.0,100.0,2840.0,6500.0,100.0,0.0,215.0,6500.0,753.0
1963-10-28,776.33,218.0,753.0,Top of Dam,218.0,753.0,0.0,2586.0,100.0,2586.0,6500.0,100.0,0.0,218.0,6500.0,753.0
1963-10-29,774.49,155.0,680.0,Top of Dam,155.0,680.0,0.0,2333.0,100.0,2333.0,6500.0,100.0,0.0,155.0,6500.0,680.0
1963-10-30,773.21,132.0,490.0,Top of Dam,135.0,490.0,0.0,2070.0,100.0,2070.0,6500.0,100.0,0.0,135.0,6500.0,490.0
1963-10-31,772.25,112.0,378.0,Top of Dam,175.0,378.0,0.0,1888.0,100.0,1888.0,6500.0,100.0,0.0,175.0,6500.0,378.0
1963-11-01,771.55,112.0,299.0,Top of Dam,267.0,299.0,0.0,1749.0,100.0,1749.0,6500.0,100.0,0.0,267.0,6500.0,299.0
1963-11-02,770.5,152.0,431.0,Top of Dam,245.0,431.0,0.0,1650.0,100.0,1650.0,6500.0,100.0,0.0,245.0,6500.0,431.0
1963-11-03,770.5,142.0,142.0,Rule Curve,142.0,1500.0,0.0,1500.0,100.0,1500.0,6500.0,100.0,0.0,142.0,6500.0,142.0
1963-11-04,770.5,851.0,851.0,Rule Curve,851.0,1500.0,0.0,1500.0,100.0,1500.0,6500.0,100.0,0.0,851.0,6500.0,813.0
1963-11-05,770.5,664.0,664.0,Rule Curve,664.0,1500.0,0.0,1500.0,100.0,1500.0,6500.0,100.0,0.0,664.0,6500.0,664.0
1963-11-06,770.5,900.0,900.0,Rule Curve,900.0,1500.0,0.0,1500.0,100.0,1500.0,6500.0,100.0,0.0,900.0,6500.0,900.0
1963-11-07,770.5,1063.0,1063.0,Rule Curve,1063.0,1500.0,0.0,1500.0,100.0,1500.0,6500.0,100.0,0.0,1063.0,6500.0,1063.0
1963-11-08,788.88,7355.0,1500.0,Rule Curve,1500.0,1500.0,0.0,1500.0,100.0,1500.0,3950.0,100.0,0.0,7355.0,4798.0,4491.0
1963-11-09,789.11,4216.0,4126.0,Top of Dam,4126.0,4126.0,0.0,4126.0,100.0,4126.0,6392.0,100.0,0.0,6168.0,6428.0,4379.0
1963-11-10,785.37,1877.0,3283.0,Top of Dam,3283.0,3283.0,0.0,4158.0,100.0,4158.0,6500.0,100.0,0.0,3858.0,6500.0,3283.0
1963-11-11,781.68,1164.0,2418.0,Top of Dam,2418.0,2418.0,0.0,3625.0,100.0,3625.0,6500.0,100.0,0.0,2677.0,6500.0,2418.0
1963-11-12,777.27,838.0,2223.0,Top of Dam,1932.0,2223.0,0.0,3098.0,100.0,3098.0,6500.0,100.0,0.0,1932.0,6500.0,2223.0
1963-11-13,771.94,688.0,2206.0,Top of Dam,1321.0,2206.0,0.0,2467.0,100.0,2467.0,6500.0,100.0,0.0,1321.0,6500.0,2206.0
1963-11-14,772.41,1833.0,1705.0,Top of Dam,1705.0,1705.0,0.0,1705.0,100.0,2043.0,6500.0,100.0,0.0,1961.0,6500.0,1911.0
1963-11-15,774.06,2172.0,1714.0,Top of Dam,1714.0,1714.0,0.0,1772.0,100.0,2211.0,6500.0,100.0,0.0,2342.0,6500.0,1714.0
1963-11-16,773.09,1321.0,1590.0,Top of Dam,1590.0,1590.0,0.0,2008.0,100.0,2449.0,6500.0,100.0,0.0,1643.0,6500.0,1590.0
1963-11-17,771.82,1116.0,1463.0,Top of Dam,1349.0,1463.0,0.0,1870.0,100.0,2173.0,6500.0,100.0,0.0,1349.0,6500.0,1463.0
1963-11-18,771.36,1341.0,1463.0,Top of Dam,1458.0,1463.0,0.0,1688.0,100.0,1921.0,6500.0,100.0,0.0,1458.0,6500.0,1463.0
1963-11-19,770.91,1210.0,1330.0,Top of Dam,1286.0,1330.0,0.0,1623.0,100.0,1839.0,6500.0,100.0,0.0,1286.0,6500.0,1330.0
1963-11-20,772.0,1462.0,1172.0,Top of Dam,1172.0,1172.0,0.0,1559.0,100.0,1705.0,6500.0,100.0,0.0,1498.0,6500.0,1172.0
1963-11-21,771.56,1064.0,1180.0,Top of Dam,1180.0,1180.0,0.0,1714.0,100.0,1809.0,6500.0,100.0,0.0,1196.0,6500.0,1180.0
1963-11-22,770.5,857.0,1139.0,Top of Dam,951.0,1139.0,0.0,1652.0,100.0,1717.0,6500.0,100.0,0.0,951.0,6500.0,1139.0
1963-11-23,770.5,1195.0,1195.0,Rule Curve,1195.0,1500.0,0.0,1500.0,100.0,1535.0,6500.0,100.0,0.0,1195.0,6500.0,1059.0
1963-11-24,770.5,1109.0,1109.0,Rule Curve,1109.0,1500.0,0.0,1500.0,100.0,1597.0,6500.0,100.0,0.0,1109.0,6500.0,911.0
1963-11-25,770.5,848.0,848.0,Rule Curve,848.0,1500.0,0.0,1500.0,100.0,1670.0,6500.0,100.0,0.0,848.0,6500.0,805.0
1963-11-26,770.5,752.0,752.0,Rule Curve,752.0,1500.0,0.0,1500.0,100.0,1637.0,6500.0,100.0,0.0,752.0,6500.0,749.0
1963-11-27,770.5,790.0,790.0,Rule Curve,790.0,1500.0,0.0,1500.0,100.0,1593.0,6500.0,100.0,0.0,790.0,6500.0,689.0
1963-11-28,770.5,681.0,681.0,Rule Curve,681.0,1500.0,0.0,1500.0,100.0,1617.0,6500.0,100.0,0.0,681.0,6500.0,589.0
1963-11-29,770.5,570.0,570.0,Rule Curve,570.0,1500.0,0.0,1500.0,100.0,1627.0,6500.0,100.0,0.0,570.0,6500.0,500.0
1963-11-30,770.5,490.0,490.0,Rule Curve,490.0,1500.0,0.0,1500.0,100.0,1623.0,6500.0,100.0,0.0,490.0,6500.0,433.0
1963-12-01,770.5,415.0,415.0,Rule Curve,415.0,1500.0,0.0,1500.0,100.0,1613.0,6500.0,100.0,0.0,415.0,6500.0,380.0
1963-12-02,770.5,370.0,370.0,Rule Curve,370.0,1500.0,0.0,1500.0,100.0,1594.0,6500.0,100.0,0.0,370.0,6500.0,340.0
1963-12-03,770.5,330.0,330.0,Rule Curve,330.0,1500.0,0.0,1500.0,100.0,1579.0,6500.0,100.0,0.0,330.0,6500.0,325.0
1963-12-04,770.5,294.0,294.0,Rule Curve,294.0,1500.0,0.0,1500.0,100.0,1556.0,6500.0,100.0,0.0,294.0,6500.0,294.0
1963-12-05,770.5,326.0,326.0,Rule Curve,326.0,1500.0,0.0,1500.0,100.0,1500.0,6500.0,100.0,0.0,326.0,6500.0,326.0
1963-12-06,770.5,1146.0,1146.0,Rule Curve,1146.0,1500.0,0.0,1500.0,100.0,1500.0,6500.0,100.0,0.0,1146.0,6500.0,978.0
1963-12-07,770.5,875.0,875.0,Rule Curve,875.0,1500.0,0.0,1500.0,100.0,1500.0,6500.0,100.0,0.0,875.0,6500.0,875.0
1963-12-08,770.5,889.0,889.0,Rule Curve,889.0,1500.0,0.0,1500.0,100.0,1500.0,6500.0,100.0,0.0,889.0,6500.0,889.0
1963-12-09,770.5,1044.0,1044.0,Rule Curve,1044.0,1500.0,0.0,1500.0,100.0,1500.0,6500.0,100.0,0.0,1044.0,6500.0,835.0
1963-12-10,770.5,788.0,788.0,Rule Curve,788.0,1500.0,0.0,1500.0,100.0,1500.0,6500.0,100.0,0.0,788.0,6500.0,667.0
1963-12-11,770.5,649.0,649.0,Rule Curve,649.0,1500.0,0.0,1500.0,100.0,1500.0,6500.0,100.0,0.0,649.0,6500.0,559.0
1963-12-12,770.5,540.0,540.0,Rule Curve,540.0,1500.0,0.0,1500.0,100.0,1500.0,6500.0,100.0,0.0,540.0,6500.0,483.0
1963-12-13,770.5,462.0,462.0,Rule Curve,462.0,1500.0,0.0,1500.0,100.0,1500.0,6500.0,100.0,0.0,462.0,6500.0,425.0
1963-12-14,770.5,422.0,422.0,Rule Curve,422.0,1500.0,0.0,1500.0,100.0,1500.0,6500.0,100.0,0.0,422.0,6500.0,380.0
1963-12-15,770.5,366.0,366.0,Rule Curve,366.0,1500.0,0.0,1500.0,100.0,1500.0,6500.0,100.0,0.0,366.0,6500.0,339.0
1963-12-16,770.5,326.0,326.0,Rule Curve,326.0,1500.0,0.0,1500.0,100.0,1500.0,6500.0,100.0,0.0,326.0,6500.0,305.0
1963-12-17,770.5,301.0,301.0,Rule Curve,301.0,1500.0,0.0,1500.0,100.0,1500.0,6500.0,100.0,0.0,301.0,6500.0,285.0
1963-12-18,770.5,264.0,264.0,Rule Curve,264.0,1500.0,0.0,1500.0,100.0,1500.0,6500.0,100.0,0.0,264.0,6500.0,264.0
1963-12-19,770.5,264.0,264.0,Rule Curve,264.0,1500.0,0.0,1500.0,100.0,1500.0,6500.0,100.0,0.0,264.0,6500.0,264.0
1963-12-20,770.5,384.0,384.0,Rule Curve,384.0,1500.0,0.0,1500.0,100.0,1500.0,6500.0,100.0,0.0,384.0,6500.0,384.0
1963-12-21,770.5,621.0,621.0,Rule Curve,621.0,1500.0,0.0,1500.0,100.0,1500.0,6500.0,100.0,0.0,621.0,6500.0,583.0
1963-12-22,770.5,563.0,563.0,Rule Curve,563.0,1500.0,0.0,1500.0,100.0,1500.0,6500.0,100.0,0.0,563.0,6500.0,543.0
1963-12-23,770.5,539.0,539.0,Rule Curve,539.0,1500.0,0.0,1500.0,100.0,1500.0,6500.0,100.0,0.0,539.0,6500.0,508.0
1963-12-24,770.5,500.0,500.0,Rule Curve,500.0,1500.0,0.0,1500.0,100.0,1500.0,6500.0,100.0,0.0,500.0,6500.0,500.0
1963-12-25,770.5,460.0,460.0,Rule Curve,460.0,1500.0,0.0,1500.0,100.0,1500.0,6500.0,100.0,0.0,460.0,6500.0,460.0
1963-12-26,770.5,606.0,606.0,Rule Curve,606.0,1500.0,0.0,1500.0,100.0,1500.0,6500.0,100.0,0.0,606.0,6500.0,606.0
1963-12-27,770.5,1068.0,1068.0,Rule Curve,1068.0,1500.0,0.0,1500.0,100.0,1500.0,6500.0,100.0,0.0,1068.0,6500.0,1068.0
1963-12-28,773.93,2431.0,1500.0,Rule Curve,1500.0,1500.0,0.0,1500.0,100.0,1500.0,6500.0,100.0,0.0,2431.0,6500.0,1938.0
1963-12-29,775.13,2081.0,1741.0,Top of Dam,1741.0,1741.0,0.0,1990.0,100.0,1990.0,6500.0,100.0,0.0,2391.0,6500.0,1741.0
1963-12-30,774.58,1277.0,1432.0,Top of Dam,1432.0,1432.0,0.0,2162.0,100.0,2162.0,6500.0,100.0,0.0,1700.0,6500.0,1432.0
1963-12-31,772.11,909.0,1597.0,Top of Dam,1281.0,1597.0,0.0,2083.0,100.0,2083.0,6500.0,100.0,0.0,1281.0,6500.0,1597.0
1964-01-01,770.5,814.0,1241.0,Top of Dam,956.0,1241.0,0.0,1729.0,100.0,1729.0,6500.0,100.0,0.0,956.0,6500.0,1241.0
1964-01-02,772.11,1928.0,1500.0,Rule Curve,1500.0,1500.0,0.0,1500.0,100.0,1500.0,6500.0,100.0,0.0,1928.0,6500.0,1495.0
1964-01-03,772.79,1469.0,1282.0,Top of Dam,1282.0,1282.0,0.0,1730.0,100.0,1730.0,6500.0,100.0,0.0,1612.0,6500.0,1282.0
1964-01-04,770.5,1061.0,1676.0,Top of Dam,1266.0,1676.0,0.0,1828.0,100.0,1828.0,6500.0,100.0,0.0,1266.0,6500.0,1676.0
1964-01-05,770.5,862.0,862.0,Rule Curve,862.0,1500.0,0.0,1500.0,100.0,1547.0,6500.0,100.0,0.0,862.0,6500.0,862.0
1964-01-06,779.67,4126.0,1500.0,Rule Curve,1500.0,1500.0,0.0,1500.0,100.0,1500.0,3899.0,100.0,0.0,4126.0,4764.0,3779.0
1964-01-07,785.89,4932.0,2810.0,Top of Dam,2810.0,2810.0,0.0,2810.0,100.0,2810.0,5846.0,100.0,0.0,5808.0,6064.0,3941.0
1964-01-08,782.15,2253.0,3567.0,Top of Dam,3567.0,3567.0,0.0,3699.0,100.0,3699.0,6500.0,100.0,0.0,3835.0,6500.0,3567.0
1964-01-09,779.66,1988.0,2798.0,Top of Dam,2798.0,2798.0,0.0,3165.0,100.0,3165.0,6500.0,100.0,0.0,3132.0,6500.0,2798.0
1964-01-10,777.87,1687.0,2231.0,Top of Dam,2231.0,2231.0,0.0,2809.0,100.0,2809.0,6500.0,100.0,0.0,2561.0,6500.0,2231.0
1964-01-11,775.87,1261.0,1861.0,Top of Dam,1861.0,1861.0,0.0,2552.0,100.0,2552.0,6500.0,100.0,0.0,1954.0,6500.0,1861.0
1964-01-12,773.81,1096.0,1677.0,Top of Dam,1589.0,1677.0,0.0,2268.0,100.0,2268.0,6500.0,100.0,0.0,1589.0,6500.0,1677.0
1964-01-13,772.53,1122.0,1477.0,Top of Dam,1422.0,1477.0,0.0,1973.0,100.0,1973.0,6500.0,100.0,0.0,1422.0,6500.0,1477.0
1964-01-14,771.2,1309.0,1667.0,Top of Dam,1490.0,1667.0,0.0,1790.0,100.0,1790.0,6500.0,100.0,0.0,1490.0,6500.0,1667.0
1964-01-15,770.5,1077.0,1262.0,Top of Dam,1139.0,1262.0,0.0,1600.0,100.0,1689.0,6500.0,100.0,0.0,1139.0,6500.0,1262.0
1964-01-16,772.54,2048.0,1500.0,Rule Curve,1500.0,1500.0,0.0,1500.0,100.0,1500.0,6329.0,100.0,0.0,2048.0,6386.0,2048.0
1964-01-17,778.79,3604.0,1792.0,Top of Dam,1792.0,1792.0,0.0,1792.0,100.0,1792.0,4006.0,100.0,0.0,3787.0,4835.0,4152.0
1964-01-18,784.77,3115.0,1155.0,Top of Dam,1155.0,1155.0,0.0,2685.0,100.0,1155.0,5068.0,100.0,0.0,3902.0,5544.0,5475.0
1964-01-19,799.51,6786.0,559.0,Top of Dam,559.0,559.0,0.0,3539.0,100.0,559.0,199.0,100.0,0.0,8226.0,2294.0,7824.0
1964-01-20,810.18,8954.0,3106.0,Top of Dam,3106.0,3106.0,0.0,5000.0,100.0,3106.0,3600.0,100.0,0.0,12469.0,4564.0,8369.0
1964-01-21,808.02,3389.0,4694.0,Top of Dam,4694.0,4694.0,0.0,5000.0,100.0,4694.0,6500.0,100.0,0.0,8853.0,6500.0,7891.0
1964-01-22,802.87,2192.0,5000.0,Top of Dam,5000.0,5000.0,0.0,5000.0,100.0,5000.0,6312.0,100.0,0.0,7221.0,6375.0,7032.0
1964-01-23,796.17,1673.0,5000.0,Top of Dam,5000.0,5000.0,0.0,5000.0,100.0,5000.0,6500.0,100.0,0.0,5766.0,6500.0,6719.0
1964-01-24,789.42,2117.0,5000.0,Top of Dam,5000.0,5000.0,0.0,5000.0,100.0,5000.0,5557.0,100.0,0.0,5101.0,5870.0,6186.0
1964-01-25,789.07,4062.0,4203.0,Top of Dam,4203.0,4203.0,0.0,4203.0,100.0,4971.0,4837.0,100.0,0.0,6085.0,5390.0,5489.0
1964-01-26,787.09,3402.0,4153.0,Top of Dam,4153.0,4153.0,0.0,4153.0,100.0,5000.0,5761.0,100.0,0.0,5378.0,6007.0,4893.0
1964-01-27,784.43,2908.0,3871.0,Top of Dam,3871.0,3871.0,0.0,3871.0,100.0,5000.0,6296.0,100.0,0.0,4634.0,6364.0,4463.0
1964-01-28,781.21,2414.0,3490.0,Top of Dam,3490.0,3490.0,0.0,3490.0,100.0,5000.0,6500.0,100.0,0.0,3819.0,6500.0,4091.0
1964-01-29,780.71,2865.0,3029.0,Top of Dam,3029.0,3029.0,0.0,3029.0,100.0,4924.0,6310.0,100.0,0.0,3912.0,6373.0,3774.0
1964-01-30,780.13,2754.0,2959.0,Top of Dam,2959.0,2959.0,0.0,2959.0,100.0,4925.0,6500.0,100.0,0.0,3746.0,6500.0,3755.0
1964-01-31,779.04,2539.0,2876.0,Top of Dam,2876.0,2876.0,0.0,2876.0,100.0,4890.0,6121.0,100.0,0.0,3463.0,6247.0,3346.0
1964-02-01,780.71,3260.0,2720.0,Top of Dam,2720.0,2720.0,0.0,2720.0,100.0,4804.0,6388.0,190.0,0.0,4071.0,6425.0,2800.0
1964-02-02,779.99,2056.0,2307.0,Top of Dam,2307.0,2307.0,0.0,2958.0,100.0,4985.0,6500.0,190.0,0.0,3048.0,6500.0,2307.0
1964-02-03,778.65,1525.0,1932.0,Top of Dam,1932.0,1932.0,0.0,2856.0,100.0,4705.0,6500.0,190.0,0.0,2335.0,6500.0,1932.0
1964-02-04,778.61,1567.0,1579.0,Top of Dam,1579.0,1579.0,0.0,2664.0,100.0,4347.0,6500.0,190.0,0.0,2133.0,6500.0,1579.0
1964-02-05,779.24,1462.0,1270.0,Top of Dam,1270.0,1270.0,0.0,2658.0,100.0,4178.0,6500.0,190.0,0.0,1928.0,6500.0,1270.0
1964-02-06,779.8,1173.0,1004.0,Top of Dam,1004.0,1004.0,0.0,2749.0,100.0,3997.0,6500.0,190.0,0.0,1593.0,6500.0,1004.0
1964-02-07,780.24,953.0,807.0,Top of Dam,807.0,807.0,0.0,2829.0,100.0,3677.0,6500.0,190.0,0.0,1334.0,6500.0,807.0
1964-02-08,780.44,772.0,704.0,Top of Dam,704.0,704.0,0.0,2892.0,100.0,3463.0,6500.0,190.0,0.0,1102.0,6500.0,704.0
1964-02-09,780.6,712.0,656.0,Top of Dam,656.0,656.0,0.0,2920.0,100.0,3304.0,6500.0,190.0,0.0,963.0,6500.0,656.0
1964-02-10,781.22,797.0,588.0,Top of Dam,588.0,588.0,0.0,2943.0,100.0,3206.0,6500.0,190.0,0.0,967.0,6500.0,588.0
1964-02-11,782.29,863.0,528.0,Top of Dam,528.0,528.0,0.0,3032.0,100.0,3210.0,6500.0,190.0,0.0,1001.0,6500.0,528.0
1964-02-12,783.03,752.0,490.0,Top of Dam,490.0,490.0,0.0,3184.0,100.0,3291.0,6500.0,190.0,0.0,901.0,6500.0,490.0
1964-02-13,783.58,707.0,512.0,Top of Dam,512.0,512.0,0.0,3289.0,100.0,3361.0,6500.0,190.0,0.0,840.0,6500.0,512.0
1964-02-14,784.09,702.0,526.0,Top of Dam,526.0,526.0,0.0,3368.0,100.0,3416.0,6500.0,190.0,0.0,799.0,6500.0,526.0
1964-02-15,783.92,833.0,888.0,Rule Curve,888.0,3441.0,0.0,3441.0,100.0,3479.0,6500.0,190.0,0.0,888.0,6500.0,546.0
1964-02-16,785.21,893.0,478.0,Rule Curve,190.0,836.0,0.0,3417.0,100.0,3440.0,6500.0,190.0,0.0,836.0,6500.0,470.0
1964-02-17,786.06,888.0,548.0,Rule Curve,190.0,872.0,0.0,3601.0,100.0,3601.0,6500.0,190.0,0.0,872.0,6500.0,530.0
1964-02-18,786.91,958.0,659.0,Rule Curve,190.0,943.0,0.0,3723.0,100.0,3723.0,6500.0,190.0,0.0,943.0,6500.0,556.0
1964-02-19,787.76,962.0,662.0,Rule Curve,190.0,946.0,0.0,3844.0,100.0,3844.0,6500.0,190.0,0.0,946.0,6500.0,538.0
1964-02-20,788.54,924.0,622.0,Rule Curve,190.0,908.0,0.0,3966.0,100.0,3966.0,6500.0,190.0,0.0,908.0,6500.0,544.0
1964-02-21,789.28,907.0,609.0,Rule Curve,190.0,890.0,0.0,4077.0,100.0,4077.0,6500.0,190.0,0.0,890.0,6500.0,524.0
1964-02-22,790.03,978.0,676.0,Rule Curve,190.0,960.0,0.0,4183.0,100.0,4183.0,6500.0,190.0,0.0,960.0,6500.0,496.0
1964-02-23,790.77,863.0,563.0,Rule Curve,190.0,844.0,0.0,4290.0,100.0,4290.0,6500.0,190.0,0.0,844.0,6500.0,413.0
1964-02-24,791.52,822.0,521.0,Rule Curve,190.0,801.0,0.0,4396.0,100.0,4396.0,6500.0,190.0,0.0,801.0,6500.0,329.0
1964-02-25,792.26,732.0,434.0,Rule Curve,190.0,710.0,0.0,4503.0,100.0,4503.0,6500.0,190.0,0.0,710.0,6500.0,240.0
1964-02-26,793.01,609.0,306.0,Rule Curve,190.0,586.0,0.0,4609.0,100.0,4609.0,6500.0,190.0,0.0,586.0,6500.0,168.0
1964-02-27,793.67,553.0,254.0,Rule Curve,190.0,530.0,0.0,4716.0,100.0,4716.0,6500.0,190.0,0.0,530.0,6500.0,124.0
1964-02-28,794.33,521.0,222.0,Rule Curve,190.0,497.0,0.0,4810.0,100.0,4810.0,6500.0,190.0,0.0,497.0,6500.0,140.0
1964-02-29,794.16,475.0,551.0,Rule Curve,551.0,4904.0,0.0,4904.0,100.0,4904.0,6500.0,190.0,0.0,551.0,6500.0,171.0
1964-03-01,795.07,600.0,190.0,Rule Curve,190.0,549.0,0.0,4880.0,100.0,4880.0,6500.0,190.0,0.0,549.0,6500.0,0.0
1964-03-02,796.09,656.0,190.0,Rule Curve,190.0,640.0,0.0,5000.0,100.0,5000.0,6500.0,190.0,0.0,640.0,6500.0,87.0
1964-03-03,796.01,650.0,689.0,Rule Curve,689.0,5000.0,0.0,5000.0,100.0,5000.0,6500.0,190.0,0.0,689.0,6500.0,248.0
1964-03-04,797.65,1258.0,514.0,Rule Curve,190.0,1183.0,0.0,5000.0,100.0,5000.0,6500.0,190.0,0.0,1183.0,6500.0,514.0
1964-03-05,797.49,2993.0,3065.0,Rule Curve,3065.0,5000.0,0.0,5000.0,100.0,5000.0,6500.0,190.0,0.0,3065.0,6500.0,1662.0
1964-03-06,798.88,1796.0,1120.0,Rule Curve,190.0,1743.0,0.0,5000.0,100.0,5000.0,6500.0,190.0,0.0,1743.0,6500.0,928.0
1964-03-07,798.74,1375.0,1446.0,Rule Curve,1446.0,5000.0,0.0,5000.0,100.0,5000.0,6500.0,190.0,0.0,1446.0,6500.0,881.0
1964-03-08,800.07,1160.0,490.0,Rule Curve,190.0,1107.0,0.0,5000.0,100.0,5000.0,6500.0,190.0,0.0,1107.0,6500.0,490.0
1964-03-09,799.93,1283.0,1352.0,Rule Curve,1352.0,5000.0,0.0,5000.0,100.0,5000.0,6500.0,190.0,0.0,1352.0,6500.0,985.0
1964-03-10,801.26,1156.0,487.0,Rule Curve,190.0,1100.0,0.0,5000.0,100.0,5000.0,6500.0,190.0,0.0,1100.0,6500.0,487.0
1964-03-11,801.13,1877.0,1943.0,Rule Curve,1943.0,5000.0,0.0,5000.0,100.0,5000.0,6500.0,190.0,0.0,1943.0,6500.0,1388.0
1964-03-12,802.41,2062.0,1396.0,Rule Curve,190.0,2005.0,0.0,5000.0,100.0,5000.0,6500.0,190.0,0.0,2005.0,6500.0,1103.0
1964-03-13,802.3,1404.0,1467.0,Rule Curve,1467.0,5000.0,0.0,5000.0,100.0,5000.0,6500.0,190.0,0.0,1467.0,6500.0,1104.0
1964-03-14,803.55,1388.0,720.0,Rule Curve,190.0,1330.0,0.0,5000.0,100.0,5000.0,6500.0,190.0,0.0,1330.0,6500.0,720.0
1964-03-15,803.43,2547.0,2609.0,Rule Curve,2609.0,5000.0,0.0,5000.0,100.0,5000.0,6500.0,190.0,0.0,2609.0,6500.0,1903.0
1964-03-16,804.67,2201.0,1540.0,Rule Curve,190.0,2141.0,0.0,5000.0,100.0,5000.0,6500.0,190.0,0.0,2141.0,6500.0,1540.0
1964-03-17,804.56,2140.0,2199.0,Rule Curve,2199.0,5000.0,0.0,5000.0,100.0,5000.0,6500.0,190.0,0.0,2199.0,6500.0,1401.0
1964-03-18,805.76,1836.0,1173.0,Rule Curve,190.0,1776.0,0.0,5000.0,100.0,5000.0,6500.0,190.0,0.0,1776.0,6500.0,992.0
1964-03-19,805.65,1406.0,1465.0,Rule Curve,1465.0,5000.0,0.0,5000.0,100.0,5000.0,6500.0,190.0,0.0,1465.0,6500.0,900.0
1964-03-20,806.84,1254.0,595.0,Rule Curve,190.0,1191.0,0.0,5000.0,100.0,5000.0,6500.0,190.0,0.0,1191.0,6500.0,595.0
1964-03-21,806.74,1174.0,1231.0,Rule Curve,1231.0,5000.0,0.0,5000.0,100.0,5000.0,6500.0,190.0,0.0,1231.0,6500.0,717.0
1964-03-22,807.85,1119.0,501.0,Rule Curve,190.0,1057.0,0.0,5000.0,100.0,5000.0,6500.0,190.0,0.0,1057.0,6500.0,501.0
1964-03-23,807.76,1034.0,1084.0,Rule Curve,1084.0,5000.0,0.0,5000.0,100.0,5000.0,6500.0,190.0,0.0,1084.0,6500.0,495.0
1964-03-24,808.92,893.0,203.0,Rule Curve,190.0,832.0,0.0,5000.0,100.0,5000.0,6500.0,190.0,0.0,832.0,6500.0,203.0
1964-03-25,808.82,777.0,835.0,Rule Curve,835.0,5000.0,0.0,5000.0,100.0,5000.0,6500.0,190.0,0.0,835.0,6500.0,339.0
1964-03-26,809.72,732.0,190.0,Rule Curve,190.0,664.0,0.0,5000.0,100.0,5000.0,6500.0,190.0,0.0,664.0,6500.0,68.0
1964-03-27,809.7,687.0,697.0,Rule Curve,697.0,5000.0,0.0,5000.0,100.0,5000.0,6500.0,190.0,0.0,697.0,6500.0,263.0
1964-03-28,810.65,760.0,190.0,Rule Curve,190.0,666.0,0.0,5000.0,100.0,5000.0,6500.0,190.0,0.0,666.0,6500.0,30.0
1964-03-29,810.65,1200.0,1195.0,Rule Curve,1195.0,5000.0,0.0,5000.0,100.0,5000.0,6500.0,190.0,0.0,1195.0,6500.0,738.0
1964-03-30,811.91,1572.0,812.0,Rule Curve,190.0,1468.0,0.0,5000.0,100.0,5000.0,6500.0,190.0,0.0,1468.0,6500.0,812.0
1964-03-31,811.83,1630.0,1678.0,Rule Curve,1678.0,5000.0,0.0,5000.0,100.0,5000.0,6500.0,190.0,0.0,1678.0,6500.0,1199.0
1964-04-01,812.83,1728.0,1123.0,Rule Curve,190.0,1661.0,0.0,5000.0,100.0,5000.0,6500.0,190.0,0.0,1661.0,6500.0,913.0
1964-04-02,812.76,1404.0,1446.0,Rule Curve,1446.0,5000.0,0.0,5000.0,100.0,5000.0,6500.0,190.0,0.0,1446.0,6500.0,782.0
1964-04-03,813.81,1130.0,454.0,Rule Curve,190.0,1062.0,0.0,5000.0,100.0,5000.0,6500.0,190.0,0.0,1062.0,6500.0,454.0
1964-04-04,813.74,1030.0,1078.0,Rule Curve,1078.0,5000.0,0.0,5000.0,100.0,5000.0,6500.0,190.0,0.0,1078.0,6500.0,636.0
1964-04-05,814.74,1030.0,372.0,Rule Curve,190.0,953.0,0.0,5000.0,100.0,5000.0,6500.0,190.0,0.0,953.0,6500.0,372.0
1964-04-06,814.68,1035.0,1077.0,Rule Curve,1077.0,5000.0,0.0,5000.0,100.0,5000.0,6500.0,190.0,0.0,1077.0,6500.0,598.0
1964-04-07,815.66,963.0,319.0,Rule Curve,190.0,890.0,0.0,5000.0,100.0,5000.0,6500.0,190.0,0.0,890.0,6500.0,319.0
1964-04-08,815.6,978.0,1017.0,Rule Curve,1017.0,5099.0,0.0,5099.0,100.0,5099.0,6500.0,190.0,0.0,1017.0,6500.0,678.0
1964-04-09,816.54,1246.0,603.0,Rule Curve,190.0,1172.0,0.0,5090.0,100.0,5090.0,6500.0,190.0,0.0,1172.0,6500.0,603.0
1964-04-10,816.48,1469.0,1509.0,Rule Curve,1509.0,5231.0,0.0,5231.0,100.0,5231.0,6500.0,190.0,0.0,1509.0,6500.0,1026.0
1964-04-11,817.39,1432.0,792.0,Rule Curve,190.0,1357.0,0.0,5222.0,100.0,5222.0,6500.0,190.0,0.0,1357.0,6500.0,792.0
1964-04-12,817.34,1351.0,1389.0,Rule Curve,1389.0,5359.0,0.0,5359.0,100.0,5359.0,6500.0,190.0,0.0,1389.0,6500.0,797.0
1964-04-13,818.24,1135.0,497.0,Rule Curve,190.0,1059.0,0.0,5351.0,100.0,5351.0,6500.0,190.0,0.0,1059.0,6500.0,497.0
1964-04-14,818.19,1081.0,1116.0,Rule Curve,1116.0,5486.0,0.0,5486.0,100.0,5486.0,6500.0,190.0,0.0,1116.0,6500.0,725.0
1964-04-15,819.09,1242.0,607.0,Rule Curve,190.0,1164.0,0.0,5478.0,100.0,5478.0,6500.0,190.0,0.0,1164.0,6500.0,533.0
1964-04-16,819.04,1028.0,1061.0,Rule Curve,1061.0,5614.0,0.0,5614.0,100.0,5614.0,6500.0,190.0,0.0,1061.0,6500.0,471.0
1964-04-17,819.94,842.0,209.0,Rule Curve,190.0,763.0,0.0,5607.0,100.0,5607.0,6500.0,190.0,0.0,763.0,6500.0,209.0
1964-04-18,819.9,725.0,756.0,Rule Curve,756.0,5741.0,0.0,5741.0,100.0,5741.0,6500.0,190.0,0.0,756.0,6500.0,270.0
1964-04-19,820.54,641.0,190.0,Rule Curve,190.0,560.0,0.0,5735.0,100.0,5735.0,6500.0,190.0,0.0,560.0,6500.0,3.0
1964-04-20,821.14,620.0,190.0,Rule Curve,190.0,588.0,0.0,5830.0,100.0,5830.0,6500.0,190.0,0.0,588.0,6500.0,133.0
1964-04-21,821.12,581.0,590.0,Rule Curve,590.0,5920.0,0.0,5920.0,100.0,5920.0,6500.0,190.0,0.0,590.0,6500.0,194.0
1964-04-22,821.73,647.0,190.0,Rule Curve,190.0,552.0,0.0,5919.0,100.0,5919.0,6500.0,190.0,0.0,552.0,6500.0,0.0
1964-04-23,822.26,589.0,190.0,Rule Curve,190.0,546.0,0.0,6009.0,100.0,6009.0,6500.0,190.0,0.0,546.0,6500.0,81.0
1964-04-24,822.27,549.0,538.0,Rule Curve,538.0,6088.0,0.0,6088.0,100.0,6088.0,6500.0,190.0,0.0,538.0,6500.0,92.0
1964-04-25,822.68,503.0,190.0,Rule Curve,190.0,395.0,0.0,6091.0,100.0,6091.0,6500.0,190.0,0.0,395.0,6500.0,0.0
1964-04-26,823.1,513.0,190.0,Rule Curve,190.0,406.0,0.0,6153.0,100.0,6153.0,6500.0,190.0,0.0,406.0,6500.0,0.0
1964-04-27,823.58,574.0,190.0,Rule Curve,190.0,476.0,0.0,6216.0,100.0,6216.0,6500.0,190.0,0.0,476.0,6500.0,0.0
1964-04-28,824.17,665.0,190.0,Rule Curve,190.0,592.0,0.0,6287.0,100.0,6287.0,6500.0,190.0,0.0,592.0,6500.0,84.0
1964-04-29,824.19,884.0,870.0,Rule Curve,870.0,6375.0,0.0,6375.0,100.0,6375.0,6500.0,190.0,0.0,870.0,6500.0,357.0
1964-04-30,824.85,723.0,190.0,Rule Curve,190.0,612.0,0.0,6378.0,100.0,6378.0,6500.0,190.0,0.0,612.0,6500.0,26.0
1964-05-01,825.42,747.0,285.0,Rule Curve,190.0,711.0,0.0,6477.0,100.0,6477.0,6500.0,190.0,0.0,711.0,6500.0,225.0
1964-05-02,825.4,667.0,686.0,Rule Curve,686.0,6500.0,0.0,6500.0,100.0,6500.0,6500.0,190.0,0.0,686.0,6500.0,211.0
1964-05-03,825.91,602.0,190.0,Rule Curve,190.0,512.0,0.0,6500.0,100.0,6500.0,6500.0,190.0,0.0,512.0,6500.0,0.0
1964-05-04,826.34,542.0,190.0,Rule Curve,190.0,488.0,0.0,6500.0,100.0,6500.0,6500.0,190.0,0.0,488.0,6500.0,32.0
1964-05-05,826.84,592.0,190.0,Rule Curve,190.0,555.0,0.0,6500.0,100.0,6500.0,6500.0,190.0,0.0,555.0,6500.0,135.0
1964-05-06,826.85,592.0,587.0,Rule Curve,587.0,6500.0,0.0,6500.0,100.0,6500.0,6500.0,190.0,0.0,587.0,6500.0,196.0
1964-05-07,827.32,587.0,190.0,Rule Curve,190.0,483.0,0.0,6500.0,100.0,6500.0,6500.0,190.0,0.0,483.0,6500.0,0.0
1964-05-08,827.85,642.0,190.0,Rule Curve,190.0,571.0,0.0,6500.0,100.0,6500.0,6500.0,190.0,0.0,571.0,6500.0,85.0
1964-05-09,827.88,673.0,649.0,Rule Curve,649.0,6500.0,0.0,6500.0,100.0,6500.0,6500.0,190.0,0.0,649.0,6500.0,268.0
1964-05-10,828.56,780.0,190.0,Rule Curve,190.0,664.0,0.0,6500.0,100.0,6500.0,6500.0,190.0,0.0,664.0,6500.0,99.0
1964-05-11,828.59,789.0,767.0,Rule Curve,767.0,6500.0,0.0,6500.0,100.0,6500.0,6500.0,190.0,0.0,767.0,6500.0,397.0
1964-05-12,829.35,889.0,219.0,Rule Curve,190.0,774.0,0.0,6500.0,100.0,6500.0,6500.0,190.0,0.0,774.0,6500.0,219.0
1964-05-13,829.34,1010.0,1016.0,Rule Curve,1016.0,6500.0,0.0,6500.0,100.0,6500.0,6500.0,190.0,0.0,1016.0,6500.0,457.0
1964-05-14,830.01,831.0,226.0,Rule Curve,190.0,735.0,0.0,6500.0,100.0,6500.0,6500.0,190.0,0.0,735.0,6500.0,226.0
1964-05-15,830.0,703.0,709.0,Rule Curve,709.0,6500.0,0.0,6500.0,100.0,6500.0,6500.0,190.0,0.0,709.0,6500.0,375.0
1964-05-16,830.67,819.0,214.0,Rule Curve,190.0,720.0,0.0,6500.0,100.0,6500.0,6500.0,190.0,0.0,720.0,6500.0,214.0
1964-05-17,830.67,784.0,787.0,Rule Curve,787.0,6500.0,0.0,6500.0,100.0,6500.0,6500.0,190.0,0.0,787.0,6500.0,385.0
1964-05-18,831.31,774.0,190.0,Rule Curve,190.0,673.0,0.0,6500.0,100.0,6500.0,6500.0,190.0,0.0,673.0,6500.0,163.0
1964-05-19,831.32,779.0,773.0,Rule Curve,773.0,6500.0,0.0,6500.0,100.0,6500.0,6500.0,190.0,0.0,773.0,6500.0,452.0
1964-05-20,832.0,841.0,221.0,Rule Curve,190.0,734.0,0.0,6500.0,100.0,6500.0,6500.0,190.0,0.0,734.0,6500.0,221.0
1964-05-21,832.0,782.0,782.0,Rule Curve,782.0,6500.0,0.0,6500.0,100.0,6500.0,6500.0,190.0,0.0,782.0,6500.0,672.0
1964-05-22,832.0,667.0,667.0,Rule Curve,667.0,6500.0,0.0,6500.0,100.0,6500.0,6500.0,190.0,0.0,667.0,6500.0,588.0
1964-05-23,832.0,542.0,542.0,Rule Curve,542.0,6500.0,0.0,6500.0,100.0,6500.0,6500.0,190.0,0.0,542.0,6500.0,540.0
1964-05-24,832.0,529.0,529.0,Rule Curve,529.0,6500.0,0.0,6500.0,100.0,6500.0,6500.0,190.0,0.0,529.0,6500.0,515.0
1964-05-25,832.0,525.0,525.0,Rule Curve,525.0,6500.0,0.0,6500.0,100.0,6500.0,6500.0,190.0,0.0,525.0,6500.0,491.0
1964-05-26,832.0,465.0,465.0,Rule Curve,465.0,6500.0,0.0,6500.0,100.0,6500.0,6500.0,190.0,0.0,465.0,6500.0,465.0
1964-05-27,832.0,459.0,459.0,Rule Curve,459.0,6500.0,0.0,6500.0,100.0,6500.0,6500.0,190.0,0.0,459.0,6500.0,459.0
1964-05-28,832.0,473.0,473.0,Rule Curve,473.0,6500.0,0.0,6500.0,100.0,6500.0,6500.0,190.0,0.0,473.0,6500.0,473.0
1964-05-29,832.0,439.0,439.0,Rule Curve,439.0,6500.0,0.0,6500.0,100.0,6500.0,6500.0,190.0,0.0,439.0,6500.0,439.0
1964-05-30,832.0,499.0,499.0,Rule Curve,499.0,6500.0,0.0,6500.0,100.0,6500.0,6500.0,190.0,0.0,499.0,6500.0,499.0
1964-05-31,832.0,565.0,565.0,Rule Curve,565.0,6500.0,0.0,6500.0,100.0,6500.0,6500.0,190.0,0.0,565.0,6500.0,538.0
1964-06-01,832.0,551.0,551.0,Rule Curve,551.0,6500.0,0.0,6500.0,100.0,6500.0,6500.0,199.0,0.0,551.0,6500.0,481.0
1964-06-02,832.0,473.0,473.0,Rule Curve,473.0,6500.0,0.0,6500.0,100.0,6500.0,6500.0,199.0,0.0,473.0,6500.0,453.0
1964-06-03,832.0,393.0,393.0,Rule Curve,393.0,6500.0,0.0,6500.0,100.0,6500.0,6500.0,199.0,0.0,393.0,6500.0,393.0
1964-06-04,832.0,468.0,468.0,Rule Curve,468.0,6500.0,0.0,6500.0,100.0,6500.0,6500.0,199.0,0.0,468.0,6500.0,468.0
1964-06-05,832.0,574.0,574.0,Rule Curve,574.0,6500.0,0.0,6500.0,100.0,6500.0,6500.0,199.0,0.0,574.0,6500.0,574.0
1964-06-06,832.0,773.0,773.0,Rule Curve,773.0,6500.0,0.0,6500.0,100.0,6500.0,6500.0,199.0,0.0,773.0,6500.0,773.0
1964-06-07,832.0,1727.0,1727.0,Rule Curve,1727.0,6500.0,0.0,6500.0,100.0,6500.0,6500.0,199.0,0.0,1727.0,6500.0,1618.0
1964-06-08,832.0,1901.0,1901.0,Rule Curve,1901.0,6500.0,0.0,6500.0,100.0,6500.0,6500.0,199.0,0.0,1901.0,6500.0,1337.0
1964-06-09,832.0,1201.0,1201.0,Rule Curve,1201.0,6500.0,0.0,6500.0,100.0,6500.0,6500.0,199.0,0.0,1201.0,6500.0,937.0
1964-06-10,832.0,883.0,883.0,Rule Curve,883.0,6500.0,0.0,6500.0,100.0,6500.0,6500.0,199.0,0.0,883.0,6500.0,725.0
1964-06-11,832.0,703.0,703.0,Rule Curve,703.0,6500.0,0.0,6500.0,100.0,6500.0,6500.0,199.0,0.0,703.0,6500.0,602.0
1964-06-12,832.0,565.0,565.0,Rule Curve,565.0,6500.0,0.0,6500.0,100.0,6500.0,6500.0,199.0,0.0,565.0,6500.0,514.0
1964-06-13,832.0,514.0,514.0,Rule Curve,514.0,6500.0,0.0,6500.0,100.0,6500.0,6500.0,199.0,0.0,514.0,6500.0,469.0
1964-06-14,832.0,438.0,438.0,Rule Curve,438.0,6500.0,0.0,6500.0,100.0,6500.0,6500.0,199.0,0.0,438.0,6500.0,438.0
1964-06-15,832.0,430.0,430.0,Rule Curve,430.0,6500.0,0.0,6500.0,100.0,6500.0,6500.0,199.0,0.0,430.0,6500.0,430.0
1964-06-16,832.0,420.0,420.0,Rule Curve,420.0,6500.0,0.0,6500.0,100.0,6500.0,6500.0,199.0,0.0,420.0,6500.0,420.0
1964-06-17,832.0,435.0,435.0,Rule Curve,435.0,6500.0,0.0,6500.0,100.0,6500.0,6500.0,199.0,0.0,435.0,6500.0,435.0
1964-06-18,832.0,776.0,776.0,Rule Curve,776.0,6500.0,0.0,6500.0,100.0,6500.0,6500.0,199.0,0.0,776.0,6500.0,776.0
1964-06-19,832.0,884.0,884.0,Rule Curve,884.0,6500.0,0.0,6500.0,100.0,6500.0,6500.0,199.0,0.0,884.0,6500.0,695.0
1964-06-20,832.0,656.0,656.0,Rule Curve,656.0,6500.0,0.0,6500.0,100.0,6500.0,6500.0,199.0,0.0,656.0,6500.0,550.0
1964-06-21,832.0,520.0,520.0,Rule Curve,520.0,6500.0,0.0,6500.0,100.0,6500.0,6500.0,199.0,0.0,520.0,6500.0,456.0
1964-06-22,832.0,450.0,450.0,Rule Curve,450.0,6500.0,0.0,6500.0,100.0,6500.0,6500.0,199.0,0.0,450.0,6500.0,400.0
1964-06-23,832.0,373.0,373.0,Rule Curve,373.0,6500.0,0.0,6500.0,100.0,6500.0,6500.0,199.0,0.0,373.0,6500.0,351.0
1964-06-24,832.0,353.0,353.0,Rule Curve,353.0,6500.0,0.0,6500.0,100.0,6500.0,6500.0,199.0,0.0,353.0,6500.0,316.0
1964-06-25,832.0,303.0,303.0,Rule Curve,303.0,6500.0,0.0,6500.0,100.0,6500.0,6500.0,199.0,0.0,303.0,6500.0,282.0
1964-06-26,832.0,267.0,267.0,Rule Curve,267.0,6500.0,0.0,6500.0,100.0,6500.0,6500.0,199.0,0.0,267.0,6500.0,251.0
1964-06-27,832.0,252.0,252.0,Rule Curve,252.0,6500.0,0.0,6500.0,100.0,6500.0,6500.0,199.0,0.0,252.0,6500.0,233.0
1964-06-28,832.0,209.0,209.0,Rule Curve,209.0,6500.0,0.0,6500.0,100.0,6500.0,6500.0,199.0,0.0,209.0,6500.0,209.0
1964-06-29,832.0,212.0,212.0,Rule Curve,212.0,6500.0,0.0,6500.0,100.0,6500.0,6500.0,199.0,0.0,212.0,6500.0,205.0
1964-06-30,831.99,187.0,199.0,Rule Curve,199.0,6500.0,0.0,6500.0,100.0,6500.0,6500.0,199.0,0.0,187.0,6500.0,187.0
1964-07-01,831.99,191.0,187.0,Rule Curve,187.0,6500.0,0.0,6500.0,100.0,6500.0,6500.0,112.0,0.0,187.0,6500.0,179.0
1964-07-02,831.99,180.0,177.0,Rule Curve,177.0,6500.0,0.0,6500.0,100.0,6500.0,6500.0,112.0,0.0,177.0,6500.0,172.0
1964-07-03,832.0,185.0,183.0,Rule Curve,183.0,6500.0,0.0,6500.0,100.0,6500.0,6500.0,112.0,0.0,183.0,6500.0,172.0
1964-07-04,832.0,160.0,159.0,Rule Curve,159.0,6500.0,0.0,6500.0,100.0,6500.0,6500.0,112.0,0.0,159.0,6500.0,156.0
1964-07-05,832.0,152.0,151.0,Rule Curve,151.0,6500.0,0.0,6500.0,100.0,6500.0,6500.0,112.0,0.0,151.0,6500.0,150.0
1964-07-06,832.0,142.0,141.0,Rule Curve,141.0,6500.0,0.0,6500.0,100.0,6500.0,6500.0,112.0,0.0,141.0,6500.0,140.0
1964-07-07,832.0,142.0,142.0,Rule Curve,142.0,6500.0,0.0,6500.0,100.0,6500.0,6500.0,112.0,0.0,142.0,6500.0,141.0
1964-07-08,832.0,158.0,158.0,Rule Curve,158.0,6500.0,0.0,6500.0,100.0,6500.0,6500.0,112.0,0.0,158.0,6500.0,147.0
1964-07-09,832.0,132.0,132.0,Rule Curve,132.0,6500.0,0.0,6500.0,100.0,6500.0,6500.0,112.0,0.0,132.0,6500.0,132.0
1964-07-10,832.0,127.0,127.0,Rule Curve,127.0,6500.0,0.0,6500.0,100.0,6500.0,6500.0,112.0,0.0,127.0,6500.0,126.0
1964-07-11,832.0,114.0,114.0,Rule Curve,114.0,6500.0,0.0,6500.0,100.0,6500.0,6500.0,112.0,0.0,114.0,6500.0,114.0
1964-07-12,832.0,111.0,112.0,Rule Curve,112.0,6500.0,0.0,6500.0,100.0,6500.0,6500.0,112.0,0.0,111.0,6500.0,111.0
1964-07-13,831.98,91.0,112.0,Rule Curve,112.0,6500.0,0.0,6500.0,100.0,6500.0,6500.0,112.0,0.0,91.0,6500.0,90.0
1964-07-14,831.98,131.0,124.0,Rule Curve,124.0,6500.0,0.0,6500.0,100.0,6500.0,6500.0,112.0,0.0,124.0,6500.0,110.0
1964-07-15,831.99,131.0,126.0,Rule Curve,126.0,6500.0,0.0,6500.0,100.0,6500.0,6500.0,112.0,0.0,126.0,6500.0,112.0
1964-07-16,831.99,111.0,112.0,Rule Curve,112.0,6500.0,0.0,6500.0,100.0,6500.0,6500.0,112.0,0.0,108.0,6500.0,97.0
1964-07-17,831.96,84.0,112.0,Rule Curve,112.0,6500.0,0.0,6500.0,100.0,6500.0,6500.0,112.0,0.0,81.0,6500.0,74.0
1964-07-18,831.92,81.0,112.0,Rule Curve,112.0,6500.0,0.0,6500.0,100.0,6500.0,6500.0,112.0,0.0,68.0,6500.0,43.0
1964-07-19,831.85,48.0,112.0,Rule Curve,112.0,6500.0,0.0,6500.0,100.0,6500.0,6500.0,112.0,0.0,25.0,6500.0,0.0
1964-07-20,831.83,87.0,112.0,Rule Curve,112.0,112.0,0.0,6500.0,100.0,6500.0,6500.0,112.0,0.0,43.0,6500.0,0.0
1964-07-21,831.8,87.0,112.0,Rule Curve,112.0,112.0,0.0,6500.0,100.0,6500.0,6500.0,112.0,0.0,35.0,6500.0,0.0
1964-07-22,831.73,48.0,112.0,Rule Curve,112.0,112.0,0.0,6500.0,100.0,6500.0,6500.0,112.0,0.0,0.0,6500.0,0.0
1964-07-23,831.7,86.0,112.0,Rule Curve,112.0,112.0,0.0,6500.0,100.0,6500.0,6500.0,112.0,0.0,5.0,6500.0,0.0
1964-07-24,831.63,44.0,112.0,Rule Curve,112.0,112.0,0.0,6500.0,100.0,6500.0,6500.0,112.0,0.0,0.0,6500.0,0.0
1964-07-25,831.57,60.0,112.0,Rule Curve,112.0,112.0,0.0,6500.0,100.0,6500.0,6500.0,112.0,0.0,0.0,6500.0,0.0
1964-07-26,831.5,49.0,112.0,Rule Curve,112.0,112.0,0.0,6500.0,100.0,6500.0,6500.0,112.0,0.0,0.0,6500.0,0.0
1964-07-27,831.42,41.0,112.0,Rule Curve,112.0,112.0,0.0,6500.0,100.0,6500.0,6500.0,112.0,0.0,0.0,6500.0,0.0
1964-07-28,831.36,57.0,112.0,Rule Curve,112.0,112.0,0.0,6500.0,100.0,6500.0,6500.0,112.0,0.0,0.0,6500.0,0.0
1964-07-29,831.29,43.0,112.0,Rule Curve,112.0,112.0,0.0,6500.0,100.0,6500.0,6500.0,112.0,0.0,0.0,6500.0,0.0
1964-07-30,831.25,72.0,112.0,Rule Curve,112.0,112.0,0.0,6500.0,100.0,6500.0,6500.0,112.0,0.0,0.0,6500.0,0.0
1964-07-31,831.2,68.0,112.0,Rule Curve,112.0,112.0,0.0,6500.0,100.0,6500.0,6500.0,112.0,0.0,0.0,6500.0,0.0
1964-08-01,831.21,124.0,112.0,Rule Curve,112.0,112.0,0.0,6500.0,100.0,6500.0,6500.0,112.0,0.0,0.0,6500.0,0.0
1964-08-02,831.2,106.0,112.0,Rule Curve,112.0,112.0,0.0,6500.0,100.0,6500.0,6500.0,112.0,0.0,0.0,6500.0,0.0
1964-08-03,831.16,74.0,112.0,Rule Curve,112.0,112.0,0.0,6500.0,100.0,6500.0,6500.0,112.0,0.0,0.0,6500.0,0.0
1964-08-04,831.11,64.0,112.0,Rule Curve,112.0,112.0,0.0,6500.0,100.0,6500.0,6500.0,112.0,0.0,0.0,6500.0,0.0
1964-08-05,831.04,47.0,112.0,Rule Curve,112.0,112.0,0.0,6500.0,100.0,6500.0,6500.0,112.0,0.0,0.0,6500.0,0.0
1964-08-06,830.97,49.0,112.0,Rule Curve,112.0,112.0,0.0,6500.0,100.0,6500.0,6500.0,112.0,0.0,0.0,6500.0,0.0
1964-08-07,830.91,57.0,112.0,Rule Curve,112.0,112.0,0.0,6500.0,100.0,6500.0,6500.0,112.0,0.0,0.0,6500.0,0.0
1964-08-08,830.89,99.0,112.0,Rule Curve,112.0,112.0,0.0,6500.0,100.0,6500.0,6500.0,112.0,0.0,0.0,6500.0,0.0
1964-08-09,830.77,2.0,112.0,Rule Curve,112.0,112.0,0.0,6500.0,100.0,6500.0,6500.0,112.0,0.0,0.0,6500.0,0.0
1964-08-10,830.67,22.0,112.0,Rule Curve,112.0,112.0,0.0,6500.0,100.0,6500.0,6500.0,112.0,0.0,0.0,6500.0,0.0
1964-08-11,830.61,57.0,112.0,Rule Curve,112.0,112.0,0.0,6500.0,100.0,6500.0,6500.0,112.0,0.0,0.0,6500.0,0.0
1964-08-12,830.57,77.0,112.0,Rule Curve,112.0,112.0,0.0,6500.0,100.0,6500.0,6500.0,112.0,0.0,0.0,6500.0,0.0
1964-08-13,830.49,44.0,112.0,Rule Curve,112.0,112.0,0.0,6500.0,100.0,6500.0,6500.0,112.0,0.0,0.0,6500.0,0.0
1964-08-14,830.46,79.0,112.0,Rule Curve,112.0,112.0,0.0,6500.0,100.0,6500.0,6500.0,112.0,0.0,0.0,6500.0,0.0
1964-08-15,830.38,44.0,112.0,Rule Curve,112.0,112.0,0.0,6500.0,100.0,6500.0,6500.0,112.0,0.0,0.0,6500.0,0.0
1964-08-16,830.33,63.0,112.0,Rule Curve,112.0,112.0,0.0,6500.0,100.0,6500.0,6500.0,112.0,0.0,0.0,6500.0,0.0
1964-08-17,830.27,55.0,112.0,Rule Curve,112.0,112.0,0.0,6500.0,100.0,6500.0,6500.0,112.0,0.0,0.0,6500.0,0.0
1964-08-18,830.21,62.0,112.0,Rule Curve,112.0,112.0,0.0,6500.0,100.0,6500.0,6500.0,112.0,0.0,0.0,6500.0,0.0
1964-08-19,830.14,46.0,112.0,Rule Curve,112.0,112.0,0.0,6500.0,100.0,6500.0,6500.0,112.0,0.0,0.0,6500.0,0.0
1964-08-20,830.09,72.0,112.0,Rule Curve,112.0,112.0,0.0,6500.0,100.0,6500.0,6500.0,112.0,0.0,0.0,6500.0,0.0
1964-08-21,830.03,57.0,112.0,Rule Curve,112.0,112.0,0.0,6500.0,100.0,6500.0,6500.0,112.0,0.0,0.0,6500.0,0.0
1964-08-22,829.96,48.0,112.0,Rule Curve,112.0,112.0,0.0,6500.0,100.0,6500.0,6500.0,112.0,0.0,0.0,6500.0,0.0
1964-08-23,829.89,50.0,112.0,Rule Curve,112.0,112.0,0.0,6500.0,100.0,6500.0,6500.0,112.0,0.0,0.0,6500.0,0.0
1964-08-24,829.82,46.0,112.0,Rule Curve,112.0,112.0,0.0,6500.0,100.0,6500.0,6500.0,112.0,0.0,0.0,6500.0,0.0
1964-08-25,829.77,68.0,112.0,Rule Curve,112.0,112.0,0.0,6500.0,100.0,6500.0,6500.0,112.0,0.0,0.0,6500.0,0.0
1964-08-26,829.7,49.0,112.0,Rule Curve,112.0,112.0,0.0,6500.0,100.0,6500.0,6500.0,112.0,0.0,0.0,6500.0,0.0
1964-08-27,829.65,65.0,112.0,Rule Curve,112.0,112.0,0.0,6500.0,100.0,6500.0,6500.0,112.0,0.0,0.0,6500.0,0.0
1964-08-28,829.6,69.0,112.0,Rule Curve,112.0,112.0,0.0,6500.0,100.0,6500.0,6500.0,112.0,0.0,0.0,6500.0,0.0
1964-08-29,829.51,32.0,112.0,Rule Curve,112.0,112.0,0.0,6500.0,100.0,6500.0,6500.0,112.0,0.0,0.0,6500.0,0.0
1964-08-30,829.46,64.0,112.0,Rule Curve,112.0,112.0,0.0,6500.0,100.0,6500.0,6500.0,112.0,0.0,0.0,6500.0,0.0
1964-08-31,829.4,59.0,112.0,Rule Curve,112.0,112.0,0.0,6500.0,100.0,6500.0,6500.0,112.0,0.0,0.0,6500.0,0.0
1964-09-01,829.34,53.0,110.0,Rule Curve,110.0,110.0,0.0,6500.0,100.0,6500.0,6500.0,110.0,0.0,0.0,6500.0,0.0
1964-09-02,829.26,37.0,110.0,Rule Curve,110.0,110.0,0.0,6500.0,100.0,6500.0,6500.0,110.0,0.0,0.0,6500.0,0.0
1964-09-03,829.19,52.0,110.0,Rule Curve,110.0,110.0,0.0,6500.0,100.0,6500.0,6500.0,110.0,0.0,0.0,6500.0,0.0
1964-09-04,829.12,46.0,110.0,Rule Curve,110.0,110.0,0.0,6500.0,100.0,6500.0,6500.0,110.0,0.0,0.0,6500.0,0.0
1964-09-05,829.07,49.0,100.0,Top of Dam,100.0,100.0,0.0,6500.0,100.0,6500.0,6500.0,110.0,0.0,0.0,6500.0,123.0
1964-09-06,828.42,64.0,621.0,Top of Dam,100.0,621.0,0.0,6500.0,100.0,6500.0,6500.0,110.0,0.0,72.0,6500.0,621.0
1964-09-07,827.79,39.0,579.0,Top of Dam,100.0,579.0,0.0,6500.0,100.0,6500.0,6500.0,110.0,0.0,39.0,6500.0,579.0
1964-09-08,827.16,45.0,585.0,Top of Dam,100.0,585.0,0.0,6500.0,100.0,6500.0,6500.0,110.0,0.0,45.0,6500.0,585.0
1964-09-09,826.51,44.0,576.0,Top of Dam,100.0,576.0,0.0,6500.0,100.0,6500.0,6500.0,110.0,0.0,44.0,6500.0,576.0
1964-09-10,825.84,52.0,592.0,Top of Dam,100.0,592.0,0.0,6500.0,100.0,6500.0,6500.0,110.0,0.0,52.0,6500.0,592.0
1964-09-11,825.17,31.0,572.0,Top of Dam,100.0,572.0,0.0,6500.0,100.0,6500.0,6500.0,110.0,0.0,31.0,6500.0,572.0
1964-09-12,824.51,41.0,573.0,Top of Dam,100.0,573.0,0.0,6500.0,100.0,6500.0,6500.0,110.0,0.0,41.0,6500.0,573.0
1964-09-13,823.84,37.0,577.0,Top of Dam,100.0,577.0,0.0,6427.0,100.0,6427.0,6500.0,110.0,0.0,37.0,6500.0,577.0
1964-09-14,823.18,40.0,572.0,Top of Dam,100.0,572.0,0.0,6326.0,100.0,6326.0,6500.0,110.0,0.0,40.0,6500.0,572.0
1964-09-15,822.48,40.0,578.0,Top of Dam,100.0,578.0,0.0,6227.0,100.0,6227.0,6500.0,110.0,0.0,40.0,6500.0,578.0
1964-09-16,821.77,44.0,581.0,Top of Dam,100.0,581.0,0.0,6122.0,100.0,6122.0,6500.0,110.0,0.0,44.0,6500.0,581.0
1964-09-17,821.06,83.0,620.0,Top of Dam,100.0,620.0,0.0,6016.0,100.0,6016.0,6500.0,110.0,0.0,83.0,6500.0,620.0
1964-09-18,820.3,81.0,620.0,Top of Dam,100.0,620.0,0.0,5909.0,100.0,5909.0,6500.0,110.0,0.0,81.0,6500.0,620.0
1964-09-19,819.54,61.0,597.0,Top of Dam,100.0,597.0,0.0,5795.0,100.0,5795.0,6500.0,110.0,0.0,61.0,6500.0,597.0
1964-09-20,818.78,60.0,596.0,Top of Dam,100.0,596.0,0.0,5681.0,100.0,5681.0,6500.0,110.0,0.0,60.0,6500.0,596.0
1964-09-21,818.02,57.0,593.0,Top of Dam,100.0,593.0,0.0,5567.0,100.0,5567.0,6500.0,110.0,0.0,57.0,6500.0,593.0
1964-09-22,817.26,52.0,588.0,Top of Dam,100.0,588.0,0.0,5453.0,100.0,5453.0,6500.0,110.0,0.0,52.0,6500.0,588.0
1964-09-23,816.49,47.0,591.0,Top of Dam,100.0,591.0,0.0,5339.0,100.0,5339.0,6500.0,110.0,0.0,47.0,6500.0,591.0
1964-09-24,815.71,51.0,587.0,Top of Dam,100.0,587.0,0.0,5223.0,100.0,5223.0,6500.0,110.0,0.0,51.0,6500.0,587.0
1964-09-25,814.89,48.0,585.0,Top of Dam,100.0,585.0,0.0,5107.0,100.0,5107.0,6500.0,110.0,0.0,48.0,6500.0,585.0
1964-09-26,814.07,37.0,574.0,Top of Dam,100.0,574.0,0.0,5000.0,100.0,5000.0,6500.0,110.0,0.0,37.0,6500.0,574.0
1964-09-27,813.19,41.0,618.0,Top of Dam,100.0,618.0,0.0,5000.0,100.0,5000.0,6500.0,110.0,0.0,41.0,6500.0,618.0
1964-09-28,812.36,26.0,538.0,Top of Dam,100.0,538.0,0.0,5000.0,100.0,5000.0,6500.0,110.0,0.0,26.0,6500.0,538.0
1964-09-29,811.5,37.0,557.0,Top of Dam,100.0,557.0,0.0,5000.0,100.0,5000.0,6500.0,110.0,0.0,37.0,6500.0,557.0
1964-09-30,810.61,54.0,592.0,Top of Dam,100.0,592.0,0.0,5000.0,100.0,5000.0,6500.0,110.0,0.0,54.0,6500.0,592.0
1964-10-01,809.72,63.0,601.0,Top of Dam,100.0,601.0,0.0,5000.0,100.0,5000.0,6500.0,100.0,0.0,63.0,6500.0,601.0
1964-10-02,808.82,51.0,595.0,Top of Dam,100.0,595.0,0.0,5000.0,100.0,5000.0,6500.0,100.0,0.0,51.0,6500.0,595.0
1964-10-03,807.86,51.0,625.0,Top of Dam,100.0,625.0,0.0,5000.0,100.0,5000.0,6500.0,100.0,0.0,51.0,6500.0,625.0
1964-10-04,806.97,37.0,531.0,Top of Dam,100.0,531.0,0.0,5000.0,100.0,5000.0,6500.0,100.0,0.0,37.0,6500.0,531.0
1964-10-05,806.0,39.0,577.0,Top of Dam,100.0,577.0,0.0,5000.0,100.0,5000.0,6500.0,100.0,0.0,39.0,6500.0,577.0
1964-10-06,805.04,48.0,580.0,Top of Dam,100.0,580.0,0.0,5000.0,100.0,5000.0,6500.0,100.0,0.0,48.0,6500.0,580.0
1964-10-07,804.07,29.0,567.0,Top of Dam,100.0,567.0,0.0,5000.0,100.0,5000.0,6500.0,100.0,0.0,29.0,6500.0,567.0
1964-10-08,803.01,94.0,632.0,Top of Dam,100.0,632.0,0.0,5000.0,100.0,5000.0,6500.0,100.0,0.0,94.0,6500.0,632.0
1964-10-09,802.04,28.0,565.0,Top of Dam,100.0,565.0,0.0,5000.0,100.0,5000.0,6500.0,100.0,0.0,28.0,6500.0,565.0
1964-10-10,800.98,51.0,587.0,Top of Dam,100.0,587.0,0.0,5000.0,100.0,5000.0,6500.0,100.0,0.0,51.0,6500.0,587.0
1964-10-11,799.91,41.0,580.0,Top of Dam,100.0,580.0,0.0,5000.0,100.0,5000.0,6500.0,100.0,0.0,41.0,6500.0,580.0
1964-10-12,798.85,36.0,570.0,Top of Dam,100.0,570.0,0.0,5000.0,100.0,5000.0,6500.0,100.0,0.0,36.0,6500.0,570.0
1964-10-13,797.76,36.0,573.0,Top of Dam,100.0,573.0,0.0,5000.0,100.0,5000.0,6500.0,100.0,0.0,36.0,6500.0,573.0
1964-10-14,796.57,41.0,581.0,Top of Dam,100.0,581.0,0.0,5000.0,100.0,5000.0,6500.0,100.0,0.0,41.0,6500.0,581.0
1964-10-15,795.39,40.0,575.0,Top of Dam,100.0,575.0,0.0,5000.0,100.0,5000.0,6500.0,100.0,0.0,40.0,6500.0,575.0
1964-10-16,794.2,45.0,585.0,Top of Dam,100.0,585.0,0.0,5000.0,100.0,5000.0,6500.0,100.0,0.0,45.0,6500.0,585.0
1964-10-17,793.02,38.0,573.0,Top of Dam,100.0,573.0,0.0,4886.0,100.0,4886.0,6500.0,100.0,0.0,38.0,6500.0,573.0
1964-10-18,791.69,38.0,575.0,Top of Dam,100.0,575.0,0.0,4717.0,100.0,4717.0,6500.0,100.0,0.0,38.0,6500.0,575.0
1964-10-19,790.36,38.0,574.0,Top of Dam,100.0,574.0,0.0,4527.0,100.0,4527.0,6500.0,100.0,0.0,38.0,6500.0,574.0
1964-10-20,789.03,28.0,564.0,Top of Dam,100.0,564.0,0.0,4337.0,100.0,4337.0,6500.0,100.0,0.0,28.0,6500.0,564.0
1964-10-21,787.65,47.0,586.0,Top of Dam,100.0,586.0,0.0,4147.0,100.0,4147.0,6500.0,100.0,0.0,47.0,6500.0,586.0
1964-10-22,786.13,16.0,552.0,Top of Dam,100.0,552.0,0.0,3950.0,100.0,3950.0,6500.0,100.0,0.0,16.0,6500.0,552.0
1964-10-23,784.61,20.0,587.0,Top of Dam,100.0,587.0,0.0,3733.0,100.0,3733.0,6500.0,100.0,0.0,20.0,6500.0,587.0
1964-10-24,783.08,30.0,539.0,Top of Dam,100.0,539.0,0.0,3516.0,100.0,3516.0,6500.0,100.0,0.0,30.0,6500.0,539.0
1964-10-25,781.49,28.0,563.0,Top of Dam,100.0,563.0,0.0,3297.0,100.0,3297.0,6500.0,100.0,0.0,28.0,6500.0,563.0
1964-10-26,779.88,24.0,561.0,Top of Dam,100.0,561.0,0.0,3070.0,100.0,3070.0,6500.0,100.0,0.0,24.0,6500.0,561.0
1964-10-27,778.1,34.0,572.0,Top of Dam,100.0,572.0,0.0,2840.0,100.0,2840.0,6500.0,100.0,0.0,34.0,6500.0,572.0
1964-10-28,776.33,39.0,574.0,Top of Dam,100.0,574.0,0.0,2586.0,100.0,2586.0,6500.0,100.0,0.0,39.0,6500.0,574.0
1964-10-29,774.46,64.0,598.0,Top of Dam,100.0,598.0,0.0,2333.0,100.0,2333.0,6500.0,100.0,0.0,64.0,6500.0,598.0
1964-10-30,773.16,63.0,426.0,Top of Dam,100.0,426.0,0.0,2066.0,100.0,2066.0,6500.0,100.0,0.0,63.0,6500.0,426.0
1964-10-31,772.08,42.0,339.0,Top of Dam,100.0,339.0,0.0,1881.0,100.0,1881.0,6500.0,100.0,0.0,100.0,6500.0,339.0
1964-11-01,771.33,68.0,268.0,Top of Dam,208.0,268.0,0.0,1726.0,100.0,1726.0,6500.0,100.0,0.0,208.0,6500.0,268.0
1964-11-02,771.14,165.0,216.0,Top of Dam,216.0,216.0,0.0,1619.0,100.0,1619.0,6500.0,100.0,0.0,239.0,6500.0,216.0
1964-11-03,770.91,125.0,189.0,Top of Dam,182.0,189.0,0.0,1592.0,100.0,1592.0,6500.0,100.0,0.0,182.0,6500.0,189.0
1964-11-04,770.72,111.0,159.0,Top of Dam,146.0,159.0,0.0,1558.0,100.0,1558.0,6500.0,100.0,0.0,146.0,6500.0,159.0
1964-11-05,770.74,135.0,129.0,Top of Dam,129.0,129.0,0.0,1532.0,100.0,1532.0,6500.0,100.0,0.0,155.0,6500.0,129.0
1964-11-06,770.71,100.0,109.0,Top of Dam,109.0,109.0,0.0,1535.0,100.0,1535.0,6500.0,100.0,0.0,121.0,6500.0,109.0
1964-11-07,770.59,70.0,100.0,Top of Dam,100.0,100.0,0.0,1530.0,100.0,1530.0,6500.0,100.0,0.0,88.0,6500.0,99.0
1964-11-08,770.47,68.0,100.0,Top of Dam,100.0,1513.0,0.0,1513.0,100.0,1513.0,6500.0,100.0,0.0,76.0,6500.0,92.0
1964-11-09,770.39,79.0,100.0,Rule Curve,100.0,1500.0,0.0,1500.0,100.0,1500.0,6500.0,100.0,0.0,76.0,6500.0,71.0
1964-11-10,770.5,160.0,131.0,Rule Curve,100.0,150.0,0.0,1500.0,100.0,1500.0,6500.0,100.0,0.0,150.0,6500.0,131.0
1964-11-11,770.5,442.0,442.0,Rule Curve,442.0,1500.0,0.0,1500.0,100.0,1500.0,6500.0,100.0,0.0,442.0,6500.0,442.0
1964-11-12,770.5,714.0,714.0,Rule Curve,714.0,1500.0,0.0,1500.0,100.0,1500.0,6500.0,100.0,0.0,714.0,6500.0,450.0
1964-11-13,770.5,388.0,388.0,Rule Curve,388.0,1500.0,0.0,1500.0,100.0,1500.0,6500.0,100.0,0.0,388.0,6500.0,278.0
1964-11-14,770.5,223.0,223.0,Rule Curve,223.0,1500.0,0.0,1500.0,100.0,1500.0,6500.0,100.0,0.0,223.0,6500.0,205.0
1964-11-15,770.5,197.0,197.0,Rule Curve,197.0,1500.0,0.0,1500.0,100.0,1500.0,6500.0,100.0,0.0,197.0,6500.0,179.0
1964-11-16,770.5,170.0,170.0,Rule Curve,170.0,1500.0,0.0,1500.0,100.0,1500.0,6500.0,100.0,0.0,170.0,6500.0,162.0
1964-11-17,770.5,145.0,145.0,Rule Curve,145.0,1500.0,0.0,1500.0,100.0,1500.0,6500.0,100.0,0.0,145.0,6500.0,145.0
1964-11-18,770.5,145.0,145.0,Rule Curve,145.0,1500.0,0.0,1500.0,100.0,1500.0,6500.0,100.0,0.0,145.0,6500.0,145.0
1964-11-19,770.5,150.0,150.0,Rule Curve,150.0,1500.0,0.0,1500.0,100.0,1500.0,6500.0,100.0,0.0,150.0,6500.0,150.0
1964-11-20,770.5,180.0,180.0,Rule Curve,180.0,1500.0,0.0,1500.0,100.0,1500.0,6500.0,100.0,0.0,180.0,6500.0,180.0
1964-11-21,770.5,221.0,221.0,Rule Curve,221.0,1500.0,0.0,1500.0,100.0,1500.0,6500.0,100.0,0.0,221.0,6500.0,221.0
1964-11-22,770.5,257.0,257.0,Rule Curve,257.0,1500.0,0.0,1500.0,100.0,1500.0,6500.0,100.0,0.0,257.0,6500.0,257.0
1964-11-23,770.5,524.0,524.0,Rule Curve,524.0,1500.0,0.0,1500.0,100.0,1500.0,6500.0,100.0,0.0,524.0,6500.0,524.0
1964-11-24,771.18,1679.0,1500.0,Rule Curve,1500.0,1500.0,0.0,1500.0,100.0,1500.0,6297.0,100.0,0.0,1679.0,6365.0,1679.0
1964-11-25,776.49,3083.0,1597.0,Top of Dam,1597.0,1597.0,0.0,1597.0,100.0,1597.0,6500.0,100.0,0.0,3142.0,6500.0,1982.0
1964-11-26,773.66,1549.0,2356.0,Top of Dam,2103.0,2356.0,0.0,2356.0,100.0,2356.0,6500.0,100.0,0.0,2103.0,6500.0,2821.0
1964-11-27,770.56,1111.0,1952.0,Top of Dam,1396.0,1952.0,0.0,1952.0,100.0,1952.0,6500.0,100.0,0.0,1396.0,6500.0,1968.0
1964-11-28,779.66,4114.0,1509.0,Top of Dam,1509.0,1509.0,0.0,1509.0,100.0,1509.0,5922.0,100.0,0.0,4119.0,6114.0,4129.0
1964-11-29,786.69,5223.0,2808.0,Top of Dam,2808.0,2808.0,0.0,2808.0,100.0,2808.0,5663.0,100.0,0.0,6097.0,5941.0,6516.0
1964-11-30,791.5,5685.0,3813.0,Top of Dam,3813.0,3813.0,0.0,3813.0,100.0,3813.0,3774.0,100.0,0.0,7364.0,4680.0,7515.0
1964-12-01,798.48,5995.0,2875.0,Top of Dam,2875.0,2875.0,0.0,4499.0,100.0,2875.0,1070.0,100.0,0.0,8298.0,2875.0,7427.0
1964-12-02,801.32,5804.0,4374.0,Top of Dam,4374.0,4374.0,0.0,5000.0,100.0,4374.0,3316.0,100.0,0.0,9146.0,4374.0,7211.0
1964-12-03,798.44,3550.0,5000.0,Top of Dam,5000.0,5000.0,0.0,5000.0,100.0,5000.0,5173.0,100.0,0.0,7369.0,5614.0,6464.0
1964-12-04,792.3,2227.0,5000.0,Top of Dam,5000.0,5000.0,0.0,5000.0,100.0,5000.0,6391.0,100.0,0.0,5563.0,6427.0,5399.0
1964-12-05,787.34,2132.0,4101.0,Top of Dam,4101.0,4101.0,0.0,4615.0,100.0,4615.0,6473.0,100.0,0.0,4543.0,6482.0,4101.0
1964-12-06,783.2,1805.0,3265.0,Top of Dam,3265.0,3265.0,0.0,3905.0,100.0,3906.0,6500.0,100.0,0.0,3560.0,6500.0,3265.0
1964-12-07,777.93,1108.0,2814.0,Top of Dam,2376.0,2814.0,0.0,3314.0,100.0,3314.0,6500.0,100.0,0.0,2376.0,6500.0,2814.0
1964-12-08,774.63,1593.0,2561.0,Top of Dam,2292.0,2561.0,0.0,2561.0,100.0,2561.0,6500.0,100.0,0.0,2292.0,6500.0,3414.0
1964-12-09,774.0,1912.0,2090.0,Top of Dam,2090.0,2090.0,0.0,2090.0,100.0,2344.0,6500.0,100.0,0.0,2288.0,6500.0,3042.0
1964-12-10,782.52,4613.0,2000.0,Top of Dam,2000.0,2000.0,0.0,2000.0,100.0,2389.0,5022.0,100.0,0.0,4930.0,5514.0,4053.0
1964-12-11,785.83,4376.0,3217.0,Top of Dam,3217.0,3217.0,0.0,3217.0,100.0,3604.0,5417.0,100.0,0.0,5564.0,5777.0,3864.0
1964-12-12,782.76,2195.0,3270.0,Top of Dam,3270.0,3270.0,0.0,3690.0,100.0,4069.0,6500.0,100.0,0.0,3769.0,6500.0,3270.0
1964-12-13,777.66,1433.0,3065.0,Top of Dam,2649.0,3065.0,0.0,3251.0,100.0,3527.0,6500.0,100.0,0.0,2649.0,6500.0,3065.0
1964-12-14,773.92,1433.0,2522.0,Top of Dam,2105.0,2522.0,0.0,2522.0,100.0,2835.0,5934.0,100.0,0.0,2105.0,6122.0,2586.0
1964-12-15,776.26,2654.0,1988.0,Top of Dam,1988.0,1988.0,0.0,1988.0,100.0,2422.0,6044.0,100.0,0.0,2963.0,6196.0,2145.0
1964-12-16,775.65,1628.0,1805.0,Top of Dam,1805.0,1805.0,0.0,2323.0,100.0,2794.0,6500.0,100.0,0.0,2159.0,6500.0,1805.0
1964-12-17,774.32,1200.0,1576.0,Top of Dam,1576.0,1576.0,0.0,2235.0,100.0,2553.0,6500.0,100.0,0.0,1672.0,6500.0,1576.0
1964-12-18,771.1,970.0,1852.0,Top of Dam,1317.0,1852.0,0.0,2045.0,100.0,2270.0,6500.0,100.0,0.0,1317.0,6500.0,1852.0
1964-12-19,770.5,1116.0,1273.0,Top of Dam,1168.0,1273.0,0.0,1586.0,100.0,1975.0,6192.0,100.0,0.0,1168.0,6295.0,1273.0
1964-12-20,773.84,2406.0,1500.0,Rule Curve,1500.0,1500.0,0.0,1500.0,100.0,1661.0,4698.0,100.0,0.0,2406.0,5297.0,2406.0
1964-12-21,802.4,11214.0,100.0,Top of Dam,100.0,100.0,0.0,1977.0,100.0,32.0,0.0,100.0,0.0,11516.0,0.0,12120.0
1964-12-22,840.08,28592.0,100.0,Top of Dam,100.0,100.0,0.0,5000.0,100.0,0.0,0.0,100.0,0.0,32599.0,0.0,24333.0
1964-12-23,850.96,19059.0,7431.0,Top of Dam,7431.0,7431.0,7431.0,6500.0,100.0,0.0,0.0,100.0,0.0,32563.0,0.0,27350.0
1964-12-24,848.59,13303.0,15960.0,Top of Dam,15960.0,15960.0,46753.0,6500.0,100.0,0.0,0.0,100.0,0.0,30683.0,0.0,27549.0
1964-12-25,846.86,9150.0,11032.0,Top of Dam,11032.0,11032.0,35909.0,6500.0,100.0,689.0,0.0,100.0,0.0,25644.0,1138.0,24063.0
1964-12-26,846.21,8028.0,8716.0,Top of Dam,8716.0,8716.0,28684.0,6500.0,100.0,2137.0,0.0,100.0,0.0,23896.0,1199.0,21414.0
1964-12-27,844.91,5502.0,6883.0,Top of Dam,6883.0,6883.0,26241.0,6500.0,100.0,5201.0,700.0,100.0,0.0,21141.0,2628.0,19218.0
1964-12-28,843.28,3085.0,4810.0,Top of Dam,4810.0,4810.0,21377.0,6500.0,100.0,4810.0,2782.0,100.0,0.0,18263.0,4018.0,17454.0
1964-12-29,841.17,2126.0,4314.0,Top of Dam,4314.0,4314.0,15998.0,6500.0,100.0,4314.0,3226.0,100.0,0.0,16729.0,4314.0,16263.0
1964-12-30,837.67,1591.0,5073.0,Top of Dam,5073.0,5073.0,9960.0,6500.0,100.0,5073.0,4362.0,100.0,0.0,15464.0,5073.0,15161.0
1964-12-31,832.59,1239.0,6063.0,Top of Dam,6175.0,6175.0,2814.0,6500.0,100.0,6175.0,6013.0,100.0,0.0,13951.0,6175.0,13847.0
1965-01-01,827.01,1007.0,5972.0,Top of Dam,5972.0,5972.0,0.0,6500.0,100.0,5972.0,5710.0,100.0,0.0,12111.0,5972.0,12181.0
1965-01-02,820.89,1132.0,5959.0,Top of Dam,5959.0,5959.0,0.0,6500.0,100.0,5959.0,5689.0,100.0,0.0,10581.0,5959.0,10573.0
1965-01-03,813.92,1067.0,5884.0,Top of Dam,5884.0,5884.0,0.0,5884.0,100.0,5884.0,6500.0,100.0,0.0,8907.0,6500.0,9032.0
1965-01-04,807.59,1148.0,5000.0,Top of Dam,5000.0,5000.0,0.0,5000.0,100.0,5000.0,6500.0,100.0,0.0,7383.0,6500.0,7840.0
1965-01-05,800.79,1335.0,5000.0,Top of Dam,5000.0,5000.0,0.0,5000.0,100.0,5000.0,6500.0,100.0,0.0,6286.0,6500.0,6795.0
1965-01-06,795.16,2308.0,5000.0,Top of Dam,5000.0,5000.0,0.0,5000.0,100.0,5000.0,6032.0,100.0,0.0,6037.0,6187.0,5559.0
1965-01-07,789.4,1864.0,4299.0,Top of Dam,4299.0,4299.0,0.0,5000.0,100.0,5000.0,6500.0,100.0,0.0,4696.0,6500.0,4299.0
1965-01-08,781.25,1291.0,4199.0,Top of Dam,3311.0,4199.0,0.0,4199.0,100.0,4199.0,6500.0,100.0,0.0,3311.0,6500.0,4430.0
1965-01-09,775.37,1220.0,3035.0,Top of Dam,2271.0,3035.0,0.0,3035.0,100.0,3133.0,6500.0,100.0,0.0,2271.0,6500.0,4373.0
1965-01-10,783.29,4694.0,2196.0,Top of Dam,2196.0,2196.0,0.0,2196.0,100.0,2373.0,3840.0,100.0,0.0,5139.0,4724.0,5094.0
1965-01-11,790.57,6027.0,3327.0,Top of Dam,3327.0,3327.0,0.0,3327.0,100.0,3534.0,5112.0,100.0,0.0,7306.0,5573.0,5165.0
1965-01-12,787.63,3199.0,4368.0,Top of Dam,4368.0,4368.0,0.0,4368.0,100.0,4551.0,6313.0,100.0,0.0,5377.0,6375.0,4986.0
1965-01-13,783.27,2407.0,3947.0,Top of Dam,3947.0,3947.0,0.0,3947.0,100.0,4145.0,6500.0,100.0,0.0,4196.0,6500.0,4694.0
1965-01-14,781.72,2791.0,3324.0,Top of Dam,3324.0,3324.0,0.0,3324.0,100.0,3569.0,6500.0,100.0,0.0,4067.0,6500.0,4484.0
1965-01-15,782.86,3493.0,3102.0,Top of Dam,3102.0,3102.0,0.0,3102.0,100.0,3337.0,6500.0,100.0,0.0,4591.0,6500.0,4182.0
1965-01-16,783.01,3317.0,3266.0,Top of Dam,3266.0,3266.0,0.0,3266.0,100.0,3510.0,6500.0,100.0,0.0,4545.0,6500.0,3844.0
1965-01-17,780.4,2416.0,3287.0,Top of Dam,3287.0,3287.0,0.0,3287.0,100.0,3535.0,6500.0,100.0,0.0,3662.0,6500.0,3402.0
1965-01-18,777.98,2089.0,2842.0,Top of Dam,2842.0,2842.0,0.0,2914.0,100.0,3168.0,6500.0,100.0,0.0,3045.0,6500.0,2842.0
1965-01-19,776.53,1938.0,2375.0,Top of Dam,2375.0,2375.0,0.0,2568.0,100.0,2808.0,6500.0,100.0,0.0,2642.0,6500.0,2375.0
1965-01-20,775.11,1609.0,2018.0,Top of Dam,2018.0,2018.0,0.0,2361.0,100.0,2526.0,6500.0,100.0,0.0,2167.0,6500.0,2018.0
1965-01-21,772.54,1441.0,2159.0,Top of Dam,1863.0,2159.0,0.0,2159.0,100.0,2277.0,6500.0,100.0,0.0,1863.0,6500.0,2448.0
1965-01-22,770.73,1305.0,1792.0,Top of Dam,1487.0,1792.0,0.0,1792.0,100.0,2033.0,6500.0,100.0,0.0,1487.0,6500.0,1852.0
1965-01-23,777.06,3307.0,1533.0,Top of Dam,1533.0,1533.0,0.0,1533.0,100.0,1844.0,5172.0,100.0,0.0,3327.0,5613.0,3298.0
1965-01-24,782.3,4090.0,2437.0,Top of Dam,2437.0,2437.0,0.0,2437.0,100.0,2730.0,5421.0,100.0,0.0,4701.0,5779.0,3511.0
1965-01-25,779.96,2412.0,3186.0,Top of Dam,3186.0,3186.0,0.0,3186.0,100.0,3445.0,5593.0,100.0,0.0,3574.0,5895.0,3903.0
1965-01-26,777.71,2171.0,2851.0,Top of Dam,2851.0,2851.0,0.0,2851.0,100.0,3130.0,4573.0,100.0,0.0,3076.0,5214.0,4884.0
1965-01-27,784.8,3615.0,1318.0,Top of Dam,1318.0,1318.0,0.0,2530.0,100.0,1318.0,0.0,100.0,0.0,4292.0,1318.0,5648.0
1965-01-28,800.77,6950.0,100.0,Top of Dam,100.0,100.0,0.0,3543.0,100.0,100.0,0.0,100.0,0.0,8393.0,0.0,7703.0
1965-01-29,812.4,7512.0,954.0,Top of Dam,954.0,954.0,0.0,5000.0,100.0,954.0,0.0,100.0,0.0,11238.0,954.0,8731.0
1965-01-30,813.25,4293.0,3764.0,Top of Dam,3764.0,3764.0,0.0,5000.0,100.0,3764.0,2402.0,100.0,0.0,10205.0,3764.0,9082.0
1965-01-31,810.95,3184.0,4587.0,Top of Dam,4587.0,4587.0,0.0,5000.0,100.0,4587.0,3634.0,100.0,0.0,9273.0,4587.0,8306.0
1965-02-01,806.35,2297.0,5000.0,Top of Dam,5000.0,5000.0,0.0,5000.0,100.0,5000.0,4752.0,190.0,0.0,7919.0,5333.0,7151.0
1965-02-02,800.26,1763.0,5000.0,Top of Dam,5000.0,5000.0,0.0,5000.0,100.0,5000.0,6500.0,190.0,0.0,6484.0,6500.0,5736.0
1965-02-03,794.0,1410.0,4367.0,Top of Dam,4367.0,4367.0,0.0,5000.0,100.0,5000.0,6500.0,190.0,0.0,4955.0,6500.0,4367.0
1965-02-04,789.03,1083.0,3137.0,Top of Dam,3137.0,3137.0,0.0,4857.0,100.0,4992.0,6500.0,190.0,0.0,3533.0,6500.0,3137.0
1965-02-05,786.22,1177.0,2223.0,Top of Dam,2223.0,2223.0,0.0,4148.0,100.0,4249.0,6500.0,190.0,0.0,2847.0,6500.0,2223.0
1965-02-06,784.47,981.0,1622.0,Top of Dam,1622.0,1622.0,0.0,3745.0,100.0,3822.0,6500.0,190.0,0.0,2192.0,6500.0,1622.0
1965-02-07,782.92,698.0,1220.0,Top of Dam,1220.0,1220.0,0.0,3495.0,100.0,3555.0,6500.0,190.0,0.0,1600.0,6500.0,1220.0
1965-02-08,782.34,722.0,928.0,Top of Dam,928.0,928.0,0.0,3275.0,100.0,3309.0,6500.0,190.0,0.0,1350.0,6500.0,928.0
1965-02-09,782.35,718.0,716.0,Top of Dam,716.0,716.0,0.0,3192.0,100.0,3214.0,6500.0,190.0,0.0,1176.0,6500.0,716.0
1965-02-10,782.61,647.0,554.0,Top of Dam,554.0,554.0,0.0,3192.0,100.0,3208.0,6500.0,190.0,0.0,1005.0,6500.0,554.0
1965-02-11,782.99,598.0,464.0,Top of Dam,464.0,464.0,0.0,3230.0,100.0,3240.0,6500.0,190.0,0.0,886.0,6500.0,464.0
1965-02-12,783.14,536.0,482.0,Top of Dam,482.0,482.0,0.0,3284.0,100.0,3291.0,6500.0,190.0,0.0,767.0,6500.0,482.0
1965-02-13,783.41,586.0,492.0,Top of Dam,492.0,492.0,0.0,3306.0,100.0,3310.0,6500.0,190.0,0.0,734.0,6500.0,492.0
1965-02-14,783.19,797.0,874.0,Rule Curve,874.0,3344.0,0.0,3344.0,100.0,3347.0,6500.0,190.0,0.0,874.0,6500.0,491.0
1965-02-15,784.47,807.0,379.0,Rule Curve,190.0,758.0,0.0,3313.0,100.0,3315.0,6500.0,190.0,0.0,758.0,6500.0,369.0
1965-02-16,784.47,825.0,825.0,Rule Curve,825.0,3496.0,0.0,3496.0,100.0,3496.0,6500.0,190.0,0.0,825.0,6500.0,401.0
1965-02-17,786.16,809.0,190.0,Rule Curve,190.0,711.0,0.0,3496.0,100.0,3496.0,6500.0,190.0,0.0,711.0,6500.0,178.0
1965-02-18,786.17,777.0,773.0,Rule Curve,773.0,3737.0,0.0,3737.0,100.0,3737.0,6500.0,190.0,0.0,773.0,6500.0,327.0
1965-02-19,787.69,728.0,190.0,Rule Curve,190.0,625.0,0.0,3738.0,100.0,3738.0,6500.0,190.0,0.0,625.0,6500.0,116.0
1965-02-20,788.67,673.0,294.0,Rule Curve,190.0,649.0,0.0,3956.0,100.0,3956.0,6500.0,190.0,0.0,649.0,6500.0,202.0
1965-02-21,788.67,600.0,600.0,Rule Curve,600.0,4096.0,0.0,4096.0,100.0,4096.0,6500.0,190.0,0.0,600.0,6500.0,186.0
1965-02-22,789.68,598.0,190.0,Rule Curve,190.0,497.0,0.0,4096.0,100.0,4096.0,6500.0,190.0,0.0,497.0,6500.0,0.0
1965-02-23,790.57,548.0,190.0,Rule Curve,190.0,482.0,0.0,4240.0,100.0,4240.0,6500.0,190.0,0.0,482.0,6500.0,44.0
1965-02-24,791.38,518.0,190.0,Rule Curve,190.0,469.0,0.0,4367.0,100.0,4367.0,6500.0,190.0,0.0,469.0,6500.0,69.0
1965-02-25,792.15,501.0,190.0,Rule Curve,190.0,461.0,0.0,4483.0,100.0,4483.0,6500.0,190.0,0.0,461.0,6500.0,78.0
1965-02-26,792.97,522.0,190.0,Rule Curve,190.0,484.0,0.0,4593.0,100.0,4593.0,6500.0,190.0,0.0,484.0,6500.0,107.0
1965-02-27,793.83,1464.0,1078.0,Rule Curve,190.0,1437.0,0.0,4711.0,100.0,4711.0,6500.0,190.0,0.0,1437.0,6500.0,799.0
1965-02-28,793.83,1216.0,1216.0,Rule Curve,1216.0,4833.0,0.0,4833.0,100.0,4833.0,6500.0,190.0,0.0,1216.0,6500.0,633.0
1965-03-01,795.17,989.0,381.0,Rule Curve,190.0,888.0,0.0,4833.0,100.0,4833.0,6500.0,190.0,0.0,888.0,6500.0,381.0
1965-03-02,795.17,884.0,884.0,Rule Curve,884.0,5000.0,0.0,5000.0,100.0,5000.0,6500.0,190.0,0.0,884.0,6500.0,384.0
1965-03-03,796.45,772.0,190.0,Rule Curve,190.0,670.0,0.0,5000.0,100.0,5000.0,6500.0,190.0,0.0,670.0,6500.0,164.0
1965-03-04,796.47,682.0,673.0,Rule Curve,673.0,5000.0,0.0,5000.0,100.0,5000.0,6500.0,190.0,0.0,673.0,6500.0,196.0
1965-03-05,797.39,605.0,190.0,Rule Curve,190.0,499.0,0.0,5000.0,100.0,5000.0,6500.0,190.0,0.0,499.0,6500.0,0.0
1965-03-06,798.09,514.0,190.0,Rule Curve,190.0,445.0,0.0,5000.0,100.0,5000.0,6500.0,190.0,0.0,445.0,6500.0,1.0
1965-03-07,798.67,483.0,190.0,Rule Curve,190.0,421.0,0.0,5000.0,100.0,5000.0,6500.0,190.0,0.0,421.0,6500.0,0.0
1965-03-08,799.09,403.0,190.0,Rule Curve,190.0,337.0,0.0,5000.0,100.0,5000.0,6500.0,190.0,0.0,337.0,6500.0,0.0
1965-03-09,799.5,395.0,190.0,Rule Curve,190.0,299.0,0.0,5000.0,100.0,5000.0,6500.0,190.0,0.0,299.0,6500.0,0.0
1965-03-10,799.86,372.0,190.0,Rule Curve,190.0,243.0,0.0,5000.0,100.0,5000.0,6500.0,190.0,0.0,243.0,6500.0,0.0
1965-03-11,800.17,347.0,190.0,Rule Curve,190.0,190.0,0.0,5000.0,100.0,5000.0,6500.0,190.0,0.0,178.0,6500.0,0.0
1965-03-12,800.41,312.0,190.0,Rule Curve,190.0,190.0,0.0,5000.0,100.0,5000.0,6500.0,190.0,0.0,94.0,6500.0,0.0
1965-03-13,800.64,302.0,190.0,Rule Curve,190.0,190.0,0.0,5000.0,100.0,5000.0,6500.0,190.0,0.0,23.0,6500.0,0.0
1965-03-14,800.81,277.0,190.0,Rule Curve,190.0,190.0,0.0,5000.0,100.0,5000.0,6500.0,190.0,0.0,0.0,6500.0,0.0
1965-03-15,800.94,256.0,190.0,Rule Curve,190.0,190.0,0.0,5000.0,100.0,5000.0,6500.0,190.0,0.0,0.0,6500.0,0.0
1965-03-16,801.05,246.0,190.0,Rule Curve,190.0,190.0,0.0,5000.0,100.0,5000.0,6500.0,190.0,0.0,0.0,6500.0,0.0
1965-03-17,801.15,241.0,190.0,Rule Curve,190.0,190.0,0.0,5000.0,100.0,5000.0,6500.0,190.0,0.0,0.0,6500.0,0.0
1965-03-18,801.23,226.0,190.0,Rule Curve,190.0,190.0,0.0,5000.0,100.0,5000.0,6500.0,190.0,0.0,0.0,6500.0,0.0
1965-03-19,801.26,206.0,190.0,Rule Curve,190.0,190.0,0.0,5000.0,100.0,5000.0,6500.0,190.0,0.0,0.0,6500.0,0.0
1965-03-20,801.28,201.0,190.0,Rule Curve,190.0,190.0,0.0,5000.0,100.0,5000.0,6500.0,190.0,0.0,0.0,6500.0,0.0
1965-03-21,801.3,202.0,190.0,Rule Curve,190.0,190.0,0.0,5000.0,100.0,5000.0,6500.0,190.0,0.0,0.0,6500.0,0.0
1965-03-22,801.31,192.0,190.0,Rule Curve,190.0,190.0,0.0,5000.0,100.0,5000.0,6500.0,190.0,0.0,0.0,6500.0,0.0
1965-03-23,801.31,192.0,190.0,Rule Curve,190.0,190.0,0.0,5000.0,100.0,5000.0,6500.0,190.0,0.0,0.0,6500.0,0.0
1965-03-24,801.28,172.0,190.0,Rule Curve,190.0,190.0,0.0,5000.0,100.0,5000.0,6500.0,190.0,0.0,0.0,6500.0,0.0
1965-03-25,801.27,187.0,190.0,Rule Curve,190.0,190.0,0.0,5000.0,100.0,5000.0,6500.0,190.0,0.0,0.0,6500.0,0.0
1965-03-26,801.44,278.0,190.0,Rule Curve,190.0,190.0,0.0,5000.0,100.0,5000.0,6500.0,190.0,0.0,0.0,6500.0,0.0
1965-03-27,801.89,414.0,190.0,Rule Curve,190.0,190.0,0.0,5000.0,100.0,5000.0,6500.0,190.0,0.0,0.0,6500.0,0.0
1965-03-28,802.04,268.0,190.0,Rule Curve,190.0,190.0,0.0,5000.0,100.0,5000.0,6500.0,190.0,0.0,0.0,6500.0,0.0
1965-03-29,802.14,246.0,190.0,Rule Curve,190.0,190.0,0.0,5000.0,100.0,5000.0,6500.0,190.0,0.0,0.0,6500.0,0.0
1965-03-30,802.23,241.0,190.0,Rule Curve,190.0,190.0,0.0,5000.0,100.0,5000.0,6500.0,190.0,0.0,0.0,6500.0,0.0
1965-03-31,802.4,282.0,190.0,Rule Curve,190.0,190.0,0.0,5000.0,100.0,5000.0,6500.0,190.0,0.0,0.0,6500.0,0.0
1965-04-01,803.11,582.0,190.0,Rule Curve,190.0,190.0,0.0,5000.0,100.0,5000.0,6500.0,190.0,0.0,0.0,6500.0,0.0
1965-04-02,803.96,617.0,190.0,Rule Curve,190.0,190.0,0.0,5000.0,100.0,5000.0,6500.0,190.0,0.0,0.0,6500.0,0.0
1965-04-03,804.45,456.0,190.0,Rule Curve,190.0,190.0,0.0,5000.0,100.0,5000.0,6500.0,190.0,0.0,0.0,6500.0,0.0
1965-04-04,804.81,391.0,190.0,Rule Curve,190.0,190.0,0.0,5000.0,100.0,5000.0,6500.0,190.0,0.0,0.0,6500.0,0.0
1965-04-05,805.1,355.0,190.0,Rule Curve,190.0,190.0,0.0,5000.0,100.0,5000.0,6500.0,190.0,0.0,0.0,6500.0,0.0
1965-04-06,805.36,330.0,190.0,Rule Curve,190.0,190.0,0.0,5000.0,100.0,5000.0,6500.0,190.0,0.0,0.0,6500.0,0.0
1965-04-07,805.54,290.0,190.0,Rule Curve,190.0,190.0,0.0,5000.0,100.0,5000.0,6500.0,190.0,0.0,0.0,6500.0,0.0
1965-04-08,805.69,275.0,190.0,Rule Curve,190.0,190.0,0.0,5000.0,100.0,5000.0,6500.0,190.0,0.0,0.0,6500.0,0.0
1965-04-09,805.98,349.0,190.0,Rule Curve,190.0,190.0,0.0,5000.0,100.0,5000.0,6500.0,190.0,0.0,0.0,6500.0,0.0
1965-04-10,806.25,339.0,190.0,Rule Curve,190.0,190.0,0.0,5000.0,100.0,5000.0,6500.0,190.0,0.0,0.0,6500.0,0.0
1965-04-11,806.59,379.0,190.0,Rule Curve,190.0,190.0,0.0,5000.0,100.0,5000.0,6500.0,190.0,0.0,0.0,6500.0,0.0
1965-04-12,806.88,354.0,190.0,Rule Curve,190.0,190.0,0.0,5000.0,100.0,5000.0,6500.0,190.0,0.0,0.0,6500.0,0.0
1965-04-13,807.17,349.0,190.0,Rule Curve,190.0,190.0,0.0,5000.0,100.0,5000.0,6500.0,190.0,0.0,0.0,6500.0,0.0
1965-04-14,807.38,304.0,190.0,Rule Curve,190.0,190.0,0.0,5000.0,100.0,5000.0,6500.0,190.0,0.0,0.0,6500.0,0.0
1965-04-15,807.6,314.0,190.0,Rule Curve,190.0,190.0,0.0,5000.0,100.0,5000.0,6500.0,190.0,0.0,0.0,6500.0,0.0
1965-04-16,807.84,324.0,190.0,Rule Curve,190.0,190.0,0.0,5000.0,100.0,5000.0,6500.0,190.0,0.0,0.0,6500.0,0.0
1965-04-17,808.07,319.0,190.0,Rule Curve,190.0,190.0,0.0,5000.0,100.0,5000.0,6500.0,190.0,0.0,0.0,6500.0,0.0
1965-04-18,808.79,627.0,190.0,Rule Curve,190.0,190.0,0.0,5000.0,100.0,5000.0,6500.0,190.0,0.0,0.0,6500.0,0.0
1965-04-19,813.26,2907.0,190.0,Rule Curve,190.0,405.0,0.0,5000.0,100.0,5000.0,6500.0,190.0,0.0,405.0,6500.0,0.0
1965-04-20,815.72,1801.0,190.0,Rule Curve,190.0,190.0,0.0,5000.0,100.0,5000.0,6500.0,190.0,0.0,103.0,6500.0,0.0
1965-04-21,817.39,1356.0,190.0,Rule Curve,190.0,190.0,0.0,5107.0,100.0,5107.0,6500.0,190.0,0.0,92.0,6500.0,0.0
1965-04-22,818.76,1155.0,190.0,Rule Curve,190.0,190.0,0.0,5358.0,100.0,5358.0,6500.0,190.0,0.0,179.0,6500.0,0.0
1965-04-23,819.81,933.0,190.0,Rule Curve,190.0,190.0,0.0,5563.0,100.0,5563.0,6500.0,190.0,0.0,178.0,6500.0,0.0
1965-04-24,820.64,777.0,190.0,Rule Curve,190.0,190.0,0.0,5721.0,100.0,5721.0,6500.0,190.0,0.0,169.0,6500.0,0.0
1965-04-25,821.31,682.0,190.0,Rule Curve,190.0,190.0,0.0,5846.0,100.0,5846.0,6500.0,190.0,0.0,169.0,6500.0,0.0
1965-04-26,821.83,576.0,190.0,Rule Curve,190.0,190.0,0.0,5947.0,100.0,5947.0,6500.0,190.0,0.0,124.0,6500.0,0.0
1965-04-27,822.26,521.0,190.0,Rule Curve,190.0,190.0,0.0,6024.0,100.0,6024.0,6500.0,190.0,0.0,98.0,6500.0,0.0
1965-04-28,822.67,495.0,190.0,Rule Curve,190.0,190.0,0.0,6089.0,100.0,6089.0,6500.0,190.0,0.0,81.0,6500.0,0.0
1965-04-29,822.97,420.0,190.0,Rule Curve,190.0,190.0,0.0,6150.0,100.0,6150.0,6500.0,190.0,0.0,8.0,6500.0,0.0
1965-04-30,823.2,374.0,190.0,Rule Curve,190.0,190.0,0.0,6196.0,100.0,6196.0,6500.0,190.0,0.0,0.0,6500.0,0.0
1965-05-01,823.44,384.0,190.0,Rule Curve,190.0,190.0,0.0,6230.0,100.0,6230.0,6500.0,190.0,0.0,0.0,6500.0,0.0
1965-05-02,823.67,374.0,190.0,Rule Curve,190.0,190.0,0.0,6266.0,100.0,6266.0,6500.0,190.0,0.0,0.0,6500.0,0.0
1965-05-03,823.82,309.0,190.0,Rule Curve,190.0,190.0,0.0,6300.0,100.0,6300.0,6500.0,190.0,0.0,0.0,6500.0,0.0
1965-05-04,824.03,359.0,190.0,Rule Curve,190.0,190.0,0.0,6322.0,100.0,6322.0,6500.0,190.0,0.0,0.0,6500.0,0.0
1965-05-05,824.41,502.0,190.0,Rule Curve,190.0,190.0,0.0,6354.0,100.0,6354.0,6500.0,190.0,0.0,0.0,6500.0,0.0
1965-05-06,824.83,524.0,190.0,Rule Curve,190.0,190.0,0.0,6412.0,100.0,6412.0,6500.0,190.0,0.0,0.0,6500.0,0.0
1965-05-07,825.31,579.0,190.0,Rule Curve,190.0,190.0,0.0,6474.0,100.0,6474.0,6500.0,190.0,0.0,0.0,6500.0,0.0
1965-05-08,825.92,685.0,190.0,Rule Curve,190.0,190.0,0.0,6500.0,100.0,6500.0,6500.0,190.0,0.0,67.0,6500.0,0.0
1965-05-09,826.51,664.0,190.0,Rule Curve,190.0,190.0,0.0,6500.0,100.0,6500.0,6500.0,190.0,0.0,109.0,6500.0,0.0
1965-05-10,827.06,639.0,190.0,Rule Curve,190.0,190.0,0.0,6500.0,100.0,6500.0,6500.0,190.0,0.0,142.0,6500.0,0.0
1965-05-11,827.48,548.0,190.0,Rule Curve,190.0,190.0,0.0,6500.0,100.0,6500.0,6500.0,190.0,0.0,97.0,6500.0,0.0
1965-05-12,827.84,502.0,190.0,Rule Curve,190.0,190.0,0.0,6500.0,100.0,6500.0,6500.0,190.0,0.0,71.0,6500.0,0.0
1965-05-13,828.09,402.0,190.0,Rule Curve,190.0,190.0,0.0,6500.0,100.0,6500.0,6500.0,190.0,0.0,0.0,6500.0,0.0
1965-05-14,828.3,366.0,190.0,Rule Curve,190.0,190.0,0.0,6500.0,100.0,6500.0,6500.0,190.0,0.0,0.0,6500.0,0.0
1965-05-15,828.45,321.0,190.0,Rule Curve,190.0,190.0,0.0,6500.0,100.0,6500.0,6500.0,190.0,0.0,0.0,6500.0,0.0
1965-05-16,828.68,386.0,190.0,Rule Curve,190.0,190.0,0.0,6500.0,100.0,6500.0,6500.0,190.0,0.0,0.0,6500.0,0.0
1965-05-17,828.86,346.0,190.0,Rule Curve,190.0,190.0,0.0,6500.0,100.0,6500.0,6500.0,190.0,0.0,0.0,6500.0,0.0
1965-05-18,828.97,281.0,190.0,Rule Curve,190.0,190.0,0.0,6500.0,100.0,6500.0,6500.0,190.0,0.0,0.0,6500.0,0.0
1965-05-19,829.16,366.0,190.0,Rule Curve,190.0,190.0,0.0,6500.0,100.0,6500.0,6500.0,190.0,0.0,0.0,6500.0,0.0
1965-05-20,829.43,432.0,190.0,Rule Curve,190.0,190.0,0.0,6500.0,100.0,6500.0,6500.0,190.0,0.0,0.0,6500.0,0.0
1965-05-21,829.62,366.0,190.0,Rule Curve,190.0,190.0,0.0,6500.0,100.0,6500.0,6500.0,190.0,0.0,0.0,6500.0,0.0
1965-05-22,829.87,412.0,190.0,Rule Curve,190.0,190.0,0.0,6500.0,100.0,6500.0,6500.0,190.0,0.0,0.0,6500.0,0.0
1965-05-23,830.16,457.0,190.0,Rule Curve,190.0,190.0,0.0,6500.0,100.0,6500.0,6500.0,190.0,0.0,0.0,6500.0,0.0
1965-05-24,830.42,422.0,190.0,Rule Curve,190.0,190.0,0.0,6500.0,100.0,6500.0,6500.0,190.0,0.0,0.0,6500.0,0.0
1965-05-25,830.62,376.0,190.0,Rule Curve,190.0,190.0,0.0,6500.0,100.0,6500.0,6500.0,190.0,0.0,0.0,6500.0,0.0
1965-05-26,830.79,341.0,190.0,Rule Curve,190.0,190.0,0.0,6500.0,100.0,6500.0,6500.0,190.0,0.0,0.0,6500.0,0.0
1965-05-27,830.91,301.0,190.0,Rule Curve,190.0,190.0,0.0,6500.0,100.0,6500.0,6500.0,190.0,0.0,0.0,6500.0,0.0
1965-05-28,831.01,281.0,190.0,Rule Curve,190.0,190.0,0.0,6500.0,100.0,6500.0,6500.0,190.0,0.0,0.0,6500.0,0.0
1965-05-29,831.1,271.0,190.0,Rule Curve,190.0,190.0,0.0,6500.0,100.0,6500.0,6500.0,190.0,0.0,0.0,6500.0,
1965-05-30,831.15,230.0,190.0,Rule Curve,190.0,190.0,0.0,6500.0,100.0,6500.0,6500.0,190.0,0.0,0.0,6500.0,
1965-05-31,831.17,210.0,190.0,Rule Curve,190.0,190.0,0.0,6500.0,100.0,6500.0,6500.0,190.0,0.0,0.0,6500.0,
