Date,Elevation,Inflow,Outflow,Zone,Min limit,Max limit,No Draft,Con Max,Secondary Flood Draft Limit,Flood Min,Waterloo Flood Max,Jefferson Flood Stage Simplified Max,Deep Drawdown,Combined Min Trib,MainstemFlowAug,FIRO_SPACE,Max Evacuation Release,BiOp Max Flow Winter GPR FOS,Draft to RC
1963-01-02,922.0,919.0,919.0,Rule Curve,919.0,4760.0,1000000.0,10000.0,4760.0,50.0,14744.0,13000.0,0.0,565.0,0.0,919.0,2300.0,999999.0,919.0
1963-01-03,922.0,2311.0,2311.0,Rule Curve,2311.0,4760.0,1000000.0,10000.0,4760.0,50.0,14777.0,13000.0,0.0,117.0,0.0,2311.0,2300.0,999999.0,1767.0
1963-01-04,922.0,1659.0,1659.0,Rule Curve,1659.0,4760.0,1000000.0,10000.0,4760.0,50.0,14762.0,13000.0,0.0,302.0,0.0,1659.0,2300.0,999999.0,1367.0
1963-01-05,922.0,1304.0,1304.0,Rule Curve,1304.0,4760.0,1000000.0,10000.0,4760.0,50.0,14753.0,13000.0,0.0,425.0,0.0,1304.0,2300.0,999999.0,1146.0
1963-01-06,922.0,1112.0,1112.0,Rule Curve,1112.0,4760.0,1000000.0,10000.0,4760.0,50.0,14749.0,13000.0,0.0,509.0,0.0,1112.0,2300.0,999999.0,1008.0
1963-01-07,922.0,997.0,997.0,Rule Curve,997.0,4760.0,1000000.0,10000.0,4760.0,50.0,14746.0,13000.0,0.0,559.0,0.0,997.0,2300.0,999999.0,919.0
1963-01-08,922.0,888.0,888.0,Rule Curve,888.0,4760.0,1000000.0,10000.0,4760.0,50.0,14743.0,13000.0,0.0,596.0,0.0,888.0,2300.0,999999.0,847.0
1963-01-09,922.0,846.0,846.0,Rule Curve,846.0,4760.0,1000000.0,10000.0,4760.0,50.0,14742.0,13000.0,0.0,602.0,0.0,846.0,2300.0,999999.0,768.0
1963-01-10,922.0,782.0,782.0,Rule Curve,782.0,4760.0,1000000.0,10000.0,4760.0,50.0,14741.0,13000.0,0.0,639.0,0.0,782.0,2300.0,999999.0,692.0
1963-01-11,921.97,651.0,682.0,Rule Curve,682.0,4760.0,1000000.0,10000.0,4760.0,50.0,14737.0,13000.0,0.0,682.0,0.0,651.0,2300.0,999999.0,651.0
1963-01-12,921.89,618.0,706.0,Rule Curve,706.0,4760.0,1000000.0,10000.0,4760.0,50.0,14735.0,13000.0,0.0,706.0,0.0,607.0,2300.0,999999.0,587.0
1963-01-13,921.87,677.0,694.0,Rule Curve,694.0,694.0,1000000.0,10000.0,4760.0,50.0,14732.0,13000.0,0.0,694.0,0.0,637.0,2300.0,999999.0,558.0
1963-01-14,921.82,656.0,706.0,Rule Curve,706.0,706.0,1000000.0,10000.0,4760.0,50.0,14730.0,13000.0,0.0,706.0,0.0,611.0,2300.0,999999.0,520.0
1963-01-15,921.72,618.0,730.0,Rule Curve,730.0,730.0,1000000.0,10000.0,4760.0,50.0,14727.0,13000.0,0.0,730.0,0.0,556.0,2300.0,999999.0,431.0
1963-01-16,921.57,585.0,742.0,Rule Curve,742.0,742.0,1000000.0,10000.0,4760.0,50.0,14721.0,13000.0,0.0,742.0,0.0,485.0,2300.0,999999.0,286.0
1963-01-17,921.37,556.0,766.0,Rule Curve,766.0,766.0,1000000.0,10000.0,4760.0,50.0,14712.0,13000.0,0.0,766.0,0.0,404.0,2300.0,999999.0,101.0
1963-01-18,921.16,550.0,778.0,Rule Curve,778.0,778.0,1000000.0,10000.0,4760.0,50.0,14700.0,13000.0,0.0,778.0,0.0,328.0,2300.0,999999.0,0.0
1963-01-19,920.89,507.0,790.0,Rule Curve,790.0,790.0,1000000.0,10000.0,4760.0,50.0,14688.0,13000.0,0.0,790.0,0.0,210.0,2300.0,999999.0,0.0
1963-01-20,920.6,493.0,802.0,Rule Curve,802.0,802.0,1000000.0,10000.0,4760.0,50.0,14677.0,13000.0,0.0,802.0,0.0,101.0,2300.0,999999.0,0.0
1963-01-21,920.28,478.0,813.0,Rule Curve,813.0,813.0,1000000.0,10000.0,4760.0,50.0,14661.0,13000.0,0.0,813.0,0.0,0.0,2300.0,999999.0,0.0
1963-01-22,919.94,462.0,825.0,Rule Curve,825.0,825.0,1000000.0,10000.0,4760.0,50.0,14645.0,13000.0,0.0,825.0,0.0,0.0,2300.0,999999.0,0.0
1963-01-23,919.55,446.0,837.0,Rule Curve,837.0,837.0,1000000.0,10000.0,4760.0,50.0,14627.0,13000.0,0.0,837.0,0.0,0.0,2300.0,999999.0,0.0
1963-01-24,919.15,436.0,840.0,Rule Curve,840.0,840.0,1000000.0,10000.0,4760.0,50.0,14607.0,13000.0,0.0,840.0,0.0,0.0,2300.0,999999.0,0.0
1963-01-25,918.74,424.0,840.0,Rule Curve,840.0,840.0,1000000.0,10000.0,4760.0,50.0,14586.0,13000.0,0.0,840.0,0.0,0.0,2300.0,999999.0,0.0
1963-01-26,918.3,410.0,848.0,Rule Curve,848.0,848.0,1000000.0,10000.0,4760.0,50.0,14563.0,13000.0,0.0,848.0,0.0,0.0,2300.0,999999.0,0.0
1963-01-27,917.85,397.0,855.0,Rule Curve,855.0,855.0,1000000.0,10000.0,4760.0,50.0,14541.0,13000.0,0.0,855.0,0.0,0.0,2300.0,999999.0,0.0
1963-01-28,917.39,395.0,855.0,Rule Curve,855.0,855.0,1000000.0,10000.0,4760.0,50.0,14518.0,13000.0,0.0,855.0,0.0,0.0,2300.0,999999.0,0.0
1963-01-29,916.94,399.0,855.0,Rule Curve,855.0,855.0,1000000.0,10000.0,4760.0,50.0,14495.0,13000.0,0.0,855.0,0.0,0.0,2300.0,999999.0,0.0
1963-01-30,916.48,391.0,855.0,Rule Curve,855.0,855.0,1000000.0,10000.0,4760.0,50.0,14472.0,13000.0,0.0,855.0,0.0,0.0,2300.0,999999.0,0.0
1963-01-31,916.96,839.0,350.0,Rule Curve,350.0,350.0,1000000.0,10000.0,4760.0,50.0,14333.0,13000.0,0.0,350.0,0.0,0.0,2300.0,999999.0,0.0
1963-02-01,922.9,6138.0,50.0,Rule Curve,50.0,4411.0,1000000.0,10000.0,7332.0,50.0,12936.0,11745.0,0.0,0.0,0.0,4411.0,2300.0,999999.0,0.0
1963-02-02,926.08,9417.0,6006.0,Rule Curve,50.0,8996.0,1000000.0,10000.0,10612.0,50.0,9084.0,11773.0,0.0,0.0,0.0,8996.0,2483.0,999999.0,6006.0
1963-02-03,930.1,12755.0,8347.0,Rule Curve,8347.0,8347.0,1000000.0,10000.0,13950.0,50.0,8347.0,11263.0,0.0,0.0,0.0,12748.0,3131.0,999999.0,5666.0
1963-02-04,934.09,7845.0,3361.0,Top of Dam,3361.0,3361.0,1000000.0,10000.0,9039.0,50.0,11493.0,13000.0,0.0,0.0,0.0,8582.0,3948.0,999999.0,3361.0
1963-02-05,936.31,5006.0,2425.0,Top of Dam,2425.0,2425.0,1000000.0,10000.0,6201.0,50.0,15322.0,13000.0,0.0,0.0,0.0,6536.0,4761.0,999999.0,2425.0
1963-02-06,937.92,3548.0,1635.0,Top of Dam,1635.0,1635.0,1000000.0,10000.0,4760.0,50.0,15378.0,13000.0,0.0,0.0,0.0,5236.0,5214.0,999999.0,1635.0
1963-02-07,939.44,2762.0,978.0,Top of Dam,978.0,978.0,1000000.0,10000.0,4760.0,50.0,15424.0,13000.0,0.0,0.0,0.0,4368.0,5542.0,999999.0,978.0
1963-02-08,940.88,2206.0,459.0,Top of Dam,459.0,459.0,1000000.0,10000.0,4760.0,50.0,15469.0,13000.0,0.0,0.0,0.0,3714.0,5850.0,999999.0,459.0
1963-02-09,942.36,1832.0,50.0,Top of Dam,50.0,50.0,1000000.0,10000.0,4760.0,50.0,15516.0,13000.0,0.0,0.0,0.0,3220.0,6144.0,999999.0,42.0
1963-02-10,943.61,1573.0,50.0,Top of Dam,50.0,50.0,1000000.0,10000.0,4760.0,50.0,15565.0,13000.0,0.0,6.0,0.0,2846.0,6444.0,999999.0,0.0
1963-02-11,944.59,1362.0,156.0,Top of Dam,156.0,156.0,1000000.0,10000.0,4760.0,50.0,15610.0,13000.0,0.0,156.0,0.0,2416.0,6700.0,999999.0,0.0
1963-02-12,943.97,1208.0,1979.0,Rule Curve,1979.0,4760.0,1000000.0,10000.0,4760.0,50.0,15644.0,13000.0,0.0,252.0,0.0,1979.0,6898.0,999999.0,0.0
1963-02-13,944.64,1132.0,288.0,Rule Curve,288.0,953.0,1000000.0,10000.0,4760.0,50.0,15620.0,13000.0,0.0,288.0,0.0,953.0,6773.0,999999.0,0.0
1963-02-14,945.19,1036.0,348.0,Rule Curve,348.0,424.0,1000000.0,10000.0,4760.0,50.0,15644.0,13000.0,0.0,348.0,0.0,424.0,6910.0,999999.0,0.0
1963-02-15,945.63,954.0,396.0,Rule Curve,396.0,396.0,1000000.0,10000.0,4760.0,50.0,15664.0,13000.0,0.0,396.0,0.0,0.0,7021.0,999999.0,0.0
1963-02-16,946.01,903.0,422.0,Rule Curve,422.0,422.0,1000000.0,10000.0,4760.0,50.0,15680.0,13000.0,0.0,422.0,0.0,0.0,7111.0,999999.0,0.0
1963-02-17,946.34,859.0,450.0,Rule Curve,450.0,450.0,1000000.0,10000.0,4760.0,50.0,15605.0,13000.0,0.0,450.0,0.0,0.0,7189.0,999999.0,0.0
1963-02-18,949.79,4440.0,50.0,Rule Curve,50.0,1723.0,1000000.0,10000.0,5635.0,50.0,14403.0,13000.0,0.0,0.0,0.0,1723.0,7255.0,999999.0,0.0
1963-02-19,954.23,5869.0,50.0,Rule Curve,50.0,3899.0,1000000.0,10000.0,7064.0,50.0,11807.0,13000.0,0.0,0.0,0.0,3899.0,7958.0,999999.0,0.0
1963-02-20,957.53,4507.0,50.0,Rule Curve,50.0,3763.0,1000000.0,10000.0,,50.0,14926.0,13000.0,0.0,0.0,0.0,3763.0,8885.0,999999.0,0.0
1963-02-21,957.52,3232.0,3247.0,Rule Curve,3247.0,10000.0,1000000.0,10000.0,,50.0,15198.0,13000.0,0.0,0.0,0.0,3247.0,9576.0,999999.0,0.0
1963-02-22,959.32,2493.0,50.0,Rule Curve,50.0,1823.0,1000000.0,10000.0,,50.0,15796.0,13000.0,0.0,0.0,0.0,1823.0,9574.0,999999.0,0.0
1963-02-23,960.75,2043.0,50.0,Rule Curve,50.0,1498.0,1000000.0,10000.0,,50.0,16237.0,13000.0,0.0,0.0,0.0,1498.0,9949.0,999999.0,0.0
1963-02-24,961.94,1726.0,50.0,Rule Curve,50.0,1140.0,1000000.0,10000.0,,50.0,16288.0,13000.0,0.0,0.0,0.0,1140.0,10250.0,999999.0,0.0
1963-02-25,963.01,1554.0,50.0,Rule Curve,50.0,820.0,1000000.0,10000.0,,50.0,16333.0,13000.0,0.0,0.0,0.0,820.0,10498.0,999999.0,0.0
1963-02-26,964.49,2139.0,50.0,Rule Curve,50.0,1200.0,1000000.0,10000.0,,50.0,16384.0,13000.0,0.0,0.0,0.0,1200.0,10720.0,999999.0,0.0
1963-02-27,965.87,2043.0,50.0,Rule Curve,50.0,1078.0,1000000.0,10000.0,,50.0,16440.0,13000.0,0.0,0.0,0.0,1078.0,10805.0,999999.0,0.0
1963-02-28,967.09,1784.0,50.0,Rule Curve,50.0,760.0,1000000.0,10000.0,,50.0,16490.0,13000.0,0.0,0.0,0.0,760.0,10883.0,999999.0,0.0
1963-03-01,968.32,1851.0,50.0,Rule Curve,50.0,717.0,1000000.0,10000.0,,50.0,16538.0,13000.0,0.0,0.0,0.0,717.0,10951.0,999999.0,0.0
1963-03-02,969.51,1812.0,50.0,Rule Curve,50.0,927.0,1000000.0,10000.0,,50.0,16585.0,13000.0,0.0,0.0,0.0,927.0,11019.0,999999.0,0.0
1963-03-03,970.6,1669.0,50.0,Rule Curve,50.0,1078.0,1000000.0,10000.0,,50.0,16630.0,13000.0,0.0,0.0,0.0,1078.0,11085.0,999999.0,0.0
1963-03-04,971.57,1506.0,50.0,Rule Curve,50.0,1157.0,1000000.0,10000.0,,50.0,16698.0,13000.0,0.0,0.0,0.0,1157.0,11146.0,999999.0,0.0
1963-03-05,972.45,1371.0,50.0,Rule Curve,50.0,1156.0,1000000.0,10000.0,,50.0,16802.0,13000.0,0.0,31.0,0.0,1156.0,11201.0,999999.0,0.0
1963-03-06,973.18,1256.0,150.0,Rule Curve,150.0,1178.0,1000000.0,10000.0,,50.0,16940.0,13000.0,0.0,150.0,0.0,1178.0,11249.0,999999.0,0.0
1963-03-07,973.18,1160.0,1149.0,Rule Curve,1149.0,10000.0,1000000.0,10000.0,,50.0,17072.0,13000.0,0.0,200.0,0.0,1149.0,11290.0,999999.0,0.0
1963-03-08,973.73,1093.0,263.0,Rule Curve,263.0,733.0,1000000.0,10000.0,,50.0,17072.0,13000.0,0.0,263.0,0.0,733.0,11290.0,999999.0,0.0
1963-03-09,974.2,1016.0,317.0,Rule Curve,317.0,630.0,1000000.0,10000.0,,50.0,17205.0,13000.0,0.0,317.0,0.0,630.0,11321.0,999999.0,0.0
1963-03-10,974.58,946.0,358.0,Rule Curve,358.0,490.0,1000000.0,10000.0,,50.0,17320.0,13000.0,0.0,358.0,0.0,490.0,11347.0,999999.0,0.0
1963-03-11,975.0,946.0,311.0,Rule Curve,311.0,383.0,1000000.0,10000.0,,50.0,17444.0,13000.0,0.0,311.0,0.0,383.0,11368.0,999999.0,0.0
1963-03-12,975.41,930.0,317.0,Rule Curve,317.0,317.0,1000000.0,10000.0,,50.0,17572.0,13000.0,0.0,317.0,0.0,226.0,11392.0,999999.0,0.0
1963-03-13,975.74,859.0,353.0,Rule Curve,353.0,353.0,1000000.0,10000.0,,50.0,17719.0,13000.0,0.0,353.0,0.0,57.0,11414.0,999999.0,0.0
1963-03-14,976.08,863.0,353.0,Rule Curve,353.0,353.0,1000000.0,10000.0,,50.0,17844.0,13000.0,0.0,353.0,0.0,0.0,11433.0,999999.0,0.0
1963-03-15,976.39,850.0,376.0,Rule Curve,376.0,376.0,1000000.0,10000.0,,50.0,17969.0,13000.0,0.0,376.0,0.0,0.0,11452.0,999999.0,0.0
1963-03-16,976.27,866.0,1054.0,Rule Curve,1054.0,1054.0,1000000.0,10000.0,,50.0,18043.0,13000.0,0.0,1054.0,0.0,0.0,11469.0,999999.0,0.0
1963-03-17,976.12,839.0,1070.0,Rule Curve,1070.0,1070.0,1000000.0,10000.0,,50.0,17891.0,13000.0,0.0,1070.0,0.0,0.0,11462.0,999999.0,0.0
1963-03-18,975.91,785.0,1093.0,Rule Curve,1093.0,1093.0,1000000.0,10000.0,,50.0,17981.0,13000.0,0.0,1093.0,0.0,0.0,11454.0,999999.0,0.0
1963-03-19,975.77,853.0,1064.0,Rule Curve,1064.0,1064.0,1000000.0,10000.0,,50.0,17907.0,13000.0,0.0,1064.0,0.0,0.0,11442.0,999999.0,0.0
1963-03-20,975.78,997.0,995.0,Rule Curve,995.0,995.0,1000000.0,10000.0,,50.0,17862.0,13000.0,0.0,995.0,0.0,0.0,11435.0,999999.0,0.0
1963-03-21,975.89,1112.0,941.0,Rule Curve,941.0,941.0,1000000.0,10000.0,,50.0,17870.0,13000.0,0.0,941.0,0.0,0.0,11435.0,999999.0,0.0
1963-03-22,976.07,1180.0,904.0,Rule Curve,904.0,904.0,1000000.0,10000.0,,50.0,17918.0,13000.0,0.0,904.0,0.0,0.0,11441.0,999999.0,0.0
1963-03-23,976.33,1247.0,855.0,Rule Curve,855.0,855.0,1000000.0,10000.0,,50.0,17956.0,13000.0,0.0,855.0,0.0,0.0,11451.0,999999.0,0.0
1963-03-24,976.63,1333.0,874.0,Rule Curve,874.0,874.0,1000000.0,10000.0,,50.0,17850.0,13000.0,0.0,874.0,0.0,0.0,11466.0,999999.0,0.0
1963-03-25,976.88,1285.0,914.0,Rule Curve,914.0,914.0,1000000.0,10000.0,,50.0,17971.0,13000.0,0.0,914.0,0.0,0.0,11483.0,999999.0,0.0
1963-03-26,977.02,1160.0,953.0,Rule Curve,953.0,953.0,1000000.0,10000.0,,50.0,17990.0,13000.0,0.0,953.0,0.0,0.0,11496.0,999999.0,0.0
1963-03-27,977.3,1266.0,823.0,Rule Curve,823.0,823.0,1000000.0,10000.0,,50.0,17900.0,13000.0,0.0,823.0,0.0,0.0,11504.0,999999.0,0.0
1963-03-28,977.89,1554.0,629.0,Rule Curve,629.0,629.0,1000000.0,10000.0,,50.0,17277.0,13000.0,0.0,629.0,0.0,0.0,11520.0,999999.0,0.0
1963-03-29,979.9,3146.0,50.0,Rule Curve,50.0,50.0,1000000.0,10000.0,,50.0,14791.0,12405.0,0.0,0.0,0.0,0.0,11552.0,999999.0,0.0
1963-03-30,983.42,5601.0,50.0,Rule Curve,50.0,1728.0,1000000.0,10000.0,,50.0,11656.0,12762.0,0.0,0.0,0.0,1728.0,11664.0,999999.0,0.0
1963-03-31,985.75,3778.0,50.0,Rule Curve,50.0,1434.0,1000000.0,10000.0,,50.0,14155.0,13000.0,0.0,0.0,0.0,1434.0,11861.0,999999.0,0.0
1963-04-01,987.41,2720.0,50.0,Rule Curve,50.0,1295.0,1000000.0,4000.0,,50.0,16313.0,13000.0,0.0,0.0,0.0,1295.0,11990.0,999999.0,0.0
1963-04-02,988.6,2130.0,207.0,Rule Curve,207.0,1273.0,1000000.0,4000.0,,50.0,16705.0,13000.0,0.0,207.0,0.0,1273.0,12081.0,999999.0,0.0
1963-04-03,989.79,2140.0,171.0,Rule Curve,171.0,1591.0,1000000.0,4000.0,,50.0,16642.0,13000.0,0.0,171.0,0.0,1591.0,12145.0,999999.0,0.0
1963-04-04,990.73,4120.0,2599.0,Rule Curve,50.0,3898.0,1000000.0,4000.0,,50.0,14514.0,13000.0,0.0,0.0,0.0,3898.0,12211.0,999999.0,2599.0
1963-04-05,991.29,5350.0,4432.0,Rule Curve,4432.0,4432.0,1000000.0,4000.0,,50.0,13174.0,13000.0,0.0,0.0,0.0,5312.0,12263.0,999999.0,4432.0
1963-04-06,993.11,7040.0,4012.0,Rule Curve,4012.0,4012.0,1000000.0,4000.0,,50.0,13225.0,13000.0,0.0,0.0,0.0,7034.0,12294.0,999999.0,4012.0
1963-04-07,994.08,5000.0,3391.0,Top of Dam,3391.0,3391.0,1000000.0,4000.0,,50.0,15926.0,13000.0,0.0,0.0,0.0,5671.0,12395.0,999999.0,3391.0
1963-04-08,994.59,3680.0,2829.0,Top of Dam,2829.0,2829.0,1000000.0,4000.0,,50.0,17782.0,13000.0,0.0,0.0,0.0,4555.0,12449.0,999999.0,2829.0
1963-04-09,995.04,3080.0,2335.0,Top of Dam,2335.0,2335.0,1000000.0,4000.0,,50.0,18378.0,13000.0,0.0,0.0,0.0,3961.0,12477.0,999999.0,2335.0
1963-04-10,995.43,2620.0,1945.0,Top of Dam,1945.0,1945.0,1000000.0,4000.0,,50.0,19120.0,13000.0,0.0,0.0,0.0,3417.0,12502.0,999999.0,1945.0
1963-04-11,995.79,2290.0,1669.0,Top of Dam,1669.0,1669.0,1000000.0,4000.0,,50.0,19617.0,13000.0,0.0,171.0,0.0,2979.0,12524.0,999999.0,1669.0
1963-04-12,996.07,2090.0,1623.0,Top of Dam,1623.0,1623.0,1000000.0,4000.0,,50.0,19816.0,13000.0,0.0,302.0,0.0,2653.0,12544.0,999999.0,1623.0
1963-04-13,996.2,2030.0,1814.0,Top of Dam,1814.0,1814.0,1000000.0,4000.0,,50.0,19841.0,13000.0,0.0,344.0,0.0,2466.0,12559.0,999999.0,1814.0
1963-04-14,996.1,2430.0,2596.0,Rule Curve,2596.0,4000.0,1000000.0,4000.0,,50.0,19296.0,13000.0,0.0,51.0,0.0,2596.0,12566.0,999999.0,1781.0
1963-04-15,996.81,3110.0,1922.0,Rule Curve,50.0,2941.0,1000000.0,4000.0,,50.0,18658.0,13000.0,0.0,0.0,0.0,2941.0,12561.0,999999.0,1381.0
1963-04-16,997.35,2660.0,1744.0,Rule Curve,50.0,2555.0,1000000.0,4000.0,,50.0,19402.0,13000.0,0.0,0.0,0.0,2555.0,12601.0,999999.0,1195.0
1963-04-17,997.9,2320.0,1377.0,Rule Curve,50.0,2177.0,1000000.0,4000.0,,50.0,19882.0,13000.0,0.0,0.0,0.0,2177.0,12631.0,999999.0,1122.0
1963-04-18,998.44,2290.0,1364.0,Rule Curve,50.0,2176.0,1000000.0,4000.0,,50.0,20213.0,13000.0,0.0,40.0,0.0,2176.0,12661.0,999999.0,1078.0
1963-04-19,998.98,2450.0,1524.0,Rule Curve,50.0,2301.0,1000000.0,4000.0,,50.0,20440.0,13000.0,0.0,40.0,0.0,2301.0,12691.0,999999.0,940.0
1963-04-20,999.52,2170.0,1244.0,Rule Curve,231.0,2044.0,1000000.0,4000.0,,50.0,20981.0,13000.0,0.0,231.0,0.0,2044.0,12721.0,999999.0,677.0
1963-04-21,1000.06,1860.0,934.0,Rule Curve,447.0,1700.0,1000000.0,4000.0,,50.0,21727.0,13000.0,0.0,447.0,0.0,1700.0,12751.0,999999.0,499.0
1963-04-22,1000.59,1660.0,751.0,Rule Curve,602.0,1523.0,1000000.0,4000.0,,50.0,22210.0,13000.0,0.0,602.0,0.0,1523.0,12781.0,999999.0,441.0
1963-04-23,1001.13,1620.0,694.0,Rule Curve,622.0,1443.0,1000000.0,4000.0,,50.0,22536.0,13000.0,0.0,622.0,0.0,1443.0,12811.0,999999.0,403.0
1963-04-24,1001.66,1680.0,772.0,Rule Curve,560.0,1526.0,1000000.0,4000.0,,50.0,22639.0,13000.0,0.0,560.0,0.0,1526.0,12841.0,999999.0,403.0
1963-04-25,1002.19,1570.0,652.0,Rule Curve,622.0,1376.0,1000000.0,4000.0,,50.0,22920.0,13000.0,0.0,622.0,0.0,1376.0,12870.0,999999.0,371.0
1963-04-26,1002.72,1650.0,715.0,Rule Curve,585.0,1468.0,1000000.0,4000.0,,50.0,23194.0,13000.0,0.0,585.0,0.0,1468.0,12899.0,999999.0,352.0
1963-04-27,1003.26,1610.0,657.0,Rule Curve,606.0,1386.0,1000000.0,4000.0,,50.0,23406.0,13000.0,0.0,606.0,0.0,1386.0,12929.0,999999.0,419.0
1963-04-28,1003.75,1530.0,660.0,Rule Curve,660.0,1330.0,1000000.0,4000.0,,50.0,23751.0,13000.0,0.0,660.0,0.0,1330.0,12959.0,999999.0,557.0
1963-04-29,1004.32,1850.0,849.0,Rule Curve,434.0,1587.0,1000000.0,4000.0,,50.0,23756.0,13000.0,0.0,434.0,0.0,1587.0,12986.0,999999.0,825.0
1963-04-30,1004.85,1990.0,1055.0,Rule Curve,344.0,1766.0,1000000.0,4000.0,,50.0,23749.0,13000.0,0.0,344.0,0.0,1766.0,13000.0,999999.0,1055.0
1963-05-01,1005.37,2380.0,1462.0,Rule Curve,287.0,2174.0,1000000.0,4000.0,,50.0,23538.0,13000.0,0.0,287.0,0.0,2174.0,13000.0,999999.0,1462.0
1963-05-02,1005.89,3910.0,2992.0,Rule Curve,50.0,3657.0,1000000.0,4000.0,,50.0,22268.0,13000.0,0.0,0.0,0.0,3657.0,13000.0,999999.0,2229.0
1963-05-03,1006.4,3590.0,2690.0,Rule Curve,50.0,3349.0,1000000.0,4000.0,,50.0,21986.0,13000.0,0.0,0.0,0.0,3349.0,13000.0,999999.0,2267.0
1963-05-04,1006.91,2820.0,1920.0,Rule Curve,50.0,2585.0,1000000.0,4000.0,,50.0,23084.0,13000.0,0.0,0.0,0.0,2585.0,13000.0,999999.0,1920.0
1963-05-05,1007.43,4030.0,3091.0,Rule Curve,50.0,3735.0,1000000.0,4000.0,,50.0,21140.0,13000.0,0.0,0.0,0.0,3735.0,13000.0,999999.0,3091.0
1963-05-06,1008.98,8700.0,5932.0,Rule Curve,50.0,5932.0,1000000.0,4000.0,,50.0,15944.0,9480.0,0.0,0.0,0.0,8416.0,13000.0,999999.0,5932.0
1963-05-07,1010.57,7760.0,4886.0,Top of Dam,4886.0,4886.0,1000000.0,4000.0,,50.0,16128.0,13000.0,0.0,0.0,0.0,8102.0,13000.0,999999.0,4886.0
1963-05-08,1010.98,5000.0,4251.0,Top of Dam,4251.0,4251.0,1000000.0,4000.0,,50.0,20703.0,13000.0,0.0,0.0,0.0,5947.0,13000.0,999999.0,4251.0
1963-05-09,1010.96,3720.0,3747.0,Top of Dam,3747.0,3747.0,1000000.0,4000.0,,50.0,22214.0,13000.0,0.0,0.0,0.0,4615.0,13000.0,999999.0,3747.0
1963-05-10,1010.78,2980.0,3308.0,Top of Dam,3308.0,3308.0,1000000.0,4000.0,,50.0,23001.0,13000.0,0.0,0.0,0.0,3563.0,13000.0,999999.0,3308.0
1963-05-11,1010.68,2740.0,2919.0,Top of Dam,2919.0,2919.0,1000000.0,4000.0,,50.0,23170.0,13000.0,0.0,0.0,0.0,3214.0,13000.0,999999.0,2919.0
1963-05-12,1010.59,2430.0,2593.0,Top of Dam,2593.0,2593.0,1000000.0,4000.0,,50.0,23323.0,13000.0,0.0,0.0,0.0,2844.0,13000.0,999999.0,2593.0
1963-05-13,1010.47,2140.0,2362.0,Top of Dam,2362.0,2362.0,1000000.0,4000.0,,50.0,23782.0,13000.0,0.0,124.0,0.0,2500.0,13000.0,999999.0,2362.0
1963-05-14,1010.35,1940.0,2158.0,Top of Dam,2158.0,2158.0,1000000.0,4000.0,,50.0,23957.0,13000.0,0.0,267.0,0.0,2226.0,13000.0,999999.0,2158.0
1963-05-15,1010.28,1900.0,2025.0,Top of Dam,2025.0,2025.0,1000000.0,4000.0,,50.0,24189.0,13000.0,0.0,303.0,0.0,2113.0,13000.0,999999.0,2025.0
1963-05-16,1010.16,1750.0,1970.0,Top of Dam,1922.0,1970.0,1000000.0,4000.0,,50.0,24217.0,13000.0,0.0,0.0,0.0,1922.0,13000.0,999999.0,1970.0
1963-05-17,1010.08,1760.0,1913.0,Top of Dam,1858.0,1913.0,1000000.0,4000.0,,50.0,24349.0,13000.0,0.0,0.0,0.0,1858.0,13000.0,999999.0,1913.0
1963-05-18,1010.1,1860.0,1829.0,Top of Dam,1829.0,1829.0,1000000.0,4000.0,,50.0,24229.0,13000.0,0.0,0.0,0.0,1907.0,13000.0,999999.0,1829.0
1963-05-19,1010.14,1800.0,1723.0,Top of Dam,1723.0,1723.0,1000000.0,4000.0,,50.0,24303.0,13000.0,0.0,0.0,0.0,1858.0,13000.0,999999.0,1723.0
1963-05-20,1010.17,1660.0,1605.0,Top of Dam,1605.0,1605.0,1000000.0,4000.0,,50.0,24365.0,13000.0,0.0,0.0,0.0,1743.0,13000.0,999999.0,1605.0
1963-05-21,1010.2,1510.0,1457.0,Top of Dam,1457.0,1457.0,1000000.0,4000.0,,50.0,24547.0,13000.0,0.0,0.0,0.0,1612.0,13000.0,999999.0,1457.0
1963-05-22,1010.23,1370.0,1311.0,Top of Dam,1311.0,1311.0,1000000.0,4000.0,,50.0,24679.0,13000.0,0.0,89.0,0.0,1489.0,13000.0,999999.0,1311.0
1963-05-23,1010.22,1160.0,1175.0,Top of Dam,1175.0,1175.0,1000000.0,4000.0,,50.0,24870.0,13000.0,0.0,297.0,0.0,1299.0,13000.0,999999.0,1175.0
1963-05-24,1010.2,1020.0,1059.0,Top of Dam,1059.0,1059.0,1000000.0,4000.0,,50.0,25015.0,13000.0,0.0,438.0,0.0,1154.0,13000.0,999999.0,1059.0
1963-05-25,1010.17,903.0,962.0,Top of Dam,962.0,962.0,1000000.0,4000.0,,50.0,25083.0,13000.0,0.0,536.0,0.0,1024.0,13000.0,999999.0,962.0
1963-05-26,1010.14,828.0,880.0,Top of Dam,880.0,880.0,1000000.0,4000.0,,50.0,25144.0,13000.0,0.0,607.0,0.0,929.0,13000.0,999999.0,880.0
1963-05-27,1010.12,768.0,810.0,Top of Dam,810.0,810.0,1000000.0,4000.0,,50.0,25186.0,13000.0,0.0,666.0,0.0,852.0,13000.0,999999.0,810.0
1963-05-28,1010.09,714.0,753.0,Top of Dam,753.0,753.0,1000000.0,4000.0,,50.0,25222.0,13000.0,0.0,703.0,0.0,784.0,13000.0,999999.0,753.0
1963-05-29,1010.06,671.0,730.0,Top of Dam,730.0,730.0,1000000.0,4000.0,,50.0,25235.0,13000.0,0.0,730.0,0.0,728.0,13000.0,999999.0,702.0
1963-05-30,1009.99,639.0,762.0,Top of Dam,762.0,4000.0,1000000.0,4000.0,,50.0,25252.0,13000.0,0.0,762.0,0.0,676.0,13000.0,999999.0,649.0
1963-05-31,1009.89,601.0,796.0,Rule Curve,796.0,4000.0,1000000.0,4000.0,,50.0,25242.0,13000.0,0.0,796.0,0.0,597.0,13000.0,999999.0,583.0
1963-06-01,1009.7,571.0,902.0,Rule Curve,902.0,902.0,1000000.0,4000.0,,50.0,25269.0,13000.0,0.0,902.0,0.0,502.0,13000.0,999999.0,365.0
1963-06-02,1009.53,564.0,883.0,Rule Curve,883.0,883.0,1000000.0,4000.0,,50.0,25233.0,13000.0,0.0,883.0,0.0,385.0,13000.0,999999.0,26.0
1963-06-03,1009.41,608.0,824.0,Rule Curve,824.0,824.0,1000000.0,4000.0,,50.0,25202.0,13000.0,0.0,824.0,0.0,322.0,13000.0,999999.0,0.0
1963-06-04,1009.22,556.0,893.0,Rule Curve,893.0,893.0,1000000.0,4000.0,,50.0,25189.0,13000.0,0.0,893.0,0.0,198.0,13000.0,999999.0,0.0
1963-06-05,1009.27,654.0,568.0,Rule Curve,568.0,568.0,1000000.0,4000.0,,50.0,25010.0,13000.0,0.0,568.0,0.0,184.0,13000.0,999999.0,0.0
1963-06-06,1009.25,617.0,661.0,Rule Curve,661.0,661.0,1000000.0,4000.0,,50.0,24987.0,13000.0,0.0,661.0,0.0,176.0,13000.0,999999.0,0.0
1963-06-07,1009.13,551.0,771.0,Rule Curve,771.0,771.0,1000000.0,4000.0,,50.0,25078.0,13000.0,0.0,771.0,0.0,95.0,13000.0,999999.0,0.0
1963-06-08,1008.95,516.0,824.0,Rule Curve,824.0,824.0,1000000.0,4000.0,,50.0,25112.0,13000.0,0.0,824.0,0.0,0.0,13000.0,999999.0,0.0
1963-06-09,1008.77,505.0,836.0,Rule Curve,836.0,836.0,1000000.0,4000.0,,50.0,25148.0,13000.0,0.0,836.0,0.0,0.0,13000.0,999999.0,0.0
1963-06-10,1008.58,507.0,840.0,Rule Curve,840.0,840.0,1000000.0,4000.0,,50.0,25143.0,13000.0,0.0,840.0,0.0,0.0,13000.0,999999.0,0.0
1963-06-11,1008.34,474.0,888.0,Rule Curve,888.0,888.0,1000000.0,4000.0,,50.0,25190.0,13000.0,0.0,888.0,0.0,0.0,13000.0,999999.0,0.0
1963-06-12,1008.08,442.0,912.0,Rule Curve,912.0,912.0,1000000.0,4000.0,,50.0,25208.0,13000.0,0.0,912.0,0.0,0.0,13000.0,999999.0,0.0
1963-06-13,1007.79,422.0,936.0,Rule Curve,936.0,936.0,1000000.0,4000.0,,50.0,25252.0,13000.0,0.0,936.0,0.0,0.0,13000.0,999999.0,0.0
1963-06-14,1007.49,402.0,958.0,Rule Curve,958.0,958.0,1000000.0,4000.0,,50.0,25278.0,13000.0,0.0,958.0,0.0,0.0,13000.0,999999.0,0.0
1963-06-15,1007.16,384.0,976.0,Rule Curve,976.0,976.0,1000000.0,4000.0,,50.0,25292.0,13000.0,0.0,976.0,0.0,0.0,13000.0,999999.0,0.0
1963-06-16,1006.81,365.0,993.0,Rule Curve,993.0,993.0,1000000.0,4000.0,,50.0,25327.0,13000.0,0.0,993.0,0.0,0.0,13000.0,999999.0,0.0
1963-06-17,1006.44,350.0,1006.0,Rule Curve,1006.0,1006.0,1000000.0,4000.0,,50.0,25362.0,13000.0,0.0,1006.0,0.0,0.0,13000.0,999999.0,0.0
1963-06-18,1006.05,341.0,1019.0,Rule Curve,1019.0,1019.0,1000000.0,4000.0,,50.0,25381.0,13000.0,0.0,1019.0,0.0,0.0,13000.0,999999.0,0.0
1963-06-19,1005.65,327.0,1030.0,Rule Curve,1030.0,1030.0,1000000.0,4000.0,,50.0,25378.0,13000.0,0.0,1030.0,0.0,0.0,13000.0,999999.0,0.0
1963-06-20,1005.24,303.0,1023.0,Rule Curve,1023.0,1023.0,1000000.0,4000.0,,50.0,25387.0,13000.0,0.0,1023.0,0.0,0.0,13000.0,999999.0,0.0
1963-06-21,1004.98,454.0,917.0,Rule Curve,917.0,917.0,1000000.0,4000.0,,50.0,25298.0,13000.0,0.0,917.0,0.0,0.0,13000.0,999999.0,0.0
1963-06-22,1005.11,840.0,614.0,Rule Curve,614.0,614.0,1000000.0,4000.0,,50.0,25004.0,13000.0,0.0,614.0,0.0,0.0,13000.0,999999.0,0.0
1963-06-23,1005.06,671.0,765.0,Rule Curve,765.0,765.0,1000000.0,4000.0,,50.0,25080.0,13000.0,0.0,765.0,0.0,0.0,13000.0,999999.0,0.0
1963-06-24,1004.93,594.0,824.0,Rule Curve,824.0,824.0,1000000.0,4000.0,,50.0,25127.0,13000.0,0.0,824.0,0.0,0.0,13000.0,999999.0,0.0
1963-06-25,1004.75,551.0,864.0,Rule Curve,864.0,864.0,1000000.0,4000.0,,50.0,25091.0,13000.0,0.0,864.0,0.0,0.0,13000.0,999999.0,0.0
1963-06-26,1004.52,497.0,902.0,Rule Curve,902.0,902.0,1000000.0,4000.0,,50.0,25064.0,13000.0,0.0,902.0,0.0,0.0,13000.0,999999.0,0.0
1963-06-27,1004.25,455.0,931.0,Rule Curve,931.0,931.0,1000000.0,4000.0,,50.0,24982.0,13000.0,0.0,931.0,0.0,0.0,13000.0,999999.0,0.0
1963-06-28,1003.99,465.0,917.0,Rule Curve,917.0,917.0,1000000.0,4000.0,,50.0,24863.0,13000.0,0.0,917.0,0.0,0.0,13000.0,999999.0,0.0
1963-06-29,1003.83,567.0,864.0,Rule Curve,864.0,864.0,1000000.0,4000.0,,50.0,24684.0,13000.0,0.0,864.0,0.0,0.0,13000.0,999999.0,0.0
1963-06-30,1003.78,756.0,836.0,Rule Curve,836.0,836.0,1000000.0,4000.0,,50.0,24649.0,13000.0,0.0,836.0,0.0,0.0,12990.0,999999.0,0.0
1963-07-01,1003.76,646.0,685.0,Rule Curve,685.0,685.0,1000000.0,4000.0,,50.0,24696.0,13000.0,0.0,685.0,0.0,0.0,12988.0,999999.0,0.0
1963-07-02,1003.67,551.0,714.0,Rule Curve,714.0,714.0,1000000.0,4000.0,,50.0,24746.0,13000.0,0.0,714.0,0.0,0.0,12987.0,999999.0,0.0
1963-07-03,1003.52,494.0,743.0,Rule Curve,743.0,743.0,1000000.0,4000.0,,50.0,24690.0,13000.0,0.0,743.0,0.0,0.0,12981.0,999999.0,0.0
1963-07-04,1003.36,461.0,760.0,Rule Curve,760.0,760.0,1000000.0,4000.0,,50.0,24634.0,13000.0,0.0,760.0,0.0,0.0,12974.0,999999.0,0.0
1963-07-05,1003.15,422.0,778.0,Rule Curve,778.0,778.0,1000000.0,4000.0,,50.0,24583.0,13000.0,0.0,778.0,0.0,0.0,12964.0,999999.0,0.0
1963-07-06,1002.96,422.0,760.0,Rule Curve,760.0,760.0,1000000.0,4000.0,,50.0,24503.0,13000.0,0.0,760.0,0.0,0.0,12953.0,999999.0,0.0
1963-07-07,1002.86,497.0,676.0,Rule Curve,676.0,676.0,1000000.0,4000.0,,50.0,24377.0,13000.0,0.0,676.0,0.0,0.0,12942.0,999999.0,0.0
1963-07-08,1002.83,571.0,616.0,Rule Curve,616.0,616.0,1000000.0,4000.0,,50.0,24257.0,13000.0,0.0,616.0,0.0,0.0,12937.0,999999.0,0.0
1963-07-09,1002.75,529.0,676.0,Rule Curve,676.0,676.0,1000000.0,4000.0,,50.0,24252.0,13000.0,0.0,676.0,0.0,0.0,12935.0,999999.0,0.0
1963-07-10,1002.77,594.0,567.0,Rule Curve,567.0,567.0,1000000.0,4000.0,,50.0,24157.0,13000.0,0.0,567.0,0.0,0.0,12931.0,999999.0,0.0
1963-07-11,1002.88,698.0,499.0,Rule Curve,499.0,499.0,1000000.0,4000.0,,50.0,24024.0,13000.0,0.0,499.0,0.0,0.0,12931.0,999999.0,0.0
1963-07-12,1002.88,585.0,583.0,Rule Curve,583.0,583.0,1000000.0,4000.0,,50.0,24156.0,13000.0,0.0,583.0,0.0,0.0,12938.0,999999.0,0.0
1963-07-13,1002.8,516.0,652.0,Rule Curve,652.0,652.0,1000000.0,4000.0,,50.0,24212.0,13000.0,0.0,652.0,0.0,0.0,12938.0,999999.0,0.0
1963-07-14,1002.67,467.0,695.0,Rule Curve,695.0,695.0,1000000.0,4000.0,,50.0,24212.0,13000.0,0.0,695.0,0.0,0.0,12934.0,999999.0,0.0
1963-07-15,1002.51,434.0,724.0,Rule Curve,724.0,724.0,1000000.0,4000.0,,50.0,24182.0,13000.0,0.0,724.0,0.0,0.0,12926.0,999999.0,0.0
1963-07-16,1002.31,404.0,751.0,Rule Curve,751.0,751.0,1000000.0,4000.0,,50.0,24144.0,13000.0,0.0,751.0,0.0,0.0,12917.0,999999.0,0.0
1963-07-17,1002.09,386.0,774.0,Rule Curve,774.0,774.0,1000000.0,4000.0,,50.0,24089.0,13000.0,0.0,774.0,0.0,0.0,12906.0,999999.0,0.0
1963-07-18,1001.85,363.0,792.0,Rule Curve,792.0,792.0,1000000.0,4000.0,,50.0,24005.0,13000.0,0.0,792.0,0.0,0.0,12894.0,999999.0,0.0
1963-07-19,1001.57,345.0,812.0,Rule Curve,812.0,812.0,1000000.0,4000.0,,50.0,23927.0,13000.0,0.0,812.0,0.0,0.0,12880.0,999999.0,0.0
1963-07-20,1001.28,331.0,829.0,Rule Curve,829.0,829.0,1000000.0,4000.0,,50.0,23820.0,13000.0,0.0,829.0,0.0,0.0,12865.0,999999.0,0.0
1963-07-21,1000.98,317.0,844.0,Rule Curve,844.0,844.0,1000000.0,4000.0,,50.0,23699.0,13000.0,0.0,844.0,0.0,0.0,12849.0,999999.0,0.0
1963-07-22,1000.72,363.0,808.0,Rule Curve,808.0,808.0,1000000.0,4000.0,,50.0,23561.0,13000.0,0.0,808.0,0.0,0.0,12832.0,999999.0,0.0
1963-07-23,1000.42,338.0,844.0,Rule Curve,844.0,844.0,1000000.0,4000.0,,50.0,23449.0,13000.0,0.0,844.0,0.0,0.0,12818.0,999999.0,0.0
1963-07-24,1000.15,350.0,817.0,Rule Curve,817.0,817.0,1000000.0,4000.0,,50.0,23349.0,13000.0,0.0,817.0,0.0,0.0,12801.0,999999.0,0.0
1963-07-25,999.84,327.0,851.0,Rule Curve,851.0,851.0,1000000.0,4000.0,,50.0,23209.0,13000.0,0.0,851.0,0.0,0.0,12786.0,999999.0,0.0
1963-07-26,999.51,298.0,870.0,Rule Curve,870.0,870.0,1000000.0,4000.0,,50.0,23113.0,13000.0,0.0,870.0,0.0,0.0,12769.0,999999.0,0.0
1963-07-27,999.16,283.0,881.0,Rule Curve,881.0,881.0,1000000.0,4000.0,,50.0,22968.0,13000.0,0.0,881.0,0.0,0.0,12751.0,999999.0,0.0
1963-07-28,998.8,271.0,894.0,Rule Curve,894.0,894.0,1000000.0,4000.0,,50.0,22836.0,13000.0,0.0,894.0,0.0,0.0,12731.0,999999.0,0.0
1963-07-29,998.42,261.0,901.0,Rule Curve,901.0,901.0,1000000.0,4000.0,,50.0,22678.0,13000.0,0.0,901.0,0.0,0.0,12711.0,999999.0,0.0
1963-07-30,998.04,253.0,907.0,Rule Curve,907.0,907.0,1000000.0,4000.0,,50.0,22525.0,13000.0,0.0,907.0,0.0,0.0,12690.0,999999.0,0.0
1963-07-31,997.65,245.0,911.0,Rule Curve,911.0,911.0,1000000.0,4000.0,,50.0,22360.0,13000.0,0.0,911.0,0.0,0.0,12669.0,999999.0,0.0
1963-08-01,997.28,238.0,880.0,Rule Curve,880.0,880.0,1000000.0,4000.0,,50.0,22191.0,13000.0,0.0,880.0,0.0,0.0,12647.0,999999.0,0.0
1963-08-02,996.89,230.0,889.0,Rule Curve,889.0,889.0,1000000.0,4000.0,,50.0,22037.0,13000.0,0.0,889.0,0.0,0.0,12627.0,999999.0,0.0
1963-08-03,996.49,227.0,893.0,Rule Curve,893.0,893.0,1000000.0,4000.0,,50.0,21865.0,13000.0,0.0,893.0,0.0,0.0,12605.0,999999.0,0.0
1963-08-04,996.09,226.0,898.0,Rule Curve,898.0,898.0,1000000.0,4000.0,,50.0,21694.0,13000.0,0.0,898.0,0.0,0.0,12583.0,999999.0,0.0
1963-08-05,995.69,218.0,901.0,Rule Curve,901.0,901.0,1000000.0,4000.0,,50.0,21520.0,13000.0,0.0,901.0,0.0,0.0,12560.0,999999.0,0.0
1963-08-06,995.28,212.0,909.0,Rule Curve,909.0,909.0,1000000.0,4000.0,,50.0,21349.0,13000.0,0.0,909.0,0.0,0.0,12538.0,999999.0,0.0
1963-08-07,994.86,205.0,917.0,Rule Curve,917.0,917.0,1000000.0,4000.0,,50.0,21176.0,13000.0,0.0,917.0,0.0,0.0,12516.0,999999.0,0.0
1963-08-08,994.43,201.0,921.0,Rule Curve,921.0,921.0,1000000.0,4000.0,,50.0,21000.0,13000.0,0.0,921.0,0.0,0.0,12492.0,999999.0,0.0
1963-08-09,993.99,198.0,925.0,Rule Curve,925.0,925.0,1000000.0,4000.0,,50.0,20811.0,13000.0,0.0,925.0,0.0,0.0,12468.0,999999.0,0.0
1963-08-10,993.55,198.0,927.0,Rule Curve,927.0,927.0,1000000.0,4000.0,,50.0,20619.0,13000.0,0.0,927.0,0.0,0.0,12444.0,999999.0,0.0
1963-08-11,993.11,194.0,933.0,Rule Curve,933.0,933.0,1000000.0,4000.0,,50.0,20431.0,13000.0,0.0,933.0,0.0,0.0,12420.0,999999.0,0.0
1963-08-12,992.66,187.0,936.0,Rule Curve,936.0,936.0,1000000.0,4000.0,,50.0,20240.0,13000.0,0.0,936.0,0.0,0.0,12395.0,999999.0,0.0
1963-08-13,992.2,183.0,940.0,Rule Curve,940.0,940.0,1000000.0,4000.0,,50.0,20043.0,13000.0,0.0,940.0,0.0,0.0,12370.0,999999.0,0.0
1963-08-14,991.74,180.0,944.0,Rule Curve,944.0,944.0,1000000.0,4000.0,,50.0,19836.0,13000.0,0.0,944.0,0.0,0.0,12345.0,999999.0,0.0
1963-08-15,991.28,174.0,946.0,Rule Curve,946.0,946.0,1000000.0,4000.0,,50.0,19637.0,13000.0,0.0,946.0,0.0,0.0,12319.0,999999.0,0.0
1963-08-16,990.81,173.0,951.0,Rule Curve,951.0,951.0,1000000.0,4000.0,,50.0,19435.0,13000.0,0.0,951.0,0.0,0.0,12293.0,999999.0,0.0
1963-08-17,990.32,169.0,954.0,Rule Curve,954.0,954.0,1000000.0,4000.0,,50.0,19229.0,13000.0,0.0,954.0,0.0,0.0,12267.0,999999.0,0.0
1963-08-18,989.83,164.0,960.0,Rule Curve,960.0,960.0,1000000.0,4000.0,,50.0,19030.0,13000.0,0.0,960.0,0.0,0.0,12240.0,999999.0,0.0
1963-08-19,989.35,165.0,960.0,Rule Curve,960.0,960.0,1000000.0,4000.0,,50.0,18922.0,13000.0,0.0,960.0,0.0,0.0,12213.0,999999.0,0.0
1963-08-20,988.87,164.0,960.0,Rule Curve,960.0,960.0,1000000.0,4000.0,,50.0,18923.0,13000.0,0.0,960.0,0.0,0.0,12186.0,999999.0,0.0
1963-08-21,988.38,161.0,960.0,Rule Curve,960.0,960.0,1000000.0,4000.0,,50.0,18925.0,13000.0,0.0,960.0,0.0,0.0,12160.0,999999.0,0.0
1963-08-22,987.88,161.0,960.0,Rule Curve,960.0,960.0,1000000.0,4000.0,,50.0,18925.0,13000.0,0.0,960.0,0.0,0.0,12133.0,999999.0,0.0
1963-08-23,987.39,161.0,960.0,Rule Curve,960.0,960.0,1000000.0,4000.0,,50.0,18921.0,13000.0,0.0,960.0,0.0,0.0,12107.0,999999.0,0.0
1963-08-24,986.89,161.0,960.0,Rule Curve,960.0,960.0,1000000.0,4000.0,,50.0,18918.0,13000.0,0.0,960.0,0.0,0.0,12080.0,999999.0,0.0
1963-08-25,986.39,160.0,962.0,Rule Curve,962.0,962.0,1000000.0,4000.0,,50.0,18922.0,13000.0,0.0,962.0,0.0,0.0,12054.0,999999.0,0.0
1963-08-26,985.89,156.0,964.0,Rule Curve,964.0,964.0,1000000.0,4000.0,,50.0,18926.0,13000.0,0.0,964.0,0.0,0.0,12026.0,999999.0,0.0
1963-08-27,985.39,151.0,969.0,Rule Curve,969.0,969.0,1000000.0,4000.0,,50.0,18935.0,13000.0,0.0,969.0,0.0,0.0,11998.0,999999.0,0.0
1963-08-28,984.87,147.0,974.0,Rule Curve,974.0,974.0,1000000.0,4000.0,,50.0,18938.0,13000.0,0.0,974.0,0.0,0.0,11970.0,999999.0,0.0
1963-08-29,984.36,146.0,976.0,Rule Curve,976.0,976.0,1000000.0,4000.0,,50.0,18947.0,13000.0,0.0,976.0,0.0,0.0,11942.0,999999.0,0.0
1963-08-30,983.84,142.0,977.0,Rule Curve,977.0,977.0,1000000.0,4000.0,,50.0,18948.0,13000.0,0.0,977.0,0.0,0.0,11913.0,999999.0,0.0
1963-08-31,983.31,146.0,976.0,Rule Curve,976.0,976.0,1000000.0,4000.0,,50.0,18916.0,13000.0,0.0,976.0,0.0,0.0,11884.0,999999.0,0.0
1963-09-01,982.39,146.0,1575.0,Rule Curve,1575.0,1575.0,1000000.0,4000.0,,50.0,18764.0,13000.0,0.0,1575.0,0.0,0.0,11854.0,3000.0,0.0
1963-09-02,981.49,145.0,1575.0,Rule Curve,1575.0,1575.0,1000000.0,4000.0,,50.0,18690.0,13000.0,0.0,1575.0,0.0,0.0,11803.0,3000.0,0.0
1963-09-03,980.59,141.0,1576.0,Rule Curve,1576.0,1576.0,1000000.0,4000.0,,50.0,18829.0,13000.0,0.0,1576.0,0.0,0.0,11753.0,3000.0,0.0
1963-09-04,979.65,135.0,1579.0,Rule Curve,1579.0,1579.0,1000000.0,4000.0,,50.0,18824.0,13000.0,0.0,1579.0,0.0,0.0,11703.0,3000.0,0.0
1963-09-05,978.7,129.0,1584.0,Rule Curve,1584.0,1584.0,1000000.0,4000.0,,50.0,18854.0,13000.0,0.0,1584.0,0.0,0.0,11651.0,3000.0,0.0
1963-09-06,977.77,128.0,1584.0,Rule Curve,1584.0,1584.0,1000000.0,4000.0,,50.0,18869.0,13000.0,0.0,1584.0,0.0,0.0,11598.0,3000.0,0.0
1963-09-07,976.83,125.0,1586.0,Rule Curve,1586.0,1586.0,1000000.0,4000.0,,50.0,18700.0,13000.0,0.0,1586.0,0.0,0.0,11546.0,3000.0,0.0
1963-09-08,975.86,124.0,1586.0,Rule Curve,1586.0,1586.0,1000000.0,4000.0,,50.0,18242.0,13000.0,0.0,1586.0,0.0,0.0,11494.0,3000.0,0.0
1963-09-09,974.9,123.0,1590.0,Rule Curve,1590.0,1590.0,1000000.0,4000.0,,50.0,17844.0,13000.0,0.0,1590.0,0.0,0.0,11440.0,3000.0,0.0
1963-09-10,973.93,127.0,1587.0,Rule Curve,1587.0,1587.0,1000000.0,4000.0,,50.0,17500.0,13000.0,0.0,1587.0,0.0,0.0,11386.0,3000.0,0.0
1963-09-11,972.96,123.0,1587.0,Rule Curve,1587.0,1587.0,1000000.0,4000.0,,50.0,17221.0,13000.0,0.0,1587.0,0.0,0.0,11332.0,3000.0,0.0
1963-09-12,971.99,123.0,1587.0,Rule Curve,1587.0,1587.0,1000000.0,4000.0,,50.0,17002.0,13000.0,0.0,1587.0,0.0,0.0,11278.0,3000.0,0.0
1963-09-13,971.07,137.0,1535.0,Rule Curve,1535.0,1535.0,1000000.0,4000.0,,50.0,16837.0,13000.0,0.0,1535.0,0.0,0.0,11224.0,3000.0,0.0
1963-09-14,970.16,201.0,1535.0,Rule Curve,1535.0,1535.0,1000000.0,4000.0,,50.0,16721.0,13000.0,0.0,1535.0,0.0,0.0,11173.0,3000.0,0.0
1963-09-15,969.43,321.0,1421.0,Rule Curve,1421.0,1421.0,1000000.0,4000.0,,50.0,16637.0,13000.0,0.0,1421.0,0.0,0.0,11122.0,3000.0,0.0
1963-09-16,969.39,1120.0,1174.0,Rule Curve,1174.0,1174.0,1000000.0,4000.0,,50.0,16619.0,13000.0,0.0,1174.0,0.0,0.0,11081.0,3000.0,0.0
1963-09-17,968.79,538.0,1436.0,Rule Curve,1436.0,1436.0,1000000.0,4000.0,,50.0,16610.0,13000.0,0.0,1436.0,0.0,0.0,11079.0,3000.0,0.0
1963-09-18,968.0,341.0,1494.0,Rule Curve,1494.0,1494.0,1000000.0,4000.0,,50.0,16583.0,13000.0,0.0,1494.0,0.0,0.0,11046.0,3000.0,0.0
1963-09-19,967.15,269.0,1516.0,Rule Curve,1516.0,1516.0,1000000.0,4000.0,,50.0,16551.0,13000.0,0.0,1516.0,0.0,0.0,11002.0,3000.0,0.0
1963-09-20,966.24,233.0,1529.0,Rule Curve,1529.0,1529.0,1000000.0,4000.0,,50.0,16518.0,13000.0,0.0,1529.0,0.0,0.0,10954.0,3000.0,0.0
1963-09-21,965.32,212.0,1537.0,Rule Curve,1537.0,1537.0,1000000.0,3898.0,,50.0,16483.0,13000.0,0.0,1537.0,0.0,0.0,10903.0,3000.0,0.0
1963-09-22,964.38,200.0,1545.0,Rule Curve,1545.0,1545.0,1000000.0,3776.0,,50.0,16447.0,13000.0,0.0,1545.0,0.0,0.0,10852.0,3000.0,0.0
1963-09-23,963.51,291.0,1516.0,Rule Curve,1516.0,1516.0,1000000.0,3651.0,,50.0,16411.0,13000.0,0.0,1516.0,0.0,0.0,10799.0,3000.0,0.0
1963-09-24,962.66,308.0,1518.0,Rule Curve,1518.0,1518.0,1000000.0,3535.0,,50.0,16377.0,13000.0,0.0,1518.0,0.0,0.0,10749.0,3000.0,0.0
1963-09-25,961.74,240.0,1537.0,Rule Curve,1537.0,1537.0,1000000.0,3421.0,,50.0,16342.0,13000.0,0.0,1537.0,0.0,0.0,10648.0,3000.0,0.0
1963-09-26,960.79,212.0,1548.0,Rule Curve,1548.0,1548.0,1000000.0,3298.0,,50.0,16305.0,13000.0,0.0,1548.0,0.0,0.0,10456.0,3000.0,0.0
1963-09-27,959.82,194.0,1558.0,Rule Curve,1558.0,1558.0,1000000.0,3172.0,,50.0,16268.0,13000.0,0.0,1558.0,0.0,0.0,10258.0,3000.0,0.0
1963-09-28,958.8,183.0,1563.0,Rule Curve,1563.0,1563.0,1000000.0,3042.0,,50.0,16229.0,13000.0,0.0,1563.0,0.0,0.0,10054.0,3000.0,0.0
1963-09-29,957.78,173.0,1568.0,Rule Curve,1568.0,1568.0,1000000.0,2907.0,,50.0,16189.0,13000.0,0.0,1568.0,0.0,0.0,9842.0,3000.0,0.0
1963-09-30,956.75,169.0,1570.0,Rule Curve,1570.0,1570.0,1000000.0,2771.0,,50.0,16148.0,13000.0,0.0,1570.0,0.0,0.0,9628.0,3000.0,0.0
1963-10-01,954.93,164.0,2633.0,Rule Curve,2633.0,2633.0,1000000.0,2633.0,,50.0,16108.0,13000.0,2829.0,1135.0,0.0,0.0,9412.0,3000.0,0.0
1963-10-02,953.26,160.0,2391.0,Rule Curve,2391.0,2391.0,1000000.0,2391.0,,50.0,16034.0,13000.0,2829.0,1137.0,0.0,0.0,9032.0,3000.0,0.0
1963-10-03,951.73,156.0,2168.0,Rule Curve,2168.0,2168.0,1000000.0,2168.0,,50.0,15966.0,13000.0,2835.0,1137.0,0.0,0.0,8682.0,3000.0,0.0
1963-10-04,950.3,151.0,1991.0,Rule Curve,1991.0,1991.0,1000000.0,1991.0,4760.0,50.0,15905.0,13000.0,2846.0,1137.0,0.0,0.0,8363.0,3000.0,0.0
1963-10-05,948.93,156.0,1943.0,Rule Curve,1943.0,1943.0,1000000.0,1943.0,4760.0,50.0,15847.0,13000.0,2872.0,1131.0,0.0,0.0,8064.0,3000.0,0.0
1963-10-06,947.55,161.0,1898.0,Rule Curve,1898.0,1898.0,1000000.0,1898.0,4760.0,50.0,15795.0,13000.0,2900.0,1128.0,0.0,0.0,7781.0,3000.0,0.0
1963-10-07,946.2,150.0,1852.0,Rule Curve,1852.0,1852.0,1000000.0,1852.0,4760.0,50.0,15741.0,13000.0,2915.0,1137.0,0.0,0.0,7501.0,3000.0,0.0
1963-10-08,944.88,145.0,1807.0,Rule Curve,1807.0,1807.0,1000000.0,1807.0,4760.0,50.0,15689.0,13000.0,2938.0,1141.0,0.0,0.0,7226.0,3000.0,0.0
1963-10-09,943.58,142.0,1763.0,Rule Curve,1763.0,1763.0,1000000.0,1763.0,4760.0,50.0,15639.0,13000.0,2965.0,1142.0,0.0,0.0,6958.0,3000.0,0.0
1963-10-10,942.27,140.0,1719.0,Rule Curve,1719.0,1719.0,1000000.0,1719.0,4760.0,50.0,15586.0,13000.0,2997.0,1143.0,0.0,0.0,6693.0,3000.0,0.0
1963-10-11,941.01,146.0,1676.0,Rule Curve,1676.0,1676.0,1000000.0,1676.0,4760.0,50.0,15539.0,13000.0,3039.0,1138.0,0.0,0.0,6427.0,3000.0,0.0
1963-10-12,939.79,161.0,1634.0,Rule Curve,1634.0,1634.0,1000000.0,1634.0,4760.0,50.0,15494.0,13000.0,3094.0,1130.0,0.0,0.0,6169.0,3000.0,0.0
1963-10-13,938.58,146.0,1593.0,Rule Curve,1593.0,1593.0,1000000.0,1593.0,4760.0,50.0,15449.0,13000.0,3124.0,1139.0,0.0,0.0,5922.0,3000.0,0.0
1963-10-14,937.38,137.0,1553.0,Rule Curve,1553.0,1553.0,1000000.0,1553.0,4760.0,50.0,15406.0,13000.0,3162.0,1143.0,0.0,0.0,5675.0,3000.0,0.0
1963-10-15,936.21,134.0,1513.0,Rule Curve,1513.0,1513.0,1000000.0,1513.0,4760.0,50.0,15362.0,13000.0,3211.0,1148.0,0.0,0.0,5432.0,3000.0,0.0
1963-10-16,935.05,130.0,1474.0,Rule Curve,1474.0,1474.0,1000000.0,1474.0,4760.0,50.0,15319.0,13000.0,3264.0,748.0,0.0,0.0,5193.0,999999.0,0.0
1963-10-17,933.92,129.0,1435.0,Rule Curve,1435.0,1435.0,1000000.0,1435.0,4760.0,50.0,15275.0,13000.0,3325.0,749.0,0.0,0.0,4957.0,999999.0,0.0
1963-10-18,932.79,128.0,1397.0,Rule Curve,1397.0,1397.0,1000000.0,1397.0,4760.0,50.0,15234.0,13000.0,3391.0,748.0,0.0,0.0,4727.0,999999.0,0.0
1963-10-19,931.71,124.0,1360.0,Rule Curve,1360.0,1360.0,1000000.0,1360.0,4760.0,50.0,15192.0,13000.0,3461.0,749.0,0.0,0.0,4496.0,999999.0,0.0
1963-10-20,930.64,133.0,1324.0,Rule Curve,1324.0,1324.0,1000000.0,1324.0,4760.0,50.0,15151.0,13000.0,3551.0,746.0,0.0,0.0,4277.0,999999.0,0.0
1963-10-21,929.74,293.0,1288.0,Rule Curve,1288.0,1288.0,1000000.0,1288.0,4760.0,50.0,15114.0,13000.0,3800.0,694.0,0.0,0.0,4058.0,999999.0,0.0
1963-10-22,929.18,640.0,1258.0,Rule Curve,1258.0,1258.0,1000000.0,1258.0,4760.0,50.0,15083.0,13000.0,4252.0,540.0,0.0,0.0,3875.0,999999.0,0.0
1963-10-23,929.11,1160.0,1239.0,Rule Curve,1239.0,1239.0,1000000.0,1239.0,4760.0,50.0,15071.0,13000.0,4902.0,472.0,0.0,0.0,3762.0,999999.0,0.0
1963-10-24,928.87,974.0,1237.0,Rule Curve,1237.0,1237.0,1000000.0,1237.0,4760.0,50.0,15064.0,13000.0,4882.0,519.0,0.0,0.0,3747.0,999999.0,0.0
1963-10-25,929.71,2160.0,1229.0,Rule Curve,1229.0,1229.0,1000000.0,1229.0,4760.0,50.0,15078.0,13000.0,6242.0,144.0,0.0,0.0,3699.0,999999.0,0.0
1963-10-26,929.57,1100.0,1257.0,Rule Curve,1257.0,1257.0,1000000.0,1257.0,4760.0,50.0,15094.0,13000.0,5432.0,407.0,0.0,0.0,3870.0,999999.0,0.0
1963-10-27,929.1,729.0,1252.0,Rule Curve,1252.0,1252.0,1000000.0,1252.0,4760.0,50.0,15078.0,13000.0,5281.0,526.0,0.0,0.0,3841.0,999999.0,0.0
1963-10-28,928.56,644.0,1237.0,Rule Curve,1237.0,1237.0,1000000.0,1237.0,4760.0,50.0,15058.0,13000.0,5420.0,545.0,0.0,0.0,3745.0,999999.0,0.0
1963-10-29,928.01,599.0,1219.0,Rule Curve,1219.0,1219.0,1000000.0,1219.0,4760.0,50.0,15034.0,13000.0,5621.0,576.0,0.0,0.0,3636.0,999999.0,0.0
1963-10-30,927.39,514.0,1200.0,Rule Curve,1200.0,1200.0,1000000.0,1200.0,4760.0,50.0,15008.0,13000.0,5811.0,597.0,0.0,0.0,3523.0,999999.0,0.0
1963-10-31,926.74,471.0,1180.0,Rule Curve,1180.0,1180.0,1000000.0,1180.0,4760.0,50.0,14980.0,13000.0,6076.0,614.0,0.0,0.0,3397.0,999999.0,0.0
1963-11-01,922.66,414.0,4760.0,Rule Curve,4760.0,4760.0,1000000.0,10000.0,4760.0,50.0,14950.0,13000.0,6369.0,627.0,0.0,0.0,3264.0,999999.0,0.0
1963-11-02,918.69,651.0,4760.0,Rule Curve,4760.0,4760.0,1000000.0,10000.0,4760.0,50.0,14767.0,13000.0,6729.0,558.0,0.0,0.0,2435.0,999999.0,0.0
1963-11-03,914.51,601.0,4760.0,Rule Curve,4760.0,4760.0,1000000.0,10000.0,4760.0,50.0,14566.0,13000.0,6844.0,581.0,0.0,0.0,2300.0,999999.0,0.0
1963-11-04,910.97,1343.0,4760.0,Rule Curve,4760.0,4760.0,1000000.0,10000.0,4760.0,50.0,14377.0,13000.0,7774.0,83.0,0.0,0.0,2300.0,999999.0,0.0
1963-11-05,907.42,1438.0,4760.0,Rule Curve,4760.0,4760.0,1000000.0,10000.0,4760.0,50.0,14208.0,13000.0,8172.0,142.0,0.0,0.0,2300.0,999999.0,0.0
1963-11-06,904.31,1918.0,4760.0,Rule Curve,4760.0,4760.0,1000000.0,10000.0,4760.0,50.0,14051.0,13000.0,9030.0,0.0,0.0,0.0,2300.0,999999.0,0.0
1963-11-07,902.22,2877.0,4760.0,Rule Curve,4760.0,4760.0,1000000.0,10000.0,4760.0,50.0,12256.0,11336.0,10523.0,0.0,0.0,0.0,2300.0,999999.0,0.0
1963-11-08,912.45,15344.0,5886.0,Rule Curve,5886.0,5886.0,1000000.0,10000.0,16539.0,50.0,5886.0,9342.0,23813.0,0.0,0.0,0.0,2300.0,999999.0,0.0
1963-11-09,912.37,8736.0,8809.0,Rule Curve,8809.0,8809.0,1000000.0,10000.0,9931.0,50.0,8809.0,13000.0,20194.0,0.0,0.0,0.0,2300.0,999999.0,0.0
1963-11-10,911.12,4661.0,5856.0,Rule Curve,5856.0,5856.0,1000000.0,10000.0,5856.0,50.0,13516.0,13000.0,18395.0,0.0,0.0,0.0,2300.0,999999.0,0.0
1963-11-11,909.3,3011.0,4760.0,Rule Curve,4760.0,4760.0,1000000.0,10000.0,4760.0,50.0,14254.0,13000.0,19880.0,0.0,0.0,0.0,2300.0,999999.0,0.0
1963-11-12,906.51,2186.0,4760.0,Rule Curve,4760.0,4760.0,1000000.0,10000.0,4760.0,50.0,14146.0,13000.0,24096.0,0.0,0.0,0.0,2300.0,999999.0,0.0
1963-11-13,903.15,1736.0,4760.0,Rule Curve,4760.0,4760.0,1000000.0,10000.0,4760.0,50.0,14006.0,13000.0,33313.0,0.0,0.0,0.0,2300.0,999999.0,0.0
1963-11-14,901.58,3356.0,4760.0,Rule Curve,4760.0,4760.0,1000000.0,10000.0,4760.0,50.0,13895.0,13000.0,63486.0,0.0,0.0,0.0,2300.0,999999.0,0.0
1963-11-15,900.18,4411.0,5606.0,Rule Curve,5606.0,5606.0,1000000.0,10000.0,5606.0,50.0,13852.0,13000.0,63137.0,0.0,0.0,0.0,2300.0,999999.0,0.0
1963-11-16,898.79,3836.0,5031.0,Rule Curve,5031.0,5031.0,1000000.0,10000.0,5031.0,50.0,13779.0,13000.0,61367.0,0.0,0.0,0.0,2300.0,999999.0,0.0
1963-11-17,897.39,4220.0,5414.0,Rule Curve,5414.0,5414.0,1000000.0,10000.0,5414.0,50.0,13727.0,13000.0,60556.0,0.0,0.0,0.0,2300.0,999999.0,0.0
1963-11-18,896.0,4603.0,5798.0,Rule Curve,5798.0,5798.0,1000000.0,10000.0,5798.0,50.0,13678.0,13000.0,59744.0,0.0,0.0,0.0,2300.0,999999.0,0.0
1963-11-19,894.39,3462.0,4760.0,Rule Curve,4760.0,4760.0,1000000.0,10000.0,4760.0,50.0,13560.0,13000.0,57408.0,0.0,0.0,0.0,2300.0,999999.0,0.0
1963-11-20,892.26,2992.0,4760.0,Rule Curve,4760.0,4760.0,1000000.0,10000.0,4760.0,50.0,13444.0,13000.0,55640.0,0.0,0.0,0.0,2300.0,999999.0,0.0
1963-11-21,889.22,2359.0,4760.0,Rule Curve,4760.0,4760.0,1000000.0,10000.0,4760.0,50.0,13264.0,13000.0,53240.0,0.0,0.0,0.0,2300.0,999999.0,0.0
1963-11-22,886.34,2532.0,4760.0,Rule Curve,4760.0,4760.0,1000000.0,10000.0,4760.0,50.0,13037.0,13000.0,51011.0,0.0,0.0,0.0,2300.0,999999.0,0.0
1963-11-23,884.78,3568.0,4762.0,Rule Curve,4762.0,4762.0,1000000.0,10000.0,4762.0,50.0,12853.0,13000.0,49819.0,0.0,0.0,0.0,2300.0,999999.0,0.0
1963-11-24,883.14,3903.0,5098.0,Rule Curve,5098.0,5098.0,1000000.0,10000.0,5098.0,50.0,12736.0,13000.0,48960.0,0.0,0.0,0.0,2300.0,999999.0,0.0
1963-11-25,880.83,3069.0,4760.0,Rule Curve,4760.0,4760.0,1000000.0,10000.0,4760.0,50.0,12543.0,13000.0,46930.0,0.0,0.0,0.0,2300.0,999999.0,0.0
1963-11-26,878.15,2829.0,4760.0,Rule Curve,4760.0,4760.0,1000000.0,10000.0,4760.0,50.0,12324.0,13000.0,44999.0,0.0,0.0,0.0,2300.0,999999.0,0.0
1963-11-27,876.22,3395.0,4760.0,Rule Curve,4760.0,4760.0,1000000.0,10000.0,4760.0,50.0,12122.0,13000.0,43634.0,0.0,0.0,0.0,2300.0,999999.0,0.0
1963-11-28,873.0,2541.0,4760.0,Rule Curve,4760.0,4760.0,1000000.0,10000.0,4760.0,50.0,11890.0,13000.0,41416.0,0.0,0.0,0.0,2300.0,999999.0,0.0
1963-11-29,868.84,2033.0,4760.0,Rule Curve,4760.0,4760.0,1000000.0,10000.0,4760.0,50.0,11565.0,13000.0,38689.0,4.0,0.0,0.0,2300.0,999999.0,0.0
1963-11-30,864.02,1697.0,4760.0,Rule Curve,4760.0,4760.0,1000000.0,10000.0,4760.0,50.0,11166.0,13000.0,35626.0,181.0,0.0,0.0,2300.0,999999.0,0.0
1963-12-01,858.59,1477.0,4760.0,Rule Curve,4760.0,4760.0,1000000.0,10000.0,4760.0,50.0,10708.0,13000.0,32343.0,308.0,0.0,0.0,2300.0,999999.0,0.0
1963-12-02,852.52,1314.0,4760.0,Rule Curve,4760.0,4760.0,1000000.0,10000.0,4760.0,50.0,10189.0,13000.0,28897.0,405.0,0.0,0.0,2300.0,999999.0,0.0
1963-12-03,845.79,1189.0,4760.0,Rule Curve,4760.0,4760.0,1000000.0,10000.0,4760.0,50.0,9609.0,13000.0,25326.0,472.0,0.0,0.0,2300.0,999999.0,0.0
1963-12-04,838.24,1093.0,4760.0,Rule Curve,4760.0,4760.0,1000000.0,10000.0,4760.0,50.0,8953.0,13000.0,21659.0,524.0,0.0,0.0,2300.0,999999.0,0.0
1963-12-05,830.02,1228.0,4760.0,Rule Curve,4760.0,4760.0,1000000.0,10000.0,4760.0,50.0,8228.0,13000.0,18127.0,491.0,0.0,0.0,2300.0,999999.0,0.0
1963-12-06,825.82,3069.0,4760.0,Rule Curve,4760.0,4760.0,1000000.0,10000.0,4760.0,50.0,7671.0,13000.0,16436.0,0.0,0.0,0.0,2300.0,999999.0,0.0
1963-12-07,819.11,2119.0,4760.0,Rule Curve,4760.0,4760.0,1000000.0,10000.0,4760.0,50.0,7147.0,13000.0,13795.0,0.0,0.0,0.0,2300.0,999999.0,0.0
1963-12-08,810.96,2091.0,4760.0,Rule Curve,4760.0,4760.0,1000000.0,10000.0,4760.0,50.0,6480.0,13000.0,11126.0,0.0,0.0,0.0,2300.0,999999.0,0.0
1963-12-09,800.85,2139.0,4760.0,Rule Curve,4760.0,4760.0,1000000.0,10000.0,4760.0,50.0,5875.0,13000.0,8504.0,0.0,0.0,0.0,2300.0,999999.0,0.0
1963-12-10,784.57,1707.0,4760.0,Rule Curve,4760.0,4760.0,1000000.0,10000.0,4760.0,50.0,5158.0,13000.0,5451.0,145.0,0.0,0.0,2300.0,999999.0,0.0
1963-12-11,780.0,1448.0,2139.0,Rule Curve,2139.0,2139.0,1000000.0,10000.0,4760.0,50.0,3609.0,13000.0,2139.0,287.0,0.0,0.0,2300.0,999999.0,0.0
1963-12-12,780.0,1295.0,1295.0,Rule Curve,1295.0,1295.0,1000000.0,10000.0,4760.0,50.0,2867.0,13000.0,1295.0,379.0,0.0,0.0,2300.0,999999.0,0.0
1963-12-13,780.0,1160.0,1160.0,Rule Curve,1160.0,1160.0,1000000.0,10000.0,4760.0,50.0,2747.0,13000.0,1160.0,453.0,0.0,0.0,2300.0,999999.0,0.0
1963-12-14,780.0,1074.0,1074.0,Rule Curve,1074.0,1074.0,1000000.0,10000.0,4760.0,50.0,2672.0,13000.0,1074.0,510.0,0.0,0.0,2300.0,999999.0,0.0
1963-12-15,780.0,978.0,978.0,Rule Curve,978.0,978.0,1000000.0,10000.0,4760.0,50.0,2584.0,13000.0,978.0,558.0,0.0,0.0,2300.0,999999.0,0.0
1963-12-16,780.0,915.0,915.0,Rule Curve,915.0,915.0,1000000.0,10000.0,4760.0,50.0,2528.0,13000.0,915.0,598.0,0.0,0.0,2300.0,999999.0,0.0
1963-12-17,780.0,853.0,853.0,Rule Curve,853.0,853.0,1000000.0,10000.0,4760.0,50.0,2473.0,13000.0,853.0,628.0,0.0,0.0,2300.0,999999.0,0.0
1963-12-18,780.0,806.0,806.0,Rule Curve,806.0,806.0,1000000.0,10000.0,4760.0,50.0,2431.0,13000.0,806.0,657.0,0.0,0.0,2300.0,999999.0,0.0
1963-12-19,780.0,794.0,794.0,Rule Curve,794.0,794.0,1000000.0,10000.0,4760.0,50.0,2421.0,13000.0,794.0,674.0,0.0,0.0,2300.0,999999.0,0.0
1963-12-20,780.0,1045.0,1045.0,Rule Curve,1045.0,1045.0,1000000.0,10000.0,4760.0,50.0,2647.0,13000.0,1045.0,558.0,0.0,0.0,2300.0,999999.0,0.0
1963-12-21,780.0,1266.0,1266.0,Rule Curve,1266.0,1266.0,1000000.0,10000.0,4760.0,50.0,2841.0,13000.0,1266.0,411.0,0.0,0.0,2300.0,999999.0,0.0
1963-12-22,780.0,1189.0,1189.0,Rule Curve,1189.0,1189.0,1000000.0,10000.0,4760.0,50.0,2774.0,13000.0,1189.0,453.0,0.0,0.0,2300.0,999999.0,0.0
1963-12-23,780.0,1237.0,1237.0,Rule Curve,1237.0,1237.0,1000000.0,10000.0,4760.0,50.0,2816.0,13000.0,1237.0,453.0,0.0,0.0,2300.0,999999.0,0.0
1963-12-24,780.0,1199.0,1199.0,Rule Curve,1199.0,1199.0,1000000.0,10000.0,4760.0,50.0,2784.0,13000.0,1199.0,486.0,0.0,0.0,2300.0,999999.0,0.0
1963-12-25,780.0,1333.0,1333.0,Rule Curve,1333.0,1333.0,1000000.0,10000.0,4760.0,50.0,2902.0,13000.0,1333.0,433.0,0.0,0.0,2300.0,999999.0,0.0
1963-12-26,780.0,1592.0,1592.0,Rule Curve,1592.0,1592.0,1000000.0,10000.0,4760.0,50.0,3118.0,13000.0,1592.0,252.0,0.0,0.0,2300.0,999999.0,0.0
1963-12-27,780.0,1573.0,1573.0,Rule Curve,1573.0,1573.0,1000000.0,10000.0,4760.0,50.0,3104.0,13000.0,1573.0,0.0,0.0,0.0,2300.0,999999.0,0.0
1963-12-28,780.0,4239.0,4239.0,Rule Curve,4239.0,4239.0,1000000.0,10000.0,5434.0,50.0,4332.0,13000.0,4239.0,0.0,0.0,0.0,2300.0,999999.0,0.0
1963-12-29,780.0,3203.0,3203.0,Rule Curve,3203.0,3203.0,1000000.0,10000.0,4760.0,50.0,4001.0,13000.0,3203.0,0.0,0.0,0.0,2300.0,999999.0,0.0
1963-12-30,780.0,2263.0,2263.0,Rule Curve,2263.0,2263.0,1000000.0,10000.0,4760.0,50.0,3562.0,13000.0,2263.0,0.0,0.0,0.0,2300.0,999999.0,0.0
1963-12-31,780.0,1928.0,1928.0,Rule Curve,1928.0,1928.0,1000000.0,10000.0,4760.0,50.0,3345.0,13000.0,1928.0,0.0,0.0,0.0,2300.0,999999.0,0.0
1964-01-01,792.71,2110.0,50.0,Rule Curve,50.0,50.0,1000000.0,10000.0,4760.0,50.0,3464.0,13000.0,0.0,0.0,0.0,0.0,2300.0,999999.0,0.0
1964-01-02,808.01,3539.0,50.0,Rule Curve,50.0,50.0,1000000.0,10000.0,4760.0,50.0,4961.0,13000.0,0.0,0.0,0.0,0.0,2300.0,999999.0,0.0
1964-01-03,816.04,2532.0,50.0,Rule Curve,50.0,50.0,1000000.0,10000.0,4760.0,50.0,5744.0,13000.0,0.0,0.0,0.0,0.0,2300.0,999999.0,0.0
1964-01-04,821.77,2062.0,50.0,Rule Curve,50.0,50.0,1000000.0,10000.0,4760.0,50.0,6239.0,13000.0,0.0,0.0,0.0,0.0,2300.0,999999.0,0.0
1964-01-05,825.97,1774.0,83.0,Rule Curve,83.0,83.0,1000000.0,10000.0,4760.0,50.0,6690.0,13000.0,0.0,83.0,0.0,0.0,2300.0,999999.0,0.0
1964-01-06,835.8,4066.0,50.0,Rule Curve,50.0,50.0,1000000.0,10000.0,5261.0,50.0,7421.0,13000.0,0.0,0.0,0.0,0.0,2300.0,999999.0,0.0
1964-01-07,842.65,3299.0,50.0,Rule Curve,50.0,50.0,1000000.0,10000.0,4760.0,50.0,8218.0,13000.0,0.0,0.0,0.0,0.0,2300.0,999999.0,0.0
1964-01-08,847.01,2282.0,50.0,Rule Curve,50.0,50.0,1000000.0,10000.0,4760.0,50.0,8776.0,13000.0,0.0,0.0,0.0,0.0,2300.0,999999.0,0.0
1964-01-09,851.1,2167.0,50.0,Rule Curve,50.0,50.0,1000000.0,10000.0,4760.0,50.0,9187.0,13000.0,0.0,0.0,0.0,0.0,2300.0,999999.0,0.0
1964-01-10,854.4,1880.0,50.0,Rule Curve,50.0,50.0,1000000.0,10000.0,4760.0,50.0,9536.0,13000.0,0.0,0.0,0.0,0.0,2300.0,999999.0,0.0
1964-01-11,856.93,1592.0,139.0,Rule Curve,139.0,139.0,1000000.0,10000.0,4760.0,50.0,9822.0,13000.0,0.0,139.0,0.0,0.0,2300.0,999999.0,0.0
1964-01-12,859.04,1438.0,216.0,Rule Curve,216.0,216.0,1000000.0,10000.0,4760.0,50.0,10046.0,13000.0,0.0,216.0,0.0,0.0,2300.0,999999.0,0.0
1964-01-13,861.33,1525.0,139.0,Rule Curve,139.0,139.0,1000000.0,10000.0,4760.0,50.0,10250.0,13000.0,0.0,139.0,0.0,0.0,2300.0,999999.0,0.0
1964-01-14,864.16,1765.0,50.0,Rule Curve,50.0,50.0,1000000.0,10000.0,4760.0,50.0,10486.0,13000.0,0.0,4.0,0.0,0.0,2300.0,999999.0,0.0
1964-01-15,866.49,1602.0,145.0,Rule Curve,145.0,145.0,1000000.0,10000.0,4760.0,50.0,10731.0,13000.0,0.0,145.0,0.0,0.0,2300.0,999999.0,0.0
1964-01-16,871.73,3462.0,50.0,Rule Curve,50.0,50.0,1000000.0,10000.0,4760.0,50.0,11084.0,13000.0,0.0,0.0,0.0,0.0,2300.0,999999.0,0.0
1964-01-17,877.5,4009.0,50.0,Rule Curve,50.0,50.0,1000000.0,10000.0,5203.0,50.0,11591.0,13000.0,0.0,0.0,0.0,0.0,2300.0,999999.0,0.0
1964-01-18,882.05,3309.0,50.0,Rule Curve,50.0,50.0,1000000.0,10000.0,4760.0,50.0,12058.0,13000.0,0.0,0.0,0.0,0.0,2300.0,999999.0,0.0
1964-01-19,886.81,3644.0,50.0,Rule Curve,50.0,50.0,1000000.0,10000.0,4839.0,50.0,12164.0,10087.0,0.0,0.0,0.0,0.0,2300.0,999999.0,0.0
1964-01-20,892.95,4852.0,50.0,Rule Curve,50.0,50.0,1000000.0,10000.0,6047.0,50.0,11322.0,13000.0,0.0,0.0,0.0,0.0,2300.0,999999.0,0.0
1964-01-21,896.64,3107.0,50.0,Rule Curve,50.0,50.0,1000000.0,10000.0,4760.0,50.0,13350.0,13000.0,0.0,0.0,0.0,0.0,2300.0,999999.0,0.0
1964-01-22,899.32,2350.0,50.0,Rule Curve,50.0,50.0,1000000.0,10000.0,4760.0,50.0,13552.0,13000.0,0.0,0.0,0.0,0.0,2300.0,999999.0,0.0
1964-01-23,901.47,1889.0,50.0,Rule Curve,50.0,50.0,1000000.0,10000.0,4760.0,50.0,13688.0,13000.0,0.0,0.0,0.0,0.0,2300.0,999999.0,0.0
1964-01-24,905.76,3865.0,50.0,Rule Curve,50.0,50.0,1000000.0,10000.0,5060.0,50.0,13285.0,12321.0,0.0,0.0,0.0,0.0,2300.0,999999.0,0.0
1964-01-25,915.08,8919.0,50.0,Rule Curve,50.0,3619.0,1000000.0,10000.0,10114.0,50.0,11055.0,9997.0,0.0,0.0,0.0,3619.0,2300.0,999999.0,0.0
1964-01-26,922.0,8305.0,1274.0,Rule Curve,50.0,5961.0,1000000.0,10000.0,9500.0,50.0,11170.0,13000.0,0.0,0.0,0.0,5961.0,2300.0,999999.0,1274.0
1964-01-27,922.0,5879.0,5879.0,Rule Curve,5879.0,7074.0,1000000.0,10000.0,7074.0,50.0,12494.0,13000.0,0.0,0.0,0.0,5879.0,2300.0,999999.0,5430.0
1964-01-28,922.0,4661.0,4661.0,Rule Curve,4661.0,5856.0,1000000.0,10000.0,5856.0,50.0,13083.0,13000.0,0.0,0.0,0.0,4661.0,2300.0,999999.0,4661.0
1964-01-29,922.0,5725.0,5725.0,Rule Curve,5725.0,6920.0,1000000.0,10000.0,6920.0,50.0,13951.0,13000.0,0.0,0.0,0.0,5725.0,2300.0,999999.0,4409.0
1964-01-30,922.0,4987.0,4987.0,Rule Curve,4987.0,6182.0,1000000.0,10000.0,6182.0,50.0,13379.0,13000.0,0.0,0.0,0.0,4987.0,2300.0,999999.0,3475.0
1964-01-31,922.0,4651.0,4651.0,Rule Curve,4651.0,5846.0,1000000.0,10000.0,5846.0,50.0,14626.0,13000.0,0.0,0.0,0.0,4651.0,2300.0,999999.0,2327.0
1964-02-01,922.0,5083.0,5083.0,Rule Curve,5083.0,6278.0,1000000.0,10000.0,6278.0,50.0,14005.0,13000.0,0.0,0.0,0.0,5083.0,2300.0,999999.0,1040.0
1964-02-02,925.47,3702.0,50.0,Rule Curve,50.0,2977.0,1000000.0,10000.0,4897.0,50.0,14812.0,13000.0,0.0,0.0,0.0,2977.0,2300.0,999999.0,0.0
1964-02-03,928.07,2944.0,115.0,Rule Curve,50.0,2714.0,1000000.0,10000.0,4760.0,50.0,14952.0,13000.0,0.0,0.0,0.0,2714.0,3007.0,999999.0,0.0
1964-02-04,928.08,2800.0,2789.0,Rule Curve,2789.0,4760.0,1000000.0,10000.0,4760.0,50.0,15059.0,13000.0,0.0,0.0,0.0,2789.0,3536.0,999999.0,0.0
1964-02-05,930.46,2685.0,50.0,Rule Curve,50.0,1975.0,1000000.0,10000.0,4760.0,50.0,15057.0,13000.0,0.0,0.0,0.0,1975.0,3538.0,999999.0,0.0
1964-02-06,932.44,2273.0,50.0,Rule Curve,50.0,1739.0,1000000.0,10000.0,4760.0,50.0,15142.0,13000.0,0.0,0.0,0.0,1739.0,4021.0,999999.0,0.0
1964-02-07,934.12,1947.0,50.0,Rule Curve,50.0,1435.0,1000000.0,10000.0,4760.0,50.0,15210.0,13000.0,0.0,0.0,0.0,1435.0,4425.0,999999.0,0.0
1964-02-08,935.56,1717.0,50.0,Rule Curve,50.0,1144.0,1000000.0,10000.0,4760.0,50.0,15267.0,13000.0,0.0,0.0,0.0,1144.0,4767.0,999999.0,0.0
1964-02-09,936.85,1554.0,50.0,Rule Curve,50.0,834.0,1000000.0,10000.0,4760.0,50.0,15319.0,13000.0,0.0,32.0,0.0,834.0,5060.0,999999.0,0.0
1964-02-10,938.16,1611.0,50.0,Rule Curve,50.0,684.0,1000000.0,10000.0,4760.0,50.0,15367.0,13000.0,0.0,9.0,0.0,684.0,5324.0,999999.0,0.0
1964-02-11,939.69,1860.0,50.0,Rule Curve,50.0,728.0,1000000.0,10000.0,4760.0,50.0,15418.0,13000.0,0.0,0.0,0.0,728.0,5589.0,999999.0,0.0
1964-02-12,940.96,1611.0,67.0,Rule Curve,67.0,396.0,1000000.0,10000.0,4760.0,50.0,15469.0,13000.0,0.0,67.0,0.0,396.0,5901.0,999999.0,0.0
1964-02-13,942.06,1458.0,125.0,Rule Curve,125.0,125.0,1000000.0,10000.0,4760.0,50.0,15513.0,13000.0,0.0,125.0,0.0,65.0,6160.0,999999.0,0.0
1964-02-14,943.05,1362.0,174.0,Rule Curve,174.0,174.0,1000000.0,10000.0,4760.0,50.0,15551.0,13000.0,0.0,174.0,0.0,0.0,6385.0,999999.0,0.0
1964-02-15,944.24,1534.0,72.0,Rule Curve,72.0,72.0,1000000.0,10000.0,4760.0,50.0,15589.0,13000.0,0.0,72.0,0.0,0.0,6585.0,999999.0,0.0
1964-02-16,945.36,1458.0,54.0,Rule Curve,54.0,54.0,1000000.0,10000.0,4760.0,50.0,15634.0,13000.0,0.0,54.0,0.0,0.0,6828.0,999999.0,0.0
1964-02-17,946.63,1650.0,50.0,Rule Curve,50.0,50.0,1000000.0,10000.0,4760.0,50.0,15681.0,13000.0,0.0,1.0,0.0,0.0,7055.0,999999.0,0.0
1964-02-18,948.0,1774.0,50.0,Rule Curve,50.0,50.0,1000000.0,10000.0,4760.0,50.0,15731.0,13000.0,0.0,0.0,0.0,0.0,7313.0,999999.0,0.0
1964-02-19,949.31,1726.0,50.0,Rule Curve,50.0,50.0,1000000.0,10000.0,4760.0,50.0,15783.0,13000.0,0.0,0.0,0.0,0.0,7592.0,999999.0,0.0
1964-02-20,950.52,1611.0,50.0,Rule Curve,50.0,50.0,1000000.0,10000.0,4760.0,50.0,15830.0,13000.0,0.0,43.0,0.0,0.0,7860.0,999999.0,0.0
1964-02-21,951.7,1573.0,50.0,Rule Curve,50.0,50.0,1000000.0,10000.0,4760.0,50.0,15879.0,13000.0,0.0,45.0,0.0,0.0,8110.0,999999.0,0.0
1964-02-22,952.95,1678.0,50.0,Rule Curve,50.0,50.0,1000000.0,10000.0,4760.0,50.0,15928.0,13000.0,0.0,14.0,0.0,0.0,8356.0,999999.0,0.0
1964-02-23,954.05,1582.0,78.0,Rule Curve,78.0,78.0,1000000.0,10000.0,,50.0,15976.0,13000.0,0.0,78.0,0.0,0.0,8616.0,999999.0,0.0
1964-02-24,955.17,1573.0,96.0,Rule Curve,96.0,96.0,1000000.0,10000.0,,50.0,16021.0,13000.0,0.0,96.0,0.0,0.0,8848.0,999999.0,0.0
1964-02-25,956.09,1419.0,173.0,Rule Curve,173.0,173.0,1000000.0,10000.0,,50.0,16064.0,13000.0,0.0,173.0,0.0,0.0,9083.0,999999.0,0.0
1964-02-26,956.86,1285.0,241.0,Rule Curve,241.0,241.0,1000000.0,10000.0,,50.0,16098.0,13000.0,0.0,241.0,0.0,0.0,9274.0,999999.0,0.0
1964-02-27,957.5,1170.0,294.0,Rule Curve,294.0,294.0,1000000.0,10000.0,,50.0,16127.0,13000.0,0.0,294.0,0.0,0.0,9435.0,999999.0,0.0
1964-02-28,958.08,1112.0,318.0,Rule Curve,318.0,318.0,1000000.0,10000.0,,50.0,16151.0,13000.0,0.0,318.0,0.0,0.0,9569.0,999999.0,0.0
1964-02-29,958.6,1055.0,352.0,Rule Curve,352.0,352.0,1000000.0,10000.0,,50.0,16173.0,13000.0,0.0,352.0,0.0,0.0,9691.0,999999.0,0.0
1964-03-01,959.37,1314.0,266.0,Rule Curve,266.0,266.0,1000000.0,10000.0,,50.0,16198.0,13000.0,0.0,266.0,0.0,0.0,9800.0,999999.0,0.0
1964-03-02,960.11,1285.0,274.0,Rule Curve,274.0,274.0,1000000.0,10000.0,,50.0,16227.0,13000.0,0.0,274.0,0.0,0.0,9961.0,999999.0,0.0
1964-03-03,960.82,1256.0,248.0,Rule Curve,248.0,248.0,1000000.0,10000.0,,50.0,16256.0,13000.0,0.0,248.0,0.0,0.0,10115.0,999999.0,0.0
1964-03-04,962.63,2599.0,50.0,Rule Curve,50.0,50.0,1000000.0,10000.0,,50.0,16103.0,13000.0,0.0,0.0,0.0,0.0,10265.0,999999.0,0.0
1964-03-05,965.4,3980.0,50.0,Rule Curve,50.0,50.0,1000000.0,10000.0,,50.0,15525.0,13000.0,0.0,0.0,0.0,0.0,10642.0,999999.0,0.0
1964-03-06,967.18,2599.0,50.0,Rule Curve,50.0,50.0,1000000.0,10000.0,,50.0,16483.0,13000.0,0.0,0.0,0.0,0.0,10857.0,999999.0,0.0
1964-03-07,968.54,2043.0,50.0,Rule Curve,50.0,50.0,1000000.0,10000.0,,50.0,16544.0,13000.0,0.0,0.0,0.0,0.0,10956.0,999999.0,0.0
1964-03-08,969.71,1793.0,50.0,Rule Curve,50.0,50.0,1000000.0,10000.0,,50.0,16593.0,13000.0,0.0,0.0,0.0,0.0,11032.0,999999.0,0.0
1964-03-09,970.89,1793.0,50.0,Rule Curve,50.0,50.0,1000000.0,10000.0,,50.0,16639.0,13000.0,0.0,0.0,0.0,0.0,11097.0,999999.0,0.0
1964-03-10,971.99,1707.0,50.0,Rule Curve,50.0,50.0,1000000.0,10000.0,,50.0,16727.0,13000.0,0.0,0.0,0.0,0.0,11163.0,999999.0,0.0
1964-03-11,973.34,2100.0,50.0,Rule Curve,50.0,229.0,1000000.0,10000.0,,50.0,16731.0,13000.0,0.0,0.0,0.0,229.0,11224.0,999999.0,0.0
1964-03-12,974.78,2225.0,50.0,Rule Curve,50.0,684.0,1000000.0,10000.0,,50.0,16322.0,13000.0,0.0,0.0,0.0,684.0,11299.0,999999.0,0.0
1964-03-13,975.89,1726.0,50.0,Rule Curve,50.0,608.0,1000000.0,10000.0,,50.0,17098.0,13000.0,0.0,0.0,0.0,608.0,11379.0,999999.0,0.0
1964-03-14,977.25,2119.0,50.0,Rule Curve,50.0,1247.0,1000000.0,10000.0,,50.0,17110.0,13000.0,0.0,0.0,0.0,1247.0,11441.0,999999.0,0.0
1964-03-15,979.8,4066.0,122.0,Rule Curve,50.0,3571.0,1000000.0,10000.0,,50.0,15668.0,13000.0,0.0,0.0,0.0,3571.0,11517.0,999999.0,122.0
1964-03-16,979.46,3203.0,3711.0,Rule Curve,3711.0,10000.0,1000000.0,10000.0,,50.0,15384.0,13000.0,0.0,0.0,0.0,3711.0,11659.0,999999.0,1602.0
1964-03-17,979.44,2781.0,2814.0,Rule Curve,2814.0,10000.0,1000000.0,10000.0,,50.0,15722.0,13000.0,0.0,0.0,0.0,2814.0,11640.0,999999.0,455.0
1964-03-18,980.98,2493.0,112.0,Rule Curve,112.0,2160.0,1000000.0,10000.0,,50.0,17154.0,13000.0,0.0,112.0,0.0,2160.0,11639.0,999999.0,0.0
1964-03-19,980.89,2139.0,2287.0,Rule Curve,2287.0,10000.0,1000000.0,10000.0,,50.0,17336.0,13000.0,0.0,374.0,0.0,2287.0,11725.0,999999.0,283.0
1964-03-20,981.82,1966.0,466.0,Rule Curve,466.0,1747.0,1000000.0,10000.0,,50.0,17014.0,13000.0,0.0,466.0,0.0,1747.0,11720.0,999999.0,0.0
1964-03-21,981.85,1899.0,1857.0,Rule Curve,1857.0,10000.0,1000000.0,10000.0,,50.0,17446.0,13000.0,0.0,488.0,0.0,1857.0,11772.0,999999.0,0.0
1964-03-22,982.62,1784.0,577.0,Rule Curve,577.0,1442.0,1000000.0,10000.0,,50.0,17153.0,13000.0,0.0,577.0,0.0,1442.0,11773.0,999999.0,0.0
1964-03-23,983.23,1640.0,677.0,Rule Curve,677.0,1388.0,1000000.0,10000.0,,50.0,17812.0,13000.0,0.0,677.0,0.0,1388.0,11816.0,999999.0,0.0
1964-03-24,983.7,1496.0,760.0,Rule Curve,760.0,1252.0,1000000.0,10000.0,,50.0,17681.0,13000.0,0.0,760.0,0.0,1252.0,11850.0,999999.0,0.0
1964-03-25,984.03,1362.0,847.0,Rule Curve,847.0,1046.0,1000000.0,10000.0,,50.0,17719.0,13000.0,0.0,847.0,0.0,1046.0,11876.0,999999.0,0.0
1964-03-26,984.27,1285.0,896.0,Rule Curve,896.0,896.0,1000000.0,10000.0,,50.0,17966.0,13000.0,0.0,896.0,0.0,818.0,11895.0,999999.0,0.0
1964-03-27,984.48,1256.0,922.0,Rule Curve,922.0,922.0,1000000.0,10000.0,,50.0,17841.0,13000.0,0.0,922.0,0.0,596.0,11908.0,999999.0,0.0
1964-03-28,984.79,1352.0,857.0,Rule Curve,857.0,857.0,1000000.0,10000.0,,50.0,18025.0,13000.0,0.0,857.0,0.0,481.0,11920.0,999999.0,0.0
1964-03-29,985.69,1966.0,512.0,Rule Curve,512.0,937.0,1000000.0,10000.0,,50.0,17624.0,13000.0,0.0,512.0,0.0,937.0,11937.0,999999.0,0.0
1964-03-30,987.42,2858.0,58.0,Rule Curve,58.0,2045.0,1000000.0,10000.0,,50.0,17276.0,13000.0,0.0,58.0,0.0,2045.0,11987.0,999999.0,0.0
1964-03-31,989.03,3414.0,820.0,Rule Curve,50.0,3211.0,1000000.0,10000.0,,50.0,16560.0,13000.0,0.0,0.0,0.0,3211.0,12082.0,999999.0,820.0
1964-04-01,988.84,3690.0,4000.0,Rule Curve,4000.0,4000.0,1000000.0,4000.0,,50.0,15595.0,13000.0,0.0,0.0,0.0,4029.0,12168.0,999999.0,1789.0
1964-04-02,990.17,3010.0,812.0,Rule Curve,50.0,2923.0,1000000.0,4000.0,,50.0,16468.0,13000.0,0.0,0.0,0.0,2923.0,12158.0,999999.0,812.0
1964-04-03,989.98,2350.0,2663.0,Rule Curve,2663.0,4000.0,1000000.0,4000.0,,50.0,17521.0,13000.0,0.0,249.0,0.0,2663.0,12232.0,999999.0,919.0
1964-04-04,991.02,2070.0,386.0,Rule Curve,386.0,1949.0,1000000.0,4000.0,,50.0,17250.0,13000.0,0.0,386.0,0.0,1949.0,12221.0,999999.0,0.0
1964-04-05,990.95,1980.0,2098.0,Rule Curve,2098.0,4000.0,1000000.0,4000.0,,50.0,18221.0,13000.0,0.0,410.0,0.0,2098.0,12279.0,999999.0,478.0
1964-04-06,991.76,1810.0,463.0,Rule Curve,463.0,1615.0,1000000.0,4000.0,,50.0,17727.0,13000.0,0.0,463.0,0.0,1615.0,12275.0,999999.0,0.0
1964-04-07,992.53,1780.0,492.0,Rule Curve,492.0,1701.0,1000000.0,4000.0,,50.0,18760.0,13000.0,0.0,492.0,0.0,1701.0,12320.0,999999.0,0.0
1964-04-08,992.52,1940.0,1958.0,Rule Curve,1958.0,4000.0,1000000.0,4000.0,,50.0,18432.0,13000.0,0.0,451.0,0.0,1958.0,12363.0,999999.0,296.0
1964-04-09,993.85,2420.0,207.0,Rule Curve,207.0,2154.0,1000000.0,4000.0,,50.0,18214.0,13000.0,0.0,207.0,0.0,2154.0,12362.0,999999.0,0.0
1964-04-10,993.77,3060.0,3199.0,Rule Curve,3199.0,4000.0,1000000.0,4000.0,,50.0,18178.0,13000.0,0.0,0.0,0.0,3199.0,12436.0,999999.0,1587.0
1964-04-11,995.19,3030.0,654.0,Rule Curve,50.0,2790.0,1000000.0,4000.0,,50.0,17705.0,13000.0,0.0,0.0,0.0,2790.0,12432.0,999999.0,654.0
1964-04-12,995.06,2720.0,2939.0,Rule Curve,2939.0,4000.0,1000000.0,4000.0,,50.0,19139.0,13000.0,0.0,0.0,0.0,2939.0,12511.0,999999.0,1224.0
1964-04-13,996.27,2320.0,263.0,Rule Curve,123.0,2184.0,1000000.0,4000.0,,50.0,19094.0,13000.0,0.0,123.0,0.0,2184.0,12503.0,999999.0,263.0
1964-04-14,996.15,2260.0,2467.0,Rule Curve,2467.0,4000.0,1000000.0,4000.0,,50.0,20269.0,13000.0,0.0,195.0,0.0,2467.0,12571.0,999999.0,1362.0
1964-04-15,997.35,2890.0,869.0,Rule Curve,50.0,2749.0,1000000.0,4000.0,,50.0,19306.0,13000.0,0.0,0.0,0.0,2749.0,12564.0,999999.0,869.0
1964-04-16,997.23,3020.0,3220.0,Rule Curve,3220.0,4000.0,1000000.0,4000.0,,50.0,19922.0,13000.0,0.0,0.0,0.0,3220.0,12631.0,999999.0,1215.0
1964-04-17,998.44,2350.0,282.0,Rule Curve,195.0,2140.0,1000000.0,4000.0,,50.0,20391.0,13000.0,0.0,195.0,0.0,2140.0,12624.0,999999.0,282.0
1964-04-18,998.33,1970.0,2164.0,Rule Curve,2164.0,4000.0,1000000.0,4000.0,,50.0,21561.0,13000.0,0.0,422.0,0.0,2164.0,12691.0,999999.0,590.0
1964-04-19,999.04,1760.0,539.0,Rule Curve,539.0,1547.0,1000000.0,4000.0,,50.0,21331.0,13000.0,0.0,539.0,0.0,1547.0,12685.0,999999.0,0.0
1964-04-20,999.69,1700.0,584.0,Rule Curve,584.0,1608.0,1000000.0,4000.0,,50.0,22187.0,13000.0,0.0,584.0,0.0,1608.0,12724.0,999999.0,0.0
1964-04-21,1000.24,1600.0,657.0,Rule Curve,657.0,1537.0,1000000.0,4000.0,,50.0,22477.0,13000.0,0.0,657.0,0.0,1537.0,12761.0,999999.0,58.0
1964-04-22,1000.26,1740.0,1706.0,Rule Curve,1706.0,4000.0,1000000.0,4000.0,,50.0,22074.0,13000.0,0.0,578.0,0.0,1706.0,12791.0,999999.0,215.0
1964-04-23,1000.84,1650.0,654.0,Rule Curve,654.0,1284.0,1000000.0,4000.0,,50.0,22532.0,13000.0,0.0,654.0,0.0,1284.0,12792.0,999999.0,0.0
1964-04-24,1001.31,1520.0,720.0,Rule Curve,720.0,1201.0,1000000.0,4000.0,,50.0,22985.0,13000.0,0.0,720.0,0.0,1201.0,12825.0,999999.0,0.0
1964-04-25,1001.72,1460.0,761.0,Rule Curve,761.0,1065.0,1000000.0,4000.0,,50.0,23212.0,13000.0,0.0,761.0,0.0,1065.0,12850.0,999999.0,0.0
1964-04-26,1002.37,1810.0,667.0,Rule Curve,667.0,1353.0,1000000.0,4000.0,,50.0,23335.0,13000.0,0.0,667.0,0.0,1353.0,12873.0,999999.0,0.0
1964-04-27,1003.32,2260.0,591.0,Rule Curve,591.0,1832.0,1000000.0,4000.0,,50.0,23495.0,13000.0,0.0,591.0,0.0,1832.0,12910.0,999999.0,0.0
1964-04-28,1004.17,2030.0,531.0,Rule Curve,531.0,1864.0,1000000.0,4000.0,,50.0,23754.0,13000.0,0.0,531.0,0.0,1864.0,12962.0,999999.0,261.0
1964-04-29,1004.18,2340.0,2320.0,Rule Curve,2320.0,4000.0,1000000.0,4000.0,,50.0,23624.0,13000.0,0.0,333.0,0.0,2320.0,13000.0,999999.0,865.0
1964-04-30,1005.13,2150.0,464.0,Rule Curve,464.0,1843.0,1000000.0,4000.0,,50.0,23811.0,13000.0,0.0,464.0,0.0,1843.0,13000.0,999999.0,46.0
1964-05-01,1005.16,2020.0,1981.0,Rule Curve,1981.0,4000.0,1000000.0,4000.0,,50.0,24553.0,13000.0,0.0,659.0,0.0,1981.0,13000.0,999999.0,417.0
1964-05-02,1005.71,1750.0,776.0,Rule Curve,776.0,1371.0,1000000.0,4000.0,,50.0,24286.0,13000.0,0.0,776.0,0.0,1371.0,13000.0,999999.0,0.0
1964-05-03,1006.08,1530.0,877.0,Rule Curve,877.0,1182.0,1000000.0,4000.0,,50.0,24958.0,13000.0,0.0,877.0,0.0,1182.0,13000.0,999999.0,0.0
1964-05-04,1006.33,1390.0,937.0,Rule Curve,937.0,965.0,1000000.0,4000.0,,50.0,24684.0,13000.0,0.0,937.0,0.0,965.0,13000.0,999999.0,0.0
1964-05-05,1006.63,1400.0,871.0,Rule Curve,871.0,871.0,1000000.0,4000.0,,50.0,24665.0,13000.0,0.0,871.0,0.0,766.0,13000.0,999999.0,0.0
1964-05-06,1006.86,1310.0,913.0,Rule Curve,913.0,913.0,1000000.0,4000.0,,50.0,24759.0,13000.0,0.0,913.0,0.0,550.0,13000.0,999999.0,0.0
1964-05-07,1007.03,1250.0,953.0,Rule Curve,953.0,953.0,1000000.0,4000.0,,50.0,24660.0,13000.0,0.0,953.0,0.0,326.0,13000.0,999999.0,0.0
1964-05-08,1007.18,1240.0,963.0,Rule Curve,963.0,963.0,1000000.0,4000.0,,50.0,24870.0,13000.0,0.0,963.0,0.0,63.0,13000.0,999999.0,0.0
1964-05-09,1007.41,1340.0,925.0,Rule Curve,925.0,925.0,1000000.0,4000.0,,50.0,24686.0,13000.0,0.0,925.0,0.0,0.0,13000.0,999999.0,0.0
1964-05-10,1008.02,1700.0,592.0,Rule Curve,592.0,592.0,1000000.0,4000.0,,50.0,24707.0,13000.0,0.0,592.0,0.0,148.0,13000.0,999999.0,0.0
1964-05-11,1009.05,2130.0,303.0,Rule Curve,303.0,948.0,1000000.0,4000.0,,50.0,24238.0,13000.0,0.0,303.0,0.0,948.0,13000.0,999999.0,0.0
1964-05-12,1010.0,2360.0,640.0,Rule Curve,124.0,1787.0,1000000.0,4000.0,,50.0,24008.0,13000.0,0.0,124.0,0.0,1787.0,13000.0,999999.0,640.0
1964-05-13,1010.0,2730.0,2730.0,Rule Curve,2730.0,4000.0,1000000.0,4000.0,,50.0,23070.0,13000.0,0.0,0.0,0.0,2730.0,13000.0,999999.0,2315.0
1964-05-14,1010.0,2230.0,2230.0,Rule Curve,2230.0,4000.0,1000000.0,4000.0,,50.0,23349.0,13000.0,0.0,183.0,0.0,2230.0,13000.0,999999.0,2135.0
1964-05-15,1010.0,1960.0,1960.0,Rule Curve,1960.0,4000.0,1000000.0,4000.0,,50.0,24104.0,13000.0,0.0,338.0,0.0,1960.0,13000.0,999999.0,1960.0
1964-05-16,1010.0,2190.0,2190.0,Rule Curve,2190.0,4000.0,1000000.0,4000.0,,50.0,23806.0,13000.0,0.0,0.0,0.0,2190.0,13000.0,999999.0,2190.0
1964-05-17,1010.0,2440.0,2440.0,Rule Curve,2440.0,4000.0,1000000.0,4000.0,,50.0,23686.0,13000.0,0.0,0.0,0.0,2440.0,13000.0,999999.0,2440.0
1964-05-18,1010.0,2550.0,2550.0,Rule Curve,2550.0,4000.0,1000000.0,4000.0,,50.0,23520.0,13000.0,0.0,0.0,0.0,2550.0,13000.0,999999.0,2550.0
1964-05-19,1010.0,2730.0,2730.0,Rule Curve,2730.0,4000.0,1000000.0,4000.0,,50.0,23424.0,13000.0,0.0,0.0,0.0,2730.0,13000.0,999999.0,2730.0
1964-05-20,1010.0,3150.0,3150.0,Rule Curve,3150.0,4000.0,1000000.0,4000.0,,50.0,23072.0,13000.0,0.0,0.0,0.0,3150.0,13000.0,999999.0,3150.0
1964-05-21,1010.0,3520.0,3520.0,Rule Curve,3520.0,4000.0,1000000.0,4000.0,,50.0,22904.0,13000.0,0.0,0.0,0.0,3520.0,13000.0,999999.0,2822.0
1964-05-22,1010.0,2780.0,2780.0,Rule Curve,2780.0,4000.0,1000000.0,4000.0,,50.0,23593.0,13000.0,0.0,0.0,0.0,2780.0,13000.0,999999.0,2298.0
1964-05-23,1010.0,2140.0,2140.0,Rule Curve,2140.0,4000.0,1000000.0,4000.0,,50.0,24300.0,13000.0,0.0,0.0,0.0,2140.0,13000.0,999999.0,1988.0
1964-05-24,1010.0,1950.0,1950.0,Rule Curve,1950.0,4000.0,1000000.0,4000.0,,50.0,24407.0,13000.0,0.0,0.0,0.0,1950.0,13000.0,999999.0,1862.0
1964-05-25,1010.0,1850.0,1850.0,Rule Curve,1850.0,4000.0,1000000.0,4000.0,,50.0,24432.0,13000.0,0.0,42.0,0.0,1850.0,13000.0,999999.0,1850.0
1964-05-26,1010.0,1760.0,1760.0,Rule Curve,1760.0,4000.0,1000000.0,4000.0,,50.0,24462.0,13000.0,0.0,71.0,0.0,1760.0,13000.0,999999.0,1760.0
1964-05-27,1010.0,1920.0,1920.0,Rule Curve,1920.0,4000.0,1000000.0,4000.0,,50.0,24308.0,13000.0,0.0,0.0,0.0,1920.0,13000.0,999999.0,1920.0
1964-05-28,1010.0,2130.0,2130.0,Rule Curve,2130.0,4000.0,1000000.0,4000.0,,50.0,24130.0,13000.0,0.0,0.0,0.0,2130.0,13000.0,999999.0,2130.0
1964-05-29,1010.0,2030.0,2030.0,Rule Curve,2030.0,4000.0,1000000.0,4000.0,,50.0,24188.0,13000.0,0.0,0.0,0.0,2030.0,13000.0,999999.0,2030.0
1964-05-30,1010.0,2270.0,2270.0,Rule Curve,2270.0,4000.0,1000000.0,4000.0,,50.0,24097.0,13000.0,0.0,0.0,0.0,2270.0,13000.0,999999.0,2270.0
1964-05-31,1010.0,2640.0,2640.0,Rule Curve,2640.0,4000.0,1000000.0,4000.0,,50.0,23679.0,13000.0,0.0,0.0,0.0,2640.0,13000.0,999999.0,2640.0
1964-06-01,1010.0,2900.0,2900.0,Rule Curve,2900.0,4000.0,1000000.0,4000.0,,50.0,23464.0,13000.0,0.0,0.0,0.0,2900.0,13000.0,999999.0,2445.0
1964-06-02,1010.0,2380.0,2380.0,Rule Curve,2380.0,4000.0,1000000.0,4000.0,,50.0,23914.0,13000.0,0.0,0.0,0.0,2380.0,13000.0,999999.0,2205.0
1964-06-03,1010.0,2030.0,2030.0,Rule Curve,2030.0,4000.0,1000000.0,4000.0,,50.0,24409.0,13000.0,0.0,0.0,0.0,2030.0,13000.0,999999.0,2030.0
1964-06-04,1010.0,2180.0,2180.0,Rule Curve,2180.0,4000.0,1000000.0,4000.0,,50.0,24234.0,13000.0,0.0,0.0,0.0,2180.0,13000.0,999999.0,2180.0
1964-06-05,1010.0,2520.0,2520.0,Rule Curve,2520.0,4000.0,1000000.0,4000.0,,50.0,23838.0,13000.0,0.0,0.0,0.0,2520.0,13000.0,999999.0,2520.0
1964-06-06,1010.0,2500.0,2500.0,Rule Curve,2500.0,4000.0,1000000.0,4000.0,,50.0,23535.0,13000.0,0.0,0.0,0.0,2500.0,13000.0,999999.0,2500.0
1964-06-07,1010.0,3220.0,3220.0,Rule Curve,3220.0,4000.0,1000000.0,4000.0,,50.0,22885.0,13000.0,0.0,0.0,0.0,3220.0,13000.0,999999.0,2758.0
1964-06-08,1010.0,2900.0,2900.0,Rule Curve,2900.0,4000.0,1000000.0,4000.0,,50.0,22846.0,13000.0,0.0,0.0,0.0,2900.0,13000.0,999999.0,2345.0
1964-06-09,1010.0,2130.0,2130.0,Rule Curve,2130.0,4000.0,1000000.0,4000.0,,50.0,23958.0,13000.0,0.0,0.0,0.0,2130.0,13000.0,999999.0,1958.0
1964-06-10,1010.0,1980.0,1980.0,Rule Curve,1980.0,4000.0,1000000.0,4000.0,,50.0,24098.0,13000.0,0.0,0.0,0.0,1980.0,13000.0,999999.0,1782.0
1964-06-11,1010.0,1740.0,1740.0,Rule Curve,1740.0,4000.0,1000000.0,4000.0,,50.0,24243.0,13000.0,0.0,0.0,0.0,1740.0,13000.0,999999.0,1635.0
1964-06-12,1010.0,1600.0,1600.0,Rule Curve,1600.0,4000.0,1000000.0,4000.0,,50.0,24527.0,13000.0,0.0,100.0,0.0,1600.0,13000.0,999999.0,1562.0
1964-06-13,1010.0,1540.0,1540.0,Rule Curve,1540.0,4000.0,1000000.0,4000.0,,50.0,24493.0,13000.0,0.0,156.0,0.0,1540.0,13000.0,999999.0,1508.0
1964-06-14,1010.0,1520.0,1520.0,Rule Curve,1520.0,4000.0,1000000.0,4000.0,,50.0,24607.0,13000.0,0.0,197.0,0.0,1520.0,13000.0,999999.0,1438.0
1964-06-15,1010.0,1440.0,1440.0,Rule Curve,1440.0,4000.0,1000000.0,4000.0,,50.0,24650.0,13000.0,0.0,289.0,0.0,1440.0,13000.0,999999.0,1440.0
1964-06-16,1010.0,1330.0,1330.0,Rule Curve,1330.0,4000.0,1000000.0,4000.0,,50.0,24739.0,13000.0,0.0,339.0,0.0,1330.0,13000.0,999999.0,1330.0
1964-06-17,1010.0,1530.0,1530.0,Rule Curve,1530.0,4000.0,1000000.0,4000.0,,50.0,24567.0,13000.0,0.0,217.0,0.0,1530.0,13000.0,999999.0,1530.0
1964-06-18,1010.0,1830.0,1830.0,Rule Curve,1830.0,4000.0,1000000.0,4000.0,,50.0,24162.0,13000.0,0.0,0.0,0.0,1830.0,13000.0,999999.0,1685.0
1964-06-19,1010.0,1750.0,1750.0,Rule Curve,1750.0,4000.0,1000000.0,4000.0,,50.0,24176.0,13000.0,0.0,40.0,0.0,1750.0,13000.0,999999.0,1505.0
1964-06-20,1010.0,1450.0,1450.0,Rule Curve,1450.0,4000.0,1000000.0,4000.0,,50.0,24561.0,13000.0,0.0,230.0,0.0,1450.0,13000.0,999999.0,1315.0
1964-06-21,1010.0,1290.0,1290.0,Rule Curve,1290.0,4000.0,1000000.0,4000.0,,50.0,24762.0,13000.0,0.0,351.0,0.0,1290.0,13000.0,999999.0,1228.0
1964-06-22,1010.0,1180.0,1180.0,Rule Curve,1180.0,4000.0,1000000.0,4000.0,,50.0,24861.0,13000.0,0.0,422.0,0.0,1180.0,13000.0,999999.0,1180.0
1964-06-23,1010.0,1190.0,1190.0,Rule Curve,1190.0,4000.0,1000000.0,4000.0,,50.0,24867.0,13000.0,0.0,428.0,0.0,1190.0,13000.0,999999.0,1162.0
1964-06-24,1010.0,1180.0,1180.0,Rule Curve,1180.0,4000.0,1000000.0,4000.0,,50.0,24844.0,13000.0,0.0,452.0,0.0,1180.0,13000.0,999999.0,1105.0
1964-06-25,1010.0,1090.0,1090.0,Rule Curve,1090.0,4000.0,1000000.0,4000.0,,50.0,24925.0,13000.0,0.0,514.0,0.0,1090.0,13000.0,999999.0,1009.0
1964-06-26,1010.0,1020.0,1020.0,Rule Curve,1020.0,4000.0,1000000.0,4000.0,,50.0,25001.0,13000.0,0.0,563.0,0.0,1020.0,13000.0,999999.0,909.0
1964-06-27,1010.0,892.0,892.0,Rule Curve,892.0,4000.0,1000000.0,4000.0,,50.0,25099.0,13000.0,0.0,664.0,0.0,892.0,13000.0,999999.0,814.0
1964-06-28,1010.0,789.0,789.0,Rule Curve,789.0,4000.0,1000000.0,4000.0,,50.0,25202.0,13000.0,0.0,735.0,0.0,789.0,13000.0,999999.0,758.0
1964-06-29,1009.98,735.0,769.0,Rule Curve,769.0,4000.0,1000000.0,4000.0,,50.0,25228.0,13000.0,0.0,769.0,0.0,735.0,13000.0,999999.0,732.0
1964-06-30,1009.95,726.0,783.0,Rule Curve,783.0,4000.0,1000000.0,4000.0,,50.0,25230.0,13000.0,0.0,783.0,0.0,715.0,13000.0,999999.0,692.0
1964-07-01,1009.97,709.0,679.0,Rule Curve,679.0,4000.0,1000000.0,4000.0,,50.0,25277.0,13000.0,0.0,595.0,0.0,679.0,13000.0,999999.0,618.0
1964-07-02,1009.98,671.0,651.0,Rule Curve,651.0,4000.0,1000000.0,4000.0,,50.0,25293.0,13000.0,0.0,615.0,0.0,651.0,13000.0,999999.0,611.0
1964-07-03,1009.96,617.0,657.0,Rule Curve,657.0,4000.0,1000000.0,4000.0,,50.0,25310.0,13000.0,0.0,657.0,0.0,604.0,13000.0,999999.0,577.0
1964-07-04,1009.9,589.0,682.0,Rule Curve,682.0,4000.0,1000000.0,4000.0,,50.0,25319.0,13000.0,0.0,682.0,0.0,562.0,13000.0,999999.0,509.0
1964-07-05,1009.82,553.0,707.0,Rule Curve,707.0,4000.0,1000000.0,4000.0,,50.0,25323.0,13000.0,0.0,707.0,0.0,495.0,13000.0,999999.0,380.0
1964-07-06,1009.71,525.0,722.0,Rule Curve,722.0,722.0,1000000.0,4000.0,,50.0,25334.0,13000.0,0.0,722.0,0.0,416.0,13000.0,999999.0,198.0
1964-07-07,1009.59,509.0,734.0,Rule Curve,734.0,734.0,1000000.0,4000.0,,50.0,25353.0,13000.0,0.0,734.0,0.0,334.0,13000.0,999999.0,0.0
1964-07-08,1009.46,505.0,734.0,Rule Curve,734.0,734.0,1000000.0,4000.0,,50.0,25353.0,13000.0,0.0,734.0,0.0,255.0,13000.0,999999.0,0.0
1964-07-09,1009.32,494.0,753.0,Rule Curve,753.0,753.0,1000000.0,4000.0,,50.0,25354.0,13000.0,0.0,753.0,0.0,168.0,13000.0,999999.0,0.0
1964-07-10,1009.13,450.0,786.0,Rule Curve,786.0,786.0,1000000.0,4000.0,,50.0,25386.0,13000.0,0.0,786.0,0.0,37.0,13000.0,999999.0,0.0
1964-07-11,1008.93,434.0,800.0,Rule Curve,800.0,800.0,1000000.0,4000.0,,50.0,25412.0,13000.0,0.0,800.0,0.0,0.0,13000.0,999999.0,0.0
1964-07-12,1008.71,424.0,806.0,Rule Curve,806.0,806.0,1000000.0,4000.0,,50.0,25429.0,13000.0,0.0,806.0,0.0,0.0,13000.0,999999.0,0.0
1964-07-13,1008.48,404.0,823.0,Rule Curve,823.0,823.0,1000000.0,4000.0,,50.0,25436.0,13000.0,0.0,823.0,0.0,0.0,13000.0,999999.0,0.0
1964-07-14,1008.24,402.0,823.0,Rule Curve,823.0,823.0,1000000.0,4000.0,,50.0,25439.0,13000.0,0.0,823.0,0.0,0.0,13000.0,999999.0,0.0
1964-07-15,1008.15,571.0,719.0,Rule Curve,719.0,719.0,1000000.0,4000.0,,50.0,25376.0,13000.0,0.0,719.0,0.0,0.0,13000.0,999999.0,0.0
1964-07-16,1007.99,503.0,793.0,Rule Curve,793.0,793.0,1000000.0,4000.0,,50.0,25336.0,13000.0,0.0,793.0,0.0,0.0,13000.0,999999.0,0.0
1964-07-17,1007.76,418.0,836.0,Rule Curve,836.0,836.0,1000000.0,4000.0,,50.0,25411.0,13000.0,0.0,836.0,0.0,0.0,13000.0,999999.0,0.0
1964-07-18,1007.5,378.0,854.0,Rule Curve,854.0,854.0,1000000.0,4000.0,,50.0,25433.0,13000.0,0.0,854.0,0.0,0.0,13000.0,999999.0,0.0
1964-07-19,1007.21,354.0,872.0,Rule Curve,872.0,872.0,1000000.0,4000.0,,50.0,25463.0,13000.0,0.0,872.0,0.0,0.0,13000.0,999999.0,0.0
1964-07-20,1006.9,329.0,886.0,Rule Curve,886.0,886.0,1000000.0,4000.0,,50.0,25467.0,13000.0,0.0,886.0,0.0,0.0,13000.0,999999.0,0.0
1964-07-21,1006.58,322.0,888.0,Rule Curve,888.0,888.0,1000000.0,4000.0,,50.0,25482.0,13000.0,0.0,888.0,0.0,0.0,13000.0,999999.0,0.0
1964-07-22,1006.25,317.0,894.0,Rule Curve,894.0,894.0,1000000.0,4000.0,,50.0,25481.0,13000.0,0.0,894.0,0.0,0.0,13000.0,999999.0,0.0
1964-07-23,1005.91,295.0,910.0,Rule Curve,910.0,910.0,1000000.0,4000.0,,50.0,25492.0,13000.0,0.0,910.0,0.0,0.0,13000.0,999999.0,0.0
1964-07-24,1005.55,283.0,919.0,Rule Curve,919.0,919.0,1000000.0,4000.0,,50.0,25508.0,13000.0,0.0,919.0,0.0,0.0,13000.0,999999.0,0.0
1964-07-25,1005.17,274.0,929.0,Rule Curve,929.0,929.0,1000000.0,4000.0,,50.0,25511.0,13000.0,0.0,929.0,0.0,0.0,13000.0,999999.0,0.0
1964-07-26,1004.79,263.0,938.0,Rule Curve,938.0,938.0,1000000.0,4000.0,,50.0,25506.0,13000.0,0.0,938.0,0.0,0.0,13000.0,999999.0,0.0
1964-07-27,1004.4,250.0,946.0,Rule Curve,946.0,946.0,1000000.0,4000.0,,50.0,25403.0,13000.0,0.0,946.0,0.0,0.0,13000.0,999999.0,0.0
1964-07-28,1004.0,244.0,952.0,Rule Curve,952.0,952.0,1000000.0,4000.0,,50.0,25243.0,13000.0,0.0,952.0,0.0,0.0,13000.0,999999.0,0.0
1964-07-29,1003.59,240.0,954.0,Rule Curve,954.0,954.0,1000000.0,4000.0,,50.0,25068.0,13000.0,0.0,954.0,0.0,0.0,13000.0,999999.0,0.0
1964-07-30,1003.18,238.0,956.0,Rule Curve,956.0,956.0,1000000.0,4000.0,,50.0,24893.0,13000.0,0.0,956.0,0.0,0.0,12977.0,999999.0,0.0
1964-07-31,1002.79,248.0,946.0,Rule Curve,946.0,946.0,1000000.0,4000.0,,50.0,24701.0,13000.0,0.0,946.0,0.0,0.0,12955.0,999999.0,0.0
1964-08-01,1002.45,285.0,881.0,Rule Curve,881.0,881.0,1000000.0,4000.0,,50.0,24515.0,13000.0,0.0,881.0,0.0,0.0,12933.0,999999.0,0.0
1964-08-02,1002.17,356.0,858.0,Rule Curve,858.0,858.0,1000000.0,4000.0,,50.0,24334.0,13000.0,0.0,858.0,0.0,0.0,12914.0,999999.0,0.0
1964-08-03,1001.83,300.0,895.0,Rule Curve,895.0,895.0,1000000.0,4000.0,,50.0,24221.0,13000.0,0.0,895.0,0.0,0.0,12898.0,999999.0,0.0
1964-08-04,1001.46,282.0,906.0,Rule Curve,906.0,906.0,1000000.0,4000.0,,50.0,24092.0,13000.0,0.0,906.0,0.0,0.0,12879.0,999999.0,0.0
1964-08-05,1001.1,285.0,911.0,Rule Curve,911.0,911.0,1000000.0,4000.0,,50.0,23935.0,13000.0,0.0,911.0,0.0,0.0,12859.0,999999.0,0.0
1964-08-06,1000.71,259.0,924.0,Rule Curve,924.0,924.0,1000000.0,4000.0,,50.0,23783.0,13000.0,0.0,924.0,0.0,0.0,12839.0,999999.0,0.0
1964-08-07,1000.31,242.0,933.0,Rule Curve,933.0,933.0,1000000.0,4000.0,,50.0,23626.0,13000.0,0.0,933.0,0.0,0.0,12817.0,999999.0,0.0
1964-08-08,999.9,234.0,937.0,Rule Curve,937.0,937.0,1000000.0,4000.0,,50.0,23458.0,13000.0,0.0,937.0,0.0,0.0,12795.0,999999.0,0.0
1964-08-09,999.48,230.0,942.0,Rule Curve,942.0,942.0,1000000.0,4000.0,,50.0,23284.0,13000.0,0.0,942.0,0.0,0.0,12772.0,999999.0,0.0
1964-08-10,999.06,221.0,945.0,Rule Curve,945.0,945.0,1000000.0,4000.0,,50.0,23103.0,13000.0,0.0,945.0,0.0,0.0,12749.0,999999.0,0.0
1964-08-11,998.63,215.0,949.0,Rule Curve,949.0,949.0,1000000.0,4000.0,,50.0,22921.0,13000.0,0.0,949.0,0.0,0.0,12725.0,999999.0,0.0
1964-08-12,998.2,212.0,949.0,Rule Curve,949.0,949.0,1000000.0,4000.0,,50.0,22731.0,13000.0,0.0,949.0,0.0,0.0,12702.0,999999.0,0.0
1964-08-13,997.77,211.0,946.0,Rule Curve,946.0,946.0,1000000.0,4000.0,,50.0,22540.0,13000.0,0.0,946.0,0.0,0.0,12678.0,999999.0,0.0
1964-08-14,997.33,205.0,955.0,Rule Curve,955.0,955.0,1000000.0,4000.0,,50.0,22349.0,13000.0,0.0,955.0,0.0,0.0,12654.0,999999.0,0.0
1964-08-15,996.89,200.0,958.0,Rule Curve,958.0,958.0,1000000.0,4000.0,,50.0,22162.0,13000.0,0.0,958.0,0.0,0.0,12630.0,999999.0,0.0
1964-08-16,996.43,194.0,962.0,Rule Curve,962.0,962.0,1000000.0,4000.0,,50.0,21972.0,13000.0,0.0,962.0,0.0,0.0,12605.0,999999.0,0.0
1964-08-17,995.96,187.0,963.0,Rule Curve,963.0,963.0,1000000.0,4000.0,,50.0,21772.0,13000.0,0.0,963.0,0.0,0.0,12579.0,999999.0,0.0
1964-08-18,995.5,184.0,966.0,Rule Curve,966.0,966.0,1000000.0,4000.0,,50.0,21568.0,13000.0,0.0,966.0,0.0,0.0,12553.0,999999.0,0.0
1964-08-19,995.05,187.0,963.0,Rule Curve,963.0,963.0,1000000.0,4000.0,,50.0,21367.0,13000.0,0.0,963.0,0.0,0.0,12528.0,999999.0,0.0
1964-08-20,994.58,181.0,967.0,Rule Curve,967.0,967.0,1000000.0,4000.0,,50.0,21160.0,13000.0,0.0,967.0,0.0,0.0,12503.0,999999.0,0.0
1964-08-21,994.1,174.0,970.0,Rule Curve,970.0,970.0,1000000.0,4000.0,,50.0,20951.0,13000.0,0.0,970.0,0.0,0.0,12477.0,999999.0,0.0
1964-08-22,993.62,172.0,973.0,Rule Curve,973.0,973.0,1000000.0,4000.0,,50.0,20741.0,13000.0,0.0,973.0,0.0,0.0,12450.0,999999.0,0.0
1964-08-23,993.14,169.0,976.0,Rule Curve,976.0,976.0,1000000.0,4000.0,,50.0,20528.0,13000.0,0.0,976.0,0.0,0.0,12423.0,999999.0,0.0
1964-08-24,992.65,163.0,980.0,Rule Curve,980.0,980.0,1000000.0,4000.0,,50.0,20314.0,13000.0,0.0,980.0,0.0,0.0,12396.0,999999.0,0.0
1964-08-25,992.15,157.0,981.0,Rule Curve,981.0,981.0,1000000.0,4000.0,,50.0,20100.0,13000.0,0.0,981.0,0.0,0.0,12369.0,999999.0,0.0
1964-08-26,991.68,176.0,962.0,Rule Curve,962.0,962.0,1000000.0,4000.0,,50.0,19877.0,13000.0,0.0,962.0,0.0,0.0,12342.0,999999.0,0.0
1964-08-27,991.21,183.0,962.0,Rule Curve,962.0,962.0,1000000.0,4000.0,,50.0,19637.0,13000.0,0.0,962.0,0.0,0.0,12315.0,999999.0,0.0
1964-08-28,990.75,190.0,945.0,Rule Curve,945.0,945.0,1000000.0,4000.0,,50.0,19423.0,13000.0,0.0,945.0,0.0,0.0,12289.0,999999.0,0.0
1964-08-29,990.31,240.0,943.0,Rule Curve,943.0,943.0,1000000.0,4000.0,,50.0,19193.0,13000.0,0.0,943.0,0.0,0.0,12264.0,999999.0,0.0
1964-08-30,989.84,195.0,962.0,Rule Curve,962.0,962.0,1000000.0,4000.0,,50.0,19025.0,13000.0,0.0,962.0,0.0,0.0,12240.0,999999.0,0.0
1964-08-31,989.39,201.0,952.0,Rule Curve,952.0,952.0,1000000.0,4000.0,,50.0,18897.0,13000.0,0.0,952.0,0.0,0.0,12213.0,999999.0,0.0
1964-09-01,988.56,202.0,1558.0,Rule Curve,1558.0,1558.0,1000000.0,4000.0,,50.0,18741.0,13000.0,0.0,1558.0,0.0,0.0,12188.0,3000.0,0.0
1964-09-02,987.72,193.0,1557.0,Rule Curve,1557.0,1557.0,1000000.0,4000.0,,50.0,18671.0,13000.0,0.0,1557.0,0.0,0.0,12143.0,3000.0,0.0
1964-09-03,986.86,184.0,1566.0,Rule Curve,1566.0,1566.0,1000000.0,4000.0,,50.0,18807.0,13000.0,0.0,1566.0,0.0,0.0,12098.0,3000.0,0.0
1964-09-04,985.99,174.0,1573.0,Rule Curve,1573.0,1573.0,1000000.0,4000.0,,50.0,18816.0,13000.0,0.0,1573.0,0.0,0.0,12052.0,3000.0,0.0
1964-09-05,985.12,169.0,1576.0,Rule Curve,1576.0,1576.0,1000000.0,4000.0,,50.0,18851.0,13000.0,0.0,1576.0,0.0,0.0,12004.0,3000.0,0.0
1964-09-06,984.24,164.0,1580.0,Rule Curve,1580.0,1580.0,1000000.0,4000.0,,50.0,18865.0,13000.0,0.0,1580.0,0.0,0.0,11955.0,3000.0,0.0
1964-09-07,983.34,161.0,1581.0,Rule Curve,1581.0,1581.0,1000000.0,4000.0,,50.0,18857.0,13000.0,0.0,1581.0,0.0,0.0,11906.0,3000.0,0.0
1964-09-08,982.43,159.0,1582.0,Rule Curve,1582.0,1582.0,1000000.0,4000.0,,50.0,18875.0,13000.0,0.0,1582.0,0.0,0.0,11856.0,3000.0,0.0
1964-09-09,981.53,154.0,1585.0,Rule Curve,1585.0,1585.0,1000000.0,4000.0,,50.0,18868.0,13000.0,0.0,1585.0,0.0,0.0,11805.0,3000.0,0.0
1964-09-10,980.63,148.0,1587.0,Rule Curve,1587.0,1587.0,1000000.0,4000.0,,50.0,18896.0,13000.0,0.0,1587.0,0.0,0.0,11755.0,3000.0,0.0
1964-09-11,979.69,146.0,1591.0,Rule Curve,1591.0,1591.0,1000000.0,4000.0,,50.0,18897.0,13000.0,0.0,1591.0,0.0,0.0,11705.0,3000.0,0.0
1964-09-12,978.74,141.0,1593.0,Rule Curve,1593.0,1593.0,1000000.0,4000.0,,50.0,18912.0,13000.0,0.0,1593.0,0.0,0.0,11653.0,3000.0,0.0
1964-09-13,977.81,140.0,1596.0,Rule Curve,1596.0,1596.0,1000000.0,4000.0,,50.0,18916.0,13000.0,0.0,1596.0,0.0,0.0,11600.0,3000.0,0.0
1964-09-14,976.87,139.0,1596.0,Rule Curve,1596.0,1596.0,1000000.0,4000.0,,50.0,18725.0,13000.0,0.0,1596.0,0.0,0.0,11548.0,3000.0,0.0
1964-09-15,975.91,135.0,1597.0,Rule Curve,1597.0,1597.0,1000000.0,4000.0,,50.0,18268.0,13000.0,0.0,1597.0,0.0,0.0,11496.0,3000.0,0.0
1964-09-16,974.94,133.0,1598.0,Rule Curve,1598.0,1598.0,1000000.0,4000.0,,50.0,17859.0,13000.0,0.0,1598.0,0.0,0.0,11442.0,3000.0,0.0
1964-09-17,974.11,224.0,1480.0,Rule Curve,1480.0,1480.0,1000000.0,4000.0,,50.0,17516.0,13000.0,0.0,1480.0,0.0,0.0,11388.0,3000.0,0.0
1964-09-18,973.28,261.0,1507.0,Rule Curve,1507.0,1507.0,1000000.0,4000.0,,50.0,17272.0,13000.0,0.0,1507.0,0.0,0.0,11342.0,3000.0,0.0
1964-09-19,972.38,194.0,1555.0,Rule Curve,1555.0,1555.0,1000000.0,4000.0,,50.0,17068.0,13000.0,0.0,1555.0,0.0,0.0,11296.0,3000.0,0.0
1964-09-20,971.54,221.0,1492.0,Rule Curve,1492.0,1492.0,1000000.0,4000.0,,50.0,16903.0,13000.0,0.0,1492.0,0.0,0.0,11246.0,3000.0,0.0
1964-09-21,970.69,227.0,1510.0,Rule Curve,1510.0,1510.0,1000000.0,4000.0,,50.0,16769.0,13000.0,0.0,1510.0,0.0,0.0,11199.0,3000.0,0.0
1964-09-22,969.77,194.0,1545.0,Rule Curve,1545.0,1545.0,1000000.0,4000.0,,50.0,16676.0,13000.0,0.0,1545.0,0.0,0.0,11151.0,3000.0,0.0
1964-09-23,968.85,173.0,1561.0,Rule Curve,1561.0,1561.0,1000000.0,4000.0,,50.0,16620.0,13000.0,0.0,1561.0,0.0,0.0,11100.0,3000.0,0.0
1964-09-24,967.89,165.0,1569.0,Rule Curve,1569.0,1569.0,1000000.0,4000.0,,50.0,16583.0,13000.0,0.0,1569.0,0.0,0.0,11049.0,3000.0,0.0
1964-09-25,966.91,157.0,1576.0,Rule Curve,1576.0,1576.0,1000000.0,4000.0,,50.0,16545.0,13000.0,0.0,1576.0,0.0,0.0,10995.0,3000.0,0.0
1964-09-26,965.9,150.0,1581.0,Rule Curve,1581.0,1581.0,1000000.0,3988.0,,50.0,16508.0,13000.0,0.0,1581.0,0.0,0.0,10941.0,3000.0,0.0
1964-09-27,964.91,146.0,1586.0,Rule Curve,1586.0,1586.0,1000000.0,3854.0,,50.0,16469.0,13000.0,0.0,1586.0,0.0,0.0,10885.0,3000.0,0.0
1964-09-28,963.89,140.0,1590.0,Rule Curve,1590.0,1590.0,1000000.0,3722.0,,50.0,16430.0,13000.0,0.0,1590.0,0.0,0.0,10829.0,3000.0,0.0
1964-09-29,962.86,137.0,1591.0,Rule Curve,1591.0,1591.0,1000000.0,3585.0,,50.0,16389.0,13000.0,0.0,1591.0,0.0,0.0,10771.0,3000.0,0.0
1964-09-30,961.84,145.0,1581.0,Rule Curve,1581.0,1581.0,1000000.0,3448.0,,50.0,16349.0,13000.0,0.0,1581.0,0.0,0.0,10690.0,3000.0,0.0
1964-10-01,959.84,263.0,3084.0,Rule Curve,3084.0,3084.0,1000000.0,3312.0,,50.0,16310.0,13000.0,3084.0,1074.0,0.0,0.0,10477.0,3000.0,0.0
1964-10-02,957.76,215.0,3036.0,Rule Curve,3036.0,3036.0,1000000.0,3045.0,,50.0,16230.0,13000.0,3036.0,1116.0,0.0,0.0,10058.0,3000.0,0.0
1964-10-03,955.87,184.0,2769.0,Rule Curve,2769.0,2769.0,1000000.0,2769.0,,50.0,16148.0,13000.0,3005.0,1131.0,0.0,0.0,9625.0,3000.0,0.0
1964-10-04,954.11,169.0,2515.0,Rule Curve,2515.0,2515.0,1000000.0,2515.0,,50.0,16072.0,13000.0,2995.0,1141.0,0.0,0.0,9227.0,3000.0,0.0
1964-10-05,952.53,155.0,2281.0,Rule Curve,2281.0,2281.0,1000000.0,2281.0,,50.0,16001.0,13000.0,2993.0,1148.0,0.0,0.0,8860.0,3000.0,0.0
1964-10-06,951.06,146.0,2070.0,Rule Curve,2070.0,2070.0,1000000.0,2070.0,,50.0,15936.0,13000.0,3002.0,1152.0,0.0,0.0,8528.0,3000.0,0.0
1964-10-07,949.63,145.0,1969.0,Rule Curve,1969.0,1969.0,1000000.0,1969.0,4760.0,50.0,15877.0,13000.0,3025.0,1153.0,0.0,0.0,8221.0,3000.0,0.0
1964-10-08,948.25,156.0,1921.0,Rule Curve,1921.0,1921.0,1000000.0,1921.0,4760.0,50.0,15820.0,13000.0,3063.0,1143.0,0.0,0.0,7924.0,3000.0,0.0
1964-10-09,946.9,165.0,1875.0,Rule Curve,1875.0,1875.0,1000000.0,1875.0,4760.0,50.0,15769.0,13000.0,3103.0,1143.0,0.0,0.0,7644.0,3000.0,0.0
1964-10-10,945.57,161.0,1830.0,Rule Curve,1830.0,1830.0,1000000.0,1830.0,4760.0,50.0,15716.0,13000.0,3133.0,1143.0,0.0,0.0,7368.0,3000.0,0.0
1964-10-11,944.28,151.0,1786.0,Rule Curve,1786.0,1786.0,1000000.0,1786.0,4760.0,50.0,15666.0,13000.0,3161.0,1149.0,0.0,0.0,7099.0,3000.0,0.0
1964-10-12,942.96,143.0,1743.0,Rule Curve,1743.0,1743.0,1000000.0,1743.0,4760.0,50.0,15616.0,13000.0,3193.0,1154.0,0.0,0.0,6835.0,3000.0,0.0
1964-10-13,941.67,137.0,1699.0,Rule Curve,1699.0,1699.0,1000000.0,1699.0,4760.0,50.0,15564.0,13000.0,3231.0,1158.0,0.0,0.0,6568.0,3000.0,0.0
1964-10-14,940.43,147.0,1656.0,Rule Curve,1656.0,1656.0,1000000.0,1656.0,4760.0,50.0,15518.0,13000.0,3289.0,1154.0,0.0,0.0,6305.0,3000.0,0.0
1964-10-15,939.26,197.0,1614.0,Rule Curve,1614.0,1614.0,1000000.0,1614.0,4760.0,50.0,15474.0,13000.0,3392.0,1135.0,0.0,0.0,6051.0,3000.0,0.0
1964-10-16,938.14,274.0,1575.0,Rule Curve,1575.0,1575.0,1000000.0,1575.0,4760.0,50.0,15432.0,13000.0,3528.0,706.0,0.0,0.0,5813.0,999999.0,0.0
1964-10-17,937.1,285.0,1538.0,Rule Curve,1538.0,1538.0,1000000.0,1538.0,4760.0,50.0,15393.0,13000.0,3606.0,721.0,0.0,0.0,5587.0,999999.0,0.0
1964-10-18,936.02,244.0,1503.0,Rule Curve,1503.0,1503.0,1000000.0,1503.0,4760.0,50.0,15354.0,13000.0,3639.0,735.0,0.0,0.0,5375.0,999999.0,0.0
1964-10-19,934.93,205.0,1467.0,Rule Curve,1467.0,1467.0,1000000.0,1467.0,4760.0,50.0,15313.0,13000.0,3679.0,743.0,0.0,0.0,5154.0,999999.0,0.0
1964-10-20,933.85,180.0,1431.0,Rule Curve,1431.0,1431.0,1000000.0,1431.0,4760.0,50.0,15272.0,13000.0,3739.0,749.0,0.0,0.0,4933.0,999999.0,0.0
1964-10-21,932.75,169.0,1395.0,Rule Curve,1395.0,1395.0,1000000.0,1395.0,4760.0,50.0,15232.0,13000.0,3820.0,754.0,0.0,0.0,4712.0,999999.0,0.0
1964-10-22,931.71,160.0,1358.0,Rule Curve,1358.0,1358.0,1000000.0,1358.0,4760.0,50.0,15191.0,13000.0,3913.0,755.0,0.0,0.0,4489.0,999999.0,0.0
1964-10-23,930.65,154.0,1324.0,Rule Curve,1324.0,1324.0,1000000.0,1324.0,4760.0,50.0,15152.0,13000.0,4018.0,763.0,0.0,0.0,4276.0,999999.0,0.0
1964-10-24,929.62,148.0,1288.0,Rule Curve,1288.0,1288.0,1000000.0,1288.0,4760.0,50.0,15112.0,13000.0,4134.0,785.0,0.0,0.0,4061.0,999999.0,0.0
1964-10-25,928.63,146.0,1254.0,Rule Curve,1254.0,1254.0,1000000.0,1254.0,4760.0,50.0,15069.0,13000.0,4268.0,776.0,0.0,0.0,3852.0,999999.0,0.0
1964-10-26,927.65,142.0,1221.0,Rule Curve,1221.0,1221.0,1000000.0,1221.0,4760.0,50.0,15026.0,13000.0,4414.0,732.0,0.0,0.0,3649.0,999999.0,0.0
1964-10-27,926.69,140.0,1188.0,Rule Curve,1188.0,1188.0,1000000.0,1188.0,4760.0,50.0,14984.0,13000.0,4580.0,739.0,0.0,0.0,3451.0,999999.0,0.0
1964-10-28,925.75,145.0,1156.0,Rule Curve,1156.0,1156.0,1000000.0,1156.0,4760.0,50.0,14942.0,13000.0,4774.0,755.0,0.0,0.0,3255.0,999999.0,0.0
1964-10-29,924.87,156.0,1125.0,Rule Curve,1125.0,1125.0,1000000.0,1125.0,4760.0,50.0,14901.0,13000.0,4997.0,748.0,0.0,0.0,3063.0,999999.0,0.0
1964-10-30,924.08,258.0,1096.0,Rule Curve,1096.0,1096.0,1000000.0,1096.0,4760.0,50.0,14860.0,13000.0,5342.0,695.0,0.0,0.0,2884.0,999999.0,0.0
1964-10-31,923.28,218.0,1069.0,Rule Curve,1069.0,1069.0,1000000.0,1069.0,4760.0,50.0,14824.0,13000.0,5585.0,725.0,0.0,0.0,2723.0,999999.0,0.0
1964-11-01,918.86,190.0,4760.0,Rule Curve,4760.0,4760.0,1000000.0,10000.0,4760.0,50.0,14786.0,13000.0,5879.0,726.0,0.0,0.0,2560.0,999999.0,0.0
1964-11-02,914.61,531.0,4760.0,Rule Curve,4760.0,4760.0,1000000.0,10000.0,4760.0,50.0,14575.0,13000.0,6306.0,584.0,0.0,0.0,2300.0,999999.0,0.0
1964-11-03,910.02,331.0,4760.0,Rule Curve,4760.0,4760.0,1000000.0,10000.0,4760.0,50.0,14358.0,13000.0,6235.0,607.0,0.0,0.0,2300.0,999999.0,0.0
1964-11-04,905.32,387.0,4760.0,Rule Curve,4760.0,4760.0,1000000.0,10000.0,4760.0,50.0,14134.0,13000.0,6426.0,646.0,0.0,0.0,2300.0,999999.0,0.0
1964-11-05,900.33,370.0,4760.0,Rule Curve,4760.0,4760.0,1000000.0,10000.0,4760.0,50.0,13916.0,13000.0,6575.0,625.0,0.0,0.0,2300.0,999999.0,0.0
1964-11-06,895.09,316.0,4760.0,Rule Curve,4760.0,4760.0,1000000.0,10000.0,4760.0,50.0,13679.0,13000.0,6722.0,663.0,0.0,0.0,2300.0,999999.0,0.0
1964-11-07,889.54,281.0,4760.0,Rule Curve,4760.0,4760.0,1000000.0,10000.0,4760.0,50.0,13357.0,13000.0,6933.0,682.0,0.0,0.0,2300.0,999999.0,0.0
1964-11-08,883.66,253.0,4760.0,Rule Curve,4760.0,4760.0,1000000.0,10000.0,4760.0,50.0,12931.0,13000.0,7215.0,692.0,0.0,0.0,2300.0,999999.0,0.0
1964-11-09,877.43,264.0,4760.0,Rule Curve,4760.0,4760.0,1000000.0,10000.0,4760.0,50.0,12410.0,13000.0,7635.0,674.0,0.0,0.0,2300.0,999999.0,0.0
1964-11-10,871.38,618.0,4760.0,Rule Curve,4760.0,4760.0,1000000.0,10000.0,4760.0,50.0,11869.0,13000.0,8564.0,550.0,0.0,0.0,2300.0,999999.0,0.0
1964-11-11,865.18,751.0,4760.0,Rule Curve,4760.0,4760.0,1000000.0,10000.0,4760.0,50.0,11328.0,13000.0,9648.0,390.0,0.0,0.0,2300.0,999999.0,0.0
1964-11-12,858.95,978.0,4760.0,Rule Curve,4760.0,4760.0,1000000.0,10000.0,4760.0,50.0,10774.0,13000.0,11504.0,281.0,0.0,0.0,2300.0,999999.0,0.0
1964-11-13,851.81,705.0,4760.0,Rule Curve,4760.0,4760.0,1000000.0,10000.0,4760.0,50.0,10172.0,13000.0,14603.0,454.0,0.0,0.0,2300.0,999999.0,0.0
1964-11-14,843.68,520.0,4760.0,Rule Curve,4760.0,4760.0,1000000.0,10000.0,4760.0,50.0,9477.0,13000.0,24262.0,542.0,0.0,0.0,2300.0,999999.0,0.0
1964-11-15,834.43,428.0,4760.0,Rule Curve,4760.0,4760.0,1000000.0,10000.0,4760.0,50.0,8673.0,13000.0,19929.0,594.0,0.0,0.0,2300.0,999999.0,0.0
1964-11-16,823.64,386.0,4760.0,Rule Curve,4760.0,4760.0,1000000.0,10000.0,4760.0,50.0,7751.0,13000.0,15555.0,889.0,0.0,0.0,2300.0,999999.0,0.0
1964-11-17,811.05,359.0,4760.0,Rule Curve,4760.0,4760.0,1000000.0,10000.0,4760.0,50.0,6699.0,13000.0,11154.0,899.0,0.0,0.0,2300.0,999999.0,0.0
1964-11-18,792.33,348.0,4760.0,Rule Curve,4760.0,4760.0,1000000.0,10000.0,4760.0,50.0,5654.0,13000.0,6742.0,904.0,0.0,0.0,2300.0,999999.0,0.0
1964-11-19,780.0,341.0,2323.0,Rule Curve,2323.0,2323.0,1000000.0,10000.0,4760.0,50.0,3909.0,13000.0,2323.0,902.0,0.0,0.0,2300.0,999999.0,0.0
1964-11-20,774.62,348.0,891.0,Rule Curve,891.0,891.0,1000000.0,10000.0,4760.0,50.0,2020.0,13000.0,348.0,891.0,0.0,0.0,2300.0,999999.0,0.0
1964-11-21,774.62,389.0,389.0,Rule Curve,389.0,389.0,389.0,10000.0,4760.0,50.0,1511.0,13000.0,0.0,872.0,0.0,0.0,2300.0,999999.0,0.0
1964-11-22,774.62,514.0,514.0,Rule Curve,514.0,514.0,514.0,10000.0,4760.0,50.0,1622.0,13000.0,0.0,798.0,0.0,0.0,2300.0,999999.0,0.0
1964-11-23,780.0,1678.0,1135.0,Rule Curve,1135.0,1135.0,1678.0,10000.0,4760.0,50.0,2673.0,13000.0,1135.0,362.0,0.0,0.0,2300.0,999999.0,0.0
1964-11-24,815.32,13330.0,5536.0,Rule Curve,5718.0,5718.0,1000000.0,10000.0,14525.0,50.0,5718.0,9726.0,13330.0,0.0,0.0,0.0,2300.0,999999.0,0.0
1964-11-25,824.7,10741.0,7312.0,Rule Curve,7312.0,7312.0,1000000.0,10000.0,11936.0,50.0,7312.0,13000.0,18535.0,0.0,0.0,0.0,2300.0,999999.0,0.0
1964-11-26,821.74,4392.0,5587.0,Rule Curve,5587.0,5587.0,1000000.0,10000.0,5587.0,50.0,7343.0,13000.0,15615.0,0.0,0.0,0.0,2300.0,999999.0,0.0
1964-11-27,816.39,2877.0,4760.0,Rule Curve,4760.0,4760.0,1000000.0,10000.0,4760.0,50.0,6834.0,13000.0,12905.0,0.0,0.0,0.0,2300.0,999999.0,0.0
1964-11-28,809.21,2465.0,4760.0,Rule Curve,4760.0,4760.0,1000000.0,10000.0,4760.0,50.0,6309.0,13000.0,10610.0,0.0,0.0,0.0,2300.0,999999.0,0.0
1964-11-29,805.44,5140.0,6090.0,Rule Curve,6090.0,6090.0,1000000.0,10000.0,6335.0,50.0,6090.0,13000.0,10990.0,0.0,0.0,0.0,2300.0,999999.0,0.0
1964-11-30,815.94,9504.0,6406.0,Rule Curve,6406.0,6406.0,1000000.0,10000.0,10699.0,50.0,6406.0,11192.0,14404.0,0.0,0.0,0.0,2300.0,999999.0,0.0
1964-12-01,838.26,16974.0,8066.0,Rule Curve,8066.0,8066.0,1000000.0,10000.0,18169.0,50.0,8066.0,10254.0,24971.0,0.0,0.0,0.0,2300.0,999999.0,0.0
1964-12-02,847.34,13042.0,8553.0,Rule Curve,8553.0,8553.0,1000000.0,10000.0,14237.0,50.0,8553.0,13000.0,29948.0,0.0,0.0,0.0,2300.0,999999.0,0.0
1964-12-03,845.07,6416.0,7611.0,Rule Curve,7611.0,7611.0,1000000.0,10000.0,7611.0,50.0,9613.0,13000.0,27810.0,0.0,0.0,0.0,2300.0,999999.0,0.0
1964-12-04,842.66,4066.0,5261.0,Rule Curve,5261.0,5261.0,1000000.0,10000.0,5261.0,50.0,9184.0,13000.0,24266.0,0.0,0.0,0.0,2300.0,999999.0,0.0
1964-12-05,838.86,2934.0,4760.0,Rule Curve,4760.0,4760.0,1000000.0,10000.0,4760.0,50.0,8846.0,13000.0,21939.0,0.0,0.0,0.0,2300.0,999999.0,0.0
1964-12-06,833.46,2311.0,4760.0,Rule Curve,4760.0,4760.0,1000000.0,10000.0,4760.0,50.0,8409.0,13000.0,19491.0,0.0,0.0,0.0,2300.0,999999.0,0.0
1964-12-07,826.47,1966.0,4760.0,Rule Curve,4760.0,4760.0,1000000.0,10000.0,4760.0,50.0,7845.0,13000.0,16697.0,0.0,0.0,0.0,2300.0,999999.0,0.0
1964-12-08,821.3,2676.0,4760.0,Rule Curve,4760.0,4760.0,1000000.0,10000.0,4760.0,50.0,7286.0,13000.0,14612.0,0.0,0.0,0.0,2300.0,999999.0,0.0
1964-12-09,816.44,3069.0,4760.0,Rule Curve,4760.0,4760.0,1000000.0,10000.0,4760.0,50.0,6815.0,13000.0,12921.0,0.0,0.0,0.0,2300.0,999999.0,0.0
1964-12-10,812.8,5476.0,6671.0,Rule Curve,6671.0,6671.0,1000000.0,10000.0,6671.0,50.0,6702.0,13000.0,13637.0,0.0,0.0,0.0,2300.0,999999.0,0.0
1964-12-11,808.89,5064.0,6258.0,Rule Curve,6258.0,6258.0,1000000.0,10000.0,6258.0,50.0,6327.0,13000.0,12030.0,0.0,0.0,0.0,2300.0,999999.0,0.0
1964-12-12,803.14,3309.0,4760.0,Rule Curve,4760.0,4760.0,1000000.0,10000.0,4760.0,50.0,5885.0,13000.0,9080.0,0.0,0.0,0.0,2300.0,999999.0,0.0
1964-12-13,792.78,2513.0,4760.0,Rule Curve,4760.0,4760.0,1000000.0,10000.0,4760.0,50.0,5451.0,13000.0,6832.0,0.0,0.0,0.0,2300.0,999999.0,0.0
1964-12-14,786.78,4009.0,5055.0,Rule Curve,5055.0,5055.0,1000000.0,10000.0,5203.0,50.0,5055.0,13000.0,6081.0,0.0,0.0,0.0,2300.0,999999.0,0.0
1964-12-15,791.43,5783.0,5008.0,Rule Curve,5027.0,5027.0,1000000.0,10000.0,6978.0,50.0,5027.0,13000.0,6809.0,0.0,0.0,0.0,2300.0,999999.0,0.0
1964-12-16,784.0,3577.0,4772.0,Rule Curve,4772.0,4772.0,1000000.0,10000.0,4772.0,50.0,4880.0,13000.0,5378.0,0.0,0.0,0.0,2300.0,999999.0,0.0
1964-12-17,780.0,2628.0,3233.0,Rule Curve,3233.0,3233.0,1000000.0,10000.0,4760.0,50.0,4141.0,13000.0,3233.0,0.0,0.0,0.0,2300.0,999999.0,0.0
1964-12-18,780.0,2186.0,2186.0,Rule Curve,2186.0,2186.0,1000000.0,10000.0,4760.0,50.0,3514.0,13000.0,2186.0,0.0,0.0,0.0,2300.0,999999.0,0.0
1964-12-19,780.0,1995.0,1995.0,Rule Curve,1995.0,1995.0,1000000.0,10000.0,4760.0,50.0,3389.0,13000.0,1995.0,0.0,0.0,0.0,2300.0,999999.0,0.0
1964-12-20,780.0,1889.0,1889.0,Rule Curve,1889.0,1889.0,1000000.0,10000.0,4760.0,50.0,3319.0,13000.0,1889.0,0.0,0.0,0.0,2300.0,999999.0,0.0
1964-12-21,826.95,12179.0,50.0,Rule Curve,50.0,50.0,1000000.0,10000.0,13374.0,50.0,4454.0,0.0,0.0,0.0,0.0,0.0,2300.0,999999.0,0.0
1964-12-22,903.25,48142.0,50.0,Rule Curve,50.0,50.0,1000000.0,10000.0,49337.0,50.0,0.0,0.0,0.0,0.0,0.0,26069.0,2300.0,999999.0,0.0
1964-12-23,936.3,33949.0,50.0,Rule Curve,50.0,50.0,1000000.0,10000.0,35143.0,50.0,0.0,844.0,0.0,0.0,0.0,27906.0,2300.0,999999.0,15822.0
1964-12-24,958.53,29154.0,950.0,Top of Dam,950.0,950.0,1000000.0,10000.0,30348.0,50.0,950.0,3367.0,0.0,0.0,0.0,34411.0,5211.0,999999.0,25277.0
1964-12-25,966.67,15919.0,4448.0,Top of Dam,4448.0,4448.0,1000000.0,10000.0,,50.0,4448.0,7809.0,0.0,0.0,0.0,30578.0,9784.0,999999.0,28051.0
1964-12-26,974.33,14960.0,3558.0,Top of Dam,3558.0,3558.0,1000000.0,10000.0,,50.0,3558.0,8504.0,0.0,0.0,0.0,33443.0,10928.0,999999.0,28372.0
1964-12-27,976.04,9274.0,6696.0,Top of Dam,6696.0,6696.0,1000000.0,10000.0,,50.0,6696.0,12806.0,0.0,0.0,0.0,31557.0,11354.0,999999.0,28455.0
1964-12-28,974.33,5409.0,7988.0,Top of Dam,7988.0,7988.0,1000000.0,10000.0,,50.0,7988.0,13000.0,0.0,0.0,0.0,28551.0,11449.0,999999.0,27185.0
1964-12-29,969.8,3807.0,10612.0,Top of Dam,10612.0,10612.0,1000000.0,10000.0,,50.0,10612.0,13000.0,0.0,0.0,0.0,26090.0,11354.0,999999.0,25283.0
1964-12-30,964.14,2887.0,11102.0,Top of Dam,11102.0,11102.0,1000000.0,10000.0,,50.0,13387.0,13000.0,0.0,0.0,0.0,22901.0,11102.0,999999.0,22392.0
1964-12-31,958.05,2282.0,10785.0,Top of Dam,10785.0,10785.0,1000000.0,10000.0,,50.0,15081.0,13000.0,0.0,0.0,0.0,19559.0,10785.0,999999.0,19347.0
1965-01-01,952.3,1937.0,9684.0,Top of Dam,9684.0,9684.0,1000000.0,10000.0,,50.0,16185.0,13000.0,0.0,0.0,0.0,16379.0,9684.0,999999.0,16394.0
1965-01-02,947.22,1966.0,8480.0,Top of Dam,8480.0,8480.0,1000000.0,10000.0,,50.0,15956.0,13000.0,0.0,0.0,0.0,13826.0,8480.0,999999.0,13713.0
1965-01-03,944.97,1928.0,4760.0,Top of Dam,4760.0,4760.0,1000000.0,10000.0,4760.0,50.0,15756.0,13000.0,0.0,0.0,0.0,11616.0,7434.0,999999.0,11423.0
1965-01-04,942.43,1640.0,4760.0,Top of Dam,4760.0,4760.0,1000000.0,10000.0,4760.0,50.0,15666.0,13000.0,0.0,0.0,0.0,10384.0,6976.0,999999.0,10443.0
1965-01-05,939.83,1611.0,4760.0,Top of Dam,4760.0,4760.0,1000000.0,10000.0,4760.0,50.0,15568.0,13000.0,0.0,0.0,0.0,9315.0,6460.0,999999.0,9397.0
1965-01-06,937.36,1822.0,4760.0,Top of Dam,4760.0,4760.0,1000000.0,10000.0,4760.0,50.0,15478.0,13000.0,0.0,0.0,0.0,8476.0,5930.0,999999.0,8299.0
1965-01-07,934.67,1621.0,4760.0,Top of Dam,4760.0,4760.0,1000000.0,10000.0,4760.0,50.0,15385.0,13000.0,0.0,0.0,0.0,7296.0,5427.0,999999.0,7167.0
1965-01-08,931.78,1467.0,4760.0,Top of Dam,4760.0,4760.0,1000000.0,10000.0,4760.0,50.0,15284.0,13000.0,0.0,36.0,0.0,6096.0,4879.0,999999.0,6520.0
1965-01-09,929.14,1362.0,4290.0,Top of Dam,4290.0,4290.0,1000000.0,10000.0,4760.0,50.0,15175.0,13000.0,0.0,141.0,0.0,4893.0,4290.0,999999.0,6257.0
1965-01-10,928.3,2820.0,3753.0,Top of Dam,3753.0,3753.0,1000000.0,10000.0,4760.0,50.0,14798.0,13000.0,0.0,0.0,0.0,5374.0,3753.0,999999.0,5722.0
1965-01-11,928.65,3970.0,3582.0,Top of Dam,3582.0,3582.0,1000000.0,10000.0,5165.0,50.0,13911.0,13000.0,0.0,0.0,0.0,6214.0,3582.0,999999.0,5225.0
1965-01-12,927.77,2685.0,3653.0,Top of Dam,3653.0,3653.0,1000000.0,10000.0,4760.0,50.0,15083.0,13000.0,0.0,0.0,0.0,5058.0,3653.0,999999.0,4837.0
1965-01-13,926.67,2263.0,3475.0,Top of Dam,3475.0,3475.0,1000000.0,10000.0,4760.0,50.0,15035.0,13000.0,0.0,0.0,0.0,4314.0,3475.0,999999.0,4811.0
1965-01-14,925.88,2417.0,3250.0,Top of Dam,3250.0,3250.0,1000000.0,10000.0,4760.0,50.0,14991.0,13000.0,0.0,0.0,0.0,4063.0,3250.0,999999.0,5021.0
1965-01-15,926.34,3577.0,3091.0,Top of Dam,3091.0,3091.0,1000000.0,10000.0,4772.0,50.0,14984.0,13000.0,0.0,0.0,0.0,4946.0,3091.0,999999.0,5130.0
1965-01-16,927.2,4104.0,3183.0,Top of Dam,3183.0,3183.0,1000000.0,10000.0,5299.0,50.0,15014.0,13000.0,0.0,0.0,0.0,5636.0,3183.0,999999.0,5254.0
1965-01-17,927.4,3577.0,3358.0,Top of Dam,3358.0,3358.0,1000000.0,10000.0,4772.0,50.0,15038.0,13000.0,0.0,0.0,0.0,5415.0,3358.0,999999.0,5363.0
1965-01-18,927.45,3462.0,3398.0,Top of Dam,3398.0,3398.0,1000000.0,10000.0,4760.0,50.0,15044.0,13000.0,0.0,0.0,0.0,5373.0,3398.0,999999.0,5346.0
1965-01-19,927.54,3510.0,3410.0,Top of Dam,3410.0,3410.0,1000000.0,10000.0,4760.0,50.0,15047.0,13000.0,0.0,0.0,0.0,5442.0,3410.0,999999.0,5300.0
1965-01-20,927.44,3309.0,3428.0,Top of Dam,3428.0,3428.0,1000000.0,10000.0,4760.0,50.0,15047.0,13000.0,0.0,0.0,0.0,5274.0,3428.0,999999.0,5046.0
1965-01-21,927.3,3261.0,3406.0,Top of Dam,3406.0,3406.0,1000000.0,10000.0,4760.0,50.0,15042.0,13000.0,0.0,0.0,0.0,5186.0,3406.0,999999.0,5674.0
1965-01-22,926.63,2647.0,3380.0,Top of Dam,3380.0,3380.0,1000000.0,10000.0,4760.0,50.0,15024.0,13000.0,0.0,0.0,0.0,4524.0,3380.0,999999.0,6974.0
1965-01-23,928.51,5313.0,3242.0,Top of Dam,3242.0,3242.0,1000000.0,10000.0,6508.0,50.0,14466.0,13000.0,0.0,0.0,0.0,6945.0,3242.0,999999.0,7357.0
1965-01-24,931.83,7308.0,3625.0,Top of Dam,3625.0,3625.0,1000000.0,10000.0,8502.0,50.0,12549.0,13000.0,0.0,0.0,0.0,9631.0,3625.0,999999.0,7452.0
1965-01-25,932.03,4526.0,4301.0,Top of Dam,4301.0,4301.0,1000000.0,10000.0,5721.0,50.0,14485.0,13000.0,0.0,0.0,0.0,8077.0,4301.0,999999.0,11742.0
1965-01-26,931.3,3529.0,4342.0,Top of Dam,4342.0,4342.0,1000000.0,10000.0,4760.0,50.0,14392.0,13000.0,0.0,0.0,0.0,7155.0,4342.0,999999.0,14406.0
1965-01-27,945.19,16495.0,50.0,Top of Dam,50.0,50.0,1000000.0,10000.0,17690.0,50.0,9007.0,0.0,0.0,0.0,0.0,19849.0,4193.0,999999.0,26558.0
1965-01-28,971.15,35579.0,50.0,Top of Dam,50.0,50.0,1000000.0,10000.0,36774.0,50.0,1107.0,0.0,0.0,0.0,0.0,44415.0,7021.0,999999.0,32788.0
1965-01-29,982.1,21769.0,4956.0,Top of Dam,4956.0,4956.0,1000000.0,10000.0,,50.0,4956.0,5887.0,0.0,0.0,0.0,42448.0,11177.0,999999.0,35132.0
1965-01-30,988.73,14481.0,3873.0,Top of Dam,3873.0,3873.0,1000000.0,10000.0,,50.0,3873.0,10063.0,0.0,0.0,0.0,40765.0,11787.0,999999.0,34650.0
1965-01-31,989.44,9245.0,8070.0,Top of Dam,8070.0,8070.0,1000000.0,10000.0,,50.0,8070.0,12435.0,0.0,0.0,0.0,39064.0,12152.0,999999.0,33949.0
1965-02-01,987.91,5668.0,8166.0,Top of Dam,8166.0,8166.0,1000000.0,10000.0,,50.0,8166.0,13000.0,0.0,0.0,0.0,35879.0,12191.0,999999.0,31523.0
1965-02-02,983.24,3932.0,11422.0,Top of Dam,11422.0,11422.0,1000000.0,10000.0,,50.0,11422.0,13000.0,0.0,0.0,0.0,32586.0,12108.0,999999.0,28879.0
1965-02-03,977.54,2944.0,11851.0,Top of Dam,11851.0,11851.0,1000000.0,10000.0,,50.0,13939.0,13000.0,0.0,0.0,0.0,28378.0,11851.0,999999.0,25078.0
1965-02-04,971.52,2398.0,11533.0,Top of Dam,11533.0,11533.0,1000000.0,10000.0,,50.0,15188.0,13000.0,0.0,0.0,0.0,24139.0,11533.0,999999.0,21097.0
1965-02-05,965.37,2177.0,11198.0,Top of Dam,11198.0,11198.0,1000000.0,10000.0,,50.0,16334.0,13000.0,0.0,0.0,0.0,20170.0,11198.0,999999.0,17111.0
1965-02-06,959.1,2024.0,10855.0,Top of Dam,10855.0,10855.0,1000000.0,10000.0,,50.0,16056.0,13000.0,0.0,0.0,0.0,16307.0,10855.0,999999.0,13259.0
1965-02-07,953.39,1784.0,9504.0,Top of Dam,9504.0,9504.0,1000000.0,10000.0,,50.0,16224.0,13000.0,0.0,0.0,0.0,12405.0,9903.0,999999.0,9504.0
1965-02-08,950.05,1793.0,6139.0,Top of Dam,6139.0,6139.0,1000000.0,10000.0,,50.0,15997.0,13000.0,0.0,0.0,0.0,9148.0,8709.0,999999.0,6139.0
1965-02-09,948.42,1755.0,3854.0,Top of Dam,3854.0,3854.0,1000000.0,10000.0,4760.0,50.0,15863.0,13000.0,0.0,0.0,0.0,6959.0,8011.0,999999.0,3854.0
1965-02-10,947.84,1563.0,2301.0,Top of Dam,2301.0,2301.0,1000000.0,10000.0,4760.0,50.0,15794.0,13000.0,0.0,0.0,0.0,5358.0,7679.0,999999.0,2301.0
1965-02-11,947.93,1438.0,1321.0,Top of Dam,1321.0,1321.0,1000000.0,10000.0,4760.0,50.0,15773.0,13000.0,0.0,73.0,0.0,4262.0,7560.0,999999.0,1321.0
1965-02-12,948.36,1362.0,824.0,Top of Dam,824.0,824.0,1000000.0,10000.0,4760.0,50.0,15775.0,13000.0,0.0,121.0,0.0,3538.0,7579.0,999999.0,824.0
1965-02-13,949.19,1515.0,460.0,Top of Dam,460.0,460.0,1000000.0,10000.0,4760.0,50.0,15793.0,13000.0,0.0,14.0,0.0,3179.0,7666.0,999999.0,460.0
1965-02-14,950.56,1937.0,168.0,Top of Dam,168.0,168.0,1000000.0,10000.0,4760.0,50.0,15831.0,13000.0,0.0,0.0,0.0,3238.0,7835.0,999999.0,168.0
1965-02-15,951.86,1726.0,50.0,Top of Dam,50.0,50.0,1000000.0,10000.0,4760.0,50.0,15883.0,13000.0,0.0,0.0,0.0,2903.0,8117.0,999999.0,0.0
1965-02-16,953.06,1630.0,50.0,Top of Dam,50.0,50.0,1000000.0,10000.0,4760.0,50.0,15933.0,13000.0,0.0,0.0,0.0,2643.0,8388.0,999999.0,0.0
1965-02-17,954.19,1582.0,50.0,Top of Dam,50.0,50.0,1000000.0,10000.0,,50.0,15981.0,13000.0,0.0,0.0,0.0,2439.0,8640.0,999999.0,0.0
1965-02-18,953.69,1640.0,2309.0,Rule Curve,2309.0,10000.0,1000000.0,10000.0,,50.0,16028.0,13000.0,0.0,0.0,0.0,2309.0,8877.0,999999.0,0.0
1965-02-19,954.96,1726.0,50.0,Rule Curve,50.0,1456.0,1000000.0,10000.0,,50.0,16009.0,13000.0,0.0,0.0,0.0,1456.0,8773.0,999999.0,0.0
1965-02-20,956.13,1640.0,50.0,Rule Curve,50.0,1214.0,1000000.0,10000.0,,50.0,16059.0,13000.0,0.0,0.0,0.0,1214.0,9038.0,999999.0,0.0
1965-02-21,957.24,1563.0,50.0,Rule Curve,50.0,942.0,1000000.0,10000.0,,50.0,16104.0,13000.0,0.0,0.0,0.0,942.0,9283.0,999999.0,0.0
1965-02-22,958.54,1812.0,50.0,Rule Curve,50.0,1015.0,1000000.0,10000.0,,50.0,16152.0,13000.0,0.0,0.0,0.0,1015.0,9515.0,999999.0,0.0
1965-02-23,959.7,1630.0,50.0,Rule Curve,50.0,731.0,1000000.0,10000.0,,50.0,16200.0,13000.0,0.0,0.0,0.0,731.0,9786.0,999999.0,0.0
1965-02-24,960.76,1534.0,50.0,Rule Curve,50.0,456.0,1000000.0,10000.0,,50.0,16244.0,13000.0,0.0,0.0,0.0,456.0,10029.0,999999.0,0.0
1965-02-25,961.78,1496.0,50.0,Rule Curve,50.0,207.0,1000000.0,10000.0,,50.0,16285.0,13000.0,0.0,7.0,0.0,207.0,10251.0,999999.0,0.0
1965-02-26,962.77,1448.0,50.0,Rule Curve,50.0,50.0,1000000.0,10000.0,,50.0,16325.0,13000.0,0.0,46.0,0.0,0.0,10466.0,999999.0,0.0
1965-02-27,964.36,2292.0,50.0,Rule Curve,50.0,522.0,1000000.0,10000.0,,50.0,16377.0,13000.0,0.0,0.0,0.0,522.0,10673.0,999999.0,0.0
1965-02-28,965.81,2129.0,50.0,Rule Curve,50.0,384.0,1000000.0,10000.0,,50.0,16436.0,13000.0,0.0,0.0,0.0,384.0,10798.0,999999.0,0.0
1965-03-01,967.03,1784.0,50.0,Rule Curve,50.0,50.0,1000000.0,10000.0,,50.0,16488.0,13000.0,0.0,0.0,0.0,42.0,10879.0,999999.0,0.0
1965-03-02,968.1,1621.0,50.0,Rule Curve,50.0,106.0,1000000.0,10000.0,,50.0,16532.0,13000.0,0.0,0.0,0.0,106.0,10947.0,999999.0,0.0
1965-03-03,969.09,1506.0,50.0,Rule Curve,50.0,222.0,1000000.0,10000.0,,50.0,16572.0,13000.0,0.0,0.0,0.0,222.0,11007.0,999999.0,0.0
1965-03-04,970.0,1419.0,50.0,Rule Curve,50.0,324.0,1000000.0,10000.0,,50.0,16609.0,13000.0,0.0,46.0,0.0,324.0,11062.0,999999.0,0.0
1965-03-05,970.85,1352.0,102.0,Rule Curve,102.0,360.0,1000000.0,10000.0,,50.0,16645.0,13000.0,0.0,102.0,0.0,360.0,11113.0,999999.0,0.0
1965-03-06,971.6,1266.0,150.0,Rule Curve,150.0,388.0,1000000.0,10000.0,,50.0,16715.0,13000.0,0.0,150.0,0.0,388.0,11161.0,999999.0,0.0
1965-03-07,972.29,1228.0,186.0,Rule Curve,186.0,419.0,1000000.0,10000.0,,50.0,16802.0,13000.0,0.0,186.0,0.0,419.0,11202.0,999999.0,0.0
1965-03-08,972.92,1180.0,213.0,Rule Curve,213.0,365.0,1000000.0,10000.0,,50.0,16909.0,13000.0,0.0,213.0,0.0,365.0,11240.0,999999.0,0.0
1965-03-09,973.52,1132.0,235.0,Rule Curve,235.0,337.0,1000000.0,10000.0,,50.0,17024.0,13000.0,0.0,235.0,0.0,337.0,11276.0,999999.0,0.0
1965-03-10,974.09,1112.0,250.0,Rule Curve,250.0,314.0,1000000.0,10000.0,,50.0,17148.0,13000.0,0.0,250.0,0.0,314.0,11309.0,999999.0,0.0
1965-03-11,974.64,1093.0,256.0,Rule Curve,256.0,280.0,1000000.0,10000.0,,50.0,17296.0,13000.0,0.0,256.0,0.0,280.0,11341.0,999999.0,0.0
1965-03-12,975.16,1055.0,272.0,Rule Curve,272.0,272.0,1000000.0,10000.0,,50.0,17463.0,13000.0,0.0,272.0,0.0,168.0,11371.0,999999.0,0.0
1965-03-13,975.6,988.0,315.0,Rule Curve,315.0,315.0,1000000.0,10000.0,,50.0,17629.0,13000.0,0.0,315.0,0.0,59.0,11400.0,999999.0,0.0
1965-03-14,975.98,917.0,353.0,Rule Curve,353.0,353.0,1000000.0,10000.0,,50.0,17790.0,13000.0,0.0,353.0,0.0,0.0,11425.0,999999.0,0.0
1965-03-15,976.29,861.0,392.0,Rule Curve,392.0,392.0,1000000.0,10000.0,,50.0,17930.0,13000.0,0.0,392.0,0.0,0.0,11446.0,999999.0,0.0
1965-03-16,976.09,817.0,1119.0,Rule Curve,1119.0,1119.0,1000000.0,10000.0,,50.0,18056.0,13000.0,0.0,1119.0,0.0,0.0,11463.0,999999.0,0.0
1965-03-17,975.84,777.0,1148.0,Rule Curve,1148.0,1148.0,1000000.0,10000.0,,50.0,17966.0,13000.0,0.0,1148.0,0.0,0.0,11452.0,999999.0,0.0
1965-03-18,975.54,722.0,1170.0,Rule Curve,1170.0,1170.0,1000000.0,10000.0,,50.0,17870.0,13000.0,0.0,1170.0,0.0,0.0,11438.0,999999.0,0.0
1965-03-19,975.21,682.0,1192.0,Rule Curve,1192.0,1192.0,1000000.0,10000.0,,50.0,17752.0,13000.0,0.0,1192.0,0.0,0.0,11422.0,999999.0,0.0
1965-03-20,974.84,654.0,1212.0,Rule Curve,1212.0,1212.0,1000000.0,10000.0,,50.0,17635.0,13000.0,0.0,1212.0,0.0,0.0,11403.0,999999.0,0.0
1965-03-21,974.44,633.0,1229.0,Rule Curve,1229.0,1229.0,1000000.0,10000.0,,50.0,17507.0,13000.0,0.0,1229.0,0.0,0.0,11383.0,999999.0,0.0
1965-03-22,974.04,626.0,1234.0,Rule Curve,1234.0,1234.0,1000000.0,10000.0,,50.0,17381.0,13000.0,0.0,1234.0,0.0,0.0,11361.0,999999.0,0.0
1965-03-23,973.63,623.0,1252.0,Rule Curve,1252.0,1252.0,1000000.0,10000.0,,50.0,17271.0,13000.0,0.0,1252.0,0.0,0.0,11338.0,999999.0,0.0
1965-03-24,973.18,598.0,1269.0,Rule Curve,1269.0,1269.0,1000000.0,10000.0,,50.0,17165.0,13000.0,0.0,1269.0,0.0,0.0,11315.0,999999.0,0.0
1965-03-25,972.73,594.0,1281.0,Rule Curve,1281.0,1281.0,1000000.0,10000.0,,50.0,17056.0,13000.0,0.0,1281.0,0.0,0.0,11290.0,999999.0,0.0
1965-03-26,972.74,1093.0,1075.0,Rule Curve,1075.0,1075.0,1000000.0,10000.0,,50.0,16989.0,13000.0,0.0,1075.0,0.0,0.0,11265.0,999999.0,0.0
1965-03-27,972.97,1228.0,887.0,Rule Curve,887.0,887.0,1000000.0,10000.0,,50.0,16995.0,13000.0,0.0,887.0,0.0,0.0,11266.0,999999.0,0.0
1965-03-28,972.83,888.0,1087.0,Rule Curve,1087.0,1087.0,1000000.0,10000.0,,50.0,17025.0,13000.0,0.0,1087.0,0.0,0.0,11278.0,999999.0,0.0
1965-03-29,972.59,790.0,1161.0,Rule Curve,1161.0,1161.0,1000000.0,10000.0,,50.0,17000.0,13000.0,0.0,1161.0,0.0,0.0,11271.0,999999.0,0.0
1965-03-30,972.33,774.0,1170.0,Rule Curve,1170.0,1170.0,1000000.0,10000.0,,50.0,16954.0,13000.0,0.0,1170.0,0.0,0.0,11257.0,999999.0,0.0
1965-03-31,972.17,884.0,1122.0,Rule Curve,1122.0,1122.0,1000000.0,10000.0,,50.0,16909.0,13000.0,0.0,1122.0,0.0,0.0,11243.0,999999.0,0.0
1965-04-01,972.48,1380.0,915.0,Rule Curve,915.0,915.0,1000000.0,4000.0,,50.0,16893.0,13000.0,0.0,915.0,0.0,0.0,11234.0,999999.0,0.0
1965-04-02,972.78,1380.0,920.0,Rule Curve,920.0,920.0,1000000.0,4000.0,,50.0,16949.0,13000.0,0.0,920.0,0.0,0.0,11251.0,999999.0,0.0
1965-04-03,972.87,1140.0,1005.0,Rule Curve,1005.0,1005.0,1000000.0,4000.0,,50.0,17001.0,13000.0,0.0,1005.0,0.0,0.0,11268.0,999999.0,0.0
1965-04-04,972.85,1010.0,1043.0,Rule Curve,1043.0,1043.0,1000000.0,4000.0,,50.0,17010.0,13000.0,0.0,1043.0,0.0,0.0,11273.0,999999.0,0.0
1965-04-05,972.75,933.0,1076.0,Rule Curve,1076.0,1076.0,1000000.0,4000.0,,50.0,17006.0,13000.0,0.0,1076.0,0.0,0.0,11272.0,999999.0,0.0
1965-04-06,972.59,863.0,1113.0,Rule Curve,1113.0,1113.0,1000000.0,4000.0,,50.0,16988.0,13000.0,0.0,1113.0,0.0,0.0,11266.0,999999.0,0.0
1965-04-07,972.35,782.0,1146.0,Rule Curve,1146.0,1146.0,1000000.0,4000.0,,50.0,16954.0,13000.0,0.0,1146.0,0.0,0.0,11257.0,999999.0,0.0
1965-04-08,972.04,714.0,1175.0,Rule Curve,1175.0,1175.0,1000000.0,4000.0,,50.0,16909.0,13000.0,0.0,1175.0,0.0,0.0,11244.0,999999.0,0.0
1965-04-09,971.75,714.0,1160.0,Rule Curve,1160.0,1160.0,1000000.0,4000.0,,50.0,16858.0,13000.0,0.0,1160.0,0.0,0.0,11227.0,999999.0,0.0
1965-04-10,971.41,688.0,1194.0,Rule Curve,1194.0,1194.0,1000000.0,4000.0,,50.0,16813.0,13000.0,0.0,1194.0,0.0,0.0,11210.0,999999.0,0.0
1965-04-11,971.03,646.0,1224.0,Rule Curve,1224.0,1224.0,1000000.0,4000.0,,50.0,16765.0,13000.0,0.0,1224.0,0.0,0.0,11192.0,999999.0,0.0
1965-04-12,970.61,617.0,1241.0,Rule Curve,1241.0,1241.0,1000000.0,4000.0,,50.0,16724.0,13000.0,0.0,1241.0,0.0,0.0,11170.0,999999.0,0.0
1965-04-13,970.2,632.0,1227.0,Rule Curve,1227.0,1227.0,1000000.0,4000.0,,50.0,16685.0,13000.0,0.0,1227.0,0.0,0.0,11147.0,999999.0,0.0
1965-04-14,969.78,621.0,1241.0,Rule Curve,1241.0,1241.0,1000000.0,4000.0,,50.0,16656.0,13000.0,0.0,1241.0,0.0,0.0,11124.0,999999.0,0.0
1965-04-15,969.41,655.0,1216.0,Rule Curve,1216.0,1216.0,1000000.0,4000.0,,50.0,16627.0,13000.0,0.0,1216.0,0.0,0.0,11101.0,999999.0,0.0
1965-04-16,969.23,814.0,1097.0,Rule Curve,1097.0,1097.0,1000000.0,4000.0,,50.0,16614.0,13000.0,0.0,1097.0,0.0,0.0,11080.0,999999.0,0.0
1965-04-17,969.01,800.0,1127.0,Rule Curve,1127.0,1127.0,1000000.0,4000.0,,50.0,16606.0,13000.0,0.0,1127.0,0.0,0.0,11070.0,999999.0,0.0
1965-04-18,968.84,800.0,1044.0,Rule Curve,1044.0,1044.0,1000000.0,4000.0,,50.0,16598.0,13000.0,0.0,1044.0,0.0,0.0,11058.0,999999.0,0.0
1965-04-19,972.06,4850.0,50.0,Rule Curve,50.0,50.0,1000000.0,4000.0,,50.0,16497.0,13000.0,0.0,0.0,0.0,0.0,11049.0,999999.0,0.0
1965-04-20,974.96,4440.0,50.0,Rule Curve,50.0,50.0,1000000.0,4000.0,,50.0,15968.0,13000.0,0.0,0.0,0.0,0.0,11227.0,999999.0,0.0
1965-04-21,977.93,4600.0,50.0,Rule Curve,50.0,50.0,1000000.0,4000.0,,50.0,16188.0,13000.0,0.0,0.0,0.0,0.0,11389.0,999999.0,0.0
1965-04-22,979.9,3080.0,50.0,Rule Curve,50.0,50.0,1000000.0,4000.0,,50.0,16296.0,13000.0,0.0,0.0,0.0,0.0,11555.0,999999.0,0.0
1965-04-23,981.13,2200.0,278.0,Rule Curve,278.0,278.0,1000000.0,4000.0,,50.0,17155.0,13000.0,0.0,278.0,0.0,0.0,11665.0,999999.0,0.0
1965-04-24,982.1,1960.0,409.0,Rule Curve,409.0,409.0,1000000.0,4000.0,,50.0,17218.0,13000.0,0.0,409.0,0.0,0.0,11733.0,999999.0,0.0
1965-04-25,982.87,1740.0,536.0,Rule Curve,536.0,536.0,1000000.0,4000.0,,50.0,17411.0,13000.0,0.0,536.0,0.0,0.0,11787.0,999999.0,0.0
1965-04-26,983.54,1650.0,594.0,Rule Curve,594.0,594.0,1000000.0,4000.0,,50.0,17601.0,13000.0,0.0,594.0,0.0,0.0,11830.0,999999.0,0.0
1965-04-27,984.15,1600.0,637.0,Rule Curve,637.0,637.0,1000000.0,4000.0,,50.0,17673.0,13000.0,0.0,637.0,0.0,0.0,11867.0,999999.0,0.0
1965-04-28,984.71,1570.0,669.0,Rule Curve,669.0,669.0,1000000.0,4000.0,,50.0,17802.0,13000.0,0.0,669.0,0.0,0.0,11901.0,999999.0,0.0
1965-04-29,985.11,1410.0,774.0,Rule Curve,774.0,774.0,1000000.0,4000.0,,50.0,17855.0,13000.0,0.0,774.0,0.0,0.0,11933.0,999999.0,0.0
1965-04-30,985.4,1300.0,828.0,Rule Curve,828.0,828.0,1000000.0,4000.0,,50.0,18024.0,13000.0,0.0,828.0,0.0,0.0,11954.0,999999.0,0.0
1965-05-01,985.51,1200.0,1016.0,Rule Curve,1016.0,1016.0,1000000.0,4000.0,,50.0,18012.0,13000.0,0.0,1016.0,0.0,0.0,11971.0,999999.0,0.0
1965-05-02,985.53,1110.0,1074.0,Rule Curve,1074.0,1074.0,1000000.0,4000.0,,50.0,18058.0,13000.0,0.0,1074.0,0.0,0.0,11977.0,999999.0,0.0
1965-05-03,985.44,988.0,1133.0,Rule Curve,1133.0,1133.0,1000000.0,4000.0,,50.0,18145.0,13000.0,0.0,1133.0,0.0,0.0,11978.0,999999.0,0.0
1965-05-04,985.42,1060.0,1096.0,Rule Curve,1096.0,1096.0,1000000.0,4000.0,,50.0,18178.0,13000.0,0.0,1096.0,0.0,0.0,11973.0,999999.0,0.0
1965-05-05,985.5,1160.0,1039.0,Rule Curve,1039.0,1039.0,1000000.0,4000.0,,50.0,17999.0,13000.0,0.0,1039.0,0.0,0.0,11972.0,999999.0,0.0
1965-05-06,985.52,1080.0,1039.0,Rule Curve,1039.0,1039.0,1000000.0,4000.0,,50.0,17929.0,13000.0,0.0,1039.0,0.0,0.0,11976.0,999999.0,0.0
1965-05-07,985.56,1080.0,1027.0,Rule Curve,1027.0,1027.0,1000000.0,4000.0,,50.0,17963.0,13000.0,0.0,1027.0,0.0,0.0,11978.0,999999.0,0.0
1965-05-08,985.62,1110.0,1009.0,Rule Curve,1009.0,1009.0,1000000.0,4000.0,,50.0,17988.0,13000.0,0.0,1009.0,0.0,0.0,11980.0,999999.0,0.0
1965-05-09,985.69,1120.0,1009.0,Rule Curve,1009.0,1009.0,1000000.0,4000.0,,50.0,18012.0,13000.0,0.0,1009.0,0.0,0.0,11983.0,999999.0,0.0
1965-05-10,985.75,1110.0,1009.0,Rule Curve,1009.0,1009.0,1000000.0,4000.0,,50.0,18028.0,13000.0,0.0,1009.0,0.0,0.0,11987.0,999999.0,0.0
1965-05-11,985.88,1100.0,894.0,Rule Curve,894.0,894.0,1000000.0,4000.0,,50.0,18000.0,13000.0,0.0,894.0,0.0,0.0,11990.0,999999.0,0.0
1965-05-12,985.99,1080.0,906.0,Rule Curve,906.0,906.0,1000000.0,4000.0,,50.0,18034.0,13000.0,0.0,906.0,0.0,0.0,11998.0,999999.0,0.0
1965-05-13,986.06,1040.0,924.0,Rule Curve,924.0,924.0,1000000.0,4000.0,,50.0,18055.0,13000.0,0.0,924.0,0.0,0.0,12004.0,999999.0,0.0
1965-05-14,986.04,948.0,974.0,Rule Curve,974.0,974.0,1000000.0,4000.0,,50.0,18090.0,13000.0,0.0,974.0,0.0,0.0,12008.0,999999.0,0.0
1965-05-15,985.95,866.0,1023.0,Rule Curve,1023.0,1023.0,1000000.0,4000.0,,50.0,18159.0,13000.0,0.0,1023.0,0.0,0.0,12007.0,999999.0,0.0
1965-05-16,986.26,1060.0,552.0,Rule Curve,552.0,552.0,1000000.0,4000.0,,50.0,18237.0,13000.0,0.0,552.0,0.0,0.0,12001.0,999999.0,0.0
1965-05-17,986.48,980.0,623.0,Rule Curve,623.0,623.0,1000000.0,4000.0,,50.0,18266.0,13000.0,0.0,623.0,0.0,0.0,12019.0,999999.0,0.0
1965-05-18,986.55,804.0,688.0,Rule Curve,688.0,688.0,1000000.0,4000.0,,50.0,18282.0,13000.0,0.0,688.0,0.0,0.0,12031.0,999999.0,0.0
1965-05-19,986.75,905.0,595.0,Rule Curve,595.0,595.0,1000000.0,4000.0,,50.0,18278.0,13000.0,0.0,595.0,0.0,0.0,12035.0,999999.0,0.0
1965-05-20,987.39,1460.0,422.0,Rule Curve,422.0,422.0,1000000.0,4000.0,,50.0,18014.0,13000.0,0.0,422.0,0.0,0.0,12046.0,999999.0,0.0
1965-05-21,987.85,1280.0,530.0,Rule Curve,530.0,530.0,1000000.0,4000.0,,50.0,18081.0,13000.0,0.0,530.0,0.0,0.0,12081.0,999999.0,0.0
1965-05-22,988.16,1080.0,595.0,Rule Curve,595.0,595.0,1000000.0,4000.0,,50.0,18199.0,13000.0,0.0,595.0,0.0,0.0,12105.0,999999.0,0.0
1965-05-23,988.42,988.0,563.0,Rule Curve,563.0,563.0,1000000.0,4000.0,,50.0,18124.0,13000.0,0.0,563.0,0.0,0.0,12121.0,999999.0,0.0
1965-05-24,988.7,944.0,488.0,Rule Curve,488.0,488.0,1000000.0,4000.0,,50.0,18053.0,13000.0,0.0,488.0,0.0,0.0,12135.0,999999.0,0.0
1965-05-25,988.89,856.0,552.0,Rule Curve,552.0,552.0,1000000.0,4000.0,,50.0,18082.0,13000.0,0.0,552.0,0.0,0.0,12150.0,999999.0,0.0
1965-05-26,989.01,796.0,601.0,Rule Curve,601.0,601.0,1000000.0,4000.0,,50.0,18180.0,13000.0,0.0,601.0,0.0,0.0,12161.0,999999.0,0.0
1965-05-27,989.09,759.0,633.0,Rule Curve,633.0,633.0,1000000.0,4000.0,,50.0,18178.0,13000.0,0.0,633.0,0.0,0.0,12167.0,999999.0,0.0
1965-05-28,989.15,756.0,649.0,Rule Curve,649.0,649.0,1000000.0,4000.0,,50.0,18221.0,13000.0,0.0,649.0,0.0,0.0,12171.0,999999.0,0.0
1965-05-29,989.18,723.0,679.0,Rule Curve,679.0,679.0,1000000.0,4000.0,,50.0,18257.0,13000.0,0.0,679.0,0.0,0.0,12175.0,999999.0,
1965-05-30,989.14,665.0,722.0,Rule Curve,722.0,722.0,1000000.0,4000.0,,50.0,18310.0,13000.0,0.0,722.0,0.0,0.0,12176.0,999999.0,
1965-05-31,989.05,610.0,771.0,Rule Curve,771.0,771.0,1000000.0,4000.0,,50.0,18353.0,13000.0,0.0,771.0,0.0,0.0,12175.0,999999.0,
