file,runsUnder,module,root,category,imports,line
Plots_Jython/NonExceedancePlots.py,cpython,DBAPI,DBAPI,cpython-only,,38
Plots_Jython/Willamett_Conservation System Storage.py,cpython,DBAPI,DBAPI,cpython-only,,29
Plots_Jython/Willamett_Conservation plots_ McKenzieAndBelowAndFlows.py,cpython,DBAPI,DBAPI,cpython-only,,29
Plots_Jython/Willamett_Conservation plots_ McKenzieAndBelowForTesting.py,cpython,DBAPI,DBAPI,cpython-only,,29
Plots_Jython/Willamett_Conservation plots_FRNandAbove.py,cpython,DBAPI,DBAPI,cpython-only,,29
Plots_Jython/Willamett_Conservation plots_FRNandAboveForTesting.py,cpython,DBAPI,DBAPI,cpython-only,,29
Plots_Jython/Willamett_Conservation plots_ForTesting.py,cpython,DBAPI,DBAPI,cpython-only,,29
Plots_Jython/Willamett_FRM plots_ McKenzieAndBelowAndFlows.py,cpython,DBAPI,DBAPI,cpython-only,,29
Plots_Jython/Willamett_FRM plots_FRNandAbove.py,cpython,DBAPI,DBAPI,cpython-only,,29
RealtimeData/EstimateMissingValues.py,cpython,DBAPI,DBAPI,cpython-only,,29
RealtimeData/Replace_Zero_Outflows.py,cpython,DBAPI,DBAPI,cpython-only,,29
Utilities/29_to_88.py,cpython,DBAPI,DBAPI,cpython-only,,29
Plots_Jython/MainstemRFC_CP_FCst_Plot.py,cpython,__future__,__future__,cpython-only,with_statement,1
Plots_Jython/NonExceedancePlots.py,cpython,__future__,__future__,cpython-only,with_statement,12
Plots_Jython/RFCFlowsCorvall_FCst_Plot.py,cpython,__future__,__future__,cpython-only,with_statement,1
Plots_Jython/RFC_EUG_FCst_Plot.py,cpython,__future__,__future__,cpython-only,with_statement,1
Plots_Jython/WIL_NP_Plot_HMS.py,cpython,__future__,__future__,cpython-only,with_statement,1
Plots_Jython/WIL_PP_Plot_HMS.py,cpython,__future__,__future__,cpython-only,with_statement,1
Plots_Jython/WIL_PP_Plot_RFC.py,cpython,__future__,__future__,cpython-only,with_statement,1
Plots_Jython/WIllamett_COR_FCst_Plot.py,cpython,__future__,__future__,cpython-only,with_statement,1
Plots_Jython/Willamett_BS_FCst_Plot.py,cpython,__future__,__future__,cpython-only,with_statement,1
Plots_Jython/Willamett_CP_FCst_Plot.py,cpython,__future__,__future__,cpython-only,with_statement,1
Plots_Jython/Willamett_Conservation System Storage.py,cpython,__future__,__future__,cpython-only,with_statement,1
Plots_Jython/Willamett_Conservation plots_ McKenzieAndBelowAndFlows.py,cpython,__future__,__future__,cpython-only,with_statement,1
Plots_Jython/Willamett_Conservation plots_ McKenzieAndBelowForTesting.py,cpython,__future__,__future__,cpython-only,with_statement,1
Plots_Jython/Willamett_Conservation plots_FRNandAbove.py,cpython,__future__,__future__,cpython-only,with_statement,1
Plots_Jython/Willamett_Conservation plots_FRNandAboveForTesting.py,cpython,__future__,__future__,cpython-only,with_statement,1
Plots_Jython/Willamett_Conservation plots_ForTesting.py,cpython,__future__,__future__,cpython-only,with_statement,1
Plots_Jython/Willamett_EUG_FCst_Plot.py,cpython,__future__,__future__,cpython-only,with_statement,1
Plots_Jython/Willamett_FRM plots_ McKenzieAndBelowAndFlows.py,cpython,__future__,__future__,cpython-only,with_statement,1
Plots_Jython/Willamett_FRM plots_FRNandAbove.py,cpython,__future__,__future__,cpython-only,with_statement,1
Plots_Jython/Willamett_PP_FCst_Plot.py,cpython,__future__,__future__,cpython-only,with_statement,1
RealtimeData/EstimateMissingValues.py,cpython,__future__,__future__,cpython-only,with_statement,1
RealtimeData/Replace_Zero_Outflows.py,cpython,__future__,__future__,cpython-only,with_statement,1
Utilities/29_to_88.py,cpython,__future__,__future__,cpython-only,with_statement,1
Utilities/88_to_29.py,cpython,__future__,__future__,cpython-only,with_statement,1
Utilities/DeleteUnusedIfBlocks.py,cpython,__future__,__future__,cpython-only,with_statement,11
Utilities/DeleteUnusedOpSets.py,cpython,__future__,__future__,cpython-only,with_statement,10
Utilities/DeleteUnusedRules.py,cpython,__future__,__future__,cpython-only,with_statement,12
Utilities/ElevStor_to_CSV.py,cpython,__future__,__future__,cpython-only,with_statement,12
Utilities/Flow_Modifier.py,cpython,__future__,__future__,cpython-only,with_statement,15
Utilities/Rules_to_CSV.py,cpython,__future__,__future__,cpython-only,with_statement,16
Utilities/Save_Scripts.py,cpython,__future__,__future__,cpython-only,with_statement,11
Utilities/save_to_sql.py,cpython,__future__,__future__,cpython-only,with_statement,18
esp_download/Copy_ESP_to_Forecast_dss.py,cpython,__future__,__future__,cpython-only,with_statement,1
esp_download/Download_ESP.py,cpython,__future__,__future__,cpython-only,with_statement,5
ExternalPython/MainstemAugmentation.py,cpython,cProfile,cProfile,cpython-only,,28
SalemAlbanyAugScript/TwoStepSalemAlbanyAug_19Feb2026.py,cpython,cProfile,cProfile,cpython-only,,28
ExternalPython/CWMS_DOWNLOADER_ARCHIVE.py,cpython,cwms,cwms,cpython-only,,18
ExternalPython/CWMS_Downloader_Module.py,cpython,cwms,cwms,cpython-only,,19
ExternalPython/Dummy_0_and_WY_Abundant_Module.py,cpython,cwms,cwms,cpython-only,,10
ExternalPython/ALT_COMPARISON_PLOTS.py,cpython,importlib,importlib,cpython-only,,10
ExternalPython/ALT_COMPARISON_PLOTS_ARCHIVE.py,cpython,importlib,importlib,cpython-only,,11
ExternalPython/CWMS_DOWNLOADER_ARCHIVE.py,cpython,importlib,importlib,cpython-only,,27
ExternalPython/CWMS_Downloader_Module.py,cpython,importlib,importlib,cpython-only,,27
ExternalPython/Dummy_0_and_WY_Abundant_Module.py,cpython,importlib,importlib,cpython-only,,18
ExternalPython/Ensemble_Plots.py,cpython,importlib,importlib,cpython-only,,10
ExternalPython/Ensemble_Plots_Archive.py,cpython,importlib,importlib,cpython-only,,10
ExternalPython/Faster_DSS_Read_Plotly.py,cpython,importlib,importlib,cpython-only,,12
ExternalPython/MainstemAugmentation.py,cpython,importlib,importlib,cpython-only,,31
ExternalPython/OSI_Ensemble_Year.py,cpython,importlib,importlib,cpython-only,,11
ExternalPython/RFC_Downloader_Module.py,cpython,importlib,importlib,cpython-only,,15
SalemAlbanyAugScript/SalemAugCheckPlots.py,cpython,importlib,importlib,cpython-only,,2
SalemAlbanyAugScript/TwoStepSalemAlbanyAug_19Feb2026.py,cpython,importlib,importlib,cpython-only,,31
SalemAlbanyAugScript/SalemAugCheckPlots.py,cpython,matplotlib.pyplot,matplotlib,cpython-only,,7
ExternalPython/Ensemble_Plots_Paralell.py,cpython,multiprocessing,multiprocessing,cpython-only,,173
ExternalPython/ALT_COMPARISON_PLOTS.py,cpython,numpy,numpy,cpython-only,,5
ExternalPython/ALT_COMPARISON_PLOTS_ARCHIVE.py,cpython,numpy,numpy,cpython-only,,5
ExternalPython/APE_Plotter.py,cpython,numpy,numpy,cpython-only,,5
ExternalPython/APE_Plotter_3.py,cpython,numpy,numpy,cpython-only,,5
ExternalPython/CWMS_DOWNLOADER_ARCHIVE.py,cpython,numpy,numpy,cpython-only,,14
ExternalPython/CWMS_Downloader_Module.py,cpython,numpy,numpy,cpython-only,,15
ExternalPython/Dummy_0_and_WY_Abundant_Module.py,cpython,numpy,numpy,cpython-only,,6
ExternalPython/EnsemblePlots_10Mar_Archive.py,cpython,numpy,numpy,cpython-only,,5
ExternalPython/Ensemble_Plots.py,cpython,numpy,numpy,cpython-only,,5
ExternalPython/Ensemble_Plots_Archive.py,cpython,numpy,numpy,cpython-only,,5
ExternalPython/Ensemble_Plots_Paralell.py,cpython,numpy,numpy,cpython-only,,133
ExternalPython/Ensemble_Plots_Paralell.py,cpython,numpy,numpy,cpython-only,,240
ExternalPython/Faster_DSS_Read_Plotly.py,cpython,numpy,numpy,cpython-only,,7
ExternalPython/MainstemAugmentation.py,cpython,numpy,numpy,cpython-only,,20
ExternalPython/OSI_Ensemble_Year.py,cpython,numpy,numpy,cpython-only,,5
ExternalPython/RFC_Downloader_Module.py,cpython,numpy,numpy,cpython-only,,3
SalemAlbanyAugScript/BeforeAlbanyWasAdded.py,cpython,numpy,numpy,cpython-only,,11
SalemAlbanyAugScript/Elev_Ensemble_Plotter.py,cpython,numpy,numpy,cpython-only,,5
SalemAlbanyAugScript/InflowEnsemblePlotter.py,cpython,numpy,numpy,cpython-only,,3
SalemAlbanyAugScript/SalemAugCheckPlots.py,cpython,numpy,numpy,cpython-only,,4
SalemAlbanyAugScript/TwoStepSalemAlbanyAug_19Feb2026.py,cpython,numpy,numpy,cpython-only,,20
Utilities/PrintMissingEnsembles.py,cpython,numpy,numpy,cpython-only,,11
ExternalPython/ALT_COMPARISON_PLOTS.py,cpython,pandas,pandas,cpython-only,,6
ExternalPython/ALT_COMPARISON_PLOTS_ARCHIVE.py,cpython,pandas,pandas,cpython-only,,6
ExternalPython/APE_Plotter.py,cpython,pandas,pandas,cpython-only,,6
ExternalPython/APE_Plotter_3.py,cpython,pandas,pandas,cpython-only,,6
ExternalPython/CWMS_DOWNLOADER_ARCHIVE.py,cpython,pandas,pandas,cpython-only,,15
ExternalPython/CWMS_Downloader_Module.py,cpython,pandas,pandas,cpython-only,,16
ExternalPython/Dummy_0_and_WY_Abundant_Module.py,cpython,pandas,pandas,cpython-only,,7
ExternalPython/EnsemblePlots_10Mar_Archive.py,cpython,pandas,pandas,cpython-only,,6
ExternalPython/Ensemble_Plots.py,cpython,pandas,pandas,cpython-only,,6
ExternalPython/Ensemble_Plots_Archive.py,cpython,pandas,pandas,cpython-only,,6
ExternalPython/Ensemble_Plots_Paralell.py,cpython,pandas,pandas,cpython-only,,134
ExternalPython/Ensemble_Plots_Paralell.py,cpython,pandas,pandas,cpython-only,,174
ExternalPython/Ensemble_Plots_Paralell.py,cpython,pandas,pandas,cpython-only,,241
ExternalPython/Ensemble_Plots_Paralell.py,cpython,pandas,pandas,cpython-only,,283
ExternalPython/Faster_DSS_Read_Plotly.py,cpython,pandas,pandas,cpython-only,,8
ExternalPython/MainstemAugmentation.py,cpython,pandas,pandas,cpython-only,,17
ExternalPython/OSI_Ensemble_Year.py,cpython,pandas,pandas,cpython-only,,6
ExternalPython/RFC_Downloader_Module.py,cpython,pandas,pandas,cpython-only,,4
SalemAlbanyAugScript/BeforeAlbanyWasAdded.py,cpython,pandas,pandas,cpython-only,,9
SalemAlbanyAugScript/Elev_Ensemble_Plotter.py,cpython,pandas,pandas,cpython-only,,6
SalemAlbanyAugScript/InflowEnsemblePlotter.py,cpython,pandas,pandas,cpython-only,,4
SalemAlbanyAugScript/SalemAugCheckPlots.py,cpython,pandas,pandas,cpython-only,,1
SalemAlbanyAugScript/TwoStepSalemAlbanyAug_19Feb2026.py,cpython,pandas,pandas,cpython-only,,17
Utilities/PrintMissingEnsembles.py,cpython,pandas,pandas,cpython-only,,10
Utilities/ResSimAltCompare.py,cpython,pandas,pandas,cpython-only,,9
ExternalPython/ALT_COMPARISON_PLOTS.py,cpython,pathlib,pathlib,cpython-only,Path,2
ExternalPython/ALT_COMPARISON_PLOTS_ARCHIVE.py,cpython,pathlib,pathlib,cpython-only,Path,2
ExternalPython/APE_Plotter.py,cpython,pathlib,pathlib,cpython-only,Path,2
ExternalPython/APE_Plotter_3.py,cpython,pathlib,pathlib,cpython-only,Path,2
ExternalPython/CWMS_DOWNLOADER_ARCHIVE.py,cpython,pathlib,pathlib,cpython-only,Path,24
ExternalPython/CWMS_Downloader_Module.py,cpython,pathlib,pathlib,cpython-only,Path,25
ExternalPython/Dummy_0_and_WY_Abundant_Module.py,cpython,pathlib,pathlib,cpython-only,Path,15
ExternalPython/EnsemblePlots_10Mar_Archive.py,cpython,pathlib,pathlib,cpython-only,Path,2
ExternalPython/Ensemble_Plots.py,cpython,pathlib,pathlib,cpython-only,Path,2
ExternalPython/Ensemble_Plots_Archive.py,cpython,pathlib,pathlib,cpython-only,Path,2
ExternalPython/Ensemble_Plots_Paralell.py,cpython,pathlib,pathlib,cpython-only,Path,19
ExternalPython/Faster_DSS_Read_Plotly.py,cpython,pathlib,pathlib,cpython-only,Path,4
ExternalPython/MainstemAugmentation.py,cpython,pathlib,pathlib,cpython-only,,23
ExternalPython/MainstemAugmentation.py,cpython,pathlib,pathlib,cpython-only,Path,26
ExternalPython/OSI_Ensemble_Year.py,cpython,pathlib,pathlib,cpython-only,Path,2
ExternalPython/RFC_Downloader_Module.py,cpython,pathlib,pathlib,cpython-only,Path,7
SalemAlbanyAugScript/BeforeAlbanyWasAdded.py,cpython,pathlib,pathlib,cpython-only,,15
SalemAlbanyAugScript/BeforeAlbanyWasAdded.py,cpython,pathlib,pathlib,cpython-only,Path,18
SalemAlbanyAugScript/Elev_Ensemble_Plotter.py,cpython,pathlib,pathlib,cpython-only,Path,2
SalemAlbanyAugScript/InflowEnsemblePlotter.py,cpython,pathlib,pathlib,cpython-only,Path,7
SalemAlbanyAugScript/TwoStepSalemAlbanyAug_19Feb2026.py,cpython,pathlib,pathlib,cpython-only,,23
SalemAlbanyAugScript/TwoStepSalemAlbanyAug_19Feb2026.py,cpython,pathlib,pathlib,cpython-only,Path,26
SalemAlbanyAugScript/SalemAugCheckPlots.py,cpython,plotly.express,plotly,cpython-only,,11
ExternalPython/ALT_COMPARISON_PLOTS.py,cpython,plotly.graph_objects,plotly,cpython-only,,15
ExternalPython/ALT_COMPARISON_PLOTS_ARCHIVE.py,cpython,plotly.graph_objects,plotly,cpython-only,,16
ExternalPython/APE_Plotter.py,cpython,plotly.graph_objects,plotly,cpython-only,,263
ExternalPython/APE_Plotter_3.py,cpython,plotly.graph_objects,plotly,cpython-only,,263
ExternalPython/EnsemblePlots_10Mar_Archive.py,cpython,plotly.graph_objects,plotly,cpython-only,,268
ExternalPython/Ensemble_Plots.py,cpython,plotly.graph_objects,plotly,cpython-only,,15
ExternalPython/Ensemble_Plots_Archive.py,cpython,plotly.graph_objects,plotly,cpython-only,,354
ExternalPython/Faster_DSS_Read_Plotly.py,cpython,plotly.graph_objects,plotly,cpython-only,,17
SalemAlbanyAugScript/Elev_Ensemble_Plotter.py,cpython,plotly.graph_objects,plotly,cpython-only,,9
SalemAlbanyAugScript/InflowEnsemblePlotter.py,cpython,plotly.graph_objects,plotly,cpython-only,,10
SalemAlbanyAugScript/SalemAugCheckPlots.py,cpython,plotly.graph_objects,plotly,cpython-only,,10
ExternalPython/ALT_COMPARISON_PLOTS.py,cpython,plotly.io,plotly,cpython-only,,13
ExternalPython/ALT_COMPARISON_PLOTS_ARCHIVE.py,cpython,plotly.io,plotly,cpython-only,,14
ExternalPython/APE_Plotter.py,cpython,plotly.io,plotly,cpython-only,,11
ExternalPython/APE_Plotter_3.py,cpython,plotly.io,plotly,cpython-only,,11
ExternalPython/EnsemblePlots_10Mar_Archive.py,cpython,plotly.io,plotly,cpython-only,,11
ExternalPython/Ensemble_Plots.py,cpython,plotly.io,plotly,cpython-only,,13
ExternalPython/Ensemble_Plots_Archive.py,cpython,plotly.io,plotly,cpython-only,,15
ExternalPython/Faster_DSS_Read_Plotly.py,cpython,plotly.io,plotly,cpython-only,,15
SalemAlbanyAugScript/Elev_Ensemble_Plotter.py,cpython,plotly.io,plotly,cpython-only,,13
SalemAlbanyAugScript/Elev_Ensemble_Plotter.py,cpython,plotly.subplots,plotly,cpython-only,make_subplots,10
SalemAlbanyAugScript/InflowEnsemblePlotter.py,cpython,plotly.subplots,plotly,cpython-only,make_subplots,11
ExternalPython/CWMS_DOWNLOADER_ARCHIVE.py,cpython,pydsstools.core,pydsstools,cpython-only,TimeSeriesContainer,20
ExternalPython/CWMS_Downloader_Module.py,cpython,pydsstools.core,pydsstools,cpython-only,TimeSeriesContainer,21
ExternalPython/Dummy_0_and_WY_Abundant_Module.py,cpython,pydsstools.core,pydsstools,cpython-only,TimeSeriesContainer,12
ExternalPython/MainstemAugmentation.py,cpython,pydsstools.core,pydsstools,cpython-only,TimeSeriesContainer,19
ExternalPython/OSI_Ensemble_Year.py,cpython,pydsstools.core,pydsstools,cpython-only,TimeSeriesContainer,8
ExternalPython/RFC_Downloader_Module.py,cpython,pydsstools.core,pydsstools,cpython-only,TimeSeriesContainer,12
SalemAlbanyAugScript/BeforeAlbanyWasAdded.py,cpython,pydsstools.core,pydsstools,cpython-only,TimeSeriesContainer,13
SalemAlbanyAugScript/SalemAugCheckPlots.py,cpython,pydsstools.core,pydsstools,cpython-only,TimeSeriesContainer,6
SalemAlbanyAugScript/TwoStepSalemAlbanyAug_19Feb2026.py,cpython,pydsstools.core,pydsstools,cpython-only,TimeSeriesContainer,19
ExternalPython/ALT_COMPARISON_PLOTS.py,cpython,pydsstools.heclib.dss,pydsstools,cpython-only,HecDss,7
ExternalPython/ALT_COMPARISON_PLOTS_ARCHIVE.py,cpython,pydsstools.heclib.dss,pydsstools,cpython-only,HecDss,7
ExternalPython/APE_Plotter.py,cpython,pydsstools.heclib.dss,pydsstools,cpython-only,HecDss,7
ExternalPython/APE_Plotter_3.py,cpython,pydsstools.heclib.dss,pydsstools,cpython-only,HecDss,7
ExternalPython/CWMS_DOWNLOADER_ARCHIVE.py,cpython,pydsstools.heclib.dss,pydsstools,cpython-only,HecDss,19
ExternalPython/CWMS_Downloader_Module.py,cpython,pydsstools.heclib.dss,pydsstools,cpython-only,HecDss,20
ExternalPython/Dummy_0_and_WY_Abundant_Module.py,cpython,pydsstools.heclib.dss,pydsstools,cpython-only,HecDss,11
ExternalPython/EnsemblePlots_10Mar_Archive.py,cpython,pydsstools.heclib.dss,pydsstools,cpython-only,HecDss,7
ExternalPython/Ensemble_Plots.py,cpython,pydsstools.heclib.dss,pydsstools,cpython-only,HecDss,7
ExternalPython/Ensemble_Plots_Archive.py,cpython,pydsstools.heclib.dss,pydsstools,cpython-only,HecDss,7
ExternalPython/Ensemble_Plots_Paralell.py,cpython,pydsstools.heclib.dss,pydsstools,cpython-only,HecDss,135
ExternalPython/Ensemble_Plots_Paralell.py,cpython,pydsstools.heclib.dss,pydsstools,cpython-only,HecDss,243
ExternalPython/Faster_DSS_Read_Plotly.py,cpython,pydsstools.heclib.dss,pydsstools,cpython-only,HecDss,9
ExternalPython/MainstemAugmentation.py,cpython,pydsstools.heclib.dss,pydsstools,cpython-only,HecDss,18
ExternalPython/OSI_Ensemble_Year.py,cpython,pydsstools.heclib.dss,pydsstools,cpython-only,HecDss,7
ExternalPython/RFC_Downloader_Module.py,cpython,pydsstools.heclib.dss,pydsstools,cpython-only,HecDss,11
SalemAlbanyAugScript/BeforeAlbanyWasAdded.py,cpython,pydsstools.heclib.dss,pydsstools,cpython-only,HecDss,10
SalemAlbanyAugScript/Elev_Ensemble_Plotter.py,cpython,pydsstools.heclib.dss,pydsstools,cpython-only,HecDss,7
SalemAlbanyAugScript/SalemAugCheckPlots.py,cpython,pydsstools.heclib.dss,pydsstools,cpython-only,HecDss,3
SalemAlbanyAugScript/TwoStepSalemAlbanyAug_19Feb2026.py,cpython,pydsstools.heclib.dss,pydsstools,cpython-only,HecDss,18
ExternalPython/CWMS_DOWNLOADER_ARCHIVE.py,cpython,requests,requests,cpython-only,,13
ExternalPython/CWMS_Downloader_Module.py,cpython,requests,requests,cpython-only,,14
ExternalPython/Dummy_0_and_WY_Abundant_Module.py,cpython,requests,requests,cpython-only,,5
ExternalPython/RFC_Downloader_Module.py,cpython,requests,requests,cpython-only,,5
SalemAlbanyAugScript/InflowEnsemblePlotter.py,cpython,requests,requests,cpython-only,,5
ExternalPython/ALT_COMPARISON_PLOTS.py,cpython,typing,typing,cpython-only,"Dict, List",3
ExternalPython/ALT_COMPARISON_PLOTS_ARCHIVE.py,cpython,typing,typing,cpython-only,"Dict, List",3
ExternalPython/APE_Plotter.py,cpython,typing,typing,cpython-only,"Dict, List",3
ExternalPython/APE_Plotter_3.py,cpython,typing,typing,cpython-only,"Dict, List",3
ExternalPython/CWMS_DOWNLOADER_ARCHIVE.py,cpython,typing,typing,cpython-only,"Dict, Tuple, List",25
ExternalPython/CWMS_Downloader_Module.py,cpython,typing,typing,cpython-only,"Dict, Tuple, List",26
ExternalPython/Dummy_0_and_WY_Abundant_Module.py,cpython,typing,typing,cpython-only,"Dict, Tuple, List",16
ExternalPython/EnsemblePlots_10Mar_Archive.py,cpython,typing,typing,cpython-only,"Dict, List",3
ExternalPython/Ensemble_Plots.py,cpython,typing,typing,cpython-only,"Dict, List",3
ExternalPython/Ensemble_Plots_Archive.py,cpython,typing,typing,cpython-only,"Dict, List",3
ExternalPython/Faster_DSS_Read_Plotly.py,cpython,typing,typing,cpython-only,"Dict, List",5
ExternalPython/OSI_Ensemble_Year.py,cpython,typing,typing,cpython-only,"List, Tuple",3
ExternalPython/RFC_Downloader_Module.py,cpython,typing,typing,cpython-only,"Dict, Tuple, List",9
SalemAlbanyAugScript/Elev_Ensemble_Plotter.py,cpython,typing,typing,cpython-only,"Dict, List, Tuple",3
SalemAlbanyAugScript/InflowEnsemblePlotter.py,cpython,typing,typing,cpython-only,"Dict, List, Tuple",8
ExternalPython/CWMS_DOWNLOADER_ARCHIVE.py,cpython,urllib3,urllib3,cpython-only,,12
ExternalPython/CWMS_Downloader_Module.py,cpython,urllib3,urllib3,cpython-only,,13
ExternalPython/Dummy_0_and_WY_Abundant_Module.py,cpython,urllib3,urllib3,cpython-only,,4
Plots_Jython/MainstemRFC_CP_FCst_Plot.py,cpython,com.rma.client,com,java,Browser,15
Plots_Jython/NonExceedancePlots.py,cpython,com.rma.client,com,java,Browser,41
Plots_Jython/RFCFlowsCorvall_FCst_Plot.py,cpython,com.rma.client,com,java,Browser,15
Plots_Jython/RFC_EUG_FCst_Plot.py,cpython,com.rma.client,com,java,Browser,15
Plots_Jython/WIL_NP_Plot_HMS.py,cpython,com.rma.client,com,java,Browser,15
Plots_Jython/WIL_PP_Plot_HMS.py,cpython,com.rma.client,com,java,Browser,15
Plots_Jython/WIL_PP_Plot_RFC.py,cpython,com.rma.client,com,java,Browser,15
Plots_Jython/WIllamett_COR_FCst_Plot.py,cpython,com.rma.client,com,java,Browser,15
Plots_Jython/Willamett_BS_FCst_Plot.py,cpython,com.rma.client,com,java,Browser,15
Plots_Jython/Willamett_CP_FCst_Plot.py,cpython,com.rma.client,com,java,Browser,15
Plots_Jython/Willamett_Conservation System Storage.py,cpython,com.rma.client,com,java,Browser,32
Plots_Jython/Willamett_Conservation plots_ McKenzieAndBelowAndFlows.py,cpython,com.rma.client,com,java,Browser,32
Plots_Jython/Willamett_Conservation plots_ McKenzieAndBelowForTesting.py,cpython,com.rma.client,com,java,Browser,32
Plots_Jython/Willamett_Conservation plots_FRNandAbove.py,cpython,com.rma.client,com,java,Browser,32
Plots_Jython/Willamett_Conservation plots_FRNandAboveForTesting.py,cpython,com.rma.client,com,java,Browser,32
Plots_Jython/Willamett_Conservation plots_ForTesting.py,cpython,com.rma.client,com,java,Browser,32
Plots_Jython/Willamett_EUG_FCst_Plot.py,cpython,com.rma.client,com,java,Browser,15
Plots_Jython/Willamett_FRM plots_ McKenzieAndBelowAndFlows.py,cpython,com.rma.client,com,java,Browser,32
Plots_Jython/Willamett_FRM plots_FRNandAbove.py,cpython,com.rma.client,com,java,Browser,32
Plots_Jython/Willamett_PP_FCst_Plot.py,cpython,com.rma.client,com,java,Browser,15
RealtimeData/EstimateMissingValues.py,cpython,com.rma.client,com,java,Browser,32
RealtimeData/Replace_Zero_Outflows.py,cpython,com.rma.client,com,java,Browser,32
Utilities/29_to_88.py,cpython,com.rma.client,com,java,Browser,32
Utilities/88_to_29.py,cpython,com.rma.client,com,java,Browser,2
Utilities/Flow_Modifier.py,cpython,com.rma.client,com,java,Browser,22
Utilities/save_to_sql.py,cpython,com.rma.client,com,java,Browser,20
esp_download/Copy_ESP_to_Forecast_dss.py,cpython,com.rma.client,com,java,Browser,3
esp_download/Download_ESP.py,cpython,com.rma.client,com,java,Browser,6
externalSVs/Alternative_Setup.py,other-jython,com.xhaus.jyson,com,java,JysonCodec as json,28
Utilities/save_to_sql.py,cpython,com.ziclix.python.sql,com,java,zxJDBC,22
Plots_Jython/MainstemRFC_CP_FCst_Plot.py,cpython,hec,hec,java,,16
Plots_Jython/RFCFlowsCorvall_FCst_Plot.py,cpython,hec,hec,java,,16
Plots_Jython/RFC_EUG_FCst_Plot.py,cpython,hec,hec,java,,16
Plots_Jython/WIL_NP_Plot_HMS.py,cpython,hec,hec,java,,16
Plots_Jython/WIL_PP_Plot_HMS.py,cpython,hec,hec,java,,16
Plots_Jython/WIL_PP_Plot_RFC.py,cpython,hec,hec,java,,16
Plots_Jython/WIllamett_COR_FCst_Plot.py,cpython,hec,hec,java,,16
Plots_Jython/Willamett_BS_FCst_Plot.py,cpython,hec,hec,java,,16
Plots_Jython/Willamett_CP_FCst_Plot.py,cpython,hec,hec,java,,16
Plots_Jython/Willamett_EUG_FCst_Plot.py,cpython,hec,hec,java,,16
Plots_Jython/Willamett_PP_FCst_Plot.py,cpython,hec,hec,java,,16
SalemAlbanyAugScript/RunningResSimHeadless/RunningResSimHEADLESS/Example2 - RunBatch Application/Running ResSim BATCH/BatchRunControl.py,other-jython,hec,hec,java,,14
SalemAlbanyAugScript/RunningResSimHeadless/RunningResSimHEADLESS/Example4 - website-based forcasting system/RunFCOResSim.py,other-jython,hec,hec,java,,253
DP_Menu.py,other-jython,hec.client,hec,java,ClientApp,10
NWDJyLib/ResSim/ResSimController.py,ressim,hec.client,hec,java,ClientApp,15
NWDJyLib/ResSim/cResSim.py,ressim,hec.client,hec,java,ClientApp,11
SalemAlbanyAugScript/RunningResSimHeadless/RunningResSimHEADLESS/Example1 - simple/script.py,other-jython,hec.client,hec,java,ClientApp,10
SalemAlbanyAugScript/RunningResSimHeadless/RunningResSimHEADLESS/Example3 - NWS/CHPS/script.py,other-jython,hec.client,hec,java,ClientApp,10
SalemAlbanyAugScript/RunningResSimHeadless/RunningResSimHEADLESS/Example3 - NWS/fews/ressim/YubaFeatherFCO/script.py,other-jython,hec.client,hec,java,ClientApp,10
SalemAlbanyAugScript/RunningResSimHeadless/RunningResSimHEADLESS/Example3 - NWS/fews/ressim/YubaFeatherFCO/script_jdk.py,other-jython,hec.client,hec,java,ClientApp,10
SalemAlbanyAugScript/RunningResSimHeadless/RunningResSimHEADLESS/Example3 - NWS/fews/ressim/script.py,other-jython,hec.client,hec,java,ClientApp,10
SalemAlbanyAugScript/RunningResSimHeadless/RunningResSimHEADLESS/Example3 - NWS/fews/ressim/template/template.py,other-jython,hec.client,hec,java,ClientApp,10
SalemAlbanyAugScript/RunningResSimHeadless/RunningResSimHEADLESS/Example3 - NWS/fews/script.py,other-jython,hec.client,hec,java,ClientApp,10
SalemAlbanyAugScript/RunningResSimHeadless/RunningResSimHEADLESS/Example3 - NWS/fews/script_HeadlessCommands_withHotstart.py,other-jython,hec.client,hec,java,ClientApp,10
SalemAlbanyAugScript/RunningResSimHeadless/RunningResSimHEADLESS/Example4 - website-based forcasting system/RunFCOResSim.py,other-jython,hec.client,hec,java,ClientApp,9
SalemAlbanyAugScript/RunningResSimHeadless/RunningResSimHEADLESS/SimpleSim/script.py,other-jython,hec.client,hec,java,ClientApp,10
Utilities/DeleteUnusedIfBlocks.py,cpython,hec.client,hec,java,ManagerChooser,13
Utilities/DeleteUnusedOpSets.py,cpython,hec.client,hec,java,ManagerChooser,12
Utilities/DeleteUnusedRules.py,cpython,hec.client,hec,java,ManagerChooser,14
Utilities/ElevStor_to_CSV.py,cpython,hec.client,hec,java,ManagerChooser,14
Utilities/Load_Scripts.py,other-jython,hec.client,hec,java,ManagerChooser,13
Utilities/Rules_to_CSV.py,cpython,hec.client,hec,java,ManagerChooser,18
Utilities/Save_Scripts.py,cpython,hec.client,hec,java,ManagerChooser,13
Plots_Jython/NonExceedancePlots.py,cpython,hec.data.cwmsRating,hec,java,RatingSet,14
Plots_Jython/Willamett_Conservation System Storage.py,cpython,hec.data.cwmsRating,hec,java,RatingSet,3
Plots_Jython/Willamett_Conservation plots_ McKenzieAndBelowAndFlows.py,cpython,hec.data.cwmsRating,hec,java,RatingSet,3
Plots_Jython/Willamett_Conservation plots_ McKenzieAndBelowForTesting.py,cpython,hec.data.cwmsRating,hec,java,RatingSet,3
Plots_Jython/Willamett_Conservation plots_FRNandAbove.py,cpython,hec.data.cwmsRating,hec,java,RatingSet,3
Plots_Jython/Willamett_Conservation plots_FRNandAboveForTesting.py,cpython,hec.data.cwmsRating,hec,java,RatingSet,3
Plots_Jython/Willamett_Conservation plots_ForTesting.py,cpython,hec.data.cwmsRating,hec,java,RatingSet,3
Plots_Jython/Willamett_FRM plots_ McKenzieAndBelowAndFlows.py,cpython,hec.data.cwmsRating,hec,java,RatingSet,3
Plots_Jython/Willamett_FRM plots_FRNandAbove.py,cpython,hec.data.cwmsRating,hec,java,RatingSet,3
RealtimeData/EstimateMissingValues.py,cpython,hec.data.cwmsRating,hec,java,RatingSet,3
RealtimeData/Replace_Zero_Outflows.py,cpython,hec.data.cwmsRating,hec,java,RatingSet,3
Utilities/29_to_88.py,cpython,hec.data.cwmsRating,hec,java,RatingSet,3
Plots_Jython/NonExceedancePlots.py,cpython,hec.data.cwmsRating.io,hec,java,TableRatingContainer,22
Plots_Jython/Willamett_Conservation System Storage.py,cpython,hec.data.cwmsRating.io,hec,java,TableRatingContainer,11
Plots_Jython/Willamett_Conservation plots_ McKenzieAndBelowAndFlows.py,cpython,hec.data.cwmsRating.io,hec,java,TableRatingContainer,11
Plots_Jython/Willamett_Conservation plots_ McKenzieAndBelowForTesting.py,cpython,hec.data.cwmsRating.io,hec,java,TableRatingContainer,11
Plots_Jython/Willamett_Conservation plots_FRNandAbove.py,cpython,hec.data.cwmsRating.io,hec,java,TableRatingContainer,11
Plots_Jython/Willamett_Conservation plots_FRNandAboveForTesting.py,cpython,hec.data.cwmsRating.io,hec,java,TableRatingContainer,11
Plots_Jython/Willamett_Conservation plots_ForTesting.py,cpython,hec.data.cwmsRating.io,hec,java,TableRatingContainer,11
Plots_Jython/Willamett_FRM plots_ McKenzieAndBelowAndFlows.py,cpython,hec.data.cwmsRating.io,hec,java,TableRatingContainer,11
Plots_Jython/Willamett_FRM plots_FRNandAbove.py,cpython,hec.data.cwmsRating.io,hec,java,TableRatingContainer,11
RealtimeData/EstimateMissingValues.py,cpython,hec.data.cwmsRating.io,hec,java,TableRatingContainer,11
RealtimeData/Replace_Zero_Outflows.py,cpython,hec.data.cwmsRating.io,hec,java,TableRatingContainer,11
Utilities/29_to_88.py,cpython,hec.data.cwmsRating.io,hec,java,TableRatingContainer,11
Plots_Jython/MainstemRFC_CP_FCst_Plot.py,cpython,hec.dataTable,hec,java,*,14
Plots_Jython/NonExceedancePlots.py,cpython,hec.dataTable,hec,java,HecDataTableToExcel,21
Plots_Jython/RFCFlowsCorvall_FCst_Plot.py,cpython,hec.dataTable,hec,java,*,14
Plots_Jython/RFC_EUG_FCst_Plot.py,cpython,hec.dataTable,hec,java,*,14
Plots_Jython/WIL_NP_Plot_HMS.py,cpython,hec.dataTable,hec,java,*,14
Plots_Jython/WIL_PP_Plot_HMS.py,cpython,hec.dataTable,hec,java,*,14
Plots_Jython/WIL_PP_Plot_RFC.py,cpython,hec.dataTable,hec,java,*,14
Plots_Jython/WIllamett_COR_FCst_Plot.py,cpython,hec.dataTable,hec,java,*,14
Plots_Jython/Willamett_BS_FCst_Plot.py,cpython,hec.dataTable,hec,java,*,14
Plots_Jython/Willamett_CP_FCst_Plot.py,cpython,hec.dataTable,hec,java,*,14
Plots_Jython/Willamett_Conservation System Storage.py,cpython,hec.dataTable,hec,java,HecDataTableToExcel,10
Plots_Jython/Willamett_Conservation plots_ McKenzieAndBelowAndFlows.py,cpython,hec.dataTable,hec,java,HecDataTableToExcel,10
Plots_Jython/Willamett_Conservation plots_ McKenzieAndBelowForTesting.py,cpython,hec.dataTable,hec,java,HecDataTableToExcel,10
Plots_Jython/Willamett_Conservation plots_FRNandAbove.py,cpython,hec.dataTable,hec,java,HecDataTableToExcel,10
Plots_Jython/Willamett_Conservation plots_FRNandAboveForTesting.py,cpython,hec.dataTable,hec,java,HecDataTableToExcel,10
Plots_Jython/Willamett_Conservation plots_ForTesting.py,cpython,hec.dataTable,hec,java,HecDataTableToExcel,10
Plots_Jython/Willamett_EUG_FCst_Plot.py,cpython,hec.dataTable,hec,java,*,14
Plots_Jython/Willamett_FRM plots_ McKenzieAndBelowAndFlows.py,cpython,hec.dataTable,hec,java,HecDataTableToExcel,10
Plots_Jython/Willamett_FRM plots_FRNandAbove.py,cpython,hec.dataTable,hec,java,HecDataTableToExcel,10
Plots_Jython/Willamett_PP_FCst_Plot.py,cpython,hec.dataTable,hec,java,*,14
RealtimeData/EstimateMissingValues.py,cpython,hec.dataTable,hec,java,HecDataTableToExcel,10
RealtimeData/Replace_Zero_Outflows.py,cpython,hec.dataTable,hec,java,HecDataTableToExcel,10
RealtimeData/TemperatureGrids.py,other-jython,hec.dataTable,hec,java,*,9
RealtimeData/TemperatureGridsrfc.py,other-jython,hec.dataTable,hec,java,*,9
Utilities/29_to_88.py,cpython,hec.dataTable,hec,java,HecDataTableToExcel,10
Utilities/Flow_Modifier.py,cpython,hec.dataTable,hec,java,*,25
Plots_Jython/NonExceedancePlots.py,cpython,hec.dataui.tx,hec,java,TsContainerDataSourceList,19
Plots_Jython/Willamett_Conservation System Storage.py,cpython,hec.dataui.tx,hec,java,TsContainerDataSourceList,8
Plots_Jython/Willamett_Conservation plots_ McKenzieAndBelowAndFlows.py,cpython,hec.dataui.tx,hec,java,TsContainerDataSourceList,8
Plots_Jython/Willamett_Conservation plots_ McKenzieAndBelowForTesting.py,cpython,hec.dataui.tx,hec,java,TsContainerDataSourceList,8
Plots_Jython/Willamett_Conservation plots_FRNandAbove.py,cpython,hec.dataui.tx,hec,java,TsContainerDataSourceList,8
Plots_Jython/Willamett_Conservation plots_FRNandAboveForTesting.py,cpython,hec.dataui.tx,hec,java,TsContainerDataSourceList,8
Plots_Jython/Willamett_Conservation plots_ForTesting.py,cpython,hec.dataui.tx,hec,java,TsContainerDataSourceList,8
Plots_Jython/Willamett_FRM plots_ McKenzieAndBelowAndFlows.py,cpython,hec.dataui.tx,hec,java,TsContainerDataSourceList,8
Plots_Jython/Willamett_FRM plots_FRNandAbove.py,cpython,hec.dataui.tx,hec,java,TsContainerDataSourceList,8
RealtimeData/EstimateMissingValues.py,cpython,hec.dataui.tx,hec,java,TsContainerDataSourceList,8
RealtimeData/Replace_Zero_Outflows.py,cpython,hec.dataui.tx,hec,java,TsContainerDataSourceList,8
Utilities/29_to_88.py,cpython,hec.dataui.tx,hec,java,TsContainerDataSourceList,8
Plots_Jython/NonExceedancePlots.py,cpython,hec.dataui.tx.awt,hec,java,VerifyDataDlg,20
Plots_Jython/Willamett_Conservation System Storage.py,cpython,hec.dataui.tx.awt,hec,java,VerifyDataDlg,9
Plots_Jython/Willamett_Conservation plots_ McKenzieAndBelowAndFlows.py,cpython,hec.dataui.tx.awt,hec,java,VerifyDataDlg,9
Plots_Jython/Willamett_Conservation plots_ McKenzieAndBelowForTesting.py,cpython,hec.dataui.tx.awt,hec,java,VerifyDataDlg,9
Plots_Jython/Willamett_Conservation plots_FRNandAbove.py,cpython,hec.dataui.tx.awt,hec,java,VerifyDataDlg,9
Plots_Jython/Willamett_Conservation plots_FRNandAboveForTesting.py,cpython,hec.dataui.tx.awt,hec,java,VerifyDataDlg,9
Plots_Jython/Willamett_Conservation plots_ForTesting.py,cpython,hec.dataui.tx.awt,hec,java,VerifyDataDlg,9
Plots_Jython/Willamett_FRM plots_ McKenzieAndBelowAndFlows.py,cpython,hec.dataui.tx.awt,hec,java,VerifyDataDlg,9
Plots_Jython/Willamett_FRM plots_FRNandAbove.py,cpython,hec.dataui.tx.awt,hec,java,VerifyDataDlg,9
RealtimeData/EstimateMissingValues.py,cpython,hec.dataui.tx.awt,hec,java,VerifyDataDlg,9
RealtimeData/Replace_Zero_Outflows.py,cpython,hec.dataui.tx.awt,hec,java,VerifyDataDlg,9
Utilities/29_to_88.py,cpython,hec.dataui.tx.awt,hec,java,VerifyDataDlg,9
NWDJyLib/DSS/cDSS.py,ressim,hec.dssgui,hec,java,HecDssVue,27
Plots_Jython/MainstemRFC_CP_FCst_Plot.py,cpython,hec.dssgui,hec,java,ListSelection,12
Plots_Jython/NonExceedancePlots.py,cpython,hec.dssgui,hec,java,ListSelection,23
Plots_Jython/RFCFlowsCorvall_FCst_Plot.py,cpython,hec.dssgui,hec,java,ListSelection,12
Plots_Jython/RFC_EUG_FCst_Plot.py,cpython,hec.dssgui,hec,java,ListSelection,12
Plots_Jython/WIL_NP_Plot_HMS.py,cpython,hec.dssgui,hec,java,ListSelection,12
Plots_Jython/WIL_PP_Plot_HMS.py,cpython,hec.dssgui,hec,java,ListSelection,12
Plots_Jython/WIL_PP_Plot_RFC.py,cpython,hec.dssgui,hec,java,ListSelection,12
Plots_Jython/WIllamett_COR_FCst_Plot.py,cpython,hec.dssgui,hec,java,ListSelection,12
Plots_Jython/Willamett_BS_FCst_Plot.py,cpython,hec.dssgui,hec,java,ListSelection,12
Plots_Jython/Willamett_CP_FCst_Plot.py,cpython,hec.dssgui,hec,java,ListSelection,12
Plots_Jython/Willamett_Conservation System Storage.py,cpython,hec.dssgui,hec,java,ListSelection,12
Plots_Jython/Willamett_Conservation plots_ McKenzieAndBelowAndFlows.py,cpython,hec.dssgui,hec,java,ListSelection,12
Plots_Jython/Willamett_Conservation plots_ McKenzieAndBelowForTesting.py,cpython,hec.dssgui,hec,java,ListSelection,12
Plots_Jython/Willamett_Conservation plots_FRNandAbove.py,cpython,hec.dssgui,hec,java,ListSelection,12
Plots_Jython/Willamett_Conservation plots_FRNandAboveForTesting.py,cpython,hec.dssgui,hec,java,ListSelection,12
Plots_Jython/Willamett_Conservation plots_ForTesting.py,cpython,hec.dssgui,hec,java,ListSelection,12
Plots_Jython/Willamett_EUG_FCst_Plot.py,cpython,hec.dssgui,hec,java,ListSelection,12
Plots_Jython/Willamett_FRM plots_ McKenzieAndBelowAndFlows.py,cpython,hec.dssgui,hec,java,ListSelection,12
Plots_Jython/Willamett_FRM plots_FRNandAbove.py,cpython,hec.dssgui,hec,java,ListSelection,12
Plots_Jython/Willamett_PP_FCst_Plot.py,cpython,hec.dssgui,hec,java,ListSelection,12
RealtimeData/EstimateMissingValues.py,cpython,hec.dssgui,hec,java,ListSelection,12
RealtimeData/Replace_Zero_Outflows.py,cpython,hec.dssgui,hec,java,ListSelection,12
Utilities/29_to_88.py,cpython,hec.dssgui,hec,java,ListSelection,12
RealtimeData/TemperatureGrids.py,other-jython,hec.heclib,hec,java,grid,13
RealtimeData/TemperatureGridsrfc.py,other-jython,hec.heclib,hec,java,grid,13
SalemAlbanyAugScript/RunningResSimHeadless/RunningResSimHEADLESS/Example4 - website-based forcasting system/RunFCOResSim.py,other-jython,hec.heclib,hec,java,dss,12
Utilities/Flow_Modifier.py,cpython,hec.heclib,hec,java,grid,29
NWDJyLib/DSS/DSSTasks.py,other-jython,hec.heclib.dss,hec,java,DSSPathname,12
NWDJyLib/DSS/DSSTasks.py,other-jython,hec.heclib.dss,hec,java,HecDss,13
NWDJyLib/DSS/cCollections.py,other-jython,hec.heclib.dss,hec,java,HecDss,9
NWDJyLib/DSS/cCollections.py,other-jython,hec.heclib.dss,hec,java,DSSPathname,10
NWDJyLib/DSS/cDSS.py,ressim,hec.heclib.dss,hec,java,HecDss,24
NWDJyLib/DSS/cDSS.py,ressim,hec.heclib.dss,hec,java,HecDataManager,25
NWDJyLib/DSS/cEnsemble.py,other-jython,hec.heclib.dss,hec,java,HecDss,10
NWDJyLib/DSS/cEnsemble.py,other-jython,hec.heclib.dss,hec,java,DSSPathname,11
NWDJyLib/ResSim/ResSimTasks.py,other-jython,hec.heclib.dss,hec,java,DSSPathname,15
NWDJyLib/ResSim/cResSim.py,ressim,hec.heclib.dss,hec,java,HecDss,12
Plots_Jython/MainstemRFC_CP_FCst_Plot.py,cpython,hec.heclib.dss,hec,java,*,13
Plots_Jython/NonExceedancePlots.py,cpython,hec.heclib.dss,hec,java,HecDss,17
Plots_Jython/RFCFlowsCorvall_FCst_Plot.py,cpython,hec.heclib.dss,hec,java,*,13
Plots_Jython/RFC_EUG_FCst_Plot.py,cpython,hec.heclib.dss,hec,java,*,13
Plots_Jython/WIL_NP_Plot_HMS.py,cpython,hec.heclib.dss,hec,java,*,13
Plots_Jython/WIL_PP_Plot_HMS.py,cpython,hec.heclib.dss,hec,java,*,13
Plots_Jython/WIL_PP_Plot_RFC.py,cpython,hec.heclib.dss,hec,java,*,13
Plots_Jython/WIllamett_COR_FCst_Plot.py,cpython,hec.heclib.dss,hec,java,*,13
Plots_Jython/Willamett_BS_FCst_Plot.py,cpython,hec.heclib.dss,hec,java,*,13
Plots_Jython/Willamett_CP_FCst_Plot.py,cpython,hec.heclib.dss,hec,java,*,13
Plots_Jython/Willamett_Conservation System Storage.py,cpython,hec.heclib.dss,hec,java,HecDss,6
Plots_Jython/Willamett_Conservation plots_ McKenzieAndBelowAndFlows.py,cpython,hec.heclib.dss,hec,java,HecDss,6
Plots_Jython/Willamett_Conservation plots_ McKenzieAndBelowForTesting.py,cpython,hec.heclib.dss,hec,java,HecDss,6
Plots_Jython/Willamett_Conservation plots_FRNandAbove.py,cpython,hec.heclib.dss,hec,java,HecDss,6
Plots_Jython/Willamett_Conservation plots_FRNandAboveForTesting.py,cpython,hec.heclib.dss,hec,java,HecDss,6
Plots_Jython/Willamett_Conservation plots_ForTesting.py,cpython,hec.heclib.dss,hec,java,HecDss,6
Plots_Jython/Willamett_EUG_FCst_Plot.py,cpython,hec.heclib.dss,hec,java,*,13
Plots_Jython/Willamett_FRM plots_ McKenzieAndBelowAndFlows.py,cpython,hec.heclib.dss,hec,java,HecDss,6
Plots_Jython/Willamett_FRM plots_FRNandAbove.py,cpython,hec.heclib.dss,hec,java,HecDss,6
Plots_Jython/Willamett_PP_FCst_Plot.py,cpython,hec.heclib.dss,hec,java,*,13
RealtimeData/EstimateMissingValues.py,cpython,hec.heclib.dss,hec,java,HecDss,6
RealtimeData/Replace_Zero_Outflows.py,cpython,hec.heclib.dss,hec,java,HecDss,6
RealtimeData/TemperatureGrids.py,other-jython,hec.heclib.dss,hec,java,*,11
RealtimeData/TemperatureGridsrfc.py,other-jython,hec.heclib.dss,hec,java,*,11
SalemAlbanyAugScript/RunningResSimHeadless/RunningResSimHEADLESS/Example2 - RunBatch Application/Running ResSim BATCH/BatchRunControl.py,other-jython,hec.heclib.dss,hec,java,*,2
Utilities/29_to_88.py,cpython,hec.heclib.dss,hec,java,HecDss,6
Utilities/Flow_Modifier.py,cpython,hec.heclib.dss,hec,java,*,27
Utilities/save_to_sql.py,cpython,hec.heclib.dss,hec,java,*,19
Utilities/save_to_sql.py,cpython,hec.heclib.dss,hec,java,HecDss,23
esp_download/Copy_ESP_to_Forecast_dss.py,cpython,hec.heclib.dss,hec,java,*,2
RealtimeData/TemperatureGrids.py,other-jython,hec.heclib.grid,hec,java,*,14
RealtimeData/TemperatureGridsrfc.py,other-jython,hec.heclib.grid,hec,java,*,14
Utilities/Flow_Modifier.py,cpython,hec.heclib.grid,hec,java,*,30
NWDJyLib/CanadianOps/cNatLakeARDB.py,ressim,hec.heclib.util,hec,java,HecTime,15
NWDJyLib/DSS/DSSTasks.py,other-jython,hec.heclib.util,hec,java,HecTime,14
NWDJyLib/DSS/cCollections.py,other-jython,hec.heclib.util,hec,java,HecTime,8
NWDJyLib/DSS/cDSS.py,ressim,hec.heclib.util,hec,java,HecTime,18
NWDJyLib/DSS/cDSS.py,ressim,hec.heclib.util,hec,java,Heclib,26
NWDJyLib/DSS/cEnsemble.py,other-jython,hec.heclib.util,hec,java,HecTime,12
NWDJyLib/DSS/cTsUtils.py,ressim,hec.heclib.util,hec,java,HecTime,14
NWDJyLib/ResSim/cResSim.py,ressim,hec.heclib.util,hec,java,HecTime,13
NWDJyLib/cRouting.py,ressim,hec.heclib.util,hec,java,HecTime,17
NWDJyLib/cTimes.py,ressim,hec.heclib.util,hec,java,HecTime,7
Plots_Jython/MainstemRFC_CP_FCst_Plot.py,cpython,hec.heclib.util,hec,java,*,9
Plots_Jython/NonExceedancePlots.py,cpython,hec.heclib.util,hec,java,HecTime,18
Plots_Jython/RFCFlowsCorvall_FCst_Plot.py,cpython,hec.heclib.util,hec,java,*,9
Plots_Jython/RFC_EUG_FCst_Plot.py,cpython,hec.heclib.util,hec,java,*,9
Plots_Jython/WIL_NP_Plot_HMS.py,cpython,hec.heclib.util,hec,java,*,9
Plots_Jython/WIL_PP_Plot_HMS.py,cpython,hec.heclib.util,hec,java,*,9
Plots_Jython/WIL_PP_Plot_RFC.py,cpython,hec.heclib.util,hec,java,*,9
Plots_Jython/WIllamett_COR_FCst_Plot.py,cpython,hec.heclib.util,hec,java,*,9
Plots_Jython/Willamett_BS_FCst_Plot.py,cpython,hec.heclib.util,hec,java,*,9
Plots_Jython/Willamett_CP_FCst_Plot.py,cpython,hec.heclib.util,hec,java,*,9
Plots_Jython/Willamett_Conservation System Storage.py,cpython,hec.heclib.util,hec,java,HecTime,7
Plots_Jython/Willamett_Conservation plots_ McKenzieAndBelowAndFlows.py,cpython,hec.heclib.util,hec,java,HecTime,7
Plots_Jython/Willamett_Conservation plots_ McKenzieAndBelowForTesting.py,cpython,hec.heclib.util,hec,java,HecTime,7
Plots_Jython/Willamett_Conservation plots_FRNandAbove.py,cpython,hec.heclib.util,hec,java,HecTime,7
Plots_Jython/Willamett_Conservation plots_FRNandAboveForTesting.py,cpython,hec.heclib.util,hec,java,HecTime,7
Plots_Jython/Willamett_Conservation plots_ForTesting.py,cpython,hec.heclib.util,hec,java,HecTime,7
Plots_Jython/Willamett_EUG_FCst_Plot.py,cpython,hec.heclib.util,hec,java,*,9
Plots_Jython/Willamett_FRM plots_ McKenzieAndBelowAndFlows.py,cpython,hec.heclib.util,hec,java,HecTime,7
Plots_Jython/Willamett_FRM plots_FRNandAbove.py,cpython,hec.heclib.util,hec,java,HecTime,7
Plots_Jython/Willamett_PP_FCst_Plot.py,cpython,hec.heclib.util,hec,java,*,9
RealtimeData/EstimateMissingValues.py,cpython,hec.heclib.util,hec,java,HecTime,7
RealtimeData/Replace_Zero_Outflows.py,cpython,hec.heclib.util,hec,java,HecTime,7
RealtimeData/Replace_Zero_Outflows.py,cpython,hec.heclib.util,hec,java,HecDouble,27
RealtimeData/TemperatureGrids.py,other-jython,hec.heclib.util,hec,java,HecTime,1
RealtimeData/TemperatureGrids.py,other-jython,hec.heclib.util,hec,java,HecTime,15
RealtimeData/TemperatureGridsrfc.py,other-jython,hec.heclib.util,hec,java,HecTime,1
RealtimeData/TemperatureGridsrfc.py,other-jython,hec.heclib.util,hec,java,HecTime,15
SalemAlbanyAugScript/RunningResSimHeadless/RunningResSimHEADLESS/Example1 - simple/script.py,other-jython,hec.heclib.util,hec,java,HecTime,11
SalemAlbanyAugScript/RunningResSimHeadless/RunningResSimHEADLESS/Example2 - RunBatch Application/Running ResSim BATCH/BatchRunControl.py,other-jython,hec.heclib.util,hec,java,HecTime,4
SalemAlbanyAugScript/RunningResSimHeadless/RunningResSimHEADLESS/Example3 - NWS/CHPS/script.py,other-jython,hec.heclib.util,hec,java,HecTime,11
SalemAlbanyAugScript/RunningResSimHeadless/RunningResSimHEADLESS/Example3 - NWS/fews/ressim/YubaFeatherFCO/script.py,other-jython,hec.heclib.util,hec,java,HecTime,11
SalemAlbanyAugScript/RunningResSimHeadless/RunningResSimHEADLESS/Example3 - NWS/fews/ressim/YubaFeatherFCO/script_jdk.py,other-jython,hec.heclib.util,hec,java,HecTime,11
SalemAlbanyAugScript/RunningResSimHeadless/RunningResSimHEADLESS/Example3 - NWS/fews/ressim/script.py,other-jython,hec.heclib.util,hec,java,HecTime,11
SalemAlbanyAugScript/RunningResSimHeadless/RunningResSimHEADLESS/Example3 - NWS/fews/ressim/template/template.py,other-jython,hec.heclib.util,hec,java,HecTime,11
SalemAlbanyAugScript/RunningResSimHeadless/RunningResSimHEADLESS/Example3 - NWS/fews/script.py,other-jython,hec.heclib.util,hec,java,HecTime,11
SalemAlbanyAugScript/RunningResSimHeadless/RunningResSimHEADLESS/Example3 - NWS/fews/script_HeadlessCommands_withHotstart.py,other-jython,hec.heclib.util,hec,java,HecTime,11
SalemAlbanyAugScript/RunningResSimHeadless/RunningResSimHEADLESS/Example4 - website-based forcasting system/RunFCOResSim.py,other-jython,hec.heclib.util,hec,java,HecTime,10
SalemAlbanyAugScript/RunningResSimHeadless/RunningResSimHEADLESS/SimpleSim/script.py,other-jython,hec.heclib.util,hec,java,HecTime,11
Utilities/29_to_88.py,cpython,hec.heclib.util,hec,java,HecTime,7
Utilities/Flow_Modifier.py,cpython,hec.heclib.util,hec,java,HecTime,16
Utilities/Flow_Modifier.py,cpython,hec.heclib.util,hec,java,HecTime,31
externalRules/DeepDrawdown.py,ressim,hec.heclib.util,hec,java,HecTime,13
externalRules/DraftToRC.py,ressim,hec.heclib.util,hec,java,HecTime,9
externalRules/ElevInterpDummyRule_Template.py,ressim,hec.heclib.util,hec,java,HecTime,9
externalRules/FIRO_SPACE.py,ressim,hec.heclib.util,hec,java,HecTime,81
externalRules/FillLOPfirst.py,ressim,hec.heclib.util,hec,java,HecTime,15
externalRules/IRRM.py,ressim,hec.heclib.util,hec,java,HecTime,17
externalRules/MinFlowPlusWithdrawal.py,ressim,hec.heclib.util,hec,java,HecTime,28
externalRules/NoDraft.py,ressim,hec.heclib.util,hec,java,HecTime,16
externalRules/SpringSpill.py,ressim,hec.heclib.util,hec,java,HecTime,13
externalSVs/ControllerExternalSV.py,ressim,hec.heclib.util,hec,java,HecTime,21
externalSVs/MainstemFlowAugSV.py,ressim,hec.heclib.util,hec,java,HecTime,32
externalSVs/baseExternalSV.py,ressim,hec.heclib.util,hec,java,HecTime,28
NWDJyLib/CanadianOps/cNatLakeARDB.py,ressim,hec.hecmath,hec,java,"DSS, TimeSeriesMath",16
NWDJyLib/DSS/DSSTasks.py,other-jython,hec.hecmath,hec,java,TimeSeriesMath,17
NWDJyLib/DSS/cDSS.py,ressim,hec.hecmath,hec,java,DSS,12
NWDJyLib/DSS/cDSS.py,ressim,hec.hecmath,hec,java,DSSFile,13
NWDJyLib/DSS/cDSS.py,ressim,hec.hecmath,hec,java,DSSFileException,14
NWDJyLib/DSS/cDSS.py,ressim,hec.hecmath,hec,java,HecMathException,15
NWDJyLib/DSS/cDSS.py,ressim,hec.hecmath,hec,java,TimeSeriesMath,16
NWDJyLib/DSS/cDSS.py,ressim,hec.hecmath,hec,java,TextMath,17
NWDJyLib/DSS/cEnsemble.py,other-jython,hec.hecmath,hec,java,TimeSeriesMath,13
NWDJyLib/DSS/cTsUtils.py,ressim,hec.hecmath,hec,java,TimeSeriesMath,13
NWDJyLib/ResSim/ResSimTasks.py,other-jython,hec.hecmath,hec,java,"DSS, DSSFileException, HecMathException, TimeSeriesMath",13
NWDJyLib/ResSim/cResSim.py,ressim,hec.hecmath,hec,java,"DSS, DSSFileException, HecMathException, TimeSeriesMath",14
Plots_Jython/MainstemRFC_CP_FCst_Plot.py,cpython,hec.hecmath,hec,java,*,11
Plots_Jython/NonExceedancePlots.py,cpython,hec.hecmath,hec,java,TimeSeriesMath,15
Plots_Jython/RFCFlowsCorvall_FCst_Plot.py,cpython,hec.hecmath,hec,java,*,11
Plots_Jython/RFC_EUG_FCst_Plot.py,cpython,hec.hecmath,hec,java,*,11
Plots_Jython/WIL_NP_Plot_HMS.py,cpython,hec.hecmath,hec,java,*,11
Plots_Jython/WIL_PP_Plot_HMS.py,cpython,hec.hecmath,hec,java,*,11
Plots_Jython/WIL_PP_Plot_RFC.py,cpython,hec.hecmath,hec,java,*,11
Plots_Jython/WIllamett_COR_FCst_Plot.py,cpython,hec.hecmath,hec,java,*,11
Plots_Jython/Willamett_BS_FCst_Plot.py,cpython,hec.hecmath,hec,java,*,11
Plots_Jython/Willamett_CP_FCst_Plot.py,cpython,hec.hecmath,hec,java,*,11
Plots_Jython/Willamett_Conservation System Storage.py,cpython,hec.hecmath,hec,java,TimeSeriesMath,4
Plots_Jython/Willamett_Conservation plots_ McKenzieAndBelowAndFlows.py,cpython,hec.hecmath,hec,java,TimeSeriesMath,4
Plots_Jython/Willamett_Conservation plots_ McKenzieAndBelowForTesting.py,cpython,hec.hecmath,hec,java,TimeSeriesMath,4
Plots_Jython/Willamett_Conservation plots_FRNandAbove.py,cpython,hec.hecmath,hec,java,TimeSeriesMath,4
Plots_Jython/Willamett_Conservation plots_FRNandAboveForTesting.py,cpython,hec.hecmath,hec,java,TimeSeriesMath,4
Plots_Jython/Willamett_Conservation plots_ForTesting.py,cpython,hec.hecmath,hec,java,TimeSeriesMath,4
Plots_Jython/Willamett_EUG_FCst_Plot.py,cpython,hec.hecmath,hec,java,*,11
Plots_Jython/Willamett_FRM plots_ McKenzieAndBelowAndFlows.py,cpython,hec.hecmath,hec,java,TimeSeriesMath,4
Plots_Jython/Willamett_FRM plots_FRNandAbove.py,cpython,hec.hecmath,hec,java,TimeSeriesMath,4
Plots_Jython/Willamett_PP_FCst_Plot.py,cpython,hec.hecmath,hec,java,*,11
RealtimeData/EstimateMissingValues.py,cpython,hec.hecmath,hec,java,TimeSeriesMath,4
RealtimeData/Replace_Zero_Outflows.py,cpython,hec.hecmath,hec,java,TimeSeriesMath,4
RealtimeData/TemperatureGrids.py,other-jython,hec.hecmath,hec,java,*,12
RealtimeData/TemperatureGridsrfc.py,other-jython,hec.hecmath,hec,java,*,12
SalemAlbanyAugScript/RunningResSimHeadless/RunningResSimHEADLESS/Example1 - simple/script.py,other-jython,hec.hecmath,hec,java,DisplayUtilities,8
SalemAlbanyAugScript/RunningResSimHeadless/RunningResSimHEADLESS/Example1 - simple/script.py,other-jython,hec.hecmath,hec,java,*,9
SalemAlbanyAugScript/RunningResSimHeadless/RunningResSimHEADLESS/Example2 - RunBatch Application/Running ResSim BATCH/BatchRunControl.py,other-jython,hec.hecmath,hec,java,*,3
SalemAlbanyAugScript/RunningResSimHeadless/RunningResSimHEADLESS/Example3 - NWS/CHPS/script.py,other-jython,hec.hecmath,hec,java,DisplayUtilities,8
SalemAlbanyAugScript/RunningResSimHeadless/RunningResSimHEADLESS/Example3 - NWS/CHPS/script.py,other-jython,hec.hecmath,hec,java,*,9
SalemAlbanyAugScript/RunningResSimHeadless/RunningResSimHEADLESS/Example3 - NWS/fews/ressim/YubaFeatherFCO/script.py,other-jython,hec.hecmath,hec,java,DisplayUtilities,8
SalemAlbanyAugScript/RunningResSimHeadless/RunningResSimHEADLESS/Example3 - NWS/fews/ressim/YubaFeatherFCO/script.py,other-jython,hec.hecmath,hec,java,*,9
SalemAlbanyAugScript/RunningResSimHeadless/RunningResSimHEADLESS/Example3 - NWS/fews/ressim/YubaFeatherFCO/script_jdk.py,other-jython,hec.hecmath,hec,java,DisplayUtilities,8
SalemAlbanyAugScript/RunningResSimHeadless/RunningResSimHEADLESS/Example3 - NWS/fews/ressim/YubaFeatherFCO/script_jdk.py,other-jython,hec.hecmath,hec,java,*,9
SalemAlbanyAugScript/RunningResSimHeadless/RunningResSimHEADLESS/Example3 - NWS/fews/ressim/script.py,other-jython,hec.hecmath,hec,java,DisplayUtilities,8
SalemAlbanyAugScript/RunningResSimHeadless/RunningResSimHEADLESS/Example3 - NWS/fews/ressim/script.py,other-jython,hec.hecmath,hec,java,*,9
SalemAlbanyAugScript/RunningResSimHeadless/RunningResSimHEADLESS/Example3 - NWS/fews/ressim/template/template.py,other-jython,hec.hecmath,hec,java,DisplayUtilities,8
SalemAlbanyAugScript/RunningResSimHeadless/RunningResSimHEADLESS/Example3 - NWS/fews/ressim/template/template.py,other-jython,hec.hecmath,hec,java,*,9
SalemAlbanyAugScript/RunningResSimHeadless/RunningResSimHEADLESS/Example3 - NWS/fews/script.py,other-jython,hec.hecmath,hec,java,DisplayUtilities,8
SalemAlbanyAugScript/RunningResSimHeadless/RunningResSimHEADLESS/Example3 - NWS/fews/script.py,other-jython,hec.hecmath,hec,java,*,9
SalemAlbanyAugScript/RunningResSimHeadless/RunningResSimHEADLESS/Example3 - NWS/fews/script_HeadlessCommands_withHotstart.py,other-jython,hec.hecmath,hec,java,DisplayUtilities,8
SalemAlbanyAugScript/RunningResSimHeadless/RunningResSimHEADLESS/Example3 - NWS/fews/script_HeadlessCommands_withHotstart.py,other-jython,hec.hecmath,hec,java,*,9
SalemAlbanyAugScript/RunningResSimHeadless/RunningResSimHEADLESS/SimpleSim/script.py,other-jython,hec.hecmath,hec,java,DisplayUtilities,8
SalemAlbanyAugScript/RunningResSimHeadless/RunningResSimHEADLESS/SimpleSim/script.py,other-jython,hec.hecmath,hec,java,*,9
Utilities/29_to_88.py,cpython,hec.hecmath,hec,java,TimeSeriesMath,4
Utilities/Flow_Modifier.py,cpython,hec.hecmath,hec,java,*,28
Utilities/save_to_sql.py,cpython,hec.hecmath,hec,java,HecMath,24
Willamette/StateVars/Cumloc_Harrisburg_Init.py,ressim,hec.hecmath,hec,java,TimeSeriesMath,11
Willamette/StateVars/Cumloc_Jefferson_Init.py,ressim,hec.hecmath,hec,java,TimeSeriesMath,12
externalSVs/Alternative_Setup.py,other-jython,hec.hecmath,hec,java,DSS,16
externalSVs/baseExternalSV.py,ressim,hec.hecmath,hec,java,"TextMath, TimeSeriesMath, HecMath",31
NWDJyLib/CanadianOps/cNatLakeARDB.py,ressim,hec.io,hec,java,"PairedDataContainer, TimeSeriesContainer",17
NWDJyLib/DSS/cCollections.py,other-jython,hec.io,hec,java,TimeSeriesContainer,11
NWDJyLib/DSS/cCollections.py,other-jython,hec.io,hec,java,TimeSeriesCollectionContainer,12
NWDJyLib/DSS/cDSS.py,ressim,hec.io,hec,java,TimeSeriesContainer,20
NWDJyLib/DSS/cDSS.py,ressim,hec.io,hec,java,PairedDataContainer,21
NWDJyLib/DSS/cDSS.py,ressim,hec.io,hec,java,TextContainer,22
NWDJyLib/DSS/cTsUtils.py,ressim,hec.io,hec,java,TimeSeriesContainer,16
NWDJyLib/ResSim/cResSim.py,ressim,hec.io,hec,java,TimeSeriesContainer,24
NWDJyLib/cRouting.py,ressim,hec.io,hec,java,TimeSeriesContainer,16
Plots_Jython/MainstemRFC_CP_FCst_Plot.py,cpython,hec.io,hec,java,TimeSeriesContainer,8
Plots_Jython/NonExceedancePlots.py,cpython,hec.io,hec,java,TimeSeriesContainer,16
Plots_Jython/RFCFlowsCorvall_FCst_Plot.py,cpython,hec.io,hec,java,TimeSeriesContainer,8
Plots_Jython/RFC_EUG_FCst_Plot.py,cpython,hec.io,hec,java,TimeSeriesContainer,8
Plots_Jython/WIL_NP_Plot_HMS.py,cpython,hec.io,hec,java,TimeSeriesContainer,8
Plots_Jython/WIL_PP_Plot_HMS.py,cpython,hec.io,hec,java,TimeSeriesContainer,8
Plots_Jython/WIL_PP_Plot_RFC.py,cpython,hec.io,hec,java,TimeSeriesContainer,8
Plots_Jython/WIllamett_COR_FCst_Plot.py,cpython,hec.io,hec,java,TimeSeriesContainer,8
Plots_Jython/Willamett_BS_FCst_Plot.py,cpython,hec.io,hec,java,TimeSeriesContainer,8
Plots_Jython/Willamett_CP_FCst_Plot.py,cpython,hec.io,hec,java,TimeSeriesContainer,8
Plots_Jython/Willamett_Conservation System Storage.py,cpython,hec.io,hec,java,TimeSeriesContainer,5
Plots_Jython/Willamett_Conservation plots_ McKenzieAndBelowAndFlows.py,cpython,hec.io,hec,java,TimeSeriesContainer,5
Plots_Jython/Willamett_Conservation plots_ McKenzieAndBelowForTesting.py,cpython,hec.io,hec,java,TimeSeriesContainer,5
Plots_Jython/Willamett_Conservation plots_FRNandAbove.py,cpython,hec.io,hec,java,TimeSeriesContainer,5
Plots_Jython/Willamett_Conservation plots_FRNandAboveForTesting.py,cpython,hec.io,hec,java,TimeSeriesContainer,5
Plots_Jython/Willamett_Conservation plots_ForTesting.py,cpython,hec.io,hec,java,TimeSeriesContainer,5
Plots_Jython/Willamett_EUG_FCst_Plot.py,cpython,hec.io,hec,java,TimeSeriesContainer,8
Plots_Jython/Willamett_FRM plots_ McKenzieAndBelowAndFlows.py,cpython,hec.io,hec,java,TimeSeriesContainer,5
Plots_Jython/Willamett_FRM plots_FRNandAbove.py,cpython,hec.io,hec,java,TimeSeriesContainer,5
Plots_Jython/Willamett_PP_FCst_Plot.py,cpython,hec.io,hec,java,TimeSeriesContainer,8
RealtimeData/EstimateMissingValues.py,cpython,hec.io,hec,java,TimeSeriesContainer,5
RealtimeData/Replace_Zero_Outflows.py,cpython,hec.io,hec,java,TimeSeriesContainer,5
Utilities/29_to_88.py,cpython,hec.io,hec,java,TimeSeriesContainer,5
externalSVs/baseExternalSV.py,ressim,hec.io,hec,java,"PairedDataContainer, TimeSeriesContainer, TextContainer",29
NWDJyLib/DSS/cDSS.py,ressim,hec.lang,hec,java,DSSPathString,19
NWDJyLib/DSS/cTsUtils.py,ressim,hec.lang,hec,java,DSSPathString,15
NWDJyLib/ResSim/ResSimTasks.py,other-jython,hec.lang,hec,java,DSSPathString,14
NWDJyLib/ResSim/cResSim.py,ressim,hec.lang,hec,java,DSSPathString,15
externalSVs/baseExternalSV.py,ressim,hec.lang,hec,java,DSSPathString,34
NWDJyLib/CanadianOps/cNatLakeARDB.py,ressim,hec.model,hec,java,"PairedValuesExt, RunTimeStep, RunTimeWindow, TSRecord, TSDataSet, LocalTSRecordImpl",18
NWDJyLib/DSS/cDSS.py,ressim,hec.model,hec,java,PairedValuesExt,23
NWDJyLib/ResSim/ResSimController.py,ressim,hec.model,hec,java,"RunTimeStep, RunTimeWindow",16
NWDJyLib/ResSim/cResSim.py,ressim,hec.model,hec,java,PairedValuesExt,16
NWDJyLib/ResSim/cResSim.py,ressim,hec.model,hec,java,"RunTimeStep, RunTimeWindow, SeasonalValue",23
NWDJyLib/cRouting.py,ressim,hec.model,hec,java,PairedValuesExt,15
NWDJyLib/cTimes.py,ressim,hec.model,hec,java,RunTimeStep,8
NWDJyLib/cTimes.py,ressim,hec.model,hec,java,RunTimeWindow,9
Willamette/StateVars/Cumloc_Harrisburg_Init.py,ressim,hec.model,hec,java,RunTimeStep,12
Willamette/StateVars/Cumloc_Jefferson_Init.py,ressim,hec.model,hec,java,RunTimeStep,13
externalRules/FillLOPfirst.py,ressim,hec.model,hec,java,PairedValuesExt,16
externalRules/HCR_LOP_Balance.py,ressim,hec.model,hec,java,RunTimeStep,14
externalRules/IRRM.py,ressim,hec.model,hec,java,PairedValuesExt,18
externalSVs/MainstemFlowAugSV.py,ressim,hec.model,hec,java,PairedValuesExt,33
externalSVs/MainstemFlowAugSV.py,ressim,hec.model,hec,java,RunTimeStep,34
externalSVs/baseExternalSV.py,ressim,hec.model,hec,java,"PairedValuesExt, RunTimeStep, RunTimeWindow, TSRecord, TSDataSet, LocalTSRecordImpl",30
externalSVs/baseExternalSV.py,ressim,hec.model,hec,java,RunTimeStep,32
NWDJyLib/CanadianOps/cNatLakeARDB.py,ressim,hec.rss.model,hec,java,"OpRule, OpValue, ReservoirElement, RssSystem, ScriptOpRule",19
NWDJyLib/ResSim/ResSimTasks.py,other-jython,hec.rss.model,hec,java,"ReservoirElement, JunctionElement, ReachElement, DiversionElement",16
NWDJyLib/ResSim/ResSimTasks.py,other-jython,hec.rss.model,hec,java,RssModelVariableConstants,17
NWDJyLib/ResSim/ResSimTasks.py,other-jython,hec.rss.model,hec,java,ReservoirDamElement,18
NWDJyLib/ResSim/cResSim.py,ressim,hec.rss.model,hec,java,"ReservoirElement, JunctionElement, ReachElement, DiversionElement",17
NWDJyLib/ResSim/cResSim.py,ressim,hec.rss.model,hec,java,"SsarrRouting, NullRouting, PulsChannelRoutingWithLosses",18
NWDJyLib/ResSim/cResSim.py,ressim,hec.rss.model,hec,java,RssModelVariableConstants,19
NWDJyLib/ResSim/cResSim.py,ressim,hec.rss.model,hec,java,"SpecifiedRelease, DiversionRule, TimeSeries, ConstantRelease, MonthlyRelease",20
NWDJyLib/ResSim/cResSim.py,ressim,hec.rss.model,hec,java,"ReservoirDamElement, DivertedOutletElement, ReservoirOutletElement",21
NWDJyLib/ResSim/cResSim.py,ressim,hec.rss.model,hec,java,"Dam, ControlStructure",22
NWDJyLib/cRouting.py,ressim,hec.rss.model,hec,java,"SsarrRouting, NullRouting",18
NWDJyLib/cRouting.py,ressim,hec.rss.model,hec,java,"MuskingumRouting, PulsChannelRoutingWithLosses",19
Utilities/DeleteUnusedIfBlocks.py,cpython,hec.rss.model,hec,java,"RssSystem, ScriptOpRule",15
Utilities/DeleteUnusedOpSets.py,cpython,hec.rss.model,hec,java,"RssSystem, ScriptOpRule",14
Utilities/DeleteUnusedRules.py,cpython,hec.rss.model,hec,java,"RssSystem, ScriptOpRule",16
Utilities/ElevStor_to_CSV.py,cpython,hec.rss.model,hec,java,"RssSystem, ScriptOpRule",16
Utilities/Load_Scripts.py,other-jython,hec.rss.model,hec,java,"RssSystem, ScriptOpRule",14
Utilities/Rules_to_CSV.py,cpython,hec.rss.model,hec,java,"RssSystem, ScriptOpRule",20
Utilities/Save_Scripts.py,cpython,hec.rss.model,hec,java,"RssSystem, ScriptOpRule",14
externalRules/DeepDrawdown.py,ressim,hec.rss.model,hec,java,"OpValue, OpRule",11
externalRules/DraftToRC.py,ressim,hec.rss.model,hec,java,"OpValue, OpRule",8
externalRules/ElevInterpDummyRule_Template.py,ressim,hec.rss.model,hec,java,OpValue,6
externalRules/ElevInterpDummyRule_Template.py,ressim,hec.rss.model,hec,java,OpRule,7
externalRules/FIRO_SPACE.py,ressim,hec.rss.model,hec,java,OpValue,79
externalRules/FIRO_SPACE.py,ressim,hec.rss.model,hec,java,OpRule,80
externalRules/FillLOPfirst.py,ressim,hec.rss.model,hec,java,OpValue,12
externalRules/FillLOPfirst.py,ressim,hec.rss.model,hec,java,OpRule,13
externalRules/HCR_LOP_Balance.py,ressim,hec.rss.model,hec,java,OpValue,11
externalRules/HCR_LOP_Balance.py,ressim,hec.rss.model,hec,java,OpRule,12
externalRules/IRRM.py,ressim,hec.rss.model,hec,java,OpValue,14
externalRules/IRRM.py,ressim,hec.rss.model,hec,java,OpRule,15
externalRules/MinFlowPlusWithdrawal.py,ressim,hec.rss.model,hec,java,OpValue,26
externalRules/MinFlowPlusWithdrawal.py,ressim,hec.rss.model,hec,java,OpRule,27
externalRules/NoDraft.py,ressim,hec.rss.model,hec,java,OpValue,13
externalRules/NoDraft.py,ressim,hec.rss.model,hec,java,OpRule,14
externalRules/SecondaryFloodDraftLimit.py,ressim,hec.rss.model,hec,java,OpValue,13
externalRules/SecondaryFloodDraftLimit.py,ressim,hec.rss.model,hec,java,OpRule,14
externalRules/SpringSpill.py,ressim,hec.rss.model,hec,java,"OpValue, OpRule",11
externalSVs/Alternative_Setup.py,other-jython,hec.rss.model,hec,java,ScriptOpRule,17
externalSVs/MainstemFlowAugSV.py,ressim,hec.rss.model,hec,java,RssModelVariableConstants,31
externalSVs/MainstemFlowAugSV.py,ressim,hec.rss.model,hec,java,OpValue,35
externalSVs/MainstemFlowAugSV.py,ressim,hec.rss.model,hec,java,OpRule,36
externalSVs/baseExternalSV.py,ressim,hec.rss.model,hec,java,RssModelVariableConstants,39
DP_Menu.py,other-jython,hec.script,hec,java,"Constants, MessageBox, ClientAppWrapper",9
NWDJyLib/CanadianOps/cNatLakeARDB.py,ressim,hec.script,hec,java,Constants,20
NWDJyLib/DSS/DSSTasks.py,other-jython,hec.script,hec,java,Constants,15
NWDJyLib/DSS/cTsUtils.py,ressim,hec.script,hec,java,MessageBox,11
NWDJyLib/DSS/cTsUtils.py,ressim,hec.script,hec,java,Constants,12
NWDJyLib/ResSim/ResSimController.py,ressim,hec.script,hec,java,"Constants, ClientAppWrapper",13
NWDJyLib/ResSim/ResSimController.py,ressim,hec.script,hec,java,ResSim,14
NWDJyLib/ResSim/ResSimTasks.py,other-jython,hec.script,hec,java,Plot,12
NWDJyLib/ResSim/cResSim.py,ressim,hec.script,hec,java,"Constants, Plot",10
NWDJyLib/cRouting.py,ressim,hec.script,hec,java,Constants,14
Plots_Jython/MainstemRFC_CP_FCst_Plot.py,cpython,hec.script,hec,java,*,2
Plots_Jython/NonExceedancePlots.py,cpython,hec.script,hec,java,"MessageBox, Constants, Plot, Tabulate, AxisMarker",24
Plots_Jython/NonExceedancePlots.py,cpython,hec.script,hec,java,AxisMarker,37
Plots_Jython/NonExceedancePlots.py,cpython,hec.script,hec,java,*,42
Plots_Jython/RFCFlowsCorvall_FCst_Plot.py,cpython,hec.script,hec,java,*,2
Plots_Jython/RFC_EUG_FCst_Plot.py,cpython,hec.script,hec,java,*,2
Plots_Jython/WIL_NP_Plot_HMS.py,cpython,hec.script,hec,java,*,2
Plots_Jython/WIL_PP_Plot_HMS.py,cpython,hec.script,hec,java,*,2
Plots_Jython/WIL_PP_Plot_RFC.py,cpython,hec.script,hec,java,*,2
Plots_Jython/WIllamett_COR_FCst_Plot.py,cpython,hec.script,hec,java,*,2
Plots_Jython/Willamett_BS_FCst_Plot.py,cpython,hec.script,hec,java,*,2
Plots_Jython/Willamett_CP_FCst_Plot.py,cpython,hec.script,hec,java,*,2
Plots_Jython/Willamett_Conservation System Storage.py,cpython,hec.script,hec,java,"MessageBox, Constants, Plot, Tabulate",13
Plots_Jython/Willamett_Conservation System Storage.py,cpython,hec.script,hec,java,AxisMarker,26
Plots_Jython/Willamett_Conservation System Storage.py,cpython,hec.script,hec,java,*,33
Plots_Jython/Willamett_Conservation plots_ McKenzieAndBelowAndFlows.py,cpython,hec.script,hec,java,"MessageBox, Constants, Plot, Tabulate",13
Plots_Jython/Willamett_Conservation plots_ McKenzieAndBelowAndFlows.py,cpython,hec.script,hec,java,AxisMarker,26
Plots_Jython/Willamett_Conservation plots_ McKenzieAndBelowAndFlows.py,cpython,hec.script,hec,java,*,33
Plots_Jython/Willamett_Conservation plots_ McKenzieAndBelowForTesting.py,cpython,hec.script,hec,java,"MessageBox, Constants, Plot, Tabulate",13
Plots_Jython/Willamett_Conservation plots_ McKenzieAndBelowForTesting.py,cpython,hec.script,hec,java,AxisMarker,26
Plots_Jython/Willamett_Conservation plots_ McKenzieAndBelowForTesting.py,cpython,hec.script,hec,java,*,33
Plots_Jython/Willamett_Conservation plots_FRNandAbove.py,cpython,hec.script,hec,java,"MessageBox, Constants, Plot, Tabulate",13
Plots_Jython/Willamett_Conservation plots_FRNandAbove.py,cpython,hec.script,hec,java,AxisMarker,26
Plots_Jython/Willamett_Conservation plots_FRNandAbove.py,cpython,hec.script,hec,java,*,33
Plots_Jython/Willamett_Conservation plots_FRNandAboveForTesting.py,cpython,hec.script,hec,java,"MessageBox, Constants, Plot, Tabulate",13
Plots_Jython/Willamett_Conservation plots_FRNandAboveForTesting.py,cpython,hec.script,hec,java,AxisMarker,26
Plots_Jython/Willamett_Conservation plots_FRNandAboveForTesting.py,cpython,hec.script,hec,java,*,33
Plots_Jython/Willamett_Conservation plots_ForTesting.py,cpython,hec.script,hec,java,"MessageBox, Constants, Plot, Tabulate",13
Plots_Jython/Willamett_Conservation plots_ForTesting.py,cpython,hec.script,hec,java,AxisMarker,26
Plots_Jython/Willamett_Conservation plots_ForTesting.py,cpython,hec.script,hec,java,renameRecords,27
Plots_Jython/Willamett_Conservation plots_ForTesting.py,cpython,hec.script,hec,java,*,33
Plots_Jython/Willamett_EUG_FCst_Plot.py,cpython,hec.script,hec,java,*,2
Plots_Jython/Willamett_FRM plots_ McKenzieAndBelowAndFlows.py,cpython,hec.script,hec,java,"MessageBox, Constants, Plot, Tabulate",13
Plots_Jython/Willamett_FRM plots_ McKenzieAndBelowAndFlows.py,cpython,hec.script,hec,java,AxisMarker,26
Plots_Jython/Willamett_FRM plots_ McKenzieAndBelowAndFlows.py,cpython,hec.script,hec,java,*,33
Plots_Jython/Willamett_FRM plots_FRNandAbove.py,cpython,hec.script,hec,java,"MessageBox, Constants, Plot, Tabulate",13
Plots_Jython/Willamett_FRM plots_FRNandAbove.py,cpython,hec.script,hec,java,AxisMarker,26
Plots_Jython/Willamett_FRM plots_FRNandAbove.py,cpython,hec.script,hec,java,*,33
Plots_Jython/Willamett_PP_FCst_Plot.py,cpython,hec.script,hec,java,*,2
RealtimeData/EstimateMissingValues.py,cpython,hec.script,hec,java,"MessageBox, Constants, Plot, Tabulate",13
RealtimeData/EstimateMissingValues.py,cpython,hec.script,hec,java,AxisMarker,26
RealtimeData/EstimateMissingValues.py,cpython,hec.script,hec,java,*,33
RealtimeData/Replace_Zero_Outflows.py,cpython,hec.script,hec,java,"MessageBox, Constants, Plot, Tabulate",13
RealtimeData/Replace_Zero_Outflows.py,cpython,hec.script,hec,java,AxisMarker,26
RealtimeData/Replace_Zero_Outflows.py,cpython,hec.script,hec,java,*,33
RealtimeData/TemperatureGrids.py,other-jython,hec.script,hec,java,*,10
RealtimeData/TemperatureGridsrfc.py,other-jython,hec.script,hec,java,*,10
SalemAlbanyAugScript/RunningResSimHeadless/BatchCompute_updateFromMike2023/2023.06.28_BatchRunControl_ResSim3.5update.py,other-jython,hec.script,hec,java,ResSim,1
SalemAlbanyAugScript/RunningResSimHeadless/JoshBat.py,other-jython,hec.script,hec,java,ResSim,2
SalemAlbanyAugScript/RunningResSimHeadless/JoshBat.py,other-jython,hec.script,hec,java,Constants,3
SalemAlbanyAugScript/RunningResSimHeadless/RunPOR3Step.py,other-jython,hec.script,hec,java,ResSim,4
SalemAlbanyAugScript/RunningResSimHeadless/RunPOR3Step.py,other-jython,hec.script,hec,java,Constants,5
SalemAlbanyAugScript/RunningResSimHeadless/RunningResSimHEADLESS/Example1 - simple/script.py,other-jython,hec.script,hec,java,*,4
SalemAlbanyAugScript/RunningResSimHeadless/RunningResSimHEADLESS/Example1 - simple/script.py,other-jython,hec.script,hec,java,ClientAppWrapper,5
SalemAlbanyAugScript/RunningResSimHeadless/RunningResSimHEADLESS/Example1 - simple/script.py,other-jython,hec.script,hec,java,ResSim,6
SalemAlbanyAugScript/RunningResSimHeadless/RunningResSimHEADLESS/Example1 - simple/script.py,other-jython,hec.script,hec,java,MessageBox,7
SalemAlbanyAugScript/RunningResSimHeadless/RunningResSimHEADLESS/Example2 - RunBatch Application/Running ResSim BATCH/BatchRunControl.py,other-jython,hec.script,hec,java,*,1
SalemAlbanyAugScript/RunningResSimHeadless/RunningResSimHEADLESS/Example3 - NWS/CHPS/script.py,other-jython,hec.script,hec,java,*,4
SalemAlbanyAugScript/RunningResSimHeadless/RunningResSimHEADLESS/Example3 - NWS/CHPS/script.py,other-jython,hec.script,hec,java,ClientAppWrapper,5
SalemAlbanyAugScript/RunningResSimHeadless/RunningResSimHEADLESS/Example3 - NWS/CHPS/script.py,other-jython,hec.script,hec,java,ResSim,6
SalemAlbanyAugScript/RunningResSimHeadless/RunningResSimHEADLESS/Example3 - NWS/CHPS/script.py,other-jython,hec.script,hec,java,MessageBox,7
SalemAlbanyAugScript/RunningResSimHeadless/RunningResSimHEADLESS/Example3 - NWS/fews/ressim/YubaFeatherFCO/script.py,other-jython,hec.script,hec,java,*,4
SalemAlbanyAugScript/RunningResSimHeadless/RunningResSimHEADLESS/Example3 - NWS/fews/ressim/YubaFeatherFCO/script.py,other-jython,hec.script,hec,java,ClientAppWrapper,5
SalemAlbanyAugScript/RunningResSimHeadless/RunningResSimHEADLESS/Example3 - NWS/fews/ressim/YubaFeatherFCO/script.py,other-jython,hec.script,hec,java,ResSim,6
SalemAlbanyAugScript/RunningResSimHeadless/RunningResSimHEADLESS/Example3 - NWS/fews/ressim/YubaFeatherFCO/script.py,other-jython,hec.script,hec,java,MessageBox,7
SalemAlbanyAugScript/RunningResSimHeadless/RunningResSimHEADLESS/Example3 - NWS/fews/ressim/YubaFeatherFCO/script_jdk.py,other-jython,hec.script,hec,java,*,4
SalemAlbanyAugScript/RunningResSimHeadless/RunningResSimHEADLESS/Example3 - NWS/fews/ressim/YubaFeatherFCO/script_jdk.py,other-jython,hec.script,hec,java,ClientAppWrapper,5
SalemAlbanyAugScript/RunningResSimHeadless/RunningResSimHEADLESS/Example3 - NWS/fews/ressim/YubaFeatherFCO/script_jdk.py,other-jython,hec.script,hec,java,ResSim,6
SalemAlbanyAugScript/RunningResSimHeadless/RunningResSimHEADLESS/Example3 - NWS/fews/ressim/YubaFeatherFCO/script_jdk.py,other-jython,hec.script,hec,java,MessageBox,7
SalemAlbanyAugScript/RunningResSimHeadless/RunningResSimHEADLESS/Example3 - NWS/fews/ressim/script.py,other-jython,hec.script,hec,java,*,4
SalemAlbanyAugScript/RunningResSimHeadless/RunningResSimHEADLESS/Example3 - NWS/fews/ressim/script.py,other-jython,hec.script,hec,java,ClientAppWrapper,5
SalemAlbanyAugScript/RunningResSimHeadless/RunningResSimHEADLESS/Example3 - NWS/fews/ressim/script.py,other-jython,hec.script,hec,java,ResSim,6
SalemAlbanyAugScript/RunningResSimHeadless/RunningResSimHEADLESS/Example3 - NWS/fews/ressim/script.py,other-jython,hec.script,hec,java,MessageBox,7
SalemAlbanyAugScript/RunningResSimHeadless/RunningResSimHEADLESS/Example3 - NWS/fews/ressim/template/template.py,other-jython,hec.script,hec,java,*,4
SalemAlbanyAugScript/RunningResSimHeadless/RunningResSimHEADLESS/Example3 - NWS/fews/ressim/template/template.py,other-jython,hec.script,hec,java,ClientAppWrapper,5
SalemAlbanyAugScript/RunningResSimHeadless/RunningResSimHEADLESS/Example3 - NWS/fews/ressim/template/template.py,other-jython,hec.script,hec,java,ResSim,6
SalemAlbanyAugScript/RunningResSimHeadless/RunningResSimHEADLESS/Example3 - NWS/fews/ressim/template/template.py,other-jython,hec.script,hec,java,MessageBox,7
SalemAlbanyAugScript/RunningResSimHeadless/RunningResSimHEADLESS/Example3 - NWS/fews/script.py,other-jython,hec.script,hec,java,*,4
SalemAlbanyAugScript/RunningResSimHeadless/RunningResSimHEADLESS/Example3 - NWS/fews/script.py,other-jython,hec.script,hec,java,ClientAppWrapper,5
SalemAlbanyAugScript/RunningResSimHeadless/RunningResSimHEADLESS/Example3 - NWS/fews/script.py,other-jython,hec.script,hec,java,ResSim,6
SalemAlbanyAugScript/RunningResSimHeadless/RunningResSimHEADLESS/Example3 - NWS/fews/script.py,other-jython,hec.script,hec,java,MessageBox,7
SalemAlbanyAugScript/RunningResSimHeadless/RunningResSimHEADLESS/Example3 - NWS/fews/script_HeadlessCommands_withHotstart.py,other-jython,hec.script,hec,java,*,4
SalemAlbanyAugScript/RunningResSimHeadless/RunningResSimHEADLESS/Example3 - NWS/fews/script_HeadlessCommands_withHotstart.py,other-jython,hec.script,hec,java,ClientAppWrapper,5
SalemAlbanyAugScript/RunningResSimHeadless/RunningResSimHEADLESS/Example3 - NWS/fews/script_HeadlessCommands_withHotstart.py,other-jython,hec.script,hec,java,ResSim,6
SalemAlbanyAugScript/RunningResSimHeadless/RunningResSimHEADLESS/Example3 - NWS/fews/script_HeadlessCommands_withHotstart.py,other-jython,hec.script,hec,java,MessageBox,7
SalemAlbanyAugScript/RunningResSimHeadless/RunningResSimHEADLESS/Example4 - website-based forcasting system/RunFCOResSim.py,other-jython,hec.script,hec,java,"ResSim, Constants",8
SalemAlbanyAugScript/RunningResSimHeadless/RunningResSimHEADLESS/SimpleSim/script.py,other-jython,hec.script,hec,java,*,4
SalemAlbanyAugScript/RunningResSimHeadless/RunningResSimHEADLESS/SimpleSim/script.py,other-jython,hec.script,hec,java,ClientAppWrapper,5
SalemAlbanyAugScript/RunningResSimHeadless/RunningResSimHEADLESS/SimpleSim/script.py,other-jython,hec.script,hec,java,ResSim,6
SalemAlbanyAugScript/RunningResSimHeadless/RunningResSimHEADLESS/SimpleSim/script.py,other-jython,hec.script,hec,java,MessageBox,7
SalemAlbanyAugScript/RunningResSimHeadless/runResSimHeadless.py,other-jython,hec.script,hec,java,ResSim,2
SalemAlbanyAugScript/RunningResSimHeadless/runResSimHeadless.py,other-jython,hec.script,hec,java,Constants,3
Utilities/29_to_88.py,cpython,hec.script,hec,java,"MessageBox, Constants, Plot, Tabulate",13
Utilities/29_to_88.py,cpython,hec.script,hec,java,AxisMarker,26
Utilities/29_to_88.py,cpython,hec.script,hec,java,*,33
Utilities/88_to_29.py,cpython,hec.script,hec,java,*,3
Utilities/DeleteUnusedIfBlocks.py,cpython,hec.script,hec,java,ClientAppWrapper,12
Utilities/DeleteUnusedIfBlocks.py,cpython,hec.script,hec,java,MessageBox,14
Utilities/DeleteUnusedOpSets.py,cpython,hec.script,hec,java,ClientAppWrapper,11
Utilities/DeleteUnusedOpSets.py,cpython,hec.script,hec,java,MessageBox,13
Utilities/DeleteUnusedRules.py,cpython,hec.script,hec,java,ClientAppWrapper,13
Utilities/DeleteUnusedRules.py,cpython,hec.script,hec,java,MessageBox,15
Utilities/ElevStor_to_CSV.py,cpython,hec.script,hec,java,ClientAppWrapper,13
Utilities/ElevStor_to_CSV.py,cpython,hec.script,hec,java,MessageBox,15
Utilities/Flow_Modifier.py,cpython,hec.script,hec,java,*,26
Utilities/Load_Scripts.py,other-jython,hec.script,hec,java,ClientAppWrapper,12
Utilities/Rules_to_CSV.py,cpython,hec.script,hec,java,ClientAppWrapper,17
Utilities/Rules_to_CSV.py,cpython,hec.script,hec,java,MessageBox,19
Utilities/Save_Scripts.py,cpython,hec.script,hec,java,ClientAppWrapper,12
Willamette/ScriptedRules/Hills Creek/[DUMMY] IMPORT MODULES.py,ressim,hec.script,hec,java,Constants,13
Willamette/StateVars/Cumloc_Harrisburg_Init.py,ressim,hec.script,hec,java,Constants,10
Willamette/StateVars/Cumloc_Jefferson_Init.py,ressim,hec.script,hec,java,Constants,11
externalRules/DeepDrawdown.py,ressim,hec.script,hec,java,Constants,12
externalRules/ElevInterpDummyRule_Template.py,ressim,hec.script,hec,java,Constants,8
externalRules/FillLOPfirst.py,ressim,hec.script,hec,java,Constants,14
externalRules/HCR_LOP_Balance.py,ressim,hec.script,hec,java,Constants,13
externalRules/IRRM.py,ressim,hec.script,hec,java,Constants,16
externalRules/NoDraft.py,ressim,hec.script,hec,java,Constants,15
externalRules/SecondaryFloodDraftLimit.py,ressim,hec.script,hec,java,Constants,15
externalRules/SpringSpill.py,ressim,hec.script,hec,java,Constants,12
externalSVs/ControllerExternalSV.py,ressim,hec.script,hec,java,Constants,20
externalSVs/MainstemFlowAugSV.py,ressim,hec.script,hec,java,Constants,37
externalSVs/baseExternalSV.py,ressim,hec.script,hec,java,Constants,33
Plots_Jython/MainstemRFC_CP_FCst_Plot.py,cpython,hec.script.Constants,hec,java,*,10
Plots_Jython/NonExceedancePlots.py,cpython,hec.script.Constants,hec,java,"TRUE, FALSE",43
Plots_Jython/RFCFlowsCorvall_FCst_Plot.py,cpython,hec.script.Constants,hec,java,*,10
Plots_Jython/RFC_EUG_FCst_Plot.py,cpython,hec.script.Constants,hec,java,*,10
Plots_Jython/WIL_NP_Plot_HMS.py,cpython,hec.script.Constants,hec,java,*,10
Plots_Jython/WIL_PP_Plot_HMS.py,cpython,hec.script.Constants,hec,java,*,10
Plots_Jython/WIL_PP_Plot_RFC.py,cpython,hec.script.Constants,hec,java,*,10
Plots_Jython/WIllamett_COR_FCst_Plot.py,cpython,hec.script.Constants,hec,java,*,10
Plots_Jython/Willamett_BS_FCst_Plot.py,cpython,hec.script.Constants,hec,java,*,10
Plots_Jython/Willamett_CP_FCst_Plot.py,cpython,hec.script.Constants,hec,java,*,10
Plots_Jython/Willamett_EUG_FCst_Plot.py,cpython,hec.script.Constants,hec,java,*,10
Plots_Jython/Willamett_PP_FCst_Plot.py,cpython,hec.script.Constants,hec,java,*,10
RealtimeData/TemperatureGrids.py,other-jython,hec.script.Constants,hec,java,"TRUE, FALSE",7
RealtimeData/TemperatureGridsrfc.py,other-jython,hec.script.Constants,hec,java,"TRUE, FALSE",7
Utilities/Flow_Modifier.py,cpython,hec.script.Constants,hec,java,,23
SalemAlbanyAugScript/RunningResSimHeadless/BatchCompute_updateFromMike2023/2023.06.28_BatchRunControl_ResSim3.5update.py,other-jython,hec.ui,hec,java,CheckTreeManager,2
SalemAlbanyAugScript/RunningResSimHeadless/RunningResSimHEADLESS/Example2 - RunBatch Application/Running ResSim BATCH/BatchRunControl.py,other-jython,hec.ui,hec,java,CheckTreeManager,5
RealtimeData/TemperatureGrids.py,other-jython,hec2.rts.client,hec2,java,RTS,2
RealtimeData/TemperatureGridsrfc.py,other-jython,hec2.rts.client,hec2,java,RTS,2
Utilities/Flow_Modifier.py,cpython,hec2.rts.client,hec2,java,RTS,17
Plots_Jython/MainstemRFC_CP_FCst_Plot.py,cpython,hec2.rts.script,hec2,java,*,3
Plots_Jython/RFCFlowsCorvall_FCst_Plot.py,cpython,hec2.rts.script,hec2,java,*,3
Plots_Jython/RFC_EUG_FCst_Plot.py,cpython,hec2.rts.script,hec2,java,*,3
Plots_Jython/WIL_NP_Plot_HMS.py,cpython,hec2.rts.script,hec2,java,*,3
Plots_Jython/WIL_PP_Plot_HMS.py,cpython,hec2.rts.script,hec2,java,*,3
Plots_Jython/WIL_PP_Plot_RFC.py,cpython,hec2.rts.script,hec2,java,*,3
Plots_Jython/WIllamett_COR_FCst_Plot.py,cpython,hec2.rts.script,hec2,java,*,3
Plots_Jython/Willamett_BS_FCst_Plot.py,cpython,hec2.rts.script,hec2,java,*,3
Plots_Jython/Willamett_CP_FCst_Plot.py,cpython,hec2.rts.script,hec2,java,*,3
Plots_Jython/Willamett_EUG_FCst_Plot.py,cpython,hec2.rts.script,hec2,java,*,3
Plots_Jython/Willamett_PP_FCst_Plot.py,cpython,hec2.rts.script,hec2,java,*,3
RealtimeData/TemperatureGrids.py,other-jython,hec2.rts.script,hec2,java,Forecast,3
RealtimeData/TemperatureGridsrfc.py,other-jython,hec2.rts.script,hec2,java,Forecast,3
Utilities/FinalizeAndZip.py,other-jython,hec2.rts.script,hec2,java,Forecast,12
Utilities/Flow_Modifier.py,cpython,hec2.rts.script,hec2,java,Forecast,18
Plots_Jython/MainstemRFC_CP_FCst_Plot.py,cpython,java,java,java,,16
Plots_Jython/NonExceedancePlots.py,cpython,java,java,java,,38
Plots_Jython/RFCFlowsCorvall_FCst_Plot.py,cpython,java,java,java,,16
Plots_Jython/RFC_EUG_FCst_Plot.py,cpython,java,java,java,,16
Plots_Jython/WIL_NP_Plot_HMS.py,cpython,java,java,java,,16
Plots_Jython/WIL_PP_Plot_HMS.py,cpython,java,java,java,,16
Plots_Jython/WIL_PP_Plot_RFC.py,cpython,java,java,java,,16
Plots_Jython/WIllamett_COR_FCst_Plot.py,cpython,java,java,java,,16
Plots_Jython/Willamett_BS_FCst_Plot.py,cpython,java,java,java,,16
Plots_Jython/Willamett_CP_FCst_Plot.py,cpython,java,java,java,,16
Plots_Jython/Willamett_Conservation System Storage.py,cpython,java,java,java,,29
Plots_Jython/Willamett_Conservation plots_ McKenzieAndBelowAndFlows.py,cpython,java,java,java,,29
Plots_Jython/Willamett_Conservation plots_ McKenzieAndBelowForTesting.py,cpython,java,java,java,,29
Plots_Jython/Willamett_Conservation plots_FRNandAbove.py,cpython,java,java,java,,29
Plots_Jython/Willamett_Conservation plots_FRNandAboveForTesting.py,cpython,java,java,java,,29
Plots_Jython/Willamett_Conservation plots_ForTesting.py,cpython,java,java,java,,29
Plots_Jython/Willamett_EUG_FCst_Plot.py,cpython,java,java,java,,16
Plots_Jython/Willamett_FRM plots_ McKenzieAndBelowAndFlows.py,cpython,java,java,java,,29
Plots_Jython/Willamett_FRM plots_FRNandAbove.py,cpython,java,java,java,,29
Plots_Jython/Willamett_PP_FCst_Plot.py,cpython,java,java,java,,16
RealtimeData/EstimateMissingValues.py,cpython,java,java,java,,29
RealtimeData/Replace_Zero_Outflows.py,cpython,java,java,java,,29
SalemAlbanyAugScript/RunningResSimHeadless/RunningResSimHEADLESS/Example2 - RunBatch Application/Running ResSim BATCH/BatchRunControl.py,other-jython,java,java,java,,14
Utilities/29_to_88.py,cpython,java,java,java,,29
Plots_Jython/MainstemRFC_CP_FCst_Plot.py,cpython,java.awt,java,java,Toolkit,5
Plots_Jython/NonExceedancePlots.py,cpython,java.awt,java,java,"BorderLayout, GridLayout, FlowLayout, Toolkit, GraphicsEnvironment, Rectangle, Color, Font",25
Plots_Jython/RFCFlowsCorvall_FCst_Plot.py,cpython,java.awt,java,java,Toolkit,5
Plots_Jython/RFC_EUG_FCst_Plot.py,cpython,java.awt,java,java,Toolkit,5
Plots_Jython/WIL_NP_Plot_HMS.py,cpython,java.awt,java,java,Toolkit,5
Plots_Jython/WIL_PP_Plot_HMS.py,cpython,java.awt,java,java,Toolkit,5
Plots_Jython/WIL_PP_Plot_RFC.py,cpython,java.awt,java,java,Toolkit,5
Plots_Jython/WIllamett_COR_FCst_Plot.py,cpython,java.awt,java,java,Toolkit,5
Plots_Jython/Willamett_BS_FCst_Plot.py,cpython,java.awt,java,java,Toolkit,5
Plots_Jython/Willamett_CP_FCst_Plot.py,cpython,java.awt,java,java,Toolkit,5
Plots_Jython/Willamett_Conservation System Storage.py,cpython,java.awt,java,java,"BorderLayout, GridLayout, FlowLayout, Toolkit, GraphicsEnvironment, Rectangle, Color, Font",14
Plots_Jython/Willamett_Conservation plots_ McKenzieAndBelowAndFlows.py,cpython,java.awt,java,java,"BorderLayout, GridLayout, FlowLayout, Toolkit, GraphicsEnvironment, Rectangle, Color, Font",14
Plots_Jython/Willamett_Conservation plots_ McKenzieAndBelowForTesting.py,cpython,java.awt,java,java,"BorderLayout, GridLayout, FlowLayout, Toolkit, GraphicsEnvironment, Rectangle, Color, Font",14
Plots_Jython/Willamett_Conservation plots_FRNandAbove.py,cpython,java.awt,java,java,"BorderLayout, GridLayout, FlowLayout, Toolkit, GraphicsEnvironment, Rectangle, Color, Font",14
Plots_Jython/Willamett_Conservation plots_FRNandAboveForTesting.py,cpython,java.awt,java,java,"BorderLayout, GridLayout, FlowLayout, Toolkit, GraphicsEnvironment, Rectangle, Color, Font",14
Plots_Jython/Willamett_Conservation plots_ForTesting.py,cpython,java.awt,java,java,"BorderLayout, GridLayout, FlowLayout, Toolkit, GraphicsEnvironment, Rectangle, Color, Font",14
Plots_Jython/Willamett_EUG_FCst_Plot.py,cpython,java.awt,java,java,Toolkit,5
Plots_Jython/Willamett_FRM plots_ McKenzieAndBelowAndFlows.py,cpython,java.awt,java,java,"BorderLayout, GridLayout, FlowLayout, Toolkit, GraphicsEnvironment, Rectangle, Color, Font",14
Plots_Jython/Willamett_FRM plots_FRNandAbove.py,cpython,java.awt,java,java,"BorderLayout, GridLayout, FlowLayout, Toolkit, GraphicsEnvironment, Rectangle, Color, Font",14
Plots_Jython/Willamett_PP_FCst_Plot.py,cpython,java.awt,java,java,Toolkit,5
RealtimeData/EstimateMissingValues.py,cpython,java.awt,java,java,"BorderLayout, GridLayout, FlowLayout, Toolkit, GraphicsEnvironment, Rectangle, Color, Font",14
RealtimeData/Replace_Zero_Outflows.py,cpython,java.awt,java,java,"BorderLayout, GridLayout, FlowLayout, Toolkit, GraphicsEnvironment, Rectangle, Color, Font",14
RealtimeData/TemperatureGrids.py,other-jython,java.awt,java,java,Frame,4
RealtimeData/TemperatureGrids.py,other-jython,java.awt,java,java,Container,5
RealtimeData/TemperatureGridsrfc.py,other-jython,java.awt,java,java,Frame,4
RealtimeData/TemperatureGridsrfc.py,other-jython,java.awt,java,java,Container,5
SalemAlbanyAugScript/RunningResSimHeadless/BatchCompute_updateFromMike2023/2023.06.28_BatchRunControl_ResSim3.5update.py,other-jython,java.awt,java,java,BorderLayout,3
SalemAlbanyAugScript/RunningResSimHeadless/BatchCompute_updateFromMike2023/2023.06.28_BatchRunControl_ResSim3.5update.py,other-jython,java.awt,java,java,Font,4
SalemAlbanyAugScript/RunningResSimHeadless/BatchCompute_updateFromMike2023/2023.06.28_BatchRunControl_ResSim3.5update.py,other-jython,java.awt,java,java,GridLayout,5
SalemAlbanyAugScript/RunningResSimHeadless/RunningResSimHEADLESS/Example2 - RunBatch Application/Running ResSim BATCH/BatchRunControl.py,other-jython,java.awt,java,java,BorderLayout,6
SalemAlbanyAugScript/RunningResSimHeadless/RunningResSimHEADLESS/Example2 - RunBatch Application/Running ResSim BATCH/BatchRunControl.py,other-jython,java.awt,java,java,Font,7
SalemAlbanyAugScript/RunningResSimHeadless/RunningResSimHEADLESS/Example2 - RunBatch Application/Running ResSim BATCH/BatchRunControl.py,other-jython,java.awt,java,java,GridLayout,8
Utilities/29_to_88.py,cpython,java.awt,java,java,"BorderLayout, GridLayout, FlowLayout, Toolkit, GraphicsEnvironment, Rectangle, Color, Font",14
Utilities/Flow_Modifier.py,cpython,java.awt,java,java,Frame,19
Utilities/Flow_Modifier.py,cpython,java.awt,java,java,Container,20
Plots_Jython/MainstemRFC_CP_FCst_Plot.py,cpython,java.awt.event,java,java,"ActionListener, WindowListener",7
Plots_Jython/NonExceedancePlots.py,cpython,java.awt.event,java,java,"ActionListener, FocusListener",26
Plots_Jython/RFCFlowsCorvall_FCst_Plot.py,cpython,java.awt.event,java,java,"ActionListener, WindowListener",7
Plots_Jython/RFC_EUG_FCst_Plot.py,cpython,java.awt.event,java,java,"ActionListener, WindowListener",7
Plots_Jython/WIL_NP_Plot_HMS.py,cpython,java.awt.event,java,java,"ActionListener, WindowListener",7
Plots_Jython/WIL_PP_Plot_HMS.py,cpython,java.awt.event,java,java,"ActionListener, WindowListener",7
Plots_Jython/WIL_PP_Plot_RFC.py,cpython,java.awt.event,java,java,"ActionListener, WindowListener",7
Plots_Jython/WIllamett_COR_FCst_Plot.py,cpython,java.awt.event,java,java,"ActionListener, WindowListener",7
Plots_Jython/Willamett_BS_FCst_Plot.py,cpython,java.awt.event,java,java,"ActionListener, WindowListener",7
Plots_Jython/Willamett_CP_FCst_Plot.py,cpython,java.awt.event,java,java,"ActionListener, WindowListener",7
Plots_Jython/Willamett_Conservation System Storage.py,cpython,java.awt.event,java,java,"ActionListener, FocusListener",15
Plots_Jython/Willamett_Conservation plots_ McKenzieAndBelowAndFlows.py,cpython,java.awt.event,java,java,"ActionListener, FocusListener",15
Plots_Jython/Willamett_Conservation plots_ McKenzieAndBelowForTesting.py,cpython,java.awt.event,java,java,"ActionListener, FocusListener",15
Plots_Jython/Willamett_Conservation plots_FRNandAbove.py,cpython,java.awt.event,java,java,"ActionListener, FocusListener",15
Plots_Jython/Willamett_Conservation plots_FRNandAboveForTesting.py,cpython,java.awt.event,java,java,"ActionListener, FocusListener",15
Plots_Jython/Willamett_Conservation plots_ForTesting.py,cpython,java.awt.event,java,java,"ActionListener, FocusListener",15
Plots_Jython/Willamett_EUG_FCst_Plot.py,cpython,java.awt.event,java,java,"ActionListener, WindowListener",7
Plots_Jython/Willamett_FRM plots_ McKenzieAndBelowAndFlows.py,cpython,java.awt.event,java,java,"ActionListener, FocusListener",15
Plots_Jython/Willamett_FRM plots_FRNandAbove.py,cpython,java.awt.event,java,java,"ActionListener, FocusListener",15
Plots_Jython/Willamett_PP_FCst_Plot.py,cpython,java.awt.event,java,java,"ActionListener, WindowListener",7
RealtimeData/EstimateMissingValues.py,cpython,java.awt.event,java,java,"ActionListener, FocusListener",15
RealtimeData/Replace_Zero_Outflows.py,cpython,java.awt.event,java,java,"ActionListener, FocusListener",15
SalemAlbanyAugScript/RunningResSimHeadless/BatchCompute_updateFromMike2023/2023.06.28_BatchRunControl_ResSim3.5update.py,other-jython,java.awt.event,java,java,ActionListener,6
SalemAlbanyAugScript/RunningResSimHeadless/RunningResSimHEADLESS/Example2 - RunBatch Application/Running ResSim BATCH/BatchRunControl.py,other-jython,java.awt.event,java,java,ActionListener,9
Utilities/29_to_88.py,cpython,java.awt.event,java,java,"ActionListener, FocusListener",15
Plots_Jython/NonExceedancePlots.py,cpython,java.io,java,java,"FileOutputStream, IOException",27
Plots_Jython/Willamett_Conservation System Storage.py,cpython,java.io,java,java,"FileOutputStream, IOException",16
Plots_Jython/Willamett_Conservation plots_ McKenzieAndBelowAndFlows.py,cpython,java.io,java,java,"FileOutputStream, IOException",16
Plots_Jython/Willamett_Conservation plots_ McKenzieAndBelowForTesting.py,cpython,java.io,java,java,"FileOutputStream, IOException",16
Plots_Jython/Willamett_Conservation plots_FRNandAbove.py,cpython,java.io,java,java,"FileOutputStream, IOException",16
Plots_Jython/Willamett_Conservation plots_FRNandAboveForTesting.py,cpython,java.io,java,java,"FileOutputStream, IOException",16
Plots_Jython/Willamett_Conservation plots_ForTesting.py,cpython,java.io,java,java,"FileOutputStream, IOException",16
Plots_Jython/Willamett_FRM plots_ McKenzieAndBelowAndFlows.py,cpython,java.io,java,java,"FileOutputStream, IOException",16
Plots_Jython/Willamett_FRM plots_FRNandAbove.py,cpython,java.io,java,java,"FileOutputStream, IOException",16
RealtimeData/EstimateMissingValues.py,cpython,java.io,java,java,"FileOutputStream, IOException",16
RealtimeData/Replace_Zero_Outflows.py,cpython,java.io,java,java,"FileOutputStream, IOException",16
SalemAlbanyAugScript/RunningResSimHeadless/BatchCompute_updateFromMike2023/2023.06.28_BatchRunControl_ResSim3.5update.py,other-jython,java.io,java,java,File,7
SalemAlbanyAugScript/RunningResSimHeadless/BatchCompute_updateFromMike2023/2023.06.28_BatchRunControl_ResSim3.5update.py,other-jython,java.io,java,java,FileOutputStream,8
SalemAlbanyAugScript/RunningResSimHeadless/BatchCompute_updateFromMike2023/2023.06.28_BatchRunControl_ResSim3.5update.py,other-jython,java.io,java,java,PrintStream,9
Utilities/29_to_88.py,cpython,java.io,java,java,"FileOutputStream, IOException",16
NWDJyLib/CanadianOps/cNatLakeARDB.py,ressim,java.lang,java,java,Math,21
NWDJyLib/DSS/DSSTasks.py,other-jython,java.lang,java,java,Math,16
NWDJyLib/DSS/cDSS.py,ressim,java.lang,java,java,UnsupportedOperationException,28
NWDJyLib/ResSim/ResSimController.py,ressim,java.lang,java,java,System,17
Plots_Jython/NonExceedancePlots.py,cpython,java.lang,java,java,System,28
Plots_Jython/NonExceedancePlots.py,cpython,java.lang,java,java,,40
Plots_Jython/Willamett_Conservation System Storage.py,cpython,java.lang,java,java,System,17
Plots_Jython/Willamett_Conservation System Storage.py,cpython,java.lang,java,java,,31
Plots_Jython/Willamett_Conservation plots_ McKenzieAndBelowAndFlows.py,cpython,java.lang,java,java,System,17
Plots_Jython/Willamett_Conservation plots_ McKenzieAndBelowAndFlows.py,cpython,java.lang,java,java,,31
Plots_Jython/Willamett_Conservation plots_ McKenzieAndBelowForTesting.py,cpython,java.lang,java,java,System,17
Plots_Jython/Willamett_Conservation plots_ McKenzieAndBelowForTesting.py,cpython,java.lang,java,java,,31
Plots_Jython/Willamett_Conservation plots_FRNandAbove.py,cpython,java.lang,java,java,System,17
Plots_Jython/Willamett_Conservation plots_FRNandAbove.py,cpython,java.lang,java,java,,31
Plots_Jython/Willamett_Conservation plots_FRNandAboveForTesting.py,cpython,java.lang,java,java,System,17
Plots_Jython/Willamett_Conservation plots_FRNandAboveForTesting.py,cpython,java.lang,java,java,,31
Plots_Jython/Willamett_Conservation plots_ForTesting.py,cpython,java.lang,java,java,System,17
Plots_Jython/Willamett_Conservation plots_ForTesting.py,cpython,java.lang,java,java,,31
Plots_Jython/Willamett_FRM plots_ McKenzieAndBelowAndFlows.py,cpython,java.lang,java,java,System,17
Plots_Jython/Willamett_FRM plots_ McKenzieAndBelowAndFlows.py,cpython,java.lang,java,java,,31
Plots_Jython/Willamett_FRM plots_FRNandAbove.py,cpython,java.lang,java,java,System,17
Plots_Jython/Willamett_FRM plots_FRNandAbove.py,cpython,java.lang,java,java,,31
RealtimeData/EstimateMissingValues.py,cpython,java.lang,java,java,System,17
RealtimeData/EstimateMissingValues.py,cpython,java.lang,java,java,,31
RealtimeData/Replace_Zero_Outflows.py,cpython,java.lang,java,java,System,17
RealtimeData/Replace_Zero_Outflows.py,cpython,java.lang,java,java,,31
SalemAlbanyAugScript/RunningResSimHeadless/BatchCompute_updateFromMike2023/2023.06.28_BatchRunControl_ResSim3.5update.py,other-jython,java.lang,java,java,String,10
SalemAlbanyAugScript/RunningResSimHeadless/BatchCompute_updateFromMike2023/2023.06.28_BatchRunControl_ResSim3.5update.py,other-jython,java.lang,java,java,System,11
SalemAlbanyAugScript/RunningResSimHeadless/RunningResSimHEADLESS/Example1 - simple/script.py,other-jython,java.lang,java,java,String,12
SalemAlbanyAugScript/RunningResSimHeadless/RunningResSimHEADLESS/Example3 - NWS/CHPS/script.py,other-jython,java.lang,java,java,String,12
SalemAlbanyAugScript/RunningResSimHeadless/RunningResSimHEADLESS/Example3 - NWS/fews/ressim/YubaFeatherFCO/script.py,other-jython,java.lang,java,java,String,12
SalemAlbanyAugScript/RunningResSimHeadless/RunningResSimHEADLESS/Example3 - NWS/fews/ressim/YubaFeatherFCO/script_jdk.py,other-jython,java.lang,java,java,String,12
SalemAlbanyAugScript/RunningResSimHeadless/RunningResSimHEADLESS/Example3 - NWS/fews/ressim/script.py,other-jython,java.lang,java,java,String,12
SalemAlbanyAugScript/RunningResSimHeadless/RunningResSimHEADLESS/Example3 - NWS/fews/ressim/template/template.py,other-jython,java.lang,java,java,String,12
SalemAlbanyAugScript/RunningResSimHeadless/RunningResSimHEADLESS/Example3 - NWS/fews/script.py,other-jython,java.lang,java,java,String,12
SalemAlbanyAugScript/RunningResSimHeadless/RunningResSimHEADLESS/Example3 - NWS/fews/script_HeadlessCommands_withHotstart.py,other-jython,java.lang,java,java,String,12
SalemAlbanyAugScript/RunningResSimHeadless/RunningResSimHEADLESS/Example4 - website-based forcasting system/RunFCOResSim.py,other-jython,java.lang,java,java,String,14
SalemAlbanyAugScript/RunningResSimHeadless/RunningResSimHEADLESS/SimpleSim/script.py,other-jython,java.lang,java,java,String,12
Utilities/29_to_88.py,cpython,java.lang,java,java,System,17
Utilities/29_to_88.py,cpython,java.lang,java,java,,31
externalSVs/baseExternalSV.py,ressim,java.lang,java,java,,47
Plots_Jython/NonExceedancePlots.py,cpython,java.text,java,java,SimpleDateFormat,29
Plots_Jython/Willamett_Conservation System Storage.py,cpython,java.text,java,java,SimpleDateFormat,18
Plots_Jython/Willamett_Conservation plots_ McKenzieAndBelowAndFlows.py,cpython,java.text,java,java,SimpleDateFormat,18
Plots_Jython/Willamett_Conservation plots_ McKenzieAndBelowForTesting.py,cpython,java.text,java,java,SimpleDateFormat,18
Plots_Jython/Willamett_Conservation plots_FRNandAbove.py,cpython,java.text,java,java,SimpleDateFormat,18
Plots_Jython/Willamett_Conservation plots_FRNandAboveForTesting.py,cpython,java.text,java,java,SimpleDateFormat,18
Plots_Jython/Willamett_Conservation plots_ForTesting.py,cpython,java.text,java,java,SimpleDateFormat,18
Plots_Jython/Willamett_FRM plots_ McKenzieAndBelowAndFlows.py,cpython,java.text,java,java,SimpleDateFormat,18
Plots_Jython/Willamett_FRM plots_FRNandAbove.py,cpython,java.text,java,java,SimpleDateFormat,18
RealtimeData/EstimateMissingValues.py,cpython,java.text,java,java,SimpleDateFormat,18
RealtimeData/Replace_Zero_Outflows.py,cpython,java.text,java,java,SimpleDateFormat,18
SalemAlbanyAugScript/RunningResSimHeadless/RunningResSimHEADLESS/Example4 - website-based forcasting system/RunFCOResSim.py,other-jython,java.text,java,java,SimpleDateFormat,126
Utilities/29_to_88.py,cpython,java.text,java,java,SimpleDateFormat,18
NWDJyLib/cTimes.py,ressim,java.util,java,java,TimeZone,11
NWDJyLib/cTimes.py,ressim,java.util,java,java,GregorianCalendar,12
Plots_Jython/NonExceedancePlots.py,cpython,java.util,java,java,TimeZone,30
Plots_Jython/Willamett_Conservation System Storage.py,cpython,java.util,java,java,TimeZone,19
Plots_Jython/Willamett_Conservation plots_ McKenzieAndBelowAndFlows.py,cpython,java.util,java,java,TimeZone,19
Plots_Jython/Willamett_Conservation plots_ McKenzieAndBelowForTesting.py,cpython,java.util,java,java,TimeZone,19
Plots_Jython/Willamett_Conservation plots_FRNandAbove.py,cpython,java.util,java,java,TimeZone,19
Plots_Jython/Willamett_Conservation plots_FRNandAboveForTesting.py,cpython,java.util,java,java,TimeZone,19
Plots_Jython/Willamett_Conservation plots_ForTesting.py,cpython,java.util,java,java,TimeZone,19
Plots_Jython/Willamett_FRM plots_ McKenzieAndBelowAndFlows.py,cpython,java.util,java,java,TimeZone,19
Plots_Jython/Willamett_FRM plots_FRNandAbove.py,cpython,java.util,java,java,TimeZone,19
RealtimeData/EstimateMissingValues.py,cpython,java.util,java,java,TimeZone,19
RealtimeData/Replace_Zero_Outflows.py,cpython,java.util,java,java,TimeZone,19
Utilities/29_to_88.py,cpython,java.util,java,java,TimeZone,19
SalemAlbanyAugScript/RunningResSimHeadless/BatchCompute_updateFromMike2023/2023.06.28_BatchRunControl_ResSim3.5update.py,other-jython,java.util.concurrent,java,java,LinkedBlockingQueue,12
Plots_Jython/MainstemRFC_CP_FCst_Plot.py,cpython,javax,javax,java,,16
Plots_Jython/RFCFlowsCorvall_FCst_Plot.py,cpython,javax,javax,java,,16
Plots_Jython/RFC_EUG_FCst_Plot.py,cpython,javax,javax,java,,16
Plots_Jython/WIL_NP_Plot_HMS.py,cpython,javax,javax,java,,16
Plots_Jython/WIL_PP_Plot_HMS.py,cpython,javax,javax,java,,16
Plots_Jython/WIL_PP_Plot_RFC.py,cpython,javax,javax,java,,16
Plots_Jython/WIllamett_COR_FCst_Plot.py,cpython,javax,javax,java,,16
Plots_Jython/Willamett_BS_FCst_Plot.py,cpython,javax,javax,java,,16
Plots_Jython/Willamett_CP_FCst_Plot.py,cpython,javax,javax,java,,16
Plots_Jython/Willamett_EUG_FCst_Plot.py,cpython,javax,javax,java,,16
Plots_Jython/Willamett_PP_FCst_Plot.py,cpython,javax,javax,java,,16
Utilities/FinalizeAndZip.py,other-jython,javax,javax,java,swing,13
Plots_Jython/MainstemRFC_CP_FCst_Plot.py,cpython,javax.swing,javax,java,*,4
Plots_Jython/NonExceedancePlots.py,cpython,javax.swing,javax,java,"JDialog, JCheckBox, JComboBox, JPanel, JButton, JOptionPane, JScrollPane, BoxLayout, JLabel, JTextField, SwingConstants, ScrollPaneConstants",31
Plots_Jython/RFCFlowsCorvall_FCst_Plot.py,cpython,javax.swing,javax,java,*,4
Plots_Jython/RFC_EUG_FCst_Plot.py,cpython,javax.swing,javax,java,*,4
Plots_Jython/WIL_NP_Plot_HMS.py,cpython,javax.swing,javax,java,*,4
Plots_Jython/WIL_PP_Plot_HMS.py,cpython,javax.swing,javax,java,*,4
Plots_Jython/WIL_PP_Plot_RFC.py,cpython,javax.swing,javax,java,*,4
Plots_Jython/WIllamett_COR_FCst_Plot.py,cpython,javax.swing,javax,java,*,4
Plots_Jython/Willamett_BS_FCst_Plot.py,cpython,javax.swing,javax,java,*,4
Plots_Jython/Willamett_CP_FCst_Plot.py,cpython,javax.swing,javax,java,*,4
Plots_Jython/Willamett_Conservation System Storage.py,cpython,javax.swing,javax,java,"JDialog, JCheckBox, JComboBox, JPanel, JButton, JOptionPane, JScrollPane, BoxLayout, JLabel, JTextField, SwingConstants, ScrollPaneConstants",20
Plots_Jython/Willamett_Conservation plots_ McKenzieAndBelowAndFlows.py,cpython,javax.swing,javax,java,"JDialog, JCheckBox, JComboBox, JPanel, JButton, JOptionPane, JScrollPane, BoxLayout, JLabel, JTextField, SwingConstants, ScrollPaneConstants",20
Plots_Jython/Willamett_Conservation plots_ McKenzieAndBelowForTesting.py,cpython,javax.swing,javax,java,"JDialog, JCheckBox, JComboBox, JPanel, JButton, JOptionPane, JScrollPane, BoxLayout, JLabel, JTextField, SwingConstants, ScrollPaneConstants",20
Plots_Jython/Willamett_Conservation plots_FRNandAbove.py,cpython,javax.swing,javax,java,"JDialog, JCheckBox, JComboBox, JPanel, JButton, JOptionPane, JScrollPane, BoxLayout, JLabel, JTextField, SwingConstants, ScrollPaneConstants",20
Plots_Jython/Willamett_Conservation plots_FRNandAboveForTesting.py,cpython,javax.swing,javax,java,"JDialog, JCheckBox, JComboBox, JPanel, JButton, JOptionPane, JScrollPane, BoxLayout, JLabel, JTextField, SwingConstants, ScrollPaneConstants",20
Plots_Jython/Willamett_Conservation plots_ForTesting.py,cpython,javax.swing,javax,java,"JDialog, JCheckBox, JComboBox, JPanel, JButton, JOptionPane, JScrollPane, BoxLayout, JLabel, JTextField, SwingConstants, ScrollPaneConstants",20
Plots_Jython/Willamett_EUG_FCst_Plot.py,cpython,javax.swing,javax,java,*,4
Plots_Jython/Willamett_FRM plots_ McKenzieAndBelowAndFlows.py,cpython,javax.swing,javax,java,"JDialog, JCheckBox, JComboBox, JPanel, JButton, JOptionPane, JScrollPane, BoxLayout, JLabel, JTextField, SwingConstants, ScrollPaneConstants",20
Plots_Jython/Willamett_FRM plots_FRNandAbove.py,cpython,javax.swing,javax,java,"JDialog, JCheckBox, JComboBox, JPanel, JButton, JOptionPane, JScrollPane, BoxLayout, JLabel, JTextField, SwingConstants, ScrollPaneConstants",20
Plots_Jython/Willamett_PP_FCst_Plot.py,cpython,javax.swing,javax,java,*,4
RealtimeData/EstimateMissingValues.py,cpython,javax.swing,javax,java,"JDialog, JCheckBox, JComboBox, JPanel, JButton, JOptionPane, JScrollPane, BoxLayout, JLabel, JTextField, SwingConstants, ScrollPaneConstants",20
RealtimeData/Replace_Zero_Outflows.py,cpython,javax.swing,javax,java,"JDialog, JCheckBox, JComboBox, JPanel, JButton, JOptionPane, JScrollPane, BoxLayout, JLabel, JTextField, SwingConstants, ScrollPaneConstants",20
RealtimeData/TemperatureGrids.py,other-jython,javax.swing,javax,java,JOptionPane,8
RealtimeData/TemperatureGridsrfc.py,other-jython,javax.swing,javax,java,JOptionPane,8
SalemAlbanyAugScript/RunningResSimHeadless/BatchCompute_updateFromMike2023/2023.06.28_BatchRunControl_ResSim3.5update.py,other-jython,javax.swing,javax,java,JButton,13
SalemAlbanyAugScript/RunningResSimHeadless/BatchCompute_updateFromMike2023/2023.06.28_BatchRunControl_ResSim3.5update.py,other-jython,javax.swing,javax,java,JCheckBox,14
SalemAlbanyAugScript/RunningResSimHeadless/BatchCompute_updateFromMike2023/2023.06.28_BatchRunControl_ResSim3.5update.py,other-jython,javax.swing,javax,java,JFrame,15
SalemAlbanyAugScript/RunningResSimHeadless/BatchCompute_updateFromMike2023/2023.06.28_BatchRunControl_ResSim3.5update.py,other-jython,javax.swing,javax,java,JPanel,16
SalemAlbanyAugScript/RunningResSimHeadless/BatchCompute_updateFromMike2023/2023.06.28_BatchRunControl_ResSim3.5update.py,other-jython,javax.swing,javax,java,JProgressBar,17
SalemAlbanyAugScript/RunningResSimHeadless/BatchCompute_updateFromMike2023/2023.06.28_BatchRunControl_ResSim3.5update.py,other-jython,javax.swing,javax,java,JScrollPane,18
SalemAlbanyAugScript/RunningResSimHeadless/BatchCompute_updateFromMike2023/2023.06.28_BatchRunControl_ResSim3.5update.py,other-jython,javax.swing,javax,java,JTextArea,19
SalemAlbanyAugScript/RunningResSimHeadless/BatchCompute_updateFromMike2023/2023.06.28_BatchRunControl_ResSim3.5update.py,other-jython,javax.swing,javax,java,JTextField,20
SalemAlbanyAugScript/RunningResSimHeadless/BatchCompute_updateFromMike2023/2023.06.28_BatchRunControl_ResSim3.5update.py,other-jython,javax.swing,javax,java,JTree,21
SalemAlbanyAugScript/RunningResSimHeadless/RunningResSimHEADLESS/Example2 - RunBatch Application/Running ResSim BATCH/BatchRunControl.py,other-jython,javax.swing,javax,java,*,10
Utilities/29_to_88.py,cpython,javax.swing,javax,java,"JDialog, JCheckBox, JComboBox, JPanel, JButton, JOptionPane, JScrollPane, BoxLayout, JLabel, JTextField, SwingConstants, ScrollPaneConstants",20
Utilities/FinalizeAndZip.py,other-jython,javax.swing,javax,java,JFrame,15
Utilities/Flow_Modifier.py,cpython,javax.swing,javax,java,JOptionPane,24
Plots_Jython/NonExceedancePlots.py,cpython,javax.swing.JFrame,javax,java,,39
Plots_Jython/Willamett_Conservation System Storage.py,cpython,javax.swing.JFrame,javax,java,,30
Plots_Jython/Willamett_Conservation plots_ McKenzieAndBelowAndFlows.py,cpython,javax.swing.JFrame,javax,java,,30
Plots_Jython/Willamett_Conservation plots_ McKenzieAndBelowForTesting.py,cpython,javax.swing.JFrame,javax,java,,30
Plots_Jython/Willamett_Conservation plots_FRNandAbove.py,cpython,javax.swing.JFrame,javax,java,,30
Plots_Jython/Willamett_Conservation plots_FRNandAboveForTesting.py,cpython,javax.swing.JFrame,javax,java,,30
Plots_Jython/Willamett_Conservation plots_ForTesting.py,cpython,javax.swing.JFrame,javax,java,,30
Plots_Jython/Willamett_FRM plots_ McKenzieAndBelowAndFlows.py,cpython,javax.swing.JFrame,javax,java,,30
Plots_Jython/Willamett_FRM plots_FRNandAbove.py,cpython,javax.swing.JFrame,javax,java,,30
RealtimeData/EstimateMissingValues.py,cpython,javax.swing.JFrame,javax,java,,30
RealtimeData/Replace_Zero_Outflows.py,cpython,javax.swing.JFrame,javax,java,,30
Utilities/29_to_88.py,cpython,javax.swing.JFrame,javax,java,,30
Utilities/FinalizeAndZip.py,other-jython,javax.swing.JOptionPane,javax,java,,14
Plots_Jython/NonExceedancePlots.py,cpython,javax.swing.border,javax,java,EmptyBorder,32
Plots_Jython/Willamett_Conservation System Storage.py,cpython,javax.swing.border,javax,java,EmptyBorder,21
Plots_Jython/Willamett_Conservation plots_ McKenzieAndBelowAndFlows.py,cpython,javax.swing.border,javax,java,EmptyBorder,21
Plots_Jython/Willamett_Conservation plots_ McKenzieAndBelowForTesting.py,cpython,javax.swing.border,javax,java,EmptyBorder,21
Plots_Jython/Willamett_Conservation plots_FRNandAbove.py,cpython,javax.swing.border,javax,java,EmptyBorder,21
Plots_Jython/Willamett_Conservation plots_FRNandAboveForTesting.py,cpython,javax.swing.border,javax,java,EmptyBorder,21
Plots_Jython/Willamett_Conservation plots_ForTesting.py,cpython,javax.swing.border,javax,java,EmptyBorder,21
Plots_Jython/Willamett_FRM plots_ McKenzieAndBelowAndFlows.py,cpython,javax.swing.border,javax,java,EmptyBorder,21
Plots_Jython/Willamett_FRM plots_FRNandAbove.py,cpython,javax.swing.border,javax,java,EmptyBorder,21
RealtimeData/EstimateMissingValues.py,cpython,javax.swing.border,javax,java,EmptyBorder,21
RealtimeData/Replace_Zero_Outflows.py,cpython,javax.swing.border,javax,java,EmptyBorder,21
SalemAlbanyAugScript/RunningResSimHeadless/BatchCompute_updateFromMike2023/2023.06.28_BatchRunControl_ResSim3.5update.py,other-jython,javax.swing.border,javax,java,TitledBorder,22
SalemAlbanyAugScript/RunningResSimHeadless/RunningResSimHEADLESS/Example2 - RunBatch Application/Running ResSim BATCH/BatchRunControl.py,other-jython,javax.swing.border,javax,java,*,11
Utilities/29_to_88.py,cpython,javax.swing.border,javax,java,EmptyBorder,21
Plots_Jython/MainstemRFC_CP_FCst_Plot.py,cpython,javax.swing.event,javax,java,"ListSelectionListener, ChangeListener",6
Plots_Jython/RFCFlowsCorvall_FCst_Plot.py,cpython,javax.swing.event,javax,java,"ListSelectionListener, ChangeListener",6
Plots_Jython/RFC_EUG_FCst_Plot.py,cpython,javax.swing.event,javax,java,"ListSelectionListener, ChangeListener",6
Plots_Jython/WIL_NP_Plot_HMS.py,cpython,javax.swing.event,javax,java,"ListSelectionListener, ChangeListener",6
Plots_Jython/WIL_PP_Plot_HMS.py,cpython,javax.swing.event,javax,java,"ListSelectionListener, ChangeListener",6
Plots_Jython/WIL_PP_Plot_RFC.py,cpython,javax.swing.event,javax,java,"ListSelectionListener, ChangeListener",6
Plots_Jython/WIllamett_COR_FCst_Plot.py,cpython,javax.swing.event,javax,java,"ListSelectionListener, ChangeListener",6
Plots_Jython/Willamett_BS_FCst_Plot.py,cpython,javax.swing.event,javax,java,"ListSelectionListener, ChangeListener",6
Plots_Jython/Willamett_CP_FCst_Plot.py,cpython,javax.swing.event,javax,java,"ListSelectionListener, ChangeListener",6
Plots_Jython/Willamett_EUG_FCst_Plot.py,cpython,javax.swing.event,javax,java,"ListSelectionListener, ChangeListener",6
Plots_Jython/Willamett_PP_FCst_Plot.py,cpython,javax.swing.event,javax,java,"ListSelectionListener, ChangeListener",6
SalemAlbanyAugScript/RunningResSimHeadless/BatchCompute_updateFromMike2023/2023.06.28_BatchRunControl_ResSim3.5update.py,other-jython,javax.swing.tree,javax,java,DefaultMutableTreeNode,23
SalemAlbanyAugScript/RunningResSimHeadless/BatchCompute_updateFromMike2023/2023.06.28_BatchRunControl_ResSim3.5update.py,other-jython,javax.swing.tree,javax,java,TreePath,24
SalemAlbanyAugScript/RunningResSimHeadless/RunningResSimHEADLESS/Example2 - RunBatch Application/Running ResSim BATCH/BatchRunControl.py,other-jython,javax.swing.tree,javax,java,*,12
DP_Menu.py,other-jython,jxl,jxl,java,Workbook,16
externalSVs/Alternative_Setup.py,other-jython,org.hjson,org,java,JsonValue,29
NWDJyLib/cLoadModules.py,ressim,org.python.core.PyTuple,org,java,,21
SalemAlbanyAugScript/RunningResSimHeadless/RunningResSimHEADLESS/Example2 - RunBatch Application/Running ResSim BATCH/BatchRunControl.py,other-jython,rma,rma,java,,14
Plots_Jython/NonExceedancePlots.py,cpython,rma.services,rma,java,ServiceLookup,33
Plots_Jython/Willamett_Conservation System Storage.py,cpython,rma.services,rma,java,ServiceLookup,22
Plots_Jython/Willamett_Conservation plots_ McKenzieAndBelowAndFlows.py,cpython,rma.services,rma,java,ServiceLookup,22
Plots_Jython/Willamett_Conservation plots_ McKenzieAndBelowForTesting.py,cpython,rma.services,rma,java,ServiceLookup,22
Plots_Jython/Willamett_Conservation plots_FRNandAbove.py,cpython,rma.services,rma,java,ServiceLookup,22
Plots_Jython/Willamett_Conservation plots_FRNandAboveForTesting.py,cpython,rma.services,rma,java,ServiceLookup,22
Plots_Jython/Willamett_Conservation plots_ForTesting.py,cpython,rma.services,rma,java,ServiceLookup,22
Plots_Jython/Willamett_FRM plots_ McKenzieAndBelowAndFlows.py,cpython,rma.services,rma,java,ServiceLookup,22
Plots_Jython/Willamett_FRM plots_FRNandAbove.py,cpython,rma.services,rma,java,ServiceLookup,22
RealtimeData/EstimateMissingValues.py,cpython,rma.services,rma,java,ServiceLookup,22
RealtimeData/Replace_Zero_Outflows.py,cpython,rma.services,rma,java,ServiceLookup,22
Utilities/29_to_88.py,cpython,rma.services,rma,java,ServiceLookup,22
Plots_Jython/NonExceedancePlots.py,cpython,rma.swing,rma,java,DateChooser,34
Plots_Jython/Willamett_Conservation System Storage.py,cpython,rma.swing,rma,java,DateChooser,23
Plots_Jython/Willamett_Conservation plots_ McKenzieAndBelowAndFlows.py,cpython,rma.swing,rma,java,DateChooser,23
Plots_Jython/Willamett_Conservation plots_ McKenzieAndBelowForTesting.py,cpython,rma.swing,rma,java,DateChooser,23
Plots_Jython/Willamett_Conservation plots_FRNandAbove.py,cpython,rma.swing,rma,java,DateChooser,23
Plots_Jython/Willamett_Conservation plots_FRNandAboveForTesting.py,cpython,rma.swing,rma,java,DateChooser,23
Plots_Jython/Willamett_Conservation plots_ForTesting.py,cpython,rma.swing,rma,java,DateChooser,23
Plots_Jython/Willamett_FRM plots_ McKenzieAndBelowAndFlows.py,cpython,rma.swing,rma,java,DateChooser,23
Plots_Jython/Willamett_FRM plots_FRNandAbove.py,cpython,rma.swing,rma,java,DateChooser,23
RealtimeData/EstimateMissingValues.py,cpython,rma.swing,rma,java,DateChooser,23
RealtimeData/Replace_Zero_Outflows.py,cpython,rma.swing,rma,java,DateChooser,23
Utilities/29_to_88.py,cpython,rma.swing,rma,java,DateChooser,23
SalemAlbanyAugScript/RunningResSimHeadless/RunningResSimHEADLESS/Example1 - simple/script.py,other-jython,jarray,jarray,jython,,13
SalemAlbanyAugScript/RunningResSimHeadless/RunningResSimHEADLESS/Example3 - NWS/CHPS/script.py,other-jython,jarray,jarray,jython,,13
SalemAlbanyAugScript/RunningResSimHeadless/RunningResSimHEADLESS/Example3 - NWS/fews/ressim/YubaFeatherFCO/script.py,other-jython,jarray,jarray,jython,,13
SalemAlbanyAugScript/RunningResSimHeadless/RunningResSimHEADLESS/Example3 - NWS/fews/ressim/YubaFeatherFCO/script_jdk.py,other-jython,jarray,jarray,jython,,13
SalemAlbanyAugScript/RunningResSimHeadless/RunningResSimHEADLESS/Example3 - NWS/fews/ressim/script.py,other-jython,jarray,jarray,jython,,13
SalemAlbanyAugScript/RunningResSimHeadless/RunningResSimHEADLESS/Example3 - NWS/fews/ressim/template/template.py,other-jython,jarray,jarray,jython,,13
SalemAlbanyAugScript/RunningResSimHeadless/RunningResSimHEADLESS/Example3 - NWS/fews/script.py,other-jython,jarray,jarray,jython,,13
SalemAlbanyAugScript/RunningResSimHeadless/RunningResSimHEADLESS/Example3 - NWS/fews/script_HeadlessCommands_withHotstart.py,other-jython,jarray,jarray,jython,,13
SalemAlbanyAugScript/RunningResSimHeadless/RunningResSimHEADLESS/Example4 - website-based forcasting system/RunFCOResSim.py,other-jython,jarray,jarray,jython,,16
SalemAlbanyAugScript/RunningResSimHeadless/RunningResSimHEADLESS/SimpleSim/script.py,other-jython,jarray,jarray,jython,,13
DP_Menu.py,other-jython,NWDJyLib,NWDJyLib,local,"cRouting, cFile",34
NWDJyLib/DSS/DSSTasks.py,other-jython,NWDJyLib,NWDJyLib,local,cFile,22
NWDJyLib/DSS/cCollections.py,other-jython,NWDJyLib,NWDJyLib,local,cFile,15
NWDJyLib/DSS/cDSS.py,ressim,NWDJyLib,NWDJyLib,local,cFile,32
NWDJyLib/DSS/cDSS.py,ressim,NWDJyLib,NWDJyLib,local,cTimes,33
NWDJyLib/DSS/cEnsemble.py,other-jython,NWDJyLib,NWDJyLib,local,cFile,20
NWDJyLib/DSS/cEnsemble.py,other-jython,NWDJyLib,NWDJyLib,local,cTimes,21
NWDJyLib/FixedData/NameAlias.py,ressim,NWDJyLib,NWDJyLib,local,cFile,35
NWDJyLib/ResSim/ResSimController.py,ressim,NWDJyLib,NWDJyLib,local,cTimes,21
NWDJyLib/ResSim/ResSimTasks.py,other-jython,NWDJyLib,NWDJyLib,local,cRouting,22
NWDJyLib/ResSim/ResSimTasks.py,other-jython,NWDJyLib,NWDJyLib,local,cFile,23
NWDJyLib/ResSim/cResSim.py,ressim,NWDJyLib,NWDJyLib,local,cRouting,28
NWDJyLib/ResSim/cResSim.py,ressim,NWDJyLib,NWDJyLib,local,cFile,29
NWDJyLib/ResSim/cResSim.py,ressim,NWDJyLib,NWDJyLib,local,cTimes,30
NWDJyLib/cLoadModules.py,ressim,NWDJyLib,NWDJyLib,local,cLoadModules,12
Willamette/ScriptedRules/Hills Creek/[DUMMY] IMPORT MODULES.py,ressim,NWDJyLib,NWDJyLib,local,cTimes,20
Willamette/ScriptedRules/Hills Creek/[DUMMY] IMPORT MODULES.py,ressim,NWDJyLib,NWDJyLib,local,rLogging,23
Willamette/ScriptedRules/Hills Creek/[DUMMY] IMPORT MODULES.py,ressim,NWDJyLib,NWDJyLib,local,rLogging,46
Willamette/ScriptedRules/Hills Creek/[DUMMY] Initialize ControllerExternalSV.py,ressim,NWDJyLib,NWDJyLib,local,cLoadModules,26
externalRules/_offline_tests/test_FIRO_SPACE.py,other-jython,NWDJyLib,NWDJyLib,local,,91
externalRules/_offline_tests/test_MinFlowPlusWithdrawal.py,other-jython,NWDJyLib,NWDJyLib,local,,107
externalSVs/Alternative_Setup.py,other-jython,NWDJyLib,NWDJyLib,local,cLoadModules,23
externalSVs/ControllerExternalSV.py,ressim,NWDJyLib,NWDJyLib,local,cFile,29
externalSVs/ControllerExternalSV.py,ressim,NWDJyLib,NWDJyLib,local,cLoadModules,30
externalSVs/baseExternalSV.py,ressim,NWDJyLib,NWDJyLib,local,rLogging,44
DP_Menu.py,other-jython,NWDJyLib.AFDR,NWDJyLib,local,"DPMenuGUI, cDamPrev, cExcel, cLocFlows",35
DP_Menu.py,other-jython,NWDJyLib.DSS,NWDJyLib,local,cTsUtils,37
NWDJyLib/DSS/DSSTasks.py,other-jython,NWDJyLib.DSS,NWDJyLib,local,cDSS,24
NWDJyLib/DSS/DSSTasks.py,other-jython,NWDJyLib.DSS,NWDJyLib,local,cTsUtils,25
NWDJyLib/DSS/DSSTasks.py,other-jython,NWDJyLib.DSS,NWDJyLib,local,cCollections,26
NWDJyLib/DSS/cDSS.py,ressim,NWDJyLib.DSS,NWDJyLib,local,cTsUtils,34
NWDJyLib/DSS/cEnsemble.py,other-jython,NWDJyLib.DSS,NWDJyLib,local,cDSS,22
NWDJyLib/DSS/cEnsemble.py,other-jython,NWDJyLib.DSS,NWDJyLib,local,cTsUtils,23
NWDJyLib/DSS/cEnsemble.py,other-jython,NWDJyLib.DSS,NWDJyLib,local,cCollections,24
NWDJyLib/ResSim/ResSimTasks.py,other-jython,NWDJyLib.DSS,NWDJyLib,local,cTsUtils,26
NWDJyLib/ResSim/ResSimTasks.py,other-jython,NWDJyLib.DSS,NWDJyLib,local,cDSS,27
NWDJyLib/ResSim/ResSimTasks.py,other-jython,NWDJyLib.DSS,NWDJyLib,local,cCollections,28
NWDJyLib/ResSim/cResSim.py,ressim,NWDJyLib.DSS,NWDJyLib,local,cTsUtils,33
NWDJyLib/ResSim/cResSim.py,ressim,NWDJyLib.DSS,NWDJyLib,local,cDSS,34
externalSVs/MainstemFlowAugSV.py,ressim,NWDJyLib.DSS,NWDJyLib,local,cDSS,42
externalSVs/baseExternalSV.py,ressim,NWDJyLib.DSS,NWDJyLib,local,cDSS,43
externalSVs/Alternative_Setup.py,other-jython,NWDJyLib.DSS.cDSS,NWDJyLib,local,writeTextToDss,24
NWDJyLib/DSS/cEnsemble.py,other-jython,NWDJyLib.FixedData,NWDJyLib,local,NameAlias,25
NWDJyLib/FixedData/NameAlias.py,ressim,NWDJyLib.FixedData,NWDJyLib,local,NameAlias,9
NWDJyLib/ResSim/ResSimTasks.py,other-jython,NWDJyLib.FixedData,NWDJyLib,local,NameAlias,29
externalSVs/baseExternalSV.py,ressim,NWDJyLib.FixedData.NameAlias,NWDJyLib,local,,45
DP_Menu.py,other-jython,NWDJyLib.ResSim,NWDJyLib,local,cResSim,36
NWDJyLib/DSS/DSSTasks.py,other-jython,NWDJyLib.ResSim,NWDJyLib,local,cResSim,23
NWDJyLib/ResSim/ResSimTasks.py,other-jython,NWDJyLib.ResSim,NWDJyLib,local,cResSim,24
NWDJyLib/ResSim/ResSimTasks.py,other-jython,NWDJyLib.ResSim,NWDJyLib,local,ResSimController,25
NWDJyLib/ResSim/cResSim.py,ressim,NWDJyLib.ResSim,NWDJyLib,local,ResSimController,32
NWDJyLib/ResSim/cVariableTracking.py,other-jython,NWDJyLib.ResSim,NWDJyLib,local,cVariableTracking,10
externalRules/DeepDrawdown.py,ressim,NWDJyLib.ResSim,NWDJyLib,local,cResSim,14
externalRules/FillLOPfirst.py,ressim,NWDJyLib.ResSim,NWDJyLib,local,cResSim,17
externalRules/IRRM.py,ressim,NWDJyLib.ResSim,NWDJyLib,local,cResSim,19
externalRules/SpringSpill.py,ressim,NWDJyLib.ResSim,NWDJyLib,local,cResSim,14
externalRules/FIRO_SPACE.py,ressim,NWDJyLib.ResSim.cResSim,NWDJyLib,local,getElevationStorageTable,86
externalRules/HCR_LOP_Balance.py,ressim,NWDJyLib.ResSim.cResSim,NWDJyLib,local,"getElevationStorageTable, getRule",17
externalRules/SecondaryFloodDraftLimit.py,ressim,NWDJyLib.ResSim.cResSim,NWDJyLib,local,getElevationStorageTable,19
externalSVs/MainstemFlowAugSV.py,ressim,NWDJyLib.ResSim.cResSim,NWDJyLib,local,getElevationStorageTable,45
externalSVs/baseExternalSV.py,ressim,NWDJyLib.ResSim.cResSim,NWDJyLib,local,,46
externalRules/ElevInterpDummyRule_Template.py,ressim,NWDJyLib.Utils.SimplePy,NWDJyLib,local,Interpolate,13
externalRules/NoDraft.py,ressim,NWDJyLib.Utils.SimplePy,NWDJyLib,local,Interpolate,20
externalRules/DeepDrawdown.py,ressim,NWDJyLib.cFile,NWDJyLib,local,(,17
externalRules/ElevInterpDummyRule_Template.py,ressim,NWDJyLib.cFile,NWDJyLib,local,"fileOpenReadClose, stripOutCommentLines, getCSVDictReader, convertCSVDictReaderToListDict, getListOfDictsFromCSV",11
externalRules/FIRO_SPACE.py,ressim,NWDJyLib.cFile,NWDJyLib,local,"fileOpenReadClose, stripOutCommentLines,",83
externalRules/MinFlowPlusWithdrawal.py,ressim,NWDJyLib.cFile,NWDJyLib,local,"fileOpenReadClose, stripOutCommentLines,",30
externalRules/NoDraft.py,ressim,NWDJyLib.cFile,NWDJyLib,local,"fileOpenReadClose, stripOutCommentLines, getCSVDictReader, convertCSVDictReaderToListDict, getListOfDictsFromCSV",18
externalRules/SecondaryFloodDraftLimit.py,ressim,NWDJyLib.cFile,NWDJyLib,local,"fileOpenReadClose, stripOutCommentLines, getCSVDictReader, convertCSVDictReaderToListDict, getListOfDictsFromCSV",17
externalRules/SpringSpill.py,ressim,NWDJyLib.cFile,NWDJyLib,local,(,17
externalSVs/MainstemFlowAugSV.py,ressim,NWDJyLib.cFile,NWDJyLib,local,"fileOpenReadClose, stripOutCommentLines, getCSVDictReader, convertCSVDictReaderToListDict, getListOfDictsFromCSV",43
externalRules/ElevInterpDummyRule_Template.py,ressim,NWDJyLib.cTimes,NWDJyLib,local,getHecTimeFromRuntimestep,12
externalRules/FIRO_SPACE.py,ressim,NWDJyLib.cTimes,NWDJyLib,local,getHecTimeFromRuntimestep,85
externalRules/HCR_LOP_Balance.py,ressim,NWDJyLib.cTimes,NWDJyLib,local,getHecTimeFromRuntimestep,16
externalRules/MinFlowPlusWithdrawal.py,ressim,NWDJyLib.cTimes,NWDJyLib,local,getHecTimeFromRuntimestep,32
externalRules/NoDraft.py,ressim,NWDJyLib.cTimes,NWDJyLib,local,getHecTimeFromRuntimestep,19
externalRules/SecondaryFloodDraftLimit.py,ressim,NWDJyLib.cTimes,NWDJyLib,local,getHecTimeFromRuntimestep,18
externalSVs/MainstemFlowAugSV.py,ressim,NWDJyLib.cTimes,NWDJyLib,local,getHecTimeFromRuntimestep,44
externalSVs/baseExternalSV.py,ressim,NWDJyLib.cTimes,NWDJyLib,local,getHecTimeFromRuntimestep,42
NWDJyLib/__init__.py,ressim,NWDJyLib.myPackage,NWDJyLib,local,foo,18
Willamette/ScriptedRules/Hills Creek/[DUMMY] Initialize ControllerExternalSV.py,ressim,externalSVs,externalSVs,local,ControllerExternalSV as ControllerSV,29
externalSVs/Alternative_Setup.py,other-jython,externalSVs.baseExternalSV,externalSVs,local,ExternalSV,25
externalSVs/ControllerExternalSV.py,ressim,externalSVs.baseExternalSV,externalSVs,local,ExternalSV,31
externalSVs/MainstemFlowAugSV.py,ressim,externalSVs.baseExternalSV,externalSVs,local,ExternalSV,39
SalemAlbanyAugScript/RunningResSimHeadless/RunningResSimHEADLESS/Example4 - website-based forcasting system/RunFCOResSim.py,other-jython,ConfigParser,ConfigParser,stdlib,ConfigParser,26
SalemAlbanyAugScript/RunningResSimHeadless/RunningResSimHEADLESS/Example4 - website-based forcasting system/RunFCOResSim.py,other-jython,ConfigParser,ConfigParser,stdlib,ConfigParser,38
NWDJyLib/CanadianOps/cNatLakeARDB.py,ressim,array,array,stdlib,array,14
NWDJyLib/DSS/cTsUtils.py,ressim,bisect,bisect,stdlib,,18
NWDJyLib/Utils/SimplePy.py,ressim,bisect,bisect,stdlib,bisect_left,14
NWDJyLib/cTimes.py,ressim,bisect,bisect,stdlib,,15
externalSVs/baseExternalSV.py,ressim,bisect,bisect,stdlib,,35
Plots_Jython/NonExceedancePlots.py,cpython,calendar,calendar,stdlib,,38
Plots_Jython/Willamett_Conservation System Storage.py,cpython,calendar,calendar,stdlib,,29
Plots_Jython/Willamett_Conservation plots_ McKenzieAndBelowAndFlows.py,cpython,calendar,calendar,stdlib,,29
Plots_Jython/Willamett_Conservation plots_ McKenzieAndBelowForTesting.py,cpython,calendar,calendar,stdlib,,29
Plots_Jython/Willamett_Conservation plots_FRNandAbove.py,cpython,calendar,calendar,stdlib,,29
Plots_Jython/Willamett_Conservation plots_FRNandAboveForTesting.py,cpython,calendar,calendar,stdlib,,29
Plots_Jython/Willamett_Conservation plots_ForTesting.py,cpython,calendar,calendar,stdlib,,29
Plots_Jython/Willamett_FRM plots_ McKenzieAndBelowAndFlows.py,cpython,calendar,calendar,stdlib,,29
Plots_Jython/Willamett_FRM plots_FRNandAbove.py,cpython,calendar,calendar,stdlib,,29
RealtimeData/EstimateMissingValues.py,cpython,calendar,calendar,stdlib,,29
RealtimeData/Replace_Zero_Outflows.py,cpython,calendar,calendar,stdlib,,29
Utilities/29_to_88.py,cpython,calendar,calendar,stdlib,,29
externalSVs/ControllerExternalSV.py,ressim,calendar,calendar,stdlib,,24
externalSVs/baseExternalSV.py,ressim,calendar,calendar,stdlib,,36
NWDJyLib/cRouting.py,ressim,copy,copy,stdlib,,22
SalemAlbanyAugScript/RunningResSimHeadless/BatchCompute_updateFromMike2023/2023.06.28_BatchRunControl_ResSim3.5update.py,other-jython,copy,copy,stdlib,,25
SalemAlbanyAugScript/RunningResSimHeadless/RunningResSimHEADLESS/Example2 - RunBatch Application/Running ResSim BATCH/BatchRunControl.py,other-jython,copy,copy,stdlib,,14
NWDJyLib/cFile.py,ressim,csv,csv,stdlib,,9
Utilities/DeleteUnusedIfBlocks.py,cpython,csv,csv,stdlib,,16
Utilities/DeleteUnusedOpSets.py,cpython,csv,csv,stdlib,,15
Utilities/DeleteUnusedRules.py,cpython,csv,csv,stdlib,,17
Utilities/ElevStor_to_CSV.py,cpython,csv,csv,stdlib,,17
Utilities/Flow_Modifier.py,cpython,csv,csv,stdlib,,32
Utilities/PrintMissingEnsembles.py,cpython,csv,csv,stdlib,,12
Utilities/Rules_to_CSV.py,cpython,csv,csv,stdlib,,21
_migration/catalog_imports.py,ressim,csv,csv,stdlib,,21
_migration/check_against_install.py,other-jython,csv,csv,stdlib,,22
externalRules/_offline_tests/build_MinFlowWithdrawal_configs.py,other-jython,csv,csv,stdlib,,29
ExternalPython/CWMS_DOWNLOADER_ARCHIVE.py,cpython,datetime,datetime,stdlib,timezone,16
ExternalPython/CWMS_Downloader_Module.py,cpython,datetime,datetime,stdlib,timezone,17
ExternalPython/Dummy_0_and_WY_Abundant_Module.py,cpython,datetime,datetime,stdlib,timezone,8
ExternalPython/MainstemAugmentation.py,cpython,datetime,datetime,stdlib,,24
ExternalPython/MainstemAugmentation.py,cpython,datetime,datetime,stdlib,timedelta,25
ExternalPython/RFC_Downloader_Module.py,cpython,datetime,datetime,stdlib,date,8
NWDJyLib/DSS/cEnsemble.py,other-jython,datetime,datetime,stdlib,,16
NWDJyLib/Utils/SimplePy.py,ressim,datetime,datetime,stdlib,,12
NWDJyLib/cTimes.py,ressim,datetime,datetime,stdlib,,14
Plots_Jython/NonExceedancePlots.py,cpython,datetime,datetime,stdlib,,38
Plots_Jython/Willamett_Conservation System Storage.py,cpython,datetime,datetime,stdlib,,29
Plots_Jython/Willamett_Conservation plots_ McKenzieAndBelowAndFlows.py,cpython,datetime,datetime,stdlib,,29
Plots_Jython/Willamett_Conservation plots_ McKenzieAndBelowForTesting.py,cpython,datetime,datetime,stdlib,,29
Plots_Jython/Willamett_Conservation plots_FRNandAbove.py,cpython,datetime,datetime,stdlib,,29
Plots_Jython/Willamett_Conservation plots_FRNandAboveForTesting.py,cpython,datetime,datetime,stdlib,,29
Plots_Jython/Willamett_Conservation plots_ForTesting.py,cpython,datetime,datetime,stdlib,,29
Plots_Jython/Willamett_FRM plots_ McKenzieAndBelowAndFlows.py,cpython,datetime,datetime,stdlib,,29
Plots_Jython/Willamett_FRM plots_FRNandAbove.py,cpython,datetime,datetime,stdlib,,29
RealtimeData/EstimateMissingValues.py,cpython,datetime,datetime,stdlib,,29
RealtimeData/Replace_Zero_Outflows.py,cpython,datetime,datetime,stdlib,,29
SalemAlbanyAugScript/BeforeAlbanyWasAdded.py,cpython,datetime,datetime,stdlib,,16
SalemAlbanyAugScript/BeforeAlbanyWasAdded.py,cpython,datetime,datetime,stdlib,timedelta,17
SalemAlbanyAugScript/TwoStepSalemAlbanyAug_19Feb2026.py,cpython,datetime,datetime,stdlib,,24
SalemAlbanyAugScript/TwoStepSalemAlbanyAug_19Feb2026.py,cpython,datetime,datetime,stdlib,timedelta,25
Utilities/29_to_88.py,cpython,datetime,datetime,stdlib,,29
Utilities/FinalizeAndZip.py,other-jython,datetime,datetime,stdlib,datetime,18
Utilities/ResSimAltCompare.py,cpython,datetime,datetime,stdlib,,10
Utilities/ResSimAltCompare.py,cpython,datetime,datetime,stdlib,timedelta,11
externalRules/_offline_tests/test_FIRO_SPACE.py,other-jython,datetime,datetime,stdlib,,14
externalRules/_offline_tests/test_FIRO_SPACE.py,other-jython,datetime,datetime,stdlib,,32
externalRules/_offline_tests/test_MinFlowPlusWithdrawal.py,other-jython,datetime,datetime,stdlib,,14
Plots_Jython/NonExceedancePlots.py,cpython,decimal,decimal,stdlib,Decimal,13
Plots_Jython/Willamett_Conservation System Storage.py,cpython,decimal,decimal,stdlib,Decimal,2
Plots_Jython/Willamett_Conservation plots_ McKenzieAndBelowAndFlows.py,cpython,decimal,decimal,stdlib,Decimal,2
Plots_Jython/Willamett_Conservation plots_ McKenzieAndBelowForTesting.py,cpython,decimal,decimal,stdlib,Decimal,2
Plots_Jython/Willamett_Conservation plots_FRNandAbove.py,cpython,decimal,decimal,stdlib,Decimal,2
Plots_Jython/Willamett_Conservation plots_FRNandAboveForTesting.py,cpython,decimal,decimal,stdlib,Decimal,2
Plots_Jython/Willamett_Conservation plots_ForTesting.py,cpython,decimal,decimal,stdlib,Decimal,2
Plots_Jython/Willamett_FRM plots_ McKenzieAndBelowAndFlows.py,cpython,decimal,decimal,stdlib,Decimal,2
Plots_Jython/Willamett_FRM plots_FRNandAbove.py,cpython,decimal,decimal,stdlib,Decimal,2
RealtimeData/EstimateMissingValues.py,cpython,decimal,decimal,stdlib,Decimal,2
RealtimeData/Replace_Zero_Outflows.py,cpython,decimal,decimal,stdlib,Decimal,2
Utilities/29_to_88.py,cpython,decimal,decimal,stdlib,Decimal,2
NWDJyLib/cLoadModules.py,ressim,fnmatch,fnmatch,stdlib,,18
externalSVs/ControllerExternalSV.py,ressim,fnmatch,fnmatch,stdlib,,22
NWDJyLib/cLoadModules.py,ressim,glob,glob,stdlib,,19
SalemAlbanyAugScript/RunningResSimHeadless/BatchCompute_updateFromMike2023/2023.06.28_BatchRunControl_ResSim3.5update.py,other-jython,glob,glob,stdlib,,25
Willamette/ScriptedRules/Hills Creek/[DUMMY] IMPORT MODULES.py,ressim,glob,glob,stdlib,,14
NWDJyLib/cLoadModules.py,ressim,imp,imp,stdlib,,20
ExternalPython/RFC_Downloader_Module.py,cpython,io,io,stdlib,StringIO,6
NWDJyLib/cFile.py,ressim,io,io,stdlib,,6
SalemAlbanyAugScript/InflowEnsemblePlotter.py,cpython,io,io,stdlib,StringIO,6
NWDJyLib/ResSim/cVariableTracking.py,other-jython,json,json,stdlib,,22
NWDJyLib/rLogging.py,ressim,json,json,stdlib,,14
Willamette/ScriptedRules/Hills Creek/[DUMMY] IMPORT MODULES.py,ressim,json,json,stdlib,,15
NWDJyLib/DSS/DSSTasks.py,other-jython,logging,logging,stdlib,,19
NWDJyLib/DSS/cCollections.py,other-jython,logging,logging,stdlib,,13
NWDJyLib/DSS/cDSS.py,ressim,logging,logging,stdlib,,30
NWDJyLib/DSS/cEnsemble.py,other-jython,logging,logging,stdlib,,15
NWDJyLib/ResSim/ResSimController.py,ressim,logging,logging,stdlib,,18
NWDJyLib/ResSim/ResSimTasks.py,other-jython,logging,logging,stdlib,,19
NWDJyLib/ResSim/cResSim.py,ressim,logging,logging,stdlib,,25
NWDJyLib/Utils/SimplePy.py,ressim,logging,logging,stdlib,,11
NWDJyLib/cRouting.py,ressim,logging,logging,stdlib,,21
NWDJyLib/rLogging.py,ressim,logging,logging,stdlib,,12
Plots_Jython/NonExceedancePlots.py,cpython,logging,logging,stdlib,,38
Plots_Jython/Willamett_Conservation System Storage.py,cpython,logging,logging,stdlib,,29
Plots_Jython/Willamett_Conservation plots_ McKenzieAndBelowAndFlows.py,cpython,logging,logging,stdlib,,29
Plots_Jython/Willamett_Conservation plots_ McKenzieAndBelowForTesting.py,cpython,logging,logging,stdlib,,29
Plots_Jython/Willamett_Conservation plots_FRNandAbove.py,cpython,logging,logging,stdlib,,29
Plots_Jython/Willamett_Conservation plots_FRNandAboveForTesting.py,cpython,logging,logging,stdlib,,29
Plots_Jython/Willamett_Conservation plots_ForTesting.py,cpython,logging,logging,stdlib,,29
Plots_Jython/Willamett_FRM plots_ McKenzieAndBelowAndFlows.py,cpython,logging,logging,stdlib,,29
Plots_Jython/Willamett_FRM plots_FRNandAbove.py,cpython,logging,logging,stdlib,,29
RealtimeData/EstimateMissingValues.py,cpython,logging,logging,stdlib,,29
RealtimeData/Replace_Zero_Outflows.py,cpython,logging,logging,stdlib,,29
Utilities/29_to_88.py,cpython,logging,logging,stdlib,,29
NWDJyLib/rLogging.py,ressim,logging.config,logging,stdlib,,13
NWDJyLib/DSS/cCollections.py,other-jython,math,math,stdlib,,14
NWDJyLib/DSS/cTsUtils.py,ressim,math,math,stdlib,,19
NWDJyLib/cRouting.py,ressim,math,math,stdlib,,20
Plots_Jython/NonExceedancePlots.py,cpython,math,math,stdlib,,38
Plots_Jython/Willamett_Conservation System Storage.py,cpython,math,math,stdlib,,29
Plots_Jython/Willamett_Conservation plots_ McKenzieAndBelowAndFlows.py,cpython,math,math,stdlib,,29
Plots_Jython/Willamett_Conservation plots_ McKenzieAndBelowForTesting.py,cpython,math,math,stdlib,,29
Plots_Jython/Willamett_Conservation plots_FRNandAbove.py,cpython,math,math,stdlib,,29
Plots_Jython/Willamett_Conservation plots_FRNandAboveForTesting.py,cpython,math,math,stdlib,,29
Plots_Jython/Willamett_Conservation plots_ForTesting.py,cpython,math,math,stdlib,,29
Plots_Jython/Willamett_FRM plots_ McKenzieAndBelowAndFlows.py,cpython,math,math,stdlib,,29
Plots_Jython/Willamett_FRM plots_FRNandAbove.py,cpython,math,math,stdlib,,29
RealtimeData/EstimateMissingValues.py,cpython,math,math,stdlib,,29
RealtimeData/Replace_Zero_Outflows.py,cpython,math,math,stdlib,,29
Utilities/29_to_88.py,cpython,math,math,stdlib,,29
externalRules/DraftToRC.py,ressim,math,math,stdlib,,10
Plots_Jython/MainstemRFC_CP_FCst_Plot.py,cpython,operator,operator,stdlib,,16
Plots_Jython/RFCFlowsCorvall_FCst_Plot.py,cpython,operator,operator,stdlib,,16
Plots_Jython/RFC_EUG_FCst_Plot.py,cpython,operator,operator,stdlib,,16
Plots_Jython/WIL_NP_Plot_HMS.py,cpython,operator,operator,stdlib,,16
Plots_Jython/WIL_PP_Plot_HMS.py,cpython,operator,operator,stdlib,,16
Plots_Jython/WIL_PP_Plot_RFC.py,cpython,operator,operator,stdlib,,16
Plots_Jython/WIllamett_COR_FCst_Plot.py,cpython,operator,operator,stdlib,,16
Plots_Jython/Willamett_BS_FCst_Plot.py,cpython,operator,operator,stdlib,,16
Plots_Jython/Willamett_CP_FCst_Plot.py,cpython,operator,operator,stdlib,,16
Plots_Jython/Willamett_EUG_FCst_Plot.py,cpython,operator,operator,stdlib,,16
Plots_Jython/Willamett_PP_FCst_Plot.py,cpython,operator,operator,stdlib,,16
DP_Menu.py,other-jython,os,os,stdlib,,11
ExternalPython/ALT_COMPARISON_PLOTS.py,cpython,os,os,stdlib,,1
ExternalPython/ALT_COMPARISON_PLOTS_ARCHIVE.py,cpython,os,os,stdlib,,1
ExternalPython/APE_Plotter.py,cpython,os,os,stdlib,,1
ExternalPython/APE_Plotter_3.py,cpython,os,os,stdlib,,1
ExternalPython/CWMS_DOWNLOADER_ARCHIVE.py,cpython,os,os,stdlib,,11
ExternalPython/CWMS_Downloader_Module.py,cpython,os,os,stdlib,,12
ExternalPython/Dummy_0_and_WY_Abundant_Module.py,cpython,os,os,stdlib,,3
ExternalPython/EnsemblePlots_10Mar_Archive.py,cpython,os,os,stdlib,,1
ExternalPython/Ensemble_Plots.py,cpython,os,os,stdlib,,1
ExternalPython/Ensemble_Plots_Archive.py,cpython,os,os,stdlib,,1
ExternalPython/Ensemble_Plots_Paralell.py,cpython,os,os,stdlib,,18
ExternalPython/Faster_DSS_Read_Plotly.py,cpython,os,os,stdlib,,3
ExternalPython/MainstemAugmentation.py,cpython,os,os,stdlib,,21
ExternalPython/OSI_Ensemble_Year.py,cpython,os,os,stdlib,,1
ExternalPython/RFC_Downloader_Module.py,cpython,os,os,stdlib,,1
NWDJyLib/DSS/DSSTasks.py,other-jython,os,os,stdlib,,20
NWDJyLib/DSS/cEnsemble.py,other-jython,os,os,stdlib,,17
NWDJyLib/FixedData/NameAlias.py,ressim,os,os,stdlib,,33
NWDJyLib/ResSim/ResSimController.py,ressim,os,os,stdlib,,18
NWDJyLib/ResSim/ResSimTasks.py,other-jython,os,os,stdlib,,19
NWDJyLib/ResSim/cResSim.py,ressim,os,os,stdlib,,25
NWDJyLib/ResSim/cVariableTracking.py,other-jython,os,os,stdlib,,22
NWDJyLib/Utils/SimplePy.py,ressim,os,os,stdlib,,13
NWDJyLib/cFile.py,ressim,os,os,stdlib,,7
NWDJyLib/cLoadModules.py,ressim,os,os,stdlib,,17
NWDJyLib/rLogging.py,ressim,os,os,stdlib,,15
Plots_Jython/MainstemRFC_CP_FCst_Plot.py,cpython,os,os,stdlib,,16
Plots_Jython/NonExceedancePlots.py,cpython,os,os,stdlib,,38
Plots_Jython/NonExceedancePlots.py,cpython,os,os,stdlib,,44
Plots_Jython/RFCFlowsCorvall_FCst_Plot.py,cpython,os,os,stdlib,,16
Plots_Jython/RFC_EUG_FCst_Plot.py,cpython,os,os,stdlib,,16
Plots_Jython/WIL_NP_Plot_HMS.py,cpython,os,os,stdlib,,16
Plots_Jython/WIL_PP_Plot_HMS.py,cpython,os,os,stdlib,,16
Plots_Jython/WIL_PP_Plot_RFC.py,cpython,os,os,stdlib,,16
Plots_Jython/WIllamett_COR_FCst_Plot.py,cpython,os,os,stdlib,,16
Plots_Jython/Willamett_BS_FCst_Plot.py,cpython,os,os,stdlib,,16
Plots_Jython/Willamett_CP_FCst_Plot.py,cpython,os,os,stdlib,,16
Plots_Jython/Willamett_Conservation System Storage.py,cpython,os,os,stdlib,,29
Plots_Jython/Willamett_Conservation System Storage.py,cpython,os,os,stdlib,,34
Plots_Jython/Willamett_Conservation plots_ McKenzieAndBelowAndFlows.py,cpython,os,os,stdlib,,29
Plots_Jython/Willamett_Conservation plots_ McKenzieAndBelowAndFlows.py,cpython,os,os,stdlib,,34
Plots_Jython/Willamett_Conservation plots_ McKenzieAndBelowForTesting.py,cpython,os,os,stdlib,,29
Plots_Jython/Willamett_Conservation plots_ McKenzieAndBelowForTesting.py,cpython,os,os,stdlib,,34
Plots_Jython/Willamett_Conservation plots_FRNandAbove.py,cpython,os,os,stdlib,,29
Plots_Jython/Willamett_Conservation plots_FRNandAbove.py,cpython,os,os,stdlib,,34
Plots_Jython/Willamett_Conservation plots_FRNandAboveForTesting.py,cpython,os,os,stdlib,,29
Plots_Jython/Willamett_Conservation plots_FRNandAboveForTesting.py,cpython,os,os,stdlib,,34
Plots_Jython/Willamett_Conservation plots_ForTesting.py,cpython,os,os,stdlib,,29
Plots_Jython/Willamett_Conservation plots_ForTesting.py,cpython,os,os,stdlib,,34
Plots_Jython/Willamett_EUG_FCst_Plot.py,cpython,os,os,stdlib,,16
Plots_Jython/Willamett_FRM plots_ McKenzieAndBelowAndFlows.py,cpython,os,os,stdlib,,29
Plots_Jython/Willamett_FRM plots_ McKenzieAndBelowAndFlows.py,cpython,os,os,stdlib,,34
Plots_Jython/Willamett_FRM plots_FRNandAbove.py,cpython,os,os,stdlib,,29
Plots_Jython/Willamett_FRM plots_FRNandAbove.py,cpython,os,os,stdlib,,34
Plots_Jython/Willamett_PP_FCst_Plot.py,cpython,os,os,stdlib,,16
RealtimeData/EstimateMissingValues.py,cpython,os,os,stdlib,,29
RealtimeData/EstimateMissingValues.py,cpython,os,os,stdlib,,34
RealtimeData/Replace_Zero_Outflows.py,cpython,os,os,stdlib,,29
RealtimeData/Replace_Zero_Outflows.py,cpython,os,os,stdlib,,34
SalemAlbanyAugScript/BeforeAlbanyWasAdded.py,cpython,os,os,stdlib,,12
SalemAlbanyAugScript/Elev_Ensemble_Plotter.py,cpython,os,os,stdlib,,1
SalemAlbanyAugScript/InflowEnsemblePlotter.py,cpython,os,os,stdlib,,2
SalemAlbanyAugScript/RunningResSimHeadless/BatchCompute_updateFromMike2023/2023.06.28_BatchRunControl_ResSim3.5update.py,other-jython,os,os,stdlib,,25
SalemAlbanyAugScript/RunningResSimHeadless/JoshBat.py,other-jython,os,os,stdlib,,4
SalemAlbanyAugScript/RunningResSimHeadless/RunPOR3Step.py,other-jython,os,os,stdlib,,6
SalemAlbanyAugScript/RunningResSimHeadless/RunningResSimHEADLESS/Example2 - RunBatch Application/Running ResSim BATCH/BatchRunControl.py,other-jython,os,os,stdlib,,14
SalemAlbanyAugScript/RunningResSimHeadless/RunningResSimHEADLESS/Example4 - website-based forcasting system/RunFCOResSim.py,other-jython,os,os,stdlib,path,52
SalemAlbanyAugScript/RunningResSimHeadless/RunningResSimHEADLESS/Example4 - website-based forcasting system/RunFCOResSim.py,other-jython,os,os,stdlib,"path,remove",175
SalemAlbanyAugScript/RunningResSimHeadless/RunningResSimHEADLESS/Example4 - website-based forcasting system/RunFCOResSim.py,other-jython,os,os,stdlib,path,192
SalemAlbanyAugScript/RunningResSimHeadless/RunningResSimHEADLESS/Example4 - website-based forcasting system/RunFCOResSim.py,other-jython,os,os,stdlib,,254
SalemAlbanyAugScript/RunningResSimHeadless/runResSimHeadless.py,other-jython,os,os,stdlib,,4
SalemAlbanyAugScript/SalemAugCheckPlots.py,cpython,os,os,stdlib,,5
SalemAlbanyAugScript/TwoStepSalemAlbanyAug_19Feb2026.py,cpython,os,os,stdlib,,21
Utilities/29_to_88.py,cpython,os,os,stdlib,,29
Utilities/29_to_88.py,cpython,os,os,stdlib,,34
Utilities/88_to_29.py,cpython,os,os,stdlib,,4
Utilities/DeleteUnusedIfBlocks.py,cpython,os,os,stdlib,,16
Utilities/DeleteUnusedOpSets.py,cpython,os,os,stdlib,,15
Utilities/DeleteUnusedRules.py,cpython,os,os,stdlib,,17
Utilities/ElevStor_to_CSV.py,cpython,os,os,stdlib,,17
Utilities/FinalizeAndZip.py,other-jython,os,os,stdlib,,16
Utilities/Load_Scripts.py,other-jython,os,os,stdlib,,15
Utilities/PrintMissingEnsembles.py,cpython,os,os,stdlib,,12
Utilities/ResSimAltCompare.py,cpython,os,os,stdlib,,12
Utilities/Rules_to_CSV.py,cpython,os,os,stdlib,,21
Utilities/Save_Scripts.py,cpython,os,os,stdlib,,15
Willamette/ScriptedRules/Hills Creek/[DUMMY] IMPORT MODULES.py,ressim,os,os,stdlib,,14
_migration/catalog_imports.py,ressim,os,os,stdlib,,19
_migration/check_against_install.py,other-jython,os,os,stdlib,,20
esp_download/Download_ESP.py,cpython,os,os,stdlib,,7
externalRules/FIRO_SPACE.py,ressim,os,os,stdlib,,77
externalRules/MinFlowPlusWithdrawal.py,ressim,os,os,stdlib,,24
externalRules/_offline_tests/build_MinFlowWithdrawal_configs.py,other-jython,os,os,stdlib,,28
externalRules/_offline_tests/test_FIRO_SPACE.py,other-jython,os,os,stdlib,,14
externalRules/_offline_tests/test_MinFlowPlusWithdrawal.py,other-jython,os,os,stdlib,,14
externalSVs/Alternative_Setup.py,other-jython,os,os,stdlib,,32
externalSVs/ControllerExternalSV.py,ressim,os,os,stdlib,,25
ExternalPython/MainstemAugmentation.py,cpython,pickle,pickle,stdlib,,27
SalemAlbanyAugScript/BeforeAlbanyWasAdded.py,cpython,pickle,pickle,stdlib,,19
SalemAlbanyAugScript/TwoStepSalemAlbanyAug_19Feb2026.py,cpython,pickle,pickle,stdlib,,27
SalemAlbanyAugScript/RunningResSimHeadless/BatchCompute_updateFromMike2023/2023.06.28_BatchRunControl_ResSim3.5update.py,other-jython,re,re,stdlib,,25
SalemAlbanyAugScript/RunningResSimHeadless/RunningResSimHEADLESS/Example2 - RunBatch Application/Running ResSim BATCH/BatchRunControl.py,other-jython,re,re,stdlib,,14
Utilities/Flow_Modifier.py,cpython,re,re,stdlib,,32
Utilities/save_to_sql.py,cpython,re,re,stdlib,,25
_migration/catalog_imports.py,ressim,re,re,stdlib,,20
externalSVs/Alternative_Setup.py,other-jython,re,re,stdlib,,20
externalSVs/ControllerExternalSV.py,ressim,re,re,stdlib,,23
ExternalPython/Ensemble_Plots_Paralell.py,cpython,shutil,shutil,stdlib,,170
NWDJyLib/cFile.py,ressim,shutil,shutil,stdlib,,10
Plots_Jython/NonExceedancePlots.py,cpython,shutil,shutil,stdlib,,38
Plots_Jython/Willamett_Conservation System Storage.py,cpython,shutil,shutil,stdlib,,29
Plots_Jython/Willamett_Conservation plots_ McKenzieAndBelowAndFlows.py,cpython,shutil,shutil,stdlib,,29
Plots_Jython/Willamett_Conservation plots_ McKenzieAndBelowForTesting.py,cpython,shutil,shutil,stdlib,,29
Plots_Jython/Willamett_Conservation plots_FRNandAbove.py,cpython,shutil,shutil,stdlib,,29
Plots_Jython/Willamett_Conservation plots_FRNandAboveForTesting.py,cpython,shutil,shutil,stdlib,,29
Plots_Jython/Willamett_Conservation plots_ForTesting.py,cpython,shutil,shutil,stdlib,,29
Plots_Jython/Willamett_FRM plots_ McKenzieAndBelowAndFlows.py,cpython,shutil,shutil,stdlib,,29
Plots_Jython/Willamett_FRM plots_FRNandAbove.py,cpython,shutil,shutil,stdlib,,29
RealtimeData/EstimateMissingValues.py,cpython,shutil,shutil,stdlib,,29
RealtimeData/Replace_Zero_Outflows.py,cpython,shutil,shutil,stdlib,,29
SalemAlbanyAugScript/RunningResSimHeadless/RunningResSimHEADLESS/Example1 - simple/script.py,other-jython,shutil,shutil,stdlib,,14
SalemAlbanyAugScript/RunningResSimHeadless/RunningResSimHEADLESS/Example3 - NWS/CHPS/script.py,other-jython,shutil,shutil,stdlib,,14
SalemAlbanyAugScript/RunningResSimHeadless/RunningResSimHEADLESS/Example3 - NWS/fews/ressim/YubaFeatherFCO/script.py,other-jython,shutil,shutil,stdlib,,14
SalemAlbanyAugScript/RunningResSimHeadless/RunningResSimHEADLESS/Example3 - NWS/fews/ressim/YubaFeatherFCO/script_jdk.py,other-jython,shutil,shutil,stdlib,,14
SalemAlbanyAugScript/RunningResSimHeadless/RunningResSimHEADLESS/Example3 - NWS/fews/ressim/script.py,other-jython,shutil,shutil,stdlib,,14
SalemAlbanyAugScript/RunningResSimHeadless/RunningResSimHEADLESS/Example3 - NWS/fews/ressim/template/template.py,other-jython,shutil,shutil,stdlib,,14
SalemAlbanyAugScript/RunningResSimHeadless/RunningResSimHEADLESS/Example3 - NWS/fews/script.py,other-jython,shutil,shutil,stdlib,,14
SalemAlbanyAugScript/RunningResSimHeadless/RunningResSimHEADLESS/Example3 - NWS/fews/script_HeadlessCommands_withHotstart.py,other-jython,shutil,shutil,stdlib,,14
SalemAlbanyAugScript/RunningResSimHeadless/RunningResSimHEADLESS/Example4 - website-based forcasting system/RunFCOResSim.py,other-jython,shutil,shutil,stdlib,,193
SalemAlbanyAugScript/RunningResSimHeadless/RunningResSimHEADLESS/SimpleSim/script.py,other-jython,shutil,shutil,stdlib,,14
Utilities/29_to_88.py,cpython,shutil,shutil,stdlib,,29
Utilities/FinalizeAndZip.py,other-jython,shutil,shutil,stdlib,,17
esp_download/Download_ESP.py,cpython,shutil,shutil,stdlib,,7
externalSVs/Alternative_Setup.py,other-jython,shutil,shutil,stdlib,,33
Plots_Jython/MainstemRFC_CP_FCst_Plot.py,cpython,string,string,stdlib,,16
Plots_Jython/NonExceedancePlots.py,cpython,string,string,stdlib,,44
Plots_Jython/RFCFlowsCorvall_FCst_Plot.py,cpython,string,string,stdlib,,16
Plots_Jython/RFC_EUG_FCst_Plot.py,cpython,string,string,stdlib,,16
Plots_Jython/WIL_NP_Plot_HMS.py,cpython,string,string,stdlib,,16
Plots_Jython/WIL_PP_Plot_HMS.py,cpython,string,string,stdlib,,16
Plots_Jython/WIL_PP_Plot_RFC.py,cpython,string,string,stdlib,,16
Plots_Jython/WIllamett_COR_FCst_Plot.py,cpython,string,string,stdlib,,16
Plots_Jython/Willamett_BS_FCst_Plot.py,cpython,string,string,stdlib,,16
Plots_Jython/Willamett_CP_FCst_Plot.py,cpython,string,string,stdlib,,16
Plots_Jython/Willamett_Conservation System Storage.py,cpython,string,string,stdlib,,34
Plots_Jython/Willamett_Conservation plots_ McKenzieAndBelowAndFlows.py,cpython,string,string,stdlib,,34
Plots_Jython/Willamett_Conservation plots_ McKenzieAndBelowForTesting.py,cpython,string,string,stdlib,,34
Plots_Jython/Willamett_Conservation plots_FRNandAbove.py,cpython,string,string,stdlib,,34
Plots_Jython/Willamett_Conservation plots_FRNandAboveForTesting.py,cpython,string,string,stdlib,,34
Plots_Jython/Willamett_Conservation plots_ForTesting.py,cpython,string,string,stdlib,,34
Plots_Jython/Willamett_EUG_FCst_Plot.py,cpython,string,string,stdlib,,16
Plots_Jython/Willamett_FRM plots_ McKenzieAndBelowAndFlows.py,cpython,string,string,stdlib,,34
Plots_Jython/Willamett_FRM plots_FRNandAbove.py,cpython,string,string,stdlib,,34
Plots_Jython/Willamett_PP_FCst_Plot.py,cpython,string,string,stdlib,,16
RealtimeData/EstimateMissingValues.py,cpython,string,string,stdlib,,34
RealtimeData/Replace_Zero_Outflows.py,cpython,string,string,stdlib,,34
SalemAlbanyAugScript/RunningResSimHeadless/RunningResSimHEADLESS/Example4 - website-based forcasting system/RunFCOResSim.py,other-jython,string,string,stdlib,"split,replace",194
Utilities/29_to_88.py,cpython,string,string,stdlib,,34
Utilities/88_to_29.py,cpython,string,string,stdlib,,4
externalSVs/baseExternalSV.py,ressim,string,string,stdlib,,37
Utilities/FinalizeAndZip.py,other-jython,subprocess,subprocess,stdlib,,19
esp_download/Download_ESP.py,cpython,subprocess,subprocess,stdlib,,7
DP_Menu.py,other-jython,sys,sys,stdlib,,11
NWDJyLib/CanadianOps/cNatLakeARDB.py,ressim,sys,sys,stdlib,,22
NWDJyLib/ResSim/ResSimController.py,ressim,sys,sys,stdlib,,18
NWDJyLib/ResSim/ResSimTasks.py,other-jython,sys,sys,stdlib,,19
NWDJyLib/ResSim/cResSim.py,ressim,sys,sys,stdlib,,25
NWDJyLib/cFile.py,ressim,sys,sys,stdlib,,8
Plots_Jython/NonExceedancePlots.py,cpython,sys,sys,stdlib,,38
Plots_Jython/Willamett_Conservation System Storage.py,cpython,sys,sys,stdlib,,29
Plots_Jython/Willamett_Conservation plots_ McKenzieAndBelowAndFlows.py,cpython,sys,sys,stdlib,,29
Plots_Jython/Willamett_Conservation plots_ McKenzieAndBelowForTesting.py,cpython,sys,sys,stdlib,,29
Plots_Jython/Willamett_Conservation plots_FRNandAbove.py,cpython,sys,sys,stdlib,,29
Plots_Jython/Willamett_Conservation plots_FRNandAboveForTesting.py,cpython,sys,sys,stdlib,,29
Plots_Jython/Willamett_Conservation plots_ForTesting.py,cpython,sys,sys,stdlib,,29
Plots_Jython/Willamett_FRM plots_ McKenzieAndBelowAndFlows.py,cpython,sys,sys,stdlib,,29
Plots_Jython/Willamett_FRM plots_FRNandAbove.py,cpython,sys,sys,stdlib,,29
RealtimeData/EstimateMissingValues.py,cpython,sys,sys,stdlib,,29
RealtimeData/Replace_Zero_Outflows.py,cpython,sys,sys,stdlib,,29
RealtimeData/TemperatureGrids.py,other-jython,sys,sys,stdlib,,16
RealtimeData/TemperatureGridsrfc.py,other-jython,sys,sys,stdlib,,16
SalemAlbanyAugScript/RunningResSimHeadless/BatchCompute_updateFromMike2023/2023.06.28_BatchRunControl_ResSim3.5update.py,other-jython,sys,sys,stdlib,,25
SalemAlbanyAugScript/RunningResSimHeadless/JoshBat.py,other-jython,sys,sys,stdlib,,5
SalemAlbanyAugScript/RunningResSimHeadless/RunPOR3Step.py,other-jython,sys,sys,stdlib,,7
SalemAlbanyAugScript/RunningResSimHeadless/RunningResSimHEADLESS/Example2 - RunBatch Application/Running ResSim BATCH/BatchRunControl.py,other-jython,sys,sys,stdlib,,14
SalemAlbanyAugScript/RunningResSimHeadless/RunningResSimHEADLESS/Example4 - website-based forcasting system/RunFCOResSim.py,other-jython,sys,sys,stdlib,,15
Utilities/29_to_88.py,cpython,sys,sys,stdlib,,29
Utilities/DeleteUnusedIfBlocks.py,cpython,sys,sys,stdlib,,16
Utilities/DeleteUnusedOpSets.py,cpython,sys,sys,stdlib,,15
Utilities/DeleteUnusedRules.py,cpython,sys,sys,stdlib,,17
Utilities/ElevStor_to_CSV.py,cpython,sys,sys,stdlib,,17
Utilities/FinalizeAndZip.py,other-jython,sys,sys,stdlib,,16
Utilities/Flow_Modifier.py,cpython,sys,sys,stdlib,,32
Utilities/Load_Scripts.py,other-jython,sys,sys,stdlib,,15
Utilities/PrintMissingEnsembles.py,cpython,sys,sys,stdlib,,12
Utilities/Rules_to_CSV.py,cpython,sys,sys,stdlib,,21
Utilities/Save_Scripts.py,cpython,sys,sys,stdlib,,15
Utilities/save_to_sql.py,cpython,sys,sys,stdlib,,21
Willamette/ScriptedRules/Hills Creek/[DUMMY] IMPORT MODULES.py,ressim,sys,sys,stdlib,,14
Willamette/StateVars/PctFull_LOP_Init.py,ressim,sys,sys,stdlib,,1
_migration/catalog_imports.py,ressim,sys,sys,stdlib,,22
_migration/check_against_install.py,other-jython,sys,sys,stdlib,,21
externalRules/_offline_tests/test_FIRO_SPACE.py,other-jython,sys,sys,stdlib,,14
externalRules/_offline_tests/test_MinFlowPlusWithdrawal.py,other-jython,sys,sys,stdlib,,14
externalSVs/Alternative_Setup.py,other-jython,sys,sys,stdlib,,32
ExternalPython/Ensemble_Plots_Paralell.py,cpython,tempfile,tempfile,stdlib,,171
RealtimeData/TemperatureGrids.py,other-jython,threading,threading,stdlib,,6
RealtimeData/TemperatureGridsrfc.py,other-jython,threading,threading,stdlib,,6
SalemAlbanyAugScript/RunningResSimHeadless/BatchCompute_updateFromMike2023/2023.06.28_BatchRunControl_ResSim3.5update.py,other-jython,threading,threading,stdlib,,25
SalemAlbanyAugScript/RunningResSimHeadless/RunningResSimHEADLESS/Example2 - RunBatch Application/Running ResSim BATCH/BatchRunControl.py,other-jython,threading,threading,stdlib,,14
Utilities/Flow_Modifier.py,cpython,threading,threading,stdlib,,21
ExternalPython/Ensemble_Plots_Paralell.py,cpython,time,time,stdlib,,172
ExternalPython/Ensemble_Plots_Paralell.py,cpython,time,time,stdlib,,242
ExternalPython/Ensemble_Plots_Paralell.py,cpython,time,time,stdlib,,282
ExternalPython/MainstemAugmentation.py,cpython,time,time,stdlib,,22
ExternalPython/RFC_Downloader_Module.py,cpython,time,time,stdlib,,2
Plots_Jython/MainstemRFC_CP_FCst_Plot.py,cpython,time,time,stdlib,,16
Plots_Jython/NonExceedancePlots.py,cpython,time,time,stdlib,"mktime, localtime",35
Plots_Jython/NonExceedancePlots.py,cpython,time,time,stdlib,,38
Plots_Jython/NonExceedancePlots.py,cpython,time,time,stdlib,,44
Plots_Jython/RFCFlowsCorvall_FCst_Plot.py,cpython,time,time,stdlib,,16
Plots_Jython/RFC_EUG_FCst_Plot.py,cpython,time,time,stdlib,,16
Plots_Jython/WIL_NP_Plot_HMS.py,cpython,time,time,stdlib,,16
Plots_Jython/WIL_PP_Plot_HMS.py,cpython,time,time,stdlib,,16
Plots_Jython/WIL_PP_Plot_RFC.py,cpython,time,time,stdlib,,16
Plots_Jython/WIllamett_COR_FCst_Plot.py,cpython,time,time,stdlib,,16
Plots_Jython/Willamett_BS_FCst_Plot.py,cpython,time,time,stdlib,,16
Plots_Jython/Willamett_CP_FCst_Plot.py,cpython,time,time,stdlib,,16
Plots_Jython/Willamett_Conservation System Storage.py,cpython,time,time,stdlib,"mktime, localtime",24
Plots_Jython/Willamett_Conservation System Storage.py,cpython,time,time,stdlib,,29
Plots_Jython/Willamett_Conservation System Storage.py,cpython,time,time,stdlib,,34
Plots_Jython/Willamett_Conservation plots_ McKenzieAndBelowAndFlows.py,cpython,time,time,stdlib,"mktime, localtime",24
Plots_Jython/Willamett_Conservation plots_ McKenzieAndBelowAndFlows.py,cpython,time,time,stdlib,,29
Plots_Jython/Willamett_Conservation plots_ McKenzieAndBelowAndFlows.py,cpython,time,time,stdlib,,34
Plots_Jython/Willamett_Conservation plots_ McKenzieAndBelowForTesting.py,cpython,time,time,stdlib,"mktime, localtime",24
Plots_Jython/Willamett_Conservation plots_ McKenzieAndBelowForTesting.py,cpython,time,time,stdlib,,29
Plots_Jython/Willamett_Conservation plots_ McKenzieAndBelowForTesting.py,cpython,time,time,stdlib,,34
Plots_Jython/Willamett_Conservation plots_FRNandAbove.py,cpython,time,time,stdlib,"mktime, localtime",24
Plots_Jython/Willamett_Conservation plots_FRNandAbove.py,cpython,time,time,stdlib,,29
Plots_Jython/Willamett_Conservation plots_FRNandAbove.py,cpython,time,time,stdlib,,34
Plots_Jython/Willamett_Conservation plots_FRNandAboveForTesting.py,cpython,time,time,stdlib,"mktime, localtime",24
Plots_Jython/Willamett_Conservation plots_FRNandAboveForTesting.py,cpython,time,time,stdlib,,29
Plots_Jython/Willamett_Conservation plots_FRNandAboveForTesting.py,cpython,time,time,stdlib,,34
Plots_Jython/Willamett_Conservation plots_ForTesting.py,cpython,time,time,stdlib,"mktime, localtime",24
Plots_Jython/Willamett_Conservation plots_ForTesting.py,cpython,time,time,stdlib,,29
Plots_Jython/Willamett_Conservation plots_ForTesting.py,cpython,time,time,stdlib,,34
Plots_Jython/Willamett_EUG_FCst_Plot.py,cpython,time,time,stdlib,,16
Plots_Jython/Willamett_FRM plots_ McKenzieAndBelowAndFlows.py,cpython,time,time,stdlib,"mktime, localtime",24
Plots_Jython/Willamett_FRM plots_ McKenzieAndBelowAndFlows.py,cpython,time,time,stdlib,,29
Plots_Jython/Willamett_FRM plots_ McKenzieAndBelowAndFlows.py,cpython,time,time,stdlib,,34
Plots_Jython/Willamett_FRM plots_FRNandAbove.py,cpython,time,time,stdlib,"mktime, localtime",24
Plots_Jython/Willamett_FRM plots_FRNandAbove.py,cpython,time,time,stdlib,,29
Plots_Jython/Willamett_FRM plots_FRNandAbove.py,cpython,time,time,stdlib,,34
Plots_Jython/Willamett_PP_FCst_Plot.py,cpython,time,time,stdlib,,16
RealtimeData/EstimateMissingValues.py,cpython,time,time,stdlib,"mktime, localtime",24
RealtimeData/EstimateMissingValues.py,cpython,time,time,stdlib,,29
RealtimeData/EstimateMissingValues.py,cpython,time,time,stdlib,,34
RealtimeData/Replace_Zero_Outflows.py,cpython,time,time,stdlib,"mktime, localtime",24
RealtimeData/Replace_Zero_Outflows.py,cpython,time,time,stdlib,,29
RealtimeData/Replace_Zero_Outflows.py,cpython,time,time,stdlib,,34
RealtimeData/TemperatureGrids.py,other-jython,time,time,stdlib,,6
RealtimeData/TemperatureGrids.py,other-jython,time,time,stdlib,,16
RealtimeData/TemperatureGridsrfc.py,other-jython,time,time,stdlib,,6
RealtimeData/TemperatureGridsrfc.py,other-jython,time,time,stdlib,,16
SalemAlbanyAugScript/BeforeAlbanyWasAdded.py,cpython,time,time,stdlib,,14
SalemAlbanyAugScript/RunningResSimHeadless/BatchCompute_updateFromMike2023/2023.06.28_BatchRunControl_ResSim3.5update.py,other-jython,time,time,stdlib,,25
SalemAlbanyAugScript/RunningResSimHeadless/JoshBat.py,other-jython,time,time,stdlib,,7
SalemAlbanyAugScript/RunningResSimHeadless/RunningResSimHEADLESS/Example2 - RunBatch Application/Running ResSim BATCH/BatchRunControl.py,other-jython,time,time,stdlib,,14
SalemAlbanyAugScript/RunningResSimHeadless/RunningResSimHEADLESS/Example4 - website-based forcasting system/RunFCOResSim.py,other-jython,time,time,stdlib,"strftime,localtime",13
SalemAlbanyAugScript/RunningResSimHeadless/RunningResSimHEADLESS/Example4 - website-based forcasting system/RunFCOResSim.py,other-jython,time,time,stdlib,strftime,125
SalemAlbanyAugScript/TwoStepSalemAlbanyAug_19Feb2026.py,cpython,time,time,stdlib,,22
Utilities/29_to_88.py,cpython,time,time,stdlib,"mktime, localtime",24
Utilities/29_to_88.py,cpython,time,time,stdlib,,29
Utilities/29_to_88.py,cpython,time,time,stdlib,,34
Utilities/88_to_29.py,cpython,time,time,stdlib,,4
Utilities/Flow_Modifier.py,cpython,time,time,stdlib,,21
Utilities/Flow_Modifier.py,cpython,time,time,stdlib,,32
Utilities/save_to_sql.py,cpython,time,time,stdlib,,21
esp_download/Download_ESP.py,cpython,time,time,stdlib,,7
externalSVs/Alternative_Setup.py,other-jython,time,time,stdlib,,34
externalSVs/ControllerExternalSV.py,ressim,time,time,stdlib,,26
Plots_Jython/NonExceedancePlots.py,cpython,timeit,timeit,stdlib,default_timer,36
Plots_Jython/Willamett_Conservation System Storage.py,cpython,timeit,timeit,stdlib,default_timer,25
Plots_Jython/Willamett_Conservation plots_ McKenzieAndBelowAndFlows.py,cpython,timeit,timeit,stdlib,default_timer,25
Plots_Jython/Willamett_Conservation plots_ McKenzieAndBelowForTesting.py,cpython,timeit,timeit,stdlib,default_timer,25
Plots_Jython/Willamett_Conservation plots_FRNandAbove.py,cpython,timeit,timeit,stdlib,default_timer,25
Plots_Jython/Willamett_Conservation plots_FRNandAboveForTesting.py,cpython,timeit,timeit,stdlib,default_timer,25
Plots_Jython/Willamett_Conservation plots_ForTesting.py,cpython,timeit,timeit,stdlib,default_timer,25
Plots_Jython/Willamett_FRM plots_ McKenzieAndBelowAndFlows.py,cpython,timeit,timeit,stdlib,default_timer,25
Plots_Jython/Willamett_FRM plots_FRNandAbove.py,cpython,timeit,timeit,stdlib,default_timer,25
RealtimeData/EstimateMissingValues.py,cpython,timeit,timeit,stdlib,default_timer,25
RealtimeData/Replace_Zero_Outflows.py,cpython,timeit,timeit,stdlib,default_timer,25
Utilities/29_to_88.py,cpython,timeit,timeit,stdlib,default_timer,25
Plots_Jython/MainstemRFC_CP_FCst_Plot.py,cpython,traceback,traceback,stdlib,,16
Plots_Jython/NonExceedancePlots.py,cpython,traceback,traceback,stdlib,,38
Plots_Jython/RFCFlowsCorvall_FCst_Plot.py,cpython,traceback,traceback,stdlib,,16
Plots_Jython/RFC_EUG_FCst_Plot.py,cpython,traceback,traceback,stdlib,,16
Plots_Jython/WIL_NP_Plot_HMS.py,cpython,traceback,traceback,stdlib,,16
Plots_Jython/WIL_PP_Plot_HMS.py,cpython,traceback,traceback,stdlib,,16
Plots_Jython/WIL_PP_Plot_RFC.py,cpython,traceback,traceback,stdlib,,16
Plots_Jython/WIllamett_COR_FCst_Plot.py,cpython,traceback,traceback,stdlib,,16
Plots_Jython/Willamett_BS_FCst_Plot.py,cpython,traceback,traceback,stdlib,,16
Plots_Jython/Willamett_CP_FCst_Plot.py,cpython,traceback,traceback,stdlib,,16
Plots_Jython/Willamett_Conservation System Storage.py,cpython,traceback,traceback,stdlib,,29
Plots_Jython/Willamett_Conservation plots_ McKenzieAndBelowAndFlows.py,cpython,traceback,traceback,stdlib,,29
Plots_Jython/Willamett_Conservation plots_ McKenzieAndBelowForTesting.py,cpython,traceback,traceback,stdlib,,29
Plots_Jython/Willamett_Conservation plots_FRNandAbove.py,cpython,traceback,traceback,stdlib,,29
Plots_Jython/Willamett_Conservation plots_FRNandAboveForTesting.py,cpython,traceback,traceback,stdlib,,29
Plots_Jython/Willamett_Conservation plots_ForTesting.py,cpython,traceback,traceback,stdlib,,29
Plots_Jython/Willamett_EUG_FCst_Plot.py,cpython,traceback,traceback,stdlib,,16
Plots_Jython/Willamett_FRM plots_ McKenzieAndBelowAndFlows.py,cpython,traceback,traceback,stdlib,,29
Plots_Jython/Willamett_FRM plots_FRNandAbove.py,cpython,traceback,traceback,stdlib,,29
Plots_Jython/Willamett_PP_FCst_Plot.py,cpython,traceback,traceback,stdlib,,16
RealtimeData/EstimateMissingValues.py,cpython,traceback,traceback,stdlib,,29
RealtimeData/Replace_Zero_Outflows.py,cpython,traceback,traceback,stdlib,,29
SalemAlbanyAugScript/RunningResSimHeadless/BatchCompute_updateFromMike2023/2023.06.28_BatchRunControl_ResSim3.5update.py,other-jython,traceback,traceback,stdlib,,25
SalemAlbanyAugScript/RunningResSimHeadless/JoshBat.py,other-jython,traceback,traceback,stdlib,,6
SalemAlbanyAugScript/RunningResSimHeadless/RunPOR3Step.py,other-jython,traceback,traceback,stdlib,,8
SalemAlbanyAugScript/RunningResSimHeadless/RunningResSimHEADLESS/Example2 - RunBatch Application/Running ResSim BATCH/BatchRunControl.py,other-jython,traceback,traceback,stdlib,,14
SalemAlbanyAugScript/RunningResSimHeadless/RunningResSimHEADLESS/Example4 - website-based forcasting system/RunFCOResSim.py,other-jython,traceback,traceback,stdlib,,305
Utilities/29_to_88.py,cpython,traceback,traceback,stdlib,,29
Willamette/ScriptedRules/Hills Creek/[DUMMY] IMPORT MODULES.py,ressim,types,types,stdlib,,14
externalRules/_offline_tests/test_FIRO_SPACE.py,other-jython,types,types,stdlib,,14
externalRules/_offline_tests/test_MinFlowPlusWithdrawal.py,other-jython,types,types,stdlib,,14
SalemAlbanyAugScript/SalemAugCheckPlots.py,cpython,webbrowser,webbrowser,stdlib,,9
Utilities/fixDSSFilenamesInHSFile.py,other-jython,xml.dom.minidom,xml,stdlib,parse,4
Utilities/ResSimAltCompare.py,cpython,xml.etree.ElementTree,xml,stdlib,,8
_migration/check_against_install.py,other-jython,zipfile,zipfile,stdlib,,23
ExternalPython/ALT_COMPARISON_PLOTS.py,cpython,CONFIG,CONFIG,unknown,,9
ExternalPython/ALT_COMPARISON_PLOTS_ARCHIVE.py,cpython,CONFIG,CONFIG,unknown,,9
ExternalPython/APE_Plotter.py,cpython,CONFIG,CONFIG,unknown,,9
ExternalPython/APE_Plotter_3.py,cpython,CONFIG,CONFIG,unknown,,9
ExternalPython/CWMS_DOWNLOADER_ARCHIVE.py,cpython,CONFIG,CONFIG,unknown,,22
ExternalPython/CWMS_Downloader_Module.py,cpython,CONFIG,CONFIG,unknown,,23
ExternalPython/Dummy_0_and_WY_Abundant_Module.py,cpython,CONFIG,CONFIG,unknown,,14
ExternalPython/EnsemblePlots_10Mar_Archive.py,cpython,CONFIG,CONFIG,unknown,,9
ExternalPython/Ensemble_Plots.py,cpython,CONFIG,CONFIG,unknown,,9
ExternalPython/Ensemble_Plots_Archive.py,cpython,CONFIG,CONFIG,unknown,,9
ExternalPython/Faster_DSS_Read_Plotly.py,cpython,CONFIG,CONFIG,unknown,,11
ExternalPython/MainstemAugmentation.py,cpython,CONFIG,CONFIG,unknown,,29
ExternalPython/OSI_Ensemble_Year.py,cpython,CONFIG,CONFIG,unknown,,10
ExternalPython/RFC_Downloader_Module.py,cpython,CONFIG,CONFIG,unknown,,13
externalSVs/__init__.py,ressim,ExternalSV.myPackage,ExternalSV,unknown,foo,7
externalRules/_offline_tests/test_FIRO_SPACE.py,other-jython,FIRO_SPACE,FIRO_SPACE,unknown,,97
externalRules/_offline_tests/test_MinFlowPlusWithdrawal.py,other-jython,MinFlowPlusWithdrawal,MinFlowPlusWithdrawal,unknown,,110
Willamette/StateVars/PctFull_LOP_Cleanup.py,other-jython,PctFull,PctFull,unknown,,2
Willamette/StateVars/PctFull_LOP_Init.py,ressim,PctFull,PctFull,unknown,,9
Willamette/StateVars/PctFull_LOP_Main.py,other-jython,PctFull,PctFull,unknown,,2
SalemAlbanyAugScript/Elev_Ensemble_Plotter.py,cpython,RunControlConfig,RunControlConfig,unknown,,12
SalemAlbanyAugScript/TwoStepSalemAlbanyAug_19Feb2026.py,cpython,RunControlConfig,RunControlConfig,unknown,,29
SalemAlbanyAugScript/SalemAugCheckPlots.py,cpython,SalemAugConfig,SalemAugConfig,unknown,,8
SalemAlbanyAugScript/RunningResSimHeadless/RunningResSimHEADLESS/Example4 - website-based forcasting system/RunFCOResSim.py,other-jython,fcoconfig,fcoconfig,unknown,"fcodssconfig,FCO_DSS_Runtime",53
NWDJyLib/__init__.py,ressim,foo,foo,unknown,,14
Plots_Jython/NonExceedancePlots.py,cpython,getpass,getpass,unknown,,38
Plots_Jython/Willamett_Conservation System Storage.py,cpython,getpass,getpass,unknown,,29
Plots_Jython/Willamett_Conservation plots_ McKenzieAndBelowAndFlows.py,cpython,getpass,getpass,unknown,,29
Plots_Jython/Willamett_Conservation plots_ McKenzieAndBelowForTesting.py,cpython,getpass,getpass,unknown,,29
Plots_Jython/Willamett_Conservation plots_FRNandAbove.py,cpython,getpass,getpass,unknown,,29
Plots_Jython/Willamett_Conservation plots_FRNandAboveForTesting.py,cpython,getpass,getpass,unknown,,29
Plots_Jython/Willamett_Conservation plots_ForTesting.py,cpython,getpass,getpass,unknown,,29
Plots_Jython/Willamett_FRM plots_ McKenzieAndBelowAndFlows.py,cpython,getpass,getpass,unknown,,29
Plots_Jython/Willamett_FRM plots_FRNandAbove.py,cpython,getpass,getpass,unknown,,29
RealtimeData/EstimateMissingValues.py,cpython,getpass,getpass,unknown,,29
RealtimeData/Replace_Zero_Outflows.py,cpython,getpass,getpass,unknown,,29
Utilities/29_to_88.py,cpython,getpass,getpass,unknown,,29
Plots_Jython/NonExceedancePlots.py,cpython,inspect,inspect,unknown,,38
Plots_Jython/Willamett_Conservation System Storage.py,cpython,inspect,inspect,unknown,,29
Plots_Jython/Willamett_Conservation plots_ McKenzieAndBelowAndFlows.py,cpython,inspect,inspect,unknown,,29
Plots_Jython/Willamett_Conservation plots_ McKenzieAndBelowForTesting.py,cpython,inspect,inspect,unknown,,29
Plots_Jython/Willamett_Conservation plots_FRNandAbove.py,cpython,inspect,inspect,unknown,,29
Plots_Jython/Willamett_Conservation plots_FRNandAboveForTesting.py,cpython,inspect,inspect,unknown,,29
Plots_Jython/Willamett_Conservation plots_ForTesting.py,cpython,inspect,inspect,unknown,,29
Plots_Jython/Willamett_FRM plots_ McKenzieAndBelowAndFlows.py,cpython,inspect,inspect,unknown,,29
Plots_Jython/Willamett_FRM plots_FRNandAbove.py,cpython,inspect,inspect,unknown,,29
RealtimeData/EstimateMissingValues.py,cpython,inspect,inspect,unknown,,29
RealtimeData/Replace_Zero_Outflows.py,cpython,inspect,inspect,unknown,,29
Utilities/29_to_88.py,cpython,inspect,inspect,unknown,,29
Plots_Jython/MainstemRFC_CP_FCst_Plot.py,cpython,thread,thread,unknown,,16
Plots_Jython/RFCFlowsCorvall_FCst_Plot.py,cpython,thread,thread,unknown,,16
Plots_Jython/RFC_EUG_FCst_Plot.py,cpython,thread,thread,unknown,,16
Plots_Jython/WIL_NP_Plot_HMS.py,cpython,thread,thread,unknown,,16
Plots_Jython/WIL_PP_Plot_HMS.py,cpython,thread,thread,unknown,,16
Plots_Jython/WIL_PP_Plot_RFC.py,cpython,thread,thread,unknown,,16
Plots_Jython/WIllamett_COR_FCst_Plot.py,cpython,thread,thread,unknown,,16
Plots_Jython/Willamett_BS_FCst_Plot.py,cpython,thread,thread,unknown,,16
Plots_Jython/Willamett_CP_FCst_Plot.py,cpython,thread,thread,unknown,,16
Plots_Jython/Willamett_EUG_FCst_Plot.py,cpython,thread,thread,unknown,,16
Plots_Jython/Willamett_PP_FCst_Plot.py,cpython,thread,thread,unknown,,16
Plots_Jython/MainstemRFC_CP_FCst_Plot.py,cpython,wcds,wcds,unknown,,16
Plots_Jython/RFCFlowsCorvall_FCst_Plot.py,cpython,wcds,wcds,unknown,,16
Plots_Jython/RFC_EUG_FCst_Plot.py,cpython,wcds,wcds,unknown,,16
Plots_Jython/WIL_NP_Plot_HMS.py,cpython,wcds,wcds,unknown,,16
Plots_Jython/WIL_PP_Plot_HMS.py,cpython,wcds,wcds,unknown,,16
Plots_Jython/WIL_PP_Plot_RFC.py,cpython,wcds,wcds,unknown,,16
Plots_Jython/WIllamett_COR_FCst_Plot.py,cpython,wcds,wcds,unknown,,16
Plots_Jython/Willamett_BS_FCst_Plot.py,cpython,wcds,wcds,unknown,,16
Plots_Jython/Willamett_CP_FCst_Plot.py,cpython,wcds,wcds,unknown,,16
Plots_Jython/Willamett_EUG_FCst_Plot.py,cpython,wcds,wcds,unknown,,16
Plots_Jython/Willamett_PP_FCst_Plot.py,cpython,wcds,wcds,unknown,,16
