"LOCATION_ID","PUBLIC_NAME","LONG_NAME"
"07S","Deer Park Airport","Deer Park Airport"
"21B10","Stampede Pass","STAMPEDE PASS"
"21B17","Rex River","REX RIVER"
"21B31","Sawmill Ridge","SAWMILL RIDGE"
"21B42","Cougar Mountain","COUGAR MOUNTAIN"
"21B50","Lynn Lake","LYNN LAKE"
"27U","Salmon","Salmon"
"2A01","Canoe R 2A01","CANOE RIVER"
"2A01A","Canoe R 2A02A","CANOE RIVER"
"2A02","Glacier 2A02","GLACIER"
"2A02A","New Glacier 2A02A","NEW GLACIER"
"2A03","Field 2A03","FIELD"
"2A03A","Field 2A03A","FIELD"
"2A04","Invermere 2A04","INVERMERE"
"2A04A","Invermere 2A04A","INVERMERE"
"2A05","Kinbasket Lake","KINBASKET LAKE"
"2A06","Mount Revelstoke 2A06","MOUNT REVELSTOKE"
"2A06P","Mount Revelstoke 2A06P","MOUNT REVELSTOKE"
"2A07","Kicking Horse 2A07","KICKING HORSE"
"2A08","Middle R","MIDDLE RIVER"
"2A09","Blackwater Lookout 2A09","BLACKWATER LOOKOUT"
"2A10","Blackwater Cr 2A10","BLACKWATER CREEK"
"2A11","Beaverfoot 2A11","BEAVERFOOT"
"2A12","Bigmouth Cr","BIGMOUTH CREEK"
"2A13","Wood R 2A13","WOOD RIVER"
"2A14","Mount Abbot 2A14","MOUNT ABBOT"
"2A15","Mica Cr 2A15","MICA CREEK"
"2A16","Goldstream 2A16","GOLDSTREAM"
"2A17","Fidelity Mtn 2A17","FIDELITY MOUNTAIN"
"2A18","Keystone Cr","KEYSTONE CREEK"
"2A19","Vermont Cr 2A19","VERMONT CREEK"
"2A20","Watam Lake 2A20","WATAM LAKE"
"2A21","Molson Cr 2A21","MOLSON CREEK"
"2A21P","Molson Cr 2A21P","MOLSON CREEK"
"2A22","Sunbeam Lake 2A22","SUNBEAM LAKE"
"2A23","Bush R 2A23","BUSH RIVER"
"2A24","Mount Copeland","MOUNT COPELAND"
"2A25","Kirbyville Lake 2A25","KIRBYVILLE LAKE"
"2A26","Bugaboo Cr 2A26","BUGABOO CREEK"
"2A27","Downie Slide - Lower","DOWNIE SLIDE (LOWER)"
"2A28","Downie S8 - 2A28","DOWNIE(S8)"
"2A29","Downie Slide - Upper","DOWNIE SLIDE (UPPER)"
"2B01","Revelstoke 2B01","REVELSTOKE"
"2B02","Farron 2B02","FARRON"
"2B02A","Farron  2B02A","FARRON"
"2B05","Whatshan (Upper) 2B05","WHATSHAN (UPPER)"
"2B06","Barnes Cr 2B06","BARNES CREEK"
"2B06P","Barnes Cr 2B06P","BARNES CREEK"
"2B07","Koch Cr 2B07","KOCH CREEK"
"2B08","St. Leon Cr 2B08","ST. LEON CREEK"
"2B08P","St. Leon Cr 2B08P","ST. LEON CREEK"
"2C01","Sinclair Pass 2C01","SINCLAIR PASS"
"2C02","Fernie 2C02","FERNIE"
"2C02A","Fernie NE 2C02A","FERNIE (NE)"
"2C03","Kimberley 2C03","KIMBERLEY"
"2C03A","Kimberley 2C03A","KIMBERLEY"
"2C04","Sullivan Mine 2C05","SULLIVAN MINE"
"2C05","Marble Canyon 2C05","MARBLE CANYON"
"2C07","Fernie E 2C07","FERNIE EAST"
"2C08","Fernie Ridge 2C08","FERNIE RIDGE"
"2C09","Morrissey Ridge No 1","MORRISSEY RIDGE NO. 1"
"2C09A","Morrissey Ridge 2C09A","MORRISSEY RIDGE"
"2C09Q","Morrissey Ridge 2C09Q","MORRISSEY RIDGE"
"2C10","Moyie Mtn 2C10","MOYIE MOUNTAIN"
"2C10P","Moyie Mtn 2C10P","MOYIE MOUNTAIN"
"2C11","Kimberley Upper V O R","KIMBERLEY (UPPER) V O R"
"2C12","Kimberley Middle V O R","KIMBERLEY (MIDDLE)V O R"
"2C13","Kimberley Lower V O R","KIMBERLEY (LOWER) V O R"
"2C14","Floe Lake 2C14","FLOE LAKE"
"2C14P","Floe Lake 2C14P","FLOE LAKE"
"2C15","Mount Assiniboine 2C15","MOUNT ASSINIBOINE"
"2C16","Mount Joffre 2C16","MOUNT JOFFRE"
"2C17","Thunder Cr 2C17","THUNDER CREEK"
"2C18","Vermilion R No 1","VERMILION RIVER NO.1"
"2C19","Vermilion R No 2","VERMILION RIVER NO.2"
"2C20","Vermilion R No 3","VERMILION RIVER NO.3"
"2C21","Vermilion R No 4","VERMILION RIVER NO.4"
"2C22","Vermilion R No 5","VERMILION RIVER NO.5"
"2D01","Gerrard 2D01","GERRARD"
"2D02","Ferguson 2D02","FERGUSON"
"2D03","Sandon 2D03","SANDON"
"2D04","Nelson 2D04","NELSON"
"2D05","Gray Creek Lower 2D05","GRAY CREEK (LOWER)"
"2D06","Char Cr 2D06","CHAR CREEK"
"2D07","Duncan Lake 2D07","DUNCAN LAKE"
"2D07A","Duncan Lake No 2","DUNCAN LAKE NO. 2"
"2D08","East Cr 2D08","EAST CREEK"
"2D08P","East Cr 2D08P","EAST CREEK"
"2D09","Mount Templeman","MOUNT TEMPLEMAN"
"2D10","Gray Creek Upper 2D10","GRAY CREEK (UPPER)"
"2D11","Arrow Cr 2D11","ARROW CREEK"
"2D12","Harlow Cr 2D12","HARLOW CREEK"
"2D13","Meadow Mtn 2D13","MEADOW MOUNTAIN"
"2D14P","Redfish Cr 2D14P","REDFISH CREEK"
"3TH","Thompson Falls Weather","Thompson Falls Weather"
"4BK","Brookings Weather","Brookings Weather"
"4BQ","4BQ",""
"4LW","Lakeview 4LW","Lakeview"
"4S1","4S1",""
"4SV","",""
"5J0","Grant County Regional Airport","Grant County Regional Airport"
"63S","Colville Airport 63S","Colville Airport"
"75S","Skagit Regional Airport 75S","Skagit Regional Airport"
"92S","Cape Blanco Weather Station 92S","Cape Blanco Weather Station"
"95S","95S",""
"9BB","",""
"ABDI","Aberdeen","Aberdeen"
"ABDW","Aberdeen","Aberdeen"
"ABEB","Aberfeldie","Aberfeldie"
"ABEI","Aberdeen Station","Aberdeen Station (See Also Abdi)"
"ABEW","Aberdeen Precip Gage","ABERDEEN PRECIP GAGE"
"ABNW","Abernathy Mt RAWS nr Ryderwood","Abernathy Mountain RAWS near Ryderwood 3SW"
"ABOM","Clark Fork River above Missoula","CLARK FORK RIVER ABOVE MISSOULA 3E"
"ABRM","Albro Lake Snotel","Albro Lake Snotel"
"ABTM","Alberton","Alberton"
"ACAO","",""
"ACDO","Antelope Ck near Eagle Point","Antelope Creek and Diversion Dam near Eagle Point 10SE"
"ACRI","Arco near Arco 3SW","Arco RAWS near Arco 3SW"
"ACRW","Alpowa Cr@Mouth nr Clarkston","Alpowa Creek at Mouth near Clarkston 8W"
"ACTW","Anacortes","Anacortes"
"ADEO","Deep Creek - above Adel","Deep Creek - above Adel"
"ADFW","Alder nr Pomeroy 11 Southeast","Alder Raws Near Pomeroy 11 Southeast"
"ADNW","Chehalis R nr Adna 2W","Chehalis River near Adna 2W"
"AFCI","St Anthony Union Feeder Cnl","St Anthony Union Feeder Canal"
"AFDI","",""
"AFOY","Afton","Afton"
"AFRI","American Falls Res nr Am Fls","American Falls Reservoir near American Falls"
"AFSW","Paradise","Paradise"
"AFTY","Afton","Afton"
"AGA","Agate Dam and Res nr White City","AGATE DAM AND RESERVOIR NEAR WHITE CITY 4ESE"
"AGEO","AGEO",""
"AGFO","Agness RAWS near Agness","Agness RAWS near Agness 5SSW"
"AGKO","",""
"AGNO","Rogue River near Agness","Rogue River near Agness"
"AGSM","Gibson Dam near Augusta","Gibson Dam Near Augusta"
"AGSO","Illinois River near Agness",""
"AGTO","AGTO",""
"AHTI","Ashton Idaho Wthr Stat","Ashton Idaho Weather Station"
"AHUW","Ahtanum Cr nr Union Gap 1S","Ahtanum Creek near Union Gap 1S"
"AKAMI","Akamina Pass","Akamina Pass"
"AKNB","Aiken Lake","Aiken Lake"
"AKPB","Akamina Pass","Akamina Pass"
"ALBO","Willamette River at Albany","Willamette River at Albany"
"ALCO","Elk Cr blw Alco Cr nr Trail","Elk Creek Below Alco Creek Near Trail"
"ALD","Alder 1 Mi W Alder Dam","Alder 1 Mile West Alder Dam"
"ALDW","Puyallup R @ Alderton nr Sumner","PUYALLUP RIVER AT ALDERTON NEAR SUMNER 1SE"
"ALF","Albeni Falls Dam","Albeni Falls Dam"
"ALFI","Albeni Falls Dam WQ Station","Albeni Falls Dam Water Quality Station"
"ALFO","Allison RAWS near Paulina","Allison RAWS near Paulina 24SE"
"ALFW","Pend Oreille River At Newport","PEND OREILLE RIVER AT NEWPORT"
"ALGO","ALGO",""
"ALMW","Almota Cr @ mouth nr Pullman 14W","Almota Creek at Mouth near Pullman 14W"
"ALNO","Allen Canal at Echo",""
"ALPY","Snake R near Alpine 7E","SNAKE RIVER NEAR ALPINE 7E"
"ALQI","Pend Oreille R WQ Station","PEND OREILLE RIVER WATER QUALITY STATION"
"ALRW","Alder 1 Mi W. Alder Dam","Alder 1 Mile West Alder Dam"
"ALSM","Alder 17S","Alder 17S"
"ALSO","ALSO",""
"ALTO","A-Line Cnl Terminus nr Hermiston","A-Line Canal (Terminus) near Hermiston OR"
"ALTY","Alta I N By NW","Alta I North By Northwest"
"ALW","Walla Walla Faa Airport","Walla Walla FAA Airport"
"ALWW","Walla Walla Faa Airport","Walla Walla FAA Airport"
"AMF","American Falls Res nr Am Fls","AMERICAN FALLS RESERVOIR NEAR AMERICAN FALLS"
"AMFI","Snake R nr Neeley nr Am Fls","SNAKE RIVER NEAR NEELEY NEAR AMERICAN FALLS 1W"
"AMMI","Mccammon","McCammon"
"AMRI","American Falls 3 Nw","American Falls 3 Nw"
"AMRI-Sensor2","Amer Falls Sensor 2","American Falls Sensor 2"
"AMRW","American River Near Nile 16NW","AMERICAN RIVER NEAR NILE 16NW"
"ANA","",""
"ANAM","Anaconda","Anaconda"
"ANAW","Snake R Near Anatone","SNAKE RIVER NEAR ANATONE 8E"
"ANCI","Anderson Cnl near Heise","Anderson Canal Near Heise"
"AND","Anderson Ranch Dam nr Mtn Home","ANDERSON RANCH DAM NEAR MOUNTAIN HOME 20NE"
"AND-Sensor2","Anderson Ranch Dam Sensor 2","Anderson Ranch Dam"
"AND-Sensor3","SF Boise Anderson Ranch Dam","Anderson Ranch Dam"
"ANDI","S Fk Boise R@Andersn Rnch Dm","SOUTH FORK BOISE RIVER AT ANDERSON RANCH DAM"
"ANDM","Warm Springs Cr nr Anaconda 1NE","Warm Springs Creek near Anaconda 1NE"
"ANEW","Aeneas nr Loomis 5S","Aeneas RAWS near Loomis 5S"
"ANNO","",""
"ANPO","ANPO",""
"ANQW","Anatone - Snake R Water Quality","Anatone - Snake River Water Quality"
"ANRO","Aneroid Lake #2","Aneroid Lake #2"
"ANSO","Annie Springs","Annie Springs"
"ANTI","Henrys Fork @ St Anthony","HENRYS FORK AT ST ANTHONY"
"ANTO","Antelope","Antelope Creek and Diversion at Dam"
"ANTO-Canal","Antelope Canal",""
"APLO","Little Applegate","Little Applegate River near Buncom, OR"
"APLW","APLW",""
"APP","Applegate Lake near Copper","Applegate Lake near Copper"
"APPO","Applegate River near Copper","Applegate River near Copper"
"APP_WQ1","Applegate WQ Station 1","Applegate Water Quality Station 1"
"APP_WQ2","Applegate WQ Station 2","Applegate Water Quality Station 2"
"APP_WQ3","Applegate WQ Station 3","Applegate Water Quality Station 3"
"APP_WQ4","Applegate WQ Station 4","Applegate Water Quality Station 4"
"APP_WQ5","Applegate WQ Station 5","Applegate Water Quality Station 5"
"APP_WQ6","Applegate WQ Station 6","Applegate Water Quality Station 6"
"APP_WQ7","Applegate WQ Station 7","Applegate Water Quality Station 7"
"APP_WQ8","Applegate WQ Station 8","Applegate Water Quality Station 8"
"APP_WQ9","Applegate WQ Station 9","Applegate Water Quality Station 9"
"APRO","Applegate River near Applegate","Applegate River near Applegate"
"APSW","Alpine Meadow","Alpine Meadow"
"ARAO","Aurora 3N AgriMet","Aurora 3N AgriMet"
"ARBI","Arbon 2NW","Arbon 2nw"
"ARBO","Arbuckle Mtn","Arbuckle Mtn"
"ARCI","Big Lost R near Arco","BIG LOST RIVER NEAR ARCO 4SE"
"ARDB","Arrow Dam","Arrow Dam"
"ARDW","Entiat R nr Ardenvoir 6NW","ENTIAT RIVER NEAR ARDENVOIR 6NW"
"ARFO","Parker Mountain near Keno","Parker Mountain RAWS near Keno 18WSW"
"ARGW","N Frk Stillaquamish R nr Arlngtn","NORTH FORK STILLAQUAMISH RIVER NEAR ARLINGTON 6NE"
"ARK","Arrowrock Dam","ARROWROCK DAM AND RESERVOIR NEAR BOISE 14E"
"ARKI","Arrowrock Dam","ARROWROCK DAM - TOTAL DAILY RELEASE"
"ARLM","SF Jocko R nr Arlee 12NE","South Fork Jocko River near Arlee 12NE"
"ARLO","",""
"ARLW","Stillaguamish River At Arlington","STILLAGUAMISH RIVER AT ARLINGTON"
"ARMB","Armstron N","Armstron North"
"ARNO","Arnold Canal","Arnold Canal"
"AROI","Arco 3 SW","Arco 3 Southwest"
"ARWO","Applegate River nr Wilderville","Applegate River near Wilderville"
"ASCI","Aberdeen-Springfield Cnl","Aberdeen-springfield Canal"
"ASCO","WF Ashland Creek near Ashland","West Fork Ashland Creek near Ashland"
"ASCW","Asotin Cr Blw Confl nr Asotin","ASOTIN CREEK BELOW CONFLUENCE NEAR ASOTIN 12W"
"ASFW","Rainier Paradise Ranger Station","Rainier Paradise Rs"
"ASHI","Ashton","Ashton"
"ASHO","Ashland","Ashland"
"ASLO","Ashland Lateral","Ashland Lateral near Ashland"
"ASLO-Canal","Ashland Lateral Canal",""
"AST","Astoria WSO","Astoria WSO"
"ASTO","Tongue Point Tide Gage","Tongue Point Tide Gage"
"ASTO-Sensor2","Tongue Point Tide Gage Sensor 2","Tongue Point Tide Gage Sensor 2"
"ATAI","Atlanta Summit Snotel","ATLANTA SUMMIT SNOTEL - 7580"
"ATAY","Alta Spotter","Alta"
"ATFO","Antelope near Drewsey","Antelope RAWS near Drewsey 15NNW"
"ATLI","Atlanta 3","Atlanta 3"
"ATRY","Alta 1Nnw Nr Jackson","Alta"
"AUBW","Green River Near Auburn","GREEN RIVER NEAR AUBURN 1E"
"AUBW-Sensor2","Green River Near Auburn Sensor 2",""
"AUCI","St Anthony Union Cnl","St Anthony Union Canal"
"AUFW","",""
"AUGM","Augusta","Augusta"
"AUGW","Ahtanum Cr @ Union Gap","Ahtanum Creek At Union Gap"
"AURO","Pudding River at Aurora","Pudding River at Aurora"
"AUSM","Austin 1W","Austin"
"AUSO","Austin 3 South","Austin 3 South"
"AVYI","Avery Ranger Station No 2","Avery Ranger Station No. 2"
"AWH","Wild Horse Res","Wild Horse Reservoir"
"AWO","Arlington&#44 WA","Arlington&#44 WA"
"AYCO","Ayers Creek near Gaston","Ayers Creek at NE North Valley Road near Gaston"
"AZAO","Azalea","Cow Creek near Azalea"
"Ahtanum_Ck","Ahtanum Creek",""
"Almota_Ck","Almota Creek",""
"American_R","American River",""
"Applegate","Applegate","Applegate"
"Applegate_R","Applegate River","Applegate River"
"B23","Battle Mountain&#44 NV","Battle Mountain&#44 NV"
"BAAO","Bear Creek below Ashland","Bear Creek below Ashland
"
"BABW","Baker R ab Blum Cr nr Concrete","BAKER RIVER AB BLUM CREEK NEAR CONCRETE&#44 WA"
"BADM","Badger Pass","Badger Pass"
"BAFO","Bald Mtn","Bald Mountain"
"BAKW","Sediment Retention Structure","Sediment Retention Structure (SRS)"
"BAKW-Spillway","Sediment Retention Structure","Sediment Retention Structure (SRS)"
"BALO","Baltzor Ranch nr Sheaville-OR","Baltzor Ranch near Sheaville OR"
"BALO-Sensor2","Baltzor Ranch Sensor 2","Baltzor Ranch"
"BANM","Banfield Mountain - BANM","Banfield Mountain"
"BANO","Bandon AgriMet","Bandon AgriMet"
"BANO1","",""
"BARB","Barnes Cr - (New name) - BARB","Barnes Creek (Name Chg From Bckb)"
"BARO","BARO-Stage",""
"BARW","Baring","Baring"
"BASI","Banner Summit Snotel","BANNER SUMMIT SNOTEL"
"BASO","Bear Creek below Ashland Creek","Bear Creek below Ashland Creek at Ashland"
"BATO","Beatty Oregon AgriMet Station","Beatty Oregon AgriMet Station"
"BBFO","Big Butte near Butte Falls","Big Butte RAWS near Butte Falls 7SE"
"BBLW","Ballard Bridge WQ Station","BALLARD BRIDGE WATER QUALITY STATION"
"BBLW_S1","Ballard Bridge Lk WA Temp Strng","Ballard Bridge Lake Washington Temperature String"
"BBLW_S1-D11,0ft","Ballard Bridge WQ Statn D11,0ft",""
"BBLW_S1-D21,0ft","Ballard Bridge WQ Statn D21,0ft",""
"BBLW_S1-D31,0ft","Ballard Bridge WQ Statn D31,0ft",""
"BBLW_S1-D32,0ft","Ballard Bridge WQ Statn D32,0ft",""
"BBSY","Blind Bull Sum Snotel","BLIND BULL SUM SNOTEL - 8900"
"BBYI","Blackfoot R Bypass nr Blackfoot","Blackfoot River Bypass Near Blackfoot"
"BCAO","Bear Creek above Ashland, OR","Bear Creek above Ashland"
"BCAW","Pend Oreille R bl Box Canyon Dam","Pend Oreille River below Box Canyon Dam near Ione 3N"
"BCCO","S Fk Ltl Butte Ck Cnl","S Fork Little Butte Ck Canal Nr Eagle Pt  11ESE  BCCO3"
"BCDO","Billie Creek Divide","Billie Creek Divide"
"BCDW","Skookumchuck R near Bucoda 3SW","SKOOKUMCHUCK RIVER NEAR BUCODA 3SW"
"BCFI","Bearskin Cr","Bearskin Creek - Raws"
"BCFO","Board Creek near Mount Vernon","Board Creek RAWS near Mount Vernon 15NW"
"BCGW","Buck Cr Camp Met nr Greenwater","Buck Creek Camp Met Near Greenwater"
"BCKB","Barnes Cr (0ld Name) - BCKB","Barnes Creek (Under New Name - BARB)"
"BCKO","Boulder Ck","North Santiam River below Boulder Creek near Detroit"
"BCKW","Bickleton","Bickleton"
"BCL","Big Cliff Dam","North Santiam River at Big Cliff Dam near Niagara near Detroit 7WNW"
"BCL-SB1","Big Cliff Spillbay 1","Big Cliff Spillbay 1"
"BCL-SB2","Big Cliff Spillbay 2","Big Cliff Spillbay 2"
"BCL-SB3","Big Cliff Spillbay 3","Big Cliff Spillbay 3"
"BCL-WG1","Big Cliff Wicket Gate 1","Big Cliff Wicket Gate 1"
"BCLB","",""
"BCLO","Niagara","North Santiam River at Niagara"
"BCL_WQ1","Big Cliff WQ Station 1","Big Cliff Water Quality Station 1"
"BCL_WQ2","Big Cliff WQ Station 2","Big Cliff Water Quality Station 2"
"BCL_WQ3","Big Cliff WQ Station 3","Big Cliff Water Quality Station 3"
"BCL_WQ4","Big Cliff WQ Station 4","Big Cliff Water Quality Station 4"
"BCL_WQ5","Big Cliff WQ Station 5","Big Cliff Water Quality Station 5"
"BCL_WQ6","Big Cliff WQ Station 6","Big Cliff Water Quality Station 6"
"BCL_WQ7","Big Cliff WQ Station 7","Big Cliff Water Quality Station 7"
"BCMO","Bear Creek near Central Point","Bear Creek at mouth near Central Point 8NW"
"BCNW","Bacon Cr blw Oakes Cr @ Newhalem","Bacon Creek below Oakes Creek at Newhalem near Marblemount 5NNE"
"BCQO","Beaver Creek","Beaver Creek Below Quartz Creek Near Simnasho  2W  BCQO3"
"BCRW","Bonaparte Cr @ Tonasket","Bonaparte Creek at Tonasket"
"BCSO","Beaver Creek-USBR",""
"BCTO","Bear Ck blw Phoenix","Bear Creek below Phoenix Diversion near Talent"
"BDDI","Boise R Blw  Dvrsn Dam nr Boise","Boise 8 Southeast (Boise River Blw Diversion Dam Nr Boise)"
"BDDM","",""
"BDDW","Boundry Dam - Weather","Boundry Dam(weather)"
"BDFO","Rye Mountain near Sheridan","Rye Mountain RAWS near Sheridan 11NW"
"BDFY","Bedford 3SE","Bedford 3se"
"BDGO","Bridge Creek near Mitchell","Bridge Creek above Coyote Canyon near Mitchell"
"BDIW","Black Diamond","Black Diamond"
"BDNO","Bandon 2 Nne",""
"BDRO","Bradshaw Drop Nr Eagle Pt","Bradshaw Drop Near Eagle Point  8E  BDRO3"
"BDRY","Border 3N","Border 3n"
"BDSW","Boundary Switchyard","Boundary Switchyard"
"BDY","Boundary Dam","Boundary Dam"
"BDYW","Pend Oreille R @ Internat Bndry","Pend Oreille River At International Boundary"
"BEAM","Beagle Springs","Beagle Springs"
"BEAO","Nestucca River near Beaver","Nestucca River near Beaver"
"BECI","Bear Canyon Snotel","BEAR CANYON SNOTEL"
"BEDO","Irish Taylor","Irish Taylor"
"BEFM","Benchmark near Augusta","Benchmark RAWS near Augusta 21WSW"
"BEFO","",""
"BELL","BELL","BELL"
"BELL2","BELL2","BELL2"
"BELM","Clark Fork Below Missoula 5W","CLARK FORK BELOW MISSOULA 5W"
"BELO","Belknap Springs 8N",""
"BENO","Deschutes River at Benham Falls","Deschutes River at Benham Falls near Bend 10SW"
"BERI","Bern","Bern"
"BERN","Bear Cr Snotel","BEAR CREEK SNOTEL"
"BERO","Bear Cr nr Wallowa","BEAR CR NR WALLOWA -- USGS EORG"
"BETW","Walla Walla R @ Beet Rd","Walla Walla River at Beet Road near Walla Walla 6SW"
"BEU","Beulah","AGENCY VALLEY RESERVOIR OR"
"BEUO","N Fork Malheur R near Beulah","NORTH FORK MALHEUR RIVER NEAR BEULAH"
"BEVM","Beaver Cr","Beaver Creek"
"BEWO","Bend AgriMet at Bend","Bend AgriMet at Bend"
"BFCI","Blackfoot Cnl","Blackfoot Canal"
"BFEI","Kootenai River At Bonners Ferry","KOOTENAI RIVER AT BONNERS FERRY"
"BFFB","",""
"BFKI","Kootenai R @ Tribal Hatchery","KOOTENAI RIVER AT TRIBAL HATCHERY NEAR BONNERS FERRY 2W"
"BFKY","Buffalo Fk Abv Lava Cr nr Moran","BUFFALO FORK ABOVE LAVA CREEK NEAR MORAN 4E"
"BFLO","Bull Run R Nr Brightwood","Bull Run River Near Brightwood  10NE"
"BFNO","",""
"BFRI","Brace Flat near Riddle","Brace Flat RAWS near Riddle 32WNW"
"BFSM","Bigfork","Bigfork"
"BFTI","Snake R Nr Blackfoot","SNAKE RIVER NR BLACKFOOT"
"BFYI","Bonners Ferry 1 SW - BFYI","Bonners Ferry 1SW RAWS"
"BGBO","",""
"BGCO","Bigelow Camp","Bigelow Camp"
"BGDW","Battleground","Battleground
"
"BGEY","Big Goose Snow Pillow",""
"BGFM","Swan River Near Bigfork","SWAN RIVER NEAR BIGFORK"
"BGFO","Badger Creek near Brothers","Badger Creek RAWS near Brothers 18NE"
"BGMW","Bunchgrass Meadow","Bunchgrass Meadow"
"BGSY","Big Sandy Opening Snotel","BIG SANDY OPENING SNOTEL"
"BHK","",""
"BHLI","Buhl No 2","Buhl No 2"
"BHLI-Sensor2","Buhl No 2 Sensor 2",""
"BHMI","",""
"BHRO","Board Hollow near Prineville","Board Hollow RAWS near Prineville 8NE"
"BHRO-Sensor2","",""
"BICW","Swamp Lake Creek nr Crystal Lake","SWAMP LAKE CREEK NR CRYSTAL LAKE"
"BIFM","Big Cr Baldy","Big Creek Baldy"
"BIGB","",""
"BIGI","Boise R@Glenwd Brdg nr Boise","BOISE RIVER AT GLENWOOD BRIDGE NEAR BOISE 4NW"
"BIGN","Big Bend Snotel","BIG BEND SNOTEL"
"BIGW","Big Creek nr Grisdale","BIG CREEK NR GRISDALE"
"BIL","Billings","Billings"
"BILI","Bilingsley Cr nr Hagerman@Hwy 30","Billingsley Creek near Hagerman at Hwy 30"
"BIRB","Columbia R @ Birchbank","Columbia River at Birchbank"
"BIRO","Birch Creek near Reith","Birch Creek near Reith"
"BISM","Bisson Cr SNOTEL","Bisson Creek SNOTEL"
"BITM","Bitterroot R near Missoul:A 4SW","BITTERROOT RIVER NEAR MISSOUL:A 4SW"
"BIUI","Bear R @ Idaho/Utah State Line","Bear River At Idaho/utah State Line"
"BJBO","Jackson St. Bridge","Bear Creek at Jackson Street Bridge"
"BKBW","Black Knob nr Quinault 13WSW","Black Knob RAWS near Quinault 13WSW"
"BKDW","Newaukum Creek nr Black Diamond","NEWAUKUM CREEK NR BLACK DIAMOND"
"BKE","Baker Faa Airport","Baker FAA Airport"
"BKFI","Blackfoot 2SSW","Blackfoot 2ssw"
"BKFO","Bald Knob Lookout near Agness","Bald Knob Lookout RAWS near Agness 10NNE"
"BKFW","",""
"BKGW","Buck Cr Camp Met Site","Buck Creek Camp Meteorological Site"
"BKHI","Blkft R Abv Blkft Res Nr Henry","Blackfoot River above Blackfoot Reservoir near Henry 7SSE"
"BKKW","Buck Knoll nr Dungeness 12SW","Buck Knoll RAWS near Dungeness 12SW"
"BKLN","Buckskin Lower Snotel","BUCKSKIN LOWER SNOTEL"
"BKLY","Brooklyn Lake","Brooklyn Lake"
"BKPI","Boelky Pump near Tetonia 1N","Boelky Pump near Tetonia 1N"
"BKRW","Buck Creek near Trout Lake","Buck Creek RAWS near Trout Lake"
"BKRY","BKRY","Bechler Ranger Station"
"BKSI","Big Cr Summit Snotel","BIG CREEK SUMMIT SNOTEL"
"BKTM","Blacktail Cr @ Butte","Blacktail Creek at Butte"
"BKVB","Barkerville","Barkerville BC Weather Station"
"BKVO","Baker Valley Agrimet","Baker Valley Agrimet"
"BKVO-Sensor2","Baker Valley Agrimet Sensor 2","Baker Valley Agrimet S-2"
"BLAO","Blazed Alder","Blazed Alder"
"BLBM","Black Bear Snotel","BLACK BEAR SNOTEL"
"BLBO","Blackbutte","Blackbutte Weather near London, OR"
"BLCW","Boulder Cr nr Cedar Falls","Boulder Creek Near Cedar Falls"
"BLDW","",""
"BLDY","Bald Mtn","Bald Mountain"
"BLFI","Blackfoot Riv Nr Blackfoot-ID","BLACKFOOT RIV NR BLACKFOOT ID"
"BLI","Bellingham FAA Airport","Bellingham FAA Airport"
"BLIO","Bly",""
"BLIW","Bellingham","Bellingham"
"BLKB","Blackwall Peak","Blackwall Peak"
"BLKM","Black Pine","Black Pine"
"BLKO","Black Mountain near Meacham","Black Mountain RAWS near Meacham 11NE"
"BLLW","Bellinghao Sewage Plant","Bellinghao Sewage Plant"
"BLMO","Balm Fork near Heppner","Balm Fork near Heppner 2SSE"
"BLNW","Blaine","Blaine"
"BLOI","Big Lost R Blw Inl Dvrsn nr Arco","BIG LOST RIVER BELOW INL DIVERSION NEAR ARCO 16SE"
"BLOM","Bloody Dick","Bloody Dick"
"BLOY","",""
"BLPO","Blue Mtn Spring Snotel","BLUE MOUNTAIN SPRING SNOTEL ELEV = 5900"
"BLTY","Beartooth Lake Snotel","BEARTOOTH LAKE SNOTEL"
"BLU","Blue River Dam","Blue River Lake near Blue River, OR"
"BLUE","",""
"BLUO","Blue River at Blue River","Blue River at Blue River"
"BLU_WQ1","Blue River WQ Station 1","Blue River Water Quality Station 1"
"BLU_WQ2","Blue River WQ Station 2","Blue River Water Quality Station 2"
"BLU_WQ3","Blue River WQ Station 3","Blue River Water Quality Station 3"
"BLU_WQ4","Blue River WQ Station 4","Blue River Water Quality Station 4"
"BLU_WQ5","Blue River WQ Station 5","Blue River Water Quality Station 5"
"BLU_WQ6","Blue River WQ Station 6","Blue River Water Quality Station 6"
"BLU_WQ7","Blue River WQ Station 7","Blue River Water Quality Station 7"
"BLWW","Midnight Mine Drainage@Wellpinit","Midnight Mine Drainage near Wellpinit"
"BLWY","Blackwater Snotel","BLACKWATER SNOTEL"
"BLW_S1","",""
"BLW_S1-D35,0ft","",""
"BLW_S1-D6,0ft","",""
"BLYO","Bly Reservoir-Precip",""
"BMCI","Butte And Market Lake Cnl","Butte And Market Lake Canal"
"BMFO","Bull Run R nr Multnomah Fls BMFO","Bull Run River Near Multnomah Falls"
"BMFW","Brown Mtn Orchard","Brown Mountain Orchard RAWS"
"BMLO","Bull Run R nr Multnomah Fls BMLO","Bull Run River Near Multnomah Falls"
"BMMW","Blue Cr ab Midnite Mine Drainage","Blue Creek above Midnite Mine Drainage near Wellpinit 5NW"
"BMNB","Brenda Mines (New Name) BMNB","Brenda Mines (Used To Be BREB)"
"BMPW","Bumping Ridge","Bumping Ridge"
"BMSO","Bowman Springs Snotel","BOWMAN SPRINGS SNOTEL ELEV = 4580"
"BMTM","Burnt Mtn","Burnt Mtn Snotel"
"BMTY","Outside&#44 Wy","Outside WY"
"BNDO","Bend Public Works Dept",""
"BNDO-Sensor2","",""
"BNDW","Bonneville Dam Agrimet 2E","Bonneville Dam Agrimet near Bonneville 2E"
"BNEM","Babb","Babb"
"BNFO","Burnt Mountain near Sitkum","Burnt Mountain RAWS near Sitkum 5NNW"
"BNJO","Burns Junction","Burns Junction"
"BNK","Banks Lake nr Grand Coulee","Banks Lake Near Grand Coulee"
"BNK-600MW","Banks Lake 600MW Units","Banks Lake 600MW Units"
"BNK-PumpGenerators","Banks Lake Pump Generators","Banks Lake Pump Generators"
"BNKW","Feeder Cnl @ Grand Coulee","Feeder Canal At Grand Coulee"
"BNO","Burns Wso",""
"BNOO","",""
"BNOO-Sensor2","",""
"BNRI","Banner Summit","Banner Summit RAWS"
"BNRM","Clark Fk @ Turah Bridge","Clark Fork at Turah Bridge near Bonner 4SE"
"BNWI","Bone&#44 Id","Bone ID"
"BNWY","Bondurant","Bondurant"
"BOBB","",""
"BODO","Boulder Creek","Boulder Creek Near Toketee Falls  8WNW  BODO3"
"BOFI","Boise Front","Boise Front"
"BOFO","Boulder Creek near Idanha","Boulder Creek RAWS near Idanha 5SE"
"BOGI","Bogus Basin","Bogus Basin"
"BOGW","Bogachiel R nr La Push","BOGACHIEL R NR LA PUSH"
"BOI","Boise Wso","Boise WSO"
"BOII","Boise&#44 Idaho Agrimet WS","Boise Idaho AgriMet Weather Station"
"BOIS3","Boise Computed","BOISE SYSTEM (AND ARK LUC)"
"BOIS3-Lower","Boise Computed Lower",""
"BOKO","Brookings AgriMet","Brookings AgriMet"
"BOMI","Boise R near Middleton","BOISE RIVER NEAR MIDDLETON 3SE"
"BOMM","Boulder Mtn","Boulder Mountain"
"BOMO","Bonneville Dam WS","Bonneville Dam Weather Station"
"BON","Bonneville Dam & Lake","Bonneville Dam & Lake On Columbia River"
"BON-FishLadder-Left","Bonneville Left Fish Ladder",""
"BON-PH1","Bonneville Powerhouse 1","Bonneville Powerhouse 1"
"BON-PH2","Bonneville Powerhouse 2","Bonneville Powerhouse 2"
"BON-PH2CC","Bonneville Powerhouse 2 CC","Bonneville Powerhouse 2 Corner Collector"
"BON-SB1","Bonneville Spillbay 1","Bonneville Spillbay 1"
"BON-SB10","Bonneville Spillbay 10","Bonneville Spillbay 10"
"BON-SB11","Bonneville Spillbay 11","Bonneville Spillbay 11"
"BON-SB12","Bonneville Spillbay 12","Bonneville Spillbay 12"
"BON-SB13","Bonneville Spillbay 13","Bonneville Spillbay 13"
"BON-SB14","Bonneville Spillbay 14","Bonneville Spillbay 14"
"BON-SB15","Bonneville Spillbay 15","Bonneville Spillbay 15"
"BON-SB16","Bonneville Spillbay 16","Bonneville Spillbay 16"
"BON-SB17","Bonneville Spillbay 17","Bonneville Spillbay 17"
"BON-SB18","Bonneville Spillbay 18","Bonneville Spillbay 18"
"BON-SB2","Bonneville Spillbay 2","Bonneville Spillbay 2"
"BON-SB3","Bonneville Spillbay 3","Bonneville Spillbay 3"
"BON-SB4","Bonneville Spillbay 4","Bonneville Spillbay 4"
"BON-SB5","Bonneville Spillbay 5","Bonneville Spillbay 5"
"BON-SB6","Bonneville Spillbay 6","Bonneville Spillbay 6"
"BON-SB7","Bonneville Spillbay 7","Bonneville Spillbay 7"
"BON-SB8","Bonneville Spillbay 8","Bonneville Spillbay 8"
"BON-SB9","Bonneville Spillbay 9","Bonneville Spillbay 9"
"BON-TannerCreek","Bonneville-Tanner Creek",""
"BON-U1","Bonneville Unit 1","Bonneville Unit 1"
"BON-U10","Bonneville Unit 10","Bonneville Unit 10"
"BON-U11","Bonneville Unit 11","Bonneville Unit 11"
"BON-U12","Bonneville Unit 12","Bonneville Unit 12"
"BON-U13","Bonneville Unit 13","Bonneville Unit 13"
"BON-U14","Bonneville Unit 14","Bonneville Unit 14"
"BON-U15","Bonneville Unit 15","Bonneville Unit 15"
"BON-U16","Bonneville Unit 16","Bonneville Unit 16"
"BON-U17","Bonneville Unit 17","Bonneville Unit 17"
"BON-U18","Bonneville Unit 18","Bonneville Unit 18"
"BON-U2","Bonneville Unit 2","Bonneville Unit 2"
"BON-U3","Bonneville Unit 3","Bonneville Unit 3"
"BON-U4","Bonneville Unit 4","Bonneville Unit 4"
"BON-U5","Bonneville Unit 5","Bonneville Unit 5"
"BON-U6","Bonneville Unit 6","Bonneville Unit 6"
"BON-U7","Bonneville Unit 7","Bonneville Unit 7"
"BON-U8","Bonneville Unit 8","Bonneville Unit 8"
"BON-U9","Bonneville Unit 9","Bonneville Unit 9"
"BONI","Bonners Ferry 1 SW - BONI","Bonners Ferry 1 Southwest"
"BONM","Blackfoot River Near Bonner 6NE","BLACKFOOT RIVER NEAR BONNER 6NE"
"BONO","Bonneville Dam","Bonneville Dam"
"BONW","Bonneville Dam WA","Bonneville Dam Second Power House"
"BONW-PH2","Bonneville Powerhouse 2",""
"BONY","Bondurant 3 NW","Bondurant 3 Northwest"
"BON_R1B2CCchute","",""
"BON_R1BI","",""
"BON_R1Backwash","",""
"BON_R1Outfall","",""
"BON_R1PH2","",""
"BON_R1T1P0","",""
"BON_R1T1P1","",""
"BON_R1T1P2","",""
"BON_R1T1P3","",""
"BON_R1T1P4","",""
"BON_R1T1P5","",""
"BON_R1T4P1","",""
"BON_R1T4P2","",""
"BON_R1T4P3","",""
"BON_R1T4P4","",""
"BON_R1WAshore","",""
"BOOI","Boomer Cnl","Boomer Canal"
"BOOM","Boorman nr Happy's Inn 20NE","Boorman RAWS near Happy's Inn 20NE"
"BORO","Bourne Snotel","BOURNE SNOTEL"
"BORY","Smiths Fk nr Border","Smiths Fork near Border"
"BOSB","",""
"BOSI","Boise 7 N","Boise 7 North"
"BOSW","Boise Creek At Buckley","BOISE CREEK AT BUCKLEY"
"BOTY","Bondurant 1Nw",""
"BOUM","Boulder","Boulder Snotel"
"BOUY","Bondurant 4NW (NWS)","Bondurant 4NW (NWS)"
"BOVI","Bovill","Bovill"
"BOX","Box Canyon Dam","Box Canyon Dam"
"BOXM","Box Canyon","Box Canyon"
"BOXW","Pend Oreille R Blw Box Canyon Dm","PEND OREILLE RIVER BELOW BOX CANYON DAM NEAR IONE 3N"
"BOYO","",""
"BPAW","Blewett Pass","Blewett Pass"
"BPI","",""
"BPIY","Big Piney","Big Piney"
"BPPI","Bob Parkinson Pump","Bob Parkinson Pump"
"BPPW","Boistfort Peak Precipitation","Boistfort Peak Precipitation"
"BPRI","",""
"BPYY","Snider Basin RAWS nr Bidger","Snider Basin RAWS near Bidger"
"BQFO","Basque Hills","Basque Hills Near Ukiah  8NNE  BQFO3"
"BQFO-Sensor2","Basque Hills Sensor 2","Basque Hills"
"BRAI","Bear R @ Pescadero","Bear River at Pescadero"
"BRBI","Bear Basin Snotel","BEAR BASIN SNOTEL"
"BRBO","Breitenbush","Breitenbush River above French Creek near Detroit"
"BRBY","Cokeville","Cokeville"
"BRCM","Bristow Cr","Bristow Creek"
"BRCY","Burroughs Cr Snotel","BURROUGHS CREEK SNOTEL - 8750"
"BRDB","Kootenay R @ Brilliant","Kootenay River at Brilliant"
"BRDM","",""
"BRFI","S Fk Boise R nr Featherville","SOUTH FORK BOISE RIVER NEAR FEATHERVILLE NEAR MOUNTAIN HOME 32NE"
"BRFM","Bitterroot R nr Florence","Bitterroot River near Florence"
"BRGO","Bear Grass","Bear Grass"
"BRIB","Brisco","Brisco"
"BRIO","Brightwood 1Wnw",""
"BRJY","Burgess Junction","Burgess Junction"
"BRKB","Brookmere","Brookmere"
"BRKO","Brookings WX","Brookings Oregon Weather Station"
"BRKW","Barret Cr nr Ryan Park 2NW","Barret Creek Near Ryan Park 2NW"
"BRLM","Barker Lakes","Barker Lakes"
"BRLO","Bull Run Lake","Bull Run Lake Near Brightwood  11NE  BRLO3"
"BRLW","Burlington","Burlington"
"BRMI","Bear Mtn Snotel","BEAR MOUNTAIN SNOTEL"
"BRMO","Big Red Mountain","Big Red Mountain"
"BRMW","Bremerton","Bremerton"
"BRN","Brownlee","BROWNLEE"
"BRNI","Council Idaho","Council Idaho"
"BRNY","BRNY",""
"BROO","",""
"BRRI","Brundage Res Snotel","BRUNDAGE RESERVOIR SNOTEL - 6300"
"BRRM","Brenner near Grant","Brenner RAWS near Grant 10SW"
"BRRO","Bull Run Reservoir 2",""
"BRSY","Boulder Rearing Station","Boulder Rearing Station WY"
"BRTI","",""
"BRTO","Blue River below Tidbits Creek","Blue River below Tidbits Creek near Blue River"
"BRUI","Bruneau","Bruneau"
"BRUO","Brush Creek near Eugene","Brush Creek RAWS (Eugene Port) near Eugene 20NE"
"BSCI","Boise R S Channel near Eagle 1S","Boise River South Channel near Eagle 1S"
"BSCM","Basin Creek","Basin Creek"
"BSCY","Base Camp Snotel - 7030","BASE CAMP SNOTEL - 7030"
"BSDI","Bear Saddle Snotel - 6180","BEAR SADDLE SNOTEL - 6180"
"BSDY","Bone Springs Div","Bone Springs Div"
"BSEI","New York Cnl Diversion","NEW YORK CANAL DIVERSION"
"BSKI","Big Smokey WS","Big Smokey Weather Station"
"BSKM","Lone Mtn","Lone Mountain"
"BSKW","Big Soos Cr Abv Htchry nr Aubn 1","Big Soos Creek above Hatchery near Auburn 3SE"
"BSNO","",""
"BSNO-Sensor2","",""
"BSPO","",""
"BSYM","Big Sandy",""
"BSZO","BSZO",""
"BTFO","Roberts Butte near Wallowa","Roberts Butte RAWS near Wallowa 18NE"
"BTLY","Battle Mtn","Battle Mountain"
"BTM","Butte FAA Airport","Butte FAA Airport"
"BTNY","Bear Trap Meadow","Bear Trap Meadow"
"BTRI","Bostetter R.S. Snotel","BOSTETTER R.S. SNOTEL"
"BTSI","Boise R near Twin Springs","BOISE RIVER NEAR TWIN SPRINGS 3E"
"BTYO","Sprague Near Beatty",""
"BUCO","Buckhorn Springs near Ashland","Buckhorn Springs RAWS near Ashland 9SE"
"BUCW","Buckley 1ne","Buckley 1ne"
"BUDO","",""
"BUDW","",""
"BUFO","Butte Falls","Butte Falls 1SE"
"BUKW","White River At Buckley","White River At Buckley"
"BUL","Bully Cr Res near Vale","BULLY CREEK RESERVOIR NEAR VALE 8NW"
"BULB","Bull River Near Wardner","Bull River Near Wardner"
"BULI","Bull Springs nr Twin Falls 38S","Bull Springs RAWS near Twin Falls 38S"
"BULI-Sensor2","Bull Springs nr Twin Falls S2","Bull Springs S2"
"BULO","Bully Cr Dnstrm Bully Cr Dam","Below Bully Creek Dam & Reservoir On Bully Creek Near Vale"
"BUM","Bumping Dam & Lk on Bumping R","Bumping Dam & Lake On Bumping River Near Nile"
"BUMW","Bumping R nr Nile","Bumping River Near Nile"
"BUNO","Buncom 2Se",""
"BURI","Burgess Cnl","Burgess Canal"
"BUSO","Silvies River Near Burns 12NW","SILVIES RIVER NEAR BURNS 12NW"
"BUSW","Burnt Mountain Snotel",""
"BUTW","White River Diversion Dam WQ","White River Diversion Dam WQ"
"BUVO","Buena Vista",""
"BUXO","Buxton",""
"BVPW","Beaver Pass SNOTEL","Beaver Pass SNOTEL"
"BVRB","Beaver R nr Mica Dam","Beaver River Near Mica Dam"
"BVRO","Beaver Res Snotel","BEAVER RESERVOIR SNOTEL ELEV = 5150"
"BWFO","Browns Well near Brothers","Browns Well RAWS near Brothers 24SE"
"BWOI","Boise Nws Wfo","Boise NWS WFO"
"BWPM","",""
"BWSI","Boise Agrimet","Boise Agrimet"
"BWSO","Bend Watershed near Bend","Bend Watershed RAWS near Bend 13SW"
"BWTO","",""
"BYFO","Blue Canyon","Blue Canyon"
"BYFO-Sensor2","Blue Canyon Sensor 2",""
"BYG","Johnson County Airport",""
"BYI","Burley Faa Airport","Burley FAA Airport"
"BYVI","Pend Oreille Lake @ Bayview","PEND OREILLE LAKE @ BAYVIEW"
"BYZ","",""
"BZEM","",""
"Bacon_Ck","Bacon Creek",""
"Baker_R","Baker River","Baker River"
"Baker_River","Baker River","Baker River"
"Balm_Fork","Balm Fork","Balm Fork"
"Barnes_Ck","Barnes Creek",""
"Basin_Ck","Basin Creek",""
"Bear_R","Bear River",""
"Beaver_R","Beaver River",""
"Big_Ck","Big Creek",""
"Big_Soos_Ck","Big Soos Creek",""
"Big_Wood","Big Wood","Big Wood"
"Big_Wood_R","Big Wood River","Big_Wood_River"
"Bitterroot_R","Bitterroot River",""
"Blackfoot","Blackfoot","Blackfoot"
"Blackfoot_R:ID","Blackfoot River","Blackfoot_River"
"Blackfoot_R:MT","Blackfoot River",""
"Blacktail_Ck","Blacktail Creek",""
"Blowout_Ck","Blowout Creek","Blowout Creek"
"Blue_Ck","Blue Creek",""
"Blue_R:BC","Blue River",""
"Blue_R:OR","Blue River","Blue River"
"Blue_River","Blue River","Blue River"
"Boise","Boise","Boise"
"Boise_Ck","Boise Creek",""
"Boise_R","Boise River","Boise_River"
"Bonaparte_Ck","Bonaparte Creek",""
"Boulder_Ck","Boulder Creek",""
"Breitenbush_Ck","Breitenbush Creek","Breitenbush Creek"
"Bruneau","Bruneau","Bruneau"
"Bruneau_R","Bruneau River","Bruneau_River"
"Buck_Ck","Buck Creek",""
"Bull_R","Bull River",""
"Bull_Run_R","Bull Run River",""
"Bully_Ck","Bully Creek","Bully_Creek"
"Bully_Creek","Bully Creek","Bully Creek"
"Bumping_R","Bumping River",""
"Burnt","Burnt","Burnt"
"Burnt_R","Burnt River","Burnt_River"
"CAB","Cabinet Gorge Dam","Cabinet Gorge Dam"
"CABI","Clark Fk @ Whitehorse Rapids","Clark Fork At Whitehorse Rapids Near Cabinet"
"CACO","Cascade Cnl nr Fish Lake","Cascade Canal near Fish Lake"
"CAFO","Cabin Lake near Fort Rock","Cabin Lake RAWS near Fort Rock 8N"
"CALI","Caldwell","Caldwell"
"CALW","Calawah River Near Forks 1NNW","CALAWAH RIVER NEAR FORKS 1NNW"
"CAMB","",""
"CAMI","Weiser R near Cambridge","Weiser River Near Cambridge"
"CANO","Molalla River near Canby","Molalla River near Canby"
"CANY","Canyon Snotel - 8090","CANYON SNOTEL - 8090"
"CASI","Cascade 1 NW","Cascade 1 Northwest"
"CASO","Camas Cr near Ukiah 6E","CAMAS CREEK NEAR UKIAH 6E"
"CASW","Cowlitz River at Castle Rock","Cowlitz River at Castle Rock"
"CAYW","Cayuse Pass","Cayuse Pass"
"CBAO","Columbia R @ Beaver Army Termnal","COLUMBIA RIVER AT BEAVER ARMY TERMINAL NEAR CLATSKANIE 6N"
"CBCI","Corbett Cnl","Corbett Canal"
"CBCW","Cedar R Below Bear Ck nr Cdr Fls","CEDAR RIVER BELOW BEAR CREEK NEAR CEDAR FALLS 12SE"
"CBEO","Carter Bridge near Estacada","Clackamas River at Carter Bridge near Estacada"
"CBFI","Copper Basin -","Copper Basin - Raws"
"CBGI","Cambridge","Cambridge"
"CCAI","Canyon Cr Avalanche Monitor Stn","Canyon Creek Avalanche Monitoring Station"
"CCAW","Canyon Creek near Amboy","Canyon Creek near Amboy"
"CCCI","Camas Cr @ Camas","Camas Creek @ Camas"
"CCDI","Camas Cr Divide Snotel","CAMAS CREEK DIVIDE SNOTEL"
"CCGO","MF John Day R ab Camp Creek","Middle Fork John Day River above Camp Creek near Galena"
"CCIW","Columbia R @ Cascade Island WQS","Columbia River at Cascade Island Water Quality Station nr North Bonneville 1ENE"
"CCKW","Columbia R@Clover Isl nr Kenwick","COLUMBIA RIVER AT CLOVER ISLAND NEAR KENWICK 5E"
"CCKY","Cache Cr near Jackson","Cache Creek near Jackson 2SE"
"CCPI","Canyon Cr Lateral Pmp nr Chester","Canyon Creek Lateral Pump near Chester 1SE"
"CCR","Conconully Dam & Res @ Salmon Cr","Conconully Dam & Reservoir On Salmon Creek Near Omak"
"CCRI","Canyon Cr abv mouth @ Walla","Canyon Creek above Mouth at Walla"
"CCRO","Clay Creek near Eugene","Clay Creek RAWS near Eugene 6WSW"
"CCRW","Cougar 4Sw",""
"CDFO","Cedar near Willamina","Cedar RAWS near Willamina 15NW"
"CDLI","Spkne R Blw Coeur D'Alene Lk","Spokane River below Coeur d'Alene Lake outlet"
"CDRO","",""
"CDRW","Cedar River At Cedar Falls","CEDAR RIVER AT CEDAR FALLS"
"CDVW","Cedar R @ Pwrplnt nr Cedar Falls","Cedar River at Powerplant near Cedar Falls 1SW"
"CECC","Crescent City Tide Stn","Crescent City Tide Station"
"CECC1","",""
"CECI","Clark And Edwards Cnl near Ririe","Clark And Edwards Canal Near Ririe"
"CEDC","Cedarville Weather Station","Cedarville Weather Station"
"CEDW","Cedar Lake","Cedar Lake"
"CEFO","Case near Dale","Case RAWS near Dale 4SE"
"CELW","Clearwater","Clearwater"
"CENO","Central OR Canal abv Pilot Butte","Central Oregon Canal above Pilot Butte"
"CENW","Chehalis River At Centralia","CHEHALIS RIVER AT CENTRALIA"
"CFCI","Swan Valley 9 Nnw","Swan Valley"
"CFDI","Castleford 2 N","Castleford 2 North"
"CFDI-Sensor2","Castleford 2 N Sensor 2",""
"CFHO","Cole M Rivers Fish Hatchery","Rogue River at Cole M Rivers Fish Hatchery near Mcleod"
"CFLI","Lightning Cr @ Clark Fk","Lightning Creek @ Clark Fk"
"CFMM","Flathead River At Columbia Falls","FLATHEAD RIVER AT COLUMBIA FALLS"
"CFRB","Canal Flats Ranger Station","Canal Flats Ranger Station"
"CFSW","Chandler Fish Screen WS","Chandler Fish Screen Weather Station"
"CF_Willamette","CF Willamette","CF Willamette"
"CF_Willamette_R","Coast Fork Willamette River","Coast Fork Willamette River"
"CGBB","Castlegar Airport - CGBB","Castlegar Airport"
"CGFO","Colgate near Sisters","Colgate RAWS near Sisters 3SW"
"CGFW","Cougar Mtn - CGFW","Cougar Mountain"
"CGMW","Chehalis R near Grand Mound 2SW","CHEHALIS RIVER NEAR GRAND MOUND 2SW"
"CGR","Cougar Dam","Cougar Lake near Rainbow, OR"
"CGR-PS01","Cougar Penstock 1",""
"CGR-PS02","Cougar Penstock 2",""
"CGR-PSI01","Cougar Penstock 1 Inlet",""
"CGR-RGI01","Cougar Regulating Gate 1 Inlet",""
"CGR-RGI02","Cougar Regulating Gate 2 Inlet",""
"CGR-WG01","Cougar Wicket Gate 1","Cougar Wicket Gate 1"
"CGR-WG02","Cougar Wicket Gate 2","Cougar Wicket Gate 2"
"CGR-WG03","Cougar Wicket Gate 3","Cougar Wicket Gate 3"
"CGR-WG04","Cougar Wicket Gate 4","Cougar Wicket Gate 4"
"CGR-WG05","Cougar Wicket Gate 5","Cougar Wicket Gate 5"
"CGR-WG06","Cougar Wicket Gate 6","Cougar Wicket Gate 6"
"CGR-WG07","Cougar Wicket Gate 7","Cougar Wicket Gate 7"
"CGR-WG08","Cougar Wicket Gate 8","Cougar Wicket Gate 8"
"CGR-WG09","Cougar Wicket Gate 9","Cougar Wicket Gate 9"
"CGRO","South Fork Mckenzie River","South Fork Mckenzie River near Rainbow"
"CGR_S1","Cougar Temperature String","Cougar Temperature String"
"CGR_S1-E1504ft","Cougar Temp String E1504ft",""
"CGR_S1-E1524ft","Cougar Temp String E1524ft",""
"CGR_S1-E1536ft","Cougar Temp String E1536ft",""
"CGR_S1-E1548ft","Cougar Temp String E1548ft",""
"CGR_S1-E1560ft","Cougar Temp String E1560ft",""
"CGR_S1-E1572ft","Cougar Temp String E1572ft",""
"CGR_S1-E1578ft","Cougar Temp String E1578ft",""
"CGR_S1-E1584ft","Cougar Temp String E1584ft",""
"CGR_S1-E1590ft","Cougar Temp String E1590ft",""
"CGR_S1-E1596ft","Cougar Temp String E1596ft",""
"CGR_S1-E1602ft","Cougar Temp String E1602ft",""
"CGR_S1-E1608ft","Cougar Temp String E1608ft",""
"CGR_S1-E1614ft","Cougar Temp String E1614ft",""
"CGR_S1-E1620ft","Cougar Temp String E1620ft",""
"CGR_S1-E1626ft","Cougar Temp String E1626ft",""
"CGR_S1-E1632ft","Cougar Temp String E1632ft",""
"CGR_S1-E1638ft","Cougar Temp String E1638ft",""
"CGR_S1-E1644ft","Cougar Temp String E1644ft",""
"CGR_S1-E1650ft","Cougar Temp String E1650ft",""
"CGR_S1-E1656ft","Cougar Temp String E1656ft",""
"CGR_S1-E1662ft","Cougar Temp String E1662ft",""
"CGR_S1-E1668ft","Cougar Temp String E1668ft",""
"CGR_S1-E1674ft","Cougar Temp String E1674ft",""
"CGR_S1-E1680ft","Cougar Temp String E1680ft",""
"CGR_WQ1","Cougar WQ Station 1","Cougar Water Quality Station 1"
"CGR_WQ2","Cougar WQ Station 2","Cougar Water Quality Station 2"
"CGR_WQ3","Cougar WQ Station 3","Cougar Water Quality Station 3"
"CGR_WQ4","Cougar WQ Station 4","Cougar Water Quality Station 4"
"CGR_WQ5","Cougar WQ Station 5","Cougar Water Quality Station 5"
"CGR_WQ6","Cougar WQ Station 6","Cougar Water Quality Station 6"
"CGR_WQ7","Cougar WQ Station 7","Cougar Water Quality Station 7"
"CGSW","Camp Grisdale","Camp Grisdale"
"CGWO","Cougar Weather","Cougar Weather near Rainbow, OR"
"CHAI","Challis (Name Ch To Llj)","Challis (Name Ch To Llj)"
"CHAO","",""
"CHAW","Chamokane Agrimet nr Springdale","Chamokane Agrimet near Springdale 2S"
"CHCW","Chandler Cnl Blw Chandler Dam","Chandler Canal Below Chandler Dam"
"CHEI","Fall R nr Chester 2N","FALL RIVER NEAR CHESTER 2N"
"CHEM","",""
"CHEO","Chemult Snotel",""
"CHEW","Chewelah","Chewelah"
"CHFA","CHFA-Flow",""
"CHGI","Snake R@Mcduff Rapids","SNAKE RIVER AT MCDUFF RAPIDS AT CHINA GARDENS"
"CHIW","Chiwawa R nr Plain 5N","Chiwawa River near Plain 5N"
"CHJ","Chief Joseph Dam","Chief Joseph Dam"
"CHJ1","",""
"CHJ1-GSD","",""
"CHJW","Columbia R @ Bridgeport","COLUMBIA RIVER AT BRIDGEPORT"
"CHKW","Chamokane Cr blw Falls nr Lng Lk","Chamokane Creek below Falls near Long Lake near Ford 4SW"
"CHL","Chelan Dam","Chelan Dam"
"CHLA","CHLA-Flow",""
"CHNO","South Slough","NERRS Site Near South Slough Near Charleston  CHNO3"
"CHPW","Chewalah Precip @ Chewalah","Chewalah Prec At Chewalah"
"CHQO","Winchester Slough","NERRS Water Quality Site at Winchester Slough  CHQO3"
"CHQW","Chief Joseph Dnstream WQ Station","Chief Joseph Downstream Water Quality Station"
"CHRI","Challis @ Challis","Challis RAWS at Challis"
"CHRO","Charlotte Ridge near Reedsport","Charlotte Ridge RAWS near Reedsport 9ESE"
"CHRW","Cherry Creek At Ellensburg","CHERRY CREEK AT ELLENSBURG"
"CHRY","Christina Lake Snotel","CHRISTINA LAKE SNOTEL 08G09"
"CHSO","",""
"CHSW","Chesaw 4 North By Northwest","Chesaw 4 North By Northwest"
"CHTO","Chetco River near Brookings","Chetco River near Brookings"
"CHUM","Waldron Snotel","Waldron Snotel"
"CHUO","Chemult Alternate","Chemult Alternate"
"CHUW","Chumstick Cr nr mouth nr Leavenw","Chumstick Creek near Mouth near Leavenworth 1NE"
"CHVO","",""
"CHWW","Chewuch River Near Winthrop 1WSW","CHEWUCH RIVER NEAR WINTHROP 1WSW"
"CIBW","Columbia River at Int'l Boundary","Columbia River at International Boundary"
"CIFO","Cinnamon near Diamond Lake","Cinnamon RAWS near Diamond Lake 5NW"
"CINW","Cinebar Rs","CINEBAR RS"
"CINY","Cinnabar Park Snotel",""
"CIRM","",""
"CISW","Cispus Near Randle",""
"CIYW","Cispus River","Cispus River above Yellowjacket Creek near Randle"
"CJAW","Chief Joseph Dam Agrimet 2SE","Chief Joseph Dam Agrimet near Bridgeport 2SE"
"CJDW","Chief Joseph Dam Agrimet, WA","Chief Joseph Dam AgriMet, WA"
"CJSI","C J Strike Res nr Grandview","C. J. Strike Reservoir near Grandview near Mountain Home 21SW"
"CKCB","",""
"CKCM","Cooke City","Cooke City"
"CKEY","Cokeville","Cokeville"
"CKKB","",""
"CKKO","",""
"CKOW","",""
"CKSO","Clatskanie 3W",""
"CLAO","Clackamas River near Clackamas","CLAO"
"CLAY","Clark 3Ne","Clark 3NE"
"CLBW","Clearbrook","Clearbrook"
"CLCM","Cole Cr","Cole Creek"
"CLCY","Cole Canyon","Cole Canyon"
"CLDI","St. Joe River At Calder","ST. JOE RIVER AT CALDER"
"CLE","Cle Elum Dam & Lk on Cle Elum","Cle Elum Dam & Lake On Cle Elum River Near Roslyn"
"CLFO","",""
"CLFW","Naches River Near Cliffdell 4SSW","NACHES RIVER NEAR CLIFFDELL 4SSW"
"CLIM","",""
"CLJO","",""
"CLJW","Calamity","Calamity"
"CLKI","Clarkia Ranger Station","Clarkia Rs"
"CLKO","Clear Lake","Clear Lake"
"CLKW","Colockum Pass","Colockum Pass"
"CLLO","Clackamas Lake","Clackamas Lake"
"CLM","Port Angeles WA","Port Angeles WA"
"CLMW","Cle Elum","Cle Elum"
"CLNO","",""
"CLNW","Chelan","Chelan"
"CLOW","",""
"CLR","Clear Cr Dam & Lk on NF Tieton","Clear Creek Dam & Lake On North Fork Tieton River"
"CLS","Cold Springs Dam & Res Umat Trib","Cold Springs Dam & Reservoir On Umatilla Tributary"
"CLS-Sensor2","Cold Springs Sensor 2",""
"CLSW","Chehalis RAWS","Chehalis RAWS"
"CLTO","Colton-Precip",""
"CLUW","Cle Elum Precip","Cle Elum Precip"
"CLVM","Calvert Cr","Calvert Creek"
"CLVO","Cloverdale 1Nw",""
"CLWY","Cottonwood Cr Snotel","COTTONWOOD CREEK SNOTEL"
"CLYI","Chilly Barton Flat","Chilly Barton Flat"
"CLYW","Clear Lake Outflow","Clear Lake Outflow"
"CMBM","Combination","Combination"
"CMCI","Camas Cr near Blaine","Camas Creek near Blaine"
"CMCO","",""
"CMDM","Clover Meadow","Clover Meadow"
"CMFW","Camp 4","Camp 4"
"CMO","Como Dam & Lk on Rock Cr Darby","Como Dam & Lake On Rock Creek Near Darby"
"CMPO","",""
"CMRO","Mckenzie River above South Fork","Mckenzie River above South Fork near Rainbow 1W"
"CMTW","Chehalis River near Montesano 1S","Chehalis River near Montesano 1S"
"CNCI","Council WS","COUNCIL WEATHER STATION"
"CNCW","Ppl Fish Ststion @ Concrete","Ppl Fish Ststion At Concrete"
"CNFO","Cannibal Mountain","Cannibal Mountain RAWS near Tidewater 5SE"
"CNLW","Conconully","Conconully"
"CNNB","",""
"CNTN","Contact","Contact"
"CNZO","",""
"COBO","Crooked R below Osborne Canyon","Crooked River below Osborne Canyon near Opal City"
"COD","COD","Cody"
"COE","Coeur D'alene","Coeur D'alene"
"COEI","Cour D'Alene Lk @ Coeur D'Alene","COEUR D'ALENE LAKE AT COEUR D'ALENE"
"COGO","Cow Creek above Galesville Res","Cow Creek above Galesville Reservoir near Azalea"
"COKW","Cowlitz River near Kosmos","Cowlitz River near Kosmos"
"COLB","",""
"COLI","Cool Cr Snotel","COOL CREEK SNOTEL"
"COLO","County Line","County Line"
"CONI","",""
"CONM","Condon RAWS","Condon RAWS"
"CONO","Condon",""
"CONW","Skagit River Near Concrete 2SW","SKAGIT RIVER NEAR CONCRETE 2SW"
"COOI","Coolwater Mtn","Coolwater Mountain"
"COPM","Copper Bottom","Copper Bottom"
"COPO","Copper 4Ne",""
"COPW","",""
"COPY","COPY",""
"COQO","Coquille River at Coquille","Coquille River at Coquille"
"CORB","Kootenay R @ Cora Linn","Kootenay River at Cora Linn"
"CORO","Willamette River at Corvallis","Willamette River at Corvallis"
"CORW","Cowlitz River At Randle",""
"CORY","",""
"COSM","Columbus Montana","Columbus Montana"
"COSW","Cold Springs Snotel","COLD SPRINGS SNOTEL"
"COSY","Cold Springs","Cold Springs"
"COSY-Sensor2","Cold Springs Sensor 2","Cold Springs S2"
"COT","Cottage Grove Dam","Cottage Grove Lake near Cottage Grove, OR"
"COTI","Cottonwood Cr Abv Fivemile Cr","Cottonwood Creek Above Fivemile Creek Near Boise"
"COTO","Below Cottage Grove Dam","Coast Fork Willamette River below Cottage Grove Dam"
"COT_WQ1","Cottage Grove WQ Station 1","Cottage Grove Water Quality Station 1"
"COT_WQ10","Cottage Grove WQ Station 10","Cottage Grove Water Quality Station 10"
"COT_WQ11","Cottage Grove WQ Station 11","Cottage Grove Water Quality Station 11"
"COT_WQ12","Cottage Grove WQ Station 12","Cottage Grove Water Quality Station 12"
"COT_WQ2","Cottage Grove WQ Station 2","Cottage Grove Water Quality Station 2"
"COT_WQ3","Cottage Grove WQ Station 3","Cottage Grove Water Quality Station 3"
"COT_WQ4","Cottage Grove WQ Station 4","Cottage Grove Water Quality Station 4"
"COT_WQ5","Cottage Grove WQ Station 5","Cottage Grove Water Quality Station 5"
"COT_WQ6","Cottage Grove WQ Station 6","Cottage Grove Water Quality Station 6"
"COT_WQ7","Cottage Grove WQ Station 7","Cottage Grove Water Quality Station 7"
"COT_WQ8","Cottage Grove WQ Station 8","Cottage Grove Water Quality Station 8"
"COT_WQ9","Cottage Grove WQ Station 9","Cottage Grove Water Quality Station 9"
"COUM","Choteau","Choteau"
"COUY","Coulter Creek Snotel","COULTER CREEK SNOTEL 10E10"
"COVM","Wrn Ag Research Ctr Corvallis","Wrn Ag Research Ctr Corvallis"
"COVO","Cove","Cove"
"COWI","Spokane R at Coeur d'Alene","Spokane River at Coeur d'Alene"
"COWW","Coweeman River near Kelso","Coweeman River near Kelso 3E"
"COZI","Cozy Cove Snotel","COZY COVE SNOTEL"
"CPBB","Blue R","Blue River"
"CPCM","Copper Camp","Copper Camp"
"CPCW","Centralia Power Cnl nr Mckenna","CENTRALIA POWER CANAL NEAR MCKENNA 4SE"
"CPDO","",""
"CPEW","Coppei Cr nr Mouth nr Waitsburg","Coppei Creek near Mouth near Waitsburg 1NW"
"CPFO","Crane Prairie Wc 3246A6F0","Crane Prairie Wc 3246a6f0"
"CPHW","Cushman Ph 2","Cushman Ph 2"
"CPKY","Cloud Peak Res","Cloud Peak Reservoir"
"CPPW","Cooper Pass","Cooper Pass"
"CPR","Natrona City Intl Airport",""
"CPUO","Cornicopia&#44 (Clso)","Cornicopia (Clso)"
"CPVW","Coupeville 1 S","Coupeville 1 South"
"CQFO","Chiloguin near Chiloquin","Chiloguin RAWS near Chiloquin 2W"
"CQV","Colville 5NE","Colville 5ne"
"CRA","Crane Prairie-USBR",""
"CRAI","Crater Meadows Snotel","CRATER MEADOWS SNOTEL"
"CRAO","Deschutes R blw Crane Prairie Rs","DESCHUTES RIVER BELOW CRANE PRAIRIE RESERVOIR NEAR LA PINE 15NW"
"CRBB","",""
"CRBI","Crab Cr Snotel","CRAB CREEK SNOTEL"
"CRBW","Crabs Creek At Irby","CRABS CREEK AT IRBY"
"CRCI","Crosscut Cnl @ End","Crosscut Canal At End"
"CRCO","Crooked R Feed Canal",""
"CRDM","",""
"CRDY","CRDY",""
"CRE","",""
"CREO","Crescent Cr @ Crescent Lake, Or","Crescent Creek at Crescent Lake, OR"
"CRHA","",""
"CRIB","Carmi","Carmi"
"CRKI","Corral Cr near Waha","Corral Creek RAWS near Waha 12SSW"
"CRLI","Clearwater R @ Lewiston","Clearwater River At Lewiston"
"CRLO","Crater Lake-Precip",""
"CRMI","Craters Of Moon","Craters Of Moon"
"CRMO","Clearwater River","Clearwater River Below Mowich Creek Nr Toketee Falls  9ESE"
"CRNW","Snoqualmie R near Carnation 1NW","SNOQUALMIE RIVER NEAR CARNATION 1NW"
"CROO","Crooked River near Culver","Crooked River below Opal Springs near Culver"
"CRPO","Crooked R above Prineville Res","Crooked River above Prineville Reservoir near Post 5W"
"CRPW","Chehalis River At Porter","CHEHALIS RIVER AT PORTER"
"CRRM","Carrot Basin","Carrot Basin"
"CRRO","Castle Rock Ranch&#44 Or","Castle Rock Ranch OR"
"CRRW","Cedar River Near Cedar Falls 8SE","CEDAR RIVER NEAR CEDAR FALLS 8SE"
"CRSB","Creston - CRSB","Creston"
"CRSI","N Fk Clearwtr R nr Cnyn Rngr St","NORTH FORK CLEARWATER RIVER NEAR CANYON RANGER STATION 2NE"
"CRSM","Creston - CRSM","Creston"
"CRSO","Crooked R at Smith Rock S.P.","Crooked River at Smith Rock S.P. near Terrebone 3E"
"CRSW","Carson Fish Hatchery",""
"CRTW","Carnation 4nw","Carnation 4nw"
"CRVO","Corvallis AgriMet near Albany","Corvallis (OSU) AgriMet near Albany 4W"
"CRWI","Crane Cr @ Mouth near Weiser","Crane Creek at Mouth near Weiser 10NE"
"CRWO","Crow 6Ese",""
"CRWW","Chehalis R @ Wstewtr Trtmnt Plnt","CHEHALIS RIVER AT WASTEWATER  TREATMENT PLANT AT CHEHALIS 1W"
"CRYM","Crystal Lake","Crystal Lake"
"CSAO","Cold Springs 'A' Line Cnl","Cold Springs 'A' Line Canal near Hermiston OR"
"CSC","Cascade Dam WS near Cascade 1NW","CASCADE DAM WEATHER STATION NEAR CASCADE 1NW"
"CSCI","North Fork Payette R @ Cascade","NORTH FORK PAYETTE RIVER AT CASCADE"
"CSCO","Cold Springs Camp","Cold Springs Camp"
"CSCW","Cascade R near Marblemount","CASCADE RIVER NEAR MARBLEMOUNT 1E"
"CSDO","",""
"CSEM","Cascade 20 Mi Sse",""
"CSFO","Cold Springs near Paulina","Cold Springs RAWS near Paulina 16NW"
"CSH","Cushman Dam & Lk on NF Skokomish","Cushman Dam & Lake Cushman On North Fork Skokomish"
"CSHW","Cushman Dam","CUSHMAN DAM"
"CSPO","",""
"CSPY","Casper Mtn","Casper Mountain"
"CSRI","East Fork Salmon River","East Fork Salmon River"
"CSRO","Cold Springs Recharge Cnl","Cold Springs Recharge Canal near Hermiston OR"
"CSTO","Cascade Summit","Cascade Summit"
"CTAW","Skookumchuck River At Centralia","SKOOKUMCHUCK RIVER AT CENTRALIA"
"CTB","Cut Bank","Cut Bank"
"CTCW","Columbia R blw Hwy 395 Bridge","Columbia River below Highway 395 Bridge at Pasco"
"CTGO","",""
"CTHW","Cathlamet 6Ne",""
"CTLI","Coeur D'Alene R near Cataldo","COEUR D'ALENE RIVER NEAR CATALDO 1NE"
"CTNI","Cottonwood 2 Wsw","Cottonwood 2 Wsw"
"CTRW","Centralia City Fire Dept","Centralia City Fire Dept"
"CTWO","Cottage Grove Weather","Cottage Grove Weather near Cottage Grove, OR"
"CUGW","Cougar",""
"CUIW","WQ RVIEW BIBLE CMP ABV CSICK WA","WQ RIVERVIEW BIBLE CAMP ABOVE CUSICK WA"
"CUIW-FFD","",""
"CULM","Culbertson","Culbertson"
"CULO","","Deschutes River near Culver&#44 OR"
"CUMW","Cougar Mtn - CUMW","Cougar Mountain"
"CVAI","Cntrville Arbaugh Rnch nr ID Cty","CENTERVILLE ARBAUGH RANCH NEAR IDAHO CITY 9N"
"CVAI-Sensor2","CVAI Sensor 2","CVAI S2"
"CVEO","Cove 1E","Cove 1E"
"CVFO","Calvert Peak Airstrip","Calvert Peak Airstrip RAWS near Glendale 16WNW"
"CVJO","Cave Junction",""
"CVO","Corvallis Airport",""
"CVOO","Corvallis State University",""
"CVPI","Clementsville Pump",""
"CWAW","Chiwaukum Cr nr Mouth nr Winton","Chiwaukum Creek near Mouth near Winton 4S"
"CWBO","Corvallis Water Bureau",""
"CWFO","Crow Flat","Crow Flat Near Burns  18NNE  CWFO3"
"CWFO-Sensor2","",""
"CWLI","Caldwell 3 S","Caldwell 3 South"
"CWLI-Sensor2","Caldwell 3 S Sensor 2","Caldwell 3S S-2"
"CWLW","Coldwater Ridge Visitors Center","Coldwater Ridge Visitors Center near Toutle 21E"
"CWMO","Cow Creek Near Glendale","Cow Creek Near Glendale"
"CWMW","Camas/Washougal","Camas / Washougal"
"CWNW","",""
"CWRB","",""
"CWTO","",""
"CWWY","CWWY",""
"CWXW","Chester Morse Lake Weather 2","Chester Morse Lake Weather Site near Cedar Falls"
"CXCI","Crosscut Cnl near Chester","Crosscut Canal Near Chester"
"CYFI","Crystal Hot Springs -","Crystal Hot Springs - Raws"
"CYFM","Cyclone Mtn nr Polebridge","Cyclone Mountain RAWS near Polebridge 3SW"
"CYFW","Canyon Creek near Cougar","Canyon Creek RAWS near Cougar 14SE"
"CYNW","Canyon Cr nr Masonic Park 4NE","Canyon Creek near Masonic Park near Granite Falls 4NE"
"CYPW","",""
"CYS","",""
"CZFO","Crazyman Flat Snotel",""
"CZK","Cascade Locks NOAA Weather-CZKO","CASCADE LOCKS OR. NOAA WEATHER (See CZKO)"
"CZKO","Cascade Locks Or. (NOAA Weather)","CASCADE LOCKS OR. NOAA WEATHER"
"Calawah_R","Calawah River",""
"Canyon_Ck","Canyon Creek",""
"Carbon_R","Carbon River",""
"Cascade_R","Cascade River",""
"Cedar_R","Cedar River",""
"Chamokane_Ck","Chamokane Creek",""
"Chehalis_R","Chehalis River","Chehalis River"
"Chehalis_River","Chehalis River","Chehalis River"
"Cherry_Ck","Cherry Creek",""
"Chewuch_R","Chewuch River",""
"Chiwawa_R","Chiwawa River",""
"Chumstick_Ck","Chumstick Creek",""
"Clark_Fork","Clark Fork","Clark Fork"
"Clark_Fork_R","Clark Fork River","Clark Fork River"
"Cle_Elum_R","Cle Elum River",""
"Clearwater","Clearwater","Clearwater"
"Clearwater_R","Clearwater River","Clearwater_River"
"Coastal","Coastal","Coastal"
"Coeur_D'Alene_R","Coeur D'Alene River",""
"Columbia","Columbia","Columbia"
"Columbia_R","Columbia River","Columbia River"
"Colville_R","Colville River",""
"Crab_Ck","Crab Creek",""
"DALM","Daly Cr","Daly Creek"
"DALO","Daly Lake","Daly Lake"
"DANO","Danner&#44 Or","Danner OR"
"DANY","Daniel Fh","Daniel Fh"
"DARM","Bitterroot R nr Darby","BITTERROOT RIVER NEAR DARBY NEAR MISSOULA 4SE"
"DARW","Darrington Rs","DARRINGTON RS"
"DARY","Darwin Ranch","Darwin Ranch"
"DASO","Dallas 2Ne",""
"DAVE","",""
"DAVO","Dayvill E8Nw",""
"DAZM","Daisy Peak",""
"DBCB","Duncan R blw B.B. Cr","DUNCAN RIVER BELOW B.B. CREEK"
"DBGM","Deborgia 3N","Deborgia 3N"
"DBLB","Duncan R blw Lardeau R","Duncan River Below Lardeau River"
"DBOY","Dubois","Dubois"
"DBSI","Dubois Exp Station","Dubois Exp Station"
"DCBB","Princeton Airport","Princeton Airport"
"DCCW","Dry Creek near Carson","Dry Creek RAWS near Carson 20N"
"DCDB","Duncan Dam","Duncan Dam"
"DCHO","",""
"DCHW","Dry Cr @ Hwy 125 Nr Walla Walla","Dry Creek at Highway 125 near Walla Walla 7N"
"DCMO","Deschutes Cnty Munic Distric Cnl","Deschutes County Municipal District Canal"
"DCNB","Duncan Forebay","Duncan Forebay"
"DCRW","Deadman Cr nr Gould Cty nr Ping","Deadman Creek near Gould City near Ping 5SE"
"DDMM","Deadman Cr","Deadman Creek"
"DDSI","Deadwood Summit Snotel","DEADWOOD SUMMIT SNOTEL - 6860"
"DEAI","Dead Indian Ridge nr Weiser","Dead Indian Ridge RAWS near Weiser 7WNW"
"DEAW","Deadman Cr nr Mouth nr Dodge","Deadman Creek near Mouth near Dodge 7NNE"
"DEBO","Deschutes River below Bend","Deschutes River below Bend 1N"
"DECO","Deschutes River near Culver","Deschutes River near Culver"
"DED","Deadwood Res near Lowman","DEADWOOD RESERVOIR NEAR LOWMAN 15N"
"DEDI","Deadwood R Blw Deadwd Res","DEADWOOD RIVER BELOW DEADWOOD RESERVOIR NEAR LOWMAN 15N"
"DEEB","Deer Park - DEEB","Deer Park"
"DEEM","Deer Mtn nr Darby 5E","Deer Mountain RAWS near Darby 5E"
"DEEO","Deer Creek Near Roseburg",""
"DEEW","Deer Park - DEEW","Deer Park"
"DEFO","Dee Flat AgriMet near Parkdale","Dee Flat AgriMet near Parkdale 4NW"
"DEHI","Deer Haven near King Hill","Deer Haven RAWS near King Hill 7NE"
"DEHI-Sensor2","Deer Haven nr King Hill Sensor 2","Deer Haven S-2"
"DEMW","Nooksack River At Deming","NOOKSACK RIVER AT DEMING"
"DENI","Dworshak Dent Acres-ID","Dworshak - Dent Acres Idaho"
"DEPW","Deep Cr blw Copper Cr","Deep Creek Below Copper Creek"
"DEQO","Blowout Creek near Detroit","Blowout Creek near Detroit"
"DERI","Deer Flat Dam","Deer Flat Dam"
"DERI-Sensor2","Deer Flat Dam Sensor 2","Deer Flat Dam S-2"
"DERM","Deer Lodge 3W","Deer Lodge 3w"
"DERO","Derr.","Derr."
"DET","Detroit Dam","Detroit Dam near Detroit 5W"
"DET-RG1E","",""
"DET-RG1P","",""
"DET-RG2E","",""
"DET-RG2P","",""
"DET-SB1","",""
"DET-SB2","",""
"DET-SB3","",""
"DET-SB4","",""
"DET-SB5","",""
"DET-SB6","",""
"DET-WG1","",""
"DET-WG2","",""
"DETO","",""
"DET_S1","Detroit Temperature String","Detroit Temperature String"
"DET_S1-D0,5ft","Detroit Temp String D0.5ft",""
"DET_S1-D100ft","Detroit Temp String D100ft",""
"DET_S1-D10ft","Detroit Temp String D10ft",""
"DET_S1-D120ft","Detroit Temp String D120ft",""
"DET_S1-D140ft","Detroit Temp String D140ft",""
"DET_S1-D160ft","Detroit Temp String D160ft",""
"DET_S1-D180ft","Detroit Temp String D180ft",""
"DET_S1-D200ft","",""
"DET_S1-D20ft","Detroit Temp String D20ft",""
"DET_S1-D30ft","Detroit Temp String D30ft",""
"DET_S1-D40ft","Detroit Temp String D40ft",""
"DET_S1-D60ft","Detroit Temp String D60ft",""
"DET_S1-D80ft","Detroit Temp String D80ft",""
"DET_WQ1","Detroit WQ Station 1","Detroit Water Quality Station 1"
"DET_WQ2","Detroit WQ Station 2","Detroit Water Quality Station 2"
"DET_WQ3","Detroit WQ Station 3","Detroit Water Quality Station 3"
"DET_WQ4","Detroit WQ Station 4","Detroit Water Quality Station 4"
"DET_WQ5","Detroit WQ Station 5","Detroit Water Quality Station 5"
"DET_WQ6","Detroit WQ Station 6","Detroit Water Quality Station 6"
"DET_WQ7","Detroit WQ Station 7","Detroit Water Quality Station 7"
"DET_WQ8","Detroit WQ Station 8","Detroit Water Quality Station 8"
"DET_WQ9","Detroit WQ Station 9","Detroit Water Quality Station 9"
"DEW","Deer Park Airport","Deer Park Airport"
"DEX","Dexter Dam","Dexter Lake near Dexter&#44 OR"
"DEXO","MF Willamette River near Dexter","Middle Fork Willamette River near Dexter"
"DFDW","",""
"DGGI","Teton R Abv S Leigh Cr","TETON RIVER ABOVE SOUTH LEIGH CREEK NEAR DRIGGS 7NW"
"DGSW","Dungeness SNOTEL","Dungeness SNOTEL"
"DHDI","Dollarhide Summit Snotel","DOLLARHIDE SUMMIT SNOTEL -8420"
"DHLM","Darkhorse Lake","Darkhorse Lake"
"DIA","Diablo Reservoir nr Newhalem 6NE","DIABLO RESERVOIR NEAR NEWHALEM 6NE"
"DIA-PH","Diablo Reservoir Powerhouse",""
"DIA-U31","Diablo Res near Newhalem 6NE",""
"DIA-U32","Diablo Res near Newhalem 6NE",""
"DIA-U35","Diablo Res near Newhalem 6NE",""
"DIA-U36","Diablo Res near Newhalem 6NE",""
"DIA-U_35","Diablo Reservoir Unit 35",""
"DIA-U_36","Diablo Reservoir Unit 36",""
"DIAO","Diamond Lake","Diamond Lake"
"DIAW","Diablo Dam & Lake On Skagit R","Diablo Dam & Lake On Skagit River"
"DICO","",""
"DIDW","Newhalem 6 Miles NE Diablo Dam","Newhalem 6 Miles Northeast Diablo Dam"
"DIFW","Douglas Ingram Ridge","Douglas Ingram Ridge"
"DIVM","Divide","Divide"
"DIXI","Dixie","Dixie"
"DIXO","Dixie Mountain            Tb20",""
"DLCO","Gaston","Gaston"
"DLEO","Dillon Cnl nr Stanfield OR","Dillon Canal near Stanfield OR"
"DLGM","Clark Fork @ Deer Lodge","Clark Fork At Deer Lodge"
"DLLO","Dilley","Tualatin River near Dilley"
"DLN","Dillon Airport","Dillon Airport"
"DLS","Dallesport FAA Airport","Dallesport FAA Airport (The Dalles Oregon Airport)"
"DLS-Sensor2","Dallesport FAA Airport Sensor 2",""
"DLSW","Dallesport 9N",""
"DLZO","",""
"DM","Dead Mt","Dead Mountain Repeater"
"DMFW","Deer Mtn","Deer Mountain"
"DMLY","Dome Lake","Dome Lake"
"DMNI","Diamond Flat nr Soda Springs","Diamond Flat RAWS near Soda Springs 30NNE"
"DN","Disaster Peak Snotel","DISASTER PEAK SNOTEL DSPN2"
"DNCI","Danskin Cnl near Groveland","Danskin Canal Near Groveland"
"DNFI","Dent near Orofino 7NE","Dent RAWS near Orofino 7NE"
"DNON","",""
"DONB","Columbia R @ Donald","COLUMBIA RIVER AT DONALD"
"DONO","Donner und Blitzen R French Glen","Donner Und Blitzen River Near French Glen"
"DOR","Dorena Dam","Dorena Lake near Cottage Grove, OR"
"DORO","Dorena Outflow","Row River near Cottage Grove"
"DOR_WQ1","Dorena WQ Station 1","Dorena Water Quality Station 1"
"DOR_WQ2","Dorena WQ Station 2","Dorena Water Quality Station 2"
"DOR_WQ3","Dorena WQ Station 3","Dorena Water Quality Station 3"
"DOR_WQ4","Dorena WQ Station 4","Dorena Water Quality Station 4"
"DOR_WQ5","Dorena WQ Station 5","Dorena Water Quality Station 5"
"DOR_WQ6","Dorena WQ Station 6","Dorena Water Quality Station 6"
"DOR_WQ7","Dorena WQ Station 7","Dorena Water Quality Station 7"
"DOR_WQ8","Dorena WQ Station 8","Dorena Water Quality Station 8"
"DOR_WQ9","Dorena WQ Station 9","Dorena Water Quality Station 9"
"DOTW","Chehalis River Near Doty 1W","CHEHALIS RIVER NEAR DOTY 1S"
"DOUW","Raws nr Douglas 5 SE","Raws Near Douglas 5 Southeast"
"DOWO","Dorena Weather","Dorena Reservoir Weather near Cottage Grove, OR"
"DPKI","Bull Canyon nr Arbon 10SW","Bull Canyon RAWS near Arbon 10SW"
"DPKY","Deer Park Snotel",""
"DPYM","Dupuyer Cr","Dupuyer Creek"
"DRBM","Darby","Darby"
"DRCN","Draw Cr","Draw Creek"
"DRCO","Deer Cr Abv Phillips Lk nr Bkr","DEER CREEK ABOVE PHILLIPS LAKE NEAR BAKER 14SW"
"DRGI","Driggs","Driggs"
"DRII","",""
"DRIO","Drain 10Nnw",""
"DRLM","Deer Lodge Weather Station","Deer Lodge Weather Station"
"DRMW","Dungeness R nr mouth @ Dungeness","Dungeness River near Mouth at Dungeness"
"DRNO","Drain 1Nne",""
"DRRO","Row River above Pitcher Creek","Row River above Pitcher Creek near Dorena"
"DRSO","Drewsey","Drewsey"
"DRSO-Sensor2","Drewsey Sensor 2",""
"DRSW","Dungeness River Near Sequim 5sW","DUNGENESS RIVER NEAR SEQUIM 5SW"
"DRU","Drummond Aviation","Drummond Aviation"
"DRUM","Clark Fork nr Drummond","Clark Fork Near Drummond"
"DRYI","Dry Bed near Ririe 3E","DRY BED NEAR RIRIE 3E"
"DRYW","Dry Cr nr Ardenvoir 6W","Dry Creek RAWS near Ardenvoir 6W"
"DSPN","Disaster Peak Snotel","DISASTER PEAK SNOTEL"
"DSRW","Deschutes River Near Rainier 3SE","DESCHUTES RIVER NEAR RAINIER 3SE"
"DSTO","Disston 1Ne",""
"DTRO","Detroit Lake AgriMet","Detroit Lake AgriMet"
"DTWO","Detroit Weather","Detroit Reservoir Weather near Detroit, OR"
"DUFN","",""
"DUFO","Dufur Coop Stn",""
"DUNO","Dunes near Florence","Dunes RAWS near Florence 12ESE"
"DURO","Fanno Creek at Durham","Fanno Creek at Durham"
"DUSM","Dupuyer 17wsw -- Swift Dam","Dupuyer 17wsw -- Swift Dam"
"DVCM","US2 at Devil Creek","US2 at Devil Creek Precip"
"DVDM","Divide (Snotel)","Divide (Snotel)"
"DVDY","Divide Peak","Divide Peak"
"DVFO","Devils Flat",""
"DVLO","Devils Graveyard","Devils Graveyard RAWS near Elkton 6NW"
"DVPW","Davenport","Davenport"
"DWDB","",""
"DWDI","Deadwood Lodge","Deadwood Lodge"
"DWDI-Sensor2","Deadwood Lodge Sensor 2","Deadwood Lodge S2"
"DWQI","Dworshak N Fk Clearwtr R@Ahsahka","Dworshak-n.Fork Clearwater R at Ahsahka"
"DWR","Dworshak Dam","Dworshak_Dam"
"DWR-RO1","Dworshak Dam Outlet 1",""
"DWR-RO2","Dworshak Dam Outlet 2",""
"DWR-RO3","Dworshak Dam Outlet 3","Dworshak_GDACS"
"DWR-SB1","Dworshak Dam Spillbay 1",""
"DWR-SB2","Dworshak Dam Spillbay 2","Dworshak_GDACS"
"DWR-U1","Dworshak Dam Turbine 1","Dworshak_GDACS"
"DWR-U2","Dworshak Dam Turbine 2",""
"DWR-U3","Dworshak Dam Turbine 3",""
"DWRI","N Fork Clearwater R @ Ahsahka","North Fork Clearwater River At Ahsahka"
"DWR_S1","Dworshak Forebay Temp","DWORSHAK FOREBAY TEMP. STRINGS"
"DWR_S1-D0,5m","DWR-S1 WQ 0.5 m",""
"DWR_S1-D1,5m","DWR-S1 WQ 1.5 m",""
"DWR_S1-D100m","DWR-S1 WQ 100 m",""
"DWR_S1-D10m","DWR-S1 WQ 10 m",""
"DWR_S1-D15m","DWR-S1 WQ 15 m",""
"DWR_S1-D20m","DWR-S1 WQ 20 m",""
"DWR_S1-D25m","DWR-S1 WQ 25 m",""
"DWR_S1-D30m","DWR-S1 WQ 30 m",""
"DWR_S1-D35m","DWR-S1 WQ 35 m",""
"DWR_S1-D3m","DWR-S1 WQ 3 m",""
"DWR_S1-D40m","DWR-S1 WQ 40 m",""
"DWR_S1-D45m","DWR-S1 WQ 45 m",""
"DWR_S1-D50m","DWR-S1 WQ 50 m",""
"DWR_S1-D5m","DWR-S1 WQ 5 m",""
"DWR_S1-D60m","DWR-S1 WQ 60 m",""
"DWR_S1-D80m","DWR-S1 WQ 80 m",""
"DWSM","Dillon 11ne Agrimet WS","Dillon 11NE Agrimet Weather Station"
"DYNW","Dayton 1WSW","Dayton 1wsw"
"DYTW","",""
"Daly_Ck","Daly Creek",""
"Deadwood","Deadwood","Deadwood"
"Deadwood_R","Deadwood River","Deadwood_River"
"Deep_Ck","Deep Creek",""
"Deschutes_R:OR","Deschutes River",""
"Deschutes_R:WA","Deschutes River",""
"Detroit","Detroit","Detroit"
"Donner_Blitzen_R","Donner Und Blitzen River",""
"Draw_Ck","Draw Creek",""
"Dry_Ck","Dry Creek",""
"Duncan_R","Duncan River",""
"Dungeness_R","Dungeness River",""
"EACB","East Cr - EACB","East Creek"
"EAMW","Elwha R ab Lk Mills-Current-EAMW","Elwha River  Abv Lake Mills nr Port Angeles (current)"
"EASI","Moyie River At Eastport","MOYIE RIVER AT EASTPORT"
"EASW","Yakima R @ Easton","Yakima River At Easton"
"EAT","Wenatchee Weather Station","Wenatchee (see EATW)"
"EATW","Wenatchee Weather Station","Wenatchee Weather Station"
"EBCO","East Birch Ck",""
"EBGW","Ellensburg","Ellensburg WA Airport"
"EBNI","Elk Butte Snotel","ELK BUTTE SNOTEL"
"EBSW","Elliot Bay","Elliot Bay Seattle WA"
"ECCC","Elliott Creek near Copper","ECCC"
"ECCO","",""
"ECDO","Elk Creek Near Drain",""
"ECHO","Echo 6W AgriMet","Echo 6W AgriMet"
"ECLI","",""
"ECWO","Evans Creek at Wimer, OR","Evans Creek at Wimer, OR"
"EFAO","East Fork Ashland Creek","East Fork Ashland Creek near Ashland"
"EFBM","",""
"EFLW","",""
"EF_Pine_Ck","East Fork Pine Creek",""
"EGCI","Egin Cnl","Egin Canal"
"EGKO","Eagle Creek near Eagle Creek","Eagle Creek RAWS near Eagle Creek 2ENE"
"EGLM","E Glacier","East Glacier"
"EGLO","Rogue River at Dodge Bridge","Rogue River at Dodge Bridge near Eagle Point"
"EGSO","Green Springs","Emigrant Creek above Green Springs Powerplant"
"EHMW","",""
"EIMO","Eilertson Meadows Snotel Avg Tmp","EILERTSON MEADOWS SNOTEL - AVG TEMPERATURE IN DEGREES F ELEV = 5400"
"EKCO","Elk Cr near Baker City","Elk Creek RAWS near Baker City 7SW"
"EKLM","",""
"EKMW","Elk Mdws Rain Gauge nr Montesano","ELK MEADOWS RAIN GAUGE NEAR MONTESANO 20N"
"EKO","Elko WSO","Elko WSO"
"EKPY","Elkhart Park G. S.","Elkhart Park G. S."
"EKRI","Elk R Rain Gage near Elk R","ELK RIVER RAIN GAGE NEAR ELK RIVER"
"EKRW","Elk Rock near Toutle","Elk Rock RAWS near Toutle 5ENE"
"EKTO","Umpqua River","Umpqua River near Elkton"
"ELAW","Elma","Elma"
"ELBI","Elk Butte","Elk Butte"
"ELBW","Ellensburge","Ellensburge"
"ELCI","Eagle Rock Cnl near Hwy 26","Eagle Rock Canal Near Hwy 26"
"ELCW","Elk Cr blw Deer Cr nr Doty 1W","ELK CREEK BELOW DEER CREEK NEAR DOTY 1W"
"ELEW","Puyallup R nr Electron","PUYALLUP RIVER NEAR ELECTRON NEAR ORTING 19SE"
"ELFW","East Fork Lewis River","East Fork Lewis River near Battleground 3NW"
"ELGO","Elgin","Elgin"
"ELHW","Elwha River South","Elwha River South"
"ELKB","Elk R abv Elko Dam","Elk River Above Elko Dam"
"ELKC1","",""
"ELKI","Elk City","Elk City"
"ELKO","Elk Creek near Trail","Elk Creek near Trail"
"ELKW","Elwha R ab Lake Mills (old) ELKW","Elwha River Above Lake Mills Near Port Angeles"
"ELKY","Elk Horn RAWS nr Dubois","Elk Horn RAWS near Dubois"
"ELMW","ELMW",""
"ELN","Ellensburg WA","Ellensburg WA"
"ELNW","Yakima River At Ellensburg","YAKIMA RIVER AT ELLENSBURG"
"ELSW","Elbow Lk SNOTEL","Elbow Lake SNOTEL"
"ELTW","Eltopia 8 WSW","Eltopia 8 Wsw"
"ELWW","Elwha R @ Mcdonald Bridge","ELWHA RIVER AT MCDONALD BRIDGE NEAR PORT ANGELES 8SW"
"ELY","",""
"EMCM","Emery Cr","Emery Creek"
"EMFO","Emigrant near Oakridge","Emigrant RAWS near Oakridge 22SE"
"EMI","EMI","EMI"
"EMI-Canal","Emigrant Canal",""
"EMI-Spillway","Emigrant Spillway",""
"EMIO","Emigrant Creek Near Ashland",""
"EMM","Black Canyon Dam","BLACK CANYON DAM RES ON PAYETTE NR EMMETT ID"
"EMMI","Payette R near Emmett","Payette River Near Emmett"
"EMSI","Emigrant Summit Snotel","EMIGRANT SUMMIT SNOTEL"
"EMTI","Emmett 2 E","Emmett 2 East"
"EMTI-Sensor2","Emmett 2 E Sensor 2","Emmett S2"
"EMTW","Ellis Mtn nr Sekiu 9S","Ellis Mountain RAWS near Sekiu 9S"
"ENCW","Encampment Wyom 11 Mi E by SE","Encampment Wyoming (11 Mile East By Southeast)"
"ENFO","Eden","Eden"
"ENMW","Enumclaw Larc","ENUMCLAW LARC"
"ENRW","Entiat River Near Entiat 1W","ENTIAT RIVER NEAR ENTIAT 1W"
"ENSM","",""
"ENTI","Enterprize Cnl","Enterprize Canal"
"ENTO","Enterprise 20 N By Northeast","Enterprise 20 North By Northeast"
"ENTW","",""
"ENUW","Mud Mountain Dam Weather Station","MUD MOUNTAIN DAM WEATHER STATION"
"ENVI","N Frk Coeur D'Alene R @ Enaville","NORTH FORK COEUR D'ALENE RIVER AT ENAVILLE"
"EO","Emigrant Springs Snotel","EMIGRANT SPRINGS SNOTEL 18D04S"
"EPAW","",""
"EPH","Ephrata FAA Airport","Ephrata FAA Airport"
"EPSW","",""
"EPTO","Antelope Creek near Eagle Point","Antelope Creek near Eagle Point 4SW"
"ERAW","Entiat RAWS","Entiat RAWS"
"ERAY","Burro Hill near Moran","Burro Hill RAWS near Moran 8E"
"ERCI","Eagle Rock Cnl near Heise","Eagle Rock Canal Near Heise"
"ERDW","Entiat R @ Dill Cr Bridge 9NNW","Entiat River at Dill Creek Bridge near Ardenvoir 9NNW"
"ERDY","E Rim Divide Snotel","EAST RIM DIVIDE SNOTEL"
"EREW","Entiat R bl Entiat Falls","Entiat River below Entiat Falls near Ardenvoir 20NW"
"ERFB","Elk R @ Fernie","Elk River at Fernie"
"ERKM","Eureka Ranger Stn","Eureka Ranger Station"
"ERNW","Entiat R @ NF Cmp G nr Ardenvoir","Entiat River at North Fork Campground near Ardenvoir 20NW"
"ERTW","Entiat R @ Tommy Cr Bridge 18NW","Entiat River at Tommy Creek Bridge near Ardenvoir 18NW"
"ESCO","Estacada 24Se",""
"ESPO","Emigrant Springs","Emigrant Springs"
"ESSM","MF Flathead River nr Essex","Middle Fork Flathead River near Essex"
"ESTO","Clackamas River at Estacada","Clackamas River at Estacada"
"ESTW","Easton","Easton"
"ESXM","Isaak Walton Inn At Essex","ISAAK WALTON INN AT ESSEX"
"ETCW","Ellensburg Town Cnl 6NW","Ellensburg Town Canal near Ellensburg 6NW"
"ETNI","Emmett Irrigat Dist N Side Cnl","Emmett Irrigation Dist North Side Canal"
"ETSI","Emmett Irrigat Dist S Side Cnl","Emmett Irrigation Dist South Side Canal"
"EUG","Eugene Wso Airport",""
"EUGO","Willamette River at Eugene","Willamette River at Eugene"
"EUL","Caldwell",""
"EURM","Tobacco River Near Eureka 2NW","TOBACCO RIVER NEAR EUREKA 2NW"
"EURN","Eureka, Nevada WS 12N","Eureka, Nevada Weather Station 12N"
"EVEW","Everett","Everett"
"EVFO","Evans Creek near Gold Hill","Evans Creek RAWS near Gold Hill 12NNE"
"EVNY","Evening Star Snotel","EVENING STAR SNOTEL"
"EVW","",""
"EYPW","Easy Pass -- USGS Snow Course","Easy Pass -- USGS Snow Course"
"EYPY","Yellowstone Np East Ent","Yellowstone Np"
"EZRI","Ezra Cr near Salmon","Ezra Creek RAWS near Salmon 18SSW"
"East_Ck","East Creek",""
"Elk_Ck:WA","Elk Creek",""
"Elk_R:BC","Elk River",""
"Elliot_Ck","Elliot Creek","Elliot Creek"
"Elwha_R","Elwha River",""
"Emery_Ck","Emery Creek",""
"Entiat_R","Entiat River",""
"FADO","Estacada 2Se",""
"FAFI","Fairfield Wthr Stat","Fairfield Weather Station 3 Southwest"
"FAFI-Sensor2","Fairfield Weather","Fairfield ID"
"FAFO","Flagstaff Hills nr Baker City","Flagstaff Hills RAWS near Baker City 1N"
"FAL","Fall Creek Dam","Fall Creek Lake near Lowell, OR"
"FALI","Fall R near Squirrel","Fall River Near Squirrel"
"FALN","Fallon 1S Agrimet","Fallon 1S Agrimet"
"FALO","Fall Creek Outflow","Fall Creek below Winberry Creek, near Fall Creek, OR"
"FARI","Farmers' Friend Cnl","Farmers' Friend Canal"
"FAYI","Fall R Abv Yellowstone Cnl","Fall River above Yellowstone Canal near Squirrel 11ESE"
"FBFW","First Butte","First Butte"
"FBLW","Fremont Bridge WQ Station","FREMONT BRIDGE WATER QUALITY STATION"
"FBLW_D1","Fremnt Brdg Lk Wshngtn Tmp Strng",""
"FBLW_D1-D18,0ft","Fremnt Brdg Tmp Strng D18,0ft",""
"FBLW_D1-D31,0ft","Fremnt Brdg Tmp Strng D31,0ft",""
"FBLW_D1-D40,0ft","Fremnt Brdg Tmp Strng D40,0ft",""
"FBLW_S1","Fremnt Brdg Lk Wshngtn Tmp Strng","Fremont Bridge Lake Washington Temperature String"
"FBLW_S1-D18,0ft","Fremnt Bridge WQ Station D18,0ft",""
"FBLW_S1-D31,0ft","Fremnt Bridge WQ Station D31,0ft",""
"FBLW_S1-D40,0ft","Fremnt Bridge WQ Station D40,0ft",""
"FBMY","Fossil Butte","Fossil Butte WY"
"FBNI","Franklin Basin Snotel","FRANKLIN BASIN SNOTEL - 8170"
"FCA","Kalispell Airport WSO","Kalispell WSO (Airport)"
"FCBO","Fir Cr nr Brightwood","Fir Creek Near Brightwood"
"FCEO","Umatilla Proj Feed Cnl nr Echo","Umatilla Project Feed Canal near Echo OR"
"FCFM","N Frk Flathd R nr Columbia Falls","NORTH FORK FLATHEAD RIVER NEAR COLUMBIA FALLS 9NE"
"FCKO","Fish Cr Snotel","FISH CREEK SNOTEL ELEV = 7660"
"FCKY","Flat Creek Near Jackson","Flat Creek"
"FCLO","Fall Creek near Lowell","FCLO"
"FCSO","Feed Canal near Cold Springs Res","Feed Canal near Cold Springs Reservoir"
"FDLB","Fidelity Mtn","Fidelity Mountain"
"FDRW","Grand Coulee Dam Forebay WQ","Grand Coulee Dam Forebay Water Quality"
"FEFO","Fields near Oakridge","Fields RAWS near Oakridge 9ESE"
"FERI","Fern near Lowell 20ESE","Fern RAWS near Lowell 20ESE"
"FFCI","Farmers Friend Cnl near Poplar","Farmers Friend Canal Near Poplar"
"FFDI","Fairfield Rs","Fairfield RS"
"FFFO","",""
"FFSM","Fisher River RAWS","Fisher River RAWS"
"FFXW","Carbon R nr Fairfax nr Carbonado","CARBON RIVER NEAR FAIRFAX NEAR CARBONADO 4S"
"FGFO","P Hill French Glen","P Hill FrenchGlen  FGFO3"
"FGFO-Sensor2","P Hill French Glen Sensor 2","French Glen"
"FHCO","Fish Cr Nr Toketee Falls","Fish Cr Abv Sipper Ck Nr Toketee Falls  7SSE  FHCO3"
"FHFI","Fishhook Cr Drainage","Fishhook Creek Drainage - Raws"
"FHLI","Fort Hall Indian Agency","Fort Hall Indian Agency"
"FHR","",""
"FIEM","Fielding RAWS nr Essex","Fielding RAWS near Essex"
"FIFW","Finney Cr","Finney Creek"
"FIS","Fish Lake-USBR-GOES",""
"FISM","Fisher River Near Libby 11E","FISHER RIVER NEAR LIBBY 11E"
"FISO","Fish Lk.","Fish Lk."
"FISW","Fish Lake, WA","Fish Lake, WA  NRCS 22G14S  21B04"
"FKCB","",""
"FKFO","Fort Rock near Fort Rock","Fort Rock RAWS near Fort Rock 13NE"
"FLCO","Falls City 2              Tb20",""
"FLDO","Fields","Fields"
"FLDO-Sensor2","Fields Sensor 2","Fields S2"
"FLEI","Fleck Summit near Fairfield","Fleck Summit RAWS near Fairfield 20NNW"
"FLEI-Sensor2","Fleck Summit Sensor 2","Fleck Summit S2"
"FLFI","Flint Cr - RAWS","Flint Creek - Raws"
"FLFO","Foster Flat","Foster Flat Near FrenchGlen  19NE  FLFO3"
"FLFO-Sensor2","Foster Flat Sensor 2","Foster Flat S2"
"FLGY","Snk R Abv Jackson Lk nr Flag Rch","SNAKE RIVER ABOVE JACKSON LAKE NEAR FLAGG RANCH NEAR COLTER BAY 16N"
"FLIM","",""
"FLKB","Floe Lake - FLKB","Floe Lake"
"FLKO","",""
"FLLW","Fish Ladder Lk Washngtn WQ Site","FISH LADDER LAKE WASHINGTON WATER QUALITY"
"FLLW_S1","Fsh Lddr Lk Wshngtn Temp String","Fish Ladder Lake Washington Temperature String"
"FLLW_S1-D12,0ft","Fremont Bridge WQ Station",""
"FLPM","Flathead Lake At Polson 5WSW","FLATHEAD LAKE AT POLSON 5WSW"
"FLSO","",""
"FLTM","",""
"FLWO","Flounce Rock Weather","Flounce Rock Weather near Copper, OR"
"FMBW","Mill Cr @ Five Mi Rd Bridge","MILL CREEK AT FIVE MILE RD BRIDGE NEAR WALLA WALLA 6E"
"FMFO","Fall Mountain near Seneca","Fall Mountain RAWS near Seneca 8NNW"
"FNBI","Franklin Basin Snotel (FNBI1)","FRANKLIN BASIN SNOTEL - 8170"
"FNEB","New Fernie","Fernie (New Fernie)"
"FNFO","Fall Ck","Fall Creek above North Fork near Lowell"
"FNNO","",""
"FNWO","Finley National Wildlife Refuge","Finley National Wildlife Refuge RAWS near Corvallis 8S"
"FOGO","Forest Grove",""
"FOR","Fourmile Lake nr Ashland",""
"FORM","Fortine","Fortine"
"FORO","FourMile Lake","FourMile Lake, OR  NRCS 22G12S"
"FORW","Forks 1 E","Forks 1 East"
"FOS","Foster Reservoir","Foster Reservoir near Sweet Home 4ENE"
"FOSO","",""
"FOS_S1","Foster Temperature String","Foster Temperature String"
"FOS_S1-D0,5ft","Foster Temp String D0.5ft",""
"FOS_S1-D10ft","Foster Temp String D10ft",""
"FOS_S1-D15ft","Foster Temp String D15ft",""
"FOS_S1-D1meter","",""
"FOS_S1-D20ft","Foster Temp String D20ft",""
"FOS_S1-D30ft","Foster Temp String D30ft",""
"FOS_S1-D40ft","Foster Temp String D40ft",""
"FOS_S1-D50ft","Foster Temp String D50ft",""
"FOS_S1-D5ft","Foster Temp String D5ft",""
"FOS_S1-D60ft","Foster Temp String D60ft",""
"FOS_S1-D70ft","Foster Temp String D70ft",""
"FOS_S1-D80ft","Foster Temp String D80ft",""
"FPOM","Flathead River Near Polson 4W","FLATHEAD RIVER NEAR POLSON 4W"
"FPRO","Flynn Prairie near Gold Beach","Flynn Prairie RAWS near Gold Beach 3SE"
"FQRB","Arrow Res nr Fauquier","Arrow Reservoir near Fauquier"
"FQUB","Arrow @ Fauquier BC","Arrow at Fauquier BC"
"FRAI","Fall R near Ashton","FALL RIVER NEAR ASHTON"
"FRAW","Francis","FRANCIS"
"FRCB","Fording River - Cominco","Fording River - Cominco"
"FRCI","Fall R Cnl","Fall River Canal"
"FRCO","Florence",""
"FRCO-Sensor2","",""
"FRDI","Fairfield 3 Southeast","Fairfield 3 Southeast"
"FRDO","Friend",""
"FRHM","Frohner Meadow","Frohner Meadow"
"FRIO","Fern Ridge",""
"FRLO","Fourmile Lake","Fourmile Lake"
"FRMO","Tualatin River at Farmington","Tualatin River at Farmington near Hillsboro 4SSE"
"FRN","Fern Ridge Dam","Fern Ridge Lake near Elmira, OR"
"FRNO","Alvadore","Long Tom River near Alvadore"
"FROO","Fort Rock",""
"FRSO","Forest Grove","Forest Grove 4NE AgriMet"
"FRWO","Fern Ridge Weather","Fern Ridge Weather near Alvadore, OR"
"FRYW","Kettle River Near Ferry 1s","KETTLE RIVER NEAR FERRY 1S"
"FSHM","Fisher Cr","Fisher Creek"
"FSHO","",""
"FSLO","Fossil",""
"FSNY","",""
"FSSO","Nehalem River near Foss","Nehalem River near Foss"
"FSTB","Kootenay River at Fort Steele","Kootenay River at Fort Steele"
"FSWO","Foster Weather","Foster Weather near Foster, OR"
"FSYM","",""
"FTAW","Fire Training Academy nr Bend","Fire Training Academy RAWS near North Bend 6SE"
"FTCO","",""
"FTFW","Flowery Trail - RAWS","Flowery Trail RAWS"
"FTHI","Fort Hall Idaho Wthr Stn#44 2.SN","Fort Hall Idaho Weather Station 2.sn"
"FTKO","",""
"FTMB","Flattop Mountain - Snotel","Flattop Mountain - Snotel"
"FTMM","Flattop Mtn Mt (Snow Pillow)","Snow Pillow Flattop Mtn MT"
"FURO","Furnish Canal",""
"FWCN","Fawn Cr Snotel","FAWN CREEK SNOTEL"
"FWFW","Fwank","Fwank"
"Fall_Ck","Fall Creek","Fall Creek"
"Fall_Creek","Fall Creek","Fall Creek"
"Fall_R","Fall River",""
"Finney_Ck","Finney Creek",""
"Fir_Ck","Fir Creek",""
"Fisher_R","Fisher River",""
"Fishhook_Ck","Fishhook Creek",""
"Flathead_R","Flathead River","Flathead River"
"Flathead_River","Flathead River","Flathead River"
"Flint_Ck","Flint Creek",""
"Fording_R","Fording River",""
"GAAM","Galena nr Boulder 8S","Galena RAWS near Boulder 8S"
"GALI","Galena","Galena"
"GALM","Clark Fork Nr Galen 2S","Clark Fork near Galen 2S"
"GALO","Gales Creek","Gales Creek Near Forest Grove"
"GARDI","Gardiner Cr","Gardiner Creek"
"GARI","Garfield R.S. Snotel","GARFIELD R.S. SNOTEL"
"GARM","",""
"GARW","S Fk Snoqlm R Abv Alice Cr","SOUTH FORK SNOQUALMIE RIVER ABOVE ALICE CREEK NEAR NORTH BEND 11SE"
"GASC1","",""
"GASI","Gas Caves near Ashton","Gas Caves RAWS near Ashton 21W"
"GASO","Tualatin River at Gaston","Tualatin River at Gaston"
"GAVI","Garden Valley Ranger Station","GARDEN VALLEY 2SE RANGER STATION"
"GAVI-Sensor2","Garden Valley Ranger Station-S2","Garden Valley S2"
"GBBI","Gibbonsville","Gibbonsville"
"GBCW","Goldborough Cr ab 7th Street","Goldborough Creek above 7th Street at Shelton"
"GBLO","Goble 3Sw",""
"GBRB","",""
"GBVI","GBVI","Gibbonsville No 2"
"GCAW","Grand Coulee Dam Agrimet 2SE","Grand Coulee Dam Agrimet near Coulee Dam 2SE"
"GCCO","Grande Ronde",""
"GCDW","Grand Coulee Dam Agrimet, WA","Grand Coulee Dam AgriMet, WA"
"GCGW","Grand Coulee Tailwater WQ","Grand Coulee Tailwater Water Quality"
"GCKY","Glade Cr","Glade Creek"
"GCL","Grand Coulee Dam","Grand Coulee Dam 1 Southwest"
"GCL-700MW","Grand Coulee 700MW Units","Grand Coulee 700MW Units"
"GCL-Original","Grand Coulee Original Units","Grand Coulee Original Units"
"GCMY","Granite Creek Near Moose","Granite Creek"
"GCRB","Gardiner Creek","Gardiner Creek"
"GCXW","Grand Coulee Dam Weather","Grand Coulee Dam Weather"
"GDFO","Granddad Battle near Steamboat","Granddad Battle RAWS near Steamboat 9NE"
"GDMM","Gibson Dam","Gibson Dam"
"GDNO","Gardiner 1N",""
"GDRO","Grande Ronde Tree Farm    Tb20",""
"GDV","",""
"GDVI","Grandview WS","Grandview Weather Station"
"GDVI-Sensor2","Grandview WS Sensor 2","Grandview"
"GEBB","Golden","Golden"
"GEEW","Greenwater R @ Greenwater","GREENWATER RIVER AT GREENWATER NEAR ENUMCLAW 17ESE"
"GEG","Spokane Intl Airport","Spokane International Airport"
"GEG-Sensor2","Spokane Intl Airport Sensor 2","Spokane International Airport Sensor 2"
"GENW","Greenwater","GREENWATER"
"GEOM","Georgetown Lk","Georgetown Lake"
"GERO","GERO",""
"GERW","George Weather Station","George (Weather Station)"
"GEY","South Big Horn County Airport","South Big Horn County Airport"
"GFLW","S Fk Stillagmsh R nr Grnt Falls","SOUTH FORK STILLAGUAMISH RIVER NEAR GRANITE FALLS 2NE"
"GFRI","Glenns Ferry 6 SW ID Wthr Stn","Glenns Ferry 6 Southwest Idaho Weath Station"
"GFRI-Sensor2","Glenns Ferry 6 SW ID WS Sensor 2","Glenns Ferry"
"GGSI","Graham Guard Sta. Snotel","GRAHAM GUARD STA. SNOTEL"
"GGVI","Grangeville","Grangeville"
"GGW","Glasgow Wso","Glasgow Wso"
"GHFW","Gold Hill nr Darrington 4SE","Gold Hill RAWS near Darrington 4SE"
"GIBN","Gibbs Ranch","Gibbs Ranch"
"GIBO","Umatilla R above Meacham Creek","Umatilla River above Meacham Creek near Gibbon"
"GILO","SF Little Butte Creek at Gilkey","South Fork Little Butte Creek at Gilkey near Lake Creek 10SE"
"GILW","",""
"GISO","N Santiam River at Geren Island","North Santiam River at Geren Island near Stayton"
"GIVI","Giveout Snotel","GIVEOUT SNOTEL"
"GKYO","",""
"GLAB","",""
"GLAO","Willamette At Gladstone",""
"GLAW","Glacier Rs","GLACIER RS"
"GLBO","Gold Beach Ranger",""
"GLBW","Skykomish R near Gold Bar 2SW","SKYKOMISH RIVER NEAR GOLD BAR 2SW"
"GLDB","",""
"GLDM","Clark Fork @ Goldcreek","Clark Fork at Goldcreek"
"GLDO","Gold Center Snotel","GOLD CENTER SNOTEL"
"GLDW","Goldendale","Goldendale"
"GLEM","Glen","Glen"
"GLEW","Glenwood No 2 1Mi.Ne",""
"GLFI","Glenns Ferry","Glenns Ferry"
"GLIO","GLIO",""
"GLMW","Glenoma 1W",""
"GLNI","Galena Snotel","GALENA SNOTEL"
"GLNO","West Fork Cow Creek","West Fork Cow Creek near Glendale"
"GLNW","Glenwood",""
"GLSI","Galena Summit Snotel","GALENA SUMMIT SNOTEL"
"GLWO","Glenwood 2Wnw",""
"GMFW","Gold Mtn - RAWS","Gold Mountain Raws"
"GNDM","",""
"GNDW","Goldendale At Goldendale",""
"GNGI","Gooding Is","Gooding Is"
"GNLW","Goldendale East","Goldendale East RAWS near Goldendale 6NE"
"GNSM","",""
"GOD","Gorge Reservoir nr Nehalem","GORGE RESERVOIR NR NEHALEM"
"GOD-#11-U24","Gorge Reservoir #11-U24",""
"GOD-#12-U24","Gorge Reservoir #12-U24",""
"GOD-Gen20","Gorge Reservoir Gen20",""
"GOD-Gen24","Gorge Reservoir Gen24",""
"GOD-PH","Gorge Reservoir PH",""
"GOD-U20A","Gorge Reservoir U20A",""
"GOD-U20B","Gorge Reservoir U20B",""
"GOD-U21","Gorge Reservoir U21",""
"GOD-U22","Gorge Reservoir U22",""
"GOD-U23","Gorge Reservoir U23",""
"GODW","George Res nr Newhalem","George Reservoir Near Newhalem"
"GOFW","Gold Mtn Snoqualmie NF","Gold Mountain Snoqualmie North Fork"
"GOLB","Goldstream R blw Old Camp Cr","Goldstream River Below Old Camp Creek (08ND012)"
"GOLO","Gold Beach 1Ne",""
"GOLW","Goldendale AgriMet","Goldendale AgriMet"
"GOR","Gorge Res near Newhalem 3NE","GORGE RESERVOIR NEAR NEWHALEM 3NE"
"GORW","Skagit River At Newhalem","SKAGIT RIVER AT NEWHALEM"
"GOSI","Goose Cr Abv Trapr Cr nr Oakley","Goose Creek above Trapper Creek near Oakley 9SW"
"GOSO","Goshen","Coast Fork Willamette River near Goshen"
"GOTN","Goat Creek Snotel","GOAT CREEK SNOTEL 15H13"
"GOVO","Government Camp",""
"GPFO","Goodwin Peak near Mapleton","Goodwin Peak RAWS near Mapleton 8SSW"
"GPI","",""
"GPR","Green Peter Reservoir","Green Peter Reservoir near Sweet Home 10ENE"
"GPRM","Gird Point nr Hamilton","Gird Point RAWS near Hamilton"
"GPRO","M Santiam R below Green Peter","Middle Santiam River below Green Peter Lake near Foster"
"GPR_S1","Green Peter Temperature String","Green Peter Temperature String"
"GPR_S1-D0,5ft","Green Peter Temp String D0.5ft",""
"GPR_S1-D100ft","Green Peter Temp String D100ft",""
"GPR_S1-D10ft","Green Peter Temp String D10ft",""
"GPR_S1-D120ft","Green Peter Temp String D120ft",""
"GPR_S1-D140ft","Green Peter Temp String D140ft",""
"GPR_S1-D160ft","Green Peter Temp String D160ft",""
"GPR_S1-D180ft","Green Peter Temp String D180ft",""
"GPR_S1-D200ft","Green Peter Temp String D200ft",""
"GPR_S1-D201ft","",""
"GPR_S1-D20ft","Green Peter Temp String D20ft",""
"GPR_S1-D30ft","Green Peter Temp String D30ft",""
"GPR_S1-D40ft","Green Peter Temp String D40ft",""
"GPR_S1-D60ft","Green Peter Temp String D60ft",""
"GPR_S1-D80ft","Green Peter Temp String D80ft",""
"GPSO","Grants Pass",""
"GPUW","Green R @ Prfcn Plant nr Palmer","GREEN RIVER AT PURIFICATION PLANT NEAR PALMER 2ESE"
"GRAB","Grasmere","Grasmere"
"GRAI","Grace 4 Middle South","Grace 4 Middle South"
"GRAO","Rogue River at Grants Pass","Rogue River at Grants Pass"
"GRBB","",""
"GRBO","Gerber Dam","Gerber Dam Near Bonanza  14E  GRBO3"
"GRCI","Bear R at Grace","Bear River at Grace"
"GRCM","Grave Cr","Grave Creek"
"GRCW","Grouse Camp","Grouse Camp"
"GRCY","Granite Cr Snotel","GRANITE CREEK SNOTEL"
"GREO","Johnson Creek at Regner Road","Johnson Creek at Regner Road at Gresham"
"GREY","Greys Abv Palisades Res nr Alpin","GREYS RIVER ABOVE PALISADES RESERVOIR NEAR ALPINE 4SE"
"GRF","Tacoma/Fort Lewis/Gray AAF","Tacoma/Fort Lewis/Gray AAF"
"GRFB","Grand Forks","Grand Forks"
"GRFW","Grayback near Wahkiacus","Grayback RAWS near Wahkiacus 11N"
"GRHW","Grays River Hatchery",""
"GRLW","Grassy Lake",""
"GRLY","Grassy Lake Snotel","GRASSY LAKE SNOTEL"
"GRMI","Grasmere 3S",""
"GRMO","Gresham Coop Stn",""
"GRNB","Green Mountain BC","Green Mountain BC"
"GRNO","Granite 4WSW","Granite 4WSW"
"GRNW","Greenwood Flat","Greenwood Flat"
"GROB","",""
"GROY","Gros Ventre R @ Zenith","Gros Ventre River At Zenith"
"GRPB","Glacier @ Rogers Pass","Glacier at Rogers Pass"
"GRPN","Granite Peak","Granite Peak"
"GRPO","Greenpoint","Greenpoint"
"GRPW","Grapeview 3 SW","Grapeview 3 Southwest"
"GRRW","Grays River","Grays River near Rosburg 2NE"
"GRS","Grassy Lk@Dam@Grassy Cr nr Moran","Grassy Lake At Dam On Grassy Creek Near Moran"
"GRSB","",""
"GRSI","Grouse","Grouse"
"GRSY","Grassy Cr Below Grassy Lake","Grassy Creek Below Grassy Lake"
"GRTB","Kinbasket/Mcnaughton Lake (Mica)","Kinbasket/McNaughton Lake (Mica Pool)"
"GRVI","Grand View 2W","Grand View 2w"
"GRVY","Gros Ventre Summit Snotel","GROS VENTRE SUMMIT SNOTEL"
"GRYW","Grayland","Grayland"
"GRZO","Grizzly near Culver",""
"GSFO","Grassy Mtn near Rome","Grassy Mountain RAWS near Rome 18SE"
"GSFO-Sensor2","Grassy Mtn nr Rome Sensor 2",""
"GSKI","Goose Cr near Oakley","Goose Creek RAWS near Oakley 14S"
"GSPO","Green Springs Powerplant",""
"GSSM","",""
"GSTO","Tualatin River at Gaston, OR","Tualatin River at Gaston, OR"
"GSV","GSV","GSV"
"GTF","Great Falls WSO","Great Falls WSO"
"GTGY","Grand Teton Natl Park",""
"GUNY","Gunlight Pass Snotel","Gunsight Pass Snotel"
"GVLI","Grangeville",""
"GVLVI","",""
"GVRM","Garver Cr","Garver Creek"
"GVSY","Arminto",""
"GVSY-Sensor2","Arminto Sensor 2",""
"GVYI","Garden Valley 1NW",""
"GVYI-Sensor2","Garden Valley 1NW Sensor 2",""
"GVZY","Gros Ventre At Zenith",""
"GW","Spruce Springs Elev = 5700","SPRUCE SPRINGS - SNOW WATER EQUIVALENT IN INCHES  ELEV = 5700"
"GWCI","Great Western Cnl nr Lewisville","Great Western Canal Near Lewisville"
"GWFW","Greenwater RAWS","Greenwater RAWS"
"GWLW","Gas Works Water Quality Station","Gas Works Water Quality Station"
"GWLW_S1","Gas Works @ Lk Wash Temp Stng","Gas Works @ Lake Washington Temperature String"
"GWLW_S1-D13,0ft","Gasworks Temp String D13,0ft",""
"GWLW_S1-D25,0ft","Gasworks Temp String D25,0ft",""
"GWLW_S1-D3,0ft","Gasworks Temp String D3,0ft",""
"GWLW_S1-D36,0ft","Gasworks Temp String D36,0ft",""
"GWSI","Grt Westrn Spillback nr Id Falls","Great Western Spillback Near Idaho Falls"
"GWWW","George Washington Agrimet","George Washington Agrimet"
"GYBY","GYBY",""
"GYRW","Grays River",""
"Gardiner_Ck","Gardiner Creek",""
"Garver_Ck","Garver Creek",""
"Goldborough_Ck","Goldborough Creek",""
"Goldstream_R","Goldstream River",""
"Grande_Ronde","Grande Ronde","Grande Ronde"
"Grande_Ronde_R","Grande Ronde River","Grande_Ronde_River"
"Green_R","Green River","Green River"
"Green_River","Green River","Green River"
"Greenwater_R","Greenwater River",""
"HAGW","Hangman Creek At Spokane","HANGMAN CREEK AT SPOKANE"
"HAH","Howard Hanson Res nr Palmer WA","HOWARD HANSON RESERVOIR NR PALMER WA"
"HAH-AUBW","Howard Hanson Dam Local Flow","Howard Hanson Dam Local Flow"
"HAHW","Green R Below Howard Hanson Res","GREEN RIVER BELOW HOWARD HANSON RESERVOIR"
"HAH_S1","Howard Hanson String",""
"HAH_S1-910,0ft","Howard Hanson String 910,0ft",""
"HAH_S2","",""
"HAH_S2-1074,0ft","",""
"HAIO","",""
"HALI","Big Wood R @ Hailey","BIG WOOD RIVER AT HAILEY"
"HALW","",""
"HAMM","Hamilton","Hamilton"
"HANM","Hand Cr","Hand Creek"
"HAQW","Hanson Dam U/S WQ Station","HANSON DAM U/S WATER QUALITY STATION"
"HARI","Coeur D'Alene R nr Harrison 3NE","Coeur d'Alene River near Harrison 3NE"
"HARM","",""
"HARO","Harrisburg","Willamette River at Harrisburg"
"HARW","Harrington 4 ENE","Harrington 4 Ene"
"HASO","",""
"HAUM","Haugan 3E","Haugan 3e"
"HAWM","Hawkins Lake","Hawkins Lake"
"HAY","",""
"HAY-Spillway-Gate 1","",""
"HAYI","Hoodoo nr Blanchard 9NE","Hoodoo RAWS near Blanchard 9NE"
"HBBY","Hobbs Park Snotel","HOBBS PARK SNOTEL"
"HBDM","Madison R bl Hebgen Dam nr Ylstn","Madison River below Hebgen Dam near West Yellowstone 18NW"
"HBFI","Horse Butte","Horse Butte - Raws"
"HBFI-Sensor2","Horse Butte Sensor 2",""
"HBGM","Hebgen Dam","Hebgen Dam"
"HCD","Hells Canyon Dam","HELLS CANYON - MIDNITE FOREBAY ELEVATION"
"HCDI","Snake R@Hells Canyon Dam","SNAKE RIVER AT HELLS CANYON DAM NEAR CAPRUM 16NNW"
"HCFI","Henrys FK Blw Coffee Pot Rpds","Henrys Fork Below Coffee Pot Rapids Near Macks Inn"
"HCKO","HCKO",""
"HCMO","HCMO",""
"HCOO","Above Hills Creek","Hills Creek above Hills Creek Reservoir near Oakridge"
"HCR","Hills Creek Dam","Hills Creek Lake near Oakridge, OR"
"HCRO","Hills Creek Outflow","Middle Fork Willamette River above Salt Crk near Oakridge"
"HCR_S1","Hills Creek Temperature String","Hills Creek Temperature String"
"HCR_S1-D0,5ft","Hills Creek Temp String D0.5ft",""
"HCR_S1-D100ft","Hills Creek Temp String D100ft",""
"HCR_S1-D10ft","Hills Creek Temp String D10ft",""
"HCR_S1-D120ft","Hills Creek Temp String D120ft",""
"HCR_S1-D140ft","Hills Creek Temp String D140ft",""
"HCR_S1-D160ft","Hills Creek Temp String D160ft",""
"HCR_S1-D180ft","Hills Creek Temp String D180ft",""
"HCR_S1-D200ft","Hills Creek Temp String D200ft",""
"HCR_S1-D20ft","Hills Creek Temp String D20ft",""
"HCR_S1-D30ft","Hills Creek Temp String D30ft",""
"HCR_S1-D40ft","Hills Creek Temp String D40ft",""
"HCR_S1-D50ft","Hills Creek Temp String D50ft",""
"HCR_S1-D60ft","Hills Creek Temp String D60ft",""
"HCR_S1-D80ft","Hills Creek Temp String D80ft",""
"HCTW","Hangman Cr @ State Line Rd Tekoa","Hangman Creek at State Line Road near Tekoa 1SE"
"HCWO","Hills Creek Weather","Hills Creek Weather near Oakridge, OR"
"HDLI","Hidden Lk SNOTEL","Hidden Lake SNOTEL"
"HDNM","",""
"HDQI","Headquarters Rain","HEADQUARTERS RAIN"
"HDWO","",""
"HEDB","Hedley","Hedley"
"HEII","Snake R nr Heise nr Blackfoot","SNAKE RIVER NEAR HEISE NEAR BLACKFOOT 2E"
"HEMB","",""
"HEMI","Hemlock Butte Snotel","HEMLOCK BUTTE SNOTEL"
"HEN","Henrys Lk Dm Henrys Fk nr Mks In","HENRYS LAKE DAM ON HENRYS FORK NEAR MACKS INN 6N"
"HENI","Henrys Fork nr Lk@Macks Inn","HENRYS FORK NEAR LAKE AT MACKS INN 7NNE"
"HEPO","Heppner Coop Climate Hydromet",""
"HERM","Heron 2NW","Heron 2nw"
"HERO","Hermiston 2NW AgriMet","Hermiston 2NW AgriMet"
"HEYI","Haily (Sun)","Haily (Sun)"
"HFAI","Henrys Fork near Ashton 3W","HENRYS FORK NEAR ASHTON 3W"
"HFDO","Hereford 1se Agrimet","Hereford 1SE Agrimet"
"HFMY","Henrys Fk nr Manila nr Lonet","Henrys Fork near Manila near Lonet"
"HGEI","Hulls Gulch E Ridge","Hulls Gulch East Ridge"
"HGEI-Sensor2","Hulls Gulch E Ridge Sensor 2",""
"HGFW","Hager Creek","Hager Creek RAWS near Packwood 6SE"
"HGH","Hungry Horse Dam nr Hungry Horse","HUNGRY HORSE DAM NEAR HUNGRY HORSE"
"HGH-Gate 1","Gate 1","Gate 1"
"HGH-Gate 2","Gate 2","Gate 2"
"HGH-Gate 3","Gate 3","Gate 3"
"HGH-HGHM","",""
"HGH-Ring Gate","Ring Gate","Ring Gate"
"HGHM","S Fork Flathd R nr Columbia Flls","SOUTH FORK FLATHEAD RIVER NEAR COLUMBIA FALLS 7E"
"HGMI","Hagerman 2Sw",""
"HGWM","Hungry Horse Dam Weather","Hungry Horse Dam Weather"
"HHAM","Hell'S Half Saddle nr Conner","Hell's Half Saddle RAWS near Conner 30SW"
"HHDW","",""
"HHFO","Hehe Butte","Hehe Butte RAWS near Warm Springs 17NW"
"HHFW","",""
"HHWM","Hungry Horse-Weather Svc","Hungry Horse-weather Svc"
"HI","Hole-In-Mtn Snotel Elev = 7900","HOLE-IN-MOUNTAIN SNOTEL - MIN TEMPERATURE IN DEGREES F ELEV = 7900"
"HIAO","Lower Hinton","Hinton Creek near Heppner, OR"
"HIMN","Hole-In-Mountain Snotel","HOLE-IN-MOUNTAIN SNOTEL"
"HINO","Upper Hinton","Hinton Creek below Kilkenny Fork near Heppner, OR"
"HIO","Hillsboro Airport",""
"HIRO","High Ridge Snotel","HIGH RIDGE SNOTEL"
"HKBY","Huckleberry Divide","Huckleberry Divide"
"HKFW","Huckleberry Ridge RAWS","Huckleberry Ridge Raws"
"HKSW","Huckleberry Creek Snotel",""
"HLCI","Hill City","Hill City"
"HLCI-Sensor2","Hill City Sensor 2",""
"HLDW","Holden","Holden"
"HLKW","Yakima R nr Horlick nr Thorp 5NW","Yakima River near Horlick near Thorp 5NW"
"HLMO","Holland Meadows","Holland Meadows"
"HLN","Helena WSO","Helena WSO"
"HLSI","Hailey R.S.","Hailey R.s."
"HLTI","Hilts Cr Snotel","HILTS CREEK SNOTEL"
"HLYI","Hailey 3 Mi N By NW","Hailey 3 Mile North By Northwest"
"HMCW","Hamilton Ck","Hamilton Creek at North Bonneville, WA"
"HMFY","Hams Fk nr Frontier","Hams Fork near Frontier"
"HMKY","Hams Fork","Hams Fork"
"HMM","Hamilton MT","Hamilton MT"
"HMNM","",""
"HMRO","Hart Mtn Refuge",""
"HMRW","Humptullips R blw Hwy 101 18NNW","Humptulips River below Highway 101 near Hoquiam 18NNW"
"HMS","Hanford","Hanford"
"HMSI","",""
"HMSO","HMSO",""
"HMTM","Como Dam & Res nr Hamilton","Como Dam and Reservoir near Hamilton 13SSW"
"HMTY","HMTY",""
"HNAO","Hinton #08","Hinton #08 Weather near Heppner, OR"
"HNBO","Hinton #09","Hinton #09 Weather near Heppner, OR"
"HNCO","Hinton #10","Hinton #10 Weather near Heppner, OR"
"HNDO","Hinton #11","Hinton #11 Weather near Heppner, OR"
"HNEO","Hinton #12","Hinton #12 Weather near Heppner, OR"
"HNFO","Hinton #13","Hinton #13 Weather near Heppner, OR"
"HNGO","Hinton #14","Hinton #14 Weather near Heppner, OR"
"HNHO","Hinton #15","Hinton #15 Weather near Heppner, OR"
"HNIO","Hinton #16","Hinton #16 Weather near Heppner, OR"
"HNJO","Hinton #17","Hinton #17 Weather near Heppner, OR"
"HNKO","HNKO",""
"HNRI","Henry","Henry"
"HNRI-Sensor2","Henry Sensor 2",""
"HNSY","Hansen Sawmill","Hansen Sawmill"
"HNYO","Honeymonn State Park",""
"HOCO","Columbia R @ Hood R OR","COLUMBIA RIVER AT HOOD RIVER, OR"
"HODO","Hood River at Tucker Bridge","Hood River at Tucker Bridge near Hood River"
"HOKW","Hoko R nr Seiku 4WSW","Hoko River near Seiku 4WSW"
"HOLI","Hollister","Hollister"
"HOMI","Homedale 1Mi Se",""
"HOOM","Hoodoo Basin Snotel","HOODOO BASIN SNOTEL"
"HOPI","Pend Oreille Lake nr Hope","PEND OREILLE LAKE NR HOPE"
"HOPI-Manometer","Pend Oreille Lake Hope Manoneter",""
"HOPI-Sensor2","Pend Oreille Lake Hope Sensor 2",""
"HOPO","Hogg Pass","Hogg Pass"
"HOPW","Palouse R near Hooper","Palouse R near Hooper"
"HOTI","Bruneau R near Hot Springs","BRUNEAU RIVER NEAR HOT SPRINGS 1S"
"HOTM","Hot Springs","Hot Springs"
"HOWI","Howe","Howe"
"HOWO","Howard Prairie","Howard Prairie"
"HOXO","Hood River Agrimet","Hood River 2S AgriMet"
"HPCO","Howard Prairie Lk","Howard Prairie Lake and Canal at Keene  HPCO3"
"HPD","Howard Prairie USBR-GOES",""
"HPDO","",""
"HPFI","Horse Peak","Horse Peak"
"HPRO","Heppner","Heppner 5SSE"
"HPWO","HPWO",""
"HPYC1","",""
"HQM","Hoquiam FAA Airport","Hoquiam FAA Airport"
"HQSI","Headquarters Precip","Headquarters Precip"
"HRFO","Hereford Oregon Wthr Stat","Hereford Oregon Weather Station  1S 4E"
"HRFW","Hoh R @ U.S. Highway 101","HOH RIVER AT U.S. HIGHWAY 101 NEAR FORKS 12SE"
"HRHW","Harrah","Harrah"
"HRI","Hermiston METAR Weather",""
"HRLO","Harl Butte near Joseph","Harl Butte RAWS near Joseph 18E"
"HRMI","Hermana Mine WS","Hermana Mine Weather Station"
"HRMO","Hermiston","Hermiston (HAREC) AgriMet"
"HRPW","Harts Pass","Harts Pass"
"HRSI","Payette R near Horseshoe Bend","PAYETTE RIVER NEAR HORSESHOE BEND 2N"
"HRTW","Hartline","Hartline"
"HSDC1","",""
"HSFO","Horse Creek","Horse Creek RAWS near Mill City 13NNE"
"HSKO","Haskins Dam",""
"HSSW","East Fork Lewis River","East Fork Lewis River near Heisson"
"HTNW","Hatton 9 Southeast","Hatton 9 Southeast"
"HUDY","Hudson Near Hudson",""
"HUFW","Humptulips","Humptulips"
"HUGI","Humboldt Gulch Snotel","HUMBOLDT GULCH SNOTEL"
"HUGW","Huge Cr nr Wauna 3WNW","Huge Creek near Wauna 3WNW"
"HUNO","Burnt R @ Huntington","Burnt River At Huntington"
"HURW","Hurricane Ridge nr Port Angeles","Hurricane Ridge Raws Near Port Angeles"
"HUZI","Huntz Gulch","Huntz Gulch RAWS"
"HVR","Havre","Havre"
"HWCI","Howell Canyon Snotel","HOWELL CANYON SNOTEL"
"HWLO","Willow Creek Inflow","Willow Creek above Willow Creek Lake near Heppner"
"HWRI","Big Lost R@Howell Rnch nr Chilly","Big Lost River At Howell Ranch Near Chilly"
"HWYO","Halfway near Baker","HALFWAY NEAR BAKER"
"HYA","Hyatt Dam-USBR-GOES",""
"HYFO","Haystack","Haystack RAWS near Madras 9S"
"HYNI","Hyndman Snotel","HYNDMAN SNOTEL"
"HYPO","HYPO-Precip",""
"HYSM","Hysham","Hysham"
"HZOW","Hozomeen Camp SNOTEL","Hozomeen Camp SNOTEL"
"Hangman_Ck","Hangman Creek",""
"Henrys_Fk","Henrys Fk","Henrys Fk"
"Henrys_Fork_R","Henrys Fork River","Henrys_Fork_River"
"Hills_Ck","Hills Creek","Hills Creek"
"Hinton_Ck","Hinton Creek","Hinton Creek"
"Hoh_R","Hoh River",""
"Hoko_R","Hoko River",""
"Huge_Ck","Huge Creek",""
"Humptulips_R","Humptulips River",""
"IBCW","Columbia R @ International Bdry","Columbia River at International Boundary 2N"
"IDA","Idaho Falls Faa Airport","Idaho Falls FAA Airport"
"IDCI","Idaho Cnl near Lewisville","Idaho Canal Near Lewisville"
"IDFI","Idaho Falls 16SE","Idaho Falls 16se"
"IDHI","Idaho City Temp","IDAHO CITY IDAHO  DAILY MINIMUM TEMPERATURE"
"IDSW","Snake R bl Goose-Ice Harbor Mid","SNAKE River BLW GOOSE -ICE HARBOR MIDDLE CHANNEL"
"IDXW","S Fork Tolt R near Index 8S","SOUTH FORK TOLT RIVER NEAR INDEX 8S"
"IDYI","Idaho City","Idaho City"
"IDYI-Sensor2","Idaho City Sensor 2",""
"IFFI","IFFI RFC Precip (Id Falls IFFI1)","IFFI_RFC_Precip (Id Falls IFFI1)"
"IFLI","Idaho Falls 2 ESE","Idaho Falls 2 Ese"
"IHFW","Ice Harbor Forebay","Ice Harbor Forebay"
"IHR","Ice Harbor Dam","Ice_Harbor_Dam"
"IHR-FishLadder-Left","Ice Harbor Left Fish Ladder",""
"IHR-FishLadder-Right","Ice Harbor Right Fish Ladder","Ice_Harbor_Right_Fishladder"
"IHR-SB1","Ice Harbor Spillbay 1",""
"IHR-SB10","Ice Harbor Spillbay 10",""
"IHR-SB2","Ice Harbor Spillbay 2","Ice_Harbor_GDACS"
"IHR-SB3","Ice Harbor Spillbay 3",""
"IHR-SB4","Ice Harbor Spillbay 4",""
"IHR-SB5","Ice Harbor Spillbay 5",""
"IHR-SB6","Ice Harbor Spillbay 6",""
"IHR-SB7","Ice Harbor Spillbay 7",""
"IHR-SB8","Ice Harbor Spillbay 8",""
"IHR-SB9","Ice Harbor Spillbay 9",""
"IHR-U1","Ice Harbor Unit 1",""
"IHR-U2","Ice Harbor Unit 2",""
"IHR-U3","Ice Harbor Unit 3",""
"IHR-U4","Ice Harbor Unit 4",""
"IHR-U5","Ice Harbor Unit 5","Ice_Harbor_GDACS"
"IHR-U6","Ice Harbor Unit 6",""
"IHRA","Lk Sacajawea FB @ Ice Harbor Dam","Lake Sacajawea Forebay at Ice Harbor Dam WA"
"IHRTWF","Ice Harbor Scroll Case Wtr Tmp","ICE HARBOR - SCROLL CASE WATER TEMPERATURE"
"IHR_S1","Ice Harbor Temp String","ICE HARBOR FOREBAY TEMP. STRING"
"IHR_S1-D0,5m","Ice Harbor Temp String D0,5m",""
"IHR_S1-D1,5m","Ice Harbor Temp String D1,5m",""
"IHR_S1-D10m","Ice Harbor Temp String D10m",""
"IHR_S1-D15m","Ice Harbor Temp String D15m",""
"IHR_S1-D20m","Ice Harbor Temp String D20m",""
"IHR_S1-D25m","Ice Harbor Temp String D25m",""
"IHR_S1-D30m","Ice Harbor Temp String D30m",""
"IHR_S1-D32mA","Ice Harbor Temp String D32mA",""
"IHR_S1-D32mB","Ice Harbor Temp String D32mB",""
"IHR_S1-D32mC","Ice Harbor Temp String D32mC",""
"IHR_S1-D35m","Ice Harbor Temp String D35m",""
"IHR_S1-D3m","Ice Harbor Temp String D3m",""
"IHR_S1-D5m","Ice Harbor Temp String D5m",""
"IHTW","Ice Harbor Tailwater Radar","Ice Harbor Tailwater Radar"
"IHXW","Ice Harbor Dam Weather","Ice Harbor Dam Weather"
"II","Island Prk Snotel Sno Wtr Equiv","ISLAND PARK SNOTEL - SNOW WATER EQUIVALENT ELEV = 6290"
"ILHO","Illahe                    Tb20",""
"ILLB","Illecillewaet R @ Greeley","Illecillewaet River At Greeley (08ND013)"
"IMBO","Imbler Org Wthr Stn","Imbler ORegon Weather Station 2 South"
"IMHO","Imnaha R @ Imnaha","IMNAHA RIVER AT IMNAHA IMHO3"
"IMNO","Imnaha R @ Imnaha","IMNAHA RIVER AT IMNAHA"
"IMTW","Iron Mtn nr Republic 8SE","Iron Mountain RAWS near Republic 8SE"
"INCI","Independent Cnl","Independent Canal"
"INCY","Indian Cr Snotel","INDIAN CREEK SNOTEL"
"INDI","Indianola near N Fork","Indianola RAWS near North Fork 4N"
"INEI","Inl Diversion @ Head near Arco","INL DIVERSION AT HEAD NEAR ARCO 13SE"
"INLI","Inel Area A near Arco","INEL AREA A NEAR ARCO"
"INRO","Indian Ridge (Snow Course)","Indian Ridge (Snow Course)"
"IPDI","Island Park 1SW Dam & Res","Island Park 1sw Island Park Dam And Reservoir"
"IPFI","Island Park 1NW","Island Park RAWS 1NW"
"IPKO","IPKO-Precip",""
"IREW","Irene Mountain Wauconda","Irene Mountain Wauconda"
"IRFO","Briar Rabbitt","Briar Rabbitt RAWS near Paulina 15NE"
"IRNO","Ironside 2 W","Ironside 2 West"
"IRSW","Indian Rock","Indian Rock"
"ISCI","Island Cnl near Labelle","Island Canal Near Labelle"
"ISL","Henrys Fork Island Park Dam","ISLAND PARK DAM & RESERVOIR NEAR ISLAND PARK 1SW"
"ISL-Spillway1","Island Park Dam Spillway 1",""
"ISL-Spillway2","Island Park Dam Spillway 2",""
"ISLI","Henrys Fork near Island Park","HENRYS FORK NEAR ISLAND PARK 1SW"
"ISPI","Island Park Snotel","ISLAND PARK SNOTEL"
"ISQW","Issaquah Cr nr Hobart","ISSAQUAH CREEK NEAR HOBART NEAR ISSAQUAH 6S"
"ISSW","Issaquah Cr nr Mouth nr Issaquah","ISSAQUAH CREEK NEAR MOUTH NEAR ISSAQUAH 2NW"
"ISWI","Island Park 1SSE","Island Park 1sse"
"Illecillewaet_R","Illecillewaet River",""
"Imnaha_R","Imnaha River",""
"Issaquah_Ck","Issaquah Creek",""
"JAC","Jackson",""
"JAPN","Jacks Peak","Jacks Peak"
"JASO","Jasper","Middle Fork Willamette River at Jasper"
"JCCO","",""
"JCK","Snake R On Jackson Lk @ Dam","SNAKE RIVER ON JACKSON LAKE AT DAM NEAR MORAN 5WNW"
"JCKY","Snake R Nr Moran Wy","SNAKE RIVER NR MORAN WY"
"JCRW","Joseph Cr nr Mouth nr Anatone","Joseph Creek near Mouth near Anatone 9SE"
"JCTO","",""
"JCUN","Jack Cr Upper Snotel","JACK CREEK UPPER SNOTEL"
"JDA","John Day Dam","John Day Dam"
"JDA-SB1","John Day Spillbay 1","John Day Spillbay 1"
"JDA-SB10","John Day Spillbay 10","John Day Spillbay 10"
"JDA-SB11","John Day Spillbay 11","John Day Spillbay 11"
"JDA-SB12","John Day Spillbay 12","John Day Spillbay 12"
"JDA-SB13","John Day Spillbay 13","John Day Spillbay 13"
"JDA-SB14","John Day Spillbay 14","John Day Spillbay 14"
"JDA-SB15","John Day Spillbay 15","John Day Spillbay 15"
"JDA-SB16","John Day Spillbay 16","John Day Spillbay 16"
"JDA-SB17","John Day Spillbay 17","John Day Spillbay 17"
"JDA-SB18","John Day Spillbay 18","John Day Spillbay 18"
"JDA-SB19","John Day Spillbay 19","John Day Spillbay 19"
"JDA-SB2","John Day Spillbay 2","John Day Spillbay 2"
"JDA-SB20","John Day Spillbay 20","John Day Spillbay 20"
"JDA-SB3","John Day Spillbay 3","John Day Spillbay 3"
"JDA-SB4","John Day Spillbay 4","John Day Spillbay 4"
"JDA-SB5","John Day Spillbay 5","John Day Spillbay 5"
"JDA-SB6","John Day Spillbay 6","John Day Spillbay 6"
"JDA-SB7","John Day Spillbay 7","John Day Spillbay 7"
"JDA-SB8","John Day Spillbay 8","John Day Spillbay 8"
"JDA-SB9","John Day Spillbay 9","John Day Spillbay 9"
"JDA-U1","John Day Unit 1","John Day Unit 1"
"JDA-U10","John Day Unit 10","John Day Unit 10"
"JDA-U11","John Day Unit 11","John Day Unit 11"
"JDA-U12","John Day Unit 12","John Day Unit 12"
"JDA-U13","John Day Unit 13","John Day Unit 13"
"JDA-U14","John Day Unit 14","John Day Unit 14"
"JDA-U15","John Day Unit 15","John Day Unit 15"
"JDA-U16","John Day Unit 16","John Day Unit 16"
"JDA-U2","John Day Unit 2","John Day Unit 2"
"JDA-U3","John Day Unit 3","John Day Unit 3"
"JDA-U4","John Day Unit 4","John Day Unit 4"
"JDA-U5","John Day Unit 5","John Day Unit 5"
"JDA-U6","John Day Unit 6","John Day Unit 6"
"JDA-U7","John Day Unit 7","John Day Unit 7"
"JDA-U8","John Day Unit 8","John Day Unit 8"
"JDA-U9","John Day Unit 9","John Day Unit 9"
"JDAO","Columbia John Day Dam",""
"JDA_S1","John Day Forebay Temp String","JOHN DAY FOREBAY TEMP. STRING"
"JDMO","McDonald Ferry","John Day River at McDonald Ferry"
"JDN","",""
"JDRO","John Day",""
"JDY","John Day Dam Water Quality","John Day Dam Water Quality"
"JEFO","Jefferson 2","Santiam River near Jefferson"
"JEFW","Jefferson","Jefferson"
"JEFY","Jeffrey City 1W",""
"JELO","Jewell Wildlife Meadows","Jewell Wildlife Meadows near Jewell 1W"
"JER","Jerome",""
"JER-Sensor2","Jerome Sensor 2",""
"JETM","Jette RAWS nr Ronan 5SE","Jette RAWS near Ronan 5SE"
"JFFO","Jefferson","Santiam River at Jefferson"
"JFSY","Jackson",""
"JHAO","John Day River near John Day","John Day River near John Day 3 miles downstream"
"JHAW","John Day R nr John Day 3 Mi DS","JOHN DAY RIVER NEAR JOHN DAY 3 MILES DOWNSTREAM"
"JHNO","John Day River at John Day","John Day River near John Day"
"JKNY","Wthr Stat nr Jackson","WEATHER STATION NEAR JACKSON 1NW"
"JKPI","Jackson Peak Snotel","JACKSON PEAK SNOTEL"
"JKSY","Snake R Blw Flat Cr nr Jcksn","SNAKE RIVER BELOW FLAT CREEK NEAR JACKSON 7SW"
"JLKY","Moran 5WNW","Moran 5WNW"
"JNLB","",""
"JNVO","Jordan Valley","Jordan Valley"
"JNW","Newport Main Fire",""
"JOHI","Johnson Cr @ Yellow Pine","JOHNSON CREEK AT YELLOW PINE"
"JOJO","Jump Off Joe","Jump Off Joe"
"JOSO","Joseph","Joseph"
"JPGO","John Day River at Picture Gorge","John Day River at Picture Gorge near Dayville 6NW"
"JPTN","",""
"JRFO","J Ridge","J Ridge Near La Grande  20SW  JRFO3"
"JRMI","Jerome","Jerome"
"JRPI","J. Ricks Pipeline (Teton River",""
"JTRO","Juntura 9 ENE","Juntura 9 Ene"
"JUFW","Juniper Dunes near Eltopia","Juniper Dunes RAWS near Eltopia 11SE"
"JUNO","Rogue River Canal","Rogue River Valley Canal Near Shady Grove  13NE  JUNO3"
"John_Day_R","John Day River",""
"KAC","Lake Kachess - KAC","Lake Kachess"
"KACW","Lake Kachess - KACW","Lake Kachess"
"KADW","Kachess R Nr Easton","KACHESS R NR EASTON"
"KAHO","Warm Springs River","Warm Springs River near Kahneeta Hot Springs"
"KAMI","Kamiah",""
"KAMW","Kalama Falls Hatchery",""
"KANB","",""
"KASB","Kaslo","Kaslo"
"KAWB","Kawkawa Lake","Kawkawa Lake"
"KBFO","Kelsey Butte","Kelsey Butte Near Beulah  10E  KBFO3"
"KBOI","",""
"KBYY","KBYY",""
"KCFW","Kidney Cr","Kidney Creek"
"KCLB","Kootenay G.S. - 08NF002","Kootenay G.S. (08nf002)"
"KEDW","",""
"KEE","Keechelus Dam & Lk on Yakima R","Keechelus Dam & Lake On Yakima River Near Martin"
"KEEO","Keeney Two","Keeney Two RAWS near John Day 17N"
"KELI","Kelly Cr near Headquarters 37ENE","Kelly Creek RAWS near Headquarters 37ENE"
"KELW","Cowlitz River at Kelso","COWLITZ RIVER AT KELSO WA"
"KENO","KENO-Precip",""
"KENW","Kennewick","Kennewick"
"KENW-Sensor2","Kennewick Sensor 2",""
"KEOO","KEOO",""
"KER","Flathead Lk @ Kerr Dam nr Polson","FLATHEAD LAKE AT KERR DAM NEAR POLSON 5WSW"
"KERM","Kerr Dam","Kerr Dam"
"KETI","Ketchum Ranger Station","Ketchum R.S."
"KETI-Sensor2","Ketchum Ranger Station Sensor 2",""
"KFLO","",""
"KFLW","Kettle Falls Agrimet, Wa","Kettle Falls AgriMet, WA"
"KIDW","Nf Toutle At Kid Valley",""
"KIMB","Kimberley","Kimberley"
"KIMO","King Mountain","King Mountain"
"KIOW","Yakima River At Kiona","YAKIMA RIVER AT KIONA"
"KKBI","Kootenai R at Klockmann Ranch","Kootenai River at Klockmann Ranch near Bonners Ferry"
"KLAW","Kalama Tdg Monitoring Station","Kalama TDG monitoring station"
"KLCW","Klickitat R Nr Glenwood","Klickitat River Abv W Fk Nr Glenwood  17N  KLCW1"
"KLGI","Kellogg","Kellogg"
"KLLW","Sanpoli R ab Jack Cr nr Keller","Sanpoil River above Jack Creek near Keller 1N"
"KLLY","Kelley R.S. Snotel","KELLEY R.S. SNOTEL"
"KLMO","KLMO-Precip",""
"KLS","",""
"KMFW","Kramer","Kramer"
"KMRO","KMRO",""
"KMRY","",""
"KNCW","Kennewick Canal Diversion","Kennewick Canal Diversion"
"KNDY","Kendall Ranger Station","Kendall R.S."
"KNLB","",""
"KNTO","Kent",""
"KOKI","Kooskia",""
"KOOI","Fenn Rs","Fenn Rs"
"KOSB","",""
"KOSW","Kosmos Mountain","Kosmos Mountain RAWS near Glenoma 3NW"
"KRBO","Illinois River near Kerby","Illinois River near Kerby"
"KRCI","Kriley Cr near Salmon","Kriley Creek RAWS near Salmon 15N"
"KRCM","Kraft Cr","Kraft Creek"
"KRMI","Kootenai R Blw Moyie Riv","KOOTENAI RIVER BLW MOYIE RIV NR BONNERS FERRY ID"
"KRSI","Sf Salmon R Nr Krassel Rngr Stn","SF SALMON RIVER NR KRASSEL RANGER STATION ID"
"KRWY","Kirwin Snotel","KIRWIN SNOTEL"
"KSPM","Kalispell 9 NNE","Kalispell 9 NNE"
"KTBI","Kettle Butte Wthr Stat","Kettle Butte Weather Station"
"KTCB","Kootenay Crossing@Kootenay Nt Pk","Kootenay Nat Park Kootenay Crossing"
"KTCW","Kittitas Canal Diversion","Kittitas Canal Diversion"
"KTFW","Colville River At Kettle Falls","COLVILLE RIVER AT KETTLE FALLS"
"KTLW","Kettle Falls RAWS 9NNE","Kettle Falls RAWS 9NNE"
"KUSW","Skookum Cr SNOTEL","Skookum Creek SNOTEL"
"KWRB","",""
"KZRO","Keizer","Willamette River at Keizer"
"Kachess_R","Kachess River",""
"Kettle_R","Kettle River",""
"Kidney_Ck","Kidney Creek",""
"Kootenai","Kootenai River","Kootenai River"
"Kootenai_R","Kootenai River","Kootenai River"
"Kraft_Ck","Kraft Creek",""
"LABI","W. Labelle & Long Island Cnl","W. Labelle & Long Island Canal"
"LABO","Lacomb 3Nne",""
"LACI","LACI",""
"LACW","Lacrosse","Lacrosse"
"LADN","Laurel Draw Snotel","LAUREL DRAW SNOTEL"
"LAFO","",""
"LAGO","Grande Ronde R @ La Grande","Grande Ronde River At La Grande"
"LAIM","",""
"LAKO","Lakeview Oregon WS 8SW","Lakeview Oregon Weather Station  8SW"
"LAKW","Lynn Lake","LYNN LAKE"
"LAMO","Laurel Mountain",""
"LAPI","Lapwai - Discharge","LAPWAI - DISCHARGE"
"LAPO","Little Deschutes River","Little Deschutes River near Lapine 1N"
"LAR","Laramie","Laramie"
"LARO","Little Applegate R nr Ruch","Little Applegate R nr Ruch, OR"
"LASW","Airstrip nr Sunday Cr WA","Airstrip"
"LAUW","Kettle River Near Laurier 1sE","KETTLE RIVER NEAR LAURIER 1SE"
"LBCO","LIttle Butte Creek at Lake Creek","Little Butte Creek at Lake Creek"
"LBEO","Little Butte Cr blw Eagle Point","Little Butte Creek below Eagle Point 1SW"
"LBFM","Libby","Libby"
"LBFO","Lava Butte","Lava Butte RAWS near Bend 9SW"
"LBHW","Long Beach Exp Station","Long Beach Exp Station"
"LBLW","Cdr R Blw Divrsn nr Landsbg","CEDAR RIVER BELOW DIVERSION NEAR LANDSBURG NEAR MAPLE VALLEY 3E"
"LBMM","Libby Radio Stn KLCB","Libby Radio Station KLCB"
"LBQM","Libby Water Quality Station","LIBBY WATER QUALITY STATION"
"LBRW","Lake Bryan Rice Bar -WA","Lake Bryan - Rice Bar Washington"
"LBTM","Libby Dam Temperature String","LIBBY DAM TEMPERATURE STRING"
"LBTM_S1","Libby Dam Temp String","Libby Dam & Lake Koocanusa near Libby Temperature String"
"LBTM_S1-E2170ft","Libby Temp String E2170ft",""
"LBTM_S1-E2225ft","Libby Temp String E2225ft",""
"LBTM_S1-E2275ft","Libby Temp String E2275ft",""
"LBTM_S1-E2300ft","Libby Temp String E2300ft",""
"LBTM_S1-E2310ft","Libby Temp String E2310ft",""
"LBTM_S1-E2320ft","Libby Temp String E2320ft",""
"LBTM_S1-E2330ft","Libby Temp String E2330ft",""
"LBTM_S1-E2340ft","Libby Temp String E2340ft",""
"LBTM_S1-E2350ft","Libby Temp String E2350ft",""
"LBTM_S1-E2360ft","Libby Temp String E2360ft",""
"LBTM_S1-E2370ft","Libby Temp String E2370ft",""
"LBTM_S1-E2380ft","Libby Temp String E2380ft",""
"LBTM_S1-E2390ft","Libby Temp String E2390ft",""
"LBTM_S1-E2400ft","Libby Temp String E2400ft",""
"LBTM_S1-E2410ft","Libby Temp String E2410ft",""
"LBTM_S1-E2420ft","Libby Temp String E2420ft",""
"LBTM_S1-E2430ft","Libby Temp String E2430ft",""
"LBTM_S1-E2440ft","Libby Temp String E2440ft",""
"LBTM_S1-E2450ft","Libby Temp String E2450ft",""
"LBUO","N Fk Ltl Butte Ck","North Fork Little Butte Creek Canal Nr Eagle Pt 16ESE LBUO3"
"LBWM","Libby Dam WS near Libby 11E","LIBBY DAM WEATHER STATION NEAR LIBBY 11E"
"LBYM","Libby MT","Libby MT Ranger Station"
"LBYW","Lk Bryan @ Ltl Goose Dam 7NE","Lake Bryan at Little Goose Dam near Starbuck 7NE"
"LCFW","Lane Cr nr Kettle Falls","Lane Creek (Kettle Falls)"
"LCHO","",""
"LCKI","Lines Cr nr St. Maries 22SE","Lines Creek RAWS near St. Maries 22SE"
"LCKM","Lick Cr","Lick Creek"
"LCKO","Lake Creek","Lake Creek Near Diamond Lake  2NW  LCKO3"
"LCLO","Lebanon Santiam Canal","Lebanon Santiam Canal near Lebanon"
"LCRW","Lake Cr @ Mouth Near Ardenvoir","Lake Creek at Mouth near Ardenvoir 16NNW"
"LCSB","Lost Creek South","Lost Creek South"
"LDOI","Leadore 6e (Leadore Cr RAWS)","Leadore 6e (Leadore Creek Raws)"
"LDRI","Leadore No 2","Leadore No 2"
"LDSM","",""
"LDWM","Libby Dam WS near Libby 11E","Libby Dam Weather Station near Libby 11E"
"LEAO","Leaburg 1Sw",""
"LEBO","Lebanon Santiam Canal",""
"LECW","Lester Weather Station","LESTER WEATHER STATION"
"LEEO","Lees Camp","Lees Camp rain gauge"
"LEFO","Lee Falls",""
"LEFW","Leecher Raws (Okanagan Nf)","Leecher Raws (Okanagan Nf)"
"LEGW","Legrow WS","Legrow Weather Station"
"LEHW","Leach Creek Near Fircrest 1S","LEACH CREEK NEAR FIRCREST 1S"
"LEMO","Lemolo Lake Nr Toketee Falls",""
"LEOI","Kootenai River At Leonia","KOOTENAI RIVER AT LEONIA"
"LERI","Leadore Cr","Leadore Creek"
"LESW","Green R abv Twin Cr nr Lester","Green R abv Twin Cr nr Lester"
"LEWI","Clearwater R near Lewiston","CLEARWATER RIVER NEAR LEWISTON"
"LFPI","Lk Fk Paytt Ab Jumbo Ck Nr Mccal","LAKE FORK PAYETTE RV ABV JUMBO CK NR MCCALL ID"
"LFTI","Lifton Pumping Station","Lifton Pumping Station"
"LGCO","Looking Glass Cr nr Looking Glas","Looking Glass Creek near Looking Glass near Elgin 12NNE"
"LGD","La Grande","La Grande"
"LGDO","La Grande","La Grande"
"LGFO","Log Creek","Log Creek RAWS near Rhododendron 12N"
"LGFW","Little Goose Forebay","LITTLE GOOSE FOREBAY (RADAR)"
"LGLW","LaGrande Reservoir","LaGrande Reservoir"
"LGNO","Grande Ronde R near Perry","Grande Ronde River Near Perry"
"LGNW","Snake R blw Lower Granite Dam","SNAKE RIVER BELOW LOWER GRANITE DAM"
"LGPO","Long Prairie","Long Prairie RAWS near Langlois 12NE"
"LGRW","Nisqually River At La Grande","NISQUALLY RIVER AT LA GRANDE"
"LGS","Little Goose Dam","Little_Goose_Dam"
"LGS-SB1","Little Goose Spillbay 1",""
"LGS-SB2","Little Goose Spillbay 2",""
"LGS-SB3","Little Goose Spillbay 3",""
"LGS-SB4","Little Goose Spillbay 4",""
"LGS-SB5","Little Goose Spillbay 5",""
"LGS-SB6","Little Goose Spillbay 6",""
"LGS-SB7","Little Goose Spillbay 7",""
"LGS-SB8","Little Goose Spillbay 8","Little_Goose_GDACS"
"LGS-U1","Little Goose Unit 1",""
"LGS-U2","Little Goose Unit 2",""
"LGS-U3","Little Goose Unit 3",""
"LGS-U4","Little Goose Unit 4",""
"LGS-U5","Little Goose Unit 5",""
"LGS-U6","Little Goose Unit 6","Little_Goose_GDACS"
"LGSA","Lake Byran @ Little Goose Dam","Lake Bryan at Little Goose Dam near Starbuck 7NE"
"LGSW","Little Goose WQ","LITTLE GOOSE WQ"
"LGS_S1","Little Goose Forebay Temp","LITTLE GOOSE FOREBAY TEMP. STRING"
"LGS_S1-D0,5m","Little Goose Temp LGS_S1-D0,5m",""
"LGS_S1-D1,5m","Little Goose Temp LGS_S1-D1,5m",""
"LGS_S1-D10m","Little Goose Temp LGS_S1-D10m",""
"LGS_S1-D15m","Little Goose Temp LGS_S1-D15m",""
"LGS_S1-D20m","Little Goose Temp LGS_S1-D20m",""
"LGS_S1-D25m","Little Goose Temp LGS_S1-D25m",""
"LGS_S1-D30m","Little Goose Temp LGS_S1-D30m",""
"LGS_S1-D35m","Little Goose Temp LGS_S1-D35m",""
"LGS_S1-D3m","Little Goose Temp LGS_S1-D3m",""
"LGS_S1-D40m","Little Goose Temp LGS_S1-D40m",""
"LGS_S1-D45m","Little Goose Temp LGS_S1-D45m",""
"LGS_S1-D5m","Little Goose Temp LGS_S1-D5m",""
"LGTW","Little Goose Tailwater","Little Goose Tailwater"
"LGVI","Long Valley Snotel",""
"LHGW","Lk HG W @ Lwr Monmntl Dam LHGW","Lake HG West at Lower Monumental Dam near Kahlotus 6S"
"LIB","Libby Dam Near Libby","LIBBY DAM NEAR LIBBY"
"LIBM","Kootenai R Blw Libby Dam","KOOTENAI RIVER BELOW LIBBY DAM NEAR LIBBY 11E"
"LIBM_S1","",""
"LIDW","Lind WS","Lind Weather Station"
"LINI","Big Lost R @ Lincoln Blvd Brdg","BIG LOST RIVER AT LINCOLN BLVD BRIDGE NEAR ARCO 18NE"
"LINM","Lincoln Rs","Lincoln Rs"
"LINW","Lind 3 NW","Lind 3 Northwest"
"LITW","Ltl Wenatchee bl Rainey Cr 7NW","Little Wenatchee below Rainey Creek near Merritt 7NW"
"LITY","Little Snake River","Little Snake River SNOTEL"
"LKAW","Lake Aldwell","Lake Aldwell"
"LKCO","Lake Cr R S Snotel Avg Tmp","LAKE CREEK R.S. SNOTEL - AVG TEMPERATURE IN DEGREES F ELEV = 5200"
"LKLB","",""
"LKMW","Lookout Mountain",""
"LKN","BLM Property NV","Bureau of Land Management Property NV"
"LKPO","LKPO",""
"LKSI","Lava Hot Springs",""
"LKSO","Locks near Cascade Locks","Locks RAWS near Cascade Locks 1SW"
"LKTI","Lookout Snotel - 5140","LOOKOUT SNOTEL - 5140"
"LKTO","Elkton 3Sw",""
"LKV","Lakeview - LKV","Lakeview"
"LKVM","Lakeview - LKVM","Lakeview"
"LKW","Lake Washington Ship Canal","Lake Washington Ship Canal"
"LKWG","Lake Washington Ship Cnl Smolt 1","Lake Washington Ship Canal (Smolt Hours)"
"LKWH","Lake Washington Ship Cnl Smolt 2","Lake Washington Ship Canal (Smolt Hours)"
"LKWI","Lake Washington Ship Cnl Smolt 3","Lake Washington Ship Canal (Smolt Hours)"
"LKWJ","Lake Washington Ship Cnl Smolt 4","Lake Washington Ship Canal (Smolt Hours)"
"LKWS","Lk Wshngtn Shp Cnl (Opn & Hrs)","Lake Washington Ship Canal (Spillgate Open & Hours)"
"LKYY","Unknown Weather Station","Unknown Weather Station"
"LLFW","Lost Lake","Lost Lake"
"LLJ","Used To Be Challis (Chai)","Use To Be Challis (Chai) (No Desc For Llj"
"LLK","Long Lake Dam","Long Lake Dam"
"LLLW","Large Lock Lake Washington WQ","LARGE LOCK LAKE WASHINGTON WATER QUALITY"
"LLLW-Barrier","",""
"LLLW-FishLadder","",""
"LLLW-Large","",""
"LLLW-Large-FalseLocking","",""
"LLLW-Large1-Chamber1","",""
"LLLW_S1","Large Lock Lake WA Temp String","Large Lock Lake Washington Temperature String"
"LLLW_S1-D18,0ft","Large Lock Lake WA Temp D18,0ft",""
"LLLW_S1-D25,0ft","Large Lock Lake WA Temp D25,0ft",""
"LLLW_S1-D28,0ft","Large Lock Lake WA Temp D28,0ft",""
"LLLW_S1-D36,0ft","Large Lock Lake WA Temp D36,0ft",""
"LLLW_S1-D43,0ft","Large Lock Lake WA Temp D43,0ft",""
"LLRI","Ltl Lost R blw Wet Cr nr Home","Little Lost River below Wet Creek near Home 17NW"
"LMAM","Lima",""
"LMCN","Lamance Cr - Snotel","Lamance Creek - Snotel"
"LMCO","Little Mccoy Cr","Little McCoy Creek RAWS"
"LMDO","Little Meadows","Little Meadows"
"LMDW","",""
"LMFW","Lower Monumental Forebay","Lower Monumental Forebay (Radar)"
"LMHM","Lemhi Ridge","Lemhi Ridge"
"LML","Elwa 4 Mi S Glines Canyon Dam","Elwa 4 Miles South Glines Canyon Dam Lake Mills"
"LMLO","Lemolo Lake 3 Nnw",""
"LMN","Lower Monumental Dam","Lower_Monumental_Dam"
"LMN-FishLadder-Left","Lower Monumental L Fish Ladder",""
"LMN-FishLadder-Right","Lower Monumental R Fish Ladder",""
"LMN-SB1","Lower Monumental Spillbay 1",""
"LMN-SB2","Lower Monumental Spillbay 2",""
"LMN-SB3","Lower Monumental Spillbay 3",""
"LMN-SB4","Lower Monumental Spillbay 4",""
"LMN-SB5","Lower Monumental Spillbay 5",""
"LMN-SB6","Lower Monumental Spillbay 6",""
"LMN-SB7","Lower Monumental Spillbay 7",""
"LMN-SB8","Lower Monumental Spillbay 8",""
"LMN-Spillway","Lower Monumental Spillway",""
"LMN-U1","Lower Monumental Unit 1",""
"LMN-U2","Lower Monumental Unit 2",""
"LMN-U3","Lower Monumental Unit 3",""
"LMN-U4","Lower Monumental Unit 4",""
"LMN-U5","Lower Monumental Unit 5",""
"LMN-U6","Lower Monumental Unit 6",""
"LMNA","Lk Herbert FB @ Lower Monumental","Lake Herbert Forebay at Lower Monumental"
"LMNW","Lk HG West @ Lwr Monumental Dam","LAKE HG WEST AT LOWER MONUMENTAL DAM NEAR KAHLOTUS 6S"
"LMN_S1","Lower Monumental Forebay Temp","LOWER MONUMENTAL FOREBAY TEMP. STRING"
"LMN_S1-D0,5m","Lower Monumental Temp D0,5m",""
"LMN_S1-D1,5m","Lower Monumental Temp D1,5m",""
"LMN_S1-D10m","Lower Monumental Temp D10m",""
"LMN_S1-D15m","Lower Monumental Temp D15m",""
"LMN_S1-D20m","Lower Monumental Temp D20m",""
"LMN_S1-D25m","Lower Monumental Temp D25m",""
"LMN_S1-D30m","Lower Monumental Temp D30m",""
"LMN_S1-D35m","Lower Monumental Temp D35m",""
"LMN_S1-D3m","Lower Monumental Temp D3m",""
"LMN_S1-D40m","Lower Monumental Temp D40m",""
"LMN_S1-D45m","Lower Monumental Temp D45m",""
"LMN_S1-D5m","Lower Monumental Temp D5m",""
"LMRM","Antelope nr Lima 5NE","Antelope RAWS near Lima 5NE"
"LMRW","Elwa 4 Mi S Glines Cnyn Dam LMRW","Elwa 4 Mile South Glines Canyon Dam Lake Mills"
"LMT","LMT-Precip",""
"LMTW","Lower Monumental Tailwater","Lower Monumental Tailwater (Radar)"
"LNBM","Lindbergh Lk","Lindbergh Lake"
"LNBW","Landsburg","Landsburg"
"LND","Lander Wso","Lander Wso"
"LNDW","Cedar R nr Landsburg","CEDAR RIVER NEAR LANDSBURG NEAR MAPLE VALLEY 4E"
"LNGO","LNGO",""
"LNRW","Ltl Naches R nr Nile 2N","LITTLE NACHES RIVER NEAR NILE NEAR MABTON 2N"
"LNRY","Lander(Downtown)Coop Stn",""
"LN_Santiam_R","Little North Santiam River","Little North Santiam River"
"LOBO","East Fork Lobster Creek","East Fork Lobster Creek near Alsea"
"LOCI","Lochsa R nr Lowell nr Kooskia","LOCHSA RIVER NEAR LOWELL NEAR KOOSKIA 19E"
"LOCO","Lookout Ck","Lookout Creek near Blue River"
"LOFO","High Point","High Point RAWS near Veneta 11SSW"
"LOGO","Long Creek",""
"LOHW","Lost Horse","Lost Horse"
"LOLM","Lolo Hot Springs Near Lolo 20W","LOLO HOT SPRINGS NEAR LOLO 20W"
"LOMI","Lowman","Lowman"
"LONO","London","Coast Fork Willamette at London, OR"
"LONW","Columbia R @ Longview","Columbia River At Longview"
"LOP","Lookout Point Dam","Lookout Point Lake near Lowell, OR"
"LOPO","MF Willamette - Lookout Pt Dam","Middle Fork Willamette - Lookout Point Dam"
"LOPW","Columbia R@Longview (NOAA Tide)","Columbia River At Longview (NOAA Tide)"
"LOPW-Sensor2","Columbia R @ Longview Sensor 2","Columbia River at Longview Sensor 2"
"LOPY","Loomis Park Snotel","LOOMIS PARK SNOTEL"
"LOP_S1","Lookout Point Temperature String","Lookout Point Temperature String"
"LOP_S1-D0,5ft","Lookout Point Temp String D0.5ft",""
"LOP_S1-D100ft","Lookout Point Temp String D100ft",""
"LOP_S1-D10ft","Lookout Point Temp String D10ft",""
"LOP_S1-D120ft","Lookout Point Temp String D120ft",""
"LOP_S1-D140ft","Lookout Point Temp String D140ft",""
"LOP_S1-D160ft","Lookout Point Temp String D160ft",""
"LOP_S1-D180ft","Lookout Point Temp String D180ft",""
"LOP_S1-D200ft","Lookout Point Temp String D200ft",""
"LOP_S1-D201ft","Lookout Point Temp String D201ft",""
"LOP_S1-D20ft","Lookout Point Temp String D20ft",""
"LOP_S1-D30ft","Lookout Point Temp String D30ft",""
"LOP_S1-D40ft","Lookout Point Temp String D40ft",""
"LOP_S1-D60ft","Lookout Point Temp String D60ft",""
"LOP_S1-D80ft","Lookout Point Temp String D80ft",""
"LORI","Snake R near Lorenzo 1N","SNAKE RIVER NEAR LORENZO 1N"
"LORO","",""
"LOS","Lost Creek Dam","Lost Creek Lake near Mcleod"
"LOSO","Lost Creek Outflow",""
"LOSTC","Lost Cr S","Lost Creek South"
"LOVW","Longview nr St. Helens","Longview Near St. Hellens"
"LOW","Lake Lowell near Caldwell","LAKE LOWELL NEAR CALDWELL 4W"
"LOWI","Lowell Idaho (Amos)","Lowell Idaho (Amos)"
"LPFI","Lodge Pole -","Lodge Pole - Raws"
"LPOW","Ltl Pend Oreille NWR nr Colville","Little Pend Oreille National Wildlife Refuge RAWS near Colville 10SE"
"LPPI","Pa Lateral (Pump Plnt) nr Milner","Pa Lateral (Pumping Plant) Near Milner"
"LPPY","Laprele Cr","Laprele Creek"
"LPSI","Lolo Pass Snotel","LOLO PASS SNOTEL"
"LPSW","Lone Pine","Lone Pine"
"LPUW","",""
"LPWO","Lookout Point Weather","Lookout Point Weather near Lowell, OR"
"LRCW","Lewis River above Muddy River","Lewis River above Muddy River near Cougar"
"LRDI","Lemhi R Blw L5 Div nr Salmon","Lemhi River below L5 Diversion near Salmon 6SE"
"LRHO","LRHO",""
"LRPO","Little River at Peel","Little River at Peel"
"LRRM","Lima Res nr Lima 11E","Lima Reservoir near Lima 11E"
"LRWW","Lewis R @ C St Bridge @ Woodland","Lewis River At C St Bridge At Woodland"
"LSCO","L N Santiam R below Canyon Cr","Little North Santiam River below Canyon Creek, near Mehama, OR"
"LSDW","Little Spokane R @ Dartfort","LITTLE SPOKANE RIVER AT DARTFORT NEAR SPOKANE 8N"
"LSEO","Johnson Creek at Milwaukie","Johnson Creek at Milwaukie"
"LSFW","Lester Raws","LESTER RAWS"
"LSHI","Chocolate Gulch Snotel","CHOCOLATE GULCH SNOTEL"
"LSLI","Lost Lake Snotel","LOST LAKE SNOTEL"
"LSMO","Little N Santiam","Little North Santiam River near Mehama"
"LSNO","Little Sandy River near Bull Run","Little Sandy River near Bull Run"
"LSRO","Lostine R@Baker Rd nr Lostine","Lostine River at Baker Road near Lostine 4NW"
"LSTO","Lostine R near Lostine","LOSTINE RIVER NEAR LOSTINE 4S"
"LSTW","Leach Cr nr Steilacoom Wa","Leach Creek Near Steilacoom Wa"
"LTAI","Little Anderson nr Grdn Valley","Little Anderson RAWS near Garden Valley 3NE"
"LTCW","Green River Above Twin Creek","GREEN RIVER ABOVE TWIN CREEK"
"LTDW","Lake Tapps Diversion @ Dieringer","LAKE TAPPS DIVERSION AT DIERINGER AT SUMNER"
"LTEB","Little Elbow Summit","Little Elbow Summit"
"LTRO","Little River",""
"LTWY","Little Warm Snotel","LITTLE WARM SNOTEL"
"LUBM","Lubrecht Flume","Lubrecht Flume"
"LUC","Lucky Peak Dam","Lucky_Peak_Dam"
"LUC-Sensor2","Lucky Peak Dam Sensor 2",""
"LUCI","Boise R near Boise","Boise River Near Boise"
"LUCQU","Boise R @-Lky Pk Dam Unreg In","BOISE RIVER AT LUCKY PEAK DAM ID - UNREGULATED INFLOW"
"LUFI","Lucky Peak near Boise","Lucky Peak RAWS near Boise 12E"
"LUKO","Lucky Strike","Lucky Strike"
"LUSW","Little Meadows","Little Meadows"
"LVGM","",""
"LVHW","Leavenworth 3 S","Leavenworth 3s"
"LVM","",""
"LVRM","Lakeview Ridge","Lakeview Ridge"
"LWBB","Okanogan Lk @ Kelowna (08nm083)","Okanogan Lake At Kelowna (08nm083)"
"LWD","Lake Washington Ship Canal","Lake Washington Lake Washington Ship Canal"
"LWDI","Lost-Wood Divide Snotel","LOST-WOOD DIVIDE SNOTEL"
"LWFW","Lower Granite Dam Forebay","LOWER GRANITE DAM FOREBAY RADAR"
"LWG","Lower Granite Dam","Lower_Granite_Dam"
"LWG-SB1","Lower Granite Spillbay 1",""
"LWG-SB2","Lower Granite Spillbay 2",""
"LWG-SB3","Lower Granite Spillbay 3",""
"LWG-SB4","Lower Granite Spillbay 4",""
"LWG-SB5","Lower Granite Spillbay 5",""
"LWG-SB6","Lower Granite Spillbay 6",""
"LWG-SB7","Lower Granite Spillbay 7",""
"LWG-SB8","Lower Granite Spillbay 8",""
"LWG-U1","Lower Granite Unit 1",""
"LWG-U2","Lower Granite Unit 2",""
"LWG-U3","Lower Granite Unit 3",""
"LWG-U4","Lower Granite Unit 4",""
"LWG-U5","Lower Granite Unit 5",""
"LWG-U6","Lower Granite Unit 6",""
"LWGW","Snake R Bl Lower Granite Dam","SNAKE RIVER BELOW LOWER GRANITE DAM NEAR WAWAWAI 6NW"
"LWGW-Lock","Snake R Bl Lower Granite Dam Avm",""
"LWG_S1","Lower Granite Temp String","Lower_Granite_Forebay"
"LWG_S1-D0,5m","Lower Granite Temp D0,5m",""
"LWG_S1-D1,5m","Lower Granite Temp D1,5m",""
"LWG_S1-D10m","Lower Granite Temp D10m",""
"LWG_S1-D15m","Lower Granite Temp D15m",""
"LWG_S1-D20m","Lower Granite Temp D20m",""
"LWG_S1-D25m","Lower Granite Temp D25m",""
"LWG_S1-D30m","Lower Granite Temp D30m",""
"LWG_S1-D31m","Lower Granite Temp D31m",""
"LWG_S1-D32m","Lower Granite Temp D32m",""
"LWG_S1-D33m","Lower Granite Temp D33m",""
"LWG_S1-D35m","Lower Granite Temp D35m",""
"LWG_S1-D3m","Lower Granite Temp D3m",""
"LWG_S1-D5m","Lower Granite Temp D5m",""
"LWKW","Kenmore Lake Washington","Kenmore Lake Washington"
"LWMI","Lowman 3E","Lowman 3e"
"LWNW","Lake Wenatche near Leavenworth","LAKE WENATCHE NEAR LEAVENWORTH 17NNW"
"LWOI","Little Wd R Abv High Five Cr","LITTLE WOOD RIVER ABOVE HIGH FIVE CREEK NEAR CAREY 9N"
"LWS","Lewiston Wso","Lewiston WSO"
"LWSC","Lake Washington Ship Canal","LAKE WASHINGTON SHIP CANAL"
"LWSC-FishLadder","",""
"LWSC-LLLW","",""
"LWSC-SB","",""
"LWSC-SB-Smolt","",""
"LWSC-SB1","",""
"LWSC-SB2","",""
"LWSC-SB3","",""
"LWSC-SB4","",""
"LWSC-SB4-SmoltA","",""
"LWSC-SB4-SmoltB","",""
"LWSC-SB5","",""
"LWSC-SB5-SmoltB","",""
"LWSC-SB5-SmoltC","",""
"LWSC-SB6","",""
"LWSC-Small","",""
"LWSC-Small-SaltWaterReturn","",""
"LWSI","Lwr Granite Mean Conf El","LOWER GRANITE - Mean Confluence Elevation"
"LWSY","Lewis Lake Divide Snotel","LEWIS LAKE DIVIDE SNOTEL"
"LWT","",""
"LWTM","Lower Twin","Lower Twin"
"LYBM","Libby","Libby"
"LYDM","Libby Dam near Libby 11E","Libby Dam near Libby 11E"
"LYLW","Lyman Lake","Lyman Lake"
"L_Applegate_R","Little Applegate River","Little Applegate River"
"Lake_Washington","Lake Washington","Lake Washington"
"Lane_Ck","Lane Creek",""
"Leach_Ck","Leach Creek",""
"Lewis_R","Lewis River",""
"Lick_Ck","Lick Creek",""
"Lightning_Ck","Lightning Creek",""
"Lines_Ck","Lines Creek",""
"Little_Naches_R","Little Naches River",""
"Little_Salmon_R","Little Salmon River",""
"Little_Spokane_R","Little Spokane River",""
"Little_Wenatchee","Little Wenatchee",""
"Little_Wood_R","Little Wood River",""
"Lk_Wash_Shp_Cnl","Lk Wash Ship Canal","Lake Washington Ship Canal"
"Long_Tom","Long Tom","Long Tom"
"Long_Tom_R","Long Tom River","Long Tom River"
"Lost_Ck","Lost Creek",""
"MABO","N Fk Malheur R Abv Beulah Res","NORTH FORK  MALHEUR RIVER ABOVE BEULAH RESERVOIR NEAR BEULAH 4NNW"
"MAC","Mackay Res Big Lost R nr Mackay","Mackay Dam & Reservoir On Big Lost River Near Mackay"
"MACI","Big Lost R Blw Mackay Res","BIG LOST RIVER BELOW MACKAY RESERVOIR NEAR MACKAY 2NW"
"MADO","Malheur R Above Drewsey","MALHEUR RIVER ABOVE DREWSEY 3SE"
"MADW","Mad R ab Camp 9 nr Ardenvoir","Mad River above Camp Nine near Ardenvoir 6WNW"
"MAG","Magic Dam & Res On Big Wd R","Magic Dam and Reservoir on Big Wood River near Richfield"
"MAGI","Big Wd R Blw Mag Dm nr Richfld","Big Wood River Below Magic Dam Near Richfield"
"MAKI","Big Lost R Blw Mackay Res","Big Lost River below Mackay Reservoir near Mackay 2NW"
"MALI","Malta WS","Malta Weather Station"
"MALO","Malheur R@36th St Brg nr Ontario","MALHEUR RIVER AT 36TH STREET BRIDGE NEAR ONTARIO"
"MAN","Mann Creek Dam nr Weiser","MANN CREEK RESERVOIR NEAR WEISER 10NNE"
"MAN-Spillway1","Mann Creek Spillway 1",""
"MAN-Spillway2","Mann Creek Spillway 2",""
"MANB","",""
"MANI","Mann Cr Blw Man Cr Dm nr Weiser","Mann Creek Below Mann Creek Dam Near Weiser"
"MANM","Many Glacier","Many Glacier"
"MARO","Marial 7N",""
"MARW","Marblemount Rs","MARBLEMOUNT RS"
"MASI","Massacre Rock St Pk","Massacre Rock St Pk"
"MASW","Manson Washington WS","Manson Washington Weather Station"
"MATI","MATI (77m)","Mati (77m)"
"MATI-Sensor2","MATI Sensor 2",""
"MATW","Matlock-Simpson Salmon Hatchery","Matlock-simpson State Salmon Hatchery"
"MAVO","Malheur R@Vines Canyn nr Vale","Malheur RIver at Vines Canyon near Vale OR"
"MAWW","Mayfield Power Plant",""
"MAXO","Maxwell Cnl nr Hermiston OR","Maxwell Canal near Hermiston OR"
"MAY","MAY","MAY"
"MAYI","May","May"
"MAYW","Cowlitz River below Mayfield Dam","Cowlitz River below Mayfield Dam"
"MBLW","Mount Baker Lodge","Mount Baker Lodge"
"MBMW","Marblemount near Concrete 18E","Marblemount RAWS near Concrete 18E"
"MCAI","Mccammon","Mccammon"
"MCBO","Mckenzie At Mckenzie Bridge",""
"MCCB","Mcculloch","Mcculloch"
"MCCI","Marsh Cr near Mccammon","Marsh Creek Near Mccammon"
"MCCO","Mccullugh Ranch Weather","Mccullugh Ranch Weather Station near Post 4SE"
"MCDA","",""
"MCDB","Mica Dam","Mica Dam"
"MCDN","",""
"MCDO","McDermitt OR 26 N","McDermitt OR 26 North"
"MCDO-Sensor2","McDermitt Sensor 2",""
"MCDW","Columbia at McNary Dam","Columbia at McNary Dam"
"MCGO","Meacham Creek at Gibbon","Meacham Creek at Gibbon"
"MCII","Mann Cr Blw Adams Cr Abv Res","Mann Creek below Adams Creek above Reservoir"
"MCJ","MCJ",""
"MCK","McKay Dam & Res on McKay Cr","Mckay Dam & Reservoir On Mckay Creek Near Pendleton"
"MCKI","Mica Cr Snotel","MICA CREEK SNOTEL"
"MCKO","McKay Cr nr Pendleton 5S","McKay Creek near Pendleton 5S"
"MCLI","Teapot near McCall 14SW","Teapot RAWS near McCall 14SW"
"MCLI-Sensor2","Teapot near McCall Sensor 2",""
"MCLO","McLeod","Rogue River near Mcleod"
"MCMO","S Yamhill River at Mcminnville","South Yamhill River at Mcminnville"
"MCMW","Mineral Creek Near Mineral 2NE","MINERAL CREEK NEAR MINERAL 2NE"
"MCN","McNary Dam","McNary_Dam"
"MCN-FishLadder-Left","McNary Left Fish Ladder",""
"MCN-FishLadder-Right","McNary Right Fish Ladder",""
"MCN-SB1","McNary Spillbay 1","McNary Spillbay 1"
"MCN-SB10","McNary Spillbay 10","McNary Spillbay 10"
"MCN-SB11","McNary Spillbay 11","McNary Spillbay 11"
"MCN-SB12","McNary Spillbay 12","McNary Spillbay 12"
"MCN-SB13","McNary Spillbay 13","McNary Spillbay 13"
"MCN-SB14","McNary Spillbay 14","McNary Spillbay 14"
"MCN-SB15","McNary Spillbay 15","McNary Spillbay 15"
"MCN-SB16","McNary Spillbay 16","McNary Spillbay 16"
"MCN-SB17","McNary Spillbay 17","McNary Spillbay 17"
"MCN-SB18","McNary Spillbay 18","McNary Spillbay 18"
"MCN-SB19","McNary Spillbay 19","McNary Spillbay 19"
"MCN-SB2","McNary Spillbay 2","McNary Spillbay 2"
"MCN-SB20","McNary Spillbay 20","McNary Spillbay 20"
"MCN-SB21","McNary Spillbay 21","McNary Spillbay 21"
"MCN-SB22","McNary Spillbay 22","McNary Spillbay 22"
"MCN-SB3","McNary Spillbay 3","McNary Spillbay 3"
"MCN-SB4","McNary Spillbay 4","McNary Spillbay 4"
"MCN-SB5","McNary Spillbay 5","McNary Spillbay 5"
"MCN-SB6","McNary Spillbay 6","McNary Spillbay 6"
"MCN-SB7","McNary Spillbay 7","McNary Spillbay 7"
"MCN-SB8","McNary Spillbay 8","McNary Spillbay 8"
"MCN-SB9","McNary Spillbay 9","McNary Spillbay 9"
"MCN-Spillway","McNary Spillway",""
"MCN-U1","McNary Unit 1","McNary Unit 1"
"MCN-U10","McNary Unit 10","McNary Unit 10"
"MCN-U11","McNary Unit 11","McNary Unit 11"
"MCN-U12","McNary Unit 12","McNary Unit 12"
"MCN-U13","McNary Unit 13","McNary Unit 13"
"MCN-U14","McNary Unit 14","McNary Unit 14"
"MCN-U2","McNary Unit 2","McNary Unit 2"
"MCN-U3","McNary Unit 3","McNary Unit 3"
"MCN-U4","McNary Unit 4","McNary Unit 4"
"MCN-U5","McNary Unit 5","McNary Unit 5"
"MCN-U6","McNary Unit 6","McNary Unit 6"
"MCN-U7","McNary Unit 7","McNary Unit 7"
"MCN-U8","McNary Unit 8","McNary Unit 8"
"MCN-U9","McNary Unit 9","McNary Unit 9"
"MCNA","Columbia R blw McNary","Columbia River below McNary"
"MCNC","Mcnary Mean Forebay Elev @ Kennw","McNARY - Mean Forebay Elevation (at Kennewick WA)"
"MCN_S1","Mcnary Forebay Temp String","MCNARY TEMP STRING"
"MCN_S1-D0,5m","Mcnary Temp String D0,5m",""
"MCN_S1-D1,5m","Mcnary Temp String D1,5m",""
"MCN_S1-D10m","Mcnary Temp String D10m",""
"MCN_S1-D15m","Mcnary Temp String D15m",""
"MCN_S1-D20m","Mcnary Temp String D20m",""
"MCN_S1-D21m","Mcnary Temp String D21m",""
"MCN_S1-D3m","Mcnary Temp String D3m",""
"MCN_S1-D5m","Mcnary Temp String D5m",""
"MCOW","Mill Cr nr Mouth @ Orillia","MILL CREEK NEAR MOUTH AT ORILLIA NEAR TUKWILLA 3SSW"
"MCPW","Columbia R bl Mcnary Dam nr Umat","COLUMBIA RIVER BELOW MCNARY DAM NEAR UMATILLA 1NNE"
"MCQO","Columbia R @ Mcnary OR","COLUMBIA RIVER AT MCNARY ORE"
"MCVY","",""
"MCZO","MCZO",""
"MDAO","Madras 2N",""
"MDBO","Madison Butte","Madison Butte"
"MDDY","Middle Powder","Middle Powder"
"MDFI","Mud Flat Snotel","MUD FLAT SNOTEL"
"MDFO","Medford","Medford 2NW AgriMet"
"MDGO","MDGO",""
"MDLI","Meadow Lake Snotel","MEADOW LAKE SNOTEL"
"MDPTest","public name for MDP","description"
"MDPTest-Test","",""
"MDRO","Madras 2N",""
"MDRW","Midnight Mine nr Miles 4NE","Midnight Mine Raws Near Miles 4ne"
"MEDW","Meadow Cr nr Easton 11WNW","Meadow Creek near Easton 11WNW"
"MEFO","Metolius Arm near Warm Springs","Metolius Arm RAWS near Warm Springs 21SW"
"MEFW","Sawmill Flats","Sawmill Flats"
"MEH","Meacham(Amos)",""
"MEH-Sensor2","MEH-Sensor2",""
"MEHO","Mehama","North Santiam River at Mehama"
"MEHO-Sensor2","",""
"MELM","",""
"MER","Lake Merwin near Chelatchie","Lake Merwin near Chelatchie"
"MERW","Lewis River at Ariel","Lewis River at Ariel"
"METO","Metolius River near Grandview","Metolius River near Grandview"
"METW","Boundary Switchyard nr Metaline","BOUNDARY SWITCHYARD NEAR METALINE FALLS 9N"
"MEWW","Lewis Merwin Dam",""
"MFDO","Bear Creek at Medford","Bear Creek at Medford"
"MFNW","Middle Frk Nooksack R nr Deming","MIDDLE FORK NOOKSACK RIVER NEAR DEMING 6SE"
"MFOO","MF Willamette nr Oakridge","Middle Fork Willamette River near Oakridge"
"MFPI","Middle Fk Payette R nr Crouch","MIDDLE FORK PAYETTE RIVER NEAR CROUCH 1E"
"MFR","Medford/Jackson City Aprt Wso",""
"MFWO","Milton Freewater","Milton Freewater"
"MF_Flathead_R","Middle Fork Flathead River",""
"MF_Malheur","M Fk Malheur","M Fk Malheur"
"MF_Malheur_R","Middle Fork Malheur River","Middle_Fork_Malheur_River"
"MF_Nooksack_R","Middle Fork Nooksack River",""
"MF_Payette_R","Middle Fork Payette River",""
"MF_Snoqualmie_R","Middle Fork Snoqualmie River",""
"MF_Willamette","MF Willamette","MF Willamette"
"MF_Willamette_R","Middle Fork Willamette River","Middle Fork Willamette River"
"MGDO","",""
"MGFO","Morgan Moutain","Morgan Moutain"
"MGLB","Many Glacier - Snotel","Many Glacier - Snotel"
"MGMI","Magic Mtn Snotel","MAGIC MOUNTAIN SNOTEL"
"MGSW","Hyak Washington 9 Mi W","Hyak Washington 9 Mile West"
"MGTW","Methow R Abv Goat Cr nr Mazama","METHOW RIVER ABOVE GOAT CREEK NEAR MAZAMA 2SE"
"MHMI","Mtn Home","Mountain Home"
"MHPI","Milner Hydroelectric Plant","Milner Hydroelectric Plant"
"MHPI-FishByPass","Milner Hydro Plant Fish Bypass",""
"MHPI-PH","Milner Powerhouse",""
"MHPI-Unit1","Milner Unit 1",""
"MHPI-Unit2","Milner Unit 2",""
"MHSI","Rogerson (Murphy Hot Springs)","Rogerson 49w (Murphy Hot Springs)"
"MHSW","Mowich Snotel",""
"MHWO","Mt Howard Snotel","MT. HOWARD SNOTEL - AVG TEMPERATURE IN DEGREES F ELEV = 7910"
"MI","Sheep Mountain Snotel","SHEEP MTN. SNOTEL"
"MIDI","Salmon R@Mf Ldg Nr Yellow Pine","SALMON RIVER AT MF LODGE NR YELLOW PINE ID"
"MIDO","Medford Id Cnl @ Bradshaw Drop","Medford ID Canal at Bradshaw Drop near Brownsboro OR"
"MIDW","Midnite 2 nr Miles 4NE","Midnite 2 RAWS near Miles 4NE"
"MIII","Milner Gooding Res Dist #2 Cnl","Milner Gooding Reservoir Dist No. 2 Canal"
"MIL","Snake R@Milner Dam nr Burley","SNAKE RIVER AT MILNER DAM NEAR BURLEY 11W"
"MILI","Snake R near Milner 12W","SNAKE RIVER NEAR MILNER 12W"
"MILW","Mill Cr nr Toppenish 28W","Mill Creek RAWS near Toppenish 28W"
"MIN","Minidoka Cnl@Mindka Dm nr Rupert","MINIDOKA CANAL AT MINIDOKA DAM NEAR RUPERT 12E"
"MINI","Snake R nr Minidoka nr Rupert","SNAKE RIVER NEAR MINIDOKA NEAR RUPERT 9E"
"MINO","Minam 7NE","Minam 7ne"
"MINW","Mineral 1SW","Mineral 1sw"
"MIPW","Minot Peak nr Elma 8S","Minot Peak RAWS near Elma 8S"
"MIRW","Miners Ridge","Miners Ridge"
"MISW","Mission Cr nr Cashmere","Mission Creek near Cashmere"
"MITO","Mitchell",""
"MITW","Mt Mitchell # 2 At Mt Mitchell",""
"MIWO","Johnson Creek at Milwaukie","Johnson Creek at Milwaukie"
"MKBI","Mulkey Bar near Arco","Mulkey Bar RAWS near Arco 30NNW"
"MKEW","Mill Cr @ Earthworks Park","MILL CREEK AT EARTHWORKS PARK NEAR KENT 1E"
"MKLO","McKenzie blw Leaburg Dam","McKenzie below Leaburg Dam"
"MKNW","Nisqually River At Mckenna","NISQUALLY RIVER AT MCKENNA"
"MKRI","Mackay Rs","Mackay Rs"
"MKRO","Mckenzie Bridge Ranger",""
"MKZO","Mckenzie","Mckenzie"
"MLAM","",""
"MLAW","Moses Lake @ Moses Lk","Moses Lake at Moses Lake"
"MLBO","Big Butte","Big Butte Creek near Mcleod"
"MLCI","Milner Low-Lift Cnl near Milner","Milner Low-lift Canal Near Milner"
"MLCO","Mill Creek near Prineville","Mill Creek near Prineville 13NE"
"MLD","Malad","Malad"
"MLDI","Malad R near Gooding","Malad River near Gooding 6WSW"
"MLFO","Merlin Seed Orchard","Merlin Seed Orchard RAWS near Grants Pass 8NE"
"MLFW","Mill Ck 5Mi","MILL CREEK AT FIVE MILE RD BR NR WALLA WALLA WA"
"MLHO","Malheur Branch Exp Stn","Malheur Branch Exp Stn(see Onto)"
"MLKI","Mill Cr Summit Snotel","MILL CREEK SUMMIT SNOTEL"
"MLKO","Milk Shakes","Milk Shakes"
"MLKW","Mill Cr near Walla Walla","MILL CREEK NEAR WALLA WALLA"
"MLL","Mill Creek Dam","Mill_Creek_Dam"
"MLLO","Miller near Clatskanie","Miller RAWS near Clatskanie 8SSW"
"MLLW","Mill Cr @ Walla Walla Ttl","MILL CREEK AT WALLA WALLA WA   Total Daily Flow"
"MLNI","Snake R@Milner Dam nr Burley","Snake River at Milner Dam near Burley 11W"
"MLP","Mullan Pass Asos","Mullan Pass Asos"
"MLP-Sensor2","Mullan Pass Asos Sensor 2",""
"MLS","Miles City","Miles City"
"MLTI","Malta 2 E","Malta 2 East"
"MLWW","Mill Cr Dam -- Weather","Mill Creek Dam -- Weather"
"MLYW","Yellowhawk Garrison Divide","Yellowhawk Garrison Divide"
"MM","",""
"MMAW","Wht R @ Brdg Cmp Abv Mud Mt Dm","White River At Bridge Camp Above Mud Mt Dam"
"MMCO","Monument",""
"MMCW","CRN Site @ Marblemount Rngr Stn","CRN Site at Marblemount Ranger Station"
"MMD","Mud Mountain Dam nr Buckley WA","MUD MOUNTAIN DAM NR BUCKLEY WA"
"MMD-1025,0ft","Mud Mountain 1025,0ft",""
"MMD-1070,0ft","Mud Mountain 1070,0ft",""
"MMD-896,0ft","Mud Mountain 896,0ft",""
"MMD-910,0ft","Mud Mountain 910,0ft",""
"MMD-930,0ft","Mud Mountain 930,0ft",""
"MMD-980,0ft","Mud Mountain 980,0ft",""
"MMD-E896,0ft","Mud Mountain E896,0ft",""
"MMD-PUYW","Mud Mountain-PUYW",""
"MMDW","White River Near Buckley","WHITE RIVER NEAR BUCKLEY"
"MMFO","Mutton Mountain","Mutton Mountain RAWS near Warm Springs 11NNW"
"MMIW","Whte R Blw Clearwater nr Buckley","WHITE RIVER BELOW CLEARWATER NEAR BUCKLEY 8E"
"MMLW","Mcmillin Res (City Of Tacoma)","Mcmillin Reservoir (City Of Tacoma)"
"MMRO","Middle Mountain","Middle Mountain RAWS near Parkdale 4N"
"MMRW","Md Mtn Dm & Lk On Wht R nr Bckly","Mud Mountain Dam & Lake On White River Near Buckley"
"MMSW","Moses Mtn","Moses Mountain"
"MMTO","Monument 2",""
"MMTW","",""
"MMV","McMinnville Airport","McMinnville Airport"
"MNCB","Mission Cr","Mission Creek"
"MNCN","Mountain City Range Station","Mountain City Range Station"
"MNCO","Coburg","Mckenzie River near Coburg"
"MNCW","Mission Cr nr Tulalip 1ESE","Mission Creek near Tulalip 1ESE"
"MNFO","Marion Forks Fish Hatchery",""
"MNKI","Mink Cr","Mink Creek"
"MNMO","Minam R @ Minam","Minam River at Minam"
"MNNI","Snake R near Menan 3N","SNAKE RIVER NEAR MENAN 3N"
"MNOW","MF Nooksack","Middle Fork Nooksack SNOTEL"
"MNPM","Monument Peak","Monument Peak"
"MNRO","Monroe","Long Tom River at Monroe"
"MNRW","Monroe","Monroe"
"MNSI","Moonshine Snotel","MOONSHINE SNOTEL"
"MNSW","Wynoochee R Abv Black Cr","WYNOOCHEE RIVER ABOVE BLACK CREEK NEAR MONTESANO 3NW"
"MNTI","Monteview WS","Monteview Weather Station"
"MNTN","Mtn City Rnger Station Owyhee R","Mountain City Ranger Station Owyhee River"
"MNTW","Montesano Treatment Plant","Montesano Treatment Plant"
"MOCN","Mtn City Ranger Station","Mountain City Ranger Station"
"MOCO","Outlet Of Clear Lake","Mckenzie River at Outlet Of Clear Lake near Sweet Home 30E"
"MODB","Mount Odlum","Mount Odlum"
"MODO","Deschutes River at Moody","Deschutes River at Moody near Biggs"
"MOFI","Molburg Canyon -","Molburg Canyon - Raws"
"MOFW","83 Monument nr Mazama 30","83 Monument Raws Near Mazama 30"
"MOKI","Moose Cr Snotel","MOOSE CREEK SNOTEL"
"MOLB","Molson Cr Snow Pillow","Molson Creek Snow Pillow"
"MOLQ","Molson Cr Snow Pillow BC - old","Snow Pillow Molson Ck. BC"
"MONO","N F John Day R at Monument","North Fork John Day River at Monument"
"MONW","Wenatchee River Near Monitor 1N","WENATCHEE RIVER NEAR MONITOR 1N"
"MOOI","Moose Cr nr Headquarters","Moose Creek RAWS near Headquarters 40NE"
"MOOY","Moose","Moose"
"MOQI","Mosquito Ridge Snotel","MOSQUITO RIDGE SNOTEL"
"MOR","Chester Morse Lake @ Cedar Falls","CHESTER MORSE LAKE AT CEDAR FALLS NEAR NORTH BEND 7SSE"
"MOR-PH","Chester Morse Lake Powerhouse",""
"MOR-U5","Chester Morse Lake Unit 5",""
"MOR-U6","Chester Morse Lake Unit 6",""
"MORB","Morrissey Ridge","Morrissey Ridge"
"MORI","Mores Cr Abv Robie Cr nr Boise","MORES CREEK ABOVE ROBIE CREEK NEAR BOISE 13NE"
"MORM","",""
"MORO","Moro",""
"MORQ","Morrisey BC Snow Pillow","Snow Pillow Morrisey BC"
"MORW","Chester Morse Lake","Chester Morse Lake"
"MOS","MOS","MOS"
"MOSI","Moscow 5 NE","Moscow 5 Northeast"
"MOSO","Moss Springs Snotel","MOSS SPRINGS SNOTEL - AVG TEMPERATURE IN DEGREES F ELEV = 5850"
"MOWW","Chester Morse Lake Weather  1","CHESTER MORSE LAKE WEATHER SITE NEAR CEDAR FALLS"
"MPCI","Minidoka N Sde Pmp Cnl nr Burley","Minidoka N. Side Pump Canal Near Burley"
"MPCW","",""
"MPLM","Madison Plateau","Madison Plateau"
"MPLO","Siuslaw River near Mapleton","Siuslaw River near Mapleton"
"MPSW","Meadows Pass SNOTEL","Meadows Pass SNOTEL"
"MRAY","Moran NWS ","Moran NWS Precipitation"
"MRBW","June Lake","June Lake"
"MRCO","Marcola",""
"MRCW","Mercer Cr nr Bellevue 1ESE","Mercer Creek near Bellevue 1ESE"
"MRFO","Marion Forks","Marion Forks"
"MRGI","Morgan Cr Snotel","MORGAN CREEK SNOTEL"
"MRHO","Mckenzie R above Hayden Bridge","Mckenzie River above Hayden Bridge at Springfield"
"MRKI","Moores Cr Summit Snotel","MOORES CREEK SUMMIT SNOTEL - 6100"
"MROW","Snohomish River Near Monroe 4SW","SNOHOMISH RIVER NEAR MONROE 4SW"
"MRPO","Philomath","Marys River near Philomath, OR"
"MRQY","Marquette Snotel - 8760","MARQUETTE SNOTEL - 8760"
"MRSO","Madras 3N AgriMet","Madras 3N AgriMet"
"MRSW","",""
"MRTM","",""
"MRTW","",""
"MRYB","",""
"MRYI","Marysville Cnl","Marysville Canal"
"MSAM","",""
"MSCI","Milner Southside Cnl","Milner Southside Canal"
"MSCO","Middle Santiam R near Cascadia","Middle Santiam River near Cascadia"
"MSE","Moses Lake At Moses Lake","MOSES LAKE AT MOSES LAKE"
"MSEY","MSEY-RFC (Snake MSEW4)","MSEY-RFC (Snake MSEW4)"
"MSFO","Mount Stella","Mount Stella RAWS near Union Creek 2N"
"MSLW","Crab Cr nr Moses Lk 4N","CRAB CREEK NEAR MOSES LAKE 4N"
"MSO","Missoula WSO Airport","Missoula WSO Airport"
"MSOM","Missoula","Missoula 6NW WFO"
"MSPM","Moss Peak","Moss Peak"
"MSRB","",""
"MSRO","Mosier Crk Nr Mosier","Mosier Creek Near Mosier  MSRO3"
"MSSI","Mid Fk Salmon R@Mth nr Shoup","Middle Fork Salmon River at Mouth near Shoup 25SW"
"MT311","Banfield Mtn - MT311","Banfield Mountain"
"MT500","Grave Cr - MT500","Grave Creek"
"MT510","Hand Cr - MT510","Hand Creek"
"MT516","Hawkins Lake","Hawkins Lake"
"MT787","Stahl Peak - MT787","Stahl Peak"
"MT918","Garver Cr - MT918","Garver Creek"
"MTAW","Mt Adams Ranger Sta","Mt Adams Ranger Station Nr Trout Lake  MTAW1"
"MTBB","",""
"MTCB","Mount Cook No 2","Mount Cook No. 2"
"MTCW","Mount Craig","Mount Craig"
"MTHI","Mtn Home AF Base","Mountain Home Air Force Base RAWS"
"MTHO","Mt Hood Test Site","Mt Hood Test Site"
"MTHW","Methow 2 S","Methow 2 South"
"MTKM","Mount Lockhart","Mount Lockhart"
"MTLO","MTLO",""
"MTMI","Mtn Meadows Snotel","MOUNTAIN MEADOWS SNOTEL - 6360"
"MTNN","",""
"MTNW","Quartz Mtn Snow","Quartz Mountain Snow"
"MTRB","Mount Revelstoke","MOUNT REVELSTOKE"
"MTRO","Mitchell","Mitchell RAWS 2NW"
"MTVW","Mt. Vernon 3 West Northwest","Mt. Vernon 3 West Northwest"
"MTWB","",""
"MUCO","Murderer's Creek",""
"MUDO","Mud Ridge","Mud Ridge"
"MUDW","Muddy River below Clear Creek","Muddy River below Clear Creek near Cougar"
"MULM","Mule Cr","Mule Creek"
"MULO","North Umpqua River","North Umpqua River 1NNW  MULO3"
"MUNI","Moscow&#44 Univ Of Idaho","Moscow Univ Of Idaho"
"MUO","Mtn Home","Mountain Home"
"MVEM","",""
"MVEW","Skagit R near Mount Vernon 2N","SKAGIT RIVER NEAR MOUNT VERNON 2N"
"MVLO","Mcminnville",""
"MWDO","Miller Woods","Miller Woods"
"MWH","Moses Lk","Moses Lake"
"MWH-Sensor2","Moses Lk Sensor 2","Moses Lake Sensor 2"
"MXCI","Milner Gooding Cross Cut Cnl","Milner Gooding Cross Cut Canal"
"MYCO","Myrtle Cr 12Ene",""
"MYFI","Moody -","Moody - Raws"
"MYKO","Mckay Creek Near Pilot Rock 6NE","MCKAY CREEK NEAR PILOT ROCK 6NE"
"MYL","McCall (Amos)","McCall (Amos)"
"MYL-Sensor2","McCall (Amos) Sensor 2",""
"MYLI","Mccall (Usfs Rs)","McCall (USFS RS)"
"MYMB","Moyie Mountain MYMB","Moyie Mountain"
"MYNO","North Fork Coquille River","North Fork Coquille River near Myrtle Point 2 ENE"
"MYPO","South Fork Coquille River","South Fork Coquille River at Myrtle Point"
"MYRI","MYRI-RFC-Myrtle_Ck_SnoTel","MYRI-RFC-Precip&Temp-Myrtle_Creek"
"MYSM","",""
"MYVM","Marysville No 3","Marysville No. 3"
"MZAW","Mazama","Mazama"
"MZLO","Leaburg","Mckenzie River below Leaburg Dam, near Leaburg, OR"
"MZMW","Mazama 6 SE Treaty Station","Mazama 6 Southeast (Treaty Sta-no Telemetry)"
"M_Santiam_R","Middle Santiam River","Middle Santiam River"
"Mad_R","Mad River",""
"Madison_R","Madison River",""
"Malad","Malad","Malad"
"Malad_R","Malad River","Malad_River"
"Malheur","Malheur","Malheur"
"Malheur_R","Malheur River","Malheur_River"
"Marsh_Ck","Marsh Creek",""
"McKenzie","McKenzie","McKenzie"
"McKenzie_R","McKenzie River","McKenzie River"
"Mckay_Ck","Mckay Creek",""
"Meadow_Ck","Meadow Creek",""
"Mercer_Ck","Mercer Creek",""
"Methow_R","Methow River",""
"Middle_Santiam","Middle Santiam","Middle Santiam"
"Mill_Ck","Mill Creek","Mill_Creek"
"Mill_Ck:WA","Mill Creek",""
"Mill_Creek","Mill Creek","Mill Creek"
"Mineral_Ck","Mineral Creek",""
"Mission_Ck","Mission Creek",""
"Mohawk_R","Mohawk River","Mohawk River"
"Molson_Ck","Molson Creek",""
"Mores_Ck","Mores Creek",""
"Moyie_R","Moyie River",""
"Mule_Ck","Mule Creek",""
"NACW","Naches R Blw Tieton R nr Naches","Naches River Below Tieton River Near Naches"
"NAKB","Arrow Res @ Nakusp","ARROW RESERVOIR AT NAKUSP"
"NASM","",""
"NASW","Naselle River Near Naselle 3E","NASELLE RIVER NEAR NASELLE 3E"
"NATIONAL","",""
"NBGO","Newberg","Willamette River at Newberg, OR"
"NBKO","North Bank","North Bank RAWS near Sutherlin 7ESE"
"NBRO","NF Bull Run R nr Multnomah Falls","North Fork Bull Run River Near Multnomah Falls"
"NBWI","N Fk Big Lost R @ Wild Horse","NORTH FORK BIG LOST RIVER AT WILD HORSE NEAR MACKAY 25W"
"NCAO","",""
"NCDO","",""
"NCLO","New Crescent Lake","New Crescent Lake"
"NCRW","Nason Cr nr mouth nr Plain 4NW","Nason Creek near Mouth near Plain 4NW"
"NCSW","N Cascade Smoke Jump Base","North Ccscade Smoke Jump Base(twisp&wintrop)"
"NDRB","New Denver","New Denver"
"NEBO","",""
"NEFW","Nespelem","Nespelem Raws"
"NEHO","Nehalem",""
"NEHW","Newhalem Creek Near Newhalem 1S","NEWHALEM CREEK NEAR NEWHALEM 1S"
"NEKW","Newhalem Creek near Newhalem 1S","Newhalem Creek near Newhalem 1S"
"NEU Apex","",""
"NEU Bahama Low","",""
"NEU Bahama Up","",""
"NEU Clayton","",""
"NEU Clayton-MID","",""
"NEU Durham","",""
"NEU FLP","",""
"NEU Fairntosh","",""
"NEU Falls Gage","",""
"NEU Goldsboro","",""
"NEU Hillsborough","",""
"NEU Hookerton","",""
"NEU Kinston","",""
"NEU McCullars","",""
"NEU Orange Fact","",""
"NEU Princeton","",""
"NEU Smithfield","",""
"NEU US1","",""
"NEU Walnut Cr","",""
"NEVM","Nevada Cr","Nevada Creek"
"NEWW","Newaukum River Near Chehalis","NEWAUKUM RIVER NEAR CHEHALIS"
"NEZI","Nezperce","Nezperce"
"NFBO","N F L Butte Ck below Fish Lk","North Fork Little Butte Creek below Fish Lake near Eagle Point 32ESE"
"NFCY","N French Cr","North French Creek"
"NFEM","NF Elk Cr","North Fork Elk Creek"
"NFFB","",""
"NFFI","N Fork near Ketchum","North Fork RAWS near Ketchum 15NNW"
"NFFW","N Fk Newaukum R nr Forest","North Fork Newaukum River above Bear Creek near Forest near Onalaska 7NW"
"NFJM","North Fork Jocko","North Fork Jocko"
"NFKW","N Fork Toutle River below SRS",""
"NFKY","Shoshone Lodge NWS","Shoshone Lodge NWS NFKY "
"NFLO","North Fork Little Butte Creek","North Fork Little Butte Creek at Highway 140 near Eagle Point 13ESE"
"NFLY","New Fork Lake","New Fork Lake"
"NFNW","N Fk Nooksack R Blw Cascade Cr","NORTH FORK NOOKSACK RIVER BELOW CASCADE CREEK NEAR GLACIER 5E"
"NFRM","NF Blackfoot R abv Dry Gulch 3E","North Fork Blackfoot River above Dry Gulch near Ovando 3E"
"NFRO","North Fork","North Fork"
"NFSW","N Fork Shoshone R nr Wapiti","North Fork Shoshone River near Wapiti 5E"
"NFTI","N Fork Teton R nr Sugar City","NORTH FORK TETON RIVER NEAR SUGAR CITY 1NW"
"NFTW","N Fork Tolt R near Carnation 7NE","NORTH FORK TOLT RIVER NEAR CARNATION 7NE"
"NFWO","N F of Middle Fork Willamette R","North Fork of Middle Fork Willamette River near Oakridge, OR"
"NF_Blackfoot_R","North Fork Blackfoot River",""
"NF_Bull_Run_R","North Fork Bull Run River",""
"NF_Clearwater_R","North Fork Clearwater River","North_Fork_Clearwater_River"
"NF_Cor_D'Alene_R","North Fork Coeur D'Alene River",""
"NF_Elk_Ck","North Fork Elk Creek",""
"NF_Flathead_R","North Fork Flathead River",""
"NF_Newaukum_R","North Fork Newaukum River",""
"NF_Nooksack_R","North Fork Nooksack River",""
"NF_Payette_R","North Fork Payette River","North_Fork_Payette_River"
"NF_Skokomish_R","North Fork Skokomish River",""
"NF_Snoqualmie_R","North Fork Snoqualmie River",""
"NF_Stilagamish_R","North Fork Stillaguamish River",""
"NF_Tieton_R","North Fork Tieton River",""
"NF_Tolt_R","North Fork Tolt River",""
"NHMO","Nehalem 9 Ne",""
"NHPW","Northport","Northport"
"NHRB","",""
"NHTM","Neihart","Neihart"
"NISW","Nisqually R nr Ntnal nr Ashford","NISQUALLY RIVER NEAR NATIONAL NEAR ASHFORD 2W"
"NITW","Similkameen R near Nighthawk 2S","SIMILKAMEEN RIVER NEAR NIGHTHAWK 2S"
"NKSW","Nooksack River At Ferndale","NOOKSACK RIVER AT FERNDALE"
"NLBO","NLBO",""
"NLCI","New Lava Side Cnl","New Lava Side Canal"
"NLGW","La Grande Res @ La Grande","La Grande Reservoir at La Grande"
"NLKO","",""
"NLSB","",""
"NMCI","N Side Minidoka Cnl nr Minidoka","N. Side Minidoka Canal Near Minidoka"
"NMCO","",""
"NMPI","Nampa Agrimet","Nampa Agrimet"
"NMWI","New Meadows Rs","New Meadows Rs"
"NNCW","Nooksack R@N Cedarville","NOOKSACK RIVER AT NORTH CEDARVILLE AT NUGENTS CORNER"
"NNCW-Sensor2","Nooksack R@N Cedarville Sensor 2",""
"NNFW","NF Nooksack R abv MF nr Deming","North Fork Nooksack River above Middle Fork near Deming 3ENE"
"NOIM","Snow Pillow Noisy Basin Mt","Snow Pillow Noisy Basin MT"
"NOKW","Nooksack Salmon Hatcy","Nooksack Salmon Hatcy"
"NORM","Northeast Entrance","Northeast Entrance"
"NOTO","Noti","Long Tom River near Noti"
"NOX","Noxon Dam","Noxon Dam"
"NOXM","Clark Fork bl Noxon Rapids Dam","CLARK FORK BL NOXON RAPIDS DAM NR NOXON"
"NPFO","North Pole Ridge","North Pole Ridge RAWS near Fossil 11NE"
"NPLI","EF Pine Cr abv Nabob Ck 4S","East Fork Pine Creek above Nabob Creek near Pinehurst 4S"
"NPTI","Nez Perce Tribe nr Spalding","Nez Perce Tribe RAWS near Spalding"
"NPTW","Newport","Newport"
"NREW","Nooksack R @ Everson","Nooksack River at Everson"
"NRFO","Nestucca River nr Fairdale",""
"NRKW","Nooksack R @ N Cedarville","Nooksack River at North Cedarville at Nugent's Corner"
"NRVO","Vernonia","Nehalem River near Vernonia, OR"
"NSCW","Naches-Seleh Cnl nr Naches","Naches-seleh Canal Near Naches"
"NSFW","SF Nooksack R @ Potter Road","South Fork Nooksack River at Potter Road"
"NSGO","Greens Bridge near Jefferson","North Santiam River at Greens Bridge near Jefferson"
"NSJO","Greens Bridge","North Santiam River at Greens Bridge, near Jefferson, OR"
"NSMO","North Santiam River near Mehama","North Santiam River near Mehama"
"NSPW","N.F. Skokomish At Potlatch","N.F. SKOKOMISH AT POTLATCH"
"NSSW","S Fk Nooksack R @ Saxon Bridge","SOUTH FORK NOOKSACK RIVER AT SAXON BRIDGE NEAR WICKERSHAM 3SW"
"NSTB","",""
"NTIO","Noti 1 NW","Noti 1 NW"
"NTPO","Ranger Station near Enterprise","RANGER STATION NEAR ENTERPRISE 1W"
"NUCI","Nuckols nr Wallace 2NW","Nuckols RAWS near Wallace 2NW"
"NUPO","NUPO-Stage",""
"NUSO","NUSO",""
"NUW","Whidbey Island Naval Air Station","Whidbey Island Naval Air Station"
"NUWO","North Umpqua River","North Umpqua River Near Toketee Falls  18NE  NUWO3"
"NVDM","Nevada Cr ab Res nr Helmville","Nevada Creek above Reservoir near Helmville 11SE"
"NVRM","Nevada Ridge SNOTEL","Nevada Ridge SNOTEL"
"NWMW","Newhalem 14 NE","Newhalem 14 Northeast"
"NYEM","",""
"NYFO","Fairdale Weather","North Yamhill River near Fairdale 2WNW"
"NYMO","NYMO",""
"NYSO","Nyssa","Nyssa"
"NZCM","Nez Perce Camp Snotel","NEZ PERCE CAMP SNOTEL - 5650"
"N_Fk_Clearwater","N Fk Clearwater","N Fk Clearwater"
"N_Fk_Payette","N Fk Payette","N Fk Payette"
"N_Santiam_R","North Santiam River","North Santiam River"
"Naches_R","Naches River",""
"Naselle_R","Naselle River",""
"Nason_Ck","Nason Creek",""
"Nevada_Ck","Nevada Creek",""
"Newaukum_Ck","Newaukum Creek",""
"Newaukum_R","Newaukum River",""
"Newhalem_Ck","Newhalem Creek",""
"Nisqually_R","Nisqually River",""
"Nooksack_R","Nooksack River",""
"North_Santiam","North Santiam","North Santiam"
"OAGW","Omak 2WSW Agrimet","Omak 2WSW Agrimet"
"OAK","Oakley Reservoir","OAKLEY RESERVOIR"
"OAKC1","",""
"OAKI","Oakley","Oakley"
"OAKO","Oakridge","Middle Fork Willamette River below North Fork near Oakridge"
"OAKW","Omak 2 NW","Omak 2 NW"
"OCFW","Orr Creek","Orr Creek RAWS near Randle 21SE"
"OCH","Ochoco Reservoir","Ochoco Reservoir near Prineville 6E"
"OCHO","Ochoco Creek below Ochoco Dam","Ochoco Creek below Ochoco Dam near Prineville 6E"
"OCHO-Canal","Ochoco Canal",""
"OCMO","Ochoco Meadows","Ochoco Meadows"
"OCRO","Ochoco Creek above Reservoir","Ochoco Creek above Reservoir near Prineville 13E"
"OCRW","Omak Cr nr St Marys Mission 5SE","Omak Creek near St. Mary's Mission near Omak 5SE"
"OCS","",""
"OCWO","Ochoco Ranger Station","Ochoco Ranger Station near Prineville 21NE"
"OCYO","Clackamas River","Clackamas River near Oregon City"
"ODEW","Odessa","Odessa"
"ODLO","Odell Lake Land Pan",""
"ODLUM","Mount Odlum","Mount Odlum"
"ODSW","Odessa WS","Odessa Weather Station"
"OFAY","Ranger Stn","Ranger Station"
"OGCO","Oak Grove Fork","Oak Grove Fork Near Government Camp  15SSW  OGCO3"
"OGMB","",""
"OHAW","Ohanapecosh","Ohanapecosh RAWS near Packwood 10NNE"
"OHAW-Sensor2","Ohanapecosh Sensor2",""
"OHOI","Ohio Gulch near Ketchum","Ohio Gulch RAWS near Ketchum 5S"
"OKAB","",""
"OKAW","Okanogan R (Aux Gage) @ Oroville","OKANOGAN RIVER (AUX GAGE) AT OROVILLE"
"OKFO","Black Rock","Black Rock RAWS near Crescent 7NW"
"OKGW","Osoyoos Lake Near Oroville 1N","OSOYOOS LAKE NEAR OROVILLE 1N"
"OKMW","Okanogan River At Malott","OKANOGAN RIVER AT MALOTT"
"OKNC1","",""
"OKNW","Okanogan River At Oroville","OKANOGAN RIVER AT OROVILLE"
"OKPO","Oak Grove Fork","Oak Grove Fork Above Powerplant Near Estacada  24SE  OKPO3"
"OKRO","Oakridge Salmon Hatchery",""
"OKVW","Oakville","Oakville"
"OKWW","",""
"OLAI","Ola 4S","Ola 4s"
"OLDY","Old Battle","Old Battle"
"OLEO","Odell Lake East",""
"OLF","",""
"OLFW","Owl Mtn nr Forks 20SE","Owl Mountain RAWS near Forks 20SE"
"OLFY","Old Faithful NWS","Old Faithful NWS Temperature"
"OLIB","Oliver","Oliver"
"OLM","Olympia WSO","Olympia WSO"
"OLNM","Olney","Olney"
"OLSB","",""
"OLWY","Owl Cr","Owl Creek"
"OLYW","Olympia Harbor","Olympia Harbor"
"OMAW","Omak WS","Omak Weather Station"
"OMFO","Onion Mountain #2","Onion Mountain #2 RAWS near Grants Pass 17WNW"
"OMFW","Owl Mtn","Owl Mountain"
"OMK","Omak Airport","Omak Airport"
"OMWW","Olallie Meadows","Olallie Meadows"
"ONO","Ontario Ksrv","Ontario Ksrv"
"ONOO","Radio Stn KSRV","Radio Station KSRV"
"ONP","Newport Airport",""
"ONPM","Onion Pk SNOTEL","Onion Park SNOTEL"
"ONTO","Ontario OR Weather Station","Ontario ORegon Weather Station"
"ONTO-Sensor2","Ontario OR WS Sensor 2",""
"OOFO","Moon Hill","Moon Hill Near FrenchGlen  12ENE  OOFO3"
"OOFO-Sensor2","Moon Hill Sensor 2",""
"OORO","Oo Ranch",""
"OPPM","Silver Bow Cr @ Opportunity","Silver Bow Creek at Opportunity"
"ORC","Willamette River above Falls","Willamette River above Falls, at Oregon City, OR"
"ORCI","",""
"ORCO","Willamette River below Falls","Willamette River below Falls at Oregon City"
"ORFI","Clearwater R @ Orofino","CLEARWATER RIVER AT OROFINO"
"ORFO","Port Orford No2",""
"OROI","Orogrande Mtn","Orogrande Mountain"
"ORRI","Orchard Range Site","Orchard Range Site"
"ORTW","Puyallup River Near Orting 4S","PUYALLUP RIVER NEAR ORTING 4S"
"ORVN","Orovada","Orovada"
"ORYO","Oregon City",""
"OSCI","Osgood Cnl near Grant","Osgood Canal Near Grant"
"OTH","Northbend FAA Airport",""
"OTHW","Othello 6ESE","Othello 6ese"
"OTOW","Othello 8NW RAWS","Othello 8NW RAWS"
"OTOW-Sensor2","Othello 8NW RAWS Sensor 2","Othello 8NW RAWS Sensor 2"
"OTSO","Otis 2Ne",""
"OTX","Spokane","Spokane"
"OVLW","Raws nr Oroville 4 NW","Raws Near Oroville 4 Northwest"
"OVNM","Ovando Rain Guage","OVANDO RAIN GUAGE"
"OWCI","",""
"OWCO","Owyhee Cnl @ Owyhee Dam","Owyhee Canal At Owyhee Dam"
"OWFO","Owyhee Ridge Sensor 2","Owyhee Ridge"
"OWFO-Sensor2","Owyhee Ridge",""
"OWY","Lk Owhee&Owyhee R nr Adrian","LAKE OWHEE AND OWYHEE RIVER NEAR ADRRIAN 11SW"
"OWYN","Owyhee&#44 Nv","Owyhee NV"
"OWYO","Owyhee R Bl Owyhee Dam","Owyhee River Below Owyhee Dam"
"OWYO-Sensor2","Owyhee R Bl Owyhee Dam Sensor 2",""
"OXSI","Oxford Spring Snotel - 6740","OXFORD SPRING SNOTEL - 6740"
"OYAB","Oyama","Oyama"
"OYFO","OYFO",""
"Okanogan_R","Okanogan River",""
"Omak_Ck","Omak Creek",""
"Owyhee","Owyhee","Owyhee"
"Owyhee_R","Owyhee River","Owyhee_River"
"P60","Cody 70W WY","Cody 70W WY"
"P68","",""
"PACW","Cowlitz River at Packwood","Cowlitz River at Packwood"
"PAE","Paine Field Airport","Paine Field Airport"
"PAFO","Patjens","Patjens RAWS near Maupin 7ESE"
"PAHY","",""
"PAIO","Chewaucan River Nr Paisley","Chewaucan River Near Paisley  1W  PAIO3"
"PAKY","PAKY-RFC (Pacific Ck PACW4)","PAKY-RFC (Pacific Ck PACW4)"
"PAL","Palisades Dam near Irwin","PALISADES DAM NEAR IRWIN 7SE"
"PALI","Snake R near Irwin 5SE","SNAKE RIVER NEAR IRWIN 5SE"
"PALW","Palmer 3ESE","Palmer 3ese"
"PANO","",""
"PAQW","Columbia R Blw Hwy 395 Brg@Psc","COLUMBIA RIVER BELOW HWY 395 BRIDGE AT PASCO"
"PAR","Sunnyside Diversion Dam @ Parker","Sunnyside Diversion Dam At Parker"
"PARI","Boise R near Parma 2W","BOISE RIVER NEAR PARMA 2W"
"PARO","Parkdale","Parkdale 2NW AgriMet"
"PARU1","",""
"PARW","Yakima R near Parker","Yakima River near Parker"
"PASO","Paisley",""
"PASO-Sensor2","PASO-Sensor2",""
"PATW","Methow River Near Pateros 4NW","METHOW RIVER NEAR PATEROS 4NW"
"PAY","Payette Lk & Dam @ Mccall","Payette Lake & Dam On North Fork Payette River At McCall"
"PAYI","N Fork Payette R @ Mccall","NORTH FORK PAYETTE RIVER AT MCCALL"
"PBOI","Silver Cr@Sportsmn Acc nr Picabo","Silver Creek at Sportsman Access near Picabo 2NW"
"PBUI","Potter Butte near Aberdeen","Potter Butte RAWS near Aberdeen 35NW"
"PCBB","Pincher Cr","Pincher Creek"
"PCCO","Pine Creek near Clarno","Pine Creek near Clarno"
"PCCW","Esquatzel Coulee @ Connell -WA","ESQUATZEL COULEE AT CONNELL WASH"
"PCGI","EF Pine Cr abv Gilbert Ck 7SE","East Fork Pine Creek above Gilbert Creek near Pinehurst 7SE"
"PCKI","Placer Cr","Placer Creek"
"PCKM","Pickfoot Cr","Pickfoot Creek"
"PCKW","Peshastin Cr @ Green Bridge Rd","Peshastin Creek at Green Bridge Road near Peshastin 1S"
"PCKY","Pacific Cr near Moran 1N","PACIFIC CREEK NEAR MORAN 1N"
"PCNI","Pole Canyon near Pocatello","Pole Canyon RAWS near Pocatello 28ENE"
"PCPI","Pine Cr Pass","Pine Creek Pass"
"PCRI","Parsons Cnl nr Riverside","Parsons Canal Near Riverside"
"PCRW","Park Cr Ridge","Park Creek Ridge"
"PCYO","Prairie City","Prairie City 4E AgriMet"
"PDT","Pendleton Wso",""
"PDT-Sensor2","PDT-Sensor2",""
"PDTO","Umatilla River at Pendleton","Umatilla River at Pendleton"
"PDUO","West Reservation Boundary","Umatilla River at West Reservation Boundarynear Pendleton"
"PDWO","Pendleton WFO","Pendleton WFO"
"PDX","Portland Wsfo Airport",""
"PECI","Peoples Cnl","Peoples Canal"
"PEFO","Pebbles","Pebbles RAWS near Mckenzie Bridge 1S"
"PEFW","Peoh Point RAWS","Peoh Point Raws"
"PEKB","",""
"PEKI","Clearwater R near Peck","CLEARWATER RIVER NEAR PECK 2NE"
"PEKI-USGS","Clearwater R near Peck-USGS",""
"PELO","Pelton Dm & Simtustusl Deschut",""
"PENO","Pendleton Radio Kuma","Pendleton Radio Kuma"
"PEOW","Peony Cr nr Tonasket 10SE","Peony Creek RAWS near Tonasket 10SE"
"PEPW","Walla Walla R @ Pepper Brdg 6SW","Walla Walla River at Pepper Bridge near Walla Walla 6SW"
"PER","PER",""
"PERM","Flathead R @ Perma near Dixon","FLATHEAD RIVER AT PERMA NEAR DIXON 13NE"
"PERO","Deschutes River","Deschutes River near Madras"
"PESW","Wenatchee R near Peshastin 1NNW","WENATCHEE RIVER NEAR PESHASTIN 1NNW"
"PETW","Petersons","Petersons"
"PFSY","Powell NWS","Powell NWS PFSY "
"PGPW","Pigtail Peak","Pigtail Peak"
"PGWO","PGWO",""
"PHBY","Phillips Bench Snotel","PHILLIPS BENCH SNOTEL - 8200"
"PHIM","Phillipsburg","Phillipsburg"
"PHIO","Marys River near Philomath","Marys River near Philomath"
"PHL","Mason Dam&Phillips Lk nr Baker","MASON DAM & PHILLIPS LAKE NEAR BAKER 10SW"
"PHLO","Powder R nr Sumpter","Powder River Near Sumpter"
"PHLO-Sensor2","Powder R nr Sumpter Sensor 2",""
"PHXO","Phoenix Cnl @ Talent, OR","Phoenix Canal at Talent, OR"
"PICI","Picabo","Picabo"
"PICI-Month","Picabo-Month",""
"PICM","Pike Cr","Pike Creek"
"PICO","Butter Creek near Pine City","Butter Creek near Pine City near Heppner 17NE"
"PIEI","Pierce near Pierce 2N","Pierce RAWS near Pierce 2N"
"PIFW","Pine Mtn","Pine Mountain"
"PIH","Pocatello Wso","Pocatello WSO"
"PIHI","Portneuf R near Pocatello","PORTNEUF RIVER NEAR POCATELLO 1NW"
"PILO","Pilot Rock 11E            Tb12",""
"PILW","Pilchuck R near Snohomish","PILCHUCK RIVER NEAR SNOHOMISH 2NE"
"PINI","Pine Cr","Pine Creek"
"PINO","Pine Grove",""
"PIRI","Pierce","PIERCE"
"PITW","Klickitat River near Pitt","Klickitat River near Pitt"
"PKFO","PKFO",""
"PKMB","Park Mt","Park Mt"
"PKOI","",""
"PKWW","Packwood Weather","PKWW"
"PLAW","Plains Of Abraham",""
"PLCI","Palisades Cnl","Palisades Canal"
"PLCM","Placer Basin","Placer Basin"
"PLDI","",""
"PLEI","Payette R near Letha 1N","PAYETTE RIVER NEAR LETHA 1N"
"PLFI","Pittsburg Landing nr Riggins","Pittsburg Landing RAWS near Riggins 15W"
"PLKI","Priest Lake nr Coolin 8NW","Priest Lake RAWS near Coolin 8NW"
"PLLI","PLLI-RFC (Pocatello PLLI1)","PLLI-RFC"
"PLMI","Plummer 3 WSW","Plummer 3 Wsw"
"PLMW","Pullman 2NW","Pullman 2nw"
"PLNM","Clark Fork River Near Plains 2SE","CLARK FORK RIVER NEAR PLAINS 2SE"
"PLNO","Paulina",""
"PLNW","Plain","Plain"
"PLNW-Sensor2","Plain Sensor 2",""
"PLOI","Palouse R near Potlatch","Palouse River near Potlatch 2W"
"PLTO","Pilot Rock 1Se",""
"PLVM","Pleasant Valley 4 SE","Pleasant Valley 4 Southeast"
"PLW","",""
"PMAI","Parma 2 N","Parma 2 North"
"PMAI-Sensor2","Parma 2 N Sensor 2",""
"PMFW","Pal Moore Orchard","Pal Moore Orchard RAWS"
"PMNM","Poorman Ck SNOTEL","Poorman Creek SNOTEL"
"PMNW","","PUYALLUP RIVER AT E MAIN BRIDGE AT PUYALLUP WA"
"PNA","",""
"PNAY","",""
"PNDO","PNDO",""
"PNEI","Pine Cr Pass Snotel","PINE CREEK PASS SNOTEL"
"PNFI","Pine Creek","Pine Creek - Raws"
"PNFI-Sensor2","Pine Creek Sensor 2",""
"PNGO","Pine Grove","Pine Grove AgriMet near Hood River 5SSE"
"PNKW","Pine Creek Near Cougar",""
"PNRI","Boise Federal Building","BOISE FEDERAL BUILDING"
"PNXO","Pendleton Exp Stn","Pendleton Exp Station"
"POBM","NF Flathead R @ Polebridge","North Fork Flathead River At Polebridge"
"POBO","Powell Butte","Powell Butte AgriMet near Mackenzie Brisge 10ESE"
"POCI","Porter Cnl","Porter Canal"
"POCY","",""
"POGM","",""
"POLM","Polebridge Rain Gauge","POLEBRIDGE RAIN GAUGE"
"POMW","Pomeroy","Pomeroy"
"PONB","",""
"PORI","Kootenai River At Porthill","KOOTENAI RIVER AT PORTHILL"
"POSI","Spokane River nr Post Falls Id","SPOKANE RIVER NR POST FALLS ID"
"POTI","Potlatch near Potlatch","Potlatch RAWS near Potlatch 1N"
"POTM","West Glacier Region - Potomac","West Glacier Region - Potomac"
"POWI","Powell","Powell"
"POWM","Powderville & 44 Montana NNE","Powderville Montana (8 Mile North By Northeast)"
"POWO","S F Coquille River at Powers","South Fork Coquille River at Powers"
"PPCW","Pepper Creek","Pepper Creek"
"PPFO","Point Prominence nr Union 13NW","Point Prominence RAWS near Union 13NW"
"PPLB","Pulpit Lake","Pulpit Lake Snow Pillow"
"PPRW","Pope Ridge","Pope Ridge"
"PRAI","Prairie Snotel","PRAIRIE SNOTEL"
"PRAO","P-Ranch Refuge",""
"PRCI","Coeur D'Alene R near Pritchard","COEUR D'ALENE RIVER NEAR PRITCHARD 4N"
"PRCM","Prospect Cr nr Thompson Falls 1S","Prospect Creek near Thompson Falls 1S"
"PRCO","Prairie City Rs          Tb20",""
"PRCW","Esquatzel Coulee @ Connell","Esquatzel Coulee at Connell"
"PRD","Priest Rapids Dam","Priest Rapids Dam"
"PRDN","",""
"PRDW","Columbia R blw Priest Rapids Dam","COLUMBIA RIVER BELOW PRIEST RAPIDS DAM NEAR SUNNYSIDE 22NNE"
"PRFO","Provolt Seed Orchard","Provolt Seed Orchard RAWS near Kerby 8W"
"PRHO","Pwdr R@Hudspeth Ln nrSumpter","POWDER RIVER AT HUDSPETH LANE NEAR SUMPTER 6SE"
"PRII","Potlatch R Blw Ltl Potlatch Cr","Potlatch River below Little Potlatch Creek near Spalding"
"PRIO","Prineville","Prineville 4NW"
"PRIO-Sensor2","",""
"PRKI","Parks & Lewisville Cnl","Parks & Lewisville Canal"
"PRKO","Parkdale 2Nne",""
"PRKY","Parker Peak Snotel","PARKER PEAK SNOTEL"
"PRLI","South Fork Payette R nr Lowman","SOUTH FORK PAYETTE RIVER NEAR LOWMAN 5NW"
"PRLI-Sensor2","SF Payette R nr Lowman Sensor 2",""
"PRMI","Parma Experiment Station","Parma Experiment Station"
"PRMI-Sensor2","Parma Experiment Station Sensor2",""
"PRO","Prosser Dam Near Prosser WA","Prosser Dam Near Prosser Wa"
"PROO","Pilot Rock","Pilot Rock 11E Rain"
"PRPI","Payette R near Payette","PAYETTE RIVER NEAR PAYETTE 2S"
"PRPM","Porcupine","Porcupine"
"PRRI","Prairie","Prairie"
"PRRO","Powder R nr Richland-OR","Powder River near Richland OR"
"PRSN","Pole Cr R.S. Snotel","POLE CREEK R.S. SNOTEL"
"PRSO","Prospect","Rogue River below Prospect"
"PRSW","Prosser 4NE","Prosser 4ne"
"PRTI","Priest River Near Priest 3N","PRIEST RIVER NEAR PRIEST 3N"
"PRTO","Portland","Willamette River at Portland, OR"
"PRV","Prineville Reservoir","Prineville Reservoir near Prineville 13SSE"
"PRVO","Crooked River near Prineville","Crooked River near Prineville 13S"
"PRWO","Powers","Powers"
"PRWW","Priest Rapids Dam Weather","Priest Rapids Dam -- Weather"
"PRWW-Sensor2","Priest Rapids Dam WS Sensor 2",""
"PRXI","Priest R Exp Station","Priest River Exp Station"
"PRXW","Priest Rapids Dam DS Water Qual","Priest Rapids Dam Downstream Water Quality"
"PSC","Pasco Airport (NOAA Weather Sta)","Pasco Airport (NOAA Weather Station)"
"PSC-Sensor2","Pasco Airport WS Sensor 2","Pasco Airport Weather Station Sensor 2"
"PSCW","Pasco Airport (NOAA Weather St)","Pasco Airport (NOAA Weather Station)"
"PSLI","Priest River nr Coolin","PRIEST RIVER NR COOLIN"
"PSNM","Polson","Polson"
"PSTI","SF Coeur D'Alene R nr Pinehurst","South Fork Coeur d'Alene River near Pinehurst 1N"
"PTFO","Coffee Pot Flat","Coffee Pot Flat Near Paisley  14NNW  PTFO3"
"PTGW","Point Grenville","Point Grenville"
"PTHI","Porthill","Porthill"
"PTHW","Potato Hill","Potato Hill"
"PTLI","Potlatch","Potlatch"
"PTNM","Peterson Meadows SNOTEL","Peterson Meadows SNOTEL"
"PTTW","Port Townsend","Port Townsend"
"PTWW","Port Townsend","Port Townsend Tide"
"PTYI","Portneuf R@Tyhee nr Pocatello","Portneuf River at Tyhee near Pocatello 2NW"
"PTYM","",""
"PULW","S Fork Palouse R @ Pullman","South Fork Palouse River At Pullman"
"PUW","Pullman/Moscow Regional Airport","Pullman/Moscow Regional Airport"
"PUWO","Woodburn","Pudding River near Woodburn, OR"
"PUXW","",""
"PUYW","Puyallup River Near Puyallup 1NW","PUYALLUP RIVER NEAR PUYALLUP 1NW"
"PUYW-RFCLOC","Puyallup R nr Puyallup-RFCLOC",""
"PVPM","Pleasant Valley Near Marion 10W","PLEASANT VALLEY NEAR MARION 10W"
"PVRO","Peavine Ridge","Peavine Ridge"
"PWDO","Powder R @ Baker","POWDER RIVER AT BAKER"
"PWDY","Powder R Pass","Powder River Pass"
"PWFO","Powers Nr Powers 2Se Goes/Hads",""
"PWT","Bremerton National Airport","Bremerton National Airport"
"PYDI","Mccall Payette Lake And Dam","Mccall Payette Lake And Dam"
"PYFO","Polly","Polly RAWS near Parkdale 8SE"
"PYTI","Payette","Payette"
"PYTI-Sensor2","Payette Sensor 2",""
"Pacific_Ck","Pacific Creek",""
"Palouse","Palouse","Palouse"
"Palouse_R","Palouse River","Palouse_River"
"Park_Ck","Park Creek",""
"Payette","Payette","Payette"
"Payette_R","Payette River","Payette_River"
"Pend_Oreille","Pend Oreille",""
"Pend_Oreille_R","Pend Oreille River",""
"Peony_Ck","Peony Creek",""
"Peshastin_Ck","Peshastin Creek",""
"Pickfoot_Ck","Pickfoot Creek",""
"Pike_Ck","Pike Creek",""
"Pilchuck_R","Pilchuck River",""
"Pincher_Ck","Pincher Creek",""
"Pine_Ck","Pine Creek",""
"Portneuf","Portneuf","Portneuf"
"Portneuf_R","Portneuf River","Portneuf_River"
"Powder","Powder","Powder"
"Powder_R","Powder River","Powder_River"
"Priest_R","Priest River",""
"Prospect_Ck","Prospect Creek",""
"Puyallup_R","Puyallup River","Puyallup River"
"Puyallup_River","Puyallup River","Puyallup River"
"QADY","Quadrant nr Mammoth Hot Springs","Quadrant Raws Near Mammoth Hot Springs 25WSW"
"QBYB","Kooteny Lake @ Queens Bay","Kooteny Lake at Queens Bay"
"QCCO","Quartzville Ck","Quartzville Creek near Cascadia"
"QCNW","Quilcene 1W RAWS","Quilcene 1W RAWS"
"QILW","Quilcene 5SW Dam","Quilcene 5sw Dam"
"QLCW","Quilcene 2 SW","Quilcene 2 Southwest"
"QLTW","Quinault R @ Quinault Lake","QUINAULT RIVER AT QUINAULT LAKE NEAR QUINAULT 2SE"
"QNTW","Quinalt Ranger Station","Quinalt Rs"
"QPFO","Quail Prairie #2","Quail Prairie #2 RAWS near Brookings 17NE"
"QRMO","",""
"QUEW","Queets River Near Clearwater 1NE","QUEETS RIVER NEAR CLEARWATER 1NE"
"QUIW","Quincy 1S","Quincy 1s"
"QUIW-Sensor2","Quincy 1S Sensor 2",""
"QUPW","Quartz Peak Snotel","QUARTZ PEAK SNOTEL"
"Quartzville_Ck","Quartzville Creek","Quartzville Creek"
"Queets_R","Queets River",""
"Quinault_R","Quinault River",""
"RACO","Redmond Air Center","Redmond Air Center"
"RADB","Kootenay Nat Park West Gate","Kootenay Nat Park West Gate"
"RAGW","Raging River Near Fall City 2SW","RAGING RIVER NEAR FALL CITY 2SW"
"RAIW","Rainy Pass","Rainy Pass"
"RAWW","Randle","Cowlitz River at Randle"
"RBDW","Yakima R. blw Roza Dam","Yakima River Below Roza Dam"
"RBG","Roseburg Municipal Airport",""
"RCCM","Rock Cr near Clinton Montana","ROCK CREEK NEAR CLINTON MONTANA"
"RCCW","Rock Cr @ Hwy 5A nr Ravensdale","Rock Creek at Highway 5A near Ravensdale near Summit 1E"
"RCCW-Sensor2","Rock Cr nr Ravensdale Sensor 2","Rock Creek near Ravensdale Sensor 2"
"RCHO","Richland","Richland"
"RCHW","Richland","Richland"
"RCKO","Rock Cr","Rock Creek"
"RCMO","RCMO",""
"RCMW","Rock Cr nr Maple Valley 2SW","Rock Creek near Maple Valley 2SW"
"RCRI","Riley Creek at Laclede","Riley Creek at Laclede&#44 ID"
"RCRO","Rock Creek","Rock Creek Near FrenchGlen  17WSW  RCRO3"
"RCRW","Rainier Carbon R Ent","Rainier Carbon River Ent"
"RCSO","Rock Springs Snotel","Rock Springs"
"RCTI","Rock Cr Abv Hwy 30/93@Twn Fls","ROCK CREEK ABOVE HIGHWAY 30/93 AT TWIN FALLS"
"RDBM","Round Butte 1 N By NE","Round Butte 1 North By Northeast"
"RDFI","Redfish Lake","Redfish Lake"
"RDKI","Road Cr near Sun Valley","Road Creek RAWS near Sun Valley 27NE"
"RDLO","Cow Creek near Riddle","Cow Creek near Riddle"
"RDM","Redmond 2W",""
"RDMO","Redmond FFA Airport","Redmond FFA Airport"
"RDR","Roza Dam Res","Roza Dam Reservoir"
"RDWI","USBR Reid Weir ","USBR Reid Weir"
"RECI","Reservation Cnl near Shelley","Reservation Canal Near Shelle`"
"REDB","",""
"REDI","Red R Rs","Red River RS"
"REDO","Red Hill","Red Hill"
"REEO","Umpqua At Reedsport",""
"RELM","",""
"RENI","Crn Site @ Reynolds","CRN Site at Reynolds"
"REO","Owyhee R nr Rome","Owyhee River Near Rome (Use To Be Romo)"
"REO-Sensor2","Owyhee R nr Rome Sensor 2",""
"REPW","Republic","Republic"
"REVB","Revelstoke Dam","Revelstoke Dam"
"REXI","Henry's Fork near Rexburg 6W","HENRY'S FORK NEAR REXBURG 6W"
"REXM","Testing Take 1","testing take 1"
"REXW","Rex River Near Cedar Falls 8SE","REX RIVER NEAR CEDAR FALLS 8SE"
"RFTI","Rupert 23 Middle Fork","Rupert 23 Middle Fork"
"RGCI","Rigby Cnl","Rigby Canal"
"RGGI","Riggins Id","Riggins Id"
"RGRB","Glacier NP Rogers Pass Clim Stat","Glacier National Park (Rogers Pass) Climate Station"
"RGSM","",""
"RHEO","Rhea Creek","Rhea Creek near Heppner 7SW"
"RHIO","Rock Creek","Rock Creek Near Hillsboro  2SE  RHIO3"
"RICB","",""
"RICI","Riverside Cnl","Riverside Canal"
"RID","",""
"RIDM","",""
"RIDO","Riddle 2Nne",""
"RIGI","Little Salmon R @ Riggins","LITTLE SALMON RIVER AT RIGGINS"
"RIGW","Rock Island Tailwater","Rock Island Tailwater Total WQ Dis Gas"
"RILW","Tieton - Rimrock Lk nr Rimrock","Tieton - Rimrock Lake near Rimrock"
"RIM","Tieton Dam & Rimrock Lk","Tieton Dam & Rimrock Lake On Tieton River"
"RIOO","",""
"RIR","Ririe Dam on Willow Creek","RIRIE DAM-LAKE ON WILLOW CREEK NEAR RIRIE 4S"
"RIR-Spillway1","Ririe Dam Spillway 1",""
"RIR-Spillway2","Ririe Dam Spillway 2",""
"RIRI","Willow Cr near Ririe 1S","WILLOW CREEK NEAR RIRIE 1S"
"RIS","Rock Island Dam","Rock Island Dam"
"RIVY","RIVY RFC Precip&Temp","RIVY_RFC_Precip&Temp"
"RIW","",""
"RIWI","Ririe Weather","Ririe Weather"
"RJPI","Ray & John Brown Pmp nr Driggs","Ray and John Brown Pump near Driggs 3N"
"RKHO","Rockhouse","Rockhouse 1 RAWS near Dallas 8W"
"RKPM","Rocker Peak","Rocker Peak"
"RKS","Rock Spring Wyoming (8 Mi East)","Rock Spring Wyoming (8 Mile East)"
"RKVO","Rockville 5 N","Rockville 5 North"
"RKVO-Sensor2","Rockville 5 N Sensor 2",""
"RLFO","Riddle Mtn Nr FrenchGlen","Riddle Mountain Near FrenchGlen  25NE  RLFO3"
"RLGW","Longmire Rainier Nps","LONGMIRE RAINIER NPS"
"RLGW-Sensor2","Longmire Rainier Nps Sensor 2",""
"RLYO","RLYO",""
"RMEO","Rome 2 NW (Amos)","Rome 2 Northwest (Amos)"
"RMFO","Red Mound","Red Mound RAWS near Brookings 5NNW"
"RNDW","Randle 1E",""
"RNFO","Round Mountain","Round Mountain RAWS near La Pine 11NW"
"RNHY","Reno Hill","Reno Hill"
"RNT","Renton Municipal Airport","Renton Municipal Airport"
"RNTW","Cedar River At Renton","CEDAR RIVER AT RENTON"
"ROAW","Roaring Cr nr Mouth nr Entiat","Roaring Creek near Mouth near Entiat 6W"
"ROCI","Rock Lake near Shoshone","Rock Lake RAWS near Shoshone 19ENE"
"ROCM","Rocky Boy SNOTEL","Rocky Boy SNOTEL"
"ROCW","Skagit River Near Rockport 2NE","SKAGIT RIVER NEAR ROCKPORT 2NE"
"RODW","",""
"ROGO","Roseburg KQEN Radio","Roseburg KQEN Radio"
"ROKW","Rock Cr nr mouth nr Merritt 13N","Rock Creek near Mouth near Merritt 13N"
"ROMB","Rossland Maclean","Rossland Maclean"
"ROMO","Owyhee R near Rome 2N","OWYHEE RIVER NEAR ROME 2N"
"ROPM","Roundup Mt","Roundup Mt"
"RORO","Roaring River","Roaring River"
"ROS","Ross Reservoir nr Newhalem","ROSS RESERVOIR NEAR NEWHALEM"
"ROS-PH","Ross Powerhouse",""
"ROS-Sensor2","Ross Reservoir Sensor 2",""
"ROS-U41","Ross Dam Unit 41",""
"ROS-U42","Ross Dam Unit 42",""
"ROS-U43","Ross Dam Unit 43",""
"ROS-U44","Ross Dam Unit 44",""
"ROSW","ROSW RFC Precip","ROSW_RFC_Precip_Ross_Dam"
"ROZW","Roza Canal @ 11 Mile Post","Roza Canal At 11 Mile Post"
"RPJM","Rapelje","Rapelje"
"RPTI","Rupert","Rupert"
"RRDW","Rocky Reach Tailwater","Rocky Reach Tailwater Total Dis Gas"
"RRFI","Red R -","Red River - Raws"
"RRH","Rocky Reach Dam","Rocky Reach Dam"
"RRH-PH1","Rocky Reach Powerhouse 1",""
"RRHI","",""
"RROO","Railroad Overpass","Railroad Overpass"
"RRPI","R Brent Picks Pump nr Chester","R. Brent Picks Pump near Chester 1E"
"RRVO","Rogue R Val Cnl @ Bradshaw Drop","Rogue River Valley Canal at Bradshaw Drop nr Brownsboro OR"
"RSA","Res A","Reservoir A"
"RSAI","Res A Lewiston Orchards","Reservoir A (Lewiston Orchards) near Lewiston 1S"
"RSBO","S Umpqua At Roseburg",""
"RSCW","New Reservation Cnl Diversion","New Reservation Canal Diversion"
"RSDI","Reservation Canal @ Drop","Reservation Canal at Drop"
"RSLW","Rosalia","Rosalia"
"RTFO","RTFO",""
"RTFO-Sensor2","RTFO-Sensor2",""
"RTHI","Rathdrum Prairie Idaho WS","Rathdrum Prairie Idaho Weather Station"
"RTLO","RTLO",""
"RTRO","Ritter","Middle Fork John Day River at Ritter"
"RUCO","Ruch",""
"RUDI","",""
"RUNO","Bull Run River","Bull Run River near Bull Run (River Only)"
"RUPI","Rupert 1 E","Rupert 1 East"
"RVBB","Columbia R @ Revelstoke","Columbia River at Revelstoke"
"RVCB","",""
"RVDO","Riverside",""
"RVDW","Ravensdale Weather Station","RAVENSDALE WEATHER STATION"
"RXBI","RXBI RFC Precip (Rexburg RXBI1)","RXBI_RFC_Precip (Rexburg RXBI1)"
"RXE","",""
"RXFO","Red Box","Red Box RAWS near Government Camp 18SSW"
"RXGI","Rexburg WS","Rexburg Weather Station"
"RXRI","Rexburg Irrigation Cnl","Rexburg Irrigation Canal"
"RXSW","Rex River","Rex River SNOTEL"
"RYGO","Raygold","Rogue River at Raygold near Central Point"
"RYLW","Strawberry Landing",""
"RYMW","Raymond 2 S","Raymond 2 South"
"RYNI","Reynolds","Reynolds"
"RYTM","",""
"RZCW","Roza Dam Diversion Headworks","Roza Dam Diversion Headworks (Canal)"
"RZVW","Ritzville 1 S By SE","Ritzville 1 South By Southeast"
"RZVW-Sensor2","Ritzville 1 S By SE Sensor 2",""
"Raging_R","Raging River",""
"Red_Rock_R","Red Rock River",""
"Rex_R","Rex River",""
"Roaring_Ck","Roaring Creek",""
"Rock_Ck:MT","Rock Creek",""
"Rock_Ck:WA","Rock Creek",""
"Rogue","Rogue","Rogue"
"Rogue_R","Rogue River","Rogue River"
"Row","Row","Row"
"Row_R","Row River","Row River"
"S06","Mullan","Mullan"
"S14","",""
"S22","Hermiston","Hermiston"
"S47","",""
"S72","St Maries Idaho","St Maries Idaho"
"S73","Kamiah","Kamiah"
"S80","Granggville","Granggville"
"SABW","Samish River Near Burlington 5N","SAMISH RIVER NEAR BURLINGTON 5N"
"SACW","Chehalis River Near Satsop","CHEHALIS RIVER NEAR SATSOP"
"SADI","Sand Cr Abv Willow Cr Divers","Sand Creek Above Willow Creek Diversion Near Ucon"
"SAFO","Sparta Butte nr Richland","Sparta Butte RAWS near Richland 16NW"
"SAFO-Sensor2","Sparta Butte nr Richland Sensor2",""
"SAJM","Sacajawea SNOTEL","Sacajawea SNOTEL"
"SAJO","Santiam Jct.","Santiam Jct."
"SAKW","Sauk River Near Rockport 4se","SAUK RIVER NEAR ROCKPORT 4SE"
"SALW","NF Salmon Cr nr Conconully 3NNW","North Fork Salmon Creek near Conconully 3NNW"
"SALY","Salt R Abv Palisades Re nr Etna","SALT RIVER ABOVE PALISADES RESERVOIR NEAR ETNA 3NW"
"SAMW","Salmon Meadows","Salmon Meadows"
"SANI","Saint Anthony 1 Wnw","Saint Anthony 1 Wnw"
"SANW","Sanpoil R ab 13 Mi Cr nr Republ","Sanpoil River above 13 Mile Creek near Republic 12S"
"SAPI","WQ SNDPNT ID WND BAG MRINA","WQ SANDPOINT ID WIND BAG MARINA"
"SAPW","Sappho 8 E","Sappho 8 East"
"SASW","Sasse Ridge","Sasse Ridge"
"SATI","St. Maries R nr Santa","St. Maries River near Santa"
"SATW","Satsop River Near Satsop 1W","SATSOP RIVER NEAR SATSOP 1W"
"SAWW","Sawmill Ridge","SAWMILL RIDGE"
"SBCO","SageBrush Creek",""
"SBCW","Spring Brook Cr nr Orillia-SBCW","SPRING BROOK CREEK NEAR ORILLIA NEAR KENT 3NE"
"SBCY","S Brush Cr","South Brush Creek"
"SBDY","Boysen Dam NWS","Boysen Dam NWS SBDY Precip"
"SBEO","Stanfield Branch Exchange Canal","Stanfield Branch Exchange Canal near Hermiston OR"
"SBFO","Illinois Valley Airport","Illinois Valley Airport RAWS near Cave Junction 4SSW"
"SBKW","Spring Brook Cr near Orillia","Spring Brook Creek near Orillia 3NE"
"SBMW","Seven Bays Marina Washington","Seven Bays Marina Washington"
"SBRO","SF Bull Run nr Bull Run","South Fork Bull Run Near Bull Run"
"SBXO","SBXO",""
"SCDO","SCDO",""
"SCDY","Spring Cr Divide Snotel","SPRING CREEK DIVIDE SNOTEL"
"SCFI","Slate Cr near Whitebread","Slate Creek RAWS near Whitebread 15ESE"
"SCFO","Salt Creek Falls","Salt Creek Falls"
"SCHI","Schwartz Lake","Schwartz Lake"
"SCHO","Schneider Meadows","Schneider Meadows"
"SCKI","Soldier R.S. Snotel","SOLDIER R.S. SNOTEL"
"SCLO","Scoggins Creek near Forest Grove","Scoggins Creek above Henry Hagg Lake near Forest Grove 7WSW"
"SCMO","Scott Mills 9Se           Tb20",""
"SCNW","Scenic","Scenic"
"SCO","Scoggins Dam","Henry Hagg Lake near Gaston, OR"
"SCOM","Scobey Montana (4 Mi Northwest)","Scobey Montana (4 Mile Northwest)"
"SCOO","Scoggins Creek near Gaston","Scoggins Creek below Henry Hagg Lake near Gaston 4NW"
"SCPW","Silverton","Silverton"
"SCRI","Snake R @ Lewiston Control Point","Snake River at Lewiston Control Point"
"SCRO","Steamboat Creek","Steamboat Creek Near Glide  19NE  SCRO3"
"SCRY","Shell Cr","Shell Creek"
"SCSI","Secesh Summit Snotel","SECESH SUMMIT SNOTEL"
"SCUW","Salmon Cr @ W Uncas Rd 6 WSW","Salmon Creek at West Uncas Road near Chimacum 6WSW"
"SCWI","",""
"SCWW","S Fk Chehalis R @ Wildwood","South Fork Chehalis River at Wildwood near Ryderwood 6NW"
"SDCO","Soda Cr @ How Prar Delvery Canal","Soda Creek at Howard Prairie Delevery Canal OR"
"SDFO","Seldom Creek","Seldom Creek RAWS near Chiloquin 18SW"
"SDMM","Saddle Mtn","Saddle Mountain"
"SDMO","Saddle Mountain","Saddle Mountain"
"SDMW","Saddle Mtn nr Mattawa 5E","Saddle Mountain RAWS near Mattawa 5E"
"SDQW","SDQW-Stage",""
"SDVW","Snoqualmie River At Duvall","SNOQUALMIE RIVER AT DUVALL"
"SDY","",""
"SDYM","",""
"SEA","Seattle-Tacoma WSO","Seattle-Tacoma WSO"
"SEAW","SEAW RFC Precip","SEAW_RFC_Precip_Sandpoint_WSO"
"SECO","Seine Creek","Seine Creek"
"SEDW","Skagit R near Sedro Woolley 1S","SKAGIT RIVER NEAR SEDRO WOOLLEY 1S"
"SELI","Selway R nr Lowell nr Kooskia","SELWAY RIVER NEAR LOWELL NEAR KOOSKIA 25E"
"SELM","Seeley Lake 3NW Ranger Station","SEELEY LAKE 3NW RANGER STATION"
"SELM-Sensor2","Seeley Lake 3NW Ranger Statn S2",""
"SELW","Selah 2 NE WA","SELAH 2 NE WA"
"SELW-Sensor2","Selah Sensor 2",""
"SENO","Seneca",""
"SENW","Sentinel Butte SNOTEL","Sentinel Butte SNOTEL"
"SEPI","Sedgwick Peak Snotel","SEDGWICK PEAK SNOTEL"
"SEQW","Sequin 2E","Sequin 2e"
"SERO","Serive Creek","John Day River at Service Creek"
"SEVB","Seven Mi Dam","Seven Mile Dam"
"SEVO","SEVO",""
"SEWW","Sedro-Wooley","Sedro-wooley"
"SFBO","South Fork Bull Run","South Fork Bull Run"
"SFCI","SF Clearwater R nr Elk City 20W","South Fork Clearwater River near Elk City 20W"
"SFCM","S Fk Flathd R nr Columbia Fls","South Fork Flathead River near Columbia Falls 7E"
"SFCO","Cougar Lake Inflow","South Fork Mckenzie River above Cougar Lake near Rainbow"
"SFF","SFF-RFC-Precip (Felts Fld)","SFF-RFC-Precip (Felts Fld)"
"SFFI","SFFI",""
"SFFI-Sensor2","SFFI-Sensor2",""
"SFJO","South Fork John Day River","South Fork John Day River near Dayville 3S"
"SFKO","South Fork","South Fork RAWS near Tillamook 15ENE"
"SFLO","SF L Butte Ck at mouth","South Fork Little Butte Creek at mouth"
"SFNI","Sf Boise R@Neal Brg Nr Arrowrock","SF BOISE RIVER AT NEAL BRIDGE NR ARROWROCK DAM ID"
"SFNW","S. F. Nooksack R nr Wickersham","S. F. NOOKSACK R NR WICKERSHAM"
"SFPW","Snohmsh Riv @ French Sl Pmp Plnt","SNOHOMISH RIV AT FRENCH SL PUMP PLANT"
"SFRW","Swift Res near Stevenson","SWIFT RESERVOIR NEAR STEVENSON 28NNW"
"SFSM","S Fork Shields","South Fork Shields"
"SFTW","S Fk Tolt R Blw Reglting Bsn","SOUTH FORK TOLT RIVER BELOW REGULATING  BASIN NEAR CARNATION 7NE"
"SF_Boise_R","South Fork Boise River",""
"SF_Bull_Run_R","South Fork Bull Run River",""
"SF_Chehalis_R","South Fork Chehalis River",""
"SF_Clearwater_R","South Fork Clearwater River",""
"SF_Cor_D'Alene_R","South Fork Coeur D'Alene River",""
"SF_Flathead_R","South Fork Flathead River",""
"SF_Jocko_R","South Fork Jocko River",""
"SF_Ltl_Butte_Ck","South Fork Little Butte Creek",""
"SF_McKenzie_R","South Fork McKenzie River","South Fork McKenzie River"
"SF_Nooksack_R","South Fork Nooksack River",""
"SF_Palouse_R","South Fork Palouse River",""
"SF_Payette_R","South Fork Payette River",""
"SF_Salmon_R","SF Salmon River",""
"SF_Skokomish_R","South Fork Skokomish River",""
"SF_Snoqualmie_R","South Fork Snoqualmie River",""
"SF_Stilagamish_R","South Fork Stillaguamish River",""
"SF_Teton_R","South Fork Teton River",""
"SF_Tolt_R","South Fork Tolt River",""
"SGBY","SGBY-RFC-Precip&Wind","SGBY-RFC-Precip&Wind"
"SGFO","Sugarloaf","Sugarloaf RAWS near Oakridge 12SW"
"SGLB","SGLB",""
"SGNW","Signal Peak","Signal Peak RAWS near Toppenish 36W"
"SGPW","SGPW",""
"SGRO","Star Gulch near Ruch","Star Gulch near Ruch"
"SGUW","Sour Dough Gulch Snotel","Sour Dough Gulch Snotel"
"SGWI","Stewart Gulch W Ridge ID","STEWART GULCH WEST RIDGE ID"
"SGWI-Sensor2","Stewart Gulch W Ridge Sensor 2","SGWI2-Stewart_Gulch"
"SHA","Lake Shannon Near Concrete 1N","LAKE SHANNON NEAR CONCRETE 1N"
"SHAI","Shanghi Summit Snotel","SHANGHI SUMMIT SNOTEL"
"SHAW","Baker R @ Concrete Blw Lk Shnnon","BAKER RIVER AT CONCRETE BELOW LAKE SHANNON"
"SHBO","Shobe Creek","Shobe Creek near Heppner, OR"
"SHBW","",""
"SHCI","Shock nr Potlatch 10ENE","Shock RAWS near Potlatch 10ENE"
"SHCM","Short Cr","Short Creek"
"SHDW","Concrete 1n Lake Shannon","Concrete 1n Lake Shannon"
"SHEO","Sheaville 1SE","Sheaville 1se"
"SHFM","SHFM",""
"SHFO","SHFO",""
"SHFO-Sensor2","SHFO-Sensor2",""
"SHIO","Shitike Creek","Shitike Creek near Warm Springs"
"SHKW","Shuksan","Shuksan"
"SHLI","Blackfoot River near Shelley","Blackfoot River near Shelley 9SSE"
"SHLY","Shell NWS SHLY","Shell NWS SHLY Precip"
"SHN","Sanderson Fld Aprt-Shelton",""
"SHNO","Columbia R @ St Helens","Columbia River At St Helens"
"SHNO-Sensor2","Columbia R @ St Helens Sensor 2","Columbia River at St Helens Sensor 2"
"SHPI","Shoup","Shoup"
"SHPW","Sheep Canyon","Sheep Canyon"
"SHTW","Shelton","Shelton"
"SHWI","Sherwin Snotel","SHERWIN SNOTEL"
"SHYI","Snake R near Shelley 3N","SNAKE RIVER NEAR SHELLEY 3N"
"SI","Moonshine Snotel","MOONSHINE SNOTEL"
"SIFI","Snake  R Abv Egl Rock nr Id Fls","SNAKE RIVER ABOVE EAGLE ROCK NEAR IDAHO FALLS 6N"
"SIGM","St. Ignatius 1sw WS","St. Ignatius 1sw Weather Station See Also Stim"
"SILI","Silver City 5W","Silver City 5w"
"SILO","Siletz River at Siletz","Siletz River at Siletz"
"SILW","Silcott Island -WA","Silcott Island Washington"
"SIMO","Simnasho","Simnasho"
"SINW","Sinlahekin Cr nr Loomis 2S","Sinlahekin Creek near Loomis 2S"
"SIPM","SIPM",""
"SITO","Sitkum 1E","Sitkum 1e"
"SIVW","Stillaguamish River At I-5","STILLAGUAMISH RIVER AT I-5"
"SIXI","Snake R@Idaho Falls Aux Spillbak","Snake River At Idaho Falls (Auxillary Great Western Spillback)"
"SIXY","",""
"SJCI","St. Joe River @ Ramsdell","St. Joe River at Ramsdell"
"SJMI","St Joe R @ St Maries","St Joe River At St Maries"
"SJNO","Snake R@Johnson Bar nr Imnaha","SNAKE RIVER AT JOHNSON BAR NEAR IMNAHA 16SE"
"SJNW","St John","St John"
"SKA","Fairchild Afb","Fairchild Afb"
"SKAM","SKAM",""
"SKAW","Columbia R @ Skamakowa","Columbia River At Skamakowa"
"SKAW-Sensor2","Columbia R @ Skamakowa Sensor 2","Columbia River at Skamakowa Sensor 2"
"SKBW","N Fk Skokmsh R Blw Lwr Cshmn Dam","NORTH FORK SKOKOMISH RIVER BELOW LOWER CUSHMAN DAM NEAR POTLACH 3NW"
"SKDW","",""
"SKFI","Skull Gulch -RAWS","Skull Gulch - Raws"
"SKHI","Snake R @ King Hill","SNAKE RIVER AT KING HILL"
"SKIB","Skoki Lodge","Skoki Lodge"
"SKKW","Johnson Ridge","Johnson Ridge Near Index  13E  SKKW1"
"SKMW","Skookumchuck R Blw Bloody Run Cr","SKOOKUMCHUCK RIVER BELOW BLOODY RUN CREEK NEAR CENTRALIA 12NE"
"SKNW","Skamania Fish Hatchery","Skamania Fish Hatchery"
"SKOKI","Skoki Lodge","Skoki Lodge"
"SKOW","N Fk Skokmsh R Blw Strcase Rapds","NORTH FORK SKOKOMISH RIVER BELOW STAIRCASE RAPIDS NEAR HOODSPORT 11NW"
"SKPW","Sherman Creek Pass","SHERMAN CREEK PASS"
"SKRY","Snake R Station Snotel","SNAKE RIVER STATION SNOTEL"
"SKUW","S Fork Skokomish R near Union","SOUTH FORK SKOKOMISH RIVER NEAR UNION 5SW"
"SKYW","Skykomish 1 Ene","SKYKOMISH 1 ENE"
"SLAM","SLAM-RFC-Precip","SLAM_RFC_Precip_Sula"
"SLAY","St. Lawrence Alt","St. Lawrence Alt"
"SLBM","",""
"SLBO","SF Ltl Butte Cr Collection Cnl","South Fork Little Butte Cr. Collection Canal, OR"
"SLBY","",""
"SLCB","Slocan R nr Crescent Valley","Slocan River Near Crescent Valley (08nj013)"
"SLCO","Schafer Crk Nr Lacomb","Schafer Creek Near Lacomb  8E  SLCO3"
"SLE","Salem WSO","Salem WSO"
"SLFO","Slide Mountain","Slide Mountain RAWS near Mitchell 10SW"
"SLGI","Slug Cr Divide Snotel","SLUG CREEK DIVIDE SNOTEL"
"SLKB","St. Leon Cr","St. Leon Creek"
"SLKW","Startup 8 mi N Spada Lake","Startup 8 Mile North Spada Lake Near"
"SLKW-Sensor2","Startup N Spada Lake Sensor 2","Startup near Spada Lake Sensor 2"
"SLMB","Salmon Arm Ap","Salmon Arm Ap"
"SLMO","Salem","Willamette River at Salem"
"SLNI","Salmon - SLNI Precip  & Temp","Salmon"
"SLNW","Sultan River","Sultan River Below Diversion Dam Near Sultan"
"SLTO","Salt Creek - Prinville Port","Salt Creek - Prinville Port RAWS near Post 12SW"
"SLTW","Sultan R Blw Powerplnt nr Sultan","SULTAN RIVER BELOW POWERPLANT NEAR SULTAN 3N"
"SLTY","Salt R Summit Snotel","SALT RIVER SUMMIT SNOTEL"
"SLVM","Silver Bow Cr bl Blacktail Cr","Silver Bow Creek below Blacktail Creek at Butte"
"SLVO","Silvies","Silvies"
"SLVW","Silver Cr nr Alger nr Bow 5NE","Silver Creek near Alger near Bow 5NE"
"SLYI","Selway Lodge","Selway Lodge"
"SLZW","Salzer Cr @ Centralia Alpha Road","SALZER CREEK AT CENTRALIA ALPHA ROAD NEAR CENTRALIA 2SE"
"SMBW","Samish River Near Burlington 5N","SAMISH RIVER NEAR BURLINGTON 5N"
"SMCI","S Side Minidoka Cnl nr Minidoka","S. Side Minidoka Canal Near Minidoka"
"SMCO","Seven Mile Creek","Seven Mile Creek RAWS near Coquille 5NW"
"SMCW","SMCW",""
"SMFO","Summit Near Lakeview","Summit Near Lakeview  5E  SMFO3"
"SMFW","Sumas Mtn","Sumas Mountain Raws"
"SMIO","Summit","Summit"
"SMKB","Similkameen R near Hedley","Similkameen River Near Hedley (08nl038)"
"SMLO","Summit Lake","Summit Lake"
"SMMB","Summerland CDA","Summerland Cda"
"SMMI","SMMI",""
"SMMI-Sensor2","SMMI-Sensor2",""
"SMMO","Summerlake1S",""
"SMN","Salmon - SMN Precip","Salmon"
"SMNI","Salmon R @ Salmon","SALMON RIVER AT SALMON"
"SMP","Stampede Pass WSO","Stampede Pass WSO"
"SMPW","Stampede Pass","Stampede Pass"
"SMRO","",""
"SMRW","Sammamish Lake near Redmond","Sammamish Lk Near Redmond"
"SMTI","S Mtn. Snotel","SOUTH MTN. SNOTEL"
"SMTO","",""
"SMYI","Salmon RAWS nr Salmon 8SW","Salmon RAWS near Salmon 8SW"
"SNAI","Snake R near Blackfoot","SNAKE RIVER NEAR BLACKFOOT 1W"
"SNAW","Snohomish River At Snohomish","SNOHOMISH RIVER AT SNOHOMISH"
"SNCW","Sunnyside Canal Diversion","Sunnyside Canal Diversion"
"SNDI","Sand Ck at Wolverine Rd","Sand Creek at Wolverine Road"
"SNDO","Sandy R blw Bull Run nr Bull Run","Sandy River below Bull Run River near Bull Run"
"SNFW","N Fork Skokomish R nr Potlatch","NORTH FORK SKOKOMISH RIVER NEAR POTLATCH 5SW"
"SNGW","N. F. Skykomish At Galena","N. F. SKYKOMISH AT GALENA"
"SNIW","N. F. Skykomish At Index","N. F. SKYKOMISH AT INDEX"
"SNIY","Snider Basin Snotel","SNIDER BASIN SNOTEL"
"SNKY","Snake River","Snake River at Flagg Ranch, WY"
"SNLY","Sand Lake","Sand Lake"
"SNMI","Snake R@Mcduff Rpds@China Grdns","Snake River at McDuff Rapids at China Gardens (See CHGI)"
"SNNI","",""
"SNQW","N Fk Snoqualm R nr Snoqualm Fls","NORTH FORK SNOQUALMIE RIVER NEAR SNOQUALMIE FALLS 7NE"
"SNSI","Sunset Snotel","SUNSET SNOTEL"
"SNT","Stanley ID Airport","Stanley ID Airport"
"SNVB","Sunshine Village","Sunshine Village"
"SNWO","Snow Mtn Snotel","SNOW MOUNTAIN SNOTEL"
"SNYI","Snake R@Nyssa nr Payette","SNAKE RIVER AT NYSSA NEAR PAYETTE 13SW"
"SOAO","Shobe #01","Shobe #01 Weather near Heppner, OR"
"SOBO","Shobe #02","Shobe #02 Weather near Heppner, OR"
"SOCO","Shobe #03","Shobe #03 Weather near Heppner, OR"
"SOCW","Sulpher Cr @ Holiday Rd 2N","Sulphur Creek at Holiday Road near Mabton 2N"
"SODI","Soda Springs","Soda Springs"
"SODO","Shobe #04","Shobe #04 Weather near Heppner, OR"
"SOEO","Shobe #05","Shobe #05 Weather near Heppner, OR"
"SOFO","Shobe #06","Shobe #06 Weather near Heppner, OR"
"SOFW","",""
"SOGO","Willow Ck #07","Willow Creek City #07 Weather near Heppner, OR"
"SOKI","Soldier Cr Adm Site","Soldier Creek Adm Site"
"SOL","Soldiers Meadow Res & nr Lwston","SOLDIERS MEADOW RESERVOIR AND DAM NEAR LEWISTON 20SE"
"SOLI","Webb Cr bl Soldiers Meadow Res","Webb Creek Below Soldiers Meadows Reservoir"
"SOOW","Big Soos Cr Abv Htchry nr Aubn 2","BIG SOOS CREEK ABOVE HATCHERY NEAR AUBURN 3SE"
"SORI","Somsen Ranch Snotel","SOMSEN RANCH SNOTEL"
"SOUW","South Naches Channel Company Cnl","South Naches Channel Company Canal"
"SPAI","Sho-Pai","Sho-Pai RAWS"
"SPAY","SPAY",""
"SPB","Scappoose Industrial Airport",""
"SPBM","Spotted Bear Mtn","Spotted Bear Mountain"
"SPBO","",""
"SPCW","Spring Canyon Raws",""
"SPDI","Clearwater R near Spalding","CLEARWATER RIVER NEAR SPALDING 1W"
"SPDW","SPDW",""
"SPEW","S Prairie Cr @ S Prairie","SOUTH PRAIRIE CREEK AT SOUTH PRAIRIE"
"SPGO","Sprague R","Sprague River"
"SPGW","Spruce Springs","SPRUCE SPRINGS"
"SPHW","Stillagmish R @ Pioneer Highway","STILLAGUAMISH RIVER AT PIONEER HIGHWAY"
"SPIB","Spillimacheen","Spillimacheen"
"SPIW","Spirit Lake at Tunnel","Spirit Lake at Tunnel at Spirit Lake"
"SPIW-Intake","Spirit Lake Intake",""
"SPLW","Surprise Lakes","Surprise Lakes"
"SPMI","Sheep Mtn. Snotel","SHEEP MTN. SNOTEL"
"SPMW","Spencer Meadow","Spencer Meadow"
"SPOW","Spokane River At Spokane","SPOKANE RIVER AT SPOKANE"
"SPRM","SPRM",""
"SPRO","Mohawk River near Springfield","Mohawk River near Springfield"
"SPRW","Spirit Lake N","Spirit Lake North"
"SPSI","Spring Cr@Sheepskin Rd nr Ft Hal","SPRING CREEK AT SHEEPSKIN ROAD NEAR FORT HALL 3SW"
"SPSO","Spout Springs Ski Lodge","SPOUT SPRINGS SKI LODGE"
"SPSW","Satus Pass","Satus Pass"
"SPSY","S Pass Snotel","SOUTH PASS SNOTEL"
"SPTI","SPTI",""
"SPTW","Spirit Lake","Spirit Lake"
"SQBO","Squaw Butte Exp Sta",""
"SQFI","Squaw Flat Snotel","SQUAW FLAT SNOTEL"
"SQFO","Squaw Peak","Squaw Peak RAWS near Ashland 18SW"
"SQLW","1 Northwest Snoqualmie Falls","1 Northwest Snoqualmie Falls"
"SQPM","Squaw Peak","Squaw Peak"
"SQPW","Snoqualmie Pass","SNOQUALMIE PASS"
"SQSO","Whychus Creek at Sisters","Whychus Creek at Sisters"
"SQUW","Snoqualmie R near Snoqualmie","SNOQUALMIE RIVER NEAR SNOQUALMIE 2NW"
"SQWI","Squaw Cr near Sweet 1S","Squaw Creek near Sweet 1S"
"SRBW","North Fork Toutle River","North Fork Toutle River below SRS near Toutle 10E"
"SRCB","South Racehorse Creek","South Racehorse Creek"
"SRCI","Snake R @ Lewiston Control Point","Snake River at Lewiston Control Point"
"SRDO","Smith Ridge","Smith Ridge"
"SRFI","Snake R","Snake River - Raws"
"SRFI-Sensor2","SRFI-S2",""
"SRFO","SRFO",""
"SRGM","Clark Fork R near Saint Regis","CLARK FORK RIVER NEAR SAINT REGIS 1NNE"
"SRLM","Stillwater R @ Lawrence Park","STILLWATER RIVER AT LAWRENCE PARK AT KALISPELL"
"SRMO","Sandy River near Marmot","Sandy River near Marmot"
"SRMW","Skagit River At Marblemount","SKAGIT RIVER AT MARBLEMOUNT"
"SROW","Similkameen R @ Oroville","Similkameen River at Oroville"
"SRPO","South Fork Rogue River","South Fork Rogue River near Prospect"
"SRPW","Skokomish R nr Potlatch","SKOKOMISH RIVER NEAR POTLATCH NEAR HOODSPORT 6SW"
"SRS","",""
"SRSI","Soldier R.S. (Aka: Scki)","SOLDIER R.S. (AKA: SCKI)"
"SRSO","Steamboat Ranger Station","Steamboat Ranger Station near Glide 18E"
"SRSW","SRSW",""
"SRSY","Sandstone Ranger Station","Sandstone Ranger Station"
"SRYI","Salmon R Blw Yanke Fk nr Clayton","Salmon River below Yankee Fork near Clayton 15W"
"SRYM","SRYM",""
"SSCN","Seventysix Cr Snotel","SEVENTYSIX CREEK SNOTEL"
"SSCO","Cascadia","South Santiam River below Cascadia, OR"
"SSDO","Seaside",""
"SSFO","Foster Outflow","South Santiam River near Foster"
"SSFW","SF Stillaguamish R @ Jordan Rd","South Fork Stillaguamish River at Jordon Road near Granite Falls 1NNW"
"SSHY","SSHY",""
"SSHY-Sensor2","SSHY-Sensor2",""
"SSKW","S. F. Skokomish River nr Union","S. F. SKOKOMISH RIVER NR UNION"
"SSLB","Kootenay R @ Nelson","Kootenay River at Nelson"
"SSPO","N Umpqua R below Soda Springs","North Umpqua River below Soda Springs Reservoir near Toketee Falls"
"SSPW","Satus Pass Nr Goldendale","Satus Pass Near Goldendale  12NE  SSPW1"
"SSSO","Sun Pass","Sun Pass"
"SSSW","S. F. Skykomish At Skykomish","S. F. SKYKOMISH AT SKYKOMISH"
"SSUW","SF Skokomish R nr Union","South Fork Skokomish River Near Union"
"STAI","Stanley","Stanley"
"STAM","Stahl Peak - STAM","Stahl Peak"
"STAW","State Salmon Hatchery",""
"STBO","Upper Steamboat Cr","Upper Steamboat Creek"
"STCM","Stringer Ck SNOTEL","Stringer Creek SNOTEL"
"STEM","Stevensville","Stevensville"
"STEW","Stehekin","Stehekin"
"STFI","Snake R near Twin Falls","SNAKE RIVER NEAR TWIN FALLS 1N"
"STFO","STFO",""
"STHO","St Helens Rfd",""
"STHW","Stehekin River Near Stehekin 2NW","STEHEKIN RIVER NEAR STEHEKIN 2NW"
"STII","S Fork Clearwater R @ Stites","SOUTH FORK CLEARWATER RIVER AT STITES"
"STIM","Saint Ignatius","Saint Ignatius"
"STKM","Stinkwater nr Potomac 10ENE","Stinkwater RAWS near Potomac 10ENE"
"STKW","Lake Chelan @ Purple Point","LAKE CHELAN AT PURPLE POINT AT STEHEKIN"
"STMI","Stickney Mill Snotel","STICKNEY MILL SNOTEL"
"STMO","",""
"STNI","Stanley 4sse","Stanley 4SSE RAWS"
"STNM","Stanford","Stanford"
"STOW","S Fork Tolt R near Carnation","SOUTH FORK TOLT RIVER NEAR CARNATION 10NE"
"STRB","Columbia R ab Steamboat Rapids","COLUMBIA RIV AB STEAMBOAT RAPIDS  (08ND011)"
"STRM","St. Regis R near St. Regis 1W","ST. REGIS RIVER NEAR ST. REGIS 1W"
"STRO","Starr Ridge Snotel","STARR RIDGE SNOTEL"
"STRW","Stehekin nr Stehekin 4NW","Stehekin RAWS near Stehekin 4NW"
"STTM","",""
"STVW","Columbia R @ Stevenson","Columbia River At Stevenson"
"STWM","STWM",""
"STWO","",""
"STYO","Stayton",""
"STZI","Schweitzer Basin Snotel","SCHWEITZER BASIN SNOTEL"
"SUCI","Salem Union Weir","Salem Union Weir"
"SUCW","Sulphur Cr @ Holiday Rd","SULPHUR CREEK AT HOLIDAY ROAD NEAR MABTON 2N"
"SUCY","Sucker Cr","Sucker Creek"
"SUIW","Suiattle R above All Creek","SUIATTLE RIVER ABOVE ALL CREEK NR DARRINGTON&#44 WA"
"SULM","Sula 3 ENE","Sula 3 ENE"
"SULW","Palouse River At Hooper","PALOUSE RIVER AT HOOPER"
"SUMM","Summit Rain near E Glacier Park","SUMMIT RAIN NEAR EAST GLACIER PARK 11SW"
"SUN","Friedman Memorial Airport","Friedman Memorial Airport"
"SUNO","SUNO",""
"SUNSH","Sunshine Village","Sunshine Village"
"SUNW","Sunnyside","Sunnyside"
"SUPM","SUPM",""
"SURO","S Umpqua Near Riddle",""
"SUTO","Sutherlin 12ENE","Sutherlin 12ene"
"SUTW","Lake Sutherland","Lake Sutherland"
"SUVO","Suver","Luckiamute River near Suver"
"SVCO","Silver Creek, OR","Silver Creek, OR  NRCS 21F12S"
"SVFI","SVFI",""
"SVFO","Silver Butte","Silver Butte RAWS near Canyonville 3SW"
"SVIO","Sauvies Island",""
"SVLO","Silverlakers",""
"SVMO","Sevenmile Marsh","Sevenmile Marsh"
"SVNW","Stevens Pass","Stevens Pass"
"SVPI","Savage Pass Snotel","SAVAGE PASS SNOTEL"
"SVPW","Stevens Pass",""
"SVRO","Silver Cr nr Silver Lk","Silver Creek near Silver Lake"
"SVRY","SVRY",""
"SVTO","Silverton",""
"SVWM","Shields Valley Agrmt nr Wilsall","Shields Valley Agrimet near Wilsall 4NNE"
"SWA","SWA",""
"SWAI","Snake R near Murphy 8NE","SNAKE RIVER NEAR MURPHY 8NE"
"SWCO","Swalley Canal",""
"SWCW","Swift Creek","Swift Creek"
"SWDW","Lewis Swift Reservoir",""
"SWF","Swift Reservoir","Swift Reservoir 3.2 miles east of dam near Cougar"
"SWLM","Swan Lake","Swan Lake"
"SWLM-Sensor2","Swan Lake Sensor 2 MT",""
"SWNI","Swan Valley 2 E","Swan Valley 2 East"
"SWNO","Swan Lake Mountain Snotel",""
"SWPI","Swede Peak Snotel","SWEDE PEAK SNOTEL"
"SWRM","Swan R nr Bigfork 5SE","Swan River near Bigfork 5SE"
"SWRW","Swift Dam Precipitation","Swift Dam Precipitation"
"SWSW","SWSW",""
"SXT","Sexton Summit",""
"SY","South Pass Snotel","SOUTH PASS SNOTEL"
"SYCO","Johnson Creek","Johnson Creek at Sycamore"
"SYCW","Speelyai Creek","Speelyai Creek near Cougar"
"SYLY","Sylvan Lake Snotel","SYLVAN LAKE SNOTEL"
"SYNO","Stayton","Stayton RAWS 1W"
"SYRY","Sylvan Road","Sylvan Road"
"SZKB","",""
"SZT","Sandpoint Airport","Sandpoint Airport"
"S_Fk_Boise","S Fk Boise","S Fk Boise"
"S_Fk_Boise_R","South Fork Boise River","South_Fork_Boise_River"
"S_Fork_Malheur_R","South Fork Malheur River","South_Fork_Malheur_River"
"S_Racehorse_Ck","South Racehorse Creek",""
"S_Santiam_R","South Santiam River","South Santiam River"
"Salmon","Salmon","Salmon"
"Salmon_Ck","Salmon Creek",""
"Salmon_R","Salmon River","Salmon_River"
"Samish_R","Samish River",""
"Sanpoil_R","Sanpoil River",""
"Santiam","Santiam","Santiam"
"Santiam_R","Santiam River",""
"Satsop_R","Satsop River",""
"Sauk_R","Sauk River",""
"Sherman_Ck","Sherman Creek",""
"Shobe_Ck","Shobe Creek","Shobe Creek"
"Short_Ck","Short Creek",""
"Silver_Bow_Ck","Silver Bow Creek",""
"Silver_Ck","Silver Creek",""
"Similkameen_R","Similkameen River",""
"Sinlahekin_Ck","Sinlahekin Creek",""
"Skagit","Skagit","Skagit Basin"
"Skagit_R","Skagit River","Skagit River"
"Skokomish_R","Skokomish River",""
"Skookumchuck_R","Skookumchuck River",""
"Skykomish_R","Skykomish River",""
"Slocan_R","Slocan River",""
"Snake","Snake","Snake"
"Snake_R","Snake River","Walla_Walla_River"
"Snohomish_R","Snohomish River",""
"Snoqualmie_R","Snoqualmie River",""
"Soda_Ck","Soda Creek",""
"South_Prairie_Ck","South Prairie Creek",""
"South_Santiam","South Santiam","South Santiam"
"Spokane_R","Spokane River","Spokane River"
"Spokane_River","Spokane River","Spokane River"
"Sprague_R","Sprague River",""
"Spring_Br_Ck","Spring Brook Creek",""
"St_Joe_R","St. Joe River",""
"St_Leon_Ck","St. Leon Creek",""
"St_Maries_R","St. Maries River",""
"St_Regis_R","St. Regis River",""
"Stehekin_R","Stehekin River",""
"Stillaguamish_R","Stillaguamish River",""
"Stillwater_R","Stillwater River",""
"Sulphur_Ck","Sulphur Creek",""
"Sultan_R","Sultan River",""
"Swan_R","Swan River",""
"TABM","",""
"TACN","Taylor Canyon Snotel","TAYLOR CANYON SNOTEL"
"TADW","Lake Tapps nr Sumner 4NE","Lake Tapps near Sumner 4NE"
"TAFA","",""
"TAHB","",""
"TALO","Talent Lateral near Ashland","Talent Lateral near Ashland"
"TANW","Middle Fk Snoqualmie R nr Tanner","MIDDLE FORK SNOQUALMIE RIVER NEAR TANNER NEAR NORTH BEND 6E"
"TAP","Lake Tapps Near Sumner","LAKE TAPPS NEAR SUMNER 3N"
"TAYI","Taylor Ranch","Taylor Ranch"
"TAYW","Taylor Cr nr Selleck 1NE","Taylor Creek near Selleck 1NE"
"TCBW","Touchet R near Bolles -WA","TOUCHET RIVER NEAR BOLLES WA"
"TCCW","Toats Coulee Cr near Loomis 4WNW","Toats Coulee Creek near Loomis 4WNW"
"TCFI","TCFI",""
"TCFI-Sensor2","TCFI-Sensor2",""
"TCFO","Trout Creek","Trout Creek RAWS near Vida 3S"
"TCFW","Tacoma Cr","Tacoma Creek"
"TCHW","Walla Walla R near Touchet","WALLA WALLA RIVER NEAR TOUCHET 3SW"
"TCKW","Tillicum Creek near Ardenvoir","Tillicum Creek at Mouth near Ardenvoir 1WNW"
"TCLW","Touchet R @ County Line 3E","Touchet River at County Line near Waitsburg 3E"
"TCM","Tacoma","Tacoma"
"TCMO","Three Creeks Meadow","Three Creeks Meadow"
"TCNI","N. Side Twin Falls Cnl @ Milner","N. Side Twin Falls Canal At Milner"
"TCNW","Thunder Cr near Newhalem Wash","THUNDER CREEK NEAR NEWHALEM WASH"
"TCOI","Trapper Cr near Oakley","Trapper Creek near Oakley 7SW"
"TCRM","TCRM_RFC_Trout_Ck","TCRM_RFC_Precip_Trout_Ck_RS"
"TCSI","South Side Twin Falls Cnl@Milner","S. Side Twin Falls Canal At Milner"
"TCSW","Thunder Creek near Newhalem","Thunder Creek near Newhalem"
"TD23","The Dalles Spillbay 23","TD23"
"TDA","The Dalles Dam & Lake Celilo","The Dalles Dam and Lake Celilo on the Columbia River"
"TDA-SB1","The Dalles Spillbay 1","The Dalles Spillbay 1"
"TDA-SB10","The Dalles Spillbay 10","The Dalles Spillbay 10"
"TDA-SB11","The Dalles Spillbay 11","The Dalles Spillbay 11"
"TDA-SB12","The Dalles Spillbay 12","The Dalles Spillbay 12"
"TDA-SB13","The Dalles Spillbay 13","The Dalles Spillbay 13"
"TDA-SB14","The Dalles Spillbay 14","The Dalles Spillbay 14"
"TDA-SB15","The Dalles Spillbay 15","The Dalles Spillbay 15"
"TDA-SB16","The Dalles Spillbay 16","The Dalles Spillbay 16"
"TDA-SB17","The Dalles Spillbay 17","The Dalles Spillbay 17"
"TDA-SB18","The Dalles Spillbay 18","The Dalles Spillbay 18"
"TDA-SB19","The Dalles Spillbay 19","The Dalles Spillbay 19"
"TDA-SB2","The Dalles Spillbay 2","The Dalles Spillbay 2"
"TDA-SB20","The Dalles Spillbay 20","The Dalles Spillbay 20"
"TDA-SB21","The Dalles Spillbay 21","The Dalles Spillbay 21"
"TDA-SB22","The Dalles Spillbay 22","The Dalles Spillbay 22"
"TDA-SB23","The Dalles Spillbay 23","The Dalles Spillbay 23"
"TDA-SB3","The Dalles Spillbay 3","The Dalles Spillbay 3"
"TDA-SB4","The Dalles Spillbay 4","The Dalles Spillbay 4"
"TDA-SB5","The Dalles Spillbay 5","The Dalles Spillbay 5"
"TDA-SB6","The Dalles Spillbay 6","The Dalles Spillbay 6"
"TDA-SB7","The Dalles Spillbay 7","The Dalles Spillbay 7"
"TDA-SB8","The Dalles Spillbay 8","The Dalles Spillbay 8"
"TDA-SB9","The Dalles Spillbay 9","The Dalles Spillbay 9"
"TDA-U1","The Dalles Unit 1","The Dalles Unit 1"
"TDA-U10","The Dalles Unit 10","The Dalles Unit 10"
"TDA-U11","The Dalles Unit 11","The Dalles Unit 11"
"TDA-U12","The Dalles Unit 12","The Dalles Unit 12"
"TDA-U13","The Dalles Unit 13","The Dalles Unit 13"
"TDA-U14","The Dalles Unit 14","The Dalles Unit 14"
"TDA-U15","The Dalles Unit 15","The Dalles Unit 15"
"TDA-U16","The Dalles Unit 16","The Dalles Unit 16"
"TDA-U17","The Dalles Unit 17","The Dalles Unit 17"
"TDA-U18","The Dalles Unit 18","The Dalles Unit 18"
"TDA-U19","The Dalles Unit 19","The Dalles Unit 19"
"TDA-U2","The Dalles Unit 2","The Dalles Unit 2"
"TDA-U20","The Dalles Unit 20","The Dalles Unit 20"
"TDA-U21","The Dalles Unit 21","The Dalles Unit 21"
"TDA-U22","The Dalles Unit 22","The Dalles Unit 22"
"TDA-U29","The Dalles Unit 23",""
"TDA-U3","The Dalles Unit 3","The Dalles Unit 3"
"TDA-U4","The Dalles Unit 4","The Dalles Unit 4"
"TDA-U5","The Dalles Unit 5","The Dalles Unit 5"
"TDA-U6","The Dalles Unit 6","The Dalles Unit 6"
"TDA-U7","The Dalles Unit 7","The Dalles Unit 7"
"TDA-U8","The Dalles Unit 8","The Dalles Unit 8"
"TDA-U9","The Dalles Unit 9","The Dalles Unit 9"
"TDAO","Columbia R @ The Dalles AVM Gage","Columbia River At The Dalles (Avm Gage) (Cross Section)"
"TDAW","TDAW",""
"TDDO","Columbia R bl The Dalles Dam WQS","COLUMBIA RIVER BELOW THE DALLES DAM (Water Quality)"
"TDLO","The Dalles",""
"TDO","Toledo Faa Airport",""
"TDWO","Tidewater Fish Hatchery",""
"TEAI","Teton R near St Anthony","TETON RIVER NEAR ST ANTHONY 4SE"
"TEAW","Teanaway R Blw Lambert Road","TEANAWAY RIVER BELOW LAMBERT ROAD NEAR CLE ELUM 5ESE"
"TEKW","Precipitation Gauge @ Hangman Cr","PRECIPITATION GAUGE AT HANGMAN CREEK NEAR TEKOA"
"TEXI","Tetonia Exp Station","Tetonia Exp Station"
"TFCO","Tumalo Feed Canal",""
"TGCI","Twin Groves Cnl near St Anthony","Twin Groves Canal Near St Anthony"
"TGCO","Golf Course Road near Cornelius","Tualatin River at Golf Course Road near Cornelius 1S"
"TGFI","Trail Gulch - RAWS","Trail Gulch - Raws"
"TGHO","Bear Springs Rs","Bear Springs Rs"
"THBW","Thunder Basin","Thunder Basin"
"THCO","",""
"THF","Thief Valley Dam & Res nr N Pwdr","THIEF VALLEY DAM AND RESERVOIR NEAR NORTH POWDER 7SE"
"THFI","Thomas Cr -","Thomas Creek - Raws"
"THFM","THFM-Mont",""
"THFO","Powder R Blw Thief Vly Res","Powder River Below Thief Valley Reservoir Near North Powder"
"THMI","Three Mi nr Spencer 3NE","Three Mile RAWS near Spencer 3NE"
"THMO","Thompson Valley Res nr Silver Lk","Thompson Valley Reservoir near Silver Lake 19S"
"THMY","Thumb Divide Snotel","THUMB DIVIDE SNOTEL"
"THNW","Thunder Creek near Newhalem 9E","Thunder Creek near Newhalem 9E"
"THOM","Thompson Falls","Thompson Falls PH"
"THRI","THRI RFC Precip (THRI1)","THRI_RFC_Precip (Three Ck THRI1)"
"THRM","Thompson R nr Thompson Falls Mt","Thompson River near Thompson Falls MT"
"THRY","THRY-RFC (Thorofare THRW4)","THRY-RFC"
"THUY","Thumb Divide SNOTEL nr W Thumb","Thumb Divide SNOTEL near West Thumb"
"TIBM","Tizer Basin","Tizer Basin"
"TICI","USBR Teton Irrigation Weir","USBR Teton Irrigation Weir"
"TICW","Tieton Intake","Tieton Intake"
"TICY","Timber Cr","Timber Creek"
"TIDO","Alsea River near Tidewater","Alsea River near Tidewater"
"TIEW","Tieton Cnl","Tieton Canal"
"TIEY","TIEY RFC Precip&Temp","TIEY_RFC_Precip&Temp"
"TIKO","Tillamook 1 W","Tillamook 1 West"
"TILB","Three Isle Lake","Three Isle Lake"
"TILO","South Umpqua River at Tiller","South Umpqua River at Tiller"
"TILW","Tilton R above Bear Canyon Cr","Tilton River above Bear Canyon Creek near Cinebar"
"TIPO","Tipton Snotel","TIPTON SNOTEL - AVG TEMPERATURE IN DEGREES F ELEV = 5150"
"TISLE","Three Isle Lake","Three Isle Lake"
"TITI","Teton Island Feeder Cnl","Teton Island Feeder Canal"
"TIW","",""
"TJCB","Tete Jaune","Tete Jaune"
"TJCW","N Fk Touchet R Abv Jim Crk","North Fork Touchet River above Jim Creek near Dayton 9SE"
"TKFO","Toketee Falls-Precip",""
"TKSW","Tinkham Ck SNOTEL","Tinkham Creek SNOTEL"
"TKTO","TKTO",""
"TLBO","Garibaldi Coast Guard Station","Garibaldi Coast Guard Station"
"TLCI","Texas And Liberty Weir","Texas and Liberty Weir"
"TLCW","Tulalip Cr nr Tulalip","Tulalip Creek near Tulalip"
"TLFO","Tualatin River below Lee Falls","Tualatin River below Lee Falls near Gaston 6WNW"
"TLMO","Wilson River near Tillamook","Wilson River near Tillamook"
"TLOO","Tillamook 12 ESE","Tillamook 12 ESE"
"TLRO","Buckeye Butte","Buckeye Butte RAWS near Tiller 5E"
"TLRW","S Fork Tolt Res near Carnation","South Fork Tolt Reservoir Near Carnation"
"TLT","S Fork Tolt Res nr Carnation","SOUTH FORK TOLT RESERVOIR NEAR CARNATION 8NE"
"TLTW","Tolt S Fork Res near Carnation","Tolt South Fork Reservoir Near Carnation"
"TLYO","Three Lynx Ck","Clackamas River above Three Lynx Creek, OR"
"TMCM","Twelvemile Cr Snotel","TWELVEMILE CREEK SNOTEL"
"TMFO","Timothy","Timothy RAWS near Fort Rock 17SW"
"TMKO","Tillamook","Tillamook RAWS near Tillamook 2E"
"TMRO","Tumalo Ridge","Tumalo Ridge RAWS near Bend 5W"
"TNAW","Teanaway R Blw Forks nr Cle Elum","TEANAWAY RIVER BELOW FORKS NEAR CLE ELUM 5NE"
"TNCM","S Fk Flathd R Abv Twn Cr","SOUTH FORK FLATHEAD RIVER ABOVE TWIN CREEK NEAR HUNGRY HORSE 36SE"
"TNSO","Columbia R @ Tenasillahe Island","COLUMBIA RIVER AT TENASILLAHE ISLAND OR"
"TNSW","Tonasket 4NNE","Tonasket 4nne"
"TOFO","Toketee RAWS near Diamond Lake","Toketee RAWS near Diamond Lake 15NW"
"TOFW","Tom Cr","Tom Creek"
"TOGW","TOGW",""
"TOGWY","",""
"TOGY","Togwotee Pass Snotel","TOGWOTEE PASS SNOTEL"
"TOHW","Touchet #2 Snotel","TOUCHET #2 SNOTEL"
"TOKO","Toketee Airstrip","Toketee Airstrip"
"TOLW","Tolt River Near Carnation 6NE","TOLT RIVER NEAR CARNATION 6NE"
"TOM","Thompson Falls Dam","Thompson Falls Dam"
"TONW","Okanogan River Near Tonasket 5S","OKANOGAN RIVER NEAR TONASKET 5S"
"TOPI","Portneuf R@Topaz nr Lva Ht Sprgs","PORTNEUF RIVER AT TOPAZ NEAR LAVA HOT SPRINGS 4W"
"TOPY","Two Ocean Plateau Snotel","TWO OCEAN PLATEAU SNOTEL"
"TOSW","SF Toutle R nr Camp 12","South Fork Toutle River Near Camp 12 Near Toutle"
"TOTW","Toutle River at Tower Road","Toutle River at Tower Road near Silver Lake"
"TPEM","Tepee Cr","Tepee Creek"
"TPEO","Tepee Draw","Tepee Draw RAWS near Bend 19SE"
"TPFW","Tepee Creek at Glenwood","Tepee Creek RAWS at Glenwood 18NE"
"TPH","TPH RFC Precip&Temp","TPH_RFC_Precip&Temp"
"TPO3","Ranger Station Near Enterprise ","TPO3-RFC-Temp- NTPO3"
"TRAO","Trask River above Cedar Creek","Trask River above Cedar Creek near Tillamook"
"TRAP","Trapper Creek near Oakley","TRAPPER CREEK NR OAKLEY"
"TRBO","Mckenzie R below Trail Br Dam","Mckenzie River below Trail Bridge Dam near Belknap Springs"
"TRCI","Trego Canal near Groveland","Trego Canal Near Groveland"
"TRCW","Touchet R@Cummins Rd nr Touchet","Touchet River at Cummins Road near Touchet 1N"
"TRFO","Signal Tree","Signal Tree RAWS near Camas Valley 5SW"
"TRFW","Trout Cr Pinchot NF","Trout Crek Pinchot North Fork"
"TRGO","",""
"TRGW","Trough","Trough"
"TRII","Triangle nr Spencer 3NE","Triangle RAWS near Spencer 3NE"
"TRII-Sensor2","Triangle nr Spencer 3NE Sensor 2","Triangle near Spencer 3NE Sensor 2"
"TRKW","Three Corner Rock","Three Corner Rock RAWS"
"TRMI","Trinity Mtn. Snotel","TRINITY MTN. SNOTEL"
"TROM","TROM",""
"TRPY","Triple Cr (Triple Peak)","Triple Creek (aka Triple Peak)"
"TRRO","Rood Bridge Road near Hillsboro","Tualatin River at Rood Bridge Road near Hillsboro 1S"
"TRSM","Troy","Troy"
"TRSO","Thomas Creek near Scio","Thomas Creek near Scio"
"TRYM","Yaak River Near Troy 8NW","YAAK RIVER NEAR TROY 8NW"
"TRYO","Grande Ronde R @ Troy","GRANDE RONDE RIVER AT TROY"
"TSFW","South Fork Toutle River","South Fork Toutle River at Toutle"
"TSOW","Teepee Seed Orchard nr Tiger 4SW","Teepee Seed Orchard RAWS near Tiger 4SW"
"TTD","Troutdale Airport","Troutdale Airport"
"TTDO","Beaver Creek at Troutdale","Beaver Creek at Troutdale"
"TTNI","Nf Teton R @ Teton","NF TETON RIVER AT TETON"
"TTXI","S Fork Teton R near Rexburg","SOUTH FORK TETON RIVER NEAR REXBURG"
"TUAO","Tualatin River at Tualatin","Tualatin River at Tualatin"
"TUCO","Tucca Creek near Blaine","Tucca Creek near Blaine"
"TUCW","Tucannon R near Starbuck","TUCANNON RIVER NEAR STARBUCK 3E"
"TUFO","Tupper","Tupper RAWS near Hardman 12SE"
"TUKW","Green River At Tukwila","GREEN RIVER AT TUKWILA"
"TUMB","",""
"TUMO","",""
"TUNW","Tunnel Avenue","Tunnel Avenue"
"TUSA","",""
"TUSN","Tuscarora","Tuscarora"
"TWBI","Twin Buttes near Twin Falls","Twin Buttes RAWS near Twin Falls 35W"
"TWBI-Sensor2","Twin Buttes  RAWS",""
"TWF","Twin Falls WSO","Twin Falls WSO"
"TWFI","Twin Falls Wso","Twin Falls WSO"
"TWIW","Twisp River Near Twisp 1nw","TWISP RIVER NEAR TWISP 1NW"
"TWLM","Twin Lakes Snotel","TWIN LAKES SNOTEL"
"TWNY","Townsend Cr Snotel","TOWNSEND CREEK SNOTEL"
"TWRI","TWRI",""
"TWRW","TWRW",""
"TYBO","",""
"TYCO","Tryon Cr ab Nettle Cr nr Lk Oswe","Tryon Creek above Nettle Creek near Lake Oswego 2N"
"TYGO","White Below Tygh Valley",""
"TYLO","Taylor Green Snotel","TAYLOR GREEN SNOTEL - AVG TEMPERATURE IN DEGREES F ELEV = 5740"
"Tacoma_Ck","Tacoma Creek",""
"Taylor_Ck","Taylor Creek",""
"Teanaway_R","Teanaway River",""
"Teton_R","Teton River",""
"Thomas_Ck","Thomas Creek","Thomas Creek"
"Thompson_R","Thompson River",""
"Thunder_Ck","Thunder Creek",""
"Tieton_R","Tieton River",""
"Tobacco_R","Tobacco River",""
"Tolt_R","Tolt River",""
"Tom_Ck","Tom Creek",""
"Trapper_Ck","Trapper Creek",""
"Tryon_Ck","Tryon Creek",""
"Tucannon_R","Tucannon River",""
"Tulalip_Ck","Tulalip Creek",""
"Twisp_R","Twisp River",""
"U11","Rexburg Ricks College","Rexburg Ricks College"
"U15","Challis U15","Challis"
"U31","",""
"U73","",""
"U78","Allen Tigert Airport","Allen Tigert Airport"
"UAO","Aurora State Airport","Aurora State Airport"
"UBBO","UBBO",""
"UBDW","Concrete By Northeast Baker Lake","Concrete 8 North By Northeast Baker Lake"
"UBK","Baker Lk @ Upr Baker Dm nr Conct","BAKER LAKE AT UPPER BAKER DAM NEAR CONCRETE"
"UBKW","Upper Baker Dam","Upper Baker Dam"
"UBLW","Uni Bridge Lk Washngtn WQ","University Bridge Lake Washington Water Quality"
"UBLW_S1","Univ Bridge Lake WA Temp String","University Bridge Lake Washington Temperature String"
"UBLW_S1-D21,0ft","U Bridge L WA Temp D21,0ft",""
"UBLW_S1-D35,0ft","U Bridge L WA Temp D35,0ft",""
"UBLW_S1-D6,0ft","U Bridge L WA Temp D6,0ft",""
"UCHA","",""
"UIL","Quillayute",""
"UKIO","Ukiah precipitation at Ukiah","Ukiah precipitation at Ukiah"
"UMAO","Umatilla River near Umatilla","Umatilla River near Umatilla"
"UMCB","",""
"UMDO","Umatilla R below Dillon Div","Umatilla River below Dillon Diversion near Stanfield"
"UMIO","Umatilla near Irrigon","Umatilla RAWS near Irrigon 3NW"
"UMMO","Umatilla River above Maxwell",""
"UMSO","",""
"UMTO","Umatilla R at Hermiston","Umatilla River at City of Hermiston W.W. Treatment Plant"
"UMTO-Sensor2","UMTO-Sensor2",""
"UMTW","Yakima River At Umtanum","Yakima River At Umtanum"
"UMUO","Umatilla River below Feed Canal","Umatilla River below Feed Canal near Echo 2SSE"
"UNDO","Burnt Unity Reservoir",""
"UNDW","White Salmon River","White Salmon River near Underwood"
"UNIO","Union Exp Station","Union Exp Station"
"UNTO","Unity",""
"UNY","Unity Dam&Burnt Res nr Unity","UNITY DAM AND BURNT RESERVOIR NEAR UNITY 4N"
"UNYO","Burnt R near Hereford","Burnt River Near Hereford"
"UPSO","Upper Soda","Upper Soda Weather near Cascadia, OR"
"UPUW","",""
"UPWW","",""
"URMO","Umatilla R below Maxwell Div","Umatilla River below Maxwell Diverson near Hermiston 2WSW"
"UWRW","",""
"Umatilla_R","Umatilla River",""
"Upr_Steamboat_Ck","Upper Steamboat Creek",""
"VAEO","Vale","Vale"
"VALO","Malheur R Blw Nevda Dm nr Vale","MALHEUR RIVER BELOW NEVADA DAM NEAR VALE 2E"
"VALW","Skookumchuck R nr Vail","SKOOKUMCHUCK RIVER NEAR VAIL NEAR CENTRALIA 18E"
"VANW","Columbia R @ Vancouver","Columbia River at Vancouver"
"VAPW","Columbia R @ Port Van NOAA Tide","Columbia River At Port Of Vancouver NOAA Tide"
"VAVB","VAVB",""
"VCFO","Village Creek","Village Creek RAWS near Noti 10NNW"
"VENO","Nehalem River near Vernonia","Nehalem River near Vernonia"
"VERB","Vernon Coldstream Ranch","Vernon Coldstream Ranch"
"VERW","Verlott Rs","VERLOTT RS"
"VICM","",""
"VIDO","Mckenzie River near Vida","Mckenzie River near Vida"
"VILO","",""
"VLCI","Snake R Valley Canal","Snake River Valley Canal"
"VLMB","",""
"VLRM","",""
"VLVI","Valley View","Valley View"
"VLYO","Valleyfalls",""
"VLZO","Valsetz",""
"VNCW","Vancouver 4Nne",""
"VNNI","Vienna Mine Snotel","VIENNA MINE SNOTEL"
"VPFW","View Point","View Point"
"VRNO","Vernonia No 2","Vernonia No 2"
"VSPI","Val Schwiendiman Pmp nr Newdale","Val Schwiendiman Pump near Newdale 1NE"
"VUO","Pearson Airfield","Pearson Airfield near Vancouver&#44 WA"
"VWGI","Van Wyck SNOTEL","Van Wyck SNOTEL"
"WABW","White River Near Auburn 3S","WHITE RIVER NEAR AUBURN 3S"
"WACI","Watson Cnl near Moreland","Watson Canal Near Moreland"
"WAD","WAD",""
"WADB","",""
"WADO","WADO",""
"WAGI","Wagontown near Featherville","Wagontown RAWS near Featherville 10SW"
"WAH","Lake Waha","Lake Waha"
"WALM","Waldron","Waldron"
"WALW","Walla Walla R @ E Detour Rd","WALLA WALLA RIVER AT EAST DETOUR ROAD NEAR WALLA WALLA 8W WA"
"WAN","Wanapum Dam","Wanapum Dam"
"WANB","Waneta Dam on Pend Oreille R","Waneta Dam (Pend Oreille River BC)"
"WANO","Wauna Mills TDG","Wauna Mills TDG"
"WANW","Downstream Of Wanapum Dam","Downstream Of Wanapum"
"WAPY","WAPY",""
"WAR","Warm Springs Dam nr Rvrside","WARM SPRINGS DAM & RESERVOIR NEAR RIVERSIDE 5NW"
"WARI","WARI RFC Precip (Warren WARI1)","WARI_RFC_Precip (Warren WARI1)"
"WARO","Malheur R bl Warm Springs Res","MALHEUR RIVER BELOW WARM SPRINGS RESERVOIR NEAR RIVERSIDE 4NW"
"WARO-Sensor2","Malheur R bl Warm Springs Res-S2",""
"WARW","White R @ R Street nr Auburn","WHITE RIVER AT R STREET NEAR AUBURN 2ENE"
"WAS","",""
"WASB","Wasa","Wasa"
"WASW","Washougal River at Washougal","Washougal River at Washougal"
"WATB","WATB",""
"WATO","Mckenzie River near Walterville","Mckenzie River near Walterville"
"WAUO","Columbia R @ Wauna","Columbia River At Wauna"
"WAYI","WAYI",""
"WBA","Banff","Banff"
"WBCO","W Birch Cr @ Pilot Rock OR","West Birch Creek at Pilot Rock OR"
"WBCW","White R Abv Boise Cr nr Buckley","WHITE RIVER ABOVE BOISE CREEK NEAR BUCKLEY 1ENE"
"WBDW","White R blw Divide @ Buckley","White River Below Divide At Buckley"
"WBFI","Willow Ck Blw Floodway Channel","WILLOW CREEK BELOW FLOODWAY CHANNEL NR UKON, ID"
"WBRI","W Branch Snotel","WEST BRANCH SNOTEL"
"WBRY","Green R nr Warren Brdg nr Daniel","GREEN RIVER NEAR WARREN BRIDGE NEAR DANIEL 11NNW"
"WBSY","Webber Springs","Webber Springs"
"WCCO","Wallowa R abv Cross Cntry Canal","Wallowa River above Cross Country Canal near Enterprise 6NW"
"WCHW","Sauk R Abv White Chuck R","SAUK RIVER ABOVE WHITE CHUCK RIVER NEAR DARRINGTON 8SE"
"WCLO","Winberry Creek near Lowell","Winberry Creek near Lowell"
"WCNW","Wind River near Carson","Wind River near Carson 1ENE"
"WCRO","Wildhorse Creek near Pendleton","Wildhorse Creek near Pendleton 2NE"
"WCSW","WCSW-RFC-Wells_Ck_SnoTel","WCSW-RFC-Precip&Temp Wells Ck"
"WCTO","Wagner Cr mouth @ Talent OR","Wagner Creek Mouth at Talent OR"
"WCWO","Willow Ck Weather","Willow Creek Weather at Heppner, OR"
"WDHN","",""
"WEFI","Weiser R RAWS","Weiser River - Raws"
"WEFI-Sensor2","Weiser R RAWS Sensor 2","Weiser River RAWS Sensor 2"
"WEII","Snake R near Weiser 6W","SNAKE RIVER NEAR WEISER 6W"
"WEIO","W Div Main Cnl blw Weid Pumps","West Division Main Canal below WEID Pumps near Umatilla OR"
"WEL","Wells Dam","Wells Dam"
"WELN","",""
"WELW","Wells TW TDG 1.5m blw Wells Dam","Wells Tailwater Total Dis Gas (1.5 Mile Below Wells Dam)"
"WENW","Wenatchee",""
"WEPO","Weid Water Exchange Plant @ Umat","Weid Water exchange plant @Umatilla ORegon"
"WESI","Weiser 2SE","Weiser 2se"
"WESO","Westland Cnl nr Echo OR","Westland Canal near Echo OR"
"WESW","West Side Cnl nr Ellensburg","West Side Canal Near Ellensburg"
"WEUO","W Div Main Cnl nr Umatilla","West Division Main Canal near Umatilla OR"
"WEY","West Yellowstone WEY","West Yellowstone"
"WEYM","",""
"WFBM","WF Bitterroot nr Connor","West Fork Bitterroot River near Connor 16SW"
"WFCI","Wilford Canal","Wilford Canal"
"WFCO","Wolf Creek Snotel","WOLF CREEK SNOTEL 18D21"
"WFL","Willamette Falls Locks","Willamette Falls Locks"
"WFLO","Westfall 2 North","Westfall 2 North"
"WFRM","Whitefish R @ mouth @ Kalispell","WHITEFISH RIVER AT MOUTH AT KALISPELL"
"WFWI","Willow Cr Floodway @ Mouth","WILLOW CR FLOODWAY AT MOUTH"
"WF_Bitterroot_R","West Fork Bitterroot River",""
"WF_Sweetwater_Ck","West Fork Sweetwater Creek",""
"WGCM","Middle Frk Flathd R nr W Glacier","MIDDLE FORK FLATHEAD RIVER NEAR WEST GLACIER 1W"
"WGLM","West Glacier Park","West Glacier Park"
"WGLM-Sensor2","West Glacier Park Sensor 2","West Glacier Park Sensor 2"
"WGSM","",""
"WHBI","Salmon R @ White Bird","SALMON RIVER AT WHITE BIRD"
"WHDI","Wildhorse Divide Snotel","WILDHORSE DIVIDE SNOTEL"
"WHEI","White Elephant Snotel","WHITE ELEPHANT SNOTEL"
"WHFM","Whitefish 5NW","Whitefish 5nw"
"WHIW","White R nr Plain 13NW","White River near Plain 13NW"
"WHPW","White Pass E.S.","White Pass E.S."
"WHRM","",""
"WHSW","Waterhole SNOTEL","Waterhole SNOTEL"
"WHTM","WHTM",""
"WHTW","White R Ranger Sta Rain 4ESE","White River Ranger Station Rain near Sunrise 4ESE"
"WIC","Deschutes R near Lapine","DESCHUTES RIVER BELOW WICKIUP RESERVOIR NEAR LAPINE 9WNW"
"WICO","Deschutes River below Wickiup",""
"WIDO","",""
"WIFI","Willow Cr Fldwy Channel nr Ucon","Willow Creek Floodway Channel Near Ucon"
"WIL","Willow Creek Lake at Heppner","Willow Creek Lake at Heppner"
"WILI","Willow Cr Blw Floodway nr Ririe","WILLOW CREEK BELOW FLOODWAY CHANNEL NEAR RIRIE 3SW"
"WILO","Willow Creek at Heppner","Willow Creek at Heppner"
"WILW","Willapa River Near Willapa 2SE","WILLAPA RIVER NEAR WILLAPA 2SE"
"WILY","Willow Creek Snotel","WILLOW CREEK SNOTEL"
"WIL_WQ1","Willow Creek WQ Station 1","Willow Creek Water Quality Station 1"
"WIL_WQ10","Willow Creek WQ Station 10","Willow Creek Water Quality Station 10"
"WIL_WQ11","Willow Creek WQ Station 11","Willow Creek Water Quality Station 11"
"WIL_WQ12","Willow Creek WQ Station 12","Willow Creek Water Quality Station 12"
"WIL_WQ13","Willow Creek WQ Station 13","Willow Creek Water Quality Station 13"
"WIL_WQ14","Willow Creek WQ Station 14","Willow Creek Water Quality Station 14"
"WIL_WQ2","Willow Creek WQ Station 2","Willow Creek Water Quality Station 2"
"WIL_WQ3","Willow Creek WQ Station 3","Willow Creek Water Quality Station 3"
"WIL_WQ3-Hypolimnion","WIllow Creek WQ3-Hypolimnion","Willow Creek Water Quality Station 3 - Hypolimnion"
"WIL_WQ3-Surface","Willow Creek WQ3-Surface","Willow Creek Water Quality Station 3 -Surface"
"WIL_WQ3-Thermocline","Willow Creek WQ3-Thermocline","Willow Creek Water Quality Station 3 - Thermocline"
"WIL_WQ4","Willow Creek WQ Station 4","Willow Creek Water Quality Station 4"
"WIL_WQ5","Willow Creek WQ Station 5","Willow Creek Water Quality Station 5"
"WIL_WQ6","Willow Creek WQ Station 6","Willow Creek Water Quality Station 6"
"WIL_WQ7","Willow Creek WQ Station 7","Willow Creek Water Quality Station 7"
"WIL_WQ8","Willow Creek WQ Station 8","Willow Creek Water Quality Station 8"
"WIL_WQ9","Willow Creek WQ Station 9","Willow Creek Water Quality Station 9"
"WIMO","Morgan Street","Willow Creek at Morgan Street, at Heppner, OR"
"WINI","Winchester 1 ESE","Winchester 1 Ese"
"WINO","N Umpqua Winchester Dam",""
"WINW","Winthrop 1WSW","Winthrop 1wsw"
"WISM","WISM",""
"WIWO","Wickiup Weather Station","Wickiup Weather Station near La Pine 9W"
"WJAB","Jasper","Jasper BC Weather Station"
"WKAO","Willamson R near Klamath Agency","Willamson River near Klamath Agency 8NNE"
"WKFO","Wilkinson Ridge","Wilkinson Ridge RAWS near Alsea 5SW"
"WKMW","S. F. Nooksack R nr Wickersham","S. F. NOOKSACK R NR WICKERSHAM"
"WKV","Hope Slide BC","Hope Slide BC"
"WLAO","South Yamhill River","South Yamhill River near Willamina 2SW"
"WLAW","Walla Walla WSO","Walla Walla Wso"
"WLCI","Wilson Creek Snotel","WILSON CREEK SNOTEL"
"WLD","Wildhorse Dam & Res on Owyhee R","Wildhorse Dam & Reservoir on Owyhee River"
"WLDN","Owyhee R bl Wildhorse Dam","Owyhee River below Wildhorse Dam near Gold Creek NV"
"WLDW","Wilbur",""
"WLLB","",""
"WLLO","Rain Gage near Walla Walla","RAIN GAGE NEAR WALLA WALLA 13ESE"
"WLMO","Williams                  Tb20",""
"WLOO","Tualatin River at Oswego Dam","Tualatin River at Oswego Dam near West Linn"
"WLPW","Wellpinit","Wellpinit"
"WLSO","Willamette At Wilsonville",""
"WLTO","Walterville","Mckenzie River near Walterville, OR"
"WLVY","Wolverine Snotel","WOLVERINE SNOTEL"
"WLWI","Willow Creek near Bellevlue","Willow Creek near Bellevlue 20W"
"WLWO","Wallowa-Precip",""
"WMC","Winnemucca Municipal Airport","Winnemucca Municipal Airport"
"WMFO","Wamic Mills near Tygh Valley","Wamic Mills RAWS near Tygh Valley 14W"
"WMSM","Silver Bow Cr nr Warm Springs 1E","Silver Bow Creek near Warm Springs 1E"
"WMSO","WMSO",""
"WNDY","Windy Peak","Windy Peak"
"WNFO","Wiley Ck","Wiley Creek near Foster, OR"
"WNMW","Winters Mountain Nr Morton",""
"WNPW","WNPW-RFC (Winthrop WNPW1)","WNPW-RFC"
"WNPW-Sensor3","WNPW-RFC Sensor 3","WNPW-RFC"
"WNRO","North Umpqua River at Winchester","North Umpqua River at Winchester"
"WOD","Little Wood Res near Carey","LITTLE WOOD RESERVOIR NEAR CAREY 9NW"
"WODI","Little Wood R near Carey","LITTLE WOOD RIVER NEAR CAREY"
"WODM","Wood Cr","Wood Creek"
"WONW","Wilson Cr On Thrall Road","WILSON CREEK ON THRALL ROAD NEAR ELLENSBURG 6NNW"
"WOPW","Wapatox Canal nr Naches","Wapatox Canal Near Naches"
"WORO","WORO",""
"WPCW","White River At Pacific&#44 WA","WHITE RIVER AT PACIFIC WA"
"WPFW","Washington Pass","Washington Pass"
"WPKO","Wanderers Peak near Colton","Wanderers Peak RAWS near Colton 10ESE"
"WPKY","Whiskey Park","Whiskey Park"
"WPLW","Wenatchee River At Plain","WENATCHEE RIVER AT PLAIN"
"WRCO","Corvallis","Willamette River at Corvallis, OR"
"WRCW","White River Canal At Buckley","WHITE RIVER CANAL AT BUCKLEY"
"WRDO","",""
"WREO","Owosso Bridge at Eugene","Willamette River at Owosso Bridge at Eugene"
"WRFB","Warfield Trail Precip","Warfield (Trail)"
"WRFW","Woodward Ridge","Woodward Ridge"
"WRL","",""
"WRM","",""
"WRMM","Snow Pillow Warm Springs Mt","Snow Pillow Warm Springs MT"
"WRMO","Woodrat Mountain","Woodrat Mountain"
"WRNO","Warrendale WQ Station","Warrendale Water Quality Station"
"WRPM","",""
"WRPW","White R @ Roegner Park nr Auburn","WHITE RIVER AT ROEGNER PARK NEAR AUBURN WA"
"WRVM","WRVM",""
"WRWW","WRWW",""
"WSBO","Wasco Butte near The Dalles","Wasco Butte RAWS near The Dalles 6W"
"WSBO-Sensor2","Wasco Butte Sensor2",""
"WSBW","Washburn Island","Washburn Island TDG / Temperature gauge"
"WSFO","Mount Wilson","Mount Wilson RAWS near Government Camp 20SE"
"WSHB","Whatshan Res @ Whatshan Dam","Whatshan Reservoir At Whatshan Dam (08ne078)"
"WSKM","Whiskey Creek","Whiskey Creek"
"WSLO","Tualatin River at West Linn","Tualatin River at West Linn"
"WSMW","WSMW Unknown","WSMW_Unknown"
"WSNO","South Umpqua River near Brockway","South Umpqua River near Brockway"
"WSOO","Weston","Weston"
"WSPM","Warm Springs Cr @ Warm Springs","Warm Springs Creek at Warm Springs"
"WSPW","Westport 2 South","Westport 2 South"
"WSRI","Weiser R near Weiser","WEISER RIVER NEAR WEISER 10ENE"
"WSRO","Warm Springs Base","Warm Springs Base RAWS near Warm Springs 1E"
"WSSO","WSSO",""
"WSTW","White River Near Sumner&#44 WA","WHITE RIVER NEAR SUMNER WA"
"WSWB","Sparwood","Sparwood"
"WTFO","Wagontire near Riley","Wagontire RAWS near Riley 21SE"
"WTHW","Methow River At Winthrop","METHOW RIVER AT WINTHROP"
"WTLO","Waterloo","South Santiam River at Waterloo"
"WTMW","Whitman Mission","Whitman Mission"
"WTRW","Wheatland Res #2","Wheatland Res #2 Nr Rock River"
"WTSO","Wilson River at Sollie Smith Br","Wilson River at Sollie Smith Bridge at Tillamook"
"WTSW","Wheatland Res #3 ","Wheatland Res #3 Supply Canal"
"WTXI","Willow Cr Blw Tex Cr nr Ririe","WILLOW CREEK BELOW TEX CREEK NEAR RIRIE 3S"
"WVCI","Woodville Cnl","Woodville Canal"
"WVPW","",""
"WWK","White Rock BC","White Rock BC"
"WWPI","Wallace Woodland Park","Wallace Woodland Park"
"WYAW","Wynoochee R abv Save ck","WYNOOCHEE  RIVER ABOVE SAVE CREEK"
"WYAW-MNSW","Wynoochee Local Flow Blk Ck","WYNOOCHEE  RIVER LOCAL WITH BLACK CK"
"WYDW","WYDW RFC Precip","WYDW_RFC_Wynoochee_Dam"
"WYGW","",""
"WYN","Wynoochee Dam","WYNOOCHEE DAM"
"WYNI","Wayan near Gray ID","Wayan RAWS near Gray ID 1W"
"WYNW","Wynoochee R nr Grisdale","WYNOOCHEE R NR GRISDALE"
"WYNW-WYAW","Wynoochee R Local nr Grisdale","WYNOOCHEE LOCAL FLOW WITH GRISDALE"
"WYSM","West Yellowstone WYSM","West Yellowstone"
"WZA","Agassig",""
"Wagner_Ck","Wagner Creek",""
"Walla_Walla","Walla Walla","Walla Walla"
"Walla_Walla_R","Walla Walla River","Walla_Walla_River"
"Wallowa_R","Wallowa River","Wallowa River Mouth"
"Warm_Springs_Ck","Warm Springs Creek",""
"Webb_Ck","Webb Creek",""
"Weiser","Weiser","Weiser"
"Weiser_R","Weiser River","Weiser_River"
"Wenatchee_R","Wenatchee River",""
"West_Birch_Ck","West Birch Creek",""
"Whatshan_R","Whatshan River",""
"White_R","White River","White River"
"White_River","White River","White River"
"Whitefish_R","Whitefish River",""
"Wiley_Ck","Wiley Creek","Wiley Creek"
"Willamette","Willamette","Willamette"
"Willamette_R","Willamette River","Willamette River"
"Willamson_R","Willamson River",""
"Willapa_R","Willapa River",""
"Willow","Willow","Willow"
"Willow_Ck:ID","Willow Creek",""
"Willow_Ck:OR","Willow Creek","Willow Creek"
"Willow_Ck:WA","Willow Creek","Willow_Creek"
"Willow_Creek","Willow Creek","Willow Creek"
"Wilson_Ck","Wilson Creek",""
"Winberry_Ck","Winberry Creek","Winberry Creek"
"Wood_Ck","Wood Creek",""
"Wynoochee","Wynoochee","Wynoochee"
"Wynoochee_R","Wynoochee River","Wynoochee River"
"XXXX","",""
"YAKM","Yaak","Yaak 9NNE"
"YAL","Yale Reservoir","Yale Reservoir near Cougar"
"YALW","Yale Lake - Climate","Yale Lake - Climate"
"YCG","Castlegar Airport - YCG","Castlegar Airport"
"YCK","Chilliwack",""
"YDC","NOT A CODED STATION","Princeton Airport"
"YEFO","Yellowstone Mountain","Yellowstone Mountain RAWS near Sweet Home 21NE"
"YFBB","Okanogan R @ Penticton (08nm050)","Okanogan River At Penticton (08nm050)"
"YFFI","Yankee Fork","Yankee Fork - Raws"
"YGVW","Yakima River At Grandview","YAKIMA RIVER AT GRANDVIEW"
"YHDB","Yellowhead","Yellowhead"
"YHE","Hope","Hope"
"YKA","",""
"YKAC","",""
"YKAC1","",""
"YKAW","",""
"YKAW-Sensor2","",""
"YKM","Yakima WSO","Yakima WSO"
"YLMW","Yelm",""
"YLPO","YLPO",""
"YLRW","Yale Dam Precipitation","Yale Dam Precipitation"
"YNFO","Mount Yoncalla","Mount Yoncalla RAWS near Drain 1S"
"YNKB","",""
"YNWB","",""
"YOHB","Yoho Nat Park Boulder Cr","Yoho Near Boulder Creek"
"YOKO","Umatilla River at Yoakum","Umatilla River at Yoakum near Pendleton 12W"
"YOUY","Younts Peak Snotel - 8350","YOUNTS PEAK SNOTEL - 8350"
"YPBI","Dixie 10E Yellowpine Bar","Dixie 10E Yellowpine Bar"
"YPDI","Yellow Pine 7 S","Yellow Pine 7S"
"YRCW","Yakima R @ Crystal Springs","Yakima River At Crystal Springs"
"YRPW","Yakima R @ Prosser","Yakima River At Prosser"
"YRTW","Yakima R @ Terrace Heights","Yakima River At Terrace Heights Br Near Yakima"
"YRV","Revelstoke - 08ND002","Revelstoke (08ND002)"
"YRWW","Yakima R @ Horlick","Yakima River At Horlick"
"YSG","Skagit River BC","Skagit River BC"
"YSI","YSI RFC Precip","YSI_RFC_Precip"
"YSM","Sumas Canal BC","Sumas Canal BC"
"YSS","Similkameen Mine BC","Similkameen Mine BC"
"YUMW","Yakima River At Cle Elum","YAKIMA RIVER AT CLE ELUM"
"YVR","Vancouver BC Airport","Vancouver BC Airport"
"YXC","Cranbrook Airport","Cranbrook Airport"
"YXX","Abbotsford Airport","Abbotsford Airport"
"YYF","Penticton - 08NM050","Penticton (08NM050)"
"Yaak_R","Yaak River",""
"Yakima_R","Yakima River",""
"ZOLO","",""
