Date,Big Cliff-Pool Flow-IN,Big Cliff-Pool Flow-OUT,Big Cliff-Pool Elev,Blue River-Pool Flow-IN,Blue River-Pool Flow-OUT,Blue River-Pool Elev,Cottage Grove-Pool Flow-IN,Cottage Grove-Pool Flow-OUT,Cottage Grove-Pool Elev,Cougar-Pool Flow-IN,Cougar-Pool Flow-OUT,Cougar-Pool Elev,Detroit-Pool Flow-IN,Detroit-Pool Flow-OUT,Detroit-Pool Elev,Dexter-Pool Flow-IN,Dexter-Pool Flow-OUT,Dexter-Pool Elev,Dorena-Pool Flow-IN,Dorena-Pool Flow-OUT,Dorena-Pool Elev,Fall Creek-Pool Flow-IN,Fall Creek-Pool Flow-OUT,Fall Creek-Pool Elev,Fern Ridge-Pool Flow-IN,Fern Ridge-Pool Flow-OUT,Fern Ridge-Pool Elev,Foster-Pool Flow-IN,Foster-Pool Flow-OUT,Foster-Pool Elev,Green Peter-Pool Flow-IN,Green Peter-Pool Flow-OUT,Green Peter-Pool Elev,Hills Creek-Pool Flow-IN,Hills Creek-Pool Flow-OUT,Hills Creek-Pool Elev,Lookout Point-Pool Flow-IN,Lookout Point-Pool Flow-OUT,Lookout Point-Pool Elev
2012-12-30,0.0,0.0,1197.0,389.5,0.0,1180.0,447.6000061035156,0.0,750.0,660.0,0.0,1532.0,1730.0,0.0,1450.0,0.0,0.0,693.0,922.5999755859375,0.0,770.5,720.7999877929688,0.0,728.0,970.1640014648438,0.0,353.0,1574.2020263671875,0.0,613.0,1320.0,0.0,922.0,1130.0,0.0,1448.0,1966.532958984375,0.0,825.0
2012-12-31,0.0,0.0,1197.0,315.20001220703125,0.0,1180.0,383.29998779296875,0.0,750.0,590.0,0.0,1532.0,1620.0,0.0,1450.0,0.0,0.0,693.0,740.2999877929688,0.0,770.5,576.5999755859375,0.0,728.0,836.822998046875,0.0,353.0,1326.384033203125,0.0,613.0,1150.0,0.0,922.0,1030.0,0.0,1448.0,1780.5030517578125,0.0,825.0
2013-01-01,1200.0,1200.0,1197.0,283.79998779296875,283.79998779296875,1180.0,339.0,339.0,750.0,570.0,570.0,1532.0,1530.0,1200.0,1450.385009765625,1621.2933349609375,1621.2933349609375,693.0,635.4000244140625,635.4000244140625,770.5,473.5,427.0361022949219,728.1923828125,734.8629760742188,700.0,353.0624694824219,1833.3753662109375,1833.3753662109375,613.0,1090.0,1090.0,922.0,930.0,930.0,1448.0,1621.2933349609375,1621.2933349609375,825.0
2013-01-02,1200.0,1200.0,1197.0,256.70001220703125,256.70001220703125,1180.0,295.6000061035156,295.6000061035156,750.0,520.0,520.0,1532.0,1500.0,1200.0,1450.735107421875,1663.574951171875,1663.574951171875,693.0,582.0999755859375,582.0999755859375,770.5,414.0,403.69073486328125,728.235107421875,640.7760009765625,605.9556884765625,353.1248779296875,2267.02099609375,2267.02099609375,613.0,1010.0,1010.0,922.0,860.0,860.0,1448.0,1663.574951171875,1663.574951171875,825.0
2013-01-03,1200.0,1200.0,1197.0,243.0,243.0,1180.0,267.20001220703125,267.20001220703125,750.0,500.0,500.0,1532.0,1420.0,1200.0,1450.99169921875,2130.24267578125,2130.24267578125,693.0,603.2000122070312,603.2000122070312,770.5,368.3999938964844,392.3271484375,728.135986328125,581.5910034179688,568.4442138671875,353.14801025390625,1690.9014892578125,1690.9014892578125,613.0,910.0,910.0,922.0,800.0,800.0,1448.0,2130.24267578125,2130.24267578125,825.0
2013-01-04,1200.0,1200.0,1197.0,254.39999389648438,254.39999389648438,1180.0,250.3000030517578,250.3000030517578,750.0,470.0,470.0,1532.0,1380.0,1200.0,1451.1905517578125,2214.524169921875,2214.524169921875,693.0,629.2999877929688,629.2999877929688,770.5,357.0,389.8459777832031,728.0,535.7969970703125,535.9658203125,353.14703369140625,2163.83984375,2163.83984375,613.0,1000.0,1000.0,922.0,810.0,810.0,1448.0,2315.095703125,2214.524169921875,825.094970703125
2013-01-05,1200.0,1200.0,1197.0,279.3999938964844,279.3999938964844,1180.0,239.89999389648438,239.89999389648438,750.0,520.0,520.0,1532.0,1470.0,1200.0,1451.488037109375,2126.165283203125,2126.165283203125,693.0,685.7000122070312,685.7000122070312,770.5,369.6000061035156,369.6000061035156,728.0,493.79400634765625,507.2766418457031,353.1219177246094,1767.81591796875,1767.81591796875,613.0,1010.0,1010.0,922.0,870.0,870.0,1448.0,2025.593994140625,2126.165283203125,825.0
2013-01-06,1200.0,1200.0,1197.0,366.29998779296875,366.29998779296875,1180.0,230.89999389648438,230.89999389648438,750.0,460.0,460.0,1532.0,1420.0,1200.0,1451.73046875,2277.6748046875,2277.6748046875,693.0,678.2999877929688,678.2999877929688,770.5,394.6000061035156,394.6000061035156,728.0,471.385009765625,485.3164978027344,353.09600830078125,2105.688232421875,2105.688232421875,613.0,1020.0,1020.0,922.0,890.0,890.0,1448.0,2277.6748046875,2277.6748046875,825.0
2013-01-07,1200.0,1200.0,1197.0,735.0999755859375,735.0999755859375,1180.0,234.8000030517578,234.8000030517578,750.0,720.0,720.0,1532.0,1780.0,1200.0,1452.391357421875,2578.03076171875,2578.03076171875,693.0,810.0999755859375,810.0999755859375,770.5,570.2999877929688,570.2999877929688,728.0,450.2749938964844,479.7447204589844,353.0419616699219,3576.69384765625,3576.69384765625,613.0,2370.0,2370.0,922.0,1000.0,1000.0,1448.0,2578.03076171875,2578.03076171875,825.0
2013-01-08,1200.0,1200.0,1197.0,1204.0999755859375,1000.0,1182.97705078125,258.5,258.5,750.0,960.0,960.0,1532.0,2860.0,1200.0,1454.25439453125,3253.504150390625,3253.504150390625,693.0,1140.5,1140.5,770.5,804.4000244140625,804.4000244140625,728.0,441.7720031738281,464.567626953125,353.0,6403.49072265625,6403.49072265625,613.0,4060.0,4060.0,922.0,1290.0,1000.0,1448.3594970703125,3253.504150390625,3253.504150390625,825.0
2013-01-09,1611.9444580078125,1611.9444580078125,1197.0,1130.9000244140625,908.8027954101562,1186.085205078125,287.3999938964844,287.3999938964844,750.0,1180.0,1180.0,1532.0,3350.0,1611.9444580078125,1456.2132568359375,3500.178955078125,3500.178955078125,693.0,1204.300048828125,1204.300048828125,770.5,833.7000122070312,822.2694702148438,728.0473022460938,468.9750061035156,468.9750061035156,352.99920654296875,6346.80615234375,6346.80615234375,613.0,4050.0,4050.0,922.0,1550.0,1057.6263427734375,1448.9698486328125,3500.178955078125,3500.178955078125,825.0
2013-01-10,1711.2962646484375,1711.2962646484375,1197.0,820.7000122070312,765.6018676757812,1186.8388671875,313.1000061035156,313.1000061035156,750.0,1040.0,1040.0,1532.0,2870.0,1711.2962646484375,1457.4464111328125,3420.512451171875,3420.512451171875,693.0,1186.0999755859375,1186.0999755859375,770.5,871.4000244140625,750.4129638671875,728.54833984375,492.4779968261719,492.35601806640625,352.9986572265625,5138.48095703125,5138.48095703125,613.0,2800.0,2800.0,922.0,1510.0,1155.466796875,1449.4366455078125,3601.632080078125,3420.512451171875,825.1710815429688
2013-01-11,1587.5308837890625,1587.5308837890625,1197.0,545.5,650.5345458984375,1185.39794921875,287.8999938964844,287.8999938964844,750.0,840.0,840.0,1532.0,2360.0,1587.5308837890625,1458.297607421875,3273.102783203125,3273.102783203125,693.0,957.2000122070312,957.2000122070312,770.5,736.5,668.8086547851562,728.82861328125,458.3710021972656,458.1677551269531,352.998291015625,3806.517822265625,3806.517822265625,613.0,2170.0,2170.0,922.0,1280.0,1230.29150390625,1449.50244140625,3448.3173828125,3273.102783203125,825.3365478515625
2013-01-12,1595.0206298828125,1595.0206298828125,1197.0,479.20001220703125,555.9896850585938,1184.3309326171875,261.3999938964844,261.3999938964844,750.0,760.0,760.0,1532.0,2110.0,1595.0206298828125,1458.8651123046875,3136.36572265625,3136.36572265625,693.0,766.2999877929688,766.2999877929688,770.5,606.7000122070312,593.6057739257812,728.8828735351562,416.2619934082031,416.0045471191406,352.998046875,3498.537841796875,3498.537841796875,613.0,1640.0,1640.0,922.0,1110.0,1240.8277587890625,1449.3294677734375,3186.3798828125,3136.36572265625,825.3837890625
2013-01-13,1556.680419921875,1556.680419921875,1197.0,420.3999938964844,474.1931457519531,1183.5704345703125,238.3000030517578,238.3000030517578,750.0,670.0,670.0,1532.0,1900.0,1556.680419921875,1459.243408203125,2963.7177734375,2963.7177734375,693.0,662.4000244140625,662.4000244140625,770.5,505.6000061035156,532.3704833984375,728.77197265625,383.7590026855469,383.4654541015625,352.9978942871094,2694.2421875,2694.2421875,613.0,1460.0,1460.0,922.0,970.0,1213.0975341796875,1449.0079345703125,2978.283203125,2963.7177734375,825.3975830078125
2013-01-14,1541.1202392578125,1541.1202392578125,1197.0,366.8999938964844,420.49542236328125,1182.8043212890625,215.5,215.5,750.0,580.0,580.0,1532.0,1770.0,1541.1202392578125,1459.49560546875,2825.13916015625,2825.13916015625,693.0,591.2999877929688,591.2999877929688,770.5,443.20001220703125,494.71368408203125,728.5586547851562,360.55902099609375,360.24139404296875,352.997802734375,2403.23046875,2403.23046875,613.0,1190.0,1190.0,922.0,910.0,1155.966064453125,1448.7025146484375,2862.891357421875,2825.13916015625,825.4332275390625
2013-01-15,1437.4134521484375,1437.4134521484375,1197.0,310.6000061035156,394.7969665527344,1181.588134765625,197.89999389648438,197.89999389648438,750.0,580.0,580.0,1532.0,1590.0,1437.4134521484375,1459.6636962890625,2728.89208984375,2728.89208984375,693.0,544.2000122070312,544.2000122070312,770.5,409.8999938964844,477.242431640625,728.2798461914062,338.0610046386719,337.7273254394531,352.9977111816406,2151.003173828125,2151.003173828125,613.0,1190.0,1190.0,922.0,870.0,1067.310791015625,1448.4580078125,2618.422119140625,2728.89208984375,825.328857421875
2013-01-16,1548.275634765625,1548.275634765625,1197.0,313.1000061035156,411.13128662109375,1180.1458740234375,190.6999969482422,190.6999969482422,750.0,580.0,580.0,1532.0,1650.0,1548.275634765625,1459.7757568359375,2705.9404296875,2705.9404296875,693.0,615.2000122070312,615.2000122070312,770.5,419.3999938964844,474.7949523925781,728.0504150390625,324.9640197753906,324.6196594238281,352.9976806640625,2084.96044921875,2084.96044921875,613.0,1020.0,1020.0,922.0,850.0,1054.873779296875,1448.2039794921875,2547.981689453125,2705.9404296875,825.1796875
2013-01-17,1482.183837890625,1482.183837890625,1197.0,343.3999938964844,353.2542724609375,1180.0,193.6999969482422,193.6999969482422,750.0,580.0,580.0,1532.0,1550.0,1482.183837890625,1459.8505859375,2724.017578125,2724.017578125,693.0,772.7999877929688,772.7999877929688,770.5,442.29998779296875,454.4815979003906,728.0,313.7649841308594,313.4134826660156,352.9976501464844,1921.7637939453125,1921.7637939453125,613.0,1040.0,1040.0,922.0,890.0,1032.6959228515625,1448.027099609375,2536.3984375,2724.017578125,825.0025024414062
2013-01-18,1424.7891845703125,1424.7891845703125,1197.0,443.79998779296875,443.79998779296875,1180.0,199.6999969482422,199.6999969482422,750.0,720.0,720.0,1532.0,1470.0,1424.7891845703125,1459.900390625,2662.65478515625,2662.65478515625,693.0,942.0,942.0,770.5,469.8999938964844,469.8999938964844,728.0,305.1659851074219,304.8097229003906,352.99761962890625,2251.897216796875,2251.897216796875,613.0,1060.0,1060.0,922.0,1030.0,1004.3405151367188,1448.058837890625,2660.036865234375,2662.65478515625,825.0
2013-01-19,4602.984375,4602.984375,1197.0,565.0999755859375,565.0999755859375,1180.0,198.0,198.0,750.0,830.0,830.0,1532.0,1540.0,4602.984375,1456.5501708984375,2760.172119140625,2760.172119140625,693.0,991.0999755859375,991.0999755859375,770.5,496.8999938964844,473.1694641113281,728.0982666015625,295.864990234375,295.5055847167969,352.99761962890625,2353.097412109375,2353.097412109375,613.0,1300.0,1300.0,922.0,1130.0,1009.4393920898438,1448.2083740234375,2760.172119140625,2760.172119140625,825.0
2013-01-20,1200.0,1200.0,1197.0,629.7000122070312,629.7000122070312,1180.0,189.0,189.0,750.0,870.0,870.0,1532.0,1650.0,1200.0,1457.02099609375,2829.5361328125,2829.5361328125,693.0,910.4000244140625,910.4000244140625,770.5,470.70001220703125,447.0462951660156,728.1962280273438,282.9670104980469,282.60546875,352.9975891113281,2720.093994140625,2720.093994140625,613.0,1460.0,1460.0,922.0,1180.0,1033.396240234375,1448.39013671875,2858.12646484375,2829.5361328125,825.0269775390625
2013-01-21,1200.0,1200.0,1197.0,605.2999877929688,605.2999877929688,1180.0,180.0,180.0,750.0,860.0,860.0,1532.0,1710.0,1200.0,1457.5830078125,2892.908203125,2892.908203125,693.0,789.5999755859375,789.5999755859375,770.5,426.70001220703125,434.7641906738281,728.162841796875,270.3680114746094,270.00506591796875,352.9975891113281,2491.208251953125,2491.208251953125,613.0,1340.0,1340.0,922.0,1180.0,1062.528076171875,1448.5357666015625,2864.31787109375,2892.908203125,825.0
2013-01-22,1200.0,1200.0,1197.0,545.5999755859375,545.5999755859375,1180.0,173.60000610351562,173.60000610351562,750.0,790.0,790.0,1532.0,1730.0,1200.0,1458.1669921875,2740.95556640625,2740.95556640625,693.0,735.7000122070312,735.7000122070312,770.5,394.79998779296875,434.12005615234375,728.0,273.5660095214844,273.2021484375,352.9975891113281,2436.173095703125,2436.173095703125,613.0,1240.0,1240.0,922.0,1120.0,1085.87109375,1448.5780029296875,2740.95556640625,2740.95556640625,825.0
2013-01-23,1200.0,1200.0,1197.0,560.4000244140625,560.4000244140625,1180.0,208.60000610351562,208.60000610351562,750.0,830.0,830.0,1532.0,1740.0,1200.0,1458.7620849609375,3048.2578125,3048.2578125,693.0,831.2000122070312,831.2000122070312,770.5,410.20001220703125,410.20001220703125,728.0,308.66497802734375,308.30047607421875,352.9975891113281,2351.009765625,2351.009765625,613.0,1280.0,1280.0,922.0,1270.0,1092.6529541015625,1448.7978515625,3048.2578125,3048.2578125,825.0
2013-01-24,1455.53125,1455.53125,1197.0,677.5,677.5,1180.0,298.79998779296875,298.79998779296875,750.0,890.0,890.0,1532.0,1830.0,1455.53125,1459.1746826171875,3152.997802734375,3152.997802734375,693.0,1153.699951171875,1153.699951171875,770.5,485.20001220703125,485.20001220703125,728.0,380.4649963378906,380.1000671386719,352.9975891113281,2681.091796875,2681.091796875,613.0,1370.0,1370.0,922.0,1650.0,1127.8939208984375,1449.4747314453125,3152.997802734375,3152.997802734375,825.0
2013-01-25,2220.354248046875,2220.354248046875,1197.0,1083.0,1000.0,1181.2252197265625,474.79998779296875,474.79998779296875,750.0,1320.0,1320.0,1532.0,2470.0,2220.354248046875,1459.4498291015625,3914.38671875,3914.38671875,693.0,1858.5999755859375,1500.0,771.849853515625,905.9000244140625,905.9000244140625,728.0,465.572998046875,465.2077941894531,352.9975891113281,4114.388671875,4114.388671875,613.0,2560.0,2560.0,922.0,2200.0,1236.3990478515625,1450.7021484375,3914.38671875,3914.38671875,825.0
2013-01-26,3123.569580078125,3123.569580078125,1197.0,1441.0,1012.2520751953125,1187.250244140625,698.0,500.0,751.270751953125,1770.0,1770.0,1532.0,3290.0,3123.569580078125,1459.6331787109375,5193.65966796875,5193.65966796875,693.0,2677.199951171875,1692.8363037109375,775.3873291015625,1534.5,1534.5,728.0,579.9879760742188,579.6226196289062,352.9975891113281,5900.498046875,5900.498046875,613.0,3200.0,3200.0,922.0,2930.0,1433.1396484375,1452.52490234375,5430.5439453125,5193.65966796875,825.2237548828125
2013-01-27,2479.04638671875,2479.04638671875,1197.0,924.0999755859375,1026.85205078125,1185.848876953125,589.0999755859375,754.1526489257812,750.2142333984375,1370.0,1370.0,1532.0,2590.0,2479.04638671875,1459.7554931640625,4400.0,4400.0,693.0,2006.300048828125,2198.1865234375,774.7071533203125,1389.0999755859375,1389.0999755859375,728.0,670.0130004882812,669.6475219726562,352.9975891113281,4436.845703125,4436.845703125,613.0,2260.0,2260.0,922.0,2270.0,1725.3240966796875,1453.1705322265625,4952.79345703125,4400.0,825.745849609375
2013-01-28,2316.03076171875,2316.03076171875,1197.0,769.7999877929688,976.6013793945312,1182.9495849609375,662.2000122070312,542.8525390625,750.9904174804688,1200.0,1200.0,1532.0,2390.0,2316.03076171875,1459.8370361328125,4400.0,4400.0,693.0,2094.10009765625,2101.02197265625,774.6827392578125,1868.0,1868.0,728.0,623.93798828125,623.5723876953125,352.9975891113281,4704.583984375,4704.583984375,613.0,2250.0,2250.0,922.0,1980.0,1828.7984619140625,1453.35791015625,5172.4326171875,4400.0,826.4754028320312
2013-01-29,2640.687255859375,2640.687255859375,1197.0,849.7000122070312,722.7869262695312,1184.744873046875,827.5,698.0802612304688,751.7832641601562,1310.0,1310.0,1532.0,2690.0,2640.687255859375,1459.891357421875,4400.0,4400.0,693.0,2799.10009765625,2097.538330078125,777.0932006835938,2909.199951171875,2000.0,731.6487426757812,587.6699829101562,587.3043212890625,352.9975891113281,7851.10595703125,7851.10595703125,613.0,3360.0,3360.0,922.0,2160.0,1858.843994140625,1453.731201171875,6251.873046875,4400.0,828.21435546875
2013-01-30,2797.124755859375,2797.124755859375,1197.0,876.0999755859375,541.3909912109375,1189.2674560546875,797.4000244140625,652.7699584960938,752.6297607421875,1150.0,1150.0,1532.0,2830.0,2797.124755859375,1459.927490234375,4400.0,4400.0,693.0,3003.60009765625,2441.88720703125,778.9501342773438,2728.800048828125,1716.6986083984375,735.263671875,547.3900146484375,547.0243530273438,352.9975891113281,6837.1123046875,6837.1123046875,613.0,3130.0,3130.0,922.0,2000.0,1918.687255859375,1453.83203125,5938.92333984375,4400.0,829.601806640625
2013-01-31,3127.66748046875,3127.66748046875,1197.0,849.4000244140625,386.03131103515625,1195.113525390625,624.7999877929688,531.6024780273438,753.1571044921875,1060.0,1060.0,1532.0,2780.0,3127.66748046875,1459.54443359375,3399.470458984375,3399.470458984375,693.0,2377.699951171875,2578.601318359375,778.2859497070312,1842.5,1248.81396484375,737.3489990234375,501.2060241699219,500.84033203125,352.9975891113281,5960.00341796875,5960.00341796875,613.0,2960.0,2960.0,922.0,1830.0,1549.9986572265625,1454.17919921875,5259.021484375,3399.470458984375,831.2783203125
2013-02-01,2091.940673828125,2091.940673828125,1197.0,735.2999877929688,298.1995544433594,1200.244140625,502.20001220703125,439.0470275878906,753.4993286132812,980.0,3000.0,1524.7867431640625,2640.0,2091.940673828125,1460.1405029296875,2414.7080078125,2414.7080078125,693.0,1902.4000244140625,2113.234375,777.5889892578125,1375.199951171875,878.3165283203125,738.8499145507812,468.9749755859375,468.6092529296875,352.99658203125,5736.18505859375,5609.1220703125,613.280029296875,3180.0,3180.0,922.0,1590.0,944.5582885742188,1454.979248046875,4311.50634765625,2414.7080078125,832.9884643554688
2013-02-02,1340.6973876953125,1340.6973876953125,1197.0,679.5,233.72494506835938,1205.1324462890625,425.29998779296875,368.28839111328125,753.8082885742188,950.0,2257.5,1520.0,2370.0,1340.6973876953125,1461.22705078125,1708.219482421875,1708.219482421875,693.0,1643.199951171875,1712.6971435546875,777.3592529296875,1167.0999755859375,610.859619140625,740.6637573242188,429.00799560546875,50.0,353.68212890625,2435.9208984375,2308.88525390625,613.5599975585938,2180.0,50.0,924.0594482421875,1550.0,516.9234008789062,1456.197509765625,3551.0791015625,1708.219482421875,834.5781860351562
2013-02-03,1050.0,1050.0,1197.0,738.2000122070312,199.8368377685547,1210.62548828125,390.79998779296875,310.669189453125,754.2293701171875,940.0,940.0,1520.0,2430.0,1050.0,1462.7083740234375,1200.134033203125,1200.134033203125,693.0,1468.199951171875,1429.94287109375,777.4857177734375,1043.800048828125,434.4753723144531,742.5113525390625,386.1520080566406,50.0,354.2345886230469,2026.623291015625,1899.56005859375,613.8400268554688,1900.0,50.0,925.7700805664062,1470.0,400.0,1457.4931640625,3074.902587890625,1200.134033203125,836.1949462890625
2013-02-04,1050.0,1050.0,1197.0,718.2000122070312,199.92300415039062,1215.447998046875,361.79998779296875,264.62249755859375,754.7274780273438,920.0,920.0,1520.0,2240.0,1050.0,1463.9505615234375,1200.0,1200.0,693.0,1242.800048828125,1209.9619140625,777.5942993164062,952.2000122070312,308.52056884765625,744.5479125976562,373.1239929199219,50.0,354.70770263671875,1932.2911376953125,1809.7974853515625,614.1099853515625,1790.0,50.0,927.38427734375,1390.0,400.0,1458.688720703125,2904.304931640625,1200.0,837.6370239257812
2013-02-05,1050.0,1050.0,1197.0,744.4000244140625,176.63192749023438,1220.3992919921875,332.0,230.3099365234375,755.2352905273438,960.0,960.0,1520.0,2300.0,1050.0,1465.269775390625,1200.0,1200.0,693.0,1148.5,1017.5745849609375,778.027099609375,927.7000122070312,203.20254516601562,746.74365234375,420.6080017089844,50.0,355.20501708984375,1598.846923828125,1471.78369140625,614.3900146484375,1790.0,50.0,928.9530639648438,1390.0,400.0,1459.862060546875,2848.51025390625,1200.0,838.9993896484375
2013-02-06,1050.0,1050.0,1197.0,769.7999877929688,974.5528564453125,1218.8687744140625,307.70001220703125,204.02906799316406,755.738037109375,900.0,900.0,1520.0,2540.0,1050.0,1466.8636474609375,1350.0,1350.0,693.0,1072.5,837.883056640625,778.8026733398438,891.0,113.58119201660156,749.104248046875,484.8949890136719,50.0,355.72650146484375,1761.6934814453125,1634.6578369140625,614.6699829101562,2430.0,50.0,931.0988159179688,1370.0,1777.6273193359375,1459.386474609375,2988.027099609375,1350.0,840.3531494140625
2013-02-07,1050.0,1050.0,1197.0,729.0,50.0,1224.6025390625,298.5,178.65740966796875,756.301513671875,880.0,880.0,1520.0,2120.0,1050.0,1467.931640625,1350.0,1350.0,693.0,935.2999877929688,683.7522583007812,779.63427734375,806.7999877929688,50.0,751.3766479492188,481.6929931640625,50.0,356.2065124511719,1707.728515625,1580.665283203125,614.9500122070312,2050.0,50.0,932.8627319335938,1290.0,400.0,1460.4249267578125,3474.26416015625,1350.0,842.1043701171875
2013-02-08,1050.0,1050.0,1197.0,612.7999877929688,50.0,1229.1226806640625,289.0,155.15672302246094,756.9146118164062,800.0,800.0,1520.0,2120.0,1050.0,1469.0450439453125,1350.0,1350.0,693.0,781.0,586.4337768554688,780.23779296875,716.7999877929688,50.0,753.4088745117188,428.5989990234375,50.0,356.59039306640625,1557.4615478515625,1430.4259033203125,615.22998046875,1700.0,50.0,934.3291625976562,1150.0,400.0,1461.2999267578125,2936.149169921875,1350.0,843.36279296875
2013-02-09,1050.0,1050.0,1197.0,509.0,50.0,1232.7362060546875,262.3999938964844,132.80311584472656,757.4815673828125,710.0,710.0,1520.0,2150.0,1050.0,1470.193359375,1350.0,1350.0,693.0,679.0,498.9152526855469,780.7481079101562,621.0,50.0,755.02685546875,404.99700927734375,50.0,356.9501647949219,1344.942626953125,1217.87939453125,615.510009765625,1620.0,50.0,935.68310546875,1070.0,400.0,1462.0816650390625,2243.1171875,1350.0,844.0714111328125
2013-02-10,1050.0,1050.0,1197.0,420.0,50.0,1235.2703857421875,244.10000610351562,114.19866943359375,758.0430297851562,680.0,680.0,1520.0,1870.0,1050.0,1471.046875,1350.0,1350.0,693.0,695.2999877929688,425.3055114746094,781.5986328125,540.2000122070312,50.0,756.3638305664062,383.9850158691406,50.0,357.2490539550781,1159.2581787109375,1036.73681640625,615.780029296875,1370.0,50.0,936.8214111328125,990.0,400.0,1462.77001953125,2165.66552734375,1350.0,844.7185668945312
2013-02-11,1050.0,1050.0,1197.0,381.20001220703125,50.0,1237.79345703125,225.10000610351562,97.97694396972656,758.566162109375,620.0,620.0,1520.0,1680.0,1050.0,1471.671630859375,1350.0,1350.0,693.0,629.4000244140625,367.3359680175781,782.3985595703125,473.1000061035156,50.0,757.4718627929688,362.1600036621094,50.0,357.5218811035156,1090.4747314453125,963.4391479492188,616.0599975585938,1170.0,50.0,937.7544555664062,920.0,400.0,1463.376708984375,1998.4305419921875,1350.0,845.2330322265625
2013-02-12,1050.0,1050.0,1197.0,353.5,50.0,1239.800048828125,213.1999969482422,82.89842224121094,759.0972900390625,590.0,590.0,1520.0,1660.0,1050.0,1472.276611328125,1350.0,1350.0,693.0,582.0999755859375,334.9543762207031,783.0988159179688,443.1000061035156,50.0,758.5125122070312,341.333984375,50.0,357.7763671875,1055.988037109375,928.9247436523438,616.3400268554688,1170.0,50.0,938.7096557617188,880.0,400.0,1463.936767578125,1952.951171875,1350.0,845.7113647460938
2013-02-13,1050.0,1050.0,1197.0,356.5,50.0,1241.8265380859375,201.0,69.9351577758789,759.6100463867188,580.0,580.0,1520.0,1810.0,1050.0,1473.031982421875,1350.0,1350.0,693.0,554.9000244140625,308.38934326171875,783.79736328125,428.5,50.0,759.5153198242188,313.9049987792969,50.0,358.00579833984375,1012.2689819335938,885.2333984375,616.6199951171875,1280.0,50.0,939.73828125,840.0,400.0,1464.4251708984375,1771.392822265625,1350.0,846.0439453125
2013-02-14,1050.0,1050.0,1197.0,342.6000061035156,50.0,1243.7611083984375,189.0,61.54887390136719,760.1041259765625,570.0,570.0,1520.0,1870.0,1050.0,1473.887939453125,1350.0,1350.0,693.0,550.0,284.86572265625,784.6400146484375,397.29998779296875,50.0,760.43701171875,302.3690185546875,50.0,358.19677734375,1019.926025390625,892.8627319335938,616.9000244140625,1270.0,50.0,940.74658203125,800.0,400.0,1464.865966796875,1891.867431640625,1350.0,846.4573364257812
2013-02-15,1050.0,1050.0,1197.0,384.6000061035156,50.0,1245.9732666015625,182.6999969482422,52.58675003051758,760.5919799804688,580.0,580.0,1520.0,1910.0,1050.0,1474.7464599609375,1350.0,1350.0,693.0,548.7000122070312,277.2869567871094,785.4029541015625,420.79998779296875,50.0,761.3563232421875,293.426025390625,50.0,358.38092041015625,1013.677978515625,887.6609497070312,617.1599731445312,1360.0,50.0,941.8292236328125,850.0,400.0,1465.383056640625,1882.507568359375,1350.0,846.8635864257812
2013-02-16,1050.0,1050.0,1197.0,436.0,50.0,1248.525390625,178.89999389648438,50.0,761.0729370117188,630.0,630.0,1520.0,2000.0,1050.0,1475.6885986328125,1350.0,1350.0,693.0,575.0999755859375,249.88307189941406,786.2391967773438,409.29998779296875,50.0,762.2471313476562,269.87701416015625,50.0,358.5470275878906,1041.2490234375,915.2073364257812,617.4099731445312,1370.0,50.0,942.9201049804688,880.0,400.0,1465.943115234375,1932.862060546875,1350.0,847.3082275390625
2013-02-17,1050.0,1050.0,1197.0,406.70001220703125,50.0,1250.5504150390625,172.3000030517578,215.4445037841797,760.9135131835938,610.0,610.0,1520.0,1960.0,1050.0,1476.591064453125,1350.0,1350.0,693.0,562.0999755859375,202.78555297851562,787.25732421875,436.1000061035156,50.0,763.2044067382812,273.8269958496094,50.0,358.7161560058594,1073.22802734375,947.1863403320312,617.6599731445312,1290.0,50.0,943.9448852539062,810.0,400.0,1466.3980712890625,1912.0771484375,1350.0,847.7369995117188
2013-02-18,1050.0,1050.0,1197.0,380.20001220703125,50.0,1252.5501708984375,169.0,75.0,761.2576904296875,590.0,590.0,1520.0,1880.0,1050.0,1477.4141845703125,1350.0,1350.0,693.0,498.6000061035156,148.2903594970703,788.2186889648438,405.5,50.0,764.0858154296875,277.6729736328125,50.0,358.8881530761719,984.6909790039062,858.6492919921875,617.9099731445312,1190.0,50.0,944.8515625,900.0,400.0,1466.9490966796875,1871.9884033203125,1350.0,848.1351928710938
2013-02-19,1050.0,1050.0,1197.0,341.79998779296875,50.0,1254.2470703125,170.39999389648438,75.0,761.604248046875,580.0,580.0,1520.0,1760.0,1050.0,1478.118408203125,1350.0,1350.0,693.0,414.1000061035156,134.26025390625,788.9124755859375,360.20001220703125,50.0,764.8549194335938,287.1150207519531,50.0,359.0603332519531,1019.8159790039062,892.7557373046875,618.1799926757812,1060.0,50.0,945.6528930664062,810.0,400.0,1467.40087890625,1764.5828857421875,1350.0,848.4514770507812
2013-02-20,1050.0,1050.0,1197.0,311.20001220703125,50.0,1255.7230224609375,166.10000610351562,75.0,761.9352416992188,560.0,560.0,1520.0,1620.0,1050.0,1478.6837158203125,1350.0,1350.0,693.0,341.79998779296875,180.7610626220703,789.311767578125,356.3999938964844,50.0,765.6145629882812,290.9580078125,50.0,359.22357177734375,1055.7230224609375,928.6597290039062,618.4600219726562,1070.0,50.0,946.462158203125,770.0,400.0,1467.80859375,1793.2733154296875,1350.0,848.7896728515625
2013-02-21,1050.0,1050.0,1197.0,303.20001220703125,50.0,1257.063720703125,167.10000610351562,75.0,762.2616577148438,540.0,540.0,1520.0,1700.0,1050.0,1479.3282470703125,1350.0,1350.0,693.0,408.70001220703125,494.9814147949219,789.0978393554688,385.6000061035156,50.0,766.4466552734375,295.50201416015625,50.0,359.3898620605469,1102.4599609375,979.96630859375,618.72998046875,1000.0,50.0,947.2158813476562,770.0,400.0,1468.22900390625,1869.691162109375,1350.0,849.1860961914062
2013-02-22,1050.0,1050.0,1197.0,356.79998779296875,50.0,1258.819091796875,213.5,75.0,762.7495727539062,610.0,610.0,1520.0,1820.0,1050.0,1480.0875244140625,1350.0,1350.0,693.0,580.2999877929688,190.0,790.0655517578125,549.0,50.0,767.6078491210938,359.5459899902344,50.0,359.5999450683594,1123.97900390625,996.4110717773438,619.010009765625,1460.0,50.0,948.3345336914062,830.0,400.0,1468.730712890625,1747.4739990234375,1350.0,849.4893188476562
2013-02-23,1050.0,1050.0,1197.0,385.29998779296875,50.0,1260.642333984375,302.1000061035156,75.0,763.53173828125,620.0,620.0,1520.0,1770.0,1050.0,1480.767578125,1350.0,1350.0,693.0,776.5999755859375,427.932373046875,790.9299926757812,814.2000122070312,50.0,769.4031372070312,411.3909912109375,50.0,359.84539794921875,1482.1259765625,1356.0843505859375,619.260009765625,1650.0,50.0,949.5807495117188,860.0,400.0,1469.2525634765625,2248.31298828125,1350.0,850.1681518554688
2013-02-24,1050.0,1050.0,1197.0,371.0,50.0,1262.323486328125,314.20001220703125,75.0,764.3364868164062,530.0,530.0,1520.0,1580.0,1050.0,1481.2816162109375,1350.0,1350.0,693.0,777.9000244140625,777.8990478515625,790.9299926757812,770.4000244140625,50.0,770.9908447265625,442.3440246582031,50.0,360.09844970703125,1299.126953125,1173.0853271484375,619.510009765625,1230.0,50.0,950.5001831054688,780.0,400.0,1469.6712646484375,2051.5869140625,1350.0,850.68359375
2013-02-25,1050.0,1050.0,1197.0,386.70001220703125,50.0,1263.9931640625,320.79998779296875,312.3814697265625,764.3643188476562,620.0,620.0,1520.0,1730.0,1050.0,1481.9559326171875,1350.0,1350.0,693.0,865.0,260.0009765625,792.4299926757812,781.0,50.0,772.6018676757812,434.0099792480469,50.0,360.3276672363281,1313.677001953125,1187.6353759765625,619.760009765625,1390.0,50.0,951.5416259765625,900.0,400.0,1470.22216796875,2182.51513671875,1350.0,851.295166015625
2013-02-26,1050.0,1050.0,1197.0,402.29998779296875,50.0,1265.7401123046875,319.5,75.0,765.1651611328125,580.0,580.0,1520.0,1610.0,1050.0,1482.487060546875,1350.0,1350.0,693.0,999.7000122070312,999.6990356445312,792.4299926757812,811.0,50.0,774.2510986328125,401.4720153808594,50.0,360.5373229980469,1239.8509521484375,1114.31396484375,620.010009765625,1480.0,50.0,952.632568359375,830.0,400.0,1470.696044921875,2279.27490234375,1350.0,851.977783203125
2013-02-27,1050.0,1050.0,1197.0,410.3999938964844,50.0,1267.4217529296875,289.8999938964844,105.02861022949219,765.75,530.0,530.0,1520.0,1500.0,1050.0,1482.9119873046875,1350.0,1350.0,693.0,941.0999755859375,334.5777587890625,793.8300170898438,735.0,50.0,775.6097412109375,408.531005859375,50.0,360.75115966796875,1094.572021484375,967.5364379882812,620.2899780273438,1210.0,50.0,953.498291015625,900.0,400.0,1471.2340087890625,2058.295166015625,1350.0,852.4981079101562
2013-02-28,1050.0,1050.0,1197.0,713.9000244140625,50.0,1270.4554443359375,269.70001220703125,269.70001220703125,765.75,770.0,770.0,1520.0,2435.0,1050.0,1484.22021484375,1350.0,1350.0,693.0,1062.199951171875,1062.2025146484375,793.8300170898438,900.2000122070312,50.0,777.2960815429688,415.4909973144531,50.0,360.9691467285156,1458.10400390625,1331.040771484375,620.5700073242188,2530.0,50.0,955.3572387695312,1030.0,400.0,1471.8917236328125,2308.092041015625,1350.0,853.2019653320312
2013-03-01,1050.0,1050.0,1197.0,1198.5999755859375,50.0,1275.411865234375,264.20001220703125,75.0,766.3641967773438,1220.0,1220.0,1520.0,3370.0,1050.0,1486.4114990234375,1350.0,1350.0,693.0,1396.699951171875,788.6878662109375,795.1699829101562,1232.9000244140625,50.0,779.583984375,377.1750183105469,50.0,361.14849853515625,2268.01806640625,2140.982421875,620.8499755859375,4350.0,50.0,958.5160522460938,1440.0,800.0,1472.5909423828125,3173.00537109375,1350.0,854.5218505859375
2013-03-02,1050.0,1050.0,1197.0,1075.5999755859375,50.0,1279.6802978515625,251.3000030517578,75.0,766.947021484375,1210.0,1210.0,1520.0,3300.0,1050.0,1488.489013671875,1350.0,1350.0,693.0,1256.800048828125,1256.7974853515625,795.1699829101562,1079.800048828125,50.0,781.4849243164062,344.1050109863281,50.0,361.3070068359375,1990.4949951171875,1861.923828125,621.1199951171875,3360.0,50.0,960.913818359375,1400.0,800.0,1473.2520751953125,3365.921630859375,1350.0,855.9498901367188
2013-03-03,1050.0,1050.0,1197.0,963.7999877929688,50.0,1283.1053466796875,236.89999389648438,228.0281219482422,766.976318359375,1200.0,1200.0,1520.0,3160.0,1050.0,1490.41455078125,1350.0,1350.0,693.0,1114.5,506.46539306640625,796.510009765625,975.5,50.0,783.2005615234375,304.0169982910156,50.0,361.4433898925781,1856.47705078125,1730.4354248046875,621.3699951171875,3090.0,50.0,963.0673217773438,1470.0,800.0,1473.9903564453125,3683.452880859375,1350.0,857.6029052734375
2013-03-04,1050.0,1050.0,1197.0,756.7000122070312,50.0,1285.708740234375,217.8000030517578,75.0,767.3843383789062,1040.0,1040.0,1520.0,2670.0,1050.0,1491.8751220703125,1350.0,1350.0,693.0,929.4000244140625,929.4014892578125,796.510009765625,783.5,50.0,784.523193359375,364.11297607421875,50.0,361.6128234863281,1562.2530517578125,1436.21142578125,621.6199951171875,2290.0,50.0,964.654052734375,1360.0,800.0,1474.575439453125,3280.118896484375,1350.0,858.9367065429688
2013-03-05,1050.0,1050.0,1197.0,639.7000122070312,50.0,1287.8480224609375,252.10000610351562,75.0,767.8861694335938,940.0,940.0,1520.0,2420.0,1050.0,1493.1102294921875,1350.0,1350.0,693.0,809.2000122070312,205.70327758789062,797.8400268554688,682.2000122070312,50.0,785.6631469726562,563.8040161132812,50.0,361.8921813964844,1362.800048828125,1236.7584228515625,621.8699951171875,1950.0,50.0,965.9655151367188,1540.0,800.0,1475.3480224609375,3058.546875,1350.0,860.1052856445312
2013-03-06,1050.0,1050.0,1197.0,616.5,50.0,1289.74609375,380.0,110.42265319824219,768.6500244140625,890.0,890.0,1520.0,2330.0,1050.0,1494.2528076171875,1350.0,1350.0,693.0,874.9000244140625,874.9041137695312,797.8400268554688,682.0999755859375,50.0,786.8029174804688,981.3079833984375,50.0,362.3612976074219,1378.2030029296875,1252.161376953125,622.1199951171875,1900.0,50.0,967.2653198242188,980.0,800.0,1475.535888671875,3087.1298828125,1350.0,861.2933959960938
2013-03-07,1050.0,1050.0,1197.0,566.9000244140625,50.0,1291.62158203125,449.3999938964844,449.4028625488281,768.6500244140625,800.0,800.0,1520.0,2150.0,1050.0,1495.201416015625,1350.0,1350.0,693.0,992.4000244140625,385.3927001953125,799.0599975585938,724.2000122070312,50.0,788.0170288085938,911.4840087890625,50.0,362.78485107421875,1355.5570068359375,1229.515380859375,622.3699951171875,1730.0,50.0,968.4143676757812,1110.0,800.0,1475.8594970703125,2892.241943359375,1350.0,862.3366088867188
2013-03-08,1050.0,1050.0,1197.0,517.5,50.0,1293.1669921875,372.70001220703125,93.90072631835938,769.4400024414062,700.0,700.0,1520.0,1990.0,1050.0,1496.0120849609375,1350.0,1350.0,693.0,856.0,855.9995727539062,799.0599975585938,646.9000244140625,50.0,789.0040283203125,735.5989990234375,50.0,363.11004638671875,1213.595947265625,1087.5543212890625,622.6199951171875,1500.0,50.0,969.392578125,1090.0,800.0,1476.1712646484375,2746.853271484375,1350.0,863.2691040039062
2013-03-09,1050.0,1050.0,1197.0,464.1000061035156,50.0,1294.535888671875,312.29998779296875,312.3002624511719,769.4400024414062,650.0,650.0,1520.0,1860.0,1050.0,1496.7105712890625,1350.0,1350.0,693.0,709.7999877929688,190.0,800.0910034179688,549.0,50.0,789.9037475585938,587.8369750976562,50.0,363.3489685058594,1077.3680419921875,951.3263549804688,622.8699951171875,1380.0,50.0,970.28125,990.0,800.0,1476.380615234375,2525.352783203125,1350.0,864.070556640625
2013-03-10,1050.0,1050.0,1197.0,446.79998779296875,50.0,1295.7265625,271.3999938964844,75.0,769.9965209960938,640.0,640.0,1520.0,1530.0,1050.0,1497.130126953125,1350.0,1350.0,693.0,623.4000244140625,230.6599884033203,800.8699951171875,475.29998779296875,50.0,790.670654296875,492.3180236816406,50.0,363.54473876953125,1047.0469970703125,921.0053100585938,623.1199951171875,1260.0,50.0,971.105224609375,910.0,800.0,1476.5018310546875,2426.80615234375,1350.0,864.782470703125
2013-03-11,1050.0,1050.0,1197.0,433.29998779296875,50.0,1296.9481201171875,241.6999969482422,75.0,770.4688720703125,630.0,630.0,1520.0,1780.0,1050.0,1497.788330078125,1350.0,1350.0,693.0,586.0,585.9992065429688,800.8699951171875,461.6000061035156,50.0,791.37841796875,459.92999267578125,50.0,363.725830078125,921.9033203125,795.8616333007812,623.3699951171875,1260.0,60.58469772338867,971.8982543945312,920.0,800.0,1476.634033203125,2326.08349609375,1350.0,865.4140625
2013-03-12,1050.0,1050.0,1197.0,520.9000244140625,50.0,1298.5047607421875,222.8000030517578,75.0,770.8876342773438,660.0,660.0,1520.0,1930.0,1050.0,1498.533203125,1350.0,1350.0,693.0,574.7000122070312,190.0,801.633056640625,448.29998779296875,50.0,792.0368041992188,414.5039978027344,50.0,363.8863830566406,1045.939697265625,919.8980712890625,623.6199951171875,1550.0,50.0,972.8899536132812,980.0,800.0,1476.8323974609375,2385.850341796875,1350.0,866.079345703125
2013-03-13,1050.0,1050.0,1197.0,620.2999877929688,50.0,1300.223388671875,205.60000610351562,195.91268920898438,770.9151000976562,720.0,720.0,1520.0,2360.0,1050.0,1499.6427001953125,1350.0,1350.0,693.0,590.5999755859375,190.0,802.3887329101562,426.1000061035156,50.0,792.658447265625,332.85400390625,50.0,364.00885009765625,1074.5888671875,948.5471801757812,623.8699951171875,1670.0,50.0,973.9610595703125,970.0,800.0,1477.0186767578125,2489.62109375,1350.0,866.8328247070312
2013-03-14,1050.0,1050.0,1197.0,685.2000122070312,50.0,1302.1341552734375,194.6999969482422,75.0,771.2542724609375,860.0,860.0,1520.0,2730.0,1050.0,1501.087646484375,1350.0,1350.0,693.0,625.0,195.2603759765625,803.1799926757812,430.20001220703125,50.0,793.286865234375,329.0799865722656,50.0,364.11614990234375,1232.3486328125,1100.2572021484375,624.1199951171875,1870.0,50.0,975.1643676757812,1060.0,800.0,1477.2901611328125,2622.881591796875,1350.0,867.6526489257812
2013-03-15,1050.0,1050.0,1197.0,719.2000122070312,50.0,1304.1732177734375,186.1999969482422,75.0,771.5693359375,970.0,970.0,1520.0,3040.0,1050.0,1502.7322998046875,1350.0,1350.0,693.0,619.9000244140625,619.8988037109375,803.1799926757812,443.8999938964844,120.0,793.822265625,328.6869812011719,50.0,364.2232666015625,1169.2177734375,1030.5718994140625,624.3699951171875,2000.0,50.0,976.45361328125,1150.0,800.0,1477.655517578125,2745.08447265625,1350.0,868.5634765625
2013-03-16,1500.0,1500.0,1197.0,739.5999755859375,50.0,1306.1273193359375,188.8000030517578,75.0,771.891845703125,1040.0,1040.0,1520.0,3130.0,1500.0,1504.079345703125,1350.0,1350.0,693.0,644.5999755859375,190.0,804.0742797851562,439.5,120.0,794.350341796875,315.1800231933594,50.0,364.3249816894531,1498.1107177734375,1359.46484375,624.6199951171875,2090.0,409.4757995605469,977.5465087890625,1260.0,800.0,1478.12890625,2887.360107421875,1350.0,869.5611572265625
2013-03-17,1500.0,1500.0,1197.0,708.5999755859375,174.72348022460938,1307.6400146484375,201.1999969482422,75.0,772.21826171875,920.0,920.0,1520.0,3040.0,1500.0,1505.35205078125,1350.0,1350.0,693.0,665.4000244140625,212.9935760498047,804.8900146484375,430.70001220703125,120.0,794.8638916015625,205.4709930419922,50.0,364.3831481933594,1696.1605224609375,1557.5146484375,624.8699951171875,2010.0,336.5758972167969,978.6171875,1260.0,800.0,1478.5850830078125,2887.276611328125,1350.0,870.5277709960938
2013-03-18,1500.0,1500.0,1197.0,599.5,604.207275390625,1307.626708984375,177.39999389648438,75.0,772.4721069335938,930.0,930.0,1520.0,2650.0,1500.0,1506.302490234375,1350.0,1350.0,693.0,559.4000244140625,559.4027099609375,804.8900146484375,402.79998779296875,120.0,795.331298828125,265.7560119628906,50.0,364.4651794433594,1550.0482177734375,1422.498779296875,625.1099853515625,1440.0,527.7525024414062,979.2075805664062,1040.0,800.0,1478.8231201171875,2376.918212890625,1350.0,871.1695556640625
2013-03-19,1500.0,1500.0,1197.0,600.5999755859375,50.0,1309.186767578125,195.3000030517578,75.0,772.7703857421875,850.0,850.0,1520.0,2310.0,1500.0,1506.971923828125,1350.0,1350.0,693.0,608.0,190.0,805.6437377929688,410.1000061035156,120.0,795.8108520507812,446.9320068359375,50.0,364.6190490722656,1654.8515625,1538.872314453125,625.3400268554688,1420.0,607.1072387695312,979.7449951171875,1070.0,800.0,1479.095703125,2626.182861328125,1350.0,871.986083984375
2013-03-20,1500.0,1500.0,1197.0,1050.5999755859375,661.2548828125,1310.2900390625,316.3999938964844,75.0,773.368896484375,1280.0,1280.0,1520.0,5560.0,1500.0,1510.2342529296875,1350.0,1350.0,693.0,1203.4000244140625,711.8724975585938,806.530029296875,706.7999877929688,120.0,796.720703125,819.0029907226562,50.0,364.92047119140625,2954.10986328125,2838.161376953125,625.5700073242188,4430.0,649.2559814453125,982.1400146484375,1790.0,800.0,1480.129150390625,3297.70166015625,1350.0,873.1937866210938
2013-03-21,1500.0,1500.0,1197.0,1260.300048828125,1259.1282958984375,1310.2933349609375,413.79998779296875,102.78194427490234,774.1400146484375,1370.0,1370.0,1520.0,5110.0,1500.0,1513.058349609375,1350.0,1350.0,693.0,1871.4000244140625,1871.4053955078125,806.530029296875,997.0,120.0,798.0587768554688,888.240966796875,50.0,365.2307434082031,6362.49951171875,6246.55126953125,625.7999877929688,3720.0,3846.721435546875,982.0589599609375,2040.0,800.0,1481.4237060546875,3819.73828125,1350.0,874.724609375
2013-03-22,1500.0,1500.0,1197.0,836.7000122070312,192.04981994628906,1312.1199951171875,332.5,332.5019836425781,774.1400146484375,1170.0,1170.0,1520.0,3790.0,1500.0,1514.875244140625,1350.0,1350.0,693.0,1223.300048828125,640.9888916015625,807.5800170898438,767.4000244140625,120.0,799.0465087890625,602.39501953125,50.0,365.4300842285156,2806.648681640625,2690.66943359375,626.030029296875,2550.0,594.6926879882812,983.3099975585938,1600.0,800.0,1482.245849609375,3417.40673828125,1350.0,875.9755859375
2013-03-23,1500.0,1500.0,1197.0,631.0,633.3522338867188,1312.11328125,279.0,75.0,774.6458129882812,1030.0,1030.0,1520.0,3080.0,1500.0,1516.0853271484375,1350.0,1350.0,693.0,933.0,933.003173828125,807.5800170898438,636.0,120.0,799.8338012695312,482.94500732421875,50.0,365.58544921875,3477.336181640625,3351.29443359375,626.280029296875,2080.0,2189.40283203125,983.239990234375,1370.0,800.0,1482.8111572265625,3093.040771484375,1350.0,877.0535278320312
2013-03-24,1500.0,1500.0,1197.0,548.7000122070312,50.0,1313.4605712890625,239.89999389648438,75.0,775.0546264648438,910.0,910.0,1520.0,2630.0,1500.0,1516.9473876953125,1350.0,1350.0,693.0,808.0999755859375,194.02833557128906,808.6300048828125,546.0,120.0,800.44921875,451.1319885253906,50.0,365.7290954589844,2009.3060302734375,1883.264404296875,626.530029296875,1710.0,289.7566223144531,984.14404296875,1230.0,800.0,1483.237548828125,2804.863037109375,1350.0,877.927978515625
2013-03-25,1500.0,1500.0,1197.0,475.20001220703125,50.0,1314.58837890625,220.39999389648438,208.92352294921875,775.0830688476562,920.0,920.0,1520.0,2420.0,1500.0,1517.649169921875,1350.0,1350.0,693.0,724.9000244140625,724.9010009765625,808.6300048828125,529.0,120.0,801.0308837890625,406.07098388671875,50.0,365.8561706542969,1418.667724609375,1292.6260986328125,626.780029296875,1470.0,426.9696350097656,984.7905883789062,1170.0,800.0,1483.6044921875,2663.274169921875,1350.0,878.7173461914062
2013-03-26,1500.0,1500.0,1197.0,427.29998779296875,52.624969482421875,1315.6500244140625,202.39999389648438,75.0,775.3989868164062,840.0,840.0,1520.0,2270.0,1500.0,1518.2366943359375,1350.0,1350.0,693.0,691.0999755859375,190.0,809.458251953125,504.1000061035156,120.0,801.616943359375,379.9930114746094,50.0,365.9736022949219,1668.843505859375,1546.839111328125,627.02001953125,1470.0,492.1673583984375,985.3966674804688,1110.0,800.0,1483.9119873046875,2714.72607421875,1350.0,879.53759765625
2013-03-27,1500.0,1500.0,1197.0,450.70001220703125,456.5848388671875,1315.63330078125,191.8000030517578,75.0,775.6885375976562,910.0,910.0,1520.0,2260.0,1500.0,1518.81640625,1350.0,1350.0,693.0,678.5,247.9122772216797,810.1699829101562,484.1000061035156,120.0,802.16015625,370.6990051269531,50.0,366.0788269042969,1585.8409423828125,1458.297607421875,627.25,1420.0,561.5303955078125,985.9287719726562,1120.0,800.0,1484.241455078125,2604.135986328125,1350.0,880.2828369140625
2013-03-28,1500.0,1500.0,1197.0,496.8999938964844,50.0,1316.7872314453125,191.39999389648438,75.0,775.9771118164062,990.0,990.0,1520.0,2360.0,1500.0,1519.4549560546875,1350.0,1350.0,693.0,704.9000244140625,704.8966064453125,810.1699829101562,495.8999938964844,120.0,802.6926879882812,368.197998046875,50.0,366.1805419921875,1657.010498046875,1529.4671630859375,627.47998046875,1480.0,556.8873291015625,986.5009765625,1260.0,788.686279296875,1484.7333984375,2812.050048828125,1350.0,881.1357421875
2013-03-29,1500.0,1500.0,1197.0,566.0,50.0,1318.1915283203125,175.60000610351562,75.0,776.201416015625,1050.0,1050.0,1520.0,2640.0,1500.0,1520.3037109375,1350.0,1350.0,693.0,749.4000244140625,190.0,811.0946044921875,514.5999755859375,120.0,803.2517700195312,298.489990234375,50.0,366.25921630859375,1622.443115234375,1494.865966796875,627.7100219726562,1740.0,482.2981262207031,987.280517578125,1350.0,754.5693969726562,1485.3372802734375,2864.32373046875,1350.0,882.0191650390625
2013-03-30,1500.0,1500.0,1197.0,629.2999877929688,628.162109375,1318.1943359375,166.3000030517578,75.0,776.402587890625,1120.0,1120.0,1520.0,2860.0,1500.0,1521.32861328125,1350.0,1350.0,693.0,761.7000122070312,746.4977416992188,811.1197509765625,516.5999755859375,120.0,803.8136596679688,279.4770202636719,50.0,366.3315734863281,2969.022216796875,2841.47900390625,627.9400024414062,1830.0,1873.301513671875,987.253662109375,1450.0,719.2327270507812,1486.06201171875,2902.572265625,1350.0,882.9249267578125
2013-03-31,1500.0,1500.0,1197.0,698.5,50.0,1319.9168701171875,165.10000610351562,75.0,776.6011962890625,1240.0,1240.0,1520.0,3210.0,1500.0,1522.584716796875,1350.0,1350.0,693.0,798.2999877929688,190.0,812.1251831054688,493.70001220703125,120.0,804.3430786132812,271.75299072265625,50.0,366.4013366699219,1802.792724609375,1680.8006591796875,628.1599731445312,1910.0,341.9920959472656,988.2255859375,1590.0,683.0035400390625,1486.9615478515625,3089.94677734375,1350.0,883.93994140625
2013-04-01,1500.0,1500.0,1197.0,687.7000122070312,689.6775512695312,1319.9112548828125,184.0,75.0,776.8413696289062,1500.0,1500.0,1520.0,3670.0,1500.0,1524.178955078125,1350.0,1350.0,693.0,953.7999877929688,946.7817993164062,812.1367797851562,521.9000244140625,120.0,804.9124755859375,247.63499450683594,50.0,366.4606018066406,1949.9691162109375,1822.3919677734375,628.3900146484375,2060.0,760.6497802734375,989.030029296875,1940.0,642.4019165039062,1488.1983642578125,3417.078125,1350.0,885.1416625976562
2013-04-02,1500.0,1500.0,1197.0,629.7000122070312,50.0,1321.359619140625,192.6999969482422,75.0,777.1134033203125,1380.0,1380.0,1520.0,3520.0,1500.0,1525.662841796875,1350.0,1350.0,693.0,1013.7999877929688,432.5585021972656,813.0900268554688,503.29998779296875,120.0,805.45556640625,223.43299865722656,50.0,366.5118103027344,3801.861083984375,3674.317626953125,628.6199951171875,2250.0,2266.65380859375,989.02001953125,1920.0,594.3334350585938,1489.5130615234375,3501.261474609375,1350.0,886.3607788085938
2013-04-03,1500.0,1500.0,1197.0,572.9000244140625,169.4026336669922,1322.3599853515625,164.3000030517578,75.0,777.3347778320312,1300.0,1300.0,1520.0,3260.0,1500.0,1526.955810546875,1350.0,1350.0,693.0,832.2999877929688,832.3058471679688,813.0900268554688,460.5,120.0,805.9379272460938,269.7179870605469,50.0,366.57830810546875,1694.5682373046875,1567.02490234375,628.8499755859375,1660.0,328.2633056640625,989.8204345703125,1740.0,545.568115234375,1490.6644287109375,3173.576171875,1350.0,887.3942260742188
2013-04-04,1500.0,1500.0,1197.0,672.5999755859375,680.6646728515625,1322.3399658203125,168.39999389648438,75.0,777.5663452148438,1400.0,1400.0,1520.0,3450.0,1500.0,1528.3387451171875,1350.0,1350.0,693.0,832.5,190.0,814.0703125,497.6000061035156,120.0,806.472900390625,343.60101318359375,50.0,366.669189453125,1617.5626220703125,1495.53662109375,629.0700073242188,1520.0,305.84588623046875,990.5674438476562,1810.0,504.2308654785156,1491.942626953125,3224.324462890625,1350.0,888.4564208984375
2013-04-05,1500.0,1500.0,1197.0,1057.199951171875,397.755859375,1324.0999755859375,285.1000061035156,75.0,778.0775756835938,1750.0,1750.0,1520.0,5700.0,1500.0,1531.3375244140625,1350.0,1350.0,693.0,1130.0999755859375,1125.79833984375,814.0768432617188,704.2999877929688,120.0,807.2807006835938,333.5950012207031,50.0,366.7567138671875,4081.171875,3953.628662109375,629.2999877929688,3250.0,2069.6640625,991.2899780273438,2320.0,461.74322509765625,1493.700439453125,3721.56591796875,1350.0,889.8004150390625
2013-04-06,1500.0,1500.0,1197.0,1543.9000244140625,1543.896728515625,1324.0999755859375,377.8999938964844,75.0,778.7451171875,2100.0,2100.0,1520.0,7800.0,1500.0,1535.7154541015625,2700.0,2700.0,693.0,1462.9000244140625,851.3070068359375,815.010009765625,931.5999755859375,120.0,808.379150390625,630.2169799804688,50.0,366.9422302246094,7215.02197265625,7087.44482421875,629.530029296875,5030.0,4114.8564453125,991.8400268554688,2870.0,407.9839782714844,1496.02587890625,4338.82373046875,2700.0,890.7088623046875
2013-04-07,1500.0,1500.0,1197.0,2040.300048828125,1394.9798583984375,1325.699951171875,532.7000122070312,180.103515625,779.469970703125,2850.0,2850.0,1520.0,8770.0,1500.0,1540.6649169921875,5400.0,5400.0,693.0,2159.60009765625,2159.602294921875,815.010009765625,1529.199951171875,120.0,810.283935546875,887.6730346679688,50.0,367.1994323730469,8072.05859375,7944.51513671875,629.760009765625,6550.0,4000.0,993.3726806640625,3770.0,400.0,1499.1539306640625,5090.4072265625,5400.0,890.538330078125
2013-04-08,1500.0,1500.0,1197.0,1605.5999755859375,1605.5933837890625,1325.699951171875,602.4000244140625,602.3950805664062,779.469970703125,2340.0,2340.0,1520.0,6420.0,1500.0,1543.917724609375,5727.4951171875,5727.4951171875,693.0,2292.300048828125,1682.7652587890625,815.9400024414062,1855.5,120.0,812.5426635742188,822.9810180664062,50.0,367.432861328125,6358.0263671875,6230.48291015625,629.989990234375,4700.0,2874.460693359375,994.469970703125,3210.0,400.0,1501.7327880859375,4750.474609375,5727.4951171875,890.0
2013-04-09,1500.0,1500.0,1197.0,1035.5999755859375,386.196533203125,1327.31005859375,502.8999938964844,212.99984741210938,780.0499877929688,1760.0,1760.0,1520.0,4680.0,1500.0,1545.955078125,4047.03857421875,4047.03857421875,693.0,1800.9000244140625,1800.9005126953125,815.9400024414062,1389.699951171875,351.98858642578125,813.8843383789062,619.2529907226562,50.0,367.6030578613281,5114.00048828125,4991.974609375,630.2100219726562,3220.0,2432.548828125,994.9432373046875,2480.0,400.0,1503.608154296875,4047.03857421875,4047.03857421875,890.0
2013-04-10,1500.0,1500.0,1197.0,826.2999877929688,827.6522827148438,1327.3067626953125,403.20001220703125,403.19818115234375,780.0499877929688,1690.0,1690.0,1520.0,3960.0,1500.0,1547.529052734375,3587.641845703125,3587.641845703125,693.0,1452.5,848.5180053710938,816.7999877929688,1053.5,367.5413513183594,814.741943359375,516.4080200195312,50.0,367.7413330078125,4351.39697265625,4223.853515625,630.4400024414062,2770.0,1956.4951171875,995.4194946289062,2140.0,400.0,1505.1768798828125,3587.641845703125,3587.641845703125,890.0
2013-04-11,1500.0,1500.0,1197.0,756.5999755859375,109.40719604492188,1328.81005859375,330.8999938964844,75.0,780.6139526367188,1570.0,1570.0,1520.0,3720.0,1500.0,1548.949462890625,3584.001220703125,3584.001220703125,693.0,1275.300048828125,1275.297119140625,816.7999877929688,905.0999755859375,322.0419616699219,815.4957275390625,416.78802490234375,50.0,367.8486328125,3700.941162109375,3573.39794921875,630.6699829101562,2490.0,1653.62890625,995.9074096679688,2020.0,400.0,1506.6097412109375,3584.001220703125,3584.001220703125,890.0
2013-04-12,1500.0,1500.0,1197.0,673.7999877929688,675.3213500976562,1328.8067626953125,282.1000061035156,279.67376708984375,780.6193237304688,1520.0,1520.0,1520.0,3200.0,1500.0,1550.0047607421875,3210.16357421875,3210.16357421875,693.0,1029.5999755859375,422.5965270996094,817.6599731445312,817.5999755859375,282.75079345703125,816.1902465820312,365.7950134277344,50.0,367.9400939941406,3186.145263671875,3058.568115234375,630.9000244140625,1930.0,1356.289794921875,996.2494506835938,1730.0,400.0,1507.791015625,3210.16357421875,3210.16357421875,890.0
2013-04-13,1500.0,1500.0,1197.0,614.4000244140625,50.0,1330.181884765625,249.60000610351562,75.0,781.003662109375,1320.0,1320.0,1520.0,2920.0,1500.0,1550.8848876953125,3130.94384765625,3130.94384765625,693.0,859.7000122070312,859.6936645507812,817.6599731445312,674.7000122070312,261.2482604980469,816.7028198242188,325.4670104980469,50.0,368.01739501953125,2585.34814453125,2463.356201171875,631.1199951171875,1960.0,1112.18212890625,996.759033203125,1590.0,400.0,1508.826416015625,3130.94384765625,3130.94384765625,890.0
2013-04-14,1500.0,1500.0,1197.0,523.7999877929688,117.21636962890625,1331.18994140625,231.60000610351562,75.0,781.3143310546875,1160.0,1160.0,1520.0,2910.0,1500.0,1551.7589111328125,2741.0888671875,2741.0888671875,693.0,768.2000122070312,190.0,818.4791259765625,639.7999877929688,261.6047668457031,817.171630859375,404.01300048828125,50.0,368.1117858886719,2415.47021484375,2287.9267578125,631.3499755859375,1660.0,947.1629638671875,997.1819458007812,1410.0,400.0,1509.7291259765625,2741.0888671875,2741.0888671875,890.0
2013-04-15,1500.0,1500.0,1197.0,495.0,493.6476745605469,1331.1932373046875,252.5,75.0,781.6663818359375,1180.0,1180.0,1520.0,2550.0,1500.0,1552.3973388671875,1370.54443359375,1370.54443359375,693.0,763.2999877929688,753.6902465820312,818.4927978515625,661.9000244140625,282.58416748046875,817.641845703125,369.04498291015625,50.0,368.1961975097656,2094.79443359375,1967.2171630859375,631.5800170898438,1540.0,766.2378540039062,997.6333618164062,1430.0,400.0,1510.629150390625,2685.478271484375,1370.54443359375,890.7244873046875
2013-04-16,1500.0,1500.0,1197.0,457.29998779296875,50.0,1332.1805419921875,258.20001220703125,242.4644775390625,781.6975708007812,1080.0,1080.0,1520.0,2430.0,1500.0,1552.956298828125,1350.0,1350.0,693.0,791.7000122070312,190.0,819.34521484375,697.9000244140625,276.41900634765625,818.1643676757812,321.4940185546875,50.0,368.26715087890625,1900.7366943359375,1773.193359375,631.8099975585938,1560.0,608.9544677734375,998.1881713867188,1340.0,400.0,1511.439697265625,2581.779296875,1350.0,891.4031372070312
2013-04-17,1500.0,1500.0,1197.0,398.3999938964844,50.0,1332.9483642578125,229.39999389648438,75.0,782.0042724609375,940.0,940.0,1520.0,2170.0,1500.0,1553.3702392578125,1350.0,1350.0,693.0,775.5999755859375,767.4212646484375,819.3568115234375,752.0999755859375,327.6862487792969,818.6904907226562,397.0419921875,50.0,368.35943603515625,1960.0977783203125,1838.0718994140625,632.030029296875,1330.0,734.0640258789062,998.5358276367188,1300.0,400.0,1512.2159423828125,2598.766357421875,1350.0,892.0911865234375
2013-04-18,1500.0,1500.0,1197.0,405.5,50.0,1333.8233642578125,210.3000030517578,75.0,782.3024291992188,920.0,920.0,1520.0,2080.0,1500.0,1553.729736328125,1350.0,1350.0,693.0,767.2000122070312,190.0,820.174560546875,715.2999877929688,454.0664978027344,819.0134887695312,270.77301025390625,50.0,368.4159240722656,2192.759765625,2065.216552734375,632.260009765625,1220.0,1014.171875,998.6558837890625,1240.0,400.0,1512.9403076171875,2371.2333984375,1350.0,892.65380859375
2013-04-19,1500.0,1500.0,1197.0,582.0999755859375,75.2630386352539,1334.9599609375,211.89999389648438,75.0,782.6041259765625,1230.0,1230.0,1520.0,2770.0,1500.0,1554.501220703125,1350.0,1350.0,693.0,936.7999877929688,921.4086303710938,820.1964111328125,884.5,470.3586730957031,819.4967041015625,271.6839904785156,50.0,368.4726257324219,3297.691650390625,3170.1484375,632.489990234375,1910.0,1884.79931640625,998.6705932617188,1410.0,400.0,1513.811279296875,2713.694091796875,1350.0,893.4052124023438
2013-04-20,1500.0,1500.0,1197.0,785.4000244140625,794.4691162109375,1334.93994140625,209.89999389648438,75.0,782.9014282226562,1730.0,1730.0,1520.0,3560.0,1500.0,1555.7393798828125,1350.0,1350.0,693.0,1142.0,499.1773986816406,821.0999755859375,1142.4000244140625,436.3033447265625,820.340576171875,261.5899963378906,50.0,368.5264587402344,3326.755126953125,3199.211669921875,632.719970703125,2500.0,1043.948486328125,999.52001953125,1550.0,400.0,1514.802978515625,3541.229248046875,1350.0,894.6124877929688
2013-04-21,1500.0,1500.0,1197.0,675.5,50.0,1336.4295654296875,194.3000030517578,75.0,783.1344604492188,1510.0,1510.0,1520.0,3230.0,1500.0,1556.75634765625,1350.0,1350.0,693.0,1040.0999755859375,1040.0938720703125,821.0999755859375,930.5,362.23553466796875,821.0423583984375,183.7830047607422,50.0,368.5582275390625,3013.05517578125,2885.47802734375,632.9500122070312,2110.0,1184.3876953125,1000.0599975585938,1550.0,400.0,1515.7947998046875,3247.544921875,1350.0,895.6401977539062
2013-04-22,1500.0,1500.0,1197.0,577.5,566.8516235351562,1336.453125,181.6999969482422,75.0,783.326904296875,1340.0,1340.0,1520.0,2900.0,1500.0,1557.572998046875,1350.0,1350.0,693.0,853.9000244140625,248.86924743652344,821.9000244140625,808.7999877929688,281.5236511230469,821.6575927734375,129.36300659179688,50.0,368.5745544433594,2538.068115234375,2413.56201171875,633.1599731445312,1710.0,801.4414672851562,1000.5900268554688,1450.0,400.0,1516.6710205078125,3116.64599609375,1350.0,896.5872192382812
2013-04-23,1500.0,1500.0,1197.0,476.79998779296875,50.0,1337.3936767578125,160.5,75.0,783.4810180664062,1190.0,1190.0,1520.0,2690.0,1500.0,1558.275390625,1350.0,1350.0,693.0,713.2999877929688,713.30615234375,821.9000244140625,659.7999877929688,184.06651306152344,822.212646484375,246.01499938964844,50.0,368.6239318847656,1856.5633544921875,1729.5,633.3699951171875,1530.0,604.3876953125,1001.1300048828125,1220.0,400.0,1517.3638916015625,2856.68896484375,1350.0,897.3948974609375
2013-04-24,2116.23583984375,2116.23583984375,1197.0,464.29998779296875,50.0,1338.3450927734375,148.6999969482422,75.0,783.6139526367188,1070.0,1070.0,1520.0,2490.0,2116.23583984375,1558.5,1350.0,1350.0,693.0,598.5,190.0,822.440185546875,565.7999877929688,120.0,822.7327880859375,144.8730010986328,50.0,368.6446533203125,3878.9814453125,3751.918212890625,633.5800170898438,1400.0,491.54608154296875,1001.6599731445312,1210.0,400.0,1518.059814453125,2752.714111328125,1350.0,898.1468505859375
2013-04-25,2470.0,2470.0,1197.0,410.6000061035156,50.0,1339.2125244140625,136.3000030517578,75.0,783.7244873046875,1060.0,1060.0,1520.0,2470.0,2470.0,1558.5,1350.0,1350.0,693.0,527.9000244140625,190.0,822.886962890625,434.79998779296875,120.0,823.10009765625,242.12899780273438,50.0,368.69287109375,1581.4951171875,1454.46875,633.7899780273438,1210.0,519.1654052734375,1002.0612182617188,1170.0,400.0,1518.6961669921875,2549.679931640625,1350.0,898.7899780273438
2013-04-26,2570.0,2570.0,1197.0,407.0,50.0,1339.999267578125,128.10000610351562,75.0,783.8201904296875,1060.0,1060.0,1520.0,2570.0,2570.0,1558.5,1350.0,1350.0,693.0,505.5,190.0,823.28515625,404.1000061035156,120.0,823.4315185546875,154.68798828125,50.0,368.7163391113281,1644.124267578125,1523.116943359375,633.989990234375,1270.0,531.2383422851562,1002.4798583984375,1180.0,400.0,1519.355712890625,2548.135986328125,1350.0,899.4208984375
2013-04-27,2720.0,2720.0,1197.0,411.20001220703125,411.0982971191406,1339.99951171875,117.19999694824219,75.0,783.8963012695312,1040.0,1040.0,1520.0,2720.0,2720.0,1558.5,1350.0,1350.0,693.0,454.0,190.0,823.6124267578125,394.29998779296875,120.0,823.7515869140625,139.5449981689453,50.0,368.7354736328125,1602.8128662109375,1474.764892578125,634.219970703125,1250.0,601.822998046875,1002.84716796875,1210.0,400.0,1520.0518798828125,2546.27197265625,1350.0,900.0452880859375
2013-04-28,2760.0,2760.0,1197.0,400.8999938964844,50.0,1340.7728271484375,112.80000305175781,75.0,783.9644775390625,1070.0,1070.0,1520.0,2760.0,2760.0,1558.5,1350.0,1350.0,693.0,421.3999938964844,190.0,823.8992919921875,340.0,120.0,824.0082397460938,143.88800048828125,50.0,368.755859375,1654.810791015625,1527.233642578125,634.4500122070312,1190.0,528.3782348632812,1003.2221069335938,1240.0,400.0,1520.74609375,2597.72802734375,1350.0,900.6965942382812
2013-04-29,2970.0,2970.0,1197.0,383.3999938964844,50.0,1341.5076904296875,102.0999984741211,75.0,784.0146484375,1100.0,1100.0,1520.0,2970.0,2970.0,1558.5,1350.0,1350.0,693.0,390.20001220703125,190.0,824.1474609375,302.5,120.0,824.22119140625,103.11100006103516,50.0,368.7646789550781,1568.4180908203125,1440.874755859375,634.6799926757812,1250.0,1007.143310546875,1003.3597412109375,1220.0,400.0,1521.423828125,2565.407958984375,1350.0,901.3309936523438
2013-04-30,3180.0,3180.0,1197.0,349.3999938964844,50.0,1342.16748046875,99.19999694824219,75.0,784.0626831054688,1040.0,1040.0,1520.0,3180.0,3180.0,1558.5,1350.0,1350.0,693.0,353.1000061035156,190.0,824.3496704101562,243.1999969482422,120.0,824.3649291992188,97.03299713134766,50.0,368.7717590332031,1701.8529052734375,1579.8270263671875,634.9000244140625,1490.0,593.2308959960938,1003.8679809570312,1150.0,400.0,1522.043701171875,2587.592041015625,1350.0,901.9769897460938
2013-05-01,2237.0,2237.0,1197.0,301.79998779296875,50.0,1342.722412109375,91.69999694824219,75.0,784.0957641601562,980.0,980.0,1520.0,2310.0,2310.0,1558.5,1350.0,1350.0,693.0,325.29998779296875,190.0,824.5173950195312,298.29998779296875,120.0,824.572998046875,62.970001220703125,50.0,368.765869140625,1656.1898193359375,1528.1480712890625,635.1199951171875,1020.0,1036.671875,1003.8585205078125,1090.0,1390.0,1521.7957763671875,2274.50048828125,1350.0,902.4595336914062
2013-05-02,2017.0,2017.0,1197.0,264.6000061035156,50.0,1343.1953125,91.69999694824219,75.0,784.12890625,880.0,300.0,1522.100830078125,2090.0,2090.0,1558.5,1350.0,1350.0,693.0,293.1000061035156,190.0,824.6452026367188,246.0,120.0,824.719970703125,141.08799743652344,50.0,368.7820739746094,1836.623779296875,1709.5604248046875,635.3300170898438,1080.0,1157.917236328125,1003.8143310546875,1010.0,1310.0,1521.5478515625,2745.724609375,1350.0,903.1880493164062
2013-05-03,2087.0,2087.0,1197.0,251.8000030517578,50.0,1343.64013671875,88.69999694824219,75.0,784.1560668945312,900.0,300.0,1524.281005859375,2160.0,2160.0,1558.5,1350.0,1350.0,693.0,269.3999938964844,190.0,824.74365234375,249.8000030517578,120.0,824.8713989257812,98.21500396728516,50.0,368.7861633300781,1691.120849609375,1564.094482421875,635.5399780273438,1050.0,1011.2583618164062,1003.8363037109375,970.0,1270.0,1521.2998046875,3035.353515625,1350.0,904.0677490234375
2013-05-04,2257.0,2257.0,1197.0,258.3999938964844,50.0,1344.099365234375,79.69999694824219,75.0,784.1654052734375,940.0,300.0,1526.619873046875,2330.0,2330.0,1558.5,1350.0,1350.0,693.0,271.70001220703125,190.0,824.8449096679688,247.8000030517578,120.0,825.0205078125,15.53900146484375,50.0,368.7668151855469,1823.9490966796875,1696.8858642578125,635.75,770.0,809.9822998046875,1003.8136596679688,1060.0,1360.0,1521.0518798828125,2967.655029296875,1350.0,904.912109375
2013-05-05,2337.0,2337.0,1197.0,260.79998779296875,50.0,1344.56396484375,76.0,75.0,784.1674194335938,980.0,300.0,1529.0977783203125,2410.0,2410.0,1558.5,1350.0,1350.0,693.0,273.79998779296875,190.0,824.9487915039062,249.89999389648438,120.0,825.172119140625,122.05400085449219,50.0,368.77764892578125,1693.6661376953125,1566.602783203125,635.9600219726562,810.0,840.9813232421875,1003.7960815429688,1100.0,1400.0,1520.803955078125,3234.394775390625,1350.0,905.8727416992188
2013-05-06,2317.0,2317.0,1197.0,264.3999938964844,50.0,1345.0364990234375,74.5,75.0,784.1663818359375,990.0,300.0,1531.45458984375,2390.0,2390.0,1558.5,1350.0,1350.0,693.0,261.29998779296875,190.0,825.0371704101562,174.3000030517578,120.0,825.2354736328125,197.7519989013672,50.0,368.8099365234375,1851.3482666015625,1730.3778076171875,636.1599731445312,30.0,374.179443359375,1003.6010131835938,1150.0,572.6787109375,1521.2811279296875,3167.050048828125,1350.0,906.796875
2013-05-07,2497.0,2497.0,1197.0,269.8999938964844,50.0,1345.5211181640625,70.80000305175781,75.0,784.1580810546875,1060.0,300.0,1534.2694091796875,2570.0,2570.0,1558.5,1350.0,1350.0,693.0,242.8000030517578,190.0,825.1026611328125,168.10000610351562,120.0,825.2915649414062,57.07400131225586,50.0,368.8023376464844,1612.755859375,1485.6925048828125,636.3699951171875,850.0,907.957275390625,1003.5681762695312,1130.0,400.0,1521.8843994140625,2537.8408203125,1350.0,907.4009399414062
2013-05-08,2157.0,2157.0,1197.0,261.70001220703125,50.0,1345.9876708984375,70.80000305175781,75.0,784.1497192382812,980.0,300.0,1536.8057861328125,2230.0,2230.0,1558.5,1350.0,1350.0,693.0,225.60000610351562,190.0,825.1467895507812,241.89999389648438,120.0,825.4337768554688,45.77899932861328,50.0,368.7915344238281,1868.9910888671875,1741.9278564453125,636.5800170898438,830.0,1079.2962646484375,1003.4269409179688,1140.0,400.0,1522.4959716796875,2336.301513671875,1350.0,907.902587890625
2013-05-09,2247.0,2247.0,1197.0,253.89999389648438,50.0,1346.43701171875,68.80000305175781,75.0,784.137451171875,990.0,300.0,1539.3040771484375,2320.0,2320.0,1558.5,1350.0,1350.0,693.0,220.3000030517578,190.0,825.184326171875,175.89999389648438,120.0,825.4990234375,77.16699981689453,50.0,368.7896423339844,1657.6533203125,1530.626953125,636.7899780273438,310.0,1019.7953491210938,1003.024658203125,1160.0,400.0,1523.1241455078125,2305.44677734375,1350.0,908.3884887695312
2013-05-10,2267.0,2267.0,1197.0,235.60000610351562,50.0,1346.8460693359375,63.20000076293945,75.0,784.114013671875,970.0,300.0,1541.635009765625,2340.0,2340.0,1558.5,1350.0,1350.0,693.0,207.0,190.0,825.2054443359375,191.8000030517578,120.0,825.582763671875,125.06400299072266,50.0,368.80133056640625,1838.206298828125,1711.14306640625,637.0,630.0,1071.61328125,1002.7744140625,1180.0,501.5175476074219,1523.684814453125,2204.20556640625,1350.0,908.8229370117188
2013-05-11,2307.0,2307.0,1197.0,208.10000610351562,50.0,1347.175048828125,58.5,75.0,784.081298828125,950.0,300.0,1543.950439453125,2380.0,2380.0,1558.5,1350.0,1350.0,693.0,201.39999389648438,190.0,825.2195434570312,162.8000030517578,120.0,825.6327514648438,174.8520050048828,50.0,368.82708740234375,1560.10498046875,1560.10498046875,637.0,690.0,976.8200073242188,1002.6118774414062,1140.0,565.09423828125,1524.159912109375,2062.369873046875,1350.0,909.1852416992188
2013-05-12,2257.0,2257.0,1197.0,191.89999389648438,50.0,1347.45654296875,53.29999923706055,75.0,784.0382690429688,920.0,300.0,1546.0,2330.0,2330.0,1558.5,1350.0,1350.0,693.0,182.1999969482422,190.0,825.2098999023438,104.9000015258789,120.0,825.6151123046875,220.85000610351562,50.0,368.8658752441406,1685.446533203125,1685.446533203125,637.0,650.0,1017.8939819335938,1002.4033813476562,1140.0,657.1475830078125,1524.5589599609375,2150.756591796875,1350.0,909.5924682617188
2013-05-13,2107.0,2107.0,1197.0,169.1999969482422,50.0,1347.69287109375,55.5,75.0,783.9996337890625,720.0,300.0,1547.388427734375,2180.0,2180.0,1558.5,1350.0,1350.0,693.0,160.6999969482422,190.0,825.173583984375,101.5,120.0,825.593505859375,58.55500030517578,50.0,368.858642578125,1575.4027099609375,1575.4027099609375,637.0,590.0,1047.699951171875,1002.1439819335938,1060.0,578.52294921875,1524.9569091796875,2361.505615234375,1350.0,910.104248046875
2013-05-14,1927.0,1927.0,1197.0,150.89999389648438,50.0,1347.89306640625,53.29999923706055,75.0,783.9605102539062,880.0,300.0,1549.472412109375,2000.0,2000.0,1558.5,1350.0,1350.0,693.0,152.8000030517578,190.0,825.12744140625,158.0,120.0,825.6378784179688,81.45700073242188,50.0,368.8579406738281,1671.7724609375,1671.7724609375,637.0,440.0,1097.3480224609375,1001.7647705078125,960.0,400.0,1525.4029541015625,2113.989013671875,1350.0,910.4830932617188
2013-05-15,1727.0,1727.0,1197.0,140.0,50.0,1348.0794677734375,56.79999923706055,75.0,783.9276733398438,730.0,300.0,1550.7662353515625,1800.0,1800.0,1558.5,1350.0,1350.0,693.0,146.3000030517578,190.0,825.0732421875,218.60000610351562,120.0,825.7529296875,103.64999389648438,50.0,368.8634948730469,1585.9144287109375,1585.9144287109375,637.0,470.0,1155.2939453125,1001.364990234375,900.0,403.36407470703125,1525.7969970703125,1833.3055419921875,1350.0,910.7227172851562
2013-05-16,1637.0,1637.0,1197.0,123.5,50.0,1348.241455078125,59.5,75.0,783.8997192382812,660.0,300.0,1551.9173583984375,1710.0,1710.0,1558.5,1350.0,1350.0,693.0,155.10000610351562,190.0,825.030029296875,103.69999694824219,120.0,825.73388671875,128.25,50.0,368.87603759765625,1292.9588623046875,1292.9588623046875,637.0,460.0,709.5809936523438,1001.2193603515625,930.0,562.427490234375,1526.09228515625,1658.0811767578125,1350.0,910.87548828125
2013-05-17,1607.0,1607.0,1197.0,110.30000305175781,50.0,1348.3743896484375,66.0,75.0,783.8834838867188,680.0,300.0,1553.173583984375,1680.0,1680.0,1558.5,1350.0,1350.0,693.0,175.8000030517578,190.0,825.0123901367188,162.8000030517578,120.0,825.7838134765625,95.26699829101562,50.0,368.87921142578125,1174.6588134765625,1174.6588134765625,637.0,440.0,686.4569702148438,1001.0756225585938,1000.0,746.5647583007812,1526.3017578125,1733.3104248046875,1350.0,911.0655517578125
2013-05-18,1807.0,1807.0,1197.0,122.5999984741211,50.0,1348.534423828125,63.29999923706055,75.0,783.8624267578125,640.0,300.0,1554.2974853515625,1880.0,1880.0,1558.5,1350.0,1350.0,693.0,168.0,190.0,824.985107421875,117.5999984741211,120.0,825.781005859375,111.08700561523438,50.0,368.8868408203125,1271.3057861328125,1271.3057861328125,637.0,410.0,710.2589721679688,1000.9004516601562,890.0,651.1589965820312,1526.4991455078125,1877.6029052734375,1350.0,911.3272094726562
2013-05-19,1577.0,1577.0,1197.0,121.5,50.0,1348.6920166015625,63.099998474121094,75.0,783.8409423828125,670.0,300.0,1555.5206298828125,1650.0,1650.0,1558.5,1350.0,1350.0,693.0,181.6999969482422,190.0,824.974853515625,161.6999969482422,120.0,825.8296508789062,54.29899978637695,50.0,368.87841796875,1192.6707763671875,1192.6707763671875,637.0,460.0,690.0560302734375,1000.7662353515625,900.0,612.5096435546875,1526.7366943359375,1927.2120361328125,1350.0,911.6134033203125
2013-05-20,1573.0,1573.0,1197.0,72.0,50.0,1348.740478515625,63.400001525878906,75.0,783.8200073242188,580.0,300.0,1556.382568359375,1500.0,1646.0,1558.4122314453125,1350.0,1350.0,693.0,180.1999969482422,190.0,824.9627075195312,222.5,120.0,825.9492797851562,138.50900268554688,50.0,368.8938293457031,1251.9588623046875,1251.9588623046875,637.0,430.0,774.6019897460938,1000.565185546875,850.0,525.6532592773438,1527.004638671875,1746.4468994140625,1350.0,911.8099975585938
2013-05-21,1573.0,1573.0,1197.0,158.6999969482422,50.0,1348.97998046875,91.4000015258789,75.0,783.849609375,700.0,300.0,1557.6019287109375,1580.0,1646.0,1558.37255859375,1350.0,1350.0,693.0,237.89999389648438,190.0,825.0220947265625,284.0,120.0,826.140625,238.41000366210938,50.0,368.93756103515625,1221.0283203125,1221.0283203125,637.0,560.0,602.7449951171875,1000.5402221679688,900.0,629.6329345703125,1527.2191162109375,1889.1953125,1350.0,912.077392578125
2013-05-22,1573.0,1573.0,1197.0,220.39999389648438,50.0,1349.3555908203125,112.4000015258789,75.0,783.9170532226562,750.0,300.0,1559.0767822265625,1600.0,1646.0,1558.344970703125,1350.0,1350.0,693.0,353.5,190.0,825.2247314453125,428.70001220703125,120.0,826.5007934570312,258.43499755859375,50.0,368.9869079589844,1247.052490234375,1247.052490234375,637.0,980.0,504.7020263671875,1000.8175048828125,910.0,606.3361206054688,1527.4599609375,1949.1051025390625,1350.0,912.3744506835938
2013-05-23,1573.0,1573.0,1197.0,240.5,50.0,1349.775390625,106.4000015258789,75.0,783.9736938476562,650.0,300.0,1560.079833984375,1630.0,1646.0,1558.3353271484375,1350.0,1350.0,693.0,398.70001220703125,190.0,825.4834594726562,598.0,120.0,827.0584716796875,146.9169921875,50.0,369.00439453125,1220.5733642578125,1220.5733642578125,637.0,1070.0,489.35101318359375,1001.15625,840.0,501.3746032714844,1527.7286376953125,1933.77294921875,1350.0,912.6639404296875
2013-05-24,1573.0,1573.0,1197.0,314.8999938964844,192.7935028076172,1350.0400390625,99.19999694824219,75.0,784.01904296875,780.0,300.0,1561.5714111328125,1830.0,1646.0,1558.4459228515625,1350.0,1350.0,693.0,397.20001220703125,190.0,825.7403564453125,575.5999755859375,120.0,827.590087890625,89.28199768066406,50.0,369.0057067871094,1311.8486328125,1311.8486328125,637.0,1870.0,235.2860107421875,1002.1067504882812,820.0,474.01171875,1528.003173828125,2129.5478515625,1350.0,913.0504760742188
2013-05-25,1573.0,1573.0,1197.0,338.70001220703125,345.4288024902344,1350.0267333984375,99.0,75.0,784.066650390625,680.0,300.0,1562.7562255859375,1590.0,1646.0,1558.4122314453125,1350.0,1350.0,693.0,429.8999938964844,190.0,826.0377197265625,541.7999877929688,120.0,828.07763671875,152.62899780273438,50.0,369.0240173339844,1193.16650390625,1193.16650390625,637.0,1470.0,284.62799072265625,1002.7785034179688,740.0,400.0,1528.27294921875,1997.5257568359375,1350.0,913.37158203125
2013-05-26,1573.0,1573.0,1197.0,426.20001220703125,430.6858825683594,1350.017822265625,141.3000030517578,75.0,784.1981201171875,800.0,300.0,1564.207763671875,1460.0,1646.0,1558.3004150390625,1350.0,1350.0,693.0,563.5,190.0,826.500732421875,647.0,120.0,828.6583251953125,233.05099487304688,50.0,369.0638427734375,1258.6929931640625,1258.6929931640625,637.0,1430.0,225.551025390625,1003.4611206054688,730.0,400.0,1528.5347900390625,2122.50830078125,1350.0,913.754638671875
2013-05-27,1573.0,1573.0,1197.0,679.0,681.9906005859375,1350.0118408203125,192.89999389648438,75.0,784.4320068359375,1090.0,300.0,1566.589111328125,1940.0,1646.0,1558.4771728515625,1350.0,1350.0,693.0,772.5,190.0,827.209716796875,908.9000244140625,120.0,829.5587158203125,288.9010009765625,50.0,369.1186218261719,1451.9437255859375,1451.9437255859375,637.0,2470.0,50.0,1004.83251953125,1150.0,613.8512573242188,1528.9600830078125,2505.298583984375,1350.0,914.3275146484375
2013-05-28,2649.0,2649.0,1197.0,954.0999755859375,956.0936889648438,1350.0079345703125,216.1999969482422,75.0,784.7120361328125,1400.0,300.0,1569.82373046875,2760.0,2722.0,1558.5,1350.0,1350.0,693.0,946.0,190.0,828.091796875,1114.9000244140625,736.6663208007812,830.0,170.37098693847656,50.0,369.1416320800781,1890.3052978515625,1890.3052978515625,637.0,2690.0,50.0,1006.32861328125,1340.0,705.544189453125,1529.4635009765625,3226.586669921875,1350.0,915.258056640625
2013-05-29,3357.0,3357.0,1197.0,836.2999877929688,837.629150390625,1350.0052490234375,206.6999969482422,75.0,784.9732666015625,1360.0,300.0,1572.8524169921875,3430.0,3430.0,1558.5,1350.0,1350.0,693.0,879.2999877929688,190.0,828.8960571289062,1147.9000244140625,880.7027587890625,830.29443359375,285.4499816894531,50.0,369.1954650878906,1732.1900634765625,1732.1900634765625,637.0,2950.0,50.0,1007.945068359375,1440.0,498.1170959472656,1530.2108154296875,3252.262451171875,1350.0,916.1964111328125
2013-05-30,3317.0,3317.0,1197.0,814.0,814.8861083984375,1350.0035400390625,190.39999389648438,75.0,785.2021484375,1400.0,300.0,1575.9693603515625,3390.0,3390.0,1558.5,1350.0,1350.0,693.0,871.9000244140625,190.0,829.6531982421875,785.9000244140625,756.1685180664062,830.3272094726562,158.5279998779297,50.0,369.2152404785156,1816.8408203125,1816.8408203125,637.0,2920.0,50.0,1009.5541381835938,1370.0,400.0,1530.9803466796875,1619.3905029296875,1350.0,916.3267211914062
2013-05-31,2487.0,2487.0,1197.0,588.9000244140625,589.4907836914062,1350.0023193359375,146.60000610351562,75.0,785.3441772460938,1140.0,300.0,1578.2066650390625,2560.0,2560.0,1558.5,1350.0,1350.0,693.0,701.2999877929688,190.0,830.2166137695312,683.0999755859375,649.2123413085938,830.3645629882812,116.2969970703125,50.0,369.2237243652344,2221.319580078125,2221.319580078125,637.0,1980.0,1170.7313232421875,1010.0,1150.0,1125.243896484375,1531.0,4750.6982421875,1350.0,917.971923828125
2013-06-01,2099.0,2099.0,1197.0,441.0,441.3938293457031,1350.0015869140625,115.30000305175781,79.20774841308594,785.415771484375,980.0,421.83099365234375,1579.7882080078125,2200.0,2200.0,1558.5,1350.0,1350.0,693.0,523.2000122070312,199.20774841308594,830.5736694335938,507.1000061035156,566.0082397460938,830.2996215820312,130.7570037841797,62.41550064086914,369.2301330566406,2735.45654296875,2735.45654296875,637.0,1440.0,1440.0,1010.0,1020.0,1020.0,1531.0,2893.36962890625,1350.0,918.7185668945312
2013-06-02,1879.0,1879.0,1197.0,365.8999938964844,366.16253662109375,1350.0010986328125,97.0,79.20774841308594,785.4510498046875,830.0,421.83099365234375,1580.82666015625,1980.0,1980.0,1558.5,1350.0,1350.0,693.0,430.29998779296875,199.20774841308594,830.8283081054688,435.29998779296875,467.6721496582031,830.2639770507812,77.99600219726562,62.41550064086914,369.2224426269531,1839.28173828125,1839.28173828125,637.0,1180.0,1180.0,1010.0,910.0,910.0,1531.0,2948.9267578125,1350.0,919.4920654296875
2013-06-03,1799.0,1799.0,1197.0,318.3999938964844,318.57501220703125,1350.000732421875,84.80000305175781,79.20774841308594,785.462158203125,770.0,421.83099365234375,1581.7884521484375,1900.0,1900.0,1558.5,1350.0,1350.0,693.0,342.0,199.20774841308594,830.9856567382812,399.6000061035156,378.5147705078125,830.2871704101562,92.42100524902344,62.41550064086914,369.2185974121094,2109.41796875,2109.41796875,637.0,1140.0,1140.0,1010.0,860.0,860.0,1531.0,2470.82958984375,1350.0,920.033447265625
2013-06-04,1559.0,1559.0,1197.0,264.29998779296875,264.41668701171875,1350.00048828125,73.4000015258789,79.20774841308594,785.4506225585938,640.0,421.83099365234375,1582.3558349609375,1660.0,1660.0,1558.5,1350.0,1350.0,693.0,289.5,199.20774841308594,831.0851440429688,271.0,323.2431640625,830.2296142578125,110.33000183105469,62.41550064086914,369.21954345703125,1402.1337890625,1402.1337890625,637.0,870.0,870.0,1010.0,800.0,800.0,1531.0,2247.5908203125,1350.0,920.4573364257812
2013-06-05,1559.0,1559.0,1197.0,222.1999969482422,222.2777862548828,1350.0003662109375,68.69999694824219,79.20774841308594,785.4298095703125,600.0,421.83099365234375,1582.797607421875,1660.0,1660.0,1558.5,1350.0,1350.0,693.0,248.1999969482422,199.20774841308594,831.13916015625,200.1999969482422,283.7954406738281,830.1375122070312,77.33599853515625,62.41550064086914,369.211669921875,1561.8892822265625,1561.8892822265625,637.0,790.0,790.0,1010.0,730.0,730.0,1531.0,2095.40234375,1350.0,920.8093872070312
2013-06-06,1449.0,1449.0,1197.0,197.10000610351562,197.15187072753906,1350.000244140625,57.29999923706055,79.20774841308594,785.3863525390625,610.0,421.83099365234375,1583.3017578125,1550.0,1550.0,1558.5,1507.938720703125,1507.938720703125,693.0,221.5,199.20774841308594,831.1636962890625,212.6999969482422,249.36363220214844,830.0971069335938,76.23200225830078,62.41550064086914,369.2034912109375,1192.0537109375,1192.0537109375,637.0,660.0,764.8909912109375,1009.9421997070312,720.0,720.0,1531.0,1911.578125,1507.938720703125,921.0
2013-06-07,1399.0,1399.0,1197.0,178.39999389648438,178.4345703125,1350.0001220703125,55.79999923706055,79.20774841308594,785.3399047851562,520.0,421.83099365234375,1583.5799560546875,1500.0,1500.0,1558.5,1825.7225341796875,1825.7225341796875,693.0,194.10000610351562,199.20774841308594,831.1580810546875,204.89999389648438,229.04241943359375,830.0704956054688,20.020999908447266,62.41550064086914,369.1802673339844,1402.8004150390625,1402.8004150390625,637.0,560.0,773.552978515625,1009.8245239257812,690.0,690.0,1531.0,1825.7225341796875,1825.7225341796875,921.0
2013-06-08,1359.0,1359.0,1197.0,166.8000030517578,166.82305908203125,1350.0001220703125,48.900001525878906,79.20774841308594,785.27978515625,500.0,421.83099365234375,1583.801513671875,1460.0,1460.0,1558.5,1884.256591796875,1884.256591796875,693.0,173.5,199.20774841308594,831.1297607421875,180.5,214.8616180419922,830.0326538085938,11.402000427246094,62.41550064086914,369.1547546386719,1219.10107421875,1219.10107421875,637.0,590.0,825.97802734375,1009.6945190429688,680.0,680.0,1531.0,1884.256591796875,1884.256591796875,921.0
2013-06-09,1325.0,1325.0,1197.0,154.0,154.01536560058594,1350.0,41.29999923706055,79.20774841308594,785.20458984375,470.0,421.83099365234375,1583.93798828125,1360.0,1426.0,1558.4603271484375,1653.5369873046875,1653.5369873046875,693.0,161.8000030517578,199.20774841308594,831.0885009765625,188.39999389648438,170.87440490722656,830.0519409179688,22.0679988861084,62.41550064086914,369.132080078125,1378.3779296875,1378.3779296875,637.0,520.0,859.219970703125,1009.5076293945312,530.0,530.0,1531.0,1653.5369873046875,1653.5369873046875,921.0
2013-06-10,1325.0,1325.0,1197.0,140.8000030517578,140.81024169921875,1350.0,42.900001525878906,79.20774841308594,785.132568359375,460.0,421.83099365234375,1584.0404052734375,1290.0,1426.0,1558.3785400390625,1469.2105712890625,1469.2105712890625,693.0,140.89999389648438,199.20774841308594,831.0242919921875,186.5,172.08294677734375,830.0678100585938,37.72699737548828,62.41550064086914,369.1136474609375,1243.017578125,1243.017578125,637.0,460.0,870.0159912109375,1009.28173828125,670.0,670.0,1531.0,1469.2105712890625,1469.2105712890625,921.0
2013-06-11,1325.0,1325.0,1197.0,135.10000610351562,135.10684204101562,1350.0,45.099998474121094,79.20774841308594,785.06494140625,470.0,421.83099365234375,1584.1597900390625,1210.0,1426.0,1558.248779296875,1660.665771484375,1660.665771484375,693.0,135.8000030517578,199.20774841308594,830.9544067382812,82.9000015258789,144.45755004882812,830.0,22.18899917602539,62.41550064086914,369.091064453125,1358.717041015625,1358.717041015625,637.0,480.0,892.4310302734375,1009.0545043945312,580.0,580.0,1531.0,1660.665771484375,1660.665771484375,921.0
2013-06-12,1325.0,1325.0,1197.0,128.6999969482422,128.7045440673828,1350.0,42.900001525878906,79.20774841308594,784.992919921875,490.0,421.83099365234375,1584.3287353515625,1010.0,1426.0,1557.998779296875,1495.71533203125,1495.71533203125,693.0,133.60000610351562,199.20774841308594,830.882080078125,174.5,163.66944885253906,830.011962890625,59.46099853515625,62.41550064086914,369.0784606933594,1259.4512939453125,1259.4512939453125,637.0,420.0,907.9010009765625,1008.779541015625,600.0,600.0,1531.0,1495.71533203125,1495.71533203125,921.0
2013-06-13,1325.0,1325.0,1197.0,127.4000015258789,127.40303802490234,1350.0,46.70000076293945,79.20774841308594,784.928466796875,470.0,421.83099365234375,1584.4482421875,1190.0,1426.0,1557.861083984375,1459.472900390625,1459.472900390625,693.0,151.5,199.20774841308594,830.8295288085938,199.60000610351562,158.879638671875,830.0568237304688,64.12899780273438,62.41550064086914,369.0671081542969,1346.6805419921875,1346.6805419921875,637.0,480.0,899.5009765625,1008.5418090820312,570.0,570.0,1531.0,1459.472900390625,1459.472900390625,921.0
2013-06-14,1325.0,1325.0,1197.0,121.80000305175781,121.8020248413086,1350.0,45.099998474121094,79.20774841308594,784.8607788085938,530.0,421.83099365234375,1584.7164306640625,1080.0,1426.0,1557.6591796875,1499.114013671875,1499.114013671875,693.0,121.4000015258789,199.20774841308594,830.7437744140625,91.69999694824219,143.2509307861328,830.0,54.819000244140625,62.41550064086914,369.05328369140625,1270.709228515625,1270.709228515625,637.0,400.0,902.9840087890625,1008.2567749023438,570.0,570.0,1531.0,1499.114013671875,1499.114013671875,921.0
2013-06-15,1325.0,1325.0,1197.0,114.30000305175781,114.30135345458984,1350.0,39.70000076293945,79.20774841308594,784.7824096679688,450.0,421.83099365234375,1584.7862548828125,920.0,1426.0,1557.364013671875,1459.40283203125,1459.40283203125,693.0,110.19999694824219,199.20774841308594,830.6456909179688,149.3000030517578,149.3000030517578,830.0,115.11399841308594,62.41550064086914,369.0556335449219,1334.8428955078125,1334.8428955078125,637.0,390.0,928.844970703125,1007.9527587890625,540.0,540.0,1531.0,1459.40283203125,1459.40283203125,921.0
2013-06-16,1325.0,1325.0,1197.0,107.5,107.50090026855469,1350.0,36.0,79.20774841308594,784.6967163085938,430.0,421.83099365234375,1584.8065185546875,1010.0,1426.0,1557.121337890625,1350.0,1350.0,693.0,132.60000610351562,199.20774841308594,830.5723266601562,128.60000610351562,128.60000610351562,830.0,16.10199737548828,62.41550064086914,369.03143310546875,1277.9283447265625,1277.9283447265625,637.0,340.0,972.9990234375,1007.60400390625,520.0,520.0,1531.0,1249.56884765625,1350.0,920.9525756835938
2013-06-17,1325.0,1325.0,1197.0,97.9000015258789,97.90060424804688,1350.0,36.0,79.20774841308594,784.6110229492188,420.0,421.83099365234375,1584.802001953125,980.0,1426.0,1556.8612060546875,1350.0,1350.0,693.0,100.80000305175781,199.20774841308594,830.4638671875,167.1999969482422,153.36944580078125,830.0152587890625,41.5890007019043,62.41550064086914,369.0140686035156,1332.0430908203125,1332.0430908203125,637.0,270.0,952.4500122070312,1007.22802734375,510.0,510.0,1531.0,1255.706787109375,1350.0,920.9080200195312
2013-06-18,1325.0,1325.0,1197.0,107.30000305175781,107.30039978027344,1350.0,50.0,79.20774841308594,784.5531005859375,380.0,421.83099365234375,1584.6982421875,1010.0,1426.0,1556.6185302734375,1350.0,1350.0,693.0,119.5999984741211,199.20774841308594,830.3761596679688,130.8000030517578,143.4462890625,830.0012817382812,41.4630012512207,62.41550064086914,368.99652099609375,1282.6197509765625,1282.6197509765625,637.0,370.0,957.926025390625,1006.9013061523438,560.0,560.0,1531.0,1325.00048828125,1350.0,920.896240234375
2013-06-19,1325.0,1325.0,1197.0,128.6999969482422,128.70025634765625,1350.0,77.9000015258789,79.20774841308594,784.550537109375,410.0,421.83099365234375,1584.6689453125,1040.0,1426.0,1556.393310546875,1350.0,1350.0,693.0,167.89999389648438,199.20774841308594,830.3416748046875,136.89999389648438,138.08425903320312,830.0,63.2400016784668,62.41550064086914,368.98431396484375,1328.902099609375,1328.902099609375,637.0,440.0,919.4429931640625,1006.629638671875,650.0,650.0,1531.0,1439.8299560546875,1350.0,920.9386596679688
2013-06-20,1325.0,1325.0,1197.0,121.5,121.50017547607422,1350.0,58.0,79.20774841308594,784.5084228515625,380.0,421.83099365234375,1584.565185546875,930.0,1426.0,1556.10400390625,1358.7677001953125,1358.7677001953125,693.0,160.60000610351562,199.20774841308594,830.2991333007812,123.5999984741211,123.5999984741211,830.0,105.11599731445312,62.41550064086914,368.9840087890625,1287.92529296875,1287.92529296875,637.0,420.0,894.958984375,1006.3604736328125,500.0,500.0,1531.0,1488.66162109375,1358.7677001953125,921.0
2013-06-21,1325.0,1325.0,1197.0,108.0999984741211,108.1001205444336,1350.0,45.099998474121094,79.20774841308594,784.4407958984375,360.0,421.83099365234375,1584.411865234375,1070.0,1426.0,1555.8931884765625,1350.0,1350.0,693.0,112.19999694824219,199.20774841308594,830.2032470703125,185.6999969482422,150.76943969726562,830.0385131835938,67.802001953125,62.41550064086914,368.9731140136719,1319.4901123046875,1319.4901123046875,637.0,390.0,924.8370361328125,1006.057373046875,570.0,570.0,1531.0,1324.7264404296875,1350.0,920.988037109375
2013-06-22,1325.0,1325.0,1197.0,100.0,100.00007629394531,1350.0,39.70000076293945,79.20774841308594,784.3624267578125,340.0,421.83099365234375,1584.208984375,1010.0,1426.0,1555.64306640625,1350.0,1350.0,693.0,92.0,199.20774841308594,830.0850830078125,167.60000610351562,172.94630432128906,830.0325927734375,52.30999755859375,62.41550064086914,368.9578552246094,1291.2362060546875,1291.2362060546875,637.0,290.0,974.166015625,1005.669677734375,540.0,540.0,1531.0,1240.2530517578125,1350.0,920.9362182617188
2013-06-23,1325.0,1325.0,1197.0,109.9000015258789,109.90005493164062,1350.0,37.5,79.20774841308594,784.2797241210938,410.0,421.83099365234375,1584.1796875,1070.0,1426.0,1555.4290771484375,1350.0,1350.0,693.0,131.89999389648438,199.20774841308594,830.0109252929688,73.80000305175781,120.0,829.9805908203125,78.69900512695312,62.41550064086914,368.9501037597656,1318.986572265625,1318.986572265625,637.0,340.0,975.822021484375,1005.309326171875,480.0,480.0,1531.0,1172.113525390625,1350.0,920.8522338867188
2013-06-24,1325.0,1325.0,1197.0,143.5,143.50003051757812,1350.0,44.400001525878906,79.20774841308594,784.210693359375,380.0,421.83099365234375,1584.075927734375,1210.0,1426.0,1555.29931640625,1350.0,1350.0,693.0,132.39999389648438,199.20774841308594,829.9373168945312,217.3000030517578,200.68426513671875,830.0,132.98500061035156,62.41550064086914,368.95770263671875,1299.2493896484375,1299.2493896484375,637.0,490.0,902.18896484375,1005.0757446289062,610.0,610.0,1531.0,1308.536376953125,1350.0,920.8326416015625
2013-06-25,1325.0,1325.0,1197.0,186.6999969482422,186.7000274658203,1350.0,55.099998474121094,79.20774841308594,784.162841796875,530.0,421.83099365234375,1584.3441162109375,1470.0,1426.0,1555.3258056640625,1350.0,1350.0,693.0,178.1999969482422,199.20774841308594,829.9141845703125,237.8000030517578,233.60276794433594,830.004638671875,210.49700927734375,62.41550064086914,368.98724365234375,1316.92529296875,1316.92529296875,637.0,650.0,829.166015625,1004.9741821289062,640.0,640.0,1531.0,1599.1104736328125,1350.0,920.9503173828125
2013-06-26,1325.0,1325.0,1197.0,183.60000610351562,183.6000213623047,1350.0,59.599998474121094,79.20774841308594,784.1239624023438,390.0,421.83099365234375,1584.2652587890625,1340.0,1426.0,1555.2740478515625,1445.49609375,1445.49609375,693.0,197.3000030517578,199.20774841308594,829.9120483398438,238.39999389648438,226.40185546875,830.017822265625,78.72899627685547,62.41550064086914,368.9794616699219,1306.0865478515625,1306.0865478515625,637.0,860.0,694.010986328125,1005.0682373046875,620.0,620.0,1531.0,1550.75634765625,1445.49609375,921.0
2013-06-27,1325.0,1325.0,1197.0,160.89999389648438,160.90000915527344,1350.0,47.29999923706055,79.20774841308594,784.0606689453125,410.0,421.83099365234375,1584.23583984375,1270.0,1426.0,1555.1802978515625,1415.2772216796875,1415.2772216796875,693.0,156.89999389648438,199.20774841308594,829.865478515625,199.39999389648438,206.06790161132812,830.010498046875,78.78299713134766,62.41550064086914,368.9716796875,1300.4588623046875,1300.4588623046875,637.0,700.0,771.9550170898438,1005.0274658203125,610.0,610.0,1531.0,1415.2772216796875,1415.2772216796875,921.0
2013-06-28,1325.0,1325.0,1197.0,138.1999969482422,138.1999969482422,1350.0,34.400001525878906,79.20774841308594,783.974365234375,360.0,421.83099365234375,1584.0826416015625,1150.0,1426.0,1555.014404296875,1350.0,1350.0,693.0,129.3000030517578,199.20774841308594,829.7883911132812,212.0,166.9452667236328,830.0601196289062,57.099998474121094,62.41550064086914,368.9577941894531,1303.4716796875,1303.4716796875,637.0,510.0,875.927001953125,1004.8201293945312,550.0,550.0,1531.0,1346.3323974609375,1350.0,920.998291015625
2013-06-29,1325.0,1325.0,1197.0,119.19999694824219,119.20000457763672,1350.0,30.399999618530273,79.20774841308594,783.8863525390625,330.0,421.83099365234375,1583.834228515625,1230.0,1426.0,1554.8966064453125,1350.0,1350.0,693.0,105.9000015258789,199.20774841308594,829.6856079101562,165.39999389648438,158.1301727294922,830.0681762695312,26.097000122070312,62.41550064086914,368.93511962890625,1306.4317626953125,1306.4317626953125,637.0,450.0,900.7630004882812,1004.5646362304688,530.0,530.0,1531.0,1312.253662109375,1350.0,920.98046875
2013-06-30,1325.0,1325.0,1197.0,108.80000305175781,108.80000305175781,1350.0,28.0,79.20774841308594,783.7940063476562,320.0,421.83099365234375,1583.545654296875,1140.0,1426.0,1554.7247314453125,1350.0,1350.0,693.0,63.79999923706055,199.20774841308594,829.536376953125,88.69999694824219,123.88678741455078,830.0293579101562,57.18300247192383,62.41550064086914,368.9212646484375,1303.430419921875,1303.430419921875,637.0,350.0,932.10595703125,1004.2348022460938,480.0,480.0,1531.0,1108.9578857421875,1350.0,920.8666381835938
2013-07-01,1390.0,1390.0,1197.0,98.19999694824219,98.19999694824219,1350.0,23.299999237060547,55.20774841308594,783.7364501953125,310.0,329.03875732421875,1583.49169921875,1140.0,1536.0,1554.4866943359375,1350.0,1350.0,693.0,43.599998474121094,111.41549682617188,829.461669921875,140.5,120.0,830.052001953125,12.437999725341797,50.0,368.89501953125,1120.960205078125,1120.960205078125,637.0,360.0,778.8179931640625,1003.9974365234375,480.0,480.0,1531.0,1293.0660400390625,1350.0,920.8397216796875
2013-07-02,1390.0,1390.0,1197.0,94.4000015258789,94.4000015258789,1350.0,21.899999618530273,55.20774841308594,783.6763916015625,300.0,329.03875732421875,1583.409423828125,1120.0,1536.0,1554.2366943359375,1350.0,1350.0,693.0,151.6999969482422,111.41549682617188,829.5060424804688,55.400001525878906,120.0,829.9796752929688,5.805000305175781,50.0,368.8669128417969,1094.657470703125,1094.657470703125,637.0,260.0,810.1910400390625,1003.6856689453125,500.0,500.0,1531.0,1139.306396484375,1350.0,920.740234375
2013-07-03,1390.0,1390.0,1197.0,86.0,86.0,1350.0,17.0,55.20774841308594,783.6075439453125,290.0,329.03875732421875,1583.298828125,950.0,1536.0,1553.880859375,1350.0,1350.0,693.0,67.30000305175781,111.41549682617188,829.4574584960938,92.5,120.0,829.9475708007812,3.562000274658203,50.0,368.8382263183594,1116.12158203125,1116.12158203125,637.0,270.0,857.947021484375,1003.3524169921875,470.0,470.0,1531.0,1153.068603515625,1350.0,920.647216796875
2013-07-04,1390.0,1390.0,1197.0,75.69999694824219,75.69999694824219,1350.0,13.300000190734863,55.20774841308594,783.531982421875,220.0,329.03875732421875,1582.9910888671875,880.0,1536.0,1553.4742431640625,1350.0,1350.0,693.0,59.400001525878906,111.41549682617188,829.400146484375,123.80000305175781,120.0,829.9520263671875,-22.611000061035156,50.0,368.8021240234375,1100.8516845703125,1100.8516845703125,637.0,240.0,860.31298828125,1003.0009155273438,460.0,460.0,1531.0,999.9796142578125,1350.0,920.48193359375
2013-07-05,1390.0,1390.0,1197.0,72.4000015258789,72.4000015258789,1350.0,13.300000190734863,55.20774841308594,783.4564208984375,270.0,329.03875732421875,1582.8447265625,800.0,1536.0,1553.0179443359375,1350.0,1350.0,693.0,45.29999923706055,111.41549682617188,829.3272705078125,53.5,120.0,829.8743896484375,-11.807998657226562,50.0,368.7691345214844,1115.730712890625,1115.730712890625,637.0,260.0,837.7120361328125,1002.6735229492188,430.0,435.2464904785156,1530.995849609375,998.6250610351562,1350.0,920.3159790039062
2013-07-06,1390.0,1390.0,1197.0,72.19999694824219,72.19999694824219,1350.0,13.300000190734863,55.20774841308594,783.3807983398438,260.0,329.03875732421875,1582.673583984375,800.0,1536.0,1552.5750732421875,1350.0,1350.0,693.0,55.70000076293945,111.41549682617188,829.265869140625,107.80000305175781,120.0,829.8601684570312,25.290000915527344,50.0,368.7467041015625,1099.809814453125,1099.809814453125,637.0,210.0,859.7249755859375,1002.3052978515625,440.0,435.2464904785156,1530.9996337890625,962.8028564453125,1350.0,920.1331176757812
2013-07-07,1390.0,1390.0,1197.0,70.69999694824219,70.69999694824219,1350.0,14.800000190734863,55.20774841308594,783.3079833984375,260.0,329.03875732421875,1582.50244140625,750.0,1536.0,1552.1026611328125,1350.0,1350.0,693.0,49.29999923706055,111.41549682617188,829.1974487304688,52.599998474121094,120.0,829.7815551757812,29.795000076293945,50.0,368.7255554199219,1113.4295654296875,1113.4295654296875,637.0,250.0,882.7050170898438,1001.9451904296875,420.0,435.2464904785156,1530.987548828125,991.9307250976562,1350.0,919.963134765625
2013-07-08,1390.0,1390.0,1197.0,66.0999984741211,66.62325286865234,1349.9989013671875,17.0,55.20774841308594,783.2390747070312,260.0,329.03875732421875,1582.3311767578125,770.0,1536.0,1551.631103515625,1350.0,1350.0,693.0,52.0,111.41549682617188,829.1319580078125,99.30000305175781,120.0,829.7573852539062,-11.984996795654297,50.0,368.6925964355469,1103.88818359375,1103.88818359375,637.0,240.0,874.7760009765625,1001.5748901367188,430.0,435.2464904785156,1530.9833984375,972.4541015625,1350.0,919.780517578125
2013-07-09,1390.0,1390.0,1197.0,62.79999923706055,66.62325286865234,1349.990478515625,13.5,55.20774841308594,783.1638793945312,240.0,329.03875732421875,1582.1104736328125,760.0,1536.0,1551.1500244140625,1350.0,1350.0,693.0,55.900001525878906,111.41549682617188,829.07080078125,36.0,120.0,829.6593627929688,14.434001922607422,50.0,368.66717529296875,1109.03857421875,1109.03857421875,637.0,200.0,910.3720092773438,1001.1604614257812,470.0,449.0140075683594,1531.0,975.7520141601562,1350.0,919.5994262695312
2013-07-10,1390.0,1390.0,1197.0,61.400001525878906,66.62325286865234,1349.9788818359375,12.800000190734863,55.20774841308594,783.08740234375,190.0,329.03875732421875,1581.7322998046875,750.0,1536.0,1550.662841796875,1350.0,1350.0,693.0,44.20000076293945,111.41549682617188,828.9965209960938,24.799999237060547,120.0,829.54833984375,0.052997589111328125,50.0,368.6376953125,1107.0341796875,1107.0341796875,637.0,160.0,911.4129638671875,1000.7221069335938,410.0,435.2464904785156,1530.97998046875,967.23974609375,1350.0,919.414306640625
2013-07-11,1390.0,1390.0,1197.0,58.099998474121094,66.62325286865234,1349.9600830078125,11.5,55.20774841308594,783.0086059570312,240.0,329.03875732421875,1581.47998046875,750.0,1536.0,1550.1756591796875,1350.0,1350.0,693.0,28.899999618530273,111.41549682617188,828.9002685546875,90.0,120.0,829.5133056640625,-14.933002471923828,50.0,368.60400390625,1109.821533203125,1109.821533203125,637.0,180.0,897.281005859375,1000.3036499023438,380.0,435.2464904785156,1530.9361572265625,926.6832275390625,1350.0,919.20947265625
2013-07-12,1390.0,1390.0,1197.0,55.400001525878906,66.62325286865234,1349.9354248046875,12.199999809265137,55.20774841308594,782.9157104492188,230.0,329.03875732421875,1581.1993408203125,740.0,1536.0,1549.6822509765625,1350.0,1350.0,693.0,25.200000762939453,111.41549682617188,828.7996826171875,-19.399999618530273,120.0,829.3506469726562,-17.33899688720703,50.0,368.5696716308594,1106.3394775390625,1106.3394775390625,637.0,150.0,898.6279907226562,999.866943359375,390.0,435.2464904785156,1530.9002685546875,937.5151977539062,1350.0,919.0099487304688
2013-07-13,1390.0,1390.0,1197.0,50.20000076293945,66.62325286865234,1349.899169921875,6.300000190734863,55.20774841308594,782.8079223632812,230.0,329.03875732421875,1580.9288330078125,610.0,1536.0,1549.1083984375,1350.0,1350.0,693.0,34.400001525878906,111.41549682617188,828.7097778320312,53.599998474121094,120.0,829.273193359375,-81.52499389648438,50.0,368.5172119140625,1107.3814697265625,1107.3814697265625,637.0,150.0,927.801025390625,999.4132080078125,410.0,435.2464904785156,1530.8802490234375,909.2401123046875,1350.0,918.7966918945312
2013-07-14,1390.0,1390.0,1197.0,52.099998474121094,66.62325286865234,1349.8671875,9.5,55.20774841308594,782.7072143554688,230.0,329.03875732421875,1580.683349609375,630.0,1536.0,1548.5321044921875,1350.0,1350.0,693.0,38.29999923706055,111.41549682617188,828.62451171875,42.900001525878906,120.0,829.1832275390625,42.077999114990234,50.0,368.4997863769531,1109.81640625,1109.81640625,637.0,150.0,909.4849853515625,998.9701538085938,410.0,435.2464904785156,1530.8602294921875,877.623046875,1350.0,918.5681762695312
2013-07-15,1190.0,1190.0,1197.0,48.70000076293945,66.62325286865234,1349.82763671875,8.199999809265137,55.20774841308594,782.6035766601562,230.0,329.03875732421875,1580.437744140625,630.0,1336.0,1548.0804443359375,1350.0,1350.0,693.0,32.099998474121094,111.41549682617188,828.5319213867188,54.400001525878906,120.0,829.106689453125,7.186000823974609,50.0,368.4725036621094,1105.5108642578125,1105.5108642578125,637.0,150.0,922.7100219726562,998.5193481445312,370.0,435.2464904785156,1530.8084716796875,944.5007934570312,1350.0,918.3720092773438
2013-07-16,1190.0,1190.0,1197.0,47.79999923706055,66.62325286865234,1349.7862548828125,8.399999618530273,55.20774841308594,782.5004272460938,220.0,329.03875732421875,1580.16748046875,620.0,1336.0,1547.622314453125,1350.0,1350.0,693.0,32.0,111.41549682617188,828.4392700195312,50.20000076293945,120.0,829.0252685546875,58.375999450683594,50.0,368.4597473144531,1109.4716796875,1109.4716796875,637.0,100.0,932.239013671875,998.0338134765625,400.0,435.2464904785156,1530.7803955078125,897.08984375,1350.0,918.1528930664062
2013-07-17,1190.0,1190.0,1197.0,44.29999923706055,66.62325286865234,1349.737060546875,10.300000190734863,55.20774841308594,782.4014892578125,160.0,329.03875732421875,1579.71240234375,720.0,1336.0,1547.2281494140625,1350.0,1350.0,693.0,31.0,111.41549682617188,828.345458984375,64.30000305175781,120.0,828.9624633789062,-44.33199691772461,50.0,368.4179382324219,1106.8275146484375,1106.8275146484375,637.0,160.0,930.916015625,997.5841064453125,420.0,435.2464904785156,1530.768310546875,864.6500854492188,1350.0,917.9180908203125
2013-07-18,1190.0,1190.0,1197.0,41.099998474121094,66.62325286865234,1349.6807861328125,11.0,55.20774841308594,782.3040161132812,260.0,329.03875732421875,1579.5167236328125,660.0,1336.0,1546.795654296875,1350.0,1350.0,693.0,30.0,111.41549682617188,828.25048828125,51.79999923706055,120.0,828.8873291015625,2.5640029907226562,50.0,368.3894348144531,1109.0753173828125,1109.0753173828125,637.0,100.0,929.9559936523438,997.0999145507812,370.0,435.2464904785156,1530.716552734375,955.6385498046875,1350.0,917.7273559570312
2013-07-19,1190.0,1190.0,1197.0,41.099998474121094,66.62325286865234,1349.62451171875,5.199999809265137,55.20774841308594,782.19384765625,280.0,329.03875732421875,1579.3778076171875,630.0,1336.0,1546.343994140625,1350.0,1350.0,693.0,29.0,111.41549682617188,828.154296875,95.19999694824219,120.0,828.8599853515625,-12.463001251220703,50.0,368.3567199707031,1106.5718994140625,1106.5718994140625,637.0,150.0,937.31201171875,996.6297607421875,320.0,435.2464904785156,1530.6251220703125,897.08251953125,1350.0,917.5082397460938
2013-07-20,1190.0,1190.0,1197.0,41.099998474121094,66.62325286865234,1349.5682373046875,7.300000190734863,55.20774841308594,782.0882568359375,280.0,329.03875732421875,1579.2388916015625,650.0,1336.0,1545.905029296875,1350.0,1350.0,693.0,28.0,111.41549682617188,828.0570068359375,14.5,120.0,828.7437744140625,2.305999755859375,50.0,368.3282165527344,1109.7935791015625,1109.7935791015625,637.0,110.0,929.0689697265625,996.137451171875,450.0,435.2464904785156,1530.6368408203125,884.7678833007812,1350.0,917.2831420898438
2013-07-21,1190.0,1190.0,1197.0,39.79999923706055,66.62325286865234,1349.5091552734375,5.199999809265137,55.20774841308594,781.980224609375,260.0,329.03875732421875,1579.043212890625,640.0,1336.0,1545.459716796875,1350.0,1350.0,693.0,27.0,111.41549682617188,827.95849609375,19.0,120.0,828.6324462890625,-23.117000579833984,50.0,368.29254150390625,1105.46240234375,1105.46240234375,637.0,100.0,944.6849975585938,995.640625,350.0,435.2464904785156,1530.5692138671875,852.0647583007812,1350.0,917.0422973632812
2013-07-22,1190.0,1190.0,1197.0,36.20000076293945,66.62325286865234,1349.442138671875,7.300000190734863,55.20774841308594,781.8851928710938,280.0,329.03875732421875,1578.904296875,660.0,1336.0,1545.0272216796875,1350.0,1350.0,693.0,26.0,111.41549682617188,827.8588256835938,63.70000076293945,120.0,828.5704345703125,5.951999664306641,50.0,368.26513671875,1103.4442138671875,1103.4442138671875,637.0,240.0,1064.072021484375,995.159912109375,410.0,435.2464904785156,1530.5491943359375,784.5786743164062,1350.0,916.7687377929688
2013-07-23,1190.0,1190.0,1197.0,33.29999923706055,66.62325286865234,1349.36865234375,3.700000047683716,55.20774841308594,781.7830200195312,270.0,329.03875732421875,1578.7369384765625,640.0,1336.0,1544.581787109375,1350.0,1350.0,693.0,25.0,111.41549682617188,827.7579956054688,44.599998474121094,120.0,828.4873046875,56.520999908447266,50.0,368.2521057128906,1113.0213623046875,1113.0213623046875,637.0,220.0,1046.791015625,994.6677856445312,450.0,435.2464904785156,1530.5609130859375,779.8394775390625,1350.0,916.492919921875
2013-07-24,1190.0,1190.0,1197.0,29.700000762939453,66.62325286865234,1349.2872314453125,3.700000047683716,55.20774841308594,781.680908203125,280.0,329.03875732421875,1578.5980224609375,620.0,1336.0,1544.123779296875,1350.0,1350.0,693.0,24.0,111.41549682617188,827.656005859375,29.600000381469727,120.0,828.3876953125,-9.506000518798828,50.0,368.2203674316406,1106.7230224609375,1106.7230224609375,637.0,120.0,991.1329956054688,994.1442260742188,450.0,435.2464904785156,1530.5726318359375,914.0375366210938,1350.0,916.281982421875
2013-07-25,1190.0,1190.0,1197.0,29.600000381469727,66.62325286865234,1349.2056884765625,3.700000047683716,55.20774841308594,781.5787353515625,200.0,329.03875732421875,1578.232421875,670.0,1336.0,1543.6875,1350.0,1350.0,693.0,23.0,111.41549682617188,827.5528564453125,-27.200000762939453,120.0,828.2255249023438,-45.1140022277832,50.0,368.1785888671875,1110.5892333984375,1110.5892333984375,637.0,80.0,965.552978515625,993.6119384765625,420.0,435.2464904785156,1530.560546875,835.2465209960938,1350.0,916.032958984375
2013-07-26,1190.0,1190.0,1197.0,29.600000381469727,66.62325286865234,1349.1241455078125,2.200000047683716,55.20774841308594,781.4735717773438,260.0,329.03875732421875,1578.0367431640625,590.0,1336.0,1543.1943359375,1350.0,1350.0,693.0,22.0,111.41549682617188,827.4485473632812,12.100000381469727,120.0,828.1066284179688,-29.94499969482422,50.0,368.1411437988281,1106.49267578125,1106.49267578125,637.0,100.0,951.7470092773438,993.0999755859375,430.0,435.2464904785156,1530.556396484375,785.2465209960938,1350.0,915.7537841796875
2013-07-27,1190.0,1190.0,1197.0,28.200000762939453,66.62325286865234,1349.0394287109375,-1.2999999523162842,55.20774841308594,781.3615112304688,270.0,329.03875732421875,1577.8695068359375,580.0,1336.0,1542.6944580078125,1350.0,1350.0,693.0,21.0,111.41549682617188,827.343017578125,51.099998474121094,120.0,828.0307006835938,-44.40999984741211,50.0,368.0996398925781,1108.4959716796875,1108.4959716796875,637.0,50.0,966.4769897460938,992.5491333007812,400.0,435.2464904785156,1530.5283203125,765.2465209960938,1350.0,915.4638061523438
2013-07-28,1190.0,1190.0,1197.0,25.5,66.62325286865234,1348.94873046875,0.800000011920929,55.20774841308594,781.2536010742188,250.0,329.03875732421875,1577.6455078125,590.0,1336.0,1542.2012939453125,1350.0,1350.0,693.0,20.0,111.41549682617188,827.2363891601562,48.20000076293945,120.0,827.94873046875,1.6199989318847656,50.0,368.07122802734375,1108.578369140625,1108.578369140625,637.0,100.0,948.6179809570312,992.0390625,400.0,435.2464904785156,1530.5003662109375,876.4545288085938,1350.0,915.22900390625
2013-07-29,1190.0,1190.0,1197.0,27.399999618530273,66.62325286865234,1348.8623046875,4.5,55.20774841308594,781.1530151367188,250.0,329.03875732421875,1577.421630859375,570.0,1336.0,1541.69482421875,1350.0,1350.0,693.0,19.0,111.41549682617188,827.1285400390625,10.199999809265137,120.0,827.8206176757812,33.55800247192383,50.0,368.0518798828125,1105.6297607421875,1105.6297607421875,637.0,40.0,981.2160034179688,991.473388671875,440.0,435.2464904785156,1530.504150390625,787.6614990234375,1350.0,914.9501342773438
2013-07-30,1190.0,1190.0,1197.0,25.899999618530273,66.62325286865234,1348.7725830078125,4.5,55.20774841308594,781.0524291992188,260.0,329.03875732421875,1577.2259521484375,560.0,1336.0,1541.1817626953125,1350.0,1350.0,693.0,18.0,111.41549682617188,827.0195922851562,6.599999904632568,120.0,827.6882934570312,23.507999420166016,50.0,368.02972412109375,1111.6336669921875,1111.6336669921875,637.0,50.0,954.3079833984375,990.9276123046875,400.0,510.726318359375,1530.4163818359375,748.5401611328125,1350.0,914.6519165039062
2013-07-31,1190.0,1190.0,1197.0,25.299999237060547,66.62325286865234,1348.6815185546875,5.5,55.20774841308594,780.94873046875,250.0,329.03875732421875,1577.001953125,540.0,1336.0,1540.6553955078125,1350.0,1350.0,693.0,15.0,111.41549682617188,826.9012451171875,77.5,120.0,827.6387329101562,-36.61899948120117,50.0,367.9896545410156,1104.428955078125,1104.428955078125,637.0,50.0,960.47802734375,990.36328125,430.0,697.138427734375,1530.204345703125,796.45654296875,1350.0,914.3773803710938
2013-08-01,1161.0,1161.0,1197.0,31.100000381469727,67.41549682617188,1348.6014404296875,8.300000190734863,55.20774841308594,780.8453369140625,260.0,329.83099365234375,1576.82861328125,610.0,1297.0,1540.2012939453125,1350.0,1350.0,693.0,15.5,112.20774841308594,826.7813720703125,16.5,120.0,827.5179443359375,-53.415000915527344,50.0,367.9436950683594,1072.0003662109375,1072.0003662109375,637.0,110.0,928.60400390625,989.8602294921875,390.0,697.8347778320312,1529.960205078125,971.5635986328125,1350.0,914.1897583007812
2013-08-02,1161.0,1161.0,1197.0,27.5,67.41549682617188,1348.5135498046875,7.300000190734863,55.20774841308594,780.73974609375,260.0,329.83099365234375,1576.655517578125,640.0,1297.0,1539.7587890625,1350.0,1350.0,693.0,21.399999618530273,112.20774841308594,826.6688232421875,18.600000381469727,120.0,827.399658203125,-25.808998107910156,50.0,367.90631103515625,1064.3614501953125,1064.3614501953125,637.0,110.0,904.9299926757812,989.3824462890625,440.0,697.4178466796875,1529.7559814453125,1135.3514404296875,1350.0,914.0833129882812
2013-08-03,1161.0,1161.0,1197.0,26.0,67.41549682617188,1348.4222412109375,3.9000000953674316,55.20774841308594,780.6266479492188,260.0,329.83099365234375,1576.4822998046875,590.0,1297.0,1539.2752685546875,1350.0,1350.0,693.0,18.299999237060547,112.20774841308594,826.5523681640625,54.0,120.0,827.3226318359375,35.82400131225586,50.0,367.8880615234375,1067.8958740234375,1067.8958740234375,637.0,60.0,924.5,988.8585815429688,420.0,597.0703735351562,1529.615478515625,1020.1790771484375,1350.0,913.9197387695312
2013-08-04,1161.0,1161.0,1197.0,23.899999618530273,67.41549682617188,1348.3262939453125,6.0,55.20774841308594,780.5181884765625,250.0,329.83099365234375,1576.284423828125,500.0,1297.0,1538.7301025390625,1350.0,1350.0,693.0,15.100000381469727,112.20774841308594,826.4320068359375,34.5,120.0,827.222900390625,9.589000701904297,50.0,367.8617248535156,1066.08251953125,1066.08251953125,637.0,40.0,926.6010131835938,988.3090209960938,430.0,620.1331176757812,1529.464599609375,970.4896240234375,1350.0,913.7315673828125
2013-08-05,1161.0,1161.0,1197.0,27.5,67.41549682617188,1348.2384033203125,2.4000000953674316,55.20774841308594,780.40185546875,250.0,329.83099365234375,1576.08642578125,590.0,1297.0,1538.24658203125,1350.0,1350.0,693.0,19.299999237060547,112.20774841308594,826.3168334960938,43.70000076293945,120.0,827.1338500976562,1.4890022277832031,50.0,367.8328857421875,1067.1204833984375,1067.1204833984375,637.0,90.0,936.4400024414062,987.7843627929688,420.0,633.6712036132812,1529.2950439453125,879.8790893554688,1350.0,913.4984741210938
2013-08-06,1161.0,1161.0,1197.0,24.600000381469727,67.41549682617188,1348.14404296875,2.200000047683716,55.20774841308594,780.2850341796875,240.0,329.83099365234375,1575.84423828125,580.0,1297.0,1537.7562255859375,1350.0,1350.0,693.0,10.899999618530273,112.20774841308594,826.1912231445312,8.5,120.0,827.0037841796875,2.7210006713867188,50.0,367.8044738769531,1067.558837890625,1067.558837890625,637.0,30.0,926.6840209960938,987.2285766601562,390.0,646.4879760742188,1529.091552734375,988.8178100585938,1350.0,913.3193359375
2013-08-07,1161.0,1161.0,1197.0,19.0,67.41549682617188,1348.037353515625,5.0,55.20774841308594,780.1743774414062,250.0,329.83099365234375,1575.6180419921875,550.0,1297.0,1537.2452392578125,1350.0,1350.0,693.0,8.399999618530273,112.20774841308594,826.0625610351562,0.30000001192092896,120.0,826.8641357421875,7.219997406005859,50.0,367.7774658203125,1065.9512939453125,1065.9512939453125,637.0,50.0,934.7850341796875,986.68017578125,410.0,641.6858520507812,1528.90771484375,935.7988891601562,1350.0,913.1139526367188
2013-08-08,1161.0,1161.0,1197.0,30.299999237060547,67.41549682617188,1347.9599609375,12.5,55.20774841308594,780.0802612304688,250.0,329.83099365234375,1575.391845703125,560.0,1297.0,1536.7412109375,1350.0,1350.0,693.0,19.5,112.20774841308594,825.9476318359375,6.900000095367432,120.0,826.732177734375,-31.481002807617188,50.0,367.7384948730469,1067.526611328125,1067.526611328125,637.0,60.0,941.5339965820312,986.1337280273438,400.0,642.2698364257812,1528.715576171875,940.74267578125,1350.0,912.9110107421875
2013-08-09,1161.0,1161.0,1197.0,44.79999923706055,67.41549682617188,1347.9151611328125,11.0,55.20774841308594,779.9845581054688,300.0,329.83099365234375,1575.307373046875,600.0,1297.0,1536.2645263671875,1350.0,1350.0,693.0,20.399999618530273,112.20774841308594,825.8338012695312,49.900001525878906,120.0,826.650390625,12.551998138427734,50.0,367.7132263183594,1068.981201171875,1068.981201171875,637.0,70.0,905.427001953125,985.6159057617188,480.0,724.385498046875,1528.5216064453125,966.061767578125,1350.0,912.7206420898438
2013-08-10,1161.0,1161.0,1197.0,33.79999923706055,67.41549682617188,1347.848388671875,8.300000190734863,55.20774841308594,779.8914794921875,290.0,329.83099365234375,1575.1944580078125,690.0,1297.0,1535.849365234375,1350.0,1350.0,693.0,9.100000381469727,112.20774841308594,825.7059936523438,12.600000381469727,120.0,826.5250244140625,41.21799850463867,50.0,367.6968688964844,1063.36376953125,1063.36376953125,637.0,70.0,932.9859619140625,985.0809936523438,490.0,725.6819458007812,1528.334716796875,971.443359375,1350.0,912.532958984375
2013-08-11,1161.0,1161.0,1197.0,30.5,67.41549682617188,1347.7752685546875,9.100000381469727,55.20774841308594,779.800048828125,330.0,329.83099365234375,1575.1949462890625,690.0,1297.0,1535.4342041015625,1350.0,1350.0,693.0,17.700000762939453,112.20774841308594,825.5888671875,36.70000076293945,120.0,826.4278564453125,-17.08300018310547,50.0,367.6624450683594,1069.6199951171875,1069.6199951171875,637.0,70.0,942.1430053710938,984.5404052734375,450.0,680.398681640625,1528.15185546875,1087.28271484375,1350.0,912.4026489257812
2013-08-12,1161.0,1161.0,1197.0,29.200000762939453,67.41549682617188,1347.699462890625,6.400000095367432,55.20774841308594,779.7032470703125,250.0,329.83099365234375,1574.96875,570.0,1297.0,1534.9368896484375,1350.0,1350.0,693.0,16.399999618530273,112.20774841308594,825.4700927734375,-2.200000047683716,120.0,826.2852783203125,-21.083999633789062,50.0,367.6268310546875,1065.216064453125,1065.216064453125,637.0,30.0,933.5230102539062,983.979736328125,460.0,644.9660034179688,1528.005126953125,1066.13427734375,1350.0,912.2619018554688
2013-08-13,1161.0,1161.0,1197.0,25.899999618530273,67.41549682617188,1347.6170654296875,7.099999904632568,55.20774841308594,779.6077880859375,250.0,329.83099365234375,1574.7425537109375,590.0,1297.0,1534.453369140625,1350.0,1350.0,693.0,9.600000381469727,112.20774841308594,825.3428955078125,62.099998474121094,120.0,826.2177124023438,7.148998260498047,50.0,367.5999755859375,1068.1951904296875,1068.1951904296875,637.0,70.0,939.4769897460938,983.4234619140625,400.0,575.8570556640625,1527.8656005859375,973.9826049804688,1350.0,912.075439453125
2013-08-14,1161.0,1161.0,1197.0,24.200000762939453,67.41549682617188,1347.5313720703125,3.5999999046325684,55.20774841308594,779.5054321289062,240.0,329.83099365234375,1574.488037109375,590.0,1297.0,1533.96875,1350.0,1350.0,693.0,2.9000000953674316,112.20774841308594,825.2073974609375,-27.299999237060547,120.0,826.0458984375,-20.951995849609375,50.0,367.5644836425781,1065.0189208984375,1065.0189208984375,637.0,70.0,955.656005859375,982.8567504882812,410.0,617.006103515625,1527.701416015625,817.47607421875,1350.0,911.8114013671875
2013-08-15,1161.0,1161.0,1197.0,22.0,67.41549682617188,1347.4412841796875,5.0,55.20774841308594,779.4058837890625,230.0,329.83099365234375,1574.2052001953125,580.0,1297.0,1533.4608154296875,1350.0,1350.0,693.0,6.199999809265137,112.20774841308594,825.0759887695312,43.20000076293945,120.0,825.9562377929688,16.946998596191406,50.0,367.5407409667969,1069.3057861328125,1069.3057861328125,637.0,40.0,945.9970092773438,982.277099609375,410.0,687.39501953125,1527.4813232421875,910.264404296875,1350.0,911.5933227539062
2013-08-16,1161.0,1161.0,1197.0,23.700000762939453,67.41549682617188,1347.3546142578125,7.199999809265137,55.20774841308594,779.3106689453125,240.0,329.83099365234375,1573.9505615234375,590.0,1297.0,1532.9599609375,1350.0,1350.0,693.0,-1.100000023841858,112.20774841308594,824.9354858398438,41.599998474121094,120.0,825.8648071289062,-7.153999328613281,50.0,367.5095520019531,1064.21044921875,1064.21044921875,637.0,70.0,959.0980224609375,981.7173461914062,420.0,688.9931030273438,1527.267822265625,1053.0172119140625,1350.0,911.446044921875
2013-08-17,1161.0,1161.0,1197.0,21.799999237060547,67.41549682617188,1347.2640380859375,4.199999809265137,55.20774841308594,779.20947265625,230.0,329.83099365234375,1573.667724609375,560.0,1297.0,1532.43798828125,1350.0,1350.0,693.0,-0.800000011920929,112.20774841308594,824.79541015625,-17.700000762939453,120.0,825.7041015625,-7.154998779296875,50.0,367.4784240722656,1068.459716796875,1068.459716796875,637.0,0.0,976.85302734375,981.11181640625,400.0,612.2955322265625,1527.0994873046875,1087.99072265625,1350.0,911.316162109375
2013-08-18,1161.0,1161.0,1197.0,22.5,67.41549682617188,1347.175048828125,4.599999904632568,55.20774841308594,779.1090698242188,290.0,329.83099365234375,1573.554931640625,560.0,1297.0,1531.918701171875,1350.0,1350.0,693.0,0.20000000298023224,112.20774841308594,824.6565551757812,35.70000076293945,120.0,825.6057739257812,-6.822002410888672,50.0,367.4474182128906,1067.816162109375,1067.816162109375,637.0,100.0,939.8389892578125,980.578125,390.0,567.9099731445312,1526.95654296875,1051.71435546875,1350.0,911.168212890625
2013-08-19,1161.0,1161.0,1197.0,17.5,67.41549682617188,1347.0760498046875,3.200000047683716,55.20774841308594,779.0059204101562,230.0,329.83099365234375,1573.27197265625,520.0,1297.0,1531.3873291015625,1350.0,1350.0,693.0,-4.800000190734863,112.20774841308594,824.511474609375,42.29999923706055,120.0,825.51513671875,-35.95699691772461,50.0,367.40740966796875,1063.9287109375,1063.9287109375,637.0,-40.0,981.0399780273438,979.9223022460938,400.0,578.6192626953125,1526.8089599609375,1078.5196533203125,1350.0,911.0336303710938
2013-08-20,1161.0,1161.0,1197.0,19.399999618530273,67.41549682617188,1346.9786376953125,1.2000000476837158,55.20774841308594,778.8875732421875,210.0,329.83099365234375,1572.9324951171875,570.0,1297.0,1530.8861083984375,1350.0,1350.0,693.0,-6.0,112.20774841308594,824.364990234375,-23.600000381469727,120.0,825.3475952148438,-68.02499389648438,50.0,367.3575134277344,1071.3631591796875,1071.3631591796875,637.0,70.0,952.22900390625,979.3389892578125,400.0,568.8307495117188,1526.66943359375,880.32177734375,1350.0,910.8007202148438
2013-08-21,1161.0,1161.0,1197.0,18.799999237060547,67.41549682617188,1346.8714599609375,5.800000190734863,55.20774841308594,778.7786865234375,240.0,329.83099365234375,1572.677978515625,510.0,1297.0,1530.32861328125,1350.0,1350.0,693.0,5.5,112.20774841308594,824.232666015625,14.0,120.0,825.223876953125,17.20800018310547,50.0,367.3340759277344,1063.030517578125,1063.030517578125,637.0,20.0,954.0469970703125,978.73046875,390.0,629.5023803710938,1526.471435546875,899.757080078125,1350.0,910.5774536132812
2013-08-22,1161.0,1161.0,1197.0,23.799999237060547,67.41549682617188,1346.775390625,9.899999618530273,55.20774841308594,778.6788330078125,290.0,329.83099365234375,1572.5650634765625,540.0,1297.0,1529.78466796875,1350.0,1350.0,693.0,22.5,112.20774841308594,824.1214599609375,48.5,120.0,825.1405029296875,13.141002655029297,50.0,367.30938720703125,1070.0601806640625,1070.0601806640625,637.0,80.0,962.06201171875,978.1660766601562,380.0,638.720947265625,1526.2576904296875,1001.7651977539062,1350.0,910.40478515625
2013-08-23,1161.0,1161.0,1197.0,20.799999237060547,67.41549682617188,1346.672607421875,10.5,55.20774841308594,778.580322265625,240.0,329.83099365234375,1572.310546875,540.0,1297.0,1529.2286376953125,1350.0,1350.0,693.0,47.599998474121094,112.20774841308594,824.0413818359375,39.20000076293945,120.0,825.0462036132812,31.005998611450195,50.0,367.290283203125,1064.62255859375,1064.62255859375,637.0,0.0,956.2020263671875,977.5542602539062,380.0,607.6669311523438,1526.0694580078125,1004.7517700195312,1350.0,910.2335815429688
2013-08-24,1161.0,1161.0,1197.0,27.399999618530273,67.41549682617188,1346.58447265625,7.900000095367432,55.20774841308594,778.4760131835938,300.0,329.83099365234375,1572.2259521484375,570.0,1297.0,1528.7054443359375,1350.0,1350.0,693.0,42.79999923706055,112.20774841308594,823.955322265625,59.099998474121094,120.0,824.9751586914062,-10.394996643066406,50.0,367.25836181640625,1068.6201171875,1068.6201171875,637.0,70.0,964.7360229492188,976.981201171875,370.0,584.8983764648438,1525.896240234375,956.7316284179688,1350.0,910.03857421875
2013-08-25,1161.0,1161.0,1197.0,46.099998474121094,67.41549682617188,1346.5374755859375,15.399999618530273,55.20774841308594,778.3883056640625,360.0,329.83099365234375,1572.3115234375,600.0,1297.0,1528.211669921875,1350.0,1350.0,693.0,47.400001525878906,112.20774841308594,823.875,78.4000015258789,120.0,824.9266357421875,31.272001266479492,50.0,367.2393798828125,1067.0313720703125,1067.0313720703125,637.0,30.0,939.0,976.3801879882812,470.0,698.1211547851562,1525.7152099609375,1181.0498046875,1350.0,909.9536743164062
2013-08-26,1161.0,1161.0,1197.0,44.70000076293945,67.41549682617188,1346.4874267578125,8.699999809265137,55.20774841308594,778.2858276367188,300.0,329.83099365234375,1572.2269287109375,560.0,1297.0,1527.689697265625,1350.0,1350.0,693.0,41.5,112.20774841308594,823.787353515625,41.79999923706055,120.0,824.8353881835938,-19.62900161743164,50.0,367.20465087890625,1066.9166259765625,1066.9166259765625,637.0,70.0,939.9749755859375,975.8049926757812,420.0,568.9400024414062,1525.5970458984375,1180.1622314453125,1350.0,909.8672485351562
2013-08-27,1161.0,1161.0,1197.0,24.0,67.41549682617188,1346.3917236328125,9.399999618530273,55.20774841308594,778.1848754882812,270.0,329.83099365234375,1572.057373046875,570.0,1297.0,1527.1746826171875,1350.0,1350.0,693.0,18.0,112.20774841308594,823.6705322265625,-8.600000381469727,120.0,824.685302734375,27.102998733520508,50.0,367.1844482421875,1066.337646484375,1066.337646484375,637.0,0.0,952.8930053710938,975.1749877929688,320.0,439.5723876953125,1525.502197265625,1044.755859375,1350.0,909.7120361328125
2013-08-28,1161.0,1161.0,1197.0,23.399999618530273,67.41549682617188,1346.294677734375,9.5,55.20774841308594,778.0841064453125,270.0,329.83099365234375,1571.887939453125,550.0,1297.0,1526.63232421875,1350.0,1350.0,693.0,13.800000190734863,112.20774841308594,823.548583984375,54.20000076293945,120.0,824.6085815429688,27.136001586914062,50.0,367.16424560546875,1067.88671875,1067.88671875,637.0,20.0,947.6320190429688,974.5617065429688,380.0,539.3471069335938,1525.375732421875,832.1253051757812,1350.0,909.4486694335938
2013-08-29,1161.0,1161.0,1197.0,27.200000762939453,67.41549682617188,1346.2060546875,9.5,55.20774841308594,777.9813232421875,260.0,329.83099365234375,1571.6900634765625,550.0,1297.0,1526.0836181640625,1350.0,1350.0,693.0,17.5,112.20774841308594,823.43115234375,22.799999237060547,120.0,824.4951171875,17.73499870300293,50.0,367.14117431640625,1066.19873046875,1066.19873046875,637.0,50.0,947.906005859375,973.968017578125,320.0,574.0234375,1525.1741943359375,978.919189453125,1350.0,909.2599487304688
2013-08-30,1161.0,1161.0,1197.0,20.799999237060547,67.41549682617188,1346.1033935546875,7.699999809265137,55.20774841308594,777.863525390625,310.0,329.83099365234375,1571.6337890625,530.0,1297.0,1525.5201416015625,1350.0,1350.0,693.0,9.399999618530273,112.20774841308594,823.3037109375,15.0,120.0,824.3726196289062,13.668001174926758,50.0,367.11688232421875,1067.391845703125,1067.391845703125,637.0,70.0,953.4869995117188,973.3839111328125,370.0,604.474365234375,1524.9876708984375,896.7793579101562,1350.0,909.0294189453125
2013-08-31,1161.0,1161.0,1197.0,20.799999237060547,67.41549682617188,1346.0006103515625,3.200000047683716,55.20774841308594,777.7345581054688,250.0,329.83099365234375,1571.4075927734375,480.0,1297.0,1524.919921875,1350.0,1350.0,693.0,5.800000190734863,112.20774841308594,823.1718139648438,-2.0999999046325684,120.0,824.2301635742188,21.801000595092773,50.0,367.0950927734375,1066.7120361328125,1066.7120361328125,637.0,30.0,952.447998046875,972.7739868164062,300.0,557.951904296875,1524.7745361328125,921.1950073242188,1350.0,908.8113403320312
2013-09-01,1595.0,1595.0,1197.0,18.899999618530273,64.41549682617188,1345.9002685546875,3.200000047683716,54.20774841308594,777.6080932617188,290.0,324.6232604980469,1571.3095703125,500.0,1691.0,1524.0450439453125,1350.0,1350.0,693.0,7.0,110.20774841308594,823.0438842773438,49.29999923706055,217.41549682617188,824.0340576171875,-64.97599792480469,50.0,367.0504455566406,1636.79052734375,1636.79052734375,637.0,30.0,1492.2530517578125,971.8072509765625,360.0,617.6000366210938,1524.5616455078125,892.5645141601562,1350.0,908.5786743164062
2013-09-02,1595.0,1595.0,1197.0,14.399999618530273,64.41549682617188,1345.7900390625,4.400000095367432,54.20774841308594,777.484619140625,280.0,324.6232604980469,1571.18310546875,520.0,1691.0,1523.184814453125,1350.0,1350.0,693.0,-1.2999999523162842,110.20774841308594,822.8993530273438,47.79999923706055,217.41549682617188,823.8361206054688,-16.868999481201172,50.0,367.020751953125,1687.8123779296875,1687.8123779296875,637.0,80.0,1580.3480224609375,970.8088989257812,360.0,628.2072143554688,1524.3399658203125,966.9152221679688,1350.0,908.3838500976562
2013-09-03,1595.0,1595.0,1197.0,7.699999809265137,64.41549682617188,1345.6650390625,3.4000000953674316,54.20774841308594,777.358642578125,230.0,324.6232604980469,1570.9149169921875,600.0,1691.0,1522.38330078125,1350.0,1350.0,693.0,3.799999952316284,110.20774841308594,822.7586059570312,-8.399999618530273,217.41549682617188,823.5726318359375,-12.339000701904297,50.0,366.9919738769531,1649.39208984375,1649.39208984375,637.0,10.0,1520.3270263671875,969.7833862304688,310.0,554.2972412109375,1524.1380615234375,872.6185302734375,1350.0,908.1410522460938
2013-09-04,1595.0,1595.0,1197.0,-5.300000190734863,64.41549682617188,1345.511474609375,2.9000000953674316,54.20774841308594,777.2314453125,220.0,324.6232604980469,1570.6185302734375,520.0,1691.0,1521.5230712890625,1350.0,1350.0,693.0,16.700000762939453,110.20774841308594,822.635009765625,39.400001525878906,217.41549682617188,823.364990234375,-0.7859992980957031,50.0,366.96563720703125,1682.0272216796875,1682.0272216796875,637.0,0.0,1498.466064453125,968.7855224609375,340.0,610.6990966796875,1523.914306640625,904.3092041015625,1350.0,907.9144287109375
2013-09-05,1595.0,1595.0,1197.0,22.5,549.5147094726562,1344.3499755859375,12.699999809265137,54.20774841308594,777.1285400390625,240.0,324.6232604980469,1570.3787841796875,670.0,1691.0,1520.7642822265625,1350.0,1350.0,693.0,69.19999694824219,110.20774841308594,822.5807495117188,76.30000305175781,217.41549682617188,823.2003173828125,60.06100082397461,50.0,366.95941162109375,1657.2890625,1657.2890625,637.0,120.0,1387.47900390625,967.9185791015625,340.0,608.7152709960938,1523.6922607421875,1078.796875,1350.0,907.7764892578125
2013-09-06,1595.0,1595.0,1197.0,54.0,575.8235473632812,1343.199951171875,16.299999237060547,54.20774841308594,777.0345458984375,360.0,324.6232604980469,1570.47900390625,800.0,1691.0,1520.0845947265625,1350.0,1350.0,693.0,100.5,110.20774841308594,822.5679321289062,125.0,217.41549682617188,823.0924682617188,113.71399688720703,50.0,366.970947265625,1684.193359375,1684.193359375,637.0,320.0,1189.97607421875,967.3235473632812,400.0,602.5214233398438,1523.52490234375,1080.3739013671875,1350.0,907.6393432617188
2013-09-07,1595.0,1595.0,1197.0,18.200000762939453,539.9682006835938,1342.050048828125,7.199999809265137,54.20774841308594,776.9271240234375,260.0,324.6232604980469,1570.2958984375,640.0,1691.0,1519.309326171875,1350.0,1350.0,693.0,43.400001525878906,110.20774841308594,822.4795532226562,119.0,217.41549682617188,822.9776611328125,2.8669986724853516,50.0,366.94586181640625,1639.1153564453125,1639.1153564453125,637.0,90.0,1390.97802734375,966.41357421875,370.0,547.100830078125,1523.3785400390625,891.4848022460938,1350.0,907.4061279296875
2013-09-08,1595.0,1595.0,1197.0,-0.10000000149011612,530.8074340820312,1340.8800048828125,5.199999809265137,54.20774841308594,776.819091796875,230.0,324.6232604980469,1570.0277099609375,540.0,1691.0,1518.4432373046875,1350.0,1350.0,693.0,23.899999618530273,110.20774841308594,822.365478515625,27.0,217.41549682617188,822.7554931640625,-33.40299987792969,50.0,366.9087829589844,1688.32421875,1688.32421875,637.0,20.0,1426.3699951171875,965.4373779296875,300.0,538.417236328125,1523.1815185546875,764.94921875,1350.0,907.1085815429688
2013-09-09,1595.0,1595.0,1197.0,-15.399999618530273,533.6197509765625,1339.6700439453125,7.199999809265137,54.20774841308594,776.7155151367188,180.0,324.6232604980469,1569.5543212890625,590.0,1691.0,1517.603271484375,1350.0,1350.0,693.0,11.199999809265137,110.20774841308594,822.2345581054688,0.10000000149011612,217.41549682617188,822.501953125,-0.8730010986328125,50.0,366.8824768066406,1641.4713134765625,1641.4713134765625,637.0,40.0,1514.1190185546875,964.4087524414062,360.0,668.8798828125,1522.92626953125,813.0499267578125,1350.0,906.8355102539062
2013-09-10,1595.0,1595.0,1197.0,-11.300000190734863,478.2500305175781,1338.5400390625,3.9000000953674316,54.20774841308594,776.6046142578125,230.0,324.6232604980469,1569.241455078125,630.0,1691.0,1516.7938232421875,1350.0,1350.0,693.0,-2.700000047683716,110.20774841308594,822.085205078125,85.5999984741211,644.3925170898438,821.8499755859375,40.781002044677734,50.0,366.8699645996094,1690.2166748046875,1690.2166748046875,637.0,70.0,1471.1619873046875,963.4161987304688,350.0,667.2677612304688,1522.6640625,862.1244506835938,1350.0,906.58740234375
2013-09-11,1595.0,1595.0,1197.0,-20.5,501.34820556640625,1337.3299560546875,2.5,54.20774841308594,776.4906616210938,230.0,324.6232604980469,1568.9388427734375,560.0,1691.0,1515.9310302734375,1350.0,1350.0,693.0,-4.300000190734863,110.20774841308594,821.933837890625,-4.199999809265137,715.720703125,821.010009765625,48.81100082397461,50.0,366.860107421875,1643.730224609375,1643.730224609375,637.0,0.0,1481.530029296875,962.36669921875,350.0,652.00634765625,1522.4144287109375,900.1917114257812,1350.0,906.358642578125
2013-09-12,1595.0,1595.0,1197.0,4.099999904632568,525.8681640625,1336.1800537109375,0.0,54.20774841308594,776.3712158203125,210.0,324.6232604980469,1568.614013671875,600.0,1691.0,1515.0987548828125,1350.0,1350.0,693.0,-2.5,110.20774841308594,821.7847900390625,24.0,718.2261962890625,820.1500244140625,-32.55900192260742,50.0,366.8233947753906,1685.6015625,1685.6015625,637.0,30.0,1489.156982421875,961.3330688476562,290.0,572.0029296875,1522.181396484375,869.2012939453125,1350.0,906.1141357421875
2013-09-13,1595.0,1595.0,1197.0,-22.5,503.3547058105469,1334.9100341796875,3.4000000953674316,54.20774841308594,776.2592163085938,240.0,324.6232604980469,1568.374267578125,540.0,1691.0,1514.1895751953125,1350.0,1350.0,693.0,15.699999809265137,110.20774841308594,821.6597900390625,65.0,785.9884643554688,819.2999877929688,-0.7059993743896484,50.0,366.7972106933594,1648.536376953125,1648.536376953125,637.0,20.0,1486.56005859375,960.294189453125,350.0,636.1241455078125,1521.9449462890625,887.3361206054688,1350.0,905.8787841796875
2013-09-14,1595.0,1595.0,1197.0,-8.600000381469727,513.2359008789062,1333.72998046875,7.099999904632568,54.20774841308594,776.1553955078125,270.0,324.6232604980469,1568.219482421875,570.0,1691.0,1513.3001708984375,1350.0,1350.0,693.0,16.200000762939453,110.20774841308594,821.5355224609375,-8.300000190734863,708.6204223632812,818.4299926757812,12.747001647949219,50.0,366.7755126953125,1681.30908203125,1681.30908203125,637.0,10.0,1493.7559814453125,959.215087890625,340.0,620.86767578125,1521.7127685546875,869.4237670898438,1350.0,905.6343994140625
2013-09-15,1595.0,1595.0,1197.0,-10.0,511.3004455566406,1332.5,7.199999809265137,54.20774841308594,776.0518188476562,220.0,324.6232604980469,1567.923095703125,570.0,1691.0,1512.433349609375,2700.0,2700.0,693.0,8.399999618530273,110.20774841308594,821.40087890625,46.400001525878906,748.196044921875,817.5599975585938,-28.345998764038086,50.0,366.740234375,1653.5413818359375,1653.5413818359375,637.0,30.0,1468.64404296875,958.1582641601562,330.0,615.6148681640625,1521.4766845703125,926.8079223632812,2700.0,904.7255249023438
2013-09-16,1595.0,1595.0,1197.0,4.5,529.8377075195312,1331.260009765625,10.899999618530273,54.20774841308594,775.950927734375,230.0,324.6232604980469,1567.6549072265625,520.0,1691.0,1511.521728515625,3744.9775390625,3744.9775390625,693.0,29.700000762939453,110.20774841308594,821.29443359375,51.29999923706055,761.1705932617188,816.6799926757812,10.084001541137695,50.0,366.7176818847656,1708.0594482421875,1708.0594482421875,637.0,40.0,902.2739868164062,957.5247802734375,320.0,429.83099365234375,1521.385986328125,885.0328369140625,3744.9775390625,903.2327270507812
2013-09-17,1595.0,1595.0,1197.0,-12.899999618530273,507.4157409667969,1329.969970703125,23.399999618530273,54.20774841308594,775.8745727539062,240.0,324.6232604980469,1567.4151611328125,570.0,1691.0,1510.63232421875,3750.221923828125,3750.221923828125,693.0,82.9000015258789,100.0,821.2717895507812,70.69999694824219,778.0565185546875,815.7899780273438,157.0540008544922,50.0,366.7437438964844,1613.1917724609375,1613.1917724609375,637.0,65.0,1174.9949951171875,956.7093505859375,440.0,429.83099365234375,1521.3944091796875,890.2772216796875,3750.221923828125,901.7399291992188
2013-09-18,1595.0,1595.0,1197.0,-25.899999618530273,496.9267272949219,1328.7099609375,19.899999618530273,54.20774841308594,775.7894897460938,180.0,324.6232604980469,1567.00537109375,640.0,1691.0,1509.7984619140625,3681.3095703125,3681.3095703125,693.0,100.5999984741211,800.2520141601562,820.2999877929688,61.70000076293945,739.7678833007812,814.9000244140625,22.006999969482422,50.0,366.7251281738281,1699.2803955078125,1699.2803955078125,637.0,90.0,1435.4439697265625,955.7210083007812,370.0,429.83099365234375,1521.344970703125,821.3648681640625,3681.3095703125,900.2471313476562
2013-09-19,1595.0,1595.0,1197.0,-3.700000047683716,520.1114501953125,1327.5,15.0,54.20774841308594,775.6922607421875,220.0,324.6232604980469,1566.7088623046875,580.0,1691.0,1508.91357421875,3683.837646484375,3683.837646484375,693.0,68.9000015258789,605.3402099609375,819.5399780273438,20.899999618530273,754.4895629882812,813.989990234375,61.6609992980957,50.0,366.7196350097656,1636.1812744140625,1636.1812744140625,637.0,30.0,1434.3260498046875,954.6773681640625,340.0,429.83099365234375,1521.2706298828125,823.8927612304688,3683.837646484375,898.7477416992188
2013-09-20,1595.0,1595.0,1197.0,-2.4000000953674316,521.9530029296875,1326.199951171875,29.799999237060547,54.20774841308594,775.6317749023438,230.0,324.6232604980469,1566.4407958984375,530.0,1691.0,1507.955810546875,3649.18798828125,3649.18798828125,693.0,44.900001525878906,581.297119140625,818.780029296875,89.69999694824219,777.8671875,813.0800170898438,139.3610076904297,50.0,366.7398376464844,1696.23095703125,1696.23095703125,637.0,0.0,1366.6290283203125,953.6483764648438,370.0,429.83099365234375,1521.22119140625,789.2432250976562,3649.18798828125,897.214599609375
2013-09-21,1595.0,1595.0,1197.0,28.100000381469727,548.3665161132812,1324.9100341796875,54.79999923706055,54.20774841308594,775.6332397460938,250.0,324.6232604980469,1566.2293701171875,690.0,1691.0,1507.1617431640625,3667.557373046875,3667.557373046875,693.0,65.19999694824219,601.6401977539062,818.02001953125,64.5999984741211,802.7345581054688,812.1599731445312,85.18399810791016,50.0,366.7420959472656,1638.700439453125,1638.700439453125,637.0,50.0,1369.779052734375,952.6664428710938,390.0,429.83099365234375,1521.1883544921875,807.6126098632812,3667.557373046875,895.6814575195312
2013-09-22,1595.0,1595.0,1197.0,57.400001525878906,579.7097778320312,1323.56005859375,44.099998474121094,54.20774841308594,775.608154296875,280.0,324.6232604980469,1566.1029052734375,780.0,1691.0,1506.41552734375,3722.19775390625,3722.19775390625,693.0,56.599998474121094,593.0402221679688,817.260009765625,68.5,779.8722534179688,811.22998046875,53.48400115966797,50.0,366.73388671875,1692.512451171875,1692.512451171875,637.0,210.0,1330.570068359375,951.8115844726562,380.0,429.83099365234375,1521.1470947265625,862.2530517578125,3722.19775390625,894.1246337890625
2013-09-23,1595.0,1595.0,1197.0,69.0999984741211,593.4776611328125,1322.18994140625,50.400001525878906,54.20774841308594,775.5987548828125,290.0,324.6232604980469,1566.0047607421875,800.0,1691.0,1505.67919921875,3880.19580078125,3880.19580078125,693.0,112.4000015258789,655.9054565429688,816.489990234375,161.39999389648438,872.27685546875,810.2899780273438,67.93699645996094,50.0,366.73046875,1644.168212890625,1644.168212890625,637.0,360.0,1292.08203125,951.1005249023438,420.0,429.83099365234375,1521.1390380859375,1020.2510986328125,3880.19580078125,892.5489501953125
2013-09-24,1595.0,1595.0,1197.0,137.10000610351562,661.40380859375,1320.8900146484375,73.9000015258789,54.20774841308594,775.6475830078125,350.0,324.6232604980469,1566.07666015625,1090.0,1691.0,1505.1824951171875,3930.960693359375,3930.960693359375,693.0,279.3999938964844,815.307861328125,815.7100219726562,204.6999969482422,930.6704711914062,809.3300170898438,167.10699462890625,50.0,366.75982666015625,1694.070068359375,1694.070068359375,637.0,970.0,1136.988037109375,950.9721069335938,530.0,429.83099365234375,1521.2218017578125,1071.0157470703125,3930.960693359375,890.9732055664062
2013-09-25,1595.0,1595.0,1197.0,238.60000610351562,759.9004516601562,1319.5400390625,102.69999694824219,54.20774841308594,775.7677612304688,440.0,324.6232604980469,1566.403564453125,1080.0,1691.0,1504.677490234375,4280.3896484375,4280.3896484375,693.0,556.7000122070312,1094.146484375,814.8900146484375,513.7000122070312,1207.953857421875,808.3699951171875,128.25399780273438,50.0,366.77630615234375,1650.982666015625,1650.982666015625,637.0,1010.0,964.1010131835938,951.0081787109375,770.0,429.83099365234375,1521.5029296875,1420.4447021484375,4280.3896484375,889.3802490234375
2013-09-26,1595.0,1595.0,1197.0,120.5,641.8004760742188,1318.1800537109375,60.70000076293945,54.20774841308594,775.7838745117188,320.0,324.6232604980469,1566.3905029296875,840.0,1691.0,1503.9742431640625,3909.761474609375,3909.761474609375,693.0,391.6000061035156,929.0464477539062,814.0700073242188,302.3999938964844,1024.8563232421875,807.3900146484375,35.707000732421875,50.0,366.76220703125,1669.1622314453125,1669.1622314453125,637.0,500.0,1142.0789794921875,950.4990844726562,540.0,429.83099365234375,1521.593994140625,1049.816650390625,3909.761474609375,887.759521484375
2013-09-27,1595.0,1595.0,1197.0,187.39999389648438,709.734375,1316.760009765625,38.900001525878906,54.20774841308594,775.7459106445312,320.0,324.6232604980469,1566.37744140625,1500.0,1691.0,1503.81640625,3868.58740234375,3868.58740234375,693.0,255.89999389648438,832.6698608398438,813.1900024414062,235.10000610351562,953.5313720703125,806.4000244140625,184.63099670410156,50.0,366.7973327636719,1661.385498046875,1661.385498046875,637.0,410.0,1173.885009765625,949.8971557617188,530.0,429.83099365234375,1521.6767578125,1008.642578125,3868.58740234375,886.1387329101562
2013-09-28,1595.0,1595.0,1197.0,759.2999877929688,1284.6439208984375,1315.3800048828125,102.4000015258789,54.20774841308594,775.8654174804688,550.0,324.6232604980469,1567.0159912109375,3140.0,1691.0,1505.013916015625,4589.93994140625,4589.93994140625,693.0,448.79998779296875,960.5396118164062,812.3599853515625,593.7999877929688,1299.63330078125,805.4000244140625,428.6940002441406,50.0,366.9130554199219,1702.59716796875,1702.59716796875,637.0,2540.0,662.0910034179688,951.3682250976562,570.0,1981.75390625,1520.510009765625,1729.995361328125,4589.93994140625,884.5038452148438
2013-09-29,1595.0,1595.0,1197.0,1892.4000244140625,2415.712890625,1313.9100341796875,390.0,199.59609985351562,776.2999877929688,1260.0,324.6232604980469,1569.7774658203125,7010.0,1691.0,1509.3533935546875,7066.4111328125,7066.4111328125,693.0,1780.0,2300.291015625,811.5,1449.5,2162.3984375,804.3900146484375,1036.116943359375,50.0,367.2151184082031,3552.416259765625,3552.416259765625,637.0,7670.0,50.0,957.0634765625,1630.0,2525.400390625,1519.760009765625,4206.46630859375,7066.4111328125,882.8353881835938
2013-09-30,1595.0,1595.0,1197.0,2584.300048828125,2251.69677734375,1314.839599609375,591.9000244140625,642.2608642578125,776.1890258789062,2090.0,324.6232604980469,1574.8115234375,8960.0,1691.0,1515.077392578125,10235.75,10235.75,693.0,2851.199951171875,2344.719482421875,812.337158203125,1815.4000244140625,2113.6826171875,803.9674072265625,1126.6639404296875,50.0,367.53955078125,4826.76611328125,4826.76611328125,637.0,8960.0,50.0,963.4800415039062,3210.0,3178.11328125,1519.7874755859375,7375.80517578125,10235.75,881.1669921875
2013-10-01,8119.84716796875,8119.84716796875,1197.0,1268.9000244140625,1801.0247802734375,1313.4154052734375,232.10000610351562,546.01220703125,775.434326171875,1110.0,1563.3924560546875,1573.52685546875,5720.0,8119.84716796875,1513.176513671875,8002.90087890625,8002.90087890625,693.0,1157.300048828125,1970.342041015625,810.9932861328125,857.0999755859375,1825.8255615234375,802.594970703125,725.8350219726562,50.0,367.7447509765625,5742.5,6014.75732421875,636.5499877929688,5080.0,3530.672607421875,964.5775756835938,1430.0,2762.087158203125,1518.65380859375,5142.9560546875,8002.90087890625,879.4833984375
2013-10-02,6339.84716796875,6339.84716796875,1197.0,787.4000244140625,1518.4295654296875,1311.4033203125,146.89999389648438,471.704833984375,774.6290283203125,940.0,1393.3924560546875,1572.2421875,3940.0,6339.84716796875,1511.3125,7346.87353515625,7346.87353515625,693.0,805.2999877929688,1682.904541015625,809.542724609375,750.4000244140625,1603.3577880859375,801.33935546875,387.1300048828125,50.0,367.8449401855469,5870.91552734375,6143.1728515625,636.0999755859375,3210.0,3677.008056640625,964.2467651367188,1110.0,2413.966064453125,1517.5577392578125,4486.9287109375,7346.87353515625,877.764404296875
2013-10-03,5449.84716796875,5449.84716796875,1197.0,465.6000061035156,1266.0352783203125,1309.13525390625,111.5,353.096435546875,774.030029296875,700.0,1153.3924560546875,1570.9573974609375,3050.0,5449.84716796875,1509.408447265625,6630.12109375,6630.12109375,693.0,728.0,1439.80712890625,808.3661499023438,531.2000122070312,1384.15771484375,800.1066284179688,232.52999877929688,50.0,367.8971862792969,4706.736328125,4978.95703125,635.6500244140625,2120.0,3632.898681640625,963.175048828125,950.0,2104.96484375,1516.5799560546875,3770.17626953125,6630.12109375,876.015625
2013-10-04,4689.84716796875,4689.84716796875,1197.0,342.70001220703125,1065.5576171875,1307.0870361328125,81.0999984741211,323.1147766113281,773.4299926757812,610.0,1063.3924560546875,1569.6181640625,2290.0,4689.84716796875,1507.4644775390625,6185.62060546875,6185.62060546875,693.0,570.0999755859375,1250.6812744140625,807.1722412109375,415.5,1268.457763671875,798.8134765625,179.3979949951172,50.0,367.9329528808594,4916.96533203125,5189.22265625,635.2000122070312,1540.0,3490.00390625,961.793701171875,790.0,1770.0355224609375,1515.760009765625,3325.67578125,6185.62060546875,874.274169921875
2013-10-05,4329.84716796875,4329.84716796875,1197.0,236.89999389648438,916.9578247070312,1305.1600341796875,58.099998474121094,300.09014892578125,772.8300170898438,510.0,963.3924560546875,1568.2452392578125,1930.0,4329.84716796875,1505.50048828125,5612.6826171875,5612.6826171875,693.0,421.20001220703125,1071.3123779296875,806.0,343.5,1196.457763671875,797.5120849609375,127.46700286865234,50.0,367.95263671875,3959.085693359375,4229.84130859375,634.72998046875,1180.0,3305.823974609375,960.2877807617188,730.0,1657.7232666015625,1514.9599609375,2752.73779296875,5612.6826171875,872.50146484375
2013-10-06,4059.84716796875,4059.84716796875,1197.0,141.8000030517578,666.1468505859375,1303.6199951171875,51.70000076293945,297.7520446777344,772.219970703125,430.0,883.3924560546875,1566.96044921875,1660.0,4059.84716796875,1503.51708984375,5307.0390625,5307.0390625,693.0,334.5,866.9121704101562,805.0399780273438,199.39999389648438,1052.357666015625,796.210693359375,100.71499633789062,50.0,367.9639892578125,4127.5458984375,4399.2861328125,634.239990234375,950.0,3105.037841796875,958.71533203125,650.0,1577.581787109375,1514.1600341796875,2447.09423828125,5307.0390625,870.697509765625
2013-10-07,4049.84716796875,4049.84716796875,1197.0,115.80000305175781,638.6021118164062,1302.050048828125,57.599998474121094,291.00787353515625,771.5900268554688,470.0,923.3924560546875,1565.6217041015625,1650.0,4049.84716796875,1501.5338134765625,5279.92431640625,5279.92431640625,693.0,263.5,801.4295654296875,804.0700073242188,214.3000030517578,1067.2576904296875,794.818359375,71.06200408935547,50.0,367.9661865234375,3489.762451171875,3761.9951171875,633.77001953125,880.0,2895.374755859375,957.2348022460938,600.0,1527.7232666015625,1513.3599853515625,2419.979248046875,5279.92431640625,868.886474609375
2013-10-08,4309.84716796875,4309.84716796875,1197.0,252.6999969482422,774.5297241210938,1300.5,62.70000076293945,288.57183837890625,770.9500122070312,450.0,903.3924560546875,1564.2481689453125,1910.0,4309.84716796875,1499.4874267578125,5300.6875,5300.6875,693.0,259.8999938964844,797.844970703125,803.010009765625,239.8000030517578,1092.7576904296875,793.4085083007812,48.999000549316406,50.0,367.9615173339844,3661.640380859375,3933.89794921875,633.3200073242188,1080.0,2697.970458984375,956.0462036132812,630.0,1569.1888427734375,1512.550048828125,2440.74267578125,5300.6875,867.0280151367188
2013-10-09,4449.84716796875,4449.84716796875,1197.0,255.6999969482422,778.0343627929688,1298.93994140625,61.79999923706055,291.2044372558594,770.2999877929688,520.0,973.3924560546875,1562.9573974609375,2050.0,4449.84716796875,1497.436767578125,5482.61767578125,5482.61767578125,693.0,311.79998779296875,849.2587890625,802.0399780273438,305.29998779296875,1158.2576904296875,791.9986572265625,45.24699783325195,50.0,367.9556884765625,3276.541259765625,3547.795654296875,632.8599853515625,1350.0,2539.491455078125,955.17236328125,660.0,1622.5447998046875,1511.719970703125,2622.672607421875,5482.61767578125,865.1658935546875
2013-10-10,4139.84716796875,4139.84716796875,1197.0,186.6999969482422,710.0191040039062,1297.2099609375,54.0,290.4481201171875,769.6300048828125,450.0,903.3924560546875,1561.5360107421875,1740.0,4139.84716796875,1495.3482666015625,5214.57666015625,5214.57666015625,693.0,272.0,808.4309692382812,800.97998046875,271.6000061035156,1124.5577392578125,790.5514526367188,83.27300262451172,50.0,367.961669921875,3389.40966796875,3661.150146484375,632.3699951171875,970.0,2422.98193359375,954.070556640625,540.0,1467.581787109375,1510.9200439453125,2354.6318359375,5214.57666015625,863.2557373046875
2013-10-11,3939.84716796875,3939.84716796875,1197.0,151.3000030517578,672.5758666992188,1295.56005859375,49.79999923706055,286.2481384277344,768.9600219726562,460.0,913.3924560546875,1560.12646484375,1540.0,3939.84716796875,1493.245849609375,5069.08349609375,5069.08349609375,693.0,217.5,756.9620361328125,799.9099731445312,189.60000610351562,1042.5577392578125,789.013427734375,50.810001373291016,50.0,367.9575500488281,2720.898193359375,2992.638671875,631.8800048828125,850.0,2276.073486328125,953.0203247070312,570.0,1486.1160888671875,1510.1300048828125,2209.138427734375,5069.08349609375,861.3341674804688
2013-10-12,3799.84716796875,3799.84716796875,1197.0,118.0999984741211,642.4407348632812,1293.9200439453125,46.900001525878906,293.94598388671875,768.260009765625,430.0,883.3924560546875,1558.7943115234375,1400.0,3799.84716796875,1491.082275390625,5050.8291015625,5050.8291015625,693.0,193.39999389648438,727.8154296875,798.8499755859375,212.39999389648438,1065.357666015625,787.5663452148438,30.248001098632812,50.0,367.94708251953125,2841.5556640625,3113.296142578125,631.3900146484375,750.0,2136.04248046875,951.9637451171875,480.0,1407.114013671875,1509.300048828125,2190.884033203125,5050.8291015625,859.3780517578125
2013-10-13,3749.84716796875,3749.84716796875,1197.0,116.80000305175781,640.156005859375,1292.18994140625,43.70000076293945,294.2785949707031,767.5499877929688,410.0,863.3924560546875,1557.2955322265625,1350.0,3749.84716796875,1488.9146728515625,4948.1328125,4948.1328125,693.0,159.8000030517578,697.2249145507812,797.760009765625,161.89999389648438,1014.8577270507812,786.0283203125,35.9739990234375,50.0,367.9383850097656,2384.71240234375,2656.452880859375,630.9000244140625,670.0,1998.790771484375,950.947998046875,520.0,1444.2030029296875,1508.489990234375,2088.187744140625,4948.1328125,857.4013671875
2013-10-14,3589.84716796875,3589.84716796875,1197.0,111.9000015258789,633.1942749023438,1290.3599853515625,38.099998474121094,283.61968994140625,766.8300170898438,370.0,823.3924560546875,1555.96337890625,1190.0,3589.84716796875,1486.6956787109375,4956.57177734375,4956.57177734375,693.0,136.5,676.463623046875,796.5700073242188,133.60000610351562,986.5577392578125,784.4902954101562,36.59000015258789,50.0,367.9299011230469,2819.102783203125,3090.876953125,630.4099731445312,530.0,1964.9342041015625,949.81689453125,490.0,1402.0911865234375,1507.68994140625,2096.627197265625,4956.57177734375,855.3754272460938
2013-10-15,3609.84716796875,3609.84716796875,1197.0,96.4000015258789,619.737548828125,1288.5699462890625,35.900001525878906,259.7470397949219,766.0900268554688,410.0,863.3924560546875,1554.464599609375,1210.0,3609.84716796875,1484.428955078125,4898.21435546875,4898.21435546875,693.0,119.0999984741211,654.5216674804688,795.3900146484375,152.8000030517578,1005.7577514648438,782.9522705078125,43.016998291015625,50.0,367.92340087890625,2349.631591796875,2621.3720703125,629.9199829101562,460.0,1927.229736328125,948.6854858398438,450.0,1342.7972412109375,1506.8900146484375,2038.2694091796875,4898.21435546875,853.3253784179688
2013-10-16,3509.84716796875,3509.84716796875,1197.0,89.30000305175781,610.5758666992188,1286.6800537109375,34.599998474121094,270.4588928222656,765.3400268554688,350.0,803.3924560546875,1552.9656982421875,1110.0,3509.84716796875,1482.1622314453125,4816.23388671875,4816.23388671875,693.0,121.0999984741211,661.0635986328125,794.2000122070312,123.80000305175781,976.7577514648438,781.355712890625,34.39099884033203,838.1249389648438,367.6700134277344,2517.606689453125,2789.34716796875,629.4299926757812,460.0,1889.51611328125,947.5513305664062,420.0,1347.7232666015625,1506.0899658203125,1956.2891845703125,4816.23388671875,851.2244262695312
2013-10-17,3479.84716796875,3479.84716796875,1197.0,85.4000015258789,609.74072265625,1284.780029296875,32.70000076293945,270.259521484375,764.5700073242188,360.0,813.3924560546875,1551.4669189453125,1080.0,3479.84716796875,1479.84033203125,4706.51123046875,4706.51123046875,693.0,123.30000305175781,658.7216796875,793.02001953125,130.60000610351562,983.5577392578125,779.7853393554688,-15.418000221252441,809.955322265625,367.4100036621094,2227.59521484375,2499.335693359375,628.9400024414062,420.0,1851.710693359375,946.4154052734375,430.0,1355.0953369140625,1505.260009765625,1846.56640625,4706.51123046875,849.0897216796875
2013-10-18,3399.84716796875,3399.84716796875,1197.0,81.4000015258789,604.737548828125,1282.8599853515625,29.399999618530273,266.37213134765625,763.780029296875,340.0,793.3924560546875,1550.115478515625,1000.0,3399.84716796875,1477.4603271484375,4686.8525390625,4686.8525390625,693.0,98.4000015258789,635.8495483398438,791.6900024414062,110.69999694824219,963.65771484375,778.1720581054688,3.209000587463379,828.85546875,367.1499938964844,2388.062255859375,2659.802734375,628.4500122070312,310.0,1813.8472900390625,945.2222900390625,400.0,1298.489990234375,1504.449951171875,1826.9078369140625,4686.8525390625,846.907958984375
2013-10-19,3329.84716796875,3329.84716796875,1197.0,72.0999984741211,595.4375610351562,1280.8199462890625,28.399999618530273,265.80377197265625,762.969970703125,360.0,813.3924560546875,1548.5631103515625,930.0,3329.84716796875,1475.080322265625,4646.3095703125,4646.3095703125,693.0,85.0999984741211,621.5402221679688,790.3599853515625,90.69999694824219,943.65771484375,776.480224609375,-21.494998931884766,812.4304809570312,366.8800048828125,2178.57373046875,2450.31396484375,627.9600219726562,340.0,1774.076171875,944.0845336914062,440.0,1327.2520751953125,1503.6500244140625,1786.364990234375,4646.3095703125,844.6752319335938
2013-10-20,3349.84716796875,3349.84716796875,1197.0,66.4000015258789,586.6726684570312,1278.9200439453125,26.5,262.0795593261719,762.1400146484375,360.0,813.3924560546875,1546.970458984375,950.0,3349.84716796875,1472.650390625,4715.00048828125,4715.00048828125,693.0,97.5,633.9155883789062,789.030029296875,79.4000015258789,932.3577270507812,774.7884521484375,-7.2990007400512695,796.7536010742188,366.6099853515625,2295.57666015625,2567.350830078125,627.469970703125,250.0,1736.150146484375,942.8598022460938,380.0,1278.489990234375,1502.8399658203125,1855.0555419921875,4715.00048828125,842.4061889648438
2013-10-21,3319.84716796875,3319.84716796875,1197.0,85.4000015258789,609.74072265625,1276.6400146484375,24.5,262.4324951171875,761.280029296875,380.0,833.3924560546875,1545.4716796875,920.0,3319.84716796875,1470.23193359375,4645.30615234375,4645.30615234375,693.0,119.0,657.9573974609375,787.6500244140625,101.5999984741211,954.5577392578125,772.9962158203125,3.5970001220703125,838.1256713867188,366.3299865722656,2096.140380859375,2366.87158203125,626.97998046875,280.0,1695.3267822265625,941.6901245117188,410.0,1330.5595703125,1502.010009765625,1785.3614501953125,4645.30615234375,840.0595092773438
2013-10-22,3329.84716796875,3329.84716796875,1197.0,78.0,599.8297119140625,1274.5699462890625,23.700000762939453,260.8010559082031,760.4000244140625,320.0,773.3924560546875,1543.9727783203125,930.0,3329.84716796875,1467.7403564453125,4626.310546875,4626.310546875,693.0,98.19999694824219,634.6401977539062,786.1300048828125,114.0999984741211,967.0577392578125,771.116455078125,-20.217998504638672,844.7972412109375,366.0400085449219,2156.89208984375,2429.131103515625,626.4400024414062,250.0,1656.3370361328125,940.52783203125,360.0,1247.387451171875,1501.2099609375,1766.365966796875,4626.310546875,837.6959228515625
2013-10-23,3249.84716796875,3249.84716796875,1197.0,83.0999984741211,607.4099731445312,1272.2900390625,21.200000762939453,258.2530517578125,759.489990234375,360.0,813.3924560546875,1542.3687744140625,850.0,3249.84716796875,1465.233642578125,4653.41943359375,4653.41943359375,693.0,98.4000015258789,665.5936279296875,784.6099853515625,110.5,963.4577026367188,769.2366333007812,4.357000350952148,794.1441650390625,365.75,2000.9632568359375,2268.186279296875,625.9099731445312,200.0,1617.594970703125,939.3562622070312,420.0,1298.70361328125,1500.3900146484375,1793.4744873046875,4653.41943359375,835.2598266601562
2013-10-24,3239.84716796875,3239.84716796875,1197.0,67.0,588.8174438476562,1270.02001953125,23.399999618530273,260.4367980957031,758.5399780273438,300.0,753.3924560546875,1540.8084716796875,840.0,3239.84716796875,1462.716064453125,4624.43310546875,4624.43310546875,693.0,134.0,643.1978759765625,783.0800170898438,79.0,931.9577026367188,767.2457275390625,-5.157000541687012,800.0059204101562,365.45001220703125,2056.7333984375,2303.770263671875,625.4199829101562,250.0,1578.542724609375,938.22607421875,350.0,1284.203857421875,1499.530029296875,1764.4881591796875,4624.43310546875,832.7840576171875
2013-10-25,3229.84716796875,3229.84716796875,1197.0,95.0,616.8051147460938,1267.550048828125,27.200000762939453,262.1038513183594,757.5499877929688,320.0,773.3924560546875,1539.171630859375,830.0,3229.84716796875,1460.158203125,4592.8994140625,4592.8994140625,693.0,97.0,632.4339599609375,781.489990234375,105.9000015258789,958.8577270507812,765.1616821289062,-11.581998825073242,821.1528930664062,365.1400146484375,2098.26806640625,2354.3857421875,624.9199829101562,120.0,1540.868896484375,937.0423583984375,400.0,1369.0252685546875,1498.6400146484375,1732.9547119140625,4592.8994140625,830.2056274414062
2013-10-26,3249.84716796875,3249.84716796875,1197.0,94.5999984741211,618.4483642578125,1265.0899658203125,29.100000381469727,267.15673828125,756.489990234375,230.0,683.3924560546875,1537.572998046875,850.0,3249.84716796875,1457.5224609375,4643.4619140625,4643.4619140625,693.0,78.0999984741211,615.5372314453125,779.8800048828125,105.80000305175781,958.7577514648438,763.046875,2.692999839782715,826.7117919921875,364.82000732421875,2084.858642578125,2384.3212890625,624.3800048828125,70.0,1501.4124755859375,935.809814453125,350.0,1338.2147216796875,1497.719970703125,1783.5172119140625,4643.4619140625,827.609375
2013-10-27,3249.84716796875,3249.84716796875,1197.0,114.19999694824219,636.509765625,1262.5,29.399999618530273,266.27655029296875,755.3699951171875,280.0,733.3924560546875,1535.9744873046875,850.0,3249.84716796875,1454.8780517578125,4806.55712890625,4806.55712890625,693.0,92.9000015258789,631.35888671875,778.0999755859375,99.19999694824219,952.15771484375,760.93212890625,-27.55299949645996,793.8038330078125,364.489990234375,2045.0538330078125,2336.451416015625,623.8400268554688,120.0,1460.3265380859375,934.6539306640625,420.0,1419.66796875,1496.81005859375,1946.6121826171875,4806.55712890625,824.9081420898438
2013-10-28,3259.84716796875,3259.84716796875,1197.0,132.39999389648438,654.7097778320312,1259.6600341796875,30.600000381469727,266.8882141113281,754.1799926757812,290.0,743.3924560546875,1534.1759033203125,860.0,3259.84716796875,1452.1884765625,4783.3759765625,4783.3759765625,693.0,71.0,606.4124145507812,776.3300170898438,133.1999969482422,986.15771484375,758.6923828125,5.401000022888184,852.2657470703125,364.1499938964844,2099.629150390625,2371.89892578125,623.2999877929688,110.0,1421.797607421875,933.5009765625,390.0,1321.7052001953125,1495.9300537109375,1923.43115234375,4783.3759765625,822.167236328125
2013-10-29,3249.84716796875,3249.84716796875,1197.0,116.80000305175781,639.1343994140625,1256.8199462890625,25.5,262.48291015625,752.9000244140625,280.0,733.3924560546875,1532.5772705078125,850.0,3249.84716796875,1449.447265625,4657.93896484375,4657.93896484375,693.0,91.9000015258789,619.2197875976562,774.4832763671875,1544.800048828125,2397.7578125,756.4525756835938,22.93400001525879,834.890380859375,363.79998779296875,1929.265625,2196.4580078125,622.77001953125,90.0,1383.365478515625,932.3638305664062,370.0,1344.0965576171875,1495.010009765625,1797.994384765625,4657.93896484375,819.3309326171875
2013-10-30,3159.84716796875,3159.84716796875,1197.0,122.0,646.3284301757812,1253.9599609375,24.200000762939453,191.17446899414062,751.9334106445312,280.0,733.3924560546875,1530.8155517578125,760.0,3159.84716796875,1446.6473388671875,4664.77783203125,4664.77783203125,693.0,69.5999984741211,433.6465148925781,773.184814453125,6375.10009765625,4002.04931640625,762.586181640625,6.566999912261963,817.87060546875,363.42999267578125,1921.194091796875,2193.4638671875,622.22998046875,60.0,1345.46044921875,931.221435546875,400.0,1374.0965576171875,1494.0899658203125,1804.8328857421875,4664.77783203125,816.4154052734375
2013-10-31,3199.84716796875,3199.84716796875,1197.0,111.0,633.31591796875,1250.8399658203125,23.700000762939453,144.08297729492188,751.1964111328125,240.0,693.3924560546875,1529.3167724609375,800.0,3199.84716796875,1443.8377685546875,4599.45654296875,4599.45654296875,693.0,56.099998474121094,335.69769287109375,772.1650390625,7662.0,4077.374267578125,771.0877075195312,11.616000175476074,845.5184936523438,363.04998779296875,1897.7109375,2169.94970703125,621.6900024414062,90.0,1307.3802490234375,930.1238403320312,330.0,1251.1072998046875,1493.219970703125,1739.511474609375,4599.45654296875,813.4298095703125
2013-11-01,3159.84716796875,3159.84716796875,1197.0,145.6999969482422,668.0159301757812,1247.719970703125,27.200000762939453,122.22198486328125,750.5906982421875,300.0,753.3924560546875,1527.6512451171875,760.0,3159.84716796875,1440.9251708984375,4595.322265625,4595.322265625,693.0,62.5,335.8984375,771.147216796875,2344.699951171875,3745.05712890625,767.8904418945312,-7.206000328063965,806.8025512695312,362.6499938964844,5467.95947265625,5740.19873046875,621.1500244140625,10.0,4760.0,925.7958984375,380.0,1343.369384765625,1492.31005859375,1735.3773193359375,4595.322265625,810.3389892578125
2013-11-02,3499.84716796875,3499.84716796875,1197.0,194.60000610351562,717.9190673828125,1244.260009765625,49.900001525878906,107.24799346923828,750.2177734375,350.0,803.3924560546875,1525.98583984375,1100.0,3499.84716796875,1437.9501953125,4946.8056640625,4946.8056640625,693.0,139.8000030517578,310.28857421875,770.5,201.5,2322.97607421875,762.7418823242188,31.595001220703125,896.1311645507812,362.2200012207031,5812.869140625,6083.61572265625,620.5700073242188,470.0,4760.0,921.7342529296875,490.0,1403.0635986328125,1491.4200439453125,2086.860595703125,4946.8056640625,807.1507568359375
2013-11-03,3579.84716796875,3579.84716796875,1197.0,234.5,756.3051147460938,1240.81005859375,78.5,96.26532745361328,750.1022338867188,410.0,863.3924560546875,1524.3843994140625,1180.0,3579.84716796875,1434.9127197265625,5277.423828125,5277.423828125,693.0,336.29998779296875,336.29998779296875,770.5,380.29998779296875,1966.634765625,758.683837890625,17.48200035095215,839.7796020507812,361.7900085449219,5781.68994140625,6055.470703125,619.969970703125,450.0,4760.0,917.5465698242188,560.0,1491.7236328125,1490.52001953125,2417.47900390625,5277.423828125,803.8228149414062
2013-11-04,3539.84716796875,3539.84716796875,1197.0,244.10000610351562,767.4375610351562,1237.3499755859375,77.30000305175781,93.02232360839844,750.0,390.0,843.3924560546875,1522.7857666015625,1140.0,3539.84716796875,1431.8001708984375,5111.033203125,5111.033203125,693.0,372.6000061035156,372.6000061035156,770.5,406.0,1797.0665283203125,754.9827270507812,-4.034999847412109,828.5050048828125,361.3299865722656,5899.65380859375,6171.89306640625,619.4299926757812,640.0,4760.0,913.3795776367188,530.0,1483.9285888671875,1489.5999755859375,2251.088134765625,5111.033203125,800.391357421875
2013-11-05,3859.84716796875,3859.84716796875,1197.0,425.29998779296875,948.1082763671875,1233.56005859375,74.30000305175781,74.30000305175781,750.0,690.0,1143.3924560546875,1520.9893798828125,1460.0,3859.84716796875,1428.6002197265625,5406.27587890625,5406.27587890625,693.0,535.5999755859375,535.5999755859375,770.5,544.0999755859375,1854.676513671875,751.1262817382812,5.743000030517578,835.3252563476562,360.8599853515625,6187.02978515625,6458.265625,618.8800048828125,1300.0,4760.0,909.767578125,610.0,1517.524658203125,1488.699951171875,2546.3310546875,5406.27587890625,796.845947265625
2013-11-06,4319.84716796875,4319.84716796875,1197.0,593.4000244140625,1115.734375,1229.43994140625,98.80000305175781,98.80000305175781,750.0,920.0,1373.3924560546875,1519.388671875,1920.0,4319.84716796875,1425.2716064453125,6093.36962890625,6093.36962890625,693.0,853.2000122070312,853.2000122070312,770.5,753.0999755859375,2063.676513671875,747.148193359375,37.115997314453125,866.8099975585938,360.3599853515625,6764.84033203125,7037.0791015625,618.280029296875,1620.0,4760.0,906.3843994140625,760.0,1656.416015625,1487.8199462890625,3233.4248046875,6093.36962890625,793.12060546875
2013-11-07,4879.84716796875,4879.84716796875,1197.0,583.5,1105.81591796875,1225.3199462890625,167.89999389648438,167.89999389648438,750.0,1180.0,1633.3924560546875,1517.590087890625,2480.0,4879.84716796875,1421.87158203125,6625.30078125,6625.30078125,693.0,1016.4000244140625,1016.4000244140625,770.5,877.5999755859375,2188.176513671875,743.1490478515625,94.4010009765625,939.8380737304688,359.8299865722656,6583.01904296875,6856.279296875,617.7100219726562,1770.0,4760.0,903.055419921875,1010.0,1978.9268798828125,1486.9000244140625,3765.356201171875,6625.30078125,789.22021484375
2013-11-08,4969.84716796875,4969.84716796875,1197.0,605.7000122070312,1092.32861328125,1221.15380859375,232.39999389648438,232.39999389648438,750.0,1280.0,1733.3924560546875,1515.991455078125,2570.0,4969.84716796875,1418.400146484375,7370.70361328125,7370.70361328125,693.0,1301.199951171875,1301.199951171875,770.5,1081.699951171875,2392.276611328125,738.9856567382812,66.06600189208984,897.4839477539062,359.260009765625,6975.029296875,7247.298828125,617.1699829101562,1770.0,4760.0,899.62890625,1170.0,2047.2451171875,1486.030029296875,4510.7587890625,7370.70361328125,785.0274658203125
2013-11-09,4479.84716796875,4479.84716796875,1197.0,334.6000061035156,893.6063842773438,1216.1099853515625,137.5,137.5,750.0,1040.0,1493.3924560546875,1514.19287109375,2080.0,4479.84716796875,1414.769287109375,6941.47998046875,6941.47998046875,693.0,695.9000244140625,695.9000244140625,770.5,654.7000122070312,1965.276611328125,734.6507568359375,81.322998046875,905.3565673828125,358.6600036621094,6395.484375,6667.20947265625,616.5900268554688,1240.0,4760.0,895.4920654296875,870.0,1797.7109375,1485.1099853515625,4081.53515625,6941.47998046875,780.6359252929688
2013-11-10,4109.84716796875,4109.84716796875,1197.0,229.6999969482422,751.4560546875,1211.4200439453125,101.5999984741211,101.5999984741211,750.0,950.0,1403.3924560546875,1512.394287109375,1710.0,4109.84716796875,1411.1077880859375,5939.84521484375,5939.84521484375,693.0,445.8999938964844,445.8999938964844,770.5,458.6000061035156,1769.1766357421875,729.7819213867188,72.08799743652344,935.5870361328125,358.0,6325.4130859375,6593.1376953125,616.0,910.0,4760.0,890.7193603515625,740.0,1626.8704833984375,1484.18994140625,3079.900634765625,5939.84521484375,775.8253784179688
2013-11-11,3939.84716796875,3939.84716796875,1197.0,140.1999969482422,654.5865478515625,1206.239990234375,83.5999984741211,83.5999984741211,750.0,770.0,1223.3924560546875,1510.595703125,1540.0,3939.84716796875,1407.2333984375,5388.265625,5388.265625,693.0,362.70001220703125,362.70001220703125,770.5,351.3999938964844,1661.9765625,723.82275390625,93.24500274658203,922.0518798828125,357.2699890136719,6036.64501953125,6308.8837890625,615.4000244140625,660.0,4760.0,885.4791870117188,650.0,1527.638916015625,1483.31005859375,2528.320556640625,5388.265625,770.6178588867188
2013-11-12,3779.84716796875,3779.84716796875,1197.0,105.5999984741211,629.7213745117188,1200.550048828125,75.80000305175781,75.80000305175781,750.0,800.0,1253.3924560546875,1508.797119140625,1380.0,3779.84716796875,1403.35009765625,5407.65625,5407.65625,693.0,297.5,297.5,770.5,287.1000061035156,1597.6766357421875,715.333251953125,116.6969985961914,942.946533203125,356.4700012207031,6019.71337890625,6291.97998046875,614.7999877929688,610.0,4760.0,879.8480834960938,640.0,1547.524658203125,1482.4100341796875,2547.711181640625,5407.65625,764.7169189453125
2013-11-13,3679.84716796875,3679.84716796875,1197.0,101.0999984741211,626.0985107421875,1194.3699951171875,67.0999984741211,67.0999984741211,750.0,740.0,1193.3924560546875,1506.9981689453125,1280.0,3679.84716796875,1399.236328125,5433.00634765625,5433.00634765625,693.0,243.8000030517578,243.8000030517578,770.5,237.3000030517578,1547.8765869140625,704.124267578125,77.41999816894531,911.956298828125,355.54998779296875,5794.841796875,6067.08056640625,614.2000122070312,570.0,4760.0,873.8403930664062,610.0,1492.8209228515625,1481.510009765625,2573.0615234375,5433.00634765625,757.9657592773438
2013-11-14,3539.84716796875,3539.84716796875,1197.0,98.0999984741211,531.763427734375,1188.8585205078125,58.900001525878906,58.900001525878906,750.0,750.0,1203.3924560546875,1505.0,1140.0,3539.84716796875,1395.0,5281.78662109375,5281.78662109375,693.0,217.0,217.0,770.5,200.89999389648438,1511.4765625,680.0,64.64399719238281,646.8475341796875,354.8149108886719,5834.89697265625,6107.16357421875,613.5999755859375,460.0,4760.0,867.3443603515625,550.0,1402.559814453125,1480.6199951171875,2421.841796875,5281.78662109375,750.0
2013-11-15,1200.0,1200.0,1197.0,148.60000610351562,468.408935546875,1184.5172119140625,57.599998474121094,57.599998474121094,750.0,760.0,760.0,1505.0,1080.0,1200.0,1394.8016357421875,2640.893310546875,2640.893310546875,693.0,215.39999389648438,215.39999389648438,770.5,235.1999969482422,235.1999969482422,680.0,77.3489990234375,460.8562316894531,354.2501220703125,5751.408203125,6023.6474609375,613.0,440.0,4760.0,860.31591796875,510.0,1439.151123046875,1479.6500244140625,2279.11328125,2640.893310546875,748.8040161132812
2013-11-16,1600.0,1600.0,1197.0,257.1000061035156,520.1392822265625,1180.7366943359375,68.30000305175781,68.30000305175781,750.0,850.0,850.0,1505.0,1720.0,1600.0,1395.0,2380.838623046875,2380.838623046875,693.0,293.0,293.0,770.5,418.3999938964844,418.3999938964844,680.0,83.40999603271484,360.10382080078125,353.80572509765625,6167.16552734375,6167.16552734375,613.0,1500.0,4760.0,854.7390747070312,600.0,2662.018310546875,1477.550048828125,2742.61865234375,2380.838623046875,750.0
2013-11-17,1680.0,1680.0,1197.0,341.70001220703125,391.4702453613281,1180.0,87.0,87.0,750.0,570.0,570.0,1505.0,1680.0,1680.0,1395.0,3564.102294921875,3564.102294921875,693.0,403.70001220703125,403.70001220703125,770.5,576.0999755859375,576.0999755859375,680.0,89.8969955444336,356.2049560546875,353.3219909667969,6251.75341796875,6251.75341796875,613.0,1510.0,4760.0,848.7666625976562,530.0,2510.362060546875,1475.4300537109375,3564.102294921875,3564.102294921875,750.0
2013-11-18,1850.0,1850.0,1197.0,623.5999755859375,623.5999755859375,1180.0,135.3000030517578,135.3000030517578,750.0,510.0,510.0,1505.0,1850.0,1850.0,1395.0,3475.2294921875,3475.2294921875,693.0,530.4000244140625,530.4000244140625,770.5,578.0,578.0,680.0,159.49400329589844,336.5807189941406,353.0,6340.51318359375,6340.51318359375,613.0,1420.0,4760.0,842.1576538085938,600.0,2577.937255859375,1473.3299560546875,3475.2294921875,3475.2294921875,750.0
2013-11-19,4190.0,4190.0,1197.0,1370.0999755859375,1000.0,1185.3131103515625,396.3999938964844,396.3999938964844,750.0,1650.0,1650.0,1505.0,4190.0,4190.0,1395.0,5613.3603515625,5613.3603515625,693.0,1730.800048828125,1500.0,771.3724975585938,1235.0,524.0,695.8579711914062,349.2090148925781,349.2090148925781,352.9985656738281,7335.8154296875,7335.8154296875,613.0,3890.0,5084.875,839.7465209960938,2110.0,4083.315185546875,1471.199951171875,5613.3603515625,5613.3603515625,750.0
2013-11-20,3780.0,3780.0,1197.0,1527.4000244140625,1034.102783203125,1191.8431396484375,618.7999877929688,500.0,750.7725830078125,2090.0,2090.0,1505.0,3780.0,3780.0,1395.0,8774.439453125,8749.478515625,693.0549926757812,2883.5,1624.6395263671875,775.90966796875,1979.0999755859375,2000.0,695.5263671875,451.3280029296875,451.108642578125,352.9975891113281,7404.06787109375,7404.06787109375,613.0,3080.0,4760.0,836.1551513671875,3300.0,4620.3955078125,1469.756103515625,9330.931640625,8774.439453125,751.6729736328125
2013-11-21,2730.0,2730.0,1197.0,701.2999877929688,816.6018676757812,1190.3648681640625,332.70001220703125,278.3027648925781,751.118896484375,1420.0,1420.0,1505.0,2730.0,2730.0,1395.0,8301.1005859375,8326.0615234375,693.0,1444.800048828125,1450.1229248046875,775.8907470703125,1136.800048828125,1800.7823486328125,681.1834106445312,371.0369873046875,370.6714172363281,352.9969482421875,6087.3310546875,6087.3310546875,613.0,2060.0,4760.0,829.6053466796875,1770.0,4026.408203125,1467.214111328125,7744.60791015625,8301.1005859375,750.0
2013-11-22,2240.0,2240.0,1197.0,478.29998779296875,645.2012329101562,1188.1785888671875,208.8000030517578,225.46852111816406,751.0169067382812,1050.0,1050.0,1505.0,2240.0,2240.0,1395.0,5992.57958984375,5992.57958984375,693.0,843.5,1097.4486083984375,774.986572265625,732.2000122070312,758.3176879882812,680.0,234.3260040283203,233.86300659179688,352.99652099609375,5959.95263671875,5959.95263671875,613.0,1550.0,4760.0,821.6466674804688,1260.0,3309.62744140625,1464.9000244140625,5992.57958984375,5992.57958984375,750.0
2013-11-23,1880.0,1880.0,1197.0,381.6000061035156,526.600830078125,1186.221923828125,149.39999389648438,187.01234436035156,750.7733154296875,840.0,840.0,1505.0,1880.0,1880.0,1395.0,5004.7236328125,5004.7236328125,693.0,547.2000122070312,837.9324340820312,773.9615478515625,544.0999755859375,544.0999755859375,680.0,171.81300354003906,171.2850799560547,352.9962158203125,5624.265625,5624.265625,613.0,1270.0,4760.0,811.376953125,1030.0,2909.547119140625,1462.760009765625,5004.7236328125,5004.7236328125,750.0
2013-11-24,1650.0,1650.0,1197.0,302.3999938964844,435.96722412109375,1184.375,119.80000305175781,156.27490234375,750.5361328125,740.0,740.0,1505.0,1650.0,1650.0,1395.0,4315.56787109375,4315.56787109375,693.0,392.1000061035156,657.6216430664062,773.0074462890625,428.5,428.5,680.0,137.89500427246094,137.3238067626953,352.99603271484375,5602.302734375,5602.302734375,613.0,1080.0,4760.0,796.4896240234375,860.0,2668.433349609375,1460.6500244140625,4315.56787109375,4315.56787109375,750.0
2013-11-25,1550.0,1550.0,1197.0,289.3999938964844,366.0781555175781,1183.2889404296875,110.0999984741211,131.41659545898438,750.3975219726562,620.0,620.0,1505.0,1550.0,1550.0,1395.0,4006.380126953125,4006.380126953125,693.0,318.8999938964844,525.2810668945312,772.2523803710938,351.70001220703125,351.70001220703125,680.0,126.8949966430664,126.29496002197266,352.99591064453125,4696.9912109375,4696.9912109375,613.0,1240.0,4061.239013671875,780.0,780.0,2557.1689453125,1458.550048828125,4006.380126953125,4006.380126953125,750.0
2013-11-26,1430.0,1430.0,1197.0,254.6999969482422,311.3520812988281,1182.476806640625,94.80000305175781,112.34439849853516,750.2833862304688,530.0,530.0,1505.0,1430.0,1430.0,1395.0,3731.850341796875,3731.850341796875,693.0,297.0,425.38739013671875,771.7780151367188,302.79998779296875,302.79998779296875,680.0,111.99500274658203,111.37574768066406,352.9958190917969,1669.090087890625,1669.090087890625,613.0,790.0,790.0,780.0,710.0,2454.495361328125,1456.449951171875,3731.850341796875,3731.850341796875,750.0
2013-11-27,1320.0,1320.0,1197.0,226.3000030517578,270.03472900390625,1181.845947265625,81.69999694824219,98.2962646484375,750.1754760742188,420.0,420.0,1505.0,1320.0,1320.0,1395.0,3508.587890625,3508.587890625,693.0,260.6000061035156,351.0582580566406,771.4401245117188,264.79998779296875,264.79998779296875,680.0,98.69300079345703,98.06094360351562,352.9957580566406,1245.2978515625,1245.2978515625,613.0,710.0,710.0,780.0,650.0,2354.4775390625,1454.3994140625,3508.587890625,3508.587890625,750.0
2013-11-28,1210.0,1210.0,1197.0,201.89999389648438,242.95648193359375,1181.2471923828125,74.19999694824219,86.93083953857422,750.0927124023438,450.0,450.0,1505.0,1210.0,1210.0,1395.0,3246.164306640625,3246.164306640625,693.0,225.60000610351562,294.17218017578125,771.1839599609375,231.8000030517578,231.8000030517578,680.0,91.68800354003906,91.04740905761719,352.9957275390625,1378.47998046875,1378.47998046875,613.0,670.0,670.0,780.0,610.0,2025.7962646484375,1452.665283203125,3246.164306640625,3246.164306640625,750.0
2013-11-29,1200.0,1200.0,1197.0,187.39999389648438,271.9046325683594,1180.0,70.19999694824219,84.45335388183594,750.0,420.0,420.0,1505.0,1180.0,1200.0,1394.9669189453125,2925.90478515625,2925.90478515625,693.0,202.39999389648438,270.21478271484375,770.92919921875,200.1999969482422,200.1999969482422,680.0,84.58000183105469,83.9337158203125,352.9956970214844,1088.6160888671875,1088.6160888671875,613.0,570.0,570.0,780.0,540.0,1747.814453125,1451.2095947265625,2925.90478515625,2925.90478515625,750.0
2013-11-30,1200.0,1200.0,1197.0,188.8000030517578,188.8000030517578,1180.0,64.19999694824219,64.19999694824219,750.0,410.0,410.0,1505.0,1120.0,1200.0,1394.834716796875,2485.635986328125,2485.635986328125,693.0,180.39999389648438,292.9212341308594,770.5,181.6999969482422,181.6999969482422,680.0,84.5719985961914,83.92192840576172,352.9956970214844,1155.0135498046875,1155.0135498046875,613.0,490.0,535.7449951171875,779.5463256835938,470.0,1514.472412109375,1449.9090576171875,2485.635986328125,2485.635986328125,750.0
2013-12-01,2470.0,2470.0,1197.0,727.4000244140625,727.4000244140625,1180.0,92.4000015258789,92.4000015258789,750.0,390.0,390.0,1505.0,2570.0,2470.0,1395.0,2460.451416015625,2460.451416015625,693.0,222.3000030517578,222.3000030517578,770.5,377.70001220703125,377.70001220703125,680.0,142.42800903320312,141.77540588378906,352.99639892578125,2378.571533203125,2378.571533203125,613.0,1690.0,1644.2550048828125,780.0,610.0,1306.0125732421875,1448.9893798828125,2460.451416015625,2460.451416015625,750.0
2013-12-02,5000.0,5000.0,1197.0,1645.4000244140625,1000.0,1189.0272216796875,213.8000030517578,213.8000030517578,750.0,1500.0,1500.0,1505.0,9310.0,5000.0,1402.4989013671875,3713.54638671875,3713.54638671875,693.0,671.5,671.5,770.5,1028.800048828125,524.0,692.476318359375,288.8420104980469,288.2986145019531,352.99688720703125,9389.3388671875,9328.4814453125,613.1340942382812,7860.0,5017.9716796875,796.5927124023438,1040.0,1158.5992431640625,1448.8424072265625,3713.54638671875,3713.54638671875,750.0
2013-12-03,5000.0,5000.0,1197.0,1148.5999755859375,924.8694458007812,1191.916015625,289.8999938964844,289.8999938964844,750.0,1210.0,1210.0,1505.0,4600.0,5000.0,1401.796142578125,3776.9814453125,3776.9814453125,693.0,1123.5999755859375,1123.5999755859375,770.5,1281.9000244140625,1740.5679931640625,682.00927734375,329.3559875488281,328.8853759765625,352.9972229003906,7759.2255859375,7820.08251953125,613.0,3620.0,4814.875,790.667724609375,1070.0,1118.2489013671875,1448.7825927734375,3776.9814453125,3776.9814453125,750.0
2013-12-04,5000.0,5000.0,1197.0,568.7000122070312,723.3463134765625,1189.9287109375,189.10000610351562,189.10000610351562,750.0,890.0,890.0,1505.0,3140.0,5000.0,1398.638427734375,3135.70263671875,3135.70263671875,693.0,634.2000122070312,634.2000122070312,770.5,745.0,791.132080078125,680.0,268.4590148925781,268.0368957519531,352.9974365234375,5675.4951171875,5675.4951171875,613.0,2310.0,3957.1533203125,780.0,850.0,995.499267578125,1448.6021728515625,3135.70263671875,3135.70263671875,750.0
2013-12-05,4540.0,4540.0,1197.0,386.70001220703125,573.4641723632812,1187.46435546875,146.5,146.5,750.0,780.0,780.0,1505.0,2490.0,4540.0,1395.0,2533.873291015625,2533.873291015625,693.0,459.8999938964844,459.8999938964844,770.5,552.0,552.0,680.0,209.35400390625,208.9642333984375,352.99755859375,3322.38330078125,3322.38330078125,613.0,1640.0,1640.0,780.0,730.0,880.3328247070312,1448.4158935546875,2533.873291015625,2533.873291015625,750.0
2013-12-06,2100.0,2100.0,1197.0,320.29998779296875,452.6427917480469,1185.6612548828125,128.60000610351562,128.60000610351562,750.0,710.0,710.0,1505.0,2100.0,2100.0,1395.0,2273.00390625,2273.00390625,693.0,393.3999938964844,393.3999938964844,770.5,458.6000061035156,458.6000061035156,680.0,178.2449951171875,177.8767852783203,352.9976501464844,2489.996826171875,2489.996826171875,613.0,1420.0,1420.0,780.0,750.0,783.5552368164062,1448.374267578125,2273.00390625,2273.00390625,750.0
2013-12-07,1880.0,1880.0,1197.0,273.70001220703125,373.1285400390625,1184.28173828125,101.0,101.0,750.0,660.0,660.0,1505.0,1880.0,1880.0,1395.0,2121.66845703125,2121.66845703125,693.0,327.79998779296875,327.79998779296875,770.5,622.7000122070312,622.7000122070312,680.0,150.04100036621094,149.68714904785156,352.9977111816406,2318.638916015625,2318.638916015625,613.0,1160.0,1160.0,780.0,650.0,712.3701171875,1448.2969970703125,2121.66845703125,2121.66845703125,750.0
2013-12-08,1550.0,1550.0,1197.0,211.0,324.9190368652344,1182.6597900390625,77.5999984741211,77.5999984741211,750.0,610.0,610.0,1505.0,1550.0,1550.0,1395.0,1926.6402587890625,1926.6402587890625,693.0,230.8000030517578,230.8000030517578,770.5,781.5,781.5,680.0,117.13600158691406,116.79173278808594,352.9977722167969,1824.452880859375,1824.452880859375,613.0,980.0,980.0,780.0,590.0,661.580078125,1448.208251953125,1926.6402587890625,1926.6402587890625,750.0
2013-12-09,1480.0,1480.0,1197.0,214.10000610351562,288.6793518066406,1181.581787109375,74.19999694824219,74.19999694824219,750.0,520.0,520.0,1505.0,1480.0,1480.0,1395.0,1759.2979736328125,1759.2979736328125,693.0,220.8000030517578,220.8000030517578,770.5,288.3999938964844,288.3999938964844,680.0,124.13700103759766,123.79911041259766,352.997802734375,1778.4212646484375,1778.4212646484375,613.0,870.0,870.0,780.0,570.0,627.7200927734375,1448.1365966796875,1759.2979736328125,1759.2979736328125,750.0
2013-12-10,1510.0,1510.0,1197.0,228.5,262.11956787109375,1181.0914306640625,82.5,82.5,750.0,510.0,510.0,1505.0,1510.0,1510.0,1395.0,1758.364501953125,1758.364501953125,693.0,232.5,232.5,770.5,317.29998779296875,317.29998779296875,680.0,114.63600158691406,114.3023681640625,352.997802734375,1465.878173828125,1465.878173828125,613.0,820.0,820.0,780.0,560.0,601.8133544921875,1448.0848388671875,1758.364501953125,1758.364501953125,750.0
2013-12-11,1240.0,1240.0,1197.0,216.1999969482422,246.11305236816406,1180.6500244140625,87.5,87.5,750.0,530.0,530.0,1505.0,1240.0,1240.0,1395.0,1612.1258544921875,1612.1258544921875,693.0,212.8000030517578,212.8000030517578,770.5,253.8000030517578,253.8000030517578,680.0,99.83499908447266,99.50420379638672,352.9978332519531,1419.3958740234375,1419.3958740234375,613.0,720.0,720.0,780.0,560.0,581.2089233398438,1448.0584716796875,1612.1258544921875,1612.1258544921875,750.0
2013-12-12,1280.0,1280.0,1197.0,209.0,233.44203186035156,1180.288330078125,88.5,88.5,750.0,450.0,450.0,1505.0,1280.0,1280.0,1395.0,1670.9766845703125,1670.9766845703125,693.0,205.6999969482422,205.6999969482422,770.5,263.70001220703125,263.70001220703125,680.0,126.93699645996094,126.60808563232422,352.9978332519531,1420.154541015625,1420.154541015625,613.0,740.0,740.0,780.0,550.0,560.8059692382812,1448.045166015625,1670.9766845703125,1670.9766845703125,750.0
2013-12-13,1320.0,1320.0,1197.0,214.10000610351562,220.29469299316406,1180.196533203125,92.30000305175781,92.30000305175781,750.0,460.0,460.0,1505.0,1320.0,1320.0,1395.0,1574.0908203125,1574.0908203125,693.0,240.10000610351562,240.10000610351562,770.5,281.0,281.0,680.0,218.55599975585938,218.2283477783203,352.9978332519531,1553.7376708984375,1553.7376708984375,613.0,790.0,790.0,780.0,540.0,540.5372924804688,1448.04443359375,1574.0908203125,1574.0908203125,750.0
2013-12-14,1310.0,1310.0,1197.0,208.10000610351562,209.76312255859375,1180.1719970703125,89.0,89.0,750.0,360.0,300.0,1505.238037109375,1310.0,1310.0,1395.0,1453.0931396484375,1453.0931396484375,693.0,257.79998779296875,257.79998779296875,770.5,284.8999938964844,284.8999938964844,680.0,256.4739990234375,256.1471862792969,352.9978332519531,1363.36279296875,1363.36279296875,613.0,680.0,680.0,780.0,520.0,527.0248413085938,1448.0357666015625,1453.0931396484375,1453.0931396484375,750.0
2013-12-15,1200.0,1200.0,1197.0,194.0,202.10874938964844,1180.052001953125,84.4000015258789,84.4000015258789,750.0,420.0,300.0,1505.7139892578125,1200.0,1200.0,1395.0,1536.879638671875,1536.879638671875,693.0,262.20001220703125,262.20001220703125,770.5,272.3999938964844,272.3999938964844,680.0,220.18600463867188,219.85975646972656,352.9978332519531,1316.506103515625,1316.506103515625,613.0,660.0,660.0,780.0,500.0,528.0166015625,1448.0009765625,1536.879638671875,1536.879638671875,750.0
2013-12-16,1200.0,1200.0,1197.0,188.6999969482422,192.20916748046875,1180.0,83.0999984741211,83.0999984741211,750.0,420.0,300.0,1506.237548828125,1120.0,1200.0,1394.8677978515625,1350.0,1350.0,693.0,258.5,258.5,770.5,255.1999969482422,50.0,686.7318115234375,199.4980010986328,199.172119140625,352.99786376953125,1254.468505859375,1254.468505859375,613.0,620.0,620.0,780.0,500.0,500.8248291015625,1448.0,1450.761474609375,1350.0,750.2855224609375
2013-12-17,1200.0,1200.0,1197.0,186.8000030517578,186.8000030517578,1180.0,78.69999694824219,78.69999694824219,750.0,410.0,300.0,1506.7830810546875,1080.0,1200.0,1394.66943359375,1350.0,1350.0,693.0,249.8000030517578,249.8000030517578,770.5,242.10000610351562,50.0,690.6038818359375,189.0030059814453,188.67738342285156,352.99786376953125,1207.28173828125,1207.28173828125,613.0,550.0,550.0,780.0,530.0,530.0,1448.0,1380.627685546875,1350.0,750.372314453125
2013-12-18,1200.0,1200.0,1197.0,178.60000610351562,178.60000610351562,1180.0,74.4000015258789,74.4000015258789,750.0,420.0,300.0,1507.302490234375,1040.0,1200.0,1394.4049072265625,1350.0,1350.0,693.0,235.89999389648438,235.89999389648438,770.5,223.8000030517578,50.0,693.5896606445312,183.80599975585938,183.4805450439453,352.99786376953125,1122.1448974609375,1122.1448974609375,613.0,500.0,500.0,780.0,510.0,510.0,1448.0,1294.67626953125,1350.0,750.2155151367188
2013-12-19,1200.0,1200.0,1197.0,165.8000030517578,165.8000030517578,1180.0,74.5,74.5,750.0,340.0,300.0,1507.461181640625,1000.0,1200.0,1394.0743408203125,1350.0,1350.0,693.0,218.0,218.0,770.5,219.3000030517578,50.0,696.3193969726562,176.20899963378906,175.88365173339844,352.99786376953125,1113.7496337890625,1113.7496337890625,613.0,490.0,490.0,780.0,320.0,400.0,1447.90087890625,1400.9813232421875,1350.0,750.3599853515625
2013-12-20,1200.0,1200.0,1197.0,226.5,226.5,1180.0,76.30000305175781,76.30000305175781,750.0,400.0,300.0,1507.85791015625,1100.0,1200.0,1393.90087890625,1350.0,1350.0,693.0,304.8999938964844,304.8999938964844,770.5,311.20001220703125,50.0,700.2369384765625,168.11000061035156,167.78472900390625,352.99786376953125,1243.625,1243.625,613.0,590.0,590.0,780.0,740.0,713.3333129882812,1447.933837890625,1329.990478515625,1350.0,750.3032836914062
2013-12-21,1200.0,1200.0,1197.0,408.29998779296875,408.29998779296875,1180.0,97.0999984741211,97.0999984741211,750.0,510.0,300.0,1508.69091796875,1520.0,1200.0,1394.43798828125,1350.0,1350.0,693.0,672.0999755859375,672.0999755859375,770.5,613.5999755859375,50.0,706.7650146484375,165.010009765625,164.68478393554688,352.99786376953125,2220.30859375,2220.30859375,613.0,1160.0,1160.0,780.0,620.0,602.2222290039062,1447.9559326171875,1997.0230712890625,1350.0,752.2794799804688
2013-12-22,1200.0,1200.0,1197.0,455.79998779296875,455.79998779296875,1180.0,112.80000305175781,112.80000305175781,750.0,490.0,300.0,1509.444580078125,1650.0,1200.0,1395.1983642578125,1350.0,1350.0,693.0,882.5,882.5,770.5,749.5999755859375,50.0,712.6569213867188,155.906005859375,155.580810546875,352.99786376953125,2518.46875,2518.46875,613.0,1350.0,1350.0,780.0,660.0,648.1481323242188,1447.9705810546875,2249.130126953125,1350.0,754.8272094726562
2013-12-23,1200.0,1200.0,1197.0,368.29998779296875,368.29998779296875,1180.0,110.0,110.0,750.0,470.0,300.0,1510.1190185546875,1740.0,1200.0,1396.1719970703125,1350.0,1350.0,693.0,677.2000122070312,677.2000122070312,770.5,605.9000244140625,50.0,716.771728515625,143.0919952392578,142.76681518554688,352.99786376953125,2399.06787109375,2399.06787109375,613.0,1320.0,1320.0,780.0,670.0,662.0987548828125,1447.98046875,1983.24365234375,1350.0,756.4786987304688
2013-12-24,1200.0,1200.0,1197.0,333.70001220703125,333.70001220703125,1180.0,116.0,116.0,750.0,530.0,300.0,1511.0313720703125,1860.0,1200.0,1397.3621826171875,1350.0,1350.0,693.0,638.0,638.0,770.5,535.9000244140625,50.0,720.1129150390625,130.0780029296875,129.75283813476562,352.99786376953125,2727.10205078125,2727.10205078125,613.0,1520.0,1520.0,780.0,680.0,674.7324829101562,1447.9869384765625,2145.661865234375,1350.0,758.5165405273438
2013-12-25,1200.0,1200.0,1197.0,297.8999938964844,297.8999938964844,1180.0,111.80000305175781,111.80000305175781,750.0,500.0,300.0,1511.8248291015625,1670.0,1200.0,1398.192138671875,1350.0,1350.0,693.0,562.4000244140625,562.4000244140625,770.5,458.70001220703125,50.0,722.6226196289062,125.67100524902344,125.34585571289062,352.99786376953125,2270.314697265625,2270.314697265625,613.0,1160.0,1160.0,780.0,660.0,656.4883422851562,1447.9913330078125,2047.697021484375,1350.0,760.2463989257812
2013-12-26,1200.0,1200.0,1197.0,238.5,238.5,1180.0,105.4000015258789,105.4000015258789,750.0,490.0,300.0,1512.5784912109375,1540.0,1200.0,1398.754150390625,1350.0,1350.0,693.0,471.0,471.0,770.5,392.70001220703125,50.0,724.4841918945312,118.96399688720703,118.63885498046875,352.99786376953125,1926.752685546875,1926.752685546875,613.0,960.0,960.0,780.0,610.0,607.6588745117188,1447.994140625,1927.76806640625,1350.0,761.6788940429688
2013-12-27,1200.0,1200.0,1197.0,221.39999389648438,221.39999389648438,1180.0,98.30000305175781,98.30000305175781,750.0,460.0,300.0,1513.2132568359375,1420.0,1200.0,1399.12841796875,1350.0,1350.0,693.0,391.8999938964844,391.8999938964844,770.5,339.70001220703125,50.0,725.9297485351562,114.45899963378906,114.13386535644531,352.99786376953125,1229.3017578125,1229.3017578125,613.0,780.0,197.6500244140625,783.8502197265625,570.0,568.4392700195312,1447.99609375,1826.1976318359375,1350.0,762.7640380859375
2013-12-28,1200.0,1200.0,1197.0,224.5,224.5,1180.0,91.19999694824219,91.19999694824219,750.0,440.0,300.0,1513.7685546875,1330.0,1200.0,1399.3629150390625,1350.0,1350.0,693.0,313.79998779296875,313.79998779296875,770.5,309.20001220703125,50.0,727.130615234375,107.75199890136719,107.42686462402344,352.99786376953125,1015.5117797851562,1015.5117797851562,613.0,780.0,352.77301025390625,786.6748657226562,590.0,588.9595336914062,1447.9974365234375,1671.259765625,1350.0,763.4720458984375
2013-12-29,1200.0,1200.0,1197.0,206.8000030517578,206.8000030517578,1180.0,86.80000305175781,86.80000305175781,750.0,440.0,300.0,1514.323974609375,1270.0,1200.0,1399.4891357421875,1350.0,1350.0,693.0,295.6000061035156,295.6000061035156,770.5,263.8999938964844,67.10006713867188,728.0,101.14500427246094,100.81986999511719,352.99786376953125,1097.231689453125,1097.231689453125,613.0,690.0,406.68402099609375,788.5480346679688,500.0,499.30633544921875,1447.998291015625,1577.2884521484375,1350.0,763.9729614257812
2013-12-30,1200.0,1200.0,1197.0,197.0,197.0,1180.0,83.9000015258789,83.9000015258789,750.0,400.0,300.0,1514.720703125,1210.0,1200.0,1399.507080078125,1350.0,1350.0,693.0,282.70001220703125,282.70001220703125,770.5,252.89999389648438,231.73609924316406,728.087646484375,99.53999328613281,99.21485900878906,352.99786376953125,1094.213134765625,1094.213134765625,613.0,620.0,432.3280029296875,789.7888793945312,540.0,539.5375366210938,1447.9989013671875,1510.0584716796875,1350.0,764.32568359375
2013-12-31,1200.0,1200.0,1197.0,186.60000610351562,186.60000610351562,1180.0,81.30000305175781,81.30000305175781,750.0,350.0,300.0,1514.9190673828125,1170.0,1200.0,1399.4530029296875,1350.0,1350.0,693.0,259.29998779296875,259.29998779296875,770.5,217.39999389648438,231.19073486328125,728.030517578125,95.93499755859375,94.63440704345703,353.0,1105.154052734375,1105.154052734375,613.0,520.0,423.281005859375,790.3212280273438,500.0,400.0,1448.122802734375,1473.2366943359375,1350.0,764.5972900390625
2014-01-01,1200.0,1200.0,1197.0,167.89999389648438,167.89999389648438,1180.0,76.5999984741211,76.5999984741211,750.0,330.0,300.0,1515.0379638671875,1110.0,1200.0,1399.290771484375,1350.0,1350.0,693.0,238.6999969482422,238.6999969482422,770.5,199.6999969482422,207.07313537597656,728.0,96.58099365234375,96.58099365234375,352.99920654296875,1086.052734375,1086.052734375,613.0,490.0,469.85198974609375,790.421142578125,460.0,511.4278259277344,1448.05908203125,1366.5294189453125,1350.0,764.6337280273438
2014-01-02,1200.0,1200.0,1197.0,160.0,160.0,1180.0,73.0999984741211,73.0999984741211,750.0,330.0,300.0,1515.156982421875,1040.0,1200.0,1399.002197265625,1350.0,1350.0,693.0,218.89999389648438,218.89999389648438,770.5,230.10000610351562,230.10000610351562,728.0,90.98200225830078,90.86003875732422,352.9986572265625,1091.2503662109375,1091.2503662109375,613.0,490.0,542.7420043945312,790.1596069335938,470.0,487.6185302734375,1448.0372314453125,1277.0517578125,1350.0,764.4729614257812
2014-01-03,1200.0,1200.0,1197.0,160.60000610351562,160.60000610351562,1180.0,73.0,73.0,750.0,340.0,300.0,1515.315673828125,1150.0,1200.0,1398.91943359375,1350.0,1350.0,693.0,204.8000030517578,204.8000030517578,770.5,240.0,228.76943969726562,728.0465087890625,88.2820053100586,88.07874298095703,352.998291015625,1119.0621337890625,1119.0621337890625,613.0,510.0,476.427978515625,790.3261108398438,480.0,475.07904052734375,1448.0433349609375,1317.8271484375,1350.0,764.4020385742188
2014-01-04,1200.0,1200.0,1197.0,150.60000610351562,150.60000610351562,1180.0,69.30000305175781,69.30000305175781,750.0,340.0,300.0,1515.474365234375,1030.0,1200.0,1398.638427734375,1350.0,1350.0,693.0,191.3000030517578,191.3000030517578,770.5,224.10000610351562,217.17962646484375,728.0751342773438,93.38200378417969,93.12455749511719,352.998046875,1076.6676025390625,1076.6676025390625,613.0,440.0,534.7659912109375,789.8082275390625,440.0,456.7193603515625,1448.0225830078125,1271.3900146484375,1350.0,764.2288208007812
2014-01-05,1200.0,1200.0,1197.0,139.60000610351562,139.60000610351562,1180.0,65.69999694824219,65.69999694824219,750.0,300.0,300.0,1515.474365234375,990.0,1200.0,1398.2913818359375,1350.0,1350.0,693.0,181.1999969482422,181.1999969482422,770.5,197.0,215.1509246826172,728.0,86.88200378417969,86.58843994140625,352.9978942871094,1115.9459228515625,1115.9459228515625,613.0,390.0,523.0659790039062,788.928466796875,450.0,451.146240234375,1448.0211181640625,1215.1219482421875,1350.0,763.9315185546875
2014-01-06,1200.0,1200.0,1197.0,131.1999969482422,131.1999969482422,1180.0,60.5,60.5,750.0,290.0,300.0,1515.4346923828125,940.0,1200.0,1397.8489990234375,1350.0,1350.0,693.0,161.8000030517578,161.8000030517578,770.5,194.0,194.0,728.0,96.58399963378906,96.26636505126953,352.997802734375,1067.603759765625,1067.603759765625,613.0,350.0,717.8510131835938,786.4963989257812,420.0,437.0841369628906,1448.0,1211.4542236328125,1350.0,763.626220703125
2014-01-07,1200.0,1200.0,1197.0,179.0,179.0,1180.0,56.400001525878906,56.400001525878906,750.0,370.0,300.0,1515.71240234375,990.0,1200.0,1397.4703369140625,1350.0,1350.0,693.0,148.39999389648438,148.39999389648438,770.5,228.3000030517578,228.3000030517578,728.0,151.9910125732422,151.65733337402344,352.9977111816406,1139.95361328125,1139.95361328125,613.0,450.0,565.2520141601562,785.734375,440.0,440.0,1448.0,1092.3935546875,1350.0,763.0584716796875
2014-01-08,1200.0,1200.0,1197.0,537.9000244140625,537.9000244140625,1180.0,85.0,85.0,750.0,460.0,300.0,1516.289306640625,1530.0,1200.0,1398.0599365234375,1350.0,1350.0,693.0,242.10000610351562,242.10000610351562,770.5,396.8999938964844,396.8999938964844,728.0,243.11099243164062,242.76661682128906,352.9976806640625,1145.1885986328125,1145.1885986328125,613.0,1190.0,294.4749755859375,791.2413940429688,470.0,470.0,1448.0,1350.24853515625,1350.0,763.0590209960938
2014-01-09,1200.0,1200.0,1197.0,1083.300048828125,1000.0,1181.2296142578125,146.89999389648438,146.89999389648438,750.0,870.0,300.0,1518.4083251953125,2480.0,1200.0,1400.2589111328125,1350.0,1350.0,693.0,446.6000061035156,446.6000061035156,770.5,772.4000244140625,772.4000244140625,728.0,342.9440002441406,342.5924987792969,352.9976501464844,1880.7677001953125,1880.7677001953125,613.0,2810.0,50.0,803.94189453125,880.0,880.0,1448.0,2122.1982421875,1350.0,764.7608642578125
2014-01-10,1200.0,1200.0,1197.0,1090.5,1012.2958374023438,1182.36474609375,188.39999389648438,188.39999389648438,750.0,910.0,300.0,1520.6900634765625,2770.0,1200.0,1402.931640625,1350.0,1350.0,693.0,548.9000244140625,548.9000244140625,770.5,964.7999877929688,964.7999877929688,728.0,473.7779846191406,473.4217224121094,352.99761962890625,2023.57763671875,2023.57763671875,613.0,3440.0,50.0,815.6845092773438,810.0,810.0,1448.0,2563.914306640625,1350.0,767.3250122070312
2014-01-11,1200.0,1200.0,1197.0,1020.2999877929688,1023.6477661132812,1182.316650390625,333.70001220703125,333.70001220703125,750.0,1090.0,300.0,1523.635009765625,3570.0,1200.0,1406.7713623046875,1350.0,1350.0,693.0,952.7999877929688,952.7999877929688,770.5,1227.0999755859375,1227.0999755859375,728.0,798.0640258789062,700.0,353.1750183105469,2251.130615234375,2251.130615234375,613.0,3400.0,50.0,824.7994384765625,1260.0,1000.0,1448.322265625,3173.965576171875,1350.0,771.0093994140625
2014-01-12,1200.0,1200.0,1197.0,1396.199951171875,1023.1665649414062,1187.5108642578125,514.7999877929688,500.0,750.0962524414062,1290.0,300.0,1527.2410888671875,4530.0,1200.0,1412.1004638671875,1350.0,1350.0,693.0,1770.5999755859375,1500.0,771.5211181640625,2024.800048828125,1948.4361572265625,728.3162231445312,1052.0780029296875,765.6267700195312,353.6931457519531,3245.315673828125,3245.315673828125,613.0,4990.0,50.0,836.8198852539062,1760.0,1051.6650390625,1449.2137451171875,4293.783203125,1350.0,776.3174438476562
2014-01-13,1200.0,1200.0,1197.0,1573.5999755859375,1075.1080322265625,1193.9208984375,386.3999938964844,316.2027587890625,750.552734375,1590.0,300.0,1531.806640625,5150.0,1200.0,1418.1180419921875,1350.0,1350.0,693.0,1731.0999755859375,1419.16943359375,772.67236328125,2240.800048828125,1634.99072265625,730.7481689453125,963.56298828125,863.7088012695312,353.8732604980469,3966.297607421875,3966.297607421875,613.0,5420.0,50.0,847.6891479492188,1570.0,1194.5611572265625,1449.710205078125,4904.9521484375,1350.0,782.1541137695312
2014-01-14,1200.0,1200.0,1197.0,1144.699951171875,1139.208984375,1193.989013671875,293.5,272.16851806640625,750.6914672851562,1310.0,1261.25,1532.0,3760.0,1200.0,1421.81640625,1350.0,1350.0,693.0,1316.5999755859375,1190.0462646484375,773.133056640625,1554.5,1337.1605224609375,731.6102905273438,709.4219970703125,712.3981323242188,353.8670959472656,2745.503662109375,2745.503662109375,613.0,3420.0,50.0,853.975830078125,1270.0,1274.138916015625,1449.7047119140625,4440.4453125,1350.0,786.8072509765625
2014-01-15,1200.0,1200.0,1197.0,801.9000244140625,987.6603393554688,1191.665283203125,228.6999969482422,233.31234741210938,750.6614990234375,1040.0,1040.0,1532.0,2940.0,1200.0,1424.3294677734375,1350.0,1350.0,693.0,914.0,984.8641967773438,772.8761596679688,1008.0999755859375,1087.20703125,731.2965087890625,510.2659912109375,588.66552734375,353.72430419921875,2061.2197265625,2061.2197265625,613.0,2460.0,50.0,858.2113037109375,1100.0,1273.2615966796875,1449.4755859375,3770.632080078125,1350.0,790.28759765625
2014-01-16,1200.0,1200.0,1197.0,608.5,797.806884765625,1189.2191162109375,184.10000610351562,200.0082244873047,750.5580444335938,1000.0,1000.0,1532.0,2580.0,1200.0,1426.2366943359375,1350.0,1350.0,693.0,731.7999877929688,812.3427734375,772.5814208984375,741.5,886.6380004882812,730.7207641601562,410.1999816894531,489.3866271972656,353.58013916015625,1683.8719482421875,1683.8719482421875,613.0,1940.0,50.0,861.3352661132812,990.0,1236.5372314453125,1449.149658203125,3466.991455078125,1350.0,793.1536254882812
2014-01-17,1200.0,1200.0,1197.0,492.20001220703125,654.3046264648438,1187.0660400390625,155.60000610351562,172.60548400878906,750.4474487304688,930.0,930.0,1532.0,2260.0,1200.0,1427.689208984375,1350.0,1350.0,693.0,574.5,672.6285400390625,772.2223510742188,587.2999877929688,728.725341796875,730.1597290039062,341.6300048828125,415.0445251464844,353.4464111328125,12279.400390625,12279.400390625,613.0,1650.0,50.0,863.9799194335938,900.0,1151.681396484375,1448.8282470703125,3342.099365234375,1350.0,795.7877807617188
2014-01-18,1200.0,1200.0,1197.0,418.1000061035156,547.8030395507812,1185.2882080078125,133.39999389648438,150.57032775878906,750.3357543945312,880.0,880.0,1532.0,2050.0,1200.0,1428.871337890625,1350.0,1350.0,693.0,467.29998779296875,561.5523681640625,771.8748779296875,485.5,604.7835693359375,729.6865234375,291.25299072265625,353.8588562011719,353.3323059082031,1129.9998779296875,1129.9998779296875,613.0,1510.0,50.0,866.309814453125,810.0,1011.1209716796875,1448.5789794921875,2888.7001953125,1350.0,797.7557983398438
2014-01-19,1200.0,1200.0,1197.0,367.29998779296875,462.7020263671875,1183.9588623046875,117.80000305175781,131.91354370117188,750.2440185546875,830.0,830.0,1532.0,1930.0,1200.0,1429.84521484375,1350.0,1350.0,693.0,393.20001220703125,472.7348937988281,771.5777587890625,412.8999938964844,508.8890380859375,729.3057250976562,266.77398681640625,304.0411071777344,353.26409912109375,1056.99267578125,1056.99267578125,613.0,1310.0,160.0,868.1174926757812,800.0,897.4140014648438,1448.458251953125,2631.953369140625,1350.0,799.3390502929688
2014-01-20,1200.0,1200.0,1197.0,334.79998779296875,394.1013488769531,1183.1126708984375,106.5,116.67569732666016,750.1777954101562,710.0,710.0,1532.0,1760.0,1200.0,1430.585693359375,1350.0,1350.0,693.0,339.3999938964844,402.38995361328125,771.3424682617188,356.8999938964844,435.3593444824219,728.9942626953125,231.8909912109375,263.8951416015625,353.2054138183594,1070.280029296875,1070.280029296875,613.0,1150.0,260.0,869.4754028320312,730.0,804.942626953125,1448.3653564453125,2406.970458984375,1350.0,800.6080322265625
2014-01-21,1200.0,1200.0,1197.0,292.5,337.3675842285156,1182.4686279296875,94.5999984741211,104.98379516601562,750.1102905273438,720.0,720.0,1532.0,1670.0,1200.0,1431.2071533203125,1350.0,1350.0,693.0,295.1000061035156,348.8266296386719,771.1417846679688,317.1000061035156,377.472900390625,728.7442626953125,204.8000030517578,232.49473571777344,353.1545715332031,1063.456298828125,1063.456298828125,613.0,1010.0,360.0,870.4671630859375,670.0,746.62841796875,1448.270263671875,2181.416748046875,1350.0,801.6387329101562
2014-01-22,1200.0,1200.0,1197.0,256.8999938964844,290.27838134765625,1181.9886474609375,86.19999694824219,95.58920288085938,750.0492553710938,620.0,620.0,1532.0,1560.0,1200.0,1431.6832275390625,1350.0,1350.0,693.0,261.70001220703125,304.05108642578125,770.9832763671875,288.29998779296875,330.68194580078125,728.5687866210938,183.99099731445312,213.92478942871094,353.09967041015625,1118.8712158203125,1118.8712158203125,613.0,930.0,330.86102294921875,871.3812866210938,620.0,681.0856323242188,1448.194580078125,2037.0576171875,1350.0,802.4616088867188
2014-01-23,1200.0,1200.0,1197.0,223.89999389648438,253.58558654785156,1181.5557861328125,81.5999984741211,87.8927993774414,750.00830078125,630.0,630.0,1532.0,1470.0,1200.0,1432.0401611328125,1350.0,1350.0,693.0,241.6999969482422,268.7007141113281,770.8802490234375,261.70001220703125,295.58795166015625,728.428466796875,170.07701110839844,193.77378845214844,353.0560607910156,1065.1002197265625,1065.1002197265625,613.0,820.0,412.8499755859375,872.0025024414062,630.0,644.0570678710938,1448.1771240234375,1860.620849609375,1350.0,803.057373046875
2014-01-24,1200.0,1200.0,1197.0,196.10000610351562,231.1570587158203,1181.04443359375,76.80000305175781,78.07726287841797,750.0,660.0,660.0,1532.0,1410.0,1200.0,1432.31787109375,1350.0,1350.0,693.0,214.5,239.8338165283203,770.7836303710938,237.10000610351562,267.2253112792969,728.3037109375,177.16400146484375,177.30230712890625,353.0551452636719,1107.3653564453125,1107.3653564453125,613.0,730.0,441.864013671875,872.442138671875,550.0,599.3713989257812,1448.115966796875,1786.1107177734375,1350.0,803.566162109375
2014-01-25,1200.0,1200.0,1197.0,180.1999969482422,212.97137451171875,1180.56005859375,72.5,72.5,750.0,640.0,640.0,1532.0,1290.0,1200.0,1432.4368896484375,1350.0,1350.0,693.0,198.0,219.689208984375,770.700927734375,225.39999389648438,245.2501983642578,728.2214965820312,153.8470001220703,177.95054626464844,353.0108337402344,1086.127685546875,1086.127685546875,613.0,680.0,483.42901611328125,872.7420654296875,570.0,569.5809326171875,1448.116455078125,1728.1290283203125,1350.0,804.0073852539062
2014-01-26,1200.0,1200.0,1197.0,186.3000030517578,224.13441467285156,1180.0,69.0999984741211,69.0999984741211,750.0,610.0,610.0,1532.0,1270.0,1200.0,1432.5294189453125,1350.0,1350.0,693.0,182.10000610351562,234.7700958251953,770.5,210.5,263.9920654296875,728.0,144.7310028076172,150.34107971191406,353.0,1100.9583740234375,1100.9583740234375,613.0,650.0,512.823974609375,872.9513549804688,510.0,573.053955078125,1448.038330078125,1624.6307373046875,1350.0,804.3277587890625
2014-01-27,1200.0,1200.0,1197.0,176.60000610351562,176.60000610351562,1180.0,69.0999984741211,69.0999984741211,750.0,550.0,550.0,1532.0,1190.0,1200.0,1432.5162353515625,1350.0,1350.0,693.0,179.39999389648438,179.39999389648438,770.5,201.3000030517578,201.3000030517578,728.0,179.61700439453125,179.61700439453125,352.99920654296875,1092.7967529296875,1092.7967529296875,613.0,590.0,544.301025390625,873.01953125,510.0,540.8995971679688,1448.0,1516.586669921875,1350.0,804.5221557617188
2014-01-28,1200.0,1200.0,1197.0,363.3999938964844,363.3999938964844,1180.0,97.5,97.5,750.0,580.0,580.0,1532.0,1300.0,1200.0,1432.6484375,1350.0,1350.0,693.0,308.79998779296875,308.79998779296875,770.5,478.5,478.5,728.0,334.6180114746094,334.49603271484375,352.9986572265625,1112.3153076171875,1112.3153076171875,613.0,760.0,505.69598388671875,873.3798217773438,580.0,580.0,1448.0,1630.5472412109375,1350.0,804.8494873046875
2014-01-29,1200.0,1200.0,1197.0,894.2000122070312,894.2000122070312,1180.0,152.10000610351562,152.10000610351562,750.0,2250.0,2250.0,1532.0,3680.0,1200.0,1435.8612060546875,1350.0,1350.0,693.0,757.0999755859375,757.0999755859375,770.5,1203.0,874.8994750976562,729.3435668945312,483.72998046875,483.5267333984375,352.998291015625,2429.033447265625,2429.033447265625,613.0,3970.0,50.0,879.0050048828125,1510.0,1000.0,1448.6322021484375,3744.60595703125,1350.0,807.607666015625
2014-01-30,1200.0,1200.0,1197.0,1063.4000244140625,1000.0,1180.9384765625,169.8000030517578,169.8000030517578,750.0,2040.0,2040.0,1532.0,3480.0,1200.0,1438.6962890625,1350.0,1350.0,693.0,1068.5,1068.5,770.5,1349.4000244140625,509.8655090332031,732.5616455078125,424.2289733886719,423.9715270996094,352.998046875,2325.049560546875,2325.049560546875,613.0,3190.0,50.0,883.310791015625,1570.0,400.0,1450.1451416015625,4341.90283203125,1350.0,810.9095458984375
2014-01-31,1200.0,1200.0,1197.0,725.7999877929688,50.0,1190.24951171875,151.6999969482422,151.6999969482422,750.0,1470.0,1470.0,1532.0,2680.0,1200.0,1440.531005859375,1350.0,1350.0,693.0,779.7999877929688,779.7999877929688,770.5,896.0999755859375,237.69189453125,734.9048461914062,360.32000732421875,360.0264587402344,352.9978942871094,1829.849609375,1829.849609375,613.0,1800.0,50.0,885.6707763671875,1250.0,400.0,1451.1988525390625,3417.8876953125,1350.0,813.1735229492188
2014-02-01,1050.0,1050.0,1197.0,561.4000244140625,50.0,1196.593505859375,131.8000030517578,131.8000030517578,750.0,1140.0,3000.0,1525.3511962890625,2260.0,1050.0,1442.0291748046875,1350.0,1350.0,693.0,607.4000244140625,607.4000244140625,770.5,661.5999755859375,50.0,737.0933227539062,295.74200439453125,295.42437744140625,352.9967956542969,1448.1522216796875,1321.0889892578125,613.280029296875,1580.0,50.0,887.6272583007812,1050.0,400.0,1452.00439453125,2665.10400390625,1350.0,814.54638671875
2014-02-02,1050.0,1050.0,1197.0,475.3999938964844,50.0,1201.501708984375,118.30000305175781,75.0,750.2816162109375,990.0,2457.5,1520.0,2040.0,1050.0,1443.19580078125,1350.0,1350.0,693.0,503.5,503.5,770.5,547.4000244140625,50.0,738.6322631835938,273.1419982910156,50.0,353.3999938964844,1274.5272216796875,1147.4915771484375,613.5599975585938,1340.0,50.0,889.3121948242188,970.0,1482.138916015625,1451.3697509765625,2553.501708984375,1350.0,815.8027954101562
2014-02-03,1050.0,1050.0,1197.0,413.8999938964844,575.03125,1199.6802978515625,108.4000015258789,75.0,750.498779296875,860.0,860.0,1520.0,1870.0,1050.0,1444.1998291015625,1350.0,1350.0,693.0,450.70001220703125,190.0,771.4841918945312,498.20001220703125,50.0,740.0526123046875,253.84500122070312,50.0,353.767578125,1312.7515869140625,1185.688232421875,613.8400268554688,1210.0,50.0,890.750244140625,850.0,400.0,1451.9276123046875,2846.131103515625,1350.0,817.3646240234375
2014-02-04,1050.0,1050.0,1197.0,349.79998779296875,50.0,1203.03466796875,100.0999984741211,75.0,750.6620483398438,800.0,800.0,1520.0,1790.0,1050.0,1445.063232421875,1350.0,1350.0,693.0,424.1000061035156,190.0,772.351318359375,449.20001220703125,50.0,741.319091796875,205.6420135498047,50.0,354.0387268066406,1094.6705322265625,972.1768188476562,614.1099853515625,1070.0,50.0,892.0772094726562,790.0,400.0,1452.386962890625,2452.068115234375,1350.0,818.4893798828125
2014-02-05,1050.0,1050.0,1197.0,296.3999938964844,50.0,1205.6705322265625,93.5999984741211,75.0,750.782958984375,680.0,680.0,1520.0,1530.0,1050.0,1445.623291015625,1350.0,1350.0,693.0,402.29998779296875,190.0,773.1259155273438,411.1000061035156,50.0,742.3993530273438,201.14801025390625,50.0,354.25927734375,998.4183959960938,871.3551025390625,614.3900146484375,930.0,50.0,893.158203125,770.0,400.0,1452.818603515625,1907.453369140625,1350.0,819.042236328125
2014-02-06,1050.0,1050.0,1197.0,282.6000061035156,50.0,1208.0787353515625,116.0,75.0,751.0466918945312,710.0,710.0,1520.0,1560.0,1050.0,1446.21826171875,1350.0,1350.0,693.0,446.3999938964844,190.0,774.0463256835938,408.8999938964844,50.0,743.5857543945312,257.58599853515625,50.0,354.5626525878906,1033.459716796875,906.4241943359375,614.6699829101562,900.0,50.0,894.1593017578125,740.0,400.0,1453.228759765625,1819.6485595703125,1350.0,819.5079956054688
2014-02-07,1050.0,1050.0,1197.0,315.70001220703125,50.0,1210.7335205078125,346.0,75.0,752.6646728515625,780.0,780.0,1520.0,1580.0,1050.0,1446.836669921875,1350.0,1350.0,693.0,1273.199951171875,413.1231994628906,777.02001953125,935.9000244140625,50.0,746.2980346679688,292.6409912109375,50.0,354.9174499511719,1150.1568603515625,1023.093505859375,614.9500122070312,920.0,50.0,895.2378540039062,830.0,400.0,1453.7618408203125,2131.6796875,1350.0,820.283203125
2014-02-08,1050.0,1050.0,1197.0,491.0,50.0,1214.939697265625,788.7999877929688,131.70643615722656,756.0599975585938,1030.0,1030.0,1520.0,1610.0,1050.0,1447.489990234375,1350.0,1350.0,693.0,3312.199951171875,2431.431396484375,779.931640625,2507.39990234375,1033.527099609375,750.760009765625,424.50799560546875,50.0,355.38134765625,1850.133056640625,1723.0975341796875,615.22998046875,1220.0,50.0,896.6477661132812,2730.0,400.0,1456.5877685546875,4484.97412109375,1350.0,823.3735961914062
2014-02-09,1050.0,1050.0,1197.0,866.5,50.0,1222.208251953125,818.5999755859375,818.5997924804688,756.0599975585938,1850.0,1850.0,1520.0,1970.0,1050.0,1448.5634765625,1350.0,1350.0,693.0,3966.699951171875,2750.680908203125,783.5299072265625,3293.199951171875,1632.4884033203125,755.6085205078125,691.8469848632812,50.0,356.1283874511719,3326.777099609375,3199.7138671875,615.510009765625,3240.0,50.0,900.3696899414062,3240.0,400.0,1459.984375,5345.30419921875,1350.0,827.147216796875
2014-02-10,1050.0,1050.0,1197.0,1042.9000244140625,50.0,1230.05517578125,505.29998779296875,233.2815704345703,757.2899780273438,1820.0,1820.0,1520.0,2120.0,1050.0,1449.8118896484375,1350.0,1350.0,693.0,2466.5,3167.049072265625,781.468994140625,2275.300048828125,2289.329345703125,755.5687866210938,1107.6749267578125,50.0,357.17584228515625,2853.9130859375,2731.391845703125,615.780029296875,2910.0,50.0,903.6117553710938,2390.0,400.0,1462.30615234375,4478.45556640625,1350.0,830.0064697265625
2014-02-11,1050.0,1050.0,1197.0,2076.800048828125,283.9999694824219,1242.8900146484375,541.2000122070312,541.1983032226562,757.2899780273438,2010.0,2010.0,1520.0,3320.0,1050.0,1452.401611328125,1350.0,1350.0,693.0,2430.39990234375,2614.6259765625,780.8800048828125,2541.0,1759.6138916015625,757.6400146484375,2088.02587890625,50.0,358.8381042480469,3812.06591796875,3685.0302734375,616.0599975585938,6020.0,50.0,910.1276245117188,1920.0,400.0,1464.0751953125,3998.740478515625,1350.0,832.39453125
2014-02-12,1050.0,1050.0,1197.0,4638.2001953125,1129.04443359375,1263.3182373046875,1057.0999755859375,563.191162109375,759.341552734375,6930.0,300.0,1543.9173583984375,12690.0,1050.0,1465.0390625,1350.0,1350.0,693.0,4303.7998046875,1220.24755859375,789.5401611328125,4435.39990234375,3626.225341796875,759.7899780273438,3894.341064453125,1418.9761962890625,360.4800109863281,9898.021484375,9770.9580078125,616.3400268554688,19030.0,50.0,928.6767578125,7220.0,400.0,1471.66455078125,11552.0712890625,1350.0,841.0431518554688
2014-02-13,1050.0,1050.0,1197.0,5466.5,50.0,1286.117919921875,1617.5,1508.8145751953125,759.7667846679688,7050.0,300.0,1565.3980712890625,13600.0,1050.0,1477.8314208984375,1350.0,1350.0,693.0,6089.39990234375,3269.098388671875,796.14013671875,5372.0,4043.034912109375,763.1112060546875,5123.89697265625,2268.82958984375,362.0852966308594,9303.201171875,9176.166015625,616.6199951171875,14220.0,50.0,940.9560546875,8330.0,4023.505615234375,1476.2802734375,16260.0146484375,1350.0,852.5470581054688
2014-02-14,5334.81591796875,5334.81591796875,1197.0,4754.7001953125,50.0,1301.5748291015625,2104.300048828125,574.318359375,765.15380859375,8780.0,300.0,1588.8233642578125,15770.0,5334.81591796875,1487.80029296875,3063.03125,3063.03125,693.0,7066.2001953125,1244.3564453125,807.4305419921875,5438.10009765625,4083.821533203125,766.4688720703125,5873.3798828125,3023.912109375,363.451416015625,15067.384765625,14940.3212890625,616.9000244140625,14880.0,5197.88818359375,948.759521484375,11760.0,1531.515625,1486.7462158203125,20703.0703125,3063.03125,864.7885131835938
2014-02-15,6755.62451171875,6755.62451171875,1197.0,4491.2001953125,457.5830078125,1313.1287841796875,2340.800048828125,834.4027709960938,769.6533203125,7470.0,300.0,1606.42236328125,14100.0,6755.62451171875,1494.447021484375,4450.14794921875,4450.14794921875,693.0,8018.2001953125,1807.8726806640625,817.2797241210938,5871.39990234375,3603.53271484375,771.6370849609375,5870.7783203125,3355.850341796875,364.51336669921875,14553.1630859375,14427.1455078125,617.1599731445312,11170.0,5474.607421875,953.146484375,10620.0,2225.073974609375,1494.8302001953125,19518.462890625,4450.14794921875,874.3916015625
2014-02-16,8863.3408203125,8863.3408203125,1197.0,3433.5,2509.001708984375,1315.6239013671875,1647.5,1705.4560546875,769.4890747070312,5530.0,557.2432861328125,1617.7149658203125,11960.0,8863.3408203125,1497.122802734375,9095.765625,9095.765625,693.0,5673.2001953125,3695.15478515625,820.0821533203125,4185.89990234375,3189.720947265625,773.83251953125,5118.3310546875,3724.5625,365.059814453125,13535.1455078125,13409.1044921875,617.4099731445312,8990.0,6531.3291015625,954.9892578125,7510.0,4547.8828125,1497.5994873046875,16726.96484375,9095.765625,879.027099609375
2014-02-17,8073.017578125,8073.017578125,1197.0,2325.0,3593.73095703125,1312.1717529296875,1238.5999755859375,2208.02734375,766.69921875,3700.0,880.8875122070312,1623.9278564453125,8720.0,8073.017578125,1497.7061767578125,11938.884765625,11938.884765625,693.0,3818.199951171875,4917.22900390625,818.5250854492188,2938.300048828125,2925.52978515625,773.8606567382812,4264.7587890625,3808.44482421875,365.225830078125,11903.7216796875,11777.6806640625,617.6599731445312,6580.0,6173.037109375,955.2886352539062,4760.0,6051.97412109375,1496.40771484375,15597.642578125,11938.884765625,881.1901245117188
2014-02-18,6867.77099609375,6867.77099609375,1197.0,2681.0,3536.195556640625,1309.74853515625,1545.199951171875,1773.84375,765.94580078125,3460.0,1181.6529541015625,1628.754150390625,9440.0,6867.77099609375,1499.8936767578125,10739.9775390625,10739.9775390625,693.0,4448.39990234375,4363.11572265625,818.6458740234375,3174.300048828125,2515.2744140625,775.1817626953125,3852.1220703125,3831.881591796875,365.2316589355469,10605.3701171875,10479.3291015625,617.9099731445312,7860.0,5277.50927734375,957.185791015625,4840.0,5369.98876953125,1495.9071044921875,15263.30078125,10739.9775390625,883.8289184570312
2014-02-19,5241.85302734375,5241.85302734375,1197.0,2645.60009765625,3475.794677734375,1307.3961181640625,1597.199951171875,1391.66845703125,766.622802734375,3460.0,2202.4814453125,1631.3870849609375,7480.0,5241.85302734375,1501.7894287109375,11049.5947265625,11049.5947265625,693.0,4706.5,4488.89794921875,818.9541625976562,3239.10009765625,2155.948486328125,777.3301391601562,3666.4599609375,3832.703857421875,365.1689758300781,10827.7978515625,10700.73828125,618.1799926757812,7580.0,4294.0166015625,959.5997314453125,4920.0,4947.77978515625,1495.880859375,13763.4873046875,11049.5947265625,885.400390625
2014-02-20,3974.748046875,3974.748046875,1197.0,1567.5,2794.900634765625,1303.9046630859375,1042.0999755859375,1076.9453125,766.5076293945312,2580.0,3895.910888671875,1628.6383056640625,5310.0,3974.748046875,1502.8929443359375,13285.9091796875,13285.9091796875,693.0,3145.0,5397.400390625,815.7448120117188,2556.89990234375,1763.4569091796875,778.9039306640625,2963.7509765625,3298.022705078125,365.04461669921875,7696.923828125,7569.8603515625,618.4600219726562,5610.0,3351.9453125,961.213623046875,3160.0,3336.5087890625,1495.7142333984375,10373.5537109375,13285.9091796875,883.713134765625
2014-02-21,2591.48486328125,2591.48486328125,1197.0,1254.4000244140625,2490.03369140625,1300.1531982421875,762.2999877929688,829.2114868164062,766.2864379882812,2140.0,4828.5107421875,1622.895263671875,4290.0,2591.48486328125,1504.2967529296875,12887.2841796875,12887.2841796875,693.0,2511.89990234375,5111.7255859375,811.6763305664062,2274.199951171875,1350.0914306640625,780.5789794921875,2307.989990234375,2422.361328125,365.0010070800781,6953.5478515625,6831.05419921875,618.72998046875,4500.0,2450.564697265625,962.6654052734375,2430.0,2159.271240234375,1495.9698486328125,8551.9765625,12887.2841796875,881.1840209960938
2014-02-22,2194.184326171875,2194.184326171875,1197.0,978.5,2432.17626953125,1295.583740234375,585.4000244140625,642.6647338867188,766.0971069335938,1960.0,5502.04638671875,1615.089111328125,4150.0,2194.184326171875,1505.9130859375,9396.521484375,9396.521484375,693.0,2063.10009765625,5000.0,806.71484375,1852.699951171875,987.7464599609375,782.2294921875,1742.2430419921875,1768.9937744140625,364.9888000488281,4880.02490234375,4752.45703125,619.010009765625,3670.0,1786.4232177734375,963.9996948242188,1990.0,1455.68798828125,1496.4744873046875,6328.33056640625,9396.521484375,879.3757934570312
2014-02-23,1395.8450927734375,1395.8450927734375,1197.0,742.9000244140625,1699.3289794921875,1292.519287109375,469.6000061035156,495.7696533203125,766.0106201171875,1670.0,5577.3857421875,1606.1444091796875,3540.0,1395.8450927734375,1507.65771484375,6657.66455078125,6657.66455078125,693.0,1634.5,3638.102294921875,803.0122680664062,1373.4000244140625,677.7717895507812,783.4838256835938,1356.0479736328125,1263.1300048828125,365.02215576171875,4270.77392578125,4144.732421875,619.260009765625,2850.0,1323.298828125,965.078369140625,1700.0,954.25244140625,1497.1707763671875,5654.34228515625,6657.66455078125,878.772705078125
2014-02-24,1050.0,1050.0,1197.0,762.4000244140625,1213.51904296875,1291.0279541015625,405.70001220703125,383.1830139160156,766.0850830078125,1510.0,5373.283203125,1596.8341064453125,3270.0,1050.0,1509.458984375,4906.083984375,4906.083984375,693.0,1339.0999755859375,2656.823974609375,800.4985961914062,1104.0,436.20660400390625,784.68798828125,1121.9239501953125,878.172607421875,365.110107421875,3124.08642578125,2998.044921875,619.510009765625,2680.0,929.423828125,966.2855224609375,1920.0,612.7119140625,1498.3660888671875,5060.88720703125,4906.083984375,878.8657836914062
2014-02-25,1455.2161865234375,1455.2161865234375,1197.0,833.5999755859375,874.9199829101562,1290.86962890625,339.29998779296875,304.5967102050781,766.1997680664062,1560.0,5159.0703125,1587.7552490234375,3800.0,1455.2161865234375,1511.3193359375,3832.75830078125,3832.75830078125,693.0,1138.300048828125,1972.7144775390625,798.8435668945312,900.7999877929688,268.9535217285156,785.8272705078125,885.9000244140625,583.6314697265625,365.21954345703125,3322.024169921875,3195.982421875,619.760009765625,2630.0,655.8615112304688,967.660400390625,1910.0,400.0,1499.7562255859375,3843.959716796875,3832.75830078125,878.8724975585938
2014-02-26,1050.0,1050.0,1197.0,838.7999877929688,729.7855224609375,1291.251708984375,297.1000061035156,254.5495147705078,766.3404541015625,1610.0,4910.20849609375,1578.975341796875,3270.0,1050.0,1513.0406494140625,3747.63037109375,3747.63037109375,693.0,998.2999877929688,1508.94140625,797.8118896484375,779.4000244140625,277.0771484375,786.7330932617188,731.7219848632812,398.86822509765625,365.3401794433594,3088.3427734375,2962.805908203125,620.010009765625,2420.0,883.2911987304688,968.71142578125,1780.0,565.0846557617188,1500.89208984375,4003.45751953125,3747.63037109375,879.0262451171875
2014-02-27,1050.0,1050.0,1197.0,797.7000122070312,696.4041137695312,1291.5865478515625,280.8999938964844,230.464599609375,766.5071411132812,1780.0,4559.01611328125,1571.2437744140625,3470.0,1050.0,1514.960693359375,3741.234375,3741.234375,693.0,908.5,1254.3167724609375,797.0498046875,738.5999755859375,320.13946533203125,787.4876098632812,679.4929809570312,307.39154052734375,365.4752197265625,3580.71337890625,3453.677734375,620.2899780273438,2440.0,1094.9912109375,969.6102905273438,1700.0,720.3920288085938,1501.7802734375,4314.8603515625,3741.234375,879.3710327148438
2014-02-28,1050.0,1050.0,1197.0,763.2000122070312,942.9708862304688,1290.99072265625,281.5,231.6476287841797,766.6719970703125,1640.0,4249.75341796875,1563.5633544921875,3230.0,1050.0,1516.625244140625,3784.43212890625,3784.43212890625,693.0,885.4000244140625,1235.7095947265625,796.2777709960938,741.0,498.8804931640625,787.9241943359375,659.822998046875,278.28619384765625,365.61370849609375,5099.47802734375,4972.4150390625,620.5700073242188,2230.0,3025.057373046875,969.0846557617188,1560.0,1954.3409423828125,1501.4246826171875,4826.70166015625,3784.43212890625,879.9974975585938
2014-03-01,2821.046875,2821.046875,1197.0,953.2999877929688,994.5392456054688,1290.8271484375,313.8999938964844,254.5696258544922,766.8681030273438,1700.0,3942.5322265625,1556.6375732421875,5430.0,2821.046875,1518.6156005859375,4504.18359375,4504.18359375,693.0,1049.0999755859375,1398.58544921875,795.5075073242188,857.5,567.426025390625,788.4099731445312,755.0499877929688,250.78587341308594,365.79522705078125,2832.3486328125,2705.31298828125,620.8499755859375,2440.0,61.32550811767578,970.6799926757812,1630.0,400.0,1502.53369140625,5014.0673828125,4504.18359375,880.2950439453125
2014-03-02,3792.322998046875,3792.322998046875,1197.0,1759.800048828125,1189.889892578125,1292.739990234375,378.70001220703125,405.73382568359375,766.7787475585938,2240.0,3665.503662109375,1552.031494140625,5940.0,3792.322998046875,1520.2154541015625,4307.93896484375,4307.93896484375,693.0,1502.5,1553.5516357421875,795.39501953125,1272.300048828125,821.0640869140625,789.1699829101562,853.7680053710938,246.63589477539062,366.01300048828125,8048.30517578125,7919.734375,621.1199951171875,4590.0,4872.666015625,970.4866333007812,2700.0,1761.2347412109375,1503.3800048828125,5139.29443359375,4307.93896484375,880.780029296875
2014-03-03,7699.84033203125,7699.84033203125,1197.0,2464.199951171875,2468.232177734375,1292.7266845703125,445.1000061035156,222.88345336914062,767.4400024414062,3210.0,3481.258056640625,1551.134765625,9540.0,7699.84033203125,1521.5963134765625,5943.68701171875,5943.68701171875,693.0,2023.800048828125,1517.873779296875,796.510009765625,1685.5999755859375,1081.0675048828125,790.2600708007812,865.8049926757812,440.28399658203125,366.1502380371094,10082.17578125,9956.1337890625,621.3699951171875,6720.0,4593.12255859375,971.9099731445312,3380.0,3372.607421875,1503.38671875,7212.1533203125,5943.68701171875,881.52001953125
2014-03-04,6724.85205078125,6724.85205078125,1197.0,2154.89990234375,1503.51318359375,1294.8800048828125,467.79998779296875,467.8002624511719,767.4400024414062,3140.0,3445.38916015625,1550.2501220703125,8360.0,6724.85205078125,1522.797607421875,7302.58203125,7302.58203125,693.0,1980.800048828125,1980.801513671875,796.510009765625,1630.0,1268.6322021484375,790.91162109375,913.9229736328125,1055.323974609375,366.10003662109375,9535.6259765625,9409.583984375,621.6199951171875,5560.0,5867.5283203125,971.7066650390625,3770.0,2579.54150390625,1504.4599609375,9240.4189453125,7302.58203125,882.6505126953125
2014-03-05,8151.5263671875,8151.5263671875,1197.0,1921.4000244140625,1919.3837890625,1294.88671875,488.79998779296875,202.9380645751953,768.25,2900.0,3410.006103515625,1548.527099609375,9650.0,8151.5263671875,1523.8984375,7246.89208984375,7246.89208984375,693.0,1988.0999755859375,1384.603271484375,797.8400268554688,1607.0,1309.969482421875,791.4099731445312,1473.0689697265625,403.7675476074219,366.45001220703125,8409.6748046875,8283.6337890625,621.8699951171875,6150.0,3982.0341796875,973.1400146484375,3100.0,3085.19677734375,1504.4732666015625,7845.98828125,7246.89208984375,883.0
2014-03-06,9343.615234375,9343.615234375,1197.0,2464.39990234375,1820.083251953125,1296.8499755859375,739.2000122070312,739.2000122070312,768.25,3860.0,2749.794677734375,1552.1092529296875,12310.0,9343.615234375,1526.0775146484375,8098.4501953125,8098.4501953125,693.0,3179.5,3179.504150390625,797.8400268554688,2085.39990234375,1354.5164794921875,792.6180419921875,2287.77001953125,2287.7822265625,366.4464416503906,12298.576171875,12172.53515625,622.1199951171875,7890.0,8162.25732421875,972.9600219726562,3690.0,2473.64453125,1505.5699462890625,9818.6259765625,8098.4501953125,884.0034790039062
2014-03-07,8877.9375,8877.9375,1197.0,2274.0,2279.039306640625,1296.8333740234375,881.0999755859375,598.7709350585938,769.0499877929688,3460.0,3484.372314453125,1552.0286865234375,9720.0,8877.9375,1526.6961669921875,8529.9306640625,8529.9306640625,693.0,3635.0,3027.99267578125,799.0599975585938,2048.60009765625,1712.9232177734375,793.1729125976562,2238.38916015625,946.2203369140625,366.8699951171875,10485.3505859375,10359.3095703125,622.3699951171875,7570.0,5437.39697265625,974.3699951171875,4430.0,4418.888671875,1505.5799560546875,10530.974609375,8529.9306640625,885.1659545898438
2014-03-08,5885.125,5885.125,1197.0,1996.0999755859375,1343.706298828125,1298.989990234375,670.7999877929688,670.7985229492188,769.0499877929688,2650.0,3481.149658203125,1549.44775390625,6870.0,5885.125,1527.4046630859375,8912.3173828125,8912.3173828125,693.0,2482.800048828125,2482.799560546875,799.0599975585938,1652.800048828125,1400.427734375,793.5900268554688,2125.080078125,2125.0751953125,366.8663024902344,8141.9677734375,8015.92578125,622.6199951171875,4930.0,5166.9560546875,974.2133178710938,2890.0,1647.1385498046875,1506.6700439453125,8919.37890625,8912.3173828125,885.1699829101562
2014-03-09,7998.728515625,7998.728515625,1197.0,2974.800048828125,2859.9453125,1299.31689453125,1077.4000244140625,802.1161499023438,769.8300170898438,4130.0,2306.761962890625,1555.308349609375,12830.0,7998.728515625,1530.86279296875,9375.1201171875,9375.1201171875,693.0,3990.0,3176.14990234375,800.6742553710938,2859.300048828125,2429.773681640625,794.2999877929688,2496.18994140625,1177.001220703125,367.2799987792969,14970.2646484375,14844.22265625,622.8699951171875,10510.0,8427.74609375,975.5900268554688,5120.0,5108.42138671875,1506.6800537109375,10645.6767578125,9375.1201171875,885.8900146484375
2014-03-10,8496.9716796875,8496.9716796875,1197.0,3398.800048828125,1698.7659912109375,1304.419677734375,1744.5,825.5014038085938,772.3797607421875,6720.0,1155.557861328125,1572.0313720703125,13990.0,8496.9716796875,1534.6934814453125,8258.0009765625,8258.0009765625,693.0,7063.0,1788.58642578125,810.1965942382812,5160.0,3034.052734375,797.6744384765625,2490.173095703125,2490.171875,367.27642822265625,15569.63671875,15443.5947265625,623.1199951171875,10480.0,8155.912109375,977.12255859375,9120.0,4129.00048828125,1511.0711669921875,19698.041015625,8258.0009765625,892.3072509765625
2014-03-11,10771.5947265625,10771.5947265625,1197.0,2171.10009765625,1447.900390625,1306.4688720703125,1208.0999755859375,950.0514526367188,773.0195922851562,4220.0,2748.399169921875,1576.176025390625,9050.0,10771.5947265625,1533.4986572265625,12548.595703125,12548.595703125,693.0,4790.39990234375,4444.89697265625,810.7676391601562,3601.39990234375,2336.99560546875,799.6035766601562,2108.43701171875,794.5850219726562,367.67999267578125,9888.4794921875,9762.4375,623.3699951171875,6610.0,3975.361083984375,978.8082275390625,5430.0,4301.291015625,1512.04443359375,15022.7763671875,12548.595703125,893.67041015625
2014-03-12,8396.28515625,8396.28515625,1197.0,1337.699951171875,1102.825927734375,1307.1343994140625,775.0999755859375,742.4777221679688,773.1004638671875,2970.0,3757.228515625,1573.9705810546875,5920.0,8396.28515625,1531.7532958984375,11019.2978515625,11019.2978515625,693.0,2703.89990234375,3334.05859375,809.72607421875,2065.0,1758.77099609375,800.0657348632812,1630.0390625,1630.0311279296875,367.6763000488281,6456.333984375,6330.29248046875,623.6199951171875,4360.0,3310.999755859375,979.4954223632812,3500.0,3382.59423828125,1512.145751953125,10813.5380859375,11019.2978515625,893.5570678710938
2014-03-13,3572.16796875,3572.16796875,1197.0,940.4000244140625,784.8079223632812,1307.5753173828125,582.7000122070312,571.1871337890625,773.1289672851562,2280.0,4358.82080078125,1567.937255859375,4210.0,3572.16796875,1532.1962890625,8851.6376953125,8851.6376953125,693.0,1854.5,2489.074951171875,808.6771850585938,1388.5999755859375,1297.9412841796875,800.1942138671875,1183.677001953125,50.0,368.0218811035156,5995.58935546875,5869.5478515625,623.8699951171875,3240.0,2701.511962890625,979.8514404296875,2640.0,2669.656005859375,1512.1201171875,8825.9951171875,8851.6376953125,893.5429077148438
2014-03-14,3241.278564453125,3241.278564453125,1197.0,733.7999877929688,601.8876953125,1307.9490966796875,457.3999938964844,447.3309326171875,773.1539306640625,2000.0,4117.49072265625,1561.651611328125,4090.0,3241.278564453125,1532.797607421875,7136.93701171875,7136.93701171875,693.0,1414.9000244140625,1878.0843505859375,807.903564453125,1048.0,963.3882446289062,800.3140869140625,977.0899658203125,932.2471923828125,368.0311279296875,4189.21728515625,4057.1259765625,624.1199951171875,2910.0,2210.315185546875,980.3038940429688,2180.0,2187.744384765625,1512.113525390625,6985.470703125,7136.93701171875,893.45947265625
2014-03-15,2904.296875,2904.296875,1197.0,561.7000122070312,501.97845458984375,1308.1182861328125,373.79998779296875,366.83502197265625,773.1712036132812,1710.0,3866.06298828125,1554.966064453125,3860.0,2904.296875,1533.474609375,5873.11181640625,5873.11181640625,693.0,1104.0999755859375,1471.151611328125,807.24169921875,815.4000244140625,755.5287475585938,800.3988647460938,778.802001953125,50.0,368.2341613769531,4403.89306640625,4265.2470703125,624.3699951171875,2390.0,1908.069091796875,980.6122436523438,1870.0,1823.0894775390625,1512.1539306640625,5786.8388671875,5873.11181640625,893.4119262695312
2014-03-16,2364.239501953125,2364.239501953125,1197.0,507.79998779296875,418.3526916503906,1308.3717041015625,340.79998779296875,298.3086242675781,773.2765502929688,1510.0,3598.640869140625,1548.07373046875,3440.0,2364.239501953125,1534.228515625,4828.93212890625,4828.93212890625,693.0,955.5999755859375,1174.6629638671875,806.8466796875,733.4000244140625,598.525390625,800.5899658203125,747.4089965820312,50.0,368.4282531738281,2955.57080078125,2816.925048828125,624.6199951171875,2140.0,1541.9140625,980.9949340820312,1850.0,1475.0457763671875,1512.477294921875,4977.947265625,4828.93212890625,893.4940185546875
2014-03-17,2492.9375,2492.9375,1197.0,588.0,337.1688232421875,1309.08251953125,347.0,240.42013549804688,773.5408325195312,1460.0,3322.948486328125,1541.7362060546875,3600.0,2492.9375,1534.985595703125,4006.3671875,4006.3671875,693.0,962.2999877929688,950.7764892578125,806.8674926757812,795.5999755859375,474.8713073730469,801.0477905273438,666.85302734375,50.0,368.5994567871094,3515.5966796875,3376.950927734375,624.8699951171875,2210.0,1255.0421142578125,981.5870361328125,1720.0,1224.13525390625,1512.9049072265625,4615.9833984375,4006.3671875,893.8298950195312
2014-03-18,2153.333251953125,2153.333251953125,1197.0,575.7999877929688,264.3606262207031,1309.9649658203125,298.3999938964844,195.9444580078125,773.7948608398438,1310.0,3069.449951171875,1535.50390625,3330.0,2153.333251953125,1535.7904052734375,3355.56005859375,3355.56005859375,693.0,886.7000122070312,772.2633666992188,807.0738525390625,744.2999877929688,430.4789733886719,801.526611328125,571.0039672851562,50.0,368.7434387207031,2593.8505859375,2466.30126953125,625.1099853515625,1760.0,1027.8870849609375,982.0421142578125,1440.0,1010.683349609375,1513.275146484375,3992.92822265625,3355.56005859375,894.1810913085938
2014-03-19,1715.6666259765625,1715.6666259765625,1197.0,499.5,200.65167236328125,1310.811767578125,265.79998779296875,154.289794921875,774.0712890625,1180.0,3000.0,1528.884033203125,2890.0,1715.6666259765625,1536.5936279296875,2774.6044921875,2774.6044921875,693.0,802.5,622.9279174804688,807.3976440429688,653.5999755859375,472.88299560546875,801.8023071289062,553.3619995117188,50.0,368.8824157714844,2471.62158203125,2355.642333984375,625.3400268554688,1610.0,817.8704223632812,982.5489501953125,1360.0,885.048828125,1513.6846923828125,3613.59130859375,2774.6044921875,894.643310546875
2014-03-20,1500.0,1500.0,1197.0,443.3999938964844,142.6286163330078,1311.6639404296875,240.10000610351562,123.82423400878906,774.359619140625,1090.0,3000.0,1521.9072265625,2660.0,1500.0,1537.386962890625,2282.32275390625,2282.32275390625,693.0,714.7000122070312,502.1766662597656,807.7808227539062,781.7999877929688,316.76251220703125,802.4752807617188,424.2130126953125,50.0,368.9847717285156,1567.271484375,1451.322998046875,625.5700073242188,1480.0,656.407470703125,983.075927734375,1210.0,701.339599609375,1514.1234130859375,3306.300537109375,2282.32275390625,895.201904296875
2014-03-21,1500.0,1500.0,1197.0,394.3999938964844,93.77337646484375,1312.515869140625,208.10000610351562,98.41385650634766,774.6315307617188,990.0,1521.1826171875,1520.0,2430.0,1500.0,1538.0230712890625,1901.7249755859375,1901.7249755859375,693.0,607.0999755859375,389.17022705078125,808.1593017578125,1016.5,192.39378356933594,803.6428833007812,402.4830017089844,50.0,369.0765686035156,1764.716552734375,1648.76806640625,625.7999877929688,1320.0,650.1334838867188,983.5045166015625,1260.0,518.8196411132812,1514.7625732421875,2846.880126953125,1901.7249755859375,895.7085571289062
2014-03-22,1500.0,1500.0,1197.0,353.29998779296875,56.22578430175781,1313.3128662109375,196.0,79.55269622802734,774.9202880859375,900.0,900.0,1520.0,2240.0,1500.0,1538.5291748046875,1574.1357421875,1574.1357421875,693.0,542.0,306.4032287597656,808.5487060546875,449.20001220703125,120.0,804.1092529296875,403.74700927734375,50.0,369.1678466796875,1486.5247802734375,1370.5455322265625,626.030029296875,1240.0,701.0802612304688,983.8493041992188,960.0,453.80633544921875,1515.1990966796875,2584.396728515625,1574.1357421875,896.2501220703125
2014-03-23,1500.0,1500.0,1197.0,318.70001220703125,50.0,1313.9791259765625,180.6999969482422,70.37437438964844,775.1937866210938,840.0,840.0,1520.0,2120.0,1500.0,1538.9532470703125,1376.695556640625,1376.695556640625,693.0,495.8999938964844,256.75018310546875,808.9440307617188,395.3999938964844,120.0,804.4994506835938,382.9909973144531,50.0,369.2535705566406,2392.431640625,2266.389892578125,626.280029296875,1060.0,1450.373291015625,983.5995483398438,780.0,400.0,1515.52685546875,2408.998779296875,1376.695556640625,896.8035278320312
2014-03-24,1500.0,1500.0,1197.0,303.29998779296875,72.85794830322266,1314.6290283203125,170.89999389648438,102.07801055908203,775.3644409179688,780.0,780.0,1520.0,1890.0,1500.0,1539.219970703125,1337.3599853515625,1337.3599853515625,693.0,461.5,289.76678466796875,809.2279052734375,367.29998779296875,120.0,804.8497924804688,385.9420166015625,50.0,369.3400573730469,1600.8912353515625,1474.849609375,626.530029296875,1020.0,855.959716796875,983.7045288085938,950.0,400.0,1516.0010986328125,2187.42724609375,1337.3599853515625,897.2592163085938
2014-03-25,1500.0,1500.0,1197.0,330.6000061035156,431.4914245605469,1314.3431396484375,185.10000610351562,215.27340698242188,775.2896118164062,780.0,780.0,1520.0,2060.0,1500.0,1539.60302734375,1566.5093994140625,1566.5093994140625,693.0,466.0,507.0811462402344,809.1599731445312,373.1000061035156,120.0,805.2083740234375,565.2090454101562,50.0,369.4745788574219,1646.780029296875,1520.7384033203125,626.780029296875,1030.0,868.565673828125,983.8078002929688,960.0,527.4631958007812,1516.3585205078125,2231.72607421875,1566.5093994140625,897.6158447265625
2014-03-26,1500.0,1500.0,1197.0,475.3999938964844,50.0,1315.548583984375,300.1000061035156,98.28900146484375,775.7899780273438,930.0,930.0,1520.0,2380.0,1500.0,1540.1981201171875,3133.018798828125,3133.018798828125,693.0,658.2999877929688,658.2945556640625,809.1599731445312,485.1000061035156,222.78758239746094,805.5800170898438,791.8240356445312,50.0,369.6697998046875,1615.5244140625,1493.52001953125,627.02001953125,1290.0,706.7473754882812,984.17529296875,1050.0,1233.263671875,1516.20703125,2527.15869140625,3133.018798828125,897.2910766601562
2014-03-27,1500.0,1500.0,1197.0,945.5,939.4498291015625,1315.565673828125,608.7000122070312,608.6970825195312,775.7899780273438,1180.0,1180.0,1520.0,3020.0,1500.0,1541.2030029296875,6266.03759765625,6266.03759765625,693.0,1330.699951171875,719.6494750976562,810.1699829101562,851.2999877929688,413.686767578125,806.2000122070312,1248.1710205078125,50.0,369.9873352050781,1700.547119140625,1573.0037841796875,627.25,2730.0,314.6953125,985.6724243164062,1440.0,422.5331726074219,1517.050048828125,3277.63037109375,6266.03759765625,895.6890258789062
2014-03-28,3288.40283203125,3288.40283203125,1197.0,2072.699951171875,1396.1199951171875,1317.3399658203125,1233.5,958.2268676757812,776.4199829101562,2270.0,2270.0,1520.0,5480.0,3288.40283203125,1542.6519775390625,12532.0751953125,12532.0751953125,693.0,3366.0,3365.99658203125,810.1699829101562,1843.5999755859375,1413.052001953125,806.8099975585938,1951.7449951171875,50.0,370.47412109375,7055.00830078125,6927.46533203125,627.47998046875,6220.0,4465.337890625,986.760009765625,3210.0,3190.6923828125,1517.066650390625,5359.6640625,12532.0751953125,891.7564697265625
2014-03-29,5922.1572265625,5922.1572265625,1197.0,3045.0,3049.701416015625,1317.32666015625,1740.699951171875,1740.6973876953125,776.4199829101562,3540.0,2416.7646484375,1524.0557861328125,7800.0,5922.1572265625,1543.8935546875,12245.51953125,12245.51953125,693.0,5525.7998046875,4827.177734375,811.32470703125,2975.10009765625,1877.35400390625,808.2938232421875,2673.333984375,1238.932373046875,370.8399963378906,12843.205078125,12715.6279296875,627.7100219726562,7760.0,7792.27197265625,986.739990234375,5980.0,4740.4541015625,1518.1300048828125,11207.53515625,12245.51953125,891.1845703125
2014-03-30,4271.3271484375,4271.3271484375,1197.0,1868.800048828125,1217.230224609375,1319.030029296875,1048.5999755859375,765.258056640625,777.0499877929688,2510.0,3000.0,1522.31201171875,5940.0,4271.3271484375,1544.9647216796875,12663.166015625,12663.166015625,693.0,3254.39990234375,3285.60498046875,811.2731323242188,2405.699951171875,1592.7000732421875,809.4159545898438,2515.31494140625,2515.310302734375,370.8363342285156,6458.28369140625,6330.74072265625,627.9400024414062,5020.0,3148.50439453125,987.9000244140625,3840.0,3852.10205078125,1518.1199951171875,10513.1962890625,12663.166015625,890.0
2014-03-31,2790.773681640625,2790.773681640625,1197.0,1310.5999755859375,1314.132568359375,1319.02001953125,778.5,778.4983520507812,777.0499877929688,2010.0,2643.2353515625,1520.0,4320.0,2790.773681640625,1545.943115234375,7229.45068359375,7229.45068359375,693.0,2416.5,1879.976318359375,812.1599731445312,1988.5999755859375,1272.5640869140625,810.3627319335938,2050.718017578125,715.4282836914062,371.1700134277344,6106.14501953125,5984.1533203125,628.1599731445312,3560.0,3613.791015625,987.86669921875,2590.0,1293.3438720703125,1519.199951171875,7229.45068359375,7229.45068359375,890.0
2014-04-01,2323.738037109375,2323.738037109375,1197.0,930.0,277.6112976074219,1320.760009765625,657.7000122070312,407.636962890625,777.6699829101562,1700.0,1700.0,1520.0,3760.0,2323.738037109375,1546.862060546875,5448.64990234375,5448.64990234375,693.0,1851.0,1850.99462890625,812.1599731445312,1469.5999755859375,993.3455200195312,810.9924926757812,1592.299072265625,1592.317138671875,371.1639099121094,2936.775634765625,2809.198486328125,628.3900146484375,2690.0,811.6205444335938,989.030029296875,2060.0,2059.981201171875,1519.199951171875,5448.64990234375,5448.64990234375,890.0
2014-04-02,1911.0892333984375,1911.0892333984375,1197.0,705.5999755859375,713.66796875,1320.739990234375,513.5999755859375,513.59765625,777.6699829101562,1430.0,1430.0,1520.0,3240.0,1911.0892333984375,1547.71240234375,4625.60888671875,4625.60888671875,693.0,1414.699951171875,847.4840087890625,813.0900268554688,1078.5,781.2843627929688,811.3855590820312,1150.6610107421875,50.0,371.4306945800781,3625.63818359375,3498.094970703125,628.6199951171875,2190.0,2206.65380859375,989.02001953125,1920.0,714.0192260742188,1520.22998046875,4625.60888671875,4625.60888671875,890.0
2014-04-03,1573.8372802734375,1573.8372802734375,1197.0,643.2000122070312,50.0,1322.210693359375,445.70001220703125,185.53211975097656,778.280029296875,1330.0,1330.0,1520.0,2890.0,1573.8372802734375,1548.554443359375,4008.73583984375,4008.73583984375,693.0,1143.9000244140625,1143.9058837890625,813.0900268554688,873.5,687.6239013671875,811.63134765625,914.843017578125,835.1049194335938,371.4443054199219,1907.5179443359375,1779.974609375,628.8499755859375,1840.0,242.5123291015625,989.9801635742188,1560.0,1572.0921630859375,1520.219970703125,4008.73583984375,4008.73583984375,890.0
2014-04-04,1592.3359375,1592.3359375,1197.0,651.7999877929688,639.8008422851562,1322.240478515625,389.5,389.5044250488281,778.280029296875,1210.0,1210.0,1520.0,2900.0,1592.3359375,1549.37890625,3788.854736328125,3788.854736328125,693.0,955.7999877929688,300.37744140625,814.0900268554688,795.7999877929688,721.0139770507812,811.730224609375,822.6610107421875,50.0,371.62969970703125,1824.75537109375,1702.7293701171875,629.0700073242188,1930.0,719.3433227539062,990.72998046875,1230.0,400.0,1520.9058837890625,3788.854736328125,3788.854736328125,890.0
2014-04-05,1771.779541015625,1771.779541015625,1197.0,872.7999877929688,173.22825622558594,1324.0999755859375,366.8999938964844,94.6566390991211,778.8800048828125,1310.0,1310.0,1520.0,3020.0,1771.779541015625,1550.152587890625,3390.390625,3390.390625,693.0,951.2000122070312,951.2058715820312,814.0900268554688,946.0,728.0033569335938,812.017333984375,762.9080200195312,50.0,371.80023193359375,4350.33642578125,4222.79345703125,629.2999877929688,2650.0,2612.344970703125,990.7532958984375,1410.0,425.0196838378906,1521.719970703125,3390.390625,3390.390625,890.0
2014-04-06,2669.22802734375,2669.22802734375,1197.0,1268.699951171875,1268.6966552734375,1324.0999755859375,371.79998779296875,371.80072021484375,778.8800048828125,1680.0,1680.0,1520.0,3940.0,2669.22802734375,1550.9403076171875,3663.254150390625,3663.254150390625,693.0,1110.9000244140625,507.9220275878906,815.010009765625,1247.5999755859375,648.0462036132812,812.7605590820312,650.1829833984375,50.0,371.9427795410156,5201.83251953125,5074.25537109375,629.530029296875,4280.0,2484.4287109375,991.8400268554688,1520.0,1528.0548095703125,1521.7132568359375,3663.254150390625,3663.254150390625,890.0
2014-04-07,2404.193603515625,2404.193603515625,1197.0,1158.800048828125,513.4798583984375,1325.699951171875,335.6000061035156,75.0,779.4088745117188,1710.0,1710.0,1520.0,3690.0,2404.193603515625,1551.7373046875,4067.206787109375,4067.206787109375,693.0,1059.300048828125,1059.3021240234375,815.010009765625,1180.0999755859375,528.3421020507812,813.6064453125,601.6849975585938,50.0,372.0715026855469,5755.58984375,5628.04638671875,629.760009765625,3260.0,3226.739990234375,991.8600463867188,1510.0,400.0,1522.630615234375,4067.206787109375,4067.206787109375,890.0
2014-04-08,2036.351318359375,2036.351318359375,1197.0,921.2000122070312,921.1934204101562,1325.699951171875,295.6000061035156,285.3310546875,779.4292602539062,1560.0,1560.0,1520.0,3270.0,2036.351318359375,1552.4866943359375,4002.180419921875,4002.180419921875,693.0,913.2999877929688,303.7651672363281,815.9400024414062,919.2000122070312,401.3843078613281,814.27294921875,504.5690002441406,50.0,372.17529296875,2804.77490234375,2677.231689453125,629.989990234375,2450.0,619.8682250976562,992.9600219726562,1520.0,1492.03662109375,1522.65380859375,4002.180419921875,4002.180419921875,890.0
2014-04-09,1863.90087890625,1863.90087890625,1197.0,725.0999755859375,75.69654846191406,1327.31005859375,264.1000061035156,75.0,779.8043212890625,1480.0,1480.0,1520.0,3130.0,1863.90087890625,1553.2554931640625,3607.65185546875,3607.65185546875,693.0,766.9000244140625,766.9005737304688,815.9400024414062,732.5999755859375,300.3082580566406,814.808837890625,405.6529846191406,50.0,372.2551574707031,3607.07470703125,3485.048828125,630.2100219726562,2020.0,1997.828857421875,992.9733276367188,1520.0,400.0,1523.579345703125,3607.65185546875,3607.65185546875,890.0
2014-04-10,1607.7255859375,1607.7255859375,1197.0,594.7000122070312,596.0523071289062,1327.3067626953125,235.5,75.0,780.1362915039062,1340.0,1340.0,1520.0,2840.0,1607.7255859375,1554.0186767578125,3409.041259765625,3409.041259765625,693.0,730.2000122070312,190.0,816.7095947265625,599.2000122070312,210.8544464111328,815.3096313476562,383.02801513671875,50.0,372.3294982910156,1892.3714599609375,1764.828125,630.4400024414062,1670.0,141.0662841796875,993.892333984375,1430.0,618.5731201171875,1524.25,3409.041259765625,3409.041259765625,890.0
2014-04-11,1506.914306640625,1506.914306640625,1197.0,501.3999938964844,50.0,1328.3785400390625,215.60000610351562,75.0,780.4461669921875,1190.0,1190.0,1520.0,2720.0,1506.914306640625,1554.747802734375,2907.842529296875,2907.842529296875,693.0,584.0999755859375,562.83642578125,816.73974609375,516.0999755859375,121.58403015136719,815.831298828125,362.5830078125,50.0,372.3988952636719,1500.7261962890625,1373.182861328125,630.6699829101562,1400.0,317.207275390625,994.5431518554688,1340.0,1360.1666259765625,1524.2332763671875,2907.842529296875,2907.842529296875,890.0
2014-04-12,1500.0,1500.0,1197.0,446.20001220703125,50.0,1329.283203125,193.5,75.0,780.7073364257812,1120.0,1120.0,1520.0,2440.0,1500.0,1555.312744140625,3213.66943359375,3213.66943359375,693.0,516.5999755859375,190.0,817.2024536132812,450.8999938964844,120.0,816.2520141601562,356.54901123046875,50.0,372.4668273925781,1608.616943359375,1481.0396728515625,630.9000244140625,1210.0,445.3941955566406,995.0026245117188,1240.0,400.0,1524.927490234375,3213.66943359375,3213.66943359375,890.0
2014-04-13,1500.0,1500.0,1197.0,404.6000061035156,50.0,1330.162353515625,173.8000030517578,75.0,780.925048828125,1020.0,1020.0,1520.0,2260.0,1500.0,1555.7696533203125,2803.82666015625,2803.82666015625,693.0,457.3999938964844,190.0,817.581298828125,386.70001220703125,120.0,816.5826416015625,292.5050048828125,50.0,372.5192565917969,1598.8408203125,1476.8487548828125,631.1199951171875,1130.0,625.3180541992188,995.2970581054688,1120.0,400.0,1525.501708984375,2803.82666015625,2803.82666015625,890.0
2014-04-14,1500.0,1500.0,1197.0,344.0,50.0,1330.8912353515625,165.10000610351562,75.0,781.1112670898438,970.0,970.0,1520.0,2040.0,1500.0,1556.0914306640625,2121.5439453125,2121.5439453125,693.0,399.6000061035156,190.0,817.8782348632812,343.79998779296875,120.0,816.860107421875,315.7510070800781,50.0,372.5772705078125,1637.6436767578125,1510.100341796875,631.3499755859375,960.0,744.349365234375,995.4228515625,1050.0,400.0,1526.01806640625,2121.5439453125,2121.5439453125,890.0
2014-04-15,1500.0,1500.0,1197.0,302.79998779296875,50.0,1331.51806640625,152.8000030517578,75.0,781.2655639648438,930.0,930.0,1520.0,2020.0,1500.0,1556.394775390625,1350.0,1350.0,693.0,348.5,190.0,818.1028442382812,314.29998779296875,120.0,817.1009521484375,238.98899841308594,50.0,372.6167297363281,1621.1162109375,1493.5390625,631.5800170898438,800.0,712.6602172851562,995.4738159179688,1080.0,400.0,1526.580078125,2150.489990234375,1350.0,890.4410400390625
2014-04-16,1500.0,1500.0,1197.0,296.0,50.0,1332.11376953125,150.1999969482422,75.0,781.4147338867188,890.0,890.0,1520.0,1870.0,1500.0,1556.610595703125,1350.0,1350.0,693.0,393.3999938964844,190.0,818.3909912109375,309.5,120.0,817.3358764648438,306.33502197265625,50.0,372.6724548339844,1629.4425048828125,1501.899169921875,631.8099975585938,750.0,764.7803344726562,995.4651489257812,990.0,400.0,1527.06494140625,2044.101806640625,1350.0,890.823486328125
2014-04-17,1500.0,1500.0,1197.0,325.29998779296875,50.0,1332.720458984375,160.6999969482422,75.0,781.584716796875,960.0,960.0,1520.0,2110.0,1500.0,1556.9664306640625,1350.0,1350.0,693.0,380.8999938964844,190.0,818.6614379882812,351.20001220703125,120.0,817.6224975585938,360.30999755859375,50.0,372.7412414550781,1624.5596923828125,1502.53369140625,632.030029296875,900.0,705.3749389648438,995.5787353515625,1040.0,400.0,1527.57275390625,2188.25537109375,1350.0,891.2853393554688
2014-04-18,1500.0,1500.0,1197.0,339.29998779296875,50.0,1333.40283203125,154.1999969482422,75.0,781.7418212890625,1000.0,1000.0,1520.0,2130.0,1500.0,1557.333984375,1350.0,1350.0,693.0,359.29998779296875,190.0,818.9013061523438,360.1000061035156,120.0,817.920166015625,270.2659912109375,50.0,372.7882080078125,1615.1507568359375,1487.607421875,632.260009765625,1000.0,851.0083618164062,995.6656494140625,1030.0,400.0,1528.0726318359375,2284.103271484375,1350.0,891.7999877929688
2014-04-19,1500.0,1500.0,1197.0,288.70001220703125,50.0,1333.99462890625,138.39999389648438,75.0,781.8675537109375,920.0,920.0,1520.0,2040.0,1500.0,1557.6490478515625,1350.0,1350.0,693.0,315.3999938964844,190.0,819.0789794921875,301.8999938964844,120.0,818.1456298828125,258.2030029296875,50.0,372.8322448730469,1632.4525146484375,1504.9091796875,632.489990234375,900.0,933.622314453125,995.64599609375,980.0,400.0,1528.53271484375,2107.128662109375,1350.0,892.2171020507812
2014-04-20,1500.0,1500.0,1197.0,258.1000061035156,50.0,1334.453857421875,134.60000610351562,75.0,781.9857788085938,880.0,880.0,1520.0,1870.0,1500.0,1557.8648681640625,1350.0,1350.0,693.0,347.5,190.0,819.3021240234375,275.8999938964844,120.0,818.3389282226562,241.34999084472656,50.0,372.8722229003906,1624.7498779296875,1497.20654296875,632.719970703125,830.0,912.5733642578125,995.5978393554688,940.0,911.75,1528.55517578125,2062.0224609375,1350.0,892.6094360351562
2014-04-21,1500.0,1500.0,1197.0,254.5,50.0,1334.904541015625,133.6999969482422,75.0,782.1135864257812,850.0,850.0,1520.0,1860.0,1500.0,1558.0771484375,1350.0,1350.0,693.0,325.3999938964844,190.0,819.4939575195312,292.0,120.0,818.5521240234375,273.1869812011719,50.0,372.9198913574219,1625.727294921875,1498.150146484375,632.9500122070312,750.0,982.2052001953125,995.46240234375,950.0,400.0,1528.9915771484375,2249.65087890625,1350.0,893.1051025390625
2014-04-22,1536.45361328125,1536.45361328125,1197.0,340.8999938964844,50.0,1335.6138916015625,171.89999389648438,75.0,782.3271484375,990.0,990.0,1520.0,2240.0,1536.45361328125,1558.5,1350.0,1350.0,693.0,422.1000061035156,190.0,819.82275390625,415.6000061035156,120.0,818.9185791015625,286.333984375,50.0,372.970703125,1639.00927734375,1514.5030517578125,633.1599731445312,1080.0,789.0831909179688,995.632080078125,1030.0,400.0,1529.4913330078125,2552.85498046875,1350.0,893.767822265625
2014-04-23,2480.0,2480.0,1197.0,934.5,50.0,1337.6060791015625,251.5,75.0,782.7161254882812,1090.0,1090.0,1520.0,2480.0,2480.0,1558.5,1350.0,1350.0,693.0,697.4000244140625,190.0,820.5416259765625,672.7000122070312,120.0,819.5682373046875,430.427001953125,50.0,373.0537414550781,1649.6688232421875,1522.6055908203125,633.3699951171875,2410.0,472.54425048828125,996.7854614257812,1060.0,400.0,1530.0150146484375,2398.910400390625,1350.0,894.3457641601562
2014-04-24,6950.0,6950.0,1197.0,1993.0,1523.866455078125,1338.719970703125,373.70001220703125,75.0,783.3063354492188,2430.0,2430.0,1520.0,6950.0,6950.0,1558.5,1350.0,1350.0,693.0,1333.300048828125,190.0,822.083984375,1258.699951171875,120.0,820.9528198242188,808.8569946289062,50.0,373.2226867675781,3989.62744140625,3862.564208984375,633.5800170898438,8850.0,505.0830993652344,1001.6599731445312,2420.0,1178.5,1531.0,3829.959228515625,1350.0,895.69287109375
2014-04-25,5150.0,5150.0,1197.0,1593.0,1595.6849365234375,1338.7132568359375,400.0,75.0,783.892333984375,2240.0,2240.0,1520.0,5150.0,5150.0,1558.5,1350.0,1350.0,693.0,1694.5,921.1259765625,823.0999755859375,1478.4000244140625,189.00404357910156,822.4600219726562,1001.81298828125,50.0,373.4360656738281,7000.60986328125,6873.58349609375,633.7899780273438,4770.0,3851.862060546875,1002.1900024414062,2570.0,2570.0,1531.0,5483.08154296875,1350.0,897.9085083007812
2014-04-26,3890.0,3890.0,1197.0,988.0999755859375,382.4398193359375,1340.0799560546875,320.79998779296875,75.0,784.369140625,1640.0,1640.0,1520.0,3890.0,3890.0,1558.5,1350.0,1350.0,693.0,1254.0,1253.993408203125,823.0999755859375,1100.699951171875,520.1729125976562,823.1373291015625,848.1849975585938,755.78076171875,373.45123291015625,4650.01220703125,4529.0048828125,633.989990234375,3110.0,2174.826904296875,1002.719970703125,1990.0,1990.0,1531.0,5986.48974609375,1350.0,900.3572998046875
2014-04-27,3780.0,3780.0,1197.0,909.0999755859375,921.193359375,1340.0533447265625,294.8999938964844,75.0,784.8052978515625,1640.0,1640.0,1520.0,3780.0,3780.0,1558.5,1350.0,1350.0,693.0,1136.199951171875,531.20654296875,823.8499755859375,1054.800048828125,509.8083190917969,823.773193359375,745.2570190429688,674.7591552734375,373.4613342285156,3952.46728515625,3824.419189453125,634.219970703125,3060.0,2107.05615234375,1003.260009765625,1860.0,1860.0,1531.0,5260.4833984375,1350.0,902.3984375
2014-04-28,3700.0,3700.0,1197.0,931.2000122070312,224.85586547851562,1341.6099853515625,273.1000061035156,75.0,785.1982421875,1510.0,1510.0,1520.0,3700.0,3700.0,1558.5,1350.0,1350.0,693.0,1180.199951171875,1180.193359375,823.8499755859375,1145.4000244140625,433.2916564941406,824.6040649414062,571.3670043945312,515.469482421875,373.4680480957031,4115.85546875,3988.278076171875,634.4500122070312,2890.0,1954.8267822265625,1003.7899780273438,1780.0,1780.0,1531.0,5100.27294921875,1350.0,904.35595703125
2014-04-29,3450.0,3450.0,1197.0,773.5,775.0103149414062,1341.606689453125,234.89999389648438,224.51791381835938,785.2188110351562,1310.0,1310.0,1520.0,3450.0,3450.0,1558.5,1350.0,1350.0,693.0,999.2000122070312,394.2065734863281,824.5999755859375,926.2000122070312,334.7382507324219,825.2941284179688,514.1669921875,468.0003967285156,373.4725341796875,3032.266845703125,2904.723388671875,634.6799926757812,2400.0,1464.7191162109375,1004.3200073242188,1640.0,1640.0,1531.0,4810.01904296875,1350.0,906.1322021484375
2014-04-30,3210.0,3210.0,1197.0,652.5999755859375,50.0,1342.9346923828125,203.5,75.0,785.4736938476562,1380.0,1380.0,1520.0,3210.0,3210.0,1558.5,1350.0,1350.0,693.0,791.2999877929688,791.2933959960938,824.5999755859375,708.7999877929688,240.51161193847656,825.8405151367188,395.07598876953125,355.39495849609375,373.47552490234375,2748.604736328125,2626.578857421875,634.9000244140625,2050.0,1114.8267822265625,1004.8499755859375,1460.0,1460.0,1531.0,4274.10107421875,1350.0,907.6193237304688
2014-05-01,2917.0,2917.0,1197.0,565.0999755859375,555.2235107421875,1342.9564208984375,176.6999969482422,75.0,785.6754150390625,1230.0,1230.0,1520.0,2990.0,2990.0,1558.5,1350.0,1350.0,693.0,632.4000244140625,190.0,825.1484375,574.7000122070312,160.42718505859375,826.3238525390625,368.6310119628906,333.27252197265625,373.4742431640625,2005.3624267578125,1877.320556640625,635.1199951171875,1730.0,812.3822021484375,1005.3699951171875,1360.0,1660.0,1530.761962890625,4071.7314453125,1350.0,909.0035400390625
2014-05-02,2667.0,2667.0,1197.0,497.20001220703125,50.0,1343.9420166015625,156.1999969482422,75.0,785.8364868164062,1170.0,300.0,1523.2093505859375,2740.0,2740.0,1558.5,1350.0,1350.0,693.0,498.29998779296875,190.0,825.5305786132812,480.6000061035156,120.0,826.74462890625,361.8590087890625,324.6229248046875,373.4733581542969,1893.9666748046875,1766.9033203125,635.3300170898438,1510.0,592.3822021484375,1005.8900146484375,1360.0,1660.0,1530.52392578125,4056.5771484375,1350.0,910.3705444335938
2014-05-03,2607.0,2607.0,1197.0,437.29998779296875,50.0,1344.7955322265625,157.8000030517578,75.0,786.0006103515625,1080.0,300.0,1525.95458984375,2680.0,2680.0,1558.5,1350.0,1350.0,693.0,413.0,190.0,825.8070678710938,428.79998779296875,120.0,827.1049194335938,379.5879821777344,341.1006774902344,373.4727783203125,1660.008056640625,1532.981689453125,635.5399780273438,1300.0,681.829345703125,1006.2403564453125,1300.0,1600.0,1530.2860107421875,4039.738525390625,1350.0,911.704345703125
2014-05-04,3297.0,3297.0,1197.0,445.1000061035156,50.0,1345.6663818359375,182.3000030517578,75.0,786.194091796875,1180.0,300.0,1529.197021484375,3370.0,3370.0,1558.5,1350.0,1350.0,693.0,534.2000122070312,190.0,826.2337646484375,459.1000061035156,120.0,827.5005493164062,425.9449768066406,386.6238708496094,373.472412109375,1840.464599609375,1713.4013671875,635.75,1640.0,604.1243286132812,1006.827392578125,1390.0,1690.0,1530.0479736328125,3922.08154296875,1350.0,912.979736328125
2014-05-05,3647.0,3647.0,1197.0,543.9000244140625,120.25814056396484,1346.5999755859375,189.0,75.0,786.399658203125,1420.0,300.0,1533.2327880859375,3720.0,3720.0,1558.5,1350.0,1350.0,693.0,609.0999755859375,190.0,826.7532958984375,535.2999877929688,120.0,827.985107421875,242.3730010986328,202.49624633789062,373.47216796875,2384.84228515625,2257.779052734375,635.9600219726562,2210.0,1124.947998046875,1007.4299926757812,1540.0,1800.0,1529.8416748046875,4371.4482421875,1350.0,914.4779663085938
2014-05-06,3207.0,3207.0,1197.0,516.0,531.121337890625,1346.566650390625,169.0,75.0,786.5691528320312,1290.0,300.0,1536.8388671875,3280.0,3280.0,1558.5,1350.0,1350.0,693.0,646.7000122070312,259.1536560058594,827.219970703125,488.29998779296875,120.0,828.3917846679688,317.1159973144531,276.8689880371094,373.47198486328125,2234.03515625,2113.064697265625,636.1599731445312,1780.0,854.332275390625,1007.9400024414062,1380.0,1326.048828125,1529.8843994140625,4134.4248046875,1350.0,915.8587036132812
2014-05-07,2817.0,2817.0,1197.0,456.6000061035156,50.0,1347.41650390625,161.5,75.0,786.7251586914062,1140.0,300.0,1539.9388427734375,2890.0,2890.0,1558.5,1350.0,1350.0,693.0,573.7999877929688,573.7916259765625,827.219970703125,437.8999938964844,312.42559814453125,828.530029296875,329.2020263671875,288.708251953125,373.47186279296875,1680.5487060546875,1553.4853515625,636.3699951171875,1410.0,612.9003295898438,1008.3900146484375,1250.0,400.0,1530.558837890625,3270.811279296875,1350.0,916.7913818359375
2014-05-08,2907.0,2907.0,1197.0,598.2000122070312,50.0,1348.559814453125,225.60000610351562,75.0,786.9967041015625,1240.0,300.0,1543.22314453125,2980.0,2980.0,1558.5,1350.0,1350.0,693.0,776.2999877929688,190.0,827.904052734375,611.5999755859375,167.9431610107422,829.02001953125,487.0450134277344,446.3868103027344,373.4718017578125,1846.3533935546875,1719.2900390625,636.5800170898438,1720.0,696.6099853515625,1008.969970703125,1330.0,773.9511108398438,1531.0,2842.519775390625,1350.0,917.513427734375
2014-05-09,4987.0,4987.0,1197.0,1233.0,1226.9169921875,1348.5732421875,431.5,75.0,787.6395263671875,2340.0,300.0,1550.114501953125,5060.0,5060.0,1558.5,1350.0,1350.0,693.0,1760.300048828125,1752.884765625,827.9127197265625,1286.800048828125,866.8375854492188,829.510009765625,549.4019775390625,508.63421630859375,373.47174072265625,6081.99072265625,5954.96435546875,636.7899780273438,4600.0,3657.678466796875,1009.489990234375,2580.0,2580.0,1531.0,5250.294921875,1350.0,919.4002685546875
2014-05-10,5657.0,5657.0,1197.0,1608.800048828125,936.1510620117188,1350.050048828125,583.5,217.21762084960938,788.2999877929688,2800.0,300.0,1558.064697265625,5730.0,5730.0,1558.5,2700.0,2700.0,693.0,2693.199951171875,2069.82763671875,828.6400146484375,1798.199951171875,1349.6485595703125,830.031494140625,490.2879943847656,449.44720458984375,373.4717102050781,7486.80908203125,7359.74609375,637.0,5190.0,4000.0,1010.1456298828125,2910.0,2910.0,1531.0,8246.578125,2700.0,922.0577392578125
2014-05-11,4527.0,4527.0,1197.0,1188.5999755859375,1197.010986328125,1350.0333251953125,484.79998779296875,484.7977294921875,788.2999877929688,2400.0,300.0,1564.4344482421875,4600.0,4600.0,1558.5,5400.0,5400.0,693.0,2227.89990234375,2227.904052734375,828.6400146484375,1570.699951171875,1158.6990966796875,830.4854736328125,459.5159912109375,418.62652587890625,373.4716796875,5167.150390625,5167.150390625,637.0,3570.0,2723.18017578125,1010.6121826171875,2530.0,2530.0,1531.0,7613.54052734375,5400.0,923.1030883789062
2014-05-12,3827.0,3827.0,1197.0,847.5999755859375,853.207275390625,1350.022216796875,365.3999938964844,93.66183471679688,788.7899780273438,1880.0,300.0,1569.0633544921875,3900.0,3900.0,1558.5,10449.8671875,10449.8671875,693.0,1490.300048828125,882.2678833007812,829.3300170898438,1074.800048828125,974.53271484375,830.5960083007812,363.9309997558594,323.0091247558594,373.4716796875,4327.2861328125,4327.2861328125,637.0,2450.0,2312.1201171875,1010.6881713867188,2070.0,2070.0,1531.0,6046.94482421875,10449.8671875,921.0
2014-05-13,3247.0,3247.0,1197.0,654.7999877929688,658.5382080078125,1350.0147705078125,278.20001220703125,278.1959533691406,788.7899780273438,1560.0,300.0,1572.7674560546875,3320.0,3320.0,1558.5,5234.64697265625,5234.64697265625,693.0,1066.800048828125,1066.80517578125,829.3300170898438,776.7999877929688,814.9551391601562,830.553955078125,318.1309814453125,277.1875,373.4716491699219,3351.5595703125,3351.5595703125,637.0,1860.0,1954.7467041015625,1010.635986328125,1690.0,1690.0,1531.0,5234.64697265625,5234.64697265625,921.0
2014-05-14,2957.0,2957.0,1197.0,577.4000244140625,579.8921508789062,1350.0098876953125,222.39999389648438,75.0,789.0557861328125,1370.0,300.0,1575.79931640625,3030.0,3030.0,1558.5,4391.0966796875,4391.0966796875,693.0,809.2000122070312,210.2692108154297,829.989990234375,606.2000122070312,681.00341796875,830.4714965820312,329.0159912109375,288.05810546875,373.4716491699219,3054.35888671875,3054.35888671875,637.0,1490.0,1659.8311767578125,1010.5424194335938,1590.0,1590.0,1531.0,4391.0966796875,4391.0966796875,921.0
2014-05-15,2837.0,2837.0,1197.0,563.0,564.6614379882812,1350.006591796875,191.8000030517578,75.0,789.266357421875,1240.0,300.0,1578.3199462890625,2910.0,2910.0,1558.5,4112.6220703125,4112.6220703125,693.0,649.7999877929688,649.7970581054688,829.989990234375,495.79998779296875,587.735595703125,830.3701782226562,248.08799743652344,207.12051391601562,373.4716491699219,2510.41943359375,2510.41943359375,637.0,1240.0,1443.2208251953125,1010.430419921875,1450.0,1450.0,1531.0,4112.6220703125,4112.6220703125,921.0
2014-05-16,2657.0,2657.0,1197.0,376.0,377.10760498046875,1350.00439453125,166.3000030517578,75.0,789.4310302734375,1140.0,300.0,1580.612548828125,2730.0,2730.0,1558.5,3750.1142578125,3750.1142578125,693.0,552.2999877929688,190.0,830.3892211914062,413.1000061035156,561.82373046875,830.206298828125,210.67300415039062,169.69912719726562,373.4716491699219,2361.658203125,2361.658203125,637.0,1070.0,1378.8138427734375,1010.2603149414062,1420.0,1420.0,1531.0,3750.1142578125,3750.1142578125,921.0
2014-05-17,2437.0,2437.0,1197.0,347.1000061035156,347.8384094238281,1350.0029296875,161.60000610351562,75.0,789.587158203125,1050.0,300.0,1582.59716796875,2510.0,2510.0,1558.5,3528.68359375,3528.68359375,693.0,494.20001220703125,190.0,830.7244262695312,401.20001220703125,552.9491577148438,830.0391235351562,222.5019989013672,181.52386474609375,373.4716491699219,2141.94677734375,2141.94677734375,637.0,1010.0,1385.8758544921875,1010.0531616210938,1260.0,1260.0,1531.0,3528.68359375,3528.68359375,921.0
2014-05-18,2567.0,2567.0,1197.0,385.8999938964844,386.39227294921875,1350.001953125,186.6999969482422,75.0,789.78857421875,1140.0,300.0,1584.8048095703125,2640.0,2640.0,1558.5,3683.72314453125,3683.72314453125,693.0,540.0,190.0,831.110107421875,510.0,508.2994384765625,830.0409545898438,250.3310089111328,209.3500213623047,373.4716491699219,2300.455810546875,2300.455810546875,637.0,1250.0,1300.583984375,1010.0253295898438,1420.0,1420.0,1531.0,3683.72314453125,3683.72314453125,921.0
2014-05-19,2487.0,2487.0,1197.0,417.70001220703125,418.0281982421875,1350.0013427734375,176.1999969482422,75.0,789.9710693359375,1110.0,300.0,1586.93798828125,2560.0,2560.0,1558.5,3710.87548828125,3710.87548828125,693.0,576.2000122070312,190.0,831.53564453125,535.2000122070312,457.23297119140625,830.1268920898438,220.031005859375,179.04812622070312,373.4716491699219,2189.388671875,2189.388671875,637.0,1400.0,1190.3892822265625,1010.1408081054688,1430.0,1430.0,1531.0,3710.87548828125,3710.87548828125,921.0
2014-05-20,2187.0,2187.0,1197.0,349.20001220703125,349.4187927246094,1350.0008544921875,140.89999389648438,135.54867553710938,789.980712890625,1000.0,300.0,1588.798583984375,2260.0,2260.0,1558.5,3511.607421875,3511.607421875,693.0,469.1000061035156,190.0,831.8432006835938,419.0,411.3219909667969,830.1353759765625,211.2310028076172,170.2468719482422,373.4716491699219,1992.5439453125,1992.5439453125,637.0,1130.0,1083.5928955078125,1010.1663818359375,1220.0,1220.0,1531.0,3511.607421875,3511.607421875,921.0
2014-05-21,2047.0,2047.0,1197.0,303.29998779296875,303.44586181640625,1350.0006103515625,122.80000305175781,119.23246002197266,789.9871215820312,920.0,300.0,1590.3836669921875,2120.0,2120.0,1558.5,3171.22216796875,3171.22216796875,693.0,394.0,251.7191162109375,832.0,355.1000061035156,370.3813171386719,830.1185302734375,162.84500122070312,121.86002349853516,373.4716491699219,1702.8560791015625,1702.8560791015625,637.0,970.0,972.395263671875,1010.1650390625,1150.0,1150.0,1531.0,3171.22216796875,3171.22216796875,921.0
2014-05-22,1967.0,1967.0,1197.0,266.6000061035156,266.6972351074219,1350.0003662109375,119.0,116.62163543701172,789.9913940429688,830.0,300.0,1591.7747802734375,2040.0,2040.0,1558.5,2786.370361328125,2786.370361328125,693.0,347.70001220703125,347.70001220703125,832.0,319.5,334.1208801269531,830.1024169921875,166.7449951171875,125.75946044921875,373.4716491699219,1558.693603515625,1558.693603515625,637.0,870.0,861.5968017578125,1010.169677734375,1100.0,1100.0,1531.0,2786.370361328125,2786.370361328125,921.0
2014-05-23,1967.0,1967.0,1197.0,241.10000610351562,241.16482543945312,1350.000244140625,113.30000305175781,111.71442413330078,789.9942626953125,790.0,300.0,1592.9896240234375,2040.0,2040.0,1558.5,2716.13427734375,2716.13427734375,693.0,317.70001220703125,317.70001220703125,832.0,288.5,301.3139343261719,830.0882568359375,177.9449920654297,136.95909118652344,373.4716491699219,1392.5809326171875,1392.5809326171875,637.0,750.0,777.731201171875,1010.1544189453125,990.0,990.0,1531.0,2716.13427734375,2716.13427734375,921.0
2014-05-24,1917.0,1917.0,1197.0,214.89999389648438,214.94320678710938,1350.0001220703125,104.4000015258789,103.34294891357422,789.9962158203125,770.0,300.0,1594.1549072265625,1990.0,1990.0,1558.5,2528.848388671875,2528.848388671875,693.0,294.3999938964844,294.3999938964844,832.0,261.6000061035156,273.5759582519531,830.0750732421875,159.95899963378906,118.97284698486328,373.4716491699219,1351.609130859375,1351.609130859375,637.0,640.0,698.4874877929688,1010.1221923828125,980.0,980.0,1531.0,2528.848388671875,2528.848388671875,921.0
2014-05-25,1807.0,1807.0,1197.0,193.8000030517578,193.8288116455078,1350.0001220703125,93.5999984741211,92.89530181884766,789.9974365234375,670.0,300.0,1595.072265625,1880.0,1880.0,1558.5,2197.90966796875,2197.90966796875,693.0,259.3999938964844,259.3999938964844,832.0,235.6999969482422,256.150634765625,830.0525512695312,151.2449951171875,110.25867462158203,373.4716491699219,1222.0185546875,1222.0185546875,637.0,610.0,658.9916381835938,1010.09521484375,930.0,930.0,1531.0,2197.90966796875,2197.90966796875,921.0
2014-05-26,1727.0,1727.0,1197.0,182.5,182.5192108154297,1350.0001220703125,95.0999984741211,94.63019561767578,789.998291015625,620.0,300.0,1595.86572265625,1800.0,1800.0,1558.5,2482.44921875,2482.44921875,693.0,247.5,247.5,832.0,218.10000610351562,249.1004180908203,830.0183715820312,78.1310043334961,50.0,373.46868896484375,1244.4344482421875,1244.4344482421875,637.0,540.0,673.2890014648438,1010.021728515625,930.0,930.0,1531.0,2482.44921875,2482.44921875,921.0
2014-05-27,1607.0,1607.0,1197.0,177.0,177.01280212402344,1350.0,94.30000305175781,93.98680114746094,789.9988403320312,610.0,300.0,1596.63427734375,1680.0,1680.0,1558.5,2301.924560546875,2301.924560546875,693.0,245.5,245.5,832.0,221.3000030517578,237.9925079345703,830.0,122.73100280761719,77.4600601196289,373.46966552734375,1212.943359375,1212.943359375,637.0,580.0,688.5009765625,1009.9619750976562,810.0,810.0,1531.0,2301.924560546875,2301.924560546875,921.0
2014-05-28,1727.0,1727.0,1197.0,181.1999969482422,181.20852661132812,1350.0,99.4000015258789,99.19120025634766,789.999267578125,580.0,300.0,1597.3284912109375,1800.0,1800.0,1558.5,2299.273193359375,2299.273193359375,693.0,277.6000061035156,277.6000061035156,832.0,235.0,225.6361083984375,830.0103149414062,87.81599426269531,50.0,373.46893310546875,1211.763671875,1211.763671875,637.0,690.0,1140.1090087890625,1009.7139892578125,850.0,850.0,1531.0,2299.273193359375,2299.273193359375,921.0
2014-05-29,1573.0,1573.0,1197.0,181.39999389648438,181.4056854248047,1350.0,88.0,87.86080169677734,789.99951171875,560.0,300.0,1597.97314453125,1570.0,1646.0,1558.454345703125,2182.261474609375,2182.261474609375,693.0,278.0,278.0,832.0,224.1999969482422,209.32406616210938,830.0267333984375,88.50199890136719,50.0,373.4683532714844,1276.1341552734375,1276.1341552734375,637.0,520.0,618.9630126953125,1009.6594848632812,860.0,860.0,1531.0,2182.261474609375,2182.261474609375,921.0
2014-05-30,1573.0,1573.0,1197.0,152.10000610351562,152.1038055419922,1350.0,81.69999694824219,81.6072006225586,789.9996948242188,530.0,300.0,1598.5433349609375,1110.0,1646.0,1558.1322021484375,2090.334228515625,2090.334228515625,693.0,235.5,235.5,832.0,192.5,195.4493865966797,830.0234375,136.20199584960938,90.47776794433594,373.4694519042969,1176.0853271484375,1176.0853271484375,637.0,470.0,765.4749755859375,1009.4966430664062,750.0,750.0,1531.0,2090.334228515625,2090.334228515625,921.0
2014-05-31,1573.0,1573.0,1197.0,142.8000030517578,142.8025360107422,1350.0,82.4000015258789,82.338134765625,789.999755859375,480.0,300.0,1598.9896240234375,1300.0,1646.0,1557.9263916015625,1815.0306396484375,1815.0306396484375,693.0,212.89999389648438,212.89999389648438,832.0,176.6999969482422,183.1995849609375,830.0162963867188,97.2020034790039,53.05826950073242,373.4701843261719,1268.869140625,1268.869140625,637.0,480.0,819.1309814453125,1009.309814453125,640.0,640.0,1531.0,1815.0306396484375,1815.0306396484375,921.0
2014-06-01,1325.0,1325.0,1197.0,135.0,135.00169372558594,1350.0,74.19999694824219,79.87236022949219,789.9895629882812,490.0,424.48944091796875,1599.152099609375,1150.0,1426.0,1557.765380859375,2034.475341796875,2034.475341796875,693.0,199.89999389648438,199.89999389648438,832.0,167.6999969482422,171.9663848876953,830.0115966796875,108.56299591064453,65.47248840332031,373.4680480957031,1271.0360107421875,1271.0360107421875,637.0,430.0,816.6729736328125,1009.0967407226562,670.0,670.0,1531.0,2034.475341796875,2034.475341796875,921.0
2014-06-02,1325.0,1325.0,1197.0,131.0,131.00112915039062,1350.0,71.69999694824219,79.87236022949219,789.9747924804688,440.0,424.48944091796875,1599.1905517578125,1380.0,1426.0,1557.738525390625,1733.6864013671875,1733.6864013671875,693.0,185.8000030517578,199.8723602294922,831.9844970703125,158.6999969482422,160.21092224121094,830.0099487304688,108.58200073242188,63.744712829589844,373.4663391113281,1330.6585693359375,1330.6585693359375,637.0,350.0,893.677978515625,1008.7914428710938,670.0,670.0,1531.0,1733.6864013671875,1733.6864013671875,921.0
2014-06-03,1325.0,1325.0,1197.0,123.30000305175781,123.30075073242188,1350.0,66.69999694824219,79.87236022949219,789.9510498046875,500.0,424.48944091796875,1599.3778076171875,1410.0,1426.0,1557.729248046875,1762.43212890625,1762.43212890625,693.0,180.5,199.8723602294922,831.963134765625,149.5,148.1739501953125,830.0114135742188,95.86299896240234,63.744712829589844,373.461669921875,1287.3377685546875,1287.3377685546875,637.0,330.0,857.4990234375,1008.4924926757812,640.0,640.0,1531.0,1762.43212890625,1762.43212890625,921.0
2014-06-04,1325.0,1325.0,1197.0,117.69999694824219,117.70049285888672,1350.0,65.0,79.87236022949219,789.9242553710938,470.0,424.48944091796875,1599.4906005859375,1360.0,1426.0,1557.6907958984375,1652.63818359375,1652.63818359375,693.0,160.39999389648438,199.8723602294922,831.919677734375,136.6999969482422,139.71597290039062,830.008056640625,65.04499816894531,63.744712829589844,373.44989013671875,1318.702392578125,1318.702392578125,637.0,300.0,905.1500244140625,1008.1495361328125,610.0,610.0,1531.0,1652.63818359375,1652.63818359375,921.0
2014-06-05,1325.0,1325.0,1197.0,106.0,106.00033569335938,1350.0,61.0,79.87236022949219,789.8901977539062,480.0,424.48944091796875,1599.628173828125,1260.0,1426.0,1557.5938720703125,1635.393798828125,1635.393798828125,693.0,131.5,199.8723602294922,831.8442993164062,124.0999984741211,130.77731323242188,830.000732421875,52.427001953125,63.744712829589844,373.43524169921875,1293.8121337890625,1293.8121337890625,637.0,310.0,923.218994140625,1007.8075561523438,580.0,580.0,1531.0,1635.393798828125,1635.393798828125,921.0
2014-06-06,1325.0,1325.0,1197.0,90.5,90.5002212524414,1350.0,58.20000076293945,79.87236022949219,789.8511352539062,420.0,424.48944091796875,1599.6170654296875,1210.0,1426.0,1557.4678955078125,1558.794921875,1558.794921875,693.0,127.5,199.8723602294922,831.7645874023438,122.80000305175781,123.4462890625,830.0,34.409000396728516,63.744712829589844,373.4164123535156,1316.3851318359375,1316.3851318359375,637.0,220.0,924.5469970703125,1007.4193725585938,590.0,590.0,1531.0,1558.794921875,1558.794921875,921.0
2014-06-07,1325.0,1325.0,1197.0,83.30000305175781,83.3001480102539,1350.0,53.20000076293945,79.87236022949219,789.8030395507812,440.0,424.48944091796875,1599.655517578125,1120.0,1426.0,1557.2894287109375,1481.5718994140625,1481.5718994140625,693.0,173.1999969482422,199.8723602294922,831.7351684570312,112.9000015258789,120.0,829.99169921875,77.38999938964844,63.744712829589844,373.4075012207031,1294.60009765625,1294.60009765625,637.0,250.0,963.10595703125,1007.0264282226562,610.0,610.0,1531.0,1481.5718994140625,1481.5718994140625,921.0
2014-06-08,1325.0,1325.0,1197.0,63.70000076293945,63.744712829589844,1349.9998779296875,55.70000076293945,79.87236022949219,789.7594604492188,430.0,424.48944091796875,1599.669189453125,1140.0,1426.0,1557.12255859375,1350.0,1350.0,693.0,133.3000030517578,199.8723602294922,831.6618041992188,114.30000305175781,120.0,829.9850463867188,81.0719985961914,63.744712829589844,373.39947509765625,1315.941162109375,1315.941162109375,637.0,250.0,965.9010009765625,1006.6215209960938,580.0,580.0,1531.0,1296.23974609375,1350.0,920.974609375
2014-06-09,1325.0,1325.0,1197.0,54.099998474121094,63.744712829589844,1349.9786376953125,50.0,79.87236022949219,789.70556640625,420.0,424.48944091796875,1599.6580810546875,1090.0,1426.0,1556.926513671875,1429.010009765625,1429.010009765625,693.0,119.9000015258789,199.8723602294922,831.5736694335938,104.4000015258789,120.0,829.9668579101562,30.553998947143555,63.744712829589844,373.3797607421875,1295.9798583984375,1295.9798583984375,637.0,200.0,987.1700439453125,1006.1754150390625,550.0,550.0,1531.0,1482.770263671875,1429.010009765625,921.0
2014-06-10,1325.0,1325.0,1197.0,71.4000015258789,68.1702880859375,1349.9857177734375,47.599998474121094,79.87236022949219,789.6473999023438,400.0,424.48944091796875,1599.597412109375,1080.0,1426.0,1556.7247314453125,1420.1868896484375,1420.1868896484375,693.0,108.5,199.8723602294922,831.4730224609375,105.69999694824219,120.0,829.9501953125,73.83599853515625,63.744712829589844,373.3700866699219,1313.3125,1313.3125,637.0,240.0,1014.6390380859375,1005.7364501953125,540.0,540.0,1531.0,1420.1868896484375,1420.1868896484375,921.0
2014-06-11,1325.0,1325.0,1197.0,67.80000305175781,65.64686584472656,1349.990478515625,48.79999923706055,79.87236022949219,789.5913696289062,410.0,424.48944091796875,1599.5614013671875,960.0,1426.0,1556.4527587890625,1350.0,1350.0,693.0,120.80000305175781,199.8723602294922,831.3858642578125,96.0,120.0,829.9221801757812,91.83599853515625,63.744712829589844,373.3645324707031,1300.167724609375,1300.167724609375,637.0,180.0,1003.291015625,1005.2698364257812,540.0,540.0,1531.0,1321.05322265625,1350.0,920.986328125
2014-06-12,1325.0,1325.0,1197.0,81.5,80.0645751953125,1349.99365234375,43.599998474121094,79.87236022949219,789.5259399414062,390.0,424.48944091796875,1599.4759521484375,1050.0,1426.0,1556.2335205078125,1375.653564453125,1375.653564453125,693.0,125.9000015258789,199.8723602294922,831.3043823242188,117.9000015258789,120.0,829.9197387695312,61.198997497558594,63.744712829589844,373.3518981933594,1312.0592041015625,1312.0592041015625,637.0,230.0,987.64501953125,1004.8405151367188,510.0,510.0,1531.0,1404.600341796875,1375.653564453125,921.0
2014-06-13,1325.0,1325.0,1197.0,114.5,113.54304504394531,1349.9957275390625,49.29999923706055,79.87236022949219,789.4708251953125,500.0,424.48944091796875,1599.6632080078125,1350.0,1426.0,1556.1890869140625,1588.965576171875,1588.965576171875,693.0,154.60000610351562,199.8723602294922,831.2544555664062,162.60000610351562,120.0,829.9694213867188,48.58100128173828,63.744712829589844,373.3363952636719,1307.4013671875,1307.4013671875,637.0,430.0,881.7249755859375,1004.58447265625,560.0,560.0,1531.0,1588.965576171875,1588.965576171875,921.0
2014-06-14,1325.0,1325.0,1197.0,106.4000015258789,105.76203155517578,1349.9971923828125,51.70000076293945,79.87236022949219,789.4200439453125,470.0,424.48944091796875,1599.7760009765625,1190.0,1426.0,1556.051513671875,1665.1796875,1665.1796875,693.0,150.8000030517578,199.8723602294922,831.2003784179688,164.10000610351562,137.90000915527344,830.0,43.0620002746582,63.744712829589844,373.3196105957031,1305.2083740234375,1305.2083740234375,637.0,330.0,875.833984375,1004.275146484375,460.0,460.0,1531.0,1665.1796875,1665.1796875,921.0
2014-06-15,1325.0,1325.0,1197.0,91.30000305175781,90.87469482421875,1349.9981689453125,51.400001525878906,79.87236022949219,789.3687133789062,390.0,424.48944091796875,1599.6904296875,1060.0,1426.0,1555.8330078125,1371.9500732421875,1371.9500732421875,693.0,133.89999389648438,199.8723602294922,831.127685546875,126.5,126.5,830.0,116.96199798583984,63.744712829589844,373.31988525390625,1302.077392578125,1302.077392578125,637.0,270.0,942.0960083007812,1003.894287109375,510.0,510.0,1531.0,1371.9500732421875,1371.9500732421875,921.0
2014-06-16,1325.0,1325.0,1197.0,125.9000015258789,125.61646270751953,1349.998779296875,57.5,79.87236022949219,789.328369140625,480.0,424.48944091796875,1599.828125,1250.0,1426.0,1555.727294921875,1520.1468505859375,1520.1468505859375,693.0,151.5,199.8723602294922,831.0744018554688,142.8000030517578,142.8000030517578,830.0,134.96200561523438,63.744712829589844,373.3243103027344,1315.4918212890625,1315.4918212890625,637.0,290.0,854.2149658203125,1003.5745239257812,560.0,560.0,1531.0,1520.1468505859375,1520.1468505859375,921.0
2014-06-17,1325.0,1325.0,1197.0,173.8000030517578,173.61097717285156,1349.9991455078125,49.599998474121094,79.87236022949219,789.2737426757812,530.0,424.48944091796875,1600.0797119140625,1280.0,1426.0,1555.6395263671875,1526.919677734375,1526.919677734375,693.0,185.6999969482422,199.8723602294922,831.0587768554688,162.3000030517578,152.50277709960938,830.0108032226562,91.76200103759766,63.744712829589844,373.3187561035156,1300.7049560546875,1300.7049560546875,637.0,460.0,813.3619995117188,1003.374267578125,550.0,550.0,1531.0,1526.919677734375,1526.919677734375,921.0
2014-06-18,1325.0,1325.0,1197.0,138.89999389648438,138.7739715576172,1349.9993896484375,48.0,79.87236022949219,789.21630859375,510.0,424.48944091796875,1600.2681884765625,1200.0,1426.0,1555.503662109375,1490.2900390625,1490.2900390625,693.0,151.39999389648438,199.8723602294922,831.00537109375,140.0,138.33518981933594,830.0126342773438,61.14400100708008,63.744712829589844,373.30615234375,1312.541015625,1312.541015625,637.0,330.0,785.0079956054688,1003.116455078125,550.0,550.0,1531.0,1490.2900390625,1490.2900390625,921.0
2014-06-19,1325.0,1325.0,1197.0,113.5999984741211,113.51598358154297,1349.9996337890625,44.0,79.87236022949219,789.151611328125,440.0,424.48944091796875,1600.3023681640625,1070.0,1426.0,1555.2896728515625,1360.6065673828125,1360.6065673828125,693.0,120.30000305175781,199.8723602294922,830.9176635742188,130.0,125.59012603759766,830.0175170898438,61.125999450683594,63.744712829589844,373.2935485839844,1292.392822265625,1292.392822265625,637.0,290.0,898.8399658203125,1002.7714233398438,480.0,480.0,1531.0,1360.6065673828125,1360.6065673828125,921.0
2014-06-20,1325.0,1325.0,1197.0,102.69999694824219,102.64398956298828,1349.999755859375,42.29999923706055,79.87236022949219,789.0838623046875,430.0,424.48944091796875,1600.3145751953125,1110.0,1426.0,1555.0997314453125,1350.0,1350.0,693.0,125.5,199.8723602294922,830.8357543945312,110.0,120.0,830.0064697265625,48.60799789428711,63.744712829589844,373.278076171875,1316.055419921875,1316.055419921875,637.0,250.0,922.2669677734375,1002.3904418945312,520.0,520.0,1531.0,1271.99951171875,1350.0,920.963134765625
2014-06-21,1325.0,1325.0,1197.0,90.4000015258789,90.36266326904297,1349.9998779296875,38.099998474121094,79.87236022949219,789.008544921875,430.0,424.48944091796875,1600.32666015625,1090.0,1426.0,1554.8978271484375,1350.0,1350.0,693.0,103.80000305175781,199.8723602294922,830.7298583984375,100.0999984741211,120.0,829.983642578125,30.689001083374023,63.744712829589844,373.2584533691406,1294.2386474609375,1294.2386474609375,637.0,240.0,971.64697265625,1001.97509765625,540.0,540.0,1531.0,1269.1107177734375,1350.0,920.9249877929688
2014-06-22,1325.0,1325.0,1197.0,84.0999984741211,84.07510375976562,1349.9998779296875,21.299999237060547,79.87236022949219,788.9029541015625,410.0,424.48944091796875,1600.294677734375,960.0,1426.0,1554.61767578125,1350.0,1350.0,693.0,101.30000305175781,199.8723602294922,830.6212158203125,87.69999694824219,120.0,829.9459228515625,61.25299835205078,63.744712829589844,373.24591064453125,1315.2720947265625,1315.2720947265625,637.0,230.0,991.802001953125,1001.5307006835938,550.0,550.0,1531.0,1051.1419677734375,1350.0,920.7838134765625
2014-06-23,1325.0,1325.0,1197.0,84.30000305175781,84.28340911865234,1349.9998779296875,30.0,79.87236022949219,788.81298828125,390.0,424.48944091796875,1600.21875,1000.0,1426.0,1554.3616943359375,1350.0,1350.0,693.0,92.69999694824219,199.8723602294922,830.503173828125,82.9000015258789,120.0,829.9026489257812,48.715999603271484,63.744712829589844,373.23046875,1297.1058349609375,1297.1058349609375,637.0,220.0,1003.7160034179688,1001.073486328125,560.0,560.0,1531.0,1239.005615234375,1350.0,920.7313842773438
2014-06-24,1325.0,1325.0,1197.0,84.4000015258789,84.3889389038086,1350.0,37.099998474121094,79.87236022949219,788.7359008789062,416.70001220703125,424.48944091796875,1600.2015380859375,980.0,1426.0,1554.0936279296875,1350.0,1350.0,693.0,89.69999694824219,199.8723602294922,830.3817749023438,82.0,120.0,829.8583374023438,43.29800033569336,63.744712829589844,373.2137756347656,1318.840087890625,1318.840087890625,637.0,190.0,917.7789916992188,1000.64892578125,570.0,570.0,1531.0,1313.288330078125,1350.0,920.7140502929688
2014-06-25,1325.0,1325.0,1197.0,95.0,94.99262237548828,1350.0,56.5,79.87236022949219,788.6937255859375,443.29998779296875,424.48944091796875,1600.2430419921875,1035.0,1426.0,1553.8541259765625,1350.0,1350.0,693.0,144.5,199.8723602294922,830.3207397460938,130.6999969482422,120.0,829.8707885742188,204.9080047607422,63.744712829589844,373.234375,1449.704833984375,1449.704833984375,637.0,260.0,136.5379638671875,1000.720947265625,625.0,625.0,1531.0,1441.1541748046875,1350.0,920.7571411132812
2014-06-26,1325.0,1325.0,1197.0,136.89999389648438,136.89508056640625,1350.0,94.0999984741211,79.87236022949219,788.7193603515625,470.0,424.48944091796875,1600.34326171875,1090.0,1426.0,1553.6458740234375,1350.0,1350.0,693.0,251.0,199.8723602294922,830.3770751953125,178.1999969482422,120.0,829.938720703125,371.9079895019531,63.744712829589844,373.29345703125,1041.11328125,1041.11328125,637.0,330.0,802.3280029296875,1000.4453735351562,680.0,680.0,1531.0,1580.1341552734375,1350.0,920.8657836914062
2014-06-27,1325.0,1325.0,1197.0,190.0,189.99671936035156,1350.0,65.5999984741211,79.87236022949219,788.6936645507812,510.0,424.48944091796875,1600.53173828125,1420.0,1426.0,1553.6422119140625,1350.688720703125,1350.688720703125,693.0,214.60000610351562,199.8723602294922,830.393310546875,164.8000030517578,120.0,829.990966796875,144.06199645996094,63.744712829589844,373.29998779296875,1528.67724609375,1528.67724609375,637.0,690.0,820.1390380859375,1000.3694458007812,630.0,630.0,1531.0,1634.854248046875,1350.688720703125,921.0
2014-06-28,1325.0,1325.0,1197.0,209.5,209.49781799316406,1350.0,50.5,79.87236022949219,788.6406860351562,520.0,424.48944091796875,1600.7423095703125,1420.0,1426.0,1553.638427734375,1610.591552734375,1610.591552734375,693.0,172.0,199.8723602294922,830.3626098632812,164.10000610351562,142.82675170898438,830.0149536132812,46.262001037597656,63.744712829589844,373.2839660644531,1140.93212890625,1140.93212890625,637.0,810.0,646.6539916992188,1000.4647827148438,630.0,630.0,1531.0,1610.591552734375,1610.591552734375,921.0
2014-06-29,1325.0,1325.0,1197.0,160.89999389648438,160.89854431152344,1350.0,39.400001525878906,79.87236022949219,788.5676879882812,480.0,424.48944091796875,1600.8646240234375,1260.0,1426.0,1553.5355224609375,1353.3990478515625,1353.3990478515625,693.0,136.6999969482422,199.8723602294922,830.29296875,130.5,126.98450469970703,830.018798828125,46.82600021362305,63.744712829589844,373.26806640625,1424.811767578125,1424.811767578125,637.0,580.0,752.0570068359375,1000.3643798828125,530.0,530.0,1531.0,1353.3990478515625,1353.3990478515625,921.0
2014-06-30,1325.0,1325.0,1197.0,130.0,129.9990234375,1350.0,34.400001525878906,79.87236022949219,788.4857177734375,450.0,424.48944091796875,1600.9207763671875,1160.0,1426.0,1553.3707275390625,1350.0,1350.0,693.0,131.6999969482422,199.8723602294922,830.2178344726562,116.4000015258789,120.0,830.0148315429688,51.625999450683594,63.744712829589844,373.2532958984375,1199.4630126953125,1199.4630126953125,637.0,450.0,814.66796875,1000.1516723632812,530.0,530.0,1531.0,1275.7188720703125,1350.0,920.9649047851562
2014-07-01,1390.0,1390.0,1197.0,115.5,115.49935150146484,1350.0,36.79999923706055,55.87235641479492,788.4513549804688,380.0,332.3617858886719,1601.029052734375,1110.0,1536.0,1553.106689453125,1350.0,1350.0,693.0,135.39999389648438,112.74471282958984,830.2427978515625,95.30000305175781,120.0,829.9868774414062,64.19000244140625,50.0,373.2414245605469,1209.7122802734375,1209.7122802734375,637.0,340.0,670.385009765625,999.9589233398438,510.0,510.0,1531.0,1233.6527099609375,1350.0,920.9099731445312
2014-07-02,1390.0,1390.0,1197.0,105.5999984741211,105.59956359863281,1350.0,25.899999618530273,55.87235641479492,788.3972778320312,380.0,332.3617858886719,1601.1470947265625,1160.0,1536.0,1552.87744140625,1350.0,1350.0,693.0,96.5,112.74471282958984,830.2249145507812,86.5,120.0,829.9478149414062,41.542999267578125,50.0,373.224365234375,1019.0145874023438,1019.0145874023438,637.0,280.0,708.5250244140625,999.7089233398438,480.0,480.0,1531.0,1208.1072998046875,1350.0,920.8429565429688
2014-07-03,1390.0,1390.0,1197.0,89.5,89.49971008300781,1350.0,27.200000762939453,55.87235641479492,788.3455810546875,370.0,332.3617858886719,1601.240478515625,1020.0,1536.0,1552.5672607421875,1350.0,1350.0,693.0,91.69999694824219,112.74471282958984,830.2017211914062,80.19999694824219,120.0,829.9013671875,55.49699783325195,50.0,373.21051025390625,1180.731201171875,1180.731201171875,637.0,270.0,746.1319580078125,999.43115234375,480.0,480.0,1531.0,1192.411376953125,1350.0,920.7685546875
2014-07-04,1390.0,1390.0,1197.0,85.69999694824219,85.6998062133789,1350.0,27.200000762939453,55.87235641479492,788.2938842773438,350.0,332.3617858886719,1601.2841796875,970.0,1536.0,1552.22705078125,1350.0,1350.0,693.0,85.9000015258789,112.74471282958984,830.172119140625,77.5,120.0,829.851806640625,58.051002502441406,50.0,373.1972351074219,1044.225341796875,1044.225341796875,637.0,220.0,763.8919677734375,999.1138916015625,440.0,440.0,1531.0,1066.4056396484375,1350.0,920.6346435546875
2014-07-05,1390.0,1390.0,1197.0,77.30000305175781,77.29987335205078,1350.0,27.200000762939453,55.87235641479492,788.2421875,330.0,332.3617858886719,1601.2783203125,930.0,1536.0,1551.8585205078125,1350.0,1350.0,693.0,81.19999694824219,112.74471282958984,830.1373901367188,69.19999694824219,120.0,829.79248046875,2.5049972534179688,50.0,373.17120361328125,1159.75830078125,1159.75830078125,637.0,230.0,807.6710205078125,998.77685546875,430.0,439.234130859375,1530.99267578125,1142.6243896484375,1350.0,920.5366821289062
2014-07-06,1390.0,1390.0,1197.0,78.80000305175781,78.79991912841797,1350.0,25.600000381469727,55.87235641479492,788.1876220703125,330.0,332.3617858886719,1601.2724609375,890.0,1536.0,1551.4581298828125,1350.0,1350.0,693.0,69.9000015258789,112.74471282958984,830.0901489257812,63.400001525878906,120.0,829.7264404296875,31.85900115966797,50.0,373.15191650390625,1062.7921142578125,1062.7921142578125,637.0,210.0,817.79296875,998.4223022460938,430.0,439.234130859375,1530.9853515625,1069.587158203125,1350.0,920.4042358398438
2014-07-07,1390.0,1390.0,1197.0,75.5,75.49994659423828,1350.0,21.600000381469727,55.87235641479492,788.1257934570312,360.0,332.3617858886719,1601.3409423828125,850.0,1536.0,1551.032958984375,1350.0,1350.0,693.0,46.70000076293945,112.74471282958984,830.0173950195312,63.5,120.0,829.6605224609375,31.912002563476562,50.0,373.1326599121094,1146.3319091796875,1146.3319091796875,637.0,160.0,825.4150390625,998.0341186523438,410.0,439.234130859375,1530.962158203125,1473.650146484375,1350.0,920.462646484375
2014-07-08,1390.0,1390.0,1197.0,72.69999694824219,72.69995880126953,1350.0,21.600000381469727,55.87235641479492,788.0640258789062,290.0,332.3617858886719,1601.2359619140625,890.0,1536.0,1550.632568359375,1350.0,1350.0,693.0,34.5,112.74471282958984,829.93115234375,63.599998474121094,120.0,829.5947265625,32.06599807739258,50.0,373.11346435546875,1077.110595703125,1077.110595703125,637.0,180.0,795.9639892578125,997.6747436523438,410.0,439.234130859375,1530.93896484375,1443.2933349609375,1350.0,920.5067138671875
2014-07-09,1390.0,1390.0,1197.0,66.0999984741211,68.61707305908203,1349.9945068359375,14.699999809265137,55.87235641479492,787.98974609375,350.0,332.3617858886719,1601.2796630859375,860.0,1536.0,1550.2135009765625,1350.0,1350.0,693.0,118.5,112.74471282958984,829.9375,58.70000076293945,120.0,829.523193359375,32.02000045776367,50.0,373.0942687988281,1136.0372314453125,1136.0372314453125,637.0,120.0,774.8510131835938,997.292724609375,460.0,439.234130859375,1530.9554443359375,1424.0770263671875,1350.0,920.5416870117188
2014-07-10,1390.0,1390.0,1197.0,66.0,68.61707305908203,1349.9886474609375,4.300000190734863,55.87235641479492,787.8967895507812,340.0,332.3617858886719,1601.298583984375,850.0,1536.0,1549.788330078125,1350.0,1350.0,693.0,50.70000076293945,112.74471282958984,829.869140625,46.900001525878906,120.0,829.4379272460938,31.774002075195312,50.0,373.07501220703125,1081.0919189453125,1081.0919189453125,637.0,110.0,814.8259887695312,996.8779907226562,410.0,439.234130859375,1530.9322509765625,1129.694580078125,1350.0,920.4376220703125
2014-07-11,1390.0,1390.0,1197.0,64.5999984741211,68.61707305908203,1349.9798583984375,18.600000381469727,55.87235641479492,787.8295288085938,330.0,332.3617858886719,1601.292724609375,810.0,1536.0,1549.3382568359375,1350.0,1350.0,693.0,41.0,112.74471282958984,829.7901000976562,49.599998474121094,120.0,829.3557739257812,31.950000762939453,50.0,373.0558166503906,1124.8057861328125,1124.8057861328125,637.0,120.0,905.0479736328125,996.4061279296875,410.0,439.234130859375,1530.9090576171875,1049.32666015625,1350.0,920.295654296875
2014-07-12,1390.0,1390.0,1197.0,61.29999923706055,68.61707305908203,1349.9637451171875,16.399999618530273,55.87235641479492,787.7583618164062,290.0,332.3617858886719,1601.187744140625,790.0,1536.0,1548.8719482421875,1350.0,1350.0,693.0,74.4000015258789,112.74471282958984,829.7478637695312,55.900001525878906,120.0,829.281005859375,31.980998992919922,50.0,373.03662109375,1096.0858154296875,1096.0858154296875,637.0,120.0,868.916015625,995.957275390625,400.0,439.234130859375,1530.8779296875,1058.359619140625,1350.0,920.1578979492188
2014-07-13,1390.0,1390.0,1197.0,58.79999923706055,68.61707305908203,1349.9420166015625,18.600000381469727,55.87235641479492,787.691162109375,330.0,332.3617858886719,1601.181884765625,770.0,1536.0,1548.3818359375,1350.0,1350.0,693.0,43.20000076293945,112.74471282958984,829.6712036132812,53.599998474121094,120.0,829.2035522460938,19.61199951171875,50.0,373.01458740234375,1116.234130859375,1116.234130859375,637.0,110.0,897.5579833984375,995.4978637695312,390.0,439.234130859375,1530.8388671875,965.6390380859375,1350.0,919.975830078125
2014-07-14,1390.0,1390.0,1197.0,53.5,68.61707305908203,1349.9088134765625,16.399999618530273,55.87235641479492,787.6199951171875,320.0,332.3617858886719,1601.1512451171875,840.0,1536.0,1547.9365234375,1350.0,1350.0,693.0,21.700000762939453,112.74471282958984,829.5708618164062,45.599998474121094,120.0,829.11669921875,1.7660026550292969,50.0,372.9879150390625,1100.6402587890625,1100.6402587890625,637.0,160.0,901.5599975585938,995.0652465820312,410.0,439.234130859375,1530.815673828125,1066.1014404296875,1350.0,919.8385009765625
2014-07-15,1190.0,1190.0,1197.0,55.29999923706055,68.61707305908203,1349.87939453125,18.600000381469727,55.87235641479492,787.5527954101562,330.0,332.3617858886719,1601.1453857421875,790.0,1336.0,1547.587158203125,1350.0,1350.0,693.0,65.0999984741211,112.74471282958984,829.5183715820312,38.29999923706055,120.0,829.0214233398438,43.94199752807617,50.0,372.9707336425781,1113.8514404296875,1113.8514404296875,637.0,130.0,908.3469848632812,994.599365234375,400.0,439.234130859375,1530.7845458984375,957.9765625,1350.0,919.6488647460938
2014-07-16,1190.0,1190.0,1197.0,50.900001525878906,68.61707305908203,1349.84033203125,13.199999809265137,55.87235641479492,787.475830078125,270.0,332.3617858886719,1600.9918212890625,740.0,1336.0,1547.205810546875,1350.0,1350.0,693.0,77.5999984741211,112.74471282958984,829.4796752929688,35.099998474121094,120.0,828.9266357421875,33.27299880981445,50.0,372.9509582519531,1102.1165771484375,1102.1165771484375,637.0,100.0,920.5070190429688,994.106201171875,400.0,439.234130859375,1530.75341796875,876.8164672851562,1350.0,919.419921875
2014-07-17,1190.0,1190.0,1197.0,46.20000076293945,68.61707305908203,1349.791015625,9.300000190734863,55.87235641479492,787.391845703125,310.0,332.3617858886719,1600.9425048828125,720.0,1336.0,1546.8116455078125,1350.0,1350.0,693.0,38.0,112.74471282958984,829.3972778320312,36.20000076293945,120.0,828.8342895507812,-63.01899719238281,50.0,372.9079284667969,1113.876708984375,1113.876708984375,637.0,90.0,908.8370361328125,993.6140747070312,430.0,439.234130859375,1530.74609375,872.4085693359375,1350.0,919.1889038085938
2014-07-18,1190.0,1190.0,1197.0,42.900001525878906,68.61707305908203,1349.7342529296875,7.699999809265137,55.87235641479492,787.3049926757812,310.0,332.3617858886719,1600.8931884765625,770.0,1336.0,1546.449462890625,1350.0,1350.0,693.0,36.79999923706055,112.74471282958984,829.3135986328125,27.0,120.0,828.7318115234375,-25.76599884033203,50.0,372.8739318847656,1101.8077392578125,1101.8077392578125,637.0,70.0,925.0899658203125,993.10009765625,430.0,439.234130859375,1530.73876953125,839.2340087890625,1350.0,918.9417724609375
2014-07-19,1190.0,1190.0,1197.0,42.900001525878906,68.61707305908203,1349.6776123046875,7.0,55.87235641479492,787.2168579101562,280.0,332.3617858886719,1600.77783203125,750.0,1336.0,1546.0745849609375,1350.0,1350.0,693.0,36.599998474121094,112.74471282958984,829.2296752929688,33.20000076293945,120.0,828.6361694335938,66.86499786376953,50.0,372.8623352050781,1114.122314453125,1114.122314453125,637.0,70.0,913.7020263671875,992.593017578125,390.0,439.234130859375,1530.69970703125,958.0061645507812,1350.0,918.7521362304688
2014-07-20,1190.0,1190.0,1197.0,43.5,68.61707305908203,1349.6221923828125,14.800000190734863,55.87235641479492,787.142822265625,280.0,332.3617858886719,1600.6624755859375,780.0,1336.0,1545.7188720703125,1350.0,1350.0,693.0,41.29999923706055,112.74471282958984,829.1510009765625,33.900001525878906,120.0,828.5413208007812,47.541996002197266,50.0,372.8460998535156,1101.008056640625,1101.008056640625,637.0,60.0,938.344970703125,992.0650634765625,450.0,439.234130859375,1530.708251953125,959.234130859375,1350.0,918.5631103515625
2014-07-21,1190.0,1190.0,1197.0,43.099998474121094,68.61707305908203,1349.5660400390625,16.399999618530273,55.87235641479492,787.0716552734375,290.0,332.3617858886719,1600.569091796875,720.0,1336.0,1545.32470703125,1350.0,1350.0,693.0,43.79999923706055,112.74471282958984,829.0750122070312,34.099998474121094,120.0,828.4466552734375,-0.003997802734375,50.0,372.818359375,1115.362060546875,1115.362060546875,637.0,60.0,919.083984375,991.5487060546875,420.0,439.234130859375,1530.6929931640625,919.234130859375,1350.0,918.354736328125
2014-07-22,1190.0,1190.0,1197.0,46.099998474121094,68.61707305908203,1349.516357421875,23.399999618530273,55.87235641479492,787.0131225585938,310.0,332.3617858886719,1600.519775390625,710.0,1336.0,1544.9241943359375,1350.0,1350.0,693.0,56.20000076293945,112.74471282958984,829.0126953125,49.5,120.0,828.3689575195312,53.85000228881836,50.0,372.8036804199219,1101.5302734375,1101.5302734375,637.0,90.0,921.0850219726562,991.0491943359375,430.0,439.234130859375,1530.6856689453125,918.005126953125,1350.0,918.145751953125
2014-07-23,1190.0,1190.0,1197.0,63.5,68.61707305908203,1349.505126953125,29.600000381469727,55.87235641479492,786.9656982421875,390.0,332.3617858886719,1600.6468505859375,860.0,1336.0,1544.61962890625,1350.0,1350.0,693.0,55.5,112.74471282958984,828.9466552734375,81.0,120.0,828.3259887695312,71.22599792480469,50.0,372.7931823730469,1114.3001708984375,1114.3001708984375,637.0,160.0,910.56201171875,990.5855102539062,520.0,439.234130859375,1530.749755859375,1080.464111328125,1350.0,918.0153198242188
2014-07-24,1190.0,1190.0,1197.0,55.099998474121094,68.61707305908203,1349.475341796875,22.600000381469727,55.87235641479492,786.9057006835938,300.0,332.3617858886719,1600.5755615234375,840.0,1336.0,1544.30224609375,1350.0,1350.0,693.0,40.599998474121094,112.74471282958984,828.8624877929688,62.599998474121094,120.0,828.2627563476562,-13.819999694824219,50.0,372.76214599609375,1103.9903564453125,1103.9903564453125,637.0,120.0,890.5040283203125,990.10791015625,480.0,439.234130859375,1530.7821044921875,1051.693115234375,1350.0,917.8710327148438
2014-07-25,1190.0,1190.0,1197.0,41.20000076293945,68.61707305908203,1349.4149169921875,13.699999809265137,55.87235641479492,786.8297119140625,310.0,332.3617858886719,1600.5262451171875,790.0,1336.0,1543.9512939453125,1350.0,1350.0,693.0,82.69999694824219,112.74471282958984,828.827392578125,42.79999923706055,120.0,828.1776733398438,16.53399658203125,50.0,372.7384338378906,1109.631591796875,1109.631591796875,637.0,80.0,916.3919677734375,989.6019287109375,430.0,439.234130859375,1530.7747802734375,975.5521240234375,1350.0,917.6898803710938
2014-07-26,1190.0,1190.0,1197.0,36.400001525878906,68.61707305908203,1349.3438720703125,11.199999809265137,55.87235641479492,786.7491455078125,310.0,332.3617858886719,1600.4769287109375,680.0,1336.0,1543.517578125,1350.0,1350.0,693.0,35.599998474121094,112.74471282958984,828.7374267578125,37.29999923706055,120.0,828.0865478515625,29.187999725341797,50.0,372.71783447265625,1104.1826171875,1104.1826171875,637.0,70.0,953.7979736328125,989.0707397460938,400.0,439.234130859375,1530.74365234375,899.234130859375,1350.0,917.4718017578125
2014-07-27,1190.0,1190.0,1197.0,34.5,68.61707305908203,1349.2686767578125,12.199999809265137,55.87235641479492,786.67041015625,300.0,332.3617858886719,1600.4056396484375,690.0,1336.0,1543.0904541015625,1350.0,1350.0,693.0,44.900001525878906,112.74471282958984,828.6582641601562,35.099998474121094,120.0,827.9925537109375,46.964996337890625,50.0,372.7015075683594,1112.7109375,1112.7109375,637.0,60.0,930.4840087890625,988.5333862304688,470.0,439.234130859375,1530.76806640625,899.234130859375,1350.0,917.2537231445312
2014-07-28,1190.0,1190.0,1197.0,35.20000076293945,68.61707305908203,1349.195068359375,10.399999618530273,55.87235641479492,786.58837890625,250.0,332.3617858886719,1600.22412109375,710.0,1336.0,1542.6766357421875,1350.0,1350.0,693.0,39.29999923706055,112.74471282958984,828.5725708007812,32.099998474121094,120.0,827.8900146484375,16.91899871826172,50.0,372.6779479980469,1103.013671875,1103.013671875,637.0,60.0,944.738037109375,987.9849853515625,400.0,439.234130859375,1530.7369384765625,879.234130859375,1350.0,917.0260009765625
2014-07-29,1190.0,1190.0,1197.0,28.200000762939453,68.61707305908203,1349.10595703125,12.699999809265137,55.87235641479492,786.5105590820312,290.0,332.3617858886719,1600.1307373046875,680.0,1336.0,1542.242919921875,1350.0,1350.0,693.0,11.300000190734863,112.74471282958984,828.4542236328125,36.29999923706055,120.0,827.7923583984375,6.872001647949219,50.0,372.6519775390625,1112.195556640625,1112.195556640625,637.0,60.0,948.6409912109375,987.4341430664062,430.0,439.234130859375,1530.7296142578125,821.380126953125,1350.0,916.770263671875
2014-07-30,1190.0,1190.0,1197.0,28.100000381469727,68.61707305908203,1349.0167236328125,7.5,55.87235641479492,786.42333984375,300.0,332.3617858886719,1600.0594482421875,750.0,1336.0,1541.85546875,1350.0,1350.0,693.0,-10.0,112.74471282958984,828.3109741210938,28.200000762939453,120.0,827.6852416992188,-1.0970001220703125,50.0,372.62408447265625,1103.9552001953125,1103.9552001953125,637.0,50.0,954.385986328125,986.8735961914062,420.0,439.234130859375,1530.71435546875,913.8081665039062,1350.0,916.5592651367188
2014-07-31,1190.0,1190.0,1197.0,21.200000762939453,68.61707305908203,1348.9122314453125,5.400000095367432,55.87235641479492,786.3323364257812,230.0,332.3617858886719,1599.8131103515625,630.0,1336.0,1541.388671875,1350.0,1350.0,693.0,82.9000015258789,112.74471282958984,828.2761840820312,25.100000381469727,120.0,827.5745239257812,38.35700607299805,50.0,372.6057434082031,1112.21435546875,1112.21435546875,637.0,20.0,943.3209838867188,986.30126953125,410.0,439.234130859375,1530.691162109375,859.234130859375,1350.0,916.3218383789062
2014-08-01,1161.0,1161.0,1197.0,6.300000190734863,68.74471282958984,1348.7745361328125,7.800000190734863,55.87235641479492,786.24560546875,300.0,332.48944091796875,1599.7325439453125,640.0,1297.0,1540.954345703125,1350.0,1350.0,693.0,29.5,112.87236022949219,828.1788940429688,29.100000381469727,120.0,827.468505859375,17.801998138427734,50.0,372.58441162109375,1065.458984375,1065.458984375,637.0,10.0,911.1430053710938,985.7427368164062,420.0,439.3617858886719,1530.67578125,778.0350952148438,1350.0,916.0451049804688
2014-08-02,1161.0,1161.0,1197.0,19.200000762939453,68.74471282958984,1348.6654052734375,4.099999904632568,55.87235641479492,786.1522827148438,280.0,332.48944091796875,1599.6024169921875,650.0,1297.0,1540.5264892578125,1350.0,1350.0,693.0,26.399999618530273,112.87236022949219,828.0780029296875,23.700000762939453,120.0,827.3561401367188,-2.878997802734375,50.0,372.55810546875,1072.3660888671875,1072.3660888671875,637.0,30.0,853.5239868164062,985.2322998046875,400.0,439.3617858886719,1530.64453125,869.2573852539062,1350.0,915.807861328125
2014-08-03,1161.0,1161.0,1197.0,18.299999237060547,68.74471282958984,1348.55419921875,6.400000095367432,55.87235641479492,786.0630493164062,280.0,332.48944091796875,1599.4722900390625,630.0,1297.0,1540.0855712890625,1350.0,1350.0,693.0,29.5,112.87236022949219,827.980712890625,24.200000762939453,120.0,827.2443237304688,24.4010009765625,50.0,372.53839111328125,1062.890869140625,1062.890869140625,637.0,30.0,846.333984375,984.726318359375,440.0,439.3617858886719,1530.64501953125,869.294677734375,1350.0,915.5695190429688
2014-08-04,1161.0,1161.0,1197.0,-35.70000076293945,68.74471282958984,1348.323974609375,10.600000381469727,55.87235641479492,785.9795532226562,260.0,332.48944091796875,1599.29248046875,590.0,1297.0,1539.60498046875,1350.0,1350.0,693.0,20.600000381469727,112.87236022949219,827.873046875,24.899999618530273,120.0,827.1333618164062,-3.3590011596679688,50.0,372.511962890625,1069.934326171875,1069.934326171875,637.0,10.0,854.864990234375,984.20263671875,410.0,439.3617858886719,1530.6217041015625,839.3311157226562,1350.0,915.3162841796875
2014-08-05,1161.0,1161.0,1197.0,-13.399999618530273,68.74471282958984,1348.1429443359375,7.5,55.87235641479492,785.8836669921875,340.0,332.48944091796875,1599.3111572265625,620.0,1297.0,1539.141845703125,1350.0,1350.0,693.0,12.600000381469727,112.87236022949219,827.756103515625,23.0,120.0,827.0202026367188,-50.91999816894531,50.0,372.47406005859375,1063.4842529296875,1063.4842529296875,637.0,30.0,869.0239868164062,983.6723022460938,340.0,439.3617858886719,1530.5428466796875,869.3507080078125,1350.0,915.0779418945312
2014-08-06,1161.0,1161.0,1197.0,-15.0,68.74471282958984,1347.962646484375,6.599999904632568,55.87235641479492,785.785888671875,300.0,332.48944091796875,1599.2305908203125,590.0,1297.0,1538.6583251953125,1350.0,1350.0,693.0,0.5,112.87236022949219,827.6249389648438,20.399999618530273,120.0,826.9039916992188,-10.879997253417969,50.0,372.44586181640625,1070.6090087890625,1070.6090087890625,637.0,20.0,860.6629638671875,983.1344604492188,350.0,439.3617858886719,1530.4720458984375,648.1537475585938,1350.0,914.7299194335938
2014-08-07,1161.0,1161.0,1197.0,-15.300000190734863,68.74471282958984,1347.7958984375,2.9000000953674316,55.87235641479492,785.6808471679688,280.0,332.48944091796875,1599.1004638671875,590.0,1297.0,1538.1748046875,1350.0,1350.0,693.0,-16.200000762939453,112.87236022949219,827.474365234375,35.400001525878906,120.0,826.8052978515625,-8.141002655029297,50.0,372.4183349609375,1062.8717041015625,1062.8717041015625,637.0,0.0,875.2839965820312,982.5744018554688,370.0,621.9644165039062,1530.2720947265625,827.2730102539062,1350.0,914.470703125
2014-08-08,1161.0,1161.0,1197.0,9.100000381469727,68.74471282958984,1347.6776123046875,0.5,55.87235641479492,785.5709838867188,300.0,332.48944091796875,1599.0198974609375,530.0,1297.0,1537.650146484375,1350.0,1350.0,693.0,-10.800000190734863,112.87236022949219,827.330078125,45.599998474121094,120.0,826.718505859375,-54.60099792480469,50.0,372.37957763671875,1070.9581298828125,1070.9581298828125,637.0,0.0,869.4530029296875,982.0181274414062,370.0,660.5839233398438,1530.04150390625,911.298095703125,1350.0,914.253173828125
2014-08-09,1161.0,1161.0,1197.0,9.399999618530273,68.74471282958984,1347.5599365234375,3.4000000953674316,55.87235641479492,785.4669189453125,300.0,332.48944091796875,1598.9393310546875,630.0,1297.0,1537.1939697265625,1350.0,1350.0,693.0,-7.5,112.87236022949219,827.1896362304688,36.29999923706055,120.0,826.620849609375,-8.46200180053711,50.0,372.3520202636719,1065.4832763671875,1065.4832763671875,637.0,10.0,842.5599975585938,981.50146484375,330.0,603.552490234375,1529.824462890625,1072.9088134765625,1350.0,914.1157836914062
2014-08-10,1161.0,1161.0,1197.0,-1.2999999523162842,68.74471282958984,1347.4208984375,3.5,55.87235641479492,785.363037109375,330.0,332.48944091796875,1598.93310546875,590.0,1297.0,1536.71044921875,1350.0,1350.0,693.0,-2.0999999046325684,112.87236022949219,827.0554809570312,25.299999237060547,120.0,826.5103759765625,25.698001861572266,50.0,372.3327331542969,1065.505126953125,1065.505126953125,637.0,0.0,882.4660034179688,980.9530639648438,400.0,606.54443359375,1529.66064453125,944.4495239257812,1350.0,913.9146728515625
2014-08-11,1161.0,1161.0,1197.0,15.600000381469727,68.74471282958984,1347.3155517578125,3.700000047683716,55.87235641479492,785.2595825195312,260.0,332.48944091796875,1598.75341796875,600.0,1297.0,1536.2337646484375,1350.0,1350.0,693.0,-16.299999237060547,112.87236022949219,826.8988037109375,24.0,120.0,826.3983154296875,26.336999893188477,50.0,372.3135986328125,1068.2479248046875,1068.2479248046875,637.0,0.0,882.9970092773438,980.3880615234375,470.0,699.5945434570312,1529.478515625,1074.98876953125,1350.0,913.7783203125
2014-08-12,1161.0,1161.0,1197.0,-8.699999809265137,68.74471282958984,1347.161865234375,5.400000095367432,55.87235641479492,785.1594848632812,330.0,332.48944091796875,1598.747314453125,550.0,1297.0,1535.7227783203125,1350.0,1350.0,693.0,-12.5,112.87236022949219,826.743408203125,25.600000381469727,120.0,826.2882080078125,2.055999755859375,50.0,372.2886047363281,1066.3118896484375,1066.3118896484375,637.0,0.0,877.510986328125,979.8208618164062,390.0,579.2758178710938,1529.328369140625,1141.6815185546875,1350.0,913.6749877929688
2014-08-13,1161.0,1161.0,1197.0,23.799999237060547,68.74471282958984,1347.07275390625,9.199999809265137,55.87235641479492,785.06689453125,320.0,332.48944091796875,1598.71630859375,570.0,1297.0,1535.2255859375,1350.0,1350.0,693.0,41.5,112.87236022949219,826.6549072265625,36.0,120.0,826.190185546875,-32.683998107910156,50.0,372.2552185058594,1068.07080078125,1068.07080078125,637.0,10.0,870.677978515625,979.2517700195312,390.0,539.1361694335938,1529.2099609375,986.5240478515625,1350.0,913.4947509765625
2014-08-14,1161.0,1161.0,1197.0,25.700000762939453,68.74471282958984,1346.9859619140625,10.899999618530273,55.87235641479492,784.9776611328125,330.0,332.48944091796875,1598.7100830078125,620.0,1297.0,1534.7625732421875,1350.0,1350.0,693.0,18.200000762939453,112.87236022949219,826.5375366210938,19.399999618530273,120.0,826.0728149414062,14.176002502441406,50.0,372.2331848144531,1065.505615234375,1065.505615234375,637.0,10.0,878.8580322265625,978.687744140625,400.0,592.2789306640625,1529.0574951171875,981.2971801757812,1350.0,913.3119506835938
2014-08-15,1161.0,1161.0,1197.0,5.300000190734863,68.74471282958984,1346.84619140625,11.600000381469727,55.87235641479492,784.889892578125,320.0,332.48944091796875,1598.67919921875,630.0,1297.0,1534.3062744140625,1350.0,1350.0,693.0,14.399999618530273,112.87236022949219,826.4154663085938,19.799999237060547,120.0,825.9559326171875,-15.165000915527344,50.0,372.20404052734375,1068.4066162109375,1068.4066162109375,637.0,10.0,877.1209716796875,978.1329345703125,360.0,570.4222412109375,1528.8905029296875,1297.4549560546875,1350.0,913.285888671875
2014-08-16,1161.0,1161.0,1197.0,-21.0,68.74471282958984,1346.6484375,4.400000095367432,55.87235641479492,784.7877807617188,310.0,332.48944091796875,1598.6234130859375,630.0,1297.0,1533.8447265625,1350.0,1350.0,693.0,7.199999809265137,112.87236022949219,826.2844848632812,20.299999237060547,120.0,825.839599609375,-15.02499771118164,50.0,372.17498779296875,1065.09375,1065.09375,637.0,0.0,887.0579833984375,977.5653686523438,400.0,498.6380615234375,1528.812255859375,688.9974975585938,1350.0,912.9581298828125
2014-08-17,1161.0,1161.0,1197.0,2.5,68.74471282958984,1346.50244140625,4.400000095367432,55.87235641479492,784.6856689453125,280.0,332.48944091796875,1598.4932861328125,580.0,1297.0,1533.3369140625,1350.0,1350.0,693.0,6.099999904632568,112.87236022949219,826.1521606445312,20.700000762939453,120.0,825.7237548828125,9.13399887084961,50.0,372.1517639160156,1068.7723388671875,1068.7723388671875,637.0,10.0,885.1539916992188,977.0054321289062,330.0,614.9384155273438,1528.586181640625,973.9982299804688,1350.0,912.7716674804688
2014-08-18,1161.0,1161.0,1197.0,8.300000190734863,68.74471282958984,1346.369140625,3.9000000953674316,55.87235641479492,784.5825805664062,280.0,332.48944091796875,1598.3631591796875,560.0,1297.0,1532.8148193359375,1350.0,1350.0,693.0,-7.699999809265137,112.87236022949219,826.002685546875,16.600000381469727,120.0,825.6030883789062,31.694002151489258,50.0,372.1340026855469,1065.951416015625,1065.951416015625,637.0,0.0,878.3800048828125,976.4248657226562,400.0,647.916259765625,1528.3895263671875,952.5220336914062,1350.0,912.5745849609375
2014-08-19,1161.0,1161.0,1197.0,5.400000095367432,68.74471282958984,1346.2296142578125,3.5999999046325684,55.87235641479492,784.4789428710938,270.0,332.48944091796875,1598.2081298828125,540.0,1297.0,1532.278564453125,1350.0,1350.0,693.0,0.10000000149011612,112.87236022949219,825.8628540039062,10.5,120.0,825.475341796875,-20.086997985839844,50.0,372.103759765625,1068.5225830078125,1068.5225830078125,637.0,0.0,869.5250244140625,975.8499755859375,310.0,552.0850219726562,1528.1973876953125,1266.4815673828125,1350.0,912.5331420898438
2014-08-20,1161.0,1161.0,1197.0,10.300000190734863,68.74471282958984,1346.100830078125,3.0999999046325684,55.87235641479492,784.374267578125,270.0,332.48944091796875,1598.05322265625,560.0,1297.0,1531.764892578125,1350.0,1350.0,693.0,1.399999976158142,112.87236022949219,825.7246704101562,19.799999237060547,120.0,825.3583984375,43.952999114990234,50.0,372.0889892578125,1063.1395263671875,1063.1395263671875,637.0,80.0,905.9030151367188,975.3038940429688,350.0,472.1326904296875,1528.1004638671875,888.5140380859375,1350.0,912.3043212890625
2014-08-21,1161.0,1161.0,1197.0,27.399999618530273,68.74471282958984,1346.0096435546875,1.600000023841858,55.87235641479492,784.2666015625,270.0,332.48944091796875,1597.8983154296875,510.0,1297.0,1531.2265625,1350.0,1350.0,693.0,-9.0,112.87236022949219,825.5736083984375,12.5,120.0,825.2329711914062,-26.888004302978516,50.0,372.0570983886719,1071.32666015625,1071.32666015625,637.0,80.0,891.5350341796875,974.767333984375,340.0,558.9132080078125,1527.9268798828125,899.7322387695312,1350.0,912.0810546875
2014-08-22,1161.0,1161.0,1197.0,-0.6000000238418579,68.74471282958984,1345.8568115234375,-1.2000000476837158,55.87235641479492,784.1533813476562,240.0,332.48944091796875,1597.6690673828125,530.0,1297.0,1530.69140625,1350.0,1350.0,693.0,-11.399999618530273,112.87236022949219,825.4195556640625,9.600000381469727,120.0,825.1041870117188,-56.14799880981445,50.0,372.0181579589844,1062.552978515625,1062.552978515625,637.0,80.0,901.9039916992188,974.2239379882812,300.0,551.0073852539062,1527.7276611328125,851.5857543945312,1350.0,911.8339233398438
2014-08-23,1161.0,1161.0,1197.0,-9.600000381469727,68.74471282958984,1345.6842041015625,-1.899999976158142,55.87235641479492,784.038818359375,230.0,332.48944091796875,1597.4149169921875,540.0,1297.0,1530.1551513671875,1350.0,1350.0,693.0,-13.300000190734863,112.87236022949219,825.2631225585938,11.100000381469727,120.0,824.9771118164062,-19.60900115966797,50.0,371.9877624511719,1072.802001953125,1072.802001953125,637.0,40.0,873.6900024414062,973.6727294921875,330.0,611.1053466796875,1527.504638671875,894.80078125,1350.0,911.608154296875
2014-08-24,1161.0,1161.0,1197.0,-0.30000001192092896,68.74471282958984,1345.531982421875,-5.300000190734863,55.87235641479492,783.9249877929688,220.0,332.48944091796875,1597.135986328125,530.0,1297.0,1529.597412109375,1350.0,1350.0,693.0,-5.099999904632568,112.87236022949219,825.1168823242188,2.799999952316284,120.0,824.8403930664062,19.830997467041016,50.0,371.9667053222656,1060.9163818359375,1060.9163818359375,637.0,30.0,889.3090209960938,973.1046142578125,340.0,616.1851806640625,1527.2855224609375,894.9326171875,1350.0,911.3825073242188
2014-08-25,1161.0,1161.0,1197.0,17.700000762939453,68.74471282958984,1345.4195556640625,-3.5999999046325684,55.87235641479492,783.8177490234375,220.0,332.48944091796875,1596.8570556640625,570.0,1297.0,1529.0633544921875,1350.0,1350.0,693.0,-10.300000190734863,112.87236022949219,824.9641723632812,11.0,120.0,824.7131958007812,-49.029998779296875,50.0,371.9285888671875,1072.12744140625,1072.12744140625,637.0,60.0,890.7739868164062,972.5553588867188,280.0,554.2901611328125,1527.06787109375,979.783935546875,1350.0,911.198974609375
2014-08-26,1161.0,1161.0,1197.0,0.20000000298023224,68.74471282958984,1345.2684326171875,0.20000000298023224,55.87235641479492,783.7173461914062,210.0,332.48944091796875,1596.553466796875,510.0,1297.0,1528.5035400390625,1350.0,1350.0,693.0,-10.0,112.87236022949219,824.8118896484375,14.100000381469727,120.0,824.5896606445312,44.0099983215332,50.0,371.91357421875,1057.090576171875,1057.090576171875,637.0,60.0,975.2360229492188,971.9502563476562,320.0,561.751953125,1526.8709716796875,881.7764282226562,1350.0,910.966796875
2014-08-27,1161.0,1161.0,1197.0,16.399999618530273,68.74471282958984,1345.153076171875,0.20000000298023224,55.87235641479492,783.616943359375,220.0,332.48944091796875,1596.2745361328125,510.0,1297.0,1527.946044921875,1350.0,1350.0,693.0,-9.699999809265137,112.87236022949219,824.659912109375,8.300000190734863,120.0,824.4593505859375,-14.25100326538086,50.0,371.8841247558594,1081.62890625,1081.62890625,637.0,60.0,882.0989990234375,971.4066772460938,330.0,596.3092651367188,1526.65087890625,861.356201171875,1350.0,910.7244873046875
2014-08-28,1161.0,1161.0,1197.0,-9.800000190734863,68.74471282958984,1344.97998046875,-0.4000000059604645,55.87235641479492,783.5155029296875,210.0,332.48944091796875,1595.9708251953125,520.0,1297.0,1527.3956298828125,1350.0,1350.0,693.0,-9.399999618530273,112.87236022949219,824.5083618164062,9.800000190734863,120.0,824.3307495117188,-14.291004180908203,50.0,371.8546447753906,1058.3448486328125,1058.3448486328125,637.0,-70.0,826.1820068359375,970.8077392578125,280.0,563.18017578125,1526.4168701171875,961.0508422851562,1350.0,910.5316162109375
2014-08-29,1161.0,1161.0,1197.0,24.899999618530273,68.74471282958984,1344.8834228515625,-1.100000023841858,55.87235641479492,783.4127807617188,200.0,332.48944091796875,1595.642333984375,470.0,1297.0,1526.802734375,1350.0,1350.0,693.0,-6.900000095367432,112.87236022949219,824.35986328125,16.799999237060547,120.0,824.2103271484375,-14.051998138427734,50.0,371.82525634765625,1069.2669677734375,1069.2669677734375,637.0,-30.0,899.9530029296875,970.1716918945312,330.0,582.11328125,1526.20849609375,922.7073364257812,1350.0,910.3197021484375
2014-08-30,1161.0,1161.0,1197.0,9.600000381469727,68.74471282958984,1344.7530517578125,-1.399999976158142,55.87235641479492,783.3095092773438,210.0,332.48944091796875,1595.338623046875,580.0,1297.0,1526.276123046875,1350.0,1350.0,693.0,0.8999999761581421,112.87236022949219,824.2210693359375,31.899999618530273,120.0,824.1075439453125,-1.9119987487792969,50.0,371.7989196777344,1066.43603515625,1066.43603515625,637.0,20.0,880.2050170898438,969.5972900390625,330.0,584.8427124023438,1525.9979248046875,958.9169921875,1350.0,910.1257934570312
2014-08-31,1161.0,1161.0,1197.0,-3.0,68.74471282958984,1344.5948486328125,-0.30000001192092896,55.87235641479492,783.2081909179688,220.0,332.48944091796875,1595.0596923828125,600.0,1297.0,1525.7640380859375,1350.0,1350.0,693.0,-1.100000023841858,112.87236022949219,824.0797729492188,24.799999237060547,120.0,823.9964599609375,15.14699935913086,50.0,371.77679443359375,1068.7774658203125,1068.7774658203125,637.0,-10.0,861.7739868164062,969.0208740234375,330.0,572.2843627929688,1525.8056640625,998.3751220703125,1350.0,909.9501953125
2014-09-01,1595.0,1595.0,1197.0,20.600000381469727,65.74471282958984,1344.495361328125,0.20000000298023224,54.87235641479492,783.109619140625,200.0,326.6170654296875,1594.745849609375,550.0,1691.0,1524.92578125,1350.0,1350.0,693.0,-12.600000381469727,110.87236022949219,823.9266967773438,16.899999618530273,218.74472045898438,823.760986328125,-30.992000579833984,50.0,371.74737548828125,1633.171630859375,1633.171630859375,637.0,-40.0,1405.47607421875,968.032958984375,330.0,552.773193359375,1525.6290283203125,930.0118408203125,1350.0,909.736572265625
2014-09-02,1595.0,1595.0,1197.0,12.800000190734863,65.74471282958984,1344.3787841796875,-6.599999904632568,54.87235641479492,782.99853515625,200.0,326.6170654296875,1594.431884765625,510.0,1691.0,1524.0582275390625,1350.0,1350.0,693.0,2.799999952316284,110.87236022949219,823.792724609375,6.300000190734863,218.74472045898438,823.5131225585938,-30.63399887084961,50.0,371.7180480957031,1695.280029296875,1695.280029296875,637.0,-50.0,1409.1939697265625,967.0349731445312,320.0,561.0974731445312,1525.437744140625,827.2645874023438,1350.0,909.4707641601562
2014-09-03,1595.0,1595.0,1197.0,6.699999809265137,65.74471282958984,1344.2486572265625,-4.900000095367432,54.87235641479492,782.8667602539062,190.0,326.6170654296875,1594.0931396484375,560.0,1691.0,1523.2274169921875,1350.0,1350.0,693.0,-1.100000023841858,110.87236022949219,823.6539306640625,-1.399999976158142,218.74472045898438,823.2562255859375,-54.275997161865234,50.0,371.682861328125,1642.9957275390625,1642.9957275390625,637.0,-50.0,1345.053955078125,966.0479736328125,260.0,546.5109252929688,1525.2103271484375,943.6007080078125,1350.0,909.2640380859375
2014-09-04,1595.0,1595.0,1197.0,-26.299999237060547,65.74471282958984,1344.0457763671875,-7.5,54.87235641479492,782.7293090820312,200.0,326.6170654296875,1593.779296875,550.0,1691.0,1522.38916015625,1350.0,1350.0,693.0,-13.0,110.87236022949219,823.5003662109375,8.5,218.74472045898438,823.0109252929688,-88.35999298095703,50.0,371.6392517089844,1683.179931640625,1683.179931640625,637.0,-60.0,1412.91796875,965.0388793945312,280.0,539.9081420898438,1525.004150390625,862.2711791992188,1350.0,909.0159912109375
2014-09-05,1595.0,1595.0,1197.0,-43.29999923706055,65.74471282958984,1343.805419921875,-12.699999809265137,54.87235641479492,782.5803833007812,200.0,326.6170654296875,1593.46533203125,520.0,1691.0,1521.5289306640625,1350.0,1350.0,693.0,-10.899999618530273,110.87236022949219,823.349365234375,9.899999618530273,218.74472045898438,822.7672729492188,5.326000213623047,50.0,371.618896484375,1653.7843017578125,1653.7843017578125,637.0,-110.0,1350.219970703125,964.005859375,270.0,550.4359130859375,1524.7725830078125,880.5520629882812,1350.0,908.7772216796875
2014-09-06,1595.0,1595.0,1197.0,59.900001525878906,65.74471282958984,1343.7926025390625,-3.0,54.87235641479492,782.452880859375,170.0,326.6170654296875,1593.0770263671875,520.0,1691.0,1520.656005859375,1350.0,1350.0,693.0,4.099999904632568,110.87236022949219,823.217041015625,8.100000381469727,218.74472045898438,822.521484375,44.39799880981445,50.0,371.60821533203125,1676.9080810546875,1676.9080810546875,637.0,-90.0,1351.35302734375,962.98486328125,280.0,561.2786865234375,1524.5401611328125,898.9236450195312,1350.0,908.5478515625
2014-09-07,1595.0,1595.0,1197.0,0.5,791.1598510742188,1342.050048828125,-3.0999999046325684,54.87235641479492,782.3250732421875,180.0,326.6170654296875,1592.7135009765625,530.0,1691.0,1519.77880859375,1350.0,1350.0,693.0,0.20000000298023224,110.87236022949219,823.079833984375,7.900000095367432,218.74472045898438,822.2755126953125,-58.94399642944336,50.0,371.5719299316406,1653.948974609375,1653.948974609375,637.0,-70.0,1395.5150146484375,961.9467163085938,270.0,544.7037353515625,1524.3131103515625,712.8897705078125,1350.0,908.2238159179688
2014-09-08,1595.0,1595.0,1197.0,17.299999237060547,548.2074584960938,1340.8800048828125,-1.7999999523162842,54.87235641479492,782.2001953125,200.0,326.6170654296875,1592.3995361328125,500.0,1691.0,1518.900146484375,1350.0,1350.0,693.0,1.7999999523162842,110.87236022949219,822.94091796875,9.600000381469727,218.74472045898438,822.031494140625,-30.18600082397461,50.0,371.54278564453125,1675.6195068359375,1675.6195068359375,637.0,-100.0,1418.9520263671875,960.8707275390625,270.0,612.0181274414062,1524.0303955078125,859.6640625,1350.0,907.9744262695312
2014-09-09,1595.0,1595.0,1197.0,-2.5,546.519775390625,1339.6700439453125,-3.200000047683716,54.87235641479492,782.0722045898438,170.0,326.6170654296875,1592.01123046875,520.0,1691.0,1518.0068359375,1350.0,1350.0,693.0,-7.900000095367432,110.87236022949219,822.7838745117188,8.199999809265137,218.74472045898438,821.7858276367188,-29.927997589111328,50.0,371.5137023925781,1663.65380859375,1663.65380859375,637.0,-120.0,1295.988037109375,959.8627319335938,280.0,592.2130126953125,1523.7724609375,908.6602172851562,1350.0,907.75
2014-09-10,1595.0,1595.0,1197.0,-7.599999904632568,481.95001220703125,1338.5400390625,-5.900000095367432,54.87235641479492,781.9444580078125,190.0,326.6170654296875,1591.6724853515625,500.0,1691.0,1517.0982666015625,1350.0,1350.0,693.0,-6.099999904632568,110.87236022949219,822.6292114257812,10.199999809265137,218.74472045898438,821.5425415039062,-77.08399200439453,50.0,371.4729309082031,1668.35693359375,1668.35693359375,637.0,-120.0,1291.0849609375,958.826171875,280.0,562.6549072265625,1523.538818359375,939.7929077148438,1350.0,907.5413818359375
2014-09-11,1595.0,1595.0,1197.0,14.300000190734863,536.148193359375,1337.3299560546875,-7.0,54.87235641479492,781.8217163085938,220.0,326.6170654296875,1591.408203125,480.0,1691.0,1516.1744384765625,1350.0,1350.0,693.0,-5.5,110.87236022949219,822.475341796875,6.800000190734863,463.20098876953125,821.010009765625,-97.52600860595703,50.0,371.4271240234375,1655.4013671875,1655.4013671875,637.0,0.0,1456.9339599609375,957.755859375,290.0,549.8900146484375,1523.323974609375,802.9586181640625,1350.0,907.2631225585938
2014-09-12,1595.0,1595.0,1197.0,10.399999618530273,532.168212890625,1336.1800537109375,-8.600000381469727,54.87235641479492,781.6958618164062,170.0,326.6170654296875,1591.0198974609375,480.0,1691.0,1515.2506103515625,1350.0,1350.0,693.0,-12.5,110.87236022949219,822.3121948242188,10.5,704.7261962890625,820.1500244140625,84.73200225830078,50.0,371.426513671875,1678.3486328125,1678.3486328125,637.0,0.0,1401.52197265625,956.7262573242188,270.0,572.6770629882812,1523.0738525390625,904.3182373046875,1350.0,907.0364990234375
2014-09-13,1595.0,1595.0,1197.0,-2.200000047683716,523.6547241210938,1334.9100341796875,-3.799999952316284,54.87235641479492,781.5794677734375,170.0,326.6170654296875,1590.5789794921875,480.0,1691.0,1514.2998046875,1350.0,1350.0,693.0,7.900000095367432,110.87236022949219,822.176025390625,11.5,732.4884643554688,819.2999877929688,-29.49599838256836,50.0,371.3975830078125,1654.108154296875,1654.108154296875,637.0,0.0,1417.2890625,955.6851196289062,280.0,560.7066650390625,1522.8419189453125,877.4866333007812,1350.0,906.796142578125
2014-09-14,1595.0,1595.0,1197.0,22.899999618530273,544.7359008789062,1333.72998046875,-2.299999952316284,54.87235641479492,781.466064453125,170.0,326.6170654296875,1590.1351318359375,500.0,1691.0,1513.3548583984375,1350.0,1350.0,693.0,-3.4000000953674316,110.87236022949219,822.02490234375,8.300000190734863,725.220458984375,818.4299926757812,-6.137996673583984,50.0,371.37445068359375,1676.40478515625,1676.40478515625,637.0,0.0,1422.5799560546875,954.626220703125,270.0,552.5300903320312,1522.6083984375,861.7880859375,1350.0,906.5478515625
2014-09-15,1595.0,1595.0,1197.0,13.300000190734863,534.6004638671875,1332.5,-2.0,54.87235641479492,781.353271484375,170.0,326.6170654296875,1589.72998046875,500.0,1691.0,1512.4326171875,2700.0,2700.0,693.0,4.199999809265137,110.87236022949219,821.8838500976562,9.899999618530273,711.696044921875,817.5599975585938,27.548002243041992,50.0,371.35968017578125,1657.2484130859375,1657.2484130859375,637.0,0.0,1411.0679931640625,953.56640625,280.0,569.1025390625,1522.3695068359375,785.1043090820312,2700.0,905.573974609375
2014-09-16,1595.0,1595.0,1197.0,-8.899999618530273,516.437744140625,1331.260009765625,-1.600000023841858,54.87235641479492,781.2412719726562,170.0,326.6170654296875,1589.3416748046875,500.0,1691.0,1511.5050048828125,3730.680908203125,3730.680908203125,693.0,12.5,100.0,821.7681884765625,17.299999237060547,727.1705932617188,816.6799926757812,-5.9940032958984375,50.0,371.33660888671875,1673.3092041015625,1673.3092041015625,637.0,0.0,1421.7650146484375,952.5035400390625,280.0,432.48944091796875,1522.243408203125,843.1624755859375,3730.680908203125,904.0819091796875
2014-09-17,1595.0,1595.0,1197.0,4.900000095367432,525.2157592773438,1329.969970703125,-1.899999976158142,54.87235641479492,781.128662109375,210.0,326.6170654296875,1589.052490234375,510.0,1691.0,1510.5679931640625,3642.820556640625,3642.820556640625,693.0,9.800000190734863,545.3472290039062,821.0599975585938,13.399999618530273,720.7565307617188,815.7899780273438,27.76399803161621,50.0,371.3218994140625,1659.6478271484375,1659.6478271484375,637.0,0.0,1417.6719970703125,951.4220581054688,320.0,432.48944091796875,1522.1505126953125,755.3023071289062,3642.820556640625,902.57470703125
2014-09-18,1595.0,1595.0,1197.0,9.300000190734863,532.1267700195312,1328.7099609375,-1.5,54.87235641479492,781.016845703125,210.0,326.6170654296875,1588.763427734375,540.0,1691.0,1509.65478515625,3676.746337890625,3676.746337890625,693.0,2.700000047683716,542.1651000976562,820.2999877929688,10.699999809265137,688.7678833007812,814.9000244140625,-29.464004516601562,50.0,371.29302978515625,1672.258544921875,1672.258544921875,637.0,0.0,1406.799072265625,950.3228149414062,310.0,432.48944091796875,1522.0491943359375,789.2279663085938,3676.746337890625,901.0675048828125
2014-09-19,1595.0,1595.0,1197.0,19.200000762939453,543.0114135742188,1327.5,-0.8999999761581421,54.87235641479492,780.895751953125,160.0,326.6170654296875,1588.350341796875,570.0,1691.0,1508.7557373046875,3638.376708984375,3638.376708984375,693.0,7.800000190734863,544.240234375,819.5399780273438,15.899999618530273,749.4895629882812,813.989990234375,-7.092002868652344,50.0,371.2696838378906,1659.1458740234375,1659.1458740234375,637.0,0.0,1430.9609375,949.21875,290.0,432.48944091796875,1521.9315185546875,750.8584594726562,3638.376708984375,899.5603637695312
2014-09-20,1595.0,1595.0,1197.0,33.900001525878906,558.2530517578125,1326.199951171875,-0.20000000298023224,54.87235641479492,780.7744140625,180.0,326.6170654296875,1587.98486328125,560.0,1691.0,1507.828125,3642.20361328125,3642.20361328125,693.0,11.199999809265137,547.59716796875,818.780029296875,10.399999618530273,698.5671997070312,813.0800170898438,25.79399871826172,50.0,371.2545166015625,1672.9041748046875,1672.9041748046875,637.0,0.0,1416.2740478515625,948.1038208007812,290.0,432.48944091796875,1521.813720703125,754.6851806640625,3642.20361328125,898.027587890625
2014-09-21,1595.0,1595.0,1197.0,2.0,522.2665405273438,1324.9100341796875,-0.800000011920929,50.0,780.6624755859375,170.0,326.6170654296875,1587.5411376953125,480.0,1691.0,1506.86181640625,3625.416259765625,3625.416259765625,693.0,7.699999809265137,544.1401977539062,818.02001953125,14.800000190734863,752.9345703125,812.1599731445312,-19.262001037597656,50.0,371.2281799316406,1660.265625,1660.265625,637.0,0.0,1407.2120361328125,946.9873657226562,280.0,432.48944091796875,1521.687744140625,737.8978881835938,3625.416259765625,896.4796752929688
2014-09-22,1595.0,1595.0,1197.0,21.0,543.3097534179688,1323.56005859375,-2.5,303.135498046875,779.989990234375,230.0,326.6170654296875,1587.267333984375,540.0,1691.0,1505.9105224609375,3703.960205078125,3703.960205078125,693.0,-2.4000000953674316,534.0402221679688,817.260009765625,16.0,727.3722534179688,811.22998046875,9.123998641967773,50.0,371.2088928222656,1670.6834716796875,1670.6834716796875,637.0,0.0,1416.2900390625,945.8637084960938,260.0,432.48944091796875,1521.545166015625,816.4418334960938,3703.960205078125,894.9298095703125
2014-09-23,1595.0,1595.0,1197.0,17.399999618530273,541.7776489257812,1322.18994140625,34.900001525878906,292.0299377441406,779.47998046875,170.0,326.6170654296875,1586.8455810546875,570.0,1691.0,1504.984130859375,3605.914794921875,3605.914794921875,693.0,43.29999923706055,586.8054809570312,816.489990234375,44.70000076293945,755.5768432617188,810.2899780273438,114.3239974975586,50.0,371.2156982421875,1661.8326416015625,1661.8326416015625,637.0,0.0,1415.5660400390625,944.7406005859375,280.0,432.48944091796875,1521.4190673828125,718.3965454101562,3605.914794921875,893.3389282226562
2014-09-24,1595.0,1595.0,1197.0,59.79999923706055,584.1038208007812,1320.8900146484375,106.4000015258789,362.0159606933594,778.969970703125,250.0,326.6170654296875,1586.6556396484375,580.0,1691.0,1504.06591796875,4009.499755859375,4009.499755859375,693.0,177.89999389648438,713.807861328125,815.7100219726562,122.0999984741211,848.0704345703125,809.3300170898438,292.6080017089844,50.0,371.2666931152344,1677.5013427734375,1677.5013427734375,637.0,20.0,1263.842041015625,943.7435302734375,420.0,432.48944091796875,1521.4088134765625,1121.9814453125,4009.499755859375,891.7479858398438
2014-09-25,1595.0,1595.0,1197.0,55.70000076293945,577.0004272460938,1319.5400390625,59.5,295.43115234375,778.4500122070312,240.0,326.6170654296875,1586.44091796875,600.0,1691.0,1503.164306640625,3851.765625,3851.765625,693.0,110.80000305175781,648.2464599609375,814.8900146484375,95.0,789.2538452148438,808.3699951171875,86.4939956665039,50.0,371.2665710449219,1653.6373291015625,1653.6373291015625,637.0,30.0,1303.6839599609375,942.6908569335938,430.0,432.48944091796875,1521.40673828125,964.2472534179688,3851.765625,890.1570434570312
2014-09-26,1595.0,1595.0,1197.0,42.70000076293945,564.0004272460938,1318.1800537109375,29.799999237060547,266.2666015625,777.9199829101562,190.0,326.6170654296875,1586.1021728515625,660.0,1691.0,1502.312255859375,3804.859619140625,3804.859619140625,693.0,75.69999694824219,613.146484375,814.0700073242188,51.599998474121094,774.0563354492188,807.3900146484375,42.051998138427734,50.0,371.25543212890625,1673.6973876953125,1673.6973876953125,637.0,100.0,1370.1700439453125,941.6411743164062,320.0,432.48944091796875,1521.313720703125,917.34130859375,3804.859619140625,888.5252075195312
2014-09-27,1595.0,1595.0,1197.0,6.900000095367432,529.234375,1316.760009765625,12.399999618530273,226.15386962890625,777.3900146484375,220.0,326.6170654296875,1585.814697265625,690.0,1691.0,1501.4849853515625,3755.880615234375,3755.880615234375,693.0,43.599998474121094,620.369873046875,813.1900024414062,32.70000076293945,751.13134765625,806.4000244140625,42.124000549316406,50.0,371.24432373046875,1659.218505859375,1659.218505859375,637.0,80.0,1367.656982421875,940.5769653320312,300.0,432.48944091796875,1521.2042236328125,868.3623657226562,3755.880615234375,886.8887939453125
2014-09-28,1595.0,1595.0,1197.0,18.899999618530273,544.243896484375,1315.3800048828125,9.899999618530273,235.27947998046875,776.8499755859375,190.0,326.6170654296875,1585.4276123046875,760.0,1691.0,1500.703125,3795.867431640625,3795.867431640625,693.0,32.0,543.7396240234375,812.3599853515625,26.100000381469727,731.933349609375,805.4000244140625,42.19599914550781,50.0,371.23321533203125,1671.783203125,1671.783203125,637.0,60.0,1373.6109619140625,939.4913330078125,290.0,1130.058837890625,1520.510009765625,908.3491821289062,3795.867431640625,885.25244140625
2014-09-29,1595.0,1595.0,1197.0,44.0,567.3129272460938,1313.9100341796875,5.0,254.5569610595703,776.2999877929688,170.0,326.6170654296875,1584.98583984375,650.0,1691.0,1499.805419921875,4236.564453125,4236.564453125,693.0,10.399999618530273,530.691162109375,811.5,36.599998474121094,749.49853515625,804.3900146484375,41.96799850463867,50.0,371.2220764160156,1660.8272705078125,1660.8272705078125,637.0,70.0,1373.239990234375,938.3887939453125,300.0,1195.4005126953125,1519.760009765625,1349.046142578125,4236.564453125,883.5753784179688
2014-09-30,1595.0,1595.0,1197.0,32.29999923706055,554.6098022460938,1312.56005859375,8.800000190734863,249.79006958007812,775.739990234375,240.0,326.6170654296875,1584.7711181640625,680.0,1691.0,1498.936279296875,4590.60888671875,4590.60888671875,693.0,21.700000762939453,560.1588745117188,810.6099853515625,48.29999923706055,768.2637939453125,803.3699951171875,10.039999008178711,50.0,371.2030029296875,1670.677490234375,1670.677490234375,637.0,30.0,1372.575927734375,937.2630615234375,300.0,1181.294677734375,1519.0,1703.0904541015625,4590.60888671875,881.890869140625
2014-10-01,2598.93603515625,2598.93603515625,1197.0,34.70000076293945,557.0528564453125,1311.0799560546875,9.199999809265137,235.06568908691406,775.1799926757812,180.0,715.7259521484375,1583.36328125,640.0,2598.93603515625,1497.25537109375,4384.67138671875,4384.67138671875,693.0,51.5,589.9588623046875,809.719970703125,49.599998474121094,895.7596435546875,802.1712036132812,-54.5569953918457,425.080078125,371.0799865722656,1544.8685302734375,1817.1258544921875,636.5499877929688,70.0,1508.7684326171875,936.0337524414062,300.0,1268.05908203125,1518.199951171875,1497.1531982421875,4384.67138671875,880.2063598632812
2014-10-02,2558.93603515625,2558.93603515625,1197.0,36.099998474121094,558.4097900390625,1309.5999755859375,8.399999618530273,238.30294799804688,774.6099853515625,180.0,715.7259521484375,1581.988037109375,600.0,2558.93603515625,1495.554931640625,4523.287109375,4523.287109375,693.0,34.900001525878906,579.3778686523438,808.8200073242188,43.20000076293945,889.359619140625,800.9009399414062,21.64299964904785,871.33251953125,370.8599853515625,1619.9095458984375,1892.1669921875,636.0999755859375,-70.0,1467.7908935546875,934.7075805664062,300.0,1237.66259765625,1517.4000244140625,1635.7685546875,4523.287109375,878.47705078125
2014-10-03,2588.93603515625,2588.93603515625,1197.0,24.100000381469727,546.4097900390625,1308.1199951171875,7.699999809265137,241.61561584472656,774.030029296875,180.0,715.7259521484375,1580.536376953125,630.0,2588.93603515625,1493.859375,4542.98974609375,4542.98974609375,693.0,22.700000762939453,596.4542236328125,807.8599853515625,36.599998474121094,882.7596435546875,799.67919921875,9.51099967956543,808.3792724609375,370.6499938964844,1584.967529296875,1857.18798828125,635.6500244140625,60.0,1423.5855712890625,933.5103759765625,280.0,1252.1148681640625,1516.5799560546875,1655.47119140625,4542.98974609375,876.7334594726562
2014-10-04,2548.93603515625,2548.93603515625,1197.0,26.5,460.5805969238281,1306.8900146484375,11.399999618530273,253.41476440429688,773.4299926757812,160.0,695.7259521484375,1579.094970703125,590.0,2548.93603515625,1492.09326171875,4445.83544921875,4445.83544921875,693.0,35.599998474121094,529.1873168945312,806.969970703125,31.700000762939453,877.859619140625,798.38818359375,2.184999465942383,801.1856079101562,370.44000244140625,1553.4559326171875,1825.71337890625,635.2000122070312,70.0,1383.6783447265625,932.3552856445312,280.0,1260.0355224609375,1515.760009765625,1558.3170166015625,4445.83544921875,874.9749145507812
2014-10-05,2588.93603515625,2588.93603515625,1197.0,48.099998474121094,658.638916015625,1305.1600341796875,11.600000381469727,253.59014892578125,772.8300170898438,210.0,745.7259521484375,1577.5770263671875,630.0,2588.93603515625,1490.3271484375,4111.23876953125,4111.23876953125,693.0,61.400001525878906,599.32958984375,806.0,33.599998474121094,879.7596435546875,797.09716796875,-16.74700164794922,821.2478637695312,370.2200012207031,1508.36767578125,1779.1234130859375,634.72998046875,50.0,1345.17578125,931.2037353515625,210.0,1137.7232666015625,1514.9599609375,1223.720458984375,4111.23876953125,873.1851196289062
2014-10-06,2548.93603515625,2548.93603515625,1197.0,52.599998474121094,576.9468994140625,1303.6199951171875,9.0,255.0520477294922,772.219970703125,160.0,695.7259521484375,1576.1766357421875,590.0,2548.93603515625,1488.5401611328125,4453.23681640625,4453.23681640625,693.0,42.79999923706055,575.212158203125,805.0399780273438,31.5,877.65966796875,795.7899780273438,-12.878999710083008,825.2545166015625,370.0,1484.8656005859375,1756.6060791015625,634.239990234375,60.0,1306.7906494140625,930.0796508789062,280.0,1207.581787109375,1514.1600341796875,1565.718505859375,4453.23681640625,871.3757934570312
2014-10-07,2588.93603515625,2588.93603515625,1197.0,73.19999694824219,596.0021362304688,1302.050048828125,10.399999618530273,243.80787658691406,771.5900268554688,210.0,745.7259521484375,1574.683837890625,630.0,2588.93603515625,1486.737548828125,4518.3056640625,4518.3056640625,693.0,50.599998474121094,588.5296020507812,804.0700073242188,31.0,877.15966796875,794.391357421875,-19.604999542236328,785.4035034179688,369.7799987792969,1403.9888916015625,1676.2216796875,633.77001953125,50.0,1269.3214111328125,928.9803466796875,290.0,1217.7232666015625,1513.3599853515625,1630.787109375,4518.3056640625,869.560546875
2014-10-08,2548.93603515625,2548.93603515625,1197.0,60.900001525878906,582.729736328125,1300.5,10.0,235.87184143066406,770.9500122070312,150.0,685.7259521484375,1573.1658935546875,590.0,2548.93603515625,1484.88720703125,4411.009765625,4411.009765625,693.0,45.099998474121094,583.0449829101562,803.010009765625,30.299999237060547,876.4596557617188,792.9927978515625,-15.762999534606934,826.7557373046875,369.54998779296875,1399.4168701171875,1671.6741943359375,633.3200073242188,50.0,1232.6776123046875,927.9140625,290.0,1229.1888427734375,1512.550048828125,1523.4915771484375,4411.009765625,867.6807861328125
2014-10-09,2518.93603515625,2518.93603515625,1197.0,63.0,585.3344116210938,1298.93994140625,10.5,239.90444946289062,770.2999877929688,210.0,745.7259521484375,1571.6478271484375,560.0,2518.93603515625,1483.0369873046875,4437.890625,4437.890625,693.0,34.0,571.4588012695312,802.0399780273438,23.799999237060547,869.9596557617188,791.5941772460938,-2.716999053955078,802.6223754882812,369.3299865722656,1486.7476806640625,1758.001953125,632.8599853515625,10.0,1197.1351318359375,926.8363037109375,280.0,1242.5447998046875,1511.719970703125,1550.37255859375,4437.890625,865.801025390625
2014-10-10,2558.93603515625,2558.93603515625,1197.0,57.599998474121094,580.9190673828125,1297.2099609375,11.199999809265137,247.64813232421875,769.6300048828125,160.0,695.7259521484375,1570.1298828125,600.0,2558.93603515625,1481.1461181640625,4845.49169921875,4845.49169921875,693.0,37.400001525878906,573.8309936523438,800.97998046875,29.0,875.15966796875,790.1224365234375,-43.67799758911133,799.0577392578125,369.1000061035156,1507.1656494140625,1778.9061279296875,632.3699951171875,-60.0,1161.2105712890625,925.697265625,320.0,1247.581787109375,1510.9200439453125,1957.9735107421875,4845.49169921875,863.915771484375
2014-10-11,2548.93603515625,2548.93603515625,1197.0,82.5999984741211,603.8758544921875,1295.56005859375,10.5,246.94813537597656,768.9600219726562,190.0,725.7259521484375,1568.468994140625,590.0,2548.93603515625,1479.25341796875,4488.57763671875,4488.57763671875,693.0,39.400001525878906,578.8619995117188,799.9099731445312,32.400001525878906,878.5596313476562,788.6302490234375,-64.35499572753906,752.4664916992188,368.8699951171875,1451.9654541015625,1723.7059326171875,631.8800048828125,-20.0,1123.242919921875,924.6506958007812,290.0,1206.1160888671875,1510.1300048828125,1601.0594482421875,4488.57763671875,861.975341796875
2014-10-12,2558.93603515625,2558.93603515625,1197.0,67.30000305175781,591.6407470703125,1293.9200439453125,9.800000190734863,256.8459777832031,768.260009765625,190.0,725.7259521484375,1566.9510498046875,600.0,2558.93603515625,1477.3106689453125,4427.953125,4427.953125,693.0,24.799999237060547,559.2154541015625,798.8499755859375,28.100000381469727,874.2596435546875,787.1618041992188,-29.632001876831055,767.1397094726562,368.6400146484375,1417.9918212890625,1689.732177734375,631.3900146484375,-30.0,1088.356201171875,923.5943603515625,280.0,1207.114013671875,1509.300048828125,1540.434814453125,4427.953125,860.0004272460938
2014-10-13,2518.93603515625,2518.93603515625,1197.0,86.0999984741211,609.4559936523438,1292.18994140625,5.900000095367432,256.47857666015625,767.5499877929688,170.0,705.7259521484375,1565.3385009765625,560.0,2518.93603515625,1475.367919921875,4394.19384765625,4394.19384765625,693.0,37.0,574.4249267578125,797.760009765625,35.79999923706055,881.9596557617188,785.6360473632812,55.185001373291016,852.3060302734375,368.4100036621094,1365.278564453125,1637.0189208984375,630.9000244140625,-60.0,1053.146240234375,922.5201416015625,310.0,1234.2030029296875,1508.489990234375,1506.675537109375,4394.19384765625,858.0254516601562
2014-10-14,2708.93603515625,2708.93603515625,1197.0,76.0,597.2943115234375,1290.3599853515625,22.399999618530273,267.919677734375,766.8300170898438,210.0,745.7259521484375,1563.7720947265625,750.0,2708.93603515625,1473.3948974609375,4482.9560546875,4482.9560546875,693.0,78.30000305175781,618.2636108398438,796.5700073242188,50.29999923706055,896.4596557617188,784.1102905273438,83.1919937133789,951.1096801757812,368.1600036621094,1403.559326171875,1675.33349609375,630.4099731445312,110.0,1017.3386840820312,921.638427734375,340.0,1252.0911865234375,1507.68994140625,1595.4376220703125,4482.9560546875,855.9808959960938
2014-10-15,2808.93603515625,2808.93603515625,1197.0,96.0,619.3375244140625,1288.5699462890625,30.700000762939453,254.5470428466797,766.0900268554688,240.0,775.7259521484375,1562.1298828125,850.0,2808.93603515625,1471.432373046875,4587.671875,4587.671875,693.0,98.5999984741211,634.0216674804688,795.3900146484375,54.20000076293945,900.359619140625,782.5845336914062,35.46699905395508,844.1199340820312,367.9200134277344,1350.0133056640625,1621.753662109375,629.9199829101562,110.0,1000.0,920.7977905273438,430.0,1322.7972412109375,1506.8900146484375,1700.1536865234375,4587.671875,853.9330444335938
2014-10-16,2698.93603515625,2698.93603515625,1197.0,122.0999984741211,643.3758544921875,1286.6800537109375,44.79999923706055,280.65887451171875,765.3400268554688,220.0,755.7259521484375,1560.5255126953125,740.0,2698.93603515625,1469.41015625,4615.54150390625,4615.54150390625,693.0,111.80000305175781,651.7636108398438,794.2000122070312,61.099998474121094,907.2596435546875,780.9678955078125,0.23099994659423828,793.038330078125,367.6700134277344,1298.567138671875,1570.3076171875,629.4299926757812,160.0,1000.0,920.00439453125,380.0,1307.7232666015625,1506.0899658203125,1728.02294921875,4615.54150390625,851.8118286132812
2014-10-17,2498.93603515625,2498.93603515625,1197.0,44.599998474121094,568.9407348632812,1284.780029296875,32.29999923706055,269.8595275878906,764.5700073242188,190.0,725.7259521484375,1558.921142578125,540.0,2498.93603515625,1467.3968505859375,4547.79931640625,4547.79931640625,693.0,66.0999984741211,601.5216674804688,793.02001953125,52.400001525878906,898.5596313476562,779.442138671875,-10.214000701904297,815.1593627929688,367.4100036621094,1236.5601806640625,1508.300537109375,628.9400024414062,80.0,1000.0,919.0922241210938,350.0,1275.0953369140625,1505.260009765625,1660.2808837890625,4547.79931640625,849.6787109375
2014-10-18,2488.93603515625,2488.93603515625,1197.0,18.700000762939453,542.0375366210938,1282.8599853515625,22.700000762939453,259.672119140625,763.780029296875,220.0,755.7259521484375,1557.150146484375,530.0,2488.93603515625,1465.3380126953125,4521.7744140625,4521.7744140625,693.0,63.900001525878906,601.3495483398438,791.6900024414062,47.400001525878906,893.5596313476562,777.8079833984375,-15.892000198364258,809.7544555664062,367.1499938964844,1268.1131591796875,1539.8536376953125,628.4500122070312,80.0,1000.0,918.1798095703125,340.0,1238.489990234375,1504.449951171875,1634.2559814453125,4521.7744140625,847.4758911132812
2014-10-19,2388.93603515625,2388.93603515625,1197.0,-1.399999976158142,521.9375610351562,1280.8199462890625,20.799999237060547,258.20379638671875,762.969970703125,180.0,715.7259521484375,1555.5458984375,430.0,2388.93603515625,1463.275146484375,4440.01318359375,4440.01318359375,693.0,83.80000305175781,620.240234375,790.3599853515625,53.0,899.15966796875,776.129638671875,37.04100036621094,870.9664916992188,366.8800048828125,1259.433837890625,1531.1741943359375,627.9600219726562,30.0,1000.0,917.2178344726562,320.0,1207.2520751953125,1503.6500244140625,1552.494873046875,4440.01318359375,845.2440185546875
2014-10-20,2858.93603515625,2858.93603515625,1197.0,0.8999999761581421,521.1726684570312,1278.9200439453125,41.70000076293945,277.2795715332031,762.1400146484375,250.0,785.7259521484375,1553.77490234375,900.0,2858.93603515625,1461.1873779296875,4642.03466796875,4642.03466796875,693.0,120.0,656.4155883789062,789.030029296875,93.5,939.65966796875,774.4513549804688,100.8270034790039,904.879638671875,366.6099853515625,1300.650146484375,1572.4244384765625,627.469970703125,170.0,1000.0,916.3947143554688,420.0,1318.489990234375,1502.8399658203125,1754.5164794921875,4642.03466796875,842.9530639648438
2014-10-21,2578.93603515625,2578.93603515625,1197.0,47.099998474121094,571.4407348632812,1276.6400146484375,65.19999694824219,303.13250732421875,761.280029296875,270.0,805.7259521484375,1552.00390625,620.0,2578.93603515625,1459.0843505859375,4658.09375,4658.09375,693.0,172.1999969482422,711.1573486328125,787.6500244140625,114.69999694824219,960.859619140625,772.6366577148438,26.360000610351562,860.888671875,366.3299865722656,1456.03125,1726.7623291015625,626.97998046875,420.0,1000.0,915.8099975585938,420.0,1340.5595703125,1502.010009765625,1770.5753173828125,4658.09375,840.6064453125
2014-10-22,3268.93603515625,3268.93603515625,1197.0,214.10000610351562,735.9297485351562,1274.5699462890625,96.9000015258789,334.0010681152344,760.4000244140625,300.0,835.7259521484375,1550.342529296875,1310.0,3268.93603515625,1456.9296875,4748.15625,4748.15625,693.0,316.1000061035156,852.5402221679688,786.1300048828125,180.6999969482422,1026.859619140625,770.7718505859375,196.09800720214844,1061.11328125,366.0400085449219,1450.9617919921875,1723.20068359375,626.4400024414062,880.0,1000.0,915.6846923828125,430.0,1317.387451171875,1501.2099609375,1860.637939453125,4748.15625,838.2200317382812
2014-10-23,4378.93603515625,4378.93603515625,1197.0,507.3999938964844,995.0297241210938,1272.435546875,204.39999389648438,441.4530334472656,759.489990234375,600.0,1135.7259521484375,1548.5543212890625,2420.0,4378.93603515625,1454.76708984375,5488.185546875,5488.185546875,693.0,635.5,1202.693603515625,784.6099853515625,374.5,1220.65966796875,768.8953857421875,352.88299560546875,1142.670166015625,365.75,2117.502685546875,2384.725830078125,625.9099731445312,2440.0,1000.0,917.1286010742188,940.0,1818.70361328125,1500.3900146484375,2600.6669921875,5488.185546875,835.782958984375
2014-10-24,3128.93603515625,3128.93603515625,1197.0,186.5,744.9976196289062,1270.02001953125,159.39999389648438,396.4367980957031,758.5399780273438,440.0,975.7259521484375,1546.69091796875,1170.0,3128.93603515625,1452.58544921875,5452.03271484375,5452.03271484375,693.0,507.3999938964844,1016.5978393554688,783.0800170898438,234.3000030517578,1080.4595947265625,766.9224853515625,189.11599731445312,994.2789306640625,365.45001220703125,1704.699951171875,1951.7366943359375,625.4199829101562,1140.0,1000.0,917.2674560546875,630.0,1564.203857421875,1499.530029296875,2564.51416015625,5452.03271484375,833.2928466796875
2014-10-25,2898.93603515625,2898.93603515625,1197.0,174.1999969482422,696.005126953125,1267.550048828125,140.5,375.4038391113281,757.5499877929688,360.0,895.7259521484375,1544.919921875,940.0,2898.93603515625,1450.3587646484375,5236.07080078125,5236.07080078125,693.0,418.0,953.4339599609375,781.489990234375,224.89999389648438,1071.0596923828125,764.8245849609375,293.58099365234375,1126.31591796875,365.1400146484375,1544.5001220703125,1800.61767578125,624.9199829101562,680.0,1000.0,916.9500732421875,590.0,1559.0252685546875,1498.6400146484375,2348.552490234375,5236.07080078125,830.7028198242188
2014-10-26,3688.93603515625,3688.93603515625,1197.0,403.6000061035156,927.4483642578125,1265.0899658203125,206.1999969482422,444.2567443847656,756.489990234375,830.0,1365.7259521484375,1543.14892578125,1730.0,3688.93603515625,1448.0731201171875,5530.3017578125,5530.3017578125,693.0,794.9000244140625,1332.3372802734375,779.8800048828125,452.79998779296875,1298.9595947265625,762.7266845703125,206.177001953125,1030.19580078125,364.82000732421875,2273.636962890625,2573.099853515625,624.3800048828125,1970.0,1000.0,917.9120483398438,1030.0,2018.2147216796875,1497.719970703125,2642.783447265625,5530.3017578125,828.0994873046875
2014-10-27,3598.93603515625,3598.93603515625,1197.0,407.29998779296875,929.6097412109375,1262.5,170.6999969482422,407.5765380859375,755.3699951171875,710.0,1245.7259521484375,1541.211181640625,1640.0,3598.93603515625,1445.78759765625,5801.9658203125,5801.9658203125,693.0,881.7999877929688,1238.5999755859375,778.7005004882812,438.5,1284.65966796875,760.6287231445312,168.99899291992188,990.3558349609375,364.489990234375,2092.429931640625,2383.827392578125,623.8400268554688,1300.0,1000.0,918.2095947265625,790.0,1789.66796875,1496.81005859375,2914.447265625,5801.9658203125,825.376953125
2014-10-28,3138.93603515625,3138.93603515625,1197.0,260.79998779296875,783.1097412109375,1259.6600341796875,111.4000015258789,347.6882019042969,754.1799926757812,380.0,915.7259521484375,1539.3282470703125,1180.0,3138.93603515625,1443.4708251953125,5285.95947265625,5285.95947265625,693.0,377.3999938964844,1094.4713134765625,776.3300170898438,230.0,1076.15966796875,758.4058227539062,110.27499389648438,957.1397094726562,364.1499938964844,1810.22021484375,2082.489990234375,623.2999877929688,860.0,1000.0,918.0707397460938,600.0,1531.7052001953125,1495.9300537109375,2398.441162109375,5285.95947265625,822.6321411132812
2014-10-29,3658.93603515625,3658.93603515625,1197.0,346.1000061035156,868.4343872070312,1256.8199462890625,99.5,336.48291015625,752.9000244140625,500.0,1035.7259521484375,1537.403076171875,1700.0,3658.93603515625,1441.10498046875,5066.84619140625,5066.84619140625,693.0,286.29998779296875,820.2214965820312,774.4600219726562,218.39999389648438,1064.5596923828125,756.1829223632812,143.10400390625,955.0603637695312,363.79998779296875,2389.44970703125,2656.641845703125,622.77001953125,790.0,1000.0,917.8624877929688,580.0,1554.0965576171875,1495.010009765625,2179.327880859375,5066.84619140625,819.7684936523438
2014-10-30,3108.93603515625,3108.93603515625,1197.0,407.79998779296875,932.12841796875,1253.9599609375,146.3000030517578,379.27447509765625,751.5293579101562,500.0,1035.7259521484375,1535.4779052734375,1150.0,3108.93603515625,1438.676513671875,5212.13037109375,5212.13037109375,693.0,506.79998779296875,1044.0987548828125,772.530029296875,363.0,1209.15966796875,753.8114013671875,199.25599670410156,1010.5596313476562,363.42999267578125,2175.395751953125,2447.66552734375,622.22998046875,530.0,1000.0,917.3963623046875,670.0,1644.0965576171875,1494.0899658203125,2324.612060546875,5212.13037109375,816.84716796875
2014-10-31,4648.93603515625,4648.93603515625,1197.0,733.9000244140625,1183.15478515625,1251.322998046875,273.79998779296875,295.41632080078125,751.3970336914062,1140.0,1675.7259521484375,1533.4605712890625,2690.0,4648.93603515625,1436.248046875,6623.17333984375,6623.17333984375,693.0,1129.0,961.7130126953125,773.1396484375,744.7000122070312,1590.859619140625,751.2709350585938,266.281982421875,1100.1844482421875,363.04998779296875,3174.641357421875,3446.88037109375,621.6900024414062,1970.0,1000.0,918.3583374023438,1910.0,2548.157470703125,1493.4871826171875,3735.655029296875,6623.17333984375,813.8328247070312
2014-11-01,5000.0,5000.0,1197.0,487.20001220703125,1049.2490234375,1247.9403076171875,219.3000030517578,227.24420166015625,751.348388671875,730.0,1265.7259521484375,1531.427490234375,4050.0,5000.0,1435.0084228515625,6667.923828125,6667.923828125,693.0,834.7000122070312,699.1420288085938,773.626708984375,541.5,1387.65966796875,748.73046875,163.13600158691406,977.1445922851562,362.6499938964844,6316.6171875,6588.85595703125,621.1500244140625,1050.0,4760.0,914.6290283203125,1170.0,2236.747802734375,1492.4796142578125,3780.4052734375,6667.923828125,810.7131958007812
2014-11-02,3406.546630859375,3406.546630859375,1197.0,213.39999389648438,770.047119140625,1244.260009765625,127.69999694824219,178.5961456298828,751.0368041992188,570.0,1105.7259521484375,1529.5853271484375,1370.0,3406.546630859375,1432.382080078125,6074.90966796875,6074.90966796875,693.0,352.6000061035156,537.3946533203125,772.9620361328125,279.6000061035156,1125.7596435546875,746.1900024414062,121.7979965209961,986.3341064453125,362.2200012207031,5866.53515625,6137.28125,620.5700073242188,780.0,4760.0,910.5072631835938,810.0,1902.635009765625,1491.4200439453125,3187.391357421875,6074.90966796875,807.515380859375
2014-11-03,3506.546630859375,3506.546630859375,1197.0,258.1000061035156,779.9051513671875,1240.81005859375,90.9000015258789,145.53076171875,750.683837890625,590.0,1125.7259521484375,1527.6475830078125,1470.0,3506.546630859375,1429.689208984375,5291.8974609375,5291.8974609375,693.0,174.0,488.4964599609375,771.8071899414062,224.89999389648438,1071.0596923828125,743.5911254882812,133.7779998779297,956.0756225585938,361.7900085449219,5453.28515625,5727.06591796875,619.969970703125,1350.0,4760.0,906.8421630859375,660.0,1591.7236328125,1490.52001953125,2404.37890625,5291.8974609375,804.1766967773438
2014-11-04,3906.546630859375,3906.546630859375,1197.0,550.4000244140625,1073.737548828125,1237.3499755859375,81.30000305175781,120.85383605957031,750.4265747070312,660.0,1195.7259521484375,1525.7099609375,1870.0,3906.546630859375,1426.924560546875,5432.61474609375,5432.61474609375,693.0,213.89999389648438,428.6976318359375,771.0048828125,358.0,1204.15966796875,740.9605712890625,503.6730041503906,1336.2130126953125,361.3299865722656,6231.20703125,6503.44580078125,619.4299926757812,2550.0,4760.0,904.4215698242188,700.0,1653.9285888671875,1489.5999755859375,2545.0966796875,5432.61474609375,800.733154296875
2014-11-05,3996.546630859375,3996.546630859375,1197.0,684.7999877929688,1178.208984375,1233.75439453125,79.4000015258789,101.83589172363281,750.2807006835938,690.0,1225.7259521484375,1523.7723388671875,1960.0,3996.546630859375,1424.103271484375,5798.3203125,5798.3203125,693.0,390.70001220703125,368.0650939941406,771.0894165039062,523.9000244140625,1370.0596923828125,738.2828369140625,825.2670288085938,1471.0648193359375,360.9704284667969,6225.1123046875,6496.34814453125,618.8800048828125,2240.0,4760.0,901.5989990234375,690.0,1597.524658203125,1488.699951171875,2910.802001953125,5798.3203125,797.1638793945312
2014-11-06,3636.546630859375,3636.546630859375,1197.0,427.29998779296875,979.03369140625,1229.43994140625,71.5,86.4239273071289,750.1836547851562,640.0,1175.7259521484375,1521.801513671875,1600.0,3636.546630859375,1421.1539306640625,5423.0810546875,5423.0810546875,693.0,309.1000061035156,312.4100646972656,771.0770263671875,353.1000061035156,1199.2596435546875,735.4393310546875,119.36299896240234,1132.8160400390625,360.3599853515625,5984.23486328125,6256.4736328125,618.280029296875,1450.0,4760.0,897.737060546875,600.0,1496.416015625,1487.8199462890625,2535.562744140625,5423.0810546875,793.4122924804688
2014-11-07,3496.546630859375,3496.546630859375,1197.0,313.6000061035156,835.9159545898438,1225.3199462890625,63.79999923706055,74.31594848632812,750.115234375,480.0,1015.7259521484375,1519.8763427734375,1460.0,3496.546630859375,1418.1971435546875,5180.6845703125,5180.6845703125,693.0,246.8000030517578,268.973388671875,770.9940795898438,272.6000061035156,1118.7596435546875,732.4022216796875,98.75299835205078,944.1900634765625,359.8299865722656,5797.4541015625,6070.71484375,617.7100219726562,1070.0,4760.0,893.3141479492188,570.0,1538.9268798828125,1486.9000244140625,2293.166259765625,5180.6845703125,789.4937133789062
2014-11-08,3256.546630859375,3256.546630859375,1197.0,225.89999389648438,742.1600341796875,1220.8599853515625,55.599998474121094,65.07730102539062,750.0536499023438,520.0,1055.7259521484375,1517.751220703125,1220.0,3256.546630859375,1415.1051025390625,5055.65283203125,5055.65283203125,693.0,201.10000610351562,236.64892578125,770.8585205078125,218.39999389648438,1064.5596923828125,729.1259765625,102.34400177001953,933.761962890625,359.260009765625,5808.66748046875,6080.9375,617.1699829101562,760.0,4760.0,888.2667846679688,550.0,1427.2451171875,1486.030029296875,2168.134765625,5055.65283203125,785.2799072265625
2014-11-09,3276.546630859375,3276.546630859375,1197.0,189.1999969482422,718.5750122070312,1216.1099853515625,50.099998474121094,56.85153579711914,750.0097045898438,450.0,985.7259521484375,1515.825927734375,1240.0,3276.546630859375,1411.997802734375,5014.74462890625,5014.74462890625,693.0,182.10000610351562,206.56594848632812,770.7651977539062,191.10000610351562,1037.2596435546875,725.357177734375,99.83100128173828,923.8646240234375,358.6600036621094,5545.7646484375,5817.48974609375,616.5900268554688,610.0,4760.0,882.7791748046875,520.0,1447.7109375,1485.1099853515625,2127.2265625,5014.74462890625,780.86376953125
2014-11-10,3126.546630859375,3126.546630859375,1197.0,173.8000030517578,695.5560913085938,1211.4200439453125,46.599998474121094,50.0,749.9868774414062,420.0,955.7259521484375,1513.7008056640625,1090.0,3126.546630859375,1408.798095703125,4923.3701171875,4923.3701171875,693.0,172.0,179.477294921875,770.7366943359375,174.6999969482422,1020.859619140625,720.6187133789062,80.21099853515625,943.7100219726562,358.0,5674.13671875,5941.861328125,616.0,530.0,4760.0,876.913330078125,510.0,1396.8704833984375,1484.18994140625,2035.8519287109375,4923.3701171875,776.0084228515625
2014-11-11,3026.546630859375,3026.546630859375,1197.0,127.80000305175781,642.1865844726562,1206.239990234375,40.400001525878906,50.0,749.9207763671875,440.0,975.7259521484375,1511.5755615234375,990.0,3026.546630859375,1405.4755859375,4854.72265625,4854.72265625,693.0,146.39999389648438,208.44625854492188,770.5,141.60000610351562,987.7596435546875,714.7255859375,78.46700286865234,907.2738647460938,357.2699890136719,5437.005859375,5709.24462890625,615.4000244140625,370.0,4760.0,870.4393920898438,460.0,1337.638916015625,1483.31005859375,1967.20458984375,4854.72265625,770.7819213867188
2014-11-12,2936.546630859375,2936.546630859375,1197.0,116.69999694824219,640.8213500976562,1200.550048828125,41.099998474121094,50.0,749.8594970703125,340.0,875.7259521484375,1509.450439453125,900.0,2936.546630859375,1402.0716552734375,4663.05419921875,4663.05419921875,693.0,125.30000305175781,125.30000305175781,770.5,125.30000305175781,971.4596557617188,707.9563598632812,121.93299865722656,948.1825561523438,356.4700012207031,5535.98388671875,5808.25048828125,614.7999877929688,300.0,4760.0,863.4374389648438,460.0,1367.524658203125,1482.4100341796875,1775.535888671875,4663.05419921875,764.8384399414062
2014-11-13,3446.546630859375,3446.546630859375,1197.0,949.4000244140625,1205.50048828125,1197.596923828125,350.79998779296875,330.39471435546875,750.0,660.0,1195.7259521484375,1507.3251953125,1410.0,3446.546630859375,1398.6162109375,4885.544921875,4885.544921875,693.0,1052.0,1052.0,770.5,1169.0999755859375,2000.0,698.1787719726562,550.5,1385.0362548828125,355.54998779296875,5783.79248046875,6056.03125,614.2000122070312,1530.0,4760.0,858.0986328125,620.0,1502.8209228515625,1481.510009765625,1998.0267333984375,4885.544921875,758.0341186523438
2014-11-14,4856.54638671875,4856.54638671875,1197.0,2209.699951171875,1175.9697265625,1208.840087890625,1028.199951171875,500.0,753.2040405273438,3740.0,3000.0,1510.2607421875,2820.0,4856.54638671875,1395.0,9771.08984375,9771.08984375,693.0,3253.60009765625,1500.0,776.7886962890625,2891.699951171875,2000.0,708.4945068359375,1304.7650146484375,1555.80517578125,355.2467346191406,11527.0009765625,11799.267578125,613.5999755859375,5000.0,6194.875,855.9569702148438,4260.0,5003.10009765625,1480.7342529296875,7814.8837890625,9771.08984375,752.78173828125
2014-11-15,2100.0,2100.0,1197.0,1127.0,1288.4012451171875,1207.1944580078125,925.5999755859375,687.9360961914062,754.4652709960938,1880.0,3000.0,1505.6177978515625,2100.0,2100.0,1395.0,9142.6533203125,9142.6533203125,693.0,3031.5,2181.469482421875,779.5986938476562,1767.300048828125,2000.0,706.3252563476562,1107.7030029296875,1136.7618408203125,355.2105407714844,7446.3466796875,7718.58544921875,613.0,2450.0,4760.0,851.878662109375,3210.0,4248.611328125,1479.6500244140625,8791.017578125,9142.6533203125,751.7496337890625
2014-11-16,1610.0,1610.0,1197.0,497.8999938964844,1043.972412109375,1201.33935546875,365.79998779296875,528.5240478515625,753.610107421875,1150.0,1305.7259521484375,1505.0,1610.0,1610.0,1395.0,7003.494140625,7003.494140625,693.0,1063.0999755859375,1651.379638671875,777.6539916992188,793.4000244140625,2000.0,689.0703125,539.8079833984375,822.175048828125,354.8408508300781,6456.748046875,6456.748046875,613.0,1480.0,4760.0,845.6607055664062,1690.0,3752.018310546875,1477.550048828125,6423.8173828125,7003.494140625,750.0
2014-11-17,1420.0,1420.0,1197.0,266.6000061035156,727.0149536132812,1196.0010986328125,219.0,412.9493713378906,752.5308837890625,1020.0,1020.0,1505.0,1420.0,1420.0,1395.0,4657.26220703125,4657.26220703125,693.0,671.0,1270.953125,775.645263671875,516.2999877929688,830.1192626953125,680.0,299.7409973144531,606.3859252929688,354.38897705078125,6181.49755859375,6181.49755859375,613.0,1060.0,4760.0,838.0242919921875,1190.0,3170.362060546875,1475.4300537109375,4657.26220703125,4657.26220703125,750.0
2014-11-18,1230.0,1230.0,1197.0,134.6999969482422,484.5433044433594,1191.687744140625,209.6999969482422,323.3995666503906,751.8676147460938,870.0,870.0,1505.0,1230.0,1230.0,1395.0,4604.45849609375,4604.45849609375,693.0,591.2000122070312,965.7354125976562,774.31884765625,395.8999938964844,395.8999938964844,680.0,194.03399658203125,489.5811767578125,353.9427185058594,5893.0390625,5893.0390625,613.0,760.0,4760.0,828.6099853515625,750.0,2727.937255859375,1473.3299560546875,4604.45849609375,4604.45849609375,750.0
2014-11-19,1200.0,1200.0,1197.0,93.0999984741211,698.828857421875,1183.5672607421875,181.8000030517578,277.39971923828125,751.2823486328125,930.0,930.0,1505.0,1130.0,1200.0,1394.88427734375,4000.595703125,4000.595703125,693.0,510.1000061035156,825.3236083984375,773.1925659179688,318.3999938964844,318.3999938964844,680.0,175.8000030517578,481.2296142578125,353.38812255859375,5778.13623046875,5778.13623046875,613.0,680.0,4760.0,818.1468505859375,990.0,2963.315185546875,1471.199951171875,4000.595703125,4000.595703125,750.0
2014-11-20,1270.0,1270.0,1197.0,-0.4000000059604645,245.04937744140625,1180.0,144.3000030517578,324.8998107910156,750.1254272460938,750.0,750.0,1505.0,1340.0,1270.0,1395.0,3903.011962890625,3903.011962890625,693.0,355.29998779296875,1058.8824462890625,770.5841064453125,294.8999938964844,294.8999938964844,680.0,256.88299560546875,470.4703063964844,353.0,5746.9267578125,5746.9267578125,613.0,760.0,4760.0,804.7230834960938,890.0,2805.80859375,1469.0999755859375,3903.011962890625,3903.011962890625,750.0
2014-11-21,2910.0,2910.0,1197.0,1127.4000244140625,1000.0,1181.872802734375,185.39999389648438,204.69129943847656,750.0,920.0,920.0,1505.0,2910.0,2910.0,1395.0,4334.97509765625,4334.97509765625,693.0,544.5,566.5564575195312,770.5,694.7999877929688,694.7999877929688,680.0,465.3509826660156,465.3509826660156,352.9985656738281,5811.1962890625,5811.1962890625,613.0,1590.0,4760.0,790.1848754882812,860.0,2715.311279296875,1467.0,4334.97509765625,4334.97509765625,750.0
2014-11-22,5000.0,5000.0,1197.0,3080.800048828125,1018.7275390625,1207.0091552734375,419.8999938964844,419.8999938964844,750.0,3430.0,3000.0,1506.8822021484375,9010.0,5000.0,1401.96142578125,7184.71728515625,7184.71728515625,693.0,1526.0,1500.0,770.5991821289062,1670.0,524.0,702.1691284179688,829.4840087890625,700.0,353.2321472167969,8306.5234375,8296.193359375,613.0227661132812,6720.0,5310.58349609375,797.1737060546875,3360.0,4045.588134765625,1466.2445068359375,7184.71728515625,7184.71728515625,750.0
2014-11-23,5000.0,5000.0,1197.0,1615.800048828125,1270.0909423828125,1210.494873046875,448.0,448.0,750.0,2430.0,2860.0,1505.0,5480.0,5000.0,1402.823486328125,7744.0322265625,7744.0322265625,693.0,1691.5,1087.4361572265625,772.8463134765625,1657.0,2000.0,697.2902221679688,944.427001953125,699.5626220703125,353.67437744140625,7048.95703125,7059.287109375,613.0,3680.0,4874.875,791.2487182617188,2520.0,3924.490966796875,1464.641357421875,7744.0322265625,7744.0322265625,750.0
2014-11-24,5000.0,5000.0,1197.0,937.4000244140625,1304.9482421875,1206.7823486328125,307.1000061035156,307.1000061035156,750.0,1660.0,1660.0,1505.0,4480.0,5000.0,1401.895263671875,6215.44775390625,6215.44775390625,693.0,908.9000244140625,899.0907592773438,772.8822021484375,928.2000122070312,1731.199951171875,680.0,600.718017578125,573.21875,353.72283935546875,6410.48583984375,6410.48583984375,613.0,3150.0,4760.0,781.0203247070312,1670.0,3667.5068359375,1462.3485107421875,6215.44775390625,6215.44775390625,750.0
2014-11-25,5000.0,5000.0,1197.0,850.2000122070312,1267.823974609375,1202.32275390625,220.1999969482422,220.1999969482422,750.0,1530.0,1530.0,1505.0,5210.0,5000.0,1402.264404296875,5880.1162109375,5880.1162109375,693.0,610.7000122070312,849.0604858398438,772.0099487304688,653.7999877929688,653.7999877929688,680.0,400.1820068359375,501.80645751953125,353.53741455078125,4977.8447265625,4977.8447265625,613.0,2970.0,3124.323974609375,780.0,1330.0,3299.974609375,1460.050048828125,5880.1162109375,5880.1162109375,750.0
2014-11-26,5000.0,5000.0,1197.0,796.5999755859375,1223.2274169921875,1197.4576416015625,172.6999969482422,172.6999969482422,750.0,1590.0,1590.0,1505.0,4940.0,5000.0,1402.15625,5450.04296875,5450.04296875,693.0,522.4000244140625,923.9126586914062,770.5,530.2999877929688,530.2999877929688,680.0,321.2489929199219,552.416259765625,353.1174011230469,4537.11767578125,4537.11767578125,613.0,2830.0,2830.0,780.0,1110.0,2931.54443359375,1457.8658447265625,5450.04296875,5450.04296875,750.0
2014-11-27,5000.0,5000.0,1197.0,869.2000122070312,1174.5767822265625,1193.776123046875,263.29998779296875,263.29998779296875,750.0,1570.0,1570.0,1505.0,4030.0,5000.0,1400.5399169921875,5044.8134765625,5044.8134765625,693.0,749.0,749.0,770.5,575.2000122070312,575.2000122070312,680.0,359.73199462890625,423.8798828125,353.0,4182.10595703125,4182.10595703125,613.0,2460.0,2460.0,780.0,1320.0,2581.445068359375,1456.356201171875,5044.8134765625,5044.8134765625,750.0
2014-11-28,5000.0,5000.0,1197.0,2171.800048828125,1137.761474609375,1205.5753173828125,870.4000244140625,500.0,752.3071899414062,2200.0,2200.0,1505.0,7450.0,5000.0,1404.6728515625,6848.96728515625,6848.96728515625,693.0,2552.10009765625,1500.0,774.3584594726562,1580.9000244140625,524.0,701.0087890625,654.3770141601562,654.3770141601562,352.9985656738281,7064.77685546875,7014.982421875,613.1097412109375,6920.0,4869.55126953125,792.6675415039062,3690.0,2339.4560546875,1457.9698486328125,6848.96728515625,6848.96728515625,750.0
2014-11-29,5000.0,5000.0,1197.0,3142.199951171875,1255.753662109375,1223.2762451171875,1441.9000244140625,961.4405517578125,754.9009399414062,4120.0,3000.0,1509.6429443359375,9140.0,5000.0,1411.322265625,9493.7060546875,9354.990234375,693.3057250976562,4261.39990234375,2051.207763671875,781.6094360351562,2800.10009765625,2000.0,709.3894653320312,1055.5439453125,700.0,353.6415710449219,10544.810546875,10566.123046875,613.062744140625,8320.0,5638.751953125,804.7703857421875,7310.0,2598.108642578125,1463.5262451171875,11573.392578125,9493.7060546875,755.90625
2014-11-30,5000.0,5000.0,1197.0,1541.199951171875,1432.7626953125,1223.9931640625,835.0999755859375,1187.189208984375,753.0445556640625,2490.0,3000.0,1507.619873046875,5380.0,5000.0,1411.902099609375,9625.7470703125,9764.4638671875,693.0,2403.199951171875,3087.0625,779.515380859375,1830.300048828125,2000.0,707.9098510742188,969.5489501953125,940.587890625,353.69268798828125,7965.27880859375,7993.7607421875,613.0,3980.0,5174.875,800.0303955078125,3360.0,3488.768798828125,1463.3759765625,8300.240234375,9625.7470703125,752.2798461914062
2014-12-01,5000.0,5000.0,1197.0,998.9000244140625,1439.93212890625,1220.115966796875,829.7999877929688,1004.0595092773438,752.0426025390625,2300.0,2910.0,1505.0,6560.0,5000.0,1414.2822265625,8879.775390625,8879.775390625,693.0,2334.699951171875,2787.91455078125,778.0171508789062,1713.199951171875,2000.0,705.1033935546875,838.7520141601562,959.7535400390625,353.47283935546875,7081.533203125,7081.533203125,613.0,2630.0,4760.0,789.30126953125,2970.0,3464.68603515625,1462.798828125,8327.9541015625,8879.775390625,750.5733642578125
2014-12-02,5000.0,5000.0,1197.0,953.0999755859375,1401.159423828125,1216.17236328125,1020.5999755859375,834.4730224609375,753.1088256835938,2700.0,2700.0,1505.0,3340.0,5000.0,1411.74951171875,8817.498046875,8803.6396484375,693.030517578125,3040.39990234375,2573.881591796875,779.5593872070312,2208.800048828125,2000.0,707.1868896484375,1077.8880615234375,877.3140258789062,353.8354797363281,5493.142578125,5493.142578125,613.0,2170.0,3576.821533203125,780.0,3270.0,3372.16845703125,1462.6796875,9112.724609375,8817.498046875,751.478271484375
2014-12-03,5000.0,5000.0,1197.0,726.9000244140625,1361.7237548828125,1210.374755859375,637.7999877929688,709.3153076171875,752.7034301757812,2170.0,2170.0,1505.0,3000.0,5000.0,1408.5894775390625,7987.5810546875,8001.43994140625,693.0,1854.800048828125,2362.380615234375,777.8814086914062,1458.699951171875,2000.0,701.1546020507812,1048.382080078125,1013.3082885742188,353.8983154296875,3670.65478515625,3670.65478515625,613.0,1770.0,1770.0,780.0,2300.0,3353.060546875,1461.450927734375,7489.99609375,7987.5810546875,750.0
2014-12-04,5000.0,5000.0,1197.0,585.5999755859375,1303.747314453125,1202.92724609375,495.29998779296875,641.4435424804688,751.8522338867188,1900.0,1900.0,1505.0,3340.0,5000.0,1405.8575439453125,6846.96484375,6846.96484375,693.0,1399.0999755859375,1960.6536865234375,776.0250244140625,1044.199951171875,2000.0,684.2469482421875,1067.56396484375,1036.8736572265625,353.9532165527344,3511.140380859375,3511.140380859375,613.0,1770.0,1770.0,780.0,1890.0,3156.1142578125,1459.9737548828125,6846.96484375,6846.96484375,750.0
2014-12-05,5000.0,5000.0,1197.0,634.7999877929688,1229.2720947265625,1196.1131591796875,459.0,571.8290405273438,751.1614990234375,1360.0,1360.0,1505.0,3820.0,5000.0,1403.9786376953125,5980.9677734375,5980.9677734375,693.0,1216.300048828125,1644.00244140625,774.5092163085938,878.7000122070312,990.9000854492188,680.0,1169.4520263671875,1057.4588623046875,354.12603759765625,4616.390625,4616.390625,613.0,2590.0,2590.0,780.0,1480.0,2919.322021484375,1458.2503662109375,5980.9677734375,5980.9677734375,750.0
2014-12-06,5000.0,5000.0,1197.0,644.0999755859375,1010.5003051757812,1191.5963134765625,505.70001220703125,494.752685546875,751.228515625,2000.0,2000.0,1505.0,3940.0,5000.0,1402.15625,5790.3837890625,5790.3837890625,693.0,1157.199951171875,1353.70166015625,773.8132934570312,885.0,885.0,680.0,1165.9449462890625,1122.2587890625,354.1896057128906,4697.88525390625,4697.88525390625,613.0,2610.0,2610.0,780.0,1590.0,2643.0673828125,1457.0069580078125,5790.3837890625,5790.3837890625,750.0
2014-12-07,5000.0,5000.0,1197.0,640.2999877929688,831.6002197265625,1189.122314453125,432.6000061035156,426.66845703125,751.2648315429688,1450.0,1450.0,1505.0,3280.0,5000.0,1399.2366943359375,5132.5849609375,5132.5849609375,693.0,1010.7000122070312,1091.0677490234375,773.5245361328125,788.4000244140625,788.4000244140625,680.0,930.31201171875,1002.4246215820312,354.08306884765625,3977.261962890625,3977.261962890625,613.0,1990.0,1990.0,780.0,1370.0,2443.75927734375,1455.6953125,5132.5849609375,5132.5849609375,750.0
2014-12-08,5000.0,5000.0,1197.0,511.5,735.6334838867188,1186.117431640625,340.6000061035156,407.2789611816406,750.8477172851562,1250.0,1250.0,1505.0,2680.0,5000.0,1395.144287109375,4842.09130859375,4842.09130859375,693.0,773.0999755859375,898.34521484375,773.074462890625,637.2999877929688,637.2999877929688,680.0,715.177978515625,1006.7745361328125,353.5735168457031,3165.890625,3165.890625,613.0,1590.0,1590.0,780.0,1250.0,2233.512939453125,1454.51953125,4842.09130859375,4842.09130859375,750.0
2014-12-09,2590.0,2590.0,1197.0,473.79998779296875,683.7222900390625,1183.1845703125,290.5,420.849609375,750.0,1190.0,1190.0,1505.0,2510.0,2590.0,1395.0,3990.071044921875,3990.071044921875,693.0,565.7999877929688,815.0301513671875,772.1637573242188,534.0999755859375,534.0999755859375,680.0,655.4579467773438,915.0736694335938,353.1026306152344,2927.2529296875,2927.2529296875,613.0,1380.0,1380.0,780.0,1230.0,2045.043212890625,1453.5091552734375,3990.071044921875,3990.071044921875,750.0
2014-12-10,2720.0,2720.0,1197.0,543.7000122070312,611.4148559570312,1182.212646484375,368.5,368.5,750.0,1150.0,1150.0,1505.0,2720.0,2720.0,1395.0,3808.436767578125,3808.436767578125,693.0,512.9000244140625,780.820068359375,771.1663818359375,488.79998779296875,488.79998779296875,680.0,1015.8779907226562,738.4884033203125,353.6044616699219,2925.239013671875,2925.239013671875,613.0,1500.0,1500.0,780.0,1180.0,1883.0845947265625,1452.658935546875,3808.436767578125,3808.436767578125,750.0
2014-12-11,3010.0,3010.0,1197.0,579.9000244140625,531.8765869140625,1182.9029541015625,476.1000061035156,476.1000061035156,750.0,1130.0,1130.0,1505.0,3010.0,3010.0,1395.0,3690.83447265625,3690.83447265625,693.0,648.4000244140625,728.646728515625,770.8638305664062,480.8999938964844,480.8999938964844,680.0,1587.074951171875,926.6744995117188,354.64886474609375,3516.181640625,3516.181640625,613.0,1840.0,1840.0,780.0,1350.0,1746.7908935546875,1452.1959228515625,3690.83447265625,3690.83447265625,750.0
2014-12-12,2560.0,2560.0,1197.0,466.79998779296875,465.917724609375,1182.9156494140625,350.3999938964844,350.3999938964844,750.0,1060.0,1060.0,1505.0,2560.0,2560.0,1395.0,3422.040283203125,3422.040283203125,693.0,712.4000244140625,667.8311767578125,771.0331420898438,436.0,436.0,680.0,1476.2940673828125,1318.3231201171875,354.8802795410156,2772.9169921875,2772.9169921875,613.0,1470.0,1470.0,780.0,1520.0,1672.5819091796875,1452.0179443359375,3422.040283203125,3422.040283203125,750.0
2014-12-13,2320.0,2320.0,1197.0,372.79998779296875,420.41180419921875,1182.2313232421875,284.6000061035156,284.6000061035156,750.0,950.0,950.0,1505.0,2320.0,2320.0,1395.0,3319.25146484375,3319.25146484375,693.0,624.2999877929688,596.7874145507812,771.1359252929688,397.0,397.0,680.0,1035.0489501953125,1208.1624755859375,354.625244140625,2424.2451171875,2424.2451171875,613.0,1230.0,1230.0,780.0,1410.0,1644.045654296875,1451.7288818359375,3319.25146484375,3319.25146484375,750.0
2014-12-14,1530.0,1530.0,1197.0,334.0,383.307861328125,1181.5155029296875,239.5,239.5,750.0,870.0,300.0,1507.461181640625,1530.0,1530.0,1395.0,3142.87451171875,3142.87451171875,693.0,546.2000122070312,529.824951171875,771.1970825195312,357.3999938964844,357.3999938964844,680.0,757.9869995117188,1001.3960571289062,354.2669982910156,2086.091064453125,2086.091064453125,613.0,1020.0,1020.0,780.0,1230.0,1597.7174072265625,1451.2730712890625,3142.87451171875,3142.87451171875,750.0
2014-12-15,1200.0,1200.0,1197.0,329.3999938964844,350.0719299316406,1181.214111328125,214.8000030517578,214.8000030517578,750.0,760.0,300.0,1509.2860107421875,1970.0,1200.0,1396.388427734375,3051.00244140625,3051.00244140625,693.0,454.70001220703125,477.7166442871094,771.111083984375,327.70001220703125,327.70001220703125,680.0,655.0430297851562,842.5614013671875,353.98876953125,1922.4315185546875,1922.4315185546875,613.0,880.0,880.0,780.0,1110.0,1524.6475830078125,1450.759033203125,3051.00244140625,3051.00244140625,750.0
2014-12-16,1200.0,1200.0,1197.0,309.1000061035156,330.88128662109375,1180.8948974609375,197.39999389648438,197.39999389648438,750.0,720.0,300.0,1510.9520263671875,1780.0,1200.0,1397.4342041015625,1525.501220703125,1525.501220703125,693.0,395.8999938964844,456.4777526855469,770.8823852539062,303.70001220703125,303.70001220703125,680.0,588.3270263671875,747.2479248046875,353.7001953125,1523.68359375,1523.68359375,613.0,810.0,810.0,780.0,1020.0,1442.2523193359375,1450.235595703125,2988.363037109375,1525.501220703125,754.2879028320312
2014-12-17,1200.0,1200.0,1197.0,283.6000061035156,344.0542297363281,1180.0,186.60000610351562,186.60000610351562,750.0,670.0,300.0,1512.4197998046875,1680.0,1200.0,1398.2747802734375,1350.0,1350.0,693.0,373.5,473.7471923828125,770.5,282.70001220703125,282.70001220703125,680.0,525.3259887695312,818.6585693359375,353.168212890625,1759.032958984375,1759.032958984375,613.0,1000.0,1000.0,780.0,950.0,1358.3458251953125,1449.7113037109375,2667.27880859375,1350.0,757.7678833007812
2014-12-18,1200.0,1200.0,1197.0,292.5,292.5,1180.0,205.0,205.0,750.0,650.0,300.0,1513.8082275390625,1540.0,1200.0,1398.8367919921875,1350.0,1350.0,693.0,414.0,414.0,770.5,311.29998779296875,311.29998779296875,680.0,557.0239868164062,649.5645141601562,353.0,1594.633544921875,1594.633544921875,613.0,850.0,850.0,780.0,930.0,1274.310302734375,1449.2559814453125,2557.470947265625,1350.0,760.7616577148438
2014-12-19,1200.0,1200.0,1197.0,591.0999755859375,591.0999755859375,1180.0,352.29998779296875,352.29998779296875,750.0,720.0,300.0,1515.474365234375,1960.0,1200.0,1400.17626953125,1350.0,1350.0,693.0,775.4000244140625,775.4000244140625,770.5,475.70001220703125,50.0,691.1084594726562,961.8599853515625,700.0,353.4737243652344,2299.670166015625,2299.670166015625,613.0,1260.0,1260.0,780.0,1090.0,1201.33056640625,1449.1087646484375,2667.05126953125,1350.0,763.8018188476562
2014-12-20,1200.0,1200.0,1197.0,3402.60009765625,846.5309448242188,1210.700927734375,1398.5,500.0,755.1372680664062,2100.0,300.0,1522.21484375,6900.0,1200.0,1409.5517578125,1350.0,1350.0,693.0,4290.10009765625,1500.0,780.1843872070312,3490.39990234375,50.0,723.465087890625,2226.587890625,877.6424560546875,355.453857421875,8601.15234375,8601.15234375,613.0,8940.0,4636.89599609375,803.0701904296875,3700.0,1177.7330322265625,1452.274169921875,4535.5693359375,1350.0,770.4401245117188
2014-12-21,107.33634948730469,107.33634948730469,1197.0,7287.2001953125,50.0,1261.7391357421875,3030.699951171875,419.9028625488281,765.201904296875,12030.0,300.0,1562.289306640625,24170.0,107.33634948730469,1442.7322998046875,1350.0,1350.0,693.0,11384.5,909.7894897460938,804.732177734375,9961.7001953125,2000.0,751.2186889648438,4061.291015625,1620.20068359375,357.8829650878906,18504.27734375,15191.7998046875,620.0780029296875,22580.0,2595.2333984375,852.7947998046875,16680.0,1119.740966796875,1470.4051513671875,27842.69140625,1350.0,807.8820190429688
2014-12-22,5000.0,5000.0,1197.0,4767.2998046875,376.3330383300781,1281.010009765625,2538.0,1133.0135498046875,769.4090576171875,10050.0,629.1489868164062,1588.574462890625,14910.0,5000.0,1454.222900390625,4400.0,4400.0,693.0,11200.400390625,2454.86279296875,818.7513427734375,9332.900390625,3937.773681640625,765.5677490234375,4585.419921875,2420.741455078125,359.49237060546875,15015.3115234375,16141.0,617.7374267578125,12370.0,5073.86474609375,865.189208984375,14500.0,3021.369384765625,1482.4984130859375,29628.796875,4400.0,832.9219360351562
2014-12-23,5000.0,5000.0,1197.0,2613.10009765625,3016.833984375,1279.6083984375,1523.699951171875,2237.4755859375,767.3865356445312,4940.0,1665.5325927734375,1596.8179931640625,7960.0,5000.0,1457.484619140625,4891.68603515625,4891.68603515625,693.0,5246.5,5338.830078125,818.6205444335938,3954.800048828125,4113.98974609375,765.1730346679688,3599.337890625,2823.08984375,360.0198669433594,12629.103515625,14815.892578125,613.0,6040.0,7234.875,863.22998046875,6800.0,6106.85107421875,1483.1859130859375,17052.04296875,4891.68603515625,843.0991821289062
2014-12-24,5000.0,5000.0,1197.0,2187.300048828125,2988.253662109375,1276.2310791015625,1155.0999755859375,2445.693359375,763.2057495117188,3570.0,3121.48388671875,1597.929931640625,6520.0,5000.0,1459.1595458984375,9471.072265625,9471.072265625,693.0,3159.10009765625,5478.09375,815.283935546875,2512.699951171875,4109.142578125,761.2149047851562,2910.039794921875,2954.966796875,359.9911804199219,10883.93359375,10883.93359375,613.0,5380.0,6574.875,861.2549438476562,4390.0,6129.11962890625,1481.4327392578125,15916.4970703125,9471.072265625,848.1278076171875
2014-12-25,4955.7490234375,4955.7490234375,1197.0,1761.5999755859375,2868.876953125,1271.5482177734375,1121.9000244140625,1913.7076416015625,760.3538818359375,2770.0,4493.21337890625,1593.657470703125,5210.0,4955.7490234375,1459.439697265625,10914.1689453125,10914.1689453125,693.0,2828.39990234375,5042.58837890625,811.814453125,2304.60009765625,4060.533935546875,756.6113891601562,2640.822021484375,2947.79736328125,359.7805480957031,9849.6484375,9849.6484375,613.0,4490.0,5684.875,859.2799682617188,3530.0,6072.32861328125,1478.789794921875,14070.1591796875,10914.1689453125,850.5155639648438
2014-12-26,4020.499267578125,4020.499267578125,1197.0,1335.800048828125,2746.447998046875,1265.0533447265625,932.5,1514.8050537109375,758.0440063476562,2310.0,5085.13232421875,1586.5269775390625,4190.0,4020.499267578125,1459.62646484375,12228.203125,12228.203125,693.0,2394.699951171875,5000.0,807.4634399414062,1876.9000244140625,4003.999267578125,750.5286254882812,2776.763916015625,2895.137939453125,359.69891357421875,3403.4287109375,3403.4287109375,613.0,3550.0,50.0,865.06005859375,2570.0,5934.3681640625,1475.2666015625,12304.666015625,12228.203125,850.5717163085938
2014-12-27,3546.99951171875,3546.99951171875,1197.0,910.0999755859375,2551.599609375,1256.4136962890625,751.5999755859375,1241.9033203125,755.8501586914062,2020.0,4861.08154296875,1578.9805908203125,3660.0,3546.99951171875,1459.7509765625,12577.462890625,12577.462890625,693.0,2099.5,5000.0,802.1424560546875,1645.0999755859375,3929.299072265625,743.565673828125,3766.171875,2874.72998046875,360.2705993652344,2574.5986328125,2574.5986328125,613.0,3310.0,50.0,870.1109619140625,2480.0,5370.650390625,1472.151611328125,11110.3583984375,12577.462890625,849.4745483398438
2014-12-28,3474.666259765625,3474.666259765625,1197.0,579.2999877929688,2292.40966796875,1246.2252197265625,717.0,1023.1355590820312,754.3294677734375,1890.0,4559.224609375,1571.5601806640625,3550.0,3474.666259765625,1459.833984375,12203.3662109375,12203.3662109375,693.0,2385.199951171875,5000.0,796.85595703125,1972.199951171875,3347.35693359375,739.1863403320312,3457.9580078125,3017.653076171875,360.5346374511719,3146.744873046875,3146.744873046875,613.0,3630.0,50.0,875.4607543945312,2490.0,4871.36572265625,1469.5831298828125,10556.5234375,12203.3662109375,848.2182006835938
2014-12-29,2999.777587890625,2999.777587890625,1197.0,472.79998779296875,1986.7557373046875,1235.8822021484375,696.0999755859375,837.1237182617188,753.5841064453125,1790.0,4262.40576171875,1564.268798828125,3050.0,2999.777587890625,1459.8892822265625,11664.9375,11664.9375,693.0,2302.60009765625,4901.6484375,790.8939819335938,2006.9000244140625,2613.504638671875,737.3477172851562,3065.22802734375,3083.656005859375,360.5229187011719,3115.97265625,3115.97265625,613.0,3260.0,50.0,880.0079956054688,2190.0,4459.64404296875,1467.026611328125,9880.0361328125,11664.9375,846.8565063476562
2014-12-30,2366.518310546875,2366.518310546875,1197.0,457.70001220703125,1676.467041015625,1226.7364501953125,585.5999755859375,688.8824462890625,753.0244140625,1610.0,3970.751708984375,1557.0093994140625,2400.0,2366.518310546875,1459.92626953125,10711.7900390625,10711.7900390625,693.0,1749.0999755859375,3650.232177734375,785.9304809570312,1541.4000244140625,2041.136474609375,735.6348266601562,960.56103515625,3080.7265625,359.1442565917969,2662.870849609375,2662.870849609375,613.0,2380.0,50.0,883.166748046875,1740.0,4049.845703125,1464.42578125,8170.79052734375,10711.7900390625,844.8748168945312
2014-12-31,1200.0,1200.0,1197.0,436.20001220703125,1467.364013671875,1218.010009765625,465.1000061035156,573.9883422851562,752.3981323242188,1640.0,300.0,1561.233642578125,2220.0,1200.0,1460.994873046875,1200.0,1200.0,693.0,1363.800048828125,2756.15478515625,781.9711303710938,1145.800048828125,1601.7242431640625,734.0218505859375,733.6680297851562,2527.8173828125,357.759765625,2234.744384765625,2234.744384765625,613.0,1990.0,50.0,885.78759765625,1400.0,400.0,1465.5587158203125,5831.259765625,1200.0,848.4511108398438
2015-01-01,5000.0,5000.0,1197.0,371.1000061035156,1380.099853515625,1208.4881591796875,392.3999938964844,481.55889892578125,751.8768920898438,1290.0,3849.343994140625,1553.145263671875,2220.0,5000.0,1457.98681640625,7860.0,7860.0,693.0,1147.4000244140625,2069.369873046875,779.0899658203125,896.4000244140625,1270.3494873046875,732.6190185546875,594.4959716796875,1853.9561767578125,356.5967102050781,1983.641845703125,1983.641845703125,613.0,1600.0,50.0,887.7705078125,1070.0,3814.55419921875,1462.415283203125,3785.029541015625,7860.0,845.316162109375
2015-01-02,1471.01220703125,1471.01220703125,1197.0,398.0,1166.4454345703125,1200.2598876953125,344.20001220703125,405.3725891113281,751.5023803710938,1350.0,3239.71337890625,1546.898193359375,2080.0,1471.01220703125,1458.6578369140625,7869.34033203125,7869.34033203125,693.0,968.0,1576.3465576171875,777.0789184570312,722.9000244140625,1027.133056640625,731.535888671875,524.7579956054688,1390.8681640625,355.66229248046875,1629.7869873046875,1629.7869873046875,613.0,1170.0,50.0,889.2357788085938,1000.0,3310.689208984375,1459.7193603515625,5328.34033203125,7869.34033203125,843.3001708984375
2015-01-03,1464.0081787109375,1464.0081787109375,1197.0,370.5,909.3302612304688,1193.8858642578125,296.70001220703125,344.61505126953125,751.2090454101562,1090.0,2526.4755859375,1541.98291015625,1870.0,1464.0081787109375,1459.105224609375,7934.60009765625,7934.60009765625,693.0,695.7999877929688,1261.7977294921875,775.1466674804688,607.5999755859375,855.5220336914062,730.5524291992188,507.0680236816406,1068.8831787109375,354.9826965332031,1110.5140380859375,1110.5140380859375,613.0,1040.0,50.0,890.4630737304688,960.0,2878.53759765625,1457.4219970703125,5393.60009765625,7934.60009765625,841.2543334960938
2015-01-04,1639.3387451171875,1639.3387451171875,1197.0,371.5,757.3868408203125,1188.9688720703125,253.0,297.2767028808594,750.9341430664062,1160.0,2067.650390625,1538.815673828125,1910.0,1639.3387451171875,1459.4034423828125,7860.0,7860.0,693.0,590.2999877929688,1067.76513671875,773.4522705078125,540.7000122070312,737.5146484375,729.7716674804688,465.4800109863281,841.2896728515625,354.4297790527344,1117.5047607421875,1117.5047607421875,613.0,1160.0,50.0,891.89501953125,1020.0,2510.29833984375,1455.6243896484375,5002.5556640625,7860.0,838.892822265625
2015-01-05,2009.5592041015625,2009.5592041015625,1197.0,395.1000061035156,677.0579223632812,1185.1602783203125,223.10000610351562,258.58447265625,750.703369140625,1100.0,1791.766845703125,1536.3621826171875,2190.0,2009.5592041015625,1459.602294921875,7668.341796875,7668.341796875,693.0,632.7000122070312,939.1434326171875,772.3391723632812,512.2999877929688,654.1098022460938,729.2091064453125,425.58599853515625,679.1155395507812,354.0566101074219,1196.2010498046875,1196.2010498046875,613.0,1490.0,50.0,893.6463623046875,1070.0,2222.1494140625,1454.235107421875,4021.479736328125,7668.341796875,835.8301391601562
2015-01-06,2199.7060546875,2199.7060546875,1197.0,453.5,610.6719360351562,1182.9444580078125,202.60000610351562,227.75631713867188,750.539794921875,1150.0,1614.51123046875,1534.592041015625,2320.0,2199.7060546875,1459.73486328125,6355.76416015625,6355.76416015625,693.0,679.7000122070312,830.6622924804688,771.7822875976562,501.5,586.33984375,728.8670043945312,386.6869812011719,562.28076171875,353.75091552734375,1114.31494140625,1114.31494140625,613.0,1640.0,50.0,895.5953369140625,1200.0,1999.45947265625,1453.244140625,3919.992431640625,6355.76416015625,833.7295532226562
2015-01-07,2239.80419921875,2239.80419921875,1197.0,516.4000244140625,558.214599609375,1182.343505859375,181.1999969482422,204.5375518798828,750.3880004882812,1240.0,1486.3408203125,1533.678955078125,2320.0,2239.80419921875,1459.8232421875,5322.431640625,5322.431640625,693.0,681.9000244140625,728.54150390625,771.6080932617188,487.29998779296875,527.6265869140625,728.7000122070312,355.28399658203125,479.7004699707031,353.5248107910156,1291.3990478515625,1291.3990478515625,613.0,1550.0,50.0,897.3692626953125,1220.0,1840.5975341796875,1452.505615234375,3898.25,5322.431640625,832.4786987304688
2015-01-08,2296.5361328125,2296.5361328125,1197.0,477.8999938964844,507.576416015625,1181.9156494140625,166.10000610351562,185.85836791992188,750.259521484375,1260.0,1377.560546875,1533.2904052734375,2350.0,2296.5361328125,1459.8822021484375,4655.31201171875,4655.31201171875,693.0,613.7000122070312,634.9276733398438,771.52880859375,450.79998779296875,474.417724609375,728.6021728515625,329.0770263671875,419.5214538574219,353.3602600097656,1278.0260009765625,1278.0260009765625,613.0,1470.0,50.0,899.0260009765625,1200.0,1722.2301025390625,1451.889892578125,3962.079345703125,4655.31201171875,831.8536987304688
2015-01-09,2444.357421875,2444.357421875,1197.0,453.29998779296875,463.0842590332031,1181.77294921875,158.10000610351562,171.23890686035156,750.174072265625,1230.0,1288.3736572265625,1533.097412109375,2480.0,2444.357421875,1459.9215087890625,4400.0,4400.0,693.0,524.2999877929688,556.6517944335938,771.407958984375,410.20001220703125,430.5118103027344,728.51806640625,314.9729919433594,383.5748596191406,353.23529052734375,1202.4730224609375,1202.4730224609375,613.0,1390.0,50.0,900.5894775390625,1130.0,1623.522705078125,1451.278076171875,3431.34228515625,4400.0,830.9804077148438
2015-01-10,5000.0,5000.0,1197.0,406.29998779296875,425.3228454589844,1181.49560546875,148.5,161.82594299316406,750.08740234375,1160.0,1228.915771484375,1532.843505859375,2170.0,5000.0,1456.8133544921875,4400.0,4400.0,693.0,447.70001220703125,506.634521484375,771.1878051757812,368.0,398.807861328125,728.3905029296875,299.5760192871094,372.4516906738281,353.10260009765625,1131.7020263671875,1131.7020263671875,613.0,1200.0,50.0,901.9312133789062,1090.0,1525.4539794921875,1450.73828125,3577.7880859375,4400.0,830.2390747070312
2015-01-11,1200.0,1200.0,1197.0,374.1000061035156,389.5485534667969,1181.270263671875,142.0,154.3839569091797,750.0068969726562,1110.0,1149.2772216796875,1532.6876220703125,2040.0,1200.0,1457.7286376953125,4400.0,4400.0,693.0,400.1000061035156,474.8896789550781,770.906494140625,342.70001220703125,373.20526123046875,728.2642211914062,312.08001708984375,359.8426818847656,353.0154113769531,1077.9700927734375,1077.9700927734375,613.0,1090.0,106.34600830078125,903.0189819335938,1020.0,1438.9241943359375,1450.2188720703125,3135.739990234375,4400.0,829.0992431640625
2015-01-12,1372.9049072265625,1372.9049072265625,1197.0,349.79998779296875,356.63238525390625,1181.170654296875,143.0,144.05958557128906,750.0,1110.0,1066.184814453125,1532.8614501953125,2060.0,1372.9049072265625,1458.4857177734375,4400.0,4400.0,693.0,406.6000061035156,432.5931091308594,770.807373046875,335.3999938964844,344.87017822265625,728.2249755859375,350.593017578125,336.9067077636719,353.03955078125,1099.1136474609375,1099.1136474609375,613.0,1020.0,120.89898681640625,904.01025390625,1040.0,1355.678955078125,1449.8160400390625,3297.560302734375,4400.0,828.1053466796875
2015-01-13,1481.9366455078125,1481.9366455078125,1197.0,318.0,387.5882568359375,1180.14306640625,139.5,139.5,750.0,990.0,994.1232299804688,1532.8450927734375,1940.0,1481.9366455078125,1458.990478515625,3965.975341796875,3965.975341796875,693.0,411.3999938964844,454.8954162597656,770.6414184570312,322.0,348.44677734375,728.115478515625,335.0030212402344,356.2538146972656,353.0003967285156,1066.746826171875,1066.746826171875,613.0,920.0,206.44500732421875,904.8428344726562,980.0,1291.1072998046875,1449.4046630859375,2937.501708984375,3965.975341796875,827.1389770507812
2015-01-14,1444.6243896484375,1444.6243896484375,1197.0,290.79998779296875,300.4681701660156,1180.0,126.4000015258789,126.4000015258789,750.0,900.0,1102.748779296875,1532.040771484375,1750.0,1444.6243896484375,1459.3270263671875,3801.716552734375,3801.716552734375,693.0,348.0,385.0824890136719,770.5,288.20001220703125,316.0852355957031,728.0,291.4049987792969,291.4753112792969,352.99951171875,1078.0252685546875,1078.0252685546875,613.0,840.0,281.19500732421875,905.46728515625,930.0,1225.165283203125,1449.014404296875,2965.871337890625,3801.716552734375,826.3494873046875
2015-01-15,1556.416259765625,1556.416259765625,1197.0,449.5,449.5,1180.0,172.5,172.5,750.0,850.0,860.2892456054688,1532.0,1760.0,1556.416259765625,1459.5513916015625,3984.4736328125,3984.4736328125,693.0,499.5,499.5,770.5,355.6000061035156,355.6000061035156,728.0,395.31597900390625,395.2408752441406,352.9988708496094,1102.585693359375,1102.585693359375,613.0,780.0,286.83697509765625,906.0101928710938,900.0,1162.602294921875,1448.68798828125,2676.26025390625,3984.4736328125,825.1138916015625
2015-01-16,3084.277587890625,3084.277587890625,1197.0,876.7999877929688,876.7999877929688,1180.0,288.3999938964844,288.3999938964844,750.0,1320.0,1320.0,1532.0,3220.0,3084.277587890625,1459.700927734375,3593.751220703125,3593.751220703125,693.0,992.0,992.0,770.5,596.2000122070312,596.2000122070312,728.0,757.5689697265625,700.0,353.1026611328125,3638.0419921875,3638.0419921875,613.0,3000.0,50.0,909.1950073242188,1980.0,1110.27587890625,1449.8172607421875,3473.19921875,3593.751220703125,825.0
2015-01-17,5000.0,5000.0,1197.0,1720.199951171875,1000.0,1190.0032958984375,486.20001220703125,486.20001220703125,750.0,1700.0,1700.0,1532.0,5610.0,5000.0,1460.3533935546875,4349.98779296875,4349.98779296875,693.0,1937.0999755859375,1500.0,772.1401977539062,1087.800048828125,1087.800048828125,728.0,1380.9620361328125,738.5032958984375,354.2154846191406,2281.08935546875,2281.08935546875,613.0,4870.0,50.0,914.2154541015625,2710.0,1291.287353515625,1451.58740234375,4349.98779296875,4349.98779296875,825.0
2015-01-18,5000.0,5000.0,1197.0,2589.199951171875,1100.0323486328125,1207.2135009765625,768.0999755859375,500.0,751.6998901367188,2570.0,2570.0,1532.0,10230.0,5000.0,1465.9139404296875,6866.537109375,6866.537109375,693.0,3048.300048828125,1734.310791015625,776.7803955078125,1630.199951171875,1243.8360595703125,729.57470703125,2209.333984375,1155.80517578125,355.6242980957031,5005.75439453125,5005.75439453125,613.0,7750.0,50.0,921.8112182617188,5140.0,1575.033447265625,1455.888671875,7561.15185546875,6866.537109375,825.6560668945312
2015-01-19,5130.56103515625,5130.56103515625,1197.0,1360.0999755859375,1272.1356201171875,1208.11572265625,599.7999877929688,552.2694091796875,751.9909057617188,1980.0,1980.0,1532.0,6220.0,5130.56103515625,1467.052978515625,4400.0,4400.0,693.0,2089.5,2036.7991943359375,776.95458984375,1225.4000244140625,1045.9573974609375,730.2864990234375,2059.844970703125,1684.1126708984375,356.0638732910156,6856.017578125,6856.017578125,613.0,4390.0,4190.15869140625,922.0,3390.0,2264.512451171875,1457.2607421875,6823.3330078125,4400.0,827.9449462890625
2015-01-20,5293.28125,5293.28125,1197.0,793.0999755859375,1281.15771484375,1202.975830078125,426.29998779296875,463.74627685546875,751.7616577148438,1540.0,1540.0,1532.0,4820.0,5293.28125,1466.5616455078125,4400.0,4400.0,693.0,1300.4000244140625,1604.566162109375,775.9451904296875,850.7000122070312,874.2716064453125,730.1929931640625,1497.18603515625,1841.5169677734375,355.6605224609375,5734.09765625,5734.09765625,613.0,2990.0,2990.0,922.0,2380.0,2484.433349609375,1457.1387939453125,6189.91845703125,4400.0,829.5611572265625
2015-01-21,5223.09765625,5223.09765625,1197.0,617.7999877929688,1114.5941162109375,1197.3289794921875,337.3999938964844,392.6641845703125,751.42333984375,1310.0,1310.0,1532.0,3660.0,5223.09765625,1464.8773193359375,4400.0,4400.0,693.0,944.2000122070312,1273.8441162109375,774.7737426757812,650.2000122070312,729.9810791015625,729.8765258789062,1043.68603515625,1461.2794189453125,355.1575012207031,3960.17333984375,3960.17333984375,613.0,2030.0,2030.0,922.0,1900.0,2464.90185546875,1456.447265625,5692.21875,4400.0,830.7261962890625
2015-01-22,5000.0,5000.0,1197.0,502.79998779296875,848.86279296875,1193.1365966796875,286.70001220703125,333.276123046875,751.13818359375,1100.0,1100.0,1532.0,3090.0,5000.0,1462.8834228515625,4400.0,4400.0,693.0,740.0999755859375,1016.7627563476562,773.7950439453125,530.9000244140625,614.5540771484375,729.544677734375,831.6669921875,1178.36572265625,354.6822204589844,3826.492919921875,3826.492919921875,613.0,1590.0,1590.0,922.0,1570.0,2354.040283203125,1455.506103515625,4818.44580078125,4400.0,831.1034545898438
2015-01-23,5000.0,5000.0,1197.0,388.70001220703125,657.5418701171875,1189.7080078125,250.5,287.38409423828125,750.9069213867188,810.0,810.0,1532.0,2620.0,5000.0,1460.34619140625,4400.0,4400.0,693.0,612.4000244140625,832.20849609375,773.0052490234375,441.3999938964844,523.869384765625,729.217529296875,701.447998046875,968.8681030273438,354.2886047363281,2626.49462890625,2626.49462890625,613.0,1260.0,1260.0,922.0,1390.0,2203.18994140625,1454.5296630859375,4432.45068359375,4400.0,831.1327514648438
2015-01-24,5000.0,5000.0,1197.0,317.3999938964844,513.694580078125,1187.1099853515625,214.5,250.88938903808594,750.6702880859375,1150.0,1150.0,1532.0,2520.0,5000.0,1457.6326904296875,4400.0,4400.0,693.0,502.6000061035156,692.6056518554688,772.3099975585938,383.70001220703125,453.34625244140625,728.9386596679688,613.1319580078125,813.2799072265625,353.992431640625,2843.536376953125,2843.536376953125,613.0,1050.0,1050.0,922.0,1220.0,2046.670166015625,1453.5048828125,4121.0146484375,4400.0,830.8812255859375
2015-01-25,1503.8717041015625,1503.8717041015625,1197.0,274.8999938964844,416.863037109375,1185.16455078125,195.60000610351562,221.02626037597656,750.5049438476562,880.0,880.0,1532.0,2220.0,1503.8717041015625,1458.4217529296875,4400.0,4400.0,693.0,463.1000061035156,580.1370849609375,771.8792114257812,342.5,396.8641662597656,728.7135620117188,550.4129638671875,694.5303955078125,353.7306213378906,2042.7750244140625,2042.7750244140625,613.0,860.0,860.0,922.0,1060.0,1882.401123046875,1452.515625,3733.759765625,4400.0,830.280517578125
2015-01-26,1662.5811767578125,1662.5811767578125,1197.0,226.0,353.5420227050781,1183.3720703125,177.89999389648438,196.2841796875,750.3853759765625,830.0,830.0,1532.0,2140.0,1662.5811767578125,1458.9478759765625,4400.0,4400.0,693.0,413.3999938964844,491.1580810546875,771.5888061523438,312.29998779296875,351.276123046875,728.5521850585938,502.5959777832031,600.6039428710938,353.5523376464844,2286.447998046875,2286.447998046875,613.0,730.0,730.0,922.0,1010.0,1723.832763671875,1451.6629638671875,3450.020751953125,4400.0,829.424072265625
2015-01-27,1421.720703125,1421.720703125,1197.0,223.1999969482422,309.7613525390625,1182.130615234375,161.3000030517578,176.65611267089844,750.2855224609375,800.0,800.0,1532.0,1740.0,1421.720703125,1459.298583984375,4400.0,4400.0,693.0,355.20001220703125,426.9720458984375,771.3206787109375,283.8999938964844,315.0507507324219,728.4231567382812,457.48602294921875,526.7559814453125,353.4261169433594,1727.919189453125,1727.919189453125,613.0,610.0,610.0,922.0,970.0,1587.15185546875,1450.89794921875,3339.0126953125,4400.0,828.467529296875
2015-01-28,1597.8138427734375,1597.8138427734375,1197.0,226.89999389648438,273.4075622558594,1181.4542236328125,146.8000030517578,160.6040802001953,750.1957397460938,710.0,710.0,1532.0,1810.0,1597.8138427734375,1459.5323486328125,3828.978515625,3828.978515625,693.0,313.20001220703125,374.3813781738281,771.0921630859375,260.1000061035156,284.6004943847656,728.3217163085938,413.17999267578125,466.728759765625,353.32843017578125,1609.4219970703125,1609.4219970703125,613.0,710.0,710.0,922.0,900.0,1464.5166015625,1450.1981201171875,1900.8792724609375,3828.978515625,826.6686401367188
2015-01-29,1578.5426025390625,1578.5426025390625,1197.0,222.1999969482422,50.0,1183.930419921875,137.39999389648438,101.8499526977539,750.4269409179688,750.0,750.0,1532.0,1720.0,1578.5426025390625,1459.688232421875,2224.382080078125,2224.382080078125,693.0,298.6000061035156,333.12091064453125,770.96240234375,242.60000610351562,50.0,729.1142578125,379.4730224609375,200.8646240234375,353.6512145996094,1254.7435302734375,1254.7435302734375,613.0,740.0,740.0,922.0,860.0,866.19189453125,1450.1904296875,3766.95458984375,2224.382080078125,828.1199340820312
2015-01-30,1535.695068359375,1535.695068359375,1197.0,200.6999969482422,50.0,1186.0223388671875,128.5,64.11502075195312,750.8456420898438,660.0,660.0,1532.0,1630.0,1535.695068359375,1459.7921142578125,1200.0,1200.0,693.0,269.20001220703125,212.17918395996094,771.1762084960938,223.6999969482422,50.0,729.8032836914062,347.07598876953125,50.0,354.1529235839844,1432.9927978515625,1432.9927978515625,613.0,610.0,610.0,922.0,820.0,400.0,1450.7110595703125,2099.103515625,1200.0,828.9305419921875
2015-01-31,1397.1300048828125,1397.1300048828125,1197.0,200.8000030517578,50.0,1188.0623779296875,121.19999694824219,65.1658706665039,751.19775390625,630.0,630.0,1532.0,1460.0,1397.1300048828125,1459.8614501953125,1200.0,1200.0,693.0,250.60000610351562,177.1427459716797,771.4505615234375,218.89999389648438,50.0,730.4733276367188,323.6820068359375,50.0,354.5543518066406,1068.575439453125,1068.575439453125,613.0,610.0,610.0,922.0,790.0,400.0,1451.194580078125,1662.064453125,1200.0,829.3471069335938
2015-02-01,1078.086669921875,1078.086669921875,1197.0,227.5,418.3022766113281,1185.4715576171875,124.80000305175781,138.28929138183594,751.1151733398438,570.0,3000.0,1523.30029296875,1120.0,1078.086669921875,1459.9075927734375,1200.0,1200.0,693.0,262.0,351.7620849609375,771.1152954101562,239.0,50.0,731.2230834960938,366.38299560546875,50.0,355.0142822265625,1285.5072021484375,1158.4439697265625,613.280029296875,680.0,680.0,922.0,790.0,400.0,1451.677978515625,1233.0892333984375,1200.0,829.376953125
2015-02-02,1050.0,1050.0,1197.0,354.70001220703125,50.0,1189.5609130859375,203.3000030517578,215.2078857421875,751.042236328125,750.0,1647.5,1520.0,1810.0,1050.0,1460.7059326171875,1350.0,1350.0,693.0,435.5,489.483154296875,770.9118041992188,426.79998779296875,50.0,732.59814453125,539.5579833984375,736.3582763671875,354.7265319824219,1007.069091796875,880.0335083007812,613.5599975585938,980.0,218.9425811767578,922.7547607421875,1090.0,1514.3106689453125,1451.1519775390625,2702.869873046875,1350.0,830.5966796875
2015-02-03,1050.0,1050.0,1197.0,478.0,50.0,1194.9580078125,421.3999938964844,173.02621459960938,752.530029296875,1150.0,1150.0,1520.0,1900.0,1050.0,1461.626220703125,1350.0,1350.0,693.0,986.7000122070312,474.53192138671875,772.8099975585938,858.5999755859375,50.0,735.5254516601562,824.0250244140625,50.0,355.70556640625,928.103515625,801.0402221679688,613.8400268554688,1060.0,171.64727783203125,923.6055297851562,1950.0,400.0,1453.010986328125,2767.105224609375,1350.0,831.8743286132812
2015-02-04,1050.0,1050.0,1197.0,463.20001220703125,50.0,1199.8251953125,541.5,541.501708984375,752.530029296875,1290.0,1290.0,1520.0,1950.0,1050.0,1462.58544921875,1350.0,1350.0,693.0,1435.5,1435.499755859375,772.8099975585938,1049.699951171875,50.0,738.7794189453125,939.29296875,162.6519317626953,356.5400085449219,934.5867309570312,812.0930786132812,614.1099853515625,1090.0,140.1366729736328,924.502685546875,2660.0,400.0,1455.764892578125,4484.74755859375,1350.0,834.6265869140625
2015-02-05,1050.0,1050.0,1197.0,406.6000061035156,50.0,1203.7872314453125,442.79998779296875,170.90562438964844,754.030029296875,1120.0,1120.0,1520.0,1940.0,1050.0,1463.5145263671875,1350.0,1350.0,693.0,1157.4000244140625,540.5237426757812,775.010009765625,759.0999755859375,50.0,741.0744018554688,942.2769775390625,942.27978515625,356.5383605957031,901.2244873046875,774.1611938476562,614.3900146484375,990.0,199.48028564453125,925.2379760742188,2110.0,400.0,1457.81884765625,3211.60693359375,1350.0,836.2319946289062
2015-02-06,1050.0,1050.0,1197.0,803.0,50.0,1211.4908447265625,686.9000244140625,686.9019165039062,754.030029296875,1250.0,1250.0,1520.0,2930.0,1050.0,1465.5035400390625,1350.0,1350.0,693.0,2243.89990234375,2144.287109375,775.36474609375,811.4000244140625,50.0,743.4371948242188,1819.4720458984375,522.652587890625,357.739990234375,1220.71142578125,1093.67578125,614.6699829101562,1690.0,50.0,926.7506713867188,3370.0,1122.4130859375,1460.5,3457.7333984375,1350.0,838.0059204101562
2015-02-07,2176.36328125,2176.36328125,1197.0,1693.0999755859375,123.94129943847656,1225.3800048828125,1180.5,908.7579956054688,755.4000244140625,2300.0,2300.0,1520.0,5570.0,2176.36328125,1469.019775390625,3371.527587890625,3371.527587890625,693.0,4365.89990234375,2194.96142578125,782.3602294921875,1310.199951171875,50.0,747.269775390625,3254.464111328125,2384.99755859375,358.4361572265625,2936.88818359375,2809.824951171875,614.9500122070312,4470.0,50.0,930.7470092773438,6610.0,3003.676513671875,1464.6683349609375,7224.2646484375,3371.527587890625,841.1900024414062
2015-02-08,2040.908935546875,2040.908935546875,1197.0,1599.0999755859375,1453.800048828125,1226.510986328125,1034.800048828125,1034.8017578125,755.4000244140625,2150.0,2150.0,1520.0,5110.0,2040.908935546875,1472.16259765625,3569.52490234375,3569.52490234375,693.0,3131.89990234375,2391.59375,784.5341796875,1400.300048828125,50.0,751.3430786132812,3796.52099609375,2559.03759765625,359.3393249511719,2763.99169921875,2636.9560546875,615.22998046875,3590.0,50.0,933.8931274414062,4310.0,3671.839111328125,1465.3934326171875,8417.396484375,3569.52490234375,845.0686645507812
2015-02-09,2090.217041015625,2090.217041015625,1197.0,1269.5999755859375,215.99009704589844,1234.6400146484375,771.0999755859375,496.75042724609375,756.6900024414062,1750.0,1750.0,1520.0,4990.0,2090.217041015625,1475.08837890625,2648.717041015625,2648.717041015625,693.0,1957.800048828125,1909.355224609375,784.6943359375,961.0,50.0,754.0672607421875,3963.744140625,2768.547119140625,360.13629150390625,2428.32861328125,2301.265380859375,615.510009765625,3760.0,50.0,937.0931396484375,2970.0,3173.1474609375,1465.1563720703125,7465.759765625,2648.717041015625,848.7792358398438
2015-02-10,4551.90869140625,4551.90869140625,1197.0,1627.5999755859375,1629.617431640625,1234.626708984375,698.5,698.5001831054688,756.6900024414062,1670.0,1670.0,1520.0,7280.0,4551.90869140625,1477.7939453125,1780.208251953125,1780.208251953125,693.0,1587.9000244140625,1484.4989013671875,785.0271606445312,766.2000122070312,50.0,756.0845947265625,3949.176025390625,2694.38525390625,360.88885498046875,5340.0595703125,5217.53857421875,615.780029296875,7050.0,2155.33544921875,941.1799926757812,2380.0,400.0,1467.3851318359375,5344.36474609375,1780.208251953125,851.4427490234375
2015-02-11,1509.1243896484375,1509.1243896484375,1197.0,1158.300048828125,50.0,1242.28759765625,572.0999755859375,301.66925048828125,757.8800048828125,1440.0,1440.0,1520.0,4930.0,1509.1243896484375,1481.136474609375,1200.0,1200.0,693.0,1250.4000244140625,1140.8648681640625,785.2987060546875,637.2000122070312,50.0,757.61767578125,3172.12109375,2072.569091796875,361.5023498535156,6609.08154296875,6482.0458984375,616.0599975585938,3820.0,3892.59716796875,941.1199951171875,1920.0,400.0,1469.1156005859375,3460.99560546875,1200.0,853.103759765625
2015-02-12,1140.0390625,1140.0390625,1197.0,768.5999755859375,78.54269409179688,1246.8499755859375,459.79998779296875,459.80035400390625,757.8800048828125,1210.0,1210.0,1520.0,3610.0,1140.0390625,1483.510498046875,1200.0,1200.0,693.0,938.7999877929688,879.9403076171875,785.4446411132812,532.0999755859375,50.0,758.8607177734375,2140.68701171875,1527.0146484375,361.8387756347656,1967.9288330078125,1840.8656005859375,616.3400268554688,2580.0,50.0,943.2108764648438,1630.0,400.0,1470.470947265625,2697.644775390625,1200.0,854.1966552734375
2015-02-13,1050.0,1050.0,1197.0,564.0,566.5195922851562,1246.8333740234375,371.1000061035156,97.88529968261719,759.010009765625,1070.0,1070.0,1520.0,2890.0,1050.0,1485.2484130859375,1200.0,1200.0,693.0,757.0999755859375,672.24658203125,785.655029296875,456.1000061035156,50.0,759.9915161132812,1482.06201171875,1111.6456298828125,362.0370178222656,1430.986328125,1303.95068359375,616.6199951171875,1950.0,50.0,944.7498779296875,1420.0,400.0,1471.5635986328125,2522.75390625,1200.0,855.1336669921875
2015-02-14,1050.0,1050.0,1197.0,440.6000061035156,50.0,1249.3118896484375,310.20001220703125,310.2008361816406,759.010009765625,960.0,960.0,1520.0,2710.0,1050.0,1486.8162841796875,1350.0,1350.0,693.0,637.9000244140625,496.8705749511719,786.00537109375,399.5,50.0,760.859130859375,1092.1829833984375,771.8507690429688,362.1943054199219,1092.4681396484375,965.4048461914062,616.9000244140625,1600.0,50.0,945.9796752929688,1200.0,400.0,1472.4208984375,2284.720458984375,1350.0,855.7958374023438
2015-02-15,1050.0,1050.0,1197.0,376.29998779296875,50.0,1251.2398681640625,269.6000061035156,75.0,759.7713012695312,880.0,880.0,1520.0,2420.0,1050.0,1488.0626220703125,1350.0,1350.0,693.0,550.2999877929688,372.0902099609375,786.5103149414062,352.5,50.0,761.609130859375,901.0419921875,535.7750854492188,362.3738098144531,948.7939453125,822.7769165039062,617.1599731445312,1390.0,50.0,947.0427856445312,1130.0,400.0,1473.225341796875,2199.66064453125,1350.0,856.397705078125
2015-02-16,1050.0,1050.0,1197.0,336.79998779296875,50.0,1252.85205078125,234.89999389648438,75.0,760.38037109375,800.0,800.0,1520.0,1960.0,1050.0,1488.9222412109375,1350.0,1350.0,693.0,483.3999938964844,272.1518859863281,787.10888671875,316.1000061035156,50.0,762.2688598632812,766.9210205078125,363.3515319824219,362.5722961425781,884.8448486328125,758.80322265625,617.4099731445312,1220.0,156.0416717529297,947.8869018554688,1080.0,400.0,1473.974609375,2056.9970703125,1350.0,856.8984985351562
2015-02-17,1050.0,1050.0,1197.0,274.8999938964844,50.0,1254.2171630859375,211.0,75.0,760.8903198242188,690.0,690.0,1520.0,1960.0,1050.0,1489.7462158203125,1350.0,1350.0,693.0,422.5,191.83143615722656,787.7625122070312,292.3999938964844,50.0,762.869873046875,712.14599609375,217.06671142578125,362.8161315917969,907.6561889648438,781.614501953125,617.6599731445312,1030.0,226.0416717529297,948.5247802734375,1010.0,400.0,1474.61279296875,1916.9412841796875,1350.0,857.3001098632812
2015-02-18,1050.0,1050.0,1197.0,262.3999938964844,50.0,1255.360595703125,190.6999969482422,75.0,761.3140258789062,630.0,630.0,1520.0,1770.0,1050.0,1490.395263671875,1350.0,1350.0,693.0,375.79998779296875,130.9876251220703,788.399169921875,269.20001220703125,50.0,763.413330078125,646.89599609375,82.93742370605469,363.08551025390625,898.7724609375,772.7307739257812,617.9099731445312,990.0,306.0416564941406,949.0648193359375,960.0,400.0,1475.1973876953125,1760.4569091796875,1350.0,857.5908813476562
2015-02-19,1050.0,1050.0,1197.0,236.5,50.0,1256.4451904296875,176.60000610351562,75.0,761.68310546875,580.0,580.0,1520.0,1640.0,1050.0,1490.92724609375,1350.0,1350.0,693.0,336.70001220703125,100.0,788.9860229492188,247.10000610351562,50.0,763.9020385742188,573.1619873046875,50.0,363.31976318359375,904.7466430664062,777.6864624023438,618.1799926757812,840.0,367.0602111816406,949.4255981445312,880.0,400.0,1475.698486328125,2109.45849609375,1350.0,858.1244506835938
2015-02-20,1050.0,1050.0,1197.0,222.89999389648438,50.0,1257.4034423828125,166.0,75.0,762.0132446289062,550.0,550.0,1520.0,1570.0,1050.0,1491.39599609375,1350.0,1350.0,693.0,311.79998779296875,100.0,789.5111694335938,240.5,50.0,764.3743286132812,461.3119812011719,50.0,363.5035400390625,922.8541259765625,795.7908325195312,618.4600219726562,820.0,397.06329345703125,949.748291015625,820.0,400.0,1476.14453125,1698.716064453125,1350.0,858.3629150390625
2015-02-21,1050.0,1050.0,1197.0,196.5,50.0,1258.279052734375,155.1999969482422,75.0,762.2958374023438,520.0,520.0,1520.0,1500.0,1050.0,1491.8017578125,1350.0,1350.0,693.0,289.20001220703125,100.0,789.980224609375,217.0,50.0,764.7883911132812,383.15301513671875,50.0,363.65203857421875,911.9661865234375,789.4724731445312,618.72998046875,730.0,442.49365234375,949.9675903320312,800.0,400.0,1476.585205078125,1630.8438720703125,1350.0,858.5550537109375
2015-02-22,1050.0,1050.0,1197.0,176.39999389648438,50.0,1258.90576171875,143.60000610351562,75.0,762.5374755859375,500.0,500.0,1520.0,1390.0,1050.0,1492.1082763671875,1350.0,1350.0,693.0,269.70001220703125,345.02001953125,789.7935180664062,207.6999969482422,50.0,765.1793823242188,411.79498291015625,531.613037109375,363.5963439941406,926.9097900390625,799.3418579101562,619.010009765625,680.0,467.5679626464844,950.1348266601562,770.0,400.0,1476.992919921875,1549.267578125,1350.0,858.6913452148438
2015-02-23,1050.0,1050.0,1197.0,179.6999969482422,50.0,1259.5489501953125,133.5,75.0,762.7435913085938,450.0,450.0,1520.0,1280.0,1050.0,1492.315673828125,1350.0,1350.0,693.0,251.3000030517578,190.0,789.9454956054688,193.89999389648438,50.0,765.5361328125,449.0570068359375,50.0,363.7745361328125,915.2294921875,789.1878051757812,619.260009765625,600.0,516.0416870117188,950.2014770507812,720.0,400.0,1477.327392578125,1468.997802734375,1350.0,858.772705078125
2015-02-24,1050.0,1050.0,1197.0,156.3000030517578,50.0,1260.1014404296875,127.0999984741211,75.0,762.9271240234375,430.0,430.0,1520.0,1270.0,1050.0,1492.5140380859375,1350.0,1350.0,693.0,240.0,190.0,790.0694580078125,180.1999969482422,50.0,765.8589477539062,373.4989929199219,50.0,363.9186706542969,928.0604858398438,802.018798828125,619.510009765625,600.0,536.0416870117188,950.252197265625,700.0,400.0,1477.640625,1489.86279296875,1350.0,858.8683471679688
2015-02-25,1050.0,1050.0,1197.0,145.89999389648438,50.0,1260.7354736328125,121.69999694824219,75.0,763.0886840820312,420.0,420.0,1520.0,1240.0,1050.0,1492.685302734375,1350.0,1350.0,693.0,229.60000610351562,190.0,790.1676025390625,180.8000030517578,50.0,766.1832275390625,348.94000244140625,50.0,364.04547119140625,924.8758544921875,798.8341674804688,619.760009765625,550.0,536.0416870117188,950.2633056640625,670.0,400.0,1477.9224853515625,1399.1365966796875,1350.0,858.9019775390625
2015-02-26,1050.0,1050.0,1197.0,172.6999969482422,50.0,1261.4100341796875,131.39999389648438,75.0,763.2808837890625,440.0,440.0,1520.0,1240.0,1050.0,1492.8565673828125,1350.0,1350.0,693.0,259.8999938964844,190.0,790.3409423828125,218.1999969482422,50.0,766.6002807617188,389.4939880371094,50.0,364.1785888671875,928.429443359375,802.8923950195312,620.010009765625,590.0,525.5369873046875,950.314453125,680.0,400.0,1478.2039794921875,1428.1370849609375,1350.0,858.9554443359375
2015-02-27,1050.0,1050.0,1197.0,209.89999389648438,50.0,1262.202880859375,161.5,75.0,763.57568359375,550.0,550.0,1520.0,1480.0,1050.0,1493.2442626953125,1350.0,1350.0,693.0,388.79998779296875,190.0,790.8338012695312,326.70001220703125,50.0,767.2545166015625,373.03997802734375,50.0,364.3051452636719,955.260498046875,828.224853515625,620.2899780273438,980.0,397.03558349609375,950.7769165039062,810.0,400.0,1478.610595703125,1778.86279296875,1350.0,859.2487182617188
2015-02-28,1050.0,1050.0,1197.0,193.1999969482422,50.0,1262.9129638671875,170.39999389648438,75.0,763.9008178710938,490.0,490.0,1520.0,1270.0,1050.0,1493.442626953125,1350.0,1350.0,693.0,478.6000061035156,190.0,791.5493774414062,374.70001220703125,50.0,767.9700927734375,318.885009765625,50.0,364.41021728515625,906.0880126953125,779.0247192382812,620.5700073242188,740.0,427.06329345703125,951.0242309570312,750.0,400.0,1478.957763671875,1825.547119140625,1350.0,859.573974609375
2015-03-01,1050.0,1050.0,1197.0,149.89999389648438,50.0,1263.4083251953125,138.3000030517578,75.0,764.113037109375,420.0,420.0,1520.0,1030.0,1050.0,1493.424560546875,1350.0,1350.0,693.0,382.79998779296875,190.0,792.02734375,275.70001220703125,50.0,768.5259399414062,394.68701171875,50.0,364.54339599609375,913.612548828125,786.576904296875,620.8499755859375,610.0,527.0355834960938,951.0875244140625,680.0,800.0,1478.8387451171875,1525.3377685546875,1350.0,859.6939086914062
2015-03-02,1050.0,1050.0,1197.0,152.10000610351562,50.0,1263.9146728515625,125.9000015258789,75.0,764.2813110351562,410.0,410.0,1520.0,1120.0,1050.0,1493.4876708984375,1350.0,1350.0,693.0,328.5,190.0,792.3707885742188,239.0,50.0,768.9945678710938,289.66900634765625,50.0,364.6348876953125,980.29296875,851.7218017578125,621.1199951171875,550.0,344.05108642578125,951.24462890625,660.0,800.0,1478.6998291015625,1647.177001953125,1350.0,859.8971557617188
2015-03-03,1050.0,1050.0,1197.0,172.3000030517578,50.0,1264.5211181640625,117.4000015258789,75.0,764.4214477539062,390.0,390.0,1520.0,1150.0,1050.0,1493.577880859375,1350.0,1350.0,693.0,291.79998779296875,190.0,792.6231689453125,216.5,50.0,769.362060546875,281.6319885253906,50.0,364.72314453125,869.0224609375,742.9808349609375,621.3699951171875,490.0,466.8016662597656,951.2623291015625,640.0,800.0,1478.541259765625,1835.3116455078125,1350.0,860.2291259765625
2015-03-04,1050.0,1050.0,1197.0,137.1999969482422,50.0,1264.9534912109375,111.19999694824219,75.0,764.5411376953125,390.0,390.0,1520.0,1100.0,1050.0,1493.6229248046875,1350.0,1350.0,693.0,264.3999938964844,190.0,792.8076171875,196.39999389648438,50.0,769.6847534179688,292.39599609375,50.0,364.8156433105469,937.2777099609375,811.2360229492188,621.6199951171875,450.0,563.3826904296875,951.1758422851562,600.0,800.0,1478.3428955078125,1725.5933837890625,1350.0,860.4859619140625
2015-03-05,1050.0,1050.0,1197.0,132.3000030517578,50.0,1265.361572265625,106.9000015258789,75.0,764.6466064453125,370.0,370.0,1520.0,1080.0,1050.0,1493.6500244140625,1350.0,1350.0,693.0,242.8000030517578,190.0,792.9385375976562,183.8000030517578,50.0,769.9796142578125,266.2599792480469,50.0,364.8977355957031,916.607177734375,790.5654907226562,621.8699951171875,470.0,565.1446533203125,951.103271484375,610.0,800.0,1478.1544189453125,1710.5697021484375,1350.0,860.7326049804688
2015-03-06,1050.0,1050.0,1197.0,126.5999984741211,50.0,1265.741455078125,99.5999984741211,75.0,764.7279052734375,390.0,390.0,1520.0,1010.0,1050.0,1493.6138916015625,1350.0,1350.0,693.0,225.3000030517578,190.0,793.0231323242188,179.8000030517578,50.0,770.2656860351562,244.71400451660156,50.0,364.97125244140625,933.6074829101562,807.5658569335938,622.1199951171875,420.0,567.7576904296875,950.9901733398438,600.0,800.0,1477.9537353515625,1681.367431640625,1350.0,860.959228515625
2015-03-07,1050.0,1050.0,1197.0,119.9000015258789,50.0,1266.0880126953125,97.30000305175781,75.0,764.8016357421875,400.0,400.0,1520.0,1050.0,1050.0,1493.6138916015625,1350.0,1350.0,693.0,216.1999969482422,190.0,793.0808715820312,165.0,50.0,770.5191040039062,235.97799682617188,50.0,365.0382080078125,917.736328125,791.6946411132812,622.3699951171875,380.0,591.3906860351562,950.8224487304688,580.0,800.0,1477.72412109375,1695.7720947265625,1350.0,861.1957397460938
2015-03-08,1050.0,1050.0,1197.0,116.19999694824219,50.0,1266.416259765625,97.5,75.0,764.8760375976562,380.0,380.0,1520.0,940.0,1050.0,1493.5147705078125,1350.0,1350.0,693.0,205.8000030517578,190.0,793.11572265625,162.5,50.0,770.7670288085938,239.5330047607422,50.0,365.1043395996094,935.787841796875,809.7461547851562,622.6199951171875,390.0,558.2166748046875,950.6890258789062,560.0,800.0,1477.4735107421875,1601.8218994140625,1350.0,861.3679809570312
2015-03-09,1050.0,1050.0,1197.0,109.69999694824219,50.0,1266.71240234375,91.9000015258789,75.0,764.931884765625,380.0,380.0,1520.0,950.0,1050.0,1493.424560546875,1350.0,1350.0,693.0,197.6999969482422,190.0,793.1326904296875,159.3000030517578,50.0,771.0079345703125,206.5780029296875,50.0,365.1583557128906,913.8604736328125,787.81884765625,622.8699951171875,360.0,605.70166015625,950.4940795898438,560.0,800.0,1477.2230224609375,1588.07958984375,1350.0,861.5308227539062
2015-03-10,1050.0,1050.0,1197.0,110.4000015258789,50.0,1267.009521484375,98.5,75.0,765.0091552734375,370.0,370.0,1520.0,1010.0,1050.0,1493.3885498046875,1350.0,1350.0,693.0,196.8000030517578,190.0,793.1476440429688,154.39999389648438,50.0,771.238037109375,238.43299865722656,50.0,365.2240295410156,934.64501953125,808.6033325195312,623.1199951171875,370.0,622.4696655273438,950.2937622070312,520.0,800.0,1476.9268798828125,1602.3914794921875,1350.0,861.7034301757812
2015-03-11,1050.0,1050.0,1197.0,117.69999694824219,50.0,1267.278076171875,112.5999984741211,75.0,765.1281127929688,390.0,390.0,1520.0,950.0,1050.0,1493.29833984375,1350.0,1350.0,693.0,212.0,190.0,793.1961669921875,175.0,50.0,771.5134887695312,252.19700622558594,50.0,365.29473876953125,921.6294555664062,795.5877685546875,623.3699951171875,410.0,591.4956665039062,950.1497802734375,600.0,800.0,1476.7064208984375,1702.9478759765625,1350.0,861.94482421875
2015-03-12,1050.0,1050.0,1197.0,120.0,50.0,1267.5557861328125,107.4000015258789,75.0,765.2305908203125,410.0,410.0,1520.0,1030.0,1050.0,1493.2803955078125,1350.0,1350.0,693.0,213.3000030517578,190.0,793.2474975585938,191.39999389648438,50.0,771.8251342773438,231.4510040283203,50.0,365.3578186035156,929.6546630859375,803.613037109375,623.6199951171875,460.0,591.858642578125,950.045166015625,580.0,800.0,1476.464111328125,1678.6947021484375,1350.0,862.1640014648438
2015-03-13,1050.0,1050.0,1197.0,112.5,50.0,1267.8037109375,96.0,75.0,765.2970581054688,380.0,380.0,1520.0,960.0,1050.0,1493.19921875,1350.0,1350.0,693.0,194.89999389648438,190.0,793.25830078125,163.5,50.0,772.0752563476562,278.20599365234375,50.0,365.4380187988281,922.0107421875,795.9691162109375,623.8699951171875,370.0,603.888671875,949.864990234375,550.0,800.0,1476.1885986328125,1637.591552734375,1350.0,862.3541259765625
2015-03-14,1050.0,1050.0,1197.0,184.3000030517578,50.0,1268.4205322265625,132.0,75.0,765.4773559570312,420.0,420.0,1520.0,1260.0,1050.0,1493.3885498046875,1350.0,1350.0,693.0,244.0,190.0,793.3773193359375,224.6999969482422,50.0,772.4602661132812,587.1430053710938,50.0,365.6316833496094,939.4207763671875,807.329345703125,624.1199951171875,840.0,557.9083862304688,950.0833740234375,580.0,800.0,1475.948974609375,1657.3297119140625,1350.0,862.5573120117188
2015-03-15,1050.0,1050.0,1197.0,378.3999938964844,50.0,1270.0391845703125,232.39999389648438,75.0,765.9752807617188,580.0,580.0,1520.0,2700.0,1050.0,1494.8380126953125,1350.0,1350.0,693.0,430.1000061035156,190.0,793.9064331054688,398.70001220703125,120.0,773.074462890625,1005.9340209960938,50.0,365.97906494140625,1067.816650390625,929.1708374023438,624.3699951171875,2630.0,135.7868194580078,952.0214233398438,690.0,800.0,1475.8341064453125,2026.6339111328125,1350.0,863.0048217773438
2015-03-16,1500.0,1500.0,1197.0,427.29998779296875,50.0,1271.669921875,268.3999938964844,75.0,766.613525390625,600.0,600.0,1520.0,2440.0,1500.0,1495.648681640625,1350.0,1350.0,693.0,544.2000122070312,190.0,794.6870727539062,418.8999938964844,120.0,773.7332153320312,796.3619995117188,50.0,366.22442626953125,1372.59521484375,1233.949462890625,624.6199951171875,2130.0,835.2717895507812,953.0087890625,1020.0,800.0,1476.0673828125,2099.72509765625,1350.0,863.5176391601562
2015-03-17,1500.0,1500.0,1197.0,279.70001220703125,50.0,1272.6470947265625,201.60000610351562,75.0,767.0274658203125,540.0,540.0,1520.0,1830.0,1500.0,1495.9332275390625,1350.0,1350.0,693.0,439.0,190.0,795.23583984375,340.5,120.0,774.197265625,594.907958984375,50.0,366.40106201171875,1857.2271728515625,1718.581298828125,624.8699951171875,1350.0,1008.6458129882812,953.2595825195312,810.0,800.0,1476.078369140625,1938.27734375,1350.0,863.9199829101562
2015-03-18,1500.0,1500.0,1197.0,234.10000610351562,50.0,1273.4718017578125,163.10000610351562,75.0,767.277099609375,520.0,520.0,1520.0,1600.0,1500.0,1496.01953125,1350.0,1350.0,693.0,352.1000061035156,190.0,795.5930786132812,286.79998779296875,120.0,774.528076171875,462.8349914550781,50.0,366.5339660644531,1431.424560546875,1303.8751220703125,625.1099853515625,1050.0,1067.5494384765625,953.2466430664062,720.0,800.0,1475.99072265625,1796.1898193359375,1350.0,864.2176513671875
2015-03-19,1500.0,1500.0,1197.0,211.8000030517578,50.0,1274.21923828125,138.6999969482422,75.0,767.4575805664062,480.0,480.0,1520.0,1260.0,1500.0,1495.8125,1350.0,1350.0,693.0,302.8999938964844,190.0,795.8418579101562,243.6999969482422,120.0,774.7734375,409.1259765625,50.0,366.6490783691406,1784.255615234375,1668.2763671875,625.3400268554688,900.0,1155.979248046875,953.05859375,670.0,800.0,1475.85498046875,1686.0469970703125,1350.0,864.4398193359375
2015-03-20,1500.0,1500.0,1197.0,176.39999389648438,50.0,1274.720703125,155.10000610351562,75.0,767.6845092773438,430.0,430.0,1520.0,1370.0,1500.0,1495.700439453125,1350.0,1350.0,693.0,292.29998779296875,190.0,796.0673217773438,237.10000610351562,120.0,775.0057373046875,407.82598876953125,50.0,366.76373291015625,1465.8397216796875,1349.8912353515625,625.5700073242188,840.0,1165.948486328125,952.8121948242188,630.0,800.0,1475.6776123046875,1715.9747314453125,1350.0,864.6818237304688
2015-03-21,1500.0,1500.0,1197.0,183.10000610351562,50.0,1275.2486572265625,219.8000030517578,75.0,768.0948486328125,460.0,460.0,1520.0,1310.0,1500.0,1495.53662109375,1350.0,1350.0,693.0,328.6000061035156,190.0,796.372802734375,256.8999938964844,120.0,775.2772216796875,459.5260009765625,50.0,366.89544677734375,1756.4193115234375,1640.4708251953125,625.7999877929688,820.0,1034.842529296875,952.6483154296875,640.0,800.0,1475.510498046875,1746.0128173828125,1350.0,864.943603515625
2015-03-22,1500.0,1500.0,1197.0,201.3000030517578,50.0,1275.848876953125,243.0,75.0,768.5708618164062,490.0,490.0,1520.0,1290.0,1500.0,1495.35546875,1350.0,1350.0,693.0,393.0,190.0,796.8201904296875,268.3999938964844,120.0,775.5715942382812,571.4359741210938,50.0,367.06011962890625,1486.8914794921875,1370.9122314453125,626.030029296875,790.0,1116.0543212890625,952.3995971679688,760.0,800.0,1475.46875,1835.1302490234375,1350.0,865.255859375
2015-03-23,1500.0,1500.0,1197.0,338.0,50.0,1276.9913330078125,364.1000061035156,75.0,769.3900146484375,600.0,600.0,1520.0,1580.0,1500.0,1495.4244384765625,1350.0,1350.0,693.0,677.4000244140625,190.0,797.8943481445312,326.0,120.0,775.9801635742188,962.0089721679688,50.0,367.3392028808594,1742.3687744140625,1616.3271484375,626.280029296875,1030.0,1081.7816162109375,952.3600463867188,1030.0,800.0,1475.7088623046875,2014.1380615234375,1350.0,865.6807861328125
2015-03-24,1500.0,1500.0,1197.0,634.5,50.0,1279.510009765625,521.0,75.0,770.65380859375,770.0,770.0,1520.0,2060.0,1500.0,1495.9073486328125,1350.0,1350.0,693.0,1066.199951171875,190.0,799.642822265625,401.79998779296875,120.0,776.5391235351562,1215.7679443359375,50.0,367.6968688964844,1547.3868408203125,1421.3450927734375,626.530029296875,2280.0,732.2337036132812,953.5208129882812,1750.0,800.0,1476.739501953125,2428.31884765625,1350.0,866.383056640625
2015-03-25,1500.0,1500.0,1197.0,616.2000122070312,50.0,1281.55615234375,432.6000061035156,75.0,771.6670532226562,810.0,810.0,1520.0,2080.0,1500.0,1496.4075927734375,1350.0,1350.0,693.0,928.2999877929688,190.0,801.1072387695312,425.8999938964844,120.0,777.1458740234375,986.8280029296875,50.0,367.9834899902344,1699.2025146484375,1573.1607666015625,626.780029296875,2050.0,646.0416870117188,954.5734252929688,1430.0,800.0,1477.410888671875,2397.272216796875,1350.0,867.0730590820312
2015-03-26,1500.0,1500.0,1197.0,563.2000122070312,50.0,1283.5919189453125,316.0,75.0,772.3062133789062,730.0,730.0,1520.0,2220.0,1500.0,1497.02978515625,1350.0,1350.0,693.0,694.5999755859375,190.0,802.0982666015625,359.3999938964844,120.0,777.6207275390625,721.5359497070312,50.0,368.17169189453125,1556.0113525390625,1434.0069580078125,627.02001953125,1750.0,702.00439453125,955.3590698242188,1260.0,800.0,1477.89111328125,2308.72900390625,1350.0,867.6864624023438
2015-03-27,1500.0,1500.0,1197.0,466.1000061035156,50.0,1285.0426025390625,256.5,75.0,772.7562255859375,720.0,720.0,1520.0,1920.0,1500.0,1497.408447265625,1350.0,1350.0,693.0,576.9000244140625,190.0,802.7958984375,322.8999938964844,120.0,778.023193359375,557.6380004882812,50.0,368.3120422363281,1676.6646728515625,1549.121337890625,627.25,1440.0,798.7353515625,955.8301391601562,1120.0,800.0,1478.2139892578125,2200.72607421875,1350.0,868.2384643554688
2015-03-28,1500.0,1500.0,1197.0,423.70001220703125,50.0,1286.4375,223.39999389648438,75.0,773.1241455078125,750.0,750.0,1520.0,1940.0,1500.0,1497.80517578125,1350.0,1350.0,693.0,511.20001220703125,190.0,803.41259765625,315.8999938964844,120.0,778.4117431640625,489.5019836425781,50.0,368.4330139160156,1582.7421875,1455.1988525390625,627.47998046875,1530.0,835.38232421875,956.3404541015625,1080.0,800.0,1478.4915771484375,2239.27392578125,1350.0,868.826416015625
2015-03-29,1500.0,1500.0,1197.0,387.6000061035156,50.0,1287.664306640625,187.39999389648438,75.0,773.40283203125,680.0,680.0,1520.0,1700.0,1500.0,1497.9854736328125,1350.0,1350.0,693.0,434.70001220703125,190.0,803.89794921875,276.79998779296875,120.0,778.7227172851562,396.5660095214844,50.0,368.52764892578125,1658.3138427734375,1530.736572265625,627.7100219726562,1290.0,956.7412109375,956.5852661132812,970.0,800.0,1478.66015625,2128.13525390625,1350.0,869.3298950195312
2015-03-30,1500.0,1500.0,1197.0,333.6000061035156,50.0,1288.65771484375,177.0,75.0,773.6557006835938,630.0,630.0,1520.0,1620.0,1500.0,1498.0858154296875,1350.0,1350.0,693.0,394.8999938964844,190.0,804.2766723632812,269.6000061035156,120.0,779.0177001953125,391.61700439453125,50.0,368.620849609375,1601.857666015625,1474.3143310546875,627.9400024414062,1070.0,935.7693481445312,956.6838989257812,900.0,800.0,1478.7593994140625,1979.7276611328125,1350.0,869.7328491210938
2015-03-31,1500.0,1500.0,1197.0,357.29998779296875,50.0,1289.673583984375,196.10000610351562,75.0,773.9559326171875,710.0,710.0,1520.0,1770.0,1500.0,1498.3089599609375,1350.0,1350.0,693.0,476.3999938964844,190.0,804.7930908203125,365.0,120.0,779.45947265625,334.57598876953125,50.0,368.6978759765625,1652.1044921875,1530.1124267578125,628.1599731445312,1240.0,821.2820434570312,956.991455078125,950.0,800.0,1478.908203125,2238.864501953125,1350.0,870.2921142578125
2015-04-01,1500.0,1500.0,1197.0,372.70001220703125,50.0,1290.888427734375,207.0,75.0,774.283203125,700.0,700.0,1520.0,1600.0,1500.0,1498.3916015625,1350.0,1350.0,693.0,620.7999877929688,190.0,805.5698852539062,503.29998779296875,120.0,780.150634765625,432.59698486328125,50.0,368.800048828125,1617.097900390625,1489.520751953125,628.3900146484375,1360.0,620.3082275390625,957.5348510742188,920.0,800.0,1479.028564453125,2310.3671875,1350.0,870.8873901367188
2015-04-02,1500.0,1500.0,1197.0,375.6000061035156,50.0,1291.9833984375,200.5,75.0,774.5943603515625,730.0,730.0,1520.0,1820.0,1500.0,1498.6561279296875,1350.0,1350.0,693.0,592.5,190.0,806.295654296875,490.8999938964844,120.0,780.8193969726562,481.4709777832031,50.0,368.9160461425781,1631.224853515625,1503.6815185546875,628.6199951171875,1250.0,677.5433349609375,957.9553833007812,870.0,800.0,1479.1016845703125,2283.141845703125,1350.0,871.4808349609375
2015-04-03,1500.0,1500.0,1197.0,329.5,50.0,1292.9073486328125,185.3000030517578,75.0,774.8678588867188,710.0,710.0,1520.0,1660.0,1500.0,1498.788330078125,1350.0,1350.0,693.0,531.7000122070312,190.0,806.9118041992188,445.70001220703125,120.0,781.4473876953125,353.5459899902344,50.0,368.9957275390625,1617.3646240234375,1489.8212890625,628.8499755859375,1150.0,777.5433349609375,958.22900390625,840.0,800.0,1479.1434326171875,2173.000244140625,1350.0,872.0071411132812
2015-04-04,1500.0,1500.0,1197.0,292.5,50.0,1293.7091064453125,182.8000030517578,75.0,775.1351318359375,680.0,680.0,1520.0,1610.0,1500.0,1498.8792724609375,1350.0,1350.0,693.0,524.7999877929688,190.0,807.5155029296875,434.8999938964844,120.0,782.0654296875,286.8110046386719,50.0,369.05340576171875,1629.0596923828125,1507.0338134765625,629.0700073242188,1100.0,802.0259399414062,958.4479370117188,810.0,800.0,1479.15380859375,2155.573974609375,1350.0,872.5064697265625
2015-04-05,1500.0,1500.0,1197.0,301.8999938964844,50.0,1294.541748046875,175.0,75.0,775.383056640625,660.0,660.0,1520.0,1580.0,1500.0,1498.9453125,1350.0,1350.0,693.0,470.5,190.0,808.01953125,403.8999938964844,120.0,782.5773315429688,340.677001953125,50.0,369.12530517578125,1615.498291015625,1487.9549560546875,629.2999877929688,1050.0,887.5433349609375,958.5672607421875,810.0,800.0,1479.164306640625,2083.426025390625,1350.0,872.9611206054688
2015-04-06,1500.0,1500.0,1197.0,292.8999938964844,50.0,1295.2955322265625,174.89999389648438,75.0,775.6307373046875,630.0,630.0,1520.0,1480.0,1500.0,1498.9288330078125,1350.0,1350.0,693.0,468.70001220703125,190.0,808.4801635742188,403.8999938964844,120.0,783.0892333984375,340.4320068359375,50.0,369.1971130371094,1641.15234375,1513.5751953125,629.530029296875,930.0,841.63623046875,958.6321411132812,800.0,800.0,1479.164306640625,2085.011962890625,1350.0,873.4166870117188
2015-04-07,1500.0,1500.0,1197.0,284.20001220703125,50.0,1295.9591064453125,188.1999969482422,75.0,775.911376953125,650.0,650.0,1520.0,1430.0,1500.0,1498.8709716796875,1350.0,1350.0,693.0,505.70001220703125,190.0,809.0020141601562,426.6000061035156,120.0,783.64208984375,568.70703125,50.0,369.3300476074219,1611.188720703125,1483.6453857421875,629.760009765625,900.0,908.4163208007812,958.6259765625,840.0,800.0,1479.2060546875,2128.71484375,1350.0,873.8993530273438
2015-04-08,1500.0,1500.0,1197.0,301.20001220703125,50.0,1296.78271484375,217.39999389648438,75.0,776.2350463867188,720.0,720.0,1520.0,1520.0,1500.0,1498.887451171875,1350.0,1350.0,693.0,703.0999755859375,190.0,809.85009765625,520.9000244140625,120.0,784.364990234375,298.6629943847656,50.0,369.3905944824219,1643.9093017578125,1516.365966796875,629.989990234375,890.0,875.5453491210938,958.6365966796875,980.0,800.0,1479.3939208984375,2163.2861328125,1350.0,874.4034423828125
2015-04-09,1500.0,1500.0,1197.0,298.0,50.0,1297.6025390625,208.8000030517578,75.0,776.5299682617188,670.0,670.0,1520.0,1400.0,1500.0,1498.8048095703125,1350.0,1350.0,693.0,725.0,190.0,810.734375,500.79998779296875,120.0,785.0516357421875,266.3190002441406,50.0,369.4424743652344,1607.5225830078125,1485.4967041015625,630.2100219726562,850.0,881.7189331054688,958.61328125,1020.0,800.0,1479.6236572265625,2150.00390625,1350.0,874.8993530273438
2015-04-10,1500.0,1500.0,1197.0,306.5,50.0,1298.450439453125,186.6999969482422,75.0,776.776123046875,630.0,630.0,1520.0,1390.0,1500.0,1498.7139892578125,1350.0,1350.0,693.0,633.7999877929688,190.0,811.4679565429688,443.79998779296875,120.0,785.635498046875,279.0660095214844,50.0,369.49774169921875,1636.314453125,1508.7711181640625,630.4400024414062,790.0,936.4793090820312,958.5056762695312,930.0,800.0,1479.75927734375,2045.402099609375,1350.0,875.3203735351562
2015-04-11,1500.0,1500.0,1197.0,317.1000061035156,50.0,1299.2857666015625,181.5,75.0,777.01220703125,700.0,700.0,1520.0,1560.0,1500.0,1498.7635498046875,1350.0,1350.0,693.0,561.9000244140625,190.0,812.0826416015625,437.5,120.0,786.2080078125,185.7030029296875,50.0,369.5279541015625,1627.0103759765625,1499.467041015625,630.6699829101562,1070.0,834.5263061523438,958.6786499023438,900.0,800.0,1479.86376953125,2187.702880859375,1350.0,875.8238525390625
2015-04-12,1500.0,1500.0,1197.0,338.1000061035156,50.0,1300.119140625,174.89999389648438,75.0,777.2598876953125,740.0,740.0,1520.0,1550.0,1500.0,1498.8048095703125,1350.0,1350.0,693.0,517.0999755859375,190.0,812.623291015625,463.3999938964844,120.0,786.8272094726562,204.74900817871094,50.0,369.5632629394531,1630.54296875,1502.9656982421875,630.9000244140625,1090.0,798.7742309570312,958.8926391601562,870.0,800.0,1479.936767578125,2099.5791015625,1350.0,876.282958984375
2015-04-13,1500.0,1500.0,1197.0,322.70001220703125,50.0,1301.0177001953125,194.10000610351562,75.0,777.55517578125,690.0,690.0,1520.0,1520.0,1500.0,1498.8214111328125,1350.0,1350.0,693.0,554.2000122070312,190.0,813.2079467773438,473.6000061035156,120.0,787.4647827148438,233.68699645996094,50.0,369.6063232421875,1619.6640625,1497.6719970703125,631.1199951171875,1060.0,795.613037109375,959.0868530273438,870.0,800.0,1480.0098876953125,2078.28076171875,1350.0,876.734375
2015-04-14,1500.0,1500.0,1197.0,342.29998779296875,50.0,1301.845947265625,303.1000061035156,75.0,778.1072998046875,750.0,750.0,1520.0,1560.0,1500.0,1498.8709716796875,1350.0,1350.0,693.0,856.2999877929688,190.0,814.2245483398438,652.2000122070312,120.0,788.3890380859375,328.1519775390625,50.0,369.6747131347656,1636.1563720703125,1508.613037109375,631.3499755859375,1180.0,701.3453369140625,959.4384765625,830.0,800.0,1480.0411376953125,2418.860107421875,1350.0,877.3848876953125
2015-04-15,1500.0,1500.0,1197.0,341.8999938964844,50.0,1302.673095703125,352.29998779296875,75.0,778.7184448242188,680.0,680.0,1520.0,1470.0,1500.0,1498.84619140625,1350.0,1350.0,693.0,975.4000244140625,190.0,815.4229125976562,709.7999877929688,120.0,789.3970336914062,229.49900817871094,50.0,369.71661376953125,1626.354736328125,1498.777587890625,631.5800170898438,1120.0,627.5772094726562,959.8002319335938,1040.0,800.0,1480.291748046875,2518.999755859375,1350.0,878.0875244140625
2015-04-16,1500.0,1500.0,1197.0,319.1000061035156,50.0,1303.5081787109375,301.6000061035156,75.0,779.196044921875,740.0,740.0,1520.0,1490.0,1500.0,1498.837890625,1350.0,1350.0,693.0,977.5,190.0,816.579833984375,558.7000122070312,120.0,790.1880493164062,258.8450012207031,50.0,369.7663879394531,1621.2821044921875,1493.73876953125,631.8099975585938,1160.0,717.4533081054688,960.120849609375,950.0,800.0,1480.4483642578125,2439.860107421875,1350.0,878.7425537109375
2015-04-17,1500.0,1500.0,1197.0,332.79998779296875,50.0,1304.3797607421875,253.39999389648438,75.0,779.5498657226562,690.0,690.0,1520.0,1420.0,1500.0,1498.771728515625,1350.0,1350.0,693.0,942.5999755859375,190.0,817.6460571289062,597.7000122070312,120.0,791.0452880859375,222.7729949951172,50.0,369.80645751953125,1625.271240234375,1503.2452392578125,632.030029296875,1030.0,747.9319458007812,960.3206787109375,950.0,800.0,1480.6048583984375,2350.0,1350.0,879.3436279296875
2015-04-18,1500.0,1500.0,1197.0,294.5,50.0,1305.072509765625,211.10000610351562,75.0,779.81982421875,720.0,720.0,1520.0,1430.0,1500.0,1498.7139892578125,1350.0,1350.0,693.0,800.4000244140625,190.0,818.5108642578125,496.0,120.0,791.6668090820312,172.69200134277344,50.0,369.8330993652344,1616.3642578125,1488.8209228515625,632.260009765625,990.0,867.5433349609375,960.4074096679688,940.0,800.0,1480.7510986328125,2276.56201171875,1350.0,879.9005126953125
2015-04-19,1500.0,1500.0,1197.0,247.10000610351562,50.0,1305.631103515625,180.6999969482422,75.0,780.0327758789062,630.0,630.0,1520.0,1360.0,1500.0,1498.5982666015625,1350.0,1350.0,693.0,635.5999755859375,190.0,819.1422119140625,412.20001220703125,120.0,792.1497802734375,234.13800048828125,50.0,369.876220703125,1636.474365234375,1508.9310302734375,632.489990234375,770.0,877.2383422851562,960.3314208984375,880.0,800.0,1480.8345947265625,2166.85986328125,1350.0,880.3800048828125
2015-04-20,1500.0,1500.0,1197.0,225.10000610351562,50.0,1306.127197265625,160.60000610351562,75.0,780.221435546875,620.0,620.0,1520.0,1310.0,1500.0,1498.441162109375,1350.0,1350.0,693.0,516.5999755859375,190.0,819.6049194335938,345.8999938964844,120.0,792.5231323242188,154.5659942626953,50.0,369.8979797363281,1613.8359375,1486.2926025390625,632.719970703125,740.0,966.7963256835938,960.1707763671875,830.0,784.8007202148438,1480.8817138671875,2072.677001953125,1350.0,880.8015747070312
2015-04-21,1500.0,1500.0,1197.0,233.89999389648438,50.0,1306.6483154296875,145.3000030517578,75.0,780.3763427734375,610.0,610.0,1520.0,1250.0,1500.0,1498.234619140625,1350.0,1350.0,693.0,436.5,190.0,819.9541015625,304.29998779296875,120.0,792.8278198242188,121.7760009765625,50.0,369.91094970703125,1636.4876708984375,1508.910400390625,632.9500122070312,680.0,1023.5502319335938,959.9247436523438,800.0,767.9370727539062,1480.915283203125,1982.624267578125,1350.0,881.170654296875
2015-04-22,1500.0,1500.0,1197.0,190.6999969482422,50.0,1307.0469970703125,129.89999389648438,75.0,780.497314453125,580.0,580.0,1520.0,1160.0,1500.0,1497.9493408203125,1350.0,1350.0,693.0,374.1000061035156,190.0,820.2149658203125,274.6000061035156,120.0,793.0833129882812,178.3040008544922,50.0,369.9390563964844,1613.8572998046875,1489.3511962890625,633.1599731445312,600.0,1071.8731689453125,959.5780639648438,750.0,753.1748046875,1480.911865234375,1914.087158203125,1350.0,881.4996948242188
2015-04-23,1500.0,1500.0,1197.0,189.1999969482422,50.0,1307.44140625,129.0,75.0,780.6163330078125,550.0,550.0,1520.0,1230.0,1500.0,1497.7059326171875,1350.0,1350.0,693.0,361.20001220703125,190.0,820.45751953125,271.79998779296875,120.0,793.334228515625,178.2320098876953,50.0,369.9671630859375,1633.2783203125,1506.2149658203125,633.3699951171875,640.0,1128.373291015625,959.2192993164062,760.0,740.0118408203125,1480.9327392578125,1880.32763671875,1350.0,881.80908203125
2015-04-24,1500.0,1500.0,1197.0,199.60000610351562,50.0,1307.865234375,136.5,75.0,780.7518920898438,570.0,570.0,1520.0,1220.0,1500.0,1497.4534912109375,1350.0,1350.0,693.0,386.6000061035156,190.0,820.7360229492188,286.29998779296875,120.0,793.609130859375,201.96900939941406,50.0,370.0015563964844,1626.2703857421875,1499.20703125,633.5800170898438,630.0,1045.666259765625,958.9139404296875,790.0,727.63671875,1480.9979248046875,1907.78466796875,1350.0,882.1344604492188
2015-04-25,1500.0,1500.0,1197.0,210.60000610351562,50.0,1308.3203125,137.10000610351562,75.0,780.8887329101562,620.0,620.0,1520.0,1170.0,1500.0,1497.156005859375,1350.0,1350.0,693.0,401.79998779296875,190.0,821.03369140625,349.8999938964844,120.0,793.9891357421875,223.99700927734375,50.0,370.0403137207031,1630.5831298828125,1503.5567626953125,633.7899780273438,790.0,995.5853881835938,958.762939453125,750.0,714.6207885742188,1481.0347900390625,2073.27197265625,1350.0,882.556396484375
2015-04-26,1500.0,1500.0,1197.0,178.6999969482422,50.0,1308.68505859375,133.3000030517578,75.0,781.0155029296875,620.0,620.0,1520.0,1210.0,1500.0,1496.899169921875,1350.0,1350.0,693.0,425.70001220703125,190.0,821.3453979492188,362.79998779296875,120.0,794.3904418945312,138.72500610351562,50.0,370.0570983886719,1616.1640625,1495.1566162109375,633.989990234375,700.0,1025.2734375,958.5239868164062,740.0,697.7432861328125,1481.0789794921875,2099.30615234375,1350.0,882.9935302734375
2015-04-27,1500.0,1500.0,1197.0,170.60000610351562,50.0,1309.0267333984375,120.30000305175781,75.0,781.1053466796875,580.0,580.0,1520.0,1100.0,1500.0,1496.55419921875,1350.0,1350.0,693.0,377.79998779296875,190.0,821.5936889648438,326.1000061035156,120.0,794.7310791015625,138.9530029296875,50.0,370.073974609375,1629.0035400390625,1500.9554443359375,634.219970703125,620.0,1083.803955078125,958.1832275390625,730.0,680.2582397460938,1481.130859375,1880.1290283203125,1350.0,883.3027954101562
2015-04-28,1500.0,1500.0,1197.0,199.3000030517578,50.0,1309.4498291015625,111.5999984741211,75.0,781.177978515625,560.0,560.0,1520.0,1050.0,1500.0,1496.1661376953125,1350.0,1350.0,693.0,324.29998779296875,190.0,821.7713012695312,287.1000061035156,120.0,795.00732421875,139.06199645996094,50.0,370.0908508300781,1625.37158203125,1497.79443359375,634.4500122070312,580.0,1107.649169921875,957.795654296875,690.0,667.8877563476562,1481.1539306640625,1853.1343994140625,1350.0,883.5963134765625
2015-04-29,1500.0,1500.0,1197.0,200.3000030517578,50.0,1309.875732421875,103.30000305175781,75.0,781.2340698242188,530.0,530.0,1520.0,1080.0,1500.0,1495.803955078125,1350.0,1350.0,693.0,373.29998779296875,190.0,822.013671875,248.60000610351562,120.0,795.2198486328125,115.7719955444336,50.0,370.1017150878906,1634.11669921875,1506.5733642578125,634.6799926757812,500.0,1026.599365234375,957.4087524414062,660.0,656.1470947265625,1481.157958984375,1768.48681640625,1350.0,883.8404541015625
2015-04-30,1500.0,1500.0,1197.0,179.1999969482422,50.0,1310.2418212890625,91.5999984741211,75.0,781.2670288085938,510.0,510.0,1520.0,980.0,1500.0,1495.35546875,1350.0,1350.0,693.0,298.79998779296875,190.0,822.1575317382812,226.1999969482422,120.0,795.3953857421875,81.99000549316406,50.0,370.1038818359375,1616.4876708984375,1494.4617919921875,634.9000244140625,400.0,1021.5839233398438,956.9521484375,640.0,646.3817749023438,1481.1513671875,1667.5260009765625,1350.0,884.0256958007812
2015-05-01,1573.0,1573.0,1197.0,151.5,50.0,1310.5294189453125,89.30000305175781,75.0,781.2953491210938,480.0,480.0,1520.0,820.0,1646.0,1494.6431884765625,1350.0,1350.0,693.0,276.3999938964844,190.0,822.2717895507812,208.60000610351562,120.0,795.5418701171875,128.18099975585938,50.0,370.1147155761719,1748.5845947265625,1620.5428466796875,635.1199951171875,380.0,1238.52978515625,956.3214721679688,600.0,400.0,1481.360107421875,1577.839599609375,1350.0,884.1586303710938
2015-05-02,1573.0,1573.0,1197.0,133.8000030517578,50.0,1310.766845703125,89.5,75.0,781.3241577148438,460.0,300.0,1520.5289306640625,970.0,1646.0,1494.0601806640625,1350.0,1350.0,693.0,256.0,190.0,822.3590698242188,190.89999389648438,120.0,795.6590576171875,95.09600067138672,50.0,370.11700439453125,1759.6142578125,1632.551025390625,635.3300170898438,380.0,1277.8992919921875,955.661865234375,580.0,400.0,1481.5479736328125,1445.953857421875,1350.0,884.214599609375
2015-05-03,1573.0,1573.0,1197.0,126.69999694824219,50.0,1310.984130859375,83.0999984741211,75.0,781.3402099609375,430.0,300.0,1520.9586181640625,960.0,1646.0,1493.4444580078125,1350.0,1350.0,693.0,206.39999389648438,190.0,822.3807373046875,182.39999389648438,120.0,795.7621459960938,140.70999145507812,50.0,370.13104248046875,1749.5230712890625,1622.4967041015625,635.5399780273438,340.0,1305.619384765625,954.95068359375,560.0,400.0,1481.715087890625,1316.3768310546875,1350.0,884.1949462890625
2015-05-04,1573.0,1573.0,1197.0,118.69999694824219,50.0,1311.1788330078125,77.5,75.0,781.3451538085938,420.0,300.0,1521.4263916015625,910.0,1646.0,1492.7808837890625,1350.0,1350.0,693.0,169.39999389648438,190.0,822.353515625,167.39999389648438,120.0,795.8405151367188,100.61000061035156,50.0,370.134765625,1759.3104248046875,1632.2470703125,635.75,270.0,1319.17236328125,954.1502685546875,550.0,400.0,1481.87158203125,1075.37109375,1350.0,884.0347290039062
2015-05-05,1573.0,1573.0,1197.0,112.0999984741211,50.0,1311.354736328125,79.5,75.0,781.3540649414062,400.0,300.0,1521.8231201171875,950.0,1646.0,1492.1533203125,1350.0,1350.0,693.0,239.3000030517578,190.0,822.418701171875,149.6999969482422,120.0,795.8895874023438,83.7239990234375,50.0,370.1341247558594,1749.439453125,1622.3760986328125,635.9600219726562,280.0,1354.583251953125,953.3552856445312,530.0,400.0,1482.0069580078125,1197.4818115234375,1350.0,883.94580078125
2015-05-06,1573.0,1573.0,1197.0,111.4000015258789,50.0,1311.52880859375,74.5999984741211,75.0,781.353271484375,400.0,300.0,1522.2198486328125,900.0,1646.0,1491.4808349609375,1350.0,1350.0,693.0,235.3000030517578,190.0,822.4785766601562,140.60000610351562,120.0,795.9236450195312,88.6240005493164,50.0,370.1347351074219,1755.860107421875,1634.8896484375,636.1599731445312,280.0,1318.58642578125,952.57666015625,510.0,400.0,1482.1160888671875,1175.0169677734375,1350.0,883.8436889648438
2015-05-07,1573.0,1573.0,1197.0,103.0999984741211,50.0,1311.67919921875,69.5999984741211,75.0,781.3425903320312,390.0,300.0,1522.576904296875,860.0,1646.0,1490.7720947265625,1350.0,1350.0,693.0,181.5,190.0,822.4673461914062,138.6999969482422,120.0,795.95458984375,55.3380012512207,50.0,370.12677001953125,1749.4200439453125,1622.3568115234375,636.3699951171875,240.0,1307.995361328125,951.7619018554688,500.0,400.0,1482.2152099609375,1192.5057373046875,1350.0,883.7518310546875
2015-05-08,1573.0,1573.0,1197.0,98.5999984741211,50.0,1311.81689453125,66.5999984741211,75.0,781.325927734375,380.0,300.0,1522.8941650390625,860.0,1646.0,1490.0634765625,1350.0,1350.0,693.0,168.6999969482422,190.0,822.439208984375,134.1999969482422,120.0,795.97802734375,112.33799743652344,50.0,370.1335144042969,1758.291015625,1631.2276611328125,636.5800170898438,260.0,1343.935302734375,950.932373046875,500.0,400.0,1482.314453125,1153.2073974609375,1350.0,883.6370239257812
2015-05-09,1573.0,1573.0,1197.0,92.80000305175781,50.0,1311.938232421875,66.4000015258789,75.0,781.308837890625,370.0,300.0,1523.143310546875,790.0,1646.0,1489.291748046875,1350.0,1350.0,693.0,153.89999389648438,190.0,822.3914794921875,126.9000015258789,120.0,795.9894409179688,100.65299987792969,50.0,370.1372375488281,1745.787841796875,1618.761474609375,636.7899780273438,240.0,1467.909423828125,949.9597778320312,460.0,400.0,1482.3739013671875,1109.875,1350.0,883.4969482421875
2015-05-10,1573.0,1573.0,1197.0,90.30000305175781,50.0,1312.0523681640625,67.69999694824219,75.0,781.2943725585938,360.0,300.0,1523.341552734375,840.0,1646.0,1488.54443359375,1350.0,1350.0,693.0,166.6999969482422,190.0,822.3606567382812,121.80000305175781,120.0,795.992431640625,83.93799591064453,50.0,370.13665771484375,1765.5615234375,1638.498291015625,637.0,250.0,1424.80224609375,949.0635986328125,460.0,400.0,1482.4334716796875,1090.194580078125,1350.0,883.3453979492188
2015-05-11,1573.0,1573.0,1197.0,97.30000305175781,50.0,1312.1864013671875,95.19999694824219,75.0,781.33447265625,380.0,300.0,1523.6060791015625,840.0,1646.0,1487.79296875,1350.0,1350.0,693.0,231.10000610351562,190.0,822.4149780273438,182.10000610351562,120.0,796.0877685546875,147.86700439453125,50.0,370.15252685546875,1620.929443359375,1620.929443359375,637.0,310.0,1378.781982421875,948.2181396484375,540.0,400.0,1482.572265625,1240.8515625,1350.0,883.2816772460938
2015-05-12,1573.0,1573.0,1197.0,112.5999984741211,50.0,1312.36376953125,127.69999694824219,75.0,781.43896484375,420.0,300.0,1524.0032958984375,920.0,1646.0,1487.138427734375,1350.0,1350.0,693.0,345.79998779296875,190.0,822.6210327148438,255.10000610351562,120.0,796.2938842773438,198.50999450683594,50.0,370.1814270019531,1644.4229736328125,1644.4229736328125,637.0,420.0,1187.60205078125,947.609130859375,570.0,400.0,1482.7408447265625,1300.1495361328125,1350.0,883.2526245117188
2015-05-13,1573.0,1573.0,1197.0,105.69999694824219,50.0,1312.5216064453125,105.5,75.0,781.4994506835938,390.0,300.0,1524.3603515625,850.0,1646.0,1486.3931884765625,1350.0,1350.0,693.0,338.8999938964844,190.0,822.8179321289062,252.8000030517578,120.0,796.4965209960938,112.52400207519531,50.0,370.1882019042969,1614.0648193359375,1614.0648193359375,637.0,330.0,1176.7960205078125,946.9373168945312,560.0,400.0,1482.8995361328125,1229.997802734375,1350.0,883.1826171875
2015-05-14,1573.0,1573.0,1197.0,98.80000305175781,50.0,1312.659912109375,95.0,75.0,781.5391235351562,380.0,300.0,1524.677734375,850.0,1646.0,1485.641357421875,1350.0,1350.0,693.0,326.6000061035156,190.0,822.99853515625,217.3000030517578,120.0,796.6449584960938,115.03900146484375,50.0,370.19561767578125,1636.45263671875,1636.45263671875,637.0,310.0,1245.31494140625,946.1952514648438,540.0,400.0,1483.038330078125,1150.00146484375,1350.0,883.06591796875
2015-05-15,1573.0,1573.0,1197.0,93.69999694824219,50.0,1312.78369140625,97.9000015258789,75.0,781.5845336914062,380.0,300.0,1524.9949951171875,850.0,1646.0,1484.8895263671875,1350.0,1350.0,693.0,355.70001220703125,190.0,823.2040405273438,206.8000030517578,120.0,796.7774047851562,118.5530014038086,50.0,370.20391845703125,1616.2413330078125,1616.2413330078125,637.0,290.0,1326.85693359375,945.3726196289062,550.0,400.0,1483.1871337890625,1120.8585205078125,1350.0,882.9322509765625
2015-05-16,1573.0,1573.0,1197.0,91.80000305175781,50.0,1312.9022216796875,103.5,75.0,781.64111328125,380.0,300.0,1525.2603759765625,830.0,1646.0,1484.1187744140625,1350.0,1350.0,693.0,424.1000061035156,190.0,823.4942626953125,238.89999389648438,120.0,796.9588012695312,100.36699676513672,50.0,370.20751953125,1268.389404296875,1268.389404296875,637.0,310.0,814.1190185546875,944.97265625,550.0,400.0,1483.3359375,1150.1412353515625,1350.0,882.815673828125
2015-05-17,1573.0,1573.0,1197.0,88.0,50.0,1313.0086669921875,98.5,75.0,781.6876831054688,360.0,300.0,1525.4586181640625,860.0,1646.0,1483.37646484375,1350.0,1350.0,693.0,468.70001220703125,190.0,823.8397216796875,267.5,120.0,797.183837890625,83.08200073242188,50.0,370.2066955566406,1185.6439208984375,1185.6439208984375,637.0,300.0,922.93798828125,944.4783935546875,590.0,400.0,1483.5242919921875,1259.140869140625,1350.0,882.7626953125
2015-05-18,1573.0,1573.0,1197.0,98.80000305175781,50.0,1313.129638671875,92.0999984741211,75.0,781.7216186523438,410.0,300.0,1525.822265625,880.0,1646.0,1482.6529541015625,1350.0,1350.0,693.0,418.5,190.0,824.1229858398438,260.5,120.0,797.398193359375,99.78199768066406,50.0,370.2101745605469,1269.6259765625,1269.6259765625,637.0,310.0,848.635986328125,944.0510864257812,820.0,400.0,1483.9407958984375,1197.281982421875,1350.0,882.673583984375
2015-05-19,1573.0,1573.0,1197.0,111.69999694824219,50.0,1313.2825927734375,83.5999984741211,75.0,781.7386474609375,440.0,300.0,1526.3421630859375,880.0,1646.0,1481.9259033203125,1350.0,1350.0,693.0,367.0,190.0,824.3424072265625,264.0,120.0,797.617919921875,82.78199768066406,50.0,370.2092590332031,1193.181884765625,1193.181884765625,637.0,410.0,834.822998046875,943.7020874023438,840.0,400.0,1484.3970947265625,1526.1409912109375,1350.0,882.7763061523438
2015-05-20,1573.0,1573.0,1197.0,95.4000015258789,50.0,1313.3951416015625,80.0999984741211,75.0,781.748779296875,400.0,300.0,1526.7388916015625,880.0,1646.0,1481.166259765625,1350.0,1350.0,693.0,346.8999938964844,190.0,824.5369262695312,296.5,120.0,797.88720703125,135.4250030517578,50.0,370.2218933105469,1256.4326171875,1256.4326171875,637.0,310.0,856.2319946289062,943.2506713867188,840.0,400.0,1484.8564453125,1467.718994140625,1350.0,882.8450317382812
2015-05-21,1573.0,1573.0,1197.0,106.19999694824219,50.0,1313.534423828125,83.0,75.0,781.7646484375,450.0,300.0,1527.2781982421875,870.0,1646.0,1480.4254150390625,1350.0,1350.0,693.0,605.5999755859375,190.0,825.0521240234375,553.5,120.0,798.5486450195312,157.43899536132812,50.0,370.2402038574219,1206.18408203125,1206.18408203125,637.0,340.0,818.7569580078125,942.85498046875,980.0,400.0,1485.4388427734375,1838.8590087890625,1350.0,883.1301879882812
2015-05-22,1573.0,1573.0,1197.0,120.9000015258789,50.0,1313.710205078125,88.5999984741211,75.0,781.7916259765625,570.0,300.0,1528.2049560546875,1090.0,1646.0,1479.895263671875,1350.0,1350.0,693.0,1289.5,190.0,826.4151611328125,989.5,120.0,799.875244140625,71.33899688720703,50.0,370.2363586425781,1246.741943359375,1246.741943359375,637.0,640.0,818.9539794921875,942.7070922851562,1670.0,400.0,1486.6982421875,2672.1259765625,1350.0,883.9014892578125
2015-05-23,1573.0,1573.0,1197.0,106.5,50.0,1313.850341796875,85.0,75.0,781.8114624023438,510.0,300.0,1529.03173828125,1010.0,1646.0,1479.2645263671875,1350.0,1350.0,693.0,1393.300048828125,190.0,827.853515625,961.0999755859375,120.0,801.0816650390625,83.13899993896484,50.0,370.2355041503906,1217.7965087890625,1217.7965087890625,637.0,550.0,734.697021484375,942.554443359375,1620.0,400.0,1487.864990234375,2819.281005859375,1350.0,884.7586059570312
2015-05-24,1573.0,1573.0,1197.0,98.5,50.0,1313.9705810546875,82.0,75.0,781.8253784179688,460.0,300.0,1529.560546875,930.0,1646.0,1478.554443359375,1350.0,1350.0,693.0,1122.5999755859375,190.0,828.9415893554688,676.7999877929688,120.0,801.9312133789062,100.15299987792969,50.0,370.23907470703125,1229.106689453125,1229.106689453125,637.0,440.0,843.990966796875,942.2205810546875,1330.0,400.0,1488.780517578125,2349.85986328125,1350.0,885.3321533203125
2015-05-25,1573.0,1573.0,1197.0,90.30000305175781,50.0,1314.08056640625,73.30000305175781,75.0,781.8219604492188,440.0,300.0,1530.0234375,920.0,1646.0,1477.8343505859375,1350.0,1350.0,693.0,796.4000244140625,190.0,829.613037109375,511.70001220703125,120.0,802.4910278320312,71.3530044555664,50.0,370.2351989746094,1232.9249267578125,1232.9249267578125,637.0,400.0,760.2059936523438,941.9229125976562,1120.0,400.0,1489.49462890625,2000.8599853515625,1350.0,885.7009887695312
2015-05-26,1573.0,1573.0,1197.0,85.80000305175781,50.0,1314.1820068359375,69.0,75.0,781.81005859375,420.0,300.0,1530.420166015625,850.0,1646.0,1477.0450439453125,1350.0,1350.0,693.0,587.5999755859375,190.0,830.0512084960938,394.8999938964844,120.0,802.8804931640625,83.16799926757812,50.0,370.234375,1220.0924072265625,1220.0924072265625,637.0,300.0,812.58203125,941.499267578125,980.0,400.0,1490.06640625,1751.8590087890625,1350.0,885.9287109375
2015-05-27,1573.0,1573.0,1197.0,77.80000305175781,50.0,1314.2607421875,65.0,75.0,781.7902221679688,400.0,300.0,1530.750732421875,870.0,1646.0,1476.275390625,1350.0,1350.0,693.0,463.70001220703125,190.0,830.352783203125,320.29998779296875,120.0,803.164306640625,92.76800537109375,50.0,370.2360534667969,1231.304443359375,1231.304443359375,637.0,320.0,862.39697265625,941.051025390625,860.0,400.0,1490.5009765625,1695.9840087890625,1350.0,886.1248168945312
2015-05-28,1573.0,1573.0,1197.0,68.5,50.0,1314.313232421875,58.0,75.0,781.7565307617188,390.0,300.0,1531.057861328125,740.0,1646.0,1475.3768310546875,1350.0,1350.0,693.0,380.3999938964844,190.0,830.5626220703125,276.79998779296875,120.0,803.3864135742188,47.9530029296875,50.0,370.22613525390625,1222.8023681640625,1222.8023681640625,637.0,290.0,895.9990234375,940.5501708984375,800.0,400.0,1490.8787841796875,1549.615966796875,1350.0,886.2379150390625
2015-05-29,1573.0,1573.0,1197.0,64.69999694824219,50.0,1314.3548583984375,55.20000076293945,75.0,781.71728515625,360.0,300.0,1531.2958984375,750.0,1646.0,1474.48828125,1350.0,1350.0,693.0,326.70001220703125,190.0,830.7132568359375,234.39999389648438,120.0,803.5485229492188,47.138999938964844,50.0,370.216064453125,1230.9625244140625,1230.9625244140625,637.0,250.0,917.4719848632812,939.99853515625,700.0,400.0,1491.170166015625,1403.4090576171875,1350.0,886.2681884765625
2015-05-30,1573.0,1573.0,1197.0,62.099998474121094,50.0,1314.38916015625,49.70000076293945,75.0,781.6670532226562,380.0,300.0,1531.61328125,800.0,1646.0,1473.630859375,1350.0,1350.0,693.0,289.1000061035156,190.0,830.8224487304688,210.6999969482422,120.0,803.677001953125,35.025001525878906,50.0,370.2028503417969,1226.87451171875,1226.87451171875,637.0,260.0,897.2039794921875,939.471923828125,670.0,400.0,1491.43798828125,1369.4219970703125,1350.0,886.2791748046875
2015-05-31,1573.0,1573.0,1197.0,58.29999923706055,50.0,1314.4127197265625,62.5,75.0,781.6422729492188,360.0,300.0,1531.8511962890625,750.0,1646.0,1472.710693359375,1350.0,1350.0,693.0,269.8999938964844,190.0,830.9104614257812,199.3000030517578,120.0,803.7893676757812,68.82500457763672,50.0,370.1983337402344,1226.9193115234375,1226.9193115234375,637.0,220.0,926.407958984375,938.88330078125,620.0,400.0,1491.6561279296875,1258.1400146484375,1350.0,886.2271728515625
2015-06-01,1325.0,1325.0,1197.0,66.0,58.20933151245117,1314.4346923828125,82.0,77.6418685913086,781.6509399414062,370.0,414.1349182128906,1531.6761474609375,1000.0,1426.0,1472.2882080078125,1350.0,1350.0,693.0,271.8999938964844,195.92559814453125,830.9942016601562,205.0,120.0,803.9097900390625,141.72900390625,58.567466735839844,370.20782470703125,1305.0205078125,1305.0205078125,637.0,280.0,957.9949951171875,938.298583984375,640.0,418.1349182128906,1491.876220703125,1315.986328125,1350.0,886.2078857421875
2015-06-02,1325.0,1325.0,1197.0,69.0,58.20933151245117,1314.46533203125,75.19999694824219,77.6418685913086,781.6460571289062,410.0,414.1349182128906,1531.6597900390625,810.0,1426.0,1471.67724609375,1350.0,1350.0,693.0,288.1000061035156,195.92559814453125,831.0957641601562,221.8000030517578,120.0,804.0540161132812,83.62899780273438,58.567466735839844,370.20233154296875,1308.4388427734375,1308.4388427734375,637.0,280.0,930.8519897460938,937.7482299804688,710.0,418.1349182128906,1492.15771484375,1402.6053466796875,1350.0,886.2376708984375
2015-06-03,1325.0,1325.0,1197.0,65.30000305175781,58.20933151245117,1314.4854736328125,71.0,77.6418685913086,781.6329345703125,390.0,414.1349182128906,1531.56396484375,750.0,1426.0,1471.0068359375,1350.0,1350.0,693.0,279.5,195.92559814453125,831.1878662109375,196.0,120.0,804.1616821289062,59.51100158691406,58.567466735839844,370.1906433105469,1303.6524658203125,1303.6524658203125,637.0,280.0,934.427001953125,937.2073974609375,680.0,418.1349182128906,1492.405029296875,1381.1787109375,1350.0,886.25537109375
2015-06-04,1325.0,1325.0,1197.0,53.29999923706055,58.20933151245117,1314.4715576171875,59.099998474121094,77.6418685913086,781.5961303710938,360.0,414.1349182128906,1531.3492431640625,730.0,1426.0,1470.2806396484375,1350.0,1350.0,693.0,243.39999389648438,195.92559814453125,831.2401733398438,172.60000610351562,120.0,804.2362060546875,14.21099853515625,58.567466735839844,370.1672668457031,1305.21337890625,1305.21337890625,637.0,250.0,984.0009765625,936.5834350585938,570.0,418.1349182128906,1492.5484619140625,1271.6165771484375,1350.0,886.2109375
2015-06-05,1325.0,1325.0,1197.0,47.20000076293945,58.20933151245117,1314.4403076171875,55.79999923706055,77.6418685913086,781.5527954101562,350.0,414.1349182128906,1531.0948486328125,720.0,1426.0,1469.543701171875,1350.0,1350.0,693.0,198.5,195.92559814453125,831.2429809570312,151.10000610351562,120.0,804.2802734375,54.57400131225586,58.567466735839844,370.1543273925781,1303.73828125,1303.73828125,637.0,220.0,1035.9150390625,935.8798217773438,510.0,418.1349182128906,1492.63525390625,1310.979248046875,1350.0,886.1888427734375
2015-06-06,1325.0,1325.0,1197.0,52.400001525878906,58.20933151245117,1314.423828125,53.099998474121094,77.6418685913086,781.504150390625,340.0,414.1349182128906,1530.833984375,670.0,1426.0,1468.75439453125,1350.0,1350.0,693.0,158.5,195.92559814453125,831.2017822265625,142.0,120.0,804.3114624023438,71.27400207519531,58.567466735839844,370.1456604003906,1309.45361328125,1309.45361328125,637.0,210.0,1010.4769897460938,935.1895141601562,530.0,418.1349182128906,1492.740966796875,1146.717529296875,1350.0,886.0736083984375
2015-06-07,1325.0,1325.0,1197.0,66.0999984741211,58.20933151245117,1314.4461669921875,50.5,77.6418685913086,781.4503173828125,330.0,414.1349182128906,1530.5557861328125,720.0,1426.0,1468.0174560546875,1350.0,1350.0,693.0,224.5,195.92559814453125,831.2332763671875,129.89999389648438,120.0,804.3255004882812,42.455997467041016,58.567466735839844,370.1296081542969,1300.8466796875,1300.8466796875,637.0,180.0,1047.20703125,934.441650390625,520.0,418.1349182128906,1492.837158203125,1200.516357421875,1350.0,885.9888916015625
2015-06-08,1325.0,1325.0,1197.0,70.0,58.20933151245117,1314.4796142578125,55.099998474121094,77.6418685913086,781.4055786132812,310.0,414.1349182128906,1530.2115478515625,640.0,1426.0,1467.237060546875,1350.0,1350.0,693.0,161.60000610351562,195.92559814453125,831.1954345703125,120.5,120.0,804.326171875,42.63800048828125,58.567466735839844,370.11358642578125,1311.043212890625,1311.043212890625,637.0,160.0,1038.8330078125,933.6693725585938,480.0,418.1349182128906,1492.8956298828125,1128.1796875,1350.0,885.8632202148438
2015-06-09,1325.0,1325.0,1197.0,68.0999984741211,58.20933151245117,1314.5076904296875,40.599998474121094,77.6418685913086,781.3320922851562,320.0,414.1349182128906,1529.900390625,680.0,1426.0,1466.470703125,1350.0,1350.0,693.0,146.1999969482422,195.92559814453125,831.140625,109.5999984741211,120.0,804.3114624023438,30.900999069213867,58.567466735839844,370.0945739746094,1300.268310546875,1300.268310546875,637.0,140.0,1061.0,932.8460083007812,470.0,418.1349182128906,1492.944580078125,1028.69287109375,1350.0,885.6810913085938
2015-06-10,1325.0,1325.0,1197.0,69.4000015258789,58.20933151245117,1314.539306640625,37.0,77.6418685913086,781.2515258789062,310.0,414.1349182128906,1529.55615234375,640.0,1426.0,1465.6307373046875,1350.0,1350.0,693.0,114.80000305175781,195.92559814453125,831.05126953125,100.80000305175781,120.0,804.2842407226562,-6.7350006103515625,58.567466735839844,370.06585693359375,1310.2564697265625,1310.2564697265625,637.0,130.0,1075.4200439453125,932.0307006835938,420.0,418.1349182128906,1492.9462890625,1047.088623046875,1350.0,885.5094604492188
2015-06-11,1325.0,1325.0,1197.0,61.79999923706055,58.20933151245117,1314.549560546875,29.399999618530273,77.6418685913086,781.1558227539062,300.0,414.1349182128906,1529.1788330078125,590.0,1426.0,1464.724853515625,1350.0,1350.0,693.0,87.19999694824219,195.92559814453125,830.9314575195312,83.0999984741211,120.0,804.2319946289062,-31.19000244140625,58.567466735839844,370.0308837890625,1303.4617919921875,1303.4617919921875,637.0,100.0,1053.782958984375,931.1721801757812,410.0,418.1349182128906,1492.9385986328125,1053.737548828125,1350.0,885.341552734375
2015-06-12,1325.0,1325.0,1197.0,32.599998474121094,58.20933151245117,1314.4769287109375,28.399999618530273,77.6418685913086,781.0581665039062,300.0,414.1349182128906,1528.7618408203125,630.0,1426.0,1463.8939208984375,1350.0,1350.0,693.0,156.6999969482422,195.92559814453125,830.88818359375,88.0999984741211,120.0,804.186767578125,-30.462997436523438,58.567466735839844,369.9959411621094,1307.449462890625,1307.449462890625,637.0,80.0,1067.81005859375,930.2816162109375,400.0,418.1349182128906,1492.9215087890625,955.9943237304688,1350.0,885.1182861328125
2015-06-13,1325.0,1325.0,1197.0,31.200000762939453,58.20933151245117,1314.400390625,26.700000762939453,77.6418685913086,780.9523315429688,310.0,414.1349182128906,1528.3487548828125,620.0,1426.0,1463.052490234375,1350.0,1350.0,693.0,124.4000015258789,195.92559814453125,830.8093872070312,85.80000305175781,120.0,804.1383056640625,-3.217998504638672,58.567466735839844,369.967041015625,1304.724609375,1304.724609375,637.0,90.0,1067.654052734375,929.400146484375,400.0,418.1349182128906,1492.9044189453125,1008.1757202148438,1350.0,884.9223022460938
2015-06-14,1325.0,1325.0,1197.0,26.899999618530273,58.20933151245117,1314.311767578125,30.5,77.6418685913086,780.8484497070312,290.0,414.1349182128906,1527.8802490234375,630.0,1426.0,1462.2215576171875,1350.0,1350.0,693.0,112.5,195.92559814453125,830.7174682617188,81.0999984741211,120.0,804.0831909179688,15.144996643066406,58.567466735839844,369.943115234375,1306.526611328125,1306.526611328125,637.0,100.0,1078.241943359375,928.5181884765625,390.0,418.1349182128906,1492.8778076171875,1020.994873046875,1350.0,884.7304077148438
2015-06-15,1325.0,1325.0,1197.0,32.70000076293945,58.20933151245117,1314.2393798828125,31.5,77.6418685913086,780.7467651367188,290.0,414.1349182128906,1527.4698486328125,540.0,1426.0,1461.257568359375,1350.0,1350.0,693.0,110.9000015258789,195.92559814453125,830.623779296875,79.30000305175781,120.0,804.0255737304688,12.99100112915039,58.567466735839844,369.9186096191406,1305.4097900390625,1305.4097900390625,637.0,60.0,1080.4119873046875,927.5982055664062,390.0,418.1349182128906,1492.8511962890625,960.27587890625,1350.0,884.5030517578125
2015-06-16,1325.0,1325.0,1197.0,50.400001525878906,58.20933151245117,1314.21728515625,32.79999923706055,77.6418685913086,780.64794921875,290.0,414.1349182128906,1527.0595703125,570.0,1426.0,1460.350341796875,1350.0,1350.0,693.0,101.19999694824219,195.92559814453125,830.5194091796875,72.19999694824219,120.0,803.9578247070312,2.6539993286132812,58.567466735839844,369.891357421875,1306.286376953125,1306.286376953125,637.0,80.0,1084.56298828125,926.6779174804688,380.0,418.1349182128906,1492.815185546875,983.5729370117188,1350.0,884.289306640625
2015-06-17,1325.0,1325.0,1197.0,39.400001525878906,58.20933151245117,1314.1640625,30.899999618530273,77.6418685913086,780.544921875,270.0,414.1349182128906,1526.4996337890625,600.0,1426.0,1459.4595947265625,1350.0,1350.0,693.0,90.69999694824219,195.92559814453125,830.4034423828125,67.30000305175781,120.0,803.8831787109375,-22.382003784179688,58.567466735839844,369.8573913574219,1304.4588623046875,1304.4588623046875,637.0,130.0,1107.1519775390625,925.76611328125,380.0,418.1349182128906,1492.7791748046875,951.5569458007812,1350.0,884.0568237304688
2015-06-18,1325.0,1325.0,1197.0,20.399999618530273,58.20933151245117,1314.056884765625,27.799999237060547,77.6418685913086,780.43505859375,270.0,414.1349182128906,1525.93994140625,540.0,1426.0,1458.4832763671875,1350.0,1350.0,693.0,88.0999984741211,195.92559814453125,830.2846069335938,67.5999984741211,120.0,803.8088989257812,-25.955001831054688,58.567466735839844,369.822509765625,1306.862060546875,1306.862060546875,637.0,50.0,1115.9849853515625,924.7957763671875,360.0,418.1349182128906,1492.7242431640625,943.7129516601562,1350.0,883.81982421875
2015-06-19,1325.0,1325.0,1197.0,16.399999618530273,58.20933151245117,1313.946044921875,28.200000762939453,77.6418685913086,780.3261108398438,260.0,414.1349182128906,1525.430419921875,580.0,1426.0,1457.5511474609375,1350.0,1350.0,693.0,90.5,195.92559814453125,830.16845703125,65.9000015258789,120.0,803.7322998046875,-24.328998565673828,58.567466735839844,369.7880554199219,1282.361083984375,1282.361083984375,637.0,100.0,1093.19189453125,923.857666015625,370.0,418.1349182128906,1492.6788330078125,933.2759399414062,1350.0,883.5767211914062
2015-06-20,1325.0,1325.0,1197.0,17.700000762939453,58.20933151245117,1313.845703125,27.200000762939453,77.6418685913086,780.2149658203125,270.0,414.1349182128906,1524.9447021484375,540.0,1426.0,1456.59716796875,1350.0,1350.0,693.0,87.30000305175781,195.92559814453125,830.0487670898438,59.29999923706055,120.0,803.6463012695312,14.516998291015625,58.567466735839844,369.7640686035156,1244.4163818359375,1244.4163818359375,637.0,70.0,1061.922607421875,922.9168090820312,370.0,418.1349182128906,1492.6334228515625,902.2759399414062,1350.0,883.3155517578125
2015-06-21,1325.0,1325.0,1197.0,22.899999618530273,58.20933151245117,1313.7581787109375,24.200000762939453,77.6418685913086,780.09716796875,250.0,414.1349182128906,1524.2935791015625,540.0,1426.0,1455.6336669921875,1350.0,1350.0,693.0,54.0,195.92559814453125,829.892333984375,59.79999923706055,120.0,803.5609741210938,27.961997985839844,58.567466735839844,369.74365234375,1204.540771484375,1204.540771484375,637.0,80.0,1030.5611572265625,921.975341796875,350.0,418.1349182128906,1492.5689697265625,842.9939575195312,1350.0,883.019775390625
2015-06-22,1325.0,1325.0,1197.0,34.79999923706055,58.20933151245117,1313.7000732421875,26.0,77.6418685913086,779.9849853515625,250.0,414.1349182128906,1523.7020263671875,540.0,1426.0,1454.6221923828125,1350.0,1350.0,693.0,40.599998474121094,195.92559814453125,829.72119140625,69.80000305175781,120.0,803.4898681640625,-6.193000793457031,58.567466735839844,369.7141418457031,1176.539794921875,1176.539794921875,637.0,70.0,1000.0,921.0969848632812,350.0,418.1349182128906,1492.504638671875,843.1349487304688,1350.0,882.7240600585938
2015-06-23,1325.0,1325.0,1197.0,23.299999237060547,58.20933151245117,1313.613525390625,28.0,77.6418685913086,779.8865356445312,310.0,414.1349182128906,1523.3577880859375,570.0,1426.0,1453.678955078125,1350.0,1350.0,693.0,147.10000610351562,195.92559814453125,829.6674194335938,67.4000015258789,120.0,803.4153442382812,-1.8290023803710938,58.567466735839844,369.685791015625,1162.6171875,1162.6171875,637.0,90.0,1000.0,920.2374877929688,380.0,418.1349182128906,1492.4686279296875,835.8699340820312,1350.0,882.4241333007812
2015-06-24,1325.0,1325.0,1197.0,13.600000381469727,58.20933151245117,1313.5029296875,24.200000762939453,77.6418685913086,779.7805786132812,180.0,414.1349182128906,1522.50048828125,540.0,1426.0,1452.68505859375,1350.0,1350.0,693.0,80.80000305175781,195.92559814453125,829.54052734375,73.0999984741211,120.0,803.348876953125,2.315998077392578,58.567466735839844,369.6585693359375,1177.59716796875,1177.59716796875,637.0,60.0,1000.0,919.3170776367188,480.0,418.1349182128906,1492.527099609375,850.8319091796875,1350.0,882.1329345703125
2015-06-25,1325.0,1325.0,1197.0,24.600000381469727,58.20933151245117,1313.4195556640625,24.5,77.6418685913086,779.6751708984375,250.0,414.1349182128906,1521.8494873046875,540.0,1426.0,1451.6707763671875,1350.0,1350.0,693.0,73.69999694824219,195.92559814453125,829.4058837890625,64.4000015258789,120.0,803.2701416015625,-30.939002990722656,58.567466735839844,369.6224670410156,1182.0709228515625,1182.0709228515625,637.0,60.0,1000.0,918.3848876953125,370.0,418.1349182128906,1492.4815673828125,887.6919555664062,1350.0,881.8632202148438
2015-06-26,1325.0,1325.0,1197.0,32.599998474121094,58.20933151245117,1313.3560791015625,25.0,77.6418685913086,779.5707397460938,240.0,414.1349182128906,1521.15869140625,530.0,1426.0,1450.664794921875,1350.0,1350.0,693.0,77.69999694824219,195.92559814453125,829.2755737304688,67.69999694824219,120.0,803.196044921875,25.423999786376953,58.567466735839844,369.6014709472656,1165.088134765625,1165.088134765625,637.0,20.0,1000.0,917.4129638671875,380.0,418.1349182128906,1492.445556640625,896.803955078125,1350.0,881.598876953125
2015-06-27,1325.0,1325.0,1197.0,35.900001525878906,58.20933151245117,1313.30078125,25.399999618530273,77.6418685913086,779.4671020507812,250.0,414.1349182128906,1520.589599609375,580.0,1426.0,1449.677734375,1350.0,1350.0,693.0,62.099998474121094,195.92559814453125,829.1281127929688,67.9000015258789,120.0,803.1221923828125,13.88800048828125,58.567466735839844,369.577392578125,1156.8890380859375,1156.8890380859375,637.0,110.0,1000.0,916.5303344726562,370.0,418.1349182128906,1492.400146484375,820.5869140625,1350.0,881.2899780273438
2015-06-28,1325.0,1325.0,1197.0,33.599998474121094,58.20933151245117,1313.23974609375,24.5,77.6418685913086,779.3616943359375,240.0,414.1349182128906,1520.013916015625,550.0,1426.0,1448.6556396484375,1350.0,1350.0,693.0,67.5999984741211,195.92559814453125,828.9859008789062,64.30000305175781,120.0,803.0432739257812,-13.966999053955078,58.567466735839844,369.5458679199219,1160.355224609375,1160.355224609375,637.0,70.0,1000.0,915.58740234375,370.0,418.1349182128906,1492.3546142578125,861.9979248046875,1350.0,881.0053100585938
2015-06-29,1325.0,1325.0,1197.0,32.400001525878906,58.20933151245117,1313.17578125,21.100000381469727,77.6418685913086,779.2495727539062,240.0,414.1349182128906,1519.325927734375,530.0,1426.0,1447.6102294921875,1350.0,1350.0,693.0,65.30000305175781,195.92559814453125,828.83349609375,57.20000076293945,120.0,802.954345703125,-25.722000122070312,58.567466735839844,369.51123046875,1159.4921875,1159.4921875,637.0,40.0,1000.0,914.60595703125,360.0,418.1349182128906,1492.2998046875,853.8599243164062,1350.0,880.7158813476562
2015-06-30,1325.0,1325.0,1197.0,21.899999618530273,58.20933151245117,1313.0858154296875,18.600000381469727,77.6418685913086,779.1324462890625,220.0,414.1349182128906,1518.5557861328125,510.0,1426.0,1446.54150390625,1350.0,1350.0,693.0,62.400001525878906,195.92559814453125,828.677734375,60.400001525878906,120.0,802.869873046875,-30.375999450683594,58.567466735839844,369.475341796875,1137.406982421875,1137.406982421875,637.0,70.0,1000.0,913.6669921875,370.0,418.1349182128906,1492.2542724609375,848.2609252929688,1350.0,880.4231567382812
2015-07-01,1390.0,1390.0,1197.0,0.5,60.851200103759766,1312.927001953125,15.100000381469727,53.64186477661133,779.0560302734375,230.0,319.060546875,1518.2025146484375,520.0,1536.0,1445.3560791015625,1350.0,1350.0,693.0,54.5,107.92559814453125,828.6154174804688,56.0,120.0,802.7792358398438,15.296001434326172,50.0,369.45086669921875,1109.3614501953125,1109.3614501953125,637.0,60.0,969.114990234375,912.7179565429688,330.0,423.4186706542969,1492.166015625,768.8356323242188,1350.0,880.0841674804688
2015-07-02,1390.0,1390.0,1197.0,5.0,60.851200103759766,1312.768798828125,13.0,53.64186477661133,778.97265625,210.0,319.060546875,1517.7698974609375,530.0,1536.0,1444.182373046875,1350.0,1350.0,693.0,49.099998474121094,107.92559814453125,828.5467529296875,52.29999923706055,120.0,802.6832885742188,-20.772998809814453,50.0,369.4167175292969,1107.9466552734375,1107.9466552734375,637.0,30.0,948.884033203125,911.7586669921875,350.0,423.4186706542969,1492.0966796875,779.5782470703125,1350.0,879.7438354492188
2015-07-03,1390.0,1390.0,1197.0,20.399999618530273,60.851200103759766,1312.6541748046875,12.800000190734863,53.64186477661133,778.8826293945312,220.0,319.060546875,1517.376953125,540.0,1536.0,1442.96142578125,1350.0,1350.0,693.0,47.29999923706055,107.92559814453125,828.4760131835938,42.599998474121094,120.0,802.5736694335938,15.858001708984375,50.0,369.3924255371094,1108.0980224609375,1108.0980224609375,637.0,20.0,947.9920043945312,910.7899169921875,330.0,423.4186706542969,1492.0084228515625,780.8765258789062,1350.0,879.4017944335938
2015-07-04,1390.0,1390.0,1197.0,20.5,60.851200103759766,1312.539794921875,15.5,53.64186477661133,778.798583984375,220.0,319.060546875,1516.9866943359375,490.0,1536.0,1441.724853515625,1350.0,1350.0,693.0,45.900001525878906,107.92559814453125,828.4036865234375,44.20000076293945,120.0,802.4662475585938,-12.788002014160156,50.0,369.3604736328125,1107.095458984375,1107.095458984375,637.0,50.0,962.3380126953125,909.8375244140625,330.0,423.4186706542969,1491.916259765625,758.5589599609375,1350.0,879.0462646484375
2015-07-05,1390.0,1390.0,1197.0,15.699999809265137,60.851200103759766,1312.411865234375,13.899999618530273,53.64186477661133,778.7109985351562,220.0,319.060546875,1516.6591796875,490.0,1536.0,1440.4281005859375,1350.0,1350.0,693.0,51.599998474121094,107.92559814453125,828.3379516601562,46.70000076293945,120.0,802.3624267578125,-1.3810005187988281,50.0,369.3315734863281,1108.7188720703125,1108.7188720703125,637.0,0.0,963.7869873046875,908.822021484375,320.0,423.4186706542969,1491.813720703125,810.685302734375,1350.0,878.7221069335938
2015-07-06,1390.0,1390.0,1197.0,13.600000381469727,60.851200103759766,1312.2779541015625,14.100000381469727,53.64186477661133,778.6238403320312,220.0,319.060546875,1516.3316650390625,480.0,1536.0,1439.1190185546875,1350.0,1350.0,693.0,43.29999923706055,107.92559814453125,828.2625122070312,40.70000076293945,120.0,802.2500610351562,-7.950000762939453,50.0,369.30096435546875,1107.1138916015625,1107.1138916015625,637.0,10.0,968.1600341796875,907.7661743164062,300.0,423.4186706542969,1491.6912841796875,781.250732421875,1350.0,878.3802490234375
2015-07-07,1390.0,1390.0,1197.0,10.800000190734863,60.851200103759766,1312.1361083984375,9.800000190734863,53.64186477661133,778.5272216796875,230.0,319.060546875,1516.0372314453125,490.0,1536.0,1437.8223876953125,1350.0,1350.0,693.0,49.79999923706055,107.92559814453125,828.1947021484375,38.29999923706055,120.0,802.13427734375,-56.795997619628906,50.0,369.2572937011719,1107.849609375,1107.849609375,637.0,40.0,984.5750122070312,906.7398071289062,320.0,423.4186706542969,1491.5887451171875,776.5391235351562,1350.0,878.0355834960938
2015-07-08,1390.0,1390.0,1197.0,16.200000762939453,60.851200103759766,1312.0096435546875,13.800000190734863,53.64186477661133,778.439453125,220.0,319.060546875,1515.6517333984375,490.0,1536.0,1436.525634765625,1350.0,1350.0,693.0,48.20000076293945,107.92559814453125,828.1250610351562,41.79999923706055,120.0,802.0234985351562,20.111000061035156,50.0,369.2342224121094,1108.6895751953125,1108.6895751953125,637.0,30.0,974.81298828125,905.73974609375,310.0,423.4186706542969,1491.4761962890625,744.811279296875,1350.0,877.671875
2015-07-09,1390.0,1390.0,1197.0,28.299999237060547,60.851200103759766,1311.9173583984375,14.600000381469727,53.64186477661133,778.3533935546875,230.0,319.060546875,1515.2984619140625,480.0,1536.0,1435.164306640625,1350.0,1350.0,693.0,44.79999923706055,107.92559814453125,828.0513916015625,43.099998474121094,120.0,801.9080200195312,-6.704002380371094,50.0,369.2040100097656,1108.1405029296875,1108.1405029296875,637.0,130.0,961.6259765625,904.81298828125,370.0,423.4186706542969,1491.4232177734375,826.1382446289062,1350.0,877.3569946289062
2015-07-10,1390.0,1390.0,1197.0,38.900001525878906,60.851200103759766,1311.855224609375,14.800000190734863,53.64186477661133,778.2677612304688,250.0,319.060546875,1515.0245361328125,570.0,1536.0,1433.95361328125,1350.0,1350.0,693.0,51.29999923706055,107.92559814453125,827.9852905273438,53.400001525878906,120.0,801.806396484375,-26.55099868774414,50.0,369.16851806640625,1109.205322265625,1109.205322265625,637.0,-10.0,938.2919921875,903.7228393554688,410.0,423.4186706542969,1491.409912109375,916.4168090820312,1350.0,877.0963745117188
2015-07-11,1390.0,1390.0,1197.0,17.600000381469727,60.851200103759766,1311.732666015625,16.399999618530273,53.64186477661133,778.1857299804688,240.0,319.060546875,1514.7109375,520.0,1536.0,1432.6102294921875,1350.0,1350.0,693.0,54.70000076293945,107.92559814453125,827.9232177734375,46.5,120.0,801.6942138671875,-1.1969985961914062,50.0,369.13983154296875,1106.09716796875,1106.09716796875,637.0,40.0,952.9409790039062,902.7168579101562,330.0,423.4186706542969,1491.3172607421875,818.1439819335938,1350.0,876.7697143554688
2015-07-12,1390.0,1390.0,1197.0,5.300000190734863,60.851200103759766,1311.5751953125,19.5,53.64186477661133,778.1104736328125,220.0,319.060546875,1514.31787109375,520.0,1536.0,1431.2667236328125,1350.0,1350.0,693.0,52.70000076293945,107.92559814453125,827.8587646484375,49.599998474121094,120.0,801.5868530273438,23.457000732421875,50.0,369.1177673339844,1109.695556640625,1109.695556640625,637.0,40.0,952.7730102539062,901.694091796875,340.0,423.4186706542969,1491.234619140625,826.6925048828125,1350.0,876.4453735351562
2015-07-13,1390.0,1390.0,1197.0,8.899999618530273,60.851200103759766,1311.427978515625,13.800000190734863,53.64186477661133,778.0226440429688,220.0,319.060546875,1513.9249267578125,510.0,1536.0,1429.9100341796875,1350.0,1350.0,693.0,58.900001525878906,107.92559814453125,827.8015747070312,47.400001525878906,120.0,801.47607421875,12.087997436523438,50.0,369.0926513671875,1105.1846923828125,1105.1846923828125,637.0,20.0,975.81201171875,900.578857421875,370.0,423.4186706542969,1491.181640625,796.4185791015625,1350.0,876.1022338867188
2015-07-14,1390.0,1390.0,1197.0,14.600000381469727,60.851200103759766,1311.2969970703125,14.100000381469727,53.64186477661133,777.9274291992188,220.0,319.060546875,1513.531982421875,480.0,1536.0,1428.4788818359375,1350.0,1350.0,693.0,50.0,107.92559814453125,827.7340087890625,46.70000076293945,120.0,801.3641967773438,-12.781997680664062,50.0,369.0609130859375,1110.5838623046875,1110.5838623046875,637.0,30.0,974.2420043945312,899.4771728515625,340.0,423.4186706542969,1491.098876953125,763.4746704101562,1350.0,875.74658203125
2015-07-15,1190.0,1190.0,1197.0,18.0,60.851200103759766,1311.175537109375,12.199999809265137,53.64186477661133,777.82470703125,370.0,319.060546875,1513.7340087890625,490.0,1336.0,1427.3282470703125,1350.0,1350.0,693.0,37.900001525878906,107.92559814453125,827.6522827148438,33.599998474121094,120.0,801.232421875,-25.87399673461914,50.0,369.02569580078125,1105.1614990234375,1105.1614990234375,637.0,0.0,983.8779907226562,898.3292236328125,310.0,423.4186706542969,1490.987060546875,780.11962890625,1350.0,875.404052734375
2015-07-16,1190.0,1190.0,1197.0,-4.0,60.851200103759766,1310.9918212890625,7.099999904632568,53.64186477661133,777.7092895507812,230.0,319.060546875,1513.3807373046875,480.0,1336.0,1426.1390380859375,1350.0,1350.0,693.0,34.400001525878906,107.92559814453125,827.5665283203125,34.20000076293945,120.0,801.1015014648438,-64.26699829101562,50.0,368.9790954589844,1110.74951171875,1110.74951171875,637.0,40.0,979.761962890625,897.2327880859375,310.0,423.4186706542969,1490.8798828125,750.1316528320312,1350.0,875.0435180664062
2015-07-17,1190.0,1190.0,1197.0,6.900000095367432,60.851200103759766,1310.8389892578125,6.199999809265137,53.64186477661133,777.5916748046875,210.0,319.060546875,1512.9481201171875,490.0,1336.0,1424.9443359375,1350.0,1350.0,693.0,29.899999618530273,107.92559814453125,827.4754638671875,34.900001525878906,120.0,800.9736938476562,-13.904998779296875,50.0,368.9453125,1104.5411376953125,1104.5411376953125,637.0,20.0,997.70703125,896.092041015625,320.0,423.4186706542969,1490.7822265625,756.4486694335938,1350.0,874.677001953125
2015-07-18,1190.0,1190.0,1197.0,19.600000381469727,60.851200103759766,1310.7220458984375,10.100000381469727,53.64186477661133,777.4837646484375,220.0,319.060546875,1512.55517578125,490.0,1336.0,1423.813232421875,1350.0,1350.0,693.0,32.79999923706055,107.92559814453125,827.3878173828125,35.5,120.0,800.8539428710938,29.395000457763672,50.0,368.9238586425781,1111.074951171875,1111.074951171875,637.0,20.0,997.5260009765625,894.885986328125,350.0,423.4186706542969,1490.712890625,689.6326293945312,1350.0,874.2676391601562
2015-07-19,1190.0,1190.0,1197.0,-1.2999999523162842,60.851200103759766,1310.5458984375,9.399999618530273,53.64186477661133,777.3740234375,210.0,319.060546875,1512.12255859375,450.0,1336.0,1422.5240478515625,1350.0,1350.0,693.0,33.599998474121094,107.92559814453125,827.3010864257812,36.099998474121094,120.0,800.735107421875,-9.097999572753906,50.0,368.8915100097656,1105.3714599609375,1105.3714599609375,637.0,-10.0,995.843017578125,893.6602783203125,330.0,423.4186706542969,1490.6246337890625,655.86865234375,1350.0,873.83740234375
2015-07-20,1190.0,1190.0,1197.0,-2.0999999046325684,60.851200103759766,1310.3675537109375,5.900000095367432,53.64186477661133,777.2556762695312,210.0,319.060546875,1511.68994140625,470.0,1336.0,1421.2596435546875,1350.0,1350.0,693.0,22.700000762939453,107.92559814453125,827.20166015625,33.099998474121094,120.0,800.6119384765625,-24.990001678466797,50.0,368.85467529296875,1110.411376953125,1110.411376953125,637.0,10.0,994.39697265625,892.4812622070312,330.0,423.4186706542969,1490.536376953125,652.1986694335938,1350.0,873.4049072265625
2015-07-21,1190.0,1190.0,1197.0,17.700000762939453,60.851200103759766,1310.2452392578125,4.800000190734863,53.64186477661133,777.1345825195312,200.0,319.060546875,1511.217529296875,460.0,1336.0,1420.0185546875,1350.0,1350.0,693.0,26.600000381469727,107.92559814453125,827.1067504882812,28.399999618530273,120.0,800.482177734375,-21.15999984741211,50.0,368.8190002441406,1106.5489501953125,1106.5489501953125,637.0,0.0,982.3709716796875,891.2142944335938,330.0,423.4186706542969,1490.4482421875,612.1986694335938,1350.0,872.9475708007812
2015-07-22,1190.0,1190.0,1197.0,16.600000381469727,60.851200103759766,1310.119873046875,5.699999809265137,53.64186477661133,777.0157470703125,210.0,319.060546875,1510.784912109375,540.0,1336.0,1418.8194580078125,1350.0,1350.0,693.0,5.599999904632568,107.92559814453125,826.986572265625,34.29999923706055,120.0,800.3607788085938,-44.652000427246094,50.0,368.77667236328125,1108.7562255859375,1108.7562255859375,637.0,10.0,991.6619873046875,889.9840087890625,350.0,567.6286010742188,1490.24267578125,649.8399047851562,1350.0,872.5136108398438
2015-07-23,1190.0,1190.0,1197.0,15.300000190734863,60.851200103759766,1309.9908447265625,7.800000190734863,53.64186477661133,776.9129638671875,200.0,319.060546875,1510.3126220703125,470.0,1336.0,1417.5611572265625,1350.0,1350.0,693.0,0.6000000238418579,107.92559814453125,826.8535766601562,27.899999618530273,120.0,800.2302856445312,13.579002380371094,50.0,368.75091552734375,1106.96728515625,1106.96728515625,637.0,0.0,998.0269775390625,888.7298583984375,380.0,724.2592163085938,1489.913330078125,791.8162841796875,1350.0,872.1676025390625
2015-07-24,1190.0,1190.0,1197.0,8.800000190734863,60.851200103759766,1309.8433837890625,8.5,53.64186477661133,776.8134765625,200.0,319.060546875,1509.84033203125,440.0,1336.0,1416.194091796875,1350.0,1350.0,693.0,67.9000015258789,107.92559814453125,826.803955078125,31.200000762939453,120.0,800.1044921875,-40.89099884033203,50.0,368.7097473144531,1109.3560791015625,1109.3560791015625,637.0,10.0,990.2880249023438,887.4336547851562,380.0,718.5030517578125,1489.57763671875,919.2713012695312,1350.0,871.8973999023438
2015-07-25,1190.0,1190.0,1197.0,-11.699999809265137,60.851200103759766,1309.6378173828125,4.599999904632568,53.64186477661133,776.7053833007812,200.0,319.060546875,1509.3680419921875,450.0,1336.0,1414.84228515625,1350.0,1350.0,693.0,32.099998474121094,107.92559814453125,826.7099609375,29.200000762939453,120.0,799.9739990234375,-18.283004760742188,50.0,368.675048828125,1107.5987548828125,1107.5987548828125,637.0,10.0,976.2459716796875,886.2086791992188,390.0,678.5360717773438,1489.29150390625,1010.0714721679688,1350.0,871.679931640625
2015-07-26,1190.0,1190.0,1197.0,-7.800000190734863,60.851200103759766,1309.4432373046875,8.600000381469727,53.64186477661133,776.6060791015625,200.0,319.060546875,1508.895751953125,470.0,1336.0,1413.52099609375,1350.0,1350.0,693.0,30.899999618530273,107.92559814453125,826.6144409179688,34.20000076293945,120.0,799.8430786132812,13.648002624511719,50.0,368.6493835449219,1107.7109375,1107.7109375,637.0,0.0,987.5560302734375,884.916748046875,390.0,625.7348022460938,1489.0577392578125,945.9118041992188,1350.0,871.42138671875
2015-07-27,1190.0,1190.0,1197.0,11.199999809265137,60.851200103759766,1309.3026123046875,3.9000000953674316,53.64186477661133,776.4964599609375,200.0,319.060546875,1508.4234619140625,480.0,1336.0,1412.2149658203125,1350.0,1350.0,693.0,28.600000381469727,107.92559814453125,826.51611328125,31.200000762939453,120.0,799.7075805664062,-51.84499740600586,50.0,368.6052551269531,1109.354248046875,1109.354248046875,637.0,10.0,968.2879638671875,883.6245727539062,360.0,599.9952392578125,1488.8197021484375,967.8257446289062,1350.0,871.1768798828125
2015-07-28,1190.0,1190.0,1197.0,10.600000381469727,60.851200103759766,1309.16015625,5.900000095367432,53.64186477661133,776.3912963867188,200.0,319.060546875,1507.9510498046875,460.0,1336.0,1410.8682861328125,1350.0,1350.0,693.0,33.20000076293945,107.92559814453125,826.4234619140625,24.799999237060547,120.0,799.5623168945312,-55.23699951171875,50.0,368.5601806640625,1105.3218994140625,1105.3218994140625,637.0,0.0,994.2260131835938,882.2682495117188,360.0,593.37353515625,1488.5882568359375,905.091064453125,1350.0,870.8955688476562
2015-07-29,1190.0,1190.0,1197.0,25.200000762939453,60.851200103759766,1309.0592041015625,9.100000381469727,53.64186477661133,776.2930908203125,200.0,319.060546875,1507.478759765625,480.0,1336.0,1409.495361328125,1350.0,1350.0,693.0,31.100000381469727,107.92559814453125,826.3282470703125,27.899999618530273,120.0,799.4218139648438,13.769996643066406,50.0,368.5346984863281,1110.81982421875,1110.81982421875,637.0,10.0,986.384033203125,880.9105224609375,350.0,604.4212646484375,1488.3359375,885.7114868164062,1350.0,870.6077880859375
2015-07-30,1190.0,1190.0,1197.0,30.299999237060547,60.851200103759766,1308.9725341796875,9.199999809265137,53.64186477661133,776.1951904296875,190.0,319.060546875,1506.95849609375,450.0,1336.0,1408.072265625,1350.0,1350.0,693.0,29.600000381469727,107.92559814453125,826.2311401367188,26.0,120.0,799.2783813476562,20.744998931884766,50.0,368.51123046875,1105.93408203125,1105.93408203125,637.0,0.0,978.7949829101562,879.5888061523438,370.0,639.58544921875,1488.068603515625,843.3525390625,1350.0,870.2937622070312
2015-07-31,1190.0,1190.0,1197.0,4.699999809265137,60.851200103759766,1308.8134765625,7.900000095367432,53.64186477661133,776.0943603515625,190.0,319.060546875,1506.318603515625,460.0,1336.0,1406.624267578125,1350.0,1350.0,693.0,24.899999618530273,107.92559814453125,826.1282348632812,29.100000381469727,120.0,799.1397094726562,-10.963001251220703,50.0,368.4787902832031,1109.47119140625,1109.47119140625,637.0,10.0,985.0989990234375,878.2073364257812,360.0,651.1621704101562,1487.790283203125,837.7657470703125,1350.0,869.9754638671875
2015-08-01,1161.0,1161.0,1197.0,0.5,60.851200103759766,1308.6424560546875,5.699999809265137,53.64186477661133,775.9873046875,190.0,319.4186706542969,1505.741455078125,430.0,1297.0,1405.25341796875,1350.0,1350.0,693.0,11.800000190734863,107.92559814453125,826.009033203125,30.700000762939453,120.0,799.0034790039062,13.427997589111328,50.0,368.4552307128906,1066.1728515625,1066.1728515625,637.0,0.0,976.740966796875,876.8235473632812,310.0,611.35107421875,1487.5057373046875,872.9700927734375,1350.0,869.6702270507812
2015-08-02,1161.0,1161.0,1197.0,1.399999976158142,60.851200103759766,1308.4739990234375,11.600000381469727,53.64186477661133,775.883056640625,180.0,319.4186706542969,1505.1883544921875,460.0,1297.0,1403.89111328125,1350.0,1350.0,693.0,12.600000381469727,107.92559814453125,825.890869140625,39.29999923706055,120.0,798.8803100585938,-40.29000473022461,50.0,368.4164733886719,1069.052490234375,1069.052490234375,637.0,10.0,953.5859985351562,875.4866943359375,350.0,641.9678955078125,1487.2298583984375,814.8007202148438,1350.0,869.3278198242188
2015-08-03,1161.0,1161.0,1197.0,11.699999809265137,60.851200103759766,1308.334716796875,9.800000190734863,53.64186477661133,775.7743530273438,200.0,319.4186706542969,1504.714599609375,450.0,1297.0,1402.44482421875,1350.0,1350.0,693.0,79.80000305175781,107.92559814453125,825.8560180664062,27.700000762939453,120.0,798.739501953125,-17.536998748779297,50.0,368.3841857910156,1065.8575439453125,1065.8575439453125,637.0,30.0,941.7230224609375,874.133056640625,350.0,660.2673950195312,1486.9337158203125,845.528564453125,1350.0,869.0050659179688
2015-08-04,1161.0,1161.0,1197.0,26.899999618530273,60.851200103759766,1308.238525390625,6.599999904632568,53.64186477661133,775.65771484375,190.0,319.4186706542969,1504.2012939453125,440.0,1297.0,1400.9912109375,1350.0,1350.0,693.0,32.099998474121094,107.92559814453125,825.7620239257812,26.0,120.0,798.5960693359375,25.9689998626709,50.0,368.3642578125,1067.979248046875,1067.979248046875,637.0,0.0,942.302001953125,872.7722778320312,330.0,635.6055908203125,1486.630615234375,856.3361206054688,1350.0,868.6788330078125
2015-08-05,1161.0,1161.0,1197.0,15.899999618530273,60.851200103759766,1308.1112060546875,7.599999904632568,53.64186477661133,775.5435791015625,190.0,319.4186706542969,1503.6878662109375,430.0,1297.0,1399.51806640625,1350.0,1350.0,693.0,4.5,107.92559814453125,825.6337890625,24.100000381469727,120.0,798.4497680664062,-32.525001525878906,50.0,368.3277893066406,1065.1856689453125,1065.1856689453125,637.0,50.0,958.9140014648438,871.385498046875,270.0,569.8031005859375,1486.333251953125,907.435546875,1350.0,868.38623046875
2015-08-06,1161.0,1161.0,1197.0,6.400000095367432,60.851200103759766,1307.9569091796875,7.300000190734863,53.64186477661133,775.4286499023438,190.0,319.4186706542969,1503.1744384765625,430.0,1297.0,1398.041748046875,1350.0,1350.0,693.0,-6.800000190734863,107.92559814453125,825.4915771484375,27.299999237060547,120.0,798.308349609375,-55.819000244140625,50.0,368.28472900390625,1069.136962890625,1069.136962890625,637.0,50.0,949.6240234375,870.0128784179688,300.0,578.4593505859375,1486.05712890625,780.7088012695312,1350.0,868.0098266601562
2015-08-07,1161.0,1161.0,1197.0,23.700000762939453,60.851200103759766,1307.8515625,5.0,53.64186477661133,775.3080444335938,200.0,319.4186706542969,1502.6259765625,435.0,1297.0,1396.4912109375,1350.0,1350.0,693.0,83.4000015258789,107.92559814453125,825.461181640625,23.700000762939453,120.0,798.161376953125,31.033998489379883,50.0,368.266357421875,1063.888427734375,1063.888427734375,637.0,50.0,970.9979858398438,868.607666015625,280.0,597.9881591796875,1485.7418212890625,835.5789794921875,1350.0,867.6803588867188
2015-08-08,1161.0,1161.0,1197.0,4.400000095367432,60.851200103759766,1307.691650390625,6.5,53.64186477661133,775.191162109375,190.0,319.4186706542969,1501.9873046875,440.0,1297.0,1394.950439453125,1350.0,1350.0,693.0,23.899999618530273,107.92559814453125,825.3569946289062,24.200000762939453,120.0,798.0151977539062,-55.26000213623047,50.0,368.2235107421875,1071.761474609375,1071.761474609375,637.0,50.0,935.823974609375,867.2561645507812,350.0,662.233642578125,1485.43212890625,762.5831298828125,1350.0,867.3045043945312
2015-08-09,1161.0,1161.0,1197.0,13.699999809265137,60.851200103759766,1307.55810546875,11.0,53.64186477661133,775.08544921875,210.0,319.4186706542969,1501.5533447265625,450.0,1297.0,1393.5096435546875,1350.0,1350.0,693.0,15.699999809265137,107.92559814453125,825.24267578125,26.600000381469727,120.0,797.8727416992188,-0.930999755859375,50.0,368.1961364746094,1062.9088134765625,1062.9088134765625,637.0,50.0,934.6799926757812,865.8294067382812,270.0,607.4556884765625,1485.097412109375,952.8504028320312,1350.0,867.0504150390625
2015-08-10,1161.0,1161.0,1197.0,28.799999237060547,60.851200103759766,1307.46728515625,12.699999809265137,53.64186477661133,774.9839477539062,190.0,319.4186706542969,1501.0399169921875,410.0,1297.0,1391.8193359375,1350.0,1350.0,693.0,45.599998474121094,107.92559814453125,825.1654052734375,29.899999618530273,120.0,797.7352294921875,-0.02500152587890625,50.0,368.16900634765625,1070.3948974609375,1070.3948974609375,637.0,50.0,937.6220092773438,864.431396484375,280.0,555.5477905273438,1484.81494140625,867.8919067382812,1350.0,866.7333374023438
2015-08-11,1161.0,1161.0,1197.0,18.100000381469727,60.851200103759766,1307.3460693359375,9.300000190734863,53.64186477661133,774.8740234375,180.0,319.4186706542969,1500.48681640625,450.0,1297.0,1390.2919921875,1350.0,1350.0,693.0,28.0,107.92559814453125,825.0663452148438,26.600000381469727,120.0,797.5927734375,0.8279991149902344,50.0,368.1421813964844,1064.717529296875,1064.717529296875,637.0,50.0,927.3560180664062,862.981201171875,320.0,604.1939697265625,1484.518310546875,850.0423583984375,1350.0,866.4027709960938
2015-08-12,1161.0,1161.0,1197.0,-2.200000047683716,60.851200103759766,1307.16748046875,8.0,53.64186477661133,774.7608642578125,180.0,319.4186706542969,1499.917236328125,460.0,1297.0,1388.7611083984375,1350.0,1350.0,693.0,30.0,107.92559814453125,824.9697265625,25.600000381469727,120.0,797.44873046875,0.23400115966796875,50.0,368.1152038574219,1068.3037109375,1068.3037109375,637.0,50.0,937.5040283203125,861.5142822265625,270.0,564.1324462890625,1484.211181640625,832.1859130859375,1350.0,866.0604248046875
2015-08-13,294.0,294.0,1197.0,15.0,60.851200103759766,1307.0374755859375,5.5,53.64186477661133,774.6414794921875,180.0,319.4186706542969,1499.225830078125,430.0,430.0,1388.7611083984375,1350.0,1350.0,693.0,7.800000190734863,107.92559814453125,824.8456420898438,23.899999618530273,120.0,797.3020629882812,-8.737003326416016,50.0,368.085693359375,1066.542236328125,1066.542236328125,637.0,-50.0,927.29296875,859.89892578125,290.0,594.5581665039062,1483.8985595703125,807.1181030273438,1350.0,865.7111206054688
2015-08-14,294.0,294.0,1197.0,25.299999237060547,60.851200103759766,1306.936767578125,6.099999904632568,53.64186477661133,774.5236206054688,180.0,319.4186706542969,1498.627685546875,430.0,430.0,1388.7611083984375,1350.0,1350.0,693.0,3.799999952316284,107.92559814453125,824.716552734375,28.700000762939453,120.0,797.1627807617188,-38.13099670410156,50.0,368.0478820800781,1067.0142822265625,1067.0142822265625,637.0,-10.0,932.7000122070312,858.3407592773438,340.0,657.8717041015625,1483.5833740234375,867.162109375,1350.0,865.4022216796875
2015-08-15,304.0,304.0,1197.0,20.299999237060547,60.851200103759766,1306.8218994140625,10.600000381469727,53.64186477661133,774.4169311523438,190.0,319.4186706542969,1498.1142578125,440.0,440.0,1388.7611083984375,1350.0,1350.0,693.0,57.099998474121094,107.92559814453125,824.6535034179688,25.899999618530273,120.0,797.0192260742188,-38.724998474121094,50.0,368.00994873046875,1066.70263671875,1066.70263671875,637.0,-40.0,937.1279907226562,856.6098022460938,380.0,680.34326171875,1483.2855224609375,878.0079956054688,1350.0,865.1002197265625
2015-08-16,304.0,304.0,1197.0,21.0,60.851200103759766,1306.708984375,7.0,53.64186477661133,774.30126953125,190.0,319.4186706542969,1497.5010986328125,440.0,440.0,1388.7611083984375,1350.0,1350.0,693.0,17.799999237060547,107.92559814453125,824.5418090820312,21.5,120.0,796.8689575195312,-27.71999740600586,50.0,367.9728698730469,1068.81591796875,1068.81591796875,637.0,-40.0,914.5180053710938,854.9795532226562,380.0,669.7001342773438,1482.9981689453125,883.1383056640625,1350.0,864.7948608398438
2015-08-17,304.0,304.0,1197.0,20.799999237060547,60.851200103759766,1306.595458984375,6.5,53.64186477661133,774.1843872070312,200.0,319.4186706542969,1496.9271240234375,440.0,440.0,1388.7611083984375,1350.0,1350.0,693.0,17.5,107.92559814453125,824.4296875,26.399999618530273,120.0,796.7261352539062,-1.266998291015625,50.0,367.94305419921875,1063.545654296875,1063.545654296875,637.0,-20.0,942.27001953125,853.2444458007812,400.0,683.7836303710938,1482.716796875,1013.6533813476562,1350.0,864.572509765625
2015-08-18,304.0,304.0,1197.0,14.300000190734863,60.851200103759766,1306.463623046875,9.0,53.64186477661133,774.0736694335938,200.0,319.4186706542969,1496.453369140625,440.0,440.0,1388.7611083984375,1350.0,1350.0,693.0,38.29999923706055,107.92559814453125,824.3433837890625,23.799999237060547,120.0,796.579345703125,9.463001251220703,50.0,367.9165954589844,1070.7227783203125,1070.7227783203125,637.0,-10.0,930.7769775390625,851.548095703125,300.0,532.6085815429688,1482.486083984375,871.6815795898438,1350.0,864.2562255859375
2015-08-19,274.0,274.0,1197.0,20.399999618530273,60.851200103759766,1306.3489990234375,7.199999809265137,53.64186477661133,773.9585571289062,170.0,319.4186706542969,1495.8258056640625,410.0,410.0,1388.7611083984375,1350.0,1350.0,693.0,19.799999237060547,107.92559814453125,824.234130859375,28.399999618530273,120.0,796.4395751953125,23.992000579833984,50.0,367.8946838378906,1062.5303955078125,1062.5303955078125,637.0,-40.0,951.2030029296875,849.6698608398438,370.0,636.6661376953125,1482.2215576171875,804.658203125,1350.0,863.89208984375
2015-08-20,304.0,304.0,1197.0,34.900001525878906,60.851200103759766,1306.275390625,6.0,53.64186477661133,773.8404541015625,170.0,319.4186706542969,1495.0848388671875,440.0,440.0,1388.7611083984375,1350.0,1350.0,693.0,19.600000381469727,107.92559814453125,824.1246337890625,13.100000381469727,120.0,796.2764892578125,-24.402000427246094,50.0,367.8577880859375,1071.070556640625,1071.070556640625,637.0,-30.0,949.2659912109375,847.7944946289062,320.0,624.5812377929688,1481.915283203125,827.7703857421875,1350.0,863.534912109375
2015-08-21,274.0,274.0,1197.0,24.399999618530273,60.851200103759766,1306.172119140625,5.5,53.64186477661133,773.7210693359375,180.0,319.4186706542969,1494.514892578125,410.0,410.0,1388.7611083984375,1350.0,1350.0,693.0,13.399999618530273,107.92559814453125,824.0074462890625,23.0,120.0,796.1284790039062,-75.91999816894531,50.0,367.80499267578125,1064.1539306640625,1064.1539306640625,637.0,-10.0,936.3040161132812,846.0159301757812,330.0,640.1337890625,1481.591552734375,886.8461303710938,1350.0,863.2181396484375
2015-08-22,294.0,294.0,1197.0,11.600000381469727,60.851200103759766,1306.0325927734375,9.0,53.64186477661133,773.6104125976562,190.0,319.4186706542969,1494.00146484375,430.0,430.0,1388.7611083984375,1350.0,1350.0,693.0,21.100000381469727,107.92559814453125,823.8998413085938,23.200000762939453,120.0,795.9791870117188,-31.467002868652344,50.0,367.7660217285156,1068.846923828125,1068.846923828125,637.0,-30.0,947.760009765625,844.0781860351562,320.0,610.057373046875,1481.2886962890625,868.54248046875,1350.0,862.892578125
2015-08-23,264.0,264.0,1197.0,27.399999618530273,60.851200103759766,1305.937744140625,7.900000095367432,53.64186477661133,773.4970092773438,190.0,319.4186706542969,1493.360107421875,400.0,400.0,1388.7611083984375,1350.0,1350.0,693.0,42.20000076293945,107.92559814453125,823.818359375,23.799999237060547,120.0,795.8201904296875,51.461997985839844,50.0,367.75274658203125,1064.796142578125,1064.796142578125,637.0,-10.0,957.7160034179688,842.0652465820312,320.0,609.3924560546875,1480.9866943359375,841.947265625,1350.0,862.556640625
2015-08-24,264.0,264.0,1197.0,32.900001525878906,60.851200103759766,1305.858642578125,6.699999809265137,53.64186477661133,773.380615234375,190.0,319.4186706542969,1492.71826171875,400.0,400.0,1388.7611083984375,1350.0,1350.0,693.0,31.399999618530273,107.92559814453125,823.7235107421875,23.399999618530273,120.0,795.6605224609375,-11.231998443603516,50.0,367.7200927734375,1068.985107421875,1068.985107421875,637.0,-50.0,957.14599609375,840.0610961914062,330.0,629.1187744140625,1480.6744384765625,884.6400756835938,1350.0,862.2489624023438
2015-08-25,304.0,304.0,1197.0,18.399999618530273,60.851200103759766,1305.73828125,10.399999618530273,53.64186477661133,773.2733764648438,170.0,319.4186706542969,1491.98193359375,440.0,440.0,1388.7611083984375,1350.0,1350.0,693.0,24.399999618530273,107.92559814453125,823.6199340820312,23.700000762939453,120.0,795.5013427734375,-26.47899627685547,50.0,367.6827392578125,1065.689453125,1065.689453125,637.0,-20.0,949.281005859375,837.9385375976562,310.0,596.7532348632812,1480.375,874.7883911132812,1350.0,861.9325561523438
2015-08-26,274.0,274.0,1197.0,36.79999923706055,60.851200103759766,1305.670166015625,2.5,53.64186477661133,773.1466064453125,170.0,319.4186706542969,1491.38916015625,410.0,410.0,1388.7611083984375,1350.0,1350.0,693.0,23.799999237060547,107.92559814453125,823.5156860351562,25.700000762939453,120.0,795.345458984375,-11.472999572753906,50.0,367.65008544921875,1068.6253662109375,1068.6253662109375,637.0,-40.0,941.135986328125,835.8656616210938,290.0,575.8102416992188,1480.07666015625,799.4283447265625,1350.0,861.5559692382812
2015-08-27,284.0,284.0,1197.0,11.300000190734863,60.851200103759766,1305.52978515625,2.299999952316284,53.64186477661133,773.019287109375,180.0,319.4186706542969,1490.795166015625,420.0,420.0,1388.7611083984375,1350.0,1350.0,693.0,30.700000762939453,107.92559814453125,823.419921875,20.899999618530273,120.0,795.1817016601562,-26.444000244140625,50.0,367.6128234863281,1066.1474609375,1066.1474609375,637.0,0.0,931.823974609375,833.7158203125,300.0,613.7238159179688,1479.7491455078125,762.9959106445312,1350.0,861.1544799804688
2015-08-28,284.0,284.0,1197.0,23.5,60.851200103759766,1305.4239501953125,4.400000095367432,53.64186477661133,772.897216796875,190.0,319.4186706542969,1490.1534423828125,420.0,420.0,1388.7611083984375,1350.0,1350.0,693.0,36.20000076293945,107.92559814453125,823.3309936523438,24.5,120.0,795.0238037109375,21.086000442504883,50.0,367.5903015136719,1067.205810546875,1067.205810546875,637.0,0.0,940.4660034179688,831.5321044921875,290.0,627.8597412109375,1479.396484375,830.9232788085938,1350.0,860.7994384765625
2015-08-29,304.0,304.0,1197.0,38.79999923706055,60.851200103759766,1305.3614501953125,10.5,53.64186477661133,772.7902221679688,200.0,319.4186706542969,1489.561279296875,440.0,440.0,1388.7611083984375,1350.0,1350.0,693.0,51.29999923706055,107.92559814453125,823.2608032226562,33.79999923706055,120.0,794.88134765625,40.43899917602539,50.0,367.5738220214844,1067.899658203125,1067.899658203125,637.0,10.0,923.988037109375,829.08251953125,340.0,661.4337768554688,1479.0609130859375,860.357177734375,1350.0,860.4645385742188
2015-08-30,374.0,374.0,1197.0,29.100000381469727,60.851200103759766,1305.271484375,14.899999618530273,53.64186477661133,772.6942138671875,200.0,200.0,1489.561279296875,510.0,510.0,1388.7611083984375,1350.0,1350.0,693.0,59.29999923706055,107.92559814453125,823.2005004882812,38.29999923706055,120.0,794.7462768554688,-16.824996948242188,50.0,367.53961181640625,1066.707275390625,1066.707275390625,637.0,70.0,917.134033203125,826.982177734375,350.0,654.2318725585938,1478.756103515625,963.13671875,1350.0,860.199951171875
2015-08-31,364.0,364.0,1197.0,23.0,60.851200103759766,1305.1641845703125,14.300000190734863,53.64186477661133,772.5966186523438,190.0,190.0,1489.561279296875,500.0,500.0,1388.7611083984375,1350.0,1350.0,693.0,53.29999923706055,107.92559814453125,823.1328125,39.70000076293945,120.0,794.6135864257812,23.775001525878906,50.0,367.5180358886719,1066.796142578125,1066.796142578125,637.0,30.0,923.6300048828125,824.7665405273438,300.0,559.227294921875,1478.4990234375,884.1138305664062,1350.0,859.88134765625
2015-09-01,394.0,394.0,1197.0,30.100000381469727,59.20933151245117,1305.0816650390625,12.300000190734863,52.64186477661133,772.4966430664062,180.0,180.0,1489.561279296875,490.0,490.0,1388.7611083984375,1350.0,1350.0,693.0,33.400001525878906,106.92559814453125,823.0416870117188,35.599998474121094,211.20933532714844,794.3233032226562,-16.78000259399414,50.0,367.4880065917969,1141.402587890625,1141.402587890625,637.0,0.0,1000.0,822.2872314453125,300.0,571.9874267578125,1478.2293701171875,805.3435668945312,1350.0,859.5087890625
2015-09-02,384.0,384.0,1197.0,42.099998474121094,59.20933151245117,1305.033203125,11.600000381469727,52.64186477661133,772.3948974609375,200.0,200.0,1489.561279296875,480.0,480.0,1388.7611083984375,1350.0,1350.0,693.0,21.200000762939453,106.92559814453125,822.9310913085938,35.70000076293945,211.20933532714844,794.033203125,-6.450000762939453,50.0,367.4612121582031,1149.3463134765625,1149.3463134765625,637.0,10.0,1000.0,819.7940673828125,290.0,596.3201293945312,1477.921630859375,885.1898193359375,1350.0,859.19091796875
2015-09-03,394.0,394.0,1197.0,44.599998474121094,59.20933151245117,1304.9918212890625,8.899999618530273,52.64186477661133,772.2864379882812,220.0,220.0,1489.561279296875,490.0,490.0,1388.7611083984375,1350.0,1350.0,693.0,72.30000305175781,106.92559814453125,822.8853149414062,44.70000076293945,211.20933532714844,793.7579956054688,19.479997634887695,50.0,367.44244384765625,1155.34765625,1155.34765625,637.0,20.0,1000.0,816.8035888671875,330.0,619.2481689453125,1477.61962890625,859.6173706054688,1350.0,858.85546875
2015-09-04,324.0,324.0,1197.0,34.70000076293945,59.20933151245117,1304.92236328125,7.300000190734863,52.64186477661133,772.1740112304688,210.0,210.0,1489.561279296875,420.0,420.0,1388.7611083984375,1350.0,1350.0,693.0,36.79999923706055,106.92559814453125,822.7925415039062,45.20000076293945,211.20933532714844,793.4835815429688,8.957000732421875,50.0,367.42047119140625,1146.1064453125,1146.1064453125,637.0,0.0,1000.0,813.7520751953125,450.0,742.4367065429688,1477.3143310546875,878.6585083007812,1350.0,858.5331420898438
2015-09-05,294.0,294.0,1197.0,21.5,59.20933151245117,1304.8155517578125,5.099999904632568,52.64186477661133,772.05615234375,200.0,200.0,1489.561279296875,390.0,390.0,1388.7611083984375,1350.0,1350.0,693.0,44.0,106.92559814453125,822.7093505859375,44.29999923706055,211.20933532714844,793.2077026367188,-16.635997772216797,50.0,367.39056396484375,1142.0992431640625,1142.0992431640625,637.0,0.0,1000.0,810.7006225585938,400.0,686.4904174804688,1477.0152587890625,1009.0078125,1350.0,858.2998657226562
2015-09-06,264.0,264.0,1197.0,19.200000762939453,59.20933151245117,1304.7021484375,4.599999904632568,52.64186477661133,771.9280395507812,170.0,170.0,1489.561279296875,360.0,360.0,1388.7611083984375,1350.0,1350.0,693.0,49.0,106.92559814453125,822.6327514648438,38.099998474121094,211.20933532714844,792.9215698242188,-17.005996704101562,50.0,367.3605651855469,1130.1002197265625,1130.1002197265625,637.0,0.0,1000.0,806.94384765625,420.0,655.366455078125,1476.7568359375,940.42041015625,1350.0,858.019775390625
2015-09-07,294.0,294.0,1197.0,30.5,59.20933151245117,1304.620849609375,5.0,52.64186477661133,771.7930297851562,190.0,190.0,1489.561279296875,390.0,390.0,1388.7611083984375,1350.0,1350.0,693.0,40.0,106.92559814453125,822.5442504882812,30.399999618530273,211.20933532714844,792.6227416992188,-16.630001068115234,50.0,367.3306884765625,1132.5216064453125,1132.5216064453125,637.0,0.0,1000.0,802.9769287109375,410.0,651.9169311523438,1476.490234375,897.1334228515625,1350.0,857.6996459960938
2015-09-08,314.0,314.0,1197.0,33.79999923706055,59.20933151245117,1304.548828125,4.599999904632568,52.64186477661133,771.6569213867188,180.0,180.0,1489.561279296875,410.0,410.0,1388.7611083984375,1350.0,1350.0,693.0,45.400001525878906,106.92559814453125,822.462890625,30.399999618530273,211.20933532714844,792.3238525390625,-5.900001525878906,50.0,367.30419921875,1132.1513671875,1132.1513671875,637.0,0.0,1000.0,798.762451171875,350.0,610.6107788085938,1476.2030029296875,877.2523803710938,1350.0,857.36474609375
2015-09-09,304.0,304.0,1197.0,33.099998474121094,59.20933151245117,1304.474853515625,2.9000000953674316,52.64186477661133,771.5159301757812,190.0,190.0,1489.561279296875,400.0,400.0,1388.7611083984375,1350.0,1350.0,693.0,38.5,106.92559814453125,822.3724365234375,31.5,211.20933532714844,792.02685546875,19.60700225830078,50.0,367.28558349609375,1136.4534912109375,1136.4534912109375,637.0,0.0,1000.0,793.8037719726562,380.0,655.080078125,1475.9051513671875,932.8384399414062,1350.0,857.0692749023438
2015-09-10,354.0,354.0,1197.0,30.299999237060547,59.20933151245117,1304.3929443359375,3.299999952316284,52.64186477661133,771.3761596679688,190.0,190.0,1489.561279296875,450.0,450.0,1388.7611083984375,1350.0,1350.0,693.0,41.20000076293945,106.92559814453125,822.2855224609375,30.299999237060547,211.20933532714844,791.727783203125,9.083999633789062,50.0,367.2637634277344,1124.0548095703125,1124.0548095703125,637.0,40.0,1000.0,788.724609375,340.0,599.6573486328125,1475.6341552734375,899.3893432617188,1350.0,856.7500610351562
2015-09-11,314.0,314.0,1197.0,30.700000762939453,59.20933151245117,1304.3121337890625,4.400000095367432,52.64186477661133,771.2394409179688,190.0,190.0,1489.561279296875,410.0,410.0,1388.7611083984375,1350.0,1350.0,693.0,42.79999923706055,106.92559814453125,822.2007446289062,26.5,211.20933532714844,791.4224853515625,-5.785999298095703,50.0,367.2373352050781,1133.7135009765625,1133.7135009765625,637.0,30.0,1000.0,782.3114013671875,320.0,586.4189453125,1475.35595703125,893.74951171875,1350.0,856.4268798828125
2015-09-12,314.0,314.0,1197.0,29.700000762939453,59.20933151245117,1304.228515625,5.300000190734863,52.64186477661133,771.1052856445312,190.0,190.0,1489.561279296875,410.0,410.0,1388.7611083984375,1350.0,1350.0,693.0,29.700000762939453,106.92559814453125,822.0986328125,30.799999237060547,211.20933532714844,791.1243286132812,-1.1560020446777344,50.0,367.21234130859375,1121.9552001953125,1121.9552001953125,637.0,30.0,1000.0,773.8472290039062,290.0,561.0706787109375,1475.072998046875,852.1572875976562,1350.0,856.07421875
2015-09-13,254.0,254.0,1197.0,29.0,59.20933151245117,1304.1429443359375,2.4000000953674316,52.64186477661133,770.9629516601562,180.0,180.0,1489.561279296875,350.0,350.0,1388.7611083984375,1350.0,1350.0,693.0,25.299999237060547,106.92559814453125,821.9906616210938,28.700000762939453,211.20933532714844,790.8065185546875,-52.12600326538086,50.0,367.1716003417969,354.2575988769531,354.2575988769531,637.0,60.0,60.0,773.8472290039062,270.0,558.4166259765625,1474.77197265625,842.0137329101562,1350.0,855.71435546875
2015-09-14,314.0,314.0,1197.0,23.399999618530273,59.20933151245117,1304.04150390625,0.800000011920929,52.64186477661133,770.8160400390625,180.0,180.0,1489.561279296875,410.0,410.0,1388.7611083984375,1350.0,1350.0,693.0,38.099998474121094,106.92559814453125,821.899658203125,24.0,211.20933532714844,790.4689331054688,-31.019996643066406,50.0,367.1374206542969,128.01609802246094,128.01609802246094,637.0,30.0,30.0,773.8472290039062,310.0,608.7278442382812,1474.4600830078125,815.0475463867188,1350.0,855.3353881835938
2015-09-15,294.0,294.0,1197.0,16.899999618530273,59.20933151245117,1303.9085693359375,2.0999999046325684,52.64186477661133,770.6728515625,190.0,190.0,1489.561279296875,390.0,390.0,1388.7611083984375,2347.409423828125,2347.409423828125,693.0,38.20000076293945,106.92559814453125,821.8087768554688,28.5,211.20933532714844,790.1394653320312,30.43400001525879,50.0,367.1222839355469,157.70480346679688,157.70480346679688,637.0,40.0,40.0,773.8472290039062,290.0,602.71044921875,1474.1336669921875,894.9210205078125,2347.409423828125,854.3064575195312
2015-09-16,294.0,294.0,1197.0,39.79999923706055,59.20933151245117,1303.8443603515625,8.199999809265137,52.64186477661133,770.546875,160.0,160.0,1489.561279296875,390.0,390.0,1388.7611083984375,2277.931396484375,2277.931396484375,693.0,55.599998474121094,100.0,821.7500610351562,35.099998474121094,211.20933532714844,789.8219604492188,86.96399688720703,50.0,367.12469482421875,131.20504760742188,131.20504760742188,637.0,-10.0,0.0,773.748046875,290.0,420.1349182128906,1473.9976806640625,825.4429931640625,2277.931396484375,853.2507934570312
2015-09-17,504.0,504.0,1197.0,82.0999984741211,59.20933151245117,1303.9200439453125,17.0,52.64186477661133,770.4459228515625,320.0,315.77679443359375,1489.5821533203125,600.0,600.0,1388.7611083984375,2307.847900390625,2307.847900390625,693.0,83.5,605.3775634765625,821.0599975585938,62.70000076293945,211.20933532714844,789.5541381835938,110.93400573730469,50.0,367.134521484375,380.2384033203125,380.2384033203125,637.0,270.0,270.0,773.748046875,360.0,420.1349182128906,1473.931396484375,855.359375,2307.847900390625,852.1837768554688
2015-09-18,384.0,384.0,1197.0,79.19999694824219,59.20933151245117,1303.986083984375,14.699999809265137,52.64186477661133,770.33837890625,220.0,220.0,1489.5821533203125,480.0,480.0,1388.7611083984375,2222.409912109375,2222.409912109375,693.0,70.5999984741211,610.0651245117188,820.2999877929688,83.19999694824219,211.20933532714844,789.3233032226562,5.009998321533203,50.0,367.1115417480469,481.0589294433594,481.0589294433594,637.0,180.0,180.0,773.748046875,340.0,420.1349182128906,1473.8431396484375,769.9214477539062,2222.409912109375,851.1167602539062
2015-09-19,274.0,274.0,1197.0,40.29999923706055,59.20933151245117,1303.923583984375,8.600000381469727,52.64186477661133,770.213623046875,190.0,190.0,1489.5821533203125,370.0,370.0,1388.7611083984375,2216.11083984375,2216.11083984375,693.0,54.79999923706055,591.240234375,819.5399780273438,51.599998474121094,211.20933532714844,789.0355224609375,32.03999710083008,50.0,367.096923828125,228.09774780273438,228.09774780273438,637.0,70.0,70.0,773.748046875,320.0,420.1349182128906,1473.7327880859375,763.6224365234375,2216.11083984375,850.0497436523438
2015-09-20,234.0,234.0,1197.0,30.200000762939453,59.20933151245117,1303.8277587890625,5.400000095367432,52.64186477661133,770.0797729492188,200.0,200.0,1489.5821533203125,330.0,330.0,1388.7611083984375,2129.935302734375,2129.935302734375,693.0,43.5,579.8971557617188,818.780029296875,40.70000076293945,211.20933532714844,788.750732421875,-16.40599822998047,50.0,367.06732177734375,202.8393096923828,202.8393096923828,637.0,-10.0,0.0,773.6488647460938,270.0,420.1349182128906,1473.5672607421875,677.4467163085938,2129.935302734375,848.9435424804688
2015-09-21,294.0,294.0,1197.0,26.299999237060547,59.20933151245117,1303.7188720703125,6.199999809265137,52.64186477661133,769.9481811523438,200.0,200.0,1489.5821533203125,390.0,390.0,1388.7611083984375,2127.7822265625,2127.7822265625,693.0,38.5,574.9402465820312,818.02001953125,36.5,211.20933532714844,788.4619750976562,3.8470001220703125,50.0,367.0440368652344,141.2729949951172,141.2729949951172,637.0,-10.0,0.0,773.5496826171875,280.0,420.1349182128906,1473.412841796875,675.2938232421875,2127.7822265625,847.8355102539062
2015-09-22,324.0,324.0,1197.0,23.100000381469727,59.20933151245117,1303.5994873046875,2.5,52.64186477661133,769.8060913085938,190.0,190.0,1489.5821533203125,420.0,420.0,1388.7611083984375,2128.414794921875,2128.414794921875,693.0,27.100000381469727,563.5402221679688,817.260009765625,33.900001525878906,211.20933532714844,788.1688842773438,-6.5,50.0,367.0175476074219,150.03900146484375,150.03900146484375,637.0,-30.0,0.0,773.252197265625,280.0,420.1349182128906,1473.2584228515625,675.9263916015625,2128.414794921875,846.7274169921875
2015-09-23,204.0,204.0,1197.0,20.200000762939453,59.20933151245117,1303.4705810546875,3.799999952316284,52.64186477661133,769.6676635742188,200.0,200.0,1489.5821533203125,300.0,300.0,1388.7611083984375,2142.349609375,2142.349609375,693.0,34.5,578.0054321289062,816.489990234375,34.79999923706055,211.20933532714844,787.8661499023438,-10.970001220703125,50.0,366.9889831542969,160.77200317382812,160.77200317382812,637.0,-40.0,0.0,772.85546875,290.0,420.1349182128906,1473.1151123046875,689.8612060546875,2142.349609375,845.6041259765625
2015-09-24,294.0,294.0,1197.0,20.0,59.20933151245117,1303.3409423828125,5.400000095367432,52.64186477661133,769.5338134765625,190.0,190.0,1489.5821533203125,390.0,390.0,1388.7611083984375,2104.3310546875,2104.3310546875,693.0,40.29999923706055,576.2078857421875,815.7100219726562,34.29999923706055,211.20933532714844,787.547119140625,18.683998107910156,50.0,366.9690856933594,122.24800109863281,122.24800109863281,637.0,-10.0,0.0,772.75634765625,280.0,420.1349182128906,1472.960693359375,651.842529296875,2104.3310546875,844.4517822265625
2015-09-25,224.0,224.0,1197.0,17.600000381469727,59.20933151245117,1303.203369140625,4.199999809265137,52.64186477661133,769.3965454101562,190.0,190.0,1489.5821533203125,320.0,320.0,1388.7611083984375,2078.148193359375,2078.148193359375,693.0,40.79999923706055,578.2464599609375,814.8900146484375,34.20000076293945,211.20933532714844,787.2279663085938,-31.76300048828125,50.0,366.93255615234375,127.00599670410156,127.00599670410156,637.0,-30.0,0.0,772.4588012695312,290.0,420.1349182128906,1472.8172607421875,625.6597900390625,2078.148193359375,843.2993774414062
2015-09-26,234.0,234.0,1197.0,17.0,59.20933151245117,1303.0638427734375,4.699999809265137,52.64186477661133,769.2606811523438,180.0,180.0,1489.5821533203125,330.0,330.0,1388.7611083984375,2090.354736328125,2090.354736328125,693.0,40.5,577.9464721679688,814.0700073242188,37.5,211.20933532714844,786.9147338867188,-31.256000518798828,50.0,366.89617919921875,139.8090057373047,139.8090057373047,637.0,0.0,0.0,772.4588012695312,270.0,420.1349182128906,1472.65185546875,637.8662109375,2090.354736328125,842.14697265625
2015-09-27,294.0,294.0,1197.0,20.799999237060547,59.20933151245117,1302.9459228515625,1.7000000476837158,52.64186477661133,769.1163940429688,190.0,190.0,1489.5821533203125,390.0,390.0,1388.7611083984375,2114.11376953125,2114.11376953125,693.0,34.900001525878906,611.6698608398438,813.1900024414062,29.200000762939453,211.20933532714844,786.5865478515625,-9.979999542236328,50.0,366.86688232421875,143.40699768066406,143.40699768066406,637.0,-30.0,0.0,772.1612548828125,260.0,420.1349182128906,1472.475341796875,661.625244140625,2114.11376953125,840.9526977539062
2015-09-28,214.0,214.0,1197.0,35.099998474121094,59.20933151245117,1302.8775634765625,0.8999999761581421,52.64186477661133,768.9697265625,170.0,170.0,1489.5821533203125,310.0,310.0,1388.7611083984375,2105.491943359375,2105.491943359375,693.0,38.0,549.7396240234375,812.3599853515625,31.399999618530273,211.20933532714844,786.2623291015625,50.374000549316406,50.0,366.8575744628906,140.1840057373047,140.1840057373047,637.0,-20.0,0.0,771.9629516601562,290.0,420.1349182128906,1472.3319091796875,653.0034790039062,2105.491943359375,839.7523193359375
2015-09-29,244.0,244.0,1197.0,27.5,59.20933151245117,1302.7877197265625,3.299999952316284,52.64186477661133,768.8299560546875,180.0,180.0,1489.5821533203125,340.0,340.0,1388.7611083984375,2099.977783203125,2099.977783203125,693.0,32.70000076293945,552.9911499023438,811.5,29.399999618530273,211.20933532714844,785.9345092773438,34.427001953125,50.0,366.8429870605469,151.58999633789062,151.58999633789062,637.0,-50.0,0.0,771.467041015625,270.0,420.1349182128906,1472.16650390625,647.4892578125,2099.977783203125,838.5518798828125
2015-09-30,164.0,164.0,1197.0,6.0,59.20933151245117,1302.636962890625,3.0,52.64186477661133,768.6892700195312,180.0,180.0,1489.5821533203125,260.0,260.0,1388.7611083984375,2051.493896484375,2051.493896484375,693.0,28.899999618530273,567.35888671875,810.6099853515625,29.200000762939453,211.20933532714844,785.6063232421875,-32.119998931884766,50.0,366.806396484375,125.3949966430664,125.3949966430664,637.0,0.0,0.0,771.467041015625,270.0,420.1349182128906,1472.0010986328125,599.0054321289062,2051.493896484375,837.3515014648438
2015-10-01,290.0,290.0,1197.0,4.599999904632568,50.0,1302.50830078125,1.2000000476837158,50.0,768.551025390625,190.0,190.0,1489.5821533203125,290.0,290.0,1388.7611083984375,2155.34912109375,2155.34912109375,693.0,30.899999618530273,569.35888671875,809.719970703125,26.600000381469727,627.9469604492188,784.52197265625,-2.596999168395996,50.0,366.7847900390625,119.80699920654297,392.06439208984375,636.5499877929688,0.0,0.0,771.467041015625,280.0,400.0,1471.875732421875,702.8605346679688,2155.34912109375,836.1141967773438
2015-10-02,330.0,330.0,1197.0,2.0999999046325684,50.0,1302.3726806640625,1.399999976158142,50.0,768.4132690429688,170.0,170.0,1489.5821533203125,330.0,330.0,1388.7611083984375,2143.822509765625,2143.822509765625,693.0,18.700000762939453,563.1778564453125,808.8200073242188,20.799999237060547,622.14697265625,783.4376831054688,-65.21800231933594,50.0,366.7424621582031,100.28500366210938,372.5423889160156,636.0999755859375,0.0,0.0,771.467041015625,260.0,400.0,1471.7296142578125,691.3339233398438,2143.822509765625,834.861572265625
2015-10-03,360.0,360.0,1197.0,11.399999618530273,50.0,1302.2633056640625,3.0,50.0,768.2800903320312,190.0,190.0,1489.5821533203125,360.0,360.0,1388.7611083984375,2082.42724609375,2082.42724609375,693.0,27.5,601.2542114257812,807.8599853515625,26.0,627.346923828125,782.3533325195312,-30.481000900268555,50.0,366.7116394042969,110.22100067138672,382.44146728515625,635.6500244140625,0.0,0.0,771.467041015625,260.0,400.0,1471.58349609375,629.9388427734375,2082.42724609375,833.6090087890625
2015-10-04,340.0,340.0,1197.0,26.299999237060547,50.0,1302.196044921875,1.2000000476837158,50.0,768.141845703125,200.0,200.0,1489.5821533203125,340.0,340.0,1388.7611083984375,2128.200927734375,2128.200927734375,693.0,68.5,562.0872802734375,806.969970703125,27.100000381469727,628.4469604492188,781.1959228515625,3.6299991607666016,50.0,366.6921081542969,133.80499267578125,406.0623779296875,635.2000122070312,0.0,0.0,771.467041015625,250.0,400.0,1471.4268798828125,675.7123413085938,2128.200927734375,832.3271484375
2015-10-05,290.0,290.0,1197.0,6.900000095367432,50.0,1302.073974609375,0.699999988079071,50.0,768.0021362304688,200.0,200.0,1489.5821533203125,290.0,290.0,1388.7611083984375,2069.591064453125,2069.591064453125,693.0,42.79999923706055,580.7296142578125,806.0,19.5,620.846923828125,780.0938110351562,7.218999862670898,50.0,366.6737976074219,114.90599822998047,385.6617126464844,634.72998046875,0.0,0.0,771.467041015625,280.0,400.0,1471.3016357421875,617.1026611328125,2069.591064453125,831.0176391601562
2015-10-06,290.0,290.0,1197.0,16.600000381469727,50.0,1301.9793701171875,1.399999976158142,50.0,767.8644409179688,180.0,180.0,1489.5821533203125,290.0,290.0,1388.7611083984375,2069.998291015625,2069.998291015625,693.0,33.79999923706055,566.212158203125,805.0399780273438,21.200000762939453,622.5469360351562,779.0094604492188,-21.411998748779297,50.0,366.64599609375,235.0399932861328,506.7804260253906,634.239990234375,0.0,0.0,771.467041015625,250.0,400.0,1471.14501953125,617.5098876953125,2069.998291015625,829.7080688476562
2015-10-07,210.0,210.0,1197.0,15.899999618530273,50.0,1301.8826904296875,1.899999976158142,50.0,767.7281494140625,190.0,190.0,1489.5821533203125,210.0,210.0,1388.7611083984375,2103.18896484375,2103.18896484375,693.0,19.399999618530273,557.32958984375,804.0700073242188,21.200000762939453,622.5469360351562,777.8176879882812,13.366999626159668,50.0,366.62969970703125,184.60000610351562,456.832763671875,633.77001953125,0.0,0.0,771.467041015625,260.0,400.0,1470.998779296875,650.7003784179688,2103.18896484375,828.3985595703125
2015-10-08,340.0,340.0,1197.0,1.7000000476837158,50.0,1301.745849609375,-1.5,50.0,767.5822143554688,170.0,170.0,1489.5821533203125,340.0,340.0,1388.7611083984375,2025.2987060546875,2025.2987060546875,693.0,23.5,561.4449462890625,803.010009765625,24.899999618530273,626.2469482421875,776.6248779296875,-8.764999389648438,50.0,366.6061096191406,182.89999389648438,455.1573791503906,633.3200073242188,0.0,0.0,771.467041015625,280.0,400.0,1470.8665771484375,572.8102416992188,2025.2987060546875,827.045654296875
2015-10-09,360.0,360.0,1197.0,20.0,858.949951171875,1299.225830078125,0.800000011920929,50.0,767.4428100585938,170.0,170.0,1489.5821533203125,360.0,360.0,1388.7611083984375,2119.863037109375,2119.863037109375,693.0,51.5,588.9588012695312,802.0399780273438,28.200000762939453,629.5469360351562,775.43212890625,37.194000244140625,50.0,366.5976867675781,204.61399841308594,475.86822509765625,632.8599853515625,0.0,0.0,771.467041015625,230.0,400.0,1470.67919921875,667.37451171875,2119.863037109375,825.6737670898438
2015-10-10,390.0,390.0,1197.0,7.5,628.675048828125,1297.2099609375,2.0999999046325684,50.0,767.3070678710938,200.0,200.0,1489.5821533203125,390.0,390.0,1388.7611083984375,2072.235595703125,2072.235595703125,693.0,70.19999694824219,606.6309814453125,800.97998046875,26.200000762939453,627.5469360351562,774.2393798828125,54.78300094604492,50.0,366.5951232910156,220.06500244140625,491.805419921875,632.3699951171875,0.0,0.0,771.467041015625,250.0,400.0,1470.513916015625,619.7470092773438,2072.235595703125,824.3018798828125
2015-10-11,440.0,440.0,1197.0,18.399999618530273,539.6758422851562,1295.56005859375,4.400000095367432,50.0,767.1778564453125,210.0,210.0,1489.5821533203125,440.0,440.0,1388.7611083984375,2146.841064453125,2146.841064453125,693.0,59.29999923706055,598.7620239257812,799.9099731445312,32.400001525878906,633.7469482421875,772.9407348632812,-18.159000396728516,50.0,366.56842041015625,221.0709991455078,492.8114318847656,631.8800048828125,0.0,0.0,771.467041015625,280.0,400.0,1470.3817138671875,694.3526000976562,2146.841064453125,822.9264526367188
2015-10-12,410.0,410.0,1197.0,18.799999237060547,543.1407470703125,1293.9200439453125,4.099999904632568,50.0,767.0477905273438,210.0,210.0,1489.5821533203125,410.0,410.0,1388.7611083984375,2120.09912109375,2120.09912109375,693.0,44.099998474121094,578.5154418945312,798.8499755859375,33.20000076293945,634.5469360351562,771.6154174804688,-18.301000595092773,50.0,366.54168701171875,218.48500061035156,490.22540283203125,631.3900146484375,0.0,0.0,771.467041015625,250.0,400.0,1470.2164306640625,667.610595703125,2120.09912109375,821.4859619140625
2015-10-13,370.0,370.0,1197.0,-4.300000190734863,519.0560302734375,1292.18994140625,4.199999809265137,50.0,766.9043579101562,250.0,250.0,1489.5821533203125,370.0,370.0,1388.7611083984375,2113.09765625,2113.09765625,693.0,46.20000076293945,583.6249389648438,797.760009765625,26.799999237060547,628.14697265625,770.2901611328125,-17.9429988861084,50.0,366.51507568359375,92.85600280761719,364.5964050292969,630.9000244140625,0.0,0.0,771.467041015625,240.0,400.0,1470.0401611328125,660.6093139648438,2113.09765625,820.0455322265625
2015-10-14,360.0,360.0,1197.0,8.600000381469727,529.894287109375,1290.3599853515625,3.9000000953674316,50.0,766.7520141601562,140.0,140.0,1489.5821533203125,360.0,360.0,1388.7611083984375,2088.720458984375,2088.720458984375,693.0,69.19999694824219,609.16357421875,796.5700073242188,14.800000190734863,616.14697265625,768.96044921875,0.5260000228881836,50.0,366.4945983886719,76.2699966430664,348.04425048828125,630.4099731445312,0.0,0.0,771.467041015625,230.0,400.0,1469.852783203125,636.2320556640625,2088.720458984375,818.6050415039062
2015-10-15,230.0,230.0,1197.0,-7.0,516.3375244140625,1288.5699462890625,1.2000000476837158,201.44192504882812,766.0900268554688,170.0,170.0,1489.5821533203125,230.0,230.0,1388.7611083984375,2085.240478515625,2085.240478515625,693.0,69.30000305175781,604.7216796875,795.3900146484375,16.200000762939453,617.5469360351562,767.5285034179688,33.430999755859375,50.0,366.4849853515625,78.31218719482422,350.0526123046875,629.9199829101562,50.0,50.0,771.467041015625,230.0,400.0,1469.6654052734375,632.7520141601562,2085.240478515625,817.1205444335938
2015-10-16,380.0,380.0,1197.0,4.699999809265137,525.975830078125,1286.6800537109375,3.4000000953674316,239.25888061523438,765.3400268554688,180.0,180.0,1489.5821533203125,380.0,380.0,1388.7611083984375,2088.3525390625,2088.3525390625,693.0,42.20000076293945,582.1636352539062,794.2000122070312,18.899999618530273,620.2469482421875,766.1035766601562,-19.141000747680664,50.0,366.4580078125,102.50056457519531,374.2409973144531,629.4299926757812,50.0,50.0,771.467041015625,240.0,400.0,1469.4891357421875,635.864013671875,2088.3525390625,815.604248046875
2015-10-17,340.0,340.0,1197.0,22.700000762939453,547.0407104492188,1284.780029296875,3.799999952316284,241.35952758789062,764.5700073242188,230.0,230.0,1489.5821533203125,340.0,340.0,1388.7611083984375,2127.62451171875,2127.62451171875,693.0,78.30000305175781,613.7216796875,793.02001953125,22.899999618530273,624.2469482421875,764.6126708984375,-49.23500061035156,50.0,366.4211120605469,133.99856567382812,405.7389831542969,628.9400024414062,50.0,50.0,771.467041015625,270.0,400.0,1469.345947265625,675.135986328125,2127.62451171875,814.0879516601562
2015-10-18,360.0,360.0,1197.0,6.900000095367432,530.237548828125,1282.8599853515625,5.900000095367432,242.8721160888672,763.780029296875,200.0,200.0,1489.5821533203125,360.0,360.0,1388.7611083984375,2115.760498046875,2115.760498046875,693.0,106.4000015258789,643.8495483398438,791.6900024414062,16.899999618530273,618.2469482421875,763.1217041015625,25.1510009765625,50.0,366.4087829589844,134.82167053222656,406.56207275390625,628.4500122070312,50.0,50.0,771.467041015625,280.0,400.0,1469.213623046875,663.2720336914062,2115.760498046875,812.5478515625
2015-10-19,380.0,380.0,1197.0,-14.0,509.3375549316406,1280.8199462890625,10.300000190734863,247.7037811279297,762.969970703125,190.0,190.0,1489.5821533203125,380.0,380.0,1388.7611083984375,2146.3525390625,2146.3525390625,693.0,100.19999694824219,636.6401977539062,790.3599853515625,20.700000762939453,622.0469360351562,761.6307373046875,21.167999267578125,50.0,366.3951416015625,138.8848114013672,410.6252136230469,627.9600219726562,50.0,50.0,771.467041015625,280.0,400.0,1469.0814208984375,693.864013671875,2146.3525390625,810.9500732421875
2015-10-20,390.0,390.0,1197.0,12.399999618530273,532.6726684570312,1278.9200439453125,9.0,244.57957458496094,762.1400146484375,220.0,220.0,1489.5821533203125,390.0,390.0,1388.7611083984375,2027.3525390625,2027.3525390625,693.0,103.5,639.9155883789062,789.030029296875,24.100000381469727,625.4469604492188,760.1398315429688,-34.46799850463867,50.0,366.3631286621094,112.77863311767578,384.55291748046875,627.469970703125,50.0,50.0,771.467041015625,270.0,400.0,1468.9345703125,574.864013671875,2027.3525390625,809.3671875
2015-10-21,320.0,320.0,1197.0,15.199999809265137,539.5407104492188,1276.6400146484375,8.800000190734863,246.73251342773438,761.280029296875,190.0,190.0,1489.5821533203125,320.0,320.0,1388.7611083984375,2097.488525390625,2097.488525390625,693.0,87.0,625.9573364257812,787.6500244140625,29.100000381469727,630.4469604492188,758.5238647460938,-11.892999649047852,50.0,366.3385925292969,99.28189849853516,370.01300048828125,626.97998046875,50.0,50.0,771.467041015625,260.0,400.0,1468.771240234375,645.0,2097.488525390625,807.7462768554688
2015-10-22,360.0,360.0,1197.0,12.300000190734863,534.1297607421875,1274.5699462890625,6.199999809265137,243.30105590820312,760.4000244140625,180.0,180.0,1489.5821533203125,360.0,360.0,1388.7611083984375,2089.216552734375,2089.216552734375,693.0,55.5,591.9402465820312,786.1300048828125,29.0,630.346923828125,756.907958984375,-53.827999114990234,837.2440795898438,366.0400085449219,106.19145965576172,378.4303894042969,626.4400024414062,50.0,50.0,771.467041015625,260.0,400.0,1468.60791015625,636.72802734375,2089.216552734375,806.095458984375
2015-10-23,360.0,360.0,1197.0,1.399999976158142,525.7099609375,1272.2900390625,4.099999904632568,241.15304565429688,759.489990234375,180.0,180.0,1489.5821533203125,360.0,360.0,1388.7611083984375,2069.488525390625,2069.488525390625,693.0,30.700000762939453,597.8936767578125,784.6099853515625,26.100000381469727,627.4469604492188,755.3336791992188,-1.508000373840332,788.2791137695312,365.75,89.64189910888672,356.864990234375,625.9099731445312,50.0,50.0,771.467041015625,250.0,400.0,1468.432861328125,617.0,2069.488525390625,804.4007568359375
2015-10-24,350.0,350.0,1197.0,-16.0,505.8174133300781,1270.02001953125,10.5,247.53680419921875,758.5399780273438,190.0,190.0,1489.5821533203125,350.0,350.0,1388.7611083984375,2069.488525390625,2069.488525390625,693.0,26.799999237060547,535.9978637695312,783.0800170898438,25.100000381469727,626.4469604492188,753.6297607421875,2.944000244140625,808.1069946289062,365.45001220703125,94.57002258300781,341.60675048828125,625.4199829101562,50.0,50.0,771.467041015625,250.0,400.0,1468.2578125,617.0,2069.488525390625,802.7061157226562
2015-10-25,440.0,440.0,1197.0,6.400000095367432,528.2051391601562,1267.550048828125,14.800000190734863,249.70384216308594,757.5499877929688,210.0,210.0,1489.5821533203125,440.0,440.0,1388.7611083984375,2170.3525390625,2170.3525390625,693.0,41.20000076293945,576.6339721679688,781.489990234375,44.79999923706055,646.14697265625,751.782958984375,73.43000030517578,906.164794921875,365.1400146484375,115.55570983886719,371.6732482910156,624.9199829101562,80.0,80.0,771.467041015625,300.0,400.0,1468.14111328125,717.864013671875,2170.3525390625,800.9495849609375
2015-10-26,440.0,440.0,1197.0,38.79999923706055,562.6483764648438,1265.0899658203125,3.4000000953674316,241.4567413330078,756.489990234375,230.0,230.0,1489.5821533203125,440.0,440.0,1388.7611083984375,2211.3525390625,2211.3525390625,693.0,38.70000076293945,576.13720703125,779.8800048828125,72.30000305175781,673.64697265625,750.0790405273438,-30.83099937438965,793.1878051757812,364.82000732421875,182.4304962158203,481.893310546875,624.3800048828125,120.0,120.0,771.467041015625,330.0,400.0,1468.0594482421875,758.864013671875,2211.3525390625,799.1990356445312
2015-10-27,440.0,440.0,1197.0,25.100000381469727,547.4097900390625,1262.5,18.700000762939453,255.5765380859375,755.3699951171875,190.0,190.0,1489.5821533203125,440.0,440.0,1388.7611083984375,2100.839599609375,2100.839599609375,693.0,38.29999923706055,576.7588500976562,778.0999755859375,51.599998474121094,652.9469604492188,748.2322387695312,55.89399719238281,877.2508544921875,364.489990234375,177.26414489746094,468.6616516113281,623.8400268554688,110.0,110.0,771.467041015625,260.0,400.0,1467.90185546875,648.3510131835938,2100.839599609375,797.3716430664062
2015-10-28,420.0,420.0,1197.0,30.399999618530273,552.7097778320312,1259.6600341796875,22.0,258.2882080078125,754.1799926757812,230.0,230.0,1489.5821533203125,420.0,420.0,1388.7611083984375,2190.021484375,2190.021484375,693.0,24.200000762939453,559.6124267578125,776.3300170898438,65.69999694824219,667.0469360351562,746.3854370117188,85.447998046875,932.312744140625,364.1499938964844,185.1495361328125,457.4192199707031,623.2999877929688,110.0,110.0,771.467041015625,300.0,400.0,1467.791748046875,737.5330200195312,2190.021484375,795.5176391601562
2015-10-29,530.0,530.0,1197.0,51.79999923706055,574.1343994140625,1256.8199462890625,20.600000381469727,257.5829162597656,752.9000244140625,240.0,240.0,1489.5821533203125,530.0,530.0,1388.7611083984375,2105.590576171875,2105.590576171875,693.0,28.600000381469727,562.5215454101562,774.4600219726562,86.0,687.346923828125,744.5386962890625,13.564000129699707,825.5203857421875,363.79998779296875,203.10850524902344,470.30084228515625,622.77001953125,110.0,110.0,771.467041015625,280.0,400.0,1467.659423828125,653.1019897460938,2105.590576171875,793.5969848632812
2015-10-30,960.0,960.0,1197.0,89.5,613.8284301757812,1253.9599609375,17.100000381469727,228.20779418945312,751.6632080078125,210.0,210.0,1489.5821533203125,960.0,960.0,1388.7611083984375,2350.07958984375,2350.07958984375,693.0,23.700000762939453,481.11260986328125,772.8223876953125,80.5999984741211,681.9469604492188,742.6405029296875,88.8800048828125,900.1836547851562,363.42999267578125,260.0458984375,532.3156127929688,622.22998046875,110.0,110.0,771.467041015625,270.0,400.0,1467.5162353515625,897.5910034179688,2350.07958984375,791.6532592773438
2015-10-31,2310.13525390625,2310.13525390625,1197.0,361.1000061035156,883.4159545898438,1250.8399658203125,48.5,185.5385284423828,750.8133544921875,270.0,270.0,1489.5821533203125,2540.0,2310.13525390625,1389.197265625,2288.761474609375,2288.761474609375,693.0,68.0,410.6083984375,771.5596313476562,157.8000030517578,759.14697265625,740.8192749023438,216.97100830078125,1050.87353515625,363.04998779296875,1184.9849853515625,1457.2239990234375,621.6900024414062,1930.0,1000.0,780.4601440429688,300.0,400.0,1467.406005859375,836.2730102539062,2288.761474609375,789.6668090820312
2015-11-01,1200.0,1200.0,1197.0,689.9000244140625,1135.9287109375,1248.224365234375,120.5999984741211,141.65902709960938,750.6763916015625,580.0,300.0,1490.9705810546875,3720.0,1200.0,1393.8321533203125,2637.62548828125,2637.62548828125,693.0,245.5,340.4056091308594,771.2051391601562,390.20001220703125,991.5469360351562,738.8554077148438,217.64500427246094,1031.653564453125,362.6499938964844,1725.0054931640625,1997.244384765625,621.1500244140625,4660.0,50.0,804.5636596679688,500.0,400.0,1467.5162353515625,1185.1370849609375,2637.62548828125,787.5789184570312
2015-11-02,1200.0,1200.0,1197.0,424.3999938964844,971.2218627929688,1244.6090087890625,100.19999694824219,106.13935089111328,750.6377563476562,400.0,300.0,1491.3731689453125,1820.0,1200.0,1394.870849609375,2598.3525390625,2598.3525390625,693.0,269.6000061035156,276.93707275390625,771.177734375,370.1000061035156,971.4469604492188,737.0100708007812,97.75,962.2861328125,362.2200012207031,860.0,1130.7464599609375,620.5700073242188,1930.0,50.0,811.5550537109375,480.0,400.0,1467.6043701171875,1145.864013671875,2598.3525390625,785.439697265625
2015-11-03,1200.0,1200.0,1197.0,177.5,752.089599609375,1240.81005859375,53.900001525878906,78.75956726074219,750.47607421875,300.0,300.0,1491.3731689453125,1290.0,1200.0,1395.021484375,2441.07861328125,2441.07861328125,693.0,200.0,208.39138793945312,771.1463623046875,207.8000030517578,809.14697265625,734.85546875,44.75299835205078,867.0505981445312,361.7900085449219,725.216796875,998.9973754882812,619.969970703125,1100.0,336.21942138671875,813.8856811523438,420.0,400.0,1467.62646484375,988.5900268554688,2441.07861328125,783.2235717773438
2015-11-04,1200.0,1200.0,1197.0,119.0,642.3375244140625,1237.3499755859375,35.099998474121094,58.23971176147461,750.3256225585938,250.0,300.0,1491.1748046875,940.0,1200.0,1394.5899658203125,2340.62548828125,2340.62548828125,693.0,150.0,156.49424743652344,771.1221313476562,164.89999389648438,766.2469482421875,732.700927734375,37.45100021362305,869.9910278320312,361.3299865722656,808.0216064453125,1080.260498046875,619.4299926757812,720.0,457.7610778808594,814.6859130859375,360.0,400.0,1467.5823974609375,888.136962890625,2340.62548828125,781.0074462890625
2015-11-05,1200.0,1200.0,1197.0,89.80000305175781,612.6082763671875,1233.56005859375,24.0,50.0,750.1565551757812,230.0,300.0,1490.8714599609375,730.0,1200.0,1393.7960205078125,2331.3515625,2331.3515625,693.0,71.30000305175781,125.89617156982422,770.9164428710938,135.0,736.346923828125,730.45556640625,28.542999267578125,858.125244140625,360.8599853515625,814.6605224609375,1085.896240234375,618.8800048828125,530.0,568.7642211914062,814.567626953125,300.0,400.0,1467.47216796875,878.863037109375,2331.3515625,778.6072387695312
2015-11-06,1200.0,1200.0,1197.0,75.0,597.3344116210938,1229.43994140625,17.200000762939453,50.0,749.9398803710938,220.0,300.0,1490.4747314453125,700.0,1200.0,1392.8839111328125,2183.215576171875,2183.215576171875,693.0,52.70000076293945,144.9307861328125,770.5646362304688,110.9000015258789,712.2469482421875,728.029296875,19.329999923706055,849.0239868164062,360.3599853515625,837.7586059570312,1109.99755859375,618.280029296875,430.0,587.7611083984375,814.0862426757812,290.0,400.0,1467.3509521484375,730.7269897460938,2183.215576171875,776.1343383789062
2015-11-07,1200.0,1200.0,1197.0,90.9000015258789,613.2159423828125,1225.3199462890625,23.0,50.0,749.75390625,220.0,300.0,1490.0780029296875,610.0,1200.0,1391.73974609375,2236.94140625,2236.94140625,693.0,64.69999694824219,100.0,770.4299926757812,103.9000015258789,705.2469482421875,725.2525634765625,81.91500091552734,927.35205078125,359.8299865722656,820.3526611328125,1093.61328125,617.7100219726562,0.0,566.2474365234375,812.3583374023438,300.0,400.0,1467.24072265625,784.4530029296875,2236.94140625,773.6061401367188
2015-11-08,1200.0,1200.0,1197.0,204.3000030517578,720.5599975585938,1220.8599853515625,62.599998474121094,50.0,749.8406982421875,320.0,300.0,1490.17724609375,1020.0,1200.0,1391.4151611328125,2444.8984375,2444.8984375,693.0,183.0,176.88441467285156,770.453369140625,215.1999969482422,816.5469360351562,722.0044555664062,110.80500030517578,942.2229614257812,359.260009765625,855.9361572265625,1128.2059326171875,617.1699829101562,1290.0,448.92633056640625,814.9248657226562,550.0,400.0,1467.406005859375,992.4099731445312,2444.8984375,770.8858032226562
2015-11-09,1200.0,1200.0,1197.0,272.70001220703125,802.0750122070312,1216.1099853515625,88.69999694824219,65.57108306884766,750.0,330.0,300.0,1490.325927734375,1090.0,1200.0,1391.216796875,2490.676513671875,2490.676513671875,693.0,294.70001220703125,290.6229553222656,770.4688720703125,313.5,914.846923828125,718.0787963867188,77.29100036621094,901.3245849609375,358.6600036621094,878.7512817382812,1150.476318359375,616.5900268554688,1360.0,265.1849365234375,818.2656860351562,530.0,400.0,1467.54931640625,1038.18798828125,2490.676513671875,768.0048217773438
2015-11-10,1200.0,1200.0,1197.0,127.69999694824219,649.4560546875,1211.4200439453125,48.599998474121094,50.0,749.9903564453125,280.0,300.0,1490.226806640625,870.0,1200.0,1390.6217041015625,2333.67138671875,2333.67138671875,693.0,167.39999389648438,164.68194580078125,770.479248046875,183.0,784.346923828125,713.7290649414062,89.76899719238281,953.26806640625,358.0,793.9706420898438,1061.6953125,616.0,780.0,339.36029052734375,819.6102905273438,380.0,400.0,1467.5272216796875,881.1829833984375,2333.67138671875,764.9154052734375
2015-11-11,1200.0,1200.0,1197.0,82.5,596.8865356445312,1206.239990234375,34.0,50.0,749.8801879882812,280.0,300.0,1490.127685546875,840.0,1200.0,1389.97265625,2276.215576171875,2276.215576171875,693.0,119.30000305175781,117.48797607421875,770.4862060546875,143.10000610351562,744.4469604492188,708.9434204101562,96.447998046875,925.2548217773438,357.2699890136719,798.3975830078125,1070.636474609375,615.4000244140625,810.0,437.486083984375,820.60693359375,340.0,400.0,1467.461181640625,823.7269897460938,2276.215576171875,761.6786499023438
2015-11-12,810.0,810.0,1197.0,53.79999923706055,577.92138671875,1200.550048828125,27.600000381469727,50.0,749.7258911132812,260.0,300.0,1489.9293212890625,810.0,810.0,1389.97265625,2327.3525390625,2327.3525390625,693.0,112.0,110.79198455810547,770.4907836914062,150.1999969482422,751.5469360351562,702.8719482421875,104.8280029296875,931.0775756835938,356.4700012207031,861.816650390625,1134.083251953125,614.7999877929688,680.0,361.557373046875,821.396484375,330.0,400.0,1467.384033203125,874.864013671875,2327.3525390625,758.077392578125
2015-11-13,1200.0,1200.0,1197.0,94.4000015258789,619.3984985351562,1194.3699951171875,22.399999618530273,50.0,749.5358276367188,270.0,270.0,1489.9293212890625,1220.0,1200.0,1390.0086669921875,2269.215576171875,2269.215576171875,693.0,88.5999984741211,100.0,770.4473266601562,132.10000610351562,733.4469604492188,694.0888671875,81.2969970703125,915.8333129882812,355.54998779296875,842.0774536132812,1114.31640625,614.2000122070312,1490.0,303.5210876464844,824.338134765625,300.0,400.0,1467.2738037109375,816.7269897460938,2269.215576171875,754.258544921875
2015-11-14,1200.0,1200.0,1197.0,126.0,540.330078125,1189.1126708984375,30.399999618530273,50.0,749.4008178710938,260.0,260.0,1489.9293212890625,1270.0,1200.0,1390.1348876953125,2238.62548828125,2238.62548828125,693.0,83.5999984741211,100.0,770.384765625,119.69999694824219,721.0469360351562,680.0,102.84700012207031,700.0662231445312,354.7928466796875,840.0116577148438,1112.2781982421875,613.5999755859375,1280.0,270.2333984375,826.8417358398438,310.0,400.0,1467.1746826171875,786.136962890625,2238.62548828125,750.0
2015-11-15,1200.0,1200.0,1197.0,93.9000015258789,745.851806640625,1180.0,71.9000015258789,50.0,749.5516357421875,280.0,280.0,1489.9293212890625,1090.0,1200.0,1389.9365234375,1350.0,1350.0,693.0,159.1999969482422,128.9839630126953,770.5,153.6999969482422,153.6999969482422,680.0,158.9119873046875,514.7017211914062,354.268798828125,834.080322265625,1106.3192138671875,613.0,1000.0,247.22305297851562,828.7081298828125,360.0,400.0,1467.1304931640625,938.5900268554688,1350.0,748.6399536132812
2015-11-16,1030.0,1030.0,1197.0,309.6000061035156,309.6000061035156,1180.0,95.9000015258789,50.0,749.8677978515625,290.0,290.0,1489.9293212890625,1030.0,1030.0,1389.9365234375,1350.0,1350.0,693.0,256.70001220703125,256.70001220703125,770.5,252.3000030517578,252.3000030517578,680.0,123.30000305175781,416.65093994140625,353.7985534667969,988.3085327148438,988.3085327148438,613.0,1090.0,538.4869995117188,830.1006469726562,350.0,400.0,1467.075439453125,959.8629760742188,1350.0,747.3502807617188
2015-11-17,1200.0,1200.0,1197.0,1213.199951171875,1000.0,1183.1070556640625,113.5999984741211,94.4000015258789,750.0,610.0,300.0,1491.3731689453125,3990.0,1200.0,1394.9700927734375,1350.0,1350.0,693.0,539.7999877929688,539.7999877929688,770.5,459.1000061035156,459.1000061035156,680.0,144.99400329589844,378.5162353515625,353.3742370605469,1795.8182373046875,1795.8182373046875,613.0,5400.0,50.0,842.0799560546875,520.0,400.0,1467.2076416015625,1122.7330322265625,1350.0,746.5989379882812
2015-11-18,1200.0,1200.0,1197.0,2175.699951171875,1031.0701904296875,1197.8643798828125,232.3000030517578,232.3000030517578,750.0,1160.0,300.0,1495.23095703125,5790.0,1200.0,1402.9710693359375,1350.0,1350.0,693.0,1294.699951171875,1294.699951171875,770.5,1086.800048828125,524.0,693.4524536132812,221.44400024414062,325.68603515625,353.18414306640625,2993.822509765625,2993.822509765625,613.0,6930.0,50.0,855.181884765625,1010.0,400.0,1467.8798828125,2151.36083984375,1350.0,749.2481079101562
2015-11-19,1200.0,1200.0,1197.0,2056.699951171875,1178.643798828125,1207.486083984375,326.6000061035156,326.6000061035156,750.0,2590.0,300.0,1505.069091796875,6040.0,1200.0,1410.806884765625,2700.0,2700.0,693.0,2334.699951171875,1500.0,773.5844116210938,1935.0999755859375,2000.0,692.3583374023438,303.04998779296875,265.4126892089844,353.2510681152344,4800.06884765625,4800.06884765625,613.0,8100.0,50.0,868.4501342773438,2070.0,400.0,1469.775634765625,4552.4658203125,2700.0,754.7473754882812
2015-11-20,1200.0,1200.0,1197.0,1536.9000244140625,1274.86083984375,1210.127197265625,351.5,351.5,750.0,1660.0,300.0,1510.6640625,4120.0,1200.0,1415.27685546875,5400.0,5400.0,693.0,2657.0,1573.5361328125,777.3327026367188,1853.0999755859375,2000.0,689.7660522460938,220.76100158691406,208.7965087890625,353.271484375,3007.804443359375,3007.804443359375,613.0,4420.0,50.0,875.037841796875,1600.0,1165.7703857421875,1470.254150390625,4465.11083984375,5400.0,752.0983276367188
2015-11-21,1200.0,1200.0,1197.0,607.2000122070312,1200.3778076171875,1204.0108642578125,194.10000610351562,194.10000610351562,750.0,1000.0,300.0,1513.44091796875,2450.0,1200.0,1417.18408203125,4526.662109375,4526.662109375,693.0,759.9000244140625,1164.72412109375,775.9940185546875,830.9000244140625,1181.9000244140625,680.0,145.56100463867188,169.6474609375,353.22662353515625,1610.478759765625,1610.478759765625,613.0,2460.0,50.0,878.4522094726562,910.0,3543.73583984375,1467.29638671875,3836.5380859375,4526.662109375,750.0
2015-11-22,1200.0,1200.0,1197.0,287.5,850.085205078125,1197.679443359375,126.80000305175781,126.80000305175781,750.0,750.0,300.0,1515.22607421875,1790.0,1200.0,1418.0782470703125,4883.8779296875,4883.8779296875,693.0,443.79998779296875,909.28271484375,774.343505859375,485.0,485.0,680.0,96.2509994506836,149.91897583007812,353.128173828125,1099.8956298828125,1099.8956298828125,613.0,1670.0,50.0,880.6975708007812,680.0,2804.282958984375,1464.9000244140625,4883.8779296875,4883.8779296875,750.0
2015-11-23,1200.0,1200.0,1197.0,183.3000030517578,600.7567749023438,1192.61474609375,114.80000305175781,114.80000305175781,750.0,590.0,300.0,1516.313720703125,1560.0,1200.0,1418.5882568359375,3949.18310546875,3949.18310546875,693.0,347.1000061035156,730.0885009765625,772.9736938476562,357.0,357.0,680.0,92.04199981689453,123.97246551513672,353.069091796875,1006.1884765625,1006.1884765625,613.0,1320.0,290.0,882.126220703125,570.0,2449.547119140625,1462.760009765625,3949.18310546875,3949.18310546875,750.0
2015-11-24,1200.0,1200.0,1197.0,149.5,426.67120361328125,1189.0550537109375,165.8000030517578,165.8000030517578,750.0,630.0,300.0,1517.485595703125,1460.0,1200.0,1418.9566650390625,3350.5546875,3350.5546875,693.0,398.3999938964844,576.3590087890625,772.3224487304688,357.79998779296875,357.79998779296875,680.0,111.15299987792969,102.01223754882812,353.0844421386719,1136.0943603515625,1136.0943603515625,613.0,1420.0,250.0,883.721435546875,620.0,2428.433349609375,1460.6500244140625,3350.5546875,3350.5546875,750.0
2015-11-25,1200.0,1200.0,1197.0,102.0999984741211,316.6141357421875,1186.178466796875,173.60000610351562,173.60000610351562,750.0,540.0,300.0,1518.4376220703125,1210.0,1200.0,1418.9708251953125,3436.0966796875,3436.0966796875,693.0,371.70001220703125,453.27264404296875,772.02392578125,360.0,360.0,680.0,72.76100158691406,86.70638275146484,353.0579833984375,1038.68505859375,1038.68505859375,613.0,1120.0,380.0,884.718505859375,540.0,2317.1689453125,1458.550048828125,3436.0966796875,3436.0966796875,750.0
2015-11-26,1200.0,1200.0,1197.0,78.5,248.47608947753906,1183.8182373046875,117.80000305175781,117.80000305175781,750.0,520.0,300.0,1519.3104248046875,1090.0,1200.0,1418.81494140625,2996.99169921875,2996.99169921875,693.0,268.8999938964844,362.7151184082031,771.6740112304688,281.20001220703125,281.20001220703125,680.0,58.76300048828125,72.60205841064453,353.0317077636719,1231.91796875,1231.91796875,613.0,800.0,83.4840087890625,885.6659545898438,480.0,2224.495361328125,1456.449951171875,2996.99169921875,2996.99169921875,750.0
2015-11-27,1200.0,1200.0,1197.0,96.5,212.65072631835938,1182.15478515625,88.9000015258789,88.9000015258789,750.0,470.0,300.0,1519.9847412109375,1000.0,1200.0,1418.5316162109375,2865.541748046875,2865.541748046875,693.0,207.10000610351562,292.5767517089844,771.354736328125,232.0,232.0,680.0,56.76300048828125,63.19933319091797,353.01885986328125,980.3171997070312,980.3171997070312,613.0,650.0,316.0260009765625,886.100830078125,430.0,2190.546142578125,1454.3299560546875,2865.541748046875,2865.541748046875,750.0
2015-11-28,1200.0,1200.0,1197.0,112.19999694824219,186.7338104248047,1181.070068359375,73.30000305175781,73.30000305175781,750.0,480.0,300.0,1520.5823974609375,880.0,1200.0,1418.0782470703125,2839.8515625,2839.8515625,693.0,181.60000610351562,240.08448791503906,771.13623046875,197.5,197.5,680.0,45.06100082397461,54.81132888793945,353.0,1110.544189453125,1110.544189453125,613.0,560.0,344.4730224609375,886.3680419921875,410.0,2014.6546630859375,1452.3795166015625,2839.8515625,2839.8515625,750.0
2015-11-29,1200.0,1200.0,1197.0,141.0,177.55587768554688,1180.5299072265625,59.900001525878906,59.900001525878906,750.0,420.0,300.0,1520.97900390625,920.0,1200.0,1417.6571044921875,2394.19189453125,2394.19189453125,693.0,152.3000030517578,205.6563262939453,770.9356079101562,168.89999389648438,168.89999389648438,680.0,45.05799865722656,50.0,352.9876708984375,1082.5347900390625,1082.5347900390625,613.0,500.0,383.75,886.5121459960938,380.0,1572.2393798828125,1450.92529296875,2394.19189453125,2394.19189453125,750.0
2015-11-30,1200.0,1200.0,1197.0,134.89999389648438,170.7034149169922,1180.0,51.599998474121094,51.599998474121094,750.0,450.0,300.0,1521.56982421875,840.0,1200.0,1417.1077880859375,1994.7386474609375,1994.7386474609375,693.0,135.10000610351562,211.13755798339844,770.6455688476562,149.6999969482422,149.6999969482422,680.0,43.15500259399414,50.0,352.9711608886719,1100.41015625,1100.41015625,613.0,450.0,402.64202880859375,886.5708618164062,400.0,1248.1595458984375,1449.8653564453125,1994.7386474609375,1994.7386474609375,750.0
2015-12-01,1200.0,1200.0,1197.0,159.1999969482422,159.1999969482422,1180.0,51.099998474121094,51.099998474121094,750.0,420.0,300.0,1522.0458984375,1220.0,1200.0,1417.1383056640625,1693.571044921875,1693.571044921875,693.0,136.8000030517578,174.96676635742188,770.5,163.6999969482422,163.6999969482422,680.0,80.67000579833984,76.3033676147461,352.9800720214844,1090.5098876953125,1090.5098876953125,613.0,490.0,436.5670166015625,886.6370849609375,410.0,1078.7730712890625,1448.982177734375,1693.571044921875,1693.571044921875,750.0
2015-12-02,1200.0,1200.0,1197.0,255.1999969482422,255.1999969482422,1180.0,65.0,65.0,750.0,590.0,300.0,1523.16357421875,1140.0,1200.0,1417.0467529296875,1865.4010009765625,1865.4010009765625,693.0,222.10000610351562,222.10000610351562,770.5,242.0,242.0,680.0,187.0780029296875,184.05902099609375,352.9859924316406,1156.9124755859375,1156.9124755859375,613.0,1080.0,275.87799072265625,887.6762084960938,600.0,1005.8486938476562,1448.4791259765625,1865.4010009765625,1865.4010009765625,750.0
2015-12-03,1200.0,1200.0,1197.0,321.6000061035156,321.6000061035156,1180.0,133.1999969482422,133.1999969482422,750.0,600.0,300.0,1524.1864013671875,1220.0,1200.0,1417.0772705078125,1734.28955078125,1734.28955078125,693.0,398.5,398.5,770.5,354.8999938964844,354.8999938964844,680.0,253.4910125732422,251.37030029296875,352.9899597167969,1122.9744873046875,1122.9744873046875,613.0,1030.0,196.55499267578125,888.7782592773438,740.0,920.5657958984375,1448.2552490234375,1734.28955078125,1734.28955078125,750.0
2015-12-04,1200.0,1200.0,1197.0,373.70001220703125,373.70001220703125,1180.0,245.39999389648438,245.39999389648438,750.0,730.0,300.0,1525.7435302734375,1540.0,1200.0,1417.5960693359375,2016.4500732421875,2016.4500732421875,693.0,560.7999877929688,560.7999877929688,770.5,510.3999938964844,510.3999938964844,680.0,292.7919921875,291.27001953125,352.9925842285156,1805.486083984375,1805.486083984375,613.0,2080.0,50.0,891.3292236328125,860.0,900.377197265625,1448.2052001953125,2016.4500732421875,2016.4500732421875,750.0
2015-12-05,1200.0,1200.0,1197.0,442.1000061035156,442.1000061035156,1180.0,242.8000030517578,242.8000030517578,750.0,710.0,300.0,1527.2655029296875,1380.0,1200.0,1417.87060546875,1678.762451171875,1678.762451171875,693.0,599.2999877929688,599.2999877929688,770.5,593.7999877929688,593.7999877929688,680.0,300.7879943847656,299.66510009765625,352.9943542480469,1854.185302734375,1854.185302734375,613.0,1650.0,50.0,893.3338012695312,750.0,915.5460815429688,1448.0,1678.762451171875,1678.762451171875,750.0
2015-12-06,1200.0,1200.0,1197.0,1213.0999755859375,1000.0,1183.1055908203125,316.20001220703125,316.20001220703125,750.0,620.0,300.0,1528.3880615234375,1680.0,1200.0,1418.5599365234375,1738.32275390625,1738.32275390625,693.0,871.2000122070312,871.2000122070312,770.5,667.0999755859375,667.0999755859375,680.0,522.0900268554688,521.233154296875,352.9955139160156,1814.4310302734375,1814.4310302734375,613.0,3350.0,50.0,897.3016967773438,860.0,860.0,1448.0,1738.32275390625,1738.32275390625,750.0
2015-12-07,1200.0,1200.0,1197.0,3329.39990234375,1031.055908203125,1210.2606201171875,685.0999755859375,500.0,751.1917724609375,2810.0,1798.6573486328125,1532.0,11460.0,1200.0,1432.8228759765625,3476.6455078125,3476.6455078125,693.0,2142.5,1500.0,772.891845703125,1307.4000244140625,524.0,696.990966796875,1072.6429443359375,700.0,353.6706848144531,5098.8388671875,5098.8388671875,613.0,11220.0,50.0,909.8253784179688,3910.0,1000.0,1451.669921875,4148.8740234375,3476.6455078125,752.047607421875
2015-12-08,1200.0,1200.0,1197.0,3615.39990234375,1302.6058349609375,1230.19873046875,1029.0999755859375,738.3582763671875,752.9151611328125,2860.0,2860.0,1532.0,10130.0,1200.0,1443.9666748046875,6767.0869140625,6767.0869140625,693.0,2948.800048828125,1841.692138671875,776.7755126953125,1839.0999755859375,2000.0,694.4356079101562,1447.0439453125,951.5050659179688,354.4603576660156,5054.7509765625,5054.7509765625,613.0,9580.0,50.0,919.5353393554688,4110.0,1588.26953125,1454.7335205078125,6094.8583984375,6767.0869140625,750.0
2015-12-09,4120.6435546875,4120.6435546875,1197.0,2327.10009765625,1505.96044921875,1236.3421630859375,1047.5,1083.0338134765625,752.7102661132812,2990.0,2990.0,1532.0,9290.0,4120.6435546875,1450.0,6916.6982421875,6916.6982421875,693.0,2801.300048828125,2396.499267578125,778.1137084960938,1896.9000244140625,2000.0,692.7260131835938,1712.22802734375,1247.634521484375,355.1164855957031,11108.1328125,11108.1328125,613.0,8670.0,6083.98828125,922.0,4430.0,2079.348388671875,1457.5506591796875,6916.6982421875,6916.6982421875,750.0
2015-12-10,4628.611328125,4628.611328125,1197.0,2064.89990234375,1690.2664794921875,1239.0384521484375,1144.4000244140625,1042.056884765625,753.2823486328125,2620.0,2620.0,1532.0,7620.0,4628.611328125,1453.4073486328125,7619.2822265625,7619.2822265625,693.0,3200.39990234375,2587.66845703125,780.1193237304688,1859.9000244140625,2000.0,690.2822875976562,2030.52099609375,1493.6776123046875,355.7615661621094,12016.7822265625,12016.7822265625,613.0,6680.0,6680.0,922.0,5520.0,2530.915283203125,1461.0970458984375,7619.2822265625,7619.2822265625,750.0
2015-12-11,3865.74072265625,3865.74072265625,1197.0,1801.800048828125,1771.1517333984375,1239.240966796875,1188.5999755859375,1156.4658203125,753.4564819335938,2070.0,2070.0,1532.0,5860.0,3865.74072265625,1455.6405029296875,7440.92919921875,7440.92919921875,693.0,2828.60009765625,2874.1923828125,779.988525390625,1256.300048828125,1593.8682861328125,681.82861328125,2074.001953125,1735.5880126953125,356.14215087890625,9224.6962890625,9224.6962890625,613.0,5480.0,5480.0,922.0,3580.0,3099.371337890625,1461.65771484375,7440.92919921875,7440.92919921875,750.0
2015-12-12,4550.49365234375,4550.49365234375,1197.0,2322.699951171875,1777.2308349609375,1242.847412109375,1671.9000244140625,1191.294921875,755.8981323242188,2310.0,2310.0,1532.0,5880.0,4550.49365234375,1457.0699462890625,8026.0029296875,8026.0029296875,693.0,3982.199951171875,2855.502685546875,783.3255615234375,2724.0,2000.0,696.7150268554688,2313.467041015625,1878.3062744140625,356.5845947265625,13239.5537109375,13239.5537109375,613.0,7960.0,7960.0,922.0,3500.0,3189.259765625,1462.020263671875,8026.0029296875,8026.0029296875,750.0
2015-12-13,5000.0,5000.0,1197.0,2884.10009765625,1885.4229736328125,1249.337646484375,2429.800048828125,1679.62646484375,759.1465454101562,3280.0,3000.0,1533.09228515625,7220.0,5000.0,1459.5162353515625,9817.2197265625,9817.2197265625,693.0,6070.0,3332.220947265625,790.69775390625,4355.0,2000.0,718.8612060546875,3156.783935546875,2044.225830078125,357.6188659667969,15694.9384765625,15694.9384765625,613.0,9210.0,8218.3076171875,922.9835205078125,5980.0,3247.375244140625,1465.1497802734375,13364.693359375,9817.2197265625,759.67041015625
2015-12-14,4553.66259765625,4553.66259765625,1197.0,1591.5999755859375,2080.130859375,1246.2203369140625,1444.699951171875,1708.057373046875,758.0703735351562,2040.0,1698.40283203125,1534.265869140625,4700.0,4553.66259765625,1459.677490234375,10633.16015625,10633.16015625,693.0,3295.199951171875,4385.390625,787.9940185546875,2513.39990234375,2000.0,722.1546630859375,3209.02685546875,2354.716064453125,358.3204345703125,7651.53369140625,7651.53369140625,613.0,5160.0,2500.2119140625,925.4739379882812,2810.0,3749.00927734375,1464.106689453125,9039.3076171875,10633.16015625,755.5936889648438
2015-12-15,3052.441650390625,3052.441650390625,1197.0,997.7000122070312,1986.6090087890625,1239.6820068359375,951.4000244140625,1726.0382080078125,754.4739990234375,1450.0,2071.59716796875,1532.0,3150.0,3052.441650390625,1459.7850341796875,5316.580078125,5316.580078125,693.0,2256.0,3999.148193359375,783.0547485351562,1674.0999755859375,2000.0,720.1234741210938,2432.51904296875,2530.106689453125,358.245361328125,5834.68603515625,5834.68603515625,613.0,3470.0,3007.189208984375,925.8911743164062,1900.0,3581.81591796875,1462.1507568359375,7598.20849609375,5316.580078125,761.3756103515625
2015-12-16,2614.961181640625,2614.961181640625,1197.0,900.9000244140625,1790.4617919921875,1233.46728515625,897.2999877929688,1394.805908203125,751.7119140625,1300.0,1300.0,1532.0,2680.0,2614.961181640625,1459.856689453125,2658.2900390625,2658.2900390625,693.0,2395.300048828125,3293.539306640625,780.3667602539062,1964.300048828125,468.831787109375,728.0,1766.051025390625,2511.340087890625,357.6268310546875,6133.083984375,6133.083984375,613.0,2850.0,3092.13134765625,925.6728515625,1390.0,3268.284423828125,1459.959228515625,6376.8369140625,2658.2900390625,769.3760986328125
2015-12-17,4670.19482421875,4670.19482421875,1197.0,2770.5,1604.019775390625,1241.512939453125,1762.0,842.3832397460938,756.5189208984375,3500.0,2285.4931640625,1536.514892578125,7300.0,4670.19482421875,1462.6622314453125,1350.0,1350.0,693.0,6296.89990234375,2909.53271484375,789.8442993164062,4847.7998046875,2000.0,738.3850708007812,3036.787109375,2089.788330078125,358.3980407714844,10466.4970703125,10466.4970703125,613.0,12340.0,3047.691650390625,934.0484008789062,5620.0,2917.00244140625,1463.113037109375,11839.97265625,1350.0,786.9161987304688
2015-12-18,3995.96875,3995.96875,1197.0,4804.39990234375,1845.3878173828125,1259.3074951171875,2421.5,1131.328125,761.6881103515625,5230.0,1482.4615478515625,1549.570068359375,15520.0,3995.96875,1474.557861328125,1350.0,1350.0,693.0,8995.7001953125,2451.2109375,803.8562622070312,6442.10009765625,3315.51220703125,748.1014404296875,5253.369140625,2466.907470703125,360.3211975097656,16103.076171875,14513.900390625,616.5023193359375,16080.0,4692.6591796875,943.6240844726562,8790.0,3016.875,1469.635009765625,16098.4873046875,1350.0,805.8446044921875
2015-12-19,6365.40869140625,6365.40869140625,1197.0,2462.0,2379.224365234375,1259.7178955078125,1469.199951171875,2100.552978515625,759.314453125,3150.0,3382.804931640625,1548.7606201171875,8000.0,6365.40869140625,1476.178955078125,1350.0,1350.0,693.0,4567.89990234375,4570.892578125,803.850341796875,3431.699951171875,3899.49169921875,746.6331176757812,5239.06982421875,3030.298095703125,361.5940856933594,12369.236328125,13958.4130859375,613.0,7030.0,6702.0458984375,943.8951416015625,4580.0,4467.9560546875,1469.7584228515625,11621.7724609375,1350.0,817.0050659179688
2015-12-20,6596.99169921875,6596.99169921875,1197.0,1515.9000244140625,2391.5380859375,1254.8759765625,1109.5999755859375,1914.9354248046875,755.8388061523438,2070.0,3350.4248046875,1544.4010009765625,5460.0,6596.99169921875,1475.0513916015625,2030.741455078125,2030.741455078125,693.0,2907.800048828125,5000.0,799.800537109375,2267.699951171875,3881.459228515625,741.6318969726562,3360.6728515625,3289.11474609375,361.63287353515625,10396.53515625,10396.53515625,613.0,4650.0,5844.875,942.9075927734375,3070.0,4487.7470703125,1468.14892578125,10142.962890625,2030.741455078125,825.0
2015-12-21,6435.90673828125,6435.90673828125,1197.0,1548.800048828125,2246.27783203125,1250.8897705078125,1217.800048828125,1667.7664794921875,753.5562744140625,2340.0,3176.041748046875,1541.4705810546875,5450.0,6435.90673828125,1474.0736083984375,4400.0,4400.0,693.0,3509.0,5000.0,796.714599609375,2598.39990234375,3820.040771484375,737.8654174804688,2697.8720703125,3294.93017578125,361.3032531738281,10484.921875,10484.921875,613.0,5730.0,6556.1943359375,942.2247924804688,4150.0,4229.7470703125,1468.0557861328125,10673.095703125,4400.0,830.7920532226562
2015-12-22,6296.22705078125,6296.22705078125,1197.0,1810.800048828125,2126.694580078125,1249.1009521484375,1543.699951171875,1211.249755859375,755.2689208984375,2340.0,2829.327392578125,1539.8236083984375,5160.0,6296.22705078125,1472.896728515625,4400.0,4400.0,693.0,4674.5,5000.0,795.9972534179688,3518.60009765625,3159.619873046875,738.9017944335938,2801.949951171875,3245.4892578125,361.0582580566406,11790.0849609375,11790.0849609375,613.0,6140.0,6417.19482421875,941.9957275390625,4470.0,4214.83251953125,1468.353515625,11149.0458984375,4400.0,836.708251953125
2015-12-23,6128.107421875,6128.107421875,1197.0,1294.5,2073.0283203125,1243.9873046875,1525.300048828125,1553.7860107421875,755.1307983398438,1960.0,2319.551513671875,1538.4976806640625,4160.0,6128.107421875,1470.9420166015625,6732.11962890625,6732.11962890625,693.0,3691.0,5000.0,793.1124267578125,2971.5,3191.228271484375,738.2791748046875,3076.949951171875,3208.73876953125,360.9836730957031,10213.7978515625,10213.7978515625,613.0,4680.0,5874.875,941.0082397460938,3220.0,4262.5546875,1467.18505859375,10853.4833984375,6732.11962890625,840.1265258789062
2015-12-24,5848.8583984375,5848.8583984375,1197.0,925.9000244140625,1919.618896484375,1237.417236328125,1272.699951171875,1307.5894775390625,754.9594116210938,1550.0,1936.36767578125,1537.0645751953125,3180.0,5848.8583984375,1468.1558837890625,8197.080078125,8197.080078125,693.0,2645.5,4556.07275390625,788.3895263671875,2087.60009765625,2484.018798828125,737.0152587890625,2971.60400390625,3195.916748046875,360.8481750488281,8625.0634765625,8625.0634765625,613.0,3510.0,4760.0,939.9751586914062,2260.0,4075.257080078125,1465.1368408203125,9306.46484375,8197.080078125,841.0433959960938
2015-12-25,5450.84326171875,5450.84326171875,1197.0,607.9000244140625,1722.5177001953125,1229.0478515625,976.9000244140625,1082.29296875,754.4192504882812,1300.0,1640.9117431640625,1535.9122314453125,2600.0,5450.84326171875,1465.1898193359375,8590.0146484375,8590.0146484375,693.0,1942.4000244140625,3462.8818359375,784.1596069335938,1459.199951171875,1971.9124755859375,735.1843872070312,2540.0390625,3162.043701171875,360.4736633300781,7301.49169921875,7301.49169921875,613.0,2700.0,4760.0,938.2410888671875,1650.0,3746.936767578125,1462.7490234375,7892.39990234375,8590.0146484375,840.466796875
2015-12-26,5027.115234375,5027.115234375,1197.0,333.1000061035156,1490.4788818359375,1219.395751953125,750.7999877929688,934.2286376953125,753.44921875,1170.0,1417.2745361328125,1534.9312744140625,2260.0,5027.115234375,1462.2911376953125,8342.92578125,8342.92578125,693.0,1489.5,2751.8544921875,780.4170532226562,1069.5999755859375,1642.0750732421875,733.1134643554688,2012.4429931640625,3068.41650390625,359.8160705566406,7399.58837890625,7399.58837890625,613.0,2130.0,4760.0,936.0164794921875,1270.0,3364.19091796875,1460.3056640625,6829.89892578125,8342.92578125,839.2163696289062
2015-12-27,5000.0,5000.0,1197.0,131.6999969482422,1330.0419921875,1208.1881103515625,631.7000122070312,851.619140625,752.2099609375,1050.0,1218.1829833984375,1534.2640380859375,1750.0,5000.0,1458.7816162109375,7807.02490234375,7807.02490234375,693.0,1276.5,2289.936279296875,777.1363525390625,947.7000122070312,1416.5833740234375,731.4534301757812,1759.7149658203125,2904.014892578125,359.03277587890625,6698.20849609375,6698.20849609375,613.0,2020.0,4760.0,933.6378173828125,1070.0,2972.529541015625,1458.02880859375,6134.10302734375,7807.02490234375,837.8338012695312
2015-12-28,1411.4334716796875,1411.4334716796875,1197.0,113.5,982.0613403320312,1198.7724609375,638.0999755859375,791.37939453125,751.2845458984375,970.0,1068.7886962890625,1533.8935546875,1780.0,1411.4334716796875,1459.187744140625,7214.490234375,7214.490234375,693.0,1329.800048828125,1947.3575439453125,775.0249633789062,982.4000244140625,1222.3555908203125,730.5015258789062,1842.4849853515625,2708.191162109375,358.3754577636719,6816.70654296875,6816.70654296875,613.0,1690.0,4669.12939453125,930.9973754882812,1040.0,2607.555419921875,1456.1480712890625,5446.541015625,7214.490234375,836.3453979492188
2015-12-29,1404.2889404296875,1404.2889404296875,1197.0,216.89999389648438,753.1075439453125,1192.3009033203125,686.4000244140625,716.3196411132812,751.1013793945312,820.0,932.5258178710938,1533.521484375,1650.0,1404.2889404296875,1459.45849609375,6576.609375,6576.609375,693.0,1366.0999755859375,1653.038330078125,774.0137939453125,965.5999755859375,1041.603759765625,730.2000122070312,1853.7178955078125,2543.865966796875,357.8252258300781,5517.724609375,5517.724609375,613.0,1230.0,4131.6064453125,928.38134765625,1120.0,2306.082275390625,1454.740234375,4596.76513671875,6576.609375,834.6380615234375
2015-12-30,1566.192626953125,1566.192626953125,1197.0,286.1000061035156,592.905029296875,1188.3333740234375,670.9000244140625,634.479736328125,751.3243408203125,770.0,828.3505249023438,1533.32861328125,1730.0,1566.192626953125,1459.6390380859375,5806.9580078125,5806.9580078125,693.0,1262.199951171875,1397.59228515625,773.527587890625,833.9000244140625,885.9691162109375,729.9934692382812,1606.427001953125,2406.310302734375,357.121337890625,5134.65625,5134.65625,613.0,980.0,3273.698974609375,926.2807006835938,1060.0,2080.412109375,1453.4752197265625,4035.099365234375,5806.9580078125,833.1100463867188
2015-12-31,1200.0,1200.0,1197.0,295.20001220703125,483.1366882324219,1185.7933349609375,566.2000122070312,556.5198364257812,751.3836059570312,660.0,300.0,1534.6224365234375,1580.0,1200.0,1460.0546875,1200.0,1200.0,693.0,1064.4000244140625,1176.8614501953125,773.1234741210938,680.0999755859375,756.6127319335938,729.68994140625,1226.009033203125,2138.0888671875,356.211181640625,1515.1700439453125,1515.1700439453125,613.0,900.0,50.0,927.0797119140625,980.0,400.0,1454.1942138671875,3224.412109375,1200.0,834.8558349609375
2016-01-01,4218.5869140625,4218.5869140625,1197.0,272.5,401.1578063964844,1184.00732421875,470.79998779296875,489.5132141113281,751.26904296875,620.0,855.5670166015625,1533.739990234375,1344.0,4218.5869140625,1456.8958740234375,5923.1162109375,5923.1162109375,693.0,886.7000122070312,992.4076538085938,772.7388916015625,574.7000122070312,656.141845703125,729.3668823242188,1052.587890625,1724.8551025390625,355.4400634765625,3027.01318359375,3027.01318359375,613.0,1090.0,2645.79931640625,925.631591796875,900.0,1992.8970947265625,1452.848876953125,2483.5595703125,5923.1162109375,831.8391723632812
2016-01-02,1200.0,1200.0,1197.0,263.6000061035156,346.93853759765625,1182.8170166015625,400.6000061035156,440.2421569824219,751.0263671875,610.0,760.3779907226562,1533.2427978515625,1140.0,1200.0,1456.833251953125,4400.0,4400.0,693.0,735.4000244140625,876.4384765625,772.2227783203125,497.8999938964844,589.89453125,729.001953125,926.2699584960938,1443.269287109375,354.7771301269531,3579.695068359375,3579.695068359375,613.0,740.0,1997.199462890625,924.4742431640625,830.0,1777.2401123046875,1451.7276611328125,3057.388916015625,4400.0,830.6287231445312
2016-01-03,1200.0,1200.0,1197.0,237.1999969482422,320.59234619140625,1181.61279296875,355.5,412.9947814941406,750.6541137695312,600.0,693.5853271484375,1532.920166015625,1120.0,1200.0,1456.749755859375,4400.0,4400.0,693.0,623.5,866.2256469726562,771.3207397460938,455.20001220703125,557.7630615234375,728.5773315429688,899.0379638671875,1246.14892578125,354.26641845703125,2342.1357421875,2342.1357421875,613.0,700.0,1581.46630859375,923.6416625976562,810.0,1597.516357421875,1450.7513427734375,3287.045654296875,4400.0,829.6253051757812
2016-01-04,1200.0,1200.0,1197.0,238.5,311.2948913574219,1180.54443359375,341.70001220703125,399.8965148925781,750.275634765625,570.0,642.3901977539062,1532.633056640625,1170.0,1200.0,1456.718505859375,4275.9033203125,4275.9033203125,693.0,644.5,861.4429321289062,770.5,457.3999938964844,548.2086791992188,728.2012939453125,880.7369995117188,1120.9600830078125,353.8924865722656,2746.55322265625,2746.55322265625,613.0,700.0,1314.3109130859375,923.0614624023438,780.0,1441.027587890625,1449.9273681640625,2640.69775390625,4275.9033203125,828.1510009765625
2016-01-05,1200.0,1200.0,1197.0,267.8999938964844,301.8299255371094,1180.042236328125,358.5,379.3310241699219,750.1401977539062,560.0,604.9268188476562,1532.454833984375,1210.0,1200.0,1456.7288818359375,3630.504638671875,3630.504638671875,693.0,845.7999877929688,845.7999877929688,770.5,493.5,532.339111328125,728.0404663085938,852.468994140625,991.8861694335938,353.6391906738281,2005.2957763671875,2005.2957763671875,613.0,750.0,1136.207275390625,922.6815185546875,840.0,1308.946044921875,1449.3072509765625,2595.0810546875,3630.504638671875,827.1802368164062
2016-01-06,1200.0,1200.0,1197.0,292.70001220703125,294.2532958984375,1180.0191650390625,373.70001220703125,351.85400390625,750.2822265625,540.0,576.6178588867188,1532.3095703125,1260.0,1200.0,1456.79150390625,3196.742431640625,3196.742431640625,693.0,1032.800048828125,1032.800048828125,770.5,529.0999755859375,507.6260986328125,728.12939453125,871.0790405273438,846.8374633789062,353.6823425292969,2452.922119140625,2452.922119140625,613.0,780.0,1024.13818359375,922.4393920898438,940.0,1209.548583984375,1448.9539794921875,2587.756591796875,3196.742431640625,826.6050415039062
2016-01-07,1200.0,1200.0,1197.0,282.8999938964844,284.1982421875,1180.0,338.20001220703125,323.5026550292969,750.3778076171875,530.0,554.4119262695312,1532.212646484375,1290.0,1200.0,1456.885498046875,2910.518798828125,2910.518798828125,693.0,867.0999755859375,867.0999755859375,770.5,500.6000061035156,489.98406982421875,728.17333984375,734.18798828125,759.5868530273438,353.6355895996094,1707.07470703125,1707.07470703125,613.0,780.0,926.0921020507812,922.2944946289062,930.0,1148.234619140625,1448.683349609375,2339.70751953125,2910.518798828125,826.06591796875
2016-01-08,1200.0,1200.0,1197.0,279.1000061035156,279.1000061035156,1180.0,296.8999938964844,296.96844482421875,750.3773803710938,520.0,542.9412841796875,1532.1217041015625,1250.0,1200.0,1456.9376220703125,2665.388916015625,2665.388916015625,693.0,711.5999755859375,711.5999755859375,770.5,458.20001220703125,478.5893859863281,728.0889282226562,557.1619873046875,741.6048583984375,353.30078125,2030.4632568359375,2030.4632568359375,613.0,800.0,860.7280883789062,922.2343139648438,860.0,1055.48974609375,1448.4410400390625,2329.2177734375,2665.388916015625,825.7484130859375
2016-01-09,1200.0,1200.0,1197.0,278.20001220703125,278.20001220703125,1180.0,266.79998779296875,275.1456298828125,750.3231201171875,510.0,535.294189453125,1532.0213623046875,1220.0,1200.0,1456.95849609375,2498.072265625,2498.072265625,693.0,695.5999755859375,695.5999755859375,770.5,454.70001220703125,470.5595703125,728.0232543945312,585.5,663.0548706054688,353.15960693359375,1624.4063720703125,1624.4063720703125,613.0,730.0,827.1520385742188,922.137939453125,860.0,980.3264770507812,1448.2918701171875,2338.072021484375,2498.072265625,825.5972900390625
2016-01-10,1200.0,1200.0,1197.0,279.70001220703125,279.70001220703125,1180.0,243.89999389648438,266.7970886230469,750.1741943359375,520.0,525.3800659179688,1532.0,1160.0,1200.0,1456.916748046875,2429.34814453125,2429.34814453125,693.0,691.5,691.5,770.5,455.79998779296875,461.41082763671875,728.0,706.0549926757812,607.6309814453125,353.3371887207031,1946.2225341796875,1946.2225341796875,613.0,730.0,869.0957641601562,922.0,870.0,1046.78564453125,1448.07275390625,2175.12890625,2429.34814453125,825.357177734375
2016-01-11,1200.0,1200.0,1197.0,304.1000061035156,304.1000061035156,1180.0,231.5,258.28582763671875,750.0,520.0,520.0,1532.0,1240.0,1200.0,1456.95849609375,2541.588134765625,2541.588134765625,693.0,704.7000122070312,704.7000122070312,770.5,454.5,454.5,728.0,506.3550109863281,692.125244140625,353.0,1604.418212890625,1604.418212890625,613.0,760.0,760.0,922.0,830.0,888.6590576171875,1448.0,2163.439208984375,2541.588134765625,825.0
2016-01-12,1200.0,1200.0,1197.0,534.2999877929688,534.2999877929688,1180.0,250.10000610351562,250.10000610351562,750.0,590.0,590.0,1532.0,1790.0,1200.0,1457.6064453125,2291.89990234375,2291.89990234375,693.0,1115.699951171875,1115.699951171875,770.5,554.7000122070312,554.7000122070312,728.0,497.1659851074219,497.1659851074219,352.99920654296875,2720.94970703125,2720.94970703125,613.0,1560.0,1560.0,922.0,1210.0,1000.0,1448.2603759765625,2291.89990234375,2291.89990234375,825.0
2016-01-13,2535.932861328125,2535.932861328125,1197.0,946.4000244140625,946.4000244140625,1180.0,340.3999938964844,340.3999938964844,750.0,880.0,880.0,1532.0,3260.0,2535.932861328125,1458.404296875,2892.066650390625,2892.066650390625,693.0,1840.199951171875,1500.0,771.7811279296875,843.7000122070312,843.7000122070312,728.0,1260.385009765625,700.0,354.0111083984375,4729.52734375,4729.52734375,613.0,3140.0,3140.0,922.0,2110.0,1041.7294921875,1449.6236572265625,2892.066650390625,2892.066650390625,825.0
2016-01-14,2637.28857421875,2637.28857421875,1197.0,921.5,921.5,1180.0,462.1000061035156,462.1000061035156,750.0,1010.0,1010.0,1532.0,3120.0,2637.28857421875,1458.9361572265625,3585.584228515625,3585.584228515625,693.0,2000.5999755859375,1683.0177001953125,772.94775390625,1052.9000244140625,1034.969482421875,728.07421875,1545.8709716796875,1079.1617431640625,354.69610595703125,4962.99072265625,4962.99072265625,613.0,2730.0,2730.0,922.0,2060.0,1260.2548828125,1450.6385498046875,3585.584228515625,3585.584228515625,825.0
2016-01-15,2508.1923828125,2508.1923828125,1197.0,727.7999877929688,727.7999877929688,1180.0,471.8999938964844,471.8999938964844,750.0,940.0,940.0,1532.0,2830.0,2508.1923828125,1459.290771484375,3453.72021484375,3453.72021484375,693.0,1578.0999755859375,1849.681640625,771.9529418945312,957.2999877929688,975.2305908203125,728.0,1522.903076171875,1336.0384521484375,354.9698791503906,3776.145263671875,3776.145263671875,613.0,2060.0,2060.0,922.0,1690.0,1422.9444580078125,1450.9696044921875,3453.72021484375,3453.72021484375,825.0
2016-01-16,3635.461669921875,3635.461669921875,1197.0,1124.699951171875,1000.0,1181.8333740234375,559.2000122070312,500.0,750.385009765625,1270.0,1270.0,1532.0,3850.0,3635.461669921875,1459.5272216796875,4288.96484375,4288.96484375,693.0,2019.199951171875,1707.5645751953125,773.0926513671875,1069.5,1069.5,728.0,1636.7890625,1438.701904296875,355.2129211425781,3673.658447265625,3673.658447265625,613.0,1410.0,1410.0,922.0,3060.0,1476.011474609375,1452.8782958984375,4288.96484375,4288.96484375,825.0
2016-01-17,5000.0,5000.0,1197.0,1810.300048828125,1018.333740234375,1192.5137939453125,1025.5999755859375,576.9977416992188,753.0934448242188,1800.0,1800.0,1532.0,5150.0,5000.0,1459.6925048828125,6326.041015625,6326.041015625,693.0,3769.10009765625,1870.377197265625,779.5753173828125,1715.0999755859375,1715.0999755859375,728.0,2345.76806640625,1529.8480224609375,356.16387939453125,7464.03271484375,7464.03271484375,613.0,4400.0,4400.0,922.0,4830.0,1781.968994140625,1456.5867919921875,6326.041015625,6326.041015625,825.0
2016-01-18,5000.0,5000.0,1197.0,1872.699951171875,1125.1380615234375,1201.3704833984375,1490.5999755859375,1118.694580078125,755.046142578125,2000.0,2000.0,1532.0,5150.0,5000.0,1459.8577880859375,7998.55615234375,7998.55615234375,693.0,4680.2001953125,2796.47607421875,785.2268676757812,2310.5,2000.0,729.2737426757812,3318.466796875,1886.4541015625,357.536376953125,8282.53515625,8282.53515625,613.0,4300.0,4300.0,922.0,5130.0,2376.411376953125,1459.8826904296875,7998.55615234375,7998.55615234375,825.0
2016-01-19,4716.974609375,4716.974609375,1197.0,1693.4000244140625,1213.7049560546875,1206.5361328125,1602.300048828125,1509.2296142578125,755.4974975585938,2060.0,2060.0,1532.0,4760.0,4716.974609375,1459.9051513671875,8307.1376953125,8307.1376953125,693.0,4034.39990234375,3603.84130859375,786.33642578125,2424.60009765625,2000.0,730.9581298828125,3767.681884765625,2334.09765625,358.690673828125,7402.228515625,7402.228515625,613.0,4200.0,4200.0,922.0,4270.0,2904.720458984375,1461.4755859375,8307.1376953125,8307.1376953125,825.0
2016-01-20,5000.0,5000.0,1197.0,1920.300048828125,1265.36181640625,1213.0452880859375,1899.0,1599.499755859375,756.8972778320312,2100.0,2100.0,1532.0,5310.0,5000.0,1460.2337646484375,8514.8828125,8514.8828125,693.0,4671.2001953125,3762.349365234375,788.7977294921875,2943.10009765625,2000.0,734.4160766601562,3984.02783203125,2622.672119140625,359.653076171875,8880.232421875,8880.232421875,613.0,4650.0,4650.0,922.0,4350.0,3160.058837890625,1462.864013671875,9433.7822265625,8514.8828125,825.867919921875
2016-01-21,5000.0,5000.0,1197.0,1314.0999755859375,1330.45263671875,1212.8890380859375,1166.300048828125,1368.3621826171875,755.9700317382812,1820.0,1820.0,1532.0,4770.0,5000.0,1459.9932861328125,4400.0,4400.0,693.0,3004.300048828125,4113.962890625,785.7965087890625,1896.4000244140625,2124.830810546875,733.5931396484375,3391.788818359375,2863.2724609375,360.01214599609375,6754.03759765625,6754.03759765625,613.0,3510.0,3510.0,922.0,3110.0,3382.60498046875,1462.5458984375,8111.14599609375,4400.0,829.3107299804688
2016-01-22,5000.0,5000.0,1197.0,1220.699951171875,1328.89013671875,1211.8509521484375,871.2999877929688,1154.4080810546875,754.5741577148438,1840.0,1840.0,1532.0,4980.0,5000.0,1459.9713134765625,4400.0,4400.0,693.0,2465.60009765625,3685.215576171875,782.3116455078125,1458.0999755859375,1886.5592041015625,732.077880859375,2902.47607421875,2953.0341796875,359.97845458984375,6892.29541015625,6892.29541015625,613.0,3380.0,3380.0,922.0,3290.0,3331.62158203125,1462.497314453125,7974.51318359375,4400.0,832.5333862304688
2016-01-23,5000.0,5000.0,1197.0,1265.199951171875,1318.5089111328125,1211.3350830078125,770.0,991.805419921875,753.4050903320312,1950.0,1950.0,1532.0,4860.0,5000.0,1459.8170166015625,4684.48583984375,4684.48583984375,693.0,2311.89990234375,3187.37451171875,779.6361083984375,1325.9000244140625,1683.9061279296875,730.6732788085938,2417.1240234375,2944.614013671875,359.6169128417969,6363.15283203125,6363.15283203125,613.0,3270.0,3270.0,922.0,3340.0,3323.83740234375,1462.5162353515625,8140.83935546875,4684.48583984375,835.5343627929688
2016-01-24,4374.6494140625,4374.6494140625,1197.0,1185.0999755859375,1313.35107421875,1210.076171875,726.5,853.9036254882812,752.6964111328125,1790.0,1790.0,1532.0,4430.0,4374.6494140625,1459.8780517578125,6229.021484375,6229.021484375,693.0,2209.300048828125,2755.916015625,777.8291015625,1400.699951171875,1473.2041015625,730.3856811523438,1970.427001953125,2854.2294921875,359.01171875,6483.54833984375,6483.54833984375,613.0,3220.0,3220.0,922.0,2990.0,3326.860107421875,1462.1231689453125,7825.7470703125,6229.021484375,836.911376953125
2016-01-25,3773.099609375,3773.099609375,1197.0,938.5,1300.761962890625,1206.396728515625,666.5999755859375,740.26904296875,752.2716064453125,1570.0,1570.0,1532.0,3810.0,3773.099609375,1459.918701171875,6819.15673828125,6819.15673828125,693.0,1898.199951171875,2296.377197265625,776.5128173828125,1278.5999755859375,1295.4027099609375,730.3190307617188,1563.02099609375,2702.93017578125,358.1427307128906,5221.6904296875,5221.6904296875,613.0,2510.0,2510.0,922.0,2370.0,3263.859619140625,1461.0802001953125,7285.2578125,6819.15673828125,837.30029296875
2016-01-26,5000.0,5000.0,1197.0,766.7000122070312,1263.9674072265625,1201.0250244140625,578.0999755859375,692.7460327148438,751.5865478515625,1390.0,1390.0,1532.0,3250.0,5000.0,1457.9903564453125,6985.82861328125,6985.82861328125,693.0,1520.0999755859375,2124.318115234375,774.4071655273438,1051.800048828125,1247.201904296875,729.5438842773438,1151.2669677734375,2485.68505859375,356.98907470703125,3943.93603515625,3943.93603515625,613.0,1410.0,1410.0,922.0,1950.0,3096.6875,1459.7423095703125,6576.353515625,6985.82861328125,836.960205078125
2016-01-27,2632.06640625,2632.06640625,1197.0,910.0,1210.250732421875,1197.5709228515625,513.0,739.1973876953125,750.152099609375,1470.0,1470.0,1532.0,3240.0,2632.06640625,1458.66015625,6840.08544921875,6840.08544921875,693.0,1377.300048828125,2058.167236328125,771.9486694335938,939.7999877929688,1318.395263671875,728.0,1077.508056640625,2195.898681640625,355.82232666015625,4277.59521484375,4277.59521484375,613.0,1990.0,1990.0,922.0,1820.0,2882.230712890625,1458.471923828125,6133.89208984375,6840.08544921875,836.3511962890625
2016-01-28,5000.0,5000.0,1197.0,1578.0999755859375,1175.709716796875,1202.161376953125,597.7000122070312,530.4171752929688,750.5896606445312,2240.0,2240.0,1532.0,5590.0,5000.0,1459.310302734375,6579.08251953125,6579.08251953125,693.0,1780.199951171875,1706.9564208984375,772.2177734375,1150.800048828125,1150.800048828125,728.0,1314.6080322265625,1758.3697509765625,355.2878112792969,7245.3896484375,7245.3896484375,613.0,4110.0,4110.0,922.0,3120.0,2678.59033203125,1459.01806640625,6818.8349609375,6579.08251953125,836.5579223632812
2016-01-29,5000.0,5000.0,1197.0,2225.5,1221.6141357421875,1212.474609375,832.0999755859375,617.9276733398438,751.9248046875,3080.0,3000.0,1532.3173828125,6820.0,5000.0,1461.26025390625,6667.69287109375,6667.69287109375,693.0,2726.300048828125,1745.396240234375,775.7300415039062,1763.199951171875,1588.6328125,728.7228393554688,1684.7799072265625,1557.9305419921875,355.439697265625,8535.9365234375,8535.9365234375,613.0,4800.0,4800.0,922.0,4770.0,2766.123046875,1461.3560791015625,8634.318359375,6667.69287109375,838.20166015625
2016-01-30,5000.0,5000.0,1197.0,1703.9000244140625,1324.7454833984375,1215.8349609375,959.0999755859375,882.39892578125,752.3714599609375,2740.0,1512.1180419921875,1536.8236083984375,5870.0,5000.0,1462.2073974609375,7372.14794921875,7372.14794921875,693.0,2760.39990234375,2247.1474609375,777.4461059570312,2075.199951171875,1188.5211181640625,732.2098999023438,1797.4710693359375,1614.8818359375,355.6585693359375,7762.15380859375,7762.15380859375,613.0,4170.0,4170.0,922.0,4430.0,3140.893798828125,1462.860107421875,9020.375,7372.14794921875,839.5638427734375
2016-01-31,5000.0,5000.0,1197.0,1066.0999755859375,1262.162109375,1214.213134765625,913.2000122070312,735.5257568359375,753.3721313476562,2090.0,1128.688232421875,1540.3348388671875,4390.0,5000.0,1461.5467529296875,7955.93603515625,7955.93603515625,693.0,2192.60009765625,2127.735107421875,777.6605224609375,1751.300048828125,825.3289184570312,735.525146484375,1724.654052734375,1435.4654541015625,356.0047912597656,6000.0693359375,6000.0693359375,613.0,2950.0,2950.0,922.0,3180.0,3381.986083984375,1462.6243896484375,8218.2861328125,7955.93603515625,839.7806396484375
2016-02-01,3521.124267578125,3521.124267578125,1197.0,741.0,839.686767578125,1213.2806396484375,714.5999755859375,610.1151733398438,753.9383544921875,1580.0,3013.39208984375,1535.1156005859375,4220.0,3521.124267578125,1462.3001708984375,8048.85791015625,8048.85791015625,693.0,1607.800048828125,1665.457275390625,777.4699096679688,1270.0999755859375,520.9598388671875,738.0692749023438,1508.7149658203125,1100.9029541015625,356.41845703125,4853.28125,4726.21826171875,613.280029296875,2220.0,2220.0,922.0,2450.0,3344.2099609375,1461.5810546875,7147.611328125,8048.85791015625,839.0358276367188
2016-02-02,2646.81982421875,2646.81982421875,1197.0,630.9000244140625,610.5830688476562,1213.473388671875,577.5999755859375,512.1768798828125,754.2769775390625,1350.0,3000.0,1529.1417236328125,3010.0,2646.81982421875,1462.6793212890625,5985.75439453125,5985.75439453125,693.0,1219.800048828125,1334.33349609375,777.09130859375,953.0,347.6551513671875,739.915283203125,1206.968017578125,884.0018310546875,356.7456359863281,2259.68896484375,2132.6533203125,613.5599975585938,1760.0,50.0,923.6627197265625,2020.0,2719.064453125,1460.7655029296875,6198.89501953125,5985.75439453125,839.2119750976562
2016-02-03,1737.7574462890625,1737.7574462890625,1197.0,610.4000244140625,481.5089416503906,1214.68359375,494.1000061035156,438.8418884277344,754.5601806640625,1200.0,3000.0,1522.629638671875,2630.0,1737.7574462890625,1463.61083984375,4202.12255859375,4202.12255859375,693.0,1026.5,1130.618408203125,776.7470703125,818.7000122070312,265.6723937988281,741.6372680664062,1087.469970703125,711.1524658203125,357.1097106933594,1445.25732421875,1318.1939697265625,613.8400268554688,1710.0,50.0,925.2201538085938,1780.0,1740.9156494140625,1460.81103515625,5067.31103515625,4202.12255859375,839.927001953125
2016-02-04,1731.6881103515625,1731.6881103515625,1197.0,765.7999877929688,416.7377624511719,1217.7998046875,451.0,387.75628662109375,754.8843383789062,1130.0,1843.3017578125,1520.0,3300.0,1731.6881103515625,1465.2618408203125,2903.01416015625,2903.01416015625,693.0,997.5,984.4657592773438,776.7901611328125,877.2999877929688,206.91856384277344,743.79296875,1085.490966796875,576.3033447265625,357.5557861328125,2020.420166015625,1897.926513671875,614.1099853515625,3230.0,50.0,928.1326293945312,1660.0,1053.992431640625,1461.5181884765625,3982.163330078125,2903.01416015625,840.81884765625
2016-02-05,1381.7252197265625,1381.7252197265625,1197.0,835.7000122070312,354.2084045410156,1222.0748291015625,426.79998779296875,344.7845764160156,755.288330078125,1280.0,1280.0,1520.0,3230.0,1381.7252197265625,1467.2186279296875,2001.5089111328125,2001.5089111328125,693.0,1004.0999755859375,876.94384765625,777.2105102539062,947.7000122070312,153.93455505371094,746.2145385742188,1026.760009765625,459.58221435546875,358.0457763671875,2136.490234375,2009.4268798828125,614.3900146484375,2860.0,50.0,930.666015625,1530.0,581.2525634765625,1462.6251220703125,3299.405517578125,2001.5089111328125,841.8915405273438
2016-02-06,1149.506103515625,1149.506103515625,1197.0,856.9000244140625,324.3857421875,1226.3560791015625,420.29998779296875,305.5405578613281,755.8448486328125,1220.0,1220.0,1520.0,3170.0,1149.506103515625,1469.2867431640625,1430.6173095703125,1430.6173095703125,693.0,991.0,816.7052612304688,777.7867431640625,923.7999877929688,106.56919860839844,748.6730346679688,957.9660034179688,353.0325927734375,358.5057067871094,2033.6170654296875,1906.58154296875,614.6699829101562,3030.0,50.0,933.3073120117188,1480.0,400.0,1463.8851318359375,2930.47705078125,1430.6173095703125,843.0858154296875
2016-02-07,1050.0,1050.0,1197.0,828.0999755859375,321.0399169921875,1230.384765625,393.0,260.6382751464844,756.4597778320312,1230.0,1230.0,1520.0,3000.0,1050.0,1471.3062744140625,1257.500244140625,1257.500244140625,693.0,964.4000244140625,781.4461669921875,778.3915405273438,862.2000122070312,50.0,751.1173095703125,870.2909545898438,257.3708801269531,358.97161865234375,1898.35400390625,1771.2906494140625,614.9500122070312,2600.0,50.0,935.5364990234375,1480.0,400.0,1465.08642578125,2829.738037109375,1257.500244140625,844.333251953125
2016-02-08,1050.0,1050.0,1197.0,864.7000122070312,278.6785888671875,1234.797607421875,362.3999938964844,209.312744140625,757.152587890625,1330.0,1330.0,1520.0,3090.0,1050.0,1473.3468017578125,1437.724365234375,1437.724365234375,693.0,995.7000122070312,716.7046508789062,779.3138427734375,794.2999877929688,50.0,753.369140625,778.1129760742188,182.93637084960938,359.3800354003906,3609.611328125,3482.57568359375,615.22998046875,2420.0,2395.4443359375,935.5576171875,1720.0,400.0,1466.591796875,2910.5224609375,1437.724365234375,845.501708984375
2016-02-09,1050.0,1050.0,1197.0,912.7999877929688,218.07102966308594,1239.7242431640625,306.8999938964844,169.19253540039062,757.750244140625,1570.0,1570.0,1520.0,3170.0,1050.0,1475.48193359375,1303.5972900390625,1303.5972900390625,693.0,1010.4000244140625,639.8302612304688,780.4618530273438,746.7000122070312,50.0,755.34326171875,711.427978515625,119.45294189453125,359.7832336425781,2170.322998046875,2043.2596435546875,615.510009765625,2500.0,50.0,937.6425170898438,1900.0,2455.445556640625,1465.978515625,3554.583984375,1303.5972900390625,847.2380981445312
2016-02-10,1050.0,1050.0,1197.0,792.9000244140625,181.56704711914062,1243.76611328125,240.3000030517578,138.90032958984375,758.1804809570312,1560.0,1560.0,1520.0,3210.0,1050.0,1477.6240234375,1350.0,1350.0,693.0,887.7000122070312,574.0289916992188,781.4091186523438,673.7000122070312,50.0,756.9717407226562,666.4420166015625,103.84733581542969,360.1461486816406,1447.116943359375,1324.5955810546875,615.780029296875,2200.0,50.0,939.4610595703125,2030.0,400.0,1467.77587890625,4446.08154296875,1350.0,849.6000366210938
2016-02-11,1050.0,1050.0,1197.0,695.7999877929688,227.76487731933594,1246.860595703125,225.1999969482422,117.12139892578125,758.6251831054688,1540.0,1540.0,1520.0,3230.0,1050.0,1479.7860107421875,1200.0,1200.0,693.0,789.5999755859375,539.8958129882812,782.2010498046875,582.9000244140625,50.0,758.41796875,660.3469848632812,91.96440887451172,360.4861755371094,1400.90234375,1273.8668212890625,616.0599975585938,2040.0,50.0,941.105712890625,1940.0,400.0,1469.5283203125,3689.2373046875,1200.0,851.4434814453125
2016-02-12,1050.0,1050.0,1197.0,706.5,459.0208435058594,1248.496826171875,214.39999389648438,107.0397720336914,759.063720703125,1610.0,1610.0,1520.0,3370.0,1050.0,1482.03515625,1242.6453857421875,1242.6453857421875,693.0,741.4000244140625,648.41259765625,782.4645385742188,523.0,50.0,759.675048828125,707.2559814453125,78.92559051513672,360.8621826171875,1407.622802734375,1280.5594482421875,616.3400268554688,2100.0,50.0,942.7999267578125,2010.0,400.0,1471.2864990234375,3076.877197265625,1242.6453857421875,852.7909545898438
2016-02-13,1050.0,1050.0,1197.0,918.5999755859375,1004.1465454101562,1247.93115234375,208.39999389648438,102.65260314941406,759.4774169921875,1670.0,1670.0,1520.0,3780.0,1050.0,1484.6136474609375,2092.167724609375,2092.167724609375,693.0,771.5999755859375,839.3568725585938,782.2725830078125,729.2999877929688,50.0,761.39990234375,721.166015625,70.5922622680664,361.23052978515625,1540.518310546875,1413.4827880859375,616.6199951171875,2320.0,50.0,944.64892578125,2050.0,400.0,1473.0650634765625,3240.6337890625,2092.167724609375,853.6346435546875
2016-02-14,3575.08740234375,3575.08740234375,1197.0,1521.0,488.1540222167969,1254.0699462890625,219.8000030517578,259.625,759.3215942382812,2600.0,2600.0,1520.0,6360.0,3575.08740234375,1487.23291015625,2251.522705078125,2251.522705078125,693.0,1150.800048828125,717.6138916015625,783.5,1464.0,393.5384216308594,764.053955078125,708.8710327148438,925.982421875,361.10931396484375,5991.716796875,5864.6533203125,616.9000244140625,6250.0,1849.7454833984375,948.1400146484375,2330.0,400.0,1475.1290283203125,5326.107421875,2251.522705078125,855.82568359375
2016-02-15,3252.621337890625,3252.621337890625,1197.0,1786.300048828125,1784.27978515625,1254.0799560546875,229.89999389648438,75.0,759.9276123046875,2900.0,2900.0,1520.0,6650.0,3252.621337890625,1490.3414306640625,2128.56982421875,2128.56982421875,693.0,1546.199951171875,1260.8460693359375,784.3599853515625,1849.0,352.05487060546875,767.6803588867188,673.7720336914062,50.0,361.4513854980469,9855.431640625,9729.4150390625,617.1599731445312,5180.0,5322.853515625,948.0266723632812,2550.0,400.0,1477.4261474609375,6439.1337890625,2128.56982421875,858.848876953125
2016-02-16,2673.698486328125,2673.698486328125,1197.0,1193.5999755859375,50.0,1260.334228515625,193.89999389648438,75.0,760.3764038085938,2370.0,2370.0,1520.0,5070.0,2673.698486328125,1492.5018310546875,2139.052001953125,2139.052001953125,693.0,1135.9000244140625,857.5867309570312,785.2100219726562,1262.199951171875,395.2357482910156,769.7020874023438,632.56103515625,50.0,361.77069091796875,3029.232177734375,2903.190673828125,617.4099731445312,3520.0,50.0,950.73974609375,2480.0,400.0,1479.544921875,5216.60009765625,2139.052001953125,860.9537963867188
2016-02-17,1964.118408203125,1964.118408203125,1197.0,891.0,239.76336669921875,1263.72998046875,206.0,75.0,760.8676147460938,2220.0,2220.0,1520.0,4370.0,1964.118408203125,1494.6417236328125,2045.617431640625,2045.617431640625,693.0,1193.9000244140625,854.1014404296875,786.0599975585938,1104.0,418.20623779296875,771.2135009765625,663.6510009765625,50.0,362.0963439941406,2476.24560546875,2350.2041015625,617.6599731445312,2880.0,61.34141540527344,952.9000244140625,1800.0,400.0,1481.0064697265625,4530.009765625,2045.617431640625,862.6312255859375
2016-02-18,2141.009521484375,2141.009521484375,1197.0,946.7999877929688,948.8153686523438,1263.719970703125,405.1000061035156,229.39649963378906,761.510009765625,1740.0,1740.0,1520.0,4560.0,2141.009521484375,1496.727783203125,1785.2646484375,1785.2646484375,693.0,1860.300048828125,1560.3294677734375,786.9099731445312,1293.800048828125,351.39215087890625,773.2904052734375,775.4149780273438,50.0,362.4544677734375,6020.32568359375,5894.2841796875,617.9099731445312,3420.0,3507.399658203125,952.8333740234375,2930.0,400.0,1483.565185546875,4771.61474609375,1785.2646484375,864.6389770507812
2016-02-19,2142.020263671875,2142.020263671875,1197.0,1064.199951171875,50.0,1268.4990234375,603.9000244140625,596.5602416992188,761.5366821289062,1760.0,1760.0,1520.0,4600.0,2142.020263671875,1498.8538818359375,1480.315673828125,1480.315673828125,693.0,2218.39990234375,1918.4078369140625,787.760009765625,1306.0999755859375,251.26039123535156,775.45361328125,986.7950439453125,84.95074462890625,362.8999938964844,3509.35302734375,3382.292724609375,618.1799926757812,3670.0,50.0,955.535888671875,2190.0,400.0,1485.390380859375,4540.89990234375,1480.315673828125,866.6292114257812
2016-02-20,1484.3468017578125,1484.3468017578125,1197.0,851.5999755859375,67.43849182128906,1272.1099853515625,479.29998779296875,218.3584747314453,762.469970703125,1470.0,1470.0,1520.0,3970.0,1484.3468017578125,1500.9910888671875,1200.0,1200.0,693.0,1833.800048828125,1531.3123779296875,788.5399780273438,1079.9000244140625,132.5648193359375,777.3326416015625,1065.719970703125,1065.7158203125,362.8982849121094,2543.873291015625,2416.81005859375,618.4600219726562,3000.0,217.41751098632812,957.5800170898438,2190.0,400.0,1487.15771484375,3907.44921875,1200.0,868.3859252929688
2016-02-21,1214.5506591796875,1214.5506591796875,1197.0,683.5,684.3390502929688,1272.106689453125,300.79998779296875,292.2818298339844,762.5,1340.0,1340.0,1520.0,3680.0,1214.5506591796875,1503.029052734375,1200.0,1200.0,693.0,1409.4000244140625,1110.9127197265625,789.280029296875,887.9000244140625,50.0,778.9945678710938,1017.5670166015625,50.0,363.3421325683594,4625.43603515625,4502.9423828125,618.72998046875,2610.0,2646.307861328125,957.5533447265625,1920.0,400.0,1488.623046875,3476.978515625,1200.0,869.8626098632812
2016-02-22,1050.0,1050.0,1197.0,627.7999877929688,50.0,1274.5987548828125,284.70001220703125,75.0,763.23095703125,1200.0,1200.0,1520.0,3140.0,1050.0,1504.75634765625,1200.0,1200.0,693.0,1158.699951171875,856.199951171875,790.030029296875,769.4000244140625,50.0,780.2922973632812,870.093994140625,50.0,363.71014404296875,2182.234619140625,2054.66650390625,619.010009765625,2220.0,50.0,959.1474609375,1670.0,400.0,1489.882568359375,3042.664794921875,1200.0,871.0093383789062
2016-02-23,1050.0,1050.0,1197.0,556.2999877929688,50.0,1276.607177734375,343.20001220703125,155.69325256347656,763.8699951171875,1050.0,1050.0,1520.0,2740.0,1050.0,1506.1529541015625,1350.0,1350.0,693.0,962.0999755859375,662.7510375976562,790.772216796875,655.0,50.0,781.4215087890625,740.1069946289062,688.45703125,363.73175048828125,1553.7760009765625,1427.734375,619.260009765625,1940.0,50.0,960.5167846679688,1460.0,400.0,1490.8892822265625,2774.6962890625,1350.0,871.9208984375
2016-02-24,1050.0,1050.0,1197.0,455.0,50.0,1278.413818359375,298.29998779296875,163.35108947753906,764.3200073242188,1050.0,1050.0,1520.0,2490.0,1050.0,1507.329345703125,1350.0,1350.0,693.0,814.4000244140625,512.7862548828125,791.52001953125,569.2000122070312,50.0,782.4102783203125,646.5079956054688,50.0,363.9989013671875,1442.7003173828125,1316.65869140625,619.510009765625,1610.0,50.0,961.621826171875,1320.0,400.0,1491.796142578125,2537.6240234375,1350.0,872.6594848632812
2016-02-25,1050.0,1050.0,1197.0,427.0,50.0,1279.909423828125,261.3999938964844,251.31739807128906,764.3533325195312,950.0,950.0,1520.0,2310.0,1050.0,1508.3427734375,1350.0,1350.0,693.0,709.5999755859375,411.1372375488281,792.260009765625,499.1000061035156,50.0,783.2200927734375,605.198974609375,50.0,364.2177429199219,1276.1688232421875,1150.1270751953125,619.760009765625,1440.0,50.0,962.6065063476562,1250.0,400.0,1492.6087646484375,2353.036865234375,1350.0,873.2811889648438
2016-02-26,1050.0,1050.0,1197.0,502.20001220703125,50.0,1281.503173828125,266.8999938964844,75.0,764.9877319335938,970.0,970.0,1520.0,2300.0,1050.0,1509.3607177734375,1350.0,1350.0,693.0,719.0999755859375,416.0953063964844,793.010009765625,475.79998779296875,50.0,783.9878540039062,621.2859497070312,50.0,364.4427490234375,1242.1502685546875,1116.61328125,620.010009765625,1410.0,50.0,963.5698852539062,1270.0,400.0,1493.430419921875,2276.27099609375,1350.0,873.8553466796875
2016-02-27,1050.0,1050.0,1197.0,644.0999755859375,50.0,1283.8599853515625,298.20001220703125,92.16818237304688,765.6400146484375,1210.0,1210.0,1520.0,3490.0,1050.0,1511.296630859375,1350.0,1350.0,693.0,826.2000122070312,526.7371826171875,793.6699829101562,490.29998779296875,50.0,784.7817993164062,668.5880126953125,50.0,364.6865234375,1575.0179443359375,1447.9822998046875,620.2899780273438,2450.0,50.0,965.2606811523438,1630.0,400.0,1494.5921630859375,2574.271728515625,1350.0,874.6141967773438
2016-02-28,1050.0,1050.0,1197.0,650.9000244140625,50.0,1286.036376953125,278.5,143.52691650390625,766.0700073242188,1200.0,1200.0,1520.0,3460.0,1050.0,1513.168701171875,1350.0,1350.0,693.0,814.0,514.509521484375,794.3300170898438,473.5,50.0,785.5454711914062,591.8800048828125,50.0,364.8998107910156,1592.8426513671875,1465.779296875,620.5700073242188,2210.0,50.0,966.764404296875,1580.0,400.0,1495.7066650390625,2594.864013671875,1350.0,875.3740844726562
2016-02-29,1050.0,1050.0,1197.0,592.4000244140625,50.0,1287.995361328125,259.5,292.90179443359375,765.9613037109375,1110.0,1110.0,1520.0,3160.0,1050.0,1514.8427734375,1350.0,1350.0,693.0,701.7999877929688,777.4275512695312,794.163330078125,456.20001220703125,50.0,786.2778930664062,575.9509887695312,50.0,365.0988464355469,1541.6585693359375,1414.6229248046875,620.8499755859375,2000.0,50.0,968.1062622070312,1420.0,400.0,1496.670166015625,2493.27197265625,1350.0,876.0631713867188
2016-03-01,1050.0,1050.0,1197.0,665.7999877929688,50.0,1290.0382080078125,258.5,75.0,766.5662231445312,1190.0,1190.0,1520.0,3050.0,1050.0,1516.37451171875,1350.0,1350.0,693.0,645.7000122070312,190.0,795.1676635742188,460.8999938964844,50.0,787.018798828125,644.2559814453125,50.0,365.3135986328125,1626.5482177734375,1497.97705078125,621.1199951171875,2300.0,50.0,969.6236572265625,1410.0,558.6734008789062,1497.45263671875,2468.40673828125,1350.0,876.7564086914062
2016-03-02,1050.0,1050.0,1197.0,787.4000244140625,50.0,1292.63623046875,262.1000061035156,258.6918029785156,766.5774536132812,1300.0,1300.0,1520.0,3720.0,1050.0,1518.411376953125,1350.0,1350.0,693.0,679.7999877929688,679.443359375,795.16845703125,501.8999938964844,50.0,787.8336181640625,534.6190185546875,50.0,365.48797607421875,1842.5587158203125,1716.51708984375,621.3699951171875,2520.0,50.0,971.2900390625,1440.0,560.9442749023438,1498.2568359375,2531.101806640625,1350.0,877.4736938476562
2016-03-03,1364.7559814453125,1364.7559814453125,1197.0,791.2000122070312,784.7677001953125,1292.657470703125,281.6000061035156,75.0,767.2232055664062,1390.0,1390.0,1520.0,4010.0,1364.7559814453125,1520.3909912109375,1350.0,1350.0,693.0,741.4000244140625,190.0,796.3836059570312,534.0,50.0,788.6475219726562,714.6220092773438,50.0,365.7284240722656,4419.4521484375,4293.41015625,621.6199951171875,2430.0,2722.427490234375,971.0966796875,1580.0,561.8525390625,1499.2086181640625,2843.07373046875,1350.0,878.37109375
2016-03-04,1278.1290283203125,1278.1290283203125,1197.0,693.7999877929688,50.0,1294.7857666015625,270.5,75.0,767.7771606445312,1310.0,1310.0,1520.0,3450.0,1278.1290283203125,1522.009033203125,1350.0,1350.0,693.0,753.0999755859375,190.0,797.6246337890625,521.5999755859375,50.0,789.4658203125,640.404052734375,50.0,365.9415588378906,2658.01611328125,2531.974609375,621.8699951171875,1880.0,50.0,972.3065795898438,1540.0,555.5555419921875,1500.1007080078125,2803.10009765625,1350.0,879.2445068359375
2016-03-05,1633.7109375,1633.7109375,1197.0,607.5999755859375,50.0,1296.46240234375,309.79998779296875,301.23480224609375,767.8014526367188,1340.0,1340.0,1520.0,3490.0,1633.7109375,1523.3726806640625,1350.0,1350.0,693.0,869.0,937.7622680664062,797.4730834960938,538.2000122070312,50.0,790.3461303710938,741.8870239257812,50.0,366.17266845703125,3390.000732421875,3263.958984375,622.1199951171875,1830.0,1984.5765380859375,972.2044067382812,1870.0,550.2196044921875,1501.3314208984375,2770.42431640625,1350.0,880.0953979492188
2016-03-06,2524.098876953125,2524.098876953125,1197.0,689.2000122070312,759.3507080078125,1296.23046875,406.3999938964844,75.0,768.740478515625,1700.0,1700.0,1520.0,4170.0,2524.098876953125,1524.581787109375,1350.0,1350.0,693.0,1177.4000244140625,494.6429138183594,798.8800048828125,617.7999877929688,50.0,791.339111328125,1044.1448974609375,50.0,366.497802734375,2883.567626953125,2757.52587890625,622.3699951171875,2360.0,50.0,973.731689453125,3680.0,544.9840698242188,1504.157958984375,3784.489013671875,1350.0,881.5155639648438
2016-03-07,2249.232666015625,2249.232666015625,1197.0,621.4000244140625,50.0,1298.119384765625,396.29998779296875,406.9454345703125,768.7103271484375,1480.0,1480.0,1520.0,3770.0,2249.232666015625,1525.698974609375,1350.0,1350.0,693.0,1095.300048828125,1165.8841552734375,798.739990234375,568.9000244140625,50.0,792.1968383789062,1165.23095703125,50.0,366.86285400390625,3744.031982421875,3617.990234375,622.6199951171875,2040.0,2308.051025390625,973.554443359375,2860.0,517.3770751953125,1506.25830078125,3388.157470703125,1350.0,882.70458984375
2016-03-08,1812.6551513671875,1812.6551513671875,1197.0,556.2999877929688,578.4226684570312,1298.0462646484375,353.5,75.0,769.4994506835938,1340.0,1340.0,1520.0,3250.0,1812.6551513671875,1526.7548828125,1350.0,1350.0,693.0,887.4000244140625,216.85630798339844,800.0700073242188,514.5,50.0,792.964599609375,1121.06201171875,1113.8485107421875,366.8615417480469,2571.806640625,2445.764892578125,622.8699951171875,1990.0,50.0,974.8370971679688,2300.0,2361.164306640625,1506.2054443359375,3518.473388671875,1350.0,883.9696044921875
2016-03-09,2100.033935546875,2100.033935546875,1197.0,744.0,50.0,1300.173828125,389.70001220703125,396.6955871582031,769.4796142578125,1320.0,1320.0,1520.0,3470.0,2100.033935546875,1527.734130859375,1350.0,1350.0,693.0,1007.2000122070312,1076.10400390625,799.933349609375,553.0,50.0,793.7960205078125,1314.875,50.0,367.2586975097656,3474.903564453125,3348.862060546875,623.1199951171875,2340.0,2509.95068359375,974.7247314453125,2160.0,495.5130920410156,1507.6700439453125,4121.28125,1350.0,885.569580078125
2016-03-10,3465.28662109375,3465.28662109375,1197.0,1132.5,1161.7901611328125,1300.0770263671875,501.5,159.04100036621094,770.4500122070312,1690.0,1690.0,1520.0,4750.0,3465.28662109375,1528.6441650390625,1525.65380859375,1525.65380859375,693.0,1455.199951171875,786.3363647460938,801.260009765625,679.0999755859375,50.0,794.8358154296875,1651.219970703125,1628.3140869140625,367.2622375488281,3761.20166015625,3635.16015625,623.3699951171875,3560.0,436.3096618652344,976.7899780273438,3010.0,3183.78564453125,1507.5133056640625,4614.45458984375,1525.65380859375,887.3200073242188
2016-03-11,2773.30224609375,2773.30224609375,1197.0,1076.800048828125,162.32139587402344,1302.800048828125,573.0999755859375,601.334716796875,770.3699951171875,1590.0,1590.0,1520.0,4060.0,2773.30224609375,1529.576171875,3867.555419921875,3867.555419921875,693.0,1585.800048828125,1651.3433837890625,801.1300048828125,738.9000244140625,50.0,795.9744873046875,1688.4599609375,50.0,367.7663879394531,4670.08544921875,4544.0439453125,623.6199951171875,2890.0,3439.530517578125,976.4266357421875,2760.0,1362.15771484375,1508.739990234375,5186.64794921875,3867.555419921875,888.0675659179688
2016-03-12,3038.6181640625,3038.6181640625,1197.0,932.2000122070312,1038.080810546875,1302.5,725.0999755859375,435.7103271484375,771.1900024414062,1660.0,1660.0,1520.0,4330.0,3038.6181640625,1530.506103515625,4343.12158203125,4343.12158203125,693.0,1672.199951171875,1006.2139892578125,802.4099731445312,869.2000122070312,132.8334503173828,797.0999755859375,2135.419921875,2228.33935546875,367.73388671875,6136.6982421875,6010.65673828125,623.8699951171875,3100.0,3113.43701171875,976.4177856445312,2710.0,2880.068359375,1508.5933837890625,5512.0439453125,4343.12158203125,888.72998046875
2016-03-13,3662.63427734375,3662.63427734375,1197.0,1290.800048828125,540.1004638671875,1304.77001953125,1118.0999755859375,1143.9808349609375,771.1166381835938,1930.0,1930.0,1520.0,4900.0,3662.63427734375,1531.3695068359375,4609.06982421875,4609.06982421875,693.0,2653.300048828125,2716.14794921875,802.296630859375,1336.4000244140625,890.6814575195312,797.780029296875,2795.093017578125,1042.0057373046875,368.25,2952.43798828125,2820.3466796875,624.1199951171875,3920.0,538.74560546875,978.5999755859375,3530.0,2126.766357421875,1509.8399658203125,5861.962890625,4609.06982421875,889.4400024414062
2016-03-14,4171.58935546875,4171.58935546875,1197.0,1723.199951171875,1833.9508056640625,1304.4561767578125,1476.4000244140625,1192.8968505859375,771.9199829101562,2380.0,2380.0,1520.0,5420.0,4171.58935546875,1532.2313232421875,6056.3046875,6056.3046875,693.0,3701.39990234375,3034.047607421875,803.5499877929688,2009.800048828125,1491.80126953125,798.5703735351562,3287.095947265625,3510.60986328125,368.18316650390625,8953.380859375,8814.7353515625,624.3699951171875,4610.0,5130.95947265625,978.2666625976562,4210.0,4372.6650390625,1509.693359375,8635.876953125,6056.3046875,890.8768310546875
2016-03-15,3277.83740234375,3277.83740234375,1197.0,1496.5999755859375,651.7979125976562,1306.8499755859375,1316.0999755859375,1341.978515625,771.8466796875,1970.0,1970.0,1520.0,4500.0,3277.83740234375,1533.0970458984375,5643.9853515625,5643.9853515625,693.0,2941.39990234375,3003.578369140625,803.4266357421875,2160.5,1425.9071044921875,799.691162109375,3289.6650390625,3211.038818359375,368.2019348144531,7590.2890625,7451.64306640625,624.6199951171875,4020.0,4054.722900390625,978.2444458007812,3230.0,1834.56982421875,1510.9100341796875,7893.39990234375,5643.9853515625,892.1161499023438
2016-03-16,2966.599853515625,2966.599853515625,1197.0,1401.4000244140625,1536.681884765625,1306.4666748046875,976.0999755859375,671.9173583984375,772.6199951171875,1800.0,1800.0,1520.0,4220.0,2966.599853515625,1533.9849853515625,5185.7587890625,5185.7587890625,693.0,2492.5,1831.8790283203125,804.6699829101562,2059.60009765625,1257.9591064453125,800.8489379882812,2667.5869140625,579.5938110351562,368.7900085449219,4259.45654296875,4120.810546875,624.8699951171875,4070.0,767.0523071289062,980.3900146484375,2690.0,2848.489501953125,1510.7733154296875,6668.173828125,5185.7587890625,892.9329223632812
2016-03-17,2964.510986328125,2964.510986328125,1197.0,1402.9000244140625,706.4927368164062,1308.43994140625,767.2999877929688,794.188232421875,772.5533447265625,1990.0,1990.0,1520.0,4190.0,2964.510986328125,1534.8236083984375,4680.0537109375,4680.0537109375,693.0,2311.89990234375,2371.05224609375,804.5632934570312,1753.9000244140625,1048.637451171875,801.9133911132812,2067.494873046875,2267.490966796875,368.7297058105469,7435.02734375,7307.4775390625,625.1099853515625,3780.0,4285.68701171875,980.0664672851562,2540.0,1140.8184814453125,1511.97998046875,6071.70068359375,4680.0537109375,893.6996459960938
2016-03-18,2314.38232421875,2314.38232421875,1197.0,1063.300048828125,1162.10986328125,1308.159912109375,611.5999755859375,306.4107666015625,773.3099975585938,1880.0,1880.0,1520.0,3570.0,2314.38232421875,1535.682373046875,4289.9814453125,4289.9814453125,693.0,1889.300048828125,1225.636962890625,805.760009765625,1348.0999755859375,812.822021484375,802.6779174804688,1547.3829345703125,1476.441650390625,368.74615478515625,6301.61474609375,6185.6357421875,625.3400268554688,2770.0,2752.52734375,980.07763671875,2280.0,2426.873046875,1511.853271484375,5521.66015625,4289.9814453125,894.3782958984375
2016-03-19,2023.03271484375,2023.03271484375,1197.0,939.0,194.3251495361328,1310.27001953125,512.2000122070312,537.744140625,773.2466430664062,1760.0,1760.0,1520.0,3250.0,2023.03271484375,1536.5216064453125,4084.060302734375,4084.060302734375,693.0,1591.5,1650.6573486328125,805.6533203125,1070.0999755859375,593.6552124023438,803.3529663085938,1265.794921875,50.0,369.082275390625,2829.6826171875,2713.734130859375,625.5700073242188,2430.0,50.0,981.5816650390625,2160.0,726.0064697265625,1513.0899658203125,4920.99755859375,4084.060302734375,894.8394165039062
2016-03-20,2282.1328125,2282.1328125,1197.0,1008.0999755859375,1110.4481201171875,1309.97998046875,483.70001220703125,183.89218139648438,773.989990234375,1900.0,1900.0,1520.0,3490.0,2282.1328125,1537.3477783203125,4062.048583984375,4062.048583984375,693.0,1405.699951171875,747.5831298828125,806.8400268554688,800.0,645.1889038085938,803.572265625,1316.5980224609375,1232.3773193359375,369.101318359375,5060.57421875,4944.62548828125,625.7999877929688,2690.0,2841.4765625,981.48779296875,2290.0,2440.732666015625,1512.9599609375,4744.0234375,4062.048583984375,895.2093505859375
2016-03-21,2706.13037109375,2706.13037109375,1197.0,1052.5,304.3298645019531,1312.0999755859375,597.7000122070312,621.898681640625,773.9299926757812,1950.0,1950.0,1520.0,3950.0,2706.13037109375,1538.198486328125,3943.572998046875,3943.572998046875,693.0,1459.300048828125,1516.6119384765625,806.7366943359375,600.0,784.2548828125,803.3112182617188,1516.0439453125,50.0,369.49072265625,3260.2646484375,3144.285400390625,626.030029296875,2860.0,50.0,983.2691650390625,2460.0,1080.0411376953125,1514.1500244140625,4958.85595703125,3943.572998046875,895.7536010742188
2016-03-22,2789.100830078125,2789.100830078125,1197.0,1026.5999755859375,1132.4720458984375,1311.7999267578125,796.9000244140625,506.487548828125,774.6500244140625,1980.0,1980.0,1520.0,4020.0,2789.100830078125,1539.0404052734375,3856.068359375,3856.068359375,693.0,1774.699951171875,1157.287353515625,807.8499755859375,1200.0,847.1437377929688,803.8111572265625,1563.904052734375,1552.375,369.490234375,5141.97607421875,5015.93408203125,626.280029296875,3120.0,3520.720458984375,983.0127563476562,2380.0,2515.294189453125,1514.0333251953125,5286.4951171875,3856.068359375,896.5203857421875
2016-03-23,2476.067138671875,2476.067138671875,1197.0,1019.9000244140625,265.6826171875,1313.8199462890625,723.0,745.8588256835938,774.5933227539062,1840.0,1840.0,1520.0,3700.0,2476.067138671875,1539.87744140625,3704.69775390625,3704.69775390625,693.0,1779.699951171875,1829.60791015625,807.760009765625,1500.0,850.8580932617188,804.7308349609375,1535.3780517578125,50.0,369.8847351074219,5891.05615234375,5765.0146484375,626.530029296875,2940.0,2894.563720703125,983.0418701171875,2150.0,774.0139770507812,1515.219970703125,4975.09130859375,3704.69775390625,897.201416015625
2016-03-24,2760.71142578125,2760.71142578125,1197.0,1078.199951171875,1188.4371337890625,1313.546630859375,581.5999755859375,296.5892333984375,775.2999877929688,2040.0,2040.0,1520.0,3980.0,2760.71142578125,1540.687744140625,3540.047607421875,3540.047607421875,693.0,1611.5999755859375,921.9013061523438,808.9199829101562,1417.5999755859375,786.1560668945312,805.6254272460938,1305.2730712890625,1360.91845703125,369.8661804199219,2672.79638671875,2546.754638671875,626.780029296875,3560.0,368.5220031738281,985.0499877929688,2150.0,2312.330322265625,1515.0799560546875,4930.97021484375,3540.047607421875,897.9470825195312
2016-03-25,2443.8076171875,2443.8076171875,1197.0,972.2000122070312,217.6178436279297,1315.6199951171875,558.7000122070312,580.20947265625,775.2466430664062,1980.0,1980.0,1520.0,3660.0,2443.8076171875,1541.4918212890625,3353.76953125,3353.76953125,693.0,1476.699951171875,1535.1798095703125,808.8233032226562,1295.9000244140625,722.163330078125,806.4382934570312,1178.3060302734375,50.0,370.15850830078125,5599.11181640625,5477.107421875,627.02001953125,2940.0,3343.32666015625,984.7999877929688,1980.0,550.1016235351562,1516.300048828125,4651.75341796875,3353.76953125,898.6428833007812
2016-03-26,2005.8717041015625,2005.8717041015625,1197.0,833.0999755859375,941.3271484375,1315.3133544921875,494.0,214.35128784179688,775.9400024414062,1840.0,1840.0,1520.0,3220.0,2005.8717041015625,1542.2945556640625,3114.1689453125,3114.1689453125,693.0,1261.800048828125,598.3201904296875,809.9199829101562,1087.300048828125,677.9861450195312,807.0169677734375,1140.873046875,1113.054443359375,370.162109375,2544.8603515625,2417.31689453125,627.25,2430.0,187.44960021972656,986.1900024414062,1810.0,1969.6724853515625,1516.1680908203125,4482.2421875,3114.1689453125,899.3663940429688
2016-03-27,2035.48388671875,2035.48388671875,1197.0,858.0999755859375,103.0045394897461,1317.31005859375,461.79998779296875,481.96697998046875,775.8900146484375,1830.0,1830.0,1520.0,3260.0,2035.48388671875,1543.1041259765625,2871.09375,2871.09375,693.0,1174.0,1224.4132080078125,809.836669921875,1045.9000244140625,630.6080932617188,807.5661010742188,984.2489624023438,50.0,370.3992004394531,4571.5673828125,4444.02392578125,627.47998046875,2550.0,2921.06787109375,985.9600219726562,1770.0,400.0,1517.3133544921875,4245.6123046875,2871.09375,900.0838012695312
2016-03-28,1886.878173828125,1886.878173828125,1197.0,822.5,926.1971435546875,1317.0162353515625,423.70001220703125,120.69317626953125,776.5700073242188,1750.0,1750.0,1520.0,3120.0,1886.878173828125,1543.91943359375,2600.937255859375,2600.937255859375,693.0,1174.5,525.1427001953125,810.9099731445312,1042.4000244140625,551.7694702148438,808.230224609375,860.6190185546875,50.0,370.6044006347656,2664.31494140625,2536.737548828125,627.7100219726562,2370.0,159.70838928222656,987.3300170898438,1560.0,1642.47607421875,1517.2423095703125,3918.659912109375,2600.937255859375,900.7716064453125
2016-03-29,1601.1409912109375,1601.1409912109375,1197.0,710.4000244140625,50.0,1318.776611328125,376.6000061035156,399.2886047363281,776.52001953125,1720.0,1720.0,1520.0,2840.0,1601.1409912109375,1544.7147216796875,2327.684326171875,2327.684326171875,693.0,1084.9000244140625,1133.2945556640625,810.8299560546875,966.4000244140625,445.043701171875,808.9688720703125,767.8789672851562,670.059326171875,370.6259765625,3579.0048828125,3451.46142578125,627.9400024414062,2110.0,2448.80908203125,987.1199951171875,1480.0,400.0,1518.1663818359375,3649.341796875,2327.684326171875,901.4614868164062
2016-03-30,1500.0,1500.0,1197.0,594.2999877929688,671.8147583007812,1318.5843505859375,330.6000061035156,75.0,777.09375,1600.0,1600.0,1520.0,2570.0,1500.0,1545.3992919921875,2053.305419921875,2053.305419921875,693.0,960.0999755859375,306.70538330078125,811.9099731445312,821.5999755859375,344.12652587890625,809.6023559570312,714.0430297851562,50.0,370.79339599609375,3870.984375,3748.9921875,628.1599731445312,1790.0,1746.98388671875,987.1466674804688,1330.0,1356.7757568359375,1518.144287109375,3344.199951171875,2053.305419921875,902.1353149414062
2016-03-31,1500.0,1500.0,1197.0,543.9000244140625,50.0,1319.9244384765625,291.0,296.8785095214844,777.0791625976562,1210.0,1210.0,1520.0,2460.0,1500.0,1546.0135498046875,1837.5762939453125,1837.5762939453125,693.0,824.9000244140625,873.2946166992188,811.8299560546875,677.7999877929688,253.6204376220703,810.1632080078125,599.2080078125,50.0,370.93121337890625,1424.8109130859375,1297.2337646484375,628.3900146484375,1590.0,271.0991516113281,987.9641723632812,1280.0,400.0,1518.87158203125,3026.51708984375,1837.5762939453125,902.755859375
2016-04-01,1500.0,1500.0,1197.0,561.7000122070312,564.579345703125,1319.916259765625,251.8000030517578,75.0,777.5175170898438,1030.0,1030.0,1520.0,2560.0,1500.0,1546.6917724609375,1795.92138671875,1795.92138671875,693.0,710.4000244140625,190.0,812.6901245117188,588.5,185.2676544189453,810.6964111328125,543.1920166015625,50.0,371.050048828125,1617.1383056640625,1489.594970703125,628.6199951171875,1520.0,407.8443603515625,988.6535034179688,1260.0,400.0,1519.6075439453125,2769.0634765625,1795.92138671875,903.2637939453125
2016-04-02,1500.0,1500.0,1197.0,559.5,50.0,1321.18994140625,228.39999389648438,75.0,777.8978271484375,1050.0,1050.0,1520.0,2700.0,1500.0,1547.4595947265625,1802.51708984375,1802.51708984375,693.0,647.5,661.6464233398438,812.666748046875,511.20001220703125,144.74610900878906,811.1809692382812,478.7929992675781,50.0,371.1502685546875,1618.972412109375,1491.4290771484375,628.8499755859375,1500.0,459.932373046875,989.2891845703125,1360.0,1324.281005859375,1519.638427734375,2651.33935546875,1802.51708984375,903.7068481445312
2016-04-03,1500.0,1500.0,1197.0,535.0999755859375,50.0,1322.3927001953125,221.89999389648438,210.8523406982422,777.9252319335938,1170.0,1170.0,1520.0,2710.0,1500.0,1548.2337646484375,1672.218017578125,1672.218017578125,693.0,669.0,190.0,813.4232177734375,487.20001220703125,120.0,811.6665649414062,492.2850036621094,50.0,371.25384521484375,1619.562255859375,1497.5362548828125,629.0700073242188,1480.0,488.29693603515625,989.88525390625,1390.0,400.0,1520.4716796875,2977.126953125,1672.218017578125,904.3880004882812
2016-04-04,1545.246826171875,1545.246826171875,1197.0,537.7999877929688,550.2667236328125,1322.36181640625,228.8000030517578,75.0,778.2724609375,1200.0,1200.0,1520.0,3020.0,1545.246826171875,1549.1717529296875,1662.6290283203125,1662.6290283203125,693.0,614.0,190.0,814.0701293945312,509.3999938964844,120.0,812.1701049804688,498.9859924316406,50.0,371.3590393066406,1637.1019287109375,1509.55859375,629.2999877929688,1690.0,454.1103515625,990.647705078125,1680.0,459.91070556640625,1521.47998046875,3060.93017578125,1662.6290283203125,905.1148681640625
2016-04-05,1500.0,1500.0,1197.0,497.6000061035156,50.0,1323.5389404296875,205.6999969482422,75.0,778.560546875,1090.0,1090.0,1520.0,2700.0,1500.0,1549.9156494140625,1717.744873046875,1717.744873046875,693.0,543.5999755859375,539.2628784179688,814.0767822265625,470.8999938964844,120.0,812.6051025390625,431.4729919433594,50.0,371.4474792480469,1613.23583984375,1485.65869140625,629.530029296875,1530.0,492.9512023925781,991.2816772460938,1460.0,1572.9254150390625,1521.3865966796875,2669.5439453125,1717.744873046875,905.598876953125
2016-04-06,1500.0,1500.0,1197.0,439.8999938964844,50.0,1324.563232421875,181.10000610351562,75.0,778.7943725585938,950.0,950.0,1520.0,2470.0,1500.0,1550.516845703125,3435.48974609375,3435.48974609375,693.0,479.6000061035156,190.0,814.5186157226562,403.5,120.0,812.95654296875,392.45098876953125,50.0,371.5262145996094,2258.091552734375,2130.54833984375,629.760009765625,1280.0,1269.8416748046875,991.2877807617188,1440.0,400.0,1522.2462158203125,2921.5615234375,3435.48974609375,905.3375244140625
2016-04-07,1500.0,1500.0,1197.0,449.8999938964844,50.0,1325.5548095703125,170.39999389648438,75.0,779.004150390625,1090.0,1090.0,1520.0,2530.0,1500.0,1551.1552734375,6870.9794921875,6870.9794921875,693.0,502.6000061035156,190.0,814.9955444335938,378.5,120.0,813.2954711914062,372.4200134277344,50.0,371.5999755859375,1713.6785888671875,1586.13525390625,629.989990234375,1200.0,655.8073120117188,991.6148681640625,1580.0,1598.616943359375,1522.230712890625,3086.285400390625,6870.9794921875,903.3709106445312
2016-04-08,1500.0,1500.0,1197.0,477.29998779296875,50.0,1326.6141357421875,160.39999389648438,75.0,779.1735229492188,1170.0,1170.0,1520.0,2870.0,1500.0,1552.0042724609375,13741.958984375,13741.958984375,693.0,558.7999877929688,190.0,815.5582885742188,357.20001220703125,120.0,813.609130859375,366.6910095214844,50.0,371.6722717285156,1539.8272705078125,1417.80126953125,630.2100219726562,1200.0,771.950927734375,991.8721313476562,1800.0,400.0,1523.3878173828125,2974.0927734375,13741.958984375,897.7166748046875
2016-04-09,1500.0,1500.0,1197.0,437.0,452.3500671386719,1326.576171875,150.6999969482422,75.0,779.3236694335938,1220.0,1220.0,1520.0,2910.0,1500.0,1552.851806640625,15831.8486328125,15831.8486328125,693.0,428.79998779296875,190.0,815.922607421875,323.8999938964844,120.0,813.8787841796875,293.84698486328125,50.0,371.7265319824219,1721.1356201171875,1593.59228515625,630.4400024414062,1050.0,474.7513427734375,992.2178955078125,1940.0,2015.74462890625,1523.3251953125,3376.29541015625,15831.8486328125,890.9296264648438
2016-04-10,1500.0,1500.0,1197.0,383.5,50.0,1327.4029541015625,144.10000610351562,75.0,779.4607543945312,1160.0,1160.0,1520.0,2800.0,1500.0,1553.6529541015625,7915.92431640625,7915.92431640625,693.0,417.1000061035156,190.0,816.2498779296875,298.70001220703125,120.0,814.1078491210938,277.2980041503906,50.0,371.77667236328125,1552.60107421875,1425.0577392578125,630.6699829101562,900.0,564.4993896484375,992.4195556640625,1790.0,400.0,1524.4739990234375,3482.79638671875,7915.92431640625,888.4439086914062
2016-04-11,1500.0,1500.0,1197.0,337.79998779296875,50.0,1328.1036376953125,135.10000610351562,75.0,779.5799560546875,1080.0,1080.0,1520.0,2500.0,1500.0,1554.2645263671875,3957.962158203125,3957.962158203125,693.0,354.0,190.0,816.4822387695312,272.70001220703125,120.0,814.2971801757812,306.5500183105469,50.0,371.83404541015625,1671.624267578125,1544.047119140625,630.9000244140625,800.0,656.9952392578125,992.5054931640625,1800.0,1910.4964599609375,1524.3826904296875,3248.67626953125,3957.962158203125,888.0419311523438
2016-04-12,1500.0,1500.0,1197.0,323.20001220703125,50.0,1328.7056884765625,134.8000030517578,75.0,779.6985473632812,1000.0,1000.0,1520.0,2380.0,1500.0,1554.79345703125,1978.9810791015625,1978.9810791015625,693.0,337.5,190.0,816.6912231445312,282.6000061035156,120.0,814.4987182617188,341.6990051269531,50.0,371.9001159667969,1576.1683349609375,1454.17626953125,631.1199951171875,900.0,770.4200439453125,992.5833740234375,1600.0,478.3230285644531,1525.2972412109375,3093.7265625,1978.9810791015625,888.6736450195312
2016-04-13,1500.0,1500.0,1197.0,363.20001220703125,50.0,1329.4454345703125,174.10000610351562,75.0,779.8951416015625,930.0,930.0,1520.0,2080.0,1500.0,1555.14208984375,1350.0,1350.0,693.0,383.6000061035156,190.0,816.9655151367188,342.79998779296875,120.0,814.77490234375,515.469970703125,50.0,372.0090026855469,1666.734130859375,1539.1907958984375,631.3499755859375,890.0,773.3443603515625,992.6535034179688,1580.0,1578.8482666015625,1525.2982177734375,3018.16650390625,1350.0,889.6190185546875
2016-04-14,1500.0,1500.0,1197.0,496.0,50.0,1330.5511474609375,326.0,75.0,780.4366455078125,1020.0,1020.0,1520.0,2600.0,1500.0,1555.80322265625,2700.0,2700.0,693.0,675.9000244140625,190.0,817.6539306640625,621.7000122070312,120.0,815.42333984375,785.9089965820312,50.0,372.1808776855469,1606.837646484375,1479.2603759765625,631.5800170898438,1520.0,612.210205078125,993.1991577148438,1640.0,415.23931884765625,1526.2811279296875,5103.44873046875,2700.0,890.9537963867188
2016-04-15,1500.0,1500.0,1197.0,635.7000122070312,50.0,1332.0029296875,500.1000061035156,75.0,781.3361206054688,1190.0,1190.0,1520.0,2490.0,1500.0,1556.386474609375,1350.0,1350.0,693.0,1183.4000244140625,190.0,819.0613403320312,1131.800048828125,120.0,816.7136840820312,840.2050170898438,50.0,372.3658142089844,1724.978271484375,1597.4349365234375,631.8099975585938,2020.0,253.2723388671875,994.2610473632812,1690.0,1722.7218017578125,1526.2540283203125,3572.3056640625,1350.0,892.17822265625
2016-04-16,1500.0,1500.0,1197.0,540.5,540.9500732421875,1332.001953125,350.0,75.0,781.881591796875,1020.0,1020.0,1520.0,2240.0,1500.0,1556.8182373046875,1350.0,1350.0,693.0,902.5999755859375,928.79052734375,819.0242309570312,812.7999877929688,120.0,817.572509765625,569.7479858398438,50.0,372.4853210449219,1515.343505859375,1393.317626953125,632.030029296875,1540.0,472.02593994140625,994.9029541015625,1580.0,400.0,1527.2200927734375,3291.4921875,1350.0,893.2479248046875
2016-04-17,1500.0,1500.0,1197.0,521.4000244140625,50.0,1333.0460205078125,271.8999938964844,75.0,782.3023681640625,1030.0,1030.0,1520.0,2220.0,1500.0,1557.23828125,1350.0,1350.0,693.0,746.5,190.0,819.8126220703125,613.4000244140625,120.0,818.1841430664062,445.74200439453125,50.0,372.5747985839844,1663.9951171875,1536.4517822265625,632.260009765625,1320.0,584.226318359375,995.3350219726562,1530.0,1538.4534912109375,1527.21337890625,2920.902099609375,1350.0,894.1134033203125
2016-04-18,1500.0,1500.0,1197.0,472.6000061035156,50.0,1334.0833740234375,225.3000030517578,224.14739990234375,782.304931640625,1090.0,1090.0,1520.0,2260.0,1500.0,1557.681640625,1350.0,1350.0,693.0,615.7999877929688,616.4214477539062,819.811767578125,498.29998779296875,120.0,818.6531372070312,356.82000732421875,50.0,372.6427307128906,1594.391845703125,1466.8485107421875,632.489990234375,1180.0,619.1893310546875,995.6621704101562,1550.0,400.0,1528.1258544921875,2933.4150390625,1350.0,894.98583984375
2016-04-19,1500.0,1500.0,1197.0,411.1000061035156,50.0,1334.879150390625,194.89999389648438,75.0,782.5691528320312,1100.0,1100.0,1520.0,2380.0,1500.0,1558.200927734375,1350.0,1350.0,693.0,524.5999755859375,190.0,820.2858276367188,415.5,120.0,819.018310546875,332.4830017089844,50.0,372.70477294921875,1647.9549560546875,1520.41162109375,632.719970703125,1070.0,709.5403442382812,995.8724975585938,1610.0,1578.830078125,1528.1505126953125,2855.635498046875,1350.0,895.7933349609375
2016-04-20,1892.3685302734375,1892.3685302734375,1197.0,421.5,418.3472595214844,1334.8861083984375,175.39999389648438,75.0,782.7904052734375,1120.0,1120.0,1520.0,2390.0,1892.3685302734375,1558.5,1350.0,1350.0,693.0,402.8999938964844,190.0,820.5874633789062,364.79998779296875,120.0,819.303955078125,259.9339904785156,50.0,372.749267578125,1606.865234375,1479.2880859375,632.9500122070312,1000.0,754.6461791992188,996.01611328125,1800.0,400.0,1529.26123046875,2978.020263671875,1350.0,896.6660766601562
2016-04-21,2360.0,2360.0,1197.0,408.8999938964844,50.0,1335.76171875,169.3000030517578,75.0,782.9982299804688,1090.0,1090.0,1520.0,2360.0,2360.0,1558.5,1350.0,1350.0,693.0,305.29998779296875,190.0,820.7507934570312,346.20001220703125,120.0,819.56787109375,411.48101806640625,50.0,372.8304138183594,1640.3935546875,1515.8873291015625,633.1599731445312,980.0,782.0111694335938,996.1350708007812,1850.0,1917.76171875,1529.20751953125,3238.49267578125,1350.0,897.678466796875
2016-04-22,2210.0,2210.0,1197.0,340.1000061035156,50.0,1336.427490234375,225.60000610351562,75.0,783.2701416015625,1050.0,1050.0,1520.0,2210.0,2210.0,1558.5,1350.0,1350.0,693.0,478.5,190.0,821.1488647460938,353.3999938964844,120.0,819.8401489257812,755.0869750976562,50.0,372.99462890625,1605.8211669921875,1478.7578125,633.3699951171875,840.0,890.13427734375,996.10498046875,1640.0,400.0,1530.1912841796875,3008.444580078125,1350.0,898.5675048828125
2016-04-23,1840.0,1840.0,1197.0,373.29998779296875,50.0,1337.1400146484375,227.39999389648438,75.0,783.544921875,1040.0,1040.0,1520.0,1840.0,1840.0,1558.5,1350.0,1350.0,693.0,564.9000244140625,190.0,821.6446533203125,383.0,120.0,820.1561889648438,496.5140075683594,50.0,373.091796875,1655.0994873046875,1528.0362548828125,633.5800170898438,1250.0,750.7802734375,996.405029296875,1570.0,1608.368896484375,1530.160888671875,3017.54541015625,1350.0,899.4492797851562
2016-04-24,2180.0,2180.0,1197.0,510.0,50.0,1338.1729736328125,326.29998779296875,75.0,783.998046875,1310.0,1310.0,1520.0,2180.0,2180.0,1558.5,1350.0,1350.0,693.0,1013.2000122070312,190.0,822.733154296875,614.5,120.0,820.7692260742188,434.6360168457031,50.0,373.1744079589844,1645.6214599609375,1518.5950927734375,633.7899780273438,1980.0,440.12841796875,997.3208618164062,1860.0,802.3628540039062,1531.0,3650.272705078125,1350.0,900.6499633789062
2016-04-25,2130.0,2130.0,1197.0,513.7999877929688,50.0,1339.287109375,450.5,182.20083618164062,784.530029296875,1180.0,1180.0,1520.0,2130.0,2130.0,1558.5,1350.0,1350.0,693.0,1495.4000244140625,1503.7587890625,822.7221069335938,738.0999755859375,120.0,821.5039672851562,406.6889953613281,50.0,373.2505798339844,1802.4921875,1681.48486328125,633.989990234375,1330.0,50.0,998.0675659179688,1700.0,1700.0,1531.0,3789.008056640625,1350.0,901.9230346679688
2016-04-26,1850.0,1850.0,1197.0,433.6000061035156,50.0,1340.1324462890625,368.5,376.90771484375,784.5133666992188,1040.0,1040.0,1520.0,1850.0,1850.0,1558.5,1350.0,1350.0,693.0,1180.5,518.6111450195312,823.5599975585938,634.7000122070312,120.0,822.1044921875,356.4339904785156,50.0,373.31512451171875,1509.150390625,1381.1024169921875,634.219970703125,1050.0,276.7729797363281,998.5186157226562,1520.0,1520.0,1531.0,3590.190185546875,1350.0,903.0923461914062
2016-04-27,1720.0,1720.0,1197.0,393.1000061035156,413.13427734375,1340.0882568359375,305.6000061035156,75.0,784.9707641601562,890.0,890.0,1520.0,1720.0,1720.0,1558.5,1350.0,1350.0,693.0,936.0,960.1993408203125,823.5299682617188,533.7000122070312,120.0,822.587158203125,376.0690002441406,50.0,373.3841857910156,1580.5372314453125,1452.9599609375,634.4500122070312,960.0,471.5871887207031,998.8035278320312,1440.0,1440.0,1531.0,3664.389892578125,1350.0,904.3003540039062
2016-04-28,1610.0,1610.0,1197.0,369.8999938964844,50.0,1340.7933349609375,258.5,253.58291625976562,784.98046875,880.0,880.0,1520.0,1610.0,1610.0,1558.5,1350.0,1350.0,693.0,835.7999877929688,214.67518615722656,824.2999877929688,455.1000061035156,120.0,822.9781494140625,335.19500732421875,50.0,373.4438171386719,1623.5302734375,1495.9869384765625,634.6799926757812,900.0,694.5223388671875,998.9234008789062,1360.0,1360.0,1531.0,3163.413818359375,1350.0,905.2406005859375
2016-04-29,1560.0,1560.0,1197.0,302.1000061035156,50.0,1341.348876953125,232.89999389648438,75.0,785.293701171875,840.0,840.0,1520.0,1560.0,1560.0,1558.5,1350.0,1350.0,693.0,669.0,690.5078125,824.2733154296875,418.29998779296875,120.0,823.326171875,274.0119934082031,192.81381225585938,373.4563903808594,1621.8995361328125,1499.8736572265625,634.9000244140625,860.0,745.5159301757812,998.990234375,1270.0,1270.0,1531.0,3008.56103515625,1350.0,906.0841064453125
2016-04-30,1540.0,1540.0,1197.0,282.6000061035156,50.0,1341.861572265625,221.8000030517578,75.0,785.5848388671875,760.0,760.0,1520.0,1540.0,1540.0,1558.5,1350.0,1350.0,693.0,627.7000122070312,190.0,824.81591796875,403.70001220703125,120.0,823.6572265625,274.1199951171875,211.09085083007812,373.46478271484375,1623.9635009765625,1495.921630859375,635.1199951171875,800.0,805.2138671875,998.9871826171875,1300.0,1300.0,1531.0,3071.750732421875,1350.0,906.959716796875
2016-05-01,1573.0,1573.0,1197.0,250.5,50.0,1342.3033447265625,191.89999389648438,75.0,785.8167114257812,800.0,800.0,1520.0,1410.0,1646.0,1558.358154296875,1350.0,1350.0,693.0,581.5999755859375,190.0,825.3013916015625,368.20001220703125,120.0,823.94677734375,275.8420104980469,224.9222869873047,373.4670715332031,1744.75,1617.686767578125,635.3300170898438,730.0,1016.374267578125,998.8201293945312,1270.0,1570.0,1530.761962890625,2919.5615234375,1350.0,907.7579956054688
2016-05-02,1573.0,1573.0,1197.0,230.39999389648438,50.0,1342.700927734375,173.39999389648438,75.0,786.0108032226562,780.0,300.0,1521.7041015625,1520.0,1646.0,1558.282470703125,1350.0,1350.0,693.0,506.3999938964844,493.3274230957031,825.3175659179688,334.0,120.0,824.1964721679688,236.0449981689453,188.43902587890625,373.4685974121094,1763.0904541015625,1636.0640869140625,635.5399780273438,640.0,1035.21337890625,998.5895385742188,1280.0,1580.0,1530.52392578125,3097.194091796875,1350.0,908.6466064453125
2016-05-03,1573.0,1573.0,1197.0,231.60000610351562,50.0,1343.1011962890625,160.0,75.0,786.1640625,760.0,300.0,1523.4407958984375,1570.0,1646.0,1558.2366943359375,1350.0,1350.0,693.0,468.70001220703125,190.0,825.6630859375,319.8999938964844,120.0,824.4296875,208.13600158691406,162.73829650878906,373.4696044921875,1747.676025390625,1620.6126708984375,635.75,640.0,1039.46728515625,998.3565063476562,1400.0,1700.0,1530.2860107421875,3178.993896484375,1350.0,909.5767822265625
2016-05-04,1573.0,1573.0,1197.0,227.5,50.0,1343.492431640625,165.0,75.0,786.3263549804688,790.0,300.0,1525.227294921875,1760.0,1646.0,1558.3052978515625,1350.0,1350.0,693.0,451.79998779296875,190.0,825.9876098632812,294.6000061035156,120.0,824.6334228515625,211.41400146484375,167.48785400390625,373.47027587890625,1758.5186767578125,1631.4554443359375,635.9600219726562,610.0,1093.683349609375,998.0743408203125,1450.0,1750.0,1530.0479736328125,3356.510009765625,1350.0,910.5823364257812
2016-05-05,1763.0,1763.0,1197.0,205.0,50.0,1343.833984375,144.6999969482422,75.0,786.4520263671875,780.0,300.0,1526.976806640625,2160.0,1836.0,1558.5,1350.0,1350.0,693.0,422.8999938964844,190.0,826.2763671875,246.89999389648438,120.0,824.781494140625,242.09500122070312,199.1494903564453,373.4707336425781,1744.4219970703125,1623.4515380859375,636.1599731445312,540.0,1119.7734375,997.7361450195312,1470.0,1770.0,1529.8099365234375,3487.8369140625,1350.0,911.6423950195312
2016-05-06,1573.0,1573.0,1197.0,187.39999389648438,50.0,1344.1368408203125,136.1999969482422,75.0,786.5623779296875,750.0,300.0,1528.56201171875,1560.0,1646.0,1558.4483642578125,1350.0,1350.0,693.0,385.3999938964844,190.0,826.5185546875,242.0,120.0,824.923828125,199.3679962158203,157.0759735107422,373.4710388183594,1758.7994384765625,1631.736083984375,636.3699951171875,550.0,1124.9302978515625,997.4006958007812,1440.0,1740.0,1529.5718994140625,3242.07568359375,1350.0,912.5806274414062
2016-05-07,1573.0,1573.0,1197.0,163.6999969482422,50.0,1344.3873291015625,119.30000305175781,75.0,786.6422729492188,730.0,300.0,1530.0565185546875,1620.0,1646.0,1558.4327392578125,1350.0,1350.0,693.0,352.6000061035156,190.0,826.7201538085938,227.60000610351562,120.0,825.0493774414062,169.73500061035156,127.87846374511719,373.47125244140625,1750.8656005859375,1623.80224609375,636.5800170898438,420.0,1140.5023193359375,996.9797973632812,1470.0,1770.0,1529.3338623046875,3268.489501953125,1350.0,913.5319213867188
2016-05-08,1573.0,1573.0,1197.0,154.89999389648438,50.0,1344.6185302734375,114.0,75.0,786.7125854492188,750.0,300.0,1531.65283203125,1600.0,1646.0,1558.405029296875,1350.0,1350.0,693.0,318.29998779296875,190.0,826.8792114257812,211.3000030517578,120.0,825.1558837890625,151.89700317382812,110.3306655883789,373.47137451171875,1756.764892578125,1629.738525390625,636.7899780273438,400.0,1175.25634765625,996.5138549804688,1490.0,1751.7298583984375,1529.126220703125,3237.65087890625,1350.0,914.4679565429688
2016-05-09,1573.0,1573.0,1197.0,142.60000610351562,50.0,1344.8226318359375,107.0,75.0,786.7703247070312,680.0,300.0,1533.1336669921875,1480.0,1646.0,1558.3052978515625,1350.0,1350.0,693.0,286.8999938964844,190.0,826.9993286132812,186.10000610351562,120.0,825.2330322265625,109.2770004272461,67.904052734375,373.4714660644531,1751.819580078125,1624.7562255859375,637.0,400.0,1205.144287109375,996.0299072265625,1430.0,820.1228637695312,1529.610107421875,2840.32958984375,1350.0,915.2069702148438
2016-05-10,1573.0,1573.0,1197.0,131.89999389648438,50.0,1345.003173828125,97.80000305175781,75.0,786.8114013671875,620.0,300.0,1534.229736328125,1320.0,1646.0,1558.109375,1350.0,1350.0,693.0,247.89999389648438,190.0,827.06689453125,181.1999969482422,120.0,825.304443359375,130.2570037841797,89.01292419433594,373.4715270996094,1635.35888671875,1635.35888671875,637.0,410.0,1126.4520263671875,995.611083984375,1300.0,512.2200317382812,1530.235107421875,2137.889892578125,1350.0,915.59765625
2016-05-11,1573.0,1573.0,1197.0,120.80000305175781,50.0,1345.1591796875,91.19999694824219,75.0,786.8406372070312,590.0,300.0,1535.380126953125,1250.0,1646.0,1557.8751220703125,1350.0,1350.0,693.0,225.5,190.0,827.1083374023438,173.10000610351562,120.0,825.3663940429688,143.35699462890625,102.19879913330078,373.4715576171875,1620.7618408203125,1620.7618408203125,637.0,320.0,1139.051025390625,995.1332397460938,1190.0,598.971923828125,1530.7039794921875,1627.2208251953125,1350.0,915.735107421875
2016-05-12,1573.0,1573.0,1197.0,112.0999984741211,50.0,1345.2960205078125,84.69999694824219,75.0,786.8580932617188,590.0,300.0,1536.442138671875,1240.0,1646.0,1557.63818359375,1350.0,1350.0,693.0,255.39999389648438,190.0,827.1846313476562,220.0,120.0,825.4830322265625,134.6479949951172,93.54702758789062,373.4715881347656,1633.1531982421875,1633.1531982421875,637.0,310.0,1161.156982421875,994.6256713867188,1160.0,834.322998046875,1530.96240234375,1713.7445068359375,1350.0,915.91552734375
2016-05-13,1573.0,1573.0,1197.0,96.30000305175781,50.0,1345.3980712890625,94.5999984741211,75.0,786.8934326171875,580.0,300.0,1537.4412841796875,1100.0,1646.0,1557.3197021484375,1350.0,1350.0,693.0,239.5,190.0,827.2423706054688,290.79998779296875,120.0,825.6823120117188,233.7429962158203,192.68016052246094,373.47161865234375,1622.2811279296875,1622.2811279296875,637.0,280.0,1181.3890380859375,994.0839233398438,1170.0,1122.6322021484375,1531.0,1930.751953125,1350.0,916.198486328125
2016-05-14,1573.0,1573.0,1197.0,102.69999694824219,50.0,1345.51416015625,121.0,75.0,786.9763793945312,520.0,300.0,1538.26171875,1270.0,1646.0,1557.100341796875,1350.0,1350.0,693.0,292.8999938964844,190.0,827.3624267578125,170.89999389648438,120.0,825.74169921875,357.2720031738281,316.2345886230469,373.47161865234375,1633.7708740234375,1633.7708740234375,637.0,330.0,1169.0400390625,993.57958984375,1220.0,1220.0,1531.0,2291.856689453125,1350.0,916.6541748046875
2016-05-15,1573.0,1573.0,1197.0,124.0,50.0,1345.67724609375,137.8000030517578,75.0,787.0896606445312,580.0,300.0,1539.224853515625,1330.0,1646.0,1556.916015625,1350.0,1350.0,693.0,314.70001220703125,190.0,827.5079345703125,194.60000610351562,120.0,825.8287353515625,339.208984375,298.1885070800781,373.47161865234375,1627.072021484375,1627.072021484375,637.0,370.0,1095.60693359375,993.1434936523438,1190.0,1190.0,1531.0,2499.118408203125,1350.0,917.2100830078125
2016-05-16,1573.0,1573.0,1197.0,125.4000015258789,50.0,1345.843505859375,158.8000030517578,75.0,787.24072265625,570.0,300.0,1540.24658203125,1410.0,1646.0,1556.7783203125,1350.0,1350.0,693.0,377.3999938964844,190.0,827.7266235351562,230.8000030517578,120.0,825.9580078125,185.41400146484375,144.40480041503906,373.47161865234375,1253.0736083984375,1253.0736083984375,637.0,300.0,717.75,992.8923950195312,1180.0,1180.0,1531.0,2322.316650390625,1350.0,917.6804809570312
2016-05-17,1573.0,1573.0,1197.0,120.19999694824219,50.0,1345.9981689453125,143.10000610351562,75.0,787.363525390625,540.0,300.0,1541.0399169921875,1250.0,1646.0,1556.54736328125,1350.0,1350.0,693.0,376.29998779296875,190.0,827.9439697265625,188.0,120.0,826.037353515625,160.78500366210938,119.7833251953125,373.4716491699219,1204.204345703125,1204.204345703125,637.0,280.0,749.677001953125,992.610107421875,1130.0,1130.0,1531.0,2281.310302734375,1350.0,918.1309814453125
2016-05-18,1573.0,1573.0,1197.0,108.5999984741211,50.0,1346.1273193359375,117.80000305175781,75.0,787.4407348632812,510.0,300.0,1541.734130859375,1180.0,1646.0,1556.2755126953125,1350.0,1350.0,693.0,320.0,190.0,828.0956420898438,167.6999969482422,120.0,826.093017578125,122.46199798583984,81.46533203125,373.4716491699219,1244.6536865234375,1244.6536865234375,637.0,260.0,803.916015625,992.283203125,1120.0,1120.0,1531.0,2055.438232421875,1350.0,918.4722900390625
2016-05-19,1573.0,1573.0,1197.0,102.9000015258789,50.0,1346.243896484375,125.69999694824219,75.0,787.5321655273438,530.0,300.0,1542.5933837890625,1280.0,1646.0,1556.06201171875,1350.0,1350.0,693.0,373.5,190.0,828.3097534179688,222.0,120.0,826.2120361328125,125.03900146484375,84.0456771850586,373.4716491699219,1214.8165283203125,1214.8165283203125,637.0,340.0,787.7449951171875,992.0140380859375,1150.0,1150.0,1531.0,2101.746337890625,1350.0,918.8359375
2016-05-20,1573.0,1573.0,1197.0,122.5999984741211,50.0,1346.4039306640625,130.10000610351562,75.0,787.6314697265625,500.0,300.0,1543.322265625,1210.0,1646.0,1555.8017578125,1350.0,1350.0,693.0,495.1000061035156,190.0,828.6657104492188,275.0,120.0,826.3928833007812,156.7220001220703,115.73090362548828,373.4716491699219,1238.320068359375,1238.320068359375,637.0,360.0,802.2030029296875,991.748291015625,1120.0,1120.0,1531.0,2091.498779296875,1350.0,919.1946411132812
2016-05-21,1573.0,1573.0,1197.0,125.4000015258789,50.0,1346.570068359375,116.80000305175781,75.0,787.7068481445312,570.0,300.0,1544.21484375,1300.0,1646.0,1555.5938720703125,1350.0,1350.0,693.0,441.8999938964844,190.0,828.9595947265625,223.60000610351562,120.0,826.5137329101562,141.51499938964844,100.52538299560547,373.4716491699219,1221.0496826171875,1221.0496826171875,637.0,360.0,774.7960205078125,991.4989624023438,1090.0,1090.0,1531.0,2124.6259765625,1350.0,919.5693969726562
2016-05-22,1573.0,1573.0,1197.0,112.5999984741211,50.0,1346.7080078125,113.0,75.0,787.775390625,580.0,300.0,1545.1405029296875,1330.0,1646.0,1555.4039306640625,1350.0,1350.0,693.0,400.1000061035156,190.0,829.193359375,222.5,120.0,826.6333618164062,189.1160125732422,148.12738037109375,373.4716491699219,1235.84521484375,1235.84521484375,637.0,410.0,748.135986328125,991.2957153320312,1180.0,1180.0,1531.0,2106.332275390625,1350.0,919.935302734375
2016-05-23,1573.0,1573.0,1197.0,125.30000305175781,50.0,1346.8740234375,111.5,75.0,787.8411865234375,590.0,300.0,1546.09912109375,1360.0,1646.0,1555.23193359375,1350.0,1350.0,693.0,402.0,190.0,829.427001953125,229.6999969482422,120.0,826.7613525390625,95.31200408935547,54.32403564453125,373.4716491699219,1228.288330078125,1228.288330078125,637.0,500.0,654.7039794921875,991.2027587890625,1150.0,1150.0,1531.0,2225.275146484375,1350.0,920.3502197265625
2016-05-24,1573.0,1573.0,1197.0,136.1999969482422,50.0,1347.0576171875,104.30000305175781,75.0,787.89404296875,550.0,300.0,1546.9256591796875,1280.0,1646.0,1555.011962890625,1350.0,1350.0,693.0,392.1000061035156,190.0,829.649658203125,212.60000610351562,120.0,826.869384765625,104.01000213623047,63.0224723815918,373.4716491699219,1225.0089111328125,1225.0089111328125,637.0,470.0,686.9730224609375,991.0723266601562,1090.0,1090.0,1531.0,2173.9365234375,1350.0,920.7393188476562
2016-05-25,1573.0,1573.0,1197.0,123.5,50.0,1347.203369140625,96.30000305175781,75.0,787.9324340820312,520.0,300.0,1547.65283203125,1210.0,1646.0,1554.7498779296875,1481.00439453125,1481.00439453125,693.0,368.1000061035156,190.0,829.845947265625,193.10000610351562,120.0,826.9546508789062,122.30099487304688,81.31375885009766,373.4716491699219,1228.5501708984375,1228.5501708984375,637.0,370.0,715.7940063476562,990.8602294921875,1030.0,1030.0,1531.0,2033.0372314453125,1481.00439453125,921.0
2016-05-26,1573.0,1573.0,1197.0,103.0,50.0,1347.3084716796875,92.5,75.0,787.9639892578125,490.0,300.0,1548.337158203125,1180.0,1646.0,1554.4698486328125,1951.0035400390625,1951.0035400390625,693.0,294.6000061035156,190.0,829.961181640625,172.3000030517578,120.0,827.0156860351562,104.39399719238281,63.40695571899414,373.4716491699219,1224.1031494140625,1224.1031494140625,637.0,370.0,764.6119995117188,990.6156616210938,1000.0,1000.0,1531.0,1951.0035400390625,1951.0035400390625,921.0
2016-05-27,1573.0,1573.0,1197.0,93.0,50.0,1347.393798828125,80.80000305175781,75.0,787.9744262695312,460.0,300.0,1548.971923828125,1090.0,1646.0,1554.1356201171875,1993.3681640625,1993.3681640625,693.0,266.5,190.0,830.0454711914062,161.1999969482422,120.0,827.0637817382812,107.18299865722656,66.19608306884766,373.4716491699219,1233.04150390625,1233.04150390625,637.0,280.0,740.4979858398438,990.3302001953125,1020.0,1020.0,1531.0,1993.3681640625,1993.3681640625,921.0
2016-05-28,1573.0,1573.0,1197.0,84.30000305175781,50.0,1347.4617919921875,73.4000015258789,75.0,787.9715576171875,440.0,300.0,1549.439453125,1080.0,1646.0,1553.7890625,1771.5186767578125,1771.5186767578125,693.0,206.39999389648438,190.0,830.0635986328125,145.3000030517578,120.0,827.09326171875,50.868003845214844,50.0,373.46240234375,1220.944580078125,1220.944580078125,637.0,250.0,779.2950439453125,990.0021362304688,930.0,930.0,1531.0,1771.5186767578125,1771.5186767578125,921.0
2016-05-29,1573.0,1573.0,1197.0,85.30000305175781,50.0,1347.5318603515625,70.0999984741211,75.0,787.9627075195312,420.0,300.0,1549.8360595703125,1040.0,1646.0,1553.4134521484375,1654.7623291015625,1654.7623291015625,693.0,183.5,190.0,830.056396484375,127.69999694824219,120.0,827.1022338867188,75.75399780273438,50.0,373.4588928222656,1233.4044189453125,1233.4044189453125,637.0,220.0,788.7239990234375,989.6602172851562,920.0,920.0,1531.0,1654.7623291015625,1654.7623291015625,921.0
2016-05-30,1573.0,1573.0,1197.0,81.9000015258789,50.0,1347.5950927734375,62.20000076293945,75.0,787.9396362304688,410.0,300.0,1550.171142578125,1040.0,1646.0,1553.037841796875,1448.3309326171875,1448.3309326171875,693.0,252.5,190.0,830.1253051757812,110.19999694824219,120.0,827.0908203125,73.63400268554688,50.0,373.45489501953125,1222.1380615234375,1222.1380615234375,637.0,210.0,806.0560302734375,989.302001953125,920.0,920.0,1531.0,1448.3309326171875,1448.3309326171875,921.0
2016-05-31,1573.0,1573.0,1197.0,88.5,50.0,1347.67138671875,60.599998474121094,75.0,787.9136962890625,400.0,300.0,1550.45458984375,1010.0,1646.0,1552.6544189453125,1521.015380859375,1521.015380859375,693.0,181.5,190.0,830.1159057617188,109.5,120.0,827.0785522460938,72.625,50.0,373.4506530761719,1231.7642822265625,1231.7642822265625,637.0,190.0,824.239990234375,988.9182739257812,880.0,880.0,1531.0,1521.015380859375,1521.015380859375,921.0
2016-06-01,1325.0,1325.0,1197.0,87.30000305175781,62.65629959106445,1347.7203369140625,55.0,79.3281478881836,787.8698120117188,390.0,422.3125915527344,1550.363037109375,1290.0,1426.0,1552.5726318359375,1534.5030517578125,1534.5030517578125,693.0,171.10000610351562,199.32815551757812,830.0847778320312,98.0,120.0,827.0529174804688,63.935001373291016,62.65629959106445,373.43890380859375,1296.0819091796875,1296.0819091796875,637.0,180.0,919.509033203125,988.4598999023438,830.0,830.0,1531.0,1534.5030517578125,1534.5030517578125,921.0
2016-06-02,1325.0,1325.0,1197.0,68.69999694824219,62.65629959106445,1347.7322998046875,52.70000076293945,79.3281478881836,787.82177734375,370.0,422.3125915527344,1550.2147216796875,890.0,1426.0,1552.25048828125,1528.1092529296875,1528.1092529296875,693.0,153.1999969482422,199.32815551757812,830.0339965820312,97.30000305175781,120.0,827.0264282226562,44.810001373291016,62.65629959106445,373.4227294921875,1313.49169921875,1313.49169921875,637.0,190.0,935.9450073242188,987.99755859375,820.0,820.0,1531.0,1528.1092529296875,1528.1092529296875,921.0
2016-06-03,1325.0,1325.0,1197.0,53.0,62.65629959106445,1347.713134765625,53.400001525878906,79.3281478881836,787.7750244140625,370.0,422.3125915527344,1550.0665283203125,970.0,1426.0,1551.9757080078125,1531.4376220703125,1531.4376220703125,693.0,143.1999969482422,199.32815551757812,829.9721069335938,85.30000305175781,120.0,826.9859619140625,105.00199890136719,62.65629959106445,373.4204406738281,1299.6142578125,1299.6142578125,637.0,170.0,933.4830322265625,987.5243530273438,880.0,880.0,1531.0,1531.4376220703125,1531.4376220703125,921.0
2016-06-04,1325.0,1325.0,1197.0,48.70000076293945,62.65629959106445,1347.6854248046875,47.20000076293945,79.3281478881836,787.7171020507812,370.0,422.3125915527344,1549.9046630859375,960.0,1426.0,1551.6868896484375,1478.6456298828125,1478.6456298828125,693.0,147.39999389648438,199.32815551757812,829.9149169921875,90.19999694824219,120.0,826.951171875,92.3949966430664,62.65629959106445,373.4152526855469,1311.21484375,1311.21484375,637.0,150.0,939.2969970703125,987.0350952148438,830.0,830.0,1531.0,1478.6456298828125,1478.6456298828125,921.0
2016-06-05,1325.0,1325.0,1197.0,25.600000381469727,62.65629959106445,1347.6119384765625,48.0,79.3281478881836,787.66064453125,350.0,422.3125915527344,1549.6656494140625,900.0,1426.0,1551.36083984375,1377.80126953125,1377.80126953125,693.0,125.0999984741211,199.32815551757812,829.8331298828125,80.0999984741211,120.0,826.9046020507812,48.28000259399414,62.65629959106445,373.3998718261719,1300.2159423828125,1300.2159423828125,637.0,110.0,959.7139892578125,986.5084228515625,800.0,800.0,1531.0,1377.80126953125,1377.80126953125,921.0
2016-06-06,1325.0,1325.0,1197.0,55.20000076293945,62.65629959106445,1347.59716796875,40.20000076293945,79.3281478881836,787.590087890625,350.0,422.3125915527344,1549.4266357421875,900.0,1426.0,1551.0347900390625,1376.664306640625,1376.664306640625,693.0,122.4000015258789,199.32815551757812,829.7483520507812,85.0,120.0,826.86376953125,21.842998504638672,62.65629959106445,373.3784484863281,1311.0198974609375,1311.0198974609375,637.0,120.0,961.553955078125,985.98681640625,810.0,810.0,1531.0,1376.664306640625,1376.664306640625,921.0
2016-06-07,1325.0,1325.0,1197.0,41.79999923706055,62.65629959106445,1347.5557861328125,38.70000076293945,79.3281478881836,787.516845703125,350.0,422.3125915527344,1549.1875,900.0,1426.0,1550.708740234375,1350.0,1350.0,693.0,115.0,199.32815551757812,829.6553955078125,88.0,120.0,826.826416015625,39.83300018310547,62.65629959106445,373.36114501953125,1300.9197998046875,1300.9197998046875,637.0,100.0,972.6530151367188,985.4458618164062,750.0,750.0,1531.0,1300.4439697265625,1350.0,920.9766235351562
2016-06-08,1325.0,1325.0,1197.0,14.199999809265137,62.65629959106445,1347.459716796875,39.70000076293945,79.3281478881836,787.4453735351562,330.0,422.3125915527344,1548.85888671875,770.0,1426.0,1550.3021240234375,1350.0,1350.0,693.0,115.4000015258789,199.32815551757812,829.5629272460938,91.19999694824219,120.0,826.7928466796875,27.999000549316406,62.65629959106445,373.34112548828125,1309.651611328125,1309.651611328125,637.0,70.0,987.5599975585938,984.8771362304688,740.0,740.0,1531.0,1320.5662841796875,1350.0,920.9627075195312
2016-06-09,1325.0,1325.0,1197.0,17.299999237060547,62.65629959106445,1347.3697509765625,48.29999923706055,79.3281478881836,787.389404296875,320.0,422.3125915527344,1548.4530029296875,790.0,1426.0,1549.907958984375,1350.0,1350.0,693.0,108.19999694824219,199.32815551757812,829.4625244140625,136.0,120.0,826.8115234375,24.4739990234375,62.65629959106445,373.3203125,1303.52978515625,1303.52978515625,637.0,70.0,974.135009765625,984.3167114257812,780.0,780.0,1531.0,1281.271728515625,1350.0,920.9302368164062
2016-06-10,1325.0,1325.0,1197.0,52.0,62.65629959106445,1347.3486328125,40.599998474121094,79.3281478881836,787.319580078125,350.0,422.3125915527344,1548.1661376953125,710.0,1426.0,1549.464111328125,1350.0,1350.0,693.0,113.80000305175781,199.32815551757812,829.3682861328125,115.0,120.0,826.8056640625,35.862003326416016,62.65629959106445,373.3021240234375,1306.7176513671875,1306.7176513671875,637.0,180.0,999.947021484375,983.8023071289062,790.0,790.0,1531.0,1391.0469970703125,1350.0,920.9496459960938
2016-06-11,1325.0,1325.0,1197.0,55.400001525878906,62.65629959106445,1347.334228515625,40.599998474121094,79.3281478881836,787.249755859375,330.0,422.3125915527344,1547.833251953125,530.0,1426.0,1548.90576171875,1350.0,1350.0,693.0,104.4000015258789,199.32815551757812,829.263671875,91.0,120.0,826.7718505859375,-35.47999572753906,62.65629959106445,373.2674865722656,1305.4908447265625,1305.4908447265625,637.0,220.0,997.7249755859375,983.3046875,670.0,670.0,1531.0,1433.6302490234375,1350.0,920.9891357421875
2016-06-12,1325.0,1325.0,1197.0,39.20000076293945,62.65629959106445,1347.2877197265625,37.29999923706055,79.3281478881836,787.1739501953125,310.0,422.3125915527344,1547.4620361328125,710.0,1426.0,1548.44775390625,1350.0,1350.0,693.0,101.0,199.32815551757812,829.1553344726562,74.0,120.0,826.7181396484375,73.28900146484375,62.65629959106445,373.2579650878906,1303.416015625,1303.416015625,637.0,130.0,1050.97998046875,982.7154541015625,590.0,590.0,1531.0,1370.182373046875,1350.0,920.9986572265625
2016-06-13,1325.0,1325.0,1197.0,63.5,62.65629959106445,1347.289306640625,37.5,79.3281478881836,787.0985717773438,310.0,422.3125915527344,1547.0906982421875,600.0,1426.0,1547.919189453125,1350.0,1350.0,693.0,103.19999694824219,199.32815551757812,829.0493774414062,81.0,120.0,826.6726684570312,55.5780029296875,62.65629959106445,373.2443542480469,1309.095703125,1309.095703125,637.0,140.0,1036.8330078125,982.1416015625,540.0,540.0,1531.0,1231.6497802734375,1350.0,920.9427490234375
2016-06-14,1325.0,1325.0,1197.0,87.5,62.65629959106445,1347.338623046875,56.599998474121094,79.3281478881836,787.0575561523438,370.0,422.3125915527344,1546.917724609375,860.0,1426.0,1547.5570068359375,1350.0,1350.0,693.0,137.6999969482422,199.32815551757812,828.9804077148438,144.0,120.0,826.70068359375,74.17400360107422,62.65629959106445,373.23504638671875,1307.936767578125,1307.936767578125,637.0,290.0,954.7230224609375,981.7251586914062,640.0,640.0,1531.0,1320.4139404296875,1350.0,920.9287719726562
2016-06-15,1325.0,1325.0,1197.0,59.79999923706055,62.65629959106445,1347.3330078125,54.0,79.3281478881836,787.0119018554688,340.0,422.3125915527344,1546.6456298828125,750.0,1426.0,1547.12451171875,1350.0,1350.0,693.0,150.10000610351562,199.32815551757812,828.9229736328125,120.0,120.0,826.70068359375,70.26200103759766,62.65629959106445,373.2248229980469,1305.21142578125,1305.21142578125,637.0,250.0,938.448974609375,981.2984619140625,700.0,700.0,1531.0,1295.8546142578125,1350.0,920.9031982421875
2016-06-16,1325.0,1325.0,1197.0,45.0,62.65629959106445,1347.2979736328125,51.79999923706055,79.3281478881836,786.9622802734375,340.0,422.3125915527344,1546.37353515625,750.0,1426.0,1546.6920166015625,1350.0,1350.0,693.0,153.10000610351562,199.32815551757812,828.8690185546875,121.0,120.0,826.7018432617188,56.65800094604492,62.65629959106445,373.21148681640625,1308.0059814453125,1308.0059814453125,637.0,230.0,918.9849853515625,980.8672485351562,710.0,710.0,1531.0,1362.1732177734375,1350.0,920.908935546875
2016-06-17,1325.0,1325.0,1197.0,46.20000076293945,62.65629959106445,1347.2652587890625,43.0,79.3281478881836,786.896728515625,330.0,422.3125915527344,1546.068359375,770.0,1426.0,1546.272216796875,1350.0,1350.0,693.0,139.10000610351562,199.32815551757812,828.7987670898438,115.0,120.0,826.6959838867188,-25.360000610351562,62.65629959106445,373.1792297363281,1305.9432373046875,1305.9432373046875,637.0,110.0,895.2059936523438,980.3648681640625,750.0,750.0,1531.0,1338.74658203125,1350.0,920.9036254882812
2016-06-18,1325.0,1325.0,1197.0,56.20000076293945,62.65629959106445,1347.2525634765625,44.599998474121094,79.3281478881836,786.8341064453125,360.0,422.3125915527344,1545.8624267578125,990.0,1426.0,1545.9932861328125,1350.0,1350.0,693.0,139.1999969482422,199.32815551757812,828.7285766601562,122.0,120.0,826.6983032226562,166.94300842285156,62.65629959106445,373.1913146972656,1303.741943359375,1303.741943359375,637.0,350.0,928.0980224609375,979.9948120117188,860.0,860.0,1531.0,1542.498291015625,1350.0,920.9945678710938
2016-06-19,1325.0,1325.0,1197.0,65.19999694824219,62.65629959106445,1347.257568359375,24.799999237060547,79.3281478881836,786.7357788085938,340.0,422.3125915527344,1545.59033203125,850.0,1426.0,1545.624755859375,1598.0941162109375,1598.0941162109375,693.0,132.89999389648438,199.32815551757812,828.6510620117188,122.0,120.0,826.70068359375,45.91699981689453,62.65629959106445,373.1755065917969,1307.2467041015625,1307.2467041015625,637.0,240.0,939.0549926757812,979.5325927734375,780.0,780.0,1531.0,1609.6160888671875,1598.0941162109375,921.0
2016-06-20,1325.0,1325.0,1197.0,43.5,62.65629959106445,1347.2196044921875,33.0,79.3281478881836,786.6522827148438,330.0,422.3125915527344,1545.28515625,720.0,1426.0,1545.173095703125,1464.3817138671875,1464.3817138671875,693.0,111.0999984741211,199.32815551757812,828.5481567382812,97.4000015258789,120.0,826.67431640625,34.810001373291016,62.65629959106445,373.1571350097656,1302.5733642578125,1302.5733642578125,637.0,210.0,979.7979736328125,979.023681640625,740.0,740.0,1531.0,1464.3817138671875,1464.3817138671875,921.0
2016-06-21,1325.0,1325.0,1197.0,47.599998474121094,62.65629959106445,1347.189697265625,35.599998474121094,79.3281478881836,786.5734252929688,310.0,422.3125915527344,1544.913818359375,790.0,1426.0,1544.76611328125,1359.0313720703125,1359.0313720703125,693.0,91.5,199.32815551757812,828.42236328125,83.19999694824219,120.0,826.63134765625,20.469999313354492,62.65629959106445,373.135498046875,1309.1165771484375,1309.1165771484375,637.0,160.0,978.385009765625,978.499267578125,650.0,650.0,1531.0,1359.0313720703125,1359.0313720703125,921.0
2016-06-22,1325.0,1325.0,1197.0,49.5,62.65629959106445,1347.16357421875,32.599998474121094,79.3281478881836,786.4891357421875,310.0,422.3125915527344,1544.5426025390625,720.0,1426.0,1544.314453125,1350.0,1350.0,693.0,82.0999984741211,199.32815551757812,828.2855834960938,87.0,120.0,826.5928344726562,38.755001068115234,62.65629959106445,373.1180419921875,1300.9315185546875,1300.9315185546875,637.0,100.0,1018.865966796875,977.911376953125,590.0,590.0,1531.0,1234.0535888671875,1350.0,920.9452514648438
2016-06-23,1325.0,1325.0,1197.0,48.400001525878906,62.65629959106445,1347.1353759765625,28.200000762939453,79.3281478881836,786.39697265625,300.0,422.3125915527344,1544.13818359375,800.0,1426.0,1543.9110107421875,1350.0,1350.0,693.0,87.0999984741211,199.32815551757812,828.1546020507812,89.19999694824219,120.0,826.5569458007812,20.82699966430664,62.65629959106445,373.09649658203125,1313.0489501953125,1313.0489501953125,637.0,140.0,973.97802734375,977.3777465820312,540.0,540.0,1531.0,1028.051025390625,1350.0,920.793212890625
2016-06-24,1325.0,1325.0,1197.0,58.099998474121094,62.65629959106445,1347.1263427734375,32.79999923706055,79.3281478881836,786.3130493164062,310.0,422.3125915527344,1543.7669677734375,800.0,1426.0,1543.4970703125,1350.0,1350.0,693.0,89.30000305175781,199.32815551757812,828.0262451171875,98.5999984741211,120.0,826.531982421875,26.08799934387207,62.65629959106445,373.0761413574219,1302.034423828125,1302.034423828125,637.0,200.0,934.9649658203125,976.9044189453125,590.0,590.0,1531.0,1187.175537109375,1350.0,920.71630859375
2016-06-25,1325.0,1325.0,1197.0,51.20000076293945,62.65629959106445,1347.103515625,26.5,79.3281478881836,786.2178344726562,310.0,422.3125915527344,1543.3956298828125,760.0,1426.0,1543.0567626953125,1350.0,1350.0,693.0,80.5,199.32815551757812,827.8876342773438,88.30000305175781,120.0,826.4949951171875,2.75,62.65629959106445,373.0504150390625,1308.475830078125,1308.475830078125,637.0,130.0,952.1810302734375,976.36083984375,510.0,510.0,1531.0,1255.19873046875,1350.0,920.6715087890625
2016-06-26,1325.0,1325.0,1197.0,48.0,62.65629959106445,1347.074462890625,28.600000381469727,79.3281478881836,786.1263427734375,300.0,422.3125915527344,1542.9896240234375,730.0,1426.0,1542.5965576171875,1350.0,1350.0,693.0,81.30000305175781,199.32815551757812,827.7498779296875,81.9000015258789,120.0,826.4505004882812,68.63500213623047,62.65629959106445,373.0399169921875,1302.712158203125,1302.712158203125,637.0,110.0,971.3809814453125,975.7913208007812,620.0,620.0,1531.0,1102.5458984375,1350.0,920.5546875
2016-06-27,1325.0,1325.0,1197.0,47.29999923706055,62.65629959106445,1347.0440673828125,24.899999618530273,79.3281478881836,786.0281982421875,290.0,422.3125915527344,1542.4647216796875,590.0,1426.0,1542.0439453125,1350.0,1350.0,693.0,75.4000015258789,199.32815551757812,827.6052856445312,67.9000015258789,120.0,826.3897094726562,-1.1929969787597656,62.65629959106445,373.0133056640625,1307.809814453125,1307.809814453125,637.0,80.0,990.739990234375,975.1891479492188,550.0,550.0,1531.0,1077.572509765625,1350.0,920.426025390625
2016-06-28,1325.0,1325.0,1197.0,43.599998474121094,62.65629959106445,1347.0062255859375,23.600000381469727,79.3281478881836,785.9204711914062,280.0,422.3125915527344,1541.916748046875,710.0,1426.0,1541.570556640625,1350.0,1350.0,693.0,67.69999694824219,199.32815551757812,827.4517211914062,64.0,120.0,826.3244018554688,-8.737998962402344,62.65629959106445,372.9842224121094,1303.099365234375,1303.099365234375,637.0,90.0,1013.5,974.57861328125,470.0,470.0,1531.0,1091.4503173828125,1350.0,920.3038940429688
2016-06-29,1325.0,1325.0,1197.0,41.5,62.65629959106445,1346.9603271484375,20.0,79.3281478881836,785.8027954101562,270.0,422.3125915527344,1541.413330078125,700.0,1426.0,1541.0904541015625,1350.0,1350.0,693.0,65.19999694824219,199.32815551757812,827.2952270507812,59.0,120.0,826.2532348632812,4.616001129150391,62.65629959106445,372.957763671875,1307.7666015625,1307.7666015625,637.0,20.0,1027.595947265625,973.9124145507812,350.0,427.6407470703125,1530.9383544921875,962.5563354492188,1350.0,920.1209716796875
2016-06-30,1325.0,1325.0,1197.0,40.29999923706055,62.65629959106445,1346.9110107421875,19.700000762939453,79.3281478881836,785.6845092773438,270.0,422.3125915527344,1540.9097900390625,740.0,1426.0,1540.636962890625,1350.0,1350.0,693.0,63.900001525878906,199.32815551757812,827.13720703125,63.0,120.0,826.1867065429688,-30.936996459960938,62.65629959106445,372.9226989746094,1303.5384521484375,1303.5384521484375,637.0,110.0,1043.322021484375,973.2953491210938,680.0,602.3592529296875,1531.0,1061.1395263671875,1350.0,919.984130859375
2016-07-01,1390.0,1390.0,1197.0,37.400001525878906,66.98445129394531,1346.8458251953125,17.0,55.32815170288086,785.6085205078125,270.0,329.6407470703125,1540.712646484375,1070.0,1536.0,1540.328857421875,1350.0,1350.0,693.0,57.70000076293945,111.65630340576172,827.0742797851562,59.79999923706055,120.0,826.116455078125,55.40699768066406,50.0,372.9082946777344,1116.980224609375,1116.980224609375,637.0,110.0,924.41796875,972.7568969726562,660.0,660.0,1531.0,1092.1201171875,1350.0,919.859375
2016-07-02,1390.0,1390.0,1197.0,37.5,66.98445129394531,1346.7808837890625,15.0,55.32815170288086,785.5285034179688,270.0,329.6407470703125,1540.5155029296875,610.0,1536.0,1539.706787109375,1350.0,1350.0,693.0,49.70000076293945,111.65630340576172,827.001953125,58.900001525878906,120.0,826.045166015625,48.361000061035156,50.0,372.8922424316406,1102.232421875,1102.232421875,637.0,90.0,896.573974609375,972.2236328125,540.0,540.0,1531.0,1093.743408203125,1350.0,919.7354125976562
2016-07-03,1390.0,1390.0,1197.0,36.900001525878906,66.98445129394531,1346.714599609375,16.100000381469727,55.32815170288086,785.4507446289062,270.0,329.6407470703125,1540.3182373046875,650.0,1536.0,1539.100830078125,1350.0,1350.0,693.0,41.0,111.65630340576172,826.9144897460938,47.400001525878906,120.0,825.9605102539062,-29.209999084472656,50.0,372.857421875,1113.494384765625,1113.494384765625,637.0,60.0,888.9340209960938,971.675537109375,470.0,470.0,1531.0,1076.449462890625,1350.0,919.6030883789062
2016-07-04,1390.0,1390.0,1197.0,36.099998474121094,66.98445129394531,1346.646484375,8.699999809265137,55.32815170288086,785.3582153320312,260.0,329.6407470703125,1540.088134765625,610.0,1536.0,1538.467529296875,1350.0,1350.0,693.0,35.5,111.65630340576172,826.8201293945312,55.900001525878906,120.0,825.8856811523438,0.7089996337890625,50.0,372.829833984375,1103.305908203125,1103.305908203125,637.0,40.0,888.510986328125,971.1145629882812,390.0,435.9689025878906,1530.9635009765625,904.9124145507812,1350.0,919.3877563476562
2016-07-05,1390.0,1390.0,1197.0,35.400001525878906,66.98445129394531,1346.576904296875,9.0,55.32815170288086,785.266357421875,260.0,329.6407470703125,1539.8294677734375,590.0,1536.0,1537.8204345703125,1350.0,1350.0,693.0,34.900001525878906,111.65630340576172,826.7249755859375,50.79999923706055,120.0,825.804931640625,9.342998504638672,50.0,372.80438232421875,1112.969482421875,1112.969482421875,637.0,40.0,875.1959838867188,970.5473022460938,390.0,435.9689025878906,1530.927001953125,988.150634765625,1350.0,919.2127075195312
2016-07-06,1390.0,1390.0,1197.0,28.899999618530273,66.98445129394531,1346.492919921875,11.199999809265137,55.32815170288086,785.1788330078125,270.0,329.6407470703125,1539.5928955078125,610.0,1536.0,1537.1871337890625,1350.0,1350.0,693.0,38.29999923706055,111.65630340576172,826.634033203125,51.099998474121094,120.0,825.7245483398438,13.892997741699219,50.0,372.780029296875,1100.646728515625,1100.646728515625,637.0,50.0,919.1229858398438,969.9544067382812,390.0,435.9689025878906,1530.890625,989.6951904296875,1350.0,919.0383911132812
2016-07-07,1390.0,1390.0,1197.0,38.70000076293945,66.98445129394531,1346.4306640625,23.399999618530273,55.32815170288086,785.115478515625,240.0,329.6407470703125,1539.2371826171875,570.0,1536.0,1536.5264892578125,1350.0,1350.0,693.0,53.70000076293945,111.65630340576172,826.5621948242188,64.69999694824219,120.0,825.6600341796875,11.847999572753906,50.0,372.75518798828125,1114.28369140625,1114.28369140625,637.0,60.0,919.6669921875,969.3860473632812,380.0,435.9689025878906,1530.84619140625,927.1975708007812,1350.0,918.8338623046875
2016-07-08,1390.0,1390.0,1197.0,64.80000305175781,66.98445129394531,1346.42578125,50.70000076293945,55.32815170288086,785.1063232421875,280.0,329.6407470703125,1539.040283203125,660.0,1536.0,1535.92724609375,1350.0,1350.0,693.0,101.80000305175781,111.65630340576172,826.5499267578125,121.4000015258789,120.0,825.6616821289062,76.82400512695312,50.0,372.74609375,1108.2396240234375,1108.2396240234375,637.0,210.0,839.2260131835938,968.968994140625,450.0,435.9689025878906,1530.8572998046875,1084.599609375,1350.0,918.7055053710938
2016-07-09,1390.0,1390.0,1197.0,82.80000305175781,66.98445129394531,1346.460693359375,69.0999984741211,55.32815170288086,785.1336059570312,330.0,329.6407470703125,1539.041748046875,670.0,1536.0,1535.3349609375,1350.0,1350.0,693.0,154.60000610351562,111.65630340576172,826.6032104492188,178.1999969482422,120.0,825.7295532226562,41.802001953125,50.0,372.728515625,1109.87060546875,1109.87060546875,637.0,240.0,809.6170043945312,968.5794067382812,470.0,435.9689025878906,1530.88427734375,1134.3486328125,1350.0,918.6011352539062
2016-07-10,1390.0,1390.0,1197.0,82.5,66.98445129394531,1346.494873046875,61.20000076293945,55.32815170288086,785.145263671875,330.0,329.6407470703125,1539.043212890625,570.0,1536.0,1534.67431640625,1350.0,1350.0,693.0,153.8000030517578,111.65630340576172,826.6554565429688,175.0,120.0,825.7937622070312,89.18099212646484,50.0,372.722412109375,1105.7120361328125,1105.7120361328125,637.0,280.0,819.3089599609375,968.2105102539062,470.0,435.9689025878906,1530.9112548828125,1144.14404296875,1350.0,918.5015869140625
2016-07-11,1390.0,1390.0,1197.0,85.5999984741211,66.98445129394531,1346.535888671875,48.29999923706055,55.32815170288086,785.13134765625,310.0,329.6407470703125,1538.9710693359375,840.0,1536.0,1534.1982421875,1350.0,1350.0,693.0,155.60000610351562,111.65630340576172,826.7098999023438,167.1999969482422,120.0,825.8488159179688,57.0420036315918,50.0,372.7085266113281,1111.8572998046875,1111.8572998046875,637.0,230.0,792.3580322265625,967.8258666992188,480.0,435.9689025878906,1530.9462890625,4134.89697265625,1350.0,919.8488159179688
2016-07-12,1390.0,1390.0,1197.0,61.400001525878906,66.98445129394531,1346.5235595703125,35.400001525878906,55.32815170288086,785.091796875,260.0,329.6407470703125,1538.7408447265625,600.0,1536.0,1533.542236328125,2700.0,2700.0,693.0,121.0,111.65630340576172,826.7214965820312,124.0999984741211,120.0,825.8535766601562,28.617000579833984,50.0,372.68780517578125,1101.5345458984375,1101.5345458984375,637.0,180.0,837.259033203125,967.3763427734375,430.0,435.9689025878906,1530.9415283203125,7125.85009765625,2700.0,921.9655151367188
2016-07-13,1390.0,1390.0,1197.0,50.70000076293945,66.98445129394531,1346.4876708984375,28.600000381469727,55.32815170288086,785.0387573242188,310.0,329.6407470703125,1538.6759033203125,510.0,1536.0,1532.8155517578125,2999.236083984375,2999.236083984375,693.0,79.5999984741211,111.65630340576172,826.6817626953125,93.19999694824219,120.0,825.8223266601562,-18.828994750976562,50.0,372.6556091308594,1112.38818359375,1112.38818359375,637.0,160.0,853.9450073242188,966.898193359375,400.0,435.9689025878906,1530.9129638671875,1003.38427734375,2999.236083984375,921.0
2016-07-14,1390.0,1390.0,1197.0,44.599998474121094,66.98445129394531,1346.4383544921875,19.600000381469727,55.32815170288086,784.9678955078125,270.0,329.6407470703125,1538.478759765625,580.0,1536.0,1532.1383056640625,1499.6180419921875,1499.6180419921875,693.0,66.4000015258789,111.65630340576172,826.6256713867188,80.5,120.0,825.7762451171875,11.020000457763672,50.0,372.6306457519531,1103.4700927734375,1103.4700927734375,637.0,70.0,864.7420043945312,966.3352661132812,400.0,435.9689025878906,1530.8843994140625,962.970458984375,1499.6180419921875,920.74658203125
2016-07-15,1190.0,1190.0,1197.0,42.20000076293945,66.98445129394531,1346.3836669921875,17.399999618530273,55.32815170288086,784.8927001953125,270.0,329.6407470703125,1538.2816162109375,550.0,1336.0,1531.595947265625,1350.0,1350.0,693.0,68.69999694824219,111.65630340576172,826.5723876953125,73.0999984741211,120.0,825.7215576171875,12.074005126953125,50.0,372.6059265136719,1112.4765625,1112.4765625,637.0,80.0,856.4429931640625,965.7926025390625,380.0,435.9689025878906,1530.840087890625,943.833740234375,1350.0,920.5547485351562
2016-07-16,1190.0,1190.0,1197.0,30.299999237060547,66.98445129394531,1346.3028564453125,19.700000762939453,55.32815170288086,784.822021484375,260.0,329.6407470703125,1538.0513916015625,560.0,1336.0,1531.065185546875,1350.0,1350.0,693.0,62.900001525878906,111.65630340576172,826.511962890625,68.30000305175781,120.0,825.6611938476562,32.53499984741211,50.0,372.5862121582031,1103.64306640625,1103.64306640625,637.0,50.0,863.6909790039062,965.236083984375,370.0,435.9689025878906,1530.7877197265625,984.8330688476562,1350.0,920.38232421875
2016-07-17,1190.0,1190.0,1197.0,10.5,66.98445129394531,1346.1783447265625,17.600000381469727,55.32815170288086,784.7471923828125,260.0,329.6407470703125,1537.785400390625,510.0,1336.0,1530.482421875,1350.0,1350.0,693.0,64.5,111.65630340576172,826.4534912109375,66.19999694824219,120.0,825.5984497070312,51.29899978637695,50.0,372.5710144042969,1111.601318359375,1111.601318359375,637.0,50.0,865.7509765625,964.6666870117188,380.0,435.9689025878906,1530.7432861328125,904.10498046875,1350.0,920.1717529296875
2016-07-18,1190.0,1190.0,1197.0,25.399999618530273,66.98445129394531,1346.0867919921875,21.399999618530273,55.32815170288086,784.6798706054688,260.0,329.6407470703125,1537.5091552734375,600.0,1336.0,1529.9595947265625,1350.0,1350.0,693.0,67.69999694824219,111.65630340576172,826.3989868164062,59.29999923706055,120.0,825.527587890625,11.946998596191406,50.0,372.54632568359375,1103.5721435546875,1103.5721435546875,637.0,70.0,884.739013671875,964.0895385742188,380.0,435.9689025878906,1530.6988525390625,914.8329467773438,1350.0,919.9653930664062
2016-07-19,1190.0,1190.0,1197.0,37.20000076293945,66.98445129394531,1346.0211181640625,20.0,55.32815170288086,784.6098022460938,260.0,329.6407470703125,1537.23291015625,620.0,1336.0,1529.43359375,1350.0,1350.0,693.0,61.20000076293945,111.65630340576172,826.33642578125,56.900001525878906,120.0,825.4539794921875,46.79800033569336,50.0,372.53009033203125,1110.6842041015625,1110.6842041015625,637.0,60.0,900.7440185546875,963.4939575195312,370.0,435.9689025878906,1530.646484375,905.8328857421875,1350.0,919.75048828125
2016-07-20,1190.0,1190.0,1197.0,20.399999618530273,66.98445129394531,1345.91845703125,16.299999237060547,55.32815170288086,784.5324096679688,260.0,329.6407470703125,1536.9638671875,530.0,1336.0,1528.84716796875,1350.0,1350.0,693.0,56.900001525878906,111.65630340576172,826.2685546875,54.900001525878906,120.0,825.3780517578125,30.152999877929688,50.0,372.5097961425781,1105.3310546875,1105.3310546875,637.0,70.0,905.89501953125,962.9017944335938,370.0,435.9689025878906,1530.59423828125,895.9689331054688,1350.0,919.5308837890625
2016-07-21,1190.0,1190.0,1197.0,-2.799999952316284,66.98445129394531,1345.7646484375,16.399999618530273,55.32815170288086,784.4552001953125,240.0,329.6407470703125,1536.66748046875,420.0,1336.0,1528.1982421875,1350.0,1350.0,693.0,47.70000076293945,111.65630340576172,826.1892700195312,47.0,120.0,825.2928466796875,30.618000030517578,50.0,372.4896545410156,1110.1126708984375,1110.1126708984375,637.0,10.0,908.489990234375,962.2653198242188,360.0,435.9689025878906,1530.533935546875,885.9688720703125,1350.0,919.306396484375
2016-07-22,1190.0,1190.0,1197.0,12.899999618530273,66.98445129394531,1345.6455078125,15.0,55.32815170288086,784.3751831054688,240.0,329.6407470703125,1536.3712158203125,550.0,1336.0,1527.6414794921875,1350.0,1350.0,693.0,46.599998474121094,111.65630340576172,826.108642578125,50.900001525878906,120.0,825.2122192382812,-48.15700149536133,50.0,372.45050048828125,1107.0235595703125,1107.0235595703125,637.0,40.0,896.5159912109375,961.6586303710938,340.0,435.9689025878906,1530.457763671875,875.9689331054688,1350.0,919.0770263671875
2016-07-23,1190.0,1190.0,1197.0,25.200000762939453,66.98445129394531,1345.5533447265625,11.399999618530273,55.32815170288086,784.2880859375,240.0,329.6407470703125,1536.0748291015625,550.0,1336.0,1527.084716796875,1350.0,1350.0,693.0,43.400001525878906,111.65630340576172,826.0240478515625,48.0,120.0,825.1282348632812,-23.127002716064453,50.0,372.4173889160156,1107.5029296875,1107.5029296875,637.0,10.0,915.572998046875,961.01708984375,360.0,435.9689025878906,1530.3974609375,855.1048583984375,1350.0,918.837646484375
2016-07-24,1190.0,1190.0,1197.0,22.200000762939453,66.98445129394531,1345.4547119140625,13.100000381469727,55.32815170288086,784.204345703125,240.0,329.6407470703125,1535.734130859375,510.0,1336.0,1526.4810791015625,1350.0,1350.0,693.0,40.29999923706055,111.65630340576172,825.935546875,47.400001525878906,120.0,825.0435180664062,35.41400146484375,50.0,372.3984375,1110.4017333984375,1110.4017333984375,637.0,30.0,887.4219970703125,960.4097290039062,340.0,435.9689025878906,1530.3214111328125,864.1049194335938,1350.0,918.6026000976562
2016-07-25,1190.0,1190.0,1197.0,20.200000762939453,66.98445129394531,1345.3515625,13.800000190734863,55.32815170288086,784.1219482421875,240.0,329.6407470703125,1535.3785400390625,470.0,1336.0,1525.8448486328125,1350.0,1350.0,693.0,22.799999237060547,111.65630340576172,825.825439453125,34.0,120.0,824.9431762695312,10.862998962402344,50.0,372.37359619140625,1104.46044921875,1104.46044921875,637.0,100.0,908.447021484375,959.8309936523438,360.0,435.9689025878906,1530.2611083984375,804.8328857421875,1350.0,918.3388671875
2016-07-26,1190.0,1190.0,1197.0,16.100000381469727,66.98445129394531,1345.2393798828125,7.199999809265137,55.32815170288086,784.0264892578125,230.0,329.6407470703125,1534.9832763671875,590.0,1336.0,1525.296875,1350.0,1350.0,693.0,14.100000381469727,111.65630340576172,825.7044677734375,32.099998474121094,120.0,824.8406372070312,-36.2130012512207,50.0,372.3373718261719,1110.8529052734375,1110.8529052734375,637.0,30.0,911.156982421875,959.1837158203125,350.0,435.9689025878906,1530.19287109375,827.5609130859375,1350.0,918.0861206054688
2016-07-27,1190.0,1190.0,1197.0,7.800000190734863,66.98445129394531,1345.1090087890625,7.699999809265137,55.32815170288086,783.938232421875,240.0,329.6407470703125,1534.627685546875,600.0,1336.0,1524.756103515625,1350.0,1350.0,693.0,13.199999809265137,111.65630340576172,825.5823974609375,25.700000762939453,120.0,824.7305908203125,-6.979999542236328,50.0,372.3082275390625,1106.4151611328125,1106.4151611328125,637.0,100.0,898.781982421875,958.5968627929688,350.0,435.9689025878906,1530.1246337890625,857.9688720703125,1350.0,917.8480834960938
2016-07-28,1190.0,1190.0,1197.0,-25.5,66.98445129394531,1344.9051513671875,4.099999904632568,55.32815170288086,783.8458251953125,200.0,329.6407470703125,1534.1134033203125,560.0,1336.0,1524.18603515625,1350.0,1350.0,693.0,13.199999809265137,111.65630340576172,825.4603881835938,30.0,120.0,824.6256103515625,17.45800018310547,50.0,372.2850036621094,1108.8814697265625,1108.8814697265625,637.0,100.0,905.6400146484375,958.0050659179688,360.0,435.9689025878906,1530.064453125,896.2409057617188,1350.0,917.6285400390625
2016-07-29,1190.0,1190.0,1197.0,-24.899999618530273,66.98445129394531,1344.70263671875,4.300000190734863,55.32815170288086,783.7538452148438,230.0,329.6407470703125,1533.76513671875,530.0,1336.0,1523.593994140625,1350.0,1350.0,693.0,13.800000190734863,111.65630340576172,825.3390502929688,24.100000381469727,120.0,824.5137329101562,39.90599822998047,50.0,372.2672424316406,1106.137451171875,1106.137451171875,637.0,100.0,921.3909912109375,957.401611328125,330.0,435.9689025878906,1529.9803466796875,837.6968994140625,1350.0,917.3807373046875
2016-07-30,1190.0,1190.0,1197.0,69.4000015258789,66.98445129394531,1344.7080078125,2.9000000953674316,55.32815170288086,783.6593017578125,220.0,329.6407470703125,1533.4027099609375,540.0,1336.0,1523.0091552734375,1350.0,1350.0,693.0,3.5,111.65630340576172,825.2049560546875,19.0,120.0,824.3958740234375,-48.172000885009766,50.0,372.2281799316406,1108.8984375,1108.8984375,637.0,100.0,931.4119873046875,956.7908935546875,340.0,435.9689025878906,1529.9041748046875,846.2409057617188,1350.0,917.1370239257812
2016-07-31,1190.0,1190.0,1197.0,7.099999904632568,66.98445129394531,1344.5760498046875,-3.0,55.32815170288086,783.5540771484375,220.0,329.6407470703125,1533.040283203125,450.0,1336.0,1522.3583984375,1350.0,1350.0,693.0,7.5,111.65630340576172,825.0758666992188,15.699999809265137,120.0,824.274169921875,-24.261001586914062,50.0,372.1949157714844,1107.7181396484375,1107.7181396484375,637.0,100.0,924.41796875,956.1852416992188,330.0,435.9689025878906,1529.820068359375,845.1048583984375,1350.0,916.8927612304688
2016-08-01,1161.0,1161.0,1197.0,3.700000047683716,67.65630340576172,1344.43505859375,-4.300000190734863,55.32815170288086,783.4465942382812,220.0,330.3125915527344,1532.6107177734375,500.0,1297.0,1521.7728271484375,1350.0,1350.0,693.0,10.0,112.3281478881836,824.9490356445312,17.100000381469727,120.0,824.1541137695312,14.655998229980469,50.0,372.17303466796875,1063.3184814453125,1063.3184814453125,637.0,100.0,990.7030029296875,955.5308837890625,330.0,436.6407470703125,1529.7354736328125,834.9898681640625,1350.0,916.6436157226562
2016-08-02,1161.0,1161.0,1197.0,20.100000381469727,67.65630340576172,1344.3302001953125,7.199999809265137,55.32815170288086,783.3598022460938,230.0,330.3125915527344,1532.2127685546875,540.0,1297.0,1521.216796875,1350.0,1350.0,693.0,16.799999237060547,112.3281478881836,824.83056640625,16.600000381469727,120.0,824.0335083007812,-62.50899887084961,50.0,372.1324768066406,1068.2271728515625,1068.2271728515625,637.0,120.0,1026.405029296875,954.85986328125,330.0,436.6407470703125,1529.65087890625,767.3153686523438,1350.0,916.3616943359375
2016-08-03,1161.0,1161.0,1197.0,5.099999904632568,67.65630340576172,1344.1923828125,5.900000095367432,55.32815170288086,783.2706909179688,220.0,330.3125915527344,1531.775146484375,530.0,1297.0,1520.6400146484375,1350.0,1350.0,693.0,12.300000190734863,112.3281478881836,824.7066040039062,15.300000190734863,120.0,823.9113159179688,-107.1989974975586,50.0,372.0811462402344,1054.6566162109375,1054.6566162109375,637.0,40.0,1223.908935546875,953.9583129882812,330.0,436.6407470703125,1529.5662841796875,875.4234619140625,1350.0,916.1321411132812
2016-08-04,1161.0,1161.0,1197.0,-5.199999809265137,67.65630340576172,1344.0318603515625,3.0,55.32815170288086,783.1763305664062,220.0,330.3125915527344,1531.3375244140625,460.0,1297.0,1520.00146484375,1350.0,1350.0,693.0,11.5,112.3281478881836,824.5816040039062,20.200000762939453,120.0,823.7948608398438,44.14400100708008,50.0,372.06646728515625,1095.1285400390625,1095.1285400390625,637.0,-20.0,922.2509765625,953.26611328125,330.0,436.6407470703125,1529.481689453125,844.6151733398438,1350.0,915.8848266601562
2016-08-05,1161.0,1161.0,1197.0,4.300000190734863,67.65630340576172,1343.8922119140625,5.099999904632568,55.32815170288086,783.0857543945312,220.0,330.3125915527344,1530.9166259765625,550.0,1297.0,1519.45263671875,1350.0,1350.0,693.0,14.0,112.3281478881836,824.459716796875,15.300000190734863,120.0,823.6727294921875,-2.204998016357422,50.0,372.0405578613281,1047.655517578125,1047.655517578125,637.0,0.0,850.208984375,952.6277465820312,330.0,436.6407470703125,1529.3970947265625,824.5823364257812,1350.0,915.624267578125
2016-08-06,1161.0,1161.0,1197.0,7.599999904632568,67.65630340576172,1343.7598876953125,2.5999999046325684,55.32815170288086,782.9885864257812,210.0,330.3125915527344,1530.5189208984375,550.0,1297.0,1518.900146484375,1350.0,1350.0,693.0,15.800000190734863,112.3281478881836,824.3400268554688,14.600000381469727,120.0,823.5497436523438,3.0289993286132812,50.0,372.01593017578125,1080.880859375,1080.880859375,637.0,-30.0,889.4210205078125,951.9263305664062,330.0,436.6407470703125,1529.3125,843.75537109375,1350.0,915.3732299804688
2016-08-07,1161.0,1161.0,1197.0,-4.099999904632568,67.65630340576172,1343.6016845703125,5.400000095367432,55.32815170288086,782.8786010742188,210.0,330.3125915527344,1530.1212158203125,490.0,1297.0,1518.2845458984375,1350.0,1350.0,693.0,23.299999237060547,112.3281478881836,824.2296752929688,17.299999237060547,120.0,823.429931640625,-43.13100051879883,50.0,371.9796447753906,1055.640869140625,1055.640869140625,637.0,-30.0,881.22802734375,951.2311401367188,330.0,436.6407470703125,1529.2279052734375,847.9554443359375,1350.0,915.1243286132812
2016-08-08,1161.0,1161.0,1197.0,25.5,67.65630340576172,1343.5087890625,1.399999976158142,55.32815170288086,782.7597045898438,210.0,330.3125915527344,1529.723388671875,570.0,1297.0,1517.7298583984375,1350.0,1350.0,693.0,18.600000381469727,112.3281478881836,824.1134643554688,11.899999618530273,120.0,823.3037719726562,-1.7849998474121094,50.0,371.9532470703125,1075.68505859375,1075.68505859375,637.0,10.0,896.635986328125,950.5369873046875,320.0,436.6407470703125,1529.1353759765625,836.910400390625,1350.0,914.869873046875
2016-08-09,1161.0,1161.0,1197.0,22.899999618530273,67.65630340576172,1343.41015625,1.399999976158142,55.32815170288086,782.640869140625,210.0,330.3125915527344,1529.32568359375,500.0,1297.0,1517.1219482421875,1350.0,1350.0,693.0,1.7000000476837158,112.3281478881836,823.976318359375,17.0,120.0,823.18359375,15.25899887084961,50.0,371.9310607910156,1061.0438232421875,1061.0438232421875,637.0,-10.0,875.0980224609375,949.8411254882812,310.0,436.6407470703125,1529.034912109375,806.6399536132812,1350.0,914.6004638671875
2016-08-10,1161.0,1161.0,1197.0,10.800000190734863,67.65630340576172,1343.2847900390625,8.100000381469727,55.32815170288086,782.5368041992188,210.0,330.3125915527344,1528.91357421875,540.0,1297.0,1516.54443359375,1350.0,1350.0,693.0,8.0,112.3281478881836,823.8469848632812,-2.0999999046325684,120.0,823.0411376953125,-2.104999542236328,50.0,371.90460205078125,1071.2374267578125,1071.2374267578125,637.0,0.0,887.6909790039062,949.1638793945312,330.0,436.6407470703125,1528.9501953125,865.7764892578125,1350.0,914.3603515625
2016-08-11,1161.0,1161.0,1197.0,-9.0,67.65630340576172,1343.115966796875,9.399999618530273,55.32815170288086,782.435546875,220.0,330.3125915527344,1528.4759521484375,530.0,1297.0,1515.959228515625,1350.0,1350.0,693.0,11.199999809265137,112.3281478881836,823.7216186523438,-23.799999237060547,120.0,822.8734130859375,26.950998306274414,50.0,371.8853759765625,1062.1202392578125,1062.1202392578125,637.0,0.0,905.323974609375,948.4522094726562,320.0,436.6407470703125,1528.857666015625,815.5196533203125,1350.0,914.0953369140625
2016-08-12,1161.0,1161.0,1197.0,3.200000047683716,67.65630340576172,1342.973876953125,7.599999904632568,55.32815170288086,782.3303833007812,210.0,330.3125915527344,1527.9989013671875,540.0,1297.0,1515.3818359375,1350.0,1350.0,693.0,15.800000190734863,112.3281478881836,823.6019897460938,19.600000381469727,120.0,822.7562255859375,15.209999084472656,50.0,371.86322021484375,1071.8636474609375,1071.8636474609375,637.0,10.0,895.7949829101562,947.7493896484375,310.0,436.6407470703125,1528.7572021484375,721.095703125,1350.0,913.783447265625
2016-08-13,1161.0,1161.0,1197.0,14.5,67.65630340576172,1342.856689453125,4.099999904632568,55.32815170288086,782.2174682617188,210.0,330.3125915527344,1527.6011962890625,450.0,1297.0,1514.72509765625,1350.0,1350.0,693.0,12.899999618530273,112.3281478881836,823.4786987304688,17.700000762939453,120.0,822.6369018554688,-25.343002319335938,50.0,371.8310241699219,1062.422119140625,1062.422119140625,637.0,0.0,901.447998046875,947.0341796875,300.0,436.6407470703125,1528.6488037109375,778.0917358398438,1350.0,913.4998779296875
2016-08-14,1161.0,1161.0,1197.0,8.5,67.65630340576172,1342.726318359375,2.5,55.32815170288086,782.10107421875,210.0,330.3125915527344,1527.2034912109375,520.0,1297.0,1514.108642578125,1350.0,1350.0,693.0,7.5,112.3281478881836,823.3487548828125,17.700000762939453,120.0,822.5175170898438,-41.80799865722656,50.0,371.7947692871094,1070.13720703125,1070.13720703125,637.0,0.0,912.8330078125,946.3099975585938,310.0,436.6407470703125,1528.54833984375,797.4267578125,1350.0,913.225830078125
2016-08-15,1161.0,1161.0,1197.0,5.599999904632568,67.65630340576172,1342.589599609375,-0.10000000149011612,55.32815170288086,781.9810180664062,210.0,330.3125915527344,1526.766845703125,500.0,1297.0,1513.476318359375,1350.0,1350.0,693.0,8.100000381469727,112.3281478881836,823.2195434570312,13.0,120.0,822.3927001953125,-24.372997283935547,50.0,371.76287841796875,1061.09423828125,1061.09423828125,637.0,50.0,962.9660034179688,945.5856323242188,300.0,436.6407470703125,1528.43994140625,748.229736328125,1350.0,912.927490234375
2016-08-16,1161.0,1161.0,1197.0,14.300000190734863,67.65630340576172,1342.471923828125,0.699999988079071,55.32815170288086,781.8726806640625,210.0,330.3125915527344,1526.2896728515625,480.0,1297.0,1512.834716796875,1350.0,1350.0,693.0,-0.800000011920929,112.3281478881836,823.079345703125,11.100000381469727,120.0,822.265625,-41.84499740600586,50.0,371.7266540527344,1081.6585693359375,1081.6585693359375,637.0,100.0,821.9739990234375,945.0128173828125,300.0,436.6407470703125,1528.33154296875,779.5037841796875,1350.0,912.6445922851562
2016-08-17,1161.0,1161.0,1197.0,31.299999237060547,67.65630340576172,1342.391845703125,0.5,55.32815170288086,781.763916015625,220.0,330.3125915527344,1525.876708984375,500.0,1297.0,1512.2266845703125,1350.0,1350.0,693.0,2.4000000953674316,112.3281478881836,822.9392700195312,16.299999237060547,120.0,822.1446533203125,2.2919998168945312,50.0,371.7013854980469,1042.6214599609375,1042.6214599609375,637.0,40.0,997.4439697265625,944.2532348632812,320.0,463.4884033203125,1528.2176513671875,774.4375610351562,1350.0,912.3591918945312
2016-08-18,1161.0,1161.0,1197.0,10.699999809265137,67.65630340576172,1342.266357421875,0.5,55.32815170288086,781.6551513671875,210.0,330.3125915527344,1525.47900390625,540.0,1297.0,1511.6351318359375,1350.0,1350.0,693.0,9.399999618530273,112.3281478881836,822.8031616210938,24.600000381469727,120.0,822.0333251953125,17.83300018310547,50.0,371.6799621582031,1088.3402099609375,1088.3402099609375,637.0,60.0,1002.0,943.4852294921875,300.0,569.71337890625,1528.003662109375,793.6945190429688,1350.0,912.0833129882812
2016-08-19,1161.0,1161.0,1197.0,-2.9000000953674316,67.65630340576172,1342.11083984375,4.099999904632568,55.32815170288086,781.5535278320312,210.0,330.3125915527344,1525.0811767578125,450.0,1297.0,1510.963134765625,1350.0,1350.0,693.0,20.399999618530273,112.3281478881836,822.6815795898438,23.799999237060547,120.0,821.9210815429688,-27.13299560546875,50.0,371.6474304199219,1048.9471435546875,1048.9471435546875,637.0,50.0,987.0,942.7108764648438,330.0,639.836669921875,1527.7579345703125,788.6834716796875,1350.0,911.8049926757812
2016-08-20,1161.0,1161.0,1197.0,8.800000190734863,67.65630340576172,1341.9810791015625,2.0999999046325684,55.32815170288086,781.447998046875,210.0,330.3125915527344,1524.6202392578125,470.0,1297.0,1510.3070068359375,1350.0,1350.0,693.0,12.800000190734863,112.3281478881836,822.5499877929688,24.299999237060547,120.0,821.8094482421875,-10.295001983642578,50.0,371.61907958984375,1078.435791015625,1078.435791015625,637.0,140.0,1067.0,941.9447631835938,270.0,596.7664184570312,1527.4986572265625,1105.689453125,1350.0,911.683837890625
2016-08-21,1161.0,1161.0,1197.0,7.5,67.65630340576172,1341.8485107421875,-4.5,55.32815170288086,781.3292846679688,200.0,330.3125915527344,1524.103271484375,440.0,1297.0,1509.6270751953125,1350.0,1350.0,693.0,-4.0,112.3281478881836,822.3961791992188,22.700000762939453,120.0,821.6959228515625,-62.183998107910156,50.0,371.577880859375,1056.2978515625,1056.2978515625,637.0,110.0,1077.0,941.1455688476562,320.0,534.2089233398438,1527.3287353515625,906.77880859375,1350.0,911.4640502929688
2016-08-22,1161.0,1161.0,1197.0,-4.400000095367432,67.65630340576172,1341.689697265625,-3.799999952316284,55.32815170288086,781.2120361328125,200.0,330.3125915527344,1523.6552734375,470.0,1297.0,1508.9697265625,1350.0,1350.0,693.0,-7.400000095367432,112.3281478881836,822.2378540039062,24.0,120.0,821.5839233398438,-83.98899841308594,50.0,371.53131103515625,1076.4822998046875,1076.4822998046875,637.0,140.0,1077.0,940.3712158203125,290.0,536.5996704101562,1527.133056640625,870.3353271484375,1350.0,911.2261962890625
2016-08-23,1161.0,1161.0,1197.0,13.300000190734863,67.65630340576172,1341.5699462890625,-2.200000047683716,55.32815170288086,781.097900390625,210.0,330.3125915527344,1523.257568359375,470.0,1297.0,1508.2862548828125,1350.0,1350.0,693.0,3.4000000953674316,112.3281478881836,822.0938110351562,35.400001525878906,120.0,821.4851684570312,-8.355998992919922,50.0,371.50347900390625,1058.028564453125,1058.028564453125,637.0,130.0,1087.0,939.5802612304688,270.0,542.4191284179688,1526.9134521484375,818.3651123046875,1350.0,910.9625854492188
2016-08-24,1161.0,1161.0,1197.0,-10.300000190734863,67.65630340576172,1341.398193359375,-5.0,55.32815170288086,780.975830078125,210.0,330.3125915527344,1522.831787109375,480.0,1297.0,1507.6265869140625,1350.0,1350.0,693.0,9.600000381469727,112.3281478881836,821.9579467773438,31.700000762939453,120.0,821.3821411132812,-43.53199768066406,50.0,371.46697998046875,1075.5186767578125,1075.5186767578125,637.0,150.0,1077.0,938.8060913085938,310.0,611.5977172851562,1526.6641845703125,936.8944702148438,1350.0,910.7577514648438
2016-08-25,1161.0,1161.0,1197.0,12.399999618530273,67.65630340576172,1341.2763671875,-2.700000047683716,55.32815170288086,780.8479614257812,200.0,330.3125915527344,1522.3148193359375,440.0,1297.0,1506.9444580078125,1350.0,1350.0,693.0,11.199999809265137,112.3281478881836,821.82421875,32.0,120.0,821.2794799804688,-33.52799987792969,50.0,371.4329528808594,1066.052978515625,1066.052978515625,637.0,60.0,961.1820068359375,938.0289306640625,290.0,558.0826416015625,1526.442626953125,912.6463012695312,1350.0,910.5408935546875
2016-08-26,1161.0,1161.0,1197.0,14.199999809265137,67.65630340576172,1341.1585693359375,2.799999952316284,55.32815170288086,780.732177734375,200.0,330.3125915527344,1521.7978515625,460.0,1297.0,1506.252685546875,1350.0,1350.0,693.0,8.399999618530273,112.3281478881836,821.6868286132812,32.29999923706055,120.0,821.1771850585938,26.011001586914062,50.0,371.4137268066406,1068.843505859375,1068.843505859375,637.0,150.0,943.5590209960938,937.3718872070312,290.0,554.6065673828125,1526.2239990234375,923.6110229492188,1350.0,910.3294067382812
2016-08-27,1161.0,1161.0,1197.0,4.599999904632568,67.65630340576172,1341.0196533203125,3.0999999046325684,55.32815170288086,780.6170654296875,210.0,330.3125915527344,1521.320556640625,440.0,1297.0,1505.54443359375,1350.0,1350.0,693.0,2.9000000953674316,112.3281478881836,821.5421142578125,32.5,120.0,821.0750732421875,-36.566001892089844,50.0,371.37896728515625,1066.844970703125,1066.844970703125,637.0,50.0,921.10498046875,936.6368408203125,270.0,529.18994140625,1526.009765625,842.8556518554688,1350.0,910.0779418945312
2016-08-28,1161.0,1161.0,1197.0,-16.399999618530273,67.65630340576172,1340.8343505859375,-3.5999999046325684,55.32815170288086,780.4872436523438,200.0,330.3125915527344,1520.83642578125,490.0,1297.0,1504.8775634765625,1350.0,1350.0,693.0,-0.20000000298023224,112.3281478881836,821.393310546875,31.0,120.0,820.9694213867188,-27.849998474121094,50.0,371.3464050292969,1066.4365234375,1066.4365234375,637.0,50.0,931.0399780273438,935.8770751953125,300.0,587.44921875,1525.78125,896.6607666015625,1350.0,909.849365234375
2016-08-29,1161.0,1161.0,1197.0,-1.399999976158142,67.65630340576172,1340.68212890625,0.30000001192092896,55.32815170288086,780.365966796875,200.0,330.3125915527344,1520.4056396484375,430.0,1297.0,1504.1610107421875,1350.0,1350.0,693.0,1.2000000476837158,112.3281478881836,821.246337890625,25.0,120.0,820.8516845703125,-22.52100372314453,50.0,371.315185546875,1066.3182373046875,1066.3182373046875,637.0,50.0,950.6419677734375,935.100341796875,300.0,577.8670654296875,1525.560791015625,835.331787109375,1350.0,909.587646484375
2016-08-30,1161.0,1161.0,1197.0,13.600000381469727,67.65630340576172,1340.56298828125,-0.10000000149011612,55.32815170288086,780.2437744140625,190.0,330.3125915527344,1519.9300537109375,450.0,1297.0,1503.4609375,1350.0,1350.0,693.0,13.899999618530273,112.3281478881836,821.1162109375,21.0,120.0,820.7289428710938,-55.80699920654297,50.0,371.2757263183594,1070.0252685546875,1070.0252685546875,637.0,50.0,912.8919677734375,934.356201171875,290.0,587.277099609375,1525.324951171875,894.974609375,1350.0,909.356201171875
2016-08-31,1161.0,1161.0,1197.0,25.600000381469727,67.65630340576172,1340.4703369140625,-0.10000000149011612,55.32815170288086,780.1216430664062,210.0,330.3125915527344,1519.452880859375,440.0,1297.0,1502.752685546875,1350.0,1350.0,693.0,17.100000381469727,112.3281478881836,820.9896240234375,23.100000381469727,120.0,820.6088256835938,1.1269989013671875,50.0,371.2503967285156,1064.1746826171875,1064.1746826171875,637.0,-10.0,916.0919799804688,933.5374755859375,300.0,582.1859130859375,1525.10107421875,858.5241088867188,1350.0,909.1062622070312
2016-09-01,1595.0,1595.0,1197.0,11.199999809265137,64.65630340576172,1340.3525390625,6.0,54.32815170288086,780.01513671875,200.0,324.98443603515625,1518.95703125,470.0,1691.0,1501.74365234375,1350.0,1350.0,693.0,11.800000190734863,110.3281478881836,820.8500366210938,27.100000381469727,217.6562957763672,820.3726196289062,-15.286998748779297,50.0,371.22503662109375,1517.341796875,1517.341796875,637.0,10.0,1384.5821533203125,932.3286743164062,280.0,570.19775390625,1524.865478515625,884.6818237304688,1350.0,908.86962890625
2016-09-02,1595.0,1595.0,1197.0,7.300000190734863,64.65630340576172,1340.22607421875,4.199999809265137,54.32815170288086,779.9141845703125,210.0,324.98443603515625,1518.5008544921875,480.0,1691.0,1500.7315673828125,1350.0,1350.0,693.0,-1.0,110.3281478881836,820.6922607421875,37.099998474121094,217.6562957763672,820.1487426757812,-51.22800064086914,50.0,371.1907958984375,1533.5794677734375,1533.5794677734375,637.0,-20.0,1344.28955078125,931.1135864257812,300.0,583.3912963867188,1524.6312255859375,891.9010009765625,1350.0,908.6366577148438
2016-09-03,1595.0,1595.0,1197.0,8.800000190734863,64.65630340576172,1340.10302734375,3.200000047683716,54.32815170288086,779.8128051757812,210.0,324.98443603515625,1518.0447998046875,480.0,1691.0,1499.687255859375,1350.0,1350.0,693.0,-4.5,110.3281478881836,820.5296020507812,21.700000762939453,217.6562957763672,819.911376953125,-58.86699676513672,50.0,371.1546630859375,1452.15625,1452.15625,637.0,-20.0,1303.787109375,929.9201049804688,320.0,598.1303100585938,1524.4013671875,1048.2586669921875,1350.0,908.483154296875
2016-09-04,1595.0,1595.0,1197.0,19.899999618530273,64.65630340576172,1340.00439453125,5.800000190734863,54.32815170288086,779.716552734375,210.0,324.98443603515625,1517.588623046875,460.0,1691.0,1498.6412353515625,1350.0,1350.0,693.0,6.599999904632568,110.3281478881836,820.3826293945312,12.899999618530273,217.6562957763672,819.6724853515625,85.9000015258789,50.0,371.1544189453125,1439.71337890625,1439.71337890625,637.0,-10.0,1264.0037841796875,928.771484375,290.0,507.50775146484375,1524.2216796875,971.6415405273438,1350.0,908.290771484375
2016-09-05,1595.0,1595.0,1197.0,15.300000190734863,64.65630340576172,1339.8956298828125,4.599999904632568,54.32815170288086,779.6178588867188,210.0,324.98443603515625,1517.1324462890625,460.0,1691.0,1497.5897216796875,1350.0,1350.0,693.0,10.199999809265137,110.3281478881836,820.2407836914062,11.800000190734863,217.6562957763672,819.4323120117188,-3.1370010375976562,50.0,371.13214111328125,1360.6954345703125,1360.6954345703125,637.0,-10.0,1225.7166748046875,927.6574096679688,300.0,523.5072631835938,1524.036865234375,911.2619018554688,1350.0,908.067626953125
2016-09-06,1595.0,1595.0,1197.0,20.399999618530273,64.65630340576172,1339.798095703125,10.199999809265137,54.32815170288086,779.5303344726562,230.0,324.98443603515625,1516.79638671875,540.0,1691.0,1496.571533203125,1350.0,1350.0,693.0,23.200000762939453,110.3281478881836,820.1173706054688,21.299999237060547,217.6562957763672,819.2031860351562,29.936002731323242,50.0,371.1180419921875,1478.671142578125,1478.671142578125,637.0,-10.0,1188.5802001953125,926.556640625,300.0,548.4058227539062,1523.8316650390625,921.2477416992188,1350.0,907.8495483398438
2016-09-07,1595.0,1595.0,1197.0,21.200000762939453,64.65630340576172,1339.7022705078125,13.699999809265137,54.32815170288086,779.4497680664062,230.0,324.98443603515625,1516.482421875,510.0,1691.0,1495.552978515625,1350.0,1350.0,693.0,35.79999923706055,110.3281478881836,820.0117797851562,35.29999923706055,217.6562957763672,818.9898071289062,-37.895999908447266,50.0,371.0871276855469,1356.4697265625,1356.4697265625,637.0,-20.0,1151.8880615234375,925.4747924804688,310.0,563.99951171875,1523.6217041015625,850.1640625,1350.0,907.5953369140625
2016-09-08,1595.0,1595.0,1197.0,21.299999237060547,64.65630340576172,1339.6068115234375,6.300000190734863,54.32815170288086,779.3544921875,220.0,324.98443603515625,1516.1353759765625,440.0,1691.0,1494.4742431640625,1350.0,1350.0,693.0,18.600000381469727,110.3281478881836,819.8817749023438,29.299999237060547,217.6562957763672,818.75634765625,-68.84100341796875,50.0,371.0485534667969,1374.7060546875,1374.7060546875,637.0,-70.0,1115.826416015625,924.3773803710938,290.0,572.7609252929688,1523.3880615234375,835.504150390625,1350.0,907.3336791992188
2016-09-09,1595.0,1595.0,1197.0,24.5,64.65630340576172,1339.518310546875,4.199999809265137,54.32815170288086,779.2550659179688,200.0,324.98443603515625,1515.6666259765625,500.0,1691.0,1493.4219970703125,1350.0,1350.0,693.0,16.700000762939453,110.3281478881836,819.7491455078125,11.899999618530273,217.6562957763672,818.5012817382812,-39.89500045776367,50.0,371.0171813964844,1306.45263671875,1306.45263671875,637.0,-50.0,1079.245849609375,923.310791015625,280.0,579.0481567382812,1523.140869140625,860.2420654296875,1350.0,907.0845947265625
2016-09-10,1595.0,1595.0,1197.0,5.099999904632568,64.65630340576172,1339.386962890625,6.599999904632568,54.32815170288086,779.160400390625,210.0,324.98443603515625,1515.21044921875,470.0,1691.0,1492.3211669921875,1350.0,1350.0,693.0,7.800000190734863,110.3281478881836,819.6038818359375,5.099999904632568,217.6562957763672,818.23779296875,12.280998229980469,50.0,370.99871826171875,1273.4022216796875,1273.4022216796875,637.0,-80.0,1043.6929931640625,922.2119140625,280.0,575.8782958984375,1522.8963623046875,867.1256103515625,1350.0,906.8390502929688
2016-09-11,1595.0,1595.0,1197.0,17.899999618530273,848.0120239257812,1337.4464111328125,2.4000000953674316,54.32815170288086,779.0574340820312,230.0,324.98443603515625,1514.8336181640625,480.0,1691.0,1491.2293701171875,1350.0,1350.0,693.0,3.299999952316284,110.3281478881836,819.4522705078125,14.5,217.6562957763672,817.9859008789062,-86.16499328613281,50.0,370.9542236328125,1227.1168212890625,1227.1168212890625,637.0,-50.0,1007.0641479492188,921.2034301757812,280.0,572.1072998046875,1522.6549072265625,873.46142578125,1350.0,906.5966796875
2016-09-12,1595.0,1595.0,1197.0,25.299999237060547,599.9251708984375,1336.1800537109375,-0.8999999761581421,54.32815170288086,778.9420776367188,160.0,324.98443603515625,1514.17919921875,520.0,1691.0,1490.173583984375,1350.0,1350.0,693.0,-1.899999976158142,110.3281478881836,819.2932739257812,9.800000190734863,217.6562957763672,817.728271484375,-80.822998046875,50.0,370.9111022949219,1217.295654296875,1217.295654296875,637.0,-100.0,1000.0,920.1644897460938,270.0,558.3162841796875,1522.4166259765625,777.6307373046875,1350.0,906.3055419921875
2016-09-13,1595.0,1595.0,1197.0,23.200000762939453,549.0546875,1334.9100341796875,-1.7000000476837158,54.32815170288086,778.818603515625,210.0,324.98443603515625,1513.7230224609375,430.0,1691.0,1489.0367431640625,1350.0,1350.0,693.0,-6.199999809265137,110.3281478881836,819.128173828125,8.5,217.6562957763672,817.4689331054688,46.733001708984375,50.0,370.90087890625,1201.698974609375,1201.698974609375,637.0,-50.0,1000.0,919.13134765625,280.0,602.8400268554688,1522.14990234375,921.0365600585938,1350.0,906.08740234375
2016-09-14,1595.0,1595.0,1197.0,21.799999237060547,543.6358642578125,1333.72998046875,0.5,54.32815170288086,778.699951171875,200.0,324.98443603515625,1513.227294921875,400.0,1691.0,1487.8272705078125,1350.0,1350.0,693.0,-0.30000001192092896,110.3281478881836,818.971435546875,7.099999904632568,217.6562957763672,817.2079467773438,-3.7980003356933594,50.0,370.87762451171875,1222.8043212890625,1222.8043212890625,637.0,0.0,1000.0,918.1396484375,270.0,551.9987182617188,1521.916748046875,1151.8331298828125,1350.0,905.9866333007812
2016-09-15,1595.0,1595.0,1197.0,19.799999237060547,541.1004638671875,1332.5,3.9000000953674316,54.32815170288086,778.5888671875,200.0,324.98443603515625,1512.7314453125,390.0,1691.0,1486.637939453125,2700.0,2700.0,693.0,12.0,110.3281478881836,818.8320922851562,13.300000190734863,217.6562957763672,816.95458984375,-36.3489990234375,50.0,370.84600830078125,1192.74755859375,1192.74755859375,637.0,0.0,1000.0,917.1478881835938,270.0,450.1083984375,1521.7679443359375,691.4442749023438,2700.0,904.9641723632812
2016-09-16,1595.0,1595.0,1197.0,33.70000076293945,559.0377197265625,1331.260009765625,3.5999999046325684,54.32815170288086,778.47705078125,200.0,324.98443603515625,1512.235595703125,450.0,1691.0,1485.4658203125,3639.217529296875,3639.217529296875,693.0,17.600000381469727,110.3281478881836,818.7007446289062,12.699999809265137,234.22386169433594,816.6799926757812,19.215999603271484,50.0,370.8287048339844,1208.2181396484375,1208.2181396484375,637.0,0.0,1000.0,916.1561279296875,270.0,430.3125915527344,1521.635498046875,771.65283203125,3639.217529296875,903.4674072265625
2016-09-17,1595.0,1595.0,1197.0,53.400001525878906,573.7157592773438,1329.969970703125,5.599999904632568,54.32815170288086,778.36962890625,210.0,324.98443603515625,1511.779541015625,590.0,1691.0,1484.4259033203125,3600.04248046875,3600.04248046875,693.0,12.800000190734863,110.3281478881836,818.5625610351562,15.699999809265137,723.0565185546875,815.7899780273438,19.08099937438965,50.0,370.8113708496094,1215.8668212890625,1215.8668212890625,637.0,30.0,1000.0,915.1517333984375,270.0,430.3125915527344,1521.5029296875,732.477783203125,3600.04248046875,901.9706420898438
2016-09-18,1595.0,1595.0,1197.0,24.0,546.8267211914062,1328.7099609375,7.099999904632568,54.32815170288086,778.2655639648438,200.0,324.98443603515625,1511.28369140625,660.0,1691.0,1483.4520263671875,3615.781005859375,3615.781005859375,693.0,10.699999809265137,110.3281478881836,818.4214477539062,24.700000762939453,702.7678833007812,814.9000244140625,-4.652000427246094,50.0,370.7879333496094,1295.692138671875,1295.692138671875,637.0,140.0,1000.0,914.291259765625,270.0,430.3125915527344,1521.3704833984375,748.2163696289062,3615.781005859375,900.473876953125
2016-09-19,1595.0,1595.0,1197.0,38.0,561.8114624023438,1327.5,3.200000047683716,54.32815170288086,778.1528930664062,220.0,324.98443603515625,1510.8671875,600.0,1691.0,1482.421630859375,3643.329345703125,3643.329345703125,693.0,12.199999809265137,110.3281478881836,818.2824096679688,28.700000762939453,762.28955078125,813.989990234375,-30.583995819091797,50.0,370.7578125,1273.629638671875,1273.629638671875,637.0,50.0,1000.0,913.3148803710938,270.0,430.3125915527344,1521.238037109375,775.7644653320312,3643.329345703125,898.9765014648438
2016-09-20,1595.0,1595.0,1197.0,44.5,568.85302734375,1326.199951171875,6.300000190734863,54.32815170288086,778.0470581054688,220.0,324.98443603515625,1510.4508056640625,500.0,1691.0,1481.261474609375,3571.537109375,3571.537109375,693.0,6.599999904632568,110.3281478881836,818.1354370117188,41.099998474121094,729.2672119140625,813.0800170898438,32.8849983215332,50.0,370.74407958984375,1265.5687255859375,1265.5687255859375,637.0,-20.0,1000.0,912.2500610351562,270.0,430.3125915527344,1521.10546875,703.972412109375,3571.537109375,897.4392700195312
2016-09-21,1595.0,1595.0,1197.0,35.099998474121094,555.3665161132812,1324.9100341796875,6.599999904632568,54.32815170288086,777.9345703125,220.0,324.98443603515625,1510.0343017578125,530.0,1691.0,1480.1524658203125,3610.05712890625,3610.05712890625,693.0,2.5,100.0,817.997314453125,44.20000076293945,782.3345947265625,812.1599731445312,-0.542999267578125,50.0,370.7217102050781,1235.441162109375,1235.441162109375,637.0,-30.0,1000.0,911.1748046875,260.0,430.3125915527344,1520.9647216796875,742.4924926757812,3610.05712890625,895.9020385742188
2016-09-22,1595.0,1595.0,1197.0,51.20000076293945,573.509765625,1323.56005859375,7.5,54.32815170288086,777.8184814453125,210.0,324.98443603515625,1509.578125,500.0,1691.0,1478.97900390625,3660.181884765625,3660.181884765625,693.0,6.900000095367432,527.3058471679688,817.260009765625,45.70000076293945,757.072265625,811.22998046875,11.829998016357422,50.0,370.70257568359375,1244.134765625,1244.134765625,637.0,-10.0,1000.0,910.1204223632812,290.0,430.3125915527344,1520.8487548828125,792.6171875,3660.181884765625,894.34716796875
2016-09-23,1595.0,1595.0,1197.0,31.399999618530273,555.7776489257812,1322.18994140625,9.199999809265137,54.32815170288086,777.7066040039062,190.0,324.98443603515625,1509.042724609375,500.0,1691.0,1477.7978515625,3643.026123046875,3643.026123046875,693.0,9.5,553.0054321289062,816.489990234375,52.0,762.8768310546875,810.2899780273438,22.006999969482422,50.0,370.68603515625,1248.66015625,1248.66015625,637.0,-30.0,1000.0,909.045166015625,320.0,430.3125915527344,1520.757568359375,775.4613647460938,3643.026123046875,892.7672119140625
2016-09-24,1595.0,1595.0,1197.0,31.399999618530273,555.7037963867188,1320.8900146484375,11.300000190734863,54.32815170288086,777.5999145507812,250.0,324.98443603515625,1508.7452392578125,440.0,1691.0,1476.55712890625,3688.956787109375,3688.956787109375,693.0,10.199999809265137,546.1078491210938,815.7100219726562,61.0,786.970458984375,809.3300170898438,-32.83100128173828,50.0,370.6553955078125,1243.9351806640625,1243.9351806640625,637.0,-30.0,1000.0,907.9127197265625,280.0,430.3125915527344,1520.6334228515625,821.3921508789062,3688.956787109375,891.1873168945312
2016-09-25,1595.0,1595.0,1197.0,43.0,564.3004760742188,1319.5400390625,9.800000190734863,54.32815170288086,777.489501953125,190.0,324.98443603515625,1508.209716796875,500.0,1691.0,1475.3759765625,3651.349365234375,3651.349365234375,693.0,7.0,544.4464721679688,814.8900146484375,72.0,766.2538452148438,808.3699951171875,-10.455001831054688,50.0,370.6305236816406,1236.483154296875,1236.483154296875,637.0,-40.0,1000.0,906.7789916992188,280.0,430.3125915527344,1520.5091552734375,783.7845458984375,3651.349365234375,889.59619140625
2016-09-26,1595.0,1595.0,1197.0,38.900001525878906,560.200439453125,1318.1800537109375,7.699999809265137,54.32815170288086,777.3739013671875,200.0,324.98443603515625,1507.7139892578125,410.0,1691.0,1474.1055908203125,3595.368896484375,3595.368896484375,693.0,8.800000190734863,546.2464599609375,814.0700073242188,52.20000076293945,774.6563110351562,807.3900146484375,21.92300033569336,50.0,370.6139831542969,1258.6805419921875,1258.6805419921875,637.0,-80.0,1000.0,905.6322021484375,290.0,430.3125915527344,1520.3931884765625,727.8041381835938,3595.368896484375,887.9711303710938
2016-09-27,1595.0,1595.0,1197.0,15.300000190734863,537.6343994140625,1316.760009765625,7.5,54.32815170288086,777.2578125,200.0,324.98443603515625,1507.2181396484375,470.0,1691.0,1472.8447265625,3547.61572265625,3547.61572265625,693.0,15.899999618530273,592.6698608398438,813.1900024414062,43.900001525878906,762.3313598632812,806.4000244140625,-10.612998962402344,50.0,370.5890808105469,996.2760620117188,996.2760620117188,637.0,70.0,1000.0,904.5842895507812,300.0,430.3125915527344,1520.2855224609375,680.0510864257812,3547.61572265625,886.3460083007812
2016-09-28,1595.0,1595.0,1197.0,46.0,571.3438720703125,1315.3800048828125,5.599999904632568,50.0,777.147705078125,200.0,324.98443603515625,1506.6529541015625,410.0,1691.0,1471.57421875,3578.302978515625,3578.302978515625,693.0,16.200000762939453,527.9396362304688,812.3599853515625,45.20000076293945,751.0333251953125,805.4000244140625,32.96099853515625,50.0,370.5754089355469,1090.8992919921875,1090.8992919921875,637.0,60.0,1000.0,903.5160522460938,250.0,430.3125915527344,1520.136474609375,710.7380981445312,3578.302978515625,884.7127685546875
2016-09-29,1595.0,1595.0,1197.0,43.599998474121094,566.9129638671875,1313.9100341796875,5.900000095367432,376.1267395019531,776.3153686523438,220.0,324.98443603515625,1506.13232421875,370.0,1691.0,1470.2254638671875,3541.626708984375,3541.626708984375,693.0,15.600000381469727,535.89111328125,811.5,43.099998474121094,755.99853515625,804.3900146484375,-5.7649993896484375,50.0,370.5517883300781,1099.2032470703125,1099.2032470703125,637.0,50.0,1000.0,902.4691772460938,270.0,430.3125915527344,1520.0040283203125,674.0620727539062,3541.626708984375,883.0399169921875
2016-09-30,1595.0,1595.0,1197.0,41.5,563.8097534179688,1312.56005859375,7.199999809265137,255.17649841308594,775.739990234375,210.0,324.98443603515625,1505.6497802734375,390.0,1691.0,1468.8673095703125,3701.212646484375,3701.212646484375,693.0,18.5,556.9588623046875,810.6099853515625,45.099998474121094,765.0637817382812,803.3699951171875,11.703001022338867,50.0,370.53265380859375,1100.7059326171875,1100.7059326171875,637.0,50.0,1000.0,901.3883666992188,260.0,1424.42236328125,1519.0,833.6477661132812,3701.212646484375,881.3670654296875
2016-10-01,1640.869384765625,1640.869384765625,1197.0,39.900001525878906,562.2528686523438,1311.0799560546875,16.100000381469727,241.96568298339844,775.1799926757812,210.0,300.0,1505.292724609375,390.0,1640.869384765625,1467.5833740234375,4393.470703125,4393.470703125,693.0,26.0,564.4588623046875,809.719970703125,54.400001525878906,900.5596313476562,802.1712036132812,79.27899932861328,50.0,370.5360107421875,1099.37451171875,1371.6319580078125,636.5499877929688,90.0,1000.0,900.32666015625,230.0,1198.05908203125,1518.199951171875,1525.906005859375,4393.470703125,879.6849365234375
2016-10-02,1630.869384765625,1630.869384765625,1197.0,36.29999923706055,558.6098022460938,1309.5999755859375,28.200000762939453,258.10296630859375,774.6099853515625,200.0,300.0,1504.89599609375,380.0,1630.869384765625,1466.3082275390625,4668.9462890625,4668.9462890625,693.0,40.20000076293945,584.6778564453125,808.8200073242188,70.30000305175781,916.4596557617188,800.9009399414062,6.372000694274902,50.0,370.5205993652344,1140.55419921875,1412.8115234375,636.0999755859375,120.0,1000.0,899.2999267578125,360.0,1297.66259765625,1517.4000244140625,1801.3814697265625,4668.9462890625,877.9613647460938
2016-10-03,1630.869384765625,1630.869384765625,1197.0,36.900001525878906,559.2097778320312,1308.1199951171875,22.700000762939453,256.6156005859375,774.030029296875,220.0,300.0,1504.57861328125,380.0,1630.869384765625,1464.9498291015625,3835.057373046875,3835.057373046875,693.0,38.29999923706055,612.05419921875,807.8599853515625,65.30000305175781,911.4596557617188,799.67919921875,-20.549999237060547,50.0,370.4982604980469,1119.509033203125,1391.7294921875,635.6500244140625,90.0,1000.0,898.2381591796875,300.0,1272.1148681640625,1516.5799560546875,967.4927368164062,3835.057373046875,876.2139892578125
2016-10-04,1580.869384765625,1580.869384765625,1197.0,93.69999694824219,527.7805786132812,1306.8900146484375,24.0,266.0147705078125,773.4299926757812,260.0,300.0,1504.419921875,330.0,1580.869384765625,1463.64404296875,4394.3671875,4394.3671875,693.0,52.0,545.5872802734375,806.969970703125,95.4000015258789,941.5596313476562,798.38818359375,56.56399917602539,50.0,370.49578857421875,1140.43505859375,1412.6923828125,635.2000122070312,240.0,1000.0,897.3514404296875,400.0,1380.0355224609375,1515.760009765625,1526.8023681640625,4394.3671875,874.4678344726562
2016-10-05,2670.869384765625,2670.869384765625,1197.0,231.3000030517578,841.8389282226562,1305.1600341796875,21.700000762939453,263.6901550292969,772.8300170898438,370.0,366.43377685546875,1504.43408203125,1420.0,2670.869384765625,1462.338134765625,4589.5390625,4589.5390625,693.0,89.0999984741211,627.0296020507812,806.0,155.89999389648438,1002.0596313476562,797.09716796875,117.34200286865234,1171.8994140625,370.2200012207031,1399.614501953125,1670.3702392578125,634.72998046875,1300.0,1000.0,897.7014770507812,500.0,1427.7232666015625,1514.9599609375,1721.97412109375,4589.5390625,872.6903686523438
2016-10-06,2820.869384765625,2820.869384765625,1197.0,264.79998779296875,789.1468505859375,1303.6199951171875,26.600000381469727,272.65203857421875,772.219970703125,330.0,326.43377685546875,1504.4482421875,1570.0,2820.869384765625,1460.979736328125,4856.63818359375,4856.63818359375,693.0,80.0,612.4121704101562,805.0399780273438,191.8000030517578,1037.9595947265625,795.7899780273438,62.17599868774414,900.3095092773438,370.0,1590.341552734375,1862.0819091796875,634.239990234375,1390.0,1000.0,898.156494140625,440.0,1367.581787109375,1514.1600341796875,1989.0733642578125,4856.63818359375,870.8817138671875
2016-10-07,3240.869384765625,3240.869384765625,1197.0,188.6999969482422,711.5021362304688,1302.050048828125,27.0,260.4078674316406,771.5900268554688,280.0,300.0,1504.368896484375,1990.0,3240.869384765625,1459.65576171875,4561.95556640625,4561.95556640625,693.0,70.0,607.9295654296875,804.0700073242188,133.8000030517578,979.9596557617188,794.391357421875,66.01300048828125,871.0215454101562,369.7799987792969,1709.2164306640625,1981.44921875,633.77001953125,1860.0,1000.0,899.159912109375,330.0,1257.7232666015625,1513.3599853515625,1694.390625,4561.95556640625,869.075439453125
2016-10-08,2700.869384765625,2700.869384765625,1197.0,195.60000610351562,717.4297485351562,1300.5,18.700000762939453,244.57183837890625,770.9500122070312,250.0,300.0,1504.1705322265625,1450.0,2700.869384765625,1458.2774658203125,4358.7109375,4358.7109375,693.0,50.400001525878906,588.344970703125,803.010009765625,105.4000015258789,951.5596313476562,792.9927978515625,-3.8640003204345703,838.6547241210938,369.54998779296875,1780.5531005859375,2052.810546875,633.3200073242188,1150.0,1000.0,899.3348999023438,360.0,1299.1888427734375,1512.550048828125,1491.146240234375,4358.7109375,867.2084350585938
2016-10-09,2200.869384765625,2200.869384765625,1197.0,113.4000015258789,635.734375,1298.93994140625,17.600000381469727,247.00445556640625,770.2999877929688,230.0,300.0,1503.8929443359375,950.0,2200.869384765625,1456.9044189453125,4456.05712890625,4456.05712890625,693.0,43.70000076293945,581.1587524414062,802.0399780273438,87.69999694824219,933.859619140625,791.5941772460938,-23.343000411987305,781.9963989257812,369.3299865722656,1461.2545166015625,1732.5086669921875,632.8599853515625,520.0,1000.0,898.7748413085938,310.0,1272.5447998046875,1511.719970703125,1588.4921875,4456.05712890625,865.3414306640625
2016-10-10,2480.869384765625,2480.869384765625,1197.0,128.60000610351562,651.9190673828125,1297.2099609375,21.100000381469727,257.5481262207031,769.6300048828125,260.0,300.0,1503.7342529296875,1230.0,2480.869384765625,1455.55126953125,4501.57470703125,4501.57470703125,693.0,60.0,596.4309692382812,800.97998046875,94.5999984741211,940.7596435546875,790.1224365234375,21.213001251220703,863.94873046875,369.1000061035156,1431.2734375,1703.013916015625,632.3699951171875,1070.0,1000.0,898.8565673828125,330.0,1257.581787109375,1510.9200439453125,1634.0098876953125,4501.57470703125,863.4381713867188
2016-10-11,2220.869384765625,2220.869384765625,1197.0,132.0,653.2758178710938,1295.56005859375,19.600000381469727,256.0481262207031,768.9600219726562,270.0,300.0,1503.615234375,970.0,2220.869384765625,1454.142333984375,4550.2333984375,4550.2333984375,693.0,74.9000015258789,614.3619995117188,799.9099731445312,103.5999984741211,949.7596435546875,788.6302490234375,-22.052000045776367,794.76953125,368.8699951171875,1612.946533203125,1884.6868896484375,631.8800048828125,680.0,1000.0,898.483154296875,380.0,1296.1160888671875,1510.1300048828125,1682.6685791015625,4550.2333984375,861.5113525390625
2016-10-12,2020.869384765625,2020.869384765625,1197.0,98.80000305175781,623.1407470703125,1293.9200439453125,25.700000762939453,272.7459716796875,768.260009765625,260.0,300.0,1503.45654296875,770.0,2020.869384765625,1452.75,4536.26513671875,4536.26513671875,693.0,71.5,605.9154052734375,798.8499755859375,93.5999984741211,939.7596435546875,787.1618041992188,33.27499771118164,830.0467529296875,368.6400146484375,1263.271240234375,1535.0115966796875,631.3900146484375,540.0,1000.0,897.9464721679688,320.0,1247.114013671875,1509.300048828125,1668.7003173828125,4536.26513671875,859.550048828125
2016-10-13,2920.869384765625,2920.869384765625,1197.0,351.79998779296875,875.156005859375,1292.18994140625,113.9000015258789,364.47857666015625,767.5499877929688,340.0,328.2095947265625,1503.5032958984375,1670.0,2920.869384765625,1451.3299560546875,4691.271484375,4691.271484375,693.0,286.29998779296875,823.7249145507812,797.760009765625,229.6999969482422,1075.859619140625,785.6360473632812,365.2669982910156,1162.3880615234375,368.4100036621094,1429.8536376953125,1701.593994140625,630.9000244140625,1800.0,1000.0,898.8798828125,460.0,1384.2030029296875,1508.489990234375,1823.70654296875,4691.271484375,857.5740966796875
2016-10-14,5000.0,5000.0,1197.0,919.9000244140625,1441.1943359375,1290.3599853515625,259.20001220703125,504.7196960449219,766.8300170898438,810.0,798.2095947265625,1503.550048828125,4490.0,5000.0,1450.75439453125,6105.5615234375,6105.5615234375,693.0,848.2000122070312,1388.16357421875,796.5700073242188,493.70001220703125,1339.859619140625,784.1102905273438,562.9609985351562,1430.878662109375,368.1600036621094,2800.129638671875,3071.904052734375,630.4099731445312,4330.0,1000.0,902.72265625,1640.0,2552.091064453125,1507.68994140625,3237.99658203125,6105.5615234375,855.542724609375
2016-10-15,5000.0,5000.0,1197.0,997.0,1520.3375244140625,1288.5699462890625,270.5,494.3470458984375,766.0900268554688,730.0,718.2095947265625,1503.5968017578125,5580.0,5000.0,1451.4071044921875,7006.58935546875,7006.58935546875,693.0,1267.0,1802.421630859375,795.3900146484375,420.6000061035156,1266.7596435546875,782.5845336914062,619.6390380859375,1428.2919921875,367.9200134277344,3179.885009765625,3451.62548828125,629.9199829101562,4610.0,1000.0,906.7163696289062,1730.0,2622.797119140625,1506.8900146484375,4139.02490234375,7006.58935546875,853.4932861328125
2016-10-16,5000.0,5000.0,1197.0,1277.800048828125,1799.075927734375,1286.6800537109375,425.3999938964844,661.2588500976562,765.3400268554688,930.0,918.2095947265625,1503.6436767578125,5510.0,5000.0,1451.9691162109375,8159.24951171875,8159.24951171875,693.0,1987.9000244140625,2527.863525390625,794.2000122070312,559.0,1405.15966796875,780.9678955078125,779.0989990234375,1571.9063720703125,367.6700134277344,3510.101806640625,3781.84228515625,629.4299926757812,4620.0,1000.0,910.6006469726562,3300.0,4227.72314453125,1506.0899658203125,5618.24951171875,8159.24951171875,851.6266479492188
2016-10-17,5000.0,5000.0,1197.0,1591.199951171875,2115.540771484375,1284.780029296875,488.3999938964844,725.9595336914062,764.5700073242188,1090.0,1078.2095947265625,1503.6904296875,7490.0,5000.0,1454.7684326171875,9343.2392578125,9343.2392578125,693.0,2114.0,2649.421630859375,793.02001953125,742.2000122070312,1588.359619140625,779.442138671875,852.9549560546875,1678.3282470703125,367.4100036621094,4239.90966796875,4511.650390625,628.9400024414062,7250.0,1000.0,917.0189819335938,3550.0,4475.09521484375,1505.260009765625,6802.23876953125,9343.2392578125,849.750732421875
2016-10-18,5000.0,5000.0,1197.0,1969.699951171875,2158.732177734375,1284.1551513671875,625.5,788.5321044921875,764.0310668945312,1650.0,1638.2095947265625,1503.7371826171875,7250.0,5000.0,1457.247802734375,10568.7919921875,10568.7919921875,693.0,2444.60009765625,2394.357177734375,793.1307373046875,1332.0999755859375,2178.259521484375,777.8079833984375,1174.8380126953125,1916.5860595703125,367.1759948730469,6040.080078125,6311.8203125,628.4500122070312,8280.0,1000.0,924.0845947265625,4100.0,3853.333251953125,1505.482421875,8027.7919921875,10568.7919921875,847.8123168945312
2016-10-19,5000.0,5000.0,1197.0,1282.5999755859375,2096.398193359375,1280.96484375,450.6000061035156,718.0884399414062,763.1204223632812,1140.0,1128.2095947265625,1503.783935546875,4480.0,5000.0,1456.69189453125,8593.748046875,8593.748046875,693.0,1570.5,2184.1181640625,791.625732421875,847.5999755859375,1693.7596435546875,776.129638671875,699.0079956054688,1616.8045654296875,366.8800048828125,3925.454833984375,4197.1953125,627.9600219726562,4140.0,1069.48583984375,926.9370727539062,2280.0,3324.684814453125,1504.54052734375,6052.748046875,8593.748046875,845.8687744140625
2016-10-20,5000.0,5000.0,1197.0,1107.4000244140625,1671.517333984375,1278.9200439453125,316.3999938964844,595.8349609375,762.1400146484375,1080.0,1068.2095947265625,1503.8306884765625,4240.0,5000.0,1455.8865966796875,7860.0,7860.0,693.0,993.5,2018.07666015625,789.08544921875,760.7000122070312,1606.859619140625,774.4513549804688,500.9679870605469,1305.0206298828125,366.6099853515625,3567.94482421875,3839.71923828125,627.469970703125,4040.0,1164.569580078125,929.5323486328125,1550.0,2912.69091796875,1503.31201171875,5063.21728515625,7860.0,843.6498413085938
2016-10-21,5000.0,5000.0,1197.0,1449.9000244140625,1740.5020751953125,1277.7091064453125,340.1000061035156,578.0325317382812,761.280029296875,1410.0,1398.2095947265625,1503.87744140625,4910.0,5000.0,1455.7816162109375,7860.0,7860.0,693.0,1227.199951171875,1766.1837158203125,787.7133178710938,1225.199951171875,2071.359619140625,772.6366577148438,421.25201416015625,1255.78076171875,366.3299865722656,5202.66748046875,5473.39892578125,626.97998046875,4320.0,1251.0789794921875,932.2862548828125,1380.0,2586.528564453125,1502.2242431640625,5200.365234375,7860.0,841.5205688476562
2016-10-22,5000.0,5000.0,1197.0,1030.300048828125,1480.4364013671875,1275.7816162109375,328.6000061035156,565.7010498046875,760.4000244140625,1150.0,1138.2095947265625,1503.9241943359375,3640.0,5000.0,1454.2396240234375,7421.84716796875,7421.84716796875,693.0,1118.800048828125,1549.50048828125,786.4928588867188,919.2999877929688,1765.4595947265625,770.7718505859375,341.4940185546875,1206.50927734375,366.0400085449219,4387.5625,4659.80126953125,626.4400024414062,3000.0,1342.8743896484375,933.747802734375,1210.0,2334.94140625,1501.2099609375,4488.2421875,7421.84716796875,839.0960693359375
2016-10-23,4622.94873046875,4622.94873046875,1197.0,623.7999877929688,1285.2403564453125,1272.9576416015625,238.6999969482422,475.7530517578125,759.489990234375,870.0,858.2095947265625,1503.9710693359375,2770.0,4622.94873046875,1452.1505126953125,6700.53857421875,6700.53857421875,693.0,753.2000122070312,1388.0460205078125,784.8096923828125,529.0,1375.15966796875,768.8953857421875,239.8990020751953,1029.6861572265625,365.75,3591.39501953125,3858.6181640625,625.9099731445312,2030.0,1391.59375,934.309326171875,1000.0,1878.70361328125,1500.3900146484375,3766.933349609375,6700.53857421875,836.6573486328125
2016-10-24,4152.94873046875,4152.94873046875,1197.0,438.5,1128.6190185546875,1270.02001953125,199.3000030517578,436.3367919921875,758.5399780273438,720.0,708.2095947265625,1504.017822265625,2300.0,4152.94873046875,1450.0474853515625,6036.44677734375,6036.44677734375,693.0,580.7000122070312,1150.3126220703125,783.0800170898438,371.0,1217.15966796875,766.9224853515625,233.0810089111328,1038.243896484375,365.45001220703125,3188.21240234375,3435.2490234375,625.4199829101562,1570.0,1410.3109130859375,934.447021484375,910.0,1844.203857421875,1499.530029296875,3102.841552734375,6036.44677734375,834.12744140625
2016-10-25,3852.94873046875,3852.94873046875,1197.0,371.0,892.8051147460938,1267.550048828125,192.60000610351562,427.50384521484375,757.5499877929688,640.0,628.2095947265625,1504.0645751953125,2000.0,3852.94873046875,1447.885498046875,5925.044921875,5925.044921875,693.0,527.7000122070312,1063.134033203125,781.489990234375,336.6000061035156,1182.7596435546875,764.8245849609375,250.91600036621094,1083.65087890625,365.1400146484375,2690.422607421875,2946.5400390625,624.9199829101562,1400.0,1414.9013671875,934.4342041015625,840.0,1809.0252685546875,1498.6400146484375,2991.43994140625,5925.044921875,831.5338134765625
2016-10-26,4172.94873046875,4172.94873046875,1197.0,405.5,929.348388671875,1265.0899658203125,272.1000061035156,510.15673828125,756.489990234375,620.0,608.2095947265625,1504.111328125,2320.0,4172.94873046875,1445.7236328125,5942.16748046875,5942.16748046875,693.0,727.2000122070312,1264.63720703125,779.8800048828125,427.6000061035156,1273.7596435546875,762.7266845703125,685.2769775390625,1509.2957763671875,364.82000732421875,2792.3828125,3091.845703125,624.3800048828125,1700.0,1414.472900390625,934.680419921875,990.0,1978.2147216796875,1497.719970703125,3008.5625,5942.16748046875,828.8889770507812
2016-10-27,4722.94873046875,4722.94873046875,1197.0,556.7999877929688,1079.1097412109375,1262.5,485.3999938964844,722.2765502929688,755.3699951171875,780.0,768.2095947265625,1504.1580810546875,2870.0,4722.94873046875,1443.5343017578125,6682.18212890625,6682.18212890625,693.0,1386.5,1924.9588623046875,778.0999755859375,779.2999877929688,1625.4595947265625,760.6287231445312,1001.3670043945312,1822.723876953125,364.489990234375,3493.05908203125,3784.45654296875,623.8400268554688,2550.0,1422.6806640625,935.652587890625,1410.0,2409.66796875,1496.81005859375,3748.57666015625,6682.18212890625,826.1604614257812
2016-10-28,4512.94873046875,4512.94873046875,1197.0,648.0999755859375,1170.4097900390625,1259.6600341796875,538.7999877929688,717.9315185546875,754.4729614257812,780.0,768.2095947265625,1504.204833984375,2660.0,4512.94873046875,1441.2998046875,7038.87060546875,7038.87060546875,693.0,1821.0999755859375,1950.3572998046875,777.6726684570312,953.0,1799.15966796875,758.4058227539062,960.5339965820312,1807.398681640625,364.1499938964844,4066.06884765625,4338.33837890625,623.2999877929688,2240.0,1455.0865478515625,936.3294677734375,1530.0,2461.705078125,1495.9300537109375,4105.26513671875,7038.87060546875,823.3896484375
2016-10-29,4222.94873046875,4222.94873046875,1197.0,499.5,1021.8344116210938,1256.8199462890625,351.29998779296875,560.8876953125,753.3642578125,710.0,698.2095947265625,1504.251708984375,2370.0,4222.94873046875,1439.002685546875,6634.90283203125,6634.90283203125,693.0,1053.0,1504.0048828125,776.1817626953125,576.9000244140625,1423.0596923828125,756.1829223632812,765.9290161132812,1577.8853759765625,363.79998779296875,3513.76611328125,3780.958251953125,622.77001953125,1660.0,1477.649658203125,936.4867553710938,1190.0,2164.096435546875,1495.010009765625,3701.29736328125,6634.90283203125,820.499755859375
2016-10-30,3982.94873046875,3982.94873046875,1197.0,446.70001220703125,971.0284423828125,1253.9599609375,292.0,443.5584411621094,752.513671875,700.0,688.2095947265625,1504.2984619140625,2130.0,3982.94873046875,1436.7056884765625,6105.68505859375,6105.68505859375,693.0,801.5,1148.169921875,774.9617309570312,435.0,1281.15966796875,753.8114013671875,669.9779663085938,1481.2816162109375,363.42999267578125,3223.512939453125,3495.782470703125,622.22998046875,1370.0,1482.8914794921875,936.389404296875,1110.0,2084.096435546875,1494.0899658203125,3172.07958984375,6105.68505859375,817.56884765625
2016-10-31,4822.94873046875,4822.94873046875,1197.0,461.0,983.31591796875,1250.8399658203125,246.8000030517578,353.005615234375,751.8952026367188,600.0,588.2095947265625,1504.34521484375,2970.0,4822.94873046875,1434.3460693359375,6077.5732421875,6077.5732421875,693.0,611.2999877929688,838.0132446289062,774.1629638671875,361.79998779296875,1207.9595947265625,751.2709350585938,821.364013671875,1655.2664794921875,363.04998779296875,3451.897705078125,3724.13671875,621.6900024414062,1860.0,1479.6463623046875,936.7174072265625,1050.0,1971.1072998046875,1493.219970703125,3143.968017578125,6077.5732421875,814.50634765625
2016-11-01,4462.94873046875,4462.94873046875,1197.0,373.0,895.31591796875,1247.719970703125,208.89999389648438,276.33709716796875,751.4823608398438,630.0,300.0,1505.654296875,2610.0,4462.94873046875,1431.9190673828125,5821.9384765625,5821.9384765625,693.0,436.5,591.7755126953125,773.6082763671875,276.20001220703125,1122.359619140625,748.73046875,803.780029296875,1617.78857421875,362.6499938964844,6434.74658203125,6706.9853515625,621.1500244140625,1500.0,4760.0,933.9017944335938,910.0,1873.369384765625,1492.31005859375,2888.3330078125,5821.9384765625,811.357421875
2016-11-02,3882.94873046875,3882.94873046875,1197.0,265.6000061035156,788.9190673828125,1244.260009765625,171.89999389648438,219.5580596923828,751.1906127929688,520.0,300.0,1506.6588134765625,2030.0,3882.94873046875,1429.4688720703125,5518.61181640625,5518.61181640625,693.0,217.6999969482422,475.65032958984375,772.675537109375,259.3999938964844,1105.5596923828125,746.1900024414062,569.9299926757812,1434.4661865234375,362.2200012207031,6466.8310546875,6737.57763671875,620.5700073242188,1210.0,4760.0,930.7466430664062,860.0,1773.0635986328125,1491.4200439453125,2585.0068359375,5518.61181640625,808.1248168945312
2016-11-03,3652.94873046875,3652.94873046875,1197.0,226.0,747.8051147460938,1240.81005859375,123.0,188.57203674316406,750.7760620117188,560.0,300.0,1507.7584228515625,1800.0,3652.94873046875,1426.9486083984375,5574.83984375,5574.83984375,693.0,99.30000305175781,413.90020751953125,771.514404296875,239.39999389648438,1085.5596923828125,743.5911254882812,432.9620056152344,1255.2596435546875,361.7900085449219,6003.021484375,6276.8017578125,619.969970703125,990.0,4760.0,927.34765625,740.0,1671.7236328125,1490.52001953125,2641.234375,5574.83984375,804.7681884765625
2016-11-04,3602.94873046875,3602.94873046875,1197.0,221.6999969482422,745.0375366210938,1237.3499755859375,106.0,186.814697265625,750.25048828125,480.0,300.0,1508.472412109375,1750.0,3602.94873046875,1424.368408203125,5338.68701171875,5338.68701171875,693.0,243.39999389648438,384.83349609375,770.9857788085938,232.10000610351562,1078.2596435546875,740.9605712890625,360.4150085449219,1192.955078125,361.3299865722656,5862.39794921875,6134.63671875,619.4299926757812,860.0,4760.0,923.728271484375,680.0,1633.9285888671875,1489.5999755859375,2405.08203125,5338.68701171875,801.3045043945312
2016-11-05,3532.94873046875,3532.94873046875,1197.0,196.10000610351562,718.9082641601562,1233.56005859375,126.5999984741211,165.1210479736328,750.0,480.0,300.0,1509.1865234375,1680.0,3532.94873046875,1421.6981201171875,5361.60205078125,5361.60205078125,693.0,290.3999938964844,358.1889953613281,770.7272338867188,218.10000610351562,1064.2596435546875,738.2828369140625,436.197998046875,1265.7802734375,360.8599853515625,5428.99267578125,5700.228515625,618.8800048828125,950.0,4760.0,920.0820922851562,640.0,1547.524658203125,1488.699951171875,2427.996826171875,5361.60205078125,797.7123413085938
2016-11-06,3832.94873046875,3832.94873046875,1197.0,213.0,735.3344116210938,1229.43994140625,183.3000030517578,183.3000030517578,750.0,530.0,300.0,1510.098876953125,1980.0,3832.94873046875,1419.001708984375,5342.54248046875,5342.54248046875,693.0,326.70001220703125,324.25933837890625,770.7365112304688,275.3999938964844,1121.5596923828125,735.4393310546875,587.3079833984375,1417.001953125,360.3599853515625,5623.04931640625,5895.28857421875,618.280029296875,1530.0,4760.0,916.8828735351562,680.0,1576.416015625,1487.8199462890625,2408.937255859375,5342.54248046875,793.8998413085938
2016-11-07,3512.94873046875,3512.94873046875,1197.0,154.0,676.31591796875,1225.3199462890625,152.60000610351562,152.60000610351562,750.0,510.0,300.0,1510.9320068359375,1660.0,3512.94873046875,1416.25146484375,5343.8759765625,5343.8759765625,693.0,304.8999938964844,289.6728820800781,770.7946166992188,253.8000030517578,1099.9595947265625,732.4022216796875,473.6130065917969,1319.050048828125,359.8299865722656,5613.986328125,5887.2470703125,617.7100219726562,1090.0,4760.0,913.1507568359375,650.0,1618.9268798828125,1486.9000244140625,2410.2705078125,5343.8759765625,789.9507446289062
2016-11-08,3342.94873046875,3342.94873046875,1197.0,141.8000030517578,658.0599975585938,1220.8599853515625,124.0999984741211,124.0999984741211,750.0,480.0,300.0,1511.64599609375,1490.0,3342.94873046875,1413.42431640625,5270.79052734375,5270.79052734375,693.0,256.3999938964844,254.88192749023438,770.8004150390625,222.10000610351562,1068.2596435546875,729.1259765625,375.20098876953125,1206.618896484375,359.260009765625,5641.75390625,5914.02392578125,617.1699829101562,870.0,4760.0,909.08984375,610.0,1487.2451171875,1486.030029296875,2337.185546875,5270.79052734375,785.7017822265625
2016-11-09,3212.94873046875,3212.94873046875,1197.0,98.9000015258789,628.2750244140625,1216.1099853515625,106.30000305175781,106.30000305175781,750.0,480.0,300.0,1512.360107421875,1360.0,3212.94873046875,1410.5635986328125,5144.1083984375,5144.1083984375,693.0,220.5,222.8546142578125,770.7914428710938,203.0,1049.15966796875,725.357177734375,332.9750061035156,1157.008544921875,358.6600036621094,5435.55078125,5707.27587890625,616.5900268554688,790.0,4760.0,904.7625122070312,570.0,1497.7109375,1485.1099853515625,2210.5029296875,5144.1083984375,781.225830078125
2016-11-10,3172.94873046875,3172.94873046875,1197.0,80.5,602.2560424804688,1211.4200439453125,94.30000305175781,94.30000305175781,750.0,450.0,300.0,1512.955078125,1320.0,3172.94873046875,1407.584228515625,5033.35009765625,5033.35009765625,693.0,185.3000030517578,197.13641357421875,770.7462768554688,190.1999969482422,1036.359619140625,720.6187133789062,304.73699951171875,1168.236083984375,358.0,5518.29736328125,5786.02197265625,616.0,680.0,4760.0,900.119873046875,550.0,1436.8704833984375,1484.18994140625,2099.74462890625,5033.35009765625,776.3408203125
2016-11-11,3032.94873046875,3032.94873046875,1197.0,92.30000305175781,606.6865844726562,1206.239990234375,86.4000015258789,86.4000015258789,750.0,430.0,300.0,1513.4708251953125,1180.0,3032.94873046875,1404.6048583984375,5009.2890625,5009.2890625,693.0,158.8000030517578,178.02427673339844,770.6729736328125,183.8000030517578,1029.9595947265625,714.7255859375,289.3979797363281,1118.204833984375,357.2699890136719,5489.43115234375,5761.67041015625,615.4000244140625,560.0,4760.0,895.1707153320312,520.0,1397.638916015625,1483.31005859375,2075.68359375,5009.2890625,771.0510864257812
2016-11-12,3122.94873046875,3122.94873046875,1197.0,79.5999984741211,603.7213745117188,1200.550048828125,78.4000015258789,78.4000015258789,750.0,390.0,300.0,1513.827880859375,1270.0,3122.94873046875,1401.458740234375,4955.10302734375,4955.10302734375,693.0,145.6999969482422,191.0402069091797,770.5,181.89999389648438,1028.0596923828125,707.9563598632812,284.9620056152344,1111.2115478515625,356.4700012207031,5586.04052734375,5858.30712890625,614.7999877929688,620.0,4760.0,890.0385131835938,500.0,1407.524658203125,1482.4100341796875,2021.498046875,4955.10302734375,765.0416259765625
2016-11-13,3162.94873046875,3162.94873046875,1197.0,60.79999923706055,585.7985229492188,1194.3699951171875,76.69999694824219,76.69999694824219,750.0,430.0,300.0,1514.343505859375,1310.0,3162.94873046875,1398.312744140625,4934.46728515625,4934.46728515625,693.0,139.8000030517578,139.8000030517578,770.5,184.10000610351562,1030.2596435546875,697.94873046875,274.7070007324219,1109.2432861328125,355.54998779296875,5474.42138671875,5746.66015625,614.2000122070312,660.0,4760.0,884.7529296875,480.0,1362.8209228515625,1481.510009765625,2000.862060546875,4934.46728515625,758.1483764648438
2016-11-14,4142.94873046875,4142.94873046875,1197.0,406.29998779296875,928.7634887695312,1187.6800537109375,118.0,118.0,750.0,570.0,300.0,1515.4146728515625,2290.0,4142.94873046875,1395.0,5170.22412109375,5170.22412109375,693.0,248.6999969482422,248.6999969482422,770.5,261.70001220703125,1107.859619140625,680.0,369.2440185546875,1185.3681640625,354.47125244140625,5912.32373046875,6184.59033203125,613.5999755859375,2080.0,4760.0,881.0811767578125,660.0,1512.559814453125,1480.6199951171875,2236.61865234375,5170.22412109375,750.0
2016-11-15,5000.0,5000.0,1197.0,1021.2000122070312,989.5755615234375,1188.1025390625,208.5,208.5,750.0,840.0,300.0,1517.3568115234375,5400.0,5000.0,1395.7213134765625,3130.26171875,3130.26171875,693.0,568.2999877929688,568.2999877929688,770.5,481.3999938964844,481.3999938964844,680.0,638.0169677734375,1021.50537109375,353.8848571777344,9921.966796875,10194.2060546875,613.0,6130.0,7324.875,879.4597778320312,1310.0,2239.151123046875,1479.6500244140625,3130.26171875,3130.26171875,750.0
2016-11-16,4940.0,4940.0,1197.0,851.0,798.28369140625,1188.799560546875,251.60000610351562,251.60000610351562,750.0,870.0,300.0,1519.617919921875,4540.0,4940.0,1395.0,4186.47216796875,4186.47216796875,693.0,735.4000244140625,735.4000244140625,770.5,629.4000244140625,629.4000244140625,680.0,833.7039794921875,855.5526123046875,353.8439025878906,8378.53515625,8378.53515625,613.0,4400.0,5594.875,877.7669067382812,1280.0,3342.018310546875,1477.550048828125,4186.47216796875,4186.47216796875,750.0
2016-11-17,3400.0,3400.0,1197.0,527.5,661.4224853515625,1187.015625,220.5,220.5,750.0,760.0,300.0,1521.24267578125,3400.0,3400.0,1395.0,4610.921875,4610.921875,693.0,553.7000122070312,553.7000122070312,770.5,570.2000122070312,570.2000122070312,680.0,694.76904296875,721.6797485351562,353.79376220703125,6905.03125,6905.03125,613.0,2790.0,4760.0,874.9739990234375,1090.0,3070.362060546875,1475.4300537109375,4610.921875,4610.921875,750.0
2016-11-18,2760.0,2760.0,1197.0,415.70001220703125,581.5150146484375,1184.7353515625,180.6999969482422,180.6999969482422,750.0,680.0,300.0,1522.7501220703125,2760.0,2760.0,1395.0,4229.65869140625,4229.65869140625,693.0,424.3999938964844,424.3999938964844,770.5,456.8999938964844,456.8999938964844,680.0,524.4760131835938,637.3628540039062,353.5879211425781,6752.32373046875,6752.32373046875,613.0,2010.0,4760.0,870.8551025390625,950.0,2927.937255859375,1473.3299560546875,4229.65869140625,4229.65869140625,750.0
2016-11-19,2320.0,2320.0,1197.0,387.70001220703125,589.07666015625,1181.8675537109375,165.0,165.0,750.0,640.0,300.0,1523.915771484375,2320.0,2320.0,1395.0,3810.34521484375,3810.34521484375,693.0,356.5,356.5,770.5,402.3999938964844,402.3999938964844,680.0,454.70599365234375,617.6298217773438,353.29150390625,6313.47607421875,6313.47607421875,613.0,1640.0,4760.0,866.0193481445312,890.0,2863.315185546875,1471.199951171875,3810.34521484375,3810.34521484375,750.0
2016-11-20,2210.0,2210.0,1197.0,421.70001220703125,548.7449951171875,1180.0,204.8000030517578,204.8000030517578,750.0,650.0,300.0,1525.239501953125,2210.0,2210.0,1395.0,3921.491455078125,3921.491455078125,693.0,420.29998779296875,420.29998779296875,770.5,403.3999938964844,403.3999938964844,680.0,469.4949951171875,616.2845458984375,353.0243835449219,6442.775390625,6442.775390625,613.0,1370.0,4760.0,860.4993896484375,870.0,2785.80859375,1469.0999755859375,3921.491455078125,3921.491455078125,750.0
2016-11-21,2380.0,2380.0,1197.0,604.2000122070312,604.2000122070312,1180.0,283.20001220703125,283.20001220703125,750.0,730.0,300.0,1526.7930908203125,2380.0,2380.0,1395.0,3900.989990234375,3900.989990234375,693.0,670.2000122070312,670.2000122070312,770.5,472.8999938964844,472.8999938964844,680.0,578.9130249023438,591.7119140625,353.0,6421.34716796875,6421.34716796875,613.0,1890.0,4760.0,855.5889282226562,910.0,2765.311279296875,1467.0,3900.989990234375,3900.989990234375,750.0
2016-11-22,2300.0,2300.0,1197.0,660.5,660.5,1180.0,351.0,351.0,750.0,750.0,300.0,1528.3782958984375,2300.0,2300.0,1395.0,3921.0146484375,3921.0146484375,693.0,852.7000122070312,852.7000122070312,770.5,583.7000122070312,583.7000122070312,680.0,614.3099975585938,614.3099975585938,352.9985656738281,6590.37841796875,6590.37841796875,613.0,1740.0,4760.0,850.1166381835938,920.0,2775.311279296875,1464.9000244140625,3921.0146484375,3921.0146484375,750.0
2016-11-23,2500.0,2500.0,1197.0,688.5,688.5,1180.0,443.6000061035156,443.6000061035156,750.0,870.0,300.0,1530.3662109375,2500.0,2500.0,1395.0,4171.51513671875,4171.51513671875,693.0,1008.5999755859375,1008.5999755859375,770.5,720.4000244140625,720.4000244140625,680.0,727.2000122070312,700.0,353.046875,6785.76025390625,6785.76025390625,613.0,2550.0,4760.0,845.9331665039062,1120.0,2999.547119140625,1462.760009765625,4171.51513671875,4171.51513671875,750.0
2016-11-24,2500.0,2500.0,1197.0,657.4000244140625,657.4000244140625,1180.0,417.3999938964844,417.3999938964844,750.0,800.0,300.0,1532.222900390625,2500.0,2500.0,1395.0,4201.4521484375,4201.4521484375,693.0,957.7000122070312,957.7000122070312,770.5,809.0,809.0,680.0,1068.47607421875,717.5800170898438,353.68121337890625,7080.9814453125,7080.9814453125,613.0,2630.0,4760.0,841.6083374023438,1040.0,2848.433349609375,1460.6500244140625,4201.4521484375,4201.4521484375,750.0
2016-11-25,2880.0,2880.0,1197.0,699.7999877929688,699.7999877929688,1180.0,391.3999938964844,391.3999938964844,750.0,800.0,300.0,1534.00634765625,2880.0,2880.0,1395.0,4061.93115234375,4061.93115234375,693.0,800.7000122070312,800.7000122070312,770.5,740.0999755859375,740.0999755859375,680.0,1819.0440673828125,955.453857421875,355.0073547363281,7198.78662109375,7198.78662109375,613.0,3820.0,5014.875,839.1537475585938,990.0,2767.1689453125,1458.550048828125,4061.93115234375,4061.93115234375,750.0
2016-11-26,2870.0,2870.0,1197.0,813.4000244140625,813.4000244140625,1180.0,431.1000061035156,431.1000061035156,750.0,840.0,300.0,1536.123779296875,2870.0,2870.0,1395.0,4047.79638671875,4047.79638671875,693.0,912.0,912.0,770.5,646.7000122070312,646.7000122070312,680.0,2253.99609375,1452.7537841796875,355.96978759765625,6906.0615234375,6906.0615234375,613.0,3510.0,4760.0,836.510009765625,1010.0,2691.11083984375,1456.528564453125,4047.79638671875,4047.79638671875,750.0
2016-11-27,2630.0,2630.0,1197.0,869.0,869.0,1180.0,494.70001220703125,494.70001220703125,750.0,800.0,300.0,1537.9320068359375,2630.0,2630.0,1395.0,3824.28173828125,3824.28173828125,693.0,1237.800048828125,1237.800048828125,770.5,863.7000122070312,863.7000122070312,680.0,1911.083984375,1813.675048828125,356.0724182128906,6661.18896484375,6661.18896484375,613.0,3030.0,4760.0,832.5345458984375,1080.0,2367.07275390625,1454.9954833984375,3824.28173828125,3824.28173828125,750.0
2016-11-28,3350.0,3350.0,1197.0,1127.300048828125,1000.0,1181.871337890625,579.7000122070312,500.0,750.518310546875,1160.0,939.172607421875,1538.67333984375,3350.0,3350.0,1395.0,4834.7685546875,4834.7685546875,693.0,1902.300048828125,1500.0,772.0128173828125,1542.699951171875,524.0,700.4757690429688,1408.8519287109375,1852.15283203125,355.5509338378906,8492.748046875,8492.748046875,613.0,4410.0,5604.875,829.447021484375,1680.0,2121.334716796875,1454.4483642578125,4834.7685546875,4834.7685546875,750.0
2016-11-29,3140.0,3140.0,1197.0,1077.5,958.8361206054688,1183.5745849609375,603.2999877929688,581.4694213867188,750.6602783203125,1100.0,1707.40673828125,1536.4986572265625,3140.0,3140.0,1395.0,4803.083984375,4803.083984375,693.0,2241.10009765625,1716.11767578125,773.9171142578125,1919.5,2000.0,699.32275390625,1124.570068359375,1534.09228515625,355.0570983886719,8346.185546875,8346.185546875,613.0,3910.0,5104.875,826.4844970703125,1660.0,2033.6363525390625,1453.9852294921875,4803.083984375,4803.083984375,750.0
2016-11-30,2960.0,2960.0,1197.0,891.4000244140625,836.1907348632812,1184.354736328125,545.2000122070312,525.0796508789062,750.7911376953125,600.0,1441.6044921875,1533.3831787109375,2960.0,2960.0,1395.0,4247.8076171875,4247.8076171875,693.0,1819.9000244140625,1863.3636474609375,773.7609252929688,1505.4000244140625,2000.0,691.419921875,938.7569580078125,1254.3187255859375,354.6047058105469,7724.31787109375,7724.31787109375,613.0,3230.0,4760.0,822.691162109375,1440.0,1959.390380859375,1453.34130859375,4247.8076171875,4247.8076171875,750.0
2016-12-01,4620.0,4620.0,1197.0,755.0999755859375,769.2938232421875,1184.156494140625,491.0,469.38641357421875,750.9317016601562,1580.0,1251.0697021484375,1534.564697265625,4620.0,4620.0,1395.0,4130.76611328125,4130.76611328125,693.0,1630.4000244140625,1572.9423828125,773.9674072265625,1324.5999755859375,1715.639404296875,682.2454223632812,823.0189819335938,1048.903564453125,354.2721862792969,7606.5927734375,7606.5927734375,613.0,2530.0,4760.0,816.50732421875,1250.0,1856.181396484375,1452.614013671875,4130.76611328125,4130.76611328125,750.0
2016-12-02,2400.0,2400.0,1197.0,590.9000244140625,774.2625732421875,1181.52587890625,412.29998779296875,460.5909423828125,750.6176147460938,910.0,1230.713134765625,1533.410400390625,2400.0,2400.0,1395.0,3561.226318359375,3561.226318359375,693.0,1187.300048828125,1579.42822265625,772.5502319335938,996.2999877929688,1041.1846923828125,680.3540649414062,695.8189697265625,949.7039794921875,353.8749694824219,7246.37744140625,7246.37744140625,613.0,2030.0,4760.0,807.6297607421875,1060.0,1739.5933837890625,1451.8099365234375,3561.226318359375,3561.226318359375,750.0
2016-12-03,2360.0,2360.0,1197.0,635.5,739.1167602539062,1180.0,358.0,452.97357177734375,750.0,870.0,1200.4754638671875,1532.1815185546875,2360.0,2360.0,1395.0,3301.656494140625,3301.656494140625,693.0,992.0999755859375,1541.2481689453125,770.5,869.7000122070312,877.3759155273438,680.0,639.0270385742188,946.8278198242188,353.3167724609375,6962.3828125,6962.3828125,613.0,1770.0,4760.0,794.7108154296875,1010.0,1610.7012939453125,1451.065185546875,3301.656494140625,3301.656494140625,750.0
2016-12-04,2700.0,2700.0,1197.0,784.2000122070312,784.2000122070312,1180.0,443.0,443.0,750.0,1190.0,1130.31689453125,1532.418212890625,2700.0,2700.0,1395.0,4222.556640625,4222.556640625,693.0,1592.4000244140625,1500.0,770.8524780273438,1300.699951171875,524.0,696.8862915039062,751.738037109375,818.7842407226562,353.1947021484375,7528.328125,7528.328125,613.0,2690.0,4760.0,782.5950927734375,1710.0,1491.3349609375,1451.3363037109375,4222.556640625,4222.556640625,750.0
2016-12-05,2380.0,2380.0,1197.0,746.0,746.0,1180.0,608.4000244140625,500.0,750.7049560546875,1140.0,1036.8779296875,1532.8272705078125,2380.0,2380.0,1395.0,4757.0537109375,4757.0537109375,693.0,2303.39990234375,1550.349609375,773.623046875,1688.699951171875,2000.0,691.7991943359375,941.4749755859375,773.0094604492188,353.49920654296875,5529.796875,5529.796875,613.0,2380.0,2772.508544921875,780.0,2080.0,1534.7862548828125,1452.011474609375,4757.0537109375,4757.0537109375,750.0
2016-12-06,2350.0,2350.0,1197.0,543.7000122070312,543.7000122070312,1180.0,532.7000122070312,525.3361206054688,750.7528076171875,990.0,984.5853271484375,1532.8487548828125,2350.0,2350.0,1395.0,4180.16162109375,4180.16162109375,693.0,1487.0999755859375,1636.0528564453125,773.0878295898438,1090.0,1536.711669921875,680.862060546875,972.6270141601562,887.2069091796875,353.6532897949219,3984.853271484375,3984.853271484375,613.0,1950.0,1950.0,780.0,1550.0,1643.0118408203125,1451.8968505859375,4180.16162109375,4180.16162109375,750.0
2016-12-07,1620.0,1620.0,1197.0,512.0,512.0,1180.0,445.0,560.763916015625,750.0,850.0,1063.9622802734375,1532.0,1620.0,1620.0,1395.0,3740.368408203125,3740.368408203125,693.0,1090.5999755859375,1787.0972900390625,770.5,788.4000244140625,807.0882568359375,680.0,934.7379760742188,944.98388671875,353.6340637207031,3283.614501953125,3283.614501953125,613.0,1550.0,1550.0,780.0,1220.0,1624.64404296875,1451.395263671875,3740.368408203125,3740.368408203125,750.0
2016-12-08,1780.0,1780.0,1197.0,613.5999755859375,613.5999755859375,1180.0,464.70001220703125,464.70001220703125,750.0,880.0,880.0,1532.0,1780.0,1780.0,1395.0,3502.923828125,3502.923828125,693.0,1459.800048828125,1459.800048828125,770.5,925.5999755859375,925.5999755859375,680.0,1050.6029052734375,937.7747802734375,353.8377685546875,3098.839111328125,3098.839111328125,613.0,1530.0,1530.0,780.0,1190.0,1544.236572265625,1450.9560546875,3502.923828125,3502.923828125,750.0
2016-12-09,2100.0,2100.0,1197.0,1268.300048828125,1000.0,1183.893310546875,824.0,500.0,752.0396728515625,1750.0,1750.0,1532.0,2100.0,2100.0,1395.0,5290.01123046875,5290.01123046875,693.0,3391.699951171875,1500.0,777.2452392578125,1913.699951171875,524.0,704.9913330078125,1428.5,1014.1621704101562,354.4765625,6446.2783203125,6446.2783203125,613.0,3640.0,3640.0,780.0,3070.0,1473.8455810546875,1452.8797607421875,5290.01123046875,5290.01123046875,750.0
2016-12-10,3030.0,3030.0,1197.0,1746.5,1038.9327392578125,1193.2537841796875,1243.9000244140625,907.9329223632812,753.9180908203125,2160.0,2160.0,1532.0,3030.0,3030.0,1395.0,7482.18212890625,7482.18212890625,693.0,4637.60009765625,2463.602783203125,783.9417114257812,2771.800048828125,2000.0,711.8530883789062,1807.8050537109375,1253.714111328125,355.2373962402344,9054.2265625,9037.470703125,613.0369262695312,5610.0,4621.42333984375,786.5360717773438,4670.0,1782.205810546875,1456.3897705078125,7482.18212890625,7482.18212890625,750.0
2016-12-11,3000.0,3000.0,1197.0,1401.0,1132.537841796875,1196.5186767578125,1117.5,1219.591796875,753.3648071289062,1830.0,1830.0,1532.0,3000.0,3000.0,1395.0,6765.0302734375,6765.0302734375,693.0,3506.10009765625,3420.243408203125,784.2158203125,2509.39990234375,2000.0,715.6947021484375,2227.85498046875,1539.020751953125,356.0552673339844,8713.7001953125,8730.45703125,613.0,4730.0,4811.93603515625,785.9943237304688,3130.0,2344.822021484375,1457.3416748046875,6765.0302734375,6765.0302734375,750.0
2016-12-12,2760.0,2760.0,1197.0,1068.0999755859375,1165.186279296875,1195.354736328125,1020.7000122070312,1172.9669189453125,752.5101928710938,1530.0,1530.0,1532.0,2760.0,2760.0,1395.0,6767.65625,6767.65625,693.0,2889.60009765625,3459.401611328125,782.5704345703125,2194.300048828125,2000.0,717.0885009765625,2331.64208984375,1845.7220458984375,356.5494079589844,7859.525390625,7859.525390625,613.0,3810.0,4598.64697265625,780.7801513671875,2520.0,2497.422607421875,1457.3680419921875,6767.65625,6767.65625,750.0
2016-12-13,2300.0,2300.0,1197.0,760.4000244140625,1153.546875,1190.442626953125,835.4000244140625,1002.0421142578125,751.5215454101562,1230.0,1230.0,1532.0,2300.0,2300.0,1395.0,5868.7607421875,5868.7607421875,693.0,2257.0,3224.347412109375,779.6343383789062,1623.0999755859375,2000.0,714.3513793945312,2021.2919921875,2031.0252685546875,356.5388488769531,5293.58154296875,5293.58154296875,613.0,2700.0,2817.993896484375,780.0,1950.0,2501.64501953125,1456.7071533203125,5868.7607421875,5868.7607421875,750.0
2016-12-14,2160.0,2160.0,1197.0,755.0,1037.7015380859375,1186.7034912109375,1294.5999755859375,804.310302734375,754.2776489257812,1190.0,1190.0,1532.0,2160.0,2160.0,1395.0,6154.935546875,6154.935546875,693.0,4233.10009765625,2804.904052734375,783.8762817382812,2180.0,2000.0,715.67578125,2179.9990234375,2027.06494140625,356.69390869140625,4725.8271484375,4725.8271484375,613.0,2310.0,2310.0,780.0,2820.0,2395.714111328125,1457.219482421875,6154.935546875,6154.935546875,750.0
2016-12-15,1200.0,1200.0,1197.0,885.5,851.5343627929688,1187.1646728515625,2077.60009765625,1355.533935546875,757.6797485351562,1630.0,1630.0,1532.0,1830.0,1200.0,1396.135986328125,9062.3486328125,9062.3486328125,693.0,7428.2998046875,3410.894287109375,794.2019653320312,3475.10009765625,2000.0,724.92529296875,2646.950927734375,2085.213134765625,357.2289733886719,5674.4296875,5674.4296875,613.0,2110.0,2110.0,780.0,7930.0,2477.825927734375,1463.6396484375,10456.326171875,9062.3486328125,754.0927124023438
2016-12-16,1200.0,1200.0,1197.0,693.2999877929688,710.52294921875,1186.9324951171875,1424.5,1470.54345703125,757.4799194335938,1350.0,1350.0,1532.0,1650.0,1200.0,1396.9473876953125,4531.17431640625,4531.17431640625,693.0,3856.800048828125,4885.99853515625,791.8004760742188,2273.699951171875,1353.969482421875,729.0711669921875,2010.762939453125,2257.243408203125,357.01165771484375,4302.85400390625,4302.85400390625,613.0,1680.0,1680.0,780.0,3870.0,3506.935791015625,1464.0596923828125,7950.09228515625,4531.17431640625,762.718017578125
2016-12-17,1200.0,1200.0,1197.0,479.20001220703125,761.48193359375,1183.002197265625,991.5,1164.8956298828125,756.7122802734375,1120.0,1120.0,1532.0,1560.0,1200.0,1397.5965576171875,2265.587158203125,2265.587158203125,693.0,2235.0,4107.9052734375,787.0364990234375,1422.0999755859375,1250.712890625,729.7510375976562,1437.5140380859375,2178.51904296875,356.2583312988281,3483.187255859375,3483.187255859375,613.0,1370.0,1370.0,780.0,2480.0,3574.274169921875,1462.7864990234375,7508.95556640625,2265.587158203125,773.40576171875
2016-12-18,1200.0,1200.0,1197.0,428.5,634.3555297851562,1180.0,519.0999755859375,939.7304077148438,754.6979370117188,950.0,950.0,1532.0,1540.0,1200.0,1398.192138671875,1350.0,1350.0,693.0,1621.5,3284.503662109375,782.3243408203125,1001.2000122070312,1407.2752685546875,728.1024780273438,1037.3150634765625,1907.410888671875,355.2579345703125,2886.966552734375,2886.966552734375,613.0,1170.0,1170.0,780.0,1810.0,3370.182861328125,1460.966064453125,6723.1591796875,1350.0,782.3875732421875
2016-12-19,1200.0,1200.0,1197.0,863.4000244140625,863.4000244140625,1180.0,553.5999755859375,785.886962890625,753.4791259765625,930.0,930.0,1532.0,1430.0,1200.0,1398.572265625,1350.0,1350.0,693.0,1411.199951171875,2835.6025390625,777.8363037109375,1044.199951171875,1068.9422607421875,728.0,976.0859985351562,1546.7239990234375,354.4759521484375,2847.19482421875,2847.19482421875,613.0,1220.0,1220.0,780.0,1490.0,3078.39306640625,1459.1129150390625,5932.01025390625,1350.0,789.2086181640625
2016-12-20,1200.0,1200.0,1197.0,1843.4000244140625,1000.0,1191.5888671875,489.3999938964844,665.6246337890625,752.49365234375,2310.0,2310.0,1532.0,5060.0,1200.0,1405.1099853515625,1350.0,1350.0,693.0,1637.699951171875,2393.635009765625,775.2861938476562,1720.4000244140625,1673.2694091796875,728.1951904296875,1365.842041015625,1253.48388671875,354.640380859375,10323.791015625,10263.2158203125,613.1334838867188,7790.0,5007.396484375,796.2980346679688,1970.0,2781.327392578125,1458.1141357421875,7317.2763671875,1350.0,797.1520385742188
2016-12-21,1200.0,1200.0,1197.0,1729.0999755859375,1115.888427734375,1199.012451171875,478.20001220703125,617.3497314453125,751.6723022460938,1200.0,1200.0,1532.0,3890.0,1200.0,1409.445068359375,1350.0,1350.0,693.0,1937.800048828125,2099.556640625,774.7132568359375,1950.0,1522.7796630859375,729.9237060546875,1686.7740478515625,1315.1441650390625,355.15203857421875,9863.76953125,9924.3447265625,613.0,4460.0,5322.857421875,792.0194091796875,2120.0,2621.23779296875,1457.5225830078125,7759.2060546875,1350.0,804.9061889648438
2016-12-22,1200.0,1200.0,1197.0,900.4000244140625,1190.1241455078125,1195.5908203125,425.1000061035156,617.533203125,750.4627685546875,2600.0,2600.0,1532.0,2880.0,1200.0,1412.085205078125,1350.0,1350.0,693.0,1509.699951171875,1945.37109375,773.1619873046875,1324.199951171875,1432.6197509765625,729.49365234375,1473.404052734375,1507.0091552734375,355.1109924316406,7713.6103515625,7713.6103515625,613.0,2850.0,4760.0,780.064453125,1670.0,2526.418701171875,1456.49365234375,6532.17626953125,1350.0,810.7469482421875
2016-12-23,1200.0,1200.0,1197.0,694.7000122070312,984.73193359375,1192.0140380859375,520.7999877929688,576.8221435546875,750.0984497070312,1470.0,1470.0,1532.0,2580.0,1200.0,1414.190673828125,1350.0,1350.0,693.0,1511.4000244140625,1717.0806884765625,772.4122924804688,1221.800048828125,1290.813232421875,729.2198486328125,1262.39501953125,1491.6253662109375,354.798095703125,5267.00146484375,5267.00146484375,613.0,2410.0,2419.746337890625,780.0,1960.0,2361.47412109375,1455.99609375,5975.24072265625,1350.0,815.6806640625
2016-12-24,1200.0,1200.0,1197.0,607.4000244140625,815.6546630859375,1189.3299560546875,617.9000244140625,519.686279296875,750.7371215820312,1330.0,1330.0,1532.0,3010.0,1200.0,1416.9522705078125,1350.0,1350.0,693.0,1637.0,1472.88720703125,773.0126342773438,1252.300048828125,1137.5087890625,729.6752319335938,1136.3790283203125,1335.2962646484375,354.5051574707031,4236.12255859375,4236.12255859375,613.0,2010.0,2010.0,780.0,2160.0,2281.735107421875,1455.8541259765625,5563.93115234375,1350.0,819.9757080078125
2016-12-25,1200.0,1200.0,1197.0,460.0,753.8031005859375,1185.3778076171875,495.3999938964844,483.7859802246094,750.8126831054688,1130.0,1130.0,1532.0,1370.0,1200.0,1417.211669921875,1350.0,1350.0,693.0,1260.5,1326.55810546875,772.7711181640625,1007.2000122070312,1074.2392578125,729.4093017578125,937.3759765625,1172.4031982421875,354.15924072265625,3828.592041015625,3828.592041015625,613.0,1600.0,1600.0,780.0,1790.0,2258.9677734375,1455.306884765625,5020.724609375,1350.0,823.5867919921875
2016-12-26,1200.0,1200.0,1197.0,477.5,723.1353759765625,1181.8984375,411.5,462.823974609375,750.4788818359375,1000.0,1000.0,1532.0,1890.0,1200.0,1418.24560546875,3108.084716796875,3108.084716796875,693.0,984.5,1300.072021484375,771.6083374023438,830.9000244140625,1106.7928466796875,728.2847900390625,811.6690063476562,1066.255615234375,353.73443603515625,3093.36279296875,3093.36279296875,613.0,1340.0,1340.0,780.0,1480.0,2171.26025390625,1454.46923828125,4604.3466796875,3108.084716796875,825.0
2016-12-27,1200.0,1200.0,1197.0,630.0999755859375,632.6569213867188,1181.8612060546875,405.8999938964844,431.6159973144531,750.3116455078125,1120.0,1120.0,1532.0,2120.0,1200.0,1419.5911865234375,4350.78759765625,4350.78759765625,693.0,1033.9000244140625,1227.947998046875,770.8809814453125,947.7000122070312,1016.4772338867188,728.0,847.0709838867188,959.3362426757812,353.5304260253906,3956.109619140625,3956.109619140625,613.0,1830.0,1830.0,780.0,1400.0,2036.9737548828125,1453.6795654296875,4512.91796875,4350.78759765625,825.1531372070312
2016-12-28,1200.0,1200.0,1197.0,661.7999877929688,540.1046142578125,1183.60791015625,420.8999938964844,397.6773376464844,750.4627075195312,1060.0,1060.0,1532.0,1610.0,1200.0,1420.2012939453125,4157.7373046875,4157.7373046875,693.0,1247.0999755859375,1132.765380859375,771.310546875,1171.9000244140625,991.5361328125,728.7468872070312,854.3829956054688,864.5286865234375,353.5113830566406,3862.83984375,3862.83984375,613.0,1790.0,1790.0,780.0,1330.0,1910.3995361328125,1452.96240234375,4478.9462890625,4157.7373046875,825.45654296875
2016-12-29,1200.0,1200.0,1197.0,451.70001220703125,700.0009155273438,1180.0,369.20001220703125,440.3463439941406,750.0,980.0,980.0,1532.0,2130.0,1200.0,1421.5189208984375,4400.0,4400.0,693.0,1083.699951171875,1297.92236328125,770.5,963.7000122070312,1144.06396484375,728.0,745.8870239257812,891.773681640625,353.2464904785156,3241.2919921875,3241.2919921875,613.0,1500.0,1500.0,780.0,1210.0,1795.444091796875,1452.279296875,4035.29052734375,4400.0,825.112060546875
2016-12-30,1200.0,1200.0,1197.0,355.0,355.0,1180.0,329.79998779296875,329.79998779296875,750.0,940.0,940.0,1532.0,1670.0,1200.0,1422.198974609375,3890.2666015625,3890.2666015625,693.0,942.4000244140625,942.4000244140625,770.5,813.7999877929688,813.7999877929688,728.0,675.280029296875,792.439453125,353.03369140625,2815.177490234375,2815.177490234375,613.0,1330.0,1330.0,780.0,1150.0,1685.95263671875,1451.6324462890625,3771.63671875,3890.2666015625,825.0
2016-12-31,1200.0,1200.0,1197.0,325.8999938964844,325.8999938964844,1180.0,305.20001220703125,305.20001220703125,750.0,840.0,300.0,1533.9517822265625,1430.0,1200.0,1422.5499267578125,1945.13330078125,1945.13330078125,693.0,819.0999755859375,819.0999755859375,770.5,703.2999877929688,703.2999877929688,728.0,668.77099609375,687.037109375,353.0,2643.37744140625,2643.37744140625,613.0,1170.0,1170.0,780.0,1050.0,400.0,1452.412353515625,3055.703125,1945.13330078125,826.0489501953125
