Date,Diversion 1 down Flow-DECISION,Diversion 1 up Flow-DECISION,Diversion 2 Flow-DECISION,Diversion 3 Flow-DECISION,Diversion 4 Flow-DECISION,Diversion 5 Flow-DECISION,Diversion 6 Flow-DECISION,Diversion 7 Flow-DECISION,Diversion 8 Flow-DECISION,Diversion 9 Flow-DECISION,Diversion 10 Flow-DECISION,Diversion 11 Flow-DECISION,Diversion 12 Flow-DECISION,Diversion 13 Flow-DECISION,Diversion 14 Flow-DECISION,Diversion 15 Flow-DECISION,Return 1 down Flow-DECISION,Return 1 up Flow-DECISION,Return 2 Flow-DECISION,Return 3 Flow-DECISION,Return 4 Flow-DECISION,Return 5 Flow-DECISION,Return 6 Flow-DECISION,Return 7 Flow-DECISION,Return 8 Flow-DECISION,Return 9 Flow-DECISION,Return 10 Flow-DECISION,Return 11 Flow-DECISION,Return 12 Flow-DECISION,Return 13 Flow-DECISION,Return 14 Flow-DECISION,Return 15 Flow-DECISION,Diversion 1 down-Diversion 1 down Flow-SPEC,Diversion 1 up-Diversion 1 up Flow-SPEC,Diversion 2-Diversion 2 Flow-SPEC,Diversion 3-Diversion 3 Flow-SPEC,Diversion 4-Diversion 4 Flow-SPEC,Diversion 5-Diversion 5 Flow-SPEC,Diversion 6-Diversion 6 Flow-SPEC,Diversion 7-Diversion 7 Flow-SPEC,Diversion 8-Diversion 8 Flow-SPEC,Diversion 9-Diversion 9 Flow-SPEC,Diversion 10-Diversion 10 Flow-SPEC,Diversion 11-Diversion 11 Flow-SPEC,Diversion 12-Diversion 12 Flow-SPEC,Diversion 13-Diversion 13 Flow-SPEC,Diversion 14-Diversion 14 Flow-SPEC,Diversion 15-Diversion 15 Flow-SPEC,Return 1 down-Return 1 down Flow-SPEC,Return 1 up-Return 1 up Flow-SPEC,Return 2-Return 2 Flow-SPEC,Return 3-Return 3 Flow-SPEC,Return 4-Return 4 Flow-SPEC,Return 5-Return 5 Flow-SPEC,Return 6-Return 6 Flow-SPEC,Return 7-Return 7 Flow-SPEC,Return 8-Return 8 Flow-SPEC,Return 9-Return 9 Flow-SPEC,Return 10-Return 10 Flow-SPEC,Return 11-Return 11 Flow-SPEC,Return 12-Return 12 Flow-SPEC,Return 13-Return 13 Flow-SPEC,Return 14-Return 14 Flow-SPEC,Return 15-Return 15 Flow-SPEC
1963-01-02,0.0,0.0,0.0,0.0,0.0,0.0,0.0,0.0,0.0,0.0,0.0,0.0,0.0,0.0,0.0,0.0,-14.0,-4.0,-1.0,-1.0,-2.0,-2.0,-2.0,-1.0,-1.0,0.0,0.0,-1.0,0.0,0.0,0.0,0.0,0.0,0.0,0.0,0.0,0.0,0.0,0.0,0.0,0.0,0.0,0.0,0.0,0.0,0.0,0.0,0.0,-14.0,-4.0,-1.0,-1.0,-2.0,-2.0,-2.0,-1.0,-1.0,0.0,0.0,-1.0,0.0,0.0,0.0,0.0
1963-01-03,0.0,0.0,0.0,0.0,0.0,0.0,0.0,0.0,0.0,0.0,0.0,0.0,0.0,0.0,0.0,0.0,-14.0,-4.0,-1.0,-1.0,-2.0,-2.0,-2.0,-1.0,-1.0,0.0,0.0,-1.0,0.0,0.0,0.0,0.0,0.0,0.0,0.0,0.0,0.0,0.0,0.0,0.0,0.0,0.0,0.0,0.0,0.0,0.0,0.0,0.0,-14.0,-4.0,-1.0,-1.0,-2.0,-2.0,-2.0,-1.0,-1.0,0.0,0.0,-1.0,0.0,0.0,0.0,0.0
1963-01-04,0.0,0.0,0.0,0.0,0.0,0.0,0.0,0.0,0.0,0.0,0.0,0.0,0.0,0.0,0.0,0.0,-14.0,-4.0,-1.0,-1.0,-2.0,-2.0,-2.0,-1.0,-1.0,0.0,0.0,-1.0,0.0,0.0,0.0,0.0,0.0,0.0,0.0,0.0,0.0,0.0,0.0,0.0,0.0,0.0,0.0,0.0,0.0,0.0,0.0,0.0,-14.0,-4.0,-1.0,-1.0,-2.0,-2.0,-2.0,-1.0,-1.0,0.0,0.0,-1.0,0.0,0.0,0.0,0.0
1963-01-05,0.0,0.0,0.0,0.0,0.0,0.0,0.0,0.0,0.0,0.0,0.0,0.0,0.0,0.0,0.0,0.0,-14.0,-4.0,-1.0,-1.0,-2.0,-2.0,-2.0,-1.0,-1.0,0.0,0.0,-1.0,0.0,0.0,0.0,0.0,0.0,0.0,0.0,0.0,0.0,0.0,0.0,0.0,0.0,0.0,0.0,0.0,0.0,0.0,0.0,0.0,-14.0,-4.0,-1.0,-1.0,-2.0,-2.0,-2.0,-1.0,-1.0,0.0,0.0,-1.0,0.0,0.0,0.0,0.0
1963-01-06,0.0,0.0,0.0,0.0,0.0,0.0,0.0,0.0,0.0,0.0,0.0,0.0,0.0,0.0,0.0,0.0,-14.0,-4.0,-1.0,-1.0,-2.0,-2.0,-2.0,-1.0,-1.0,0.0,0.0,-1.0,0.0,0.0,0.0,0.0,0.0,0.0,0.0,0.0,0.0,0.0,0.0,0.0,0.0,0.0,0.0,0.0,0.0,0.0,0.0,0.0,-14.0,-4.0,-1.0,-1.0,-2.0,-2.0,-2.0,-1.0,-1.0,0.0,0.0,-1.0,0.0,0.0,0.0,0.0
1963-01-07,0.0,0.0,0.0,0.0,0.0,0.0,0.0,0.0,0.0,0.0,0.0,0.0,0.0,0.0,0.0,0.0,-14.0,-4.0,-1.0,-1.0,-2.0,-2.0,-2.0,-1.0,-1.0,0.0,0.0,-1.0,0.0,0.0,0.0,0.0,0.0,0.0,0.0,0.0,0.0,0.0,0.0,0.0,0.0,0.0,0.0,0.0,0.0,0.0,0.0,0.0,-14.0,-4.0,-1.0,-1.0,-2.0,-2.0,-2.0,-1.0,-1.0,0.0,0.0,-1.0,0.0,0.0,0.0,0.0
1963-01-08,0.0,0.0,0.0,0.0,0.0,0.0,0.0,0.0,0.0,0.0,0.0,0.0,0.0,0.0,0.0,0.0,-14.0,-4.0,-1.0,-1.0,-2.0,-2.0,-2.0,-1.0,-1.0,0.0,0.0,-1.0,0.0,0.0,0.0,0.0,0.0,0.0,0.0,0.0,0.0,0.0,0.0,0.0,0.0,0.0,0.0,0.0,0.0,0.0,0.0,0.0,-14.0,-4.0,-1.0,-1.0,-2.0,-2.0,-2.0,-1.0,-1.0,0.0,0.0,-1.0,0.0,0.0,0.0,0.0
1963-01-09,0.0,0.0,0.0,0.0,0.0,0.0,0.0,0.0,0.0,0.0,0.0,0.0,0.0,0.0,0.0,0.0,-14.0,-4.0,-1.0,-1.0,-2.0,-2.0,-2.0,-1.0,-1.0,0.0,0.0,-1.0,0.0,0.0,0.0,0.0,0.0,0.0,0.0,0.0,0.0,0.0,0.0,0.0,0.0,0.0,0.0,0.0,0.0,0.0,0.0,0.0,-14.0,-4.0,-1.0,-1.0,-2.0,-2.0,-2.0,-1.0,-1.0,0.0,0.0,-1.0,0.0,0.0,0.0,0.0
1963-01-10,0.0,0.0,0.0,0.0,0.0,0.0,0.0,0.0,0.0,0.0,0.0,0.0,0.0,0.0,0.0,0.0,-14.0,-4.0,-1.0,-1.0,-2.0,-2.0,-2.0,-1.0,-1.0,0.0,0.0,-1.0,0.0,0.0,0.0,0.0,0.0,0.0,0.0,0.0,0.0,0.0,0.0,0.0,0.0,0.0,0.0,0.0,0.0,0.0,0.0,0.0,-14.0,-4.0,-1.0,-1.0,-2.0,-2.0,-2.0,-1.0,-1.0,0.0,0.0,-1.0,0.0,0.0,0.0,0.0
1963-01-11,0.0,0.0,0.0,0.0,0.0,0.0,0.0,0.0,0.0,0.0,0.0,0.0,0.0,0.0,0.0,0.0,-14.0,-4.0,-1.0,-1.0,-2.0,-2.0,-2.0,-1.0,-1.0,0.0,0.0,-1.0,0.0,0.0,0.0,0.0,0.0,0.0,0.0,0.0,0.0,0.0,0.0,0.0,0.0,0.0,0.0,0.0,0.0,0.0,0.0,0.0,-14.0,-4.0,-1.0,-1.0,-2.0,-2.0,-2.0,-1.0,-1.0,0.0,0.0,-1.0,0.0,0.0,0.0,0.0
1963-01-12,0.0,0.0,0.0,0.0,0.0,0.0,0.0,0.0,0.0,0.0,0.0,0.0,0.0,0.0,0.0,0.0,-14.0,-4.0,-1.0,-1.0,-2.0,-2.0,-2.0,-1.0,-1.0,0.0,0.0,-1.0,0.0,0.0,0.0,0.0,0.0,0.0,0.0,0.0,0.0,0.0,0.0,0.0,0.0,0.0,0.0,0.0,0.0,0.0,0.0,0.0,-14.0,-4.0,-1.0,-1.0,-2.0,-2.0,-2.0,-1.0,-1.0,0.0,0.0,-1.0,0.0,0.0,0.0,0.0
1963-01-13,0.0,0.0,0.0,0.0,0.0,0.0,0.0,0.0,0.0,0.0,0.0,0.0,0.0,0.0,0.0,0.0,-14.0,-4.0,-1.0,-1.0,-2.0,-2.0,-2.0,-1.0,-1.0,0.0,0.0,-1.0,0.0,0.0,0.0,0.0,0.0,0.0,0.0,0.0,0.0,0.0,0.0,0.0,0.0,0.0,0.0,0.0,0.0,0.0,0.0,0.0,-14.0,-4.0,-1.0,-1.0,-2.0,-2.0,-2.0,-1.0,-1.0,0.0,0.0,-1.0,0.0,0.0,0.0,0.0
1963-01-14,0.0,0.0,0.0,0.0,0.0,0.0,0.0,0.0,0.0,0.0,0.0,0.0,0.0,0.0,0.0,0.0,-14.0,-4.0,-1.0,-1.0,-2.0,-2.0,-2.0,-1.0,-1.0,0.0,0.0,-1.0,0.0,0.0,0.0,0.0,0.0,0.0,0.0,0.0,0.0,0.0,0.0,0.0,0.0,0.0,0.0,0.0,0.0,0.0,0.0,0.0,-14.0,-4.0,-1.0,-1.0,-2.0,-2.0,-2.0,-1.0,-1.0,0.0,0.0,-1.0,0.0,0.0,0.0,0.0
1963-01-15,0.0,0.0,0.0,0.0,0.0,0.0,0.0,0.0,0.0,0.0,0.0,0.0,0.0,0.0,0.0,0.0,-14.0,-4.0,-1.0,-1.0,-2.0,-2.0,-2.0,-1.0,-1.0,0.0,0.0,-1.0,0.0,0.0,0.0,0.0,0.0,0.0,0.0,0.0,0.0,0.0,0.0,0.0,0.0,0.0,0.0,0.0,0.0,0.0,0.0,0.0,-14.0,-4.0,-1.0,-1.0,-2.0,-2.0,-2.0,-1.0,-1.0,0.0,0.0,-1.0,0.0,0.0,0.0,0.0
1963-01-16,0.0,0.0,0.0,0.0,0.0,0.0,0.0,0.0,0.0,0.0,0.0,0.0,0.0,0.0,0.0,0.0,-14.0,-4.0,-1.0,-1.0,-2.0,-2.0,-2.0,-1.0,-1.0,0.0,0.0,-1.0,0.0,0.0,0.0,0.0,0.0,0.0,0.0,0.0,0.0,0.0,0.0,0.0,0.0,0.0,0.0,0.0,0.0,0.0,0.0,0.0,-14.0,-4.0,-1.0,-1.0,-2.0,-2.0,-2.0,-1.0,-1.0,0.0,0.0,-1.0,0.0,0.0,0.0,0.0
1963-01-17,0.0,0.0,0.0,0.0,0.0,0.0,0.0,0.0,0.0,0.0,0.0,0.0,0.0,0.0,0.0,0.0,-14.0,-4.0,-1.0,-1.0,-2.0,-2.0,-2.0,-1.0,-1.0,0.0,0.0,-1.0,0.0,0.0,0.0,0.0,0.0,0.0,0.0,0.0,0.0,0.0,0.0,0.0,0.0,0.0,0.0,0.0,0.0,0.0,0.0,0.0,-14.0,-4.0,-1.0,-1.0,-2.0,-2.0,-2.0,-1.0,-1.0,0.0,0.0,-1.0,0.0,0.0,0.0,0.0
1963-01-18,0.0,0.0,0.0,0.0,0.0,0.0,0.0,0.0,0.0,0.0,0.0,0.0,0.0,0.0,0.0,0.0,-14.0,-4.0,-1.0,-1.0,-2.0,-2.0,-2.0,-1.0,-1.0,0.0,0.0,-1.0,0.0,0.0,0.0,0.0,0.0,0.0,0.0,0.0,0.0,0.0,0.0,0.0,0.0,0.0,0.0,0.0,0.0,0.0,0.0,0.0,-14.0,-4.0,-1.0,-1.0,-2.0,-2.0,-2.0,-1.0,-1.0,0.0,0.0,-1.0,0.0,0.0,0.0,0.0
1963-01-19,0.0,0.0,0.0,0.0,0.0,0.0,0.0,0.0,0.0,0.0,0.0,0.0,0.0,0.0,0.0,0.0,-14.0,-4.0,-1.0,-1.0,-2.0,-2.0,-2.0,-1.0,-1.0,0.0,0.0,-1.0,0.0,0.0,0.0,0.0,0.0,0.0,0.0,0.0,0.0,0.0,0.0,0.0,0.0,0.0,0.0,0.0,0.0,0.0,0.0,0.0,-14.0,-4.0,-1.0,-1.0,-2.0,-2.0,-2.0,-1.0,-1.0,0.0,0.0,-1.0,0.0,0.0,0.0,0.0
1963-01-20,0.0,0.0,0.0,0.0,0.0,0.0,0.0,0.0,0.0,0.0,0.0,0.0,0.0,0.0,0.0,0.0,-14.0,-4.0,-1.0,-1.0,-2.0,-2.0,-2.0,-1.0,-1.0,0.0,0.0,-1.0,0.0,0.0,0.0,0.0,0.0,0.0,0.0,0.0,0.0,0.0,0.0,0.0,0.0,0.0,0.0,0.0,0.0,0.0,0.0,0.0,-14.0,-4.0,-1.0,-1.0,-2.0,-2.0,-2.0,-1.0,-1.0,0.0,0.0,-1.0,0.0,0.0,0.0,0.0
1963-01-21,0.0,0.0,0.0,0.0,0.0,0.0,0.0,0.0,0.0,0.0,0.0,0.0,0.0,0.0,0.0,0.0,-14.0,-4.0,-1.0,-1.0,-2.0,-2.0,-2.0,-1.0,-1.0,0.0,0.0,-1.0,0.0,0.0,0.0,0.0,0.0,0.0,0.0,0.0,0.0,0.0,0.0,0.0,0.0,0.0,0.0,0.0,0.0,0.0,0.0,0.0,-14.0,-4.0,-1.0,-1.0,-2.0,-2.0,-2.0,-1.0,-1.0,0.0,0.0,-1.0,0.0,0.0,0.0,0.0
1963-01-22,0.0,0.0,0.0,0.0,0.0,0.0,0.0,0.0,0.0,0.0,0.0,0.0,0.0,0.0,0.0,0.0,-14.0,-4.0,-1.0,-1.0,-2.0,-2.0,-2.0,-1.0,-1.0,0.0,0.0,-1.0,0.0,0.0,0.0,0.0,0.0,0.0,0.0,0.0,0.0,0.0,0.0,0.0,0.0,0.0,0.0,0.0,0.0,0.0,0.0,0.0,-14.0,-4.0,-1.0,-1.0,-2.0,-2.0,-2.0,-1.0,-1.0,0.0,0.0,-1.0,0.0,0.0,0.0,0.0
1963-01-23,0.0,0.0,0.0,0.0,0.0,0.0,0.0,0.0,0.0,0.0,0.0,0.0,0.0,0.0,0.0,0.0,-14.0,-4.0,-1.0,-1.0,-2.0,-2.0,-2.0,-1.0,-1.0,0.0,0.0,-1.0,0.0,0.0,0.0,0.0,0.0,0.0,0.0,0.0,0.0,0.0,0.0,0.0,0.0,0.0,0.0,0.0,0.0,0.0,0.0,0.0,-14.0,-4.0,-1.0,-1.0,-2.0,-2.0,-2.0,-1.0,-1.0,0.0,0.0,-1.0,0.0,0.0,0.0,0.0
1963-01-24,0.0,0.0,0.0,0.0,0.0,0.0,0.0,0.0,0.0,0.0,0.0,0.0,0.0,0.0,0.0,0.0,-14.0,-4.0,-1.0,-1.0,-2.0,-2.0,-2.0,-1.0,-1.0,0.0,0.0,-1.0,0.0,0.0,0.0,0.0,0.0,0.0,0.0,0.0,0.0,0.0,0.0,0.0,0.0,0.0,0.0,0.0,0.0,0.0,0.0,0.0,-14.0,-4.0,-1.0,-1.0,-2.0,-2.0,-2.0,-1.0,-1.0,0.0,0.0,-1.0,0.0,0.0,0.0,0.0
1963-01-25,0.0,0.0,0.0,0.0,0.0,0.0,0.0,0.0,0.0,0.0,0.0,0.0,0.0,0.0,0.0,0.0,-14.0,-4.0,-1.0,-1.0,-2.0,-2.0,-2.0,-1.0,-1.0,0.0,0.0,-1.0,0.0,0.0,0.0,0.0,0.0,0.0,0.0,0.0,0.0,0.0,0.0,0.0,0.0,0.0,0.0,0.0,0.0,0.0,0.0,0.0,-14.0,-4.0,-1.0,-1.0,-2.0,-2.0,-2.0,-1.0,-1.0,0.0,0.0,-1.0,0.0,0.0,0.0,0.0
1963-01-26,0.0,0.0,0.0,0.0,0.0,0.0,0.0,0.0,0.0,0.0,0.0,0.0,0.0,0.0,0.0,0.0,-14.0,-4.0,-1.0,-1.0,-2.0,-2.0,-2.0,-1.0,-1.0,0.0,0.0,-1.0,0.0,0.0,0.0,0.0,0.0,0.0,0.0,0.0,0.0,0.0,0.0,0.0,0.0,0.0,0.0,0.0,0.0,0.0,0.0,0.0,-14.0,-4.0,-1.0,-1.0,-2.0,-2.0,-2.0,-1.0,-1.0,0.0,0.0,-1.0,0.0,0.0,0.0,0.0
1963-01-27,0.0,0.0,0.0,0.0,0.0,0.0,0.0,0.0,0.0,0.0,0.0,0.0,0.0,0.0,0.0,0.0,-14.0,-4.0,-1.0,-1.0,-2.0,-2.0,-2.0,-1.0,-1.0,0.0,0.0,-1.0,0.0,0.0,0.0,0.0,0.0,0.0,0.0,0.0,0.0,0.0,0.0,0.0,0.0,0.0,0.0,0.0,0.0,0.0,0.0,0.0,-14.0,-4.0,-1.0,-1.0,-2.0,-2.0,-2.0,-1.0,-1.0,0.0,0.0,-1.0,0.0,0.0,0.0,0.0
1963-01-28,0.0,0.0,0.0,0.0,0.0,0.0,0.0,0.0,0.0,0.0,0.0,0.0,0.0,0.0,0.0,0.0,-14.0,-4.0,-1.0,-1.0,-2.0,-2.0,-2.0,-1.0,-1.0,0.0,0.0,-1.0,0.0,0.0,0.0,0.0,0.0,0.0,0.0,0.0,0.0,0.0,0.0,0.0,0.0,0.0,0.0,0.0,0.0,0.0,0.0,0.0,-14.0,-4.0,-1.0,-1.0,-2.0,-2.0,-2.0,-1.0,-1.0,0.0,0.0,-1.0,0.0,0.0,0.0,0.0
1963-01-29,0.0,0.0,0.0,0.0,0.0,0.0,0.0,0.0,0.0,0.0,0.0,0.0,0.0,0.0,0.0,0.0,-14.0,-4.0,-1.0,-1.0,-2.0,-2.0,-2.0,-1.0,-1.0,0.0,0.0,-1.0,0.0,0.0,0.0,0.0,0.0,0.0,0.0,0.0,0.0,0.0,0.0,0.0,0.0,0.0,0.0,0.0,0.0,0.0,0.0,0.0,-14.0,-4.0,-1.0,-1.0,-2.0,-2.0,-2.0,-1.0,-1.0,0.0,0.0,-1.0,0.0,0.0,0.0,0.0
1963-01-30,0.0,0.0,0.0,0.0,0.0,0.0,0.0,0.0,0.0,0.0,0.0,0.0,0.0,0.0,0.0,0.0,-14.0,-4.0,-1.0,-1.0,-2.0,-2.0,-2.0,-1.0,-1.0,0.0,0.0,-1.0,0.0,0.0,0.0,0.0,0.0,0.0,0.0,0.0,0.0,0.0,0.0,0.0,0.0,0.0,0.0,0.0,0.0,0.0,0.0,0.0,-14.0,-4.0,-1.0,-1.0,-2.0,-2.0,-2.0,-1.0,-1.0,0.0,0.0,-1.0,0.0,0.0,0.0,0.0
1963-01-31,0.0,0.0,0.0,0.0,0.0,0.0,0.0,0.0,0.0,0.0,0.0,0.0,0.0,0.0,0.0,0.0,-14.0,-4.0,-1.0,-1.0,-2.0,-2.0,-2.0,-1.0,-1.0,0.0,0.0,-1.0,0.0,0.0,0.0,0.0,0.0,0.0,0.0,0.0,0.0,0.0,0.0,0.0,0.0,0.0,0.0,0.0,0.0,0.0,0.0,0.0,-14.0,-4.0,-1.0,-1.0,-2.0,-2.0,-2.0,-1.0,-1.0,0.0,0.0,-1.0,0.0,0.0,0.0,0.0
1963-02-01,0.0,0.0,0.0,0.0,0.0,0.0,0.0,0.0,0.0,0.0,0.0,0.0,0.0,0.0,0.0,0.0,-14.0,-4.0,-1.0,-1.0,-2.0,-2.0,-2.0,-1.0,-1.0,0.0,0.0,-1.0,0.0,0.0,0.0,0.0,0.0,0.0,0.0,0.0,0.0,0.0,0.0,0.0,0.0,0.0,0.0,0.0,0.0,0.0,0.0,0.0,-14.0,-4.0,-1.0,-1.0,-2.0,-2.0,-2.0,-1.0,-1.0,0.0,0.0,-1.0,0.0,0.0,0.0,0.0
1963-02-02,0.0,0.0,0.0,0.0,0.0,0.0,0.0,0.0,0.0,0.0,0.0,0.0,0.0,0.0,0.0,0.0,-14.0,-4.0,-1.0,-1.0,-2.0,-2.0,-2.0,-1.0,-1.0,0.0,0.0,-1.0,0.0,0.0,0.0,0.0,0.0,0.0,0.0,0.0,0.0,0.0,0.0,0.0,0.0,0.0,0.0,0.0,0.0,0.0,0.0,0.0,-14.0,-4.0,-1.0,-1.0,-2.0,-2.0,-2.0,-1.0,-1.0,0.0,0.0,-1.0,0.0,0.0,0.0,0.0
1963-02-03,0.0,0.0,0.0,0.0,0.0,0.0,0.0,0.0,0.0,0.0,0.0,0.0,0.0,0.0,0.0,0.0,-14.0,-4.0,-1.0,-1.0,-2.0,-2.0,-2.0,-1.0,-1.0,0.0,0.0,-1.0,0.0,0.0,0.0,0.0,0.0,0.0,0.0,0.0,0.0,0.0,0.0,0.0,0.0,0.0,0.0,0.0,0.0,0.0,0.0,0.0,-14.0,-4.0,-1.0,-1.0,-2.0,-2.0,-2.0,-1.0,-1.0,0.0,0.0,-1.0,0.0,0.0,0.0,0.0
1963-02-04,0.0,0.0,0.0,0.0,0.0,0.0,0.0,0.0,0.0,0.0,0.0,0.0,0.0,0.0,0.0,0.0,-14.0,-4.0,-1.0,-1.0,-2.0,-2.0,-2.0,-1.0,-1.0,0.0,0.0,-1.0,0.0,0.0,0.0,0.0,0.0,0.0,0.0,0.0,0.0,0.0,0.0,0.0,0.0,0.0,0.0,0.0,0.0,0.0,0.0,0.0,-14.0,-4.0,-1.0,-1.0,-2.0,-2.0,-2.0,-1.0,-1.0,0.0,0.0,-1.0,0.0,0.0,0.0,0.0
1963-02-05,0.0,0.0,0.0,0.0,0.0,0.0,0.0,0.0,0.0,0.0,0.0,0.0,0.0,0.0,0.0,0.0,-14.0,-4.0,-1.0,-1.0,-2.0,-2.0,-2.0,-1.0,-1.0,0.0,0.0,-1.0,0.0,0.0,0.0,0.0,0.0,0.0,0.0,0.0,0.0,0.0,0.0,0.0,0.0,0.0,0.0,0.0,0.0,0.0,0.0,0.0,-14.0,-4.0,-1.0,-1.0,-2.0,-2.0,-2.0,-1.0,-1.0,0.0,0.0,-1.0,0.0,0.0,0.0,0.0
1963-02-06,0.0,0.0,0.0,0.0,0.0,0.0,0.0,0.0,0.0,0.0,0.0,0.0,0.0,0.0,0.0,0.0,-14.0,-4.0,-1.0,-1.0,-2.0,-2.0,-2.0,-1.0,-1.0,0.0,0.0,-1.0,0.0,0.0,0.0,0.0,0.0,0.0,0.0,0.0,0.0,0.0,0.0,0.0,0.0,0.0,0.0,0.0,0.0,0.0,0.0,0.0,-14.0,-4.0,-1.0,-1.0,-2.0,-2.0,-2.0,-1.0,-1.0,0.0,0.0,-1.0,0.0,0.0,0.0,0.0
1963-02-07,0.0,0.0,0.0,0.0,0.0,0.0,0.0,0.0,0.0,0.0,0.0,0.0,0.0,0.0,0.0,0.0,-14.0,-4.0,-1.0,-1.0,-2.0,-2.0,-2.0,-1.0,-1.0,0.0,0.0,-1.0,0.0,0.0,0.0,0.0,0.0,0.0,0.0,0.0,0.0,0.0,0.0,0.0,0.0,0.0,0.0,0.0,0.0,0.0,0.0,0.0,-14.0,-4.0,-1.0,-1.0,-2.0,-2.0,-2.0,-1.0,-1.0,0.0,0.0,-1.0,0.0,0.0,0.0,0.0
1963-02-08,0.0,0.0,0.0,0.0,0.0,0.0,0.0,0.0,0.0,0.0,0.0,0.0,0.0,0.0,0.0,0.0,-14.0,-4.0,-1.0,-1.0,-2.0,-2.0,-2.0,-1.0,-1.0,0.0,0.0,-1.0,0.0,0.0,0.0,0.0,0.0,0.0,0.0,0.0,0.0,0.0,0.0,0.0,0.0,0.0,0.0,0.0,0.0,0.0,0.0,0.0,-14.0,-4.0,-1.0,-1.0,-2.0,-2.0,-2.0,-1.0,-1.0,0.0,0.0,-1.0,0.0,0.0,0.0,0.0
1963-02-09,0.0,0.0,0.0,0.0,0.0,0.0,0.0,0.0,0.0,0.0,0.0,0.0,0.0,0.0,0.0,0.0,-14.0,-4.0,-1.0,-1.0,-2.0,-2.0,-2.0,-1.0,-1.0,0.0,0.0,-1.0,0.0,0.0,0.0,0.0,0.0,0.0,0.0,0.0,0.0,0.0,0.0,0.0,0.0,0.0,0.0,0.0,0.0,0.0,0.0,0.0,-14.0,-4.0,-1.0,-1.0,-2.0,-2.0,-2.0,-1.0,-1.0,0.0,0.0,-1.0,0.0,0.0,0.0,0.0
1963-02-10,0.0,0.0,0.0,0.0,0.0,0.0,0.0,0.0,0.0,0.0,0.0,0.0,0.0,0.0,0.0,0.0,-14.0,-4.0,-1.0,-1.0,-2.0,-2.0,-2.0,-1.0,-1.0,0.0,0.0,-1.0,0.0,0.0,0.0,0.0,0.0,0.0,0.0,0.0,0.0,0.0,0.0,0.0,0.0,0.0,0.0,0.0,0.0,0.0,0.0,0.0,-14.0,-4.0,-1.0,-1.0,-2.0,-2.0,-2.0,-1.0,-1.0,0.0,0.0,-1.0,0.0,0.0,0.0,0.0
1963-02-11,0.0,0.0,0.0,0.0,0.0,0.0,0.0,0.0,0.0,0.0,0.0,0.0,0.0,0.0,0.0,0.0,-14.0,-4.0,-1.0,-1.0,-2.0,-2.0,-2.0,-1.0,-1.0,0.0,0.0,-1.0,0.0,0.0,0.0,0.0,0.0,0.0,0.0,0.0,0.0,0.0,0.0,0.0,0.0,0.0,0.0,0.0,0.0,0.0,0.0,0.0,-14.0,-4.0,-1.0,-1.0,-2.0,-2.0,-2.0,-1.0,-1.0,0.0,0.0,-1.0,0.0,0.0,0.0,0.0
1963-02-12,0.0,0.0,0.0,0.0,0.0,0.0,0.0,0.0,0.0,0.0,0.0,0.0,0.0,0.0,0.0,0.0,-14.0,-4.0,-1.0,-1.0,-2.0,-2.0,-2.0,-1.0,-1.0,0.0,0.0,-1.0,0.0,0.0,0.0,0.0,0.0,0.0,0.0,0.0,0.0,0.0,0.0,0.0,0.0,0.0,0.0,0.0,0.0,0.0,0.0,0.0,-14.0,-4.0,-1.0,-1.0,-2.0,-2.0,-2.0,-1.0,-1.0,0.0,0.0,-1.0,0.0,0.0,0.0,0.0
1963-02-13,0.0,0.0,0.0,0.0,0.0,0.0,0.0,0.0,0.0,0.0,0.0,0.0,0.0,0.0,0.0,0.0,-14.0,-4.0,-1.0,-1.0,-2.0,-2.0,-2.0,-1.0,-1.0,0.0,0.0,-1.0,0.0,0.0,0.0,0.0,0.0,0.0,0.0,0.0,0.0,0.0,0.0,0.0,0.0,0.0,0.0,0.0,0.0,0.0,0.0,0.0,-14.0,-4.0,-1.0,-1.0,-2.0,-2.0,-2.0,-1.0,-1.0,0.0,0.0,-1.0,0.0,0.0,0.0,0.0
1963-02-14,0.0,0.0,0.0,0.0,0.0,0.0,0.0,0.0,0.0,0.0,0.0,0.0,0.0,0.0,0.0,0.0,-14.0,-4.0,-1.0,-1.0,-2.0,-2.0,-2.0,-1.0,-1.0,0.0,0.0,-1.0,0.0,0.0,0.0,0.0,0.0,0.0,0.0,0.0,0.0,0.0,0.0,0.0,0.0,0.0,0.0,0.0,0.0,0.0,0.0,0.0,-14.0,-4.0,-1.0,-1.0,-2.0,-2.0,-2.0,-1.0,-1.0,0.0,0.0,-1.0,0.0,0.0,0.0,0.0
1963-02-15,0.0,0.0,0.0,0.0,0.0,0.0,0.0,0.0,0.0,0.0,0.0,0.0,0.0,0.0,0.0,0.0,-14.0,-4.0,-1.0,-1.0,-2.0,-2.0,-2.0,-1.0,-1.0,0.0,0.0,-1.0,0.0,0.0,0.0,0.0,0.0,0.0,0.0,0.0,0.0,0.0,0.0,0.0,0.0,0.0,0.0,0.0,0.0,0.0,0.0,0.0,-14.0,-4.0,-1.0,-1.0,-2.0,-2.0,-2.0,-1.0,-1.0,0.0,0.0,-1.0,0.0,0.0,0.0,0.0
1963-02-16,0.0,0.0,0.0,0.0,0.0,0.0,0.0,0.0,0.0,0.0,0.0,0.0,0.0,0.0,0.0,0.0,-14.0,-4.0,-1.0,-1.0,-2.0,-2.0,-2.0,-1.0,-1.0,0.0,0.0,-1.0,0.0,0.0,0.0,0.0,0.0,0.0,0.0,0.0,0.0,0.0,0.0,0.0,0.0,0.0,0.0,0.0,0.0,0.0,0.0,0.0,-14.0,-4.0,-1.0,-1.0,-2.0,-2.0,-2.0,-1.0,-1.0,0.0,0.0,-1.0,0.0,0.0,0.0,0.0
1963-02-17,0.0,0.0,0.0,0.0,0.0,0.0,0.0,0.0,0.0,0.0,0.0,0.0,0.0,0.0,0.0,0.0,-14.0,-4.0,-1.0,-1.0,-2.0,-2.0,-2.0,-1.0,-1.0,0.0,0.0,-1.0,0.0,0.0,0.0,0.0,0.0,0.0,0.0,0.0,0.0,0.0,0.0,0.0,0.0,0.0,0.0,0.0,0.0,0.0,0.0,0.0,-14.0,-4.0,-1.0,-1.0,-2.0,-2.0,-2.0,-1.0,-1.0,0.0,0.0,-1.0,0.0,0.0,0.0,0.0
1963-02-18,0.0,0.0,0.0,0.0,0.0,0.0,0.0,0.0,0.0,0.0,0.0,0.0,0.0,0.0,0.0,0.0,-14.0,-4.0,-1.0,-1.0,-2.0,-2.0,-2.0,-1.0,-1.0,0.0,0.0,-1.0,0.0,0.0,0.0,0.0,0.0,0.0,0.0,0.0,0.0,0.0,0.0,0.0,0.0,0.0,0.0,0.0,0.0,0.0,0.0,0.0,-14.0,-4.0,-1.0,-1.0,-2.0,-2.0,-2.0,-1.0,-1.0,0.0,0.0,-1.0,0.0,0.0,0.0,0.0
1963-02-19,0.0,0.0,0.0,0.0,0.0,0.0,0.0,0.0,0.0,0.0,0.0,0.0,0.0,0.0,0.0,0.0,-14.0,-4.0,-1.0,-1.0,-2.0,-2.0,-2.0,-1.0,-1.0,0.0,0.0,-1.0,0.0,0.0,0.0,0.0,0.0,0.0,0.0,0.0,0.0,0.0,0.0,0.0,0.0,0.0,0.0,0.0,0.0,0.0,0.0,0.0,-14.0,-4.0,-1.0,-1.0,-2.0,-2.0,-2.0,-1.0,-1.0,0.0,0.0,-1.0,0.0,0.0,0.0,0.0
1963-02-20,0.0,0.0,0.0,0.0,0.0,0.0,0.0,0.0,0.0,0.0,0.0,0.0,0.0,0.0,0.0,0.0,-14.0,-4.0,-1.0,-1.0,-2.0,-2.0,-2.0,-1.0,-1.0,0.0,0.0,-1.0,0.0,0.0,0.0,0.0,0.0,0.0,0.0,0.0,0.0,0.0,0.0,0.0,0.0,0.0,0.0,0.0,0.0,0.0,0.0,0.0,-14.0,-4.0,-1.0,-1.0,-2.0,-2.0,-2.0,-1.0,-1.0,0.0,0.0,-1.0,0.0,0.0,0.0,0.0
1963-02-21,0.0,0.0,0.0,0.0,0.0,0.0,0.0,0.0,0.0,0.0,0.0,0.0,0.0,0.0,0.0,0.0,-14.0,-4.0,-1.0,-1.0,-2.0,-2.0,-2.0,-1.0,-1.0,0.0,0.0,-1.0,0.0,0.0,0.0,0.0,0.0,0.0,0.0,0.0,0.0,0.0,0.0,0.0,0.0,0.0,0.0,0.0,0.0,0.0,0.0,0.0,-14.0,-4.0,-1.0,-1.0,-2.0,-2.0,-2.0,-1.0,-1.0,0.0,0.0,-1.0,0.0,0.0,0.0,0.0
1963-02-22,0.0,0.0,0.0,0.0,0.0,0.0,0.0,0.0,0.0,0.0,0.0,0.0,0.0,0.0,0.0,0.0,-14.0,-4.0,-1.0,-1.0,-2.0,-2.0,-2.0,-1.0,-1.0,0.0,0.0,-1.0,0.0,0.0,0.0,0.0,0.0,0.0,0.0,0.0,0.0,0.0,0.0,0.0,0.0,0.0,0.0,0.0,0.0,0.0,0.0,0.0,-14.0,-4.0,-1.0,-1.0,-2.0,-2.0,-2.0,-1.0,-1.0,0.0,0.0,-1.0,0.0,0.0,0.0,0.0
1963-02-23,0.0,0.0,0.0,0.0,0.0,0.0,0.0,0.0,0.0,0.0,0.0,0.0,0.0,0.0,0.0,0.0,-14.0,-4.0,-1.0,-1.0,-2.0,-2.0,-2.0,-1.0,-1.0,0.0,0.0,-1.0,0.0,0.0,0.0,0.0,0.0,0.0,0.0,0.0,0.0,0.0,0.0,0.0,0.0,0.0,0.0,0.0,0.0,0.0,0.0,0.0,-14.0,-4.0,-1.0,-1.0,-2.0,-2.0,-2.0,-1.0,-1.0,0.0,0.0,-1.0,0.0,0.0,0.0,0.0
1963-02-24,0.0,0.0,0.0,0.0,0.0,0.0,0.0,0.0,0.0,0.0,0.0,0.0,0.0,0.0,0.0,0.0,-14.0,-4.0,-1.0,-1.0,-2.0,-2.0,-2.0,-1.0,-1.0,0.0,0.0,-1.0,0.0,0.0,0.0,0.0,0.0,0.0,0.0,0.0,0.0,0.0,0.0,0.0,0.0,0.0,0.0,0.0,0.0,0.0,0.0,0.0,-14.0,-4.0,-1.0,-1.0,-2.0,-2.0,-2.0,-1.0,-1.0,0.0,0.0,-1.0,0.0,0.0,0.0,0.0
1963-02-25,0.0,0.0,0.0,0.0,0.0,0.0,0.0,0.0,0.0,0.0,0.0,0.0,0.0,0.0,0.0,0.0,-14.0,-4.0,-1.0,-1.0,-2.0,-2.0,-2.0,-1.0,-1.0,0.0,0.0,-1.0,0.0,0.0,0.0,0.0,0.0,0.0,0.0,0.0,0.0,0.0,0.0,0.0,0.0,0.0,0.0,0.0,0.0,0.0,0.0,0.0,-14.0,-4.0,-1.0,-1.0,-2.0,-2.0,-2.0,-1.0,-1.0,0.0,0.0,-1.0,0.0,0.0,0.0,0.0
1963-02-26,0.0,0.0,0.0,0.0,0.0,0.0,0.0,0.0,0.0,0.0,0.0,0.0,0.0,0.0,0.0,0.0,-14.0,-4.0,-1.0,-1.0,-2.0,-2.0,-2.0,-1.0,-1.0,0.0,0.0,-1.0,0.0,0.0,0.0,0.0,0.0,0.0,0.0,0.0,0.0,0.0,0.0,0.0,0.0,0.0,0.0,0.0,0.0,0.0,0.0,0.0,-14.0,-4.0,-1.0,-1.0,-2.0,-2.0,-2.0,-1.0,-1.0,0.0,0.0,-1.0,0.0,0.0,0.0,0.0
1963-02-27,0.0,0.0,0.0,0.0,0.0,0.0,0.0,0.0,0.0,0.0,0.0,0.0,0.0,0.0,0.0,0.0,-14.0,-4.0,-1.0,-1.0,-2.0,-2.0,-2.0,-1.0,-1.0,0.0,0.0,-1.0,0.0,0.0,0.0,0.0,0.0,0.0,0.0,0.0,0.0,0.0,0.0,0.0,0.0,0.0,0.0,0.0,0.0,0.0,0.0,0.0,-14.0,-4.0,-1.0,-1.0,-2.0,-2.0,-2.0,-1.0,-1.0,0.0,0.0,-1.0,0.0,0.0,0.0,0.0
1963-02-28,0.0,0.0,0.0,0.0,0.0,0.0,0.0,0.0,0.0,0.0,0.0,0.0,0.0,0.0,0.0,0.0,-14.0,-4.0,-1.0,-1.0,-2.0,-2.0,-2.0,-1.0,-1.0,0.0,0.0,-1.0,0.0,0.0,0.0,0.0,0.0,0.0,0.0,0.0,0.0,0.0,0.0,0.0,0.0,0.0,0.0,0.0,0.0,0.0,0.0,0.0,-14.0,-4.0,-1.0,-1.0,-2.0,-2.0,-2.0,-1.0,-1.0,0.0,0.0,-1.0,0.0,0.0,0.0,0.0
1963-03-01,0.0,0.0,0.0,0.0,0.0,0.0,0.0,0.0,0.0,0.0,0.0,0.0,0.0,0.0,0.0,0.0,-14.0,-4.0,-1.0,-1.0,-2.0,-2.0,-2.0,-1.0,-1.0,0.0,0.0,-1.0,0.0,0.0,0.0,0.0,0.0,0.0,0.0,0.0,0.0,0.0,0.0,0.0,0.0,0.0,0.0,0.0,0.0,0.0,0.0,0.0,-14.0,-4.0,-1.0,-1.0,-2.0,-2.0,-2.0,-1.0,-1.0,0.0,0.0,-1.0,0.0,0.0,0.0,0.0
1963-03-02,0.0,0.0,0.0,0.0,0.0,0.0,0.0,0.0,0.0,0.0,0.0,0.0,0.0,0.0,0.0,0.0,-14.0,-4.0,-1.0,-1.0,-2.0,-2.0,-2.0,-1.0,-1.0,0.0,0.0,-1.0,0.0,0.0,0.0,0.0,0.0,0.0,0.0,0.0,0.0,0.0,0.0,0.0,0.0,0.0,0.0,0.0,0.0,0.0,0.0,0.0,-14.0,-4.0,-1.0,-1.0,-2.0,-2.0,-2.0,-1.0,-1.0,0.0,0.0,-1.0,0.0,0.0,0.0,0.0
1963-03-03,0.0,0.0,0.0,0.0,0.0,0.0,0.0,0.0,0.0,0.0,0.0,0.0,0.0,0.0,0.0,0.0,-14.0,-4.0,-1.0,-1.0,-2.0,-2.0,-2.0,-1.0,-1.0,0.0,0.0,-1.0,0.0,0.0,0.0,0.0,0.0,0.0,0.0,0.0,0.0,0.0,0.0,0.0,0.0,0.0,0.0,0.0,0.0,0.0,0.0,0.0,-14.0,-4.0,-1.0,-1.0,-2.0,-2.0,-2.0,-1.0,-1.0,0.0,0.0,-1.0,0.0,0.0,0.0,0.0
1963-03-04,0.0,0.0,0.0,0.0,0.0,0.0,0.0,0.0,0.0,0.0,0.0,0.0,0.0,0.0,0.0,0.0,-14.0,-4.0,-1.0,-1.0,-2.0,-2.0,-2.0,-1.0,-1.0,0.0,0.0,-1.0,0.0,0.0,0.0,0.0,0.0,0.0,0.0,0.0,0.0,0.0,0.0,0.0,0.0,0.0,0.0,0.0,0.0,0.0,0.0,0.0,-14.0,-4.0,-1.0,-1.0,-2.0,-2.0,-2.0,-1.0,-1.0,0.0,0.0,-1.0,0.0,0.0,0.0,0.0
1963-03-05,0.0,0.0,0.0,0.0,0.0,0.0,0.0,0.0,0.0,0.0,0.0,0.0,0.0,0.0,0.0,0.0,-14.0,-4.0,-1.0,-1.0,-2.0,-2.0,-2.0,-1.0,-1.0,0.0,0.0,-1.0,0.0,0.0,0.0,0.0,0.0,0.0,0.0,0.0,0.0,0.0,0.0,0.0,0.0,0.0,0.0,0.0,0.0,0.0,0.0,0.0,-14.0,-4.0,-1.0,-1.0,-2.0,-2.0,-2.0,-1.0,-1.0,0.0,0.0,-1.0,0.0,0.0,0.0,0.0
1963-03-06,0.0,0.0,0.0,0.0,0.0,0.0,0.0,0.0,0.0,0.0,0.0,0.0,0.0,0.0,0.0,0.0,-14.0,-4.0,-1.0,-1.0,-2.0,-2.0,-2.0,-1.0,-1.0,0.0,0.0,-1.0,0.0,0.0,0.0,0.0,0.0,0.0,0.0,0.0,0.0,0.0,0.0,0.0,0.0,0.0,0.0,0.0,0.0,0.0,0.0,0.0,-14.0,-4.0,-1.0,-1.0,-2.0,-2.0,-2.0,-1.0,-1.0,0.0,0.0,-1.0,0.0,0.0,0.0,0.0
1963-03-07,0.0,0.0,0.0,0.0,0.0,0.0,0.0,0.0,0.0,0.0,0.0,0.0,0.0,0.0,0.0,0.0,-14.0,-4.0,-1.0,-1.0,-2.0,-2.0,-2.0,-1.0,-1.0,0.0,0.0,-1.0,0.0,0.0,0.0,0.0,0.0,0.0,0.0,0.0,0.0,0.0,0.0,0.0,0.0,0.0,0.0,0.0,0.0,0.0,0.0,0.0,-14.0,-4.0,-1.0,-1.0,-2.0,-2.0,-2.0,-1.0,-1.0,0.0,0.0,-1.0,0.0,0.0,0.0,0.0
1963-03-08,0.0,0.0,0.0,0.0,0.0,0.0,0.0,0.0,0.0,0.0,0.0,0.0,0.0,0.0,0.0,0.0,-14.0,-4.0,-1.0,-1.0,-2.0,-2.0,-2.0,-1.0,-1.0,0.0,0.0,-1.0,0.0,0.0,0.0,0.0,0.0,0.0,0.0,0.0,0.0,0.0,0.0,0.0,0.0,0.0,0.0,0.0,0.0,0.0,0.0,0.0,-14.0,-4.0,-1.0,-1.0,-2.0,-2.0,-2.0,-1.0,-1.0,0.0,0.0,-1.0,0.0,0.0,0.0,0.0
1963-03-09,0.0,0.0,0.0,0.0,0.0,0.0,0.0,0.0,0.0,0.0,0.0,0.0,0.0,0.0,0.0,0.0,-14.0,-4.0,-1.0,-1.0,-2.0,-2.0,-2.0,-1.0,-1.0,0.0,0.0,-1.0,0.0,0.0,0.0,0.0,0.0,0.0,0.0,0.0,0.0,0.0,0.0,0.0,0.0,0.0,0.0,0.0,0.0,0.0,0.0,0.0,-14.0,-4.0,-1.0,-1.0,-2.0,-2.0,-2.0,-1.0,-1.0,0.0,0.0,-1.0,0.0,0.0,0.0,0.0
1963-03-10,0.0,0.0,0.0,0.0,0.0,0.0,0.0,0.0,0.0,0.0,0.0,0.0,0.0,0.0,0.0,0.0,-14.0,-4.0,-1.0,-1.0,-2.0,-2.0,-2.0,-1.0,-1.0,0.0,0.0,-1.0,0.0,0.0,0.0,0.0,0.0,0.0,0.0,0.0,0.0,0.0,0.0,0.0,0.0,0.0,0.0,0.0,0.0,0.0,0.0,0.0,-14.0,-4.0,-1.0,-1.0,-2.0,-2.0,-2.0,-1.0,-1.0,0.0,0.0,-1.0,0.0,0.0,0.0,0.0
1963-03-11,0.0,0.0,0.0,0.0,0.0,0.0,0.0,0.0,0.0,0.0,0.0,0.0,0.0,0.0,0.0,0.0,-14.0,-4.0,-1.0,-1.0,-2.0,-2.0,-2.0,-1.0,-1.0,0.0,0.0,-1.0,0.0,0.0,0.0,0.0,0.0,0.0,0.0,0.0,0.0,0.0,0.0,0.0,0.0,0.0,0.0,0.0,0.0,0.0,0.0,0.0,-14.0,-4.0,-1.0,-1.0,-2.0,-2.0,-2.0,-1.0,-1.0,0.0,0.0,-1.0,0.0,0.0,0.0,0.0
1963-03-12,0.0,0.0,0.0,0.0,0.0,0.0,0.0,0.0,0.0,0.0,0.0,0.0,0.0,0.0,0.0,0.0,-14.0,-4.0,-1.0,-1.0,-2.0,-2.0,-2.0,-1.0,-1.0,0.0,0.0,-1.0,0.0,0.0,0.0,0.0,0.0,0.0,0.0,0.0,0.0,0.0,0.0,0.0,0.0,0.0,0.0,0.0,0.0,0.0,0.0,0.0,-14.0,-4.0,-1.0,-1.0,-2.0,-2.0,-2.0,-1.0,-1.0,0.0,0.0,-1.0,0.0,0.0,0.0,0.0
1963-03-13,0.0,0.0,0.0,0.0,0.0,0.0,0.0,0.0,0.0,0.0,0.0,0.0,0.0,0.0,0.0,0.0,-14.0,-4.0,-1.0,-1.0,-2.0,-2.0,-2.0,-1.0,-1.0,0.0,0.0,-1.0,0.0,0.0,0.0,0.0,0.0,0.0,0.0,0.0,0.0,0.0,0.0,0.0,0.0,0.0,0.0,0.0,0.0,0.0,0.0,0.0,-14.0,-4.0,-1.0,-1.0,-2.0,-2.0,-2.0,-1.0,-1.0,0.0,0.0,-1.0,0.0,0.0,0.0,0.0
1963-03-14,0.0,0.0,0.0,0.0,0.0,0.0,0.0,0.0,0.0,0.0,0.0,0.0,0.0,0.0,0.0,0.0,-14.0,-4.0,-1.0,-1.0,-2.0,-2.0,-2.0,-1.0,-1.0,0.0,0.0,-1.0,0.0,0.0,0.0,0.0,0.0,0.0,0.0,0.0,0.0,0.0,0.0,0.0,0.0,0.0,0.0,0.0,0.0,0.0,0.0,0.0,-14.0,-4.0,-1.0,-1.0,-2.0,-2.0,-2.0,-1.0,-1.0,0.0,0.0,-1.0,0.0,0.0,0.0,0.0
1963-03-15,0.0,0.0,0.0,0.0,0.0,0.0,0.0,0.0,0.0,0.0,0.0,0.0,0.0,0.0,0.0,0.0,-14.0,-4.0,-1.0,-1.0,-2.0,-2.0,-2.0,-1.0,-1.0,0.0,0.0,-1.0,0.0,0.0,0.0,0.0,0.0,0.0,0.0,0.0,0.0,0.0,0.0,0.0,0.0,0.0,0.0,0.0,0.0,0.0,0.0,0.0,-14.0,-4.0,-1.0,-1.0,-2.0,-2.0,-2.0,-1.0,-1.0,0.0,0.0,-1.0,0.0,0.0,0.0,0.0
1963-03-16,0.0,0.0,0.0,0.0,0.0,0.0,0.0,0.0,0.0,0.0,0.0,0.0,0.0,0.0,0.0,0.0,-14.0,-4.0,-1.0,-1.0,-2.0,-2.0,-2.0,-1.0,-1.0,0.0,0.0,-1.0,0.0,0.0,0.0,0.0,0.0,0.0,0.0,0.0,0.0,0.0,0.0,0.0,0.0,0.0,0.0,0.0,0.0,0.0,0.0,0.0,-14.0,-4.0,-1.0,-1.0,-2.0,-2.0,-2.0,-1.0,-1.0,0.0,0.0,-1.0,0.0,0.0,0.0,0.0
1963-03-17,0.0,0.0,0.0,0.0,0.0,0.0,0.0,0.0,0.0,0.0,0.0,0.0,0.0,0.0,0.0,0.0,-14.0,-4.0,-1.0,-1.0,-2.0,-2.0,-2.0,-1.0,-1.0,0.0,0.0,-1.0,0.0,0.0,0.0,0.0,0.0,0.0,0.0,0.0,0.0,0.0,0.0,0.0,0.0,0.0,0.0,0.0,0.0,0.0,0.0,0.0,-14.0,-4.0,-1.0,-1.0,-2.0,-2.0,-2.0,-1.0,-1.0,0.0,0.0,-1.0,0.0,0.0,0.0,0.0
1963-03-18,0.0,0.0,0.0,0.0,0.0,0.0,0.0,0.0,0.0,0.0,0.0,0.0,0.0,0.0,0.0,0.0,-14.0,-4.0,-1.0,-1.0,-2.0,-2.0,-2.0,-1.0,-1.0,0.0,0.0,-1.0,0.0,0.0,0.0,0.0,0.0,0.0,0.0,0.0,0.0,0.0,0.0,0.0,0.0,0.0,0.0,0.0,0.0,0.0,0.0,0.0,-14.0,-4.0,-1.0,-1.0,-2.0,-2.0,-2.0,-1.0,-1.0,0.0,0.0,-1.0,0.0,0.0,0.0,0.0
1963-03-19,0.0,0.0,0.0,0.0,0.0,0.0,0.0,0.0,0.0,0.0,0.0,0.0,0.0,0.0,0.0,0.0,-14.0,-4.0,-1.0,-1.0,-2.0,-2.0,-2.0,-1.0,-1.0,0.0,0.0,-1.0,0.0,0.0,0.0,0.0,0.0,0.0,0.0,0.0,0.0,0.0,0.0,0.0,0.0,0.0,0.0,0.0,0.0,0.0,0.0,0.0,-14.0,-4.0,-1.0,-1.0,-2.0,-2.0,-2.0,-1.0,-1.0,0.0,0.0,-1.0,0.0,0.0,0.0,0.0
1963-03-20,0.0,0.0,0.0,0.0,0.0,0.0,0.0,0.0,0.0,0.0,0.0,0.0,0.0,0.0,0.0,0.0,-14.0,-4.0,-1.0,-1.0,-2.0,-2.0,-2.0,-1.0,-1.0,0.0,0.0,-1.0,0.0,0.0,0.0,0.0,0.0,0.0,0.0,0.0,0.0,0.0,0.0,0.0,0.0,0.0,0.0,0.0,0.0,0.0,0.0,0.0,-14.0,-4.0,-1.0,-1.0,-2.0,-2.0,-2.0,-1.0,-1.0,0.0,0.0,-1.0,0.0,0.0,0.0,0.0
1963-03-21,0.0,0.0,0.0,0.0,0.0,0.0,0.0,0.0,0.0,0.0,0.0,0.0,0.0,0.0,0.0,0.0,-14.0,-4.0,-1.0,-1.0,-2.0,-2.0,-2.0,-1.0,-1.0,0.0,0.0,-1.0,0.0,0.0,0.0,0.0,0.0,0.0,0.0,0.0,0.0,0.0,0.0,0.0,0.0,0.0,0.0,0.0,0.0,0.0,0.0,0.0,-14.0,-4.0,-1.0,-1.0,-2.0,-2.0,-2.0,-1.0,-1.0,0.0,0.0,-1.0,0.0,0.0,0.0,0.0
1963-03-22,0.0,0.0,0.0,0.0,0.0,0.0,0.0,0.0,0.0,0.0,0.0,0.0,0.0,0.0,0.0,0.0,-14.0,-4.0,-1.0,-1.0,-2.0,-2.0,-2.0,-1.0,-1.0,0.0,0.0,-1.0,0.0,0.0,0.0,0.0,0.0,0.0,0.0,0.0,0.0,0.0,0.0,0.0,0.0,0.0,0.0,0.0,0.0,0.0,0.0,0.0,-14.0,-4.0,-1.0,-1.0,-2.0,-2.0,-2.0,-1.0,-1.0,0.0,0.0,-1.0,0.0,0.0,0.0,0.0
1963-03-23,0.0,0.0,0.0,0.0,0.0,0.0,0.0,0.0,0.0,0.0,0.0,0.0,0.0,0.0,0.0,0.0,-14.0,-4.0,-1.0,-1.0,-2.0,-2.0,-2.0,-1.0,-1.0,0.0,0.0,-1.0,0.0,0.0,0.0,0.0,0.0,0.0,0.0,0.0,0.0,0.0,0.0,0.0,0.0,0.0,0.0,0.0,0.0,0.0,0.0,0.0,-14.0,-4.0,-1.0,-1.0,-2.0,-2.0,-2.0,-1.0,-1.0,0.0,0.0,-1.0,0.0,0.0,0.0,0.0
1963-03-24,0.0,0.0,0.0,0.0,0.0,0.0,0.0,0.0,0.0,0.0,0.0,0.0,0.0,0.0,0.0,0.0,-14.0,-4.0,-1.0,-1.0,-2.0,-2.0,-2.0,-1.0,-1.0,0.0,0.0,-1.0,0.0,0.0,0.0,0.0,0.0,0.0,0.0,0.0,0.0,0.0,0.0,0.0,0.0,0.0,0.0,0.0,0.0,0.0,0.0,0.0,-14.0,-4.0,-1.0,-1.0,-2.0,-2.0,-2.0,-1.0,-1.0,0.0,0.0,-1.0,0.0,0.0,0.0,0.0
1963-03-25,0.0,0.0,0.0,0.0,0.0,0.0,0.0,0.0,0.0,0.0,0.0,0.0,0.0,0.0,0.0,0.0,-14.0,-4.0,-1.0,-1.0,-2.0,-2.0,-2.0,-1.0,-1.0,0.0,0.0,-1.0,0.0,0.0,0.0,0.0,0.0,0.0,0.0,0.0,0.0,0.0,0.0,0.0,0.0,0.0,0.0,0.0,0.0,0.0,0.0,0.0,-14.0,-4.0,-1.0,-1.0,-2.0,-2.0,-2.0,-1.0,-1.0,0.0,0.0,-1.0,0.0,0.0,0.0,0.0
1963-03-26,0.0,0.0,0.0,0.0,0.0,0.0,0.0,0.0,0.0,0.0,0.0,0.0,0.0,0.0,0.0,0.0,-14.0,-4.0,-1.0,-1.0,-2.0,-2.0,-2.0,-1.0,-1.0,0.0,0.0,-1.0,0.0,0.0,0.0,0.0,0.0,0.0,0.0,0.0,0.0,0.0,0.0,0.0,0.0,0.0,0.0,0.0,0.0,0.0,0.0,0.0,-14.0,-4.0,-1.0,-1.0,-2.0,-2.0,-2.0,-1.0,-1.0,0.0,0.0,-1.0,0.0,0.0,0.0,0.0
1963-03-27,0.0,0.0,0.0,0.0,0.0,0.0,0.0,0.0,0.0,0.0,0.0,0.0,0.0,0.0,0.0,0.0,-14.0,-4.0,-1.0,-1.0,-2.0,-2.0,-2.0,-1.0,-1.0,0.0,0.0,-1.0,0.0,0.0,0.0,0.0,0.0,0.0,0.0,0.0,0.0,0.0,0.0,0.0,0.0,0.0,0.0,0.0,0.0,0.0,0.0,0.0,-14.0,-4.0,-1.0,-1.0,-2.0,-2.0,-2.0,-1.0,-1.0,0.0,0.0,-1.0,0.0,0.0,0.0,0.0
1963-03-28,0.0,0.0,0.0,0.0,0.0,0.0,0.0,0.0,0.0,0.0,0.0,0.0,0.0,0.0,0.0,0.0,-14.0,-4.0,-1.0,-1.0,-2.0,-2.0,-2.0,-1.0,-1.0,0.0,0.0,-1.0,0.0,0.0,0.0,0.0,0.0,0.0,0.0,0.0,0.0,0.0,0.0,0.0,0.0,0.0,0.0,0.0,0.0,0.0,0.0,0.0,-14.0,-4.0,-1.0,-1.0,-2.0,-2.0,-2.0,-1.0,-1.0,0.0,0.0,-1.0,0.0,0.0,0.0,0.0
1963-03-29,0.0,0.0,0.0,0.0,0.0,0.0,0.0,0.0,0.0,0.0,0.0,0.0,0.0,0.0,0.0,0.0,-14.0,-4.0,-1.0,-1.0,-2.0,-2.0,-2.0,-1.0,-1.0,0.0,0.0,-1.0,0.0,0.0,0.0,0.0,0.0,0.0,0.0,0.0,0.0,0.0,0.0,0.0,0.0,0.0,0.0,0.0,0.0,0.0,0.0,0.0,-14.0,-4.0,-1.0,-1.0,-2.0,-2.0,-2.0,-1.0,-1.0,0.0,0.0,-1.0,0.0,0.0,0.0,0.0
1963-03-30,0.0,0.0,0.0,0.0,0.0,0.0,0.0,0.0,0.0,0.0,0.0,0.0,0.0,0.0,0.0,0.0,-14.0,-4.0,-1.0,-1.0,-2.0,-2.0,-2.0,-1.0,-1.0,0.0,0.0,-1.0,0.0,0.0,0.0,0.0,0.0,0.0,0.0,0.0,0.0,0.0,0.0,0.0,0.0,0.0,0.0,0.0,0.0,0.0,0.0,0.0,-14.0,-4.0,-1.0,-1.0,-2.0,-2.0,-2.0,-1.0,-1.0,0.0,0.0,-1.0,0.0,0.0,0.0,0.0
1963-03-31,0.0,0.0,0.0,0.0,0.0,0.0,0.0,0.0,0.0,0.0,0.0,0.0,0.0,0.0,0.0,0.0,-14.0,-4.0,-1.0,-1.0,-2.0,-2.0,-2.0,-1.0,-1.0,0.0,0.0,-1.0,0.0,0.0,0.0,0.0,0.0,0.0,0.0,0.0,0.0,0.0,0.0,0.0,0.0,0.0,0.0,0.0,0.0,0.0,0.0,0.0,-14.0,-4.0,-1.0,-1.0,-2.0,-2.0,-2.0,-1.0,-1.0,0.0,0.0,-1.0,0.0,0.0,0.0,0.0
1963-04-01,0.0,0.0,0.0,0.0,0.0,0.0,0.0,0.0,0.0,0.0,0.0,0.0,0.0,0.0,0.0,0.0,-14.0,-4.0,-1.0,-1.0,-2.0,-2.0,-2.0,-1.0,-1.0,0.0,0.0,-1.0,0.0,0.0,0.0,0.0,0.0,0.0,0.0,0.0,0.0,0.0,0.0,0.0,0.0,0.0,0.0,0.0,0.0,0.0,0.0,0.0,-14.0,-4.0,-1.0,-1.0,-2.0,-2.0,-2.0,-1.0,-1.0,0.0,0.0,-1.0,0.0,0.0,0.0,0.0
1963-04-02,0.0,0.0,0.0,0.0,0.0,0.0,0.0,0.0,0.0,0.0,0.0,0.0,0.0,0.0,0.0,0.0,-14.0,-4.0,-1.0,-1.0,-2.0,-2.0,-2.0,-1.0,-1.0,0.0,0.0,-1.0,0.0,0.0,0.0,0.0,0.0,0.0,0.0,0.0,0.0,0.0,0.0,0.0,0.0,0.0,0.0,0.0,0.0,0.0,0.0,0.0,-14.0,-4.0,-1.0,-1.0,-2.0,-2.0,-2.0,-1.0,-1.0,0.0,0.0,-1.0,0.0,0.0,0.0,0.0
1963-04-03,0.0,0.0,0.0,0.0,0.0,0.0,0.0,0.0,0.0,0.0,0.0,0.0,0.0,0.0,0.0,0.0,-14.0,-4.0,-1.0,-1.0,-2.0,-2.0,-2.0,-1.0,-1.0,0.0,0.0,-1.0,0.0,0.0,0.0,0.0,0.0,0.0,0.0,0.0,0.0,0.0,0.0,0.0,0.0,0.0,0.0,0.0,0.0,0.0,0.0,0.0,-14.0,-4.0,-1.0,-1.0,-2.0,-2.0,-2.0,-1.0,-1.0,0.0,0.0,-1.0,0.0,0.0,0.0,0.0
1963-04-04,0.0,0.0,0.0,0.0,0.0,0.0,0.0,0.0,0.0,0.0,0.0,0.0,0.0,0.0,0.0,0.0,-14.0,-4.0,-1.0,-1.0,-2.0,-2.0,-2.0,-1.0,-1.0,0.0,0.0,-1.0,0.0,0.0,0.0,0.0,0.0,0.0,0.0,0.0,0.0,0.0,0.0,0.0,0.0,0.0,0.0,0.0,0.0,0.0,0.0,0.0,-14.0,-4.0,-1.0,-1.0,-2.0,-2.0,-2.0,-1.0,-1.0,0.0,0.0,-1.0,0.0,0.0,0.0,0.0
1963-04-05,0.0,0.0,0.0,0.0,0.0,0.0,0.0,0.0,0.0,0.0,0.0,0.0,0.0,0.0,0.0,0.0,-14.0,-4.0,-1.0,-1.0,-2.0,-2.0,-2.0,-1.0,-1.0,0.0,0.0,-1.0,0.0,0.0,0.0,0.0,0.0,0.0,0.0,0.0,0.0,0.0,0.0,0.0,0.0,0.0,0.0,0.0,0.0,0.0,0.0,0.0,-14.0,-4.0,-1.0,-1.0,-2.0,-2.0,-2.0,-1.0,-1.0,0.0,0.0,-1.0,0.0,0.0,0.0,0.0
1963-04-06,0.0,0.0,0.0,0.0,0.0,0.0,0.0,0.0,0.0,0.0,0.0,0.0,0.0,0.0,0.0,0.0,-14.0,-4.0,-1.0,-1.0,-2.0,-2.0,-2.0,-1.0,-1.0,0.0,0.0,-1.0,0.0,0.0,0.0,0.0,0.0,0.0,0.0,0.0,0.0,0.0,0.0,0.0,0.0,0.0,0.0,0.0,0.0,0.0,0.0,0.0,-14.0,-4.0,-1.0,-1.0,-2.0,-2.0,-2.0,-1.0,-1.0,0.0,0.0,-1.0,0.0,0.0,0.0,0.0
1963-04-07,0.0,0.0,0.0,0.0,0.0,0.0,0.0,0.0,0.0,0.0,0.0,0.0,0.0,0.0,0.0,0.0,-14.0,-4.0,-1.0,-1.0,-2.0,-2.0,-2.0,-1.0,-1.0,0.0,0.0,-1.0,0.0,0.0,0.0,0.0,0.0,0.0,0.0,0.0,0.0,0.0,0.0,0.0,0.0,0.0,0.0,0.0,0.0,0.0,0.0,0.0,-14.0,-4.0,-1.0,-1.0,-2.0,-2.0,-2.0,-1.0,-1.0,0.0,0.0,-1.0,0.0,0.0,0.0,0.0
1963-04-08,0.0,0.0,0.0,0.0,0.0,0.0,0.0,0.0,0.0,0.0,0.0,0.0,0.0,0.0,0.0,0.0,-14.0,-4.0,-1.0,-1.0,-2.0,-2.0,-2.0,-1.0,-1.0,0.0,0.0,-1.0,0.0,0.0,0.0,0.0,0.0,0.0,0.0,0.0,0.0,0.0,0.0,0.0,0.0,0.0,0.0,0.0,0.0,0.0,0.0,0.0,-14.0,-4.0,-1.0,-1.0,-2.0,-2.0,-2.0,-1.0,-1.0,0.0,0.0,-1.0,0.0,0.0,0.0,0.0
1963-04-09,0.0,0.0,0.0,0.0,0.0,0.0,0.0,0.0,0.0,0.0,0.0,0.0,0.0,0.0,0.0,0.0,-14.0,-4.0,-1.0,-1.0,-2.0,-2.0,-2.0,-1.0,-1.0,0.0,0.0,-1.0,0.0,0.0,0.0,0.0,0.0,0.0,0.0,0.0,0.0,0.0,0.0,0.0,0.0,0.0,0.0,0.0,0.0,0.0,0.0,0.0,-14.0,-4.0,-1.0,-1.0,-2.0,-2.0,-2.0,-1.0,-1.0,0.0,0.0,-1.0,0.0,0.0,0.0,0.0
1963-04-10,0.0,0.0,0.0,0.0,0.0,0.0,0.0,0.0,0.0,0.0,0.0,0.0,0.0,0.0,0.0,0.0,-14.0,-4.0,-1.0,-1.0,-2.0,-2.0,-2.0,-1.0,-1.0,0.0,0.0,-1.0,0.0,0.0,0.0,0.0,0.0,0.0,0.0,0.0,0.0,0.0,0.0,0.0,0.0,0.0,0.0,0.0,0.0,0.0,0.0,0.0,-14.0,-4.0,-1.0,-1.0,-2.0,-2.0,-2.0,-1.0,-1.0,0.0,0.0,-1.0,0.0,0.0,0.0,0.0
1963-04-11,0.0,0.0,0.0,0.0,0.0,0.0,0.0,0.0,0.0,0.0,0.0,0.0,0.0,0.0,0.0,0.0,-14.0,-4.0,-1.0,-1.0,-2.0,-2.0,-2.0,-1.0,-1.0,0.0,0.0,-1.0,0.0,0.0,0.0,0.0,0.0,0.0,0.0,0.0,0.0,0.0,0.0,0.0,0.0,0.0,0.0,0.0,0.0,0.0,0.0,0.0,-14.0,-4.0,-1.0,-1.0,-2.0,-2.0,-2.0,-1.0,-1.0,0.0,0.0,-1.0,0.0,0.0,0.0,0.0
1963-04-12,0.0,0.0,0.0,0.0,0.0,0.0,0.0,0.0,0.0,0.0,0.0,0.0,0.0,0.0,0.0,0.0,-14.0,-4.0,-1.0,-1.0,-2.0,-2.0,-2.0,-1.0,-1.0,0.0,0.0,-1.0,0.0,0.0,0.0,0.0,0.0,0.0,0.0,0.0,0.0,0.0,0.0,0.0,0.0,0.0,0.0,0.0,0.0,0.0,0.0,0.0,-14.0,-4.0,-1.0,-1.0,-2.0,-2.0,-2.0,-1.0,-1.0,0.0,0.0,-1.0,0.0,0.0,0.0,0.0
1963-04-13,0.0,0.0,0.0,0.0,0.0,0.0,0.0,0.0,0.0,0.0,0.0,0.0,0.0,0.0,0.0,0.0,-14.0,-4.0,-1.0,-1.0,-2.0,-2.0,-2.0,-1.0,-1.0,0.0,0.0,-1.0,0.0,0.0,0.0,0.0,0.0,0.0,0.0,0.0,0.0,0.0,0.0,0.0,0.0,0.0,0.0,0.0,0.0,0.0,0.0,0.0,-14.0,-4.0,-1.0,-1.0,-2.0,-2.0,-2.0,-1.0,-1.0,0.0,0.0,-1.0,0.0,0.0,0.0,0.0
1963-04-14,0.0,0.0,0.0,0.0,0.0,0.0,0.0,0.0,0.0,0.0,0.0,0.0,0.0,0.0,0.0,0.0,-14.0,-4.0,-1.0,-1.0,-2.0,-2.0,-2.0,-1.0,-1.0,0.0,0.0,-1.0,0.0,0.0,0.0,0.0,0.0,0.0,0.0,0.0,0.0,0.0,0.0,0.0,0.0,0.0,0.0,0.0,0.0,0.0,0.0,0.0,-14.0,-4.0,-1.0,-1.0,-2.0,-2.0,-2.0,-1.0,-1.0,0.0,0.0,-1.0,0.0,0.0,0.0,0.0
1963-04-15,0.0,0.0,0.0,0.0,0.0,0.0,0.0,0.0,0.0,0.0,0.0,0.0,0.0,0.0,0.0,0.0,-14.0,-4.0,-1.0,-1.0,-2.0,-2.0,-2.0,-1.0,-1.0,0.0,0.0,-1.0,0.0,0.0,0.0,0.0,0.0,0.0,0.0,0.0,0.0,0.0,0.0,0.0,0.0,0.0,0.0,0.0,0.0,0.0,0.0,0.0,-14.0,-4.0,-1.0,-1.0,-2.0,-2.0,-2.0,-1.0,-1.0,0.0,0.0,-1.0,0.0,0.0,0.0,0.0
1963-04-16,0.0,0.0,0.0,0.0,0.0,0.0,0.0,0.0,0.0,0.0,0.0,0.0,0.0,0.0,0.0,0.0,-14.0,-4.0,-1.0,-1.0,-2.0,-2.0,-2.0,-1.0,-1.0,0.0,0.0,-1.0,0.0,0.0,0.0,0.0,0.0,0.0,0.0,0.0,0.0,0.0,0.0,0.0,0.0,0.0,0.0,0.0,0.0,0.0,0.0,0.0,-14.0,-4.0,-1.0,-1.0,-2.0,-2.0,-2.0,-1.0,-1.0,0.0,0.0,-1.0,0.0,0.0,0.0,0.0
1963-04-17,0.0,0.0,0.0,0.0,0.0,0.0,0.0,0.0,0.0,0.0,0.0,0.0,0.0,0.0,0.0,0.0,-14.0,-4.0,-1.0,-1.0,-2.0,-2.0,-2.0,-1.0,-1.0,0.0,0.0,-1.0,0.0,0.0,0.0,0.0,0.0,0.0,0.0,0.0,0.0,0.0,0.0,0.0,0.0,0.0,0.0,0.0,0.0,0.0,0.0,0.0,-14.0,-4.0,-1.0,-1.0,-2.0,-2.0,-2.0,-1.0,-1.0,0.0,0.0,-1.0,0.0,0.0,0.0,0.0
1963-04-18,0.0,0.0,0.0,0.0,0.0,0.0,0.0,0.0,0.0,0.0,0.0,0.0,0.0,0.0,0.0,0.0,-14.0,-4.0,-1.0,-1.0,-2.0,-2.0,-2.0,-1.0,-1.0,0.0,0.0,-1.0,0.0,0.0,0.0,0.0,0.0,0.0,0.0,0.0,0.0,0.0,0.0,0.0,0.0,0.0,0.0,0.0,0.0,0.0,0.0,0.0,-14.0,-4.0,-1.0,-1.0,-2.0,-2.0,-2.0,-1.0,-1.0,0.0,0.0,-1.0,0.0,0.0,0.0,0.0
1963-04-19,0.0,0.0,0.0,0.0,0.0,0.0,0.0,0.0,0.0,0.0,0.0,0.0,0.0,0.0,0.0,0.0,-14.0,-4.0,-1.0,-1.0,-2.0,-2.0,-2.0,-1.0,-1.0,0.0,0.0,-1.0,0.0,0.0,0.0,0.0,0.0,0.0,0.0,0.0,0.0,0.0,0.0,0.0,0.0,0.0,0.0,0.0,0.0,0.0,0.0,0.0,-14.0,-4.0,-1.0,-1.0,-2.0,-2.0,-2.0,-1.0,-1.0,0.0,0.0,-1.0,0.0,0.0,0.0,0.0
1963-04-20,0.0,0.0,0.0,0.0,0.0,0.0,0.0,0.0,0.0,0.0,0.0,0.0,0.0,0.0,0.0,0.0,-14.0,-4.0,-1.0,-1.0,-2.0,-2.0,-2.0,-1.0,-1.0,0.0,0.0,-1.0,0.0,0.0,0.0,0.0,0.0,0.0,0.0,0.0,0.0,0.0,0.0,0.0,0.0,0.0,0.0,0.0,0.0,0.0,0.0,0.0,-14.0,-4.0,-1.0,-1.0,-2.0,-2.0,-2.0,-1.0,-1.0,0.0,0.0,-1.0,0.0,0.0,0.0,0.0
1963-04-21,0.0,0.0,0.0,0.0,0.0,0.0,0.0,0.0,0.0,0.0,0.0,0.0,0.0,0.0,0.0,0.0,-14.0,-4.0,-1.0,-1.0,-2.0,-2.0,-2.0,-1.0,-1.0,0.0,0.0,-1.0,0.0,0.0,0.0,0.0,0.0,0.0,0.0,0.0,0.0,0.0,0.0,0.0,0.0,0.0,0.0,0.0,0.0,0.0,0.0,0.0,-14.0,-4.0,-1.0,-1.0,-2.0,-2.0,-2.0,-1.0,-1.0,0.0,0.0,-1.0,0.0,0.0,0.0,0.0
1963-04-22,0.0,0.0,0.0,0.0,0.0,0.0,0.0,0.0,0.0,0.0,0.0,0.0,0.0,0.0,0.0,0.0,-14.0,-4.0,-1.0,-1.0,-2.0,-2.0,-2.0,-1.0,-1.0,0.0,0.0,-1.0,0.0,0.0,0.0,0.0,0.0,0.0,0.0,0.0,0.0,0.0,0.0,0.0,0.0,0.0,0.0,0.0,0.0,0.0,0.0,0.0,-14.0,-4.0,-1.0,-1.0,-2.0,-2.0,-2.0,-1.0,-1.0,0.0,0.0,-1.0,0.0,0.0,0.0,0.0
1963-04-23,0.0,0.0,0.0,0.0,0.0,0.0,0.0,0.0,0.0,0.0,0.0,0.0,0.0,0.0,0.0,0.0,-14.0,-4.0,-1.0,-1.0,-2.0,-2.0,-2.0,-1.0,-1.0,0.0,0.0,-1.0,0.0,0.0,0.0,0.0,0.0,0.0,0.0,0.0,0.0,0.0,0.0,0.0,0.0,0.0,0.0,0.0,0.0,0.0,0.0,0.0,-14.0,-4.0,-1.0,-1.0,-2.0,-2.0,-2.0,-1.0,-1.0,0.0,0.0,-1.0,0.0,0.0,0.0,0.0
1963-04-24,0.0,0.0,0.0,0.0,0.0,0.0,0.0,0.0,0.0,0.0,0.0,0.0,0.0,0.0,0.0,0.0,-14.0,-4.0,-1.0,-1.0,-2.0,-2.0,-2.0,-1.0,-1.0,0.0,0.0,-1.0,0.0,0.0,0.0,0.0,0.0,0.0,0.0,0.0,0.0,0.0,0.0,0.0,0.0,0.0,0.0,0.0,0.0,0.0,0.0,0.0,-14.0,-4.0,-1.0,-1.0,-2.0,-2.0,-2.0,-1.0,-1.0,0.0,0.0,-1.0,0.0,0.0,0.0,0.0
1963-04-25,0.0,0.0,0.0,0.0,0.0,0.0,0.0,0.0,0.0,0.0,0.0,0.0,0.0,0.0,0.0,0.0,-14.0,-4.0,-1.0,-1.0,-2.0,-2.0,-2.0,-1.0,-1.0,0.0,0.0,-1.0,0.0,0.0,0.0,0.0,0.0,0.0,0.0,0.0,0.0,0.0,0.0,0.0,0.0,0.0,0.0,0.0,0.0,0.0,0.0,0.0,-14.0,-4.0,-1.0,-1.0,-2.0,-2.0,-2.0,-1.0,-1.0,0.0,0.0,-1.0,0.0,0.0,0.0,0.0
1963-04-26,0.0,0.0,0.0,0.0,0.0,0.0,0.0,0.0,0.0,0.0,0.0,0.0,0.0,0.0,0.0,0.0,-14.0,-4.0,-1.0,-1.0,-2.0,-2.0,-2.0,-1.0,-1.0,0.0,0.0,-1.0,0.0,0.0,0.0,0.0,0.0,0.0,0.0,0.0,0.0,0.0,0.0,0.0,0.0,0.0,0.0,0.0,0.0,0.0,0.0,0.0,-14.0,-4.0,-1.0,-1.0,-2.0,-2.0,-2.0,-1.0,-1.0,0.0,0.0,-1.0,0.0,0.0,0.0,0.0
1963-04-27,0.0,0.0,0.0,0.0,0.0,0.0,0.0,0.0,0.0,0.0,0.0,0.0,0.0,0.0,0.0,0.0,-14.0,-4.0,-1.0,-1.0,-2.0,-2.0,-2.0,-1.0,-1.0,0.0,0.0,-1.0,0.0,0.0,0.0,0.0,0.0,0.0,0.0,0.0,0.0,0.0,0.0,0.0,0.0,0.0,0.0,0.0,0.0,0.0,0.0,0.0,-14.0,-4.0,-1.0,-1.0,-2.0,-2.0,-2.0,-1.0,-1.0,0.0,0.0,-1.0,0.0,0.0,0.0,0.0
1963-04-28,0.0,0.0,0.0,0.0,0.0,0.0,0.0,0.0,0.0,0.0,0.0,0.0,0.0,0.0,0.0,0.0,-14.0,-4.0,-1.0,-1.0,-2.0,-2.0,-2.0,-1.0,-1.0,0.0,0.0,-1.0,0.0,0.0,0.0,0.0,0.0,0.0,0.0,0.0,0.0,0.0,0.0,0.0,0.0,0.0,0.0,0.0,0.0,0.0,0.0,0.0,-14.0,-4.0,-1.0,-1.0,-2.0,-2.0,-2.0,-1.0,-1.0,0.0,0.0,-1.0,0.0,0.0,0.0,0.0
1963-04-29,0.0,0.0,0.0,0.0,0.0,0.0,0.0,0.0,0.0,0.0,0.0,0.0,0.0,0.0,0.0,0.0,-14.0,-4.0,-1.0,-1.0,-2.0,-2.0,-2.0,-1.0,-1.0,0.0,0.0,-1.0,0.0,0.0,0.0,0.0,0.0,0.0,0.0,0.0,0.0,0.0,0.0,0.0,0.0,0.0,0.0,0.0,0.0,0.0,0.0,0.0,-14.0,-4.0,-1.0,-1.0,-2.0,-2.0,-2.0,-1.0,-1.0,0.0,0.0,-1.0,0.0,0.0,0.0,0.0
1963-04-30,0.0,0.0,0.0,0.0,0.0,0.0,0.0,0.0,0.0,0.0,0.0,0.0,0.0,0.0,0.0,0.0,-14.0,-4.0,-1.0,-1.0,-2.0,-2.0,-2.0,-1.0,-1.0,0.0,0.0,-1.0,0.0,0.0,0.0,0.0,0.0,0.0,0.0,0.0,0.0,0.0,0.0,0.0,0.0,0.0,0.0,0.0,0.0,0.0,0.0,0.0,-14.0,-4.0,-1.0,-1.0,-2.0,-2.0,-2.0,-1.0,-1.0,0.0,0.0,-1.0,0.0,0.0,0.0,0.0
1963-05-01,372.0,54.0,13.0,73.0,28.0,58.0,21.0,21.0,18.0,37.0,4.0,16.0,1.0,3.0,1.0,0.0,-127.0,-10.0,-2.0,-33.0,-6.0,-23.0,-2.0,-6.0,-6.0,-20.0,0.0,-2.0,0.0,-1.0,-1.0,0.0,372.0,54.0,13.0,73.0,28.0,58.0,21.0,21.0,18.0,37.0,4.0,16.0,1.0,3.0,1.0,0.0,-127.0,-10.0,-2.0,-33.0,-6.0,-23.0,-2.0,-6.0,-6.0,-20.0,0.0,-2.0,0.0,-1.0,-1.0,0.0
1963-05-02,372.0,54.0,13.0,73.0,28.0,58.0,21.0,21.0,18.0,37.0,4.0,16.0,1.0,3.0,1.0,0.0,-127.0,-10.0,-2.0,-33.0,-6.0,-23.0,-2.0,-6.0,-6.0,-20.0,0.0,-2.0,0.0,-1.0,-1.0,0.0,372.0,54.0,13.0,73.0,28.0,58.0,21.0,21.0,18.0,37.0,4.0,16.0,1.0,3.0,1.0,0.0,-127.0,-10.0,-2.0,-33.0,-6.0,-23.0,-2.0,-6.0,-6.0,-20.0,0.0,-2.0,0.0,-1.0,-1.0,0.0
1963-05-03,372.0,54.0,13.0,73.0,28.0,58.0,21.0,21.0,18.0,37.0,4.0,16.0,1.0,3.0,1.0,0.0,-127.0,-10.0,-2.0,-33.0,-6.0,-23.0,-2.0,-6.0,-6.0,-20.0,0.0,-2.0,0.0,-1.0,-1.0,0.0,372.0,54.0,13.0,73.0,28.0,58.0,21.0,21.0,18.0,37.0,4.0,16.0,1.0,3.0,1.0,0.0,-127.0,-10.0,-2.0,-33.0,-6.0,-23.0,-2.0,-6.0,-6.0,-20.0,0.0,-2.0,0.0,-1.0,-1.0,0.0
1963-05-04,372.0,54.0,13.0,73.0,28.0,58.0,21.0,21.0,18.0,37.0,4.0,16.0,1.0,3.0,1.0,0.0,-127.0,-10.0,-2.0,-33.0,-6.0,-23.0,-2.0,-6.0,-6.0,-20.0,0.0,-2.0,0.0,-1.0,-1.0,0.0,372.0,54.0,13.0,73.0,28.0,58.0,21.0,21.0,18.0,37.0,4.0,16.0,1.0,3.0,1.0,0.0,-127.0,-10.0,-2.0,-33.0,-6.0,-23.0,-2.0,-6.0,-6.0,-20.0,0.0,-2.0,0.0,-1.0,-1.0,0.0
1963-05-05,372.0,54.0,13.0,73.0,28.0,58.0,21.0,21.0,18.0,37.0,4.0,16.0,1.0,3.0,1.0,0.0,-127.0,-10.0,-2.0,-33.0,-6.0,-23.0,-2.0,-6.0,-6.0,-20.0,0.0,-2.0,0.0,-1.0,-1.0,0.0,372.0,54.0,13.0,73.0,28.0,58.0,21.0,21.0,18.0,37.0,4.0,16.0,1.0,3.0,1.0,0.0,-127.0,-10.0,-2.0,-33.0,-6.0,-23.0,-2.0,-6.0,-6.0,-20.0,0.0,-2.0,0.0,-1.0,-1.0,0.0
1963-05-06,372.0,54.0,13.0,73.0,28.0,58.0,21.0,21.0,18.0,37.0,4.0,16.0,1.0,3.0,1.0,0.0,-127.0,-10.0,-2.0,-33.0,-6.0,-23.0,-2.0,-6.0,-6.0,-20.0,0.0,-2.0,0.0,-1.0,-1.0,0.0,372.0,54.0,13.0,73.0,28.0,58.0,21.0,21.0,18.0,37.0,4.0,16.0,1.0,3.0,1.0,0.0,-127.0,-10.0,-2.0,-33.0,-6.0,-23.0,-2.0,-6.0,-6.0,-20.0,0.0,-2.0,0.0,-1.0,-1.0,0.0
1963-05-07,372.0,54.0,13.0,73.0,28.0,58.0,21.0,21.0,18.0,37.0,4.0,16.0,1.0,3.0,1.0,0.0,-127.0,-10.0,-2.0,-33.0,-6.0,-23.0,-2.0,-6.0,-6.0,-20.0,0.0,-2.0,0.0,-1.0,-1.0,0.0,372.0,54.0,13.0,73.0,28.0,58.0,21.0,21.0,18.0,37.0,4.0,16.0,1.0,3.0,1.0,0.0,-127.0,-10.0,-2.0,-33.0,-6.0,-23.0,-2.0,-6.0,-6.0,-20.0,0.0,-2.0,0.0,-1.0,-1.0,0.0
1963-05-08,372.0,54.0,13.0,73.0,28.0,58.0,21.0,21.0,18.0,37.0,4.0,16.0,1.0,3.0,1.0,0.0,-127.0,-10.0,-2.0,-33.0,-6.0,-23.0,-2.0,-6.0,-6.0,-20.0,0.0,-2.0,0.0,-1.0,-1.0,0.0,372.0,54.0,13.0,73.0,28.0,58.0,21.0,21.0,18.0,37.0,4.0,16.0,1.0,3.0,1.0,0.0,-127.0,-10.0,-2.0,-33.0,-6.0,-23.0,-2.0,-6.0,-6.0,-20.0,0.0,-2.0,0.0,-1.0,-1.0,0.0
1963-05-09,372.0,54.0,13.0,73.0,28.0,58.0,21.0,21.0,18.0,37.0,4.0,16.0,1.0,3.0,1.0,0.0,-127.0,-10.0,-2.0,-33.0,-6.0,-23.0,-2.0,-6.0,-6.0,-20.0,0.0,-2.0,0.0,-1.0,-1.0,0.0,372.0,54.0,13.0,73.0,28.0,58.0,21.0,21.0,18.0,37.0,4.0,16.0,1.0,3.0,1.0,0.0,-127.0,-10.0,-2.0,-33.0,-6.0,-23.0,-2.0,-6.0,-6.0,-20.0,0.0,-2.0,0.0,-1.0,-1.0,0.0
1963-05-10,372.0,54.0,13.0,73.0,28.0,58.0,21.0,21.0,18.0,37.0,4.0,16.0,1.0,3.0,1.0,0.0,-127.0,-10.0,-2.0,-33.0,-6.0,-23.0,-2.0,-6.0,-6.0,-20.0,0.0,-2.0,0.0,-1.0,-1.0,0.0,372.0,54.0,13.0,73.0,28.0,58.0,21.0,21.0,18.0,37.0,4.0,16.0,1.0,3.0,1.0,0.0,-127.0,-10.0,-2.0,-33.0,-6.0,-23.0,-2.0,-6.0,-6.0,-20.0,0.0,-2.0,0.0,-1.0,-1.0,0.0
1963-05-11,372.0,54.0,13.0,73.0,28.0,58.0,21.0,21.0,18.0,37.0,4.0,16.0,1.0,3.0,1.0,0.0,-127.0,-10.0,-2.0,-33.0,-6.0,-23.0,-2.0,-6.0,-6.0,-20.0,0.0,-2.0,0.0,-1.0,-1.0,0.0,372.0,54.0,13.0,73.0,28.0,58.0,21.0,21.0,18.0,37.0,4.0,16.0,1.0,3.0,1.0,0.0,-127.0,-10.0,-2.0,-33.0,-6.0,-23.0,-2.0,-6.0,-6.0,-20.0,0.0,-2.0,0.0,-1.0,-1.0,0.0
1963-05-12,372.0,54.0,13.0,73.0,28.0,58.0,21.0,21.0,18.0,37.0,4.0,16.0,1.0,3.0,1.0,0.0,-127.0,-10.0,-2.0,-33.0,-6.0,-23.0,-2.0,-6.0,-6.0,-20.0,0.0,-2.0,0.0,-1.0,-1.0,0.0,372.0,54.0,13.0,73.0,28.0,58.0,21.0,21.0,18.0,37.0,4.0,16.0,1.0,3.0,1.0,0.0,-127.0,-10.0,-2.0,-33.0,-6.0,-23.0,-2.0,-6.0,-6.0,-20.0,0.0,-2.0,0.0,-1.0,-1.0,0.0
1963-05-13,372.0,54.0,13.0,73.0,28.0,58.0,21.0,21.0,18.0,37.0,4.0,16.0,1.0,3.0,1.0,0.0,-127.0,-10.0,-2.0,-33.0,-6.0,-23.0,-2.0,-6.0,-6.0,-20.0,0.0,-2.0,0.0,-1.0,-1.0,0.0,372.0,54.0,13.0,73.0,28.0,58.0,21.0,21.0,18.0,37.0,4.0,16.0,1.0,3.0,1.0,0.0,-127.0,-10.0,-2.0,-33.0,-6.0,-23.0,-2.0,-6.0,-6.0,-20.0,0.0,-2.0,0.0,-1.0,-1.0,0.0
1963-05-14,372.0,54.0,13.0,73.0,28.0,58.0,21.0,21.0,18.0,37.0,4.0,16.0,1.0,3.0,1.0,0.0,-127.0,-10.0,-2.0,-33.0,-6.0,-23.0,-2.0,-6.0,-6.0,-20.0,0.0,-2.0,0.0,-1.0,-1.0,0.0,372.0,54.0,13.0,73.0,28.0,58.0,21.0,21.0,18.0,37.0,4.0,16.0,1.0,3.0,1.0,0.0,-127.0,-10.0,-2.0,-33.0,-6.0,-23.0,-2.0,-6.0,-6.0,-20.0,0.0,-2.0,0.0,-1.0,-1.0,0.0
1963-05-15,372.0,54.0,13.0,73.0,28.0,58.0,21.0,21.0,18.0,37.0,4.0,16.0,1.0,3.0,1.0,0.0,-127.0,-10.0,-2.0,-33.0,-6.0,-23.0,-2.0,-6.0,-6.0,-20.0,0.0,-2.0,0.0,-1.0,-1.0,0.0,372.0,54.0,13.0,73.0,28.0,58.0,21.0,21.0,18.0,37.0,4.0,16.0,1.0,3.0,1.0,0.0,-127.0,-10.0,-2.0,-33.0,-6.0,-23.0,-2.0,-6.0,-6.0,-20.0,0.0,-2.0,0.0,-1.0,-1.0,0.0
1963-05-16,372.0,54.0,13.0,73.0,28.0,58.0,21.0,21.0,18.0,37.0,4.0,16.0,1.0,3.0,1.0,0.0,-127.0,-10.0,-2.0,-33.0,-6.0,-23.0,-2.0,-6.0,-6.0,-20.0,0.0,-2.0,0.0,-1.0,-1.0,0.0,372.0,54.0,13.0,73.0,28.0,58.0,21.0,21.0,18.0,37.0,4.0,16.0,1.0,3.0,1.0,0.0,-127.0,-10.0,-2.0,-33.0,-6.0,-23.0,-2.0,-6.0,-6.0,-20.0,0.0,-2.0,0.0,-1.0,-1.0,0.0
1963-05-17,372.0,54.0,13.0,73.0,28.0,58.0,21.0,21.0,18.0,37.0,4.0,16.0,1.0,3.0,1.0,0.0,-127.0,-10.0,-2.0,-33.0,-6.0,-23.0,-2.0,-6.0,-6.0,-20.0,0.0,-2.0,0.0,-1.0,-1.0,0.0,372.0,54.0,13.0,73.0,28.0,58.0,21.0,21.0,18.0,37.0,4.0,16.0,1.0,3.0,1.0,0.0,-127.0,-10.0,-2.0,-33.0,-6.0,-23.0,-2.0,-6.0,-6.0,-20.0,0.0,-2.0,0.0,-1.0,-1.0,0.0
1963-05-18,372.0,54.0,13.0,73.0,28.0,58.0,21.0,21.0,18.0,37.0,4.0,16.0,1.0,3.0,1.0,0.0,-127.0,-10.0,-2.0,-33.0,-6.0,-23.0,-2.0,-6.0,-6.0,-20.0,0.0,-2.0,0.0,-1.0,-1.0,0.0,372.0,54.0,13.0,73.0,28.0,58.0,21.0,21.0,18.0,37.0,4.0,16.0,1.0,3.0,1.0,0.0,-127.0,-10.0,-2.0,-33.0,-6.0,-23.0,-2.0,-6.0,-6.0,-20.0,0.0,-2.0,0.0,-1.0,-1.0,0.0
1963-05-19,372.0,54.0,13.0,73.0,28.0,58.0,21.0,21.0,18.0,37.0,4.0,16.0,1.0,3.0,1.0,0.0,-127.0,-10.0,-2.0,-33.0,-6.0,-23.0,-2.0,-6.0,-6.0,-20.0,0.0,-2.0,0.0,-1.0,-1.0,0.0,372.0,54.0,13.0,73.0,28.0,58.0,21.0,21.0,18.0,37.0,4.0,16.0,1.0,3.0,1.0,0.0,-127.0,-10.0,-2.0,-33.0,-6.0,-23.0,-2.0,-6.0,-6.0,-20.0,0.0,-2.0,0.0,-1.0,-1.0,0.0
1963-05-20,372.0,54.0,13.0,73.0,28.0,58.0,21.0,21.0,18.0,37.0,4.0,16.0,1.0,3.0,1.0,0.0,-127.0,-10.0,-2.0,-33.0,-6.0,-23.0,-2.0,-6.0,-6.0,-20.0,0.0,-2.0,0.0,-1.0,-1.0,0.0,372.0,54.0,13.0,73.0,28.0,58.0,21.0,21.0,18.0,37.0,4.0,16.0,1.0,3.0,1.0,0.0,-127.0,-10.0,-2.0,-33.0,-6.0,-23.0,-2.0,-6.0,-6.0,-20.0,0.0,-2.0,0.0,-1.0,-1.0,0.0
1963-05-21,372.0,54.0,13.0,73.0,28.0,58.0,21.0,21.0,18.0,37.0,4.0,16.0,1.0,3.0,1.0,0.0,-127.0,-10.0,-2.0,-33.0,-6.0,-23.0,-2.0,-6.0,-6.0,-20.0,0.0,-2.0,0.0,-1.0,-1.0,0.0,372.0,54.0,13.0,73.0,28.0,58.0,21.0,21.0,18.0,37.0,4.0,16.0,1.0,3.0,1.0,0.0,-127.0,-10.0,-2.0,-33.0,-6.0,-23.0,-2.0,-6.0,-6.0,-20.0,0.0,-2.0,0.0,-1.0,-1.0,0.0
1963-05-22,372.0,54.0,13.0,73.0,28.0,58.0,21.0,21.0,18.0,37.0,4.0,16.0,1.0,3.0,1.0,0.0,-127.0,-10.0,-2.0,-33.0,-6.0,-23.0,-2.0,-6.0,-6.0,-20.0,0.0,-2.0,0.0,-1.0,-1.0,0.0,372.0,54.0,13.0,73.0,28.0,58.0,21.0,21.0,18.0,37.0,4.0,16.0,1.0,3.0,1.0,0.0,-127.0,-10.0,-2.0,-33.0,-6.0,-23.0,-2.0,-6.0,-6.0,-20.0,0.0,-2.0,0.0,-1.0,-1.0,0.0
1963-05-23,372.0,54.0,13.0,73.0,28.0,58.0,21.0,21.0,18.0,37.0,4.0,16.0,1.0,3.0,1.0,0.0,-127.0,-10.0,-2.0,-33.0,-6.0,-23.0,-2.0,-6.0,-6.0,-20.0,0.0,-2.0,0.0,-1.0,-1.0,0.0,372.0,54.0,13.0,73.0,28.0,58.0,21.0,21.0,18.0,37.0,4.0,16.0,1.0,3.0,1.0,0.0,-127.0,-10.0,-2.0,-33.0,-6.0,-23.0,-2.0,-6.0,-6.0,-20.0,0.0,-2.0,0.0,-1.0,-1.0,0.0
1963-05-24,372.0,54.0,13.0,73.0,28.0,58.0,21.0,21.0,18.0,37.0,4.0,16.0,1.0,3.0,1.0,0.0,-127.0,-10.0,-2.0,-33.0,-6.0,-23.0,-2.0,-6.0,-6.0,-20.0,0.0,-2.0,0.0,-1.0,-1.0,0.0,372.0,54.0,13.0,73.0,28.0,58.0,21.0,21.0,18.0,37.0,4.0,16.0,1.0,3.0,1.0,0.0,-127.0,-10.0,-2.0,-33.0,-6.0,-23.0,-2.0,-6.0,-6.0,-20.0,0.0,-2.0,0.0,-1.0,-1.0,0.0
1963-05-25,372.0,54.0,13.0,73.0,28.0,58.0,21.0,21.0,18.0,37.0,4.0,16.0,1.0,3.0,1.0,0.0,-127.0,-10.0,-2.0,-33.0,-6.0,-23.0,-2.0,-6.0,-6.0,-20.0,0.0,-2.0,0.0,-1.0,-1.0,0.0,372.0,54.0,13.0,73.0,28.0,58.0,21.0,21.0,18.0,37.0,4.0,16.0,1.0,3.0,1.0,0.0,-127.0,-10.0,-2.0,-33.0,-6.0,-23.0,-2.0,-6.0,-6.0,-20.0,0.0,-2.0,0.0,-1.0,-1.0,0.0
1963-05-26,372.0,54.0,13.0,73.0,28.0,58.0,21.0,21.0,18.0,37.0,4.0,16.0,1.0,3.0,1.0,0.0,-127.0,-10.0,-2.0,-33.0,-6.0,-23.0,-2.0,-6.0,-6.0,-20.0,0.0,-2.0,0.0,-1.0,-1.0,0.0,372.0,54.0,13.0,73.0,28.0,58.0,21.0,21.0,18.0,37.0,4.0,16.0,1.0,3.0,1.0,0.0,-127.0,-10.0,-2.0,-33.0,-6.0,-23.0,-2.0,-6.0,-6.0,-20.0,0.0,-2.0,0.0,-1.0,-1.0,0.0
1963-05-27,372.0,54.0,13.0,73.0,28.0,58.0,21.0,21.0,18.0,37.0,4.0,16.0,1.0,3.0,1.0,0.0,-127.0,-10.0,-2.0,-33.0,-6.0,-23.0,-2.0,-6.0,-6.0,-20.0,0.0,-2.0,0.0,-1.0,-1.0,0.0,372.0,54.0,13.0,73.0,28.0,58.0,21.0,21.0,18.0,37.0,4.0,16.0,1.0,3.0,1.0,0.0,-127.0,-10.0,-2.0,-33.0,-6.0,-23.0,-2.0,-6.0,-6.0,-20.0,0.0,-2.0,0.0,-1.0,-1.0,0.0
1963-05-28,372.0,54.0,13.0,73.0,28.0,58.0,21.0,21.0,18.0,37.0,4.0,16.0,1.0,3.0,1.0,0.0,-127.0,-10.0,-2.0,-33.0,-6.0,-23.0,-2.0,-6.0,-6.0,-20.0,0.0,-2.0,0.0,-1.0,-1.0,0.0,372.0,54.0,13.0,73.0,28.0,58.0,21.0,21.0,18.0,37.0,4.0,16.0,1.0,3.0,1.0,0.0,-127.0,-10.0,-2.0,-33.0,-6.0,-23.0,-2.0,-6.0,-6.0,-20.0,0.0,-2.0,0.0,-1.0,-1.0,0.0
1963-05-29,372.0,54.0,13.0,73.0,28.0,58.0,21.0,21.0,18.0,37.0,4.0,16.0,1.0,3.0,1.0,0.0,-127.0,-10.0,-2.0,-33.0,-6.0,-23.0,-2.0,-6.0,-6.0,-20.0,0.0,-2.0,0.0,-1.0,-1.0,0.0,372.0,54.0,13.0,73.0,28.0,58.0,21.0,21.0,18.0,37.0,4.0,16.0,1.0,3.0,1.0,0.0,-127.0,-10.0,-2.0,-33.0,-6.0,-23.0,-2.0,-6.0,-6.0,-20.0,0.0,-2.0,0.0,-1.0,-1.0,0.0
1963-05-30,372.0,54.0,13.0,73.0,28.0,58.0,21.0,21.0,18.0,37.0,4.0,16.0,1.0,3.0,1.0,0.0,-127.0,-10.0,-2.0,-33.0,-6.0,-23.0,-2.0,-6.0,-6.0,-20.0,0.0,-2.0,0.0,-1.0,-1.0,0.0,372.0,54.0,13.0,73.0,28.0,58.0,21.0,21.0,18.0,37.0,4.0,16.0,1.0,3.0,1.0,0.0,-127.0,-10.0,-2.0,-33.0,-6.0,-23.0,-2.0,-6.0,-6.0,-20.0,0.0,-2.0,0.0,-1.0,-1.0,0.0
1963-05-31,372.0,54.0,13.0,73.0,28.0,58.0,21.0,21.0,18.0,37.0,4.0,16.0,1.0,3.0,1.0,0.0,-127.0,-10.0,-2.0,-33.0,-6.0,-23.0,-2.0,-6.0,-6.0,-20.0,0.0,-2.0,0.0,-1.0,-1.0,0.0,372.0,54.0,13.0,73.0,28.0,58.0,21.0,21.0,18.0,37.0,4.0,16.0,1.0,3.0,1.0,0.0,-127.0,-10.0,-2.0,-33.0,-6.0,-23.0,-2.0,-6.0,-6.0,-20.0,0.0,-2.0,0.0,-1.0,-1.0,0.0
1963-06-01,589.0,101.0,26.0,101.0,50.0,86.0,43.0,36.0,29.0,43.0,8.0,33.0,1.0,6.0,2.0,0.0,-164.0,-17.0,-4.0,-39.0,-10.0,-28.0,-5.0,-8.0,-8.0,-23.0,-1.0,-4.0,0.0,-1.0,-1.0,0.0,589.0,101.0,26.0,101.0,50.0,86.0,43.0,36.0,29.0,43.0,8.0,33.0,1.0,6.0,2.0,0.0,-164.0,-17.0,-4.0,-39.0,-10.0,-28.0,-5.0,-8.0,-8.0,-23.0,-1.0,-4.0,0.0,-1.0,-1.0,0.0
1963-06-02,589.0,101.0,26.0,101.0,50.0,86.0,43.0,36.0,29.0,43.0,8.0,33.0,1.0,6.0,2.0,0.0,-164.0,-17.0,-4.0,-39.0,-10.0,-28.0,-5.0,-8.0,-8.0,-23.0,-1.0,-4.0,0.0,-1.0,-1.0,0.0,589.0,101.0,26.0,101.0,50.0,86.0,43.0,36.0,29.0,43.0,8.0,33.0,1.0,6.0,2.0,0.0,-164.0,-17.0,-4.0,-39.0,-10.0,-28.0,-5.0,-8.0,-8.0,-23.0,-1.0,-4.0,0.0,-1.0,-1.0,0.0
1963-06-03,589.0,101.0,26.0,101.0,50.0,86.0,43.0,36.0,29.0,43.0,8.0,33.0,1.0,6.0,2.0,0.0,-164.0,-17.0,-4.0,-39.0,-10.0,-28.0,-5.0,-8.0,-8.0,-23.0,-1.0,-4.0,0.0,-1.0,-1.0,0.0,589.0,101.0,26.0,101.0,50.0,86.0,43.0,36.0,29.0,43.0,8.0,33.0,1.0,6.0,2.0,0.0,-164.0,-17.0,-4.0,-39.0,-10.0,-28.0,-5.0,-8.0,-8.0,-23.0,-1.0,-4.0,0.0,-1.0,-1.0,0.0
1963-06-04,589.0,101.0,26.0,101.0,50.0,86.0,43.0,36.0,29.0,43.0,8.0,33.0,1.0,6.0,2.0,0.0,-164.0,-17.0,-4.0,-39.0,-10.0,-28.0,-5.0,-8.0,-8.0,-23.0,-1.0,-4.0,0.0,-1.0,-1.0,0.0,589.0,101.0,26.0,101.0,50.0,86.0,43.0,36.0,29.0,43.0,8.0,33.0,1.0,6.0,2.0,0.0,-164.0,-17.0,-4.0,-39.0,-10.0,-28.0,-5.0,-8.0,-8.0,-23.0,-1.0,-4.0,0.0,-1.0,-1.0,0.0
1963-06-05,589.0,101.0,26.0,101.0,50.0,86.0,43.0,36.0,29.0,43.0,8.0,33.0,1.0,6.0,2.0,0.0,-164.0,-17.0,-4.0,-39.0,-10.0,-28.0,-5.0,-8.0,-8.0,-23.0,-1.0,-4.0,0.0,-1.0,-1.0,0.0,589.0,101.0,26.0,101.0,50.0,86.0,43.0,36.0,29.0,43.0,8.0,33.0,1.0,6.0,2.0,0.0,-164.0,-17.0,-4.0,-39.0,-10.0,-28.0,-5.0,-8.0,-8.0,-23.0,-1.0,-4.0,0.0,-1.0,-1.0,0.0
1963-06-06,589.0,101.0,26.0,101.0,50.0,86.0,43.0,36.0,29.0,43.0,8.0,33.0,1.0,6.0,2.0,0.0,-164.0,-17.0,-4.0,-39.0,-10.0,-28.0,-5.0,-8.0,-8.0,-23.0,-1.0,-4.0,0.0,-1.0,-1.0,0.0,589.0,101.0,26.0,101.0,50.0,86.0,43.0,36.0,29.0,43.0,8.0,33.0,1.0,6.0,2.0,0.0,-164.0,-17.0,-4.0,-39.0,-10.0,-28.0,-5.0,-8.0,-8.0,-23.0,-1.0,-4.0,0.0,-1.0,-1.0,0.0
1963-06-07,589.0,101.0,26.0,101.0,50.0,86.0,43.0,36.0,29.0,43.0,8.0,33.0,1.0,6.0,2.0,0.0,-164.0,-17.0,-4.0,-39.0,-10.0,-28.0,-5.0,-8.0,-8.0,-23.0,-1.0,-4.0,0.0,-1.0,-1.0,0.0,589.0,101.0,26.0,101.0,50.0,86.0,43.0,36.0,29.0,43.0,8.0,33.0,1.0,6.0,2.0,0.0,-164.0,-17.0,-4.0,-39.0,-10.0,-28.0,-5.0,-8.0,-8.0,-23.0,-1.0,-4.0,0.0,-1.0,-1.0,0.0
1963-06-08,589.0,101.0,26.0,101.0,50.0,86.0,43.0,36.0,29.0,43.0,8.0,33.0,1.0,6.0,2.0,0.0,-164.0,-17.0,-4.0,-39.0,-10.0,-28.0,-5.0,-8.0,-8.0,-23.0,-1.0,-4.0,0.0,-1.0,-1.0,0.0,589.0,101.0,26.0,101.0,50.0,86.0,43.0,36.0,29.0,43.0,8.0,33.0,1.0,6.0,2.0,0.0,-164.0,-17.0,-4.0,-39.0,-10.0,-28.0,-5.0,-8.0,-8.0,-23.0,-1.0,-4.0,0.0,-1.0,-1.0,0.0
1963-06-09,589.0,101.0,26.0,101.0,50.0,86.0,43.0,36.0,29.0,43.0,8.0,33.0,1.0,6.0,2.0,0.0,-164.0,-17.0,-4.0,-39.0,-10.0,-28.0,-5.0,-8.0,-8.0,-23.0,-1.0,-4.0,0.0,-1.0,-1.0,0.0,589.0,101.0,26.0,101.0,50.0,86.0,43.0,36.0,29.0,43.0,8.0,33.0,1.0,6.0,2.0,0.0,-164.0,-17.0,-4.0,-39.0,-10.0,-28.0,-5.0,-8.0,-8.0,-23.0,-1.0,-4.0,0.0,-1.0,-1.0,0.0
1963-06-10,589.0,101.0,26.0,101.0,50.0,86.0,43.0,36.0,29.0,43.0,8.0,33.0,1.0,6.0,2.0,0.0,-164.0,-17.0,-4.0,-39.0,-10.0,-28.0,-5.0,-8.0,-8.0,-23.0,-1.0,-4.0,0.0,-1.0,-1.0,0.0,589.0,101.0,26.0,101.0,50.0,86.0,43.0,36.0,29.0,43.0,8.0,33.0,1.0,6.0,2.0,0.0,-164.0,-17.0,-4.0,-39.0,-10.0,-28.0,-5.0,-8.0,-8.0,-23.0,-1.0,-4.0,0.0,-1.0,-1.0,0.0
1963-06-11,589.0,101.0,26.0,101.0,50.0,86.0,43.0,36.0,29.0,43.0,8.0,33.0,1.0,6.0,2.0,0.0,-164.0,-17.0,-4.0,-39.0,-10.0,-28.0,-5.0,-8.0,-8.0,-23.0,-1.0,-4.0,0.0,-1.0,-1.0,0.0,589.0,101.0,26.0,101.0,50.0,86.0,43.0,36.0,29.0,43.0,8.0,33.0,1.0,6.0,2.0,0.0,-164.0,-17.0,-4.0,-39.0,-10.0,-28.0,-5.0,-8.0,-8.0,-23.0,-1.0,-4.0,0.0,-1.0,-1.0,0.0
1963-06-12,589.0,101.0,26.0,101.0,50.0,86.0,43.0,36.0,29.0,43.0,8.0,33.0,1.0,6.0,2.0,0.0,-164.0,-17.0,-4.0,-39.0,-10.0,-28.0,-5.0,-8.0,-8.0,-23.0,-1.0,-4.0,0.0,-1.0,-1.0,0.0,589.0,101.0,26.0,101.0,50.0,86.0,43.0,36.0,29.0,43.0,8.0,33.0,1.0,6.0,2.0,0.0,-164.0,-17.0,-4.0,-39.0,-10.0,-28.0,-5.0,-8.0,-8.0,-23.0,-1.0,-4.0,0.0,-1.0,-1.0,0.0
1963-06-13,589.0,101.0,26.0,101.0,50.0,86.0,43.0,36.0,29.0,43.0,8.0,33.0,1.0,6.0,2.0,0.0,-164.0,-17.0,-4.0,-39.0,-10.0,-28.0,-5.0,-8.0,-8.0,-23.0,-1.0,-4.0,0.0,-1.0,-1.0,0.0,589.0,101.0,26.0,101.0,50.0,86.0,43.0,36.0,29.0,43.0,8.0,33.0,1.0,6.0,2.0,0.0,-164.0,-17.0,-4.0,-39.0,-10.0,-28.0,-5.0,-8.0,-8.0,-23.0,-1.0,-4.0,0.0,-1.0,-1.0,0.0
1963-06-14,589.0,101.0,26.0,101.0,50.0,86.0,43.0,36.0,29.0,43.0,8.0,33.0,1.0,6.0,2.0,0.0,-164.0,-17.0,-4.0,-39.0,-10.0,-28.0,-5.0,-8.0,-8.0,-23.0,-1.0,-4.0,0.0,-1.0,-1.0,0.0,589.0,101.0,26.0,101.0,50.0,86.0,43.0,36.0,29.0,43.0,8.0,33.0,1.0,6.0,2.0,0.0,-164.0,-17.0,-4.0,-39.0,-10.0,-28.0,-5.0,-8.0,-8.0,-23.0,-1.0,-4.0,0.0,-1.0,-1.0,0.0
1963-06-15,589.0,101.0,26.0,101.0,50.0,86.0,43.0,36.0,29.0,43.0,8.0,33.0,1.0,6.0,2.0,0.0,-164.0,-17.0,-4.0,-39.0,-10.0,-28.0,-5.0,-8.0,-8.0,-23.0,-1.0,-4.0,0.0,-1.0,-1.0,0.0,589.0,101.0,26.0,101.0,50.0,86.0,43.0,36.0,29.0,43.0,8.0,33.0,1.0,6.0,2.0,0.0,-164.0,-17.0,-4.0,-39.0,-10.0,-28.0,-5.0,-8.0,-8.0,-23.0,-1.0,-4.0,0.0,-1.0,-1.0,0.0
1963-06-16,589.0,101.0,26.0,101.0,50.0,86.0,43.0,36.0,29.0,43.0,8.0,33.0,1.0,6.0,2.0,0.0,-164.0,-17.0,-4.0,-39.0,-10.0,-28.0,-5.0,-8.0,-8.0,-23.0,-1.0,-4.0,0.0,-1.0,-1.0,0.0,589.0,101.0,26.0,101.0,50.0,86.0,43.0,36.0,29.0,43.0,8.0,33.0,1.0,6.0,2.0,0.0,-164.0,-17.0,-4.0,-39.0,-10.0,-28.0,-5.0,-8.0,-8.0,-23.0,-1.0,-4.0,0.0,-1.0,-1.0,0.0
1963-06-17,589.0,101.0,26.0,101.0,50.0,86.0,43.0,36.0,29.0,43.0,8.0,33.0,1.0,6.0,2.0,0.0,-164.0,-17.0,-4.0,-39.0,-10.0,-28.0,-5.0,-8.0,-8.0,-23.0,-1.0,-4.0,0.0,-1.0,-1.0,0.0,589.0,101.0,26.0,101.0,50.0,86.0,43.0,36.0,29.0,43.0,8.0,33.0,1.0,6.0,2.0,0.0,-164.0,-17.0,-4.0,-39.0,-10.0,-28.0,-5.0,-8.0,-8.0,-23.0,-1.0,-4.0,0.0,-1.0,-1.0,0.0
1963-06-18,589.0,101.0,26.0,101.0,50.0,86.0,43.0,36.0,29.0,43.0,8.0,33.0,1.0,6.0,2.0,0.0,-164.0,-17.0,-4.0,-39.0,-10.0,-28.0,-5.0,-8.0,-8.0,-23.0,-1.0,-4.0,0.0,-1.0,-1.0,0.0,589.0,101.0,26.0,101.0,50.0,86.0,43.0,36.0,29.0,43.0,8.0,33.0,1.0,6.0,2.0,0.0,-164.0,-17.0,-4.0,-39.0,-10.0,-28.0,-5.0,-8.0,-8.0,-23.0,-1.0,-4.0,0.0,-1.0,-1.0,0.0
1963-06-19,589.0,101.0,26.0,101.0,50.0,86.0,43.0,36.0,29.0,43.0,8.0,33.0,1.0,6.0,2.0,0.0,-164.0,-17.0,-4.0,-39.0,-10.0,-28.0,-5.0,-8.0,-8.0,-23.0,-1.0,-4.0,0.0,-1.0,-1.0,0.0,589.0,101.0,26.0,101.0,50.0,86.0,43.0,36.0,29.0,43.0,8.0,33.0,1.0,6.0,2.0,0.0,-164.0,-17.0,-4.0,-39.0,-10.0,-28.0,-5.0,-8.0,-8.0,-23.0,-1.0,-4.0,0.0,-1.0,-1.0,0.0
1963-06-20,589.0,101.0,26.0,101.0,50.0,86.0,43.0,36.0,29.0,43.0,8.0,33.0,1.0,6.0,2.0,0.0,-164.0,-17.0,-4.0,-39.0,-10.0,-28.0,-5.0,-8.0,-8.0,-23.0,-1.0,-4.0,0.0,-1.0,-1.0,0.0,589.0,101.0,26.0,101.0,50.0,86.0,43.0,36.0,29.0,43.0,8.0,33.0,1.0,6.0,2.0,0.0,-164.0,-17.0,-4.0,-39.0,-10.0,-28.0,-5.0,-8.0,-8.0,-23.0,-1.0,-4.0,0.0,-1.0,-1.0,0.0
1963-06-21,589.0,101.0,26.0,101.0,50.0,86.0,43.0,36.0,29.0,43.0,8.0,33.0,1.0,6.0,2.0,0.0,-164.0,-17.0,-4.0,-39.0,-10.0,-28.0,-5.0,-8.0,-8.0,-23.0,-1.0,-4.0,0.0,-1.0,-1.0,0.0,589.0,101.0,26.0,101.0,50.0,86.0,43.0,36.0,29.0,43.0,8.0,33.0,1.0,6.0,2.0,0.0,-164.0,-17.0,-4.0,-39.0,-10.0,-28.0,-5.0,-8.0,-8.0,-23.0,-1.0,-4.0,0.0,-1.0,-1.0,0.0
1963-06-22,589.0,101.0,26.0,101.0,50.0,86.0,43.0,36.0,29.0,43.0,8.0,33.0,1.0,6.0,2.0,0.0,-164.0,-17.0,-4.0,-39.0,-10.0,-28.0,-5.0,-8.0,-8.0,-23.0,-1.0,-4.0,0.0,-1.0,-1.0,0.0,589.0,101.0,26.0,101.0,50.0,86.0,43.0,36.0,29.0,43.0,8.0,33.0,1.0,6.0,2.0,0.0,-164.0,-17.0,-4.0,-39.0,-10.0,-28.0,-5.0,-8.0,-8.0,-23.0,-1.0,-4.0,0.0,-1.0,-1.0,0.0
1963-06-23,589.0,101.0,26.0,101.0,50.0,86.0,43.0,36.0,29.0,43.0,8.0,33.0,1.0,6.0,2.0,0.0,-164.0,-17.0,-4.0,-39.0,-10.0,-28.0,-5.0,-8.0,-8.0,-23.0,-1.0,-4.0,0.0,-1.0,-1.0,0.0,589.0,101.0,26.0,101.0,50.0,86.0,43.0,36.0,29.0,43.0,8.0,33.0,1.0,6.0,2.0,0.0,-164.0,-17.0,-4.0,-39.0,-10.0,-28.0,-5.0,-8.0,-8.0,-23.0,-1.0,-4.0,0.0,-1.0,-1.0,0.0
1963-06-24,589.0,101.0,26.0,101.0,50.0,86.0,43.0,36.0,29.0,43.0,8.0,33.0,1.0,6.0,2.0,0.0,-164.0,-17.0,-4.0,-39.0,-10.0,-28.0,-5.0,-8.0,-8.0,-23.0,-1.0,-4.0,0.0,-1.0,-1.0,0.0,589.0,101.0,26.0,101.0,50.0,86.0,43.0,36.0,29.0,43.0,8.0,33.0,1.0,6.0,2.0,0.0,-164.0,-17.0,-4.0,-39.0,-10.0,-28.0,-5.0,-8.0,-8.0,-23.0,-1.0,-4.0,0.0,-1.0,-1.0,0.0
1963-06-25,589.0,101.0,26.0,101.0,50.0,86.0,43.0,36.0,29.0,43.0,8.0,33.0,1.0,6.0,2.0,0.0,-164.0,-17.0,-4.0,-39.0,-10.0,-28.0,-5.0,-8.0,-8.0,-23.0,-1.0,-4.0,0.0,-1.0,-1.0,0.0,589.0,101.0,26.0,101.0,50.0,86.0,43.0,36.0,29.0,43.0,8.0,33.0,1.0,6.0,2.0,0.0,-164.0,-17.0,-4.0,-39.0,-10.0,-28.0,-5.0,-8.0,-8.0,-23.0,-1.0,-4.0,0.0,-1.0,-1.0,0.0
1963-06-26,589.0,101.0,26.0,101.0,50.0,86.0,43.0,36.0,29.0,43.0,8.0,33.0,1.0,6.0,2.0,0.0,-164.0,-17.0,-4.0,-39.0,-10.0,-28.0,-5.0,-8.0,-8.0,-23.0,-1.0,-4.0,0.0,-1.0,-1.0,0.0,589.0,101.0,26.0,101.0,50.0,86.0,43.0,36.0,29.0,43.0,8.0,33.0,1.0,6.0,2.0,0.0,-164.0,-17.0,-4.0,-39.0,-10.0,-28.0,-5.0,-8.0,-8.0,-23.0,-1.0,-4.0,0.0,-1.0,-1.0,0.0
1963-06-27,589.0,101.0,26.0,101.0,50.0,86.0,43.0,36.0,29.0,43.0,8.0,33.0,1.0,6.0,2.0,0.0,-164.0,-17.0,-4.0,-39.0,-10.0,-28.0,-5.0,-8.0,-8.0,-23.0,-1.0,-4.0,0.0,-1.0,-1.0,0.0,589.0,101.0,26.0,101.0,50.0,86.0,43.0,36.0,29.0,43.0,8.0,33.0,1.0,6.0,2.0,0.0,-164.0,-17.0,-4.0,-39.0,-10.0,-28.0,-5.0,-8.0,-8.0,-23.0,-1.0,-4.0,0.0,-1.0,-1.0,0.0
1963-06-28,589.0,101.0,26.0,101.0,50.0,86.0,43.0,36.0,29.0,43.0,8.0,33.0,1.0,6.0,2.0,0.0,-164.0,-17.0,-4.0,-39.0,-10.0,-28.0,-5.0,-8.0,-8.0,-23.0,-1.0,-4.0,0.0,-1.0,-1.0,0.0,589.0,101.0,26.0,101.0,50.0,86.0,43.0,36.0,29.0,43.0,8.0,33.0,1.0,6.0,2.0,0.0,-164.0,-17.0,-4.0,-39.0,-10.0,-28.0,-5.0,-8.0,-8.0,-23.0,-1.0,-4.0,0.0,-1.0,-1.0,0.0
1963-06-29,589.0,101.0,26.0,101.0,50.0,86.0,43.0,36.0,29.0,43.0,8.0,33.0,1.0,6.0,2.0,0.0,-164.0,-17.0,-4.0,-39.0,-10.0,-28.0,-5.0,-8.0,-8.0,-23.0,-1.0,-4.0,0.0,-1.0,-1.0,0.0,589.0,101.0,26.0,101.0,50.0,86.0,43.0,36.0,29.0,43.0,8.0,33.0,1.0,6.0,2.0,0.0,-164.0,-17.0,-4.0,-39.0,-10.0,-28.0,-5.0,-8.0,-8.0,-23.0,-1.0,-4.0,0.0,-1.0,-1.0,0.0
1963-06-30,589.0,101.0,26.0,101.0,50.0,86.0,43.0,36.0,29.0,43.0,8.0,33.0,1.0,6.0,2.0,0.0,-164.0,-17.0,-4.0,-39.0,-10.0,-28.0,-5.0,-8.0,-8.0,-23.0,-1.0,-4.0,0.0,-1.0,-1.0,0.0,589.0,101.0,26.0,101.0,50.0,86.0,43.0,36.0,29.0,43.0,8.0,33.0,1.0,6.0,2.0,0.0,-164.0,-17.0,-4.0,-39.0,-10.0,-28.0,-5.0,-8.0,-8.0,-23.0,-1.0,-4.0,0.0,-1.0,-1.0,0.0
1963-07-01,882.0,158.0,42.0,146.0,77.0,127.0,69.0,54.0,44.0,57.0,12.0,52.0,2.0,9.0,2.0,0.0,-228.0,-24.0,-5.0,-55.0,-14.0,-39.0,-7.0,-11.0,-11.0,-32.0,-1.0,-6.0,-1.0,-1.0,-1.0,0.0,882.0,158.0,42.0,146.0,77.0,127.0,69.0,54.0,44.0,57.0,12.0,52.0,2.0,9.0,2.0,0.0,-228.0,-24.0,-5.0,-55.0,-14.0,-39.0,-7.0,-11.0,-11.0,-32.0,-1.0,-6.0,-1.0,-1.0,-1.0,0.0
1963-07-02,882.0,158.0,42.0,146.0,77.0,127.0,69.0,54.0,44.0,57.0,12.0,52.0,2.0,9.0,2.0,0.0,-228.0,-24.0,-5.0,-55.0,-14.0,-39.0,-7.0,-11.0,-11.0,-32.0,-1.0,-6.0,-1.0,-1.0,-1.0,0.0,882.0,158.0,42.0,146.0,77.0,127.0,69.0,54.0,44.0,57.0,12.0,52.0,2.0,9.0,2.0,0.0,-228.0,-24.0,-5.0,-55.0,-14.0,-39.0,-7.0,-11.0,-11.0,-32.0,-1.0,-6.0,-1.0,-1.0,-1.0,0.0
1963-07-03,882.0,158.0,42.0,146.0,77.0,127.0,69.0,54.0,44.0,57.0,12.0,52.0,2.0,9.0,2.0,0.0,-228.0,-24.0,-5.0,-55.0,-14.0,-39.0,-7.0,-11.0,-11.0,-32.0,-1.0,-6.0,-1.0,-1.0,-1.0,0.0,882.0,158.0,42.0,146.0,77.0,127.0,69.0,54.0,44.0,57.0,12.0,52.0,2.0,9.0,2.0,0.0,-228.0,-24.0,-5.0,-55.0,-14.0,-39.0,-7.0,-11.0,-11.0,-32.0,-1.0,-6.0,-1.0,-1.0,-1.0,0.0
1963-07-04,882.0,158.0,42.0,146.0,77.0,127.0,69.0,54.0,44.0,57.0,12.0,52.0,2.0,9.0,2.0,0.0,-228.0,-24.0,-5.0,-55.0,-14.0,-39.0,-7.0,-11.0,-11.0,-32.0,-1.0,-6.0,-1.0,-1.0,-1.0,0.0,882.0,158.0,42.0,146.0,77.0,127.0,69.0,54.0,44.0,57.0,12.0,52.0,2.0,9.0,2.0,0.0,-228.0,-24.0,-5.0,-55.0,-14.0,-39.0,-7.0,-11.0,-11.0,-32.0,-1.0,-6.0,-1.0,-1.0,-1.0,0.0
1963-07-05,882.0,158.0,42.0,146.0,77.0,127.0,69.0,54.0,44.0,57.0,12.0,52.0,2.0,9.0,2.0,0.0,-228.0,-24.0,-5.0,-55.0,-14.0,-39.0,-7.0,-11.0,-11.0,-32.0,-1.0,-6.0,-1.0,-1.0,-1.0,0.0,882.0,158.0,42.0,146.0,77.0,127.0,69.0,54.0,44.0,57.0,12.0,52.0,2.0,9.0,2.0,0.0,-228.0,-24.0,-5.0,-55.0,-14.0,-39.0,-7.0,-11.0,-11.0,-32.0,-1.0,-6.0,-1.0,-1.0,-1.0,0.0
1963-07-06,882.0,158.0,42.0,146.0,77.0,127.0,69.0,54.0,44.0,57.0,12.0,52.0,2.0,9.0,2.0,0.0,-228.0,-24.0,-5.0,-55.0,-14.0,-39.0,-7.0,-11.0,-11.0,-32.0,-1.0,-6.0,-1.0,-1.0,-1.0,0.0,882.0,158.0,42.0,146.0,77.0,127.0,69.0,54.0,44.0,57.0,12.0,52.0,2.0,9.0,2.0,0.0,-228.0,-24.0,-5.0,-55.0,-14.0,-39.0,-7.0,-11.0,-11.0,-32.0,-1.0,-6.0,-1.0,-1.0,-1.0,0.0
1963-07-07,882.0,158.0,42.0,146.0,77.0,127.0,69.0,54.0,44.0,57.0,12.0,52.0,2.0,9.0,2.0,0.0,-228.0,-24.0,-5.0,-55.0,-14.0,-39.0,-7.0,-11.0,-11.0,-32.0,-1.0,-6.0,-1.0,-1.0,-1.0,0.0,882.0,158.0,42.0,146.0,77.0,127.0,69.0,54.0,44.0,57.0,12.0,52.0,2.0,9.0,2.0,0.0,-228.0,-24.0,-5.0,-55.0,-14.0,-39.0,-7.0,-11.0,-11.0,-32.0,-1.0,-6.0,-1.0,-1.0,-1.0,0.0
1963-07-08,882.0,158.0,42.0,146.0,77.0,127.0,69.0,54.0,44.0,57.0,12.0,52.0,2.0,9.0,2.0,0.0,-228.0,-24.0,-5.0,-55.0,-14.0,-39.0,-7.0,-11.0,-11.0,-32.0,-1.0,-6.0,-1.0,-1.0,-1.0,0.0,882.0,158.0,42.0,146.0,77.0,127.0,69.0,54.0,44.0,57.0,12.0,52.0,2.0,9.0,2.0,0.0,-228.0,-24.0,-5.0,-55.0,-14.0,-39.0,-7.0,-11.0,-11.0,-32.0,-1.0,-6.0,-1.0,-1.0,-1.0,0.0
1963-07-09,882.0,158.0,42.0,146.0,77.0,127.0,69.0,54.0,44.0,57.0,12.0,52.0,2.0,9.0,2.0,0.0,-228.0,-24.0,-5.0,-55.0,-14.0,-39.0,-7.0,-11.0,-11.0,-32.0,-1.0,-6.0,-1.0,-1.0,-1.0,0.0,882.0,158.0,42.0,146.0,77.0,127.0,69.0,54.0,44.0,57.0,12.0,52.0,2.0,9.0,2.0,0.0,-228.0,-24.0,-5.0,-55.0,-14.0,-39.0,-7.0,-11.0,-11.0,-32.0,-1.0,-6.0,-1.0,-1.0,-1.0,0.0
1963-07-10,882.0,158.0,42.0,146.0,77.0,127.0,69.0,54.0,44.0,57.0,12.0,52.0,2.0,9.0,2.0,0.0,-228.0,-24.0,-5.0,-55.0,-14.0,-39.0,-7.0,-11.0,-11.0,-32.0,-1.0,-6.0,-1.0,-1.0,-1.0,0.0,882.0,158.0,42.0,146.0,77.0,127.0,69.0,54.0,44.0,57.0,12.0,52.0,2.0,9.0,2.0,0.0,-228.0,-24.0,-5.0,-55.0,-14.0,-39.0,-7.0,-11.0,-11.0,-32.0,-1.0,-6.0,-1.0,-1.0,-1.0,0.0
1963-07-11,882.0,158.0,42.0,146.0,77.0,127.0,69.0,54.0,44.0,57.0,12.0,52.0,2.0,9.0,2.0,0.0,-228.0,-24.0,-5.0,-55.0,-14.0,-39.0,-7.0,-11.0,-11.0,-32.0,-1.0,-6.0,-1.0,-1.0,-1.0,0.0,882.0,158.0,42.0,146.0,77.0,127.0,69.0,54.0,44.0,57.0,12.0,52.0,2.0,9.0,2.0,0.0,-228.0,-24.0,-5.0,-55.0,-14.0,-39.0,-7.0,-11.0,-11.0,-32.0,-1.0,-6.0,-1.0,-1.0,-1.0,0.0
1963-07-12,882.0,158.0,42.0,146.0,77.0,127.0,69.0,54.0,44.0,57.0,12.0,52.0,2.0,9.0,2.0,0.0,-228.0,-24.0,-5.0,-55.0,-14.0,-39.0,-7.0,-11.0,-11.0,-32.0,-1.0,-6.0,-1.0,-1.0,-1.0,0.0,882.0,158.0,42.0,146.0,77.0,127.0,69.0,54.0,44.0,57.0,12.0,52.0,2.0,9.0,2.0,0.0,-228.0,-24.0,-5.0,-55.0,-14.0,-39.0,-7.0,-11.0,-11.0,-32.0,-1.0,-6.0,-1.0,-1.0,-1.0,0.0
1963-07-13,882.0,158.0,42.0,146.0,77.0,127.0,69.0,54.0,44.0,57.0,12.0,52.0,2.0,9.0,2.0,0.0,-228.0,-24.0,-5.0,-55.0,-14.0,-39.0,-7.0,-11.0,-11.0,-32.0,-1.0,-6.0,-1.0,-1.0,-1.0,0.0,882.0,158.0,42.0,146.0,77.0,127.0,69.0,54.0,44.0,57.0,12.0,52.0,2.0,9.0,2.0,0.0,-228.0,-24.0,-5.0,-55.0,-14.0,-39.0,-7.0,-11.0,-11.0,-32.0,-1.0,-6.0,-1.0,-1.0,-1.0,0.0
1963-07-14,882.0,158.0,42.0,146.0,77.0,127.0,69.0,54.0,44.0,57.0,12.0,52.0,2.0,9.0,2.0,0.0,-228.0,-24.0,-5.0,-55.0,-14.0,-39.0,-7.0,-11.0,-11.0,-32.0,-1.0,-6.0,-1.0,-1.0,-1.0,0.0,882.0,158.0,42.0,146.0,77.0,127.0,69.0,54.0,44.0,57.0,12.0,52.0,2.0,9.0,2.0,0.0,-228.0,-24.0,-5.0,-55.0,-14.0,-39.0,-7.0,-11.0,-11.0,-32.0,-1.0,-6.0,-1.0,-1.0,-1.0,0.0
1963-07-15,882.0,158.0,42.0,146.0,77.0,127.0,69.0,54.0,44.0,57.0,12.0,52.0,2.0,9.0,2.0,0.0,-228.0,-24.0,-5.0,-55.0,-14.0,-39.0,-7.0,-11.0,-11.0,-32.0,-1.0,-6.0,-1.0,-1.0,-1.0,0.0,882.0,158.0,42.0,146.0,77.0,127.0,69.0,54.0,44.0,57.0,12.0,52.0,2.0,9.0,2.0,0.0,-228.0,-24.0,-5.0,-55.0,-14.0,-39.0,-7.0,-11.0,-11.0,-32.0,-1.0,-6.0,-1.0,-1.0,-1.0,0.0
1963-07-16,882.0,158.0,42.0,146.0,77.0,127.0,69.0,54.0,44.0,57.0,12.0,52.0,2.0,9.0,2.0,0.0,-228.0,-24.0,-5.0,-55.0,-14.0,-39.0,-7.0,-11.0,-11.0,-32.0,-1.0,-6.0,-1.0,-1.0,-1.0,0.0,882.0,158.0,42.0,146.0,77.0,127.0,69.0,54.0,44.0,57.0,12.0,52.0,2.0,9.0,2.0,0.0,-228.0,-24.0,-5.0,-55.0,-14.0,-39.0,-7.0,-11.0,-11.0,-32.0,-1.0,-6.0,-1.0,-1.0,-1.0,0.0
1963-07-17,882.0,158.0,42.0,146.0,77.0,127.0,69.0,54.0,44.0,57.0,12.0,52.0,2.0,9.0,2.0,0.0,-228.0,-24.0,-5.0,-55.0,-14.0,-39.0,-7.0,-11.0,-11.0,-32.0,-1.0,-6.0,-1.0,-1.0,-1.0,0.0,882.0,158.0,42.0,146.0,77.0,127.0,69.0,54.0,44.0,57.0,12.0,52.0,2.0,9.0,2.0,0.0,-228.0,-24.0,-5.0,-55.0,-14.0,-39.0,-7.0,-11.0,-11.0,-32.0,-1.0,-6.0,-1.0,-1.0,-1.0,0.0
1963-07-18,882.0,158.0,42.0,146.0,77.0,127.0,69.0,54.0,44.0,57.0,12.0,52.0,2.0,9.0,2.0,0.0,-228.0,-24.0,-5.0,-55.0,-14.0,-39.0,-7.0,-11.0,-11.0,-32.0,-1.0,-6.0,-1.0,-1.0,-1.0,0.0,882.0,158.0,42.0,146.0,77.0,127.0,69.0,54.0,44.0,57.0,12.0,52.0,2.0,9.0,2.0,0.0,-228.0,-24.0,-5.0,-55.0,-14.0,-39.0,-7.0,-11.0,-11.0,-32.0,-1.0,-6.0,-1.0,-1.0,-1.0,0.0
1963-07-19,882.0,158.0,42.0,146.0,77.0,127.0,69.0,54.0,44.0,57.0,12.0,52.0,2.0,9.0,2.0,0.0,-228.0,-24.0,-5.0,-55.0,-14.0,-39.0,-7.0,-11.0,-11.0,-32.0,-1.0,-6.0,-1.0,-1.0,-1.0,0.0,882.0,158.0,42.0,146.0,77.0,127.0,69.0,54.0,44.0,57.0,12.0,52.0,2.0,9.0,2.0,0.0,-228.0,-24.0,-5.0,-55.0,-14.0,-39.0,-7.0,-11.0,-11.0,-32.0,-1.0,-6.0,-1.0,-1.0,-1.0,0.0
1963-07-20,882.0,158.0,42.0,146.0,77.0,127.0,69.0,54.0,44.0,57.0,12.0,52.0,2.0,9.0,2.0,0.0,-228.0,-24.0,-5.0,-55.0,-14.0,-39.0,-7.0,-11.0,-11.0,-32.0,-1.0,-6.0,-1.0,-1.0,-1.0,0.0,882.0,158.0,42.0,146.0,77.0,127.0,69.0,54.0,44.0,57.0,12.0,52.0,2.0,9.0,2.0,0.0,-228.0,-24.0,-5.0,-55.0,-14.0,-39.0,-7.0,-11.0,-11.0,-32.0,-1.0,-6.0,-1.0,-1.0,-1.0,0.0
1963-07-21,882.0,158.0,42.0,146.0,77.0,127.0,69.0,54.0,44.0,57.0,12.0,52.0,2.0,9.0,2.0,0.0,-228.0,-24.0,-5.0,-55.0,-14.0,-39.0,-7.0,-11.0,-11.0,-32.0,-1.0,-6.0,-1.0,-1.0,-1.0,0.0,882.0,158.0,42.0,146.0,77.0,127.0,69.0,54.0,44.0,57.0,12.0,52.0,2.0,9.0,2.0,0.0,-228.0,-24.0,-5.0,-55.0,-14.0,-39.0,-7.0,-11.0,-11.0,-32.0,-1.0,-6.0,-1.0,-1.0,-1.0,0.0
1963-07-22,882.0,158.0,42.0,146.0,77.0,127.0,69.0,54.0,44.0,57.0,12.0,52.0,2.0,9.0,2.0,0.0,-228.0,-24.0,-5.0,-55.0,-14.0,-39.0,-7.0,-11.0,-11.0,-32.0,-1.0,-6.0,-1.0,-1.0,-1.0,0.0,882.0,158.0,42.0,146.0,77.0,127.0,69.0,54.0,44.0,57.0,12.0,52.0,2.0,9.0,2.0,0.0,-228.0,-24.0,-5.0,-55.0,-14.0,-39.0,-7.0,-11.0,-11.0,-32.0,-1.0,-6.0,-1.0,-1.0,-1.0,0.0
1963-07-23,882.0,158.0,42.0,146.0,77.0,127.0,69.0,54.0,44.0,57.0,12.0,52.0,2.0,9.0,2.0,0.0,-228.0,-24.0,-5.0,-55.0,-14.0,-39.0,-7.0,-11.0,-11.0,-32.0,-1.0,-6.0,-1.0,-1.0,-1.0,0.0,882.0,158.0,42.0,146.0,77.0,127.0,69.0,54.0,44.0,57.0,12.0,52.0,2.0,9.0,2.0,0.0,-228.0,-24.0,-5.0,-55.0,-14.0,-39.0,-7.0,-11.0,-11.0,-32.0,-1.0,-6.0,-1.0,-1.0,-1.0,0.0
1963-07-24,882.0,158.0,42.0,146.0,77.0,127.0,69.0,54.0,44.0,57.0,12.0,52.0,2.0,9.0,2.0,0.0,-228.0,-24.0,-5.0,-55.0,-14.0,-39.0,-7.0,-11.0,-11.0,-32.0,-1.0,-6.0,-1.0,-1.0,-1.0,0.0,882.0,158.0,42.0,146.0,77.0,127.0,69.0,54.0,44.0,57.0,12.0,52.0,2.0,9.0,2.0,0.0,-228.0,-24.0,-5.0,-55.0,-14.0,-39.0,-7.0,-11.0,-11.0,-32.0,-1.0,-6.0,-1.0,-1.0,-1.0,0.0
1963-07-25,882.0,158.0,42.0,146.0,77.0,127.0,69.0,54.0,44.0,57.0,12.0,52.0,2.0,9.0,2.0,0.0,-228.0,-24.0,-5.0,-55.0,-14.0,-39.0,-7.0,-11.0,-11.0,-32.0,-1.0,-6.0,-1.0,-1.0,-1.0,0.0,882.0,158.0,42.0,146.0,77.0,127.0,69.0,54.0,44.0,57.0,12.0,52.0,2.0,9.0,2.0,0.0,-228.0,-24.0,-5.0,-55.0,-14.0,-39.0,-7.0,-11.0,-11.0,-32.0,-1.0,-6.0,-1.0,-1.0,-1.0,0.0
1963-07-26,882.0,158.0,42.0,146.0,77.0,127.0,69.0,54.0,44.0,57.0,12.0,52.0,2.0,9.0,2.0,0.0,-228.0,-24.0,-5.0,-55.0,-14.0,-39.0,-7.0,-11.0,-11.0,-32.0,-1.0,-6.0,-1.0,-1.0,-1.0,0.0,882.0,158.0,42.0,146.0,77.0,127.0,69.0,54.0,44.0,57.0,12.0,52.0,2.0,9.0,2.0,0.0,-228.0,-24.0,-5.0,-55.0,-14.0,-39.0,-7.0,-11.0,-11.0,-32.0,-1.0,-6.0,-1.0,-1.0,-1.0,0.0
1963-07-27,882.0,158.0,42.0,146.0,77.0,127.0,69.0,54.0,44.0,57.0,12.0,52.0,2.0,9.0,2.0,0.0,-228.0,-24.0,-5.0,-55.0,-14.0,-39.0,-7.0,-11.0,-11.0,-32.0,-1.0,-6.0,-1.0,-1.0,-1.0,0.0,882.0,158.0,42.0,146.0,77.0,127.0,69.0,54.0,44.0,57.0,12.0,52.0,2.0,9.0,2.0,0.0,-228.0,-24.0,-5.0,-55.0,-14.0,-39.0,-7.0,-11.0,-11.0,-32.0,-1.0,-6.0,-1.0,-1.0,-1.0,0.0
1963-07-28,882.0,158.0,42.0,146.0,77.0,127.0,69.0,54.0,44.0,57.0,12.0,52.0,2.0,9.0,2.0,0.0,-228.0,-24.0,-5.0,-55.0,-14.0,-39.0,-7.0,-11.0,-11.0,-32.0,-1.0,-6.0,-1.0,-1.0,-1.0,0.0,882.0,158.0,42.0,146.0,77.0,127.0,69.0,54.0,44.0,57.0,12.0,52.0,2.0,9.0,2.0,0.0,-228.0,-24.0,-5.0,-55.0,-14.0,-39.0,-7.0,-11.0,-11.0,-32.0,-1.0,-6.0,-1.0,-1.0,-1.0,0.0
1963-07-29,882.0,158.0,42.0,146.0,77.0,127.0,69.0,54.0,44.0,57.0,12.0,52.0,2.0,9.0,2.0,0.0,-228.0,-24.0,-5.0,-55.0,-14.0,-39.0,-7.0,-11.0,-11.0,-32.0,-1.0,-6.0,-1.0,-1.0,-1.0,0.0,882.0,158.0,42.0,146.0,77.0,127.0,69.0,54.0,44.0,57.0,12.0,52.0,2.0,9.0,2.0,0.0,-228.0,-24.0,-5.0,-55.0,-14.0,-39.0,-7.0,-11.0,-11.0,-32.0,-1.0,-6.0,-1.0,-1.0,-1.0,0.0
1963-07-30,882.0,158.0,42.0,146.0,77.0,127.0,69.0,54.0,44.0,57.0,12.0,52.0,2.0,9.0,2.0,0.0,-228.0,-24.0,-5.0,-55.0,-14.0,-39.0,-7.0,-11.0,-11.0,-32.0,-1.0,-6.0,-1.0,-1.0,-1.0,0.0,882.0,158.0,42.0,146.0,77.0,127.0,69.0,54.0,44.0,57.0,12.0,52.0,2.0,9.0,2.0,0.0,-228.0,-24.0,-5.0,-55.0,-14.0,-39.0,-7.0,-11.0,-11.0,-32.0,-1.0,-6.0,-1.0,-1.0,-1.0,0.0
1963-07-31,882.0,158.0,42.0,146.0,77.0,127.0,69.0,54.0,44.0,57.0,12.0,52.0,2.0,9.0,2.0,0.0,-228.0,-24.0,-5.0,-55.0,-14.0,-39.0,-7.0,-11.0,-11.0,-32.0,-1.0,-6.0,-1.0,-1.0,-1.0,0.0,882.0,158.0,42.0,146.0,77.0,127.0,69.0,54.0,44.0,57.0,12.0,52.0,2.0,9.0,2.0,0.0,-228.0,-24.0,-5.0,-55.0,-14.0,-39.0,-7.0,-11.0,-11.0,-32.0,-1.0,-6.0,-1.0,-1.0,-1.0,0.0
1963-08-01,772.0,130.0,34.0,136.0,64.0,115.0,55.0,45.0,38.0,59.0,10.0,42.0,2.0,7.0,2.0,0.0,-235.0,-25.0,-5.0,-57.0,-14.0,-40.0,-8.0,-12.0,-11.0,-33.0,-1.0,-6.0,-1.0,-1.0,-1.0,0.0,772.0,130.0,34.0,136.0,64.0,115.0,55.0,45.0,38.0,59.0,10.0,42.0,2.0,7.0,2.0,0.0,-235.0,-25.0,-5.0,-57.0,-14.0,-40.0,-8.0,-12.0,-11.0,-33.0,-1.0,-6.0,-1.0,-1.0,-1.0,0.0
1963-08-02,772.0,130.0,34.0,136.0,64.0,115.0,55.0,45.0,38.0,59.0,10.0,42.0,2.0,7.0,2.0,0.0,-235.0,-25.0,-5.0,-57.0,-14.0,-40.0,-8.0,-12.0,-11.0,-33.0,-1.0,-6.0,-1.0,-1.0,-1.0,0.0,772.0,130.0,34.0,136.0,64.0,115.0,55.0,45.0,38.0,59.0,10.0,42.0,2.0,7.0,2.0,0.0,-235.0,-25.0,-5.0,-57.0,-14.0,-40.0,-8.0,-12.0,-11.0,-33.0,-1.0,-6.0,-1.0,-1.0,-1.0,0.0
1963-08-03,772.0,130.0,34.0,136.0,64.0,115.0,55.0,45.0,38.0,59.0,10.0,42.0,2.0,7.0,2.0,0.0,-235.0,-25.0,-5.0,-57.0,-14.0,-40.0,-8.0,-12.0,-11.0,-33.0,-1.0,-6.0,-1.0,-1.0,-1.0,0.0,772.0,130.0,34.0,136.0,64.0,115.0,55.0,45.0,38.0,59.0,10.0,42.0,2.0,7.0,2.0,0.0,-235.0,-25.0,-5.0,-57.0,-14.0,-40.0,-8.0,-12.0,-11.0,-33.0,-1.0,-6.0,-1.0,-1.0,-1.0,0.0
1963-08-04,772.0,130.0,34.0,136.0,64.0,115.0,55.0,45.0,38.0,59.0,10.0,42.0,2.0,7.0,2.0,0.0,-235.0,-25.0,-5.0,-57.0,-14.0,-40.0,-8.0,-12.0,-11.0,-33.0,-1.0,-6.0,-1.0,-1.0,-1.0,0.0,772.0,130.0,34.0,136.0,64.0,115.0,55.0,45.0,38.0,59.0,10.0,42.0,2.0,7.0,2.0,0.0,-235.0,-25.0,-5.0,-57.0,-14.0,-40.0,-8.0,-12.0,-11.0,-33.0,-1.0,-6.0,-1.0,-1.0,-1.0,0.0
1963-08-05,772.0,130.0,34.0,136.0,64.0,115.0,55.0,45.0,38.0,59.0,10.0,42.0,2.0,7.0,2.0,0.0,-235.0,-25.0,-5.0,-57.0,-14.0,-40.0,-8.0,-12.0,-11.0,-33.0,-1.0,-6.0,-1.0,-1.0,-1.0,0.0,772.0,130.0,34.0,136.0,64.0,115.0,55.0,45.0,38.0,59.0,10.0,42.0,2.0,7.0,2.0,0.0,-235.0,-25.0,-5.0,-57.0,-14.0,-40.0,-8.0,-12.0,-11.0,-33.0,-1.0,-6.0,-1.0,-1.0,-1.0,0.0
1963-08-06,772.0,130.0,34.0,136.0,64.0,115.0,55.0,45.0,38.0,59.0,10.0,42.0,2.0,7.0,2.0,0.0,-235.0,-25.0,-5.0,-57.0,-14.0,-40.0,-8.0,-12.0,-11.0,-33.0,-1.0,-6.0,-1.0,-1.0,-1.0,0.0,772.0,130.0,34.0,136.0,64.0,115.0,55.0,45.0,38.0,59.0,10.0,42.0,2.0,7.0,2.0,0.0,-235.0,-25.0,-5.0,-57.0,-14.0,-40.0,-8.0,-12.0,-11.0,-33.0,-1.0,-6.0,-1.0,-1.0,-1.0,0.0
1963-08-07,772.0,130.0,34.0,136.0,64.0,115.0,55.0,45.0,38.0,59.0,10.0,42.0,2.0,7.0,2.0,0.0,-235.0,-25.0,-5.0,-57.0,-14.0,-40.0,-8.0,-12.0,-11.0,-33.0,-1.0,-6.0,-1.0,-1.0,-1.0,0.0,772.0,130.0,34.0,136.0,64.0,115.0,55.0,45.0,38.0,59.0,10.0,42.0,2.0,7.0,2.0,0.0,-235.0,-25.0,-5.0,-57.0,-14.0,-40.0,-8.0,-12.0,-11.0,-33.0,-1.0,-6.0,-1.0,-1.0,-1.0,0.0
1963-08-08,772.0,130.0,34.0,136.0,64.0,115.0,55.0,45.0,38.0,59.0,10.0,42.0,2.0,7.0,2.0,0.0,-235.0,-25.0,-5.0,-57.0,-14.0,-40.0,-8.0,-12.0,-11.0,-33.0,-1.0,-6.0,-1.0,-1.0,-1.0,0.0,772.0,130.0,34.0,136.0,64.0,115.0,55.0,45.0,38.0,59.0,10.0,42.0,2.0,7.0,2.0,0.0,-235.0,-25.0,-5.0,-57.0,-14.0,-40.0,-8.0,-12.0,-11.0,-33.0,-1.0,-6.0,-1.0,-1.0,-1.0,0.0
1963-08-09,772.0,130.0,34.0,136.0,64.0,115.0,55.0,45.0,38.0,59.0,10.0,42.0,2.0,7.0,2.0,0.0,-235.0,-25.0,-5.0,-57.0,-14.0,-40.0,-8.0,-12.0,-11.0,-33.0,-1.0,-6.0,-1.0,-1.0,-1.0,0.0,772.0,130.0,34.0,136.0,64.0,115.0,55.0,45.0,38.0,59.0,10.0,42.0,2.0,7.0,2.0,0.0,-235.0,-25.0,-5.0,-57.0,-14.0,-40.0,-8.0,-12.0,-11.0,-33.0,-1.0,-6.0,-1.0,-1.0,-1.0,0.0
1963-08-10,772.0,130.0,34.0,136.0,64.0,115.0,55.0,45.0,38.0,59.0,10.0,42.0,2.0,7.0,2.0,0.0,-235.0,-25.0,-5.0,-57.0,-14.0,-40.0,-8.0,-12.0,-11.0,-33.0,-1.0,-6.0,-1.0,-1.0,-1.0,0.0,772.0,130.0,34.0,136.0,64.0,115.0,55.0,45.0,38.0,59.0,10.0,42.0,2.0,7.0,2.0,0.0,-235.0,-25.0,-5.0,-57.0,-14.0,-40.0,-8.0,-12.0,-11.0,-33.0,-1.0,-6.0,-1.0,-1.0,-1.0,0.0
1963-08-11,772.0,130.0,34.0,136.0,64.0,115.0,55.0,45.0,38.0,59.0,10.0,42.0,2.0,7.0,2.0,0.0,-235.0,-25.0,-5.0,-57.0,-14.0,-40.0,-8.0,-12.0,-11.0,-33.0,-1.0,-6.0,-1.0,-1.0,-1.0,0.0,772.0,130.0,34.0,136.0,64.0,115.0,55.0,45.0,38.0,59.0,10.0,42.0,2.0,7.0,2.0,0.0,-235.0,-25.0,-5.0,-57.0,-14.0,-40.0,-8.0,-12.0,-11.0,-33.0,-1.0,-6.0,-1.0,-1.0,-1.0,0.0
1963-08-12,772.0,130.0,34.0,136.0,64.0,115.0,55.0,45.0,38.0,59.0,10.0,42.0,2.0,7.0,2.0,0.0,-235.0,-25.0,-5.0,-57.0,-14.0,-40.0,-8.0,-12.0,-11.0,-33.0,-1.0,-6.0,-1.0,-1.0,-1.0,0.0,772.0,130.0,34.0,136.0,64.0,115.0,55.0,45.0,38.0,59.0,10.0,42.0,2.0,7.0,2.0,0.0,-235.0,-25.0,-5.0,-57.0,-14.0,-40.0,-8.0,-12.0,-11.0,-33.0,-1.0,-6.0,-1.0,-1.0,-1.0,0.0
1963-08-13,772.0,130.0,34.0,136.0,64.0,115.0,55.0,45.0,38.0,59.0,10.0,42.0,2.0,7.0,2.0,0.0,-235.0,-25.0,-5.0,-57.0,-14.0,-40.0,-8.0,-12.0,-11.0,-33.0,-1.0,-6.0,-1.0,-1.0,-1.0,0.0,772.0,130.0,34.0,136.0,64.0,115.0,55.0,45.0,38.0,59.0,10.0,42.0,2.0,7.0,2.0,0.0,-235.0,-25.0,-5.0,-57.0,-14.0,-40.0,-8.0,-12.0,-11.0,-33.0,-1.0,-6.0,-1.0,-1.0,-1.0,0.0
1963-08-14,772.0,130.0,34.0,136.0,64.0,115.0,55.0,45.0,38.0,59.0,10.0,42.0,2.0,7.0,2.0,0.0,-235.0,-25.0,-5.0,-57.0,-14.0,-40.0,-8.0,-12.0,-11.0,-33.0,-1.0,-6.0,-1.0,-1.0,-1.0,0.0,772.0,130.0,34.0,136.0,64.0,115.0,55.0,45.0,38.0,59.0,10.0,42.0,2.0,7.0,2.0,0.0,-235.0,-25.0,-5.0,-57.0,-14.0,-40.0,-8.0,-12.0,-11.0,-33.0,-1.0,-6.0,-1.0,-1.0,-1.0,0.0
1963-08-15,772.0,130.0,34.0,136.0,64.0,115.0,55.0,45.0,38.0,59.0,10.0,42.0,2.0,7.0,2.0,0.0,-235.0,-25.0,-5.0,-57.0,-14.0,-40.0,-8.0,-12.0,-11.0,-33.0,-1.0,-6.0,-1.0,-1.0,-1.0,0.0,772.0,130.0,34.0,136.0,64.0,115.0,55.0,45.0,38.0,59.0,10.0,42.0,2.0,7.0,2.0,0.0,-235.0,-25.0,-5.0,-57.0,-14.0,-40.0,-8.0,-12.0,-11.0,-33.0,-1.0,-6.0,-1.0,-1.0,-1.0,0.0
1963-08-16,772.0,130.0,34.0,136.0,64.0,115.0,55.0,45.0,38.0,59.0,10.0,42.0,2.0,7.0,2.0,0.0,-235.0,-25.0,-5.0,-57.0,-14.0,-40.0,-8.0,-12.0,-11.0,-33.0,-1.0,-6.0,-1.0,-1.0,-1.0,0.0,772.0,130.0,34.0,136.0,64.0,115.0,55.0,45.0,38.0,59.0,10.0,42.0,2.0,7.0,2.0,0.0,-235.0,-25.0,-5.0,-57.0,-14.0,-40.0,-8.0,-12.0,-11.0,-33.0,-1.0,-6.0,-1.0,-1.0,-1.0,0.0
1963-08-17,772.0,130.0,34.0,136.0,64.0,115.0,55.0,45.0,38.0,59.0,10.0,42.0,2.0,7.0,2.0,0.0,-235.0,-25.0,-5.0,-57.0,-14.0,-40.0,-8.0,-12.0,-11.0,-33.0,-1.0,-6.0,-1.0,-1.0,-1.0,0.0,772.0,130.0,34.0,136.0,64.0,115.0,55.0,45.0,38.0,59.0,10.0,42.0,2.0,7.0,2.0,0.0,-235.0,-25.0,-5.0,-57.0,-14.0,-40.0,-8.0,-12.0,-11.0,-33.0,-1.0,-6.0,-1.0,-1.0,-1.0,0.0
1963-08-18,772.0,130.0,34.0,136.0,64.0,115.0,55.0,45.0,38.0,59.0,10.0,42.0,2.0,7.0,2.0,0.0,-235.0,-25.0,-5.0,-57.0,-14.0,-40.0,-8.0,-12.0,-11.0,-33.0,-1.0,-6.0,-1.0,-1.0,-1.0,0.0,772.0,130.0,34.0,136.0,64.0,115.0,55.0,45.0,38.0,59.0,10.0,42.0,2.0,7.0,2.0,0.0,-235.0,-25.0,-5.0,-57.0,-14.0,-40.0,-8.0,-12.0,-11.0,-33.0,-1.0,-6.0,-1.0,-1.0,-1.0,0.0
1963-08-19,772.0,130.0,34.0,136.0,64.0,115.0,55.0,45.0,38.0,59.0,10.0,42.0,2.0,7.0,2.0,0.0,-235.0,-25.0,-5.0,-57.0,-14.0,-40.0,-8.0,-12.0,-11.0,-33.0,-1.0,-6.0,-1.0,-1.0,-1.0,0.0,772.0,130.0,34.0,136.0,64.0,115.0,55.0,45.0,38.0,59.0,10.0,42.0,2.0,7.0,2.0,0.0,-235.0,-25.0,-5.0,-57.0,-14.0,-40.0,-8.0,-12.0,-11.0,-33.0,-1.0,-6.0,-1.0,-1.0,-1.0,0.0
1963-08-20,772.0,130.0,34.0,136.0,64.0,115.0,55.0,45.0,38.0,59.0,10.0,42.0,2.0,7.0,2.0,0.0,-235.0,-25.0,-5.0,-57.0,-14.0,-40.0,-8.0,-12.0,-11.0,-33.0,-1.0,-6.0,-1.0,-1.0,-1.0,0.0,772.0,130.0,34.0,136.0,64.0,115.0,55.0,45.0,38.0,59.0,10.0,42.0,2.0,7.0,2.0,0.0,-235.0,-25.0,-5.0,-57.0,-14.0,-40.0,-8.0,-12.0,-11.0,-33.0,-1.0,-6.0,-1.0,-1.0,-1.0,0.0
1963-08-21,772.0,130.0,34.0,136.0,64.0,115.0,55.0,45.0,38.0,59.0,10.0,42.0,2.0,7.0,2.0,0.0,-235.0,-25.0,-5.0,-57.0,-14.0,-40.0,-8.0,-12.0,-11.0,-33.0,-1.0,-6.0,-1.0,-1.0,-1.0,0.0,772.0,130.0,34.0,136.0,64.0,115.0,55.0,45.0,38.0,59.0,10.0,42.0,2.0,7.0,2.0,0.0,-235.0,-25.0,-5.0,-57.0,-14.0,-40.0,-8.0,-12.0,-11.0,-33.0,-1.0,-6.0,-1.0,-1.0,-1.0,0.0
1963-08-22,772.0,130.0,34.0,136.0,64.0,115.0,55.0,45.0,38.0,59.0,10.0,42.0,2.0,7.0,2.0,0.0,-235.0,-25.0,-5.0,-57.0,-14.0,-40.0,-8.0,-12.0,-11.0,-33.0,-1.0,-6.0,-1.0,-1.0,-1.0,0.0,772.0,130.0,34.0,136.0,64.0,115.0,55.0,45.0,38.0,59.0,10.0,42.0,2.0,7.0,2.0,0.0,-235.0,-25.0,-5.0,-57.0,-14.0,-40.0,-8.0,-12.0,-11.0,-33.0,-1.0,-6.0,-1.0,-1.0,-1.0,0.0
1963-08-23,772.0,130.0,34.0,136.0,64.0,115.0,55.0,45.0,38.0,59.0,10.0,42.0,2.0,7.0,2.0,0.0,-235.0,-25.0,-5.0,-57.0,-14.0,-40.0,-8.0,-12.0,-11.0,-33.0,-1.0,-6.0,-1.0,-1.0,-1.0,0.0,772.0,130.0,34.0,136.0,64.0,115.0,55.0,45.0,38.0,59.0,10.0,42.0,2.0,7.0,2.0,0.0,-235.0,-25.0,-5.0,-57.0,-14.0,-40.0,-8.0,-12.0,-11.0,-33.0,-1.0,-6.0,-1.0,-1.0,-1.0,0.0
1963-08-24,772.0,130.0,34.0,136.0,64.0,115.0,55.0,45.0,38.0,59.0,10.0,42.0,2.0,7.0,2.0,0.0,-235.0,-25.0,-5.0,-57.0,-14.0,-40.0,-8.0,-12.0,-11.0,-33.0,-1.0,-6.0,-1.0,-1.0,-1.0,0.0,772.0,130.0,34.0,136.0,64.0,115.0,55.0,45.0,38.0,59.0,10.0,42.0,2.0,7.0,2.0,0.0,-235.0,-25.0,-5.0,-57.0,-14.0,-40.0,-8.0,-12.0,-11.0,-33.0,-1.0,-6.0,-1.0,-1.0,-1.0,0.0
1963-08-25,772.0,130.0,34.0,136.0,64.0,115.0,55.0,45.0,38.0,59.0,10.0,42.0,2.0,7.0,2.0,0.0,-235.0,-25.0,-5.0,-57.0,-14.0,-40.0,-8.0,-12.0,-11.0,-33.0,-1.0,-6.0,-1.0,-1.0,-1.0,0.0,772.0,130.0,34.0,136.0,64.0,115.0,55.0,45.0,38.0,59.0,10.0,42.0,2.0,7.0,2.0,0.0,-235.0,-25.0,-5.0,-57.0,-14.0,-40.0,-8.0,-12.0,-11.0,-33.0,-1.0,-6.0,-1.0,-1.0,-1.0,0.0
1963-08-26,772.0,130.0,34.0,136.0,64.0,115.0,55.0,45.0,38.0,59.0,10.0,42.0,2.0,7.0,2.0,0.0,-235.0,-25.0,-5.0,-57.0,-14.0,-40.0,-8.0,-12.0,-11.0,-33.0,-1.0,-6.0,-1.0,-1.0,-1.0,0.0,772.0,130.0,34.0,136.0,64.0,115.0,55.0,45.0,38.0,59.0,10.0,42.0,2.0,7.0,2.0,0.0,-235.0,-25.0,-5.0,-57.0,-14.0,-40.0,-8.0,-12.0,-11.0,-33.0,-1.0,-6.0,-1.0,-1.0,-1.0,0.0
1963-08-27,772.0,130.0,34.0,136.0,64.0,115.0,55.0,45.0,38.0,59.0,10.0,42.0,2.0,7.0,2.0,0.0,-235.0,-25.0,-5.0,-57.0,-14.0,-40.0,-8.0,-12.0,-11.0,-33.0,-1.0,-6.0,-1.0,-1.0,-1.0,0.0,772.0,130.0,34.0,136.0,64.0,115.0,55.0,45.0,38.0,59.0,10.0,42.0,2.0,7.0,2.0,0.0,-235.0,-25.0,-5.0,-57.0,-14.0,-40.0,-8.0,-12.0,-11.0,-33.0,-1.0,-6.0,-1.0,-1.0,-1.0,0.0
1963-08-28,772.0,130.0,34.0,136.0,64.0,115.0,55.0,45.0,38.0,59.0,10.0,42.0,2.0,7.0,2.0,0.0,-235.0,-25.0,-5.0,-57.0,-14.0,-40.0,-8.0,-12.0,-11.0,-33.0,-1.0,-6.0,-1.0,-1.0,-1.0,0.0,772.0,130.0,34.0,136.0,64.0,115.0,55.0,45.0,38.0,59.0,10.0,42.0,2.0,7.0,2.0,0.0,-235.0,-25.0,-5.0,-57.0,-14.0,-40.0,-8.0,-12.0,-11.0,-33.0,-1.0,-6.0,-1.0,-1.0,-1.0,0.0
1963-08-29,772.0,130.0,34.0,136.0,64.0,115.0,55.0,45.0,38.0,59.0,10.0,42.0,2.0,7.0,2.0,0.0,-235.0,-25.0,-5.0,-57.0,-14.0,-40.0,-8.0,-12.0,-11.0,-33.0,-1.0,-6.0,-1.0,-1.0,-1.0,0.0,772.0,130.0,34.0,136.0,64.0,115.0,55.0,45.0,38.0,59.0,10.0,42.0,2.0,7.0,2.0,0.0,-235.0,-25.0,-5.0,-57.0,-14.0,-40.0,-8.0,-12.0,-11.0,-33.0,-1.0,-6.0,-1.0,-1.0,-1.0,0.0
1963-08-30,772.0,130.0,34.0,136.0,64.0,115.0,55.0,45.0,38.0,59.0,10.0,42.0,2.0,7.0,2.0,0.0,-235.0,-25.0,-5.0,-57.0,-14.0,-40.0,-8.0,-12.0,-11.0,-33.0,-1.0,-6.0,-1.0,-1.0,-1.0,0.0,772.0,130.0,34.0,136.0,64.0,115.0,55.0,45.0,38.0,59.0,10.0,42.0,2.0,7.0,2.0,0.0,-235.0,-25.0,-5.0,-57.0,-14.0,-40.0,-8.0,-12.0,-11.0,-33.0,-1.0,-6.0,-1.0,-1.0,-1.0,0.0
1963-08-31,772.0,130.0,34.0,136.0,64.0,115.0,55.0,45.0,38.0,59.0,10.0,42.0,2.0,7.0,2.0,0.0,-235.0,-25.0,-5.0,-57.0,-14.0,-40.0,-8.0,-12.0,-11.0,-33.0,-1.0,-6.0,-1.0,-1.0,-1.0,0.0,772.0,130.0,34.0,136.0,64.0,115.0,55.0,45.0,38.0,59.0,10.0,42.0,2.0,7.0,2.0,0.0,-235.0,-25.0,-5.0,-57.0,-14.0,-40.0,-8.0,-12.0,-11.0,-33.0,-1.0,-6.0,-1.0,-1.0,-1.0,0.0
1963-09-01,487.0,72.0,18.0,96.0,37.0,76.0,29.0,27.0,24.0,47.0,5.0,22.0,1.0,4.0,2.0,0.0,-180.0,-19.0,-4.0,-43.0,-11.0,-31.0,-6.0,-9.0,-9.0,-25.0,-1.0,-4.0,0.0,-1.0,-1.0,0.0,487.0,72.0,18.0,96.0,37.0,76.0,29.0,27.0,24.0,47.0,5.0,22.0,1.0,4.0,2.0,0.0,-180.0,-19.0,-4.0,-43.0,-11.0,-31.0,-6.0,-9.0,-9.0,-25.0,-1.0,-4.0,0.0,-1.0,-1.0,0.0
1963-09-02,487.0,72.0,18.0,96.0,37.0,76.0,29.0,27.0,24.0,47.0,5.0,22.0,1.0,4.0,2.0,0.0,-180.0,-19.0,-4.0,-43.0,-11.0,-31.0,-6.0,-9.0,-9.0,-25.0,-1.0,-4.0,0.0,-1.0,-1.0,0.0,487.0,72.0,18.0,96.0,37.0,76.0,29.0,27.0,24.0,47.0,5.0,22.0,1.0,4.0,2.0,0.0,-180.0,-19.0,-4.0,-43.0,-11.0,-31.0,-6.0,-9.0,-9.0,-25.0,-1.0,-4.0,0.0,-1.0,-1.0,0.0
1963-09-03,487.0,72.0,18.0,96.0,37.0,76.0,29.0,27.0,24.0,47.0,5.0,22.0,1.0,4.0,2.0,0.0,-180.0,-19.0,-4.0,-43.0,-11.0,-31.0,-6.0,-9.0,-9.0,-25.0,-1.0,-4.0,0.0,-1.0,-1.0,0.0,487.0,72.0,18.0,96.0,37.0,76.0,29.0,27.0,24.0,47.0,5.0,22.0,1.0,4.0,2.0,0.0,-180.0,-19.0,-4.0,-43.0,-11.0,-31.0,-6.0,-9.0,-9.0,-25.0,-1.0,-4.0,0.0,-1.0,-1.0,0.0
1963-09-04,487.0,72.0,18.0,96.0,37.0,76.0,29.0,27.0,24.0,47.0,5.0,22.0,1.0,4.0,2.0,0.0,-180.0,-19.0,-4.0,-43.0,-11.0,-31.0,-6.0,-9.0,-9.0,-25.0,-1.0,-4.0,0.0,-1.0,-1.0,0.0,487.0,72.0,18.0,96.0,37.0,76.0,29.0,27.0,24.0,47.0,5.0,22.0,1.0,4.0,2.0,0.0,-180.0,-19.0,-4.0,-43.0,-11.0,-31.0,-6.0,-9.0,-9.0,-25.0,-1.0,-4.0,0.0,-1.0,-1.0,0.0
1963-09-05,487.0,72.0,18.0,96.0,37.0,76.0,29.0,27.0,24.0,47.0,5.0,22.0,1.0,4.0,2.0,0.0,-180.0,-19.0,-4.0,-43.0,-11.0,-31.0,-6.0,-9.0,-9.0,-25.0,-1.0,-4.0,0.0,-1.0,-1.0,0.0,487.0,72.0,18.0,96.0,37.0,76.0,29.0,27.0,24.0,47.0,5.0,22.0,1.0,4.0,2.0,0.0,-180.0,-19.0,-4.0,-43.0,-11.0,-31.0,-6.0,-9.0,-9.0,-25.0,-1.0,-4.0,0.0,-1.0,-1.0,0.0
1963-09-06,487.0,72.0,18.0,96.0,37.0,76.0,29.0,27.0,24.0,47.0,5.0,22.0,1.0,4.0,2.0,0.0,-180.0,-19.0,-4.0,-43.0,-11.0,-31.0,-6.0,-9.0,-9.0,-25.0,-1.0,-4.0,0.0,-1.0,-1.0,0.0,487.0,72.0,18.0,96.0,37.0,76.0,29.0,27.0,24.0,47.0,5.0,22.0,1.0,4.0,2.0,0.0,-180.0,-19.0,-4.0,-43.0,-11.0,-31.0,-6.0,-9.0,-9.0,-25.0,-1.0,-4.0,0.0,-1.0,-1.0,0.0
1963-09-07,487.0,72.0,18.0,96.0,37.0,76.0,29.0,27.0,24.0,47.0,5.0,22.0,1.0,4.0,2.0,0.0,-180.0,-19.0,-4.0,-43.0,-11.0,-31.0,-6.0,-9.0,-9.0,-25.0,-1.0,-4.0,0.0,-1.0,-1.0,0.0,487.0,72.0,18.0,96.0,37.0,76.0,29.0,27.0,24.0,47.0,5.0,22.0,1.0,4.0,2.0,0.0,-180.0,-19.0,-4.0,-43.0,-11.0,-31.0,-6.0,-9.0,-9.0,-25.0,-1.0,-4.0,0.0,-1.0,-1.0,0.0
1963-09-08,487.0,72.0,18.0,96.0,37.0,76.0,29.0,27.0,24.0,47.0,5.0,22.0,1.0,4.0,2.0,0.0,-180.0,-19.0,-4.0,-43.0,-11.0,-31.0,-6.0,-9.0,-9.0,-25.0,-1.0,-4.0,0.0,-1.0,-1.0,0.0,487.0,72.0,18.0,96.0,37.0,76.0,29.0,27.0,24.0,47.0,5.0,22.0,1.0,4.0,2.0,0.0,-180.0,-19.0,-4.0,-43.0,-11.0,-31.0,-6.0,-9.0,-9.0,-25.0,-1.0,-4.0,0.0,-1.0,-1.0,0.0
1963-09-09,487.0,72.0,18.0,96.0,37.0,76.0,29.0,27.0,24.0,47.0,5.0,22.0,1.0,4.0,2.0,0.0,-180.0,-19.0,-4.0,-43.0,-11.0,-31.0,-6.0,-9.0,-9.0,-25.0,-1.0,-4.0,0.0,-1.0,-1.0,0.0,487.0,72.0,18.0,96.0,37.0,76.0,29.0,27.0,24.0,47.0,5.0,22.0,1.0,4.0,2.0,0.0,-180.0,-19.0,-4.0,-43.0,-11.0,-31.0,-6.0,-9.0,-9.0,-25.0,-1.0,-4.0,0.0,-1.0,-1.0,0.0
1963-09-10,487.0,72.0,18.0,96.0,37.0,76.0,29.0,27.0,24.0,47.0,5.0,22.0,1.0,4.0,2.0,0.0,-180.0,-19.0,-4.0,-43.0,-11.0,-31.0,-6.0,-9.0,-9.0,-25.0,-1.0,-4.0,0.0,-1.0,-1.0,0.0,487.0,72.0,18.0,96.0,37.0,76.0,29.0,27.0,24.0,47.0,5.0,22.0,1.0,4.0,2.0,0.0,-180.0,-19.0,-4.0,-43.0,-11.0,-31.0,-6.0,-9.0,-9.0,-25.0,-1.0,-4.0,0.0,-1.0,-1.0,0.0
1963-09-11,487.0,72.0,18.0,96.0,37.0,76.0,29.0,27.0,24.0,47.0,5.0,22.0,1.0,4.0,2.0,0.0,-180.0,-19.0,-4.0,-43.0,-11.0,-31.0,-6.0,-9.0,-9.0,-25.0,-1.0,-4.0,0.0,-1.0,-1.0,0.0,487.0,72.0,18.0,96.0,37.0,76.0,29.0,27.0,24.0,47.0,5.0,22.0,1.0,4.0,2.0,0.0,-180.0,-19.0,-4.0,-43.0,-11.0,-31.0,-6.0,-9.0,-9.0,-25.0,-1.0,-4.0,0.0,-1.0,-1.0,0.0
1963-09-12,487.0,72.0,18.0,96.0,37.0,76.0,29.0,27.0,24.0,47.0,5.0,22.0,1.0,4.0,2.0,0.0,-180.0,-19.0,-4.0,-43.0,-11.0,-31.0,-6.0,-9.0,-9.0,-25.0,-1.0,-4.0,0.0,-1.0,-1.0,0.0,487.0,72.0,18.0,96.0,37.0,76.0,29.0,27.0,24.0,47.0,5.0,22.0,1.0,4.0,2.0,0.0,-180.0,-19.0,-4.0,-43.0,-11.0,-31.0,-6.0,-9.0,-9.0,-25.0,-1.0,-4.0,0.0,-1.0,-1.0,0.0
1963-09-13,487.0,72.0,18.0,96.0,37.0,76.0,29.0,27.0,24.0,47.0,5.0,22.0,1.0,4.0,2.0,0.0,-180.0,-19.0,-4.0,-43.0,-11.0,-31.0,-6.0,-9.0,-9.0,-25.0,-1.0,-4.0,0.0,-1.0,-1.0,0.0,487.0,72.0,18.0,96.0,37.0,76.0,29.0,27.0,24.0,47.0,5.0,22.0,1.0,4.0,2.0,0.0,-180.0,-19.0,-4.0,-43.0,-11.0,-31.0,-6.0,-9.0,-9.0,-25.0,-1.0,-4.0,0.0,-1.0,-1.0,0.0
1963-09-14,487.0,72.0,18.0,96.0,37.0,76.0,29.0,27.0,24.0,47.0,5.0,22.0,1.0,4.0,2.0,0.0,-180.0,-19.0,-4.0,-43.0,-11.0,-31.0,-6.0,-9.0,-9.0,-25.0,-1.0,-4.0,0.0,-1.0,-1.0,0.0,487.0,72.0,18.0,96.0,37.0,76.0,29.0,27.0,24.0,47.0,5.0,22.0,1.0,4.0,2.0,0.0,-180.0,-19.0,-4.0,-43.0,-11.0,-31.0,-6.0,-9.0,-9.0,-25.0,-1.0,-4.0,0.0,-1.0,-1.0,0.0
1963-09-15,487.0,72.0,18.0,96.0,37.0,76.0,29.0,27.0,24.0,47.0,5.0,22.0,1.0,4.0,2.0,0.0,-180.0,-19.0,-4.0,-43.0,-11.0,-31.0,-6.0,-9.0,-9.0,-25.0,-1.0,-4.0,0.0,-1.0,-1.0,0.0,487.0,72.0,18.0,96.0,37.0,76.0,29.0,27.0,24.0,47.0,5.0,22.0,1.0,4.0,2.0,0.0,-180.0,-19.0,-4.0,-43.0,-11.0,-31.0,-6.0,-9.0,-9.0,-25.0,-1.0,-4.0,0.0,-1.0,-1.0,0.0
1963-09-16,487.0,72.0,18.0,96.0,37.0,76.0,29.0,27.0,24.0,47.0,5.0,22.0,1.0,4.0,2.0,0.0,-180.0,-19.0,-4.0,-43.0,-11.0,-31.0,-6.0,-9.0,-9.0,-25.0,-1.0,-4.0,0.0,-1.0,-1.0,0.0,487.0,72.0,18.0,96.0,37.0,76.0,29.0,27.0,24.0,47.0,5.0,22.0,1.0,4.0,2.0,0.0,-180.0,-19.0,-4.0,-43.0,-11.0,-31.0,-6.0,-9.0,-9.0,-25.0,-1.0,-4.0,0.0,-1.0,-1.0,0.0
1963-09-17,487.0,72.0,18.0,96.0,37.0,76.0,29.0,27.0,24.0,47.0,5.0,22.0,1.0,4.0,2.0,0.0,-180.0,-19.0,-4.0,-43.0,-11.0,-31.0,-6.0,-9.0,-9.0,-25.0,-1.0,-4.0,0.0,-1.0,-1.0,0.0,487.0,72.0,18.0,96.0,37.0,76.0,29.0,27.0,24.0,47.0,5.0,22.0,1.0,4.0,2.0,0.0,-180.0,-19.0,-4.0,-43.0,-11.0,-31.0,-6.0,-9.0,-9.0,-25.0,-1.0,-4.0,0.0,-1.0,-1.0,0.0
1963-09-18,487.0,72.0,18.0,96.0,37.0,76.0,29.0,27.0,24.0,47.0,5.0,22.0,1.0,4.0,2.0,0.0,-180.0,-19.0,-4.0,-43.0,-11.0,-31.0,-6.0,-9.0,-9.0,-25.0,-1.0,-4.0,0.0,-1.0,-1.0,0.0,487.0,72.0,18.0,96.0,37.0,76.0,29.0,27.0,24.0,47.0,5.0,22.0,1.0,4.0,2.0,0.0,-180.0,-19.0,-4.0,-43.0,-11.0,-31.0,-6.0,-9.0,-9.0,-25.0,-1.0,-4.0,0.0,-1.0,-1.0,0.0
1963-09-19,487.0,72.0,18.0,96.0,37.0,76.0,29.0,27.0,24.0,47.0,5.0,22.0,1.0,4.0,2.0,0.0,-180.0,-19.0,-4.0,-43.0,-11.0,-31.0,-6.0,-9.0,-9.0,-25.0,-1.0,-4.0,0.0,-1.0,-1.0,0.0,487.0,72.0,18.0,96.0,37.0,76.0,29.0,27.0,24.0,47.0,5.0,22.0,1.0,4.0,2.0,0.0,-180.0,-19.0,-4.0,-43.0,-11.0,-31.0,-6.0,-9.0,-9.0,-25.0,-1.0,-4.0,0.0,-1.0,-1.0,0.0
1963-09-20,487.0,72.0,18.0,96.0,37.0,76.0,29.0,27.0,24.0,47.0,5.0,22.0,1.0,4.0,2.0,0.0,-180.0,-19.0,-4.0,-43.0,-11.0,-31.0,-6.0,-9.0,-9.0,-25.0,-1.0,-4.0,0.0,-1.0,-1.0,0.0,487.0,72.0,18.0,96.0,37.0,76.0,29.0,27.0,24.0,47.0,5.0,22.0,1.0,4.0,2.0,0.0,-180.0,-19.0,-4.0,-43.0,-11.0,-31.0,-6.0,-9.0,-9.0,-25.0,-1.0,-4.0,0.0,-1.0,-1.0,0.0
1963-09-21,487.0,72.0,18.0,96.0,37.0,76.0,29.0,27.0,24.0,47.0,5.0,22.0,1.0,4.0,2.0,0.0,-180.0,-19.0,-4.0,-43.0,-11.0,-31.0,-6.0,-9.0,-9.0,-25.0,-1.0,-4.0,0.0,-1.0,-1.0,0.0,487.0,72.0,18.0,96.0,37.0,76.0,29.0,27.0,24.0,47.0,5.0,22.0,1.0,4.0,2.0,0.0,-180.0,-19.0,-4.0,-43.0,-11.0,-31.0,-6.0,-9.0,-9.0,-25.0,-1.0,-4.0,0.0,-1.0,-1.0,0.0
1963-09-22,487.0,72.0,18.0,96.0,37.0,76.0,29.0,27.0,24.0,47.0,5.0,22.0,1.0,4.0,2.0,0.0,-180.0,-19.0,-4.0,-43.0,-11.0,-31.0,-6.0,-9.0,-9.0,-25.0,-1.0,-4.0,0.0,-1.0,-1.0,0.0,487.0,72.0,18.0,96.0,37.0,76.0,29.0,27.0,24.0,47.0,5.0,22.0,1.0,4.0,2.0,0.0,-180.0,-19.0,-4.0,-43.0,-11.0,-31.0,-6.0,-9.0,-9.0,-25.0,-1.0,-4.0,0.0,-1.0,-1.0,0.0
1963-09-23,487.0,72.0,18.0,96.0,37.0,76.0,29.0,27.0,24.0,47.0,5.0,22.0,1.0,4.0,2.0,0.0,-180.0,-19.0,-4.0,-43.0,-11.0,-31.0,-6.0,-9.0,-9.0,-25.0,-1.0,-4.0,0.0,-1.0,-1.0,0.0,487.0,72.0,18.0,96.0,37.0,76.0,29.0,27.0,24.0,47.0,5.0,22.0,1.0,4.0,2.0,0.0,-180.0,-19.0,-4.0,-43.0,-11.0,-31.0,-6.0,-9.0,-9.0,-25.0,-1.0,-4.0,0.0,-1.0,-1.0,0.0
1963-09-24,487.0,72.0,18.0,96.0,37.0,76.0,29.0,27.0,24.0,47.0,5.0,22.0,1.0,4.0,2.0,0.0,-180.0,-19.0,-4.0,-43.0,-11.0,-31.0,-6.0,-9.0,-9.0,-25.0,-1.0,-4.0,0.0,-1.0,-1.0,0.0,487.0,72.0,18.0,96.0,37.0,76.0,29.0,27.0,24.0,47.0,5.0,22.0,1.0,4.0,2.0,0.0,-180.0,-19.0,-4.0,-43.0,-11.0,-31.0,-6.0,-9.0,-9.0,-25.0,-1.0,-4.0,0.0,-1.0,-1.0,0.0
1963-09-25,487.0,72.0,18.0,96.0,37.0,76.0,29.0,27.0,24.0,47.0,5.0,22.0,1.0,4.0,2.0,0.0,-180.0,-19.0,-4.0,-43.0,-11.0,-31.0,-6.0,-9.0,-9.0,-25.0,-1.0,-4.0,0.0,-1.0,-1.0,0.0,487.0,72.0,18.0,96.0,37.0,76.0,29.0,27.0,24.0,47.0,5.0,22.0,1.0,4.0,2.0,0.0,-180.0,-19.0,-4.0,-43.0,-11.0,-31.0,-6.0,-9.0,-9.0,-25.0,-1.0,-4.0,0.0,-1.0,-1.0,0.0
1963-09-26,487.0,72.0,18.0,96.0,37.0,76.0,29.0,27.0,24.0,47.0,5.0,22.0,1.0,4.0,2.0,0.0,-180.0,-19.0,-4.0,-43.0,-11.0,-31.0,-6.0,-9.0,-9.0,-25.0,-1.0,-4.0,0.0,-1.0,-1.0,0.0,487.0,72.0,18.0,96.0,37.0,76.0,29.0,27.0,24.0,47.0,5.0,22.0,1.0,4.0,2.0,0.0,-180.0,-19.0,-4.0,-43.0,-11.0,-31.0,-6.0,-9.0,-9.0,-25.0,-1.0,-4.0,0.0,-1.0,-1.0,0.0
1963-09-27,487.0,72.0,18.0,96.0,37.0,76.0,29.0,27.0,24.0,47.0,5.0,22.0,1.0,4.0,2.0,0.0,-180.0,-19.0,-4.0,-43.0,-11.0,-31.0,-6.0,-9.0,-9.0,-25.0,-1.0,-4.0,0.0,-1.0,-1.0,0.0,487.0,72.0,18.0,96.0,37.0,76.0,29.0,27.0,24.0,47.0,5.0,22.0,1.0,4.0,2.0,0.0,-180.0,-19.0,-4.0,-43.0,-11.0,-31.0,-6.0,-9.0,-9.0,-25.0,-1.0,-4.0,0.0,-1.0,-1.0,0.0
1963-09-28,487.0,72.0,18.0,96.0,37.0,76.0,29.0,27.0,24.0,47.0,5.0,22.0,1.0,4.0,2.0,0.0,-180.0,-19.0,-4.0,-43.0,-11.0,-31.0,-6.0,-9.0,-9.0,-25.0,-1.0,-4.0,0.0,-1.0,-1.0,0.0,487.0,72.0,18.0,96.0,37.0,76.0,29.0,27.0,24.0,47.0,5.0,22.0,1.0,4.0,2.0,0.0,-180.0,-19.0,-4.0,-43.0,-11.0,-31.0,-6.0,-9.0,-9.0,-25.0,-1.0,-4.0,0.0,-1.0,-1.0,0.0
1963-09-29,487.0,72.0,18.0,96.0,37.0,76.0,29.0,27.0,24.0,47.0,5.0,22.0,1.0,4.0,2.0,0.0,-180.0,-19.0,-4.0,-43.0,-11.0,-31.0,-6.0,-9.0,-9.0,-25.0,-1.0,-4.0,0.0,-1.0,-1.0,0.0,487.0,72.0,18.0,96.0,37.0,76.0,29.0,27.0,24.0,47.0,5.0,22.0,1.0,4.0,2.0,0.0,-180.0,-19.0,-4.0,-43.0,-11.0,-31.0,-6.0,-9.0,-9.0,-25.0,-1.0,-4.0,0.0,-1.0,-1.0,0.0
1963-09-30,487.0,72.0,18.0,96.0,37.0,76.0,29.0,27.0,24.0,47.0,5.0,22.0,1.0,4.0,2.0,0.0,-180.0,-19.0,-4.0,-43.0,-11.0,-31.0,-6.0,-9.0,-9.0,-25.0,-1.0,-4.0,0.0,-1.0,-1.0,0.0,487.0,72.0,18.0,96.0,37.0,76.0,29.0,27.0,24.0,47.0,5.0,22.0,1.0,4.0,2.0,0.0,-180.0,-19.0,-4.0,-43.0,-11.0,-31.0,-6.0,-9.0,-9.0,-25.0,-1.0,-4.0,0.0,-1.0,-1.0,0.0
1963-10-01,0.0,0.0,0.0,0.0,0.0,0.0,0.0,0.0,0.0,0.0,0.0,0.0,0.0,0.0,0.0,0.0,-32.0,-8.0,-2.0,-3.0,-4.0,-4.0,-4.0,-2.0,-2.0,0.0,-1.0,-3.0,0.0,0.0,0.0,0.0,0.0,0.0,0.0,0.0,0.0,0.0,0.0,0.0,0.0,0.0,0.0,0.0,0.0,0.0,0.0,0.0,-32.0,-8.0,-2.0,-3.0,-4.0,-4.0,-4.0,-2.0,-2.0,0.0,-1.0,-3.0,0.0,0.0,0.0,0.0
1963-10-02,0.0,0.0,0.0,0.0,0.0,0.0,0.0,0.0,0.0,0.0,0.0,0.0,0.0,0.0,0.0,0.0,-32.0,-8.0,-2.0,-3.0,-4.0,-4.0,-4.0,-2.0,-2.0,0.0,-1.0,-3.0,0.0,0.0,0.0,0.0,0.0,0.0,0.0,0.0,0.0,0.0,0.0,0.0,0.0,0.0,0.0,0.0,0.0,0.0,0.0,0.0,-32.0,-8.0,-2.0,-3.0,-4.0,-4.0,-4.0,-2.0,-2.0,0.0,-1.0,-3.0,0.0,0.0,0.0,0.0
1963-10-03,0.0,0.0,0.0,0.0,0.0,0.0,0.0,0.0,0.0,0.0,0.0,0.0,0.0,0.0,0.0,0.0,-32.0,-8.0,-2.0,-3.0,-4.0,-4.0,-4.0,-2.0,-2.0,0.0,-1.0,-3.0,0.0,0.0,0.0,0.0,0.0,0.0,0.0,0.0,0.0,0.0,0.0,0.0,0.0,0.0,0.0,0.0,0.0,0.0,0.0,0.0,-32.0,-8.0,-2.0,-3.0,-4.0,-4.0,-4.0,-2.0,-2.0,0.0,-1.0,-3.0,0.0,0.0,0.0,0.0
1963-10-04,0.0,0.0,0.0,0.0,0.0,0.0,0.0,0.0,0.0,0.0,0.0,0.0,0.0,0.0,0.0,0.0,-32.0,-8.0,-2.0,-3.0,-4.0,-4.0,-4.0,-2.0,-2.0,0.0,-1.0,-3.0,0.0,0.0,0.0,0.0,0.0,0.0,0.0,0.0,0.0,0.0,0.0,0.0,0.0,0.0,0.0,0.0,0.0,0.0,0.0,0.0,-32.0,-8.0,-2.0,-3.0,-4.0,-4.0,-4.0,-2.0,-2.0,0.0,-1.0,-3.0,0.0,0.0,0.0,0.0
1963-10-05,0.0,0.0,0.0,0.0,0.0,0.0,0.0,0.0,0.0,0.0,0.0,0.0,0.0,0.0,0.0,0.0,-32.0,-8.0,-2.0,-3.0,-4.0,-4.0,-4.0,-2.0,-2.0,0.0,-1.0,-3.0,0.0,0.0,0.0,0.0,0.0,0.0,0.0,0.0,0.0,0.0,0.0,0.0,0.0,0.0,0.0,0.0,0.0,0.0,0.0,0.0,-32.0,-8.0,-2.0,-3.0,-4.0,-4.0,-4.0,-2.0,-2.0,0.0,-1.0,-3.0,0.0,0.0,0.0,0.0
1963-10-06,0.0,0.0,0.0,0.0,0.0,0.0,0.0,0.0,0.0,0.0,0.0,0.0,0.0,0.0,0.0,0.0,-32.0,-8.0,-2.0,-3.0,-4.0,-4.0,-4.0,-2.0,-2.0,0.0,-1.0,-3.0,0.0,0.0,0.0,0.0,0.0,0.0,0.0,0.0,0.0,0.0,0.0,0.0,0.0,0.0,0.0,0.0,0.0,0.0,0.0,0.0,-32.0,-8.0,-2.0,-3.0,-4.0,-4.0,-4.0,-2.0,-2.0,0.0,-1.0,-3.0,0.0,0.0,0.0,0.0
1963-10-07,0.0,0.0,0.0,0.0,0.0,0.0,0.0,0.0,0.0,0.0,0.0,0.0,0.0,0.0,0.0,0.0,-32.0,-8.0,-2.0,-3.0,-4.0,-4.0,-4.0,-2.0,-2.0,0.0,-1.0,-3.0,0.0,0.0,0.0,0.0,0.0,0.0,0.0,0.0,0.0,0.0,0.0,0.0,0.0,0.0,0.0,0.0,0.0,0.0,0.0,0.0,-32.0,-8.0,-2.0,-3.0,-4.0,-4.0,-4.0,-2.0,-2.0,0.0,-1.0,-3.0,0.0,0.0,0.0,0.0
1963-10-08,0.0,0.0,0.0,0.0,0.0,0.0,0.0,0.0,0.0,0.0,0.0,0.0,0.0,0.0,0.0,0.0,-32.0,-8.0,-2.0,-3.0,-4.0,-4.0,-4.0,-2.0,-2.0,0.0,-1.0,-3.0,0.0,0.0,0.0,0.0,0.0,0.0,0.0,0.0,0.0,0.0,0.0,0.0,0.0,0.0,0.0,0.0,0.0,0.0,0.0,0.0,-32.0,-8.0,-2.0,-3.0,-4.0,-4.0,-4.0,-2.0,-2.0,0.0,-1.0,-3.0,0.0,0.0,0.0,0.0
1963-10-09,0.0,0.0,0.0,0.0,0.0,0.0,0.0,0.0,0.0,0.0,0.0,0.0,0.0,0.0,0.0,0.0,-32.0,-8.0,-2.0,-3.0,-4.0,-4.0,-4.0,-2.0,-2.0,0.0,-1.0,-3.0,0.0,0.0,0.0,0.0,0.0,0.0,0.0,0.0,0.0,0.0,0.0,0.0,0.0,0.0,0.0,0.0,0.0,0.0,0.0,0.0,-32.0,-8.0,-2.0,-3.0,-4.0,-4.0,-4.0,-2.0,-2.0,0.0,-1.0,-3.0,0.0,0.0,0.0,0.0
1963-10-10,0.0,0.0,0.0,0.0,0.0,0.0,0.0,0.0,0.0,0.0,0.0,0.0,0.0,0.0,0.0,0.0,-32.0,-8.0,-2.0,-3.0,-4.0,-4.0,-4.0,-2.0,-2.0,0.0,-1.0,-3.0,0.0,0.0,0.0,0.0,0.0,0.0,0.0,0.0,0.0,0.0,0.0,0.0,0.0,0.0,0.0,0.0,0.0,0.0,0.0,0.0,-32.0,-8.0,-2.0,-3.0,-4.0,-4.0,-4.0,-2.0,-2.0,0.0,-1.0,-3.0,0.0,0.0,0.0,0.0
1963-10-11,0.0,0.0,0.0,0.0,0.0,0.0,0.0,0.0,0.0,0.0,0.0,0.0,0.0,0.0,0.0,0.0,-32.0,-8.0,-2.0,-3.0,-4.0,-4.0,-4.0,-2.0,-2.0,0.0,-1.0,-3.0,0.0,0.0,0.0,0.0,0.0,0.0,0.0,0.0,0.0,0.0,0.0,0.0,0.0,0.0,0.0,0.0,0.0,0.0,0.0,0.0,-32.0,-8.0,-2.0,-3.0,-4.0,-4.0,-4.0,-2.0,-2.0,0.0,-1.0,-3.0,0.0,0.0,0.0,0.0
1963-10-12,0.0,0.0,0.0,0.0,0.0,0.0,0.0,0.0,0.0,0.0,0.0,0.0,0.0,0.0,0.0,0.0,-32.0,-8.0,-2.0,-3.0,-4.0,-4.0,-4.0,-2.0,-2.0,0.0,-1.0,-3.0,0.0,0.0,0.0,0.0,0.0,0.0,0.0,0.0,0.0,0.0,0.0,0.0,0.0,0.0,0.0,0.0,0.0,0.0,0.0,0.0,-32.0,-8.0,-2.0,-3.0,-4.0,-4.0,-4.0,-2.0,-2.0,0.0,-1.0,-3.0,0.0,0.0,0.0,0.0
1963-10-13,0.0,0.0,0.0,0.0,0.0,0.0,0.0,0.0,0.0,0.0,0.0,0.0,0.0,0.0,0.0,0.0,-32.0,-8.0,-2.0,-3.0,-4.0,-4.0,-4.0,-2.0,-2.0,0.0,-1.0,-3.0,0.0,0.0,0.0,0.0,0.0,0.0,0.0,0.0,0.0,0.0,0.0,0.0,0.0,0.0,0.0,0.0,0.0,0.0,0.0,0.0,-32.0,-8.0,-2.0,-3.0,-4.0,-4.0,-4.0,-2.0,-2.0,0.0,-1.0,-3.0,0.0,0.0,0.0,0.0
1963-10-14,0.0,0.0,0.0,0.0,0.0,0.0,0.0,0.0,0.0,0.0,0.0,0.0,0.0,0.0,0.0,0.0,-32.0,-8.0,-2.0,-3.0,-4.0,-4.0,-4.0,-2.0,-2.0,0.0,-1.0,-3.0,0.0,0.0,0.0,0.0,0.0,0.0,0.0,0.0,0.0,0.0,0.0,0.0,0.0,0.0,0.0,0.0,0.0,0.0,0.0,0.0,-32.0,-8.0,-2.0,-3.0,-4.0,-4.0,-4.0,-2.0,-2.0,0.0,-1.0,-3.0,0.0,0.0,0.0,0.0
1963-10-15,0.0,0.0,0.0,0.0,0.0,0.0,0.0,0.0,0.0,0.0,0.0,0.0,0.0,0.0,0.0,0.0,-32.0,-8.0,-2.0,-3.0,-4.0,-4.0,-4.0,-2.0,-2.0,0.0,-1.0,-3.0,0.0,0.0,0.0,0.0,0.0,0.0,0.0,0.0,0.0,0.0,0.0,0.0,0.0,0.0,0.0,0.0,0.0,0.0,0.0,0.0,-32.0,-8.0,-2.0,-3.0,-4.0,-4.0,-4.0,-2.0,-2.0,0.0,-1.0,-3.0,0.0,0.0,0.0,0.0
1963-10-16,0.0,0.0,0.0,0.0,0.0,0.0,0.0,0.0,0.0,0.0,0.0,0.0,0.0,0.0,0.0,0.0,-32.0,-8.0,-2.0,-3.0,-4.0,-4.0,-4.0,-2.0,-2.0,0.0,-1.0,-3.0,0.0,0.0,0.0,0.0,0.0,0.0,0.0,0.0,0.0,0.0,0.0,0.0,0.0,0.0,0.0,0.0,0.0,0.0,0.0,0.0,-32.0,-8.0,-2.0,-3.0,-4.0,-4.0,-4.0,-2.0,-2.0,0.0,-1.0,-3.0,0.0,0.0,0.0,0.0
1963-10-17,0.0,0.0,0.0,0.0,0.0,0.0,0.0,0.0,0.0,0.0,0.0,0.0,0.0,0.0,0.0,0.0,-32.0,-8.0,-2.0,-3.0,-4.0,-4.0,-4.0,-2.0,-2.0,0.0,-1.0,-3.0,0.0,0.0,0.0,0.0,0.0,0.0,0.0,0.0,0.0,0.0,0.0,0.0,0.0,0.0,0.0,0.0,0.0,0.0,0.0,0.0,-32.0,-8.0,-2.0,-3.0,-4.0,-4.0,-4.0,-2.0,-2.0,0.0,-1.0,-3.0,0.0,0.0,0.0,0.0
1963-10-18,0.0,0.0,0.0,0.0,0.0,0.0,0.0,0.0,0.0,0.0,0.0,0.0,0.0,0.0,0.0,0.0,-32.0,-8.0,-2.0,-3.0,-4.0,-4.0,-4.0,-2.0,-2.0,0.0,-1.0,-3.0,0.0,0.0,0.0,0.0,0.0,0.0,0.0,0.0,0.0,0.0,0.0,0.0,0.0,0.0,0.0,0.0,0.0,0.0,0.0,0.0,-32.0,-8.0,-2.0,-3.0,-4.0,-4.0,-4.0,-2.0,-2.0,0.0,-1.0,-3.0,0.0,0.0,0.0,0.0
1963-10-19,0.0,0.0,0.0,0.0,0.0,0.0,0.0,0.0,0.0,0.0,0.0,0.0,0.0,0.0,0.0,0.0,-32.0,-8.0,-2.0,-3.0,-4.0,-4.0,-4.0,-2.0,-2.0,0.0,-1.0,-3.0,0.0,0.0,0.0,0.0,0.0,0.0,0.0,0.0,0.0,0.0,0.0,0.0,0.0,0.0,0.0,0.0,0.0,0.0,0.0,0.0,-32.0,-8.0,-2.0,-3.0,-4.0,-4.0,-4.0,-2.0,-2.0,0.0,-1.0,-3.0,0.0,0.0,0.0,0.0
1963-10-20,0.0,0.0,0.0,0.0,0.0,0.0,0.0,0.0,0.0,0.0,0.0,0.0,0.0,0.0,0.0,0.0,-32.0,-8.0,-2.0,-3.0,-4.0,-4.0,-4.0,-2.0,-2.0,0.0,-1.0,-3.0,0.0,0.0,0.0,0.0,0.0,0.0,0.0,0.0,0.0,0.0,0.0,0.0,0.0,0.0,0.0,0.0,0.0,0.0,0.0,0.0,-32.0,-8.0,-2.0,-3.0,-4.0,-4.0,-4.0,-2.0,-2.0,0.0,-1.0,-3.0,0.0,0.0,0.0,0.0
1963-10-21,0.0,0.0,0.0,0.0,0.0,0.0,0.0,0.0,0.0,0.0,0.0,0.0,0.0,0.0,0.0,0.0,-32.0,-8.0,-2.0,-3.0,-4.0,-4.0,-4.0,-2.0,-2.0,0.0,-1.0,-3.0,0.0,0.0,0.0,0.0,0.0,0.0,0.0,0.0,0.0,0.0,0.0,0.0,0.0,0.0,0.0,0.0,0.0,0.0,0.0,0.0,-32.0,-8.0,-2.0,-3.0,-4.0,-4.0,-4.0,-2.0,-2.0,0.0,-1.0,-3.0,0.0,0.0,0.0,0.0
1963-10-22,0.0,0.0,0.0,0.0,0.0,0.0,0.0,0.0,0.0,0.0,0.0,0.0,0.0,0.0,0.0,0.0,-32.0,-8.0,-2.0,-3.0,-4.0,-4.0,-4.0,-2.0,-2.0,0.0,-1.0,-3.0,0.0,0.0,0.0,0.0,0.0,0.0,0.0,0.0,0.0,0.0,0.0,0.0,0.0,0.0,0.0,0.0,0.0,0.0,0.0,0.0,-32.0,-8.0,-2.0,-3.0,-4.0,-4.0,-4.0,-2.0,-2.0,0.0,-1.0,-3.0,0.0,0.0,0.0,0.0
1963-10-23,0.0,0.0,0.0,0.0,0.0,0.0,0.0,0.0,0.0,0.0,0.0,0.0,0.0,0.0,0.0,0.0,-32.0,-8.0,-2.0,-3.0,-4.0,-4.0,-4.0,-2.0,-2.0,0.0,-1.0,-3.0,0.0,0.0,0.0,0.0,0.0,0.0,0.0,0.0,0.0,0.0,0.0,0.0,0.0,0.0,0.0,0.0,0.0,0.0,0.0,0.0,-32.0,-8.0,-2.0,-3.0,-4.0,-4.0,-4.0,-2.0,-2.0,0.0,-1.0,-3.0,0.0,0.0,0.0,0.0
1963-10-24,0.0,0.0,0.0,0.0,0.0,0.0,0.0,0.0,0.0,0.0,0.0,0.0,0.0,0.0,0.0,0.0,-32.0,-8.0,-2.0,-3.0,-4.0,-4.0,-4.0,-2.0,-2.0,0.0,-1.0,-3.0,0.0,0.0,0.0,0.0,0.0,0.0,0.0,0.0,0.0,0.0,0.0,0.0,0.0,0.0,0.0,0.0,0.0,0.0,0.0,0.0,-32.0,-8.0,-2.0,-3.0,-4.0,-4.0,-4.0,-2.0,-2.0,0.0,-1.0,-3.0,0.0,0.0,0.0,0.0
1963-10-25,0.0,0.0,0.0,0.0,0.0,0.0,0.0,0.0,0.0,0.0,0.0,0.0,0.0,0.0,0.0,0.0,-32.0,-8.0,-2.0,-3.0,-4.0,-4.0,-4.0,-2.0,-2.0,0.0,-1.0,-3.0,0.0,0.0,0.0,0.0,0.0,0.0,0.0,0.0,0.0,0.0,0.0,0.0,0.0,0.0,0.0,0.0,0.0,0.0,0.0,0.0,-32.0,-8.0,-2.0,-3.0,-4.0,-4.0,-4.0,-2.0,-2.0,0.0,-1.0,-3.0,0.0,0.0,0.0,0.0
1963-10-26,0.0,0.0,0.0,0.0,0.0,0.0,0.0,0.0,0.0,0.0,0.0,0.0,0.0,0.0,0.0,0.0,-32.0,-8.0,-2.0,-3.0,-4.0,-4.0,-4.0,-2.0,-2.0,0.0,-1.0,-3.0,0.0,0.0,0.0,0.0,0.0,0.0,0.0,0.0,0.0,0.0,0.0,0.0,0.0,0.0,0.0,0.0,0.0,0.0,0.0,0.0,-32.0,-8.0,-2.0,-3.0,-4.0,-4.0,-4.0,-2.0,-2.0,0.0,-1.0,-3.0,0.0,0.0,0.0,0.0
1963-10-27,0.0,0.0,0.0,0.0,0.0,0.0,0.0,0.0,0.0,0.0,0.0,0.0,0.0,0.0,0.0,0.0,-32.0,-8.0,-2.0,-3.0,-4.0,-4.0,-4.0,-2.0,-2.0,0.0,-1.0,-3.0,0.0,0.0,0.0,0.0,0.0,0.0,0.0,0.0,0.0,0.0,0.0,0.0,0.0,0.0,0.0,0.0,0.0,0.0,0.0,0.0,-32.0,-8.0,-2.0,-3.0,-4.0,-4.0,-4.0,-2.0,-2.0,0.0,-1.0,-3.0,0.0,0.0,0.0,0.0
1963-10-28,0.0,0.0,0.0,0.0,0.0,0.0,0.0,0.0,0.0,0.0,0.0,0.0,0.0,0.0,0.0,0.0,-32.0,-8.0,-2.0,-3.0,-4.0,-4.0,-4.0,-2.0,-2.0,0.0,-1.0,-3.0,0.0,0.0,0.0,0.0,0.0,0.0,0.0,0.0,0.0,0.0,0.0,0.0,0.0,0.0,0.0,0.0,0.0,0.0,0.0,0.0,-32.0,-8.0,-2.0,-3.0,-4.0,-4.0,-4.0,-2.0,-2.0,0.0,-1.0,-3.0,0.0,0.0,0.0,0.0
1963-10-29,0.0,0.0,0.0,0.0,0.0,0.0,0.0,0.0,0.0,0.0,0.0,0.0,0.0,0.0,0.0,0.0,-32.0,-8.0,-2.0,-3.0,-4.0,-4.0,-4.0,-2.0,-2.0,0.0,-1.0,-3.0,0.0,0.0,0.0,0.0,0.0,0.0,0.0,0.0,0.0,0.0,0.0,0.0,0.0,0.0,0.0,0.0,0.0,0.0,0.0,0.0,-32.0,-8.0,-2.0,-3.0,-4.0,-4.0,-4.0,-2.0,-2.0,0.0,-1.0,-3.0,0.0,0.0,0.0,0.0
1963-10-30,0.0,0.0,0.0,0.0,0.0,0.0,0.0,0.0,0.0,0.0,0.0,0.0,0.0,0.0,0.0,0.0,-32.0,-8.0,-2.0,-3.0,-4.0,-4.0,-4.0,-2.0,-2.0,0.0,-1.0,-3.0,0.0,0.0,0.0,0.0,0.0,0.0,0.0,0.0,0.0,0.0,0.0,0.0,0.0,0.0,0.0,0.0,0.0,0.0,0.0,0.0,-32.0,-8.0,-2.0,-3.0,-4.0,-4.0,-4.0,-2.0,-2.0,0.0,-1.0,-3.0,0.0,0.0,0.0,0.0
1963-10-31,0.0,0.0,0.0,0.0,0.0,0.0,0.0,0.0,0.0,0.0,0.0,0.0,0.0,0.0,0.0,0.0,-32.0,-8.0,-2.0,-3.0,-4.0,-4.0,-4.0,-2.0,-2.0,0.0,-1.0,-3.0,0.0,0.0,0.0,0.0,0.0,0.0,0.0,0.0,0.0,0.0,0.0,0.0,0.0,0.0,0.0,0.0,0.0,0.0,0.0,0.0,-32.0,-8.0,-2.0,-3.0,-4.0,-4.0,-4.0,-2.0,-2.0,0.0,-1.0,-3.0,0.0,0.0,0.0,0.0
1963-11-01,0.0,0.0,0.0,0.0,0.0,0.0,0.0,0.0,0.0,0.0,0.0,0.0,0.0,0.0,0.0,0.0,-22.0,-5.0,-1.0,-2.0,-2.0,-3.0,-3.0,-2.0,-1.0,0.0,0.0,-2.0,0.0,0.0,0.0,0.0,0.0,0.0,0.0,0.0,0.0,0.0,0.0,0.0,0.0,0.0,0.0,0.0,0.0,0.0,0.0,0.0,-22.0,-5.0,-1.0,-2.0,-2.0,-3.0,-3.0,-2.0,-1.0,0.0,0.0,-2.0,0.0,0.0,0.0,0.0
1963-11-02,0.0,0.0,0.0,0.0,0.0,0.0,0.0,0.0,0.0,0.0,0.0,0.0,0.0,0.0,0.0,0.0,-22.0,-5.0,-1.0,-2.0,-2.0,-3.0,-3.0,-2.0,-1.0,0.0,0.0,-2.0,0.0,0.0,0.0,0.0,0.0,0.0,0.0,0.0,0.0,0.0,0.0,0.0,0.0,0.0,0.0,0.0,0.0,0.0,0.0,0.0,-22.0,-5.0,-1.0,-2.0,-2.0,-3.0,-3.0,-2.0,-1.0,0.0,0.0,-2.0,0.0,0.0,0.0,0.0
1963-11-03,0.0,0.0,0.0,0.0,0.0,0.0,0.0,0.0,0.0,0.0,0.0,0.0,0.0,0.0,0.0,0.0,-22.0,-5.0,-1.0,-2.0,-2.0,-3.0,-3.0,-2.0,-1.0,0.0,0.0,-2.0,0.0,0.0,0.0,0.0,0.0,0.0,0.0,0.0,0.0,0.0,0.0,0.0,0.0,0.0,0.0,0.0,0.0,0.0,0.0,0.0,-22.0,-5.0,-1.0,-2.0,-2.0,-3.0,-3.0,-2.0,-1.0,0.0,0.0,-2.0,0.0,0.0,0.0,0.0
1963-11-04,0.0,0.0,0.0,0.0,0.0,0.0,0.0,0.0,0.0,0.0,0.0,0.0,0.0,0.0,0.0,0.0,-22.0,-5.0,-1.0,-2.0,-2.0,-3.0,-3.0,-2.0,-1.0,0.0,0.0,-2.0,0.0,0.0,0.0,0.0,0.0,0.0,0.0,0.0,0.0,0.0,0.0,0.0,0.0,0.0,0.0,0.0,0.0,0.0,0.0,0.0,-22.0,-5.0,-1.0,-2.0,-2.0,-3.0,-3.0,-2.0,-1.0,0.0,0.0,-2.0,0.0,0.0,0.0,0.0
1963-11-05,0.0,0.0,0.0,0.0,0.0,0.0,0.0,0.0,0.0,0.0,0.0,0.0,0.0,0.0,0.0,0.0,-22.0,-5.0,-1.0,-2.0,-2.0,-3.0,-3.0,-2.0,-1.0,0.0,0.0,-2.0,0.0,0.0,0.0,0.0,0.0,0.0,0.0,0.0,0.0,0.0,0.0,0.0,0.0,0.0,0.0,0.0,0.0,0.0,0.0,0.0,-22.0,-5.0,-1.0,-2.0,-2.0,-3.0,-3.0,-2.0,-1.0,0.0,0.0,-2.0,0.0,0.0,0.0,0.0
1963-11-06,0.0,0.0,0.0,0.0,0.0,0.0,0.0,0.0,0.0,0.0,0.0,0.0,0.0,0.0,0.0,0.0,-22.0,-5.0,-1.0,-2.0,-2.0,-3.0,-3.0,-2.0,-1.0,0.0,0.0,-2.0,0.0,0.0,0.0,0.0,0.0,0.0,0.0,0.0,0.0,0.0,0.0,0.0,0.0,0.0,0.0,0.0,0.0,0.0,0.0,0.0,-22.0,-5.0,-1.0,-2.0,-2.0,-3.0,-3.0,-2.0,-1.0,0.0,0.0,-2.0,0.0,0.0,0.0,0.0
1963-11-07,0.0,0.0,0.0,0.0,0.0,0.0,0.0,0.0,0.0,0.0,0.0,0.0,0.0,0.0,0.0,0.0,-22.0,-5.0,-1.0,-2.0,-2.0,-3.0,-3.0,-2.0,-1.0,0.0,0.0,-2.0,0.0,0.0,0.0,0.0,0.0,0.0,0.0,0.0,0.0,0.0,0.0,0.0,0.0,0.0,0.0,0.0,0.0,0.0,0.0,0.0,-22.0,-5.0,-1.0,-2.0,-2.0,-3.0,-3.0,-2.0,-1.0,0.0,0.0,-2.0,0.0,0.0,0.0,0.0
1963-11-08,0.0,0.0,0.0,0.0,0.0,0.0,0.0,0.0,0.0,0.0,0.0,0.0,0.0,0.0,0.0,0.0,-22.0,-5.0,-1.0,-2.0,-2.0,-3.0,-3.0,-2.0,-1.0,0.0,0.0,-2.0,0.0,0.0,0.0,0.0,0.0,0.0,0.0,0.0,0.0,0.0,0.0,0.0,0.0,0.0,0.0,0.0,0.0,0.0,0.0,0.0,-22.0,-5.0,-1.0,-2.0,-2.0,-3.0,-3.0,-2.0,-1.0,0.0,0.0,-2.0,0.0,0.0,0.0,0.0
1963-11-09,0.0,0.0,0.0,0.0,0.0,0.0,0.0,0.0,0.0,0.0,0.0,0.0,0.0,0.0,0.0,0.0,-22.0,-5.0,-1.0,-2.0,-2.0,-3.0,-3.0,-2.0,-1.0,0.0,0.0,-2.0,0.0,0.0,0.0,0.0,0.0,0.0,0.0,0.0,0.0,0.0,0.0,0.0,0.0,0.0,0.0,0.0,0.0,0.0,0.0,0.0,-22.0,-5.0,-1.0,-2.0,-2.0,-3.0,-3.0,-2.0,-1.0,0.0,0.0,-2.0,0.0,0.0,0.0,0.0
1963-11-10,0.0,0.0,0.0,0.0,0.0,0.0,0.0,0.0,0.0,0.0,0.0,0.0,0.0,0.0,0.0,0.0,-22.0,-5.0,-1.0,-2.0,-2.0,-3.0,-3.0,-2.0,-1.0,0.0,0.0,-2.0,0.0,0.0,0.0,0.0,0.0,0.0,0.0,0.0,0.0,0.0,0.0,0.0,0.0,0.0,0.0,0.0,0.0,0.0,0.0,0.0,-22.0,-5.0,-1.0,-2.0,-2.0,-3.0,-3.0,-2.0,-1.0,0.0,0.0,-2.0,0.0,0.0,0.0,0.0
1963-11-11,0.0,0.0,0.0,0.0,0.0,0.0,0.0,0.0,0.0,0.0,0.0,0.0,0.0,0.0,0.0,0.0,-22.0,-5.0,-1.0,-2.0,-2.0,-3.0,-3.0,-2.0,-1.0,0.0,0.0,-2.0,0.0,0.0,0.0,0.0,0.0,0.0,0.0,0.0,0.0,0.0,0.0,0.0,0.0,0.0,0.0,0.0,0.0,0.0,0.0,0.0,-22.0,-5.0,-1.0,-2.0,-2.0,-3.0,-3.0,-2.0,-1.0,0.0,0.0,-2.0,0.0,0.0,0.0,0.0
1963-11-12,0.0,0.0,0.0,0.0,0.0,0.0,0.0,0.0,0.0,0.0,0.0,0.0,0.0,0.0,0.0,0.0,-22.0,-5.0,-1.0,-2.0,-2.0,-3.0,-3.0,-2.0,-1.0,0.0,0.0,-2.0,0.0,0.0,0.0,0.0,0.0,0.0,0.0,0.0,0.0,0.0,0.0,0.0,0.0,0.0,0.0,0.0,0.0,0.0,0.0,0.0,-22.0,-5.0,-1.0,-2.0,-2.0,-3.0,-3.0,-2.0,-1.0,0.0,0.0,-2.0,0.0,0.0,0.0,0.0
1963-11-13,0.0,0.0,0.0,0.0,0.0,0.0,0.0,0.0,0.0,0.0,0.0,0.0,0.0,0.0,0.0,0.0,-22.0,-5.0,-1.0,-2.0,-2.0,-3.0,-3.0,-2.0,-1.0,0.0,0.0,-2.0,0.0,0.0,0.0,0.0,0.0,0.0,0.0,0.0,0.0,0.0,0.0,0.0,0.0,0.0,0.0,0.0,0.0,0.0,0.0,0.0,-22.0,-5.0,-1.0,-2.0,-2.0,-3.0,-3.0,-2.0,-1.0,0.0,0.0,-2.0,0.0,0.0,0.0,0.0
1963-11-14,0.0,0.0,0.0,0.0,0.0,0.0,0.0,0.0,0.0,0.0,0.0,0.0,0.0,0.0,0.0,0.0,-22.0,-5.0,-1.0,-2.0,-2.0,-3.0,-3.0,-2.0,-1.0,0.0,0.0,-2.0,0.0,0.0,0.0,0.0,0.0,0.0,0.0,0.0,0.0,0.0,0.0,0.0,0.0,0.0,0.0,0.0,0.0,0.0,0.0,0.0,-22.0,-5.0,-1.0,-2.0,-2.0,-3.0,-3.0,-2.0,-1.0,0.0,0.0,-2.0,0.0,0.0,0.0,0.0
1963-11-15,0.0,0.0,0.0,0.0,0.0,0.0,0.0,0.0,0.0,0.0,0.0,0.0,0.0,0.0,0.0,0.0,-22.0,-5.0,-1.0,-2.0,-2.0,-3.0,-3.0,-2.0,-1.0,0.0,0.0,-2.0,0.0,0.0,0.0,0.0,0.0,0.0,0.0,0.0,0.0,0.0,0.0,0.0,0.0,0.0,0.0,0.0,0.0,0.0,0.0,0.0,-22.0,-5.0,-1.0,-2.0,-2.0,-3.0,-3.0,-2.0,-1.0,0.0,0.0,-2.0,0.0,0.0,0.0,0.0
1963-11-16,0.0,0.0,0.0,0.0,0.0,0.0,0.0,0.0,0.0,0.0,0.0,0.0,0.0,0.0,0.0,0.0,-22.0,-5.0,-1.0,-2.0,-2.0,-3.0,-3.0,-2.0,-1.0,0.0,0.0,-2.0,0.0,0.0,0.0,0.0,0.0,0.0,0.0,0.0,0.0,0.0,0.0,0.0,0.0,0.0,0.0,0.0,0.0,0.0,0.0,0.0,-22.0,-5.0,-1.0,-2.0,-2.0,-3.0,-3.0,-2.0,-1.0,0.0,0.0,-2.0,0.0,0.0,0.0,0.0
1963-11-17,0.0,0.0,0.0,0.0,0.0,0.0,0.0,0.0,0.0,0.0,0.0,0.0,0.0,0.0,0.0,0.0,-22.0,-5.0,-1.0,-2.0,-2.0,-3.0,-3.0,-2.0,-1.0,0.0,0.0,-2.0,0.0,0.0,0.0,0.0,0.0,0.0,0.0,0.0,0.0,0.0,0.0,0.0,0.0,0.0,0.0,0.0,0.0,0.0,0.0,0.0,-22.0,-5.0,-1.0,-2.0,-2.0,-3.0,-3.0,-2.0,-1.0,0.0,0.0,-2.0,0.0,0.0,0.0,0.0
1963-11-18,0.0,0.0,0.0,0.0,0.0,0.0,0.0,0.0,0.0,0.0,0.0,0.0,0.0,0.0,0.0,0.0,-22.0,-5.0,-1.0,-2.0,-2.0,-3.0,-3.0,-2.0,-1.0,0.0,0.0,-2.0,0.0,0.0,0.0,0.0,0.0,0.0,0.0,0.0,0.0,0.0,0.0,0.0,0.0,0.0,0.0,0.0,0.0,0.0,0.0,0.0,-22.0,-5.0,-1.0,-2.0,-2.0,-3.0,-3.0,-2.0,-1.0,0.0,0.0,-2.0,0.0,0.0,0.0,0.0
1963-11-19,0.0,0.0,0.0,0.0,0.0,0.0,0.0,0.0,0.0,0.0,0.0,0.0,0.0,0.0,0.0,0.0,-22.0,-5.0,-1.0,-2.0,-2.0,-3.0,-3.0,-2.0,-1.0,0.0,0.0,-2.0,0.0,0.0,0.0,0.0,0.0,0.0,0.0,0.0,0.0,0.0,0.0,0.0,0.0,0.0,0.0,0.0,0.0,0.0,0.0,0.0,-22.0,-5.0,-1.0,-2.0,-2.0,-3.0,-3.0,-2.0,-1.0,0.0,0.0,-2.0,0.0,0.0,0.0,0.0
1963-11-20,0.0,0.0,0.0,0.0,0.0,0.0,0.0,0.0,0.0,0.0,0.0,0.0,0.0,0.0,0.0,0.0,-22.0,-5.0,-1.0,-2.0,-2.0,-3.0,-3.0,-2.0,-1.0,0.0,0.0,-2.0,0.0,0.0,0.0,0.0,0.0,0.0,0.0,0.0,0.0,0.0,0.0,0.0,0.0,0.0,0.0,0.0,0.0,0.0,0.0,0.0,-22.0,-5.0,-1.0,-2.0,-2.0,-3.0,-3.0,-2.0,-1.0,0.0,0.0,-2.0,0.0,0.0,0.0,0.0
1963-11-21,0.0,0.0,0.0,0.0,0.0,0.0,0.0,0.0,0.0,0.0,0.0,0.0,0.0,0.0,0.0,0.0,-22.0,-5.0,-1.0,-2.0,-2.0,-3.0,-3.0,-2.0,-1.0,0.0,0.0,-2.0,0.0,0.0,0.0,0.0,0.0,0.0,0.0,0.0,0.0,0.0,0.0,0.0,0.0,0.0,0.0,0.0,0.0,0.0,0.0,0.0,-22.0,-5.0,-1.0,-2.0,-2.0,-3.0,-3.0,-2.0,-1.0,0.0,0.0,-2.0,0.0,0.0,0.0,0.0
1963-11-22,0.0,0.0,0.0,0.0,0.0,0.0,0.0,0.0,0.0,0.0,0.0,0.0,0.0,0.0,0.0,0.0,-22.0,-5.0,-1.0,-2.0,-2.0,-3.0,-3.0,-2.0,-1.0,0.0,0.0,-2.0,0.0,0.0,0.0,0.0,0.0,0.0,0.0,0.0,0.0,0.0,0.0,0.0,0.0,0.0,0.0,0.0,0.0,0.0,0.0,0.0,-22.0,-5.0,-1.0,-2.0,-2.0,-3.0,-3.0,-2.0,-1.0,0.0,0.0,-2.0,0.0,0.0,0.0,0.0
1963-11-23,0.0,0.0,0.0,0.0,0.0,0.0,0.0,0.0,0.0,0.0,0.0,0.0,0.0,0.0,0.0,0.0,-22.0,-5.0,-1.0,-2.0,-2.0,-3.0,-3.0,-2.0,-1.0,0.0,0.0,-2.0,0.0,0.0,0.0,0.0,0.0,0.0,0.0,0.0,0.0,0.0,0.0,0.0,0.0,0.0,0.0,0.0,0.0,0.0,0.0,0.0,-22.0,-5.0,-1.0,-2.0,-2.0,-3.0,-3.0,-2.0,-1.0,0.0,0.0,-2.0,0.0,0.0,0.0,0.0
1963-11-24,0.0,0.0,0.0,0.0,0.0,0.0,0.0,0.0,0.0,0.0,0.0,0.0,0.0,0.0,0.0,0.0,-22.0,-5.0,-1.0,-2.0,-2.0,-3.0,-3.0,-2.0,-1.0,0.0,0.0,-2.0,0.0,0.0,0.0,0.0,0.0,0.0,0.0,0.0,0.0,0.0,0.0,0.0,0.0,0.0,0.0,0.0,0.0,0.0,0.0,0.0,-22.0,-5.0,-1.0,-2.0,-2.0,-3.0,-3.0,-2.0,-1.0,0.0,0.0,-2.0,0.0,0.0,0.0,0.0
1963-11-25,0.0,0.0,0.0,0.0,0.0,0.0,0.0,0.0,0.0,0.0,0.0,0.0,0.0,0.0,0.0,0.0,-22.0,-5.0,-1.0,-2.0,-2.0,-3.0,-3.0,-2.0,-1.0,0.0,0.0,-2.0,0.0,0.0,0.0,0.0,0.0,0.0,0.0,0.0,0.0,0.0,0.0,0.0,0.0,0.0,0.0,0.0,0.0,0.0,0.0,0.0,-22.0,-5.0,-1.0,-2.0,-2.0,-3.0,-3.0,-2.0,-1.0,0.0,0.0,-2.0,0.0,0.0,0.0,0.0
1963-11-26,0.0,0.0,0.0,0.0,0.0,0.0,0.0,0.0,0.0,0.0,0.0,0.0,0.0,0.0,0.0,0.0,-22.0,-5.0,-1.0,-2.0,-2.0,-3.0,-3.0,-2.0,-1.0,0.0,0.0,-2.0,0.0,0.0,0.0,0.0,0.0,0.0,0.0,0.0,0.0,0.0,0.0,0.0,0.0,0.0,0.0,0.0,0.0,0.0,0.0,0.0,-22.0,-5.0,-1.0,-2.0,-2.0,-3.0,-3.0,-2.0,-1.0,0.0,0.0,-2.0,0.0,0.0,0.0,0.0
1963-11-27,0.0,0.0,0.0,0.0,0.0,0.0,0.0,0.0,0.0,0.0,0.0,0.0,0.0,0.0,0.0,0.0,-22.0,-5.0,-1.0,-2.0,-2.0,-3.0,-3.0,-2.0,-1.0,0.0,0.0,-2.0,0.0,0.0,0.0,0.0,0.0,0.0,0.0,0.0,0.0,0.0,0.0,0.0,0.0,0.0,0.0,0.0,0.0,0.0,0.0,0.0,-22.0,-5.0,-1.0,-2.0,-2.0,-3.0,-3.0,-2.0,-1.0,0.0,0.0,-2.0,0.0,0.0,0.0,0.0
1963-11-28,0.0,0.0,0.0,0.0,0.0,0.0,0.0,0.0,0.0,0.0,0.0,0.0,0.0,0.0,0.0,0.0,-22.0,-5.0,-1.0,-2.0,-2.0,-3.0,-3.0,-2.0,-1.0,0.0,0.0,-2.0,0.0,0.0,0.0,0.0,0.0,0.0,0.0,0.0,0.0,0.0,0.0,0.0,0.0,0.0,0.0,0.0,0.0,0.0,0.0,0.0,-22.0,-5.0,-1.0,-2.0,-2.0,-3.0,-3.0,-2.0,-1.0,0.0,0.0,-2.0,0.0,0.0,0.0,0.0
1963-11-29,0.0,0.0,0.0,0.0,0.0,0.0,0.0,0.0,0.0,0.0,0.0,0.0,0.0,0.0,0.0,0.0,-22.0,-5.0,-1.0,-2.0,-2.0,-3.0,-3.0,-2.0,-1.0,0.0,0.0,-2.0,0.0,0.0,0.0,0.0,0.0,0.0,0.0,0.0,0.0,0.0,0.0,0.0,0.0,0.0,0.0,0.0,0.0,0.0,0.0,0.0,-22.0,-5.0,-1.0,-2.0,-2.0,-3.0,-3.0,-2.0,-1.0,0.0,0.0,-2.0,0.0,0.0,0.0,0.0
1963-11-30,0.0,0.0,0.0,0.0,0.0,0.0,0.0,0.0,0.0,0.0,0.0,0.0,0.0,0.0,0.0,0.0,-22.0,-5.0,-1.0,-2.0,-2.0,-3.0,-3.0,-2.0,-1.0,0.0,0.0,-2.0,0.0,0.0,0.0,0.0,0.0,0.0,0.0,0.0,0.0,0.0,0.0,0.0,0.0,0.0,0.0,0.0,0.0,0.0,0.0,0.0,-22.0,-5.0,-1.0,-2.0,-2.0,-3.0,-3.0,-2.0,-1.0,0.0,0.0,-2.0,0.0,0.0,0.0,0.0
1963-12-01,0.0,0.0,0.0,0.0,0.0,0.0,0.0,0.0,0.0,0.0,0.0,0.0,0.0,0.0,0.0,0.0,-14.0,-4.0,-1.0,-1.0,-2.0,-2.0,-2.0,-1.0,-1.0,0.0,0.0,-1.0,0.0,0.0,0.0,0.0,0.0,0.0,0.0,0.0,0.0,0.0,0.0,0.0,0.0,0.0,0.0,0.0,0.0,0.0,0.0,0.0,-14.0,-4.0,-1.0,-1.0,-2.0,-2.0,-2.0,-1.0,-1.0,0.0,0.0,-1.0,0.0,0.0,0.0,0.0
1963-12-02,0.0,0.0,0.0,0.0,0.0,0.0,0.0,0.0,0.0,0.0,0.0,0.0,0.0,0.0,0.0,0.0,-14.0,-4.0,-1.0,-1.0,-2.0,-2.0,-2.0,-1.0,-1.0,0.0,0.0,-1.0,0.0,0.0,0.0,0.0,0.0,0.0,0.0,0.0,0.0,0.0,0.0,0.0,0.0,0.0,0.0,0.0,0.0,0.0,0.0,0.0,-14.0,-4.0,-1.0,-1.0,-2.0,-2.0,-2.0,-1.0,-1.0,0.0,0.0,-1.0,0.0,0.0,0.0,0.0
1963-12-03,0.0,0.0,0.0,0.0,0.0,0.0,0.0,0.0,0.0,0.0,0.0,0.0,0.0,0.0,0.0,0.0,-14.0,-4.0,-1.0,-1.0,-2.0,-2.0,-2.0,-1.0,-1.0,0.0,0.0,-1.0,0.0,0.0,0.0,0.0,0.0,0.0,0.0,0.0,0.0,0.0,0.0,0.0,0.0,0.0,0.0,0.0,0.0,0.0,0.0,0.0,-14.0,-4.0,-1.0,-1.0,-2.0,-2.0,-2.0,-1.0,-1.0,0.0,0.0,-1.0,0.0,0.0,0.0,0.0
1963-12-04,0.0,0.0,0.0,0.0,0.0,0.0,0.0,0.0,0.0,0.0,0.0,0.0,0.0,0.0,0.0,0.0,-14.0,-4.0,-1.0,-1.0,-2.0,-2.0,-2.0,-1.0,-1.0,0.0,0.0,-1.0,0.0,0.0,0.0,0.0,0.0,0.0,0.0,0.0,0.0,0.0,0.0,0.0,0.0,0.0,0.0,0.0,0.0,0.0,0.0,0.0,-14.0,-4.0,-1.0,-1.0,-2.0,-2.0,-2.0,-1.0,-1.0,0.0,0.0,-1.0,0.0,0.0,0.0,0.0
1963-12-05,0.0,0.0,0.0,0.0,0.0,0.0,0.0,0.0,0.0,0.0,0.0,0.0,0.0,0.0,0.0,0.0,-14.0,-4.0,-1.0,-1.0,-2.0,-2.0,-2.0,-1.0,-1.0,0.0,0.0,-1.0,0.0,0.0,0.0,0.0,0.0,0.0,0.0,0.0,0.0,0.0,0.0,0.0,0.0,0.0,0.0,0.0,0.0,0.0,0.0,0.0,-14.0,-4.0,-1.0,-1.0,-2.0,-2.0,-2.0,-1.0,-1.0,0.0,0.0,-1.0,0.0,0.0,0.0,0.0
1963-12-06,0.0,0.0,0.0,0.0,0.0,0.0,0.0,0.0,0.0,0.0,0.0,0.0,0.0,0.0,0.0,0.0,-14.0,-4.0,-1.0,-1.0,-2.0,-2.0,-2.0,-1.0,-1.0,0.0,0.0,-1.0,0.0,0.0,0.0,0.0,0.0,0.0,0.0,0.0,0.0,0.0,0.0,0.0,0.0,0.0,0.0,0.0,0.0,0.0,0.0,0.0,-14.0,-4.0,-1.0,-1.0,-2.0,-2.0,-2.0,-1.0,-1.0,0.0,0.0,-1.0,0.0,0.0,0.0,0.0
1963-12-07,0.0,0.0,0.0,0.0,0.0,0.0,0.0,0.0,0.0,0.0,0.0,0.0,0.0,0.0,0.0,0.0,-14.0,-4.0,-1.0,-1.0,-2.0,-2.0,-2.0,-1.0,-1.0,0.0,0.0,-1.0,0.0,0.0,0.0,0.0,0.0,0.0,0.0,0.0,0.0,0.0,0.0,0.0,0.0,0.0,0.0,0.0,0.0,0.0,0.0,0.0,-14.0,-4.0,-1.0,-1.0,-2.0,-2.0,-2.0,-1.0,-1.0,0.0,0.0,-1.0,0.0,0.0,0.0,0.0
1963-12-08,0.0,0.0,0.0,0.0,0.0,0.0,0.0,0.0,0.0,0.0,0.0,0.0,0.0,0.0,0.0,0.0,-14.0,-4.0,-1.0,-1.0,-2.0,-2.0,-2.0,-1.0,-1.0,0.0,0.0,-1.0,0.0,0.0,0.0,0.0,0.0,0.0,0.0,0.0,0.0,0.0,0.0,0.0,0.0,0.0,0.0,0.0,0.0,0.0,0.0,0.0,-14.0,-4.0,-1.0,-1.0,-2.0,-2.0,-2.0,-1.0,-1.0,0.0,0.0,-1.0,0.0,0.0,0.0,0.0
1963-12-09,0.0,0.0,0.0,0.0,0.0,0.0,0.0,0.0,0.0,0.0,0.0,0.0,0.0,0.0,0.0,0.0,-14.0,-4.0,-1.0,-1.0,-2.0,-2.0,-2.0,-1.0,-1.0,0.0,0.0,-1.0,0.0,0.0,0.0,0.0,0.0,0.0,0.0,0.0,0.0,0.0,0.0,0.0,0.0,0.0,0.0,0.0,0.0,0.0,0.0,0.0,-14.0,-4.0,-1.0,-1.0,-2.0,-2.0,-2.0,-1.0,-1.0,0.0,0.0,-1.0,0.0,0.0,0.0,0.0
1963-12-10,0.0,0.0,0.0,0.0,0.0,0.0,0.0,0.0,0.0,0.0,0.0,0.0,0.0,0.0,0.0,0.0,-14.0,-4.0,-1.0,-1.0,-2.0,-2.0,-2.0,-1.0,-1.0,0.0,0.0,-1.0,0.0,0.0,0.0,0.0,0.0,0.0,0.0,0.0,0.0,0.0,0.0,0.0,0.0,0.0,0.0,0.0,0.0,0.0,0.0,0.0,-14.0,-4.0,-1.0,-1.0,-2.0,-2.0,-2.0,-1.0,-1.0,0.0,0.0,-1.0,0.0,0.0,0.0,0.0
1963-12-11,0.0,0.0,0.0,0.0,0.0,0.0,0.0,0.0,0.0,0.0,0.0,0.0,0.0,0.0,0.0,0.0,-14.0,-4.0,-1.0,-1.0,-2.0,-2.0,-2.0,-1.0,-1.0,0.0,0.0,-1.0,0.0,0.0,0.0,0.0,0.0,0.0,0.0,0.0,0.0,0.0,0.0,0.0,0.0,0.0,0.0,0.0,0.0,0.0,0.0,0.0,-14.0,-4.0,-1.0,-1.0,-2.0,-2.0,-2.0,-1.0,-1.0,0.0,0.0,-1.0,0.0,0.0,0.0,0.0
1963-12-12,0.0,0.0,0.0,0.0,0.0,0.0,0.0,0.0,0.0,0.0,0.0,0.0,0.0,0.0,0.0,0.0,-14.0,-4.0,-1.0,-1.0,-2.0,-2.0,-2.0,-1.0,-1.0,0.0,0.0,-1.0,0.0,0.0,0.0,0.0,0.0,0.0,0.0,0.0,0.0,0.0,0.0,0.0,0.0,0.0,0.0,0.0,0.0,0.0,0.0,0.0,-14.0,-4.0,-1.0,-1.0,-2.0,-2.0,-2.0,-1.0,-1.0,0.0,0.0,-1.0,0.0,0.0,0.0,0.0
1963-12-13,0.0,0.0,0.0,0.0,0.0,0.0,0.0,0.0,0.0,0.0,0.0,0.0,0.0,0.0,0.0,0.0,-14.0,-4.0,-1.0,-1.0,-2.0,-2.0,-2.0,-1.0,-1.0,0.0,0.0,-1.0,0.0,0.0,0.0,0.0,0.0,0.0,0.0,0.0,0.0,0.0,0.0,0.0,0.0,0.0,0.0,0.0,0.0,0.0,0.0,0.0,-14.0,-4.0,-1.0,-1.0,-2.0,-2.0,-2.0,-1.0,-1.0,0.0,0.0,-1.0,0.0,0.0,0.0,0.0
1963-12-14,0.0,0.0,0.0,0.0,0.0,0.0,0.0,0.0,0.0,0.0,0.0,0.0,0.0,0.0,0.0,0.0,-14.0,-4.0,-1.0,-1.0,-2.0,-2.0,-2.0,-1.0,-1.0,0.0,0.0,-1.0,0.0,0.0,0.0,0.0,0.0,0.0,0.0,0.0,0.0,0.0,0.0,0.0,0.0,0.0,0.0,0.0,0.0,0.0,0.0,0.0,-14.0,-4.0,-1.0,-1.0,-2.0,-2.0,-2.0,-1.0,-1.0,0.0,0.0,-1.0,0.0,0.0,0.0,0.0
1963-12-15,0.0,0.0,0.0,0.0,0.0,0.0,0.0,0.0,0.0,0.0,0.0,0.0,0.0,0.0,0.0,0.0,-14.0,-4.0,-1.0,-1.0,-2.0,-2.0,-2.0,-1.0,-1.0,0.0,0.0,-1.0,0.0,0.0,0.0,0.0,0.0,0.0,0.0,0.0,0.0,0.0,0.0,0.0,0.0,0.0,0.0,0.0,0.0,0.0,0.0,0.0,-14.0,-4.0,-1.0,-1.0,-2.0,-2.0,-2.0,-1.0,-1.0,0.0,0.0,-1.0,0.0,0.0,0.0,0.0
1963-12-16,0.0,0.0,0.0,0.0,0.0,0.0,0.0,0.0,0.0,0.0,0.0,0.0,0.0,0.0,0.0,0.0,-14.0,-4.0,-1.0,-1.0,-2.0,-2.0,-2.0,-1.0,-1.0,0.0,0.0,-1.0,0.0,0.0,0.0,0.0,0.0,0.0,0.0,0.0,0.0,0.0,0.0,0.0,0.0,0.0,0.0,0.0,0.0,0.0,0.0,0.0,-14.0,-4.0,-1.0,-1.0,-2.0,-2.0,-2.0,-1.0,-1.0,0.0,0.0,-1.0,0.0,0.0,0.0,0.0
1963-12-17,0.0,0.0,0.0,0.0,0.0,0.0,0.0,0.0,0.0,0.0,0.0,0.0,0.0,0.0,0.0,0.0,-14.0,-4.0,-1.0,-1.0,-2.0,-2.0,-2.0,-1.0,-1.0,0.0,0.0,-1.0,0.0,0.0,0.0,0.0,0.0,0.0,0.0,0.0,0.0,0.0,0.0,0.0,0.0,0.0,0.0,0.0,0.0,0.0,0.0,0.0,-14.0,-4.0,-1.0,-1.0,-2.0,-2.0,-2.0,-1.0,-1.0,0.0,0.0,-1.0,0.0,0.0,0.0,0.0
1963-12-18,0.0,0.0,0.0,0.0,0.0,0.0,0.0,0.0,0.0,0.0,0.0,0.0,0.0,0.0,0.0,0.0,-14.0,-4.0,-1.0,-1.0,-2.0,-2.0,-2.0,-1.0,-1.0,0.0,0.0,-1.0,0.0,0.0,0.0,0.0,0.0,0.0,0.0,0.0,0.0,0.0,0.0,0.0,0.0,0.0,0.0,0.0,0.0,0.0,0.0,0.0,-14.0,-4.0,-1.0,-1.0,-2.0,-2.0,-2.0,-1.0,-1.0,0.0,0.0,-1.0,0.0,0.0,0.0,0.0
1963-12-19,0.0,0.0,0.0,0.0,0.0,0.0,0.0,0.0,0.0,0.0,0.0,0.0,0.0,0.0,0.0,0.0,-14.0,-4.0,-1.0,-1.0,-2.0,-2.0,-2.0,-1.0,-1.0,0.0,0.0,-1.0,0.0,0.0,0.0,0.0,0.0,0.0,0.0,0.0,0.0,0.0,0.0,0.0,0.0,0.0,0.0,0.0,0.0,0.0,0.0,0.0,-14.0,-4.0,-1.0,-1.0,-2.0,-2.0,-2.0,-1.0,-1.0,0.0,0.0,-1.0,0.0,0.0,0.0,0.0
1963-12-20,0.0,0.0,0.0,0.0,0.0,0.0,0.0,0.0,0.0,0.0,0.0,0.0,0.0,0.0,0.0,0.0,-14.0,-4.0,-1.0,-1.0,-2.0,-2.0,-2.0,-1.0,-1.0,0.0,0.0,-1.0,0.0,0.0,0.0,0.0,0.0,0.0,0.0,0.0,0.0,0.0,0.0,0.0,0.0,0.0,0.0,0.0,0.0,0.0,0.0,0.0,-14.0,-4.0,-1.0,-1.0,-2.0,-2.0,-2.0,-1.0,-1.0,0.0,0.0,-1.0,0.0,0.0,0.0,0.0
1963-12-21,0.0,0.0,0.0,0.0,0.0,0.0,0.0,0.0,0.0,0.0,0.0,0.0,0.0,0.0,0.0,0.0,-14.0,-4.0,-1.0,-1.0,-2.0,-2.0,-2.0,-1.0,-1.0,0.0,0.0,-1.0,0.0,0.0,0.0,0.0,0.0,0.0,0.0,0.0,0.0,0.0,0.0,0.0,0.0,0.0,0.0,0.0,0.0,0.0,0.0,0.0,-14.0,-4.0,-1.0,-1.0,-2.0,-2.0,-2.0,-1.0,-1.0,0.0,0.0,-1.0,0.0,0.0,0.0,0.0
1963-12-22,0.0,0.0,0.0,0.0,0.0,0.0,0.0,0.0,0.0,0.0,0.0,0.0,0.0,0.0,0.0,0.0,-14.0,-4.0,-1.0,-1.0,-2.0,-2.0,-2.0,-1.0,-1.0,0.0,0.0,-1.0,0.0,0.0,0.0,0.0,0.0,0.0,0.0,0.0,0.0,0.0,0.0,0.0,0.0,0.0,0.0,0.0,0.0,0.0,0.0,0.0,-14.0,-4.0,-1.0,-1.0,-2.0,-2.0,-2.0,-1.0,-1.0,0.0,0.0,-1.0,0.0,0.0,0.0,0.0
1963-12-23,0.0,0.0,0.0,0.0,0.0,0.0,0.0,0.0,0.0,0.0,0.0,0.0,0.0,0.0,0.0,0.0,-14.0,-4.0,-1.0,-1.0,-2.0,-2.0,-2.0,-1.0,-1.0,0.0,0.0,-1.0,0.0,0.0,0.0,0.0,0.0,0.0,0.0,0.0,0.0,0.0,0.0,0.0,0.0,0.0,0.0,0.0,0.0,0.0,0.0,0.0,-14.0,-4.0,-1.0,-1.0,-2.0,-2.0,-2.0,-1.0,-1.0,0.0,0.0,-1.0,0.0,0.0,0.0,0.0
1963-12-24,0.0,0.0,0.0,0.0,0.0,0.0,0.0,0.0,0.0,0.0,0.0,0.0,0.0,0.0,0.0,0.0,-14.0,-4.0,-1.0,-1.0,-2.0,-2.0,-2.0,-1.0,-1.0,0.0,0.0,-1.0,0.0,0.0,0.0,0.0,0.0,0.0,0.0,0.0,0.0,0.0,0.0,0.0,0.0,0.0,0.0,0.0,0.0,0.0,0.0,0.0,-14.0,-4.0,-1.0,-1.0,-2.0,-2.0,-2.0,-1.0,-1.0,0.0,0.0,-1.0,0.0,0.0,0.0,0.0
1963-12-25,0.0,0.0,0.0,0.0,0.0,0.0,0.0,0.0,0.0,0.0,0.0,0.0,0.0,0.0,0.0,0.0,-14.0,-4.0,-1.0,-1.0,-2.0,-2.0,-2.0,-1.0,-1.0,0.0,0.0,-1.0,0.0,0.0,0.0,0.0,0.0,0.0,0.0,0.0,0.0,0.0,0.0,0.0,0.0,0.0,0.0,0.0,0.0,0.0,0.0,0.0,-14.0,-4.0,-1.0,-1.0,-2.0,-2.0,-2.0,-1.0,-1.0,0.0,0.0,-1.0,0.0,0.0,0.0,0.0
1963-12-26,0.0,0.0,0.0,0.0,0.0,0.0,0.0,0.0,0.0,0.0,0.0,0.0,0.0,0.0,0.0,0.0,-14.0,-4.0,-1.0,-1.0,-2.0,-2.0,-2.0,-1.0,-1.0,0.0,0.0,-1.0,0.0,0.0,0.0,0.0,0.0,0.0,0.0,0.0,0.0,0.0,0.0,0.0,0.0,0.0,0.0,0.0,0.0,0.0,0.0,0.0,-14.0,-4.0,-1.0,-1.0,-2.0,-2.0,-2.0,-1.0,-1.0,0.0,0.0,-1.0,0.0,0.0,0.0,0.0
1963-12-27,0.0,0.0,0.0,0.0,0.0,0.0,0.0,0.0,0.0,0.0,0.0,0.0,0.0,0.0,0.0,0.0,-14.0,-4.0,-1.0,-1.0,-2.0,-2.0,-2.0,-1.0,-1.0,0.0,0.0,-1.0,0.0,0.0,0.0,0.0,0.0,0.0,0.0,0.0,0.0,0.0,0.0,0.0,0.0,0.0,0.0,0.0,0.0,0.0,0.0,0.0,-14.0,-4.0,-1.0,-1.0,-2.0,-2.0,-2.0,-1.0,-1.0,0.0,0.0,-1.0,0.0,0.0,0.0,0.0
1963-12-28,0.0,0.0,0.0,0.0,0.0,0.0,0.0,0.0,0.0,0.0,0.0,0.0,0.0,0.0,0.0,0.0,-14.0,-4.0,-1.0,-1.0,-2.0,-2.0,-2.0,-1.0,-1.0,0.0,0.0,-1.0,0.0,0.0,0.0,0.0,0.0,0.0,0.0,0.0,0.0,0.0,0.0,0.0,0.0,0.0,0.0,0.0,0.0,0.0,0.0,0.0,-14.0,-4.0,-1.0,-1.0,-2.0,-2.0,-2.0,-1.0,-1.0,0.0,0.0,-1.0,0.0,0.0,0.0,0.0
1963-12-29,0.0,0.0,0.0,0.0,0.0,0.0,0.0,0.0,0.0,0.0,0.0,0.0,0.0,0.0,0.0,0.0,-14.0,-4.0,-1.0,-1.0,-2.0,-2.0,-2.0,-1.0,-1.0,0.0,0.0,-1.0,0.0,0.0,0.0,0.0,0.0,0.0,0.0,0.0,0.0,0.0,0.0,0.0,0.0,0.0,0.0,0.0,0.0,0.0,0.0,0.0,-14.0,-4.0,-1.0,-1.0,-2.0,-2.0,-2.0,-1.0,-1.0,0.0,0.0,-1.0,0.0,0.0,0.0,0.0
1963-12-30,0.0,0.0,0.0,0.0,0.0,0.0,0.0,0.0,0.0,0.0,0.0,0.0,0.0,0.0,0.0,0.0,-14.0,-4.0,-1.0,-1.0,-2.0,-2.0,-2.0,-1.0,-1.0,0.0,0.0,-1.0,0.0,0.0,0.0,0.0,0.0,0.0,0.0,0.0,0.0,0.0,0.0,0.0,0.0,0.0,0.0,0.0,0.0,0.0,0.0,0.0,-14.0,-4.0,-1.0,-1.0,-2.0,-2.0,-2.0,-1.0,-1.0,0.0,0.0,-1.0,0.0,0.0,0.0,0.0
1963-12-31,0.0,0.0,0.0,0.0,0.0,0.0,0.0,0.0,0.0,0.0,0.0,0.0,0.0,0.0,0.0,0.0,-14.0,-4.0,-1.0,-1.0,-2.0,-2.0,-2.0,-1.0,-1.0,0.0,0.0,-1.0,0.0,0.0,0.0,0.0,0.0,0.0,0.0,0.0,0.0,0.0,0.0,0.0,0.0,0.0,0.0,0.0,0.0,0.0,0.0,0.0,-14.0,-4.0,-1.0,-1.0,-2.0,-2.0,-2.0,-1.0,-1.0,0.0,0.0,-1.0,0.0,0.0,0.0,0.0
1964-01-01,0.0,0.0,0.0,0.0,0.0,0.0,0.0,0.0,0.0,0.0,0.0,0.0,0.0,0.0,0.0,0.0,-14.0,-4.0,-1.0,-1.0,-2.0,-2.0,-2.0,-1.0,-1.0,0.0,0.0,-1.0,0.0,0.0,0.0,0.0,0.0,0.0,0.0,0.0,0.0,0.0,0.0,0.0,0.0,0.0,0.0,0.0,0.0,0.0,0.0,0.0,-14.0,-4.0,-1.0,-1.0,-2.0,-2.0,-2.0,-1.0,-1.0,0.0,0.0,-1.0,0.0,0.0,0.0,0.0
1964-01-02,0.0,0.0,0.0,0.0,0.0,0.0,0.0,0.0,0.0,0.0,0.0,0.0,0.0,0.0,0.0,0.0,-14.0,-4.0,-1.0,-1.0,-2.0,-2.0,-2.0,-1.0,-1.0,0.0,0.0,-1.0,0.0,0.0,0.0,0.0,0.0,0.0,0.0,0.0,0.0,0.0,0.0,0.0,0.0,0.0,0.0,0.0,0.0,0.0,0.0,0.0,-14.0,-4.0,-1.0,-1.0,-2.0,-2.0,-2.0,-1.0,-1.0,0.0,0.0,-1.0,0.0,0.0,0.0,0.0
1964-01-03,0.0,0.0,0.0,0.0,0.0,0.0,0.0,0.0,0.0,0.0,0.0,0.0,0.0,0.0,0.0,0.0,-14.0,-4.0,-1.0,-1.0,-2.0,-2.0,-2.0,-1.0,-1.0,0.0,0.0,-1.0,0.0,0.0,0.0,0.0,0.0,0.0,0.0,0.0,0.0,0.0,0.0,0.0,0.0,0.0,0.0,0.0,0.0,0.0,0.0,0.0,-14.0,-4.0,-1.0,-1.0,-2.0,-2.0,-2.0,-1.0,-1.0,0.0,0.0,-1.0,0.0,0.0,0.0,0.0
1964-01-04,0.0,0.0,0.0,0.0,0.0,0.0,0.0,0.0,0.0,0.0,0.0,0.0,0.0,0.0,0.0,0.0,-14.0,-4.0,-1.0,-1.0,-2.0,-2.0,-2.0,-1.0,-1.0,0.0,0.0,-1.0,0.0,0.0,0.0,0.0,0.0,0.0,0.0,0.0,0.0,0.0,0.0,0.0,0.0,0.0,0.0,0.0,0.0,0.0,0.0,0.0,-14.0,-4.0,-1.0,-1.0,-2.0,-2.0,-2.0,-1.0,-1.0,0.0,0.0,-1.0,0.0,0.0,0.0,0.0
1964-01-05,0.0,0.0,0.0,0.0,0.0,0.0,0.0,0.0,0.0,0.0,0.0,0.0,0.0,0.0,0.0,0.0,-14.0,-4.0,-1.0,-1.0,-2.0,-2.0,-2.0,-1.0,-1.0,0.0,0.0,-1.0,0.0,0.0,0.0,0.0,0.0,0.0,0.0,0.0,0.0,0.0,0.0,0.0,0.0,0.0,0.0,0.0,0.0,0.0,0.0,0.0,-14.0,-4.0,-1.0,-1.0,-2.0,-2.0,-2.0,-1.0,-1.0,0.0,0.0,-1.0,0.0,0.0,0.0,0.0
1964-01-06,0.0,0.0,0.0,0.0,0.0,0.0,0.0,0.0,0.0,0.0,0.0,0.0,0.0,0.0,0.0,0.0,-14.0,-4.0,-1.0,-1.0,-2.0,-2.0,-2.0,-1.0,-1.0,0.0,0.0,-1.0,0.0,0.0,0.0,0.0,0.0,0.0,0.0,0.0,0.0,0.0,0.0,0.0,0.0,0.0,0.0,0.0,0.0,0.0,0.0,0.0,-14.0,-4.0,-1.0,-1.0,-2.0,-2.0,-2.0,-1.0,-1.0,0.0,0.0,-1.0,0.0,0.0,0.0,0.0
1964-01-07,0.0,0.0,0.0,0.0,0.0,0.0,0.0,0.0,0.0,0.0,0.0,0.0,0.0,0.0,0.0,0.0,-14.0,-4.0,-1.0,-1.0,-2.0,-2.0,-2.0,-1.0,-1.0,0.0,0.0,-1.0,0.0,0.0,0.0,0.0,0.0,0.0,0.0,0.0,0.0,0.0,0.0,0.0,0.0,0.0,0.0,0.0,0.0,0.0,0.0,0.0,-14.0,-4.0,-1.0,-1.0,-2.0,-2.0,-2.0,-1.0,-1.0,0.0,0.0,-1.0,0.0,0.0,0.0,0.0
1964-01-08,0.0,0.0,0.0,0.0,0.0,0.0,0.0,0.0,0.0,0.0,0.0,0.0,0.0,0.0,0.0,0.0,-14.0,-4.0,-1.0,-1.0,-2.0,-2.0,-2.0,-1.0,-1.0,0.0,0.0,-1.0,0.0,0.0,0.0,0.0,0.0,0.0,0.0,0.0,0.0,0.0,0.0,0.0,0.0,0.0,0.0,0.0,0.0,0.0,0.0,0.0,-14.0,-4.0,-1.0,-1.0,-2.0,-2.0,-2.0,-1.0,-1.0,0.0,0.0,-1.0,0.0,0.0,0.0,0.0
1964-01-09,0.0,0.0,0.0,0.0,0.0,0.0,0.0,0.0,0.0,0.0,0.0,0.0,0.0,0.0,0.0,0.0,-14.0,-4.0,-1.0,-1.0,-2.0,-2.0,-2.0,-1.0,-1.0,0.0,0.0,-1.0,0.0,0.0,0.0,0.0,0.0,0.0,0.0,0.0,0.0,0.0,0.0,0.0,0.0,0.0,0.0,0.0,0.0,0.0,0.0,0.0,-14.0,-4.0,-1.0,-1.0,-2.0,-2.0,-2.0,-1.0,-1.0,0.0,0.0,-1.0,0.0,0.0,0.0,0.0
1964-01-10,0.0,0.0,0.0,0.0,0.0,0.0,0.0,0.0,0.0,0.0,0.0,0.0,0.0,0.0,0.0,0.0,-14.0,-4.0,-1.0,-1.0,-2.0,-2.0,-2.0,-1.0,-1.0,0.0,0.0,-1.0,0.0,0.0,0.0,0.0,0.0,0.0,0.0,0.0,0.0,0.0,0.0,0.0,0.0,0.0,0.0,0.0,0.0,0.0,0.0,0.0,-14.0,-4.0,-1.0,-1.0,-2.0,-2.0,-2.0,-1.0,-1.0,0.0,0.0,-1.0,0.0,0.0,0.0,0.0
1964-01-11,0.0,0.0,0.0,0.0,0.0,0.0,0.0,0.0,0.0,0.0,0.0,0.0,0.0,0.0,0.0,0.0,-14.0,-4.0,-1.0,-1.0,-2.0,-2.0,-2.0,-1.0,-1.0,0.0,0.0,-1.0,0.0,0.0,0.0,0.0,0.0,0.0,0.0,0.0,0.0,0.0,0.0,0.0,0.0,0.0,0.0,0.0,0.0,0.0,0.0,0.0,-14.0,-4.0,-1.0,-1.0,-2.0,-2.0,-2.0,-1.0,-1.0,0.0,0.0,-1.0,0.0,0.0,0.0,0.0
1964-01-12,0.0,0.0,0.0,0.0,0.0,0.0,0.0,0.0,0.0,0.0,0.0,0.0,0.0,0.0,0.0,0.0,-14.0,-4.0,-1.0,-1.0,-2.0,-2.0,-2.0,-1.0,-1.0,0.0,0.0,-1.0,0.0,0.0,0.0,0.0,0.0,0.0,0.0,0.0,0.0,0.0,0.0,0.0,0.0,0.0,0.0,0.0,0.0,0.0,0.0,0.0,-14.0,-4.0,-1.0,-1.0,-2.0,-2.0,-2.0,-1.0,-1.0,0.0,0.0,-1.0,0.0,0.0,0.0,0.0
1964-01-13,0.0,0.0,0.0,0.0,0.0,0.0,0.0,0.0,0.0,0.0,0.0,0.0,0.0,0.0,0.0,0.0,-14.0,-4.0,-1.0,-1.0,-2.0,-2.0,-2.0,-1.0,-1.0,0.0,0.0,-1.0,0.0,0.0,0.0,0.0,0.0,0.0,0.0,0.0,0.0,0.0,0.0,0.0,0.0,0.0,0.0,0.0,0.0,0.0,0.0,0.0,-14.0,-4.0,-1.0,-1.0,-2.0,-2.0,-2.0,-1.0,-1.0,0.0,0.0,-1.0,0.0,0.0,0.0,0.0
1964-01-14,0.0,0.0,0.0,0.0,0.0,0.0,0.0,0.0,0.0,0.0,0.0,0.0,0.0,0.0,0.0,0.0,-14.0,-4.0,-1.0,-1.0,-2.0,-2.0,-2.0,-1.0,-1.0,0.0,0.0,-1.0,0.0,0.0,0.0,0.0,0.0,0.0,0.0,0.0,0.0,0.0,0.0,0.0,0.0,0.0,0.0,0.0,0.0,0.0,0.0,0.0,-14.0,-4.0,-1.0,-1.0,-2.0,-2.0,-2.0,-1.0,-1.0,0.0,0.0,-1.0,0.0,0.0,0.0,0.0
1964-01-15,0.0,0.0,0.0,0.0,0.0,0.0,0.0,0.0,0.0,0.0,0.0,0.0,0.0,0.0,0.0,0.0,-14.0,-4.0,-1.0,-1.0,-2.0,-2.0,-2.0,-1.0,-1.0,0.0,0.0,-1.0,0.0,0.0,0.0,0.0,0.0,0.0,0.0,0.0,0.0,0.0,0.0,0.0,0.0,0.0,0.0,0.0,0.0,0.0,0.0,0.0,-14.0,-4.0,-1.0,-1.0,-2.0,-2.0,-2.0,-1.0,-1.0,0.0,0.0,-1.0,0.0,0.0,0.0,0.0
1964-01-16,0.0,0.0,0.0,0.0,0.0,0.0,0.0,0.0,0.0,0.0,0.0,0.0,0.0,0.0,0.0,0.0,-14.0,-4.0,-1.0,-1.0,-2.0,-2.0,-2.0,-1.0,-1.0,0.0,0.0,-1.0,0.0,0.0,0.0,0.0,0.0,0.0,0.0,0.0,0.0,0.0,0.0,0.0,0.0,0.0,0.0,0.0,0.0,0.0,0.0,0.0,-14.0,-4.0,-1.0,-1.0,-2.0,-2.0,-2.0,-1.0,-1.0,0.0,0.0,-1.0,0.0,0.0,0.0,0.0
1964-01-17,0.0,0.0,0.0,0.0,0.0,0.0,0.0,0.0,0.0,0.0,0.0,0.0,0.0,0.0,0.0,0.0,-14.0,-4.0,-1.0,-1.0,-2.0,-2.0,-2.0,-1.0,-1.0,0.0,0.0,-1.0,0.0,0.0,0.0,0.0,0.0,0.0,0.0,0.0,0.0,0.0,0.0,0.0,0.0,0.0,0.0,0.0,0.0,0.0,0.0,0.0,-14.0,-4.0,-1.0,-1.0,-2.0,-2.0,-2.0,-1.0,-1.0,0.0,0.0,-1.0,0.0,0.0,0.0,0.0
1964-01-18,0.0,0.0,0.0,0.0,0.0,0.0,0.0,0.0,0.0,0.0,0.0,0.0,0.0,0.0,0.0,0.0,-14.0,-4.0,-1.0,-1.0,-2.0,-2.0,-2.0,-1.0,-1.0,0.0,0.0,-1.0,0.0,0.0,0.0,0.0,0.0,0.0,0.0,0.0,0.0,0.0,0.0,0.0,0.0,0.0,0.0,0.0,0.0,0.0,0.0,0.0,-14.0,-4.0,-1.0,-1.0,-2.0,-2.0,-2.0,-1.0,-1.0,0.0,0.0,-1.0,0.0,0.0,0.0,0.0
1964-01-19,0.0,0.0,0.0,0.0,0.0,0.0,0.0,0.0,0.0,0.0,0.0,0.0,0.0,0.0,0.0,0.0,-14.0,-4.0,-1.0,-1.0,-2.0,-2.0,-2.0,-1.0,-1.0,0.0,0.0,-1.0,0.0,0.0,0.0,0.0,0.0,0.0,0.0,0.0,0.0,0.0,0.0,0.0,0.0,0.0,0.0,0.0,0.0,0.0,0.0,0.0,-14.0,-4.0,-1.0,-1.0,-2.0,-2.0,-2.0,-1.0,-1.0,0.0,0.0,-1.0,0.0,0.0,0.0,0.0
1964-01-20,0.0,0.0,0.0,0.0,0.0,0.0,0.0,0.0,0.0,0.0,0.0,0.0,0.0,0.0,0.0,0.0,-14.0,-4.0,-1.0,-1.0,-2.0,-2.0,-2.0,-1.0,-1.0,0.0,0.0,-1.0,0.0,0.0,0.0,0.0,0.0,0.0,0.0,0.0,0.0,0.0,0.0,0.0,0.0,0.0,0.0,0.0,0.0,0.0,0.0,0.0,-14.0,-4.0,-1.0,-1.0,-2.0,-2.0,-2.0,-1.0,-1.0,0.0,0.0,-1.0,0.0,0.0,0.0,0.0
1964-01-21,0.0,0.0,0.0,0.0,0.0,0.0,0.0,0.0,0.0,0.0,0.0,0.0,0.0,0.0,0.0,0.0,-14.0,-4.0,-1.0,-1.0,-2.0,-2.0,-2.0,-1.0,-1.0,0.0,0.0,-1.0,0.0,0.0,0.0,0.0,0.0,0.0,0.0,0.0,0.0,0.0,0.0,0.0,0.0,0.0,0.0,0.0,0.0,0.0,0.0,0.0,-14.0,-4.0,-1.0,-1.0,-2.0,-2.0,-2.0,-1.0,-1.0,0.0,0.0,-1.0,0.0,0.0,0.0,0.0
1964-01-22,0.0,0.0,0.0,0.0,0.0,0.0,0.0,0.0,0.0,0.0,0.0,0.0,0.0,0.0,0.0,0.0,-14.0,-4.0,-1.0,-1.0,-2.0,-2.0,-2.0,-1.0,-1.0,0.0,0.0,-1.0,0.0,0.0,0.0,0.0,0.0,0.0,0.0,0.0,0.0,0.0,0.0,0.0,0.0,0.0,0.0,0.0,0.0,0.0,0.0,0.0,-14.0,-4.0,-1.0,-1.0,-2.0,-2.0,-2.0,-1.0,-1.0,0.0,0.0,-1.0,0.0,0.0,0.0,0.0
1964-01-23,0.0,0.0,0.0,0.0,0.0,0.0,0.0,0.0,0.0,0.0,0.0,0.0,0.0,0.0,0.0,0.0,-14.0,-4.0,-1.0,-1.0,-2.0,-2.0,-2.0,-1.0,-1.0,0.0,0.0,-1.0,0.0,0.0,0.0,0.0,0.0,0.0,0.0,0.0,0.0,0.0,0.0,0.0,0.0,0.0,0.0,0.0,0.0,0.0,0.0,0.0,-14.0,-4.0,-1.0,-1.0,-2.0,-2.0,-2.0,-1.0,-1.0,0.0,0.0,-1.0,0.0,0.0,0.0,0.0
1964-01-24,0.0,0.0,0.0,0.0,0.0,0.0,0.0,0.0,0.0,0.0,0.0,0.0,0.0,0.0,0.0,0.0,-14.0,-4.0,-1.0,-1.0,-2.0,-2.0,-2.0,-1.0,-1.0,0.0,0.0,-1.0,0.0,0.0,0.0,0.0,0.0,0.0,0.0,0.0,0.0,0.0,0.0,0.0,0.0,0.0,0.0,0.0,0.0,0.0,0.0,0.0,-14.0,-4.0,-1.0,-1.0,-2.0,-2.0,-2.0,-1.0,-1.0,0.0,0.0,-1.0,0.0,0.0,0.0,0.0
1964-01-25,0.0,0.0,0.0,0.0,0.0,0.0,0.0,0.0,0.0,0.0,0.0,0.0,0.0,0.0,0.0,0.0,-14.0,-4.0,-1.0,-1.0,-2.0,-2.0,-2.0,-1.0,-1.0,0.0,0.0,-1.0,0.0,0.0,0.0,0.0,0.0,0.0,0.0,0.0,0.0,0.0,0.0,0.0,0.0,0.0,0.0,0.0,0.0,0.0,0.0,0.0,-14.0,-4.0,-1.0,-1.0,-2.0,-2.0,-2.0,-1.0,-1.0,0.0,0.0,-1.0,0.0,0.0,0.0,0.0
1964-01-26,0.0,0.0,0.0,0.0,0.0,0.0,0.0,0.0,0.0,0.0,0.0,0.0,0.0,0.0,0.0,0.0,-14.0,-4.0,-1.0,-1.0,-2.0,-2.0,-2.0,-1.0,-1.0,0.0,0.0,-1.0,0.0,0.0,0.0,0.0,0.0,0.0,0.0,0.0,0.0,0.0,0.0,0.0,0.0,0.0,0.0,0.0,0.0,0.0,0.0,0.0,-14.0,-4.0,-1.0,-1.0,-2.0,-2.0,-2.0,-1.0,-1.0,0.0,0.0,-1.0,0.0,0.0,0.0,0.0
1964-01-27,0.0,0.0,0.0,0.0,0.0,0.0,0.0,0.0,0.0,0.0,0.0,0.0,0.0,0.0,0.0,0.0,-14.0,-4.0,-1.0,-1.0,-2.0,-2.0,-2.0,-1.0,-1.0,0.0,0.0,-1.0,0.0,0.0,0.0,0.0,0.0,0.0,0.0,0.0,0.0,0.0,0.0,0.0,0.0,0.0,0.0,0.0,0.0,0.0,0.0,0.0,-14.0,-4.0,-1.0,-1.0,-2.0,-2.0,-2.0,-1.0,-1.0,0.0,0.0,-1.0,0.0,0.0,0.0,0.0
1964-01-28,0.0,0.0,0.0,0.0,0.0,0.0,0.0,0.0,0.0,0.0,0.0,0.0,0.0,0.0,0.0,0.0,-14.0,-4.0,-1.0,-1.0,-2.0,-2.0,-2.0,-1.0,-1.0,0.0,0.0,-1.0,0.0,0.0,0.0,0.0,0.0,0.0,0.0,0.0,0.0,0.0,0.0,0.0,0.0,0.0,0.0,0.0,0.0,0.0,0.0,0.0,-14.0,-4.0,-1.0,-1.0,-2.0,-2.0,-2.0,-1.0,-1.0,0.0,0.0,-1.0,0.0,0.0,0.0,0.0
1964-01-29,0.0,0.0,0.0,0.0,0.0,0.0,0.0,0.0,0.0,0.0,0.0,0.0,0.0,0.0,0.0,0.0,-14.0,-4.0,-1.0,-1.0,-2.0,-2.0,-2.0,-1.0,-1.0,0.0,0.0,-1.0,0.0,0.0,0.0,0.0,0.0,0.0,0.0,0.0,0.0,0.0,0.0,0.0,0.0,0.0,0.0,0.0,0.0,0.0,0.0,0.0,-14.0,-4.0,-1.0,-1.0,-2.0,-2.0,-2.0,-1.0,-1.0,0.0,0.0,-1.0,0.0,0.0,0.0,0.0
1964-01-30,0.0,0.0,0.0,0.0,0.0,0.0,0.0,0.0,0.0,0.0,0.0,0.0,0.0,0.0,0.0,0.0,-14.0,-4.0,-1.0,-1.0,-2.0,-2.0,-2.0,-1.0,-1.0,0.0,0.0,-1.0,0.0,0.0,0.0,0.0,0.0,0.0,0.0,0.0,0.0,0.0,0.0,0.0,0.0,0.0,0.0,0.0,0.0,0.0,0.0,0.0,-14.0,-4.0,-1.0,-1.0,-2.0,-2.0,-2.0,-1.0,-1.0,0.0,0.0,-1.0,0.0,0.0,0.0,0.0
1964-01-31,0.0,0.0,0.0,0.0,0.0,0.0,0.0,0.0,0.0,0.0,0.0,0.0,0.0,0.0,0.0,0.0,-14.0,-4.0,-1.0,-1.0,-2.0,-2.0,-2.0,-1.0,-1.0,0.0,0.0,-1.0,0.0,0.0,0.0,0.0,0.0,0.0,0.0,0.0,0.0,0.0,0.0,0.0,0.0,0.0,0.0,0.0,0.0,0.0,0.0,0.0,-14.0,-4.0,-1.0,-1.0,-2.0,-2.0,-2.0,-1.0,-1.0,0.0,0.0,-1.0,0.0,0.0,0.0,0.0
1964-02-01,0.0,0.0,0.0,0.0,0.0,0.0,0.0,0.0,0.0,0.0,0.0,0.0,0.0,0.0,0.0,0.0,-14.0,-4.0,-1.0,-1.0,-2.0,-2.0,-2.0,-1.0,-1.0,0.0,0.0,-1.0,0.0,0.0,0.0,0.0,0.0,0.0,0.0,0.0,0.0,0.0,0.0,0.0,0.0,0.0,0.0,0.0,0.0,0.0,0.0,0.0,-14.0,-4.0,-1.0,-1.0,-2.0,-2.0,-2.0,-1.0,-1.0,0.0,0.0,-1.0,0.0,0.0,0.0,0.0
1964-02-02,0.0,0.0,0.0,0.0,0.0,0.0,0.0,0.0,0.0,0.0,0.0,0.0,0.0,0.0,0.0,0.0,-14.0,-4.0,-1.0,-1.0,-2.0,-2.0,-2.0,-1.0,-1.0,0.0,0.0,-1.0,0.0,0.0,0.0,0.0,0.0,0.0,0.0,0.0,0.0,0.0,0.0,0.0,0.0,0.0,0.0,0.0,0.0,0.0,0.0,0.0,-14.0,-4.0,-1.0,-1.0,-2.0,-2.0,-2.0,-1.0,-1.0,0.0,0.0,-1.0,0.0,0.0,0.0,0.0
1964-02-03,0.0,0.0,0.0,0.0,0.0,0.0,0.0,0.0,0.0,0.0,0.0,0.0,0.0,0.0,0.0,0.0,-14.0,-4.0,-1.0,-1.0,-2.0,-2.0,-2.0,-1.0,-1.0,0.0,0.0,-1.0,0.0,0.0,0.0,0.0,0.0,0.0,0.0,0.0,0.0,0.0,0.0,0.0,0.0,0.0,0.0,0.0,0.0,0.0,0.0,0.0,-14.0,-4.0,-1.0,-1.0,-2.0,-2.0,-2.0,-1.0,-1.0,0.0,0.0,-1.0,0.0,0.0,0.0,0.0
1964-02-04,0.0,0.0,0.0,0.0,0.0,0.0,0.0,0.0,0.0,0.0,0.0,0.0,0.0,0.0,0.0,0.0,-14.0,-4.0,-1.0,-1.0,-2.0,-2.0,-2.0,-1.0,-1.0,0.0,0.0,-1.0,0.0,0.0,0.0,0.0,0.0,0.0,0.0,0.0,0.0,0.0,0.0,0.0,0.0,0.0,0.0,0.0,0.0,0.0,0.0,0.0,-14.0,-4.0,-1.0,-1.0,-2.0,-2.0,-2.0,-1.0,-1.0,0.0,0.0,-1.0,0.0,0.0,0.0,0.0
1964-02-05,0.0,0.0,0.0,0.0,0.0,0.0,0.0,0.0,0.0,0.0,0.0,0.0,0.0,0.0,0.0,0.0,-14.0,-4.0,-1.0,-1.0,-2.0,-2.0,-2.0,-1.0,-1.0,0.0,0.0,-1.0,0.0,0.0,0.0,0.0,0.0,0.0,0.0,0.0,0.0,0.0,0.0,0.0,0.0,0.0,0.0,0.0,0.0,0.0,0.0,0.0,-14.0,-4.0,-1.0,-1.0,-2.0,-2.0,-2.0,-1.0,-1.0,0.0,0.0,-1.0,0.0,0.0,0.0,0.0
1964-02-06,0.0,0.0,0.0,0.0,0.0,0.0,0.0,0.0,0.0,0.0,0.0,0.0,0.0,0.0,0.0,0.0,-14.0,-4.0,-1.0,-1.0,-2.0,-2.0,-2.0,-1.0,-1.0,0.0,0.0,-1.0,0.0,0.0,0.0,0.0,0.0,0.0,0.0,0.0,0.0,0.0,0.0,0.0,0.0,0.0,0.0,0.0,0.0,0.0,0.0,0.0,-14.0,-4.0,-1.0,-1.0,-2.0,-2.0,-2.0,-1.0,-1.0,0.0,0.0,-1.0,0.0,0.0,0.0,0.0
1964-02-07,0.0,0.0,0.0,0.0,0.0,0.0,0.0,0.0,0.0,0.0,0.0,0.0,0.0,0.0,0.0,0.0,-14.0,-4.0,-1.0,-1.0,-2.0,-2.0,-2.0,-1.0,-1.0,0.0,0.0,-1.0,0.0,0.0,0.0,0.0,0.0,0.0,0.0,0.0,0.0,0.0,0.0,0.0,0.0,0.0,0.0,0.0,0.0,0.0,0.0,0.0,-14.0,-4.0,-1.0,-1.0,-2.0,-2.0,-2.0,-1.0,-1.0,0.0,0.0,-1.0,0.0,0.0,0.0,0.0
1964-02-08,0.0,0.0,0.0,0.0,0.0,0.0,0.0,0.0,0.0,0.0,0.0,0.0,0.0,0.0,0.0,0.0,-14.0,-4.0,-1.0,-1.0,-2.0,-2.0,-2.0,-1.0,-1.0,0.0,0.0,-1.0,0.0,0.0,0.0,0.0,0.0,0.0,0.0,0.0,0.0,0.0,0.0,0.0,0.0,0.0,0.0,0.0,0.0,0.0,0.0,0.0,-14.0,-4.0,-1.0,-1.0,-2.0,-2.0,-2.0,-1.0,-1.0,0.0,0.0,-1.0,0.0,0.0,0.0,0.0
1964-02-09,0.0,0.0,0.0,0.0,0.0,0.0,0.0,0.0,0.0,0.0,0.0,0.0,0.0,0.0,0.0,0.0,-14.0,-4.0,-1.0,-1.0,-2.0,-2.0,-2.0,-1.0,-1.0,0.0,0.0,-1.0,0.0,0.0,0.0,0.0,0.0,0.0,0.0,0.0,0.0,0.0,0.0,0.0,0.0,0.0,0.0,0.0,0.0,0.0,0.0,0.0,-14.0,-4.0,-1.0,-1.0,-2.0,-2.0,-2.0,-1.0,-1.0,0.0,0.0,-1.0,0.0,0.0,0.0,0.0
1964-02-10,0.0,0.0,0.0,0.0,0.0,0.0,0.0,0.0,0.0,0.0,0.0,0.0,0.0,0.0,0.0,0.0,-14.0,-4.0,-1.0,-1.0,-2.0,-2.0,-2.0,-1.0,-1.0,0.0,0.0,-1.0,0.0,0.0,0.0,0.0,0.0,0.0,0.0,0.0,0.0,0.0,0.0,0.0,0.0,0.0,0.0,0.0,0.0,0.0,0.0,0.0,-14.0,-4.0,-1.0,-1.0,-2.0,-2.0,-2.0,-1.0,-1.0,0.0,0.0,-1.0,0.0,0.0,0.0,0.0
1964-02-11,0.0,0.0,0.0,0.0,0.0,0.0,0.0,0.0,0.0,0.0,0.0,0.0,0.0,0.0,0.0,0.0,-14.0,-4.0,-1.0,-1.0,-2.0,-2.0,-2.0,-1.0,-1.0,0.0,0.0,-1.0,0.0,0.0,0.0,0.0,0.0,0.0,0.0,0.0,0.0,0.0,0.0,0.0,0.0,0.0,0.0,0.0,0.0,0.0,0.0,0.0,-14.0,-4.0,-1.0,-1.0,-2.0,-2.0,-2.0,-1.0,-1.0,0.0,0.0,-1.0,0.0,0.0,0.0,0.0
1964-02-12,0.0,0.0,0.0,0.0,0.0,0.0,0.0,0.0,0.0,0.0,0.0,0.0,0.0,0.0,0.0,0.0,-14.0,-4.0,-1.0,-1.0,-2.0,-2.0,-2.0,-1.0,-1.0,0.0,0.0,-1.0,0.0,0.0,0.0,0.0,0.0,0.0,0.0,0.0,0.0,0.0,0.0,0.0,0.0,0.0,0.0,0.0,0.0,0.0,0.0,0.0,-14.0,-4.0,-1.0,-1.0,-2.0,-2.0,-2.0,-1.0,-1.0,0.0,0.0,-1.0,0.0,0.0,0.0,0.0
1964-02-13,0.0,0.0,0.0,0.0,0.0,0.0,0.0,0.0,0.0,0.0,0.0,0.0,0.0,0.0,0.0,0.0,-14.0,-4.0,-1.0,-1.0,-2.0,-2.0,-2.0,-1.0,-1.0,0.0,0.0,-1.0,0.0,0.0,0.0,0.0,0.0,0.0,0.0,0.0,0.0,0.0,0.0,0.0,0.0,0.0,0.0,0.0,0.0,0.0,0.0,0.0,-14.0,-4.0,-1.0,-1.0,-2.0,-2.0,-2.0,-1.0,-1.0,0.0,0.0,-1.0,0.0,0.0,0.0,0.0
1964-02-14,0.0,0.0,0.0,0.0,0.0,0.0,0.0,0.0,0.0,0.0,0.0,0.0,0.0,0.0,0.0,0.0,-14.0,-4.0,-1.0,-1.0,-2.0,-2.0,-2.0,-1.0,-1.0,0.0,0.0,-1.0,0.0,0.0,0.0,0.0,0.0,0.0,0.0,0.0,0.0,0.0,0.0,0.0,0.0,0.0,0.0,0.0,0.0,0.0,0.0,0.0,-14.0,-4.0,-1.0,-1.0,-2.0,-2.0,-2.0,-1.0,-1.0,0.0,0.0,-1.0,0.0,0.0,0.0,0.0
1964-02-15,0.0,0.0,0.0,0.0,0.0,0.0,0.0,0.0,0.0,0.0,0.0,0.0,0.0,0.0,0.0,0.0,-14.0,-4.0,-1.0,-1.0,-2.0,-2.0,-2.0,-1.0,-1.0,0.0,0.0,-1.0,0.0,0.0,0.0,0.0,0.0,0.0,0.0,0.0,0.0,0.0,0.0,0.0,0.0,0.0,0.0,0.0,0.0,0.0,0.0,0.0,-14.0,-4.0,-1.0,-1.0,-2.0,-2.0,-2.0,-1.0,-1.0,0.0,0.0,-1.0,0.0,0.0,0.0,0.0
1964-02-16,0.0,0.0,0.0,0.0,0.0,0.0,0.0,0.0,0.0,0.0,0.0,0.0,0.0,0.0,0.0,0.0,-14.0,-4.0,-1.0,-1.0,-2.0,-2.0,-2.0,-1.0,-1.0,0.0,0.0,-1.0,0.0,0.0,0.0,0.0,0.0,0.0,0.0,0.0,0.0,0.0,0.0,0.0,0.0,0.0,0.0,0.0,0.0,0.0,0.0,0.0,-14.0,-4.0,-1.0,-1.0,-2.0,-2.0,-2.0,-1.0,-1.0,0.0,0.0,-1.0,0.0,0.0,0.0,0.0
1964-02-17,0.0,0.0,0.0,0.0,0.0,0.0,0.0,0.0,0.0,0.0,0.0,0.0,0.0,0.0,0.0,0.0,-14.0,-4.0,-1.0,-1.0,-2.0,-2.0,-2.0,-1.0,-1.0,0.0,0.0,-1.0,0.0,0.0,0.0,0.0,0.0,0.0,0.0,0.0,0.0,0.0,0.0,0.0,0.0,0.0,0.0,0.0,0.0,0.0,0.0,0.0,-14.0,-4.0,-1.0,-1.0,-2.0,-2.0,-2.0,-1.0,-1.0,0.0,0.0,-1.0,0.0,0.0,0.0,0.0
1964-02-18,0.0,0.0,0.0,0.0,0.0,0.0,0.0,0.0,0.0,0.0,0.0,0.0,0.0,0.0,0.0,0.0,-14.0,-4.0,-1.0,-1.0,-2.0,-2.0,-2.0,-1.0,-1.0,0.0,0.0,-1.0,0.0,0.0,0.0,0.0,0.0,0.0,0.0,0.0,0.0,0.0,0.0,0.0,0.0,0.0,0.0,0.0,0.0,0.0,0.0,0.0,-14.0,-4.0,-1.0,-1.0,-2.0,-2.0,-2.0,-1.0,-1.0,0.0,0.0,-1.0,0.0,0.0,0.0,0.0
1964-02-19,0.0,0.0,0.0,0.0,0.0,0.0,0.0,0.0,0.0,0.0,0.0,0.0,0.0,0.0,0.0,0.0,-14.0,-4.0,-1.0,-1.0,-2.0,-2.0,-2.0,-1.0,-1.0,0.0,0.0,-1.0,0.0,0.0,0.0,0.0,0.0,0.0,0.0,0.0,0.0,0.0,0.0,0.0,0.0,0.0,0.0,0.0,0.0,0.0,0.0,0.0,-14.0,-4.0,-1.0,-1.0,-2.0,-2.0,-2.0,-1.0,-1.0,0.0,0.0,-1.0,0.0,0.0,0.0,0.0
1964-02-20,0.0,0.0,0.0,0.0,0.0,0.0,0.0,0.0,0.0,0.0,0.0,0.0,0.0,0.0,0.0,0.0,-14.0,-4.0,-1.0,-1.0,-2.0,-2.0,-2.0,-1.0,-1.0,0.0,0.0,-1.0,0.0,0.0,0.0,0.0,0.0,0.0,0.0,0.0,0.0,0.0,0.0,0.0,0.0,0.0,0.0,0.0,0.0,0.0,0.0,0.0,-14.0,-4.0,-1.0,-1.0,-2.0,-2.0,-2.0,-1.0,-1.0,0.0,0.0,-1.0,0.0,0.0,0.0,0.0
1964-02-21,0.0,0.0,0.0,0.0,0.0,0.0,0.0,0.0,0.0,0.0,0.0,0.0,0.0,0.0,0.0,0.0,-14.0,-4.0,-1.0,-1.0,-2.0,-2.0,-2.0,-1.0,-1.0,0.0,0.0,-1.0,0.0,0.0,0.0,0.0,0.0,0.0,0.0,0.0,0.0,0.0,0.0,0.0,0.0,0.0,0.0,0.0,0.0,0.0,0.0,0.0,-14.0,-4.0,-1.0,-1.0,-2.0,-2.0,-2.0,-1.0,-1.0,0.0,0.0,-1.0,0.0,0.0,0.0,0.0
1964-02-22,0.0,0.0,0.0,0.0,0.0,0.0,0.0,0.0,0.0,0.0,0.0,0.0,0.0,0.0,0.0,0.0,-14.0,-4.0,-1.0,-1.0,-2.0,-2.0,-2.0,-1.0,-1.0,0.0,0.0,-1.0,0.0,0.0,0.0,0.0,0.0,0.0,0.0,0.0,0.0,0.0,0.0,0.0,0.0,0.0,0.0,0.0,0.0,0.0,0.0,0.0,-14.0,-4.0,-1.0,-1.0,-2.0,-2.0,-2.0,-1.0,-1.0,0.0,0.0,-1.0,0.0,0.0,0.0,0.0
1964-02-23,0.0,0.0,0.0,0.0,0.0,0.0,0.0,0.0,0.0,0.0,0.0,0.0,0.0,0.0,0.0,0.0,-14.0,-4.0,-1.0,-1.0,-2.0,-2.0,-2.0,-1.0,-1.0,0.0,0.0,-1.0,0.0,0.0,0.0,0.0,0.0,0.0,0.0,0.0,0.0,0.0,0.0,0.0,0.0,0.0,0.0,0.0,0.0,0.0,0.0,0.0,-14.0,-4.0,-1.0,-1.0,-2.0,-2.0,-2.0,-1.0,-1.0,0.0,0.0,-1.0,0.0,0.0,0.0,0.0
1964-02-24,0.0,0.0,0.0,0.0,0.0,0.0,0.0,0.0,0.0,0.0,0.0,0.0,0.0,0.0,0.0,0.0,-14.0,-4.0,-1.0,-1.0,-2.0,-2.0,-2.0,-1.0,-1.0,0.0,0.0,-1.0,0.0,0.0,0.0,0.0,0.0,0.0,0.0,0.0,0.0,0.0,0.0,0.0,0.0,0.0,0.0,0.0,0.0,0.0,0.0,0.0,-14.0,-4.0,-1.0,-1.0,-2.0,-2.0,-2.0,-1.0,-1.0,0.0,0.0,-1.0,0.0,0.0,0.0,0.0
1964-02-25,0.0,0.0,0.0,0.0,0.0,0.0,0.0,0.0,0.0,0.0,0.0,0.0,0.0,0.0,0.0,0.0,-14.0,-4.0,-1.0,-1.0,-2.0,-2.0,-2.0,-1.0,-1.0,0.0,0.0,-1.0,0.0,0.0,0.0,0.0,0.0,0.0,0.0,0.0,0.0,0.0,0.0,0.0,0.0,0.0,0.0,0.0,0.0,0.0,0.0,0.0,-14.0,-4.0,-1.0,-1.0,-2.0,-2.0,-2.0,-1.0,-1.0,0.0,0.0,-1.0,0.0,0.0,0.0,0.0
1964-02-26,0.0,0.0,0.0,0.0,0.0,0.0,0.0,0.0,0.0,0.0,0.0,0.0,0.0,0.0,0.0,0.0,-14.0,-4.0,-1.0,-1.0,-2.0,-2.0,-2.0,-1.0,-1.0,0.0,0.0,-1.0,0.0,0.0,0.0,0.0,0.0,0.0,0.0,0.0,0.0,0.0,0.0,0.0,0.0,0.0,0.0,0.0,0.0,0.0,0.0,0.0,-14.0,-4.0,-1.0,-1.0,-2.0,-2.0,-2.0,-1.0,-1.0,0.0,0.0,-1.0,0.0,0.0,0.0,0.0
1964-02-27,0.0,0.0,0.0,0.0,0.0,0.0,0.0,0.0,0.0,0.0,0.0,0.0,0.0,0.0,0.0,0.0,-14.0,-4.0,-1.0,-1.0,-2.0,-2.0,-2.0,-1.0,-1.0,0.0,0.0,-1.0,0.0,0.0,0.0,0.0,0.0,0.0,0.0,0.0,0.0,0.0,0.0,0.0,0.0,0.0,0.0,0.0,0.0,0.0,0.0,0.0,-14.0,-4.0,-1.0,-1.0,-2.0,-2.0,-2.0,-1.0,-1.0,0.0,0.0,-1.0,0.0,0.0,0.0,0.0
1964-02-28,0.0,0.0,0.0,0.0,0.0,0.0,0.0,0.0,0.0,0.0,0.0,0.0,0.0,0.0,0.0,0.0,-14.0,-4.0,-1.0,-1.0,-2.0,-2.0,-2.0,-1.0,-1.0,0.0,0.0,-1.0,0.0,0.0,0.0,0.0,0.0,0.0,0.0,0.0,0.0,0.0,0.0,0.0,0.0,0.0,0.0,0.0,0.0,0.0,0.0,0.0,-14.0,-4.0,-1.0,-1.0,-2.0,-2.0,-2.0,-1.0,-1.0,0.0,0.0,-1.0,0.0,0.0,0.0,0.0
1964-02-29,0.0,0.0,0.0,0.0,0.0,0.0,0.0,0.0,0.0,0.0,0.0,0.0,0.0,0.0,0.0,0.0,-14.0,-4.0,-1.0,-1.0,-2.0,-2.0,-2.0,-1.0,-1.0,0.0,0.0,-1.0,0.0,0.0,0.0,0.0,0.0,0.0,0.0,0.0,0.0,0.0,0.0,0.0,0.0,0.0,0.0,0.0,0.0,0.0,0.0,0.0,-14.0,-4.0,-1.0,-1.0,-2.0,-2.0,-2.0,-1.0,-1.0,0.0,0.0,-1.0,0.0,0.0,0.0,0.0
1964-03-01,0.0,0.0,0.0,0.0,0.0,0.0,0.0,0.0,0.0,0.0,0.0,0.0,0.0,0.0,0.0,0.0,-14.0,-4.0,-1.0,-1.0,-2.0,-2.0,-2.0,-1.0,-1.0,0.0,0.0,-1.0,0.0,0.0,0.0,0.0,0.0,0.0,0.0,0.0,0.0,0.0,0.0,0.0,0.0,0.0,0.0,0.0,0.0,0.0,0.0,0.0,-14.0,-4.0,-1.0,-1.0,-2.0,-2.0,-2.0,-1.0,-1.0,0.0,0.0,-1.0,0.0,0.0,0.0,0.0
1964-03-02,0.0,0.0,0.0,0.0,0.0,0.0,0.0,0.0,0.0,0.0,0.0,0.0,0.0,0.0,0.0,0.0,-14.0,-4.0,-1.0,-1.0,-2.0,-2.0,-2.0,-1.0,-1.0,0.0,0.0,-1.0,0.0,0.0,0.0,0.0,0.0,0.0,0.0,0.0,0.0,0.0,0.0,0.0,0.0,0.0,0.0,0.0,0.0,0.0,0.0,0.0,-14.0,-4.0,-1.0,-1.0,-2.0,-2.0,-2.0,-1.0,-1.0,0.0,0.0,-1.0,0.0,0.0,0.0,0.0
1964-03-03,0.0,0.0,0.0,0.0,0.0,0.0,0.0,0.0,0.0,0.0,0.0,0.0,0.0,0.0,0.0,0.0,-14.0,-4.0,-1.0,-1.0,-2.0,-2.0,-2.0,-1.0,-1.0,0.0,0.0,-1.0,0.0,0.0,0.0,0.0,0.0,0.0,0.0,0.0,0.0,0.0,0.0,0.0,0.0,0.0,0.0,0.0,0.0,0.0,0.0,0.0,-14.0,-4.0,-1.0,-1.0,-2.0,-2.0,-2.0,-1.0,-1.0,0.0,0.0,-1.0,0.0,0.0,0.0,0.0
1964-03-04,0.0,0.0,0.0,0.0,0.0,0.0,0.0,0.0,0.0,0.0,0.0,0.0,0.0,0.0,0.0,0.0,-14.0,-4.0,-1.0,-1.0,-2.0,-2.0,-2.0,-1.0,-1.0,0.0,0.0,-1.0,0.0,0.0,0.0,0.0,0.0,0.0,0.0,0.0,0.0,0.0,0.0,0.0,0.0,0.0,0.0,0.0,0.0,0.0,0.0,0.0,-14.0,-4.0,-1.0,-1.0,-2.0,-2.0,-2.0,-1.0,-1.0,0.0,0.0,-1.0,0.0,0.0,0.0,0.0
1964-03-05,0.0,0.0,0.0,0.0,0.0,0.0,0.0,0.0,0.0,0.0,0.0,0.0,0.0,0.0,0.0,0.0,-14.0,-4.0,-1.0,-1.0,-2.0,-2.0,-2.0,-1.0,-1.0,0.0,0.0,-1.0,0.0,0.0,0.0,0.0,0.0,0.0,0.0,0.0,0.0,0.0,0.0,0.0,0.0,0.0,0.0,0.0,0.0,0.0,0.0,0.0,-14.0,-4.0,-1.0,-1.0,-2.0,-2.0,-2.0,-1.0,-1.0,0.0,0.0,-1.0,0.0,0.0,0.0,0.0
1964-03-06,0.0,0.0,0.0,0.0,0.0,0.0,0.0,0.0,0.0,0.0,0.0,0.0,0.0,0.0,0.0,0.0,-14.0,-4.0,-1.0,-1.0,-2.0,-2.0,-2.0,-1.0,-1.0,0.0,0.0,-1.0,0.0,0.0,0.0,0.0,0.0,0.0,0.0,0.0,0.0,0.0,0.0,0.0,0.0,0.0,0.0,0.0,0.0,0.0,0.0,0.0,-14.0,-4.0,-1.0,-1.0,-2.0,-2.0,-2.0,-1.0,-1.0,0.0,0.0,-1.0,0.0,0.0,0.0,0.0
1964-03-07,0.0,0.0,0.0,0.0,0.0,0.0,0.0,0.0,0.0,0.0,0.0,0.0,0.0,0.0,0.0,0.0,-14.0,-4.0,-1.0,-1.0,-2.0,-2.0,-2.0,-1.0,-1.0,0.0,0.0,-1.0,0.0,0.0,0.0,0.0,0.0,0.0,0.0,0.0,0.0,0.0,0.0,0.0,0.0,0.0,0.0,0.0,0.0,0.0,0.0,0.0,-14.0,-4.0,-1.0,-1.0,-2.0,-2.0,-2.0,-1.0,-1.0,0.0,0.0,-1.0,0.0,0.0,0.0,0.0
1964-03-08,0.0,0.0,0.0,0.0,0.0,0.0,0.0,0.0,0.0,0.0,0.0,0.0,0.0,0.0,0.0,0.0,-14.0,-4.0,-1.0,-1.0,-2.0,-2.0,-2.0,-1.0,-1.0,0.0,0.0,-1.0,0.0,0.0,0.0,0.0,0.0,0.0,0.0,0.0,0.0,0.0,0.0,0.0,0.0,0.0,0.0,0.0,0.0,0.0,0.0,0.0,-14.0,-4.0,-1.0,-1.0,-2.0,-2.0,-2.0,-1.0,-1.0,0.0,0.0,-1.0,0.0,0.0,0.0,0.0
1964-03-09,0.0,0.0,0.0,0.0,0.0,0.0,0.0,0.0,0.0,0.0,0.0,0.0,0.0,0.0,0.0,0.0,-14.0,-4.0,-1.0,-1.0,-2.0,-2.0,-2.0,-1.0,-1.0,0.0,0.0,-1.0,0.0,0.0,0.0,0.0,0.0,0.0,0.0,0.0,0.0,0.0,0.0,0.0,0.0,0.0,0.0,0.0,0.0,0.0,0.0,0.0,-14.0,-4.0,-1.0,-1.0,-2.0,-2.0,-2.0,-1.0,-1.0,0.0,0.0,-1.0,0.0,0.0,0.0,0.0
1964-03-10,0.0,0.0,0.0,0.0,0.0,0.0,0.0,0.0,0.0,0.0,0.0,0.0,0.0,0.0,0.0,0.0,-14.0,-4.0,-1.0,-1.0,-2.0,-2.0,-2.0,-1.0,-1.0,0.0,0.0,-1.0,0.0,0.0,0.0,0.0,0.0,0.0,0.0,0.0,0.0,0.0,0.0,0.0,0.0,0.0,0.0,0.0,0.0,0.0,0.0,0.0,-14.0,-4.0,-1.0,-1.0,-2.0,-2.0,-2.0,-1.0,-1.0,0.0,0.0,-1.0,0.0,0.0,0.0,0.0
1964-03-11,0.0,0.0,0.0,0.0,0.0,0.0,0.0,0.0,0.0,0.0,0.0,0.0,0.0,0.0,0.0,0.0,-14.0,-4.0,-1.0,-1.0,-2.0,-2.0,-2.0,-1.0,-1.0,0.0,0.0,-1.0,0.0,0.0,0.0,0.0,0.0,0.0,0.0,0.0,0.0,0.0,0.0,0.0,0.0,0.0,0.0,0.0,0.0,0.0,0.0,0.0,-14.0,-4.0,-1.0,-1.0,-2.0,-2.0,-2.0,-1.0,-1.0,0.0,0.0,-1.0,0.0,0.0,0.0,0.0
1964-03-12,0.0,0.0,0.0,0.0,0.0,0.0,0.0,0.0,0.0,0.0,0.0,0.0,0.0,0.0,0.0,0.0,-14.0,-4.0,-1.0,-1.0,-2.0,-2.0,-2.0,-1.0,-1.0,0.0,0.0,-1.0,0.0,0.0,0.0,0.0,0.0,0.0,0.0,0.0,0.0,0.0,0.0,0.0,0.0,0.0,0.0,0.0,0.0,0.0,0.0,0.0,-14.0,-4.0,-1.0,-1.0,-2.0,-2.0,-2.0,-1.0,-1.0,0.0,0.0,-1.0,0.0,0.0,0.0,0.0
1964-03-13,0.0,0.0,0.0,0.0,0.0,0.0,0.0,0.0,0.0,0.0,0.0,0.0,0.0,0.0,0.0,0.0,-14.0,-4.0,-1.0,-1.0,-2.0,-2.0,-2.0,-1.0,-1.0,0.0,0.0,-1.0,0.0,0.0,0.0,0.0,0.0,0.0,0.0,0.0,0.0,0.0,0.0,0.0,0.0,0.0,0.0,0.0,0.0,0.0,0.0,0.0,-14.0,-4.0,-1.0,-1.0,-2.0,-2.0,-2.0,-1.0,-1.0,0.0,0.0,-1.0,0.0,0.0,0.0,0.0
1964-03-14,0.0,0.0,0.0,0.0,0.0,0.0,0.0,0.0,0.0,0.0,0.0,0.0,0.0,0.0,0.0,0.0,-14.0,-4.0,-1.0,-1.0,-2.0,-2.0,-2.0,-1.0,-1.0,0.0,0.0,-1.0,0.0,0.0,0.0,0.0,0.0,0.0,0.0,0.0,0.0,0.0,0.0,0.0,0.0,0.0,0.0,0.0,0.0,0.0,0.0,0.0,-14.0,-4.0,-1.0,-1.0,-2.0,-2.0,-2.0,-1.0,-1.0,0.0,0.0,-1.0,0.0,0.0,0.0,0.0
1964-03-15,0.0,0.0,0.0,0.0,0.0,0.0,0.0,0.0,0.0,0.0,0.0,0.0,0.0,0.0,0.0,0.0,-14.0,-4.0,-1.0,-1.0,-2.0,-2.0,-2.0,-1.0,-1.0,0.0,0.0,-1.0,0.0,0.0,0.0,0.0,0.0,0.0,0.0,0.0,0.0,0.0,0.0,0.0,0.0,0.0,0.0,0.0,0.0,0.0,0.0,0.0,-14.0,-4.0,-1.0,-1.0,-2.0,-2.0,-2.0,-1.0,-1.0,0.0,0.0,-1.0,0.0,0.0,0.0,0.0
1964-03-16,0.0,0.0,0.0,0.0,0.0,0.0,0.0,0.0,0.0,0.0,0.0,0.0,0.0,0.0,0.0,0.0,-14.0,-4.0,-1.0,-1.0,-2.0,-2.0,-2.0,-1.0,-1.0,0.0,0.0,-1.0,0.0,0.0,0.0,0.0,0.0,0.0,0.0,0.0,0.0,0.0,0.0,0.0,0.0,0.0,0.0,0.0,0.0,0.0,0.0,0.0,-14.0,-4.0,-1.0,-1.0,-2.0,-2.0,-2.0,-1.0,-1.0,0.0,0.0,-1.0,0.0,0.0,0.0,0.0
1964-03-17,0.0,0.0,0.0,0.0,0.0,0.0,0.0,0.0,0.0,0.0,0.0,0.0,0.0,0.0,0.0,0.0,-14.0,-4.0,-1.0,-1.0,-2.0,-2.0,-2.0,-1.0,-1.0,0.0,0.0,-1.0,0.0,0.0,0.0,0.0,0.0,0.0,0.0,0.0,0.0,0.0,0.0,0.0,0.0,0.0,0.0,0.0,0.0,0.0,0.0,0.0,-14.0,-4.0,-1.0,-1.0,-2.0,-2.0,-2.0,-1.0,-1.0,0.0,0.0,-1.0,0.0,0.0,0.0,0.0
1964-03-18,0.0,0.0,0.0,0.0,0.0,0.0,0.0,0.0,0.0,0.0,0.0,0.0,0.0,0.0,0.0,0.0,-14.0,-4.0,-1.0,-1.0,-2.0,-2.0,-2.0,-1.0,-1.0,0.0,0.0,-1.0,0.0,0.0,0.0,0.0,0.0,0.0,0.0,0.0,0.0,0.0,0.0,0.0,0.0,0.0,0.0,0.0,0.0,0.0,0.0,0.0,-14.0,-4.0,-1.0,-1.0,-2.0,-2.0,-2.0,-1.0,-1.0,0.0,0.0,-1.0,0.0,0.0,0.0,0.0
1964-03-19,0.0,0.0,0.0,0.0,0.0,0.0,0.0,0.0,0.0,0.0,0.0,0.0,0.0,0.0,0.0,0.0,-14.0,-4.0,-1.0,-1.0,-2.0,-2.0,-2.0,-1.0,-1.0,0.0,0.0,-1.0,0.0,0.0,0.0,0.0,0.0,0.0,0.0,0.0,0.0,0.0,0.0,0.0,0.0,0.0,0.0,0.0,0.0,0.0,0.0,0.0,-14.0,-4.0,-1.0,-1.0,-2.0,-2.0,-2.0,-1.0,-1.0,0.0,0.0,-1.0,0.0,0.0,0.0,0.0
1964-03-20,0.0,0.0,0.0,0.0,0.0,0.0,0.0,0.0,0.0,0.0,0.0,0.0,0.0,0.0,0.0,0.0,-14.0,-4.0,-1.0,-1.0,-2.0,-2.0,-2.0,-1.0,-1.0,0.0,0.0,-1.0,0.0,0.0,0.0,0.0,0.0,0.0,0.0,0.0,0.0,0.0,0.0,0.0,0.0,0.0,0.0,0.0,0.0,0.0,0.0,0.0,-14.0,-4.0,-1.0,-1.0,-2.0,-2.0,-2.0,-1.0,-1.0,0.0,0.0,-1.0,0.0,0.0,0.0,0.0
1964-03-21,0.0,0.0,0.0,0.0,0.0,0.0,0.0,0.0,0.0,0.0,0.0,0.0,0.0,0.0,0.0,0.0,-14.0,-4.0,-1.0,-1.0,-2.0,-2.0,-2.0,-1.0,-1.0,0.0,0.0,-1.0,0.0,0.0,0.0,0.0,0.0,0.0,0.0,0.0,0.0,0.0,0.0,0.0,0.0,0.0,0.0,0.0,0.0,0.0,0.0,0.0,-14.0,-4.0,-1.0,-1.0,-2.0,-2.0,-2.0,-1.0,-1.0,0.0,0.0,-1.0,0.0,0.0,0.0,0.0
1964-03-22,0.0,0.0,0.0,0.0,0.0,0.0,0.0,0.0,0.0,0.0,0.0,0.0,0.0,0.0,0.0,0.0,-14.0,-4.0,-1.0,-1.0,-2.0,-2.0,-2.0,-1.0,-1.0,0.0,0.0,-1.0,0.0,0.0,0.0,0.0,0.0,0.0,0.0,0.0,0.0,0.0,0.0,0.0,0.0,0.0,0.0,0.0,0.0,0.0,0.0,0.0,-14.0,-4.0,-1.0,-1.0,-2.0,-2.0,-2.0,-1.0,-1.0,0.0,0.0,-1.0,0.0,0.0,0.0,0.0
1964-03-23,0.0,0.0,0.0,0.0,0.0,0.0,0.0,0.0,0.0,0.0,0.0,0.0,0.0,0.0,0.0,0.0,-14.0,-4.0,-1.0,-1.0,-2.0,-2.0,-2.0,-1.0,-1.0,0.0,0.0,-1.0,0.0,0.0,0.0,0.0,0.0,0.0,0.0,0.0,0.0,0.0,0.0,0.0,0.0,0.0,0.0,0.0,0.0,0.0,0.0,0.0,-14.0,-4.0,-1.0,-1.0,-2.0,-2.0,-2.0,-1.0,-1.0,0.0,0.0,-1.0,0.0,0.0,0.0,0.0
1964-03-24,0.0,0.0,0.0,0.0,0.0,0.0,0.0,0.0,0.0,0.0,0.0,0.0,0.0,0.0,0.0,0.0,-14.0,-4.0,-1.0,-1.0,-2.0,-2.0,-2.0,-1.0,-1.0,0.0,0.0,-1.0,0.0,0.0,0.0,0.0,0.0,0.0,0.0,0.0,0.0,0.0,0.0,0.0,0.0,0.0,0.0,0.0,0.0,0.0,0.0,0.0,-14.0,-4.0,-1.0,-1.0,-2.0,-2.0,-2.0,-1.0,-1.0,0.0,0.0,-1.0,0.0,0.0,0.0,0.0
1964-03-25,0.0,0.0,0.0,0.0,0.0,0.0,0.0,0.0,0.0,0.0,0.0,0.0,0.0,0.0,0.0,0.0,-14.0,-4.0,-1.0,-1.0,-2.0,-2.0,-2.0,-1.0,-1.0,0.0,0.0,-1.0,0.0,0.0,0.0,0.0,0.0,0.0,0.0,0.0,0.0,0.0,0.0,0.0,0.0,0.0,0.0,0.0,0.0,0.0,0.0,0.0,-14.0,-4.0,-1.0,-1.0,-2.0,-2.0,-2.0,-1.0,-1.0,0.0,0.0,-1.0,0.0,0.0,0.0,0.0
1964-03-26,0.0,0.0,0.0,0.0,0.0,0.0,0.0,0.0,0.0,0.0,0.0,0.0,0.0,0.0,0.0,0.0,-14.0,-4.0,-1.0,-1.0,-2.0,-2.0,-2.0,-1.0,-1.0,0.0,0.0,-1.0,0.0,0.0,0.0,0.0,0.0,0.0,0.0,0.0,0.0,0.0,0.0,0.0,0.0,0.0,0.0,0.0,0.0,0.0,0.0,0.0,-14.0,-4.0,-1.0,-1.0,-2.0,-2.0,-2.0,-1.0,-1.0,0.0,0.0,-1.0,0.0,0.0,0.0,0.0
1964-03-27,0.0,0.0,0.0,0.0,0.0,0.0,0.0,0.0,0.0,0.0,0.0,0.0,0.0,0.0,0.0,0.0,-14.0,-4.0,-1.0,-1.0,-2.0,-2.0,-2.0,-1.0,-1.0,0.0,0.0,-1.0,0.0,0.0,0.0,0.0,0.0,0.0,0.0,0.0,0.0,0.0,0.0,0.0,0.0,0.0,0.0,0.0,0.0,0.0,0.0,0.0,-14.0,-4.0,-1.0,-1.0,-2.0,-2.0,-2.0,-1.0,-1.0,0.0,0.0,-1.0,0.0,0.0,0.0,0.0
1964-03-28,0.0,0.0,0.0,0.0,0.0,0.0,0.0,0.0,0.0,0.0,0.0,0.0,0.0,0.0,0.0,0.0,-14.0,-4.0,-1.0,-1.0,-2.0,-2.0,-2.0,-1.0,-1.0,0.0,0.0,-1.0,0.0,0.0,0.0,0.0,0.0,0.0,0.0,0.0,0.0,0.0,0.0,0.0,0.0,0.0,0.0,0.0,0.0,0.0,0.0,0.0,-14.0,-4.0,-1.0,-1.0,-2.0,-2.0,-2.0,-1.0,-1.0,0.0,0.0,-1.0,0.0,0.0,0.0,0.0
1964-03-29,0.0,0.0,0.0,0.0,0.0,0.0,0.0,0.0,0.0,0.0,0.0,0.0,0.0,0.0,0.0,0.0,-14.0,-4.0,-1.0,-1.0,-2.0,-2.0,-2.0,-1.0,-1.0,0.0,0.0,-1.0,0.0,0.0,0.0,0.0,0.0,0.0,0.0,0.0,0.0,0.0,0.0,0.0,0.0,0.0,0.0,0.0,0.0,0.0,0.0,0.0,-14.0,-4.0,-1.0,-1.0,-2.0,-2.0,-2.0,-1.0,-1.0,0.0,0.0,-1.0,0.0,0.0,0.0,0.0
1964-03-30,0.0,0.0,0.0,0.0,0.0,0.0,0.0,0.0,0.0,0.0,0.0,0.0,0.0,0.0,0.0,0.0,-14.0,-4.0,-1.0,-1.0,-2.0,-2.0,-2.0,-1.0,-1.0,0.0,0.0,-1.0,0.0,0.0,0.0,0.0,0.0,0.0,0.0,0.0,0.0,0.0,0.0,0.0,0.0,0.0,0.0,0.0,0.0,0.0,0.0,0.0,-14.0,-4.0,-1.0,-1.0,-2.0,-2.0,-2.0,-1.0,-1.0,0.0,0.0,-1.0,0.0,0.0,0.0,0.0
1964-03-31,0.0,0.0,0.0,0.0,0.0,0.0,0.0,0.0,0.0,0.0,0.0,0.0,0.0,0.0,0.0,0.0,-14.0,-4.0,-1.0,-1.0,-2.0,-2.0,-2.0,-1.0,-1.0,0.0,0.0,-1.0,0.0,0.0,0.0,0.0,0.0,0.0,0.0,0.0,0.0,0.0,0.0,0.0,0.0,0.0,0.0,0.0,0.0,0.0,0.0,0.0,-14.0,-4.0,-1.0,-1.0,-2.0,-2.0,-2.0,-1.0,-1.0,0.0,0.0,-1.0,0.0,0.0,0.0,0.0
1964-04-01,0.0,0.0,0.0,0.0,0.0,0.0,0.0,0.0,0.0,0.0,0.0,0.0,0.0,0.0,0.0,0.0,-14.0,-4.0,-1.0,-1.0,-2.0,-2.0,-2.0,-1.0,-1.0,0.0,0.0,-1.0,0.0,0.0,0.0,0.0,0.0,0.0,0.0,0.0,0.0,0.0,0.0,0.0,0.0,0.0,0.0,0.0,0.0,0.0,0.0,0.0,-14.0,-4.0,-1.0,-1.0,-2.0,-2.0,-2.0,-1.0,-1.0,0.0,0.0,-1.0,0.0,0.0,0.0,0.0
1964-04-02,0.0,0.0,0.0,0.0,0.0,0.0,0.0,0.0,0.0,0.0,0.0,0.0,0.0,0.0,0.0,0.0,-14.0,-4.0,-1.0,-1.0,-2.0,-2.0,-2.0,-1.0,-1.0,0.0,0.0,-1.0,0.0,0.0,0.0,0.0,0.0,0.0,0.0,0.0,0.0,0.0,0.0,0.0,0.0,0.0,0.0,0.0,0.0,0.0,0.0,0.0,-14.0,-4.0,-1.0,-1.0,-2.0,-2.0,-2.0,-1.0,-1.0,0.0,0.0,-1.0,0.0,0.0,0.0,0.0
1964-04-03,0.0,0.0,0.0,0.0,0.0,0.0,0.0,0.0,0.0,0.0,0.0,0.0,0.0,0.0,0.0,0.0,-14.0,-4.0,-1.0,-1.0,-2.0,-2.0,-2.0,-1.0,-1.0,0.0,0.0,-1.0,0.0,0.0,0.0,0.0,0.0,0.0,0.0,0.0,0.0,0.0,0.0,0.0,0.0,0.0,0.0,0.0,0.0,0.0,0.0,0.0,-14.0,-4.0,-1.0,-1.0,-2.0,-2.0,-2.0,-1.0,-1.0,0.0,0.0,-1.0,0.0,0.0,0.0,0.0
1964-04-04,0.0,0.0,0.0,0.0,0.0,0.0,0.0,0.0,0.0,0.0,0.0,0.0,0.0,0.0,0.0,0.0,-14.0,-4.0,-1.0,-1.0,-2.0,-2.0,-2.0,-1.0,-1.0,0.0,0.0,-1.0,0.0,0.0,0.0,0.0,0.0,0.0,0.0,0.0,0.0,0.0,0.0,0.0,0.0,0.0,0.0,0.0,0.0,0.0,0.0,0.0,-14.0,-4.0,-1.0,-1.0,-2.0,-2.0,-2.0,-1.0,-1.0,0.0,0.0,-1.0,0.0,0.0,0.0,0.0
1964-04-05,0.0,0.0,0.0,0.0,0.0,0.0,0.0,0.0,0.0,0.0,0.0,0.0,0.0,0.0,0.0,0.0,-14.0,-4.0,-1.0,-1.0,-2.0,-2.0,-2.0,-1.0,-1.0,0.0,0.0,-1.0,0.0,0.0,0.0,0.0,0.0,0.0,0.0,0.0,0.0,0.0,0.0,0.0,0.0,0.0,0.0,0.0,0.0,0.0,0.0,0.0,-14.0,-4.0,-1.0,-1.0,-2.0,-2.0,-2.0,-1.0,-1.0,0.0,0.0,-1.0,0.0,0.0,0.0,0.0
1964-04-06,0.0,0.0,0.0,0.0,0.0,0.0,0.0,0.0,0.0,0.0,0.0,0.0,0.0,0.0,0.0,0.0,-14.0,-4.0,-1.0,-1.0,-2.0,-2.0,-2.0,-1.0,-1.0,0.0,0.0,-1.0,0.0,0.0,0.0,0.0,0.0,0.0,0.0,0.0,0.0,0.0,0.0,0.0,0.0,0.0,0.0,0.0,0.0,0.0,0.0,0.0,-14.0,-4.0,-1.0,-1.0,-2.0,-2.0,-2.0,-1.0,-1.0,0.0,0.0,-1.0,0.0,0.0,0.0,0.0
1964-04-07,0.0,0.0,0.0,0.0,0.0,0.0,0.0,0.0,0.0,0.0,0.0,0.0,0.0,0.0,0.0,0.0,-14.0,-4.0,-1.0,-1.0,-2.0,-2.0,-2.0,-1.0,-1.0,0.0,0.0,-1.0,0.0,0.0,0.0,0.0,0.0,0.0,0.0,0.0,0.0,0.0,0.0,0.0,0.0,0.0,0.0,0.0,0.0,0.0,0.0,0.0,-14.0,-4.0,-1.0,-1.0,-2.0,-2.0,-2.0,-1.0,-1.0,0.0,0.0,-1.0,0.0,0.0,0.0,0.0
1964-04-08,0.0,0.0,0.0,0.0,0.0,0.0,0.0,0.0,0.0,0.0,0.0,0.0,0.0,0.0,0.0,0.0,-14.0,-4.0,-1.0,-1.0,-2.0,-2.0,-2.0,-1.0,-1.0,0.0,0.0,-1.0,0.0,0.0,0.0,0.0,0.0,0.0,0.0,0.0,0.0,0.0,0.0,0.0,0.0,0.0,0.0,0.0,0.0,0.0,0.0,0.0,-14.0,-4.0,-1.0,-1.0,-2.0,-2.0,-2.0,-1.0,-1.0,0.0,0.0,-1.0,0.0,0.0,0.0,0.0
1964-04-09,0.0,0.0,0.0,0.0,0.0,0.0,0.0,0.0,0.0,0.0,0.0,0.0,0.0,0.0,0.0,0.0,-14.0,-4.0,-1.0,-1.0,-2.0,-2.0,-2.0,-1.0,-1.0,0.0,0.0,-1.0,0.0,0.0,0.0,0.0,0.0,0.0,0.0,0.0,0.0,0.0,0.0,0.0,0.0,0.0,0.0,0.0,0.0,0.0,0.0,0.0,-14.0,-4.0,-1.0,-1.0,-2.0,-2.0,-2.0,-1.0,-1.0,0.0,0.0,-1.0,0.0,0.0,0.0,0.0
1964-04-10,0.0,0.0,0.0,0.0,0.0,0.0,0.0,0.0,0.0,0.0,0.0,0.0,0.0,0.0,0.0,0.0,-14.0,-4.0,-1.0,-1.0,-2.0,-2.0,-2.0,-1.0,-1.0,0.0,0.0,-1.0,0.0,0.0,0.0,0.0,0.0,0.0,0.0,0.0,0.0,0.0,0.0,0.0,0.0,0.0,0.0,0.0,0.0,0.0,0.0,0.0,-14.0,-4.0,-1.0,-1.0,-2.0,-2.0,-2.0,-1.0,-1.0,0.0,0.0,-1.0,0.0,0.0,0.0,0.0
1964-04-11,0.0,0.0,0.0,0.0,0.0,0.0,0.0,0.0,0.0,0.0,0.0,0.0,0.0,0.0,0.0,0.0,-14.0,-4.0,-1.0,-1.0,-2.0,-2.0,-2.0,-1.0,-1.0,0.0,0.0,-1.0,0.0,0.0,0.0,0.0,0.0,0.0,0.0,0.0,0.0,0.0,0.0,0.0,0.0,0.0,0.0,0.0,0.0,0.0,0.0,0.0,-14.0,-4.0,-1.0,-1.0,-2.0,-2.0,-2.0,-1.0,-1.0,0.0,0.0,-1.0,0.0,0.0,0.0,0.0
1964-04-12,0.0,0.0,0.0,0.0,0.0,0.0,0.0,0.0,0.0,0.0,0.0,0.0,0.0,0.0,0.0,0.0,-14.0,-4.0,-1.0,-1.0,-2.0,-2.0,-2.0,-1.0,-1.0,0.0,0.0,-1.0,0.0,0.0,0.0,0.0,0.0,0.0,0.0,0.0,0.0,0.0,0.0,0.0,0.0,0.0,0.0,0.0,0.0,0.0,0.0,0.0,-14.0,-4.0,-1.0,-1.0,-2.0,-2.0,-2.0,-1.0,-1.0,0.0,0.0,-1.0,0.0,0.0,0.0,0.0
1964-04-13,0.0,0.0,0.0,0.0,0.0,0.0,0.0,0.0,0.0,0.0,0.0,0.0,0.0,0.0,0.0,0.0,-14.0,-4.0,-1.0,-1.0,-2.0,-2.0,-2.0,-1.0,-1.0,0.0,0.0,-1.0,0.0,0.0,0.0,0.0,0.0,0.0,0.0,0.0,0.0,0.0,0.0,0.0,0.0,0.0,0.0,0.0,0.0,0.0,0.0,0.0,-14.0,-4.0,-1.0,-1.0,-2.0,-2.0,-2.0,-1.0,-1.0,0.0,0.0,-1.0,0.0,0.0,0.0,0.0
1964-04-14,0.0,0.0,0.0,0.0,0.0,0.0,0.0,0.0,0.0,0.0,0.0,0.0,0.0,0.0,0.0,0.0,-14.0,-4.0,-1.0,-1.0,-2.0,-2.0,-2.0,-1.0,-1.0,0.0,0.0,-1.0,0.0,0.0,0.0,0.0,0.0,0.0,0.0,0.0,0.0,0.0,0.0,0.0,0.0,0.0,0.0,0.0,0.0,0.0,0.0,0.0,-14.0,-4.0,-1.0,-1.0,-2.0,-2.0,-2.0,-1.0,-1.0,0.0,0.0,-1.0,0.0,0.0,0.0,0.0
1964-04-15,0.0,0.0,0.0,0.0,0.0,0.0,0.0,0.0,0.0,0.0,0.0,0.0,0.0,0.0,0.0,0.0,-14.0,-4.0,-1.0,-1.0,-2.0,-2.0,-2.0,-1.0,-1.0,0.0,0.0,-1.0,0.0,0.0,0.0,0.0,0.0,0.0,0.0,0.0,0.0,0.0,0.0,0.0,0.0,0.0,0.0,0.0,0.0,0.0,0.0,0.0,-14.0,-4.0,-1.0,-1.0,-2.0,-2.0,-2.0,-1.0,-1.0,0.0,0.0,-1.0,0.0,0.0,0.0,0.0
1964-04-16,0.0,0.0,0.0,0.0,0.0,0.0,0.0,0.0,0.0,0.0,0.0,0.0,0.0,0.0,0.0,0.0,-14.0,-4.0,-1.0,-1.0,-2.0,-2.0,-2.0,-1.0,-1.0,0.0,0.0,-1.0,0.0,0.0,0.0,0.0,0.0,0.0,0.0,0.0,0.0,0.0,0.0,0.0,0.0,0.0,0.0,0.0,0.0,0.0,0.0,0.0,-14.0,-4.0,-1.0,-1.0,-2.0,-2.0,-2.0,-1.0,-1.0,0.0,0.0,-1.0,0.0,0.0,0.0,0.0
1964-04-17,0.0,0.0,0.0,0.0,0.0,0.0,0.0,0.0,0.0,0.0,0.0,0.0,0.0,0.0,0.0,0.0,-14.0,-4.0,-1.0,-1.0,-2.0,-2.0,-2.0,-1.0,-1.0,0.0,0.0,-1.0,0.0,0.0,0.0,0.0,0.0,0.0,0.0,0.0,0.0,0.0,0.0,0.0,0.0,0.0,0.0,0.0,0.0,0.0,0.0,0.0,-14.0,-4.0,-1.0,-1.0,-2.0,-2.0,-2.0,-1.0,-1.0,0.0,0.0,-1.0,0.0,0.0,0.0,0.0
1964-04-18,0.0,0.0,0.0,0.0,0.0,0.0,0.0,0.0,0.0,0.0,0.0,0.0,0.0,0.0,0.0,0.0,-14.0,-4.0,-1.0,-1.0,-2.0,-2.0,-2.0,-1.0,-1.0,0.0,0.0,-1.0,0.0,0.0,0.0,0.0,0.0,0.0,0.0,0.0,0.0,0.0,0.0,0.0,0.0,0.0,0.0,0.0,0.0,0.0,0.0,0.0,-14.0,-4.0,-1.0,-1.0,-2.0,-2.0,-2.0,-1.0,-1.0,0.0,0.0,-1.0,0.0,0.0,0.0,0.0
1964-04-19,0.0,0.0,0.0,0.0,0.0,0.0,0.0,0.0,0.0,0.0,0.0,0.0,0.0,0.0,0.0,0.0,-14.0,-4.0,-1.0,-1.0,-2.0,-2.0,-2.0,-1.0,-1.0,0.0,0.0,-1.0,0.0,0.0,0.0,0.0,0.0,0.0,0.0,0.0,0.0,0.0,0.0,0.0,0.0,0.0,0.0,0.0,0.0,0.0,0.0,0.0,-14.0,-4.0,-1.0,-1.0,-2.0,-2.0,-2.0,-1.0,-1.0,0.0,0.0,-1.0,0.0,0.0,0.0,0.0
1964-04-20,0.0,0.0,0.0,0.0,0.0,0.0,0.0,0.0,0.0,0.0,0.0,0.0,0.0,0.0,0.0,0.0,-14.0,-4.0,-1.0,-1.0,-2.0,-2.0,-2.0,-1.0,-1.0,0.0,0.0,-1.0,0.0,0.0,0.0,0.0,0.0,0.0,0.0,0.0,0.0,0.0,0.0,0.0,0.0,0.0,0.0,0.0,0.0,0.0,0.0,0.0,-14.0,-4.0,-1.0,-1.0,-2.0,-2.0,-2.0,-1.0,-1.0,0.0,0.0,-1.0,0.0,0.0,0.0,0.0
1964-04-21,0.0,0.0,0.0,0.0,0.0,0.0,0.0,0.0,0.0,0.0,0.0,0.0,0.0,0.0,0.0,0.0,-14.0,-4.0,-1.0,-1.0,-2.0,-2.0,-2.0,-1.0,-1.0,0.0,0.0,-1.0,0.0,0.0,0.0,0.0,0.0,0.0,0.0,0.0,0.0,0.0,0.0,0.0,0.0,0.0,0.0,0.0,0.0,0.0,0.0,0.0,-14.0,-4.0,-1.0,-1.0,-2.0,-2.0,-2.0,-1.0,-1.0,0.0,0.0,-1.0,0.0,0.0,0.0,0.0
1964-04-22,0.0,0.0,0.0,0.0,0.0,0.0,0.0,0.0,0.0,0.0,0.0,0.0,0.0,0.0,0.0,0.0,-14.0,-4.0,-1.0,-1.0,-2.0,-2.0,-2.0,-1.0,-1.0,0.0,0.0,-1.0,0.0,0.0,0.0,0.0,0.0,0.0,0.0,0.0,0.0,0.0,0.0,0.0,0.0,0.0,0.0,0.0,0.0,0.0,0.0,0.0,-14.0,-4.0,-1.0,-1.0,-2.0,-2.0,-2.0,-1.0,-1.0,0.0,0.0,-1.0,0.0,0.0,0.0,0.0
1964-04-23,0.0,0.0,0.0,0.0,0.0,0.0,0.0,0.0,0.0,0.0,0.0,0.0,0.0,0.0,0.0,0.0,-14.0,-4.0,-1.0,-1.0,-2.0,-2.0,-2.0,-1.0,-1.0,0.0,0.0,-1.0,0.0,0.0,0.0,0.0,0.0,0.0,0.0,0.0,0.0,0.0,0.0,0.0,0.0,0.0,0.0,0.0,0.0,0.0,0.0,0.0,-14.0,-4.0,-1.0,-1.0,-2.0,-2.0,-2.0,-1.0,-1.0,0.0,0.0,-1.0,0.0,0.0,0.0,0.0
1964-04-24,0.0,0.0,0.0,0.0,0.0,0.0,0.0,0.0,0.0,0.0,0.0,0.0,0.0,0.0,0.0,0.0,-14.0,-4.0,-1.0,-1.0,-2.0,-2.0,-2.0,-1.0,-1.0,0.0,0.0,-1.0,0.0,0.0,0.0,0.0,0.0,0.0,0.0,0.0,0.0,0.0,0.0,0.0,0.0,0.0,0.0,0.0,0.0,0.0,0.0,0.0,-14.0,-4.0,-1.0,-1.0,-2.0,-2.0,-2.0,-1.0,-1.0,0.0,0.0,-1.0,0.0,0.0,0.0,0.0
1964-04-25,0.0,0.0,0.0,0.0,0.0,0.0,0.0,0.0,0.0,0.0,0.0,0.0,0.0,0.0,0.0,0.0,-14.0,-4.0,-1.0,-1.0,-2.0,-2.0,-2.0,-1.0,-1.0,0.0,0.0,-1.0,0.0,0.0,0.0,0.0,0.0,0.0,0.0,0.0,0.0,0.0,0.0,0.0,0.0,0.0,0.0,0.0,0.0,0.0,0.0,0.0,-14.0,-4.0,-1.0,-1.0,-2.0,-2.0,-2.0,-1.0,-1.0,0.0,0.0,-1.0,0.0,0.0,0.0,0.0
1964-04-26,0.0,0.0,0.0,0.0,0.0,0.0,0.0,0.0,0.0,0.0,0.0,0.0,0.0,0.0,0.0,0.0,-14.0,-4.0,-1.0,-1.0,-2.0,-2.0,-2.0,-1.0,-1.0,0.0,0.0,-1.0,0.0,0.0,0.0,0.0,0.0,0.0,0.0,0.0,0.0,0.0,0.0,0.0,0.0,0.0,0.0,0.0,0.0,0.0,0.0,0.0,-14.0,-4.0,-1.0,-1.0,-2.0,-2.0,-2.0,-1.0,-1.0,0.0,0.0,-1.0,0.0,0.0,0.0,0.0
1964-04-27,0.0,0.0,0.0,0.0,0.0,0.0,0.0,0.0,0.0,0.0,0.0,0.0,0.0,0.0,0.0,0.0,-14.0,-4.0,-1.0,-1.0,-2.0,-2.0,-2.0,-1.0,-1.0,0.0,0.0,-1.0,0.0,0.0,0.0,0.0,0.0,0.0,0.0,0.0,0.0,0.0,0.0,0.0,0.0,0.0,0.0,0.0,0.0,0.0,0.0,0.0,-14.0,-4.0,-1.0,-1.0,-2.0,-2.0,-2.0,-1.0,-1.0,0.0,0.0,-1.0,0.0,0.0,0.0,0.0
1964-04-28,0.0,0.0,0.0,0.0,0.0,0.0,0.0,0.0,0.0,0.0,0.0,0.0,0.0,0.0,0.0,0.0,-14.0,-4.0,-1.0,-1.0,-2.0,-2.0,-2.0,-1.0,-1.0,0.0,0.0,-1.0,0.0,0.0,0.0,0.0,0.0,0.0,0.0,0.0,0.0,0.0,0.0,0.0,0.0,0.0,0.0,0.0,0.0,0.0,0.0,0.0,-14.0,-4.0,-1.0,-1.0,-2.0,-2.0,-2.0,-1.0,-1.0,0.0,0.0,-1.0,0.0,0.0,0.0,0.0
1964-04-29,0.0,0.0,0.0,0.0,0.0,0.0,0.0,0.0,0.0,0.0,0.0,0.0,0.0,0.0,0.0,0.0,-14.0,-4.0,-1.0,-1.0,-2.0,-2.0,-2.0,-1.0,-1.0,0.0,0.0,-1.0,0.0,0.0,0.0,0.0,0.0,0.0,0.0,0.0,0.0,0.0,0.0,0.0,0.0,0.0,0.0,0.0,0.0,0.0,0.0,0.0,-14.0,-4.0,-1.0,-1.0,-2.0,-2.0,-2.0,-1.0,-1.0,0.0,0.0,-1.0,0.0,0.0,0.0,0.0
1964-04-30,0.0,0.0,0.0,0.0,0.0,0.0,0.0,0.0,0.0,0.0,0.0,0.0,0.0,0.0,0.0,0.0,-14.0,-4.0,-1.0,-1.0,-2.0,-2.0,-2.0,-1.0,-1.0,0.0,0.0,-1.0,0.0,0.0,0.0,0.0,0.0,0.0,0.0,0.0,0.0,0.0,0.0,0.0,0.0,0.0,0.0,0.0,0.0,0.0,0.0,0.0,-14.0,-4.0,-1.0,-1.0,-2.0,-2.0,-2.0,-1.0,-1.0,0.0,0.0,-1.0,0.0,0.0,0.0,0.0
1964-05-01,372.0,54.0,13.0,73.0,28.0,58.0,21.0,21.0,18.0,37.0,4.0,16.0,1.0,3.0,1.0,0.0,-127.0,-10.0,-2.0,-33.0,-6.0,-23.0,-2.0,-6.0,-6.0,-20.0,0.0,-2.0,0.0,-1.0,-1.0,0.0,372.0,54.0,13.0,73.0,28.0,58.0,21.0,21.0,18.0,37.0,4.0,16.0,1.0,3.0,1.0,0.0,-127.0,-10.0,-2.0,-33.0,-6.0,-23.0,-2.0,-6.0,-6.0,-20.0,0.0,-2.0,0.0,-1.0,-1.0,0.0
1964-05-02,372.0,54.0,13.0,73.0,28.0,58.0,21.0,21.0,18.0,37.0,4.0,16.0,1.0,3.0,1.0,0.0,-127.0,-10.0,-2.0,-33.0,-6.0,-23.0,-2.0,-6.0,-6.0,-20.0,0.0,-2.0,0.0,-1.0,-1.0,0.0,372.0,54.0,13.0,73.0,28.0,58.0,21.0,21.0,18.0,37.0,4.0,16.0,1.0,3.0,1.0,0.0,-127.0,-10.0,-2.0,-33.0,-6.0,-23.0,-2.0,-6.0,-6.0,-20.0,0.0,-2.0,0.0,-1.0,-1.0,0.0
1964-05-03,372.0,54.0,13.0,73.0,28.0,58.0,21.0,21.0,18.0,37.0,4.0,16.0,1.0,3.0,1.0,0.0,-127.0,-10.0,-2.0,-33.0,-6.0,-23.0,-2.0,-6.0,-6.0,-20.0,0.0,-2.0,0.0,-1.0,-1.0,0.0,372.0,54.0,13.0,73.0,28.0,58.0,21.0,21.0,18.0,37.0,4.0,16.0,1.0,3.0,1.0,0.0,-127.0,-10.0,-2.0,-33.0,-6.0,-23.0,-2.0,-6.0,-6.0,-20.0,0.0,-2.0,0.0,-1.0,-1.0,0.0
1964-05-04,372.0,54.0,13.0,73.0,28.0,58.0,21.0,21.0,18.0,37.0,4.0,16.0,1.0,3.0,1.0,0.0,-127.0,-10.0,-2.0,-33.0,-6.0,-23.0,-2.0,-6.0,-6.0,-20.0,0.0,-2.0,0.0,-1.0,-1.0,0.0,372.0,54.0,13.0,73.0,28.0,58.0,21.0,21.0,18.0,37.0,4.0,16.0,1.0,3.0,1.0,0.0,-127.0,-10.0,-2.0,-33.0,-6.0,-23.0,-2.0,-6.0,-6.0,-20.0,0.0,-2.0,0.0,-1.0,-1.0,0.0
1964-05-05,372.0,54.0,13.0,73.0,28.0,58.0,21.0,21.0,18.0,37.0,4.0,16.0,1.0,3.0,1.0,0.0,-127.0,-10.0,-2.0,-33.0,-6.0,-23.0,-2.0,-6.0,-6.0,-20.0,0.0,-2.0,0.0,-1.0,-1.0,0.0,372.0,54.0,13.0,73.0,28.0,58.0,21.0,21.0,18.0,37.0,4.0,16.0,1.0,3.0,1.0,0.0,-127.0,-10.0,-2.0,-33.0,-6.0,-23.0,-2.0,-6.0,-6.0,-20.0,0.0,-2.0,0.0,-1.0,-1.0,0.0
1964-05-06,372.0,54.0,13.0,73.0,28.0,58.0,21.0,21.0,18.0,37.0,4.0,16.0,1.0,3.0,1.0,0.0,-127.0,-10.0,-2.0,-33.0,-6.0,-23.0,-2.0,-6.0,-6.0,-20.0,0.0,-2.0,0.0,-1.0,-1.0,0.0,372.0,54.0,13.0,73.0,28.0,58.0,21.0,21.0,18.0,37.0,4.0,16.0,1.0,3.0,1.0,0.0,-127.0,-10.0,-2.0,-33.0,-6.0,-23.0,-2.0,-6.0,-6.0,-20.0,0.0,-2.0,0.0,-1.0,-1.0,0.0
1964-05-07,372.0,54.0,13.0,73.0,28.0,58.0,21.0,21.0,18.0,37.0,4.0,16.0,1.0,3.0,1.0,0.0,-127.0,-10.0,-2.0,-33.0,-6.0,-23.0,-2.0,-6.0,-6.0,-20.0,0.0,-2.0,0.0,-1.0,-1.0,0.0,372.0,54.0,13.0,73.0,28.0,58.0,21.0,21.0,18.0,37.0,4.0,16.0,1.0,3.0,1.0,0.0,-127.0,-10.0,-2.0,-33.0,-6.0,-23.0,-2.0,-6.0,-6.0,-20.0,0.0,-2.0,0.0,-1.0,-1.0,0.0
1964-05-08,372.0,54.0,13.0,73.0,28.0,58.0,21.0,21.0,18.0,37.0,4.0,16.0,1.0,3.0,1.0,0.0,-127.0,-10.0,-2.0,-33.0,-6.0,-23.0,-2.0,-6.0,-6.0,-20.0,0.0,-2.0,0.0,-1.0,-1.0,0.0,372.0,54.0,13.0,73.0,28.0,58.0,21.0,21.0,18.0,37.0,4.0,16.0,1.0,3.0,1.0,0.0,-127.0,-10.0,-2.0,-33.0,-6.0,-23.0,-2.0,-6.0,-6.0,-20.0,0.0,-2.0,0.0,-1.0,-1.0,0.0
1964-05-09,372.0,54.0,13.0,73.0,28.0,58.0,21.0,21.0,18.0,37.0,4.0,16.0,1.0,3.0,1.0,0.0,-127.0,-10.0,-2.0,-33.0,-6.0,-23.0,-2.0,-6.0,-6.0,-20.0,0.0,-2.0,0.0,-1.0,-1.0,0.0,372.0,54.0,13.0,73.0,28.0,58.0,21.0,21.0,18.0,37.0,4.0,16.0,1.0,3.0,1.0,0.0,-127.0,-10.0,-2.0,-33.0,-6.0,-23.0,-2.0,-6.0,-6.0,-20.0,0.0,-2.0,0.0,-1.0,-1.0,0.0
1964-05-10,372.0,54.0,13.0,73.0,28.0,58.0,21.0,21.0,18.0,37.0,4.0,16.0,1.0,3.0,1.0,0.0,-127.0,-10.0,-2.0,-33.0,-6.0,-23.0,-2.0,-6.0,-6.0,-20.0,0.0,-2.0,0.0,-1.0,-1.0,0.0,372.0,54.0,13.0,73.0,28.0,58.0,21.0,21.0,18.0,37.0,4.0,16.0,1.0,3.0,1.0,0.0,-127.0,-10.0,-2.0,-33.0,-6.0,-23.0,-2.0,-6.0,-6.0,-20.0,0.0,-2.0,0.0,-1.0,-1.0,0.0
1964-05-11,372.0,54.0,13.0,73.0,28.0,58.0,21.0,21.0,18.0,37.0,4.0,16.0,1.0,3.0,1.0,0.0,-127.0,-10.0,-2.0,-33.0,-6.0,-23.0,-2.0,-6.0,-6.0,-20.0,0.0,-2.0,0.0,-1.0,-1.0,0.0,372.0,54.0,13.0,73.0,28.0,58.0,21.0,21.0,18.0,37.0,4.0,16.0,1.0,3.0,1.0,0.0,-127.0,-10.0,-2.0,-33.0,-6.0,-23.0,-2.0,-6.0,-6.0,-20.0,0.0,-2.0,0.0,-1.0,-1.0,0.0
1964-05-12,372.0,54.0,13.0,73.0,28.0,58.0,21.0,21.0,18.0,37.0,4.0,16.0,1.0,3.0,1.0,0.0,-127.0,-10.0,-2.0,-33.0,-6.0,-23.0,-2.0,-6.0,-6.0,-20.0,0.0,-2.0,0.0,-1.0,-1.0,0.0,372.0,54.0,13.0,73.0,28.0,58.0,21.0,21.0,18.0,37.0,4.0,16.0,1.0,3.0,1.0,0.0,-127.0,-10.0,-2.0,-33.0,-6.0,-23.0,-2.0,-6.0,-6.0,-20.0,0.0,-2.0,0.0,-1.0,-1.0,0.0
1964-05-13,372.0,54.0,13.0,73.0,28.0,58.0,21.0,21.0,18.0,37.0,4.0,16.0,1.0,3.0,1.0,0.0,-127.0,-10.0,-2.0,-33.0,-6.0,-23.0,-2.0,-6.0,-6.0,-20.0,0.0,-2.0,0.0,-1.0,-1.0,0.0,372.0,54.0,13.0,73.0,28.0,58.0,21.0,21.0,18.0,37.0,4.0,16.0,1.0,3.0,1.0,0.0,-127.0,-10.0,-2.0,-33.0,-6.0,-23.0,-2.0,-6.0,-6.0,-20.0,0.0,-2.0,0.0,-1.0,-1.0,0.0
1964-05-14,372.0,54.0,13.0,73.0,28.0,58.0,21.0,21.0,18.0,37.0,4.0,16.0,1.0,3.0,1.0,0.0,-127.0,-10.0,-2.0,-33.0,-6.0,-23.0,-2.0,-6.0,-6.0,-20.0,0.0,-2.0,0.0,-1.0,-1.0,0.0,372.0,54.0,13.0,73.0,28.0,58.0,21.0,21.0,18.0,37.0,4.0,16.0,1.0,3.0,1.0,0.0,-127.0,-10.0,-2.0,-33.0,-6.0,-23.0,-2.0,-6.0,-6.0,-20.0,0.0,-2.0,0.0,-1.0,-1.0,0.0
1964-05-15,372.0,54.0,13.0,73.0,28.0,58.0,21.0,21.0,18.0,37.0,4.0,16.0,1.0,3.0,1.0,0.0,-127.0,-10.0,-2.0,-33.0,-6.0,-23.0,-2.0,-6.0,-6.0,-20.0,0.0,-2.0,0.0,-1.0,-1.0,0.0,372.0,54.0,13.0,73.0,28.0,58.0,21.0,21.0,18.0,37.0,4.0,16.0,1.0,3.0,1.0,0.0,-127.0,-10.0,-2.0,-33.0,-6.0,-23.0,-2.0,-6.0,-6.0,-20.0,0.0,-2.0,0.0,-1.0,-1.0,0.0
1964-05-16,372.0,54.0,13.0,73.0,28.0,58.0,21.0,21.0,18.0,37.0,4.0,16.0,1.0,3.0,1.0,0.0,-127.0,-10.0,-2.0,-33.0,-6.0,-23.0,-2.0,-6.0,-6.0,-20.0,0.0,-2.0,0.0,-1.0,-1.0,0.0,372.0,54.0,13.0,73.0,28.0,58.0,21.0,21.0,18.0,37.0,4.0,16.0,1.0,3.0,1.0,0.0,-127.0,-10.0,-2.0,-33.0,-6.0,-23.0,-2.0,-6.0,-6.0,-20.0,0.0,-2.0,0.0,-1.0,-1.0,0.0
1964-05-17,372.0,54.0,13.0,73.0,28.0,58.0,21.0,21.0,18.0,37.0,4.0,16.0,1.0,3.0,1.0,0.0,-127.0,-10.0,-2.0,-33.0,-6.0,-23.0,-2.0,-6.0,-6.0,-20.0,0.0,-2.0,0.0,-1.0,-1.0,0.0,372.0,54.0,13.0,73.0,28.0,58.0,21.0,21.0,18.0,37.0,4.0,16.0,1.0,3.0,1.0,0.0,-127.0,-10.0,-2.0,-33.0,-6.0,-23.0,-2.0,-6.0,-6.0,-20.0,0.0,-2.0,0.0,-1.0,-1.0,0.0
1964-05-18,372.0,54.0,13.0,73.0,28.0,58.0,21.0,21.0,18.0,37.0,4.0,16.0,1.0,3.0,1.0,0.0,-127.0,-10.0,-2.0,-33.0,-6.0,-23.0,-2.0,-6.0,-6.0,-20.0,0.0,-2.0,0.0,-1.0,-1.0,0.0,372.0,54.0,13.0,73.0,28.0,58.0,21.0,21.0,18.0,37.0,4.0,16.0,1.0,3.0,1.0,0.0,-127.0,-10.0,-2.0,-33.0,-6.0,-23.0,-2.0,-6.0,-6.0,-20.0,0.0,-2.0,0.0,-1.0,-1.0,0.0
1964-05-19,372.0,54.0,13.0,73.0,28.0,58.0,21.0,21.0,18.0,37.0,4.0,16.0,1.0,3.0,1.0,0.0,-127.0,-10.0,-2.0,-33.0,-6.0,-23.0,-2.0,-6.0,-6.0,-20.0,0.0,-2.0,0.0,-1.0,-1.0,0.0,372.0,54.0,13.0,73.0,28.0,58.0,21.0,21.0,18.0,37.0,4.0,16.0,1.0,3.0,1.0,0.0,-127.0,-10.0,-2.0,-33.0,-6.0,-23.0,-2.0,-6.0,-6.0,-20.0,0.0,-2.0,0.0,-1.0,-1.0,0.0
1964-05-20,372.0,54.0,13.0,73.0,28.0,58.0,21.0,21.0,18.0,37.0,4.0,16.0,1.0,3.0,1.0,0.0,-127.0,-10.0,-2.0,-33.0,-6.0,-23.0,-2.0,-6.0,-6.0,-20.0,0.0,-2.0,0.0,-1.0,-1.0,0.0,372.0,54.0,13.0,73.0,28.0,58.0,21.0,21.0,18.0,37.0,4.0,16.0,1.0,3.0,1.0,0.0,-127.0,-10.0,-2.0,-33.0,-6.0,-23.0,-2.0,-6.0,-6.0,-20.0,0.0,-2.0,0.0,-1.0,-1.0,0.0
1964-05-21,372.0,54.0,13.0,73.0,28.0,58.0,21.0,21.0,18.0,37.0,4.0,16.0,1.0,3.0,1.0,0.0,-127.0,-10.0,-2.0,-33.0,-6.0,-23.0,-2.0,-6.0,-6.0,-20.0,0.0,-2.0,0.0,-1.0,-1.0,0.0,372.0,54.0,13.0,73.0,28.0,58.0,21.0,21.0,18.0,37.0,4.0,16.0,1.0,3.0,1.0,0.0,-127.0,-10.0,-2.0,-33.0,-6.0,-23.0,-2.0,-6.0,-6.0,-20.0,0.0,-2.0,0.0,-1.0,-1.0,0.0
1964-05-22,372.0,54.0,13.0,73.0,28.0,58.0,21.0,21.0,18.0,37.0,4.0,16.0,1.0,3.0,1.0,0.0,-127.0,-10.0,-2.0,-33.0,-6.0,-23.0,-2.0,-6.0,-6.0,-20.0,0.0,-2.0,0.0,-1.0,-1.0,0.0,372.0,54.0,13.0,73.0,28.0,58.0,21.0,21.0,18.0,37.0,4.0,16.0,1.0,3.0,1.0,0.0,-127.0,-10.0,-2.0,-33.0,-6.0,-23.0,-2.0,-6.0,-6.0,-20.0,0.0,-2.0,0.0,-1.0,-1.0,0.0
1964-05-23,372.0,54.0,13.0,73.0,28.0,58.0,21.0,21.0,18.0,37.0,4.0,16.0,1.0,3.0,1.0,0.0,-127.0,-10.0,-2.0,-33.0,-6.0,-23.0,-2.0,-6.0,-6.0,-20.0,0.0,-2.0,0.0,-1.0,-1.0,0.0,372.0,54.0,13.0,73.0,28.0,58.0,21.0,21.0,18.0,37.0,4.0,16.0,1.0,3.0,1.0,0.0,-127.0,-10.0,-2.0,-33.0,-6.0,-23.0,-2.0,-6.0,-6.0,-20.0,0.0,-2.0,0.0,-1.0,-1.0,0.0
1964-05-24,372.0,54.0,13.0,73.0,28.0,58.0,21.0,21.0,18.0,37.0,4.0,16.0,1.0,3.0,1.0,0.0,-127.0,-10.0,-2.0,-33.0,-6.0,-23.0,-2.0,-6.0,-6.0,-20.0,0.0,-2.0,0.0,-1.0,-1.0,0.0,372.0,54.0,13.0,73.0,28.0,58.0,21.0,21.0,18.0,37.0,4.0,16.0,1.0,3.0,1.0,0.0,-127.0,-10.0,-2.0,-33.0,-6.0,-23.0,-2.0,-6.0,-6.0,-20.0,0.0,-2.0,0.0,-1.0,-1.0,0.0
1964-05-25,372.0,54.0,13.0,73.0,28.0,58.0,21.0,21.0,18.0,37.0,4.0,16.0,1.0,3.0,1.0,0.0,-127.0,-10.0,-2.0,-33.0,-6.0,-23.0,-2.0,-6.0,-6.0,-20.0,0.0,-2.0,0.0,-1.0,-1.0,0.0,372.0,54.0,13.0,73.0,28.0,58.0,21.0,21.0,18.0,37.0,4.0,16.0,1.0,3.0,1.0,0.0,-127.0,-10.0,-2.0,-33.0,-6.0,-23.0,-2.0,-6.0,-6.0,-20.0,0.0,-2.0,0.0,-1.0,-1.0,0.0
1964-05-26,372.0,54.0,13.0,73.0,28.0,58.0,21.0,21.0,18.0,37.0,4.0,16.0,1.0,3.0,1.0,0.0,-127.0,-10.0,-2.0,-33.0,-6.0,-23.0,-2.0,-6.0,-6.0,-20.0,0.0,-2.0,0.0,-1.0,-1.0,0.0,372.0,54.0,13.0,73.0,28.0,58.0,21.0,21.0,18.0,37.0,4.0,16.0,1.0,3.0,1.0,0.0,-127.0,-10.0,-2.0,-33.0,-6.0,-23.0,-2.0,-6.0,-6.0,-20.0,0.0,-2.0,0.0,-1.0,-1.0,0.0
1964-05-27,372.0,54.0,13.0,73.0,28.0,58.0,21.0,21.0,18.0,37.0,4.0,16.0,1.0,3.0,1.0,0.0,-127.0,-10.0,-2.0,-33.0,-6.0,-23.0,-2.0,-6.0,-6.0,-20.0,0.0,-2.0,0.0,-1.0,-1.0,0.0,372.0,54.0,13.0,73.0,28.0,58.0,21.0,21.0,18.0,37.0,4.0,16.0,1.0,3.0,1.0,0.0,-127.0,-10.0,-2.0,-33.0,-6.0,-23.0,-2.0,-6.0,-6.0,-20.0,0.0,-2.0,0.0,-1.0,-1.0,0.0
1964-05-28,372.0,54.0,13.0,73.0,28.0,58.0,21.0,21.0,18.0,37.0,4.0,16.0,1.0,3.0,1.0,0.0,-127.0,-10.0,-2.0,-33.0,-6.0,-23.0,-2.0,-6.0,-6.0,-20.0,0.0,-2.0,0.0,-1.0,-1.0,0.0,372.0,54.0,13.0,73.0,28.0,58.0,21.0,21.0,18.0,37.0,4.0,16.0,1.0,3.0,1.0,0.0,-127.0,-10.0,-2.0,-33.0,-6.0,-23.0,-2.0,-6.0,-6.0,-20.0,0.0,-2.0,0.0,-1.0,-1.0,0.0
1964-05-29,372.0,54.0,13.0,73.0,28.0,58.0,21.0,21.0,18.0,37.0,4.0,16.0,1.0,3.0,1.0,0.0,-127.0,-10.0,-2.0,-33.0,-6.0,-23.0,-2.0,-6.0,-6.0,-20.0,0.0,-2.0,0.0,-1.0,-1.0,0.0,372.0,54.0,13.0,73.0,28.0,58.0,21.0,21.0,18.0,37.0,4.0,16.0,1.0,3.0,1.0,0.0,-127.0,-10.0,-2.0,-33.0,-6.0,-23.0,-2.0,-6.0,-6.0,-20.0,0.0,-2.0,0.0,-1.0,-1.0,0.0
1964-05-30,372.0,54.0,13.0,73.0,28.0,58.0,21.0,21.0,18.0,37.0,4.0,16.0,1.0,3.0,1.0,0.0,-127.0,-10.0,-2.0,-33.0,-6.0,-23.0,-2.0,-6.0,-6.0,-20.0,0.0,-2.0,0.0,-1.0,-1.0,0.0,372.0,54.0,13.0,73.0,28.0,58.0,21.0,21.0,18.0,37.0,4.0,16.0,1.0,3.0,1.0,0.0,-127.0,-10.0,-2.0,-33.0,-6.0,-23.0,-2.0,-6.0,-6.0,-20.0,0.0,-2.0,0.0,-1.0,-1.0,0.0
1964-05-31,372.0,54.0,13.0,73.0,28.0,58.0,21.0,21.0,18.0,37.0,4.0,16.0,1.0,3.0,1.0,0.0,-127.0,-10.0,-2.0,-33.0,-6.0,-23.0,-2.0,-6.0,-6.0,-20.0,0.0,-2.0,0.0,-1.0,-1.0,0.0,372.0,54.0,13.0,73.0,28.0,58.0,21.0,21.0,18.0,37.0,4.0,16.0,1.0,3.0,1.0,0.0,-127.0,-10.0,-2.0,-33.0,-6.0,-23.0,-2.0,-6.0,-6.0,-20.0,0.0,-2.0,0.0,-1.0,-1.0,0.0
1964-06-01,589.0,101.0,26.0,101.0,50.0,86.0,43.0,36.0,29.0,43.0,8.0,33.0,1.0,6.0,2.0,0.0,-164.0,-17.0,-4.0,-39.0,-10.0,-28.0,-5.0,-8.0,-8.0,-23.0,-1.0,-4.0,0.0,-1.0,-1.0,0.0,589.0,101.0,26.0,101.0,50.0,86.0,43.0,36.0,29.0,43.0,8.0,33.0,1.0,6.0,2.0,0.0,-164.0,-17.0,-4.0,-39.0,-10.0,-28.0,-5.0,-8.0,-8.0,-23.0,-1.0,-4.0,0.0,-1.0,-1.0,0.0
1964-06-02,589.0,101.0,26.0,101.0,50.0,86.0,43.0,36.0,29.0,43.0,8.0,33.0,1.0,6.0,2.0,0.0,-164.0,-17.0,-4.0,-39.0,-10.0,-28.0,-5.0,-8.0,-8.0,-23.0,-1.0,-4.0,0.0,-1.0,-1.0,0.0,589.0,101.0,26.0,101.0,50.0,86.0,43.0,36.0,29.0,43.0,8.0,33.0,1.0,6.0,2.0,0.0,-164.0,-17.0,-4.0,-39.0,-10.0,-28.0,-5.0,-8.0,-8.0,-23.0,-1.0,-4.0,0.0,-1.0,-1.0,0.0
1964-06-03,589.0,101.0,26.0,101.0,50.0,86.0,43.0,36.0,29.0,43.0,8.0,33.0,1.0,6.0,2.0,0.0,-164.0,-17.0,-4.0,-39.0,-10.0,-28.0,-5.0,-8.0,-8.0,-23.0,-1.0,-4.0,0.0,-1.0,-1.0,0.0,589.0,101.0,26.0,101.0,50.0,86.0,43.0,36.0,29.0,43.0,8.0,33.0,1.0,6.0,2.0,0.0,-164.0,-17.0,-4.0,-39.0,-10.0,-28.0,-5.0,-8.0,-8.0,-23.0,-1.0,-4.0,0.0,-1.0,-1.0,0.0
1964-06-04,589.0,101.0,26.0,101.0,50.0,86.0,43.0,36.0,29.0,43.0,8.0,33.0,1.0,6.0,2.0,0.0,-164.0,-17.0,-4.0,-39.0,-10.0,-28.0,-5.0,-8.0,-8.0,-23.0,-1.0,-4.0,0.0,-1.0,-1.0,0.0,589.0,101.0,26.0,101.0,50.0,86.0,43.0,36.0,29.0,43.0,8.0,33.0,1.0,6.0,2.0,0.0,-164.0,-17.0,-4.0,-39.0,-10.0,-28.0,-5.0,-8.0,-8.0,-23.0,-1.0,-4.0,0.0,-1.0,-1.0,0.0
1964-06-05,589.0,101.0,26.0,101.0,50.0,86.0,43.0,36.0,29.0,43.0,8.0,33.0,1.0,6.0,2.0,0.0,-164.0,-17.0,-4.0,-39.0,-10.0,-28.0,-5.0,-8.0,-8.0,-23.0,-1.0,-4.0,0.0,-1.0,-1.0,0.0,589.0,101.0,26.0,101.0,50.0,86.0,43.0,36.0,29.0,43.0,8.0,33.0,1.0,6.0,2.0,0.0,-164.0,-17.0,-4.0,-39.0,-10.0,-28.0,-5.0,-8.0,-8.0,-23.0,-1.0,-4.0,0.0,-1.0,-1.0,0.0
1964-06-06,589.0,101.0,26.0,101.0,50.0,86.0,43.0,36.0,29.0,43.0,8.0,33.0,1.0,6.0,2.0,0.0,-164.0,-17.0,-4.0,-39.0,-10.0,-28.0,-5.0,-8.0,-8.0,-23.0,-1.0,-4.0,0.0,-1.0,-1.0,0.0,589.0,101.0,26.0,101.0,50.0,86.0,43.0,36.0,29.0,43.0,8.0,33.0,1.0,6.0,2.0,0.0,-164.0,-17.0,-4.0,-39.0,-10.0,-28.0,-5.0,-8.0,-8.0,-23.0,-1.0,-4.0,0.0,-1.0,-1.0,0.0
1964-06-07,589.0,101.0,26.0,101.0,50.0,86.0,43.0,36.0,29.0,43.0,8.0,33.0,1.0,6.0,2.0,0.0,-164.0,-17.0,-4.0,-39.0,-10.0,-28.0,-5.0,-8.0,-8.0,-23.0,-1.0,-4.0,0.0,-1.0,-1.0,0.0,589.0,101.0,26.0,101.0,50.0,86.0,43.0,36.0,29.0,43.0,8.0,33.0,1.0,6.0,2.0,0.0,-164.0,-17.0,-4.0,-39.0,-10.0,-28.0,-5.0,-8.0,-8.0,-23.0,-1.0,-4.0,0.0,-1.0,-1.0,0.0
1964-06-08,589.0,101.0,26.0,101.0,50.0,86.0,43.0,36.0,29.0,43.0,8.0,33.0,1.0,6.0,2.0,0.0,-164.0,-17.0,-4.0,-39.0,-10.0,-28.0,-5.0,-8.0,-8.0,-23.0,-1.0,-4.0,0.0,-1.0,-1.0,0.0,589.0,101.0,26.0,101.0,50.0,86.0,43.0,36.0,29.0,43.0,8.0,33.0,1.0,6.0,2.0,0.0,-164.0,-17.0,-4.0,-39.0,-10.0,-28.0,-5.0,-8.0,-8.0,-23.0,-1.0,-4.0,0.0,-1.0,-1.0,0.0
1964-06-09,589.0,101.0,26.0,101.0,50.0,86.0,43.0,36.0,29.0,43.0,8.0,33.0,1.0,6.0,2.0,0.0,-164.0,-17.0,-4.0,-39.0,-10.0,-28.0,-5.0,-8.0,-8.0,-23.0,-1.0,-4.0,0.0,-1.0,-1.0,0.0,589.0,101.0,26.0,101.0,50.0,86.0,43.0,36.0,29.0,43.0,8.0,33.0,1.0,6.0,2.0,0.0,-164.0,-17.0,-4.0,-39.0,-10.0,-28.0,-5.0,-8.0,-8.0,-23.0,-1.0,-4.0,0.0,-1.0,-1.0,0.0
1964-06-10,589.0,101.0,26.0,101.0,50.0,86.0,43.0,36.0,29.0,43.0,8.0,33.0,1.0,6.0,2.0,0.0,-164.0,-17.0,-4.0,-39.0,-10.0,-28.0,-5.0,-8.0,-8.0,-23.0,-1.0,-4.0,0.0,-1.0,-1.0,0.0,589.0,101.0,26.0,101.0,50.0,86.0,43.0,36.0,29.0,43.0,8.0,33.0,1.0,6.0,2.0,0.0,-164.0,-17.0,-4.0,-39.0,-10.0,-28.0,-5.0,-8.0,-8.0,-23.0,-1.0,-4.0,0.0,-1.0,-1.0,0.0
1964-06-11,589.0,101.0,26.0,101.0,50.0,86.0,43.0,36.0,29.0,43.0,8.0,33.0,1.0,6.0,2.0,0.0,-164.0,-17.0,-4.0,-39.0,-10.0,-28.0,-5.0,-8.0,-8.0,-23.0,-1.0,-4.0,0.0,-1.0,-1.0,0.0,589.0,101.0,26.0,101.0,50.0,86.0,43.0,36.0,29.0,43.0,8.0,33.0,1.0,6.0,2.0,0.0,-164.0,-17.0,-4.0,-39.0,-10.0,-28.0,-5.0,-8.0,-8.0,-23.0,-1.0,-4.0,0.0,-1.0,-1.0,0.0
1964-06-12,589.0,101.0,26.0,101.0,50.0,86.0,43.0,36.0,29.0,43.0,8.0,33.0,1.0,6.0,2.0,0.0,-164.0,-17.0,-4.0,-39.0,-10.0,-28.0,-5.0,-8.0,-8.0,-23.0,-1.0,-4.0,0.0,-1.0,-1.0,0.0,589.0,101.0,26.0,101.0,50.0,86.0,43.0,36.0,29.0,43.0,8.0,33.0,1.0,6.0,2.0,0.0,-164.0,-17.0,-4.0,-39.0,-10.0,-28.0,-5.0,-8.0,-8.0,-23.0,-1.0,-4.0,0.0,-1.0,-1.0,0.0
1964-06-13,589.0,101.0,26.0,101.0,50.0,86.0,43.0,36.0,29.0,43.0,8.0,33.0,1.0,6.0,2.0,0.0,-164.0,-17.0,-4.0,-39.0,-10.0,-28.0,-5.0,-8.0,-8.0,-23.0,-1.0,-4.0,0.0,-1.0,-1.0,0.0,589.0,101.0,26.0,101.0,50.0,86.0,43.0,36.0,29.0,43.0,8.0,33.0,1.0,6.0,2.0,0.0,-164.0,-17.0,-4.0,-39.0,-10.0,-28.0,-5.0,-8.0,-8.0,-23.0,-1.0,-4.0,0.0,-1.0,-1.0,0.0
1964-06-14,589.0,101.0,26.0,101.0,50.0,86.0,43.0,36.0,29.0,43.0,8.0,33.0,1.0,6.0,2.0,0.0,-164.0,-17.0,-4.0,-39.0,-10.0,-28.0,-5.0,-8.0,-8.0,-23.0,-1.0,-4.0,0.0,-1.0,-1.0,0.0,589.0,101.0,26.0,101.0,50.0,86.0,43.0,36.0,29.0,43.0,8.0,33.0,1.0,6.0,2.0,0.0,-164.0,-17.0,-4.0,-39.0,-10.0,-28.0,-5.0,-8.0,-8.0,-23.0,-1.0,-4.0,0.0,-1.0,-1.0,0.0
1964-06-15,589.0,101.0,26.0,101.0,50.0,86.0,43.0,36.0,29.0,43.0,8.0,33.0,1.0,6.0,2.0,0.0,-164.0,-17.0,-4.0,-39.0,-10.0,-28.0,-5.0,-8.0,-8.0,-23.0,-1.0,-4.0,0.0,-1.0,-1.0,0.0,589.0,101.0,26.0,101.0,50.0,86.0,43.0,36.0,29.0,43.0,8.0,33.0,1.0,6.0,2.0,0.0,-164.0,-17.0,-4.0,-39.0,-10.0,-28.0,-5.0,-8.0,-8.0,-23.0,-1.0,-4.0,0.0,-1.0,-1.0,0.0
1964-06-16,589.0,101.0,26.0,101.0,50.0,86.0,43.0,36.0,29.0,43.0,8.0,33.0,1.0,6.0,2.0,0.0,-164.0,-17.0,-4.0,-39.0,-10.0,-28.0,-5.0,-8.0,-8.0,-23.0,-1.0,-4.0,0.0,-1.0,-1.0,0.0,589.0,101.0,26.0,101.0,50.0,86.0,43.0,36.0,29.0,43.0,8.0,33.0,1.0,6.0,2.0,0.0,-164.0,-17.0,-4.0,-39.0,-10.0,-28.0,-5.0,-8.0,-8.0,-23.0,-1.0,-4.0,0.0,-1.0,-1.0,0.0
1964-06-17,589.0,101.0,26.0,101.0,50.0,86.0,43.0,36.0,29.0,43.0,8.0,33.0,1.0,6.0,2.0,0.0,-164.0,-17.0,-4.0,-39.0,-10.0,-28.0,-5.0,-8.0,-8.0,-23.0,-1.0,-4.0,0.0,-1.0,-1.0,0.0,589.0,101.0,26.0,101.0,50.0,86.0,43.0,36.0,29.0,43.0,8.0,33.0,1.0,6.0,2.0,0.0,-164.0,-17.0,-4.0,-39.0,-10.0,-28.0,-5.0,-8.0,-8.0,-23.0,-1.0,-4.0,0.0,-1.0,-1.0,0.0
1964-06-18,589.0,101.0,26.0,101.0,50.0,86.0,43.0,36.0,29.0,43.0,8.0,33.0,1.0,6.0,2.0,0.0,-164.0,-17.0,-4.0,-39.0,-10.0,-28.0,-5.0,-8.0,-8.0,-23.0,-1.0,-4.0,0.0,-1.0,-1.0,0.0,589.0,101.0,26.0,101.0,50.0,86.0,43.0,36.0,29.0,43.0,8.0,33.0,1.0,6.0,2.0,0.0,-164.0,-17.0,-4.0,-39.0,-10.0,-28.0,-5.0,-8.0,-8.0,-23.0,-1.0,-4.0,0.0,-1.0,-1.0,0.0
1964-06-19,589.0,101.0,26.0,101.0,50.0,86.0,43.0,36.0,29.0,43.0,8.0,33.0,1.0,6.0,2.0,0.0,-164.0,-17.0,-4.0,-39.0,-10.0,-28.0,-5.0,-8.0,-8.0,-23.0,-1.0,-4.0,0.0,-1.0,-1.0,0.0,589.0,101.0,26.0,101.0,50.0,86.0,43.0,36.0,29.0,43.0,8.0,33.0,1.0,6.0,2.0,0.0,-164.0,-17.0,-4.0,-39.0,-10.0,-28.0,-5.0,-8.0,-8.0,-23.0,-1.0,-4.0,0.0,-1.0,-1.0,0.0
1964-06-20,589.0,101.0,26.0,101.0,50.0,86.0,43.0,36.0,29.0,43.0,8.0,33.0,1.0,6.0,2.0,0.0,-164.0,-17.0,-4.0,-39.0,-10.0,-28.0,-5.0,-8.0,-8.0,-23.0,-1.0,-4.0,0.0,-1.0,-1.0,0.0,589.0,101.0,26.0,101.0,50.0,86.0,43.0,36.0,29.0,43.0,8.0,33.0,1.0,6.0,2.0,0.0,-164.0,-17.0,-4.0,-39.0,-10.0,-28.0,-5.0,-8.0,-8.0,-23.0,-1.0,-4.0,0.0,-1.0,-1.0,0.0
1964-06-21,589.0,101.0,26.0,101.0,50.0,86.0,43.0,36.0,29.0,43.0,8.0,33.0,1.0,6.0,2.0,0.0,-164.0,-17.0,-4.0,-39.0,-10.0,-28.0,-5.0,-8.0,-8.0,-23.0,-1.0,-4.0,0.0,-1.0,-1.0,0.0,589.0,101.0,26.0,101.0,50.0,86.0,43.0,36.0,29.0,43.0,8.0,33.0,1.0,6.0,2.0,0.0,-164.0,-17.0,-4.0,-39.0,-10.0,-28.0,-5.0,-8.0,-8.0,-23.0,-1.0,-4.0,0.0,-1.0,-1.0,0.0
1964-06-22,589.0,101.0,26.0,101.0,50.0,86.0,43.0,36.0,29.0,43.0,8.0,33.0,1.0,6.0,2.0,0.0,-164.0,-17.0,-4.0,-39.0,-10.0,-28.0,-5.0,-8.0,-8.0,-23.0,-1.0,-4.0,0.0,-1.0,-1.0,0.0,589.0,101.0,26.0,101.0,50.0,86.0,43.0,36.0,29.0,43.0,8.0,33.0,1.0,6.0,2.0,0.0,-164.0,-17.0,-4.0,-39.0,-10.0,-28.0,-5.0,-8.0,-8.0,-23.0,-1.0,-4.0,0.0,-1.0,-1.0,0.0
1964-06-23,589.0,101.0,26.0,101.0,50.0,86.0,43.0,36.0,29.0,43.0,8.0,33.0,1.0,6.0,2.0,0.0,-164.0,-17.0,-4.0,-39.0,-10.0,-28.0,-5.0,-8.0,-8.0,-23.0,-1.0,-4.0,0.0,-1.0,-1.0,0.0,589.0,101.0,26.0,101.0,50.0,86.0,43.0,36.0,29.0,43.0,8.0,33.0,1.0,6.0,2.0,0.0,-164.0,-17.0,-4.0,-39.0,-10.0,-28.0,-5.0,-8.0,-8.0,-23.0,-1.0,-4.0,0.0,-1.0,-1.0,0.0
1964-06-24,589.0,101.0,26.0,101.0,50.0,86.0,43.0,36.0,29.0,43.0,8.0,33.0,1.0,6.0,2.0,0.0,-164.0,-17.0,-4.0,-39.0,-10.0,-28.0,-5.0,-8.0,-8.0,-23.0,-1.0,-4.0,0.0,-1.0,-1.0,0.0,589.0,101.0,26.0,101.0,50.0,86.0,43.0,36.0,29.0,43.0,8.0,33.0,1.0,6.0,2.0,0.0,-164.0,-17.0,-4.0,-39.0,-10.0,-28.0,-5.0,-8.0,-8.0,-23.0,-1.0,-4.0,0.0,-1.0,-1.0,0.0
1964-06-25,589.0,101.0,26.0,101.0,50.0,86.0,43.0,36.0,29.0,43.0,8.0,33.0,1.0,6.0,2.0,0.0,-164.0,-17.0,-4.0,-39.0,-10.0,-28.0,-5.0,-8.0,-8.0,-23.0,-1.0,-4.0,0.0,-1.0,-1.0,0.0,589.0,101.0,26.0,101.0,50.0,86.0,43.0,36.0,29.0,43.0,8.0,33.0,1.0,6.0,2.0,0.0,-164.0,-17.0,-4.0,-39.0,-10.0,-28.0,-5.0,-8.0,-8.0,-23.0,-1.0,-4.0,0.0,-1.0,-1.0,0.0
1964-06-26,589.0,101.0,26.0,101.0,50.0,86.0,43.0,36.0,29.0,43.0,8.0,33.0,1.0,6.0,2.0,0.0,-164.0,-17.0,-4.0,-39.0,-10.0,-28.0,-5.0,-8.0,-8.0,-23.0,-1.0,-4.0,0.0,-1.0,-1.0,0.0,589.0,101.0,26.0,101.0,50.0,86.0,43.0,36.0,29.0,43.0,8.0,33.0,1.0,6.0,2.0,0.0,-164.0,-17.0,-4.0,-39.0,-10.0,-28.0,-5.0,-8.0,-8.0,-23.0,-1.0,-4.0,0.0,-1.0,-1.0,0.0
1964-06-27,589.0,101.0,26.0,101.0,50.0,86.0,43.0,36.0,29.0,43.0,8.0,33.0,1.0,6.0,2.0,0.0,-164.0,-17.0,-4.0,-39.0,-10.0,-28.0,-5.0,-8.0,-8.0,-23.0,-1.0,-4.0,0.0,-1.0,-1.0,0.0,589.0,101.0,26.0,101.0,50.0,86.0,43.0,36.0,29.0,43.0,8.0,33.0,1.0,6.0,2.0,0.0,-164.0,-17.0,-4.0,-39.0,-10.0,-28.0,-5.0,-8.0,-8.0,-23.0,-1.0,-4.0,0.0,-1.0,-1.0,0.0
1964-06-28,589.0,101.0,26.0,101.0,50.0,86.0,43.0,36.0,29.0,43.0,8.0,33.0,1.0,6.0,2.0,0.0,-164.0,-17.0,-4.0,-39.0,-10.0,-28.0,-5.0,-8.0,-8.0,-23.0,-1.0,-4.0,0.0,-1.0,-1.0,0.0,589.0,101.0,26.0,101.0,50.0,86.0,43.0,36.0,29.0,43.0,8.0,33.0,1.0,6.0,2.0,0.0,-164.0,-17.0,-4.0,-39.0,-10.0,-28.0,-5.0,-8.0,-8.0,-23.0,-1.0,-4.0,0.0,-1.0,-1.0,0.0
1964-06-29,589.0,101.0,26.0,101.0,50.0,86.0,43.0,36.0,29.0,43.0,8.0,33.0,1.0,6.0,2.0,0.0,-164.0,-17.0,-4.0,-39.0,-10.0,-28.0,-5.0,-8.0,-8.0,-23.0,-1.0,-4.0,0.0,-1.0,-1.0,0.0,589.0,101.0,26.0,101.0,50.0,86.0,43.0,36.0,29.0,43.0,8.0,33.0,1.0,6.0,2.0,0.0,-164.0,-17.0,-4.0,-39.0,-10.0,-28.0,-5.0,-8.0,-8.0,-23.0,-1.0,-4.0,0.0,-1.0,-1.0,0.0
1964-06-30,589.0,101.0,26.0,101.0,50.0,86.0,43.0,36.0,29.0,43.0,8.0,33.0,1.0,6.0,2.0,0.0,-164.0,-17.0,-4.0,-39.0,-10.0,-28.0,-5.0,-8.0,-8.0,-23.0,-1.0,-4.0,0.0,-1.0,-1.0,0.0,589.0,101.0,26.0,101.0,50.0,86.0,43.0,36.0,29.0,43.0,8.0,33.0,1.0,6.0,2.0,0.0,-164.0,-17.0,-4.0,-39.0,-10.0,-28.0,-5.0,-8.0,-8.0,-23.0,-1.0,-4.0,0.0,-1.0,-1.0,0.0
1964-07-01,882.0,158.0,42.0,146.0,77.0,127.0,69.0,54.0,44.0,57.0,12.0,52.0,2.0,9.0,2.0,0.0,-228.0,-24.0,-5.0,-55.0,-14.0,-39.0,-7.0,-11.0,-11.0,-32.0,-1.0,-6.0,-1.0,-1.0,-1.0,0.0,882.0,158.0,42.0,146.0,77.0,127.0,69.0,54.0,44.0,57.0,12.0,52.0,2.0,9.0,2.0,0.0,-228.0,-24.0,-5.0,-55.0,-14.0,-39.0,-7.0,-11.0,-11.0,-32.0,-1.0,-6.0,-1.0,-1.0,-1.0,0.0
1964-07-02,882.0,158.0,42.0,146.0,77.0,127.0,69.0,54.0,44.0,57.0,12.0,52.0,2.0,9.0,2.0,0.0,-228.0,-24.0,-5.0,-55.0,-14.0,-39.0,-7.0,-11.0,-11.0,-32.0,-1.0,-6.0,-1.0,-1.0,-1.0,0.0,882.0,158.0,42.0,146.0,77.0,127.0,69.0,54.0,44.0,57.0,12.0,52.0,2.0,9.0,2.0,0.0,-228.0,-24.0,-5.0,-55.0,-14.0,-39.0,-7.0,-11.0,-11.0,-32.0,-1.0,-6.0,-1.0,-1.0,-1.0,0.0
1964-07-03,882.0,158.0,42.0,146.0,77.0,127.0,69.0,54.0,44.0,57.0,12.0,52.0,2.0,9.0,2.0,0.0,-228.0,-24.0,-5.0,-55.0,-14.0,-39.0,-7.0,-11.0,-11.0,-32.0,-1.0,-6.0,-1.0,-1.0,-1.0,0.0,882.0,158.0,42.0,146.0,77.0,127.0,69.0,54.0,44.0,57.0,12.0,52.0,2.0,9.0,2.0,0.0,-228.0,-24.0,-5.0,-55.0,-14.0,-39.0,-7.0,-11.0,-11.0,-32.0,-1.0,-6.0,-1.0,-1.0,-1.0,0.0
1964-07-04,882.0,158.0,42.0,146.0,77.0,127.0,69.0,54.0,44.0,57.0,12.0,52.0,2.0,9.0,2.0,0.0,-228.0,-24.0,-5.0,-55.0,-14.0,-39.0,-7.0,-11.0,-11.0,-32.0,-1.0,-6.0,-1.0,-1.0,-1.0,0.0,882.0,158.0,42.0,146.0,77.0,127.0,69.0,54.0,44.0,57.0,12.0,52.0,2.0,9.0,2.0,0.0,-228.0,-24.0,-5.0,-55.0,-14.0,-39.0,-7.0,-11.0,-11.0,-32.0,-1.0,-6.0,-1.0,-1.0,-1.0,0.0
1964-07-05,882.0,158.0,42.0,146.0,77.0,127.0,69.0,54.0,44.0,57.0,12.0,52.0,2.0,9.0,2.0,0.0,-228.0,-24.0,-5.0,-55.0,-14.0,-39.0,-7.0,-11.0,-11.0,-32.0,-1.0,-6.0,-1.0,-1.0,-1.0,0.0,882.0,158.0,42.0,146.0,77.0,127.0,69.0,54.0,44.0,57.0,12.0,52.0,2.0,9.0,2.0,0.0,-228.0,-24.0,-5.0,-55.0,-14.0,-39.0,-7.0,-11.0,-11.0,-32.0,-1.0,-6.0,-1.0,-1.0,-1.0,0.0
1964-07-06,882.0,158.0,42.0,146.0,77.0,127.0,69.0,54.0,44.0,57.0,12.0,52.0,2.0,9.0,2.0,0.0,-228.0,-24.0,-5.0,-55.0,-14.0,-39.0,-7.0,-11.0,-11.0,-32.0,-1.0,-6.0,-1.0,-1.0,-1.0,0.0,882.0,158.0,42.0,146.0,77.0,127.0,69.0,54.0,44.0,57.0,12.0,52.0,2.0,9.0,2.0,0.0,-228.0,-24.0,-5.0,-55.0,-14.0,-39.0,-7.0,-11.0,-11.0,-32.0,-1.0,-6.0,-1.0,-1.0,-1.0,0.0
1964-07-07,882.0,158.0,42.0,146.0,77.0,127.0,69.0,54.0,44.0,57.0,12.0,52.0,2.0,9.0,2.0,0.0,-228.0,-24.0,-5.0,-55.0,-14.0,-39.0,-7.0,-11.0,-11.0,-32.0,-1.0,-6.0,-1.0,-1.0,-1.0,0.0,882.0,158.0,42.0,146.0,77.0,127.0,69.0,54.0,44.0,57.0,12.0,52.0,2.0,9.0,2.0,0.0,-228.0,-24.0,-5.0,-55.0,-14.0,-39.0,-7.0,-11.0,-11.0,-32.0,-1.0,-6.0,-1.0,-1.0,-1.0,0.0
1964-07-08,882.0,158.0,42.0,146.0,77.0,127.0,69.0,54.0,44.0,57.0,12.0,52.0,2.0,9.0,2.0,0.0,-228.0,-24.0,-5.0,-55.0,-14.0,-39.0,-7.0,-11.0,-11.0,-32.0,-1.0,-6.0,-1.0,-1.0,-1.0,0.0,882.0,158.0,42.0,146.0,77.0,127.0,69.0,54.0,44.0,57.0,12.0,52.0,2.0,9.0,2.0,0.0,-228.0,-24.0,-5.0,-55.0,-14.0,-39.0,-7.0,-11.0,-11.0,-32.0,-1.0,-6.0,-1.0,-1.0,-1.0,0.0
1964-07-09,882.0,158.0,42.0,146.0,77.0,127.0,69.0,54.0,44.0,57.0,12.0,52.0,2.0,9.0,2.0,0.0,-228.0,-24.0,-5.0,-55.0,-14.0,-39.0,-7.0,-11.0,-11.0,-32.0,-1.0,-6.0,-1.0,-1.0,-1.0,0.0,882.0,158.0,42.0,146.0,77.0,127.0,69.0,54.0,44.0,57.0,12.0,52.0,2.0,9.0,2.0,0.0,-228.0,-24.0,-5.0,-55.0,-14.0,-39.0,-7.0,-11.0,-11.0,-32.0,-1.0,-6.0,-1.0,-1.0,-1.0,0.0
1964-07-10,882.0,158.0,42.0,146.0,77.0,127.0,69.0,54.0,44.0,57.0,12.0,52.0,2.0,9.0,2.0,0.0,-228.0,-24.0,-5.0,-55.0,-14.0,-39.0,-7.0,-11.0,-11.0,-32.0,-1.0,-6.0,-1.0,-1.0,-1.0,0.0,882.0,158.0,42.0,146.0,77.0,127.0,69.0,54.0,44.0,57.0,12.0,52.0,2.0,9.0,2.0,0.0,-228.0,-24.0,-5.0,-55.0,-14.0,-39.0,-7.0,-11.0,-11.0,-32.0,-1.0,-6.0,-1.0,-1.0,-1.0,0.0
1964-07-11,882.0,158.0,42.0,146.0,77.0,127.0,69.0,54.0,44.0,57.0,12.0,52.0,2.0,9.0,2.0,0.0,-228.0,-24.0,-5.0,-55.0,-14.0,-39.0,-7.0,-11.0,-11.0,-32.0,-1.0,-6.0,-1.0,-1.0,-1.0,0.0,882.0,158.0,42.0,146.0,77.0,127.0,69.0,54.0,44.0,57.0,12.0,52.0,2.0,9.0,2.0,0.0,-228.0,-24.0,-5.0,-55.0,-14.0,-39.0,-7.0,-11.0,-11.0,-32.0,-1.0,-6.0,-1.0,-1.0,-1.0,0.0
1964-07-12,882.0,158.0,42.0,146.0,77.0,127.0,69.0,54.0,44.0,57.0,12.0,52.0,2.0,9.0,2.0,0.0,-228.0,-24.0,-5.0,-55.0,-14.0,-39.0,-7.0,-11.0,-11.0,-32.0,-1.0,-6.0,-1.0,-1.0,-1.0,0.0,882.0,158.0,42.0,146.0,77.0,127.0,69.0,54.0,44.0,57.0,12.0,52.0,2.0,9.0,2.0,0.0,-228.0,-24.0,-5.0,-55.0,-14.0,-39.0,-7.0,-11.0,-11.0,-32.0,-1.0,-6.0,-1.0,-1.0,-1.0,0.0
1964-07-13,882.0,158.0,42.0,146.0,77.0,127.0,69.0,54.0,44.0,57.0,12.0,52.0,2.0,9.0,2.0,0.0,-228.0,-24.0,-5.0,-55.0,-14.0,-39.0,-7.0,-11.0,-11.0,-32.0,-1.0,-6.0,-1.0,-1.0,-1.0,0.0,882.0,158.0,42.0,146.0,77.0,127.0,69.0,54.0,44.0,57.0,12.0,52.0,2.0,9.0,2.0,0.0,-228.0,-24.0,-5.0,-55.0,-14.0,-39.0,-7.0,-11.0,-11.0,-32.0,-1.0,-6.0,-1.0,-1.0,-1.0,0.0
1964-07-14,882.0,158.0,42.0,146.0,77.0,127.0,69.0,54.0,44.0,57.0,12.0,52.0,2.0,9.0,2.0,0.0,-228.0,-24.0,-5.0,-55.0,-14.0,-39.0,-7.0,-11.0,-11.0,-32.0,-1.0,-6.0,-1.0,-1.0,-1.0,0.0,882.0,158.0,42.0,146.0,77.0,127.0,69.0,54.0,44.0,57.0,12.0,52.0,2.0,9.0,2.0,0.0,-228.0,-24.0,-5.0,-55.0,-14.0,-39.0,-7.0,-11.0,-11.0,-32.0,-1.0,-6.0,-1.0,-1.0,-1.0,0.0
1964-07-15,882.0,158.0,42.0,146.0,77.0,127.0,69.0,54.0,44.0,57.0,12.0,52.0,2.0,9.0,2.0,0.0,-228.0,-24.0,-5.0,-55.0,-14.0,-39.0,-7.0,-11.0,-11.0,-32.0,-1.0,-6.0,-1.0,-1.0,-1.0,0.0,882.0,158.0,42.0,146.0,77.0,127.0,69.0,54.0,44.0,57.0,12.0,52.0,2.0,9.0,2.0,0.0,-228.0,-24.0,-5.0,-55.0,-14.0,-39.0,-7.0,-11.0,-11.0,-32.0,-1.0,-6.0,-1.0,-1.0,-1.0,0.0
1964-07-16,882.0,158.0,42.0,146.0,77.0,127.0,69.0,54.0,44.0,57.0,12.0,52.0,2.0,9.0,2.0,0.0,-228.0,-24.0,-5.0,-55.0,-14.0,-39.0,-7.0,-11.0,-11.0,-32.0,-1.0,-6.0,-1.0,-1.0,-1.0,0.0,882.0,158.0,42.0,146.0,77.0,127.0,69.0,54.0,44.0,57.0,12.0,52.0,2.0,9.0,2.0,0.0,-228.0,-24.0,-5.0,-55.0,-14.0,-39.0,-7.0,-11.0,-11.0,-32.0,-1.0,-6.0,-1.0,-1.0,-1.0,0.0
1964-07-17,882.0,158.0,42.0,146.0,77.0,127.0,69.0,54.0,44.0,57.0,12.0,52.0,2.0,9.0,2.0,0.0,-228.0,-24.0,-5.0,-55.0,-14.0,-39.0,-7.0,-11.0,-11.0,-32.0,-1.0,-6.0,-1.0,-1.0,-1.0,0.0,882.0,158.0,42.0,146.0,77.0,127.0,69.0,54.0,44.0,57.0,12.0,52.0,2.0,9.0,2.0,0.0,-228.0,-24.0,-5.0,-55.0,-14.0,-39.0,-7.0,-11.0,-11.0,-32.0,-1.0,-6.0,-1.0,-1.0,-1.0,0.0
1964-07-18,882.0,158.0,42.0,146.0,77.0,127.0,69.0,54.0,44.0,57.0,12.0,52.0,2.0,9.0,2.0,0.0,-228.0,-24.0,-5.0,-55.0,-14.0,-39.0,-7.0,-11.0,-11.0,-32.0,-1.0,-6.0,-1.0,-1.0,-1.0,0.0,882.0,158.0,42.0,146.0,77.0,127.0,69.0,54.0,44.0,57.0,12.0,52.0,2.0,9.0,2.0,0.0,-228.0,-24.0,-5.0,-55.0,-14.0,-39.0,-7.0,-11.0,-11.0,-32.0,-1.0,-6.0,-1.0,-1.0,-1.0,0.0
1964-07-19,882.0,158.0,42.0,146.0,77.0,127.0,69.0,54.0,44.0,57.0,12.0,52.0,2.0,9.0,2.0,0.0,-228.0,-24.0,-5.0,-55.0,-14.0,-39.0,-7.0,-11.0,-11.0,-32.0,-1.0,-6.0,-1.0,-1.0,-1.0,0.0,882.0,158.0,42.0,146.0,77.0,127.0,69.0,54.0,44.0,57.0,12.0,52.0,2.0,9.0,2.0,0.0,-228.0,-24.0,-5.0,-55.0,-14.0,-39.0,-7.0,-11.0,-11.0,-32.0,-1.0,-6.0,-1.0,-1.0,-1.0,0.0
1964-07-20,882.0,158.0,42.0,146.0,77.0,127.0,69.0,54.0,44.0,57.0,12.0,52.0,2.0,9.0,2.0,0.0,-228.0,-24.0,-5.0,-55.0,-14.0,-39.0,-7.0,-11.0,-11.0,-32.0,-1.0,-6.0,-1.0,-1.0,-1.0,0.0,882.0,158.0,42.0,146.0,77.0,127.0,69.0,54.0,44.0,57.0,12.0,52.0,2.0,9.0,2.0,0.0,-228.0,-24.0,-5.0,-55.0,-14.0,-39.0,-7.0,-11.0,-11.0,-32.0,-1.0,-6.0,-1.0,-1.0,-1.0,0.0
1964-07-21,882.0,158.0,42.0,146.0,77.0,127.0,69.0,54.0,44.0,57.0,12.0,52.0,2.0,9.0,2.0,0.0,-228.0,-24.0,-5.0,-55.0,-14.0,-39.0,-7.0,-11.0,-11.0,-32.0,-1.0,-6.0,-1.0,-1.0,-1.0,0.0,882.0,158.0,42.0,146.0,77.0,127.0,69.0,54.0,44.0,57.0,12.0,52.0,2.0,9.0,2.0,0.0,-228.0,-24.0,-5.0,-55.0,-14.0,-39.0,-7.0,-11.0,-11.0,-32.0,-1.0,-6.0,-1.0,-1.0,-1.0,0.0
1964-07-22,882.0,158.0,42.0,146.0,77.0,127.0,69.0,54.0,44.0,57.0,12.0,52.0,2.0,9.0,2.0,0.0,-228.0,-24.0,-5.0,-55.0,-14.0,-39.0,-7.0,-11.0,-11.0,-32.0,-1.0,-6.0,-1.0,-1.0,-1.0,0.0,882.0,158.0,42.0,146.0,77.0,127.0,69.0,54.0,44.0,57.0,12.0,52.0,2.0,9.0,2.0,0.0,-228.0,-24.0,-5.0,-55.0,-14.0,-39.0,-7.0,-11.0,-11.0,-32.0,-1.0,-6.0,-1.0,-1.0,-1.0,0.0
1964-07-23,882.0,158.0,42.0,146.0,77.0,127.0,69.0,54.0,44.0,57.0,12.0,52.0,2.0,9.0,2.0,0.0,-228.0,-24.0,-5.0,-55.0,-14.0,-39.0,-7.0,-11.0,-11.0,-32.0,-1.0,-6.0,-1.0,-1.0,-1.0,0.0,882.0,158.0,42.0,146.0,77.0,127.0,69.0,54.0,44.0,57.0,12.0,52.0,2.0,9.0,2.0,0.0,-228.0,-24.0,-5.0,-55.0,-14.0,-39.0,-7.0,-11.0,-11.0,-32.0,-1.0,-6.0,-1.0,-1.0,-1.0,0.0
1964-07-24,882.0,158.0,42.0,146.0,77.0,127.0,69.0,54.0,44.0,57.0,12.0,52.0,2.0,9.0,2.0,0.0,-228.0,-24.0,-5.0,-55.0,-14.0,-39.0,-7.0,-11.0,-11.0,-32.0,-1.0,-6.0,-1.0,-1.0,-1.0,0.0,882.0,158.0,42.0,146.0,77.0,127.0,69.0,54.0,44.0,57.0,12.0,52.0,2.0,9.0,2.0,0.0,-228.0,-24.0,-5.0,-55.0,-14.0,-39.0,-7.0,-11.0,-11.0,-32.0,-1.0,-6.0,-1.0,-1.0,-1.0,0.0
1964-07-25,882.0,158.0,42.0,146.0,77.0,127.0,69.0,54.0,44.0,57.0,12.0,52.0,2.0,9.0,2.0,0.0,-228.0,-24.0,-5.0,-55.0,-14.0,-39.0,-7.0,-11.0,-11.0,-32.0,-1.0,-6.0,-1.0,-1.0,-1.0,0.0,882.0,158.0,42.0,146.0,77.0,127.0,69.0,54.0,44.0,57.0,12.0,52.0,2.0,9.0,2.0,0.0,-228.0,-24.0,-5.0,-55.0,-14.0,-39.0,-7.0,-11.0,-11.0,-32.0,-1.0,-6.0,-1.0,-1.0,-1.0,0.0
1964-07-26,882.0,158.0,42.0,146.0,77.0,127.0,69.0,54.0,44.0,57.0,12.0,52.0,2.0,9.0,2.0,0.0,-228.0,-24.0,-5.0,-55.0,-14.0,-39.0,-7.0,-11.0,-11.0,-32.0,-1.0,-6.0,-1.0,-1.0,-1.0,0.0,882.0,158.0,42.0,146.0,77.0,127.0,69.0,54.0,44.0,57.0,12.0,52.0,2.0,9.0,2.0,0.0,-228.0,-24.0,-5.0,-55.0,-14.0,-39.0,-7.0,-11.0,-11.0,-32.0,-1.0,-6.0,-1.0,-1.0,-1.0,0.0
1964-07-27,882.0,158.0,42.0,146.0,77.0,127.0,69.0,54.0,44.0,57.0,12.0,52.0,2.0,9.0,2.0,0.0,-228.0,-24.0,-5.0,-55.0,-14.0,-39.0,-7.0,-11.0,-11.0,-32.0,-1.0,-6.0,-1.0,-1.0,-1.0,0.0,882.0,158.0,42.0,146.0,77.0,127.0,69.0,54.0,44.0,57.0,12.0,52.0,2.0,9.0,2.0,0.0,-228.0,-24.0,-5.0,-55.0,-14.0,-39.0,-7.0,-11.0,-11.0,-32.0,-1.0,-6.0,-1.0,-1.0,-1.0,0.0
1964-07-28,882.0,158.0,42.0,146.0,77.0,127.0,69.0,54.0,44.0,57.0,12.0,52.0,2.0,9.0,2.0,0.0,-228.0,-24.0,-5.0,-55.0,-14.0,-39.0,-7.0,-11.0,-11.0,-32.0,-1.0,-6.0,-1.0,-1.0,-1.0,0.0,882.0,158.0,42.0,146.0,77.0,127.0,69.0,54.0,44.0,57.0,12.0,52.0,2.0,9.0,2.0,0.0,-228.0,-24.0,-5.0,-55.0,-14.0,-39.0,-7.0,-11.0,-11.0,-32.0,-1.0,-6.0,-1.0,-1.0,-1.0,0.0
1964-07-29,882.0,158.0,42.0,146.0,77.0,127.0,69.0,54.0,44.0,57.0,12.0,52.0,2.0,9.0,2.0,0.0,-228.0,-24.0,-5.0,-55.0,-14.0,-39.0,-7.0,-11.0,-11.0,-32.0,-1.0,-6.0,-1.0,-1.0,-1.0,0.0,882.0,158.0,42.0,146.0,77.0,127.0,69.0,54.0,44.0,57.0,12.0,52.0,2.0,9.0,2.0,0.0,-228.0,-24.0,-5.0,-55.0,-14.0,-39.0,-7.0,-11.0,-11.0,-32.0,-1.0,-6.0,-1.0,-1.0,-1.0,0.0
1964-07-30,882.0,158.0,42.0,146.0,77.0,127.0,69.0,54.0,44.0,57.0,12.0,52.0,2.0,9.0,2.0,0.0,-228.0,-24.0,-5.0,-55.0,-14.0,-39.0,-7.0,-11.0,-11.0,-32.0,-1.0,-6.0,-1.0,-1.0,-1.0,0.0,882.0,158.0,42.0,146.0,77.0,127.0,69.0,54.0,44.0,57.0,12.0,52.0,2.0,9.0,2.0,0.0,-228.0,-24.0,-5.0,-55.0,-14.0,-39.0,-7.0,-11.0,-11.0,-32.0,-1.0,-6.0,-1.0,-1.0,-1.0,0.0
1964-07-31,882.0,158.0,42.0,146.0,77.0,127.0,69.0,54.0,44.0,57.0,12.0,52.0,2.0,9.0,2.0,0.0,-228.0,-24.0,-5.0,-55.0,-14.0,-39.0,-7.0,-11.0,-11.0,-32.0,-1.0,-6.0,-1.0,-1.0,-1.0,0.0,882.0,158.0,42.0,146.0,77.0,127.0,69.0,54.0,44.0,57.0,12.0,52.0,2.0,9.0,2.0,0.0,-228.0,-24.0,-5.0,-55.0,-14.0,-39.0,-7.0,-11.0,-11.0,-32.0,-1.0,-6.0,-1.0,-1.0,-1.0,0.0
1964-08-01,772.0,130.0,34.0,136.0,64.0,115.0,55.0,45.0,38.0,59.0,10.0,42.0,2.0,7.0,2.0,0.0,-235.0,-25.0,-5.0,-57.0,-14.0,-40.0,-8.0,-12.0,-11.0,-33.0,-1.0,-6.0,-1.0,-1.0,-1.0,0.0,772.0,130.0,34.0,136.0,64.0,115.0,55.0,45.0,38.0,59.0,10.0,42.0,2.0,7.0,2.0,0.0,-235.0,-25.0,-5.0,-57.0,-14.0,-40.0,-8.0,-12.0,-11.0,-33.0,-1.0,-6.0,-1.0,-1.0,-1.0,0.0
1964-08-02,772.0,130.0,34.0,136.0,64.0,115.0,55.0,45.0,38.0,59.0,10.0,42.0,2.0,7.0,2.0,0.0,-235.0,-25.0,-5.0,-57.0,-14.0,-40.0,-8.0,-12.0,-11.0,-33.0,-1.0,-6.0,-1.0,-1.0,-1.0,0.0,772.0,130.0,34.0,136.0,64.0,115.0,55.0,45.0,38.0,59.0,10.0,42.0,2.0,7.0,2.0,0.0,-235.0,-25.0,-5.0,-57.0,-14.0,-40.0,-8.0,-12.0,-11.0,-33.0,-1.0,-6.0,-1.0,-1.0,-1.0,0.0
1964-08-03,772.0,130.0,34.0,136.0,64.0,115.0,55.0,45.0,38.0,59.0,10.0,42.0,2.0,7.0,2.0,0.0,-235.0,-25.0,-5.0,-57.0,-14.0,-40.0,-8.0,-12.0,-11.0,-33.0,-1.0,-6.0,-1.0,-1.0,-1.0,0.0,772.0,130.0,34.0,136.0,64.0,115.0,55.0,45.0,38.0,59.0,10.0,42.0,2.0,7.0,2.0,0.0,-235.0,-25.0,-5.0,-57.0,-14.0,-40.0,-8.0,-12.0,-11.0,-33.0,-1.0,-6.0,-1.0,-1.0,-1.0,0.0
1964-08-04,772.0,130.0,34.0,136.0,64.0,115.0,55.0,45.0,38.0,59.0,10.0,42.0,2.0,7.0,2.0,0.0,-235.0,-25.0,-5.0,-57.0,-14.0,-40.0,-8.0,-12.0,-11.0,-33.0,-1.0,-6.0,-1.0,-1.0,-1.0,0.0,772.0,130.0,34.0,136.0,64.0,115.0,55.0,45.0,38.0,59.0,10.0,42.0,2.0,7.0,2.0,0.0,-235.0,-25.0,-5.0,-57.0,-14.0,-40.0,-8.0,-12.0,-11.0,-33.0,-1.0,-6.0,-1.0,-1.0,-1.0,0.0
1964-08-05,772.0,130.0,34.0,136.0,64.0,115.0,55.0,45.0,38.0,59.0,10.0,42.0,2.0,7.0,2.0,0.0,-235.0,-25.0,-5.0,-57.0,-14.0,-40.0,-8.0,-12.0,-11.0,-33.0,-1.0,-6.0,-1.0,-1.0,-1.0,0.0,772.0,130.0,34.0,136.0,64.0,115.0,55.0,45.0,38.0,59.0,10.0,42.0,2.0,7.0,2.0,0.0,-235.0,-25.0,-5.0,-57.0,-14.0,-40.0,-8.0,-12.0,-11.0,-33.0,-1.0,-6.0,-1.0,-1.0,-1.0,0.0
1964-08-06,772.0,130.0,34.0,136.0,64.0,115.0,55.0,45.0,38.0,59.0,10.0,42.0,2.0,7.0,2.0,0.0,-235.0,-25.0,-5.0,-57.0,-14.0,-40.0,-8.0,-12.0,-11.0,-33.0,-1.0,-6.0,-1.0,-1.0,-1.0,0.0,772.0,130.0,34.0,136.0,64.0,115.0,55.0,45.0,38.0,59.0,10.0,42.0,2.0,7.0,2.0,0.0,-235.0,-25.0,-5.0,-57.0,-14.0,-40.0,-8.0,-12.0,-11.0,-33.0,-1.0,-6.0,-1.0,-1.0,-1.0,0.0
1964-08-07,772.0,130.0,34.0,136.0,64.0,115.0,55.0,45.0,38.0,59.0,10.0,42.0,2.0,7.0,2.0,0.0,-235.0,-25.0,-5.0,-57.0,-14.0,-40.0,-8.0,-12.0,-11.0,-33.0,-1.0,-6.0,-1.0,-1.0,-1.0,0.0,772.0,130.0,34.0,136.0,64.0,115.0,55.0,45.0,38.0,59.0,10.0,42.0,2.0,7.0,2.0,0.0,-235.0,-25.0,-5.0,-57.0,-14.0,-40.0,-8.0,-12.0,-11.0,-33.0,-1.0,-6.0,-1.0,-1.0,-1.0,0.0
1964-08-08,772.0,130.0,34.0,136.0,64.0,115.0,55.0,45.0,38.0,59.0,10.0,42.0,2.0,7.0,2.0,0.0,-235.0,-25.0,-5.0,-57.0,-14.0,-40.0,-8.0,-12.0,-11.0,-33.0,-1.0,-6.0,-1.0,-1.0,-1.0,0.0,772.0,130.0,34.0,136.0,64.0,115.0,55.0,45.0,38.0,59.0,10.0,42.0,2.0,7.0,2.0,0.0,-235.0,-25.0,-5.0,-57.0,-14.0,-40.0,-8.0,-12.0,-11.0,-33.0,-1.0,-6.0,-1.0,-1.0,-1.0,0.0
1964-08-09,772.0,130.0,34.0,136.0,64.0,115.0,55.0,45.0,38.0,59.0,10.0,42.0,2.0,7.0,2.0,0.0,-235.0,-25.0,-5.0,-57.0,-14.0,-40.0,-8.0,-12.0,-11.0,-33.0,-1.0,-6.0,-1.0,-1.0,-1.0,0.0,772.0,130.0,34.0,136.0,64.0,115.0,55.0,45.0,38.0,59.0,10.0,42.0,2.0,7.0,2.0,0.0,-235.0,-25.0,-5.0,-57.0,-14.0,-40.0,-8.0,-12.0,-11.0,-33.0,-1.0,-6.0,-1.0,-1.0,-1.0,0.0
1964-08-10,772.0,130.0,34.0,136.0,64.0,115.0,55.0,45.0,38.0,59.0,10.0,42.0,2.0,7.0,2.0,0.0,-235.0,-25.0,-5.0,-57.0,-14.0,-40.0,-8.0,-12.0,-11.0,-33.0,-1.0,-6.0,-1.0,-1.0,-1.0,0.0,772.0,130.0,34.0,136.0,64.0,115.0,55.0,45.0,38.0,59.0,10.0,42.0,2.0,7.0,2.0,0.0,-235.0,-25.0,-5.0,-57.0,-14.0,-40.0,-8.0,-12.0,-11.0,-33.0,-1.0,-6.0,-1.0,-1.0,-1.0,0.0
1964-08-11,772.0,130.0,34.0,136.0,64.0,115.0,55.0,45.0,38.0,59.0,10.0,42.0,2.0,7.0,2.0,0.0,-235.0,-25.0,-5.0,-57.0,-14.0,-40.0,-8.0,-12.0,-11.0,-33.0,-1.0,-6.0,-1.0,-1.0,-1.0,0.0,772.0,130.0,34.0,136.0,64.0,115.0,55.0,45.0,38.0,59.0,10.0,42.0,2.0,7.0,2.0,0.0,-235.0,-25.0,-5.0,-57.0,-14.0,-40.0,-8.0,-12.0,-11.0,-33.0,-1.0,-6.0,-1.0,-1.0,-1.0,0.0
1964-08-12,772.0,130.0,34.0,136.0,64.0,115.0,55.0,45.0,38.0,59.0,10.0,42.0,2.0,7.0,2.0,0.0,-235.0,-25.0,-5.0,-57.0,-14.0,-40.0,-8.0,-12.0,-11.0,-33.0,-1.0,-6.0,-1.0,-1.0,-1.0,0.0,772.0,130.0,34.0,136.0,64.0,115.0,55.0,45.0,38.0,59.0,10.0,42.0,2.0,7.0,2.0,0.0,-235.0,-25.0,-5.0,-57.0,-14.0,-40.0,-8.0,-12.0,-11.0,-33.0,-1.0,-6.0,-1.0,-1.0,-1.0,0.0
1964-08-13,772.0,130.0,34.0,136.0,64.0,115.0,55.0,45.0,38.0,59.0,10.0,42.0,2.0,7.0,2.0,0.0,-235.0,-25.0,-5.0,-57.0,-14.0,-40.0,-8.0,-12.0,-11.0,-33.0,-1.0,-6.0,-1.0,-1.0,-1.0,0.0,772.0,130.0,34.0,136.0,64.0,115.0,55.0,45.0,38.0,59.0,10.0,42.0,2.0,7.0,2.0,0.0,-235.0,-25.0,-5.0,-57.0,-14.0,-40.0,-8.0,-12.0,-11.0,-33.0,-1.0,-6.0,-1.0,-1.0,-1.0,0.0
1964-08-14,772.0,130.0,34.0,136.0,64.0,115.0,55.0,45.0,38.0,59.0,10.0,42.0,2.0,7.0,2.0,0.0,-235.0,-25.0,-5.0,-57.0,-14.0,-40.0,-8.0,-12.0,-11.0,-33.0,-1.0,-6.0,-1.0,-1.0,-1.0,0.0,772.0,130.0,34.0,136.0,64.0,115.0,55.0,45.0,38.0,59.0,10.0,42.0,2.0,7.0,2.0,0.0,-235.0,-25.0,-5.0,-57.0,-14.0,-40.0,-8.0,-12.0,-11.0,-33.0,-1.0,-6.0,-1.0,-1.0,-1.0,0.0
1964-08-15,772.0,130.0,34.0,136.0,64.0,115.0,55.0,45.0,38.0,59.0,10.0,42.0,2.0,7.0,2.0,0.0,-235.0,-25.0,-5.0,-57.0,-14.0,-40.0,-8.0,-12.0,-11.0,-33.0,-1.0,-6.0,-1.0,-1.0,-1.0,0.0,772.0,130.0,34.0,136.0,64.0,115.0,55.0,45.0,38.0,59.0,10.0,42.0,2.0,7.0,2.0,0.0,-235.0,-25.0,-5.0,-57.0,-14.0,-40.0,-8.0,-12.0,-11.0,-33.0,-1.0,-6.0,-1.0,-1.0,-1.0,0.0
1964-08-16,772.0,130.0,34.0,136.0,64.0,115.0,55.0,45.0,38.0,59.0,10.0,42.0,2.0,7.0,2.0,0.0,-235.0,-25.0,-5.0,-57.0,-14.0,-40.0,-8.0,-12.0,-11.0,-33.0,-1.0,-6.0,-1.0,-1.0,-1.0,0.0,772.0,130.0,34.0,136.0,64.0,115.0,55.0,45.0,38.0,59.0,10.0,42.0,2.0,7.0,2.0,0.0,-235.0,-25.0,-5.0,-57.0,-14.0,-40.0,-8.0,-12.0,-11.0,-33.0,-1.0,-6.0,-1.0,-1.0,-1.0,0.0
1964-08-17,772.0,130.0,34.0,136.0,64.0,115.0,55.0,45.0,38.0,59.0,10.0,42.0,2.0,7.0,2.0,0.0,-235.0,-25.0,-5.0,-57.0,-14.0,-40.0,-8.0,-12.0,-11.0,-33.0,-1.0,-6.0,-1.0,-1.0,-1.0,0.0,772.0,130.0,34.0,136.0,64.0,115.0,55.0,45.0,38.0,59.0,10.0,42.0,2.0,7.0,2.0,0.0,-235.0,-25.0,-5.0,-57.0,-14.0,-40.0,-8.0,-12.0,-11.0,-33.0,-1.0,-6.0,-1.0,-1.0,-1.0,0.0
1964-08-18,772.0,130.0,34.0,136.0,64.0,115.0,55.0,45.0,38.0,59.0,10.0,42.0,2.0,7.0,2.0,0.0,-235.0,-25.0,-5.0,-57.0,-14.0,-40.0,-8.0,-12.0,-11.0,-33.0,-1.0,-6.0,-1.0,-1.0,-1.0,0.0,772.0,130.0,34.0,136.0,64.0,115.0,55.0,45.0,38.0,59.0,10.0,42.0,2.0,7.0,2.0,0.0,-235.0,-25.0,-5.0,-57.0,-14.0,-40.0,-8.0,-12.0,-11.0,-33.0,-1.0,-6.0,-1.0,-1.0,-1.0,0.0
1964-08-19,772.0,130.0,34.0,136.0,64.0,115.0,55.0,45.0,38.0,59.0,10.0,42.0,2.0,7.0,2.0,0.0,-235.0,-25.0,-5.0,-57.0,-14.0,-40.0,-8.0,-12.0,-11.0,-33.0,-1.0,-6.0,-1.0,-1.0,-1.0,0.0,772.0,130.0,34.0,136.0,64.0,115.0,55.0,45.0,38.0,59.0,10.0,42.0,2.0,7.0,2.0,0.0,-235.0,-25.0,-5.0,-57.0,-14.0,-40.0,-8.0,-12.0,-11.0,-33.0,-1.0,-6.0,-1.0,-1.0,-1.0,0.0
1964-08-20,772.0,130.0,34.0,136.0,64.0,115.0,55.0,45.0,38.0,59.0,10.0,42.0,2.0,7.0,2.0,0.0,-235.0,-25.0,-5.0,-57.0,-14.0,-40.0,-8.0,-12.0,-11.0,-33.0,-1.0,-6.0,-1.0,-1.0,-1.0,0.0,772.0,130.0,34.0,136.0,64.0,115.0,55.0,45.0,38.0,59.0,10.0,42.0,2.0,7.0,2.0,0.0,-235.0,-25.0,-5.0,-57.0,-14.0,-40.0,-8.0,-12.0,-11.0,-33.0,-1.0,-6.0,-1.0,-1.0,-1.0,0.0
1964-08-21,772.0,130.0,34.0,136.0,64.0,115.0,55.0,45.0,38.0,59.0,10.0,42.0,2.0,7.0,2.0,0.0,-235.0,-25.0,-5.0,-57.0,-14.0,-40.0,-8.0,-12.0,-11.0,-33.0,-1.0,-6.0,-1.0,-1.0,-1.0,0.0,772.0,130.0,34.0,136.0,64.0,115.0,55.0,45.0,38.0,59.0,10.0,42.0,2.0,7.0,2.0,0.0,-235.0,-25.0,-5.0,-57.0,-14.0,-40.0,-8.0,-12.0,-11.0,-33.0,-1.0,-6.0,-1.0,-1.0,-1.0,0.0
1964-08-22,772.0,130.0,34.0,136.0,64.0,115.0,55.0,45.0,38.0,59.0,10.0,42.0,2.0,7.0,2.0,0.0,-235.0,-25.0,-5.0,-57.0,-14.0,-40.0,-8.0,-12.0,-11.0,-33.0,-1.0,-6.0,-1.0,-1.0,-1.0,0.0,772.0,130.0,34.0,136.0,64.0,115.0,55.0,45.0,38.0,59.0,10.0,42.0,2.0,7.0,2.0,0.0,-235.0,-25.0,-5.0,-57.0,-14.0,-40.0,-8.0,-12.0,-11.0,-33.0,-1.0,-6.0,-1.0,-1.0,-1.0,0.0
1964-08-23,772.0,130.0,34.0,136.0,64.0,115.0,55.0,45.0,38.0,59.0,10.0,42.0,2.0,7.0,2.0,0.0,-235.0,-25.0,-5.0,-57.0,-14.0,-40.0,-8.0,-12.0,-11.0,-33.0,-1.0,-6.0,-1.0,-1.0,-1.0,0.0,772.0,130.0,34.0,136.0,64.0,115.0,55.0,45.0,38.0,59.0,10.0,42.0,2.0,7.0,2.0,0.0,-235.0,-25.0,-5.0,-57.0,-14.0,-40.0,-8.0,-12.0,-11.0,-33.0,-1.0,-6.0,-1.0,-1.0,-1.0,0.0
1964-08-24,772.0,130.0,34.0,136.0,64.0,115.0,55.0,45.0,38.0,59.0,10.0,42.0,2.0,7.0,2.0,0.0,-235.0,-25.0,-5.0,-57.0,-14.0,-40.0,-8.0,-12.0,-11.0,-33.0,-1.0,-6.0,-1.0,-1.0,-1.0,0.0,772.0,130.0,34.0,136.0,64.0,115.0,55.0,45.0,38.0,59.0,10.0,42.0,2.0,7.0,2.0,0.0,-235.0,-25.0,-5.0,-57.0,-14.0,-40.0,-8.0,-12.0,-11.0,-33.0,-1.0,-6.0,-1.0,-1.0,-1.0,0.0
1964-08-25,772.0,130.0,34.0,136.0,64.0,115.0,55.0,45.0,38.0,59.0,10.0,42.0,2.0,7.0,2.0,0.0,-235.0,-25.0,-5.0,-57.0,-14.0,-40.0,-8.0,-12.0,-11.0,-33.0,-1.0,-6.0,-1.0,-1.0,-1.0,0.0,772.0,130.0,34.0,136.0,64.0,115.0,55.0,45.0,38.0,59.0,10.0,42.0,2.0,7.0,2.0,0.0,-235.0,-25.0,-5.0,-57.0,-14.0,-40.0,-8.0,-12.0,-11.0,-33.0,-1.0,-6.0,-1.0,-1.0,-1.0,0.0
1964-08-26,772.0,130.0,34.0,136.0,64.0,115.0,55.0,45.0,38.0,59.0,10.0,42.0,2.0,7.0,2.0,0.0,-235.0,-25.0,-5.0,-57.0,-14.0,-40.0,-8.0,-12.0,-11.0,-33.0,-1.0,-6.0,-1.0,-1.0,-1.0,0.0,772.0,130.0,34.0,136.0,64.0,115.0,55.0,45.0,38.0,59.0,10.0,42.0,2.0,7.0,2.0,0.0,-235.0,-25.0,-5.0,-57.0,-14.0,-40.0,-8.0,-12.0,-11.0,-33.0,-1.0,-6.0,-1.0,-1.0,-1.0,0.0
1964-08-27,772.0,130.0,34.0,136.0,64.0,115.0,55.0,45.0,38.0,59.0,10.0,42.0,2.0,7.0,2.0,0.0,-235.0,-25.0,-5.0,-57.0,-14.0,-40.0,-8.0,-12.0,-11.0,-33.0,-1.0,-6.0,-1.0,-1.0,-1.0,0.0,772.0,130.0,34.0,136.0,64.0,115.0,55.0,45.0,38.0,59.0,10.0,42.0,2.0,7.0,2.0,0.0,-235.0,-25.0,-5.0,-57.0,-14.0,-40.0,-8.0,-12.0,-11.0,-33.0,-1.0,-6.0,-1.0,-1.0,-1.0,0.0
1964-08-28,772.0,130.0,34.0,136.0,64.0,115.0,55.0,45.0,38.0,59.0,10.0,42.0,2.0,7.0,2.0,0.0,-235.0,-25.0,-5.0,-57.0,-14.0,-40.0,-8.0,-12.0,-11.0,-33.0,-1.0,-6.0,-1.0,-1.0,-1.0,0.0,772.0,130.0,34.0,136.0,64.0,115.0,55.0,45.0,38.0,59.0,10.0,42.0,2.0,7.0,2.0,0.0,-235.0,-25.0,-5.0,-57.0,-14.0,-40.0,-8.0,-12.0,-11.0,-33.0,-1.0,-6.0,-1.0,-1.0,-1.0,0.0
1964-08-29,772.0,130.0,34.0,136.0,64.0,115.0,55.0,45.0,38.0,59.0,10.0,42.0,2.0,7.0,2.0,0.0,-235.0,-25.0,-5.0,-57.0,-14.0,-40.0,-8.0,-12.0,-11.0,-33.0,-1.0,-6.0,-1.0,-1.0,-1.0,0.0,772.0,130.0,34.0,136.0,64.0,115.0,55.0,45.0,38.0,59.0,10.0,42.0,2.0,7.0,2.0,0.0,-235.0,-25.0,-5.0,-57.0,-14.0,-40.0,-8.0,-12.0,-11.0,-33.0,-1.0,-6.0,-1.0,-1.0,-1.0,0.0
1964-08-30,772.0,130.0,34.0,136.0,64.0,115.0,55.0,45.0,38.0,59.0,10.0,42.0,2.0,7.0,2.0,0.0,-235.0,-25.0,-5.0,-57.0,-14.0,-40.0,-8.0,-12.0,-11.0,-33.0,-1.0,-6.0,-1.0,-1.0,-1.0,0.0,772.0,130.0,34.0,136.0,64.0,115.0,55.0,45.0,38.0,59.0,10.0,42.0,2.0,7.0,2.0,0.0,-235.0,-25.0,-5.0,-57.0,-14.0,-40.0,-8.0,-12.0,-11.0,-33.0,-1.0,-6.0,-1.0,-1.0,-1.0,0.0
1964-08-31,772.0,130.0,34.0,136.0,64.0,115.0,55.0,45.0,38.0,59.0,10.0,42.0,2.0,7.0,2.0,0.0,-235.0,-25.0,-5.0,-57.0,-14.0,-40.0,-8.0,-12.0,-11.0,-33.0,-1.0,-6.0,-1.0,-1.0,-1.0,0.0,772.0,130.0,34.0,136.0,64.0,115.0,55.0,45.0,38.0,59.0,10.0,42.0,2.0,7.0,2.0,0.0,-235.0,-25.0,-5.0,-57.0,-14.0,-40.0,-8.0,-12.0,-11.0,-33.0,-1.0,-6.0,-1.0,-1.0,-1.0,0.0
1964-09-01,487.0,72.0,18.0,96.0,37.0,76.0,29.0,27.0,24.0,47.0,5.0,22.0,1.0,4.0,2.0,0.0,-180.0,-19.0,-4.0,-43.0,-11.0,-31.0,-6.0,-9.0,-9.0,-25.0,-1.0,-4.0,0.0,-1.0,-1.0,0.0,487.0,72.0,18.0,96.0,37.0,76.0,29.0,27.0,24.0,47.0,5.0,22.0,1.0,4.0,2.0,0.0,-180.0,-19.0,-4.0,-43.0,-11.0,-31.0,-6.0,-9.0,-9.0,-25.0,-1.0,-4.0,0.0,-1.0,-1.0,0.0
1964-09-02,487.0,72.0,18.0,96.0,37.0,76.0,29.0,27.0,24.0,47.0,5.0,22.0,1.0,4.0,2.0,0.0,-180.0,-19.0,-4.0,-43.0,-11.0,-31.0,-6.0,-9.0,-9.0,-25.0,-1.0,-4.0,0.0,-1.0,-1.0,0.0,487.0,72.0,18.0,96.0,37.0,76.0,29.0,27.0,24.0,47.0,5.0,22.0,1.0,4.0,2.0,0.0,-180.0,-19.0,-4.0,-43.0,-11.0,-31.0,-6.0,-9.0,-9.0,-25.0,-1.0,-4.0,0.0,-1.0,-1.0,0.0
1964-09-03,487.0,72.0,18.0,96.0,37.0,76.0,29.0,27.0,24.0,47.0,5.0,22.0,1.0,4.0,2.0,0.0,-180.0,-19.0,-4.0,-43.0,-11.0,-31.0,-6.0,-9.0,-9.0,-25.0,-1.0,-4.0,0.0,-1.0,-1.0,0.0,487.0,72.0,18.0,96.0,37.0,76.0,29.0,27.0,24.0,47.0,5.0,22.0,1.0,4.0,2.0,0.0,-180.0,-19.0,-4.0,-43.0,-11.0,-31.0,-6.0,-9.0,-9.0,-25.0,-1.0,-4.0,0.0,-1.0,-1.0,0.0
1964-09-04,487.0,72.0,18.0,96.0,37.0,76.0,29.0,27.0,24.0,47.0,5.0,22.0,1.0,4.0,2.0,0.0,-180.0,-19.0,-4.0,-43.0,-11.0,-31.0,-6.0,-9.0,-9.0,-25.0,-1.0,-4.0,0.0,-1.0,-1.0,0.0,487.0,72.0,18.0,96.0,37.0,76.0,29.0,27.0,24.0,47.0,5.0,22.0,1.0,4.0,2.0,0.0,-180.0,-19.0,-4.0,-43.0,-11.0,-31.0,-6.0,-9.0,-9.0,-25.0,-1.0,-4.0,0.0,-1.0,-1.0,0.0
1964-09-05,487.0,72.0,18.0,96.0,37.0,76.0,29.0,27.0,24.0,47.0,5.0,22.0,1.0,4.0,2.0,0.0,-180.0,-19.0,-4.0,-43.0,-11.0,-31.0,-6.0,-9.0,-9.0,-25.0,-1.0,-4.0,0.0,-1.0,-1.0,0.0,487.0,72.0,18.0,96.0,37.0,76.0,29.0,27.0,24.0,47.0,5.0,22.0,1.0,4.0,2.0,0.0,-180.0,-19.0,-4.0,-43.0,-11.0,-31.0,-6.0,-9.0,-9.0,-25.0,-1.0,-4.0,0.0,-1.0,-1.0,0.0
1964-09-06,487.0,72.0,18.0,96.0,37.0,76.0,29.0,27.0,24.0,47.0,5.0,22.0,1.0,4.0,2.0,0.0,-180.0,-19.0,-4.0,-43.0,-11.0,-31.0,-6.0,-9.0,-9.0,-25.0,-1.0,-4.0,0.0,-1.0,-1.0,0.0,487.0,72.0,18.0,96.0,37.0,76.0,29.0,27.0,24.0,47.0,5.0,22.0,1.0,4.0,2.0,0.0,-180.0,-19.0,-4.0,-43.0,-11.0,-31.0,-6.0,-9.0,-9.0,-25.0,-1.0,-4.0,0.0,-1.0,-1.0,0.0
1964-09-07,487.0,72.0,18.0,96.0,37.0,76.0,29.0,27.0,24.0,47.0,5.0,22.0,1.0,4.0,2.0,0.0,-180.0,-19.0,-4.0,-43.0,-11.0,-31.0,-6.0,-9.0,-9.0,-25.0,-1.0,-4.0,0.0,-1.0,-1.0,0.0,487.0,72.0,18.0,96.0,37.0,76.0,29.0,27.0,24.0,47.0,5.0,22.0,1.0,4.0,2.0,0.0,-180.0,-19.0,-4.0,-43.0,-11.0,-31.0,-6.0,-9.0,-9.0,-25.0,-1.0,-4.0,0.0,-1.0,-1.0,0.0
1964-09-08,487.0,72.0,18.0,96.0,37.0,76.0,29.0,27.0,24.0,47.0,5.0,22.0,1.0,4.0,2.0,0.0,-180.0,-19.0,-4.0,-43.0,-11.0,-31.0,-6.0,-9.0,-9.0,-25.0,-1.0,-4.0,0.0,-1.0,-1.0,0.0,487.0,72.0,18.0,96.0,37.0,76.0,29.0,27.0,24.0,47.0,5.0,22.0,1.0,4.0,2.0,0.0,-180.0,-19.0,-4.0,-43.0,-11.0,-31.0,-6.0,-9.0,-9.0,-25.0,-1.0,-4.0,0.0,-1.0,-1.0,0.0
1964-09-09,487.0,72.0,18.0,96.0,37.0,76.0,29.0,27.0,24.0,47.0,5.0,22.0,1.0,4.0,2.0,0.0,-180.0,-19.0,-4.0,-43.0,-11.0,-31.0,-6.0,-9.0,-9.0,-25.0,-1.0,-4.0,0.0,-1.0,-1.0,0.0,487.0,72.0,18.0,96.0,37.0,76.0,29.0,27.0,24.0,47.0,5.0,22.0,1.0,4.0,2.0,0.0,-180.0,-19.0,-4.0,-43.0,-11.0,-31.0,-6.0,-9.0,-9.0,-25.0,-1.0,-4.0,0.0,-1.0,-1.0,0.0
1964-09-10,487.0,72.0,18.0,96.0,37.0,76.0,29.0,27.0,24.0,47.0,5.0,22.0,1.0,4.0,2.0,0.0,-180.0,-19.0,-4.0,-43.0,-11.0,-31.0,-6.0,-9.0,-9.0,-25.0,-1.0,-4.0,0.0,-1.0,-1.0,0.0,487.0,72.0,18.0,96.0,37.0,76.0,29.0,27.0,24.0,47.0,5.0,22.0,1.0,4.0,2.0,0.0,-180.0,-19.0,-4.0,-43.0,-11.0,-31.0,-6.0,-9.0,-9.0,-25.0,-1.0,-4.0,0.0,-1.0,-1.0,0.0
1964-09-11,487.0,72.0,18.0,96.0,37.0,76.0,29.0,27.0,24.0,47.0,5.0,22.0,1.0,4.0,2.0,0.0,-180.0,-19.0,-4.0,-43.0,-11.0,-31.0,-6.0,-9.0,-9.0,-25.0,-1.0,-4.0,0.0,-1.0,-1.0,0.0,487.0,72.0,18.0,96.0,37.0,76.0,29.0,27.0,24.0,47.0,5.0,22.0,1.0,4.0,2.0,0.0,-180.0,-19.0,-4.0,-43.0,-11.0,-31.0,-6.0,-9.0,-9.0,-25.0,-1.0,-4.0,0.0,-1.0,-1.0,0.0
1964-09-12,487.0,72.0,18.0,96.0,37.0,76.0,29.0,27.0,24.0,47.0,5.0,22.0,1.0,4.0,2.0,0.0,-180.0,-19.0,-4.0,-43.0,-11.0,-31.0,-6.0,-9.0,-9.0,-25.0,-1.0,-4.0,0.0,-1.0,-1.0,0.0,487.0,72.0,18.0,96.0,37.0,76.0,29.0,27.0,24.0,47.0,5.0,22.0,1.0,4.0,2.0,0.0,-180.0,-19.0,-4.0,-43.0,-11.0,-31.0,-6.0,-9.0,-9.0,-25.0,-1.0,-4.0,0.0,-1.0,-1.0,0.0
1964-09-13,487.0,72.0,18.0,96.0,37.0,76.0,29.0,27.0,24.0,47.0,5.0,22.0,1.0,4.0,2.0,0.0,-180.0,-19.0,-4.0,-43.0,-11.0,-31.0,-6.0,-9.0,-9.0,-25.0,-1.0,-4.0,0.0,-1.0,-1.0,0.0,487.0,72.0,18.0,96.0,37.0,76.0,29.0,27.0,24.0,47.0,5.0,22.0,1.0,4.0,2.0,0.0,-180.0,-19.0,-4.0,-43.0,-11.0,-31.0,-6.0,-9.0,-9.0,-25.0,-1.0,-4.0,0.0,-1.0,-1.0,0.0
1964-09-14,487.0,72.0,18.0,96.0,37.0,76.0,29.0,27.0,24.0,47.0,5.0,22.0,1.0,4.0,2.0,0.0,-180.0,-19.0,-4.0,-43.0,-11.0,-31.0,-6.0,-9.0,-9.0,-25.0,-1.0,-4.0,0.0,-1.0,-1.0,0.0,487.0,72.0,18.0,96.0,37.0,76.0,29.0,27.0,24.0,47.0,5.0,22.0,1.0,4.0,2.0,0.0,-180.0,-19.0,-4.0,-43.0,-11.0,-31.0,-6.0,-9.0,-9.0,-25.0,-1.0,-4.0,0.0,-1.0,-1.0,0.0
1964-09-15,487.0,72.0,18.0,96.0,37.0,76.0,29.0,27.0,24.0,47.0,5.0,22.0,1.0,4.0,2.0,0.0,-180.0,-19.0,-4.0,-43.0,-11.0,-31.0,-6.0,-9.0,-9.0,-25.0,-1.0,-4.0,0.0,-1.0,-1.0,0.0,487.0,72.0,18.0,96.0,37.0,76.0,29.0,27.0,24.0,47.0,5.0,22.0,1.0,4.0,2.0,0.0,-180.0,-19.0,-4.0,-43.0,-11.0,-31.0,-6.0,-9.0,-9.0,-25.0,-1.0,-4.0,0.0,-1.0,-1.0,0.0
1964-09-16,487.0,72.0,18.0,96.0,37.0,76.0,29.0,27.0,24.0,47.0,5.0,22.0,1.0,4.0,2.0,0.0,-180.0,-19.0,-4.0,-43.0,-11.0,-31.0,-6.0,-9.0,-9.0,-25.0,-1.0,-4.0,0.0,-1.0,-1.0,0.0,487.0,72.0,18.0,96.0,37.0,76.0,29.0,27.0,24.0,47.0,5.0,22.0,1.0,4.0,2.0,0.0,-180.0,-19.0,-4.0,-43.0,-11.0,-31.0,-6.0,-9.0,-9.0,-25.0,-1.0,-4.0,0.0,-1.0,-1.0,0.0
1964-09-17,487.0,72.0,18.0,96.0,37.0,76.0,29.0,27.0,24.0,47.0,5.0,22.0,1.0,4.0,2.0,0.0,-180.0,-19.0,-4.0,-43.0,-11.0,-31.0,-6.0,-9.0,-9.0,-25.0,-1.0,-4.0,0.0,-1.0,-1.0,0.0,487.0,72.0,18.0,96.0,37.0,76.0,29.0,27.0,24.0,47.0,5.0,22.0,1.0,4.0,2.0,0.0,-180.0,-19.0,-4.0,-43.0,-11.0,-31.0,-6.0,-9.0,-9.0,-25.0,-1.0,-4.0,0.0,-1.0,-1.0,0.0
1964-09-18,487.0,72.0,18.0,96.0,37.0,76.0,29.0,27.0,24.0,47.0,5.0,22.0,1.0,4.0,2.0,0.0,-180.0,-19.0,-4.0,-43.0,-11.0,-31.0,-6.0,-9.0,-9.0,-25.0,-1.0,-4.0,0.0,-1.0,-1.0,0.0,487.0,72.0,18.0,96.0,37.0,76.0,29.0,27.0,24.0,47.0,5.0,22.0,1.0,4.0,2.0,0.0,-180.0,-19.0,-4.0,-43.0,-11.0,-31.0,-6.0,-9.0,-9.0,-25.0,-1.0,-4.0,0.0,-1.0,-1.0,0.0
1964-09-19,487.0,72.0,18.0,96.0,37.0,76.0,29.0,27.0,24.0,47.0,5.0,22.0,1.0,4.0,2.0,0.0,-180.0,-19.0,-4.0,-43.0,-11.0,-31.0,-6.0,-9.0,-9.0,-25.0,-1.0,-4.0,0.0,-1.0,-1.0,0.0,487.0,72.0,18.0,96.0,37.0,76.0,29.0,27.0,24.0,47.0,5.0,22.0,1.0,4.0,2.0,0.0,-180.0,-19.0,-4.0,-43.0,-11.0,-31.0,-6.0,-9.0,-9.0,-25.0,-1.0,-4.0,0.0,-1.0,-1.0,0.0
1964-09-20,487.0,72.0,18.0,96.0,37.0,76.0,29.0,27.0,24.0,47.0,5.0,22.0,1.0,4.0,2.0,0.0,-180.0,-19.0,-4.0,-43.0,-11.0,-31.0,-6.0,-9.0,-9.0,-25.0,-1.0,-4.0,0.0,-1.0,-1.0,0.0,487.0,72.0,18.0,96.0,37.0,76.0,29.0,27.0,24.0,47.0,5.0,22.0,1.0,4.0,2.0,0.0,-180.0,-19.0,-4.0,-43.0,-11.0,-31.0,-6.0,-9.0,-9.0,-25.0,-1.0,-4.0,0.0,-1.0,-1.0,0.0
1964-09-21,487.0,72.0,18.0,96.0,37.0,76.0,29.0,27.0,24.0,47.0,5.0,22.0,1.0,4.0,2.0,0.0,-180.0,-19.0,-4.0,-43.0,-11.0,-31.0,-6.0,-9.0,-9.0,-25.0,-1.0,-4.0,0.0,-1.0,-1.0,0.0,487.0,72.0,18.0,96.0,37.0,76.0,29.0,27.0,24.0,47.0,5.0,22.0,1.0,4.0,2.0,0.0,-180.0,-19.0,-4.0,-43.0,-11.0,-31.0,-6.0,-9.0,-9.0,-25.0,-1.0,-4.0,0.0,-1.0,-1.0,0.0
1964-09-22,487.0,72.0,18.0,96.0,37.0,76.0,29.0,27.0,24.0,47.0,5.0,22.0,1.0,4.0,2.0,0.0,-180.0,-19.0,-4.0,-43.0,-11.0,-31.0,-6.0,-9.0,-9.0,-25.0,-1.0,-4.0,0.0,-1.0,-1.0,0.0,487.0,72.0,18.0,96.0,37.0,76.0,29.0,27.0,24.0,47.0,5.0,22.0,1.0,4.0,2.0,0.0,-180.0,-19.0,-4.0,-43.0,-11.0,-31.0,-6.0,-9.0,-9.0,-25.0,-1.0,-4.0,0.0,-1.0,-1.0,0.0
1964-09-23,487.0,72.0,18.0,96.0,37.0,76.0,29.0,27.0,24.0,47.0,5.0,22.0,1.0,4.0,2.0,0.0,-180.0,-19.0,-4.0,-43.0,-11.0,-31.0,-6.0,-9.0,-9.0,-25.0,-1.0,-4.0,0.0,-1.0,-1.0,0.0,487.0,72.0,18.0,96.0,37.0,76.0,29.0,27.0,24.0,47.0,5.0,22.0,1.0,4.0,2.0,0.0,-180.0,-19.0,-4.0,-43.0,-11.0,-31.0,-6.0,-9.0,-9.0,-25.0,-1.0,-4.0,0.0,-1.0,-1.0,0.0
1964-09-24,487.0,72.0,18.0,96.0,37.0,76.0,29.0,27.0,24.0,47.0,5.0,22.0,1.0,4.0,2.0,0.0,-180.0,-19.0,-4.0,-43.0,-11.0,-31.0,-6.0,-9.0,-9.0,-25.0,-1.0,-4.0,0.0,-1.0,-1.0,0.0,487.0,72.0,18.0,96.0,37.0,76.0,29.0,27.0,24.0,47.0,5.0,22.0,1.0,4.0,2.0,0.0,-180.0,-19.0,-4.0,-43.0,-11.0,-31.0,-6.0,-9.0,-9.0,-25.0,-1.0,-4.0,0.0,-1.0,-1.0,0.0
1964-09-25,487.0,72.0,18.0,96.0,37.0,76.0,29.0,27.0,24.0,47.0,5.0,22.0,1.0,4.0,2.0,0.0,-180.0,-19.0,-4.0,-43.0,-11.0,-31.0,-6.0,-9.0,-9.0,-25.0,-1.0,-4.0,0.0,-1.0,-1.0,0.0,487.0,72.0,18.0,96.0,37.0,76.0,29.0,27.0,24.0,47.0,5.0,22.0,1.0,4.0,2.0,0.0,-180.0,-19.0,-4.0,-43.0,-11.0,-31.0,-6.0,-9.0,-9.0,-25.0,-1.0,-4.0,0.0,-1.0,-1.0,0.0
1964-09-26,487.0,72.0,18.0,96.0,37.0,76.0,29.0,27.0,24.0,47.0,5.0,22.0,1.0,4.0,2.0,0.0,-180.0,-19.0,-4.0,-43.0,-11.0,-31.0,-6.0,-9.0,-9.0,-25.0,-1.0,-4.0,0.0,-1.0,-1.0,0.0,487.0,72.0,18.0,96.0,37.0,76.0,29.0,27.0,24.0,47.0,5.0,22.0,1.0,4.0,2.0,0.0,-180.0,-19.0,-4.0,-43.0,-11.0,-31.0,-6.0,-9.0,-9.0,-25.0,-1.0,-4.0,0.0,-1.0,-1.0,0.0
1964-09-27,487.0,72.0,18.0,96.0,37.0,76.0,29.0,27.0,24.0,47.0,5.0,22.0,1.0,4.0,2.0,0.0,-180.0,-19.0,-4.0,-43.0,-11.0,-31.0,-6.0,-9.0,-9.0,-25.0,-1.0,-4.0,0.0,-1.0,-1.0,0.0,487.0,72.0,18.0,96.0,37.0,76.0,29.0,27.0,24.0,47.0,5.0,22.0,1.0,4.0,2.0,0.0,-180.0,-19.0,-4.0,-43.0,-11.0,-31.0,-6.0,-9.0,-9.0,-25.0,-1.0,-4.0,0.0,-1.0,-1.0,0.0
1964-09-28,487.0,72.0,18.0,96.0,37.0,76.0,29.0,27.0,24.0,47.0,5.0,22.0,1.0,4.0,2.0,0.0,-180.0,-19.0,-4.0,-43.0,-11.0,-31.0,-6.0,-9.0,-9.0,-25.0,-1.0,-4.0,0.0,-1.0,-1.0,0.0,487.0,72.0,18.0,96.0,37.0,76.0,29.0,27.0,24.0,47.0,5.0,22.0,1.0,4.0,2.0,0.0,-180.0,-19.0,-4.0,-43.0,-11.0,-31.0,-6.0,-9.0,-9.0,-25.0,-1.0,-4.0,0.0,-1.0,-1.0,0.0
1964-09-29,487.0,72.0,18.0,96.0,37.0,76.0,29.0,27.0,24.0,47.0,5.0,22.0,1.0,4.0,2.0,0.0,-180.0,-19.0,-4.0,-43.0,-11.0,-31.0,-6.0,-9.0,-9.0,-25.0,-1.0,-4.0,0.0,-1.0,-1.0,0.0,487.0,72.0,18.0,96.0,37.0,76.0,29.0,27.0,24.0,47.0,5.0,22.0,1.0,4.0,2.0,0.0,-180.0,-19.0,-4.0,-43.0,-11.0,-31.0,-6.0,-9.0,-9.0,-25.0,-1.0,-4.0,0.0,-1.0,-1.0,0.0
1964-09-30,487.0,72.0,18.0,96.0,37.0,76.0,29.0,27.0,24.0,47.0,5.0,22.0,1.0,4.0,2.0,0.0,-180.0,-19.0,-4.0,-43.0,-11.0,-31.0,-6.0,-9.0,-9.0,-25.0,-1.0,-4.0,0.0,-1.0,-1.0,0.0,487.0,72.0,18.0,96.0,37.0,76.0,29.0,27.0,24.0,47.0,5.0,22.0,1.0,4.0,2.0,0.0,-180.0,-19.0,-4.0,-43.0,-11.0,-31.0,-6.0,-9.0,-9.0,-25.0,-1.0,-4.0,0.0,-1.0,-1.0,0.0
1964-10-01,0.0,0.0,0.0,0.0,0.0,0.0,0.0,0.0,0.0,0.0,0.0,0.0,0.0,0.0,0.0,0.0,-32.0,-8.0,-2.0,-3.0,-4.0,-4.0,-4.0,-2.0,-2.0,0.0,-1.0,-3.0,0.0,0.0,0.0,0.0,0.0,0.0,0.0,0.0,0.0,0.0,0.0,0.0,0.0,0.0,0.0,0.0,0.0,0.0,0.0,0.0,-32.0,-8.0,-2.0,-3.0,-4.0,-4.0,-4.0,-2.0,-2.0,0.0,-1.0,-3.0,0.0,0.0,0.0,0.0
1964-10-02,0.0,0.0,0.0,0.0,0.0,0.0,0.0,0.0,0.0,0.0,0.0,0.0,0.0,0.0,0.0,0.0,-32.0,-8.0,-2.0,-3.0,-4.0,-4.0,-4.0,-2.0,-2.0,0.0,-1.0,-3.0,0.0,0.0,0.0,0.0,0.0,0.0,0.0,0.0,0.0,0.0,0.0,0.0,0.0,0.0,0.0,0.0,0.0,0.0,0.0,0.0,-32.0,-8.0,-2.0,-3.0,-4.0,-4.0,-4.0,-2.0,-2.0,0.0,-1.0,-3.0,0.0,0.0,0.0,0.0
1964-10-03,0.0,0.0,0.0,0.0,0.0,0.0,0.0,0.0,0.0,0.0,0.0,0.0,0.0,0.0,0.0,0.0,-32.0,-8.0,-2.0,-3.0,-4.0,-4.0,-4.0,-2.0,-2.0,0.0,-1.0,-3.0,0.0,0.0,0.0,0.0,0.0,0.0,0.0,0.0,0.0,0.0,0.0,0.0,0.0,0.0,0.0,0.0,0.0,0.0,0.0,0.0,-32.0,-8.0,-2.0,-3.0,-4.0,-4.0,-4.0,-2.0,-2.0,0.0,-1.0,-3.0,0.0,0.0,0.0,0.0
1964-10-04,0.0,0.0,0.0,0.0,0.0,0.0,0.0,0.0,0.0,0.0,0.0,0.0,0.0,0.0,0.0,0.0,-32.0,-8.0,-2.0,-3.0,-4.0,-4.0,-4.0,-2.0,-2.0,0.0,-1.0,-3.0,0.0,0.0,0.0,0.0,0.0,0.0,0.0,0.0,0.0,0.0,0.0,0.0,0.0,0.0,0.0,0.0,0.0,0.0,0.0,0.0,-32.0,-8.0,-2.0,-3.0,-4.0,-4.0,-4.0,-2.0,-2.0,0.0,-1.0,-3.0,0.0,0.0,0.0,0.0
1964-10-05,0.0,0.0,0.0,0.0,0.0,0.0,0.0,0.0,0.0,0.0,0.0,0.0,0.0,0.0,0.0,0.0,-32.0,-8.0,-2.0,-3.0,-4.0,-4.0,-4.0,-2.0,-2.0,0.0,-1.0,-3.0,0.0,0.0,0.0,0.0,0.0,0.0,0.0,0.0,0.0,0.0,0.0,0.0,0.0,0.0,0.0,0.0,0.0,0.0,0.0,0.0,-32.0,-8.0,-2.0,-3.0,-4.0,-4.0,-4.0,-2.0,-2.0,0.0,-1.0,-3.0,0.0,0.0,0.0,0.0
1964-10-06,0.0,0.0,0.0,0.0,0.0,0.0,0.0,0.0,0.0,0.0,0.0,0.0,0.0,0.0,0.0,0.0,-32.0,-8.0,-2.0,-3.0,-4.0,-4.0,-4.0,-2.0,-2.0,0.0,-1.0,-3.0,0.0,0.0,0.0,0.0,0.0,0.0,0.0,0.0,0.0,0.0,0.0,0.0,0.0,0.0,0.0,0.0,0.0,0.0,0.0,0.0,-32.0,-8.0,-2.0,-3.0,-4.0,-4.0,-4.0,-2.0,-2.0,0.0,-1.0,-3.0,0.0,0.0,0.0,0.0
1964-10-07,0.0,0.0,0.0,0.0,0.0,0.0,0.0,0.0,0.0,0.0,0.0,0.0,0.0,0.0,0.0,0.0,-32.0,-8.0,-2.0,-3.0,-4.0,-4.0,-4.0,-2.0,-2.0,0.0,-1.0,-3.0,0.0,0.0,0.0,0.0,0.0,0.0,0.0,0.0,0.0,0.0,0.0,0.0,0.0,0.0,0.0,0.0,0.0,0.0,0.0,0.0,-32.0,-8.0,-2.0,-3.0,-4.0,-4.0,-4.0,-2.0,-2.0,0.0,-1.0,-3.0,0.0,0.0,0.0,0.0
1964-10-08,0.0,0.0,0.0,0.0,0.0,0.0,0.0,0.0,0.0,0.0,0.0,0.0,0.0,0.0,0.0,0.0,-32.0,-8.0,-2.0,-3.0,-4.0,-4.0,-4.0,-2.0,-2.0,0.0,-1.0,-3.0,0.0,0.0,0.0,0.0,0.0,0.0,0.0,0.0,0.0,0.0,0.0,0.0,0.0,0.0,0.0,0.0,0.0,0.0,0.0,0.0,-32.0,-8.0,-2.0,-3.0,-4.0,-4.0,-4.0,-2.0,-2.0,0.0,-1.0,-3.0,0.0,0.0,0.0,0.0
1964-10-09,0.0,0.0,0.0,0.0,0.0,0.0,0.0,0.0,0.0,0.0,0.0,0.0,0.0,0.0,0.0,0.0,-32.0,-8.0,-2.0,-3.0,-4.0,-4.0,-4.0,-2.0,-2.0,0.0,-1.0,-3.0,0.0,0.0,0.0,0.0,0.0,0.0,0.0,0.0,0.0,0.0,0.0,0.0,0.0,0.0,0.0,0.0,0.0,0.0,0.0,0.0,-32.0,-8.0,-2.0,-3.0,-4.0,-4.0,-4.0,-2.0,-2.0,0.0,-1.0,-3.0,0.0,0.0,0.0,0.0
1964-10-10,0.0,0.0,0.0,0.0,0.0,0.0,0.0,0.0,0.0,0.0,0.0,0.0,0.0,0.0,0.0,0.0,-32.0,-8.0,-2.0,-3.0,-4.0,-4.0,-4.0,-2.0,-2.0,0.0,-1.0,-3.0,0.0,0.0,0.0,0.0,0.0,0.0,0.0,0.0,0.0,0.0,0.0,0.0,0.0,0.0,0.0,0.0,0.0,0.0,0.0,0.0,-32.0,-8.0,-2.0,-3.0,-4.0,-4.0,-4.0,-2.0,-2.0,0.0,-1.0,-3.0,0.0,0.0,0.0,0.0
1964-10-11,0.0,0.0,0.0,0.0,0.0,0.0,0.0,0.0,0.0,0.0,0.0,0.0,0.0,0.0,0.0,0.0,-32.0,-8.0,-2.0,-3.0,-4.0,-4.0,-4.0,-2.0,-2.0,0.0,-1.0,-3.0,0.0,0.0,0.0,0.0,0.0,0.0,0.0,0.0,0.0,0.0,0.0,0.0,0.0,0.0,0.0,0.0,0.0,0.0,0.0,0.0,-32.0,-8.0,-2.0,-3.0,-4.0,-4.0,-4.0,-2.0,-2.0,0.0,-1.0,-3.0,0.0,0.0,0.0,0.0
1964-10-12,0.0,0.0,0.0,0.0,0.0,0.0,0.0,0.0,0.0,0.0,0.0,0.0,0.0,0.0,0.0,0.0,-32.0,-8.0,-2.0,-3.0,-4.0,-4.0,-4.0,-2.0,-2.0,0.0,-1.0,-3.0,0.0,0.0,0.0,0.0,0.0,0.0,0.0,0.0,0.0,0.0,0.0,0.0,0.0,0.0,0.0,0.0,0.0,0.0,0.0,0.0,-32.0,-8.0,-2.0,-3.0,-4.0,-4.0,-4.0,-2.0,-2.0,0.0,-1.0,-3.0,0.0,0.0,0.0,0.0
1964-10-13,0.0,0.0,0.0,0.0,0.0,0.0,0.0,0.0,0.0,0.0,0.0,0.0,0.0,0.0,0.0,0.0,-32.0,-8.0,-2.0,-3.0,-4.0,-4.0,-4.0,-2.0,-2.0,0.0,-1.0,-3.0,0.0,0.0,0.0,0.0,0.0,0.0,0.0,0.0,0.0,0.0,0.0,0.0,0.0,0.0,0.0,0.0,0.0,0.0,0.0,0.0,-32.0,-8.0,-2.0,-3.0,-4.0,-4.0,-4.0,-2.0,-2.0,0.0,-1.0,-3.0,0.0,0.0,0.0,0.0
1964-10-14,0.0,0.0,0.0,0.0,0.0,0.0,0.0,0.0,0.0,0.0,0.0,0.0,0.0,0.0,0.0,0.0,-32.0,-8.0,-2.0,-3.0,-4.0,-4.0,-4.0,-2.0,-2.0,0.0,-1.0,-3.0,0.0,0.0,0.0,0.0,0.0,0.0,0.0,0.0,0.0,0.0,0.0,0.0,0.0,0.0,0.0,0.0,0.0,0.0,0.0,0.0,-32.0,-8.0,-2.0,-3.0,-4.0,-4.0,-4.0,-2.0,-2.0,0.0,-1.0,-3.0,0.0,0.0,0.0,0.0
1964-10-15,0.0,0.0,0.0,0.0,0.0,0.0,0.0,0.0,0.0,0.0,0.0,0.0,0.0,0.0,0.0,0.0,-32.0,-8.0,-2.0,-3.0,-4.0,-4.0,-4.0,-2.0,-2.0,0.0,-1.0,-3.0,0.0,0.0,0.0,0.0,0.0,0.0,0.0,0.0,0.0,0.0,0.0,0.0,0.0,0.0,0.0,0.0,0.0,0.0,0.0,0.0,-32.0,-8.0,-2.0,-3.0,-4.0,-4.0,-4.0,-2.0,-2.0,0.0,-1.0,-3.0,0.0,0.0,0.0,0.0
1964-10-16,0.0,0.0,0.0,0.0,0.0,0.0,0.0,0.0,0.0,0.0,0.0,0.0,0.0,0.0,0.0,0.0,-32.0,-8.0,-2.0,-3.0,-4.0,-4.0,-4.0,-2.0,-2.0,0.0,-1.0,-3.0,0.0,0.0,0.0,0.0,0.0,0.0,0.0,0.0,0.0,0.0,0.0,0.0,0.0,0.0,0.0,0.0,0.0,0.0,0.0,0.0,-32.0,-8.0,-2.0,-3.0,-4.0,-4.0,-4.0,-2.0,-2.0,0.0,-1.0,-3.0,0.0,0.0,0.0,0.0
1964-10-17,0.0,0.0,0.0,0.0,0.0,0.0,0.0,0.0,0.0,0.0,0.0,0.0,0.0,0.0,0.0,0.0,-32.0,-8.0,-2.0,-3.0,-4.0,-4.0,-4.0,-2.0,-2.0,0.0,-1.0,-3.0,0.0,0.0,0.0,0.0,0.0,0.0,0.0,0.0,0.0,0.0,0.0,0.0,0.0,0.0,0.0,0.0,0.0,0.0,0.0,0.0,-32.0,-8.0,-2.0,-3.0,-4.0,-4.0,-4.0,-2.0,-2.0,0.0,-1.0,-3.0,0.0,0.0,0.0,0.0
1964-10-18,0.0,0.0,0.0,0.0,0.0,0.0,0.0,0.0,0.0,0.0,0.0,0.0,0.0,0.0,0.0,0.0,-32.0,-8.0,-2.0,-3.0,-4.0,-4.0,-4.0,-2.0,-2.0,0.0,-1.0,-3.0,0.0,0.0,0.0,0.0,0.0,0.0,0.0,0.0,0.0,0.0,0.0,0.0,0.0,0.0,0.0,0.0,0.0,0.0,0.0,0.0,-32.0,-8.0,-2.0,-3.0,-4.0,-4.0,-4.0,-2.0,-2.0,0.0,-1.0,-3.0,0.0,0.0,0.0,0.0
1964-10-19,0.0,0.0,0.0,0.0,0.0,0.0,0.0,0.0,0.0,0.0,0.0,0.0,0.0,0.0,0.0,0.0,-32.0,-8.0,-2.0,-3.0,-4.0,-4.0,-4.0,-2.0,-2.0,0.0,-1.0,-3.0,0.0,0.0,0.0,0.0,0.0,0.0,0.0,0.0,0.0,0.0,0.0,0.0,0.0,0.0,0.0,0.0,0.0,0.0,0.0,0.0,-32.0,-8.0,-2.0,-3.0,-4.0,-4.0,-4.0,-2.0,-2.0,0.0,-1.0,-3.0,0.0,0.0,0.0,0.0
1964-10-20,0.0,0.0,0.0,0.0,0.0,0.0,0.0,0.0,0.0,0.0,0.0,0.0,0.0,0.0,0.0,0.0,-32.0,-8.0,-2.0,-3.0,-4.0,-4.0,-4.0,-2.0,-2.0,0.0,-1.0,-3.0,0.0,0.0,0.0,0.0,0.0,0.0,0.0,0.0,0.0,0.0,0.0,0.0,0.0,0.0,0.0,0.0,0.0,0.0,0.0,0.0,-32.0,-8.0,-2.0,-3.0,-4.0,-4.0,-4.0,-2.0,-2.0,0.0,-1.0,-3.0,0.0,0.0,0.0,0.0
1964-10-21,0.0,0.0,0.0,0.0,0.0,0.0,0.0,0.0,0.0,0.0,0.0,0.0,0.0,0.0,0.0,0.0,-32.0,-8.0,-2.0,-3.0,-4.0,-4.0,-4.0,-2.0,-2.0,0.0,-1.0,-3.0,0.0,0.0,0.0,0.0,0.0,0.0,0.0,0.0,0.0,0.0,0.0,0.0,0.0,0.0,0.0,0.0,0.0,0.0,0.0,0.0,-32.0,-8.0,-2.0,-3.0,-4.0,-4.0,-4.0,-2.0,-2.0,0.0,-1.0,-3.0,0.0,0.0,0.0,0.0
1964-10-22,0.0,0.0,0.0,0.0,0.0,0.0,0.0,0.0,0.0,0.0,0.0,0.0,0.0,0.0,0.0,0.0,-32.0,-8.0,-2.0,-3.0,-4.0,-4.0,-4.0,-2.0,-2.0,0.0,-1.0,-3.0,0.0,0.0,0.0,0.0,0.0,0.0,0.0,0.0,0.0,0.0,0.0,0.0,0.0,0.0,0.0,0.0,0.0,0.0,0.0,0.0,-32.0,-8.0,-2.0,-3.0,-4.0,-4.0,-4.0,-2.0,-2.0,0.0,-1.0,-3.0,0.0,0.0,0.0,0.0
1964-10-23,0.0,0.0,0.0,0.0,0.0,0.0,0.0,0.0,0.0,0.0,0.0,0.0,0.0,0.0,0.0,0.0,-32.0,-8.0,-2.0,-3.0,-4.0,-4.0,-4.0,-2.0,-2.0,0.0,-1.0,-3.0,0.0,0.0,0.0,0.0,0.0,0.0,0.0,0.0,0.0,0.0,0.0,0.0,0.0,0.0,0.0,0.0,0.0,0.0,0.0,0.0,-32.0,-8.0,-2.0,-3.0,-4.0,-4.0,-4.0,-2.0,-2.0,0.0,-1.0,-3.0,0.0,0.0,0.0,0.0
1964-10-24,0.0,0.0,0.0,0.0,0.0,0.0,0.0,0.0,0.0,0.0,0.0,0.0,0.0,0.0,0.0,0.0,-32.0,-8.0,-2.0,-3.0,-4.0,-4.0,-4.0,-2.0,-2.0,0.0,-1.0,-3.0,0.0,0.0,0.0,0.0,0.0,0.0,0.0,0.0,0.0,0.0,0.0,0.0,0.0,0.0,0.0,0.0,0.0,0.0,0.0,0.0,-32.0,-8.0,-2.0,-3.0,-4.0,-4.0,-4.0,-2.0,-2.0,0.0,-1.0,-3.0,0.0,0.0,0.0,0.0
1964-10-25,0.0,0.0,0.0,0.0,0.0,0.0,0.0,0.0,0.0,0.0,0.0,0.0,0.0,0.0,0.0,0.0,-32.0,-8.0,-2.0,-3.0,-4.0,-4.0,-4.0,-2.0,-2.0,0.0,-1.0,-3.0,0.0,0.0,0.0,0.0,0.0,0.0,0.0,0.0,0.0,0.0,0.0,0.0,0.0,0.0,0.0,0.0,0.0,0.0,0.0,0.0,-32.0,-8.0,-2.0,-3.0,-4.0,-4.0,-4.0,-2.0,-2.0,0.0,-1.0,-3.0,0.0,0.0,0.0,0.0
1964-10-26,0.0,0.0,0.0,0.0,0.0,0.0,0.0,0.0,0.0,0.0,0.0,0.0,0.0,0.0,0.0,0.0,-32.0,-8.0,-2.0,-3.0,-4.0,-4.0,-4.0,-2.0,-2.0,0.0,-1.0,-3.0,0.0,0.0,0.0,0.0,0.0,0.0,0.0,0.0,0.0,0.0,0.0,0.0,0.0,0.0,0.0,0.0,0.0,0.0,0.0,0.0,-32.0,-8.0,-2.0,-3.0,-4.0,-4.0,-4.0,-2.0,-2.0,0.0,-1.0,-3.0,0.0,0.0,0.0,0.0
1964-10-27,0.0,0.0,0.0,0.0,0.0,0.0,0.0,0.0,0.0,0.0,0.0,0.0,0.0,0.0,0.0,0.0,-32.0,-8.0,-2.0,-3.0,-4.0,-4.0,-4.0,-2.0,-2.0,0.0,-1.0,-3.0,0.0,0.0,0.0,0.0,0.0,0.0,0.0,0.0,0.0,0.0,0.0,0.0,0.0,0.0,0.0,0.0,0.0,0.0,0.0,0.0,-32.0,-8.0,-2.0,-3.0,-4.0,-4.0,-4.0,-2.0,-2.0,0.0,-1.0,-3.0,0.0,0.0,0.0,0.0
1964-10-28,0.0,0.0,0.0,0.0,0.0,0.0,0.0,0.0,0.0,0.0,0.0,0.0,0.0,0.0,0.0,0.0,-32.0,-8.0,-2.0,-3.0,-4.0,-4.0,-4.0,-2.0,-2.0,0.0,-1.0,-3.0,0.0,0.0,0.0,0.0,0.0,0.0,0.0,0.0,0.0,0.0,0.0,0.0,0.0,0.0,0.0,0.0,0.0,0.0,0.0,0.0,-32.0,-8.0,-2.0,-3.0,-4.0,-4.0,-4.0,-2.0,-2.0,0.0,-1.0,-3.0,0.0,0.0,0.0,0.0
1964-10-29,0.0,0.0,0.0,0.0,0.0,0.0,0.0,0.0,0.0,0.0,0.0,0.0,0.0,0.0,0.0,0.0,-32.0,-8.0,-2.0,-3.0,-4.0,-4.0,-4.0,-2.0,-2.0,0.0,-1.0,-3.0,0.0,0.0,0.0,0.0,0.0,0.0,0.0,0.0,0.0,0.0,0.0,0.0,0.0,0.0,0.0,0.0,0.0,0.0,0.0,0.0,-32.0,-8.0,-2.0,-3.0,-4.0,-4.0,-4.0,-2.0,-2.0,0.0,-1.0,-3.0,0.0,0.0,0.0,0.0
1964-10-30,0.0,0.0,0.0,0.0,0.0,0.0,0.0,0.0,0.0,0.0,0.0,0.0,0.0,0.0,0.0,0.0,-32.0,-8.0,-2.0,-3.0,-4.0,-4.0,-4.0,-2.0,-2.0,0.0,-1.0,-3.0,0.0,0.0,0.0,0.0,0.0,0.0,0.0,0.0,0.0,0.0,0.0,0.0,0.0,0.0,0.0,0.0,0.0,0.0,0.0,0.0,-32.0,-8.0,-2.0,-3.0,-4.0,-4.0,-4.0,-2.0,-2.0,0.0,-1.0,-3.0,0.0,0.0,0.0,0.0
1964-10-31,0.0,0.0,0.0,0.0,0.0,0.0,0.0,0.0,0.0,0.0,0.0,0.0,0.0,0.0,0.0,0.0,-32.0,-8.0,-2.0,-3.0,-4.0,-4.0,-4.0,-2.0,-2.0,0.0,-1.0,-3.0,0.0,0.0,0.0,0.0,0.0,0.0,0.0,0.0,0.0,0.0,0.0,0.0,0.0,0.0,0.0,0.0,0.0,0.0,0.0,0.0,-32.0,-8.0,-2.0,-3.0,-4.0,-4.0,-4.0,-2.0,-2.0,0.0,-1.0,-3.0,0.0,0.0,0.0,0.0
1964-11-01,0.0,0.0,0.0,0.0,0.0,0.0,0.0,0.0,0.0,0.0,0.0,0.0,0.0,0.0,0.0,0.0,-22.0,-5.0,-1.0,-2.0,-2.0,-3.0,-3.0,-2.0,-1.0,0.0,0.0,-2.0,0.0,0.0,0.0,0.0,0.0,0.0,0.0,0.0,0.0,0.0,0.0,0.0,0.0,0.0,0.0,0.0,0.0,0.0,0.0,0.0,-22.0,-5.0,-1.0,-2.0,-2.0,-3.0,-3.0,-2.0,-1.0,0.0,0.0,-2.0,0.0,0.0,0.0,0.0
1964-11-02,0.0,0.0,0.0,0.0,0.0,0.0,0.0,0.0,0.0,0.0,0.0,0.0,0.0,0.0,0.0,0.0,-22.0,-5.0,-1.0,-2.0,-2.0,-3.0,-3.0,-2.0,-1.0,0.0,0.0,-2.0,0.0,0.0,0.0,0.0,0.0,0.0,0.0,0.0,0.0,0.0,0.0,0.0,0.0,0.0,0.0,0.0,0.0,0.0,0.0,0.0,-22.0,-5.0,-1.0,-2.0,-2.0,-3.0,-3.0,-2.0,-1.0,0.0,0.0,-2.0,0.0,0.0,0.0,0.0
1964-11-03,0.0,0.0,0.0,0.0,0.0,0.0,0.0,0.0,0.0,0.0,0.0,0.0,0.0,0.0,0.0,0.0,-22.0,-5.0,-1.0,-2.0,-2.0,-3.0,-3.0,-2.0,-1.0,0.0,0.0,-2.0,0.0,0.0,0.0,0.0,0.0,0.0,0.0,0.0,0.0,0.0,0.0,0.0,0.0,0.0,0.0,0.0,0.0,0.0,0.0,0.0,-22.0,-5.0,-1.0,-2.0,-2.0,-3.0,-3.0,-2.0,-1.0,0.0,0.0,-2.0,0.0,0.0,0.0,0.0
1964-11-04,0.0,0.0,0.0,0.0,0.0,0.0,0.0,0.0,0.0,0.0,0.0,0.0,0.0,0.0,0.0,0.0,-22.0,-5.0,-1.0,-2.0,-2.0,-3.0,-3.0,-2.0,-1.0,0.0,0.0,-2.0,0.0,0.0,0.0,0.0,0.0,0.0,0.0,0.0,0.0,0.0,0.0,0.0,0.0,0.0,0.0,0.0,0.0,0.0,0.0,0.0,-22.0,-5.0,-1.0,-2.0,-2.0,-3.0,-3.0,-2.0,-1.0,0.0,0.0,-2.0,0.0,0.0,0.0,0.0
1964-11-05,0.0,0.0,0.0,0.0,0.0,0.0,0.0,0.0,0.0,0.0,0.0,0.0,0.0,0.0,0.0,0.0,-22.0,-5.0,-1.0,-2.0,-2.0,-3.0,-3.0,-2.0,-1.0,0.0,0.0,-2.0,0.0,0.0,0.0,0.0,0.0,0.0,0.0,0.0,0.0,0.0,0.0,0.0,0.0,0.0,0.0,0.0,0.0,0.0,0.0,0.0,-22.0,-5.0,-1.0,-2.0,-2.0,-3.0,-3.0,-2.0,-1.0,0.0,0.0,-2.0,0.0,0.0,0.0,0.0
1964-11-06,0.0,0.0,0.0,0.0,0.0,0.0,0.0,0.0,0.0,0.0,0.0,0.0,0.0,0.0,0.0,0.0,-22.0,-5.0,-1.0,-2.0,-2.0,-3.0,-3.0,-2.0,-1.0,0.0,0.0,-2.0,0.0,0.0,0.0,0.0,0.0,0.0,0.0,0.0,0.0,0.0,0.0,0.0,0.0,0.0,0.0,0.0,0.0,0.0,0.0,0.0,-22.0,-5.0,-1.0,-2.0,-2.0,-3.0,-3.0,-2.0,-1.0,0.0,0.0,-2.0,0.0,0.0,0.0,0.0
1964-11-07,0.0,0.0,0.0,0.0,0.0,0.0,0.0,0.0,0.0,0.0,0.0,0.0,0.0,0.0,0.0,0.0,-22.0,-5.0,-1.0,-2.0,-2.0,-3.0,-3.0,-2.0,-1.0,0.0,0.0,-2.0,0.0,0.0,0.0,0.0,0.0,0.0,0.0,0.0,0.0,0.0,0.0,0.0,0.0,0.0,0.0,0.0,0.0,0.0,0.0,0.0,-22.0,-5.0,-1.0,-2.0,-2.0,-3.0,-3.0,-2.0,-1.0,0.0,0.0,-2.0,0.0,0.0,0.0,0.0
1964-11-08,0.0,0.0,0.0,0.0,0.0,0.0,0.0,0.0,0.0,0.0,0.0,0.0,0.0,0.0,0.0,0.0,-22.0,-5.0,-1.0,-2.0,-2.0,-3.0,-3.0,-2.0,-1.0,0.0,0.0,-2.0,0.0,0.0,0.0,0.0,0.0,0.0,0.0,0.0,0.0,0.0,0.0,0.0,0.0,0.0,0.0,0.0,0.0,0.0,0.0,0.0,-22.0,-5.0,-1.0,-2.0,-2.0,-3.0,-3.0,-2.0,-1.0,0.0,0.0,-2.0,0.0,0.0,0.0,0.0
1964-11-09,0.0,0.0,0.0,0.0,0.0,0.0,0.0,0.0,0.0,0.0,0.0,0.0,0.0,0.0,0.0,0.0,-22.0,-5.0,-1.0,-2.0,-2.0,-3.0,-3.0,-2.0,-1.0,0.0,0.0,-2.0,0.0,0.0,0.0,0.0,0.0,0.0,0.0,0.0,0.0,0.0,0.0,0.0,0.0,0.0,0.0,0.0,0.0,0.0,0.0,0.0,-22.0,-5.0,-1.0,-2.0,-2.0,-3.0,-3.0,-2.0,-1.0,0.0,0.0,-2.0,0.0,0.0,0.0,0.0
1964-11-10,0.0,0.0,0.0,0.0,0.0,0.0,0.0,0.0,0.0,0.0,0.0,0.0,0.0,0.0,0.0,0.0,-22.0,-5.0,-1.0,-2.0,-2.0,-3.0,-3.0,-2.0,-1.0,0.0,0.0,-2.0,0.0,0.0,0.0,0.0,0.0,0.0,0.0,0.0,0.0,0.0,0.0,0.0,0.0,0.0,0.0,0.0,0.0,0.0,0.0,0.0,-22.0,-5.0,-1.0,-2.0,-2.0,-3.0,-3.0,-2.0,-1.0,0.0,0.0,-2.0,0.0,0.0,0.0,0.0
1964-11-11,0.0,0.0,0.0,0.0,0.0,0.0,0.0,0.0,0.0,0.0,0.0,0.0,0.0,0.0,0.0,0.0,-22.0,-5.0,-1.0,-2.0,-2.0,-3.0,-3.0,-2.0,-1.0,0.0,0.0,-2.0,0.0,0.0,0.0,0.0,0.0,0.0,0.0,0.0,0.0,0.0,0.0,0.0,0.0,0.0,0.0,0.0,0.0,0.0,0.0,0.0,-22.0,-5.0,-1.0,-2.0,-2.0,-3.0,-3.0,-2.0,-1.0,0.0,0.0,-2.0,0.0,0.0,0.0,0.0
1964-11-12,0.0,0.0,0.0,0.0,0.0,0.0,0.0,0.0,0.0,0.0,0.0,0.0,0.0,0.0,0.0,0.0,-22.0,-5.0,-1.0,-2.0,-2.0,-3.0,-3.0,-2.0,-1.0,0.0,0.0,-2.0,0.0,0.0,0.0,0.0,0.0,0.0,0.0,0.0,0.0,0.0,0.0,0.0,0.0,0.0,0.0,0.0,0.0,0.0,0.0,0.0,-22.0,-5.0,-1.0,-2.0,-2.0,-3.0,-3.0,-2.0,-1.0,0.0,0.0,-2.0,0.0,0.0,0.0,0.0
1964-11-13,0.0,0.0,0.0,0.0,0.0,0.0,0.0,0.0,0.0,0.0,0.0,0.0,0.0,0.0,0.0,0.0,-22.0,-5.0,-1.0,-2.0,-2.0,-3.0,-3.0,-2.0,-1.0,0.0,0.0,-2.0,0.0,0.0,0.0,0.0,0.0,0.0,0.0,0.0,0.0,0.0,0.0,0.0,0.0,0.0,0.0,0.0,0.0,0.0,0.0,0.0,-22.0,-5.0,-1.0,-2.0,-2.0,-3.0,-3.0,-2.0,-1.0,0.0,0.0,-2.0,0.0,0.0,0.0,0.0
1964-11-14,0.0,0.0,0.0,0.0,0.0,0.0,0.0,0.0,0.0,0.0,0.0,0.0,0.0,0.0,0.0,0.0,-22.0,-5.0,-1.0,-2.0,-2.0,-3.0,-3.0,-2.0,-1.0,0.0,0.0,-2.0,0.0,0.0,0.0,0.0,0.0,0.0,0.0,0.0,0.0,0.0,0.0,0.0,0.0,0.0,0.0,0.0,0.0,0.0,0.0,0.0,-22.0,-5.0,-1.0,-2.0,-2.0,-3.0,-3.0,-2.0,-1.0,0.0,0.0,-2.0,0.0,0.0,0.0,0.0
1964-11-15,0.0,0.0,0.0,0.0,0.0,0.0,0.0,0.0,0.0,0.0,0.0,0.0,0.0,0.0,0.0,0.0,-22.0,-5.0,-1.0,-2.0,-2.0,-3.0,-3.0,-2.0,-1.0,0.0,0.0,-2.0,0.0,0.0,0.0,0.0,0.0,0.0,0.0,0.0,0.0,0.0,0.0,0.0,0.0,0.0,0.0,0.0,0.0,0.0,0.0,0.0,-22.0,-5.0,-1.0,-2.0,-2.0,-3.0,-3.0,-2.0,-1.0,0.0,0.0,-2.0,0.0,0.0,0.0,0.0
1964-11-16,0.0,0.0,0.0,0.0,0.0,0.0,0.0,0.0,0.0,0.0,0.0,0.0,0.0,0.0,0.0,0.0,-22.0,-5.0,-1.0,-2.0,-2.0,-3.0,-3.0,-2.0,-1.0,0.0,0.0,-2.0,0.0,0.0,0.0,0.0,0.0,0.0,0.0,0.0,0.0,0.0,0.0,0.0,0.0,0.0,0.0,0.0,0.0,0.0,0.0,0.0,-22.0,-5.0,-1.0,-2.0,-2.0,-3.0,-3.0,-2.0,-1.0,0.0,0.0,-2.0,0.0,0.0,0.0,0.0
1964-11-17,0.0,0.0,0.0,0.0,0.0,0.0,0.0,0.0,0.0,0.0,0.0,0.0,0.0,0.0,0.0,0.0,-22.0,-5.0,-1.0,-2.0,-2.0,-3.0,-3.0,-2.0,-1.0,0.0,0.0,-2.0,0.0,0.0,0.0,0.0,0.0,0.0,0.0,0.0,0.0,0.0,0.0,0.0,0.0,0.0,0.0,0.0,0.0,0.0,0.0,0.0,-22.0,-5.0,-1.0,-2.0,-2.0,-3.0,-3.0,-2.0,-1.0,0.0,0.0,-2.0,0.0,0.0,0.0,0.0
1964-11-18,0.0,0.0,0.0,0.0,0.0,0.0,0.0,0.0,0.0,0.0,0.0,0.0,0.0,0.0,0.0,0.0,-22.0,-5.0,-1.0,-2.0,-2.0,-3.0,-3.0,-2.0,-1.0,0.0,0.0,-2.0,0.0,0.0,0.0,0.0,0.0,0.0,0.0,0.0,0.0,0.0,0.0,0.0,0.0,0.0,0.0,0.0,0.0,0.0,0.0,0.0,-22.0,-5.0,-1.0,-2.0,-2.0,-3.0,-3.0,-2.0,-1.0,0.0,0.0,-2.0,0.0,0.0,0.0,0.0
1964-11-19,0.0,0.0,0.0,0.0,0.0,0.0,0.0,0.0,0.0,0.0,0.0,0.0,0.0,0.0,0.0,0.0,-22.0,-5.0,-1.0,-2.0,-2.0,-3.0,-3.0,-2.0,-1.0,0.0,0.0,-2.0,0.0,0.0,0.0,0.0,0.0,0.0,0.0,0.0,0.0,0.0,0.0,0.0,0.0,0.0,0.0,0.0,0.0,0.0,0.0,0.0,-22.0,-5.0,-1.0,-2.0,-2.0,-3.0,-3.0,-2.0,-1.0,0.0,0.0,-2.0,0.0,0.0,0.0,0.0
1964-11-20,0.0,0.0,0.0,0.0,0.0,0.0,0.0,0.0,0.0,0.0,0.0,0.0,0.0,0.0,0.0,0.0,-22.0,-5.0,-1.0,-2.0,-2.0,-3.0,-3.0,-2.0,-1.0,0.0,0.0,-2.0,0.0,0.0,0.0,0.0,0.0,0.0,0.0,0.0,0.0,0.0,0.0,0.0,0.0,0.0,0.0,0.0,0.0,0.0,0.0,0.0,-22.0,-5.0,-1.0,-2.0,-2.0,-3.0,-3.0,-2.0,-1.0,0.0,0.0,-2.0,0.0,0.0,0.0,0.0
1964-11-21,0.0,0.0,0.0,0.0,0.0,0.0,0.0,0.0,0.0,0.0,0.0,0.0,0.0,0.0,0.0,0.0,-22.0,-5.0,-1.0,-2.0,-2.0,-3.0,-3.0,-2.0,-1.0,0.0,0.0,-2.0,0.0,0.0,0.0,0.0,0.0,0.0,0.0,0.0,0.0,0.0,0.0,0.0,0.0,0.0,0.0,0.0,0.0,0.0,0.0,0.0,-22.0,-5.0,-1.0,-2.0,-2.0,-3.0,-3.0,-2.0,-1.0,0.0,0.0,-2.0,0.0,0.0,0.0,0.0
1964-11-22,0.0,0.0,0.0,0.0,0.0,0.0,0.0,0.0,0.0,0.0,0.0,0.0,0.0,0.0,0.0,0.0,-22.0,-5.0,-1.0,-2.0,-2.0,-3.0,-3.0,-2.0,-1.0,0.0,0.0,-2.0,0.0,0.0,0.0,0.0,0.0,0.0,0.0,0.0,0.0,0.0,0.0,0.0,0.0,0.0,0.0,0.0,0.0,0.0,0.0,0.0,-22.0,-5.0,-1.0,-2.0,-2.0,-3.0,-3.0,-2.0,-1.0,0.0,0.0,-2.0,0.0,0.0,0.0,0.0
1964-11-23,0.0,0.0,0.0,0.0,0.0,0.0,0.0,0.0,0.0,0.0,0.0,0.0,0.0,0.0,0.0,0.0,-22.0,-5.0,-1.0,-2.0,-2.0,-3.0,-3.0,-2.0,-1.0,0.0,0.0,-2.0,0.0,0.0,0.0,0.0,0.0,0.0,0.0,0.0,0.0,0.0,0.0,0.0,0.0,0.0,0.0,0.0,0.0,0.0,0.0,0.0,-22.0,-5.0,-1.0,-2.0,-2.0,-3.0,-3.0,-2.0,-1.0,0.0,0.0,-2.0,0.0,0.0,0.0,0.0
1964-11-24,0.0,0.0,0.0,0.0,0.0,0.0,0.0,0.0,0.0,0.0,0.0,0.0,0.0,0.0,0.0,0.0,-22.0,-5.0,-1.0,-2.0,-2.0,-3.0,-3.0,-2.0,-1.0,0.0,0.0,-2.0,0.0,0.0,0.0,0.0,0.0,0.0,0.0,0.0,0.0,0.0,0.0,0.0,0.0,0.0,0.0,0.0,0.0,0.0,0.0,0.0,-22.0,-5.0,-1.0,-2.0,-2.0,-3.0,-3.0,-2.0,-1.0,0.0,0.0,-2.0,0.0,0.0,0.0,0.0
1964-11-25,0.0,0.0,0.0,0.0,0.0,0.0,0.0,0.0,0.0,0.0,0.0,0.0,0.0,0.0,0.0,0.0,-22.0,-5.0,-1.0,-2.0,-2.0,-3.0,-3.0,-2.0,-1.0,0.0,0.0,-2.0,0.0,0.0,0.0,0.0,0.0,0.0,0.0,0.0,0.0,0.0,0.0,0.0,0.0,0.0,0.0,0.0,0.0,0.0,0.0,0.0,-22.0,-5.0,-1.0,-2.0,-2.0,-3.0,-3.0,-2.0,-1.0,0.0,0.0,-2.0,0.0,0.0,0.0,0.0
1964-11-26,0.0,0.0,0.0,0.0,0.0,0.0,0.0,0.0,0.0,0.0,0.0,0.0,0.0,0.0,0.0,0.0,-22.0,-5.0,-1.0,-2.0,-2.0,-3.0,-3.0,-2.0,-1.0,0.0,0.0,-2.0,0.0,0.0,0.0,0.0,0.0,0.0,0.0,0.0,0.0,0.0,0.0,0.0,0.0,0.0,0.0,0.0,0.0,0.0,0.0,0.0,-22.0,-5.0,-1.0,-2.0,-2.0,-3.0,-3.0,-2.0,-1.0,0.0,0.0,-2.0,0.0,0.0,0.0,0.0
1964-11-27,0.0,0.0,0.0,0.0,0.0,0.0,0.0,0.0,0.0,0.0,0.0,0.0,0.0,0.0,0.0,0.0,-22.0,-5.0,-1.0,-2.0,-2.0,-3.0,-3.0,-2.0,-1.0,0.0,0.0,-2.0,0.0,0.0,0.0,0.0,0.0,0.0,0.0,0.0,0.0,0.0,0.0,0.0,0.0,0.0,0.0,0.0,0.0,0.0,0.0,0.0,-22.0,-5.0,-1.0,-2.0,-2.0,-3.0,-3.0,-2.0,-1.0,0.0,0.0,-2.0,0.0,0.0,0.0,0.0
1964-11-28,0.0,0.0,0.0,0.0,0.0,0.0,0.0,0.0,0.0,0.0,0.0,0.0,0.0,0.0,0.0,0.0,-22.0,-5.0,-1.0,-2.0,-2.0,-3.0,-3.0,-2.0,-1.0,0.0,0.0,-2.0,0.0,0.0,0.0,0.0,0.0,0.0,0.0,0.0,0.0,0.0,0.0,0.0,0.0,0.0,0.0,0.0,0.0,0.0,0.0,0.0,-22.0,-5.0,-1.0,-2.0,-2.0,-3.0,-3.0,-2.0,-1.0,0.0,0.0,-2.0,0.0,0.0,0.0,0.0
1964-11-29,0.0,0.0,0.0,0.0,0.0,0.0,0.0,0.0,0.0,0.0,0.0,0.0,0.0,0.0,0.0,0.0,-22.0,-5.0,-1.0,-2.0,-2.0,-3.0,-3.0,-2.0,-1.0,0.0,0.0,-2.0,0.0,0.0,0.0,0.0,0.0,0.0,0.0,0.0,0.0,0.0,0.0,0.0,0.0,0.0,0.0,0.0,0.0,0.0,0.0,0.0,-22.0,-5.0,-1.0,-2.0,-2.0,-3.0,-3.0,-2.0,-1.0,0.0,0.0,-2.0,0.0,0.0,0.0,0.0
1964-11-30,0.0,0.0,0.0,0.0,0.0,0.0,0.0,0.0,0.0,0.0,0.0,0.0,0.0,0.0,0.0,0.0,-22.0,-5.0,-1.0,-2.0,-2.0,-3.0,-3.0,-2.0,-1.0,0.0,0.0,-2.0,0.0,0.0,0.0,0.0,0.0,0.0,0.0,0.0,0.0,0.0,0.0,0.0,0.0,0.0,0.0,0.0,0.0,0.0,0.0,0.0,-22.0,-5.0,-1.0,-2.0,-2.0,-3.0,-3.0,-2.0,-1.0,0.0,0.0,-2.0,0.0,0.0,0.0,0.0
1964-12-01,0.0,0.0,0.0,0.0,0.0,0.0,0.0,0.0,0.0,0.0,0.0,0.0,0.0,0.0,0.0,0.0,-14.0,-4.0,-1.0,-1.0,-2.0,-2.0,-2.0,-1.0,-1.0,0.0,0.0,-1.0,0.0,0.0,0.0,0.0,0.0,0.0,0.0,0.0,0.0,0.0,0.0,0.0,0.0,0.0,0.0,0.0,0.0,0.0,0.0,0.0,-14.0,-4.0,-1.0,-1.0,-2.0,-2.0,-2.0,-1.0,-1.0,0.0,0.0,-1.0,0.0,0.0,0.0,0.0
1964-12-02,0.0,0.0,0.0,0.0,0.0,0.0,0.0,0.0,0.0,0.0,0.0,0.0,0.0,0.0,0.0,0.0,-14.0,-4.0,-1.0,-1.0,-2.0,-2.0,-2.0,-1.0,-1.0,0.0,0.0,-1.0,0.0,0.0,0.0,0.0,0.0,0.0,0.0,0.0,0.0,0.0,0.0,0.0,0.0,0.0,0.0,0.0,0.0,0.0,0.0,0.0,-14.0,-4.0,-1.0,-1.0,-2.0,-2.0,-2.0,-1.0,-1.0,0.0,0.0,-1.0,0.0,0.0,0.0,0.0
1964-12-03,0.0,0.0,0.0,0.0,0.0,0.0,0.0,0.0,0.0,0.0,0.0,0.0,0.0,0.0,0.0,0.0,-14.0,-4.0,-1.0,-1.0,-2.0,-2.0,-2.0,-1.0,-1.0,0.0,0.0,-1.0,0.0,0.0,0.0,0.0,0.0,0.0,0.0,0.0,0.0,0.0,0.0,0.0,0.0,0.0,0.0,0.0,0.0,0.0,0.0,0.0,-14.0,-4.0,-1.0,-1.0,-2.0,-2.0,-2.0,-1.0,-1.0,0.0,0.0,-1.0,0.0,0.0,0.0,0.0
1964-12-04,0.0,0.0,0.0,0.0,0.0,0.0,0.0,0.0,0.0,0.0,0.0,0.0,0.0,0.0,0.0,0.0,-14.0,-4.0,-1.0,-1.0,-2.0,-2.0,-2.0,-1.0,-1.0,0.0,0.0,-1.0,0.0,0.0,0.0,0.0,0.0,0.0,0.0,0.0,0.0,0.0,0.0,0.0,0.0,0.0,0.0,0.0,0.0,0.0,0.0,0.0,-14.0,-4.0,-1.0,-1.0,-2.0,-2.0,-2.0,-1.0,-1.0,0.0,0.0,-1.0,0.0,0.0,0.0,0.0
1964-12-05,0.0,0.0,0.0,0.0,0.0,0.0,0.0,0.0,0.0,0.0,0.0,0.0,0.0,0.0,0.0,0.0,-14.0,-4.0,-1.0,-1.0,-2.0,-2.0,-2.0,-1.0,-1.0,0.0,0.0,-1.0,0.0,0.0,0.0,0.0,0.0,0.0,0.0,0.0,0.0,0.0,0.0,0.0,0.0,0.0,0.0,0.0,0.0,0.0,0.0,0.0,-14.0,-4.0,-1.0,-1.0,-2.0,-2.0,-2.0,-1.0,-1.0,0.0,0.0,-1.0,0.0,0.0,0.0,0.0
1964-12-06,0.0,0.0,0.0,0.0,0.0,0.0,0.0,0.0,0.0,0.0,0.0,0.0,0.0,0.0,0.0,0.0,-14.0,-4.0,-1.0,-1.0,-2.0,-2.0,-2.0,-1.0,-1.0,0.0,0.0,-1.0,0.0,0.0,0.0,0.0,0.0,0.0,0.0,0.0,0.0,0.0,0.0,0.0,0.0,0.0,0.0,0.0,0.0,0.0,0.0,0.0,-14.0,-4.0,-1.0,-1.0,-2.0,-2.0,-2.0,-1.0,-1.0,0.0,0.0,-1.0,0.0,0.0,0.0,0.0
1964-12-07,0.0,0.0,0.0,0.0,0.0,0.0,0.0,0.0,0.0,0.0,0.0,0.0,0.0,0.0,0.0,0.0,-14.0,-4.0,-1.0,-1.0,-2.0,-2.0,-2.0,-1.0,-1.0,0.0,0.0,-1.0,0.0,0.0,0.0,0.0,0.0,0.0,0.0,0.0,0.0,0.0,0.0,0.0,0.0,0.0,0.0,0.0,0.0,0.0,0.0,0.0,-14.0,-4.0,-1.0,-1.0,-2.0,-2.0,-2.0,-1.0,-1.0,0.0,0.0,-1.0,0.0,0.0,0.0,0.0
1964-12-08,0.0,0.0,0.0,0.0,0.0,0.0,0.0,0.0,0.0,0.0,0.0,0.0,0.0,0.0,0.0,0.0,-14.0,-4.0,-1.0,-1.0,-2.0,-2.0,-2.0,-1.0,-1.0,0.0,0.0,-1.0,0.0,0.0,0.0,0.0,0.0,0.0,0.0,0.0,0.0,0.0,0.0,0.0,0.0,0.0,0.0,0.0,0.0,0.0,0.0,0.0,-14.0,-4.0,-1.0,-1.0,-2.0,-2.0,-2.0,-1.0,-1.0,0.0,0.0,-1.0,0.0,0.0,0.0,0.0
1964-12-09,0.0,0.0,0.0,0.0,0.0,0.0,0.0,0.0,0.0,0.0,0.0,0.0,0.0,0.0,0.0,0.0,-14.0,-4.0,-1.0,-1.0,-2.0,-2.0,-2.0,-1.0,-1.0,0.0,0.0,-1.0,0.0,0.0,0.0,0.0,0.0,0.0,0.0,0.0,0.0,0.0,0.0,0.0,0.0,0.0,0.0,0.0,0.0,0.0,0.0,0.0,-14.0,-4.0,-1.0,-1.0,-2.0,-2.0,-2.0,-1.0,-1.0,0.0,0.0,-1.0,0.0,0.0,0.0,0.0
1964-12-10,0.0,0.0,0.0,0.0,0.0,0.0,0.0,0.0,0.0,0.0,0.0,0.0,0.0,0.0,0.0,0.0,-14.0,-4.0,-1.0,-1.0,-2.0,-2.0,-2.0,-1.0,-1.0,0.0,0.0,-1.0,0.0,0.0,0.0,0.0,0.0,0.0,0.0,0.0,0.0,0.0,0.0,0.0,0.0,0.0,0.0,0.0,0.0,0.0,0.0,0.0,-14.0,-4.0,-1.0,-1.0,-2.0,-2.0,-2.0,-1.0,-1.0,0.0,0.0,-1.0,0.0,0.0,0.0,0.0
1964-12-11,0.0,0.0,0.0,0.0,0.0,0.0,0.0,0.0,0.0,0.0,0.0,0.0,0.0,0.0,0.0,0.0,-14.0,-4.0,-1.0,-1.0,-2.0,-2.0,-2.0,-1.0,-1.0,0.0,0.0,-1.0,0.0,0.0,0.0,0.0,0.0,0.0,0.0,0.0,0.0,0.0,0.0,0.0,0.0,0.0,0.0,0.0,0.0,0.0,0.0,0.0,-14.0,-4.0,-1.0,-1.0,-2.0,-2.0,-2.0,-1.0,-1.0,0.0,0.0,-1.0,0.0,0.0,0.0,0.0
1964-12-12,0.0,0.0,0.0,0.0,0.0,0.0,0.0,0.0,0.0,0.0,0.0,0.0,0.0,0.0,0.0,0.0,-14.0,-4.0,-1.0,-1.0,-2.0,-2.0,-2.0,-1.0,-1.0,0.0,0.0,-1.0,0.0,0.0,0.0,0.0,0.0,0.0,0.0,0.0,0.0,0.0,0.0,0.0,0.0,0.0,0.0,0.0,0.0,0.0,0.0,0.0,-14.0,-4.0,-1.0,-1.0,-2.0,-2.0,-2.0,-1.0,-1.0,0.0,0.0,-1.0,0.0,0.0,0.0,0.0
1964-12-13,0.0,0.0,0.0,0.0,0.0,0.0,0.0,0.0,0.0,0.0,0.0,0.0,0.0,0.0,0.0,0.0,-14.0,-4.0,-1.0,-1.0,-2.0,-2.0,-2.0,-1.0,-1.0,0.0,0.0,-1.0,0.0,0.0,0.0,0.0,0.0,0.0,0.0,0.0,0.0,0.0,0.0,0.0,0.0,0.0,0.0,0.0,0.0,0.0,0.0,0.0,-14.0,-4.0,-1.0,-1.0,-2.0,-2.0,-2.0,-1.0,-1.0,0.0,0.0,-1.0,0.0,0.0,0.0,0.0
1964-12-14,0.0,0.0,0.0,0.0,0.0,0.0,0.0,0.0,0.0,0.0,0.0,0.0,0.0,0.0,0.0,0.0,-14.0,-4.0,-1.0,-1.0,-2.0,-2.0,-2.0,-1.0,-1.0,0.0,0.0,-1.0,0.0,0.0,0.0,0.0,0.0,0.0,0.0,0.0,0.0,0.0,0.0,0.0,0.0,0.0,0.0,0.0,0.0,0.0,0.0,0.0,-14.0,-4.0,-1.0,-1.0,-2.0,-2.0,-2.0,-1.0,-1.0,0.0,0.0,-1.0,0.0,0.0,0.0,0.0
1964-12-15,0.0,0.0,0.0,0.0,0.0,0.0,0.0,0.0,0.0,0.0,0.0,0.0,0.0,0.0,0.0,0.0,-14.0,-4.0,-1.0,-1.0,-2.0,-2.0,-2.0,-1.0,-1.0,0.0,0.0,-1.0,0.0,0.0,0.0,0.0,0.0,0.0,0.0,0.0,0.0,0.0,0.0,0.0,0.0,0.0,0.0,0.0,0.0,0.0,0.0,0.0,-14.0,-4.0,-1.0,-1.0,-2.0,-2.0,-2.0,-1.0,-1.0,0.0,0.0,-1.0,0.0,0.0,0.0,0.0
1964-12-16,0.0,0.0,0.0,0.0,0.0,0.0,0.0,0.0,0.0,0.0,0.0,0.0,0.0,0.0,0.0,0.0,-14.0,-4.0,-1.0,-1.0,-2.0,-2.0,-2.0,-1.0,-1.0,0.0,0.0,-1.0,0.0,0.0,0.0,0.0,0.0,0.0,0.0,0.0,0.0,0.0,0.0,0.0,0.0,0.0,0.0,0.0,0.0,0.0,0.0,0.0,-14.0,-4.0,-1.0,-1.0,-2.0,-2.0,-2.0,-1.0,-1.0,0.0,0.0,-1.0,0.0,0.0,0.0,0.0
1964-12-17,0.0,0.0,0.0,0.0,0.0,0.0,0.0,0.0,0.0,0.0,0.0,0.0,0.0,0.0,0.0,0.0,-14.0,-4.0,-1.0,-1.0,-2.0,-2.0,-2.0,-1.0,-1.0,0.0,0.0,-1.0,0.0,0.0,0.0,0.0,0.0,0.0,0.0,0.0,0.0,0.0,0.0,0.0,0.0,0.0,0.0,0.0,0.0,0.0,0.0,0.0,-14.0,-4.0,-1.0,-1.0,-2.0,-2.0,-2.0,-1.0,-1.0,0.0,0.0,-1.0,0.0,0.0,0.0,0.0
1964-12-18,0.0,0.0,0.0,0.0,0.0,0.0,0.0,0.0,0.0,0.0,0.0,0.0,0.0,0.0,0.0,0.0,-14.0,-4.0,-1.0,-1.0,-2.0,-2.0,-2.0,-1.0,-1.0,0.0,0.0,-1.0,0.0,0.0,0.0,0.0,0.0,0.0,0.0,0.0,0.0,0.0,0.0,0.0,0.0,0.0,0.0,0.0,0.0,0.0,0.0,0.0,-14.0,-4.0,-1.0,-1.0,-2.0,-2.0,-2.0,-1.0,-1.0,0.0,0.0,-1.0,0.0,0.0,0.0,0.0
1964-12-19,0.0,0.0,0.0,0.0,0.0,0.0,0.0,0.0,0.0,0.0,0.0,0.0,0.0,0.0,0.0,0.0,-14.0,-4.0,-1.0,-1.0,-2.0,-2.0,-2.0,-1.0,-1.0,0.0,0.0,-1.0,0.0,0.0,0.0,0.0,0.0,0.0,0.0,0.0,0.0,0.0,0.0,0.0,0.0,0.0,0.0,0.0,0.0,0.0,0.0,0.0,-14.0,-4.0,-1.0,-1.0,-2.0,-2.0,-2.0,-1.0,-1.0,0.0,0.0,-1.0,0.0,0.0,0.0,0.0
1964-12-20,0.0,0.0,0.0,0.0,0.0,0.0,0.0,0.0,0.0,0.0,0.0,0.0,0.0,0.0,0.0,0.0,-14.0,-4.0,-1.0,-1.0,-2.0,-2.0,-2.0,-1.0,-1.0,0.0,0.0,-1.0,0.0,0.0,0.0,0.0,0.0,0.0,0.0,0.0,0.0,0.0,0.0,0.0,0.0,0.0,0.0,0.0,0.0,0.0,0.0,0.0,-14.0,-4.0,-1.0,-1.0,-2.0,-2.0,-2.0,-1.0,-1.0,0.0,0.0,-1.0,0.0,0.0,0.0,0.0
1964-12-21,0.0,0.0,0.0,0.0,0.0,0.0,0.0,0.0,0.0,0.0,0.0,0.0,0.0,0.0,0.0,0.0,-14.0,-4.0,-1.0,-1.0,-2.0,-2.0,-2.0,-1.0,-1.0,0.0,0.0,-1.0,0.0,0.0,0.0,0.0,0.0,0.0,0.0,0.0,0.0,0.0,0.0,0.0,0.0,0.0,0.0,0.0,0.0,0.0,0.0,0.0,-14.0,-4.0,-1.0,-1.0,-2.0,-2.0,-2.0,-1.0,-1.0,0.0,0.0,-1.0,0.0,0.0,0.0,0.0
1964-12-22,0.0,0.0,0.0,0.0,0.0,0.0,0.0,0.0,0.0,0.0,0.0,0.0,0.0,0.0,0.0,0.0,-14.0,-4.0,-1.0,-1.0,-2.0,-2.0,-2.0,-1.0,-1.0,0.0,0.0,-1.0,0.0,0.0,0.0,0.0,0.0,0.0,0.0,0.0,0.0,0.0,0.0,0.0,0.0,0.0,0.0,0.0,0.0,0.0,0.0,0.0,-14.0,-4.0,-1.0,-1.0,-2.0,-2.0,-2.0,-1.0,-1.0,0.0,0.0,-1.0,0.0,0.0,0.0,0.0
1964-12-23,0.0,0.0,0.0,0.0,0.0,0.0,0.0,0.0,0.0,0.0,0.0,0.0,0.0,0.0,0.0,0.0,-14.0,-4.0,-1.0,-1.0,-2.0,-2.0,-2.0,-1.0,-1.0,0.0,0.0,-1.0,0.0,0.0,0.0,0.0,0.0,0.0,0.0,0.0,0.0,0.0,0.0,0.0,0.0,0.0,0.0,0.0,0.0,0.0,0.0,0.0,-14.0,-4.0,-1.0,-1.0,-2.0,-2.0,-2.0,-1.0,-1.0,0.0,0.0,-1.0,0.0,0.0,0.0,0.0
1964-12-24,0.0,0.0,0.0,0.0,0.0,0.0,0.0,0.0,0.0,0.0,0.0,0.0,0.0,0.0,0.0,0.0,-14.0,-4.0,-1.0,-1.0,-2.0,-2.0,-2.0,-1.0,-1.0,0.0,0.0,-1.0,0.0,0.0,0.0,0.0,0.0,0.0,0.0,0.0,0.0,0.0,0.0,0.0,0.0,0.0,0.0,0.0,0.0,0.0,0.0,0.0,-14.0,-4.0,-1.0,-1.0,-2.0,-2.0,-2.0,-1.0,-1.0,0.0,0.0,-1.0,0.0,0.0,0.0,0.0
1964-12-25,0.0,0.0,0.0,0.0,0.0,0.0,0.0,0.0,0.0,0.0,0.0,0.0,0.0,0.0,0.0,0.0,-14.0,-4.0,-1.0,-1.0,-2.0,-2.0,-2.0,-1.0,-1.0,0.0,0.0,-1.0,0.0,0.0,0.0,0.0,0.0,0.0,0.0,0.0,0.0,0.0,0.0,0.0,0.0,0.0,0.0,0.0,0.0,0.0,0.0,0.0,-14.0,-4.0,-1.0,-1.0,-2.0,-2.0,-2.0,-1.0,-1.0,0.0,0.0,-1.0,0.0,0.0,0.0,0.0
1964-12-26,0.0,0.0,0.0,0.0,0.0,0.0,0.0,0.0,0.0,0.0,0.0,0.0,0.0,0.0,0.0,0.0,-14.0,-4.0,-1.0,-1.0,-2.0,-2.0,-2.0,-1.0,-1.0,0.0,0.0,-1.0,0.0,0.0,0.0,0.0,0.0,0.0,0.0,0.0,0.0,0.0,0.0,0.0,0.0,0.0,0.0,0.0,0.0,0.0,0.0,0.0,-14.0,-4.0,-1.0,-1.0,-2.0,-2.0,-2.0,-1.0,-1.0,0.0,0.0,-1.0,0.0,0.0,0.0,0.0
1964-12-27,0.0,0.0,0.0,0.0,0.0,0.0,0.0,0.0,0.0,0.0,0.0,0.0,0.0,0.0,0.0,0.0,-14.0,-4.0,-1.0,-1.0,-2.0,-2.0,-2.0,-1.0,-1.0,0.0,0.0,-1.0,0.0,0.0,0.0,0.0,0.0,0.0,0.0,0.0,0.0,0.0,0.0,0.0,0.0,0.0,0.0,0.0,0.0,0.0,0.0,0.0,-14.0,-4.0,-1.0,-1.0,-2.0,-2.0,-2.0,-1.0,-1.0,0.0,0.0,-1.0,0.0,0.0,0.0,0.0
1964-12-28,0.0,0.0,0.0,0.0,0.0,0.0,0.0,0.0,0.0,0.0,0.0,0.0,0.0,0.0,0.0,0.0,-14.0,-4.0,-1.0,-1.0,-2.0,-2.0,-2.0,-1.0,-1.0,0.0,0.0,-1.0,0.0,0.0,0.0,0.0,0.0,0.0,0.0,0.0,0.0,0.0,0.0,0.0,0.0,0.0,0.0,0.0,0.0,0.0,0.0,0.0,-14.0,-4.0,-1.0,-1.0,-2.0,-2.0,-2.0,-1.0,-1.0,0.0,0.0,-1.0,0.0,0.0,0.0,0.0
1964-12-29,0.0,0.0,0.0,0.0,0.0,0.0,0.0,0.0,0.0,0.0,0.0,0.0,0.0,0.0,0.0,0.0,-14.0,-4.0,-1.0,-1.0,-2.0,-2.0,-2.0,-1.0,-1.0,0.0,0.0,-1.0,0.0,0.0,0.0,0.0,0.0,0.0,0.0,0.0,0.0,0.0,0.0,0.0,0.0,0.0,0.0,0.0,0.0,0.0,0.0,0.0,-14.0,-4.0,-1.0,-1.0,-2.0,-2.0,-2.0,-1.0,-1.0,0.0,0.0,-1.0,0.0,0.0,0.0,0.0
1964-12-30,0.0,0.0,0.0,0.0,0.0,0.0,0.0,0.0,0.0,0.0,0.0,0.0,0.0,0.0,0.0,0.0,-14.0,-4.0,-1.0,-1.0,-2.0,-2.0,-2.0,-1.0,-1.0,0.0,0.0,-1.0,0.0,0.0,0.0,0.0,0.0,0.0,0.0,0.0,0.0,0.0,0.0,0.0,0.0,0.0,0.0,0.0,0.0,0.0,0.0,0.0,-14.0,-4.0,-1.0,-1.0,-2.0,-2.0,-2.0,-1.0,-1.0,0.0,0.0,-1.0,0.0,0.0,0.0,0.0
1964-12-31,0.0,0.0,0.0,0.0,0.0,0.0,0.0,0.0,0.0,0.0,0.0,0.0,0.0,0.0,0.0,0.0,-14.0,-4.0,-1.0,-1.0,-2.0,-2.0,-2.0,-1.0,-1.0,0.0,0.0,-1.0,0.0,0.0,0.0,0.0,0.0,0.0,0.0,0.0,0.0,0.0,0.0,0.0,0.0,0.0,0.0,0.0,0.0,0.0,0.0,0.0,-14.0,-4.0,-1.0,-1.0,-2.0,-2.0,-2.0,-1.0,-1.0,0.0,0.0,-1.0,0.0,0.0,0.0,0.0
1965-01-01,0.0,0.0,0.0,0.0,0.0,0.0,0.0,0.0,0.0,0.0,0.0,0.0,0.0,0.0,0.0,0.0,-14.0,-4.0,-1.0,-1.0,-2.0,-2.0,-2.0,-1.0,-1.0,0.0,0.0,-1.0,0.0,0.0,0.0,0.0,0.0,0.0,0.0,0.0,0.0,0.0,0.0,0.0,0.0,0.0,0.0,0.0,0.0,0.0,0.0,0.0,-14.0,-4.0,-1.0,-1.0,-2.0,-2.0,-2.0,-1.0,-1.0,0.0,0.0,-1.0,0.0,0.0,0.0,0.0
1965-01-02,0.0,0.0,0.0,0.0,0.0,0.0,0.0,0.0,0.0,0.0,0.0,0.0,0.0,0.0,0.0,0.0,-14.0,-4.0,-1.0,-1.0,-2.0,-2.0,-2.0,-1.0,-1.0,0.0,0.0,-1.0,0.0,0.0,0.0,0.0,0.0,0.0,0.0,0.0,0.0,0.0,0.0,0.0,0.0,0.0,0.0,0.0,0.0,0.0,0.0,0.0,-14.0,-4.0,-1.0,-1.0,-2.0,-2.0,-2.0,-1.0,-1.0,0.0,0.0,-1.0,0.0,0.0,0.0,0.0
1965-01-03,0.0,0.0,0.0,0.0,0.0,0.0,0.0,0.0,0.0,0.0,0.0,0.0,0.0,0.0,0.0,0.0,-14.0,-4.0,-1.0,-1.0,-2.0,-2.0,-2.0,-1.0,-1.0,0.0,0.0,-1.0,0.0,0.0,0.0,0.0,0.0,0.0,0.0,0.0,0.0,0.0,0.0,0.0,0.0,0.0,0.0,0.0,0.0,0.0,0.0,0.0,-14.0,-4.0,-1.0,-1.0,-2.0,-2.0,-2.0,-1.0,-1.0,0.0,0.0,-1.0,0.0,0.0,0.0,0.0
1965-01-04,0.0,0.0,0.0,0.0,0.0,0.0,0.0,0.0,0.0,0.0,0.0,0.0,0.0,0.0,0.0,0.0,-14.0,-4.0,-1.0,-1.0,-2.0,-2.0,-2.0,-1.0,-1.0,0.0,0.0,-1.0,0.0,0.0,0.0,0.0,0.0,0.0,0.0,0.0,0.0,0.0,0.0,0.0,0.0,0.0,0.0,0.0,0.0,0.0,0.0,0.0,-14.0,-4.0,-1.0,-1.0,-2.0,-2.0,-2.0,-1.0,-1.0,0.0,0.0,-1.0,0.0,0.0,0.0,0.0
1965-01-05,0.0,0.0,0.0,0.0,0.0,0.0,0.0,0.0,0.0,0.0,0.0,0.0,0.0,0.0,0.0,0.0,-14.0,-4.0,-1.0,-1.0,-2.0,-2.0,-2.0,-1.0,-1.0,0.0,0.0,-1.0,0.0,0.0,0.0,0.0,0.0,0.0,0.0,0.0,0.0,0.0,0.0,0.0,0.0,0.0,0.0,0.0,0.0,0.0,0.0,0.0,-14.0,-4.0,-1.0,-1.0,-2.0,-2.0,-2.0,-1.0,-1.0,0.0,0.0,-1.0,0.0,0.0,0.0,0.0
1965-01-06,0.0,0.0,0.0,0.0,0.0,0.0,0.0,0.0,0.0,0.0,0.0,0.0,0.0,0.0,0.0,0.0,-14.0,-4.0,-1.0,-1.0,-2.0,-2.0,-2.0,-1.0,-1.0,0.0,0.0,-1.0,0.0,0.0,0.0,0.0,0.0,0.0,0.0,0.0,0.0,0.0,0.0,0.0,0.0,0.0,0.0,0.0,0.0,0.0,0.0,0.0,-14.0,-4.0,-1.0,-1.0,-2.0,-2.0,-2.0,-1.0,-1.0,0.0,0.0,-1.0,0.0,0.0,0.0,0.0
1965-01-07,0.0,0.0,0.0,0.0,0.0,0.0,0.0,0.0,0.0,0.0,0.0,0.0,0.0,0.0,0.0,0.0,-14.0,-4.0,-1.0,-1.0,-2.0,-2.0,-2.0,-1.0,-1.0,0.0,0.0,-1.0,0.0,0.0,0.0,0.0,0.0,0.0,0.0,0.0,0.0,0.0,0.0,0.0,0.0,0.0,0.0,0.0,0.0,0.0,0.0,0.0,-14.0,-4.0,-1.0,-1.0,-2.0,-2.0,-2.0,-1.0,-1.0,0.0,0.0,-1.0,0.0,0.0,0.0,0.0
1965-01-08,0.0,0.0,0.0,0.0,0.0,0.0,0.0,0.0,0.0,0.0,0.0,0.0,0.0,0.0,0.0,0.0,-14.0,-4.0,-1.0,-1.0,-2.0,-2.0,-2.0,-1.0,-1.0,0.0,0.0,-1.0,0.0,0.0,0.0,0.0,0.0,0.0,0.0,0.0,0.0,0.0,0.0,0.0,0.0,0.0,0.0,0.0,0.0,0.0,0.0,0.0,-14.0,-4.0,-1.0,-1.0,-2.0,-2.0,-2.0,-1.0,-1.0,0.0,0.0,-1.0,0.0,0.0,0.0,0.0
1965-01-09,0.0,0.0,0.0,0.0,0.0,0.0,0.0,0.0,0.0,0.0,0.0,0.0,0.0,0.0,0.0,0.0,-14.0,-4.0,-1.0,-1.0,-2.0,-2.0,-2.0,-1.0,-1.0,0.0,0.0,-1.0,0.0,0.0,0.0,0.0,0.0,0.0,0.0,0.0,0.0,0.0,0.0,0.0,0.0,0.0,0.0,0.0,0.0,0.0,0.0,0.0,-14.0,-4.0,-1.0,-1.0,-2.0,-2.0,-2.0,-1.0,-1.0,0.0,0.0,-1.0,0.0,0.0,0.0,0.0
1965-01-10,0.0,0.0,0.0,0.0,0.0,0.0,0.0,0.0,0.0,0.0,0.0,0.0,0.0,0.0,0.0,0.0,-14.0,-4.0,-1.0,-1.0,-2.0,-2.0,-2.0,-1.0,-1.0,0.0,0.0,-1.0,0.0,0.0,0.0,0.0,0.0,0.0,0.0,0.0,0.0,0.0,0.0,0.0,0.0,0.0,0.0,0.0,0.0,0.0,0.0,0.0,-14.0,-4.0,-1.0,-1.0,-2.0,-2.0,-2.0,-1.0,-1.0,0.0,0.0,-1.0,0.0,0.0,0.0,0.0
1965-01-11,0.0,0.0,0.0,0.0,0.0,0.0,0.0,0.0,0.0,0.0,0.0,0.0,0.0,0.0,0.0,0.0,-14.0,-4.0,-1.0,-1.0,-2.0,-2.0,-2.0,-1.0,-1.0,0.0,0.0,-1.0,0.0,0.0,0.0,0.0,0.0,0.0,0.0,0.0,0.0,0.0,0.0,0.0,0.0,0.0,0.0,0.0,0.0,0.0,0.0,0.0,-14.0,-4.0,-1.0,-1.0,-2.0,-2.0,-2.0,-1.0,-1.0,0.0,0.0,-1.0,0.0,0.0,0.0,0.0
1965-01-12,0.0,0.0,0.0,0.0,0.0,0.0,0.0,0.0,0.0,0.0,0.0,0.0,0.0,0.0,0.0,0.0,-14.0,-4.0,-1.0,-1.0,-2.0,-2.0,-2.0,-1.0,-1.0,0.0,0.0,-1.0,0.0,0.0,0.0,0.0,0.0,0.0,0.0,0.0,0.0,0.0,0.0,0.0,0.0,0.0,0.0,0.0,0.0,0.0,0.0,0.0,-14.0,-4.0,-1.0,-1.0,-2.0,-2.0,-2.0,-1.0,-1.0,0.0,0.0,-1.0,0.0,0.0,0.0,0.0
1965-01-13,0.0,0.0,0.0,0.0,0.0,0.0,0.0,0.0,0.0,0.0,0.0,0.0,0.0,0.0,0.0,0.0,-14.0,-4.0,-1.0,-1.0,-2.0,-2.0,-2.0,-1.0,-1.0,0.0,0.0,-1.0,0.0,0.0,0.0,0.0,0.0,0.0,0.0,0.0,0.0,0.0,0.0,0.0,0.0,0.0,0.0,0.0,0.0,0.0,0.0,0.0,-14.0,-4.0,-1.0,-1.0,-2.0,-2.0,-2.0,-1.0,-1.0,0.0,0.0,-1.0,0.0,0.0,0.0,0.0
1965-01-14,0.0,0.0,0.0,0.0,0.0,0.0,0.0,0.0,0.0,0.0,0.0,0.0,0.0,0.0,0.0,0.0,-14.0,-4.0,-1.0,-1.0,-2.0,-2.0,-2.0,-1.0,-1.0,0.0,0.0,-1.0,0.0,0.0,0.0,0.0,0.0,0.0,0.0,0.0,0.0,0.0,0.0,0.0,0.0,0.0,0.0,0.0,0.0,0.0,0.0,0.0,-14.0,-4.0,-1.0,-1.0,-2.0,-2.0,-2.0,-1.0,-1.0,0.0,0.0,-1.0,0.0,0.0,0.0,0.0
1965-01-15,0.0,0.0,0.0,0.0,0.0,0.0,0.0,0.0,0.0,0.0,0.0,0.0,0.0,0.0,0.0,0.0,-14.0,-4.0,-1.0,-1.0,-2.0,-2.0,-2.0,-1.0,-1.0,0.0,0.0,-1.0,0.0,0.0,0.0,0.0,0.0,0.0,0.0,0.0,0.0,0.0,0.0,0.0,0.0,0.0,0.0,0.0,0.0,0.0,0.0,0.0,-14.0,-4.0,-1.0,-1.0,-2.0,-2.0,-2.0,-1.0,-1.0,0.0,0.0,-1.0,0.0,0.0,0.0,0.0
1965-01-16,0.0,0.0,0.0,0.0,0.0,0.0,0.0,0.0,0.0,0.0,0.0,0.0,0.0,0.0,0.0,0.0,-14.0,-4.0,-1.0,-1.0,-2.0,-2.0,-2.0,-1.0,-1.0,0.0,0.0,-1.0,0.0,0.0,0.0,0.0,0.0,0.0,0.0,0.0,0.0,0.0,0.0,0.0,0.0,0.0,0.0,0.0,0.0,0.0,0.0,0.0,-14.0,-4.0,-1.0,-1.0,-2.0,-2.0,-2.0,-1.0,-1.0,0.0,0.0,-1.0,0.0,0.0,0.0,0.0
1965-01-17,0.0,0.0,0.0,0.0,0.0,0.0,0.0,0.0,0.0,0.0,0.0,0.0,0.0,0.0,0.0,0.0,-14.0,-4.0,-1.0,-1.0,-2.0,-2.0,-2.0,-1.0,-1.0,0.0,0.0,-1.0,0.0,0.0,0.0,0.0,0.0,0.0,0.0,0.0,0.0,0.0,0.0,0.0,0.0,0.0,0.0,0.0,0.0,0.0,0.0,0.0,-14.0,-4.0,-1.0,-1.0,-2.0,-2.0,-2.0,-1.0,-1.0,0.0,0.0,-1.0,0.0,0.0,0.0,0.0
1965-01-18,0.0,0.0,0.0,0.0,0.0,0.0,0.0,0.0,0.0,0.0,0.0,0.0,0.0,0.0,0.0,0.0,-14.0,-4.0,-1.0,-1.0,-2.0,-2.0,-2.0,-1.0,-1.0,0.0,0.0,-1.0,0.0,0.0,0.0,0.0,0.0,0.0,0.0,0.0,0.0,0.0,0.0,0.0,0.0,0.0,0.0,0.0,0.0,0.0,0.0,0.0,-14.0,-4.0,-1.0,-1.0,-2.0,-2.0,-2.0,-1.0,-1.0,0.0,0.0,-1.0,0.0,0.0,0.0,0.0
1965-01-19,0.0,0.0,0.0,0.0,0.0,0.0,0.0,0.0,0.0,0.0,0.0,0.0,0.0,0.0,0.0,0.0,-14.0,-4.0,-1.0,-1.0,-2.0,-2.0,-2.0,-1.0,-1.0,0.0,0.0,-1.0,0.0,0.0,0.0,0.0,0.0,0.0,0.0,0.0,0.0,0.0,0.0,0.0,0.0,0.0,0.0,0.0,0.0,0.0,0.0,0.0,-14.0,-4.0,-1.0,-1.0,-2.0,-2.0,-2.0,-1.0,-1.0,0.0,0.0,-1.0,0.0,0.0,0.0,0.0
1965-01-20,0.0,0.0,0.0,0.0,0.0,0.0,0.0,0.0,0.0,0.0,0.0,0.0,0.0,0.0,0.0,0.0,-14.0,-4.0,-1.0,-1.0,-2.0,-2.0,-2.0,-1.0,-1.0,0.0,0.0,-1.0,0.0,0.0,0.0,0.0,0.0,0.0,0.0,0.0,0.0,0.0,0.0,0.0,0.0,0.0,0.0,0.0,0.0,0.0,0.0,0.0,-14.0,-4.0,-1.0,-1.0,-2.0,-2.0,-2.0,-1.0,-1.0,0.0,0.0,-1.0,0.0,0.0,0.0,0.0
1965-01-21,0.0,0.0,0.0,0.0,0.0,0.0,0.0,0.0,0.0,0.0,0.0,0.0,0.0,0.0,0.0,0.0,-14.0,-4.0,-1.0,-1.0,-2.0,-2.0,-2.0,-1.0,-1.0,0.0,0.0,-1.0,0.0,0.0,0.0,0.0,0.0,0.0,0.0,0.0,0.0,0.0,0.0,0.0,0.0,0.0,0.0,0.0,0.0,0.0,0.0,0.0,-14.0,-4.0,-1.0,-1.0,-2.0,-2.0,-2.0,-1.0,-1.0,0.0,0.0,-1.0,0.0,0.0,0.0,0.0
1965-01-22,0.0,0.0,0.0,0.0,0.0,0.0,0.0,0.0,0.0,0.0,0.0,0.0,0.0,0.0,0.0,0.0,-14.0,-4.0,-1.0,-1.0,-2.0,-2.0,-2.0,-1.0,-1.0,0.0,0.0,-1.0,0.0,0.0,0.0,0.0,0.0,0.0,0.0,0.0,0.0,0.0,0.0,0.0,0.0,0.0,0.0,0.0,0.0,0.0,0.0,0.0,-14.0,-4.0,-1.0,-1.0,-2.0,-2.0,-2.0,-1.0,-1.0,0.0,0.0,-1.0,0.0,0.0,0.0,0.0
1965-01-23,0.0,0.0,0.0,0.0,0.0,0.0,0.0,0.0,0.0,0.0,0.0,0.0,0.0,0.0,0.0,0.0,-14.0,-4.0,-1.0,-1.0,-2.0,-2.0,-2.0,-1.0,-1.0,0.0,0.0,-1.0,0.0,0.0,0.0,0.0,0.0,0.0,0.0,0.0,0.0,0.0,0.0,0.0,0.0,0.0,0.0,0.0,0.0,0.0,0.0,0.0,-14.0,-4.0,-1.0,-1.0,-2.0,-2.0,-2.0,-1.0,-1.0,0.0,0.0,-1.0,0.0,0.0,0.0,0.0
1965-01-24,0.0,0.0,0.0,0.0,0.0,0.0,0.0,0.0,0.0,0.0,0.0,0.0,0.0,0.0,0.0,0.0,-14.0,-4.0,-1.0,-1.0,-2.0,-2.0,-2.0,-1.0,-1.0,0.0,0.0,-1.0,0.0,0.0,0.0,0.0,0.0,0.0,0.0,0.0,0.0,0.0,0.0,0.0,0.0,0.0,0.0,0.0,0.0,0.0,0.0,0.0,-14.0,-4.0,-1.0,-1.0,-2.0,-2.0,-2.0,-1.0,-1.0,0.0,0.0,-1.0,0.0,0.0,0.0,0.0
1965-01-25,0.0,0.0,0.0,0.0,0.0,0.0,0.0,0.0,0.0,0.0,0.0,0.0,0.0,0.0,0.0,0.0,-14.0,-4.0,-1.0,-1.0,-2.0,-2.0,-2.0,-1.0,-1.0,0.0,0.0,-1.0,0.0,0.0,0.0,0.0,0.0,0.0,0.0,0.0,0.0,0.0,0.0,0.0,0.0,0.0,0.0,0.0,0.0,0.0,0.0,0.0,-14.0,-4.0,-1.0,-1.0,-2.0,-2.0,-2.0,-1.0,-1.0,0.0,0.0,-1.0,0.0,0.0,0.0,0.0
1965-01-26,0.0,0.0,0.0,0.0,0.0,0.0,0.0,0.0,0.0,0.0,0.0,0.0,0.0,0.0,0.0,0.0,-14.0,-4.0,-1.0,-1.0,-2.0,-2.0,-2.0,-1.0,-1.0,0.0,0.0,-1.0,0.0,0.0,0.0,0.0,0.0,0.0,0.0,0.0,0.0,0.0,0.0,0.0,0.0,0.0,0.0,0.0,0.0,0.0,0.0,0.0,-14.0,-4.0,-1.0,-1.0,-2.0,-2.0,-2.0,-1.0,-1.0,0.0,0.0,-1.0,0.0,0.0,0.0,0.0
1965-01-27,0.0,0.0,0.0,0.0,0.0,0.0,0.0,0.0,0.0,0.0,0.0,0.0,0.0,0.0,0.0,0.0,-14.0,-4.0,-1.0,-1.0,-2.0,-2.0,-2.0,-1.0,-1.0,0.0,0.0,-1.0,0.0,0.0,0.0,0.0,0.0,0.0,0.0,0.0,0.0,0.0,0.0,0.0,0.0,0.0,0.0,0.0,0.0,0.0,0.0,0.0,-14.0,-4.0,-1.0,-1.0,-2.0,-2.0,-2.0,-1.0,-1.0,0.0,0.0,-1.0,0.0,0.0,0.0,0.0
1965-01-28,0.0,0.0,0.0,0.0,0.0,0.0,0.0,0.0,0.0,0.0,0.0,0.0,0.0,0.0,0.0,0.0,-14.0,-4.0,-1.0,-1.0,-2.0,-2.0,-2.0,-1.0,-1.0,0.0,0.0,-1.0,0.0,0.0,0.0,0.0,0.0,0.0,0.0,0.0,0.0,0.0,0.0,0.0,0.0,0.0,0.0,0.0,0.0,0.0,0.0,0.0,-14.0,-4.0,-1.0,-1.0,-2.0,-2.0,-2.0,-1.0,-1.0,0.0,0.0,-1.0,0.0,0.0,0.0,0.0
1965-01-29,0.0,0.0,0.0,0.0,0.0,0.0,0.0,0.0,0.0,0.0,0.0,0.0,0.0,0.0,0.0,0.0,-14.0,-4.0,-1.0,-1.0,-2.0,-2.0,-2.0,-1.0,-1.0,0.0,0.0,-1.0,0.0,0.0,0.0,0.0,0.0,0.0,0.0,0.0,0.0,0.0,0.0,0.0,0.0,0.0,0.0,0.0,0.0,0.0,0.0,0.0,-14.0,-4.0,-1.0,-1.0,-2.0,-2.0,-2.0,-1.0,-1.0,0.0,0.0,-1.0,0.0,0.0,0.0,0.0
1965-01-30,0.0,0.0,0.0,0.0,0.0,0.0,0.0,0.0,0.0,0.0,0.0,0.0,0.0,0.0,0.0,0.0,-14.0,-4.0,-1.0,-1.0,-2.0,-2.0,-2.0,-1.0,-1.0,0.0,0.0,-1.0,0.0,0.0,0.0,0.0,0.0,0.0,0.0,0.0,0.0,0.0,0.0,0.0,0.0,0.0,0.0,0.0,0.0,0.0,0.0,0.0,-14.0,-4.0,-1.0,-1.0,-2.0,-2.0,-2.0,-1.0,-1.0,0.0,0.0,-1.0,0.0,0.0,0.0,0.0
1965-01-31,0.0,0.0,0.0,0.0,0.0,0.0,0.0,0.0,0.0,0.0,0.0,0.0,0.0,0.0,0.0,0.0,-14.0,-4.0,-1.0,-1.0,-2.0,-2.0,-2.0,-1.0,-1.0,0.0,0.0,-1.0,0.0,0.0,0.0,0.0,0.0,0.0,0.0,0.0,0.0,0.0,0.0,0.0,0.0,0.0,0.0,0.0,0.0,0.0,0.0,0.0,-14.0,-4.0,-1.0,-1.0,-2.0,-2.0,-2.0,-1.0,-1.0,0.0,0.0,-1.0,0.0,0.0,0.0,0.0
1965-02-01,0.0,0.0,0.0,0.0,0.0,0.0,0.0,0.0,0.0,0.0,0.0,0.0,0.0,0.0,0.0,0.0,-14.0,-4.0,-1.0,-1.0,-2.0,-2.0,-2.0,-1.0,-1.0,0.0,0.0,-1.0,0.0,0.0,0.0,0.0,0.0,0.0,0.0,0.0,0.0,0.0,0.0,0.0,0.0,0.0,0.0,0.0,0.0,0.0,0.0,0.0,-14.0,-4.0,-1.0,-1.0,-2.0,-2.0,-2.0,-1.0,-1.0,0.0,0.0,-1.0,0.0,0.0,0.0,0.0
1965-02-02,0.0,0.0,0.0,0.0,0.0,0.0,0.0,0.0,0.0,0.0,0.0,0.0,0.0,0.0,0.0,0.0,-14.0,-4.0,-1.0,-1.0,-2.0,-2.0,-2.0,-1.0,-1.0,0.0,0.0,-1.0,0.0,0.0,0.0,0.0,0.0,0.0,0.0,0.0,0.0,0.0,0.0,0.0,0.0,0.0,0.0,0.0,0.0,0.0,0.0,0.0,-14.0,-4.0,-1.0,-1.0,-2.0,-2.0,-2.0,-1.0,-1.0,0.0,0.0,-1.0,0.0,0.0,0.0,0.0
1965-02-03,0.0,0.0,0.0,0.0,0.0,0.0,0.0,0.0,0.0,0.0,0.0,0.0,0.0,0.0,0.0,0.0,-14.0,-4.0,-1.0,-1.0,-2.0,-2.0,-2.0,-1.0,-1.0,0.0,0.0,-1.0,0.0,0.0,0.0,0.0,0.0,0.0,0.0,0.0,0.0,0.0,0.0,0.0,0.0,0.0,0.0,0.0,0.0,0.0,0.0,0.0,-14.0,-4.0,-1.0,-1.0,-2.0,-2.0,-2.0,-1.0,-1.0,0.0,0.0,-1.0,0.0,0.0,0.0,0.0
1965-02-04,0.0,0.0,0.0,0.0,0.0,0.0,0.0,0.0,0.0,0.0,0.0,0.0,0.0,0.0,0.0,0.0,-14.0,-4.0,-1.0,-1.0,-2.0,-2.0,-2.0,-1.0,-1.0,0.0,0.0,-1.0,0.0,0.0,0.0,0.0,0.0,0.0,0.0,0.0,0.0,0.0,0.0,0.0,0.0,0.0,0.0,0.0,0.0,0.0,0.0,0.0,-14.0,-4.0,-1.0,-1.0,-2.0,-2.0,-2.0,-1.0,-1.0,0.0,0.0,-1.0,0.0,0.0,0.0,0.0
1965-02-05,0.0,0.0,0.0,0.0,0.0,0.0,0.0,0.0,0.0,0.0,0.0,0.0,0.0,0.0,0.0,0.0,-14.0,-4.0,-1.0,-1.0,-2.0,-2.0,-2.0,-1.0,-1.0,0.0,0.0,-1.0,0.0,0.0,0.0,0.0,0.0,0.0,0.0,0.0,0.0,0.0,0.0,0.0,0.0,0.0,0.0,0.0,0.0,0.0,0.0,0.0,-14.0,-4.0,-1.0,-1.0,-2.0,-2.0,-2.0,-1.0,-1.0,0.0,0.0,-1.0,0.0,0.0,0.0,0.0
1965-02-06,0.0,0.0,0.0,0.0,0.0,0.0,0.0,0.0,0.0,0.0,0.0,0.0,0.0,0.0,0.0,0.0,-14.0,-4.0,-1.0,-1.0,-2.0,-2.0,-2.0,-1.0,-1.0,0.0,0.0,-1.0,0.0,0.0,0.0,0.0,0.0,0.0,0.0,0.0,0.0,0.0,0.0,0.0,0.0,0.0,0.0,0.0,0.0,0.0,0.0,0.0,-14.0,-4.0,-1.0,-1.0,-2.0,-2.0,-2.0,-1.0,-1.0,0.0,0.0,-1.0,0.0,0.0,0.0,0.0
1965-02-07,0.0,0.0,0.0,0.0,0.0,0.0,0.0,0.0,0.0,0.0,0.0,0.0,0.0,0.0,0.0,0.0,-14.0,-4.0,-1.0,-1.0,-2.0,-2.0,-2.0,-1.0,-1.0,0.0,0.0,-1.0,0.0,0.0,0.0,0.0,0.0,0.0,0.0,0.0,0.0,0.0,0.0,0.0,0.0,0.0,0.0,0.0,0.0,0.0,0.0,0.0,-14.0,-4.0,-1.0,-1.0,-2.0,-2.0,-2.0,-1.0,-1.0,0.0,0.0,-1.0,0.0,0.0,0.0,0.0
1965-02-08,0.0,0.0,0.0,0.0,0.0,0.0,0.0,0.0,0.0,0.0,0.0,0.0,0.0,0.0,0.0,0.0,-14.0,-4.0,-1.0,-1.0,-2.0,-2.0,-2.0,-1.0,-1.0,0.0,0.0,-1.0,0.0,0.0,0.0,0.0,0.0,0.0,0.0,0.0,0.0,0.0,0.0,0.0,0.0,0.0,0.0,0.0,0.0,0.0,0.0,0.0,-14.0,-4.0,-1.0,-1.0,-2.0,-2.0,-2.0,-1.0,-1.0,0.0,0.0,-1.0,0.0,0.0,0.0,0.0
1965-02-09,0.0,0.0,0.0,0.0,0.0,0.0,0.0,0.0,0.0,0.0,0.0,0.0,0.0,0.0,0.0,0.0,-14.0,-4.0,-1.0,-1.0,-2.0,-2.0,-2.0,-1.0,-1.0,0.0,0.0,-1.0,0.0,0.0,0.0,0.0,0.0,0.0,0.0,0.0,0.0,0.0,0.0,0.0,0.0,0.0,0.0,0.0,0.0,0.0,0.0,0.0,-14.0,-4.0,-1.0,-1.0,-2.0,-2.0,-2.0,-1.0,-1.0,0.0,0.0,-1.0,0.0,0.0,0.0,0.0
1965-02-10,0.0,0.0,0.0,0.0,0.0,0.0,0.0,0.0,0.0,0.0,0.0,0.0,0.0,0.0,0.0,0.0,-14.0,-4.0,-1.0,-1.0,-2.0,-2.0,-2.0,-1.0,-1.0,0.0,0.0,-1.0,0.0,0.0,0.0,0.0,0.0,0.0,0.0,0.0,0.0,0.0,0.0,0.0,0.0,0.0,0.0,0.0,0.0,0.0,0.0,0.0,-14.0,-4.0,-1.0,-1.0,-2.0,-2.0,-2.0,-1.0,-1.0,0.0,0.0,-1.0,0.0,0.0,0.0,0.0
1965-02-11,0.0,0.0,0.0,0.0,0.0,0.0,0.0,0.0,0.0,0.0,0.0,0.0,0.0,0.0,0.0,0.0,-14.0,-4.0,-1.0,-1.0,-2.0,-2.0,-2.0,-1.0,-1.0,0.0,0.0,-1.0,0.0,0.0,0.0,0.0,0.0,0.0,0.0,0.0,0.0,0.0,0.0,0.0,0.0,0.0,0.0,0.0,0.0,0.0,0.0,0.0,-14.0,-4.0,-1.0,-1.0,-2.0,-2.0,-2.0,-1.0,-1.0,0.0,0.0,-1.0,0.0,0.0,0.0,0.0
1965-02-12,0.0,0.0,0.0,0.0,0.0,0.0,0.0,0.0,0.0,0.0,0.0,0.0,0.0,0.0,0.0,0.0,-14.0,-4.0,-1.0,-1.0,-2.0,-2.0,-2.0,-1.0,-1.0,0.0,0.0,-1.0,0.0,0.0,0.0,0.0,0.0,0.0,0.0,0.0,0.0,0.0,0.0,0.0,0.0,0.0,0.0,0.0,0.0,0.0,0.0,0.0,-14.0,-4.0,-1.0,-1.0,-2.0,-2.0,-2.0,-1.0,-1.0,0.0,0.0,-1.0,0.0,0.0,0.0,0.0
1965-02-13,0.0,0.0,0.0,0.0,0.0,0.0,0.0,0.0,0.0,0.0,0.0,0.0,0.0,0.0,0.0,0.0,-14.0,-4.0,-1.0,-1.0,-2.0,-2.0,-2.0,-1.0,-1.0,0.0,0.0,-1.0,0.0,0.0,0.0,0.0,0.0,0.0,0.0,0.0,0.0,0.0,0.0,0.0,0.0,0.0,0.0,0.0,0.0,0.0,0.0,0.0,-14.0,-4.0,-1.0,-1.0,-2.0,-2.0,-2.0,-1.0,-1.0,0.0,0.0,-1.0,0.0,0.0,0.0,0.0
1965-02-14,0.0,0.0,0.0,0.0,0.0,0.0,0.0,0.0,0.0,0.0,0.0,0.0,0.0,0.0,0.0,0.0,-14.0,-4.0,-1.0,-1.0,-2.0,-2.0,-2.0,-1.0,-1.0,0.0,0.0,-1.0,0.0,0.0,0.0,0.0,0.0,0.0,0.0,0.0,0.0,0.0,0.0,0.0,0.0,0.0,0.0,0.0,0.0,0.0,0.0,0.0,-14.0,-4.0,-1.0,-1.0,-2.0,-2.0,-2.0,-1.0,-1.0,0.0,0.0,-1.0,0.0,0.0,0.0,0.0
1965-02-15,0.0,0.0,0.0,0.0,0.0,0.0,0.0,0.0,0.0,0.0,0.0,0.0,0.0,0.0,0.0,0.0,-14.0,-4.0,-1.0,-1.0,-2.0,-2.0,-2.0,-1.0,-1.0,0.0,0.0,-1.0,0.0,0.0,0.0,0.0,0.0,0.0,0.0,0.0,0.0,0.0,0.0,0.0,0.0,0.0,0.0,0.0,0.0,0.0,0.0,0.0,-14.0,-4.0,-1.0,-1.0,-2.0,-2.0,-2.0,-1.0,-1.0,0.0,0.0,-1.0,0.0,0.0,0.0,0.0
1965-02-16,0.0,0.0,0.0,0.0,0.0,0.0,0.0,0.0,0.0,0.0,0.0,0.0,0.0,0.0,0.0,0.0,-14.0,-4.0,-1.0,-1.0,-2.0,-2.0,-2.0,-1.0,-1.0,0.0,0.0,-1.0,0.0,0.0,0.0,0.0,0.0,0.0,0.0,0.0,0.0,0.0,0.0,0.0,0.0,0.0,0.0,0.0,0.0,0.0,0.0,0.0,-14.0,-4.0,-1.0,-1.0,-2.0,-2.0,-2.0,-1.0,-1.0,0.0,0.0,-1.0,0.0,0.0,0.0,0.0
1965-02-17,0.0,0.0,0.0,0.0,0.0,0.0,0.0,0.0,0.0,0.0,0.0,0.0,0.0,0.0,0.0,0.0,-14.0,-4.0,-1.0,-1.0,-2.0,-2.0,-2.0,-1.0,-1.0,0.0,0.0,-1.0,0.0,0.0,0.0,0.0,0.0,0.0,0.0,0.0,0.0,0.0,0.0,0.0,0.0,0.0,0.0,0.0,0.0,0.0,0.0,0.0,-14.0,-4.0,-1.0,-1.0,-2.0,-2.0,-2.0,-1.0,-1.0,0.0,0.0,-1.0,0.0,0.0,0.0,0.0
1965-02-18,0.0,0.0,0.0,0.0,0.0,0.0,0.0,0.0,0.0,0.0,0.0,0.0,0.0,0.0,0.0,0.0,-14.0,-4.0,-1.0,-1.0,-2.0,-2.0,-2.0,-1.0,-1.0,0.0,0.0,-1.0,0.0,0.0,0.0,0.0,0.0,0.0,0.0,0.0,0.0,0.0,0.0,0.0,0.0,0.0,0.0,0.0,0.0,0.0,0.0,0.0,-14.0,-4.0,-1.0,-1.0,-2.0,-2.0,-2.0,-1.0,-1.0,0.0,0.0,-1.0,0.0,0.0,0.0,0.0
1965-02-19,0.0,0.0,0.0,0.0,0.0,0.0,0.0,0.0,0.0,0.0,0.0,0.0,0.0,0.0,0.0,0.0,-14.0,-4.0,-1.0,-1.0,-2.0,-2.0,-2.0,-1.0,-1.0,0.0,0.0,-1.0,0.0,0.0,0.0,0.0,0.0,0.0,0.0,0.0,0.0,0.0,0.0,0.0,0.0,0.0,0.0,0.0,0.0,0.0,0.0,0.0,-14.0,-4.0,-1.0,-1.0,-2.0,-2.0,-2.0,-1.0,-1.0,0.0,0.0,-1.0,0.0,0.0,0.0,0.0
1965-02-20,0.0,0.0,0.0,0.0,0.0,0.0,0.0,0.0,0.0,0.0,0.0,0.0,0.0,0.0,0.0,0.0,-14.0,-4.0,-1.0,-1.0,-2.0,-2.0,-2.0,-1.0,-1.0,0.0,0.0,-1.0,0.0,0.0,0.0,0.0,0.0,0.0,0.0,0.0,0.0,0.0,0.0,0.0,0.0,0.0,0.0,0.0,0.0,0.0,0.0,0.0,-14.0,-4.0,-1.0,-1.0,-2.0,-2.0,-2.0,-1.0,-1.0,0.0,0.0,-1.0,0.0,0.0,0.0,0.0
1965-02-21,0.0,0.0,0.0,0.0,0.0,0.0,0.0,0.0,0.0,0.0,0.0,0.0,0.0,0.0,0.0,0.0,-14.0,-4.0,-1.0,-1.0,-2.0,-2.0,-2.0,-1.0,-1.0,0.0,0.0,-1.0,0.0,0.0,0.0,0.0,0.0,0.0,0.0,0.0,0.0,0.0,0.0,0.0,0.0,0.0,0.0,0.0,0.0,0.0,0.0,0.0,-14.0,-4.0,-1.0,-1.0,-2.0,-2.0,-2.0,-1.0,-1.0,0.0,0.0,-1.0,0.0,0.0,0.0,0.0
1965-02-22,0.0,0.0,0.0,0.0,0.0,0.0,0.0,0.0,0.0,0.0,0.0,0.0,0.0,0.0,0.0,0.0,-14.0,-4.0,-1.0,-1.0,-2.0,-2.0,-2.0,-1.0,-1.0,0.0,0.0,-1.0,0.0,0.0,0.0,0.0,0.0,0.0,0.0,0.0,0.0,0.0,0.0,0.0,0.0,0.0,0.0,0.0,0.0,0.0,0.0,0.0,-14.0,-4.0,-1.0,-1.0,-2.0,-2.0,-2.0,-1.0,-1.0,0.0,0.0,-1.0,0.0,0.0,0.0,0.0
1965-02-23,0.0,0.0,0.0,0.0,0.0,0.0,0.0,0.0,0.0,0.0,0.0,0.0,0.0,0.0,0.0,0.0,-14.0,-4.0,-1.0,-1.0,-2.0,-2.0,-2.0,-1.0,-1.0,0.0,0.0,-1.0,0.0,0.0,0.0,0.0,0.0,0.0,0.0,0.0,0.0,0.0,0.0,0.0,0.0,0.0,0.0,0.0,0.0,0.0,0.0,0.0,-14.0,-4.0,-1.0,-1.0,-2.0,-2.0,-2.0,-1.0,-1.0,0.0,0.0,-1.0,0.0,0.0,0.0,0.0
1965-02-24,0.0,0.0,0.0,0.0,0.0,0.0,0.0,0.0,0.0,0.0,0.0,0.0,0.0,0.0,0.0,0.0,-14.0,-4.0,-1.0,-1.0,-2.0,-2.0,-2.0,-1.0,-1.0,0.0,0.0,-1.0,0.0,0.0,0.0,0.0,0.0,0.0,0.0,0.0,0.0,0.0,0.0,0.0,0.0,0.0,0.0,0.0,0.0,0.0,0.0,0.0,-14.0,-4.0,-1.0,-1.0,-2.0,-2.0,-2.0,-1.0,-1.0,0.0,0.0,-1.0,0.0,0.0,0.0,0.0
1965-02-25,0.0,0.0,0.0,0.0,0.0,0.0,0.0,0.0,0.0,0.0,0.0,0.0,0.0,0.0,0.0,0.0,-14.0,-4.0,-1.0,-1.0,-2.0,-2.0,-2.0,-1.0,-1.0,0.0,0.0,-1.0,0.0,0.0,0.0,0.0,0.0,0.0,0.0,0.0,0.0,0.0,0.0,0.0,0.0,0.0,0.0,0.0,0.0,0.0,0.0,0.0,-14.0,-4.0,-1.0,-1.0,-2.0,-2.0,-2.0,-1.0,-1.0,0.0,0.0,-1.0,0.0,0.0,0.0,0.0
1965-02-26,0.0,0.0,0.0,0.0,0.0,0.0,0.0,0.0,0.0,0.0,0.0,0.0,0.0,0.0,0.0,0.0,-14.0,-4.0,-1.0,-1.0,-2.0,-2.0,-2.0,-1.0,-1.0,0.0,0.0,-1.0,0.0,0.0,0.0,0.0,0.0,0.0,0.0,0.0,0.0,0.0,0.0,0.0,0.0,0.0,0.0,0.0,0.0,0.0,0.0,0.0,-14.0,-4.0,-1.0,-1.0,-2.0,-2.0,-2.0,-1.0,-1.0,0.0,0.0,-1.0,0.0,0.0,0.0,0.0
1965-02-27,0.0,0.0,0.0,0.0,0.0,0.0,0.0,0.0,0.0,0.0,0.0,0.0,0.0,0.0,0.0,0.0,-14.0,-4.0,-1.0,-1.0,-2.0,-2.0,-2.0,-1.0,-1.0,0.0,0.0,-1.0,0.0,0.0,0.0,0.0,0.0,0.0,0.0,0.0,0.0,0.0,0.0,0.0,0.0,0.0,0.0,0.0,0.0,0.0,0.0,0.0,-14.0,-4.0,-1.0,-1.0,-2.0,-2.0,-2.0,-1.0,-1.0,0.0,0.0,-1.0,0.0,0.0,0.0,0.0
1965-02-28,0.0,0.0,0.0,0.0,0.0,0.0,0.0,0.0,0.0,0.0,0.0,0.0,0.0,0.0,0.0,0.0,-14.0,-4.0,-1.0,-1.0,-2.0,-2.0,-2.0,-1.0,-1.0,0.0,0.0,-1.0,0.0,0.0,0.0,0.0,0.0,0.0,0.0,0.0,0.0,0.0,0.0,0.0,0.0,0.0,0.0,0.0,0.0,0.0,0.0,0.0,-14.0,-4.0,-1.0,-1.0,-2.0,-2.0,-2.0,-1.0,-1.0,0.0,0.0,-1.0,0.0,0.0,0.0,0.0
1965-03-01,0.0,0.0,0.0,0.0,0.0,0.0,0.0,0.0,0.0,0.0,0.0,0.0,0.0,0.0,0.0,0.0,-14.0,-4.0,-1.0,-1.0,-2.0,-2.0,-2.0,-1.0,-1.0,0.0,0.0,-1.0,0.0,0.0,0.0,0.0,0.0,0.0,0.0,0.0,0.0,0.0,0.0,0.0,0.0,0.0,0.0,0.0,0.0,0.0,0.0,0.0,-14.0,-4.0,-1.0,-1.0,-2.0,-2.0,-2.0,-1.0,-1.0,0.0,0.0,-1.0,0.0,0.0,0.0,0.0
1965-03-02,0.0,0.0,0.0,0.0,0.0,0.0,0.0,0.0,0.0,0.0,0.0,0.0,0.0,0.0,0.0,0.0,-14.0,-4.0,-1.0,-1.0,-2.0,-2.0,-2.0,-1.0,-1.0,0.0,0.0,-1.0,0.0,0.0,0.0,0.0,0.0,0.0,0.0,0.0,0.0,0.0,0.0,0.0,0.0,0.0,0.0,0.0,0.0,0.0,0.0,0.0,-14.0,-4.0,-1.0,-1.0,-2.0,-2.0,-2.0,-1.0,-1.0,0.0,0.0,-1.0,0.0,0.0,0.0,0.0
1965-03-03,0.0,0.0,0.0,0.0,0.0,0.0,0.0,0.0,0.0,0.0,0.0,0.0,0.0,0.0,0.0,0.0,-14.0,-4.0,-1.0,-1.0,-2.0,-2.0,-2.0,-1.0,-1.0,0.0,0.0,-1.0,0.0,0.0,0.0,0.0,0.0,0.0,0.0,0.0,0.0,0.0,0.0,0.0,0.0,0.0,0.0,0.0,0.0,0.0,0.0,0.0,-14.0,-4.0,-1.0,-1.0,-2.0,-2.0,-2.0,-1.0,-1.0,0.0,0.0,-1.0,0.0,0.0,0.0,0.0
1965-03-04,0.0,0.0,0.0,0.0,0.0,0.0,0.0,0.0,0.0,0.0,0.0,0.0,0.0,0.0,0.0,0.0,-14.0,-4.0,-1.0,-1.0,-2.0,-2.0,-2.0,-1.0,-1.0,0.0,0.0,-1.0,0.0,0.0,0.0,0.0,0.0,0.0,0.0,0.0,0.0,0.0,0.0,0.0,0.0,0.0,0.0,0.0,0.0,0.0,0.0,0.0,-14.0,-4.0,-1.0,-1.0,-2.0,-2.0,-2.0,-1.0,-1.0,0.0,0.0,-1.0,0.0,0.0,0.0,0.0
1965-03-05,0.0,0.0,0.0,0.0,0.0,0.0,0.0,0.0,0.0,0.0,0.0,0.0,0.0,0.0,0.0,0.0,-14.0,-4.0,-1.0,-1.0,-2.0,-2.0,-2.0,-1.0,-1.0,0.0,0.0,-1.0,0.0,0.0,0.0,0.0,0.0,0.0,0.0,0.0,0.0,0.0,0.0,0.0,0.0,0.0,0.0,0.0,0.0,0.0,0.0,0.0,-14.0,-4.0,-1.0,-1.0,-2.0,-2.0,-2.0,-1.0,-1.0,0.0,0.0,-1.0,0.0,0.0,0.0,0.0
1965-03-06,0.0,0.0,0.0,0.0,0.0,0.0,0.0,0.0,0.0,0.0,0.0,0.0,0.0,0.0,0.0,0.0,-14.0,-4.0,-1.0,-1.0,-2.0,-2.0,-2.0,-1.0,-1.0,0.0,0.0,-1.0,0.0,0.0,0.0,0.0,0.0,0.0,0.0,0.0,0.0,0.0,0.0,0.0,0.0,0.0,0.0,0.0,0.0,0.0,0.0,0.0,-14.0,-4.0,-1.0,-1.0,-2.0,-2.0,-2.0,-1.0,-1.0,0.0,0.0,-1.0,0.0,0.0,0.0,0.0
1965-03-07,0.0,0.0,0.0,0.0,0.0,0.0,0.0,0.0,0.0,0.0,0.0,0.0,0.0,0.0,0.0,0.0,-14.0,-4.0,-1.0,-1.0,-2.0,-2.0,-2.0,-1.0,-1.0,0.0,0.0,-1.0,0.0,0.0,0.0,0.0,0.0,0.0,0.0,0.0,0.0,0.0,0.0,0.0,0.0,0.0,0.0,0.0,0.0,0.0,0.0,0.0,-14.0,-4.0,-1.0,-1.0,-2.0,-2.0,-2.0,-1.0,-1.0,0.0,0.0,-1.0,0.0,0.0,0.0,0.0
1965-03-08,0.0,0.0,0.0,0.0,0.0,0.0,0.0,0.0,0.0,0.0,0.0,0.0,0.0,0.0,0.0,0.0,-14.0,-4.0,-1.0,-1.0,-2.0,-2.0,-2.0,-1.0,-1.0,0.0,0.0,-1.0,0.0,0.0,0.0,0.0,0.0,0.0,0.0,0.0,0.0,0.0,0.0,0.0,0.0,0.0,0.0,0.0,0.0,0.0,0.0,0.0,-14.0,-4.0,-1.0,-1.0,-2.0,-2.0,-2.0,-1.0,-1.0,0.0,0.0,-1.0,0.0,0.0,0.0,0.0
1965-03-09,0.0,0.0,0.0,0.0,0.0,0.0,0.0,0.0,0.0,0.0,0.0,0.0,0.0,0.0,0.0,0.0,-14.0,-4.0,-1.0,-1.0,-2.0,-2.0,-2.0,-1.0,-1.0,0.0,0.0,-1.0,0.0,0.0,0.0,0.0,0.0,0.0,0.0,0.0,0.0,0.0,0.0,0.0,0.0,0.0,0.0,0.0,0.0,0.0,0.0,0.0,-14.0,-4.0,-1.0,-1.0,-2.0,-2.0,-2.0,-1.0,-1.0,0.0,0.0,-1.0,0.0,0.0,0.0,0.0
1965-03-10,0.0,0.0,0.0,0.0,0.0,0.0,0.0,0.0,0.0,0.0,0.0,0.0,0.0,0.0,0.0,0.0,-14.0,-4.0,-1.0,-1.0,-2.0,-2.0,-2.0,-1.0,-1.0,0.0,0.0,-1.0,0.0,0.0,0.0,0.0,0.0,0.0,0.0,0.0,0.0,0.0,0.0,0.0,0.0,0.0,0.0,0.0,0.0,0.0,0.0,0.0,-14.0,-4.0,-1.0,-1.0,-2.0,-2.0,-2.0,-1.0,-1.0,0.0,0.0,-1.0,0.0,0.0,0.0,0.0
1965-03-11,0.0,0.0,0.0,0.0,0.0,0.0,0.0,0.0,0.0,0.0,0.0,0.0,0.0,0.0,0.0,0.0,-14.0,-4.0,-1.0,-1.0,-2.0,-2.0,-2.0,-1.0,-1.0,0.0,0.0,-1.0,0.0,0.0,0.0,0.0,0.0,0.0,0.0,0.0,0.0,0.0,0.0,0.0,0.0,0.0,0.0,0.0,0.0,0.0,0.0,0.0,-14.0,-4.0,-1.0,-1.0,-2.0,-2.0,-2.0,-1.0,-1.0,0.0,0.0,-1.0,0.0,0.0,0.0,0.0
1965-03-12,0.0,0.0,0.0,0.0,0.0,0.0,0.0,0.0,0.0,0.0,0.0,0.0,0.0,0.0,0.0,0.0,-14.0,-4.0,-1.0,-1.0,-2.0,-2.0,-2.0,-1.0,-1.0,0.0,0.0,-1.0,0.0,0.0,0.0,0.0,0.0,0.0,0.0,0.0,0.0,0.0,0.0,0.0,0.0,0.0,0.0,0.0,0.0,0.0,0.0,0.0,-14.0,-4.0,-1.0,-1.0,-2.0,-2.0,-2.0,-1.0,-1.0,0.0,0.0,-1.0,0.0,0.0,0.0,0.0
1965-03-13,0.0,0.0,0.0,0.0,0.0,0.0,0.0,0.0,0.0,0.0,0.0,0.0,0.0,0.0,0.0,0.0,-14.0,-4.0,-1.0,-1.0,-2.0,-2.0,-2.0,-1.0,-1.0,0.0,0.0,-1.0,0.0,0.0,0.0,0.0,0.0,0.0,0.0,0.0,0.0,0.0,0.0,0.0,0.0,0.0,0.0,0.0,0.0,0.0,0.0,0.0,-14.0,-4.0,-1.0,-1.0,-2.0,-2.0,-2.0,-1.0,-1.0,0.0,0.0,-1.0,0.0,0.0,0.0,0.0
1965-03-14,0.0,0.0,0.0,0.0,0.0,0.0,0.0,0.0,0.0,0.0,0.0,0.0,0.0,0.0,0.0,0.0,-14.0,-4.0,-1.0,-1.0,-2.0,-2.0,-2.0,-1.0,-1.0,0.0,0.0,-1.0,0.0,0.0,0.0,0.0,0.0,0.0,0.0,0.0,0.0,0.0,0.0,0.0,0.0,0.0,0.0,0.0,0.0,0.0,0.0,0.0,-14.0,-4.0,-1.0,-1.0,-2.0,-2.0,-2.0,-1.0,-1.0,0.0,0.0,-1.0,0.0,0.0,0.0,0.0
1965-03-15,0.0,0.0,0.0,0.0,0.0,0.0,0.0,0.0,0.0,0.0,0.0,0.0,0.0,0.0,0.0,0.0,-14.0,-4.0,-1.0,-1.0,-2.0,-2.0,-2.0,-1.0,-1.0,0.0,0.0,-1.0,0.0,0.0,0.0,0.0,0.0,0.0,0.0,0.0,0.0,0.0,0.0,0.0,0.0,0.0,0.0,0.0,0.0,0.0,0.0,0.0,-14.0,-4.0,-1.0,-1.0,-2.0,-2.0,-2.0,-1.0,-1.0,0.0,0.0,-1.0,0.0,0.0,0.0,0.0
1965-03-16,0.0,0.0,0.0,0.0,0.0,0.0,0.0,0.0,0.0,0.0,0.0,0.0,0.0,0.0,0.0,0.0,-14.0,-4.0,-1.0,-1.0,-2.0,-2.0,-2.0,-1.0,-1.0,0.0,0.0,-1.0,0.0,0.0,0.0,0.0,0.0,0.0,0.0,0.0,0.0,0.0,0.0,0.0,0.0,0.0,0.0,0.0,0.0,0.0,0.0,0.0,-14.0,-4.0,-1.0,-1.0,-2.0,-2.0,-2.0,-1.0,-1.0,0.0,0.0,-1.0,0.0,0.0,0.0,0.0
1965-03-17,0.0,0.0,0.0,0.0,0.0,0.0,0.0,0.0,0.0,0.0,0.0,0.0,0.0,0.0,0.0,0.0,-14.0,-4.0,-1.0,-1.0,-2.0,-2.0,-2.0,-1.0,-1.0,0.0,0.0,-1.0,0.0,0.0,0.0,0.0,0.0,0.0,0.0,0.0,0.0,0.0,0.0,0.0,0.0,0.0,0.0,0.0,0.0,0.0,0.0,0.0,-14.0,-4.0,-1.0,-1.0,-2.0,-2.0,-2.0,-1.0,-1.0,0.0,0.0,-1.0,0.0,0.0,0.0,0.0
1965-03-18,0.0,0.0,0.0,0.0,0.0,0.0,0.0,0.0,0.0,0.0,0.0,0.0,0.0,0.0,0.0,0.0,-14.0,-4.0,-1.0,-1.0,-2.0,-2.0,-2.0,-1.0,-1.0,0.0,0.0,-1.0,0.0,0.0,0.0,0.0,0.0,0.0,0.0,0.0,0.0,0.0,0.0,0.0,0.0,0.0,0.0,0.0,0.0,0.0,0.0,0.0,-14.0,-4.0,-1.0,-1.0,-2.0,-2.0,-2.0,-1.0,-1.0,0.0,0.0,-1.0,0.0,0.0,0.0,0.0
1965-03-19,0.0,0.0,0.0,0.0,0.0,0.0,0.0,0.0,0.0,0.0,0.0,0.0,0.0,0.0,0.0,0.0,-14.0,-4.0,-1.0,-1.0,-2.0,-2.0,-2.0,-1.0,-1.0,0.0,0.0,-1.0,0.0,0.0,0.0,0.0,0.0,0.0,0.0,0.0,0.0,0.0,0.0,0.0,0.0,0.0,0.0,0.0,0.0,0.0,0.0,0.0,-14.0,-4.0,-1.0,-1.0,-2.0,-2.0,-2.0,-1.0,-1.0,0.0,0.0,-1.0,0.0,0.0,0.0,0.0
1965-03-20,0.0,0.0,0.0,0.0,0.0,0.0,0.0,0.0,0.0,0.0,0.0,0.0,0.0,0.0,0.0,0.0,-14.0,-4.0,-1.0,-1.0,-2.0,-2.0,-2.0,-1.0,-1.0,0.0,0.0,-1.0,0.0,0.0,0.0,0.0,0.0,0.0,0.0,0.0,0.0,0.0,0.0,0.0,0.0,0.0,0.0,0.0,0.0,0.0,0.0,0.0,-14.0,-4.0,-1.0,-1.0,-2.0,-2.0,-2.0,-1.0,-1.0,0.0,0.0,-1.0,0.0,0.0,0.0,0.0
1965-03-21,0.0,0.0,0.0,0.0,0.0,0.0,0.0,0.0,0.0,0.0,0.0,0.0,0.0,0.0,0.0,0.0,-14.0,-4.0,-1.0,-1.0,-2.0,-2.0,-2.0,-1.0,-1.0,0.0,0.0,-1.0,0.0,0.0,0.0,0.0,0.0,0.0,0.0,0.0,0.0,0.0,0.0,0.0,0.0,0.0,0.0,0.0,0.0,0.0,0.0,0.0,-14.0,-4.0,-1.0,-1.0,-2.0,-2.0,-2.0,-1.0,-1.0,0.0,0.0,-1.0,0.0,0.0,0.0,0.0
1965-03-22,0.0,0.0,0.0,0.0,0.0,0.0,0.0,0.0,0.0,0.0,0.0,0.0,0.0,0.0,0.0,0.0,-14.0,-4.0,-1.0,-1.0,-2.0,-2.0,-2.0,-1.0,-1.0,0.0,0.0,-1.0,0.0,0.0,0.0,0.0,0.0,0.0,0.0,0.0,0.0,0.0,0.0,0.0,0.0,0.0,0.0,0.0,0.0,0.0,0.0,0.0,-14.0,-4.0,-1.0,-1.0,-2.0,-2.0,-2.0,-1.0,-1.0,0.0,0.0,-1.0,0.0,0.0,0.0,0.0
1965-03-23,0.0,0.0,0.0,0.0,0.0,0.0,0.0,0.0,0.0,0.0,0.0,0.0,0.0,0.0,0.0,0.0,-14.0,-4.0,-1.0,-1.0,-2.0,-2.0,-2.0,-1.0,-1.0,0.0,0.0,-1.0,0.0,0.0,0.0,0.0,0.0,0.0,0.0,0.0,0.0,0.0,0.0,0.0,0.0,0.0,0.0,0.0,0.0,0.0,0.0,0.0,-14.0,-4.0,-1.0,-1.0,-2.0,-2.0,-2.0,-1.0,-1.0,0.0,0.0,-1.0,0.0,0.0,0.0,0.0
1965-03-24,0.0,0.0,0.0,0.0,0.0,0.0,0.0,0.0,0.0,0.0,0.0,0.0,0.0,0.0,0.0,0.0,-14.0,-4.0,-1.0,-1.0,-2.0,-2.0,-2.0,-1.0,-1.0,0.0,0.0,-1.0,0.0,0.0,0.0,0.0,0.0,0.0,0.0,0.0,0.0,0.0,0.0,0.0,0.0,0.0,0.0,0.0,0.0,0.0,0.0,0.0,-14.0,-4.0,-1.0,-1.0,-2.0,-2.0,-2.0,-1.0,-1.0,0.0,0.0,-1.0,0.0,0.0,0.0,0.0
1965-03-25,0.0,0.0,0.0,0.0,0.0,0.0,0.0,0.0,0.0,0.0,0.0,0.0,0.0,0.0,0.0,0.0,-14.0,-4.0,-1.0,-1.0,-2.0,-2.0,-2.0,-1.0,-1.0,0.0,0.0,-1.0,0.0,0.0,0.0,0.0,0.0,0.0,0.0,0.0,0.0,0.0,0.0,0.0,0.0,0.0,0.0,0.0,0.0,0.0,0.0,0.0,-14.0,-4.0,-1.0,-1.0,-2.0,-2.0,-2.0,-1.0,-1.0,0.0,0.0,-1.0,0.0,0.0,0.0,0.0
1965-03-26,0.0,0.0,0.0,0.0,0.0,0.0,0.0,0.0,0.0,0.0,0.0,0.0,0.0,0.0,0.0,0.0,-14.0,-4.0,-1.0,-1.0,-2.0,-2.0,-2.0,-1.0,-1.0,0.0,0.0,-1.0,0.0,0.0,0.0,0.0,0.0,0.0,0.0,0.0,0.0,0.0,0.0,0.0,0.0,0.0,0.0,0.0,0.0,0.0,0.0,0.0,-14.0,-4.0,-1.0,-1.0,-2.0,-2.0,-2.0,-1.0,-1.0,0.0,0.0,-1.0,0.0,0.0,0.0,0.0
1965-03-27,0.0,0.0,0.0,0.0,0.0,0.0,0.0,0.0,0.0,0.0,0.0,0.0,0.0,0.0,0.0,0.0,-14.0,-4.0,-1.0,-1.0,-2.0,-2.0,-2.0,-1.0,-1.0,0.0,0.0,-1.0,0.0,0.0,0.0,0.0,0.0,0.0,0.0,0.0,0.0,0.0,0.0,0.0,0.0,0.0,0.0,0.0,0.0,0.0,0.0,0.0,-14.0,-4.0,-1.0,-1.0,-2.0,-2.0,-2.0,-1.0,-1.0,0.0,0.0,-1.0,0.0,0.0,0.0,0.0
1965-03-28,0.0,0.0,0.0,0.0,0.0,0.0,0.0,0.0,0.0,0.0,0.0,0.0,0.0,0.0,0.0,0.0,-14.0,-4.0,-1.0,-1.0,-2.0,-2.0,-2.0,-1.0,-1.0,0.0,0.0,-1.0,0.0,0.0,0.0,0.0,0.0,0.0,0.0,0.0,0.0,0.0,0.0,0.0,0.0,0.0,0.0,0.0,0.0,0.0,0.0,0.0,-14.0,-4.0,-1.0,-1.0,-2.0,-2.0,-2.0,-1.0,-1.0,0.0,0.0,-1.0,0.0,0.0,0.0,0.0
1965-03-29,0.0,0.0,0.0,0.0,0.0,0.0,0.0,0.0,0.0,0.0,0.0,0.0,0.0,0.0,0.0,0.0,-14.0,-4.0,-1.0,-1.0,-2.0,-2.0,-2.0,-1.0,-1.0,0.0,0.0,-1.0,0.0,0.0,0.0,0.0,0.0,0.0,0.0,0.0,0.0,0.0,0.0,0.0,0.0,0.0,0.0,0.0,0.0,0.0,0.0,0.0,-14.0,-4.0,-1.0,-1.0,-2.0,-2.0,-2.0,-1.0,-1.0,0.0,0.0,-1.0,0.0,0.0,0.0,0.0
1965-03-30,0.0,0.0,0.0,0.0,0.0,0.0,0.0,0.0,0.0,0.0,0.0,0.0,0.0,0.0,0.0,0.0,-14.0,-4.0,-1.0,-1.0,-2.0,-2.0,-2.0,-1.0,-1.0,0.0,0.0,-1.0,0.0,0.0,0.0,0.0,0.0,0.0,0.0,0.0,0.0,0.0,0.0,0.0,0.0,0.0,0.0,0.0,0.0,0.0,0.0,0.0,-14.0,-4.0,-1.0,-1.0,-2.0,-2.0,-2.0,-1.0,-1.0,0.0,0.0,-1.0,0.0,0.0,0.0,0.0
1965-03-31,0.0,0.0,0.0,0.0,0.0,0.0,0.0,0.0,0.0,0.0,0.0,0.0,0.0,0.0,0.0,0.0,-14.0,-4.0,-1.0,-1.0,-2.0,-2.0,-2.0,-1.0,-1.0,0.0,0.0,-1.0,0.0,0.0,0.0,0.0,0.0,0.0,0.0,0.0,0.0,0.0,0.0,0.0,0.0,0.0,0.0,0.0,0.0,0.0,0.0,0.0,-14.0,-4.0,-1.0,-1.0,-2.0,-2.0,-2.0,-1.0,-1.0,0.0,0.0,-1.0,0.0,0.0,0.0,0.0
1965-04-01,0.0,0.0,0.0,0.0,0.0,0.0,0.0,0.0,0.0,0.0,0.0,0.0,0.0,0.0,0.0,0.0,-14.0,-4.0,-1.0,-1.0,-2.0,-2.0,-2.0,-1.0,-1.0,0.0,0.0,-1.0,0.0,0.0,0.0,0.0,0.0,0.0,0.0,0.0,0.0,0.0,0.0,0.0,0.0,0.0,0.0,0.0,0.0,0.0,0.0,0.0,-14.0,-4.0,-1.0,-1.0,-2.0,-2.0,-2.0,-1.0,-1.0,0.0,0.0,-1.0,0.0,0.0,0.0,0.0
1965-04-02,0.0,0.0,0.0,0.0,0.0,0.0,0.0,0.0,0.0,0.0,0.0,0.0,0.0,0.0,0.0,0.0,-14.0,-4.0,-1.0,-1.0,-2.0,-2.0,-2.0,-1.0,-1.0,0.0,0.0,-1.0,0.0,0.0,0.0,0.0,0.0,0.0,0.0,0.0,0.0,0.0,0.0,0.0,0.0,0.0,0.0,0.0,0.0,0.0,0.0,0.0,-14.0,-4.0,-1.0,-1.0,-2.0,-2.0,-2.0,-1.0,-1.0,0.0,0.0,-1.0,0.0,0.0,0.0,0.0
1965-04-03,0.0,0.0,0.0,0.0,0.0,0.0,0.0,0.0,0.0,0.0,0.0,0.0,0.0,0.0,0.0,0.0,-14.0,-4.0,-1.0,-1.0,-2.0,-2.0,-2.0,-1.0,-1.0,0.0,0.0,-1.0,0.0,0.0,0.0,0.0,0.0,0.0,0.0,0.0,0.0,0.0,0.0,0.0,0.0,0.0,0.0,0.0,0.0,0.0,0.0,0.0,-14.0,-4.0,-1.0,-1.0,-2.0,-2.0,-2.0,-1.0,-1.0,0.0,0.0,-1.0,0.0,0.0,0.0,0.0
1965-04-04,0.0,0.0,0.0,0.0,0.0,0.0,0.0,0.0,0.0,0.0,0.0,0.0,0.0,0.0,0.0,0.0,-14.0,-4.0,-1.0,-1.0,-2.0,-2.0,-2.0,-1.0,-1.0,0.0,0.0,-1.0,0.0,0.0,0.0,0.0,0.0,0.0,0.0,0.0,0.0,0.0,0.0,0.0,0.0,0.0,0.0,0.0,0.0,0.0,0.0,0.0,-14.0,-4.0,-1.0,-1.0,-2.0,-2.0,-2.0,-1.0,-1.0,0.0,0.0,-1.0,0.0,0.0,0.0,0.0
1965-04-05,0.0,0.0,0.0,0.0,0.0,0.0,0.0,0.0,0.0,0.0,0.0,0.0,0.0,0.0,0.0,0.0,-14.0,-4.0,-1.0,-1.0,-2.0,-2.0,-2.0,-1.0,-1.0,0.0,0.0,-1.0,0.0,0.0,0.0,0.0,0.0,0.0,0.0,0.0,0.0,0.0,0.0,0.0,0.0,0.0,0.0,0.0,0.0,0.0,0.0,0.0,-14.0,-4.0,-1.0,-1.0,-2.0,-2.0,-2.0,-1.0,-1.0,0.0,0.0,-1.0,0.0,0.0,0.0,0.0
1965-04-06,0.0,0.0,0.0,0.0,0.0,0.0,0.0,0.0,0.0,0.0,0.0,0.0,0.0,0.0,0.0,0.0,-14.0,-4.0,-1.0,-1.0,-2.0,-2.0,-2.0,-1.0,-1.0,0.0,0.0,-1.0,0.0,0.0,0.0,0.0,0.0,0.0,0.0,0.0,0.0,0.0,0.0,0.0,0.0,0.0,0.0,0.0,0.0,0.0,0.0,0.0,-14.0,-4.0,-1.0,-1.0,-2.0,-2.0,-2.0,-1.0,-1.0,0.0,0.0,-1.0,0.0,0.0,0.0,0.0
1965-04-07,0.0,0.0,0.0,0.0,0.0,0.0,0.0,0.0,0.0,0.0,0.0,0.0,0.0,0.0,0.0,0.0,-14.0,-4.0,-1.0,-1.0,-2.0,-2.0,-2.0,-1.0,-1.0,0.0,0.0,-1.0,0.0,0.0,0.0,0.0,0.0,0.0,0.0,0.0,0.0,0.0,0.0,0.0,0.0,0.0,0.0,0.0,0.0,0.0,0.0,0.0,-14.0,-4.0,-1.0,-1.0,-2.0,-2.0,-2.0,-1.0,-1.0,0.0,0.0,-1.0,0.0,0.0,0.0,0.0
1965-04-08,0.0,0.0,0.0,0.0,0.0,0.0,0.0,0.0,0.0,0.0,0.0,0.0,0.0,0.0,0.0,0.0,-14.0,-4.0,-1.0,-1.0,-2.0,-2.0,-2.0,-1.0,-1.0,0.0,0.0,-1.0,0.0,0.0,0.0,0.0,0.0,0.0,0.0,0.0,0.0,0.0,0.0,0.0,0.0,0.0,0.0,0.0,0.0,0.0,0.0,0.0,-14.0,-4.0,-1.0,-1.0,-2.0,-2.0,-2.0,-1.0,-1.0,0.0,0.0,-1.0,0.0,0.0,0.0,0.0
1965-04-09,0.0,0.0,0.0,0.0,0.0,0.0,0.0,0.0,0.0,0.0,0.0,0.0,0.0,0.0,0.0,0.0,-14.0,-4.0,-1.0,-1.0,-2.0,-2.0,-2.0,-1.0,-1.0,0.0,0.0,-1.0,0.0,0.0,0.0,0.0,0.0,0.0,0.0,0.0,0.0,0.0,0.0,0.0,0.0,0.0,0.0,0.0,0.0,0.0,0.0,0.0,-14.0,-4.0,-1.0,-1.0,-2.0,-2.0,-2.0,-1.0,-1.0,0.0,0.0,-1.0,0.0,0.0,0.0,0.0
1965-04-10,0.0,0.0,0.0,0.0,0.0,0.0,0.0,0.0,0.0,0.0,0.0,0.0,0.0,0.0,0.0,0.0,-14.0,-4.0,-1.0,-1.0,-2.0,-2.0,-2.0,-1.0,-1.0,0.0,0.0,-1.0,0.0,0.0,0.0,0.0,0.0,0.0,0.0,0.0,0.0,0.0,0.0,0.0,0.0,0.0,0.0,0.0,0.0,0.0,0.0,0.0,-14.0,-4.0,-1.0,-1.0,-2.0,-2.0,-2.0,-1.0,-1.0,0.0,0.0,-1.0,0.0,0.0,0.0,0.0
1965-04-11,0.0,0.0,0.0,0.0,0.0,0.0,0.0,0.0,0.0,0.0,0.0,0.0,0.0,0.0,0.0,0.0,-14.0,-4.0,-1.0,-1.0,-2.0,-2.0,-2.0,-1.0,-1.0,0.0,0.0,-1.0,0.0,0.0,0.0,0.0,0.0,0.0,0.0,0.0,0.0,0.0,0.0,0.0,0.0,0.0,0.0,0.0,0.0,0.0,0.0,0.0,-14.0,-4.0,-1.0,-1.0,-2.0,-2.0,-2.0,-1.0,-1.0,0.0,0.0,-1.0,0.0,0.0,0.0,0.0
1965-04-12,0.0,0.0,0.0,0.0,0.0,0.0,0.0,0.0,0.0,0.0,0.0,0.0,0.0,0.0,0.0,0.0,-14.0,-4.0,-1.0,-1.0,-2.0,-2.0,-2.0,-1.0,-1.0,0.0,0.0,-1.0,0.0,0.0,0.0,0.0,0.0,0.0,0.0,0.0,0.0,0.0,0.0,0.0,0.0,0.0,0.0,0.0,0.0,0.0,0.0,0.0,-14.0,-4.0,-1.0,-1.0,-2.0,-2.0,-2.0,-1.0,-1.0,0.0,0.0,-1.0,0.0,0.0,0.0,0.0
1965-04-13,0.0,0.0,0.0,0.0,0.0,0.0,0.0,0.0,0.0,0.0,0.0,0.0,0.0,0.0,0.0,0.0,-14.0,-4.0,-1.0,-1.0,-2.0,-2.0,-2.0,-1.0,-1.0,0.0,0.0,-1.0,0.0,0.0,0.0,0.0,0.0,0.0,0.0,0.0,0.0,0.0,0.0,0.0,0.0,0.0,0.0,0.0,0.0,0.0,0.0,0.0,-14.0,-4.0,-1.0,-1.0,-2.0,-2.0,-2.0,-1.0,-1.0,0.0,0.0,-1.0,0.0,0.0,0.0,0.0
1965-04-14,0.0,0.0,0.0,0.0,0.0,0.0,0.0,0.0,0.0,0.0,0.0,0.0,0.0,0.0,0.0,0.0,-14.0,-4.0,-1.0,-1.0,-2.0,-2.0,-2.0,-1.0,-1.0,0.0,0.0,-1.0,0.0,0.0,0.0,0.0,0.0,0.0,0.0,0.0,0.0,0.0,0.0,0.0,0.0,0.0,0.0,0.0,0.0,0.0,0.0,0.0,-14.0,-4.0,-1.0,-1.0,-2.0,-2.0,-2.0,-1.0,-1.0,0.0,0.0,-1.0,0.0,0.0,0.0,0.0
1965-04-15,0.0,0.0,0.0,0.0,0.0,0.0,0.0,0.0,0.0,0.0,0.0,0.0,0.0,0.0,0.0,0.0,-14.0,-4.0,-1.0,-1.0,-2.0,-2.0,-2.0,-1.0,-1.0,0.0,0.0,-1.0,0.0,0.0,0.0,0.0,0.0,0.0,0.0,0.0,0.0,0.0,0.0,0.0,0.0,0.0,0.0,0.0,0.0,0.0,0.0,0.0,-14.0,-4.0,-1.0,-1.0,-2.0,-2.0,-2.0,-1.0,-1.0,0.0,0.0,-1.0,0.0,0.0,0.0,0.0
1965-04-16,0.0,0.0,0.0,0.0,0.0,0.0,0.0,0.0,0.0,0.0,0.0,0.0,0.0,0.0,0.0,0.0,-14.0,-4.0,-1.0,-1.0,-2.0,-2.0,-2.0,-1.0,-1.0,0.0,0.0,-1.0,0.0,0.0,0.0,0.0,0.0,0.0,0.0,0.0,0.0,0.0,0.0,0.0,0.0,0.0,0.0,0.0,0.0,0.0,0.0,0.0,-14.0,-4.0,-1.0,-1.0,-2.0,-2.0,-2.0,-1.0,-1.0,0.0,0.0,-1.0,0.0,0.0,0.0,0.0
1965-04-17,0.0,0.0,0.0,0.0,0.0,0.0,0.0,0.0,0.0,0.0,0.0,0.0,0.0,0.0,0.0,0.0,-14.0,-4.0,-1.0,-1.0,-2.0,-2.0,-2.0,-1.0,-1.0,0.0,0.0,-1.0,0.0,0.0,0.0,0.0,0.0,0.0,0.0,0.0,0.0,0.0,0.0,0.0,0.0,0.0,0.0,0.0,0.0,0.0,0.0,0.0,-14.0,-4.0,-1.0,-1.0,-2.0,-2.0,-2.0,-1.0,-1.0,0.0,0.0,-1.0,0.0,0.0,0.0,0.0
1965-04-18,0.0,0.0,0.0,0.0,0.0,0.0,0.0,0.0,0.0,0.0,0.0,0.0,0.0,0.0,0.0,0.0,-14.0,-4.0,-1.0,-1.0,-2.0,-2.0,-2.0,-1.0,-1.0,0.0,0.0,-1.0,0.0,0.0,0.0,0.0,0.0,0.0,0.0,0.0,0.0,0.0,0.0,0.0,0.0,0.0,0.0,0.0,0.0,0.0,0.0,0.0,-14.0,-4.0,-1.0,-1.0,-2.0,-2.0,-2.0,-1.0,-1.0,0.0,0.0,-1.0,0.0,0.0,0.0,0.0
1965-04-19,0.0,0.0,0.0,0.0,0.0,0.0,0.0,0.0,0.0,0.0,0.0,0.0,0.0,0.0,0.0,0.0,-14.0,-4.0,-1.0,-1.0,-2.0,-2.0,-2.0,-1.0,-1.0,0.0,0.0,-1.0,0.0,0.0,0.0,0.0,0.0,0.0,0.0,0.0,0.0,0.0,0.0,0.0,0.0,0.0,0.0,0.0,0.0,0.0,0.0,0.0,-14.0,-4.0,-1.0,-1.0,-2.0,-2.0,-2.0,-1.0,-1.0,0.0,0.0,-1.0,0.0,0.0,0.0,0.0
1965-04-20,0.0,0.0,0.0,0.0,0.0,0.0,0.0,0.0,0.0,0.0,0.0,0.0,0.0,0.0,0.0,0.0,-14.0,-4.0,-1.0,-1.0,-2.0,-2.0,-2.0,-1.0,-1.0,0.0,0.0,-1.0,0.0,0.0,0.0,0.0,0.0,0.0,0.0,0.0,0.0,0.0,0.0,0.0,0.0,0.0,0.0,0.0,0.0,0.0,0.0,0.0,-14.0,-4.0,-1.0,-1.0,-2.0,-2.0,-2.0,-1.0,-1.0,0.0,0.0,-1.0,0.0,0.0,0.0,0.0
1965-04-21,0.0,0.0,0.0,0.0,0.0,0.0,0.0,0.0,0.0,0.0,0.0,0.0,0.0,0.0,0.0,0.0,-14.0,-4.0,-1.0,-1.0,-2.0,-2.0,-2.0,-1.0,-1.0,0.0,0.0,-1.0,0.0,0.0,0.0,0.0,0.0,0.0,0.0,0.0,0.0,0.0,0.0,0.0,0.0,0.0,0.0,0.0,0.0,0.0,0.0,0.0,-14.0,-4.0,-1.0,-1.0,-2.0,-2.0,-2.0,-1.0,-1.0,0.0,0.0,-1.0,0.0,0.0,0.0,0.0
1965-04-22,0.0,0.0,0.0,0.0,0.0,0.0,0.0,0.0,0.0,0.0,0.0,0.0,0.0,0.0,0.0,0.0,-14.0,-4.0,-1.0,-1.0,-2.0,-2.0,-2.0,-1.0,-1.0,0.0,0.0,-1.0,0.0,0.0,0.0,0.0,0.0,0.0,0.0,0.0,0.0,0.0,0.0,0.0,0.0,0.0,0.0,0.0,0.0,0.0,0.0,0.0,-14.0,-4.0,-1.0,-1.0,-2.0,-2.0,-2.0,-1.0,-1.0,0.0,0.0,-1.0,0.0,0.0,0.0,0.0
1965-04-23,0.0,0.0,0.0,0.0,0.0,0.0,0.0,0.0,0.0,0.0,0.0,0.0,0.0,0.0,0.0,0.0,-14.0,-4.0,-1.0,-1.0,-2.0,-2.0,-2.0,-1.0,-1.0,0.0,0.0,-1.0,0.0,0.0,0.0,0.0,0.0,0.0,0.0,0.0,0.0,0.0,0.0,0.0,0.0,0.0,0.0,0.0,0.0,0.0,0.0,0.0,-14.0,-4.0,-1.0,-1.0,-2.0,-2.0,-2.0,-1.0,-1.0,0.0,0.0,-1.0,0.0,0.0,0.0,0.0
1965-04-24,0.0,0.0,0.0,0.0,0.0,0.0,0.0,0.0,0.0,0.0,0.0,0.0,0.0,0.0,0.0,0.0,-14.0,-4.0,-1.0,-1.0,-2.0,-2.0,-2.0,-1.0,-1.0,0.0,0.0,-1.0,0.0,0.0,0.0,0.0,0.0,0.0,0.0,0.0,0.0,0.0,0.0,0.0,0.0,0.0,0.0,0.0,0.0,0.0,0.0,0.0,-14.0,-4.0,-1.0,-1.0,-2.0,-2.0,-2.0,-1.0,-1.0,0.0,0.0,-1.0,0.0,0.0,0.0,0.0
1965-04-25,0.0,0.0,0.0,0.0,0.0,0.0,0.0,0.0,0.0,0.0,0.0,0.0,0.0,0.0,0.0,0.0,-14.0,-4.0,-1.0,-1.0,-2.0,-2.0,-2.0,-1.0,-1.0,0.0,0.0,-1.0,0.0,0.0,0.0,0.0,0.0,0.0,0.0,0.0,0.0,0.0,0.0,0.0,0.0,0.0,0.0,0.0,0.0,0.0,0.0,0.0,-14.0,-4.0,-1.0,-1.0,-2.0,-2.0,-2.0,-1.0,-1.0,0.0,0.0,-1.0,0.0,0.0,0.0,0.0
1965-04-26,0.0,0.0,0.0,0.0,0.0,0.0,0.0,0.0,0.0,0.0,0.0,0.0,0.0,0.0,0.0,0.0,-14.0,-4.0,-1.0,-1.0,-2.0,-2.0,-2.0,-1.0,-1.0,0.0,0.0,-1.0,0.0,0.0,0.0,0.0,0.0,0.0,0.0,0.0,0.0,0.0,0.0,0.0,0.0,0.0,0.0,0.0,0.0,0.0,0.0,0.0,-14.0,-4.0,-1.0,-1.0,-2.0,-2.0,-2.0,-1.0,-1.0,0.0,0.0,-1.0,0.0,0.0,0.0,0.0
1965-04-27,0.0,0.0,0.0,0.0,0.0,0.0,0.0,0.0,0.0,0.0,0.0,0.0,0.0,0.0,0.0,0.0,-14.0,-4.0,-1.0,-1.0,-2.0,-2.0,-2.0,-1.0,-1.0,0.0,0.0,-1.0,0.0,0.0,0.0,0.0,0.0,0.0,0.0,0.0,0.0,0.0,0.0,0.0,0.0,0.0,0.0,0.0,0.0,0.0,0.0,0.0,-14.0,-4.0,-1.0,-1.0,-2.0,-2.0,-2.0,-1.0,-1.0,0.0,0.0,-1.0,0.0,0.0,0.0,0.0
1965-04-28,0.0,0.0,0.0,0.0,0.0,0.0,0.0,0.0,0.0,0.0,0.0,0.0,0.0,0.0,0.0,0.0,-14.0,-4.0,-1.0,-1.0,-2.0,-2.0,-2.0,-1.0,-1.0,0.0,0.0,-1.0,0.0,0.0,0.0,0.0,0.0,0.0,0.0,0.0,0.0,0.0,0.0,0.0,0.0,0.0,0.0,0.0,0.0,0.0,0.0,0.0,-14.0,-4.0,-1.0,-1.0,-2.0,-2.0,-2.0,-1.0,-1.0,0.0,0.0,-1.0,0.0,0.0,0.0,0.0
1965-04-29,0.0,0.0,0.0,0.0,0.0,0.0,0.0,0.0,0.0,0.0,0.0,0.0,0.0,0.0,0.0,0.0,-14.0,-4.0,-1.0,-1.0,-2.0,-2.0,-2.0,-1.0,-1.0,0.0,0.0,-1.0,0.0,0.0,0.0,0.0,0.0,0.0,0.0,0.0,0.0,0.0,0.0,0.0,0.0,0.0,0.0,0.0,0.0,0.0,0.0,0.0,-14.0,-4.0,-1.0,-1.0,-2.0,-2.0,-2.0,-1.0,-1.0,0.0,0.0,-1.0,0.0,0.0,0.0,0.0
1965-04-30,0.0,0.0,0.0,0.0,0.0,0.0,0.0,0.0,0.0,0.0,0.0,0.0,0.0,0.0,0.0,0.0,-14.0,-4.0,-1.0,-1.0,-2.0,-2.0,-2.0,-1.0,-1.0,0.0,0.0,-1.0,0.0,0.0,0.0,0.0,0.0,0.0,0.0,0.0,0.0,0.0,0.0,0.0,0.0,0.0,0.0,0.0,0.0,0.0,0.0,0.0,-14.0,-4.0,-1.0,-1.0,-2.0,-2.0,-2.0,-1.0,-1.0,0.0,0.0,-1.0,0.0,0.0,0.0,0.0
1965-05-01,372.0,54.0,13.0,73.0,28.0,58.0,21.0,21.0,18.0,37.0,4.0,16.0,1.0,3.0,1.0,0.0,-127.0,-10.0,-2.0,-33.0,-6.0,-23.0,-2.0,-6.0,-6.0,-20.0,0.0,-2.0,0.0,-1.0,-1.0,0.0,372.0,54.0,13.0,73.0,28.0,58.0,21.0,21.0,18.0,37.0,4.0,16.0,1.0,3.0,1.0,0.0,-127.0,-10.0,-2.0,-33.0,-6.0,-23.0,-2.0,-6.0,-6.0,-20.0,0.0,-2.0,0.0,-1.0,-1.0,0.0
1965-05-02,372.0,54.0,13.0,73.0,28.0,58.0,21.0,21.0,18.0,37.0,4.0,16.0,1.0,3.0,1.0,0.0,-127.0,-10.0,-2.0,-33.0,-6.0,-23.0,-2.0,-6.0,-6.0,-20.0,0.0,-2.0,0.0,-1.0,-1.0,0.0,372.0,54.0,13.0,73.0,28.0,58.0,21.0,21.0,18.0,37.0,4.0,16.0,1.0,3.0,1.0,0.0,-127.0,-10.0,-2.0,-33.0,-6.0,-23.0,-2.0,-6.0,-6.0,-20.0,0.0,-2.0,0.0,-1.0,-1.0,0.0
1965-05-03,372.0,54.0,13.0,73.0,28.0,58.0,21.0,21.0,18.0,37.0,4.0,16.0,1.0,3.0,1.0,0.0,-127.0,-10.0,-2.0,-33.0,-6.0,-23.0,-2.0,-6.0,-6.0,-20.0,0.0,-2.0,0.0,-1.0,-1.0,0.0,372.0,54.0,13.0,73.0,28.0,58.0,21.0,21.0,18.0,37.0,4.0,16.0,1.0,3.0,1.0,0.0,-127.0,-10.0,-2.0,-33.0,-6.0,-23.0,-2.0,-6.0,-6.0,-20.0,0.0,-2.0,0.0,-1.0,-1.0,0.0
1965-05-04,372.0,54.0,13.0,73.0,28.0,58.0,21.0,21.0,18.0,37.0,4.0,16.0,1.0,3.0,1.0,0.0,-127.0,-10.0,-2.0,-33.0,-6.0,-23.0,-2.0,-6.0,-6.0,-20.0,0.0,-2.0,0.0,-1.0,-1.0,0.0,372.0,54.0,13.0,73.0,28.0,58.0,21.0,21.0,18.0,37.0,4.0,16.0,1.0,3.0,1.0,0.0,-127.0,-10.0,-2.0,-33.0,-6.0,-23.0,-2.0,-6.0,-6.0,-20.0,0.0,-2.0,0.0,-1.0,-1.0,0.0
1965-05-05,372.0,54.0,13.0,73.0,28.0,58.0,21.0,21.0,18.0,37.0,4.0,16.0,1.0,3.0,1.0,0.0,-127.0,-10.0,-2.0,-33.0,-6.0,-23.0,-2.0,-6.0,-6.0,-20.0,0.0,-2.0,0.0,-1.0,-1.0,0.0,372.0,54.0,13.0,73.0,28.0,58.0,21.0,21.0,18.0,37.0,4.0,16.0,1.0,3.0,1.0,0.0,-127.0,-10.0,-2.0,-33.0,-6.0,-23.0,-2.0,-6.0,-6.0,-20.0,0.0,-2.0,0.0,-1.0,-1.0,0.0
1965-05-06,372.0,54.0,13.0,73.0,28.0,58.0,21.0,21.0,18.0,37.0,4.0,16.0,1.0,3.0,1.0,0.0,-127.0,-10.0,-2.0,-33.0,-6.0,-23.0,-2.0,-6.0,-6.0,-20.0,0.0,-2.0,0.0,-1.0,-1.0,0.0,372.0,54.0,13.0,73.0,28.0,58.0,21.0,21.0,18.0,37.0,4.0,16.0,1.0,3.0,1.0,0.0,-127.0,-10.0,-2.0,-33.0,-6.0,-23.0,-2.0,-6.0,-6.0,-20.0,0.0,-2.0,0.0,-1.0,-1.0,0.0
1965-05-07,372.0,54.0,13.0,73.0,28.0,58.0,21.0,21.0,18.0,37.0,4.0,16.0,1.0,3.0,1.0,0.0,-127.0,-10.0,-2.0,-33.0,-6.0,-23.0,-2.0,-6.0,-6.0,-20.0,0.0,-2.0,0.0,-1.0,-1.0,0.0,372.0,54.0,13.0,73.0,28.0,58.0,21.0,21.0,18.0,37.0,4.0,16.0,1.0,3.0,1.0,0.0,-127.0,-10.0,-2.0,-33.0,-6.0,-23.0,-2.0,-6.0,-6.0,-20.0,0.0,-2.0,0.0,-1.0,-1.0,0.0
1965-05-08,372.0,54.0,13.0,73.0,28.0,58.0,21.0,21.0,18.0,37.0,4.0,16.0,1.0,3.0,1.0,0.0,-127.0,-10.0,-2.0,-33.0,-6.0,-23.0,-2.0,-6.0,-6.0,-20.0,0.0,-2.0,0.0,-1.0,-1.0,0.0,372.0,54.0,13.0,73.0,28.0,58.0,21.0,21.0,18.0,37.0,4.0,16.0,1.0,3.0,1.0,0.0,-127.0,-10.0,-2.0,-33.0,-6.0,-23.0,-2.0,-6.0,-6.0,-20.0,0.0,-2.0,0.0,-1.0,-1.0,0.0
1965-05-09,372.0,54.0,13.0,73.0,28.0,58.0,21.0,21.0,18.0,37.0,4.0,16.0,1.0,3.0,1.0,0.0,-127.0,-10.0,-2.0,-33.0,-6.0,-23.0,-2.0,-6.0,-6.0,-20.0,0.0,-2.0,0.0,-1.0,-1.0,0.0,372.0,54.0,13.0,73.0,28.0,58.0,21.0,21.0,18.0,37.0,4.0,16.0,1.0,3.0,1.0,0.0,-127.0,-10.0,-2.0,-33.0,-6.0,-23.0,-2.0,-6.0,-6.0,-20.0,0.0,-2.0,0.0,-1.0,-1.0,0.0
1965-05-10,372.0,54.0,13.0,73.0,28.0,58.0,21.0,21.0,18.0,37.0,4.0,16.0,1.0,3.0,1.0,0.0,-127.0,-10.0,-2.0,-33.0,-6.0,-23.0,-2.0,-6.0,-6.0,-20.0,0.0,-2.0,0.0,-1.0,-1.0,0.0,372.0,54.0,13.0,73.0,28.0,58.0,21.0,21.0,18.0,37.0,4.0,16.0,1.0,3.0,1.0,0.0,-127.0,-10.0,-2.0,-33.0,-6.0,-23.0,-2.0,-6.0,-6.0,-20.0,0.0,-2.0,0.0,-1.0,-1.0,0.0
1965-05-11,372.0,54.0,13.0,73.0,28.0,58.0,21.0,21.0,18.0,37.0,4.0,16.0,1.0,3.0,1.0,0.0,-127.0,-10.0,-2.0,-33.0,-6.0,-23.0,-2.0,-6.0,-6.0,-20.0,0.0,-2.0,0.0,-1.0,-1.0,0.0,372.0,54.0,13.0,73.0,28.0,58.0,21.0,21.0,18.0,37.0,4.0,16.0,1.0,3.0,1.0,0.0,-127.0,-10.0,-2.0,-33.0,-6.0,-23.0,-2.0,-6.0,-6.0,-20.0,0.0,-2.0,0.0,-1.0,-1.0,0.0
1965-05-12,372.0,54.0,13.0,73.0,28.0,58.0,21.0,21.0,18.0,37.0,4.0,16.0,1.0,3.0,1.0,0.0,-127.0,-10.0,-2.0,-33.0,-6.0,-23.0,-2.0,-6.0,-6.0,-20.0,0.0,-2.0,0.0,-1.0,-1.0,0.0,372.0,54.0,13.0,73.0,28.0,58.0,21.0,21.0,18.0,37.0,4.0,16.0,1.0,3.0,1.0,0.0,-127.0,-10.0,-2.0,-33.0,-6.0,-23.0,-2.0,-6.0,-6.0,-20.0,0.0,-2.0,0.0,-1.0,-1.0,0.0
1965-05-13,372.0,54.0,13.0,73.0,28.0,58.0,21.0,21.0,18.0,37.0,4.0,16.0,1.0,3.0,1.0,0.0,-127.0,-10.0,-2.0,-33.0,-6.0,-23.0,-2.0,-6.0,-6.0,-20.0,0.0,-2.0,0.0,-1.0,-1.0,0.0,372.0,54.0,13.0,73.0,28.0,58.0,21.0,21.0,18.0,37.0,4.0,16.0,1.0,3.0,1.0,0.0,-127.0,-10.0,-2.0,-33.0,-6.0,-23.0,-2.0,-6.0,-6.0,-20.0,0.0,-2.0,0.0,-1.0,-1.0,0.0
1965-05-14,372.0,54.0,13.0,73.0,28.0,58.0,21.0,21.0,18.0,37.0,4.0,16.0,1.0,3.0,1.0,0.0,-127.0,-10.0,-2.0,-33.0,-6.0,-23.0,-2.0,-6.0,-6.0,-20.0,0.0,-2.0,0.0,-1.0,-1.0,0.0,372.0,54.0,13.0,73.0,28.0,58.0,21.0,21.0,18.0,37.0,4.0,16.0,1.0,3.0,1.0,0.0,-127.0,-10.0,-2.0,-33.0,-6.0,-23.0,-2.0,-6.0,-6.0,-20.0,0.0,-2.0,0.0,-1.0,-1.0,0.0
1965-05-15,372.0,54.0,13.0,73.0,28.0,58.0,21.0,21.0,18.0,37.0,4.0,16.0,1.0,3.0,1.0,0.0,-127.0,-10.0,-2.0,-33.0,-6.0,-23.0,-2.0,-6.0,-6.0,-20.0,0.0,-2.0,0.0,-1.0,-1.0,0.0,372.0,54.0,13.0,73.0,28.0,58.0,21.0,21.0,18.0,37.0,4.0,16.0,1.0,3.0,1.0,0.0,-127.0,-10.0,-2.0,-33.0,-6.0,-23.0,-2.0,-6.0,-6.0,-20.0,0.0,-2.0,0.0,-1.0,-1.0,0.0
1965-05-16,372.0,54.0,13.0,73.0,28.0,58.0,21.0,21.0,18.0,37.0,4.0,16.0,1.0,3.0,1.0,0.0,-127.0,-10.0,-2.0,-33.0,-6.0,-23.0,-2.0,-6.0,-6.0,-20.0,0.0,-2.0,0.0,-1.0,-1.0,0.0,372.0,54.0,13.0,73.0,28.0,58.0,21.0,21.0,18.0,37.0,4.0,16.0,1.0,3.0,1.0,0.0,-127.0,-10.0,-2.0,-33.0,-6.0,-23.0,-2.0,-6.0,-6.0,-20.0,0.0,-2.0,0.0,-1.0,-1.0,0.0
1965-05-17,372.0,54.0,13.0,73.0,28.0,58.0,21.0,21.0,18.0,37.0,4.0,16.0,1.0,3.0,1.0,0.0,-127.0,-10.0,-2.0,-33.0,-6.0,-23.0,-2.0,-6.0,-6.0,-20.0,0.0,-2.0,0.0,-1.0,-1.0,0.0,372.0,54.0,13.0,73.0,28.0,58.0,21.0,21.0,18.0,37.0,4.0,16.0,1.0,3.0,1.0,0.0,-127.0,-10.0,-2.0,-33.0,-6.0,-23.0,-2.0,-6.0,-6.0,-20.0,0.0,-2.0,0.0,-1.0,-1.0,0.0
1965-05-18,372.0,54.0,13.0,73.0,28.0,58.0,21.0,21.0,18.0,37.0,4.0,16.0,1.0,3.0,1.0,0.0,-127.0,-10.0,-2.0,-33.0,-6.0,-23.0,-2.0,-6.0,-6.0,-20.0,0.0,-2.0,0.0,-1.0,-1.0,0.0,372.0,54.0,13.0,73.0,28.0,58.0,21.0,21.0,18.0,37.0,4.0,16.0,1.0,3.0,1.0,0.0,-127.0,-10.0,-2.0,-33.0,-6.0,-23.0,-2.0,-6.0,-6.0,-20.0,0.0,-2.0,0.0,-1.0,-1.0,0.0
1965-05-19,372.0,54.0,13.0,73.0,28.0,58.0,21.0,21.0,18.0,37.0,4.0,16.0,1.0,3.0,1.0,0.0,-127.0,-10.0,-2.0,-33.0,-6.0,-23.0,-2.0,-6.0,-6.0,-20.0,0.0,-2.0,0.0,-1.0,-1.0,0.0,372.0,54.0,13.0,73.0,28.0,58.0,21.0,21.0,18.0,37.0,4.0,16.0,1.0,3.0,1.0,0.0,-127.0,-10.0,-2.0,-33.0,-6.0,-23.0,-2.0,-6.0,-6.0,-20.0,0.0,-2.0,0.0,-1.0,-1.0,0.0
1965-05-20,372.0,54.0,13.0,73.0,28.0,58.0,21.0,21.0,18.0,37.0,4.0,16.0,1.0,3.0,1.0,0.0,-127.0,-10.0,-2.0,-33.0,-6.0,-23.0,-2.0,-6.0,-6.0,-20.0,0.0,-2.0,0.0,-1.0,-1.0,0.0,372.0,54.0,13.0,73.0,28.0,58.0,21.0,21.0,18.0,37.0,4.0,16.0,1.0,3.0,1.0,0.0,-127.0,-10.0,-2.0,-33.0,-6.0,-23.0,-2.0,-6.0,-6.0,-20.0,0.0,-2.0,0.0,-1.0,-1.0,0.0
1965-05-21,372.0,54.0,13.0,73.0,28.0,58.0,21.0,21.0,18.0,37.0,4.0,16.0,1.0,3.0,1.0,0.0,-127.0,-10.0,-2.0,-33.0,-6.0,-23.0,-2.0,-6.0,-6.0,-20.0,0.0,-2.0,0.0,-1.0,-1.0,0.0,372.0,54.0,13.0,73.0,28.0,58.0,21.0,21.0,18.0,37.0,4.0,16.0,1.0,3.0,1.0,0.0,-127.0,-10.0,-2.0,-33.0,-6.0,-23.0,-2.0,-6.0,-6.0,-20.0,0.0,-2.0,0.0,-1.0,-1.0,0.0
1965-05-22,372.0,54.0,13.0,73.0,28.0,58.0,21.0,21.0,18.0,37.0,4.0,16.0,1.0,3.0,1.0,0.0,-127.0,-10.0,-2.0,-33.0,-6.0,-23.0,-2.0,-6.0,-6.0,-20.0,0.0,-2.0,0.0,-1.0,-1.0,0.0,372.0,54.0,13.0,73.0,28.0,58.0,21.0,21.0,18.0,37.0,4.0,16.0,1.0,3.0,1.0,0.0,-127.0,-10.0,-2.0,-33.0,-6.0,-23.0,-2.0,-6.0,-6.0,-20.0,0.0,-2.0,0.0,-1.0,-1.0,0.0
1965-05-23,372.0,54.0,13.0,73.0,28.0,58.0,21.0,21.0,18.0,37.0,4.0,16.0,1.0,3.0,1.0,0.0,-127.0,-10.0,-2.0,-33.0,-6.0,-23.0,-2.0,-6.0,-6.0,-20.0,0.0,-2.0,0.0,-1.0,-1.0,0.0,372.0,54.0,13.0,73.0,28.0,58.0,21.0,21.0,18.0,37.0,4.0,16.0,1.0,3.0,1.0,0.0,-127.0,-10.0,-2.0,-33.0,-6.0,-23.0,-2.0,-6.0,-6.0,-20.0,0.0,-2.0,0.0,-1.0,-1.0,0.0
1965-05-24,372.0,54.0,13.0,73.0,28.0,58.0,21.0,21.0,18.0,37.0,4.0,16.0,1.0,3.0,1.0,0.0,-127.0,-10.0,-2.0,-33.0,-6.0,-23.0,-2.0,-6.0,-6.0,-20.0,0.0,-2.0,0.0,-1.0,-1.0,0.0,372.0,54.0,13.0,73.0,28.0,58.0,21.0,21.0,18.0,37.0,4.0,16.0,1.0,3.0,1.0,0.0,-127.0,-10.0,-2.0,-33.0,-6.0,-23.0,-2.0,-6.0,-6.0,-20.0,0.0,-2.0,0.0,-1.0,-1.0,0.0
1965-05-25,372.0,54.0,13.0,73.0,28.0,58.0,21.0,21.0,18.0,37.0,4.0,16.0,1.0,3.0,1.0,0.0,-127.0,-10.0,-2.0,-33.0,-6.0,-23.0,-2.0,-6.0,-6.0,-20.0,0.0,-2.0,0.0,-1.0,-1.0,0.0,372.0,54.0,13.0,73.0,28.0,58.0,21.0,21.0,18.0,37.0,4.0,16.0,1.0,3.0,1.0,0.0,-127.0,-10.0,-2.0,-33.0,-6.0,-23.0,-2.0,-6.0,-6.0,-20.0,0.0,-2.0,0.0,-1.0,-1.0,0.0
1965-05-26,372.0,54.0,13.0,73.0,28.0,58.0,21.0,21.0,18.0,37.0,4.0,16.0,1.0,3.0,1.0,0.0,-127.0,-10.0,-2.0,-33.0,-6.0,-23.0,-2.0,-6.0,-6.0,-20.0,0.0,-2.0,0.0,-1.0,-1.0,0.0,372.0,54.0,13.0,73.0,28.0,58.0,21.0,21.0,18.0,37.0,4.0,16.0,1.0,3.0,1.0,0.0,-127.0,-10.0,-2.0,-33.0,-6.0,-23.0,-2.0,-6.0,-6.0,-20.0,0.0,-2.0,0.0,-1.0,-1.0,0.0
1965-05-27,372.0,54.0,13.0,73.0,28.0,58.0,21.0,21.0,18.0,37.0,4.0,16.0,1.0,3.0,1.0,0.0,-127.0,-10.0,-2.0,-33.0,-6.0,-23.0,-2.0,-6.0,-6.0,-20.0,0.0,-2.0,0.0,-1.0,-1.0,0.0,372.0,54.0,13.0,73.0,28.0,58.0,21.0,21.0,18.0,37.0,4.0,16.0,1.0,3.0,1.0,0.0,-127.0,-10.0,-2.0,-33.0,-6.0,-23.0,-2.0,-6.0,-6.0,-20.0,0.0,-2.0,0.0,-1.0,-1.0,0.0
1965-05-28,372.0,54.0,13.0,73.0,28.0,58.0,21.0,21.0,18.0,37.0,4.0,16.0,1.0,3.0,1.0,0.0,-127.0,-10.0,-2.0,-33.0,-6.0,-23.0,-2.0,-6.0,-6.0,-20.0,0.0,-2.0,0.0,-1.0,-1.0,0.0,372.0,54.0,13.0,73.0,28.0,58.0,21.0,21.0,18.0,37.0,4.0,16.0,1.0,3.0,1.0,0.0,-127.0,-10.0,-2.0,-33.0,-6.0,-23.0,-2.0,-6.0,-6.0,-20.0,0.0,-2.0,0.0,-1.0,-1.0,0.0
1965-05-29,372.0,54.0,13.0,73.0,28.0,58.0,21.0,21.0,18.0,37.0,4.0,16.0,1.0,3.0,1.0,0.0,-127.0,-10.0,-2.0,-33.0,-6.0,-23.0,-2.0,-6.0,-6.0,-20.0,0.0,-2.0,0.0,-1.0,-1.0,0.0,372.0,54.0,13.0,73.0,28.0,58.0,21.0,21.0,18.0,37.0,4.0,16.0,1.0,3.0,1.0,0.0,-127.0,-10.0,-2.0,-33.0,-6.0,-23.0,-2.0,-6.0,-6.0,-20.0,0.0,-2.0,0.0,-1.0,-1.0,0.0
1965-05-30,372.0,54.0,13.0,73.0,28.0,58.0,21.0,21.0,18.0,37.0,4.0,16.0,1.0,3.0,1.0,0.0,-127.0,-10.0,-2.0,-33.0,-6.0,-23.0,-2.0,-6.0,-6.0,-20.0,0.0,-2.0,0.0,-1.0,-1.0,0.0,372.0,54.0,13.0,73.0,28.0,58.0,21.0,21.0,18.0,37.0,4.0,16.0,1.0,3.0,1.0,0.0,-127.0,-10.0,-2.0,-33.0,-6.0,-23.0,-2.0,-6.0,-6.0,-20.0,0.0,-2.0,0.0,-1.0,-1.0,0.0
1965-05-31,372.0,54.0,13.0,73.0,28.0,58.0,21.0,21.0,18.0,37.0,4.0,16.0,1.0,3.0,1.0,0.0,-127.0,-10.0,-2.0,-33.0,-6.0,-23.0,-2.0,-6.0,-6.0,-20.0,0.0,-2.0,0.0,-1.0,-1.0,0.0,372.0,54.0,13.0,73.0,28.0,58.0,21.0,21.0,18.0,37.0,4.0,16.0,1.0,3.0,1.0,0.0,-127.0,-10.0,-2.0,-33.0,-6.0,-23.0,-2.0,-6.0,-6.0,-20.0,0.0,-2.0,0.0,-1.0,-1.0,0.0
