Date,Big Cliff Flow-MINLIM,Big Cliff Flow-MAXLIM,Blue River Flow-MINLIM,Blue River Flow-MAXLIM,Cottage Grove Flow-MINLIM,Cottage Grove Flow-MAXLIM,Cougar Flow-MINLIM,Cougar Flow-MAXLIM,Detroit Flow-MINLIM,Detroit Flow-MAXLIM,Dexter Flow-MINLIM,Dexter Flow-MAXLIM,Dorena Flow-MINLIM,Dorena Flow-MAXLIM,Fall Creek Flow-MINLIM,Fall Creek Flow-MAXLIM,Fern Ridge Flow-MINLIM,Fern Ridge Flow-MAXLIM,Foster Flow-MINLIM,Foster Flow-MAXLIM,Green Peter Flow-MINLIM,Green Peter Flow-MAXLIM,Hills Creek Flow-MINLIM,Hills Creek Flow-MAXLIM,Lookout Point Flow-MINLIM,Lookout Point Flow-MAXLIM,Min_Flow_Target_Albany Flow-Min,Min_Flow_Target_Salem Flow-Min
1962-12-31,,,,,,,,,,,,,,,,,,,,,,,,,,,0.0,0.0
1963-01-01,,,,,,,,,,,,,,,,,,,,,,,,,,,0.0,0.0
1963-01-02,0.0,507211.40625,250.89999389648438,1000.0,112.0,500.0,510.0,3000.0,1200.0,1200.0,0.0,13673.6005859375,232.1999969482422,1500.0,50.0,219.0,393.5699768066406,700.0,0.0,16822.51171875,918.7000122070312,4760.0,570.0,1000.0,867.7670288085938,867.7670288085938,,
1963-01-03,0.0,507211.40625,490.1000061035156,1000.0,148.5,500.0,712.0,3000.0,1200.0,1200.0,0.0,14245.33203125,383.5,1500.0,50.0,430.7361145019531,419.676025390625,700.0,0.0,18576.400390625,2311.199951171875,4760.0,693.0,1000.0,1439.4991455078125,1439.4991455078125,,
1963-01-04,0.0,507211.40625,390.8999938964844,1000.0,130.10000610351562,500.0,642.0,3000.0,1200.0,1200.0,0.0,14359.1669921875,342.29998779296875,1500.0,50.0,387.4907531738281,330.5017395019531,700.0,0.0,17979.80078125,1659.0999755859375,4760.0,613.2000122070312,1000.0,1553.3331298828125,1553.3331298828125,,
1963-01-05,0.0,507211.40625,332.6000061035156,1000.0,108.80000305175781,500.0,600.0,3000.0,1200.0,1200.0,0.0,14400.8427734375,285.3999938964844,1500.0,50.0,348.6604919433594,254.33355712890625,700.0,0.0,17817.01171875,1304.199951171875,4760.0,591.7999877929688,1000.0,1595.0096435546875,1595.0096435546875,,
1963-01-06,0.0,507211.40625,285.8999938964844,1000.0,103.80000305175781,500.0,558.0,3000.0,1200.0,1200.0,0.0,14390.8642578125,255.1999969482422,1500.0,50.0,314.10699462890625,239.18243408203125,700.0,0.0,17252.068359375,1112.4000244140625,4760.0,568.0999755859375,1000.0,1585.03076171875,1585.03076171875,,
1963-01-07,0.0,507211.40625,256.70001220703125,1000.0,98.80000305175781,500.0,528.0,3000.0,1200.0,1200.0,0.0,14359.7578125,235.0,1500.0,50.0,287.7380065917969,223.94036865234375,700.0,0.0,17340.4296875,997.4000244140625,4760.0,528.0,1000.0,1544.1942138671875,1553.9241943359375,,
1963-01-08,0.0,507211.40625,227.60000610351562,1000.0,98.80000305175781,500.0,510.0,3000.0,1200.0,1200.0,0.0,14349.390625,213.60000610351562,1500.0,50.0,265.8253173828125,216.2123260498047,700.0,0.0,16971.22265625,888.0,4760.0,495.0,1000.0,1543.557373046875,1543.557373046875,,
1963-01-09,0.0,507211.40625,215.89999389648438,1000.0,99.0,500.0,492.0,3000.0,1200.0,1200.0,0.0,14295.8759765625,227.1999969482422,1500.0,50.0,238.88356018066406,215.69862365722656,700.0,0.0,17112.44140625,845.7999877929688,4760.0,546.0,1000.0,1490.0426025390625,1490.0426025390625,,
1963-01-10,0.0,507211.40625,205.39999389648438,1000.0,93.0,500.0,480.0,3000.0,1200.0,1200.0,0.0,14220.0078125,201.0,1500.0,50.0,205.92236328125,175.78948974609375,700.0,0.0,16850.771484375,782.5,4760.0,492.1000061035156,1000.0,1414.1744384765625,1414.1744384765625,,
1963-01-11,0.0,507211.40625,168.0,1000.0,83.0,500.0,444.0,3000.0,1200.0,1200.0,0.0,14175.2548828125,196.0,1500.0,50.0,187.28158569335938,190.39476013183594,700.0,0.0,16848.70703125,682.0999755859375,4760.0,425.0,1000.0,1369.4217529296875,1369.4217529296875,,
1963-01-12,0.0,507211.40625,173.89999389648438,1000.0,65.9000015258789,500.0,440.0,3000.0,1200.0,1200.0,0.0,14132.189453125,140.5,1500.0,50.0,188.18771362304688,178.60357666015625,700.0,0.0,16719.1328125,706.0,4760.0,417.79998779296875,1000.0,1319.531494140625,1326.355712890625,,
1963-01-13,0.0,507211.40625,173.89999389648438,1000.0,93.0999984741211,500.0,426.0,3000.0,1200.0,1200.0,0.0,14166.6669921875,164.8000030517578,1500.0,50.0,161.16709899902344,108.39146423339844,700.0,0.0,16831.740234375,694.0,694.0,488.0,1000.0,1315.7039794921875,1360.833984375,,
1963-01-14,0.0,507211.40625,163.39999389648438,1000.0,93.0999984741211,500.0,415.0,3000.0,1200.0,1200.0,0.0,14072.5029296875,195.0,1500.0,50.0,188.40277099609375,173.8900604248047,700.0,0.0,16734.275390625,706.0,706.0,452.1000061035156,1000.0,1249.0389404296875,1266.669189453125,,
1963-01-15,0.0,507211.40625,163.39999389648438,1000.0,93.0999984741211,500.0,415.0,3000.0,1200.0,1200.0,0.0,14160.3095703125,179.89999389648438,1500.0,50.0,180.59722900390625,173.88912963867188,700.0,0.0,16816.484375,729.9000244140625,729.9000244140625,455.0,1000.0,1354.47607421875,1354.47607421875,,
1963-01-16,0.0,507211.40625,158.6999969482422,1000.0,83.0,500.0,400.0,3000.0,1200.0,1200.0,0.0,14111.7158203125,159.8000030517578,1500.0,50.0,171.0,172.8885040283203,700.0,0.0,16747.0234375,741.7999877929688,741.7999877929688,427.3999938964844,1000.0,1305.882568359375,1305.882568359375,,
1963-01-17,0.0,507211.40625,148.1999969482422,1000.0,83.0,500.0,390.0,3000.0,1200.0,1200.0,0.0,14085.96484375,171.3000030517578,1500.0,50.0,165.0,176.88809204101562,700.0,0.0,16805.900390625,765.7000122070312,765.7000122070312,447.3999938964844,1000.0,1280.13134765625,1280.13134765625,,
1963-01-18,0.0,507211.40625,143.5,1000.0,83.0,500.0,380.0,3000.0,1200.0,1200.0,0.0,14058.6923828125,165.5,1500.0,50.0,160.0,176.8878173828125,700.0,0.0,16756.123046875,777.5999755859375,777.5999755859375,439.5,1000.0,1241.272216796875,1252.859375,,
1963-01-19,0.0,507211.40625,134.1999969482422,1000.0,78.0,500.0,370.0,3000.0,1200.0,1200.0,0.0,14040.2841796875,150.3000030517578,1500.0,50.0,151.0,156.6846160888672,700.0,0.0,16798.91015625,789.5999755859375,789.5999755859375,418.29998779296875,1000.0,1234.45068359375,1234.45068359375,,
1963-01-20,0.0,507211.40625,129.5,1000.0,78.0,500.0,365.0,3000.0,1200.0,1200.0,0.0,14013.77734375,140.3000030517578,1500.0,50.0,149.0,120.37549591064453,700.0,0.0,16762.1328125,801.5,801.5,414.3999938964844,1000.0,1207.9444580078125,1207.9444580078125,,
1963-01-21,0.0,507211.40625,123.69999694824219,1000.0,73.0,500.0,355.0,3000.0,1200.0,1200.0,0.0,14007.5390625,140.3000030517578,1500.0,50.0,146.0,132.8754119873047,700.0,0.0,16793.751953125,813.4000244140625,813.4000244140625,417.20001220703125,1000.0,1201.7056884765625,1201.7056884765625,,
1963-01-22,0.0,507211.40625,123.69999694824219,1000.0,73.0,500.0,345.0,3000.0,1200.0,1200.0,0.0,14005.8330078125,135.1999969482422,1500.0,50.0,141.0,133.97735595703125,700.0,0.0,16766.560546875,825.4000244140625,825.4000244140625,410.6000061035156,1000.0,1200.0,1200.0,,
1963-01-23,0.0,507211.40625,119.0,1000.0,73.0,500.0,345.0,3000.0,1200.0,1200.0,0.0,14155.8330078125,135.1999969482422,1500.0,50.0,138.0,139.080322265625,700.0,0.0,16789.9453125,837.2999877929688,837.2999877929688,405.3999938964844,1000.0,1350.0,1350.0,,
1963-01-24,0.0,507211.40625,119.0,1000.0,62.900001525878906,500.0,345.0,3000.0,1200.0,1200.0,0.0,14155.8330078125,130.1999969482422,1500.0,50.0,133.0,131.9822998046875,700.0,0.0,16770.5078125,839.7000122070312,839.7000122070312,400.0,1000.0,1350.0,1350.0,,
1963-01-25,0.0,507211.40625,114.4000015258789,1000.0,78.0,500.0,345.0,3000.0,1200.0,1200.0,0.0,14155.8330078125,125.0999984741211,1500.0,50.0,128.0,157.1882781982422,700.0,0.0,16787.38671875,839.7000122070312,839.7000122070312,404.933349609375,1000.0,1350.0,1350.0,,
1963-01-26,0.0,507211.40625,114.4000015258789,1000.0,62.900001525878906,500.0,340.0,3000.0,1200.0,1200.0,0.0,14155.8330078125,120.0999984741211,1500.0,50.0,123.0,131.9912872314453,700.0,0.0,16772.28515625,848.0999755859375,848.0999755859375,400.0,1000.0,1350.0,1350.0,,
1963-01-27,0.0,507211.40625,114.4000015258789,1000.0,61.900001525878906,500.0,335.0,3000.0,1200.0,1200.0,0.0,14155.8330078125,115.0,1500.0,50.0,123.0,116.89126586914062,700.0,0.0,16785.359375,855.2000122070312,855.2000122070312,415.9888916015625,1000.0,1350.0,1350.0,,
1963-01-28,0.0,507211.40625,109.69999694824219,1000.0,68.0,500.0,335.0,3000.0,1200.0,1200.0,0.0,14155.8330078125,120.0999984741211,1500.0,50.0,123.0,142.09425354003906,700.0,0.0,16774.6171875,855.2000122070312,855.2000122070312,414.4259338378906,1000.0,1350.0,1350.0,,
1963-01-29,0.0,507211.40625,119.0,1000.0,78.0999984741211,500.0,345.0,3000.0,1200.0,1200.0,0.0,14155.8330078125,140.3000030517578,1500.0,50.0,56.732810974121094,131.30226135253906,700.0,0.0,16783.8515625,855.2000122070312,855.2000122070312,442.48394775390625,1000.0,1350.0,1350.0,,
1963-01-30,0.0,507211.40625,114.4000015258789,1000.0,78.0999984741211,500.0,345.0,3000.0,1200.0,1200.0,0.0,14155.8330078125,145.3000030517578,1500.0,50.0,205.26718139648438,264.7352294921875,700.0,0.0,16775.912109375,855.2000122070312,855.2000122070312,442.9892883300781,1000.0,1350.0,1350.0,,
1963-01-31,0.0,507211.40625,459.79998779296875,1000.0,259.6000061035156,500.0,625.0,3000.0,1200.0,1200.0,0.0,14155.8330078125,850.7000122070312,1500.0,50.0,732.0,700.0,700.0,0.0,16848.50390625,350.20001220703125,350.20001220703125,1000.0,1000.0,1350.0,1350.0,,
1963-02-01,0.0,508920.03125,1000.0,1000.0,500.0,500.0,3000.0,3000.0,1050.0,2908.611083984375,0.0,17086.818359375,1500.0,1500.0,50.0,2000.0,961.834716796875,961.834716796875,0.0,17298.400390625,50.0,4411.033203125,1027.9942626953125,1027.9942626953125,1200.0,4280.98388671875,,
1963-02-02,0.0,511011.40625,1226.2567138671875,1226.2567138671875,1388.723388671875,1388.723388671875,3000.0,3000.0,1050.0,5000.0,0.0,19301.8984375,3643.835693359375,3643.835693359375,50.0,1892.5360107421875,2095.0654296875,2095.0654296875,0.0,16144.7998046875,50.0,8995.7138671875,2536.95654296875,2536.95654296875,6496.0654296875,6496.0654296875,,
1963-02-03,0.0,511011.40625,1397.8802490234375,1397.8802490234375,1199.7591552734375,1199.7591552734375,3000.0,3000.0,1050.0,5000.0,0.0,20062.642578125,3860.843994140625,3860.843994140625,50.0,1476.359619140625,2480.722900390625,2480.722900390625,0.0,17245.30078125,8347.4501953125,8347.4501953125,3226.333740234375,3226.333740234375,7256.81005859375,7256.81005859375,,
1963-02-04,0.0,512057.0625,1997.079345703125,1997.079345703125,984.8825073242188,984.8825073242188,3016.143310546875,3016.143310546875,6045.6513671875,6045.6513671875,0.0,19686.30859375,3721.450439453125,3721.450439453125,50.0,1092.7767333984375,2896.683837890625,2896.683837890625,0.0,16989.69921875,3361.014892578125,3361.014892578125,4024.97998046875,4024.97998046875,6880.474609375,6880.474609375,,
1963-02-05,0.0,512822.78125,2160.284423828125,2160.284423828125,790.949951171875,790.949951171875,3092.843505859375,3092.843505859375,6811.37939453125,6811.37939453125,0.0,18718.708984375,2855.80029296875,2855.80029296875,50.0,763.7733154296875,3145.3564453125,3145.3564453125,0.0,17614.19921875,2425.056640625,2425.056640625,4393.37158203125,4393.37158203125,5912.87451171875,5912.87451171875,,
1963-02-06,0.0,512660.71875,1631.47802734375,1631.47802734375,609.5890502929688,609.5890502929688,3036.112060546875,3036.112060546875,6649.314453125,6649.314453125,0.0,17508.83203125,2202.233642578125,2202.233642578125,50.0,500.02838134765625,2556.40478515625,2556.40478515625,0.0,17987.19921875,1634.673583984375,1634.673583984375,3317.669189453125,3317.669189453125,4702.99853515625,4702.99853515625,,
1963-02-07,0.0,510738.90625,1070.23486328125,1070.23486328125,473.7307434082031,473.7307434082031,3000.0,3000.0,4727.50732421875,4727.50732421875,0.0,16436.494140625,1671.0526123046875,1671.0526123046875,50.0,268.78424072265625,1780.55517578125,1780.55517578125,0.0,18105.30078125,978.3912353515625,978.3912353515625,2152.07861328125,2152.07861328125,3630.66162109375,3630.66162109375,,
1963-02-08,0.0,509286.65625,667.8751831054688,667.8751831054688,360.30560302734375,360.30560302734375,3000.0,3000.0,1050.0,3275.235107421875,0.0,15365.2587890625,1237.634033203125,1237.634033203125,50.0,74.55521392822266,1272.0389404296875,1272.0389404296875,0.0,18283.599609375,458.5823669433594,458.5823669433594,1296.87646484375,1296.87646484375,2559.425048828125,2559.425048828125,,
1963-02-09,0.0,508264.25,378.63543701171875,378.63543701171875,276.56903076171875,276.56903076171875,2952.4013671875,2952.4013671875,1050.0,2252.835205078125,0.0,14486.916015625,908.015380859375,908.015380859375,50.0,50.0,869.3189697265625,869.3189697265625,0.0,18034.361328125,50.0,50.0,622.9522705078125,622.9522705078125,1681.0831298828125,1681.0831298828125,,
1963-02-10,0.0,507409.78125,172.143310546875,172.143310546875,216.07595825195312,216.07595825195312,1050.0,1050.0,1050.0,1398.3651123046875,0.0,14005.8330078125,656.3389282226562,656.3389282226562,50.0,50.0,563.4586791992188,563.4586791992188,0.0,17744.916015625,50.0,50.0,400.0,400.0,1200.0,1200.0,,
1963-02-11,0.0,507061.40625,50.0,50.0,171.6284637451172,171.6284637451172,936.0,936.0,1050.0,1050.0,0.0,14005.8330078125,488.72491455078125,488.72491455078125,50.0,50.0,372.9591369628906,372.9591369628906,0.0,17835.56640625,155.73561096191406,155.73561096191406,400.0,400.0,1200.0,1200.0,,
1963-02-12,0.0,507061.40625,50.0,50.0,133.332763671875,133.332763671875,844.0,844.0,1050.0,1050.0,0.0,14005.8330078125,366.4136657714844,366.4136657714844,50.0,50.0,237.61875915527344,237.61875915527344,0.0,18592.5,1979.1824951171875,4760.0,400.0,400.0,1200.0,1200.0,,
1963-02-13,0.0,507061.40625,50.0,50.0,105.99138641357422,105.99138641357422,836.0,836.0,1050.0,1050.0,0.0,14155.8330078125,268.56219482421875,268.56219482421875,50.0,50.0,127.88983154296875,127.88983154296875,0.0,18458.70703125,288.235595703125,953.1327514648438,1429.5831298828125,5216.00732421875,1350.0,1350.0,,
1963-02-14,0.0,507061.40625,461.7787780761719,2201.97900390625,86.2530288696289,86.2530288696289,780.0,780.0,1050.0,1050.0,0.0,14155.8330078125,193.414306640625,193.414306640625,50.0,50.0,50.0,50.0,0.0,18098.38671875,347.96331787109375,424.1180419921875,400.0,564.635986328125,1350.0,1350.0,,
1963-02-15,0.0,507061.40625,50.0,182.86642456054688,73.58951568603516,73.58951568603516,719.0,719.0,1050.0,1050.0,0.0,14155.8330078125,152.38601684570312,152.38601684570312,50.0,50.0,50.0,50.0,0.0,18390.41796875,395.9170837402344,395.9170837402344,400.0,400.0,1350.0,1350.0,,
1963-02-16,0.0,507061.40625,50.0,50.0,207.83189392089844,207.83189392089844,677.0,677.0,1050.0,1050.0,0.0,14155.8330078125,533.58251953125,546.5157470703125,50.0,50.0,172.0858154296875,172.0858154296875,0.0,18487.232421875,422.14166259765625,422.14166259765625,400.0,400.0,1350.0,1350.0,,
1963-02-17,0.0,507061.40625,50.0,50.0,185.90237426757812,2506.692626953125,677.0,677.0,1050.0,1050.0,0.0,14155.8330078125,370.3022766113281,3618.573974609375,50.0,50.0,759.1923828125,3374.74658203125,0.0,18627.0546875,449.64166259765625,449.64166259765625,400.0,400.0,1350.0,1350.0,,
1963-02-18,0.0,507061.40625,50.0,1041.4830322265625,75.0,575.7937622070312,2500.0,2500.0,1050.0,1050.0,0.0,14155.8330078125,190.0,2440.772216796875,50.0,244.27366638183594,50.0,1069.4013671875,0.0,18297.900390625,50.0,1722.638671875,400.0,400.0,1350.0,1350.0,,
1963-02-19,0.0,507061.40625,50.0,1538.94970703125,621.00244140625,2592.914306640625,3000.0,3000.0,1050.0,1050.0,0.0,14155.8330078125,2801.597412109375,3862.85400390625,50.0,1234.004638671875,1298.1474609375,3438.49951171875,0.0,16187.2998046875,50.0,3899.02197265625,400.0,446.29150390625,1350.0,1350.0,,
1963-02-20,0.0,507061.40625,1069.1474609375,2682.601318359375,75.0,401.8114929199219,2090.0,2090.0,1050.0,1050.0,0.0,14155.8330078125,190.0,1669.328857421875,50.0,941.2609252929688,50.0,981.9293212890625,0.0,17657.69921875,50.0,3762.685546875,400.0,400.0,1350.0,1350.0,,
1963-02-21,0.0,507061.40625,50.0,645.8121948242188,399.5997619628906,2614.900146484375,1620.0,1620.0,1050.0,1050.0,0.0,14155.8330078125,1412.59765625,4095.7119140625,50.0,676.827392578125,928.4995727539062,3520.815185546875,0.0,17942.69921875,3246.952392578125,10000.0,400.0,400.0,1350.0,1350.0,,
1963-02-22,0.0,507061.40625,50.0,579.6121826171875,75.0,303.65679931640625,1390.0,1390.0,1050.0,1050.0,0.0,14155.8330078125,190.0,1266.3651123046875,50.0,440.9037780761719,50.0,538.494384765625,0.0,18044.900390625,50.0,1822.8765869140625,400.0,400.0,1350.0,1350.0,,
1963-02-23,0.0,507061.40625,50.0,470.72607421875,337.6000061035156,2648.795166015625,1200.0,1200.0,1050.0,1050.0,0.0,14155.8330078125,1092.4976806640625,4309.99755859375,50.0,246.2766876220703,50.0,489.12744140625,0.0,18258.400390625,50.0,1497.615478515625,400.0,400.0,1350.0,1350.0,,
1963-02-24,0.0,507061.40625,50.0,366.4149475097656,75.0,253.63009643554688,1060.0,1060.0,1050.0,1050.0,0.0,14155.8330078125,190.0,785.1206665039062,50.0,215.40988159179688,50.0,368.8895263671875,0.0,18362.69921875,50.0,1139.515380859375,400.0,400.0,1350.0,1350.0,,
1963-02-25,0.0,507061.40625,50.0,271.7816162109375,75.0,278.2124938964844,981.0,981.0,1050.0,1050.0,0.0,14155.8330078125,771.2990112304688,4525.71337890625,50.0,186.22238159179688,50.0,448.2568054199219,0.0,18442.5,50.0,819.8154296875,400.0,400.0,1350.0,1350.0,,
1963-02-26,0.0,507061.40625,50.0,314.9871520996094,339.99951171875,2703.566650390625,1220.0,1220.0,1050.0,1050.0,0.0,14155.8330078125,190.0,897.2659912109375,50.0,250.25637817382812,50.0,406.89239501953125,0.0,18317.0,50.0,1200.1822509765625,400.0,400.0,1350.0,1350.0,,
1963-02-27,0.0,507061.40625,50.0,235.60940551757812,75.0,263.9263916015625,1110.0,1110.0,1050.0,1050.0,0.0,14155.8330078125,977.8959350585938,4737.13916015625,50.0,323.09228515625,50.0,320.24859619140625,0.0,18377.599609375,50.0,1077.84326171875,400.0,400.0,1350.0,1350.0,,
1963-02-28,0.0,507061.40625,50.0,149.28163146972656,75.0,272.5965576171875,1030.0,1030.0,1050.0,1050.0,0.0,14155.8330078125,190.0,780.759765625,50.0,376.08233642578125,50.0,240.6188201904297,0.0,18511.19921875,50.0,760.4376220703125,400.0,400.0,1350.0,1350.0,,
1963-03-01,0.0,507061.40625,50.0,98.05107116699219,286.499267578125,2750.861572265625,1050.0,1050.0,1050.0,1050.0,0.0,14155.8330078125,937.5,4928.5712890625,50.0,407.7424011230469,50.0,116.44570922851562,0.0,18447.0,50.0,716.5098876953125,486.49072265625,486.49072265625,1350.0,1350.0,,
1963-03-02,0.0,507061.40625,50.0,99.48719024658203,75.0,274.4494934082031,990.0,990.0,1050.0,1050.0,0.0,14155.8330078125,190.0,856.3624877929688,50.0,387.1430358886719,50.0,218.66879272460938,0.0,18273.19921875,50.0,927.1737670898438,480.7715148925781,480.7715148925781,1350.0,1350.0,,
1963-03-03,0.0,507061.40625,50.0,103.3538589477539,316.1869812011719,2781.797607421875,909.0,909.0,1050.0,1050.0,0.0,14155.8330078125,927.5040893554688,5000.0,50.0,333.2036437988281,50.0,177.32815551757812,0.0,18225.19921875,50.0,1078.45703125,472.3037414550781,472.3037414550781,1350.0,1350.0,,
1963-03-04,0.0,507061.40625,50.0,66.8038558959961,75.0,234.52606201171875,836.0,836.0,1050.0,1050.0,0.0,14155.8330078125,190.0,725.2651977539062,50.0,266.5896911621094,50.0,50.0,0.0,18359.900390625,50.0,1157.4654541015625,471.28582763671875,471.28582763671875,1350.0,1350.0,,
1963-03-05,0.0,507061.40625,50.0,50.0,75.0,226.59410095214844,796.0,796.0,1050.0,1050.0,0.0,14155.8330078125,705.597412109375,5000.0,50.0,197.5200653076172,50.0,50.0,0.0,18457.69921875,50.0,1155.548828125,472.10040283203125,472.10040283203125,1350.0,1350.0,,
1963-03-06,0.0,507061.40625,50.0,50.0,75.0,214.67189025878906,756.0,756.0,1050.0,1050.0,0.0,14155.8330078125,190.0,518.560791015625,50.0,133.83792114257812,50.0,50.0,0.0,18537.19921875,149.9416961669922,1178.41552734375,473.9547424316406,473.9547424316406,1350.0,1350.0,,
1963-03-07,0.0,507061.40625,50.0,50.0,194.4163360595703,2837.240966796875,719.0,719.0,1050.0,1050.0,0.0,14155.8330078125,190.0,479.7552185058594,50.0,75.370849609375,50.0,50.0,0.0,18591.69921875,1148.8016357421875,10000.0,480.6129150390625,480.6129150390625,1350.0,1350.0,,
1963-03-08,0.0,507061.40625,50.0,50.0,75.0,148.15533447265625,684.0,684.0,1050.0,1050.0,0.0,14155.8330078125,190.0,429.55523681640625,50.0,50.0,50.0,50.0,0.0,18612.5,263.3416442871094,732.6510620117188,489.0360412597656,489.0360412597656,1350.0,1350.0,,
1963-03-09,0.0,507061.40625,50.0,50.0,75.0,119.6761703491211,649.0,649.0,1050.0,1050.0,0.0,14155.8330078125,190.0,368.5218811035156,50.0,50.0,50.0,50.0,0.0,18658.0,317.1416320800781,630.0038452148438,499.6932678222656,499.6932678222656,1350.0,1350.0,,
1963-03-10,0.0,507061.40625,50.0,50.0,75.0,97.89700317382812,614.0,614.0,1050.0,1050.0,0.0,14155.8330078125,190.0,301.8746643066406,50.0,50.0,50.0,50.0,0.0,18682.400390625,357.7416687011719,489.7232666015625,516.08154296875,516.08154296875,1350.0,1350.0,,
1963-03-11,0.0,507061.40625,50.0,50.0,75.0,75.0,614.0,614.0,1050.0,1050.0,0.0,14155.8330078125,190.0,273.94134521484375,50.0,50.0,50.0,50.0,0.0,18705.30078125,311.1416320800781,383.176025390625,532.391845703125,532.391845703125,1350.0,1350.0,,
1963-03-12,0.0,507061.40625,50.0,50.0,75.0,75.0,607.0,607.0,1050.0,1050.0,0.0,14155.8330078125,190.0,242.37466430664062,50.0,50.0,50.0,50.0,0.0,18670.69921875,317.1416320800781,317.1416320800781,545.8486938476562,545.8486938476562,1350.0,1350.0,,
1963-03-13,0.0,507061.40625,50.0,50.0,75.0,75.0,576.0,576.0,1050.0,1050.0,0.0,14155.8330078125,190.0,190.0,50.0,50.0,50.0,50.0,0.0,18726.599609375,352.9416809082031,352.9416809082031,560.2799072265625,560.2799072265625,1350.0,1350.0,,
1963-03-14,0.0,507061.40625,50.0,50.0,75.0,75.0,576.0,576.0,1050.0,1050.0,0.0,14155.8330078125,190.0,190.30662536621094,50.0,50.0,50.0,50.0,0.0,18721.19921875,352.991455078125,352.991455078125,573.8157958984375,573.8157958984375,1350.0,1350.0,,
1963-03-15,0.0,507061.40625,50.0,50.0,75.0,75.0,564.0,564.0,1050.0,1050.0,0.0,14155.8330078125,190.0,190.72743225097656,120.0,120.0,50.0,50.0,0.0,18685.900390625,376.2458190917969,376.2458190917969,588.6082153320312,588.6082153320312,1350.0,1350.0,,
1963-03-16,0.0,507511.40625,50.0,50.0,75.0,75.0,570.0,570.0,1500.0,1500.0,0.0,14155.8330078125,190.0,253.4607696533203,120.0,120.0,50.0,50.0,0.0,18641.599609375,1053.5458984375,1053.5458984375,597.1697387695312,597.1697387695312,1350.0,1350.0,,
1963-03-17,0.0,507511.40625,50.0,50.0,75.0,75.0,558.0,558.0,1500.0,1500.0,0.0,14155.8330078125,190.0,307.68719482421875,120.0,120.0,50.0,50.0,0.0,18624.30078125,1070.3458251953125,1070.3458251953125,582.9159545898438,582.9159545898438,1350.0,1350.0,,
1963-03-18,0.0,507511.40625,50.0,50.0,75.0,75.0,540.0,540.0,1500.0,1500.0,0.0,14155.8330078125,190.0,267.9955139160156,120.0,120.0,50.0,50.0,0.0,18667.30078125,1092.6494140625,1092.6494140625,567.8928833007812,567.8928833007812,1350.0,1350.0,,
1963-03-19,0.0,507511.40625,50.0,50.0,75.0,75.0,546.0,546.0,1500.0,1500.0,0.0,14155.8330078125,190.0,335.6219177246094,120.0,120.0,50.0,50.0,0.0,18709.80078125,1064.3792724609375,1064.3792724609375,555.8579711914062,555.8579711914062,1350.0,1350.0,,
1963-03-20,0.0,507511.40625,50.0,50.0,75.0,75.0,570.0,570.0,1500.0,1500.0,0.0,14155.8330078125,190.0,476.6816101074219,120.0,120.0,50.0,50.0,0.0,18711.099609375,995.0484619140625,995.0484619140625,545.2225952148438,545.2225952148438,1350.0,1350.0,,
1963-03-21,0.0,507511.40625,50.0,50.0,75.0,75.0,607.0,607.0,1500.0,1500.0,0.0,14155.8330078125,190.0,640.123291015625,120.0,120.0,50.0,50.0,0.0,18703.599609375,941.3485107421875,941.3485107421875,532.9916381835938,532.9916381835938,1350.0,1350.0,,
1963-03-22,0.0,507511.40625,50.0,50.0,75.0,75.0,642.0,642.0,1500.0,1500.0,0.0,14155.8330078125,190.0,678.431640625,120.0,120.0,50.0,50.0,0.0,18661.900390625,904.3792724609375,904.3792724609375,519.1864013671875,519.1864013671875,1350.0,1350.0,,
1963-03-23,0.0,507511.40625,50.0,50.0,75.0,75.0,656.0,656.0,1500.0,1500.0,0.0,14155.8330078125,686.9031982421875,5000.0,120.0,120.0,50.0,50.0,0.0,18617.69921875,854.74169921875,854.74169921875,506.3502502441406,506.3502502441406,1350.0,1350.0,,
1963-03-24,0.0,507511.40625,50.0,50.0,75.0,75.0,635.0,635.0,1500.0,1500.0,0.0,14155.8330078125,190.0,492.22711181640625,120.0,120.0,50.0,50.0,0.0,18512.099609375,873.8416748046875,873.8416748046875,493.81463623046875,493.81463623046875,1350.0,1350.0,,
1963-03-25,0.0,507511.40625,50.0,50.0,75.0,75.0,607.0,607.0,1500.0,1500.0,0.0,14155.8330078125,190.0,437.7104187011719,120.0,120.0,50.0,50.0,0.0,18575.5,914.4417114257812,914.4417114257812,482.91668701171875,482.91668701171875,1350.0,1350.0,,
1963-03-26,0.0,507511.40625,50.0,50.0,75.0,75.0,600.0,600.0,1500.0,1500.0,0.0,14155.8330078125,190.0,397.3271179199219,120.0,120.0,50.0,50.0,0.0,18620.5,953.4044189453125,953.4044189453125,471.4482421875,471.4482421875,1350.0,1350.0,,
1963-03-27,0.0,507511.40625,50.0,50.0,75.0,75.0,670.0,670.0,1500.0,1500.0,0.0,14155.8330078125,190.0,473.54376220703125,120.0,120.0,50.0,50.0,0.0,18603.099609375,822.7433471679688,822.7433471679688,462.7039489746094,462.7039489746094,1350.0,1350.0,,
1963-03-28,0.0,507511.40625,50.0,50.0,75.0,151.10533142089844,733.0,733.0,1500.0,1500.0,0.0,14155.8330078125,190.0,684.1437377929688,120.0,120.0,50.0,50.0,0.0,18454.099609375,629.3433227539062,629.3433227539062,449.5406188964844,449.5406188964844,1350.0,1350.0,,
1963-03-29,0.0,507511.40625,50.0,50.0,75.0,904.9844360351562,909.0,909.0,1500.0,1500.0,0.0,14155.8330078125,2073.49658203125,2450.111083984375,120.0,120.0,50.0,2320.51416015625,0.0,17427.80078125,50.0,50.0,433.9185791015625,433.9185791015625,1350.0,1350.0,,
1963-03-30,0.0,507511.40625,50.0,659.6038208007812,1343.9619140625,1343.9619140625,1350.0,1350.0,1500.0,1500.0,0.0,15505.8330078125,190.0,2683.79541015625,120.0,430.12548828125,50.0,3334.83837890625,0.0,15073.2998046875,50.0,1728.373291015625,403.01165771484375,403.01165771484375,2700.0,2700.0,,
1963-03-31,0.0,507511.40625,50.0,594.114990234375,965.1567993164062,965.1567993164062,1240.0,1240.0,1500.0,1500.0,0.0,17801.22265625,2892.4658203125,4807.537109375,120.0,830.912353515625,3489.808349609375,3489.808349609375,0.0,16816.19921875,50.0,1433.806640625,400.0,400.0,4995.39013671875,4995.39013671875,,
1963-04-01,0.0,507511.40625,50.0,476.7066345214844,751.064697265625,751.064697265625,999.0,999.0,1500.0,1500.0,0.0,15952.236328125,190.0,1635.8939208984375,120.0,703.4109497070312,2662.5029296875,2662.5029296875,0.0,17637.0,50.0,1295.4732666015625,400.0,400.0,3146.40283203125,3146.40283203125,,
1963-04-02,0.0,507511.40625,50.0,448.498291015625,609.6699829101562,609.6699829101562,876.0,876.0,1500.0,1500.0,0.0,15486.1708984375,1285.9990234375,5000.0,120.0,809.3946533203125,1991.029296875,1991.029296875,0.0,17987.599609375,206.643310546875,1272.806640625,400.0,400.0,2680.337158203125,2680.337158203125,,
1963-04-03,0.0,507511.40625,50.0,527.9427490234375,527.0641479492188,527.0641479492188,892.0,892.0,1500.0,1500.0,0.0,15557.7109375,190.0,942.7034912109375,120.0,911.03076171875,1688.0142822265625,1688.0142822265625,0.0,18257.099609375,170.8433837890625,1591.175537109375,400.0,400.0,2751.877685546875,2751.877685546875,,
1963-04-04,0.0,507511.40625,1050.064697265625,3705.999755859375,542.2947998046875,542.2947998046875,1370.0,1370.0,1500.0,1500.0,0.0,15985.2490234375,1531.005859375,5000.0,120.0,1121.1881103515625,1561.8265380859375,1561.8265380859375,0.0,17688.099609375,50.0,3898.172119140625,400.0,400.0,3179.415771484375,3179.415771484375,,
1963-04-05,0.0,507511.40625,50.0,1044.737548828125,538.7872314453125,538.7872314453125,1750.0,1750.0,1500.0,1500.0,0.0,16604.314453125,190.0,2049.767822265625,120.0,1121.362060546875,1491.9527587890625,1491.9527587890625,0.0,17944.0,4431.91748046875,4431.91748046875,400.0,400.0,3798.48095703125,3798.48095703125,,
1963-04-06,0.0,507511.40625,2322.996826171875,3734.99951171875,753.3292236328125,2824.450927734375,2360.0,2360.0,1500.0,1500.0,0.0,17863.994140625,2674.997314453125,5000.0,120.0,1046.83984375,1343.17138671875,1343.17138671875,0.0,16976.19921875,4011.658935546875,4011.658935546875,400.0,400.0,5058.16064453125,5058.16064453125,,
1963-04-07,0.0,507511.40625,50.0,1440.4422607421875,75.0,650.8333740234375,1910.0,1910.0,1500.0,1500.0,0.0,17413.88671875,190.0,1959.5009765625,120.0,936.6712036132812,1141.83544921875,1141.83544921875,0.0,18003.80078125,3390.54052734375,3390.54052734375,400.0,400.0,4608.052734375,4608.052734375,,
1963-04-08,0.0,507511.40625,1093.993408203125,3761.665771484375,637.9950561523438,3000.0,1520.0,1520.0,1500.0,1500.0,0.0,16695.849609375,1641.9957275390625,5071.9970703125,120.0,860.5369873046875,1038.7139892578125,1038.7139892578125,0.0,18157.19921875,2828.6796875,2828.6796875,400.0,400.0,3890.016845703125,3890.016845703125,,
1963-04-09,0.0,507511.40625,50.0,849.4400634765625,75.0,663.2606201171875,1330.0,1330.0,1500.0,1500.0,0.0,16525.837890625,190.0,1717.4998779296875,120.0,794.376708984375,1221.5797119140625,1221.5797119140625,0.0,18101.900390625,2335.361328125,2335.361328125,400.0,400.0,3720.00537109375,3720.00537109375,,
1963-04-10,0.0,507511.40625,831.352294921875,3788.5009765625,745.9981689453125,3000.0,1200.0,1200.0,1500.0,1500.0,0.0,16325.8349609375,1674.9989013671875,5205.4990234375,120.0,718.60009765625,1672.306396484375,4891.4033203125,0.0,18287.69921875,1945.036865234375,1945.036865234375,400.0,400.0,3520.001708984375,3520.001708984375,,
1963-04-11,0.0,507511.40625,50.0,577.6654663085938,75.0,584.1362915039062,1080.0,1080.0,1500.0,1500.0,0.0,15875.833984375,190.0,1395.829833984375,120.0,630.5144653320312,2143.5771484375,4883.89111328125,0.0,18377.900390625,1669.3233642578125,1669.3233642578125,400.0,400.0,3070.00048828125,3070.00048828125,,
1963-04-12,0.0,507511.40625,601.7904663085938,3813.08984375,825.000732421875,3000.0,990.0,990.0,1500.0,1500.0,0.0,15855.8330078125,1408.995361328125,5334.4970703125,120.0,587.7991333007812,50.0,2631.5537109375,0.0,18397.599609375,1623.41943359375,1623.41943359375,400.0,400.0,3050.000244140625,3050.000244140625,,
1963-04-13,0.0,507511.40625,50.0,466.61029052734375,75.0,749.6505126953125,945.0,945.0,1500.0,1500.0,0.0,15495.8330078125,190.0,1166.8275146484375,120.0,670.6471557617188,1726.334228515625,4936.46875,0.0,18381.69921875,1813.6019287109375,1813.6019287109375,400.0,400.0,2690.0,2690.0,,
1963-04-14,0.0,507511.40625,50.0,634.3880615234375,876.0020751953125,3000.0,990.0,990.0,1500.0,1500.0,0.0,15755.8330078125,1765.00634765625,5463.50390625,120.0,731.9039916992188,50.0,2462.855712890625,0.0,18434.900390625,2595.69287109375,4000.0,400.0,400.0,2950.0,2950.0,,
1963-04-15,0.0,507511.40625,744.647705078125,3853.165771484375,75.0,1138.94580078125,1060.0,1060.0,1500.0,1500.0,0.0,14280.8330078125,190.0,2439.834716796875,120.0,782.0836791992188,3455.57080078125,4978.82421875,0.0,17734.400390625,50.0,2941.48974609375,400.0,400.0,1475.0,1475.0,,
1963-04-16,0.0,507511.40625,50.0,528.5429077148438,1166.0015869140625,2982.6376953125,999.0,999.0,1500.0,1500.0,0.0,14155.8330078125,2194.0029296875,5592.501953125,120.0,820.9853515625,50.0,3111.96142578125,0.0,17807.19921875,50.0,2554.6279296875,400.0,400.0,1350.0,1350.0,,
1963-04-17,0.0,507511.40625,50.0,537.3345336914062,75.0,917.6177368164062,945.0,945.0,1500.0,1500.0,0.0,14155.8330078125,190.0,1807.83251953125,120.0,962.5637817382812,2909.572021484375,5000.0,0.0,17808.30078125,50.0,2177.138916015625,400.0,400.0,1350.0,1350.0,,
1963-04-18,0.0,507511.40625,552.7529296875,3891.3330078125,958.9996337890625,3000.0,927.0,927.0,1500.0,1500.0,0.0,14155.8330078125,1843.9993896484375,5721.49951171875,120.0,993.1848754882812,1695.5003662109375,4999.12939453125,0.0,17879.900390625,50.0,2175.736083984375,400.0,400.0,1350.0,1350.0,,
1963-04-19,0.0,507511.40625,50.0,459.251953125,75.0,1107.6497802734375,945.0,945.0,1500.0,1500.0,0.0,14155.8330078125,190.0,2190.830078125,120.0,899.604248046875,455.4409484863281,4998.54931640625,0.0,17897.400390625,50.0,2301.440185546875,400.0,400.0,1350.0,1350.0,,
1963-04-20,0.0,507511.40625,50.0,475.376953125,907.997802734375,3000.0,884.0,884.0,1500.0,1500.0,0.0,14155.8330078125,1827.9959716796875,5850.49755859375,120.0,767.5337524414062,1239.6424560546875,4998.16259765625,0.0,17998.30078125,230.5433349609375,2044.2833251953125,400.0,400.0,1350.0,1350.0,,
1963-04-21,0.0,507511.40625,456.8074951171875,3929.17724609375,75.0,794.9429931640625,820.0,820.0,1500.0,1500.0,0.0,14155.8330078125,190.0,1292.1473388671875,120.0,696.455810546875,1455.2039794921875,4997.90478515625,0.0,18144.400390625,446.6771545410156,1700.022216796875,400.0,400.0,1350.0,1350.0,,
1963-04-22,0.0,507511.40625,50.0,310.58001708984375,635.9950561523438,3000.0,772.0,772.0,1500.0,1500.0,0.0,14155.8330078125,1332.0,5975.0,120.0,692.40380859375,1065.5576171875,4997.7333984375,0.0,18281.400390625,602.4061889648438,1522.865234375,400.0,400.0,1350.0,1350.0,,
1963-04-23,0.0,507511.40625,50.0,328.70501708984375,75.0,601.0841674804688,772.0,772.0,1500.0,1500.0,0.0,14155.8330078125,190.0,1403.1666259765625,120.0,656.3866577148438,933.4666137695312,4997.61865234375,0.0,18369.400390625,621.7633056640625,1442.884765625,400.0,414.1080017089844,1350.0,1350.0,,
1963-04-24,0.0,507511.40625,50.0,360.83001708984375,651.0022583007812,3000.0,804.0,804.0,1500.0,1500.0,0.0,14155.8330078125,1730.9969482421875,6094.998046875,120.0,625.2174682617188,848.74755859375,4997.54248046875,0.0,18351.599609375,559.6632690429688,1525.727783203125,400.0,565.03857421875,1350.0,1350.0,,
1963-04-25,0.0,507511.40625,50.0,380.26055908203125,75.0,516.466796875,796.0,796.0,1500.0,1500.0,0.0,14155.8330078125,190.0,1418.1646728515625,120.0,628.2449340820312,894.2979736328125,4997.49169921875,0.0,18398.5,621.7263793945312,1375.71240234375,400.0,686.9691162109375,1350.0,1350.0,,
1963-04-26,0.0,507511.40625,50.0,437.0939025878906,532.9967041015625,3000.0,820.0,820.0,1500.0,1500.0,0.0,14155.8330078125,1563.993408203125,6214.99609375,120.0,591.7896728515625,328.97198486328125,4997.45751953125,0.0,18439.30078125,584.6073608398438,1467.6611328125,422.94903564453125,806.2330322265625,1350.0,1350.0,,
1963-04-27,0.0,507511.40625,469.0933532714844,4000.0,75.0,434.3033752441406,836.0,836.0,1500.0,1500.0,0.0,14155.8330078125,190.0,1585.5067138671875,120.0,592.15283203125,437.82373046875,4997.43505859375,0.0,18455.30078125,605.947998046875,1386.4688720703125,1402.0,1402.0,1350.0,1350.0,,
1963-04-28,0.0,507511.40625,50.0,337.0622253417969,441.0,3000.0,828.0,828.0,1500.0,1500.0,0.0,14155.8330078125,1492.993408203125,6327.49609375,120.0,574.5880126953125,534.7735595703125,4997.419921875,0.0,18525.599609375,660.4772338867188,1330.0196533203125,1350.0,1350.0,1350.0,1350.0,,
1963-04-29,0.0,507511.40625,50.0,462.39556884765625,75.0,403.3055419921875,954.0,954.0,1500.0,1500.0,0.0,14155.8330078125,190.0,1726.5067138671875,120.0,564.0358276367188,534.7738647460938,4997.41015625,0.0,18575.80078125,433.5433349609375,1586.94384765625,1560.0,1560.0,1350.0,1350.0,,
1963-04-30,0.0,507511.40625,50.0,576.5205688476562,431.0032958984375,3000.0,1040.0,1040.0,1500.0,1500.0,0.0,14155.8330078125,1714.993408203125,6439.99609375,120.0,803.1766357421875,1947.784423828125,4997.4033203125,0.0,18544.69921875,344.42596435546875,1766.490478515625,1613.0,1613.0,1350.0,1350.0,,
1963-05-01,0.0,507584.40625,666.5419311523438,4000.0,75.0,417.3077392578125,1080.0,1080.0,1646.0,1646.0,0.0,14155.8330078125,190.0,1438.81787109375,120.0,736.7551879882812,684.059814453125,4997.39892578125,0.0,18589.30078125,287.4418640136719,2174.11767578125,1800.0,1800.0,1350.0,1350.0,,
1963-05-02,0.0,507584.40625,50.0,1105.1529541015625,843.9959106445312,3000.0,300.0,300.0,1646.0,1646.0,0.0,14155.8330078125,2315.993408203125,6500.0,120.0,1270.8382568359375,629.4530639648438,4996.93115234375,0.0,18310.900390625,50.0,3657.073486328125,1835.0,1835.0,1350.0,1350.0,,
1963-05-03,0.0,507584.40625,1114.069091796875,4000.0,75.0,873.9334106445312,300.0,300.0,1646.0,1646.0,0.0,14155.8330078125,190.0,2969.81787109375,120.0,1340.0491943359375,677.461181640625,4996.619140625,0.0,17919.599609375,50.0,3348.848876953125,2387.0,2387.0,1350.0,1350.0,,
1963-05-04,0.0,507584.40625,50.0,787.1710815429688,657.9977416992188,3000.0,300.0,300.0,1646.0,1646.0,0.0,14155.8330078125,2078.99609375,6500.0,120.0,1604.9605712890625,625.5161743164062,4996.41162109375,0.0,18281.19921875,50.0,2584.736572265625,2073.0,2073.0,1350.0,1350.0,,
1963-05-05,0.0,507584.40625,1256.61474609375,4000.0,75.0,1182.9345703125,300.0,300.0,1646.0,1646.0,0.0,14155.8330078125,190.0,3162.508544921875,120.0,1471.4583740234375,1570.398681640625,4996.27294921875,0.0,18572.099609375,50.0,3735.046630859375,2739.0,2739.0,1350.0,1350.0,,
1963-05-06,0.0,509368.625,50.0,2190.201416015625,765.1161499023438,765.1161499023438,300.0,300.0,3430.225830078125,3430.225830078125,0.0,14371.478515625,1657.751708984375,1657.751708984375,120.0,3192.103515625,3363.6201171875,3997.79345703125,0.0,16049.7998046875,50.0,5932.2431640625,4021.504150390625,4021.504150390625,1565.64501953125,1565.64501953125,,
1963-05-07,0.0,512351.40625,2077.449462890625,4000.0,1534.176513671875,1534.176513671875,300.0,300.0,6413.0,6413.0,0.0,19870.7109375,3496.357177734375,3496.357177734375,120.0,2568.08154296875,4193.16357421875,4193.16357421875,0.0,15409.7998046875,4886.27294921875,4886.27294921875,4559.513671875,4559.513671875,1200.0,7064.87646484375,,
1963-05-08,0.0,510911.40625,50.0,1275.327392578125,1835.864013671875,1835.864013671875,300.0,300.0,4973.0,4973.0,0.0,24719.091796875,5580.18896484375,5580.18896484375,120.0,2135.3876953125,3367.59130859375,4998.4228515625,0.0,17395.900390625,4250.8486328125,4250.8486328125,6719.982421875,6719.982421875,11913.259765625,11913.259765625,,
1963-05-09,0.0,509914.40625,993.5382690429688,4000.0,1389.8778076171875,1389.8778076171875,300.0,300.0,3976.0,3976.0,0.0,25962.724609375,4212.76953125,4212.76953125,120.0,1846.925048828125,1957.6561279296875,4997.61328125,0.0,17934.69921875,3747.232421875,3747.232421875,2976.0,2976.0,13156.890625,13156.890625,,
1963-05-10,0.0,509556.40625,50.0,699.1505126953125,1062.03662109375,1062.03662109375,300.0,300.0,3618.0,3618.0,0.0,27208.69140625,3295.367919921875,3295.367919921875,120.0,1654.61669921875,1582.9337158203125,4997.07373046875,0.0,18057.0,3308.155029296875,3308.155029296875,2486.0,2486.0,14402.857421875,14402.857421875,,
1963-05-11,0.0,509692.40625,719.4110107421875,4000.0,817.6482543945312,817.6482543945312,300.0,300.0,3754.0,3754.0,0.0,20007.26171875,2570.4150390625,2570.4150390625,120.0,1463.077880859375,1332.1875,4996.71435546875,0.0,18157.19921875,2918.77001953125,2918.77001953125,2405.0,2405.0,7201.4287109375,7201.4287109375,,
1963-05-12,0.0,509404.40625,609.6072998046875,4000.0,635.7339477539062,635.7339477539062,300.0,300.0,3466.0,3466.0,0.0,19568.46484375,1988.085205078125,1988.085205078125,120.0,1267.38525390625,883.7181396484375,4996.47509765625,0.0,18193.5,2592.51318359375,2592.51318359375,2182.0,2182.0,6762.63037109375,6762.63037109375,,
1963-05-13,0.0,509030.40625,538.7382202148438,4000.0,495.7911071777344,495.7911071777344,300.0,300.0,3092.0,3092.0,0.0,18197.32421875,1570.5784912109375,1570.5784912109375,120.0,1090.9234619140625,744.100830078125,4996.3154296875,0.0,18353.0,2361.675537109375,2361.675537109375,1940.0,1940.0,5391.4912109375,5391.4912109375,,
1963-05-14,0.0,508761.40625,516.4921264648438,4000.0,390.16253662109375,390.16253662109375,300.0,300.0,2823.0,2823.0,0.0,17682.56640625,1239.86083984375,1239.86083984375,120.0,940.6156616210938,635.9948120117188,4996.208984375,0.0,18440.400390625,2157.78369140625,2157.78369140625,1769.0,1769.0,4876.73193359375,4876.73193359375,,
1963-05-15,0.0,508903.40625,522.6614379882812,4000.0,341.7750244140625,341.7750244140625,300.0,300.0,2965.0,2965.0,0.0,17661.169921875,1032.7437744140625,1032.7437744140625,120.0,818.7437744140625,441.2530517578125,4996.13818359375,0.0,18527.5,2025.1890869140625,2025.1890869140625,1648.0,1648.0,4855.33740234375,4855.33740234375,,
1963-05-16,0.0,508624.40625,494.10760498046875,4000.0,309.5166931152344,309.5166931152344,300.0,300.0,2686.0,2686.0,0.0,17014.392578125,886.6561889648438,886.6561889648438,120.0,724.1625366210938,480.7854309082031,4996.0908203125,0.0,18576.19921875,1921.7232666015625,1970.1260986328125,1615.0,1615.0,4208.55908203125,4208.55908203125,,
1963-05-17,0.0,508334.40625,528.7384033203125,4000.0,280.3444519042969,280.3444519042969,300.0,300.0,2396.0,2396.0,0.0,17097.353515625,758.6072998046875,758.6072998046875,120.0,643.441650390625,400.4801330566406,4996.05908203125,0.0,18671.599609375,1858.347900390625,1913.4173583984375,1772.0,1772.0,4291.52099609375,4291.52099609375,,
1963-05-18,0.0,508948.40625,588.4922485351562,4000.0,250.89630126953125,250.89630126953125,300.0,300.0,3010.0,3010.0,0.0,17595.970703125,747.7381591796875,747.7381591796875,120.0,574.29443359375,325.2813415527344,4996.0380859375,0.0,18693.900390625,1828.9449462890625,1828.9449462890625,2053.0,2053.0,4790.13720703125,4790.13720703125,,
1963-05-19,0.0,508950.40625,563.3281860351562,4000.0,227.93087768554688,227.93087768554688,300.0,300.0,3012.0,3012.0,0.0,18298.916015625,708.4921264648438,708.4921264648438,120.0,516.5296630859375,397.1382141113281,4996.0244140625,0.0,18714.69921875,1722.6300048828125,1722.6300048828125,2183.0,2183.0,5493.08203125,5493.08203125,,
1963-05-20,0.0,509366.40625,507.2187805175781,4000.0,210.8844757080078,220.95391845703125,300.0,300.0,3428.0,3428.0,0.0,18383.4453125,668.9947509765625,668.9947509765625,120.0,468.6864318847656,227.97686767578125,4996.01513671875,0.0,18722.900390625,1605.086669921875,1605.086669921875,2210.0,2210.0,5577.61181640625,5577.61181640625,,
1963-05-21,0.0,508899.40625,450.1458740234375,4000.0,191.23316955566406,198.96926879882812,300.0,300.0,2961.0,2961.0,0.0,18263.447265625,603.9965209960938,603.9965209960938,120.0,424.79095458984375,269.9132995605469,4996.0087890625,0.0,18755.80078125,1456.724365234375,1456.724365234375,2158.0,2158.0,5457.61328125,5457.61328125,,
1963-05-22,0.0,508881.40625,422.09722900390625,4000.0,185.64617919921875,185.64617919921875,300.0,300.0,2943.0,2943.0,0.0,18009.1640625,530.664306640625,530.664306640625,120.0,384.5273132324219,273.9039611816406,4996.00439453125,0.0,18781.0,1311.149658203125,1311.149658203125,1999.0,1999.0,5203.33056640625,5203.33056640625,,
1963-05-23,0.0,508340.40625,352.0648193359375,4000.0,165.69467163085938,174.76412963867188,300.0,300.0,2402.0,2402.0,0.0,17207.185546875,466.7762145996094,466.7762145996094,120.0,349.68487548828125,222.8917236328125,4996.001953125,0.0,18788.80078125,1175.0997314453125,1175.0997314453125,1633.0,1633.0,4401.35302734375,4401.35302734375,,
1963-05-24,0.0,508093.40625,307.043212890625,4000.0,161.50941467285156,161.50941467285156,300.0,300.0,2155.0,2155.0,0.0,16406.72265625,430.5174865722656,430.5174865722656,120.0,318.12322998046875,232.89292907714844,4996.0,0.0,18792.099609375,1059.3997802734375,1059.3997802734375,1440.0,1440.0,3600.89013671875,3600.89013671875,,
1963-05-25,0.0,507844.40625,276.02880859375,4000.0,145.67294311523438,145.67294311523438,300.0,300.0,1906.0,1906.0,0.0,16023.3876953125,372.6783142089844,372.6783142089844,120.0,291.4154968261719,161.87738037109375,4995.9990234375,0.0,18802.099609375,962.2665405273438,962.2665405273438,1292.0,1292.0,3217.55419921875,3217.55419921875,,
1963-05-26,0.0,507711.40625,240.0192108154297,4000.0,136.11529541015625,136.11529541015625,300.0,300.0,1773.0,1773.0,0.0,15723.90625,334.1188659667969,334.1188659667969,120.0,268.94366455078125,171.86903381347656,4995.998046875,0.0,18807.19921875,879.5110473632812,879.5110473632812,1126.0,1126.0,2918.072998046875,2918.072998046875,,
1963-05-27,0.0,507793.40625,229.01280212402344,4000.0,119.34075164794922,130.0222625732422,300.0,300.0,1855.0,1855.0,0.0,15364.568359375,300.0097961425781,306.0792541503906,120.0,249.6291046142578,171.86346435546875,4995.99755859375,0.0,18821.5,810.0073852539062,810.0073852539062,1090.0,1090.0,2558.73486328125,2558.73486328125,,
1963-05-28,0.0,507675.40625,213.00852966308594,4000.0,117.0,3000.0,300.0,300.0,1737.0,1737.0,0.0,15409.4072265625,281.0528259277344,281.0528259277344,120.0,233.75274658203125,171.85975646972656,4995.9970703125,0.0,18830.80078125,753.0048828125,753.0048828125,1009.0,1009.0,2603.573486328125,2603.573486328125,,
1963-05-29,0.0,507601.40625,197.0056915283203,4000.0,128.0,3000.0,300.0,300.0,1663.0,1663.0,0.0,15183.935546875,261.03521728515625,261.03521728515625,120.0,220.16848754882812,171.85728454589844,4995.9970703125,0.0,18848.5,730.0999755859375,730.0999755859375,974.0,974.0,2378.10205078125,2378.10205078125,,
1963-05-30,0.0,507584.40625,181.00379943847656,4000.0,106.0,3000.0,300.0,300.0,1646.0,1646.0,0.0,15121.873046875,238.69015502929688,238.69015502929688,120.0,209.11233520507812,126.85564422607422,4995.99658203125,0.0,18865.30078125,762.2999877929688,4000.0,961.0,961.0,2316.039306640625,2316.039306640625,,
1963-05-31,0.0,507584.40625,176.00253295898438,4000.0,125.0,3000.0,300.0,300.0,1646.0,1646.0,0.0,14993.3681640625,232.46009826660156,232.46009826660156,120.0,202.74154663085938,78.85453796386719,4995.99658203125,0.0,18861.099609375,795.7999877929688,4000.0,907.0,907.0,2187.53515625,2187.53515625,,
1963-06-01,0.0,507336.40625,167.00169372558594,4000.0,90.0,3000.0,424.6224365234375,424.6224365234375,1426.0,1426.0,0.0,14869.9736328125,202.57061767578125,219.7118682861328,120.0,190.27476501464844,185.15780639648438,4995.99658203125,0.0,18873.0,902.4000244140625,902.4000244140625,812.0,812.0,2064.14013671875,2064.14013671875,,
1963-06-02,0.0,507336.40625,167.00112915039062,4000.0,111.0,3000.0,424.6224365234375,424.6224365234375,1426.0,1426.0,0.0,14853.8505859375,220.0,6500.0,120.0,190.0,74.35283660888672,4995.626953125,0.0,18889.099609375,883.2999877929688,883.2999877929688,865.0,865.0,2048.016845703125,2048.016845703125,,
1963-06-03,0.0,507336.40625,176.00074768066406,4000.0,113.0,3000.0,424.6224365234375,424.6224365234375,1426.0,1426.0,0.0,14837.2734375,255.0,6500.0,120.0,220.0,88.81051635742188,4995.38037109375,0.0,18849.30078125,823.5999755859375,823.5999755859375,845.0,845.0,2031.4398193359375,2031.4398193359375,,
1963-06-04,0.0,507336.40625,162.00050354003906,4000.0,105.0,3000.0,424.6224365234375,424.6224365234375,1426.0,1426.0,0.0,14795.69140625,265.0,6500.0,120.0,196.0,141.13052368164062,4995.21630859375,0.0,18882.400390625,892.9000244140625,892.9000244140625,818.0,818.0,1989.8583984375,1989.8583984375,,
1963-06-05,0.0,507336.40625,229.00033569335938,4000.0,136.0,3000.0,424.6224365234375,424.6224365234375,1426.0,1426.0,0.0,15110.1796875,397.0,6500.0,120.0,297.0,140.01112365722656,4995.10693359375,0.0,18829.599609375,568.0999755859375,568.0999755859375,982.0,982.0,2304.345947265625,2304.345947265625,,
1963-06-06,0.0,507336.40625,213.00022888183594,4000.0,146.0,3000.0,424.6224365234375,424.6224365234375,1426.0,1426.0,0.0,15020.421875,502.0,6500.0,120.0,293.40277099609375,139.26524353027344,4995.0341796875,0.0,18813.099609375,661.2000122070312,661.2000122070312,942.0,942.0,2214.588623046875,2214.588623046875,,
1963-06-07,0.0,507336.40625,187.00015258789062,4000.0,111.0,3000.0,424.6224365234375,424.6224365234375,1426.0,1426.0,0.0,14989.0703125,397.0,6500.0,120.0,268.9351806640625,138.76824951171875,4994.98583984375,0.0,18836.400390625,771.0999755859375,771.0999755859375,862.0,862.0,2183.2373046875,2183.2373046875,,
1963-06-08,0.0,507336.40625,176.00009155273438,4000.0,111.0,3000.0,424.6224365234375,424.6224365234375,1426.0,1426.0,0.0,14659.05859375,326.0,6500.0,120.0,249.6234588623047,88.41610717773438,4994.95361328125,0.0,18877.099609375,823.5999755859375,823.5999755859375,796.0,796.0,1853.2252197265625,1853.2252197265625,,
1963-06-09,0.0,507336.40625,167.00006103515625,4000.0,116.0,3000.0,424.6224365234375,424.6224365234375,1426.0,1426.0,0.0,14644.6474609375,273.0,6500.0,120.0,230.7489776611328,91.17444610595703,4994.931640625,0.0,18877.30078125,835.5999755859375,835.5999755859375,731.0,731.0,1838.8138427734375,1838.8138427734375,,
1963-06-10,0.0,507336.40625,162.0000457763672,4000.0,96.0,3000.0,424.6224365234375,424.6224365234375,1426.0,1426.0,0.0,14821.560546875,231.0,6500.0,120.0,214.16598510742188,87.02742004394531,4994.91748046875,0.0,18873.5,840.2999877929688,840.2999877929688,718.0,718.0,2015.727294921875,2015.727294921875,,
1963-06-11,0.0,507336.40625,152.00003051757812,4000.0,86.0,3000.0,424.6224365234375,424.6224365234375,1426.0,1426.0,0.0,14652.9599609375,221.0,6500.0,120.0,198.11065673828125,63.811214447021484,4994.90771484375,0.0,18878.0,888.0999755859375,888.0999755859375,700.0,700.0,1847.126953125,1847.126953125,,
1963-06-12,0.0,507336.40625,143.00001525878906,4000.0,81.0,3000.0,424.6224365234375,424.6224365234375,1426.0,1426.0,0.0,14483.1689453125,211.0,6500.0,120.0,184.7404327392578,63.811214447021484,4992.75634765625,0.0,18875.099609375,912.0,912.0,673.0,673.0,1677.3355712890625,1677.3355712890625,,
1963-06-13,0.0,507336.40625,134.00001525878906,4000.0,86.0,3000.0,424.6224365234375,424.6224365234375,1426.0,1426.0,0.0,14440.3701171875,199.90560913085938,6500.0,120.0,171.49362182617188,63.811214447021484,4992.10302734375,0.0,18898.69921875,935.9000244140625,935.9000244140625,630.0,630.0,1634.5367431640625,1634.5367431640625,,
1963-06-14,0.0,507336.40625,129.00001525878906,4000.0,79.90560913085938,3000.0,424.6224365234375,424.6224365234375,1426.0,1426.0,0.0,14369.84765625,199.90560913085938,6500.0,120.0,160.32908630371094,63.811214447021484,4989.78857421875,0.0,18907.69921875,958.5,958.5,626.0,626.0,1564.0145263671875,1564.0145263671875,,
1963-06-15,0.0,507336.40625,120.00000762939453,4000.0,79.90560913085938,3000.0,424.6224365234375,424.6224365234375,1426.0,1426.0,0.0,14276.169921875,199.90560913085938,6500.0,120.0,151.21939086914062,63.811214447021484,4989.07080078125,0.0,18904.5,976.5,976.5,616.0,616.0,1470.336181640625,1470.336181640625,,
1963-06-16,0.0,507336.40625,115.00000762939453,4000.0,79.90560913085938,3000.0,424.6224365234375,424.6224365234375,1426.0,1426.0,0.0,14226.5390625,199.90560913085938,199.90560913085938,120.0,143.47959899902344,63.811214447021484,4988.41845703125,0.0,18916.0,993.2000122070312,993.2000122070312,567.0,567.0,1420.705322265625,1420.705322265625,,
1963-06-17,0.0,507336.40625,108.0,4000.0,79.90560913085938,3000.0,424.6224365234375,424.6224365234375,1426.0,1426.0,0.0,14257.1201171875,199.90560913085938,199.90560913085938,120.0,133.7508544921875,63.811214447021484,4986.17041015625,0.0,18945.900390625,1006.2999877929688,1006.2999877929688,565.0,565.0,1451.2867431640625,1451.2867431640625,,
1963-06-18,0.0,507336.40625,99.0,4000.0,79.90560913085938,3000.0,424.6224365234375,424.6224365234375,1426.0,1426.0,0.0,14155.8330078125,199.90560913085938,199.90560913085938,120.0,128.0,63.811214447021484,63.811214447021484,0.0,18950.30078125,1019.4000244140625,1019.4000244140625,555.0,555.0,1350.0,1350.0,,
1963-06-19,0.0,507336.40625,95.0,4000.0,79.90560913085938,3000.0,424.6224365234375,424.6224365234375,1426.0,1426.0,0.0,14155.8330078125,199.90560913085938,199.90560913085938,120.0,123.0,63.811214447021484,63.811214447021484,0.0,18938.0,1030.199951171875,1030.199951171875,510.0,510.0,1350.0,1350.0,,
1963-06-20,0.0,507336.40625,95.0,4000.0,79.90560913085938,79.90560913085938,424.6224365234375,424.6224365234375,1426.0,1426.0,0.0,14170.4814453125,199.90560913085938,199.90560913085938,120.0,121.0,63.811214447021484,63.811214447021484,0.0,18943.599609375,1023.0,1023.0,652.0,652.0,1364.6485595703125,1364.6485595703125,,
1963-06-21,0.0,507336.40625,124.0,4000.0,79.90560913085938,79.90560913085938,424.6224365234375,424.6224365234375,1426.0,1426.0,0.0,14456.033203125,199.90560913085938,199.90560913085938,120.0,184.0,63.811214447021484,63.811214447021484,0.0,18988.599609375,916.7999877929688,916.7999877929688,474.0,474.0,1650.199462890625,1650.199462890625,,
1963-06-22,0.0,507336.40625,213.0,4000.0,79.90560913085938,162.9183807373047,424.6224365234375,424.6224365234375,1426.0,1426.0,0.0,14784.4892578125,199.90560913085938,388.9498596191406,120.0,468.7361145019531,63.811214447021484,63.811214447021484,0.0,18784.0,613.5,613.5,809.0,809.0,1978.656005859375,1978.656005859375,,
1963-06-23,0.0,507336.40625,171.0,4000.0,151.0,3000.0,424.6224365234375,424.6224365234375,1426.0,1426.0,0.0,14622.5615234375,199.90560913085938,395.9813232421875,120.0,411.4907531738281,63.811214447021484,63.811214447021484,0.0,18839.400390625,765.0999755859375,765.0999755859375,825.0,825.0,1816.7279052734375,1816.7279052734375,,
1963-06-24,0.0,507336.40625,152.0,4000.0,105.0,3000.0,424.6224365234375,424.6224365234375,1426.0,1426.0,0.0,14663.41796875,344.0,6500.0,120.0,358.3271484375,63.811214447021484,63.811214447021484,0.0,18855.599609375,823.5999755859375,823.5999755859375,470.0,470.0,1857.58447265625,1857.58447265625,,
1963-06-25,0.0,507336.40625,143.0,4000.0,95.0,3000.0,424.6224365234375,424.6224365234375,1426.0,1426.0,0.0,14305.6767578125,295.0,6500.0,120.0,312.2181091308594,63.811214447021484,63.811214447021484,0.0,18852.400390625,864.2000122070312,864.2000122070312,594.0,594.0,1499.8431396484375,1499.8431396484375,,
1963-06-26,0.0,507336.40625,134.0,4000.0,80.0,3000.0,424.6224365234375,424.6224365234375,1426.0,1426.0,0.0,14175.9375,230.0,6500.0,120.0,284.81207275390625,63.811214447021484,63.811214447021484,0.0,18856.69921875,902.4000244140625,902.4000244140625,558.0,558.0,1370.10400390625,1370.10400390625,,
1963-06-27,0.0,507336.40625,129.0,4000.0,89.0,3000.0,424.6224365234375,424.6224365234375,1426.0,1426.0,0.0,14310.78125,245.0,6500.0,120.0,286.5413818359375,63.811214447021484,63.811214447021484,0.0,18874.19921875,931.0999755859375,931.0999755859375,480.0,480.0,1504.9483642578125,1504.9483642578125,,
1963-06-28,0.0,507336.40625,129.0,4000.0,146.0,3000.0,424.6224365234375,424.6224365234375,1426.0,1426.0,0.0,14370.2919921875,357.0,6500.0,120.0,257.8744201660156,63.811214447021484,63.811214447021484,0.0,18873.80078125,916.7999877929688,916.7999877929688,628.0,628.0,1564.458984375,1564.458984375,,
1963-06-29,0.0,507336.40625,152.0,4000.0,136.0,3000.0,424.6224365234375,424.6224365234375,1426.0,1426.0,0.0,14427.7421875,483.0,6500.0,120.0,290.0,63.811214447021484,63.811214447021484,0.0,18815.099609375,864.2000122070312,864.2000122070312,595.0,595.0,1621.9090576171875,1621.9090576171875,,
1963-06-30,0.0,507336.40625,162.0,4000.0,116.0,3000.0,424.6224365234375,424.6224365234375,1426.0,1426.0,0.0,14505.00390625,443.0,6500.0,120.0,288.7361145019531,63.811214447021484,63.811214447021484,0.0,18852.80078125,835.5999755859375,835.5999755859375,564.0,564.0,1699.1708984375,1699.1708984375,,
1963-07-01,0.0,507401.40625,148.0,4000.0,96.0,3000.0,332.5280456542969,332.5280456542969,1536.0,1536.0,0.0,14365.7900390625,382.0,6500.0,120.0,264.8240661621094,50.0,50.0,0.0,18834.5,685.2999877929688,685.2999877929688,524.0,524.0,1559.95703125,1559.95703125,,
1963-07-02,0.0,507401.40625,134.0,4000.0,85.0,3000.0,332.5280456542969,332.5280456542969,1536.0,1536.0,0.0,14240.962890625,292.0,6500.0,120.0,243.88272094726562,50.0,50.0,0.0,18856.5,714.0,714.0,546.0,546.0,1435.12939453125,1435.12939453125,,
1963-07-03,0.0,507401.40625,129.0,4000.0,96.0,3000.0,332.5280456542969,332.5280456542969,1536.0,1536.0,0.0,14187.4443359375,267.0,6500.0,120.0,224.92181396484375,50.0,50.0,0.0,18876.599609375,742.5999755859375,742.5999755859375,526.0,526.0,1381.6107177734375,1381.6107177734375,,
1963-07-04,0.0,507401.40625,120.0,4000.0,83.0,3000.0,332.5280456542969,332.5280456542969,1536.0,1536.0,0.0,14155.8330078125,237.0,6500.0,120.0,210.2812042236328,50.0,50.0,0.0,18866.19921875,760.5,760.5,497.0,497.0,1350.0,1350.0,,
1963-07-05,0.0,507401.40625,115.0,4000.0,82.0,3000.0,332.5280456542969,332.5280456542969,1536.0,1536.0,0.0,14155.8330078125,202.0,6500.0,120.0,213.5207977294922,50.0,50.0,0.0,18880.099609375,778.5,778.5,479.0,479.0,1350.0,1350.0,,
1963-07-06,0.0,507401.40625,124.0,4000.0,70.0,3000.0,332.5280456542969,332.5280456542969,1536.0,1536.0,0.0,14155.8330078125,190.0,6500.0,120.0,181.83328247070312,50.0,50.0,0.0,18917.5,760.5,760.5,548.0,548.0,1350.0,1350.0,,
1963-07-07,0.0,507401.40625,129.0,4000.0,80.0,3000.0,332.5280456542969,332.5280456542969,1536.0,1536.0,0.0,14190.4619140625,236.0,6500.0,120.0,220.0,50.0,50.0,0.0,18915.30078125,675.7999877929688,675.7999877929688,582.0,582.0,1384.628662109375,1384.628662109375,,
1963-07-08,0.0,507401.40625,138.0,4000.0,83.0,3000.0,332.5280456542969,332.5280456542969,1536.0,1536.0,0.0,14270.7373046875,211.0,6500.0,120.0,251.73611450195312,50.0,50.0,0.0,18871.80078125,616.0999755859375,616.0999755859375,558.0,558.0,1464.903564453125,1464.903564453125,,
1963-07-09,0.0,507401.40625,129.0,4000.0,62.0,3000.0,332.5280456542969,332.5280456542969,1536.0,1536.0,0.0,14227.2626953125,185.0,6500.0,120.0,220.26388549804688,50.0,50.0,0.0,18862.900390625,675.7999877929688,675.7999877929688,497.0,497.0,1421.4296875,1421.4296875,,
1963-07-10,0.0,507401.40625,138.0,4000.0,71.0,3000.0,332.5280456542969,332.5280456542969,1536.0,1536.0,0.0,14181.611328125,196.0,6500.0,120.0,258.0,50.0,50.0,0.0,18903.599609375,567.0999755859375,567.0999755859375,538.0,538.0,1375.7784423828125,1375.7784423828125,,
1963-07-11,0.0,507401.40625,157.0,4000.0,55.90560531616211,3000.0,332.5280456542969,332.5280456542969,1536.0,1536.0,0.0,14209.7451171875,165.0,6500.0,120.0,260.40277099609375,50.0,50.0,0.0,18755.900390625,499.0999755859375,499.0999755859375,469.0,469.0,1403.91162109375,1403.91162109375,,
1963-07-12,0.0,507401.40625,138.0,4000.0,55.90560531616211,3000.0,332.5280456542969,332.5280456542969,1536.0,1536.0,0.0,14160.2783203125,150.0,6500.0,120.0,236.9351806640625,50.0,50.0,0.0,18810.0,582.5999755859375,582.5999755859375,483.0,483.0,1354.4453125,1354.4453125,,
1963-07-13,0.0,507401.40625,129.0,4000.0,55.90560531616211,3000.0,332.5280456542969,332.5280456542969,1536.0,1536.0,0.0,14155.8330078125,145.0,6500.0,120.0,217.29013061523438,50.0,50.0,0.0,18847.69921875,651.9000244140625,651.9000244140625,439.43365478515625,439.43365478515625,1350.0,1350.0,,
1963-07-14,0.0,507401.40625,120.0,4000.0,55.90560531616211,3000.0,332.5280456542969,332.5280456542969,1536.0,1536.0,0.0,14155.8330078125,148.0,6500.0,120.0,198.19342041015625,50.0,50.0,0.0,18860.80078125,694.9000244140625,694.9000244140625,439.43365478515625,439.43365478515625,1350.0,1350.0,,
1963-07-15,0.0,507201.40625,115.0,4000.0,55.90560531616211,3000.0,332.5280456542969,332.5280456542969,1336.0,1336.0,0.0,14155.8330078125,141.0,6500.0,120.0,181.4622802734375,50.0,50.0,0.0,18854.19921875,723.5,723.5,439.43365478515625,439.43365478515625,1350.0,1350.0,,
1963-07-16,0.0,507201.40625,108.0,4000.0,55.90560531616211,3000.0,332.5280456542969,332.5280456542969,1336.0,1336.0,0.0,14155.8330078125,119.0,6500.0,120.0,166.974853515625,50.0,50.0,0.0,18876.099609375,751.0,751.0,439.43365478515625,439.43365478515625,1350.0,1350.0,,
1963-07-17,0.0,507201.40625,103.0,4000.0,55.90560531616211,3000.0,332.5280456542969,332.5280456542969,1336.0,1336.0,0.0,14155.8330078125,125.0,6500.0,120.0,154.64990234375,50.0,50.0,0.0,18885.099609375,773.7000122070312,773.7000122070312,439.43365478515625,439.43365478515625,1350.0,1350.0,,
1963-07-18,0.0,507201.40625,99.0,4000.0,55.90560531616211,55.90560531616211,332.5280456542969,332.5280456542969,1336.0,1336.0,0.0,14155.8330078125,112.81121063232422,6500.0,120.0,144.0999298095703,50.0,50.0,0.0,18886.80078125,791.5999755859375,791.5999755859375,439.43365478515625,439.43365478515625,1350.0,1350.0,,
1963-07-19,0.0,507201.40625,95.0,4000.0,55.90560531616211,55.90560531616211,332.5280456542969,332.5280456542969,1336.0,1336.0,0.0,14155.8330078125,112.81121063232422,6500.0,120.0,136.39996337890625,50.0,50.0,0.0,18903.099609375,811.9000244140625,811.9000244140625,439.43365478515625,439.43365478515625,1350.0,1350.0,,
1963-07-20,0.0,507201.40625,87.0,4000.0,55.90560531616211,55.90560531616211,332.5280456542969,332.5280456542969,1336.0,1336.0,0.0,14155.8330078125,112.81121063232422,6500.0,120.0,126.5915756225586,50.0,50.0,0.0,18908.900390625,828.5999755859375,828.5999755859375,439.43365478515625,439.43365478515625,1350.0,1350.0,,
1963-07-21,0.0,507201.40625,87.0,4000.0,55.90560531616211,55.90560531616211,332.5280456542969,332.5280456542969,1336.0,1336.0,0.0,14155.8330078125,112.81121063232422,6500.0,120.0,121.0,50.0,50.0,0.0,18907.900390625,844.0999755859375,844.0999755859375,439.43365478515625,439.43365478515625,1350.0,1350.0,,
1963-07-22,0.0,507201.40625,91.0,4000.0,55.90560531616211,55.90560531616211,332.5280456542969,332.5280456542969,1336.0,1336.0,0.0,14155.8330078125,119.25171661376953,6500.0,120.0,130.73611450195312,50.0,50.0,0.0,18914.80078125,808.2999877929688,808.2999877929688,439.43365478515625,439.43365478515625,1350.0,1350.0,,
1963-07-23,0.0,507201.40625,87.0,4000.0,55.90560531616211,55.90560531616211,332.5280456542969,332.5280456542969,1336.0,1336.0,0.0,14155.8330078125,112.81121063232422,6500.0,120.0,123.26388549804688,50.0,50.0,0.0,18899.80078125,844.0999755859375,844.0999755859375,439.43365478515625,439.43365478515625,1350.0,1350.0,,
1963-07-24,0.0,507201.40625,111.0,4000.0,55.90560531616211,55.90560531616211,332.5280456542969,332.5280456542969,1336.0,1336.0,0.0,14155.8330078125,112.81121063232422,6500.0,120.0,120.0,50.0,50.0,0.0,18946.69921875,816.7000122070312,816.7000122070312,439.43365478515625,439.43365478515625,1350.0,1350.0,,
1963-07-25,0.0,507201.40625,91.0,4000.0,55.90560531616211,55.90560531616211,332.5280456542969,332.5280456542969,1336.0,1336.0,0.0,14155.8330078125,112.81121063232422,6500.0,120.0,120.0,50.0,50.0,0.0,18906.900390625,851.2999877929688,851.2999877929688,439.43365478515625,439.43365478515625,1350.0,1350.0,,
1963-07-26,0.0,507201.40625,83.0,4000.0,55.90560531616211,55.90560531616211,332.5280456542969,332.5280456542969,1336.0,1336.0,0.0,14155.8330078125,112.81121063232422,112.81121063232422,120.0,120.0,50.0,50.0,0.0,18932.30078125,870.4000244140625,870.4000244140625,439.43365478515625,439.43365478515625,1350.0,1350.0,,
1963-07-27,0.0,507201.40625,80.0,4000.0,55.90560531616211,55.90560531616211,332.5280456542969,332.5280456542969,1336.0,1336.0,0.0,14155.8330078125,112.81121063232422,112.81121063232422,120.0,120.0,50.0,50.0,0.0,18929.900390625,881.0999755859375,881.0999755859375,439.43365478515625,439.43365478515625,1350.0,1350.0,,
1963-07-28,0.0,507201.40625,80.0,4000.0,55.90560531616211,55.90560531616211,332.5280456542969,332.5280456542969,1336.0,1336.0,0.0,14155.8330078125,112.81121063232422,112.81121063232422,120.0,120.0,50.0,50.0,0.0,18937.19921875,894.2999877929688,894.2999877929688,439.43365478515625,439.43365478515625,1350.0,1350.0,,
1963-07-29,0.0,507201.40625,80.0,4000.0,55.90560531616211,55.90560531616211,332.5280456542969,332.5280456542969,1336.0,1336.0,0.0,14155.8330078125,112.81121063232422,112.81121063232422,120.0,120.0,50.0,50.0,0.0,18936.30078125,901.4000244140625,901.4000244140625,439.43365478515625,439.43365478515625,1350.0,1350.0,,
1963-07-30,0.0,507201.40625,76.0,4000.0,55.90560531616211,55.90560531616211,332.5280456542969,332.5280456542969,1336.0,1336.0,0.0,14155.8330078125,112.81121063232422,112.81121063232422,120.0,120.0,50.0,50.0,0.0,18937.69921875,907.4000244140625,907.4000244140625,439.43365478515625,439.43365478515625,1350.0,1350.0,,
1963-07-31,0.0,507201.40625,76.0,4000.0,55.90560531616211,55.90560531616211,332.5280456542969,332.5280456542969,1336.0,1336.0,0.0,14155.8330078125,112.81121063232422,112.81121063232422,120.0,120.0,50.0,50.0,0.0,18941.599609375,911.0,911.0,439.43365478515625,439.43365478515625,1350.0,1350.0,,
1963-08-01,0.0,507172.40625,73.0,4000.0,55.90560531616211,55.90560531616211,332.6224365234375,332.6224365234375,1297.0,1297.0,0.0,14155.8330078125,112.90560913085938,112.90560913085938,120.0,120.0,50.0,50.0,0.0,18935.5,879.5,879.5,439.5280456542969,439.5280456542969,1350.0,1350.0,,
1963-08-02,0.0,507172.40625,69.0,4000.0,55.90560531616211,55.90560531616211,332.6224365234375,332.6224365234375,1297.0,1297.0,0.0,14155.8330078125,112.90560913085938,112.90560913085938,120.0,120.0,50.0,50.0,0.0,18934.80078125,889.0999755859375,889.0999755859375,439.5280456542969,439.5280456542969,1350.0,1350.0,,
1963-08-03,0.0,507172.40625,68.81121063232422,4000.0,55.90560531616211,55.90560531616211,332.6224365234375,332.6224365234375,1297.0,1297.0,0.0,14155.8330078125,112.90560913085938,112.90560913085938,120.0,120.0,50.0,50.0,0.0,18941.099609375,892.7000122070312,892.7000122070312,439.5280456542969,439.5280456542969,1350.0,1350.0,,
1963-08-04,0.0,507172.40625,68.81121063232422,4000.0,55.90560531616211,55.90560531616211,332.6224365234375,332.6224365234375,1297.0,1297.0,0.0,14155.8330078125,112.90560913085938,112.90560913085938,120.0,120.0,50.0,50.0,0.0,18942.599609375,897.5,897.5,439.5280456542969,439.5280456542969,1350.0,1350.0,,
1963-08-05,0.0,507172.40625,68.81121063232422,4000.0,55.90560531616211,55.90560531616211,332.6224365234375,332.6224365234375,1297.0,1297.0,0.0,14155.8330078125,112.90560913085938,112.90560913085938,120.0,120.0,50.0,50.0,0.0,18946.5,901.0,901.0,439.5280456542969,439.5280456542969,1350.0,1350.0,,
1963-08-06,0.0,507172.40625,68.81121063232422,4000.0,55.90560531616211,55.90560531616211,332.6224365234375,332.6224365234375,1297.0,1297.0,0.0,14155.8330078125,112.90560913085938,112.90560913085938,120.0,120.0,50.0,50.0,0.0,18947.69921875,909.4000244140625,909.4000244140625,439.5280456542969,439.5280456542969,1350.0,1350.0,,
1963-08-07,0.0,507172.40625,68.81121063232422,4000.0,55.90560531616211,55.90560531616211,332.6224365234375,332.6224365234375,1297.0,1297.0,0.0,14155.8330078125,112.90560913085938,112.90560913085938,120.0,120.0,50.0,50.0,0.0,18948.5,916.5999755859375,916.5999755859375,439.5280456542969,439.5280456542969,1350.0,1350.0,,
1963-08-08,0.0,507172.40625,68.81121063232422,4000.0,55.90560531616211,55.90560531616211,332.6224365234375,332.6224365234375,1297.0,1297.0,0.0,14155.8330078125,112.90560913085938,112.90560913085938,120.0,120.0,50.0,50.0,0.0,18958.69921875,921.2999877929688,921.2999877929688,439.5280456542969,439.5280456542969,1350.0,1350.0,,
1963-08-09,0.0,507172.40625,68.81121063232422,68.81121063232422,55.90560531616211,55.90560531616211,332.6224365234375,332.6224365234375,1297.0,1297.0,0.0,14155.8330078125,112.90560913085938,112.90560913085938,120.0,120.0,50.0,50.0,0.0,18959.30078125,924.9000244140625,924.9000244140625,439.5280456542969,439.5280456542969,1350.0,1350.0,,
1963-08-10,0.0,507172.40625,68.81121063232422,68.81121063232422,55.90560531616211,55.90560531616211,332.6224365234375,332.6224365234375,1297.0,1297.0,0.0,14155.8330078125,112.90560913085938,112.90560913085938,120.0,120.0,50.0,50.0,0.0,18957.099609375,927.2999877929688,927.2999877929688,439.5280456542969,439.5280456542969,1350.0,1350.0,,
1963-08-11,0.0,507172.40625,68.81121063232422,68.81121063232422,55.90560531616211,55.90560531616211,332.6224365234375,332.6224365234375,1297.0,1297.0,0.0,14155.8330078125,112.90560913085938,112.90560913085938,120.0,120.0,50.0,50.0,0.0,18961.30078125,933.2999877929688,933.2999877929688,439.5280456542969,439.5280456542969,1350.0,1350.0,,
1963-08-12,0.0,507172.40625,68.81121063232422,68.81121063232422,55.90560531616211,55.90560531616211,332.6224365234375,332.6224365234375,1297.0,1297.0,0.0,14155.8330078125,112.90560913085938,112.90560913085938,120.0,120.0,50.0,50.0,0.0,18965.30078125,935.7000122070312,935.7000122070312,439.5280456542969,439.5280456542969,1350.0,1350.0,,
1963-08-13,0.0,507172.40625,68.81121063232422,68.81121063232422,55.90560531616211,55.90560531616211,332.6224365234375,332.6224365234375,1297.0,1297.0,0.0,14155.8330078125,112.90560913085938,112.90560913085938,120.0,120.0,50.0,50.0,0.0,18968.69921875,940.4000244140625,940.4000244140625,439.5280456542969,439.5280456542969,1350.0,1350.0,,
1963-08-14,0.0,507172.40625,68.81121063232422,68.81121063232422,55.90560531616211,55.90560531616211,332.6224365234375,332.6224365234375,1297.0,1297.0,0.0,14155.8330078125,112.90560913085938,112.90560913085938,120.0,120.0,50.0,50.0,0.0,18958.5,944.0,944.0,439.5280456542969,439.5280456542969,1350.0,1350.0,,
1963-08-15,0.0,507172.40625,68.81121063232422,68.81121063232422,55.90560531616211,55.90560531616211,332.6224365234375,332.6224365234375,1297.0,1297.0,0.0,14155.8330078125,112.90560913085938,112.90560913085938,120.0,120.0,50.0,50.0,0.0,18962.80078125,946.4000244140625,946.4000244140625,439.5280456542969,439.5280456542969,1350.0,1350.0,,
1963-08-16,0.0,507172.40625,68.81121063232422,68.81121063232422,55.90560531616211,55.90560531616211,332.6224365234375,332.6224365234375,1297.0,1297.0,0.0,14155.8330078125,112.90560913085938,112.90560913085938,120.0,120.0,50.0,50.0,0.0,18964.19921875,951.2000122070312,951.2000122070312,439.5280456542969,439.5280456542969,1350.0,1350.0,,
1963-08-17,0.0,507172.40625,68.81121063232422,68.81121063232422,55.90560531616211,55.90560531616211,332.6224365234375,332.6224365234375,1297.0,1297.0,0.0,14155.8330078125,112.90560913085938,112.90560913085938,120.0,120.0,50.0,50.0,0.0,18969.19921875,953.5999755859375,953.5999755859375,439.5280456542969,439.5280456542969,1350.0,1350.0,,
1963-08-18,0.0,507172.40625,68.81121063232422,68.81121063232422,55.90560531616211,55.90560531616211,332.6224365234375,332.6224365234375,1297.0,1297.0,0.0,14155.8330078125,112.90560913085938,112.90560913085938,120.0,120.0,50.0,50.0,0.0,18967.30078125,959.5,959.5,439.5280456542969,439.5280456542969,1350.0,1350.0,,
1963-08-19,0.0,507172.40625,68.81121063232422,68.81121063232422,55.90560531616211,55.90560531616211,332.6224365234375,332.6224365234375,1297.0,1297.0,0.0,14155.8330078125,112.90560913085938,112.90560913085938,120.0,120.0,50.0,50.0,0.0,18971.69921875,959.5,959.5,439.5280456542969,439.5280456542969,1350.0,1350.0,,
1963-08-20,0.0,507172.40625,68.81121063232422,68.81121063232422,55.90560531616211,55.90560531616211,332.6224365234375,332.6224365234375,1297.0,1297.0,0.0,14155.8330078125,112.90560913085938,112.90560913085938,120.0,120.0,50.0,50.0,0.0,18971.099609375,959.5,959.5,439.5280456542969,439.5280456542969,1350.0,1350.0,,
1963-08-21,0.0,507172.40625,68.81121063232422,68.81121063232422,55.90560531616211,55.90560531616211,332.6224365234375,332.6224365234375,1297.0,1297.0,0.0,14155.8330078125,112.90560913085938,112.90560913085938,120.0,120.0,50.0,50.0,0.0,18973.0,959.5,959.5,439.5280456542969,439.5280456542969,1350.0,1350.0,,
1963-08-22,0.0,507172.40625,68.81121063232422,68.81121063232422,55.90560531616211,55.90560531616211,332.6224365234375,332.6224365234375,1297.0,1297.0,0.0,14155.8330078125,112.90560913085938,112.90560913085938,120.0,120.0,50.0,50.0,0.0,18972.599609375,959.5,959.5,439.5280456542969,439.5280456542969,1350.0,1350.0,,
1963-08-23,0.0,507172.40625,68.81121063232422,68.81121063232422,55.90560531616211,55.90560531616211,332.6224365234375,332.6224365234375,1297.0,1297.0,0.0,14155.8330078125,112.90560913085938,112.90560913085938,120.0,120.0,50.0,50.0,0.0,18968.5,959.5,959.5,439.5280456542969,439.5280456542969,1350.0,1350.0,,
1963-08-24,0.0,507172.40625,68.81121063232422,68.81121063232422,55.90560531616211,55.90560531616211,332.6224365234375,332.6224365234375,1297.0,1297.0,0.0,14155.8330078125,112.90560913085938,112.90560913085938,120.0,120.0,50.0,50.0,0.0,18963.5,959.5,959.5,439.5280456542969,439.5280456542969,1350.0,1350.0,,
1963-08-25,0.0,507172.40625,68.81121063232422,68.81121063232422,55.90560531616211,55.90560531616211,332.6224365234375,332.6224365234375,1297.0,1297.0,0.0,14155.8330078125,112.90560913085938,112.90560913085938,120.0,120.0,50.0,50.0,0.0,18966.400390625,961.9000244140625,961.9000244140625,483.769775390625,483.769775390625,1350.0,1350.0,,
1963-08-26,0.0,507172.40625,68.81121063232422,68.81121063232422,55.90560531616211,55.90560531616211,332.6224365234375,332.6224365234375,1297.0,1297.0,0.0,14155.8330078125,112.90560913085938,112.90560913085938,120.0,120.0,50.0,50.0,0.0,18965.80078125,964.2999877929688,964.2999877929688,607.3572998046875,607.3572998046875,1350.0,1350.0,,
1963-08-27,0.0,507172.40625,68.81121063232422,68.81121063232422,55.90560531616211,55.90560531616211,332.6224365234375,332.6224365234375,1297.0,1297.0,0.0,14155.8330078125,112.90560913085938,112.90560913085938,120.0,120.0,50.0,50.0,0.0,18973.69921875,969.0999755859375,969.0999755859375,598.8151245117188,598.8151245117188,1350.0,1350.0,,
1963-08-28,0.0,507172.40625,68.81121063232422,68.81121063232422,55.90560531616211,55.90560531616211,332.6224365234375,332.6224365234375,1297.0,1297.0,0.0,14155.8330078125,112.90560913085938,112.90560913085938,120.0,120.0,50.0,50.0,0.0,18971.19921875,973.9000244140625,973.9000244140625,572.489990234375,572.489990234375,1350.0,1350.0,,
1963-08-29,0.0,507172.40625,68.81121063232422,68.81121063232422,55.90560531616211,55.90560531616211,332.6224365234375,332.6224365234375,1297.0,1297.0,0.0,14155.8330078125,112.90560913085938,112.90560913085938,120.0,120.0,50.0,50.0,0.0,18978.0,976.2999877929688,976.2999877929688,493.3133850097656,493.3133850097656,1350.0,1350.0,,
1963-08-30,0.0,507172.40625,68.81121063232422,68.81121063232422,55.90560531616211,55.90560531616211,332.6224365234375,332.6224365234375,1297.0,1297.0,0.0,14155.8330078125,112.90560913085938,112.90560913085938,120.0,120.0,50.0,50.0,0.0,18978.19921875,977.4000244140625,977.4000244140625,539.60693359375,539.60693359375,1350.0,1350.0,,
1963-08-31,0.0,507172.40625,68.81121063232422,68.81121063232422,55.90560531616211,55.90560531616211,332.6224365234375,332.6224365234375,1297.0,1297.0,0.0,14155.8330078125,112.90560913085938,112.90560913085938,120.0,120.0,50.0,50.0,0.0,18977.0,976.2999877929688,976.2999877929688,518.242431640625,518.242431640625,1350.0,1350.0,,
1963-09-01,0.0,507606.40625,65.81121063232422,65.81121063232422,54.90560531616211,54.90560531616211,326.7168273925781,326.7168273925781,1691.0,1691.0,0.0,14155.8330078125,110.90560913085938,110.90560913085938,218.81121826171875,218.81121826171875,50.0,50.0,0.0,18972.599609375,1575.300048828125,1575.300048828125,567.6691284179688,567.6691284179688,1350.0,1350.0,,
1963-09-02,0.0,507606.40625,104.38785552978516,718.2984008789062,54.90560531616211,54.90560531616211,326.7168273925781,326.7168273925781,1691.0,1691.0,0.0,14155.8330078125,110.90560913085938,110.90560913085938,218.81121826171875,218.81121826171875,50.0,50.0,0.0,18971.900390625,1575.300048828125,1575.300048828125,520.8867797851562,520.8867797851562,1350.0,1350.0,,
1963-09-03,0.0,507606.40625,65.81121063232422,565.2913208007812,54.90560531616211,54.90560531616211,326.7168273925781,326.7168273925781,1691.0,1691.0,0.0,14155.8330078125,110.90560913085938,110.90560913085938,218.81121826171875,218.81121826171875,50.0,50.0,0.0,18977.400390625,1576.4000244140625,1576.4000244140625,549.9817504882812,549.9817504882812,1350.0,1350.0,,
1963-09-04,0.0,507606.40625,65.81121063232422,569.365478515625,54.90560531616211,54.90560531616211,326.7168273925781,326.7168273925781,1691.0,1691.0,0.0,14155.8330078125,110.90560913085938,110.90560913085938,218.81121826171875,411.66015625,50.0,50.0,0.0,18980.19921875,1578.800048828125,1578.800048828125,518.3341064453125,518.3341064453125,1350.0,1350.0,,
1963-09-05,0.0,507606.40625,65.81121063232422,564.8236083984375,54.90560531616211,54.90560531616211,326.7168273925781,326.7168273925781,1691.0,1691.0,0.0,14155.8330078125,100.0,100.0,218.81121826171875,739.2354125976562,50.0,50.0,0.0,18976.30078125,1583.5999755859375,1583.5999755859375,561.8796997070312,561.8796997070312,1350.0,1350.0,,
1963-09-06,0.0,507606.40625,65.81121063232422,564.8236083984375,54.90560531616211,54.90560531616211,326.7168273925781,326.7168273925781,1691.0,1691.0,0.0,14155.8330078125,109.5687484741211,806.1292114257812,218.81121826171875,741.2354125976562,50.0,50.0,0.0,18979.400390625,1583.5999755859375,1583.5999755859375,572.2481079101562,572.2481079101562,1350.0,1350.0,,
1963-09-07,0.0,507606.40625,65.81121063232422,564.7681884765625,54.90560531616211,54.90560531616211,326.7168273925781,326.7168273925781,1691.0,1691.0,0.0,14155.8330078125,100.0,577.9666748046875,218.81121826171875,756.393798828125,50.0,50.0,0.0,18975.69921875,1586.0,1586.0,534.3902587890625,534.3902587890625,1350.0,1350.0,,
1963-09-08,0.0,507606.40625,65.81121063232422,570.907470703125,54.90560531616211,54.90560531616211,326.7168273925781,326.7168273925781,1691.0,1691.0,0.0,14155.8330078125,100.0,572.9666748046875,218.81121826171875,746.7623291015625,50.0,50.0,0.0,18978.5,1586.0,1586.0,523.5072631835938,523.5072631835938,1350.0,1350.0,,
1963-09-09,0.0,507606.40625,65.81121063232422,587.019775390625,50.0,50.0,326.7168273925781,326.7168273925781,1691.0,1691.0,0.0,14155.8330078125,100.0,582.3690795898438,218.81121826171875,763.9730224609375,50.0,50.0,0.0,18979.80078125,1589.5999755859375,1589.5999755859375,514.0714721679688,514.0714721679688,1350.0,1350.0,,
1963-09-10,0.0,507606.40625,65.81121063232422,529.550048828125,50.0,319.287353515625,326.7168273925781,326.7168273925781,1691.0,1691.0,0.0,14155.8330078125,132.00262451171875,672.452880859375,218.81121826171875,781.9730224609375,50.0,50.0,0.0,18979.400390625,1587.199951171875,1587.199951171875,521.4754638671875,521.4754638671875,1350.0,1350.0,,
1963-09-11,0.0,507606.40625,65.81121063232422,561.8482055664062,50.0,252.92774963378906,326.7168273925781,326.7168273925781,1691.0,1691.0,0.0,14155.8330078125,100.0,487.5021057128906,218.81121826171875,769.9207153320312,50.0,50.0,0.0,18977.19921875,1587.199951171875,1587.199951171875,491.12469482421875,491.12469482421875,1350.0,1350.0,,
1963-09-12,0.0,507606.40625,65.81121063232422,561.7681884765625,50.0,237.8503875732422,326.7168273925781,326.7168273925781,1691.0,1691.0,0.0,14155.8330078125,100.0,582.3783569335938,218.81121826171875,741.2261962890625,50.0,50.0,0.0,18980.900390625,1587.199951171875,1587.199951171875,627.4617919921875,627.4617919921875,1350.0,1350.0,,
1963-09-13,0.0,507606.40625,65.81121063232422,580.8546752929688,50.0,253.92774963378906,326.7168273925781,326.7168273925781,1691.0,1691.0,0.0,14155.8330078125,100.0,590.452880859375,218.81121826171875,787.9884643554688,50.0,50.0,0.0,19008.19921875,1534.699951171875,1534.699951171875,707.1656494140625,707.1656494140625,1350.0,1350.0,,
1963-09-14,0.0,507606.40625,67.51766967773438,587.8358764648438,50.0,271.98681640625,326.7168273925781,326.7168273925781,1691.0,1691.0,0.0,14155.8330078125,100.0,587.4275512695312,218.81121826171875,807.9204711914062,50.0,50.0,0.0,18957.69921875,1534.699951171875,1534.699951171875,505.6039123535156,505.6039123535156,1350.0,1350.0,,
1963-09-15,0.0,507606.40625,242.03070068359375,759.3004760742188,88.9972915649414,349.6379089355469,326.7168273925781,326.7168273925781,1691.0,1691.0,0.0,15505.8330078125,159.99803161621094,698.4588623046875,218.81121826171875,921.7960815429688,50.0,50.0,0.0,19035.80078125,1421.199951171875,1421.199951171875,704.2706298828125,704.2706298828125,2700.0,2700.0,,
1963-09-16,0.0,507606.40625,314.0,839.3377075195312,97.0027084350586,349.6033935546875,326.7168273925781,326.7168273925781,1691.0,1691.0,0.0,17295.23046875,327.9950866699219,864.907958984375,218.81121826171875,1183.87060546875,50.0,50.0,0.0,18782.5,1174.0999755859375,1174.0999755859375,432.6224365234375,432.6224365234375,4489.3974609375,4489.3974609375,,
1963-09-17,0.0,507606.40625,118.62353515625,644.3157348632812,50.0,260.7911376953125,326.7168273925781,326.7168273925781,1691.0,1691.0,0.0,16885.265625,178.0049285888672,714.9541015625,218.81121826171875,915.3565673828125,50.0,50.0,0.0,18882.400390625,1435.5999755859375,1435.5999755859375,432.6224365234375,432.6224365234375,4079.431884765625,4079.431884765625,,
1963-09-18,0.0,507606.40625,78.96273040771484,605.8267211914062,50.0,243.80670166015625,326.7168273925781,326.7168273925781,1691.0,1691.0,0.0,16756.330078125,106.99938201904297,646.465087890625,218.81121826171875,801.06787109375,50.0,50.0,0.0,18908.599609375,1494.0999755859375,1494.0999755859375,432.6224365234375,432.6224365234375,3950.49755859375,3950.49755859375,,
1963-09-19,0.0,507606.40625,70.506591796875,592.8114624023438,50.0,264.0675048828125,326.7168273925781,326.7168273925781,1691.0,1691.0,0.0,16697.171875,100.0,609.4402465820312,218.81121826171875,826.589599609375,50.0,50.0,0.0,18931.19921875,1515.5999755859375,1515.5999755859375,432.6224365234375,432.6224365234375,3891.338134765625,3891.338134765625,,
1963-09-20,0.0,507606.40625,65.81121063232422,583.35302734375,50.0,277.0274353027344,326.7168273925781,326.7168273925781,1691.0,1691.0,0.0,16545.798828125,100.0,614.3971557617188,218.81121826171875,769.1671752929688,50.0,50.0,0.0,18943.0,1528.699951171875,1528.699951171875,432.6224365234375,432.6224365234375,3739.96533203125,3739.96533203125,,
1963-09-21,0.0,507606.40625,65.81121063232422,572.2665405273438,50.0,255.33306884765625,326.7168273925781,326.7168273925781,1691.0,1691.0,0.0,16479.345703125,100.0,614.4402465820312,218.81121826171875,811.1345825195312,50.0,50.0,0.0,18952.599609375,1537.0,1537.0,432.6224365234375,432.6224365234375,3673.51171875,3673.51171875,,
1963-09-22,0.0,507606.40625,65.81121063232422,571.3097534179688,50.0,236.37965393066406,326.7168273925781,326.7168273925781,1691.0,1691.0,0.0,16444.912109375,100.0,620.4402465820312,218.81121826171875,780.3722534179688,50.0,50.0,0.0,18958.30078125,1545.4000244140625,1545.4000244140625,432.6224365234375,432.6224365234375,3639.078857421875,3639.078857421875,,
1963-09-23,0.0,507606.40625,78.30133819580078,607.3776245117188,50.0,276.1299133300781,326.7168273925781,326.7168273925781,1691.0,1691.0,0.0,16552.2421875,100.0,618.5054321289062,218.81121826171875,793.8768310546875,50.0,50.0,0.0,19022.80078125,1515.5999755859375,1515.5999755859375,432.6224365234375,432.6224365234375,3746.4091796875,3746.4091796875,,
1963-09-24,0.0,507606.40625,65.81121063232422,590.3037719726562,50.0,274.6159362792969,326.7168273925781,326.7168273925781,1691.0,1691.0,0.0,16558.833984375,100.9977035522461,636.9078979492188,218.81121826171875,818.970458984375,50.0,50.0,0.0,18911.5,1517.9000244140625,1517.9000244140625,432.6224365234375,432.6224365234375,3752.999755859375,3752.999755859375,,
1963-09-25,0.0,507606.40625,65.81121063232422,573.3004760742188,50.0,249.93116760253906,326.7168273925781,326.7168273925781,1691.0,1691.0,0.0,16778.3359375,100.0,597.4464721679688,218.81121826171875,767.2538452148438,50.0,50.0,0.0,18952.900390625,1537.0,1537.0,432.6224365234375,1363.8509521484375,3972.502685546875,3972.502685546875,,
1963-09-26,0.0,507606.40625,65.81121063232422,570.3004760742188,50.0,245.4665985107422,326.7168273925781,326.7168273925781,1691.0,1691.0,0.0,17330.892578125,100.0,603.4464721679688,218.81121826171875,791.456298828125,50.0,50.0,0.0,18963.5,1547.800048828125,1547.800048828125,432.6224365234375,1150.2763671875,4525.05908203125,4525.05908203125,,
1963-09-27,0.0,507606.40625,65.81121063232422,565.3344116210938,50.0,244.7538604736328,326.7168273925781,326.7168273925781,1691.0,1691.0,0.0,17452.865234375,100.0,660.7698974609375,218.81121826171875,780.4313354492188,50.0,50.0,0.0,18961.69921875,1558.5,1558.5,432.6224365234375,1191.38818359375,4647.03271484375,4647.03271484375,,
1963-09-28,0.0,507606.40625,65.81121063232422,568.3438720703125,50.0,244.37948608398438,326.7168273925781,326.7168273925781,1691.0,1691.0,0.0,17116.302734375,100.0,564.7396240234375,218.81121826171875,761.8333129882812,50.0,50.0,0.0,18974.30078125,1563.300048828125,1563.300048828125,432.6224365234375,1184.2763671875,4310.47021484375,4310.47021484375,,
1963-09-29,0.0,507606.40625,65.81121063232422,566.3129272460938,50.0,258.55694580078125,326.7168273925781,326.7168273925781,1691.0,1691.0,0.0,17257.865234375,100.0,568.2911376953125,218.81121826171875,768.8985595703125,50.0,50.0,0.0,18977.5,1568.0999755859375,1568.0999755859375,432.6224365234375,1226.4005126953125,4452.03173828125,4452.03173828125,,
1963-09-30,0.0,507606.40625,65.81121063232422,562.3097534179688,50.0,264.99005126953125,326.7168273925781,326.7168273925781,1691.0,1691.0,0.0,17260.283203125,100.0,587.4588623046875,218.81121826171875,774.9638061523438,50.0,892.82421875,0.0,18976.599609375,1570.5,1570.5,432.6224365234375,1179.294677734375,4454.4501953125,4454.4501953125,,
1963-10-01,0.0,508803.5625,50.0,560.3528442382812,50.0,248.8656768798828,955.0757446289062,955.0757446289062,2792.13623046875,2792.13623046875,0.0,17241.9375,100.0,582.4588623046875,899.15966796875,899.15966796875,50.0,814.4136352539062,0.0,18984.19921875,2633.305419921875,2633.305419921875,400.0,1251.05908203125,4436.10498046875,4436.10498046875,,
1963-10-02,0.0,508633.5625,50.0,560.3097534179688,50.0,238.9029541015625,1034.07568359375,1034.07568359375,2622.13623046875,2622.13623046875,0.0,17308.138671875,100.0,599.4778442382812,897.15966796875,897.15966796875,50.0,771.259033203125,0.0,18984.099609375,2391.109619140625,2391.109619140625,400.0,1284.66259765625,4502.30615234375,4502.30615234375,,
1963-10-03,0.0,508792.5625,50.0,557.3097534179688,50.0,267.9156188964844,1027.07568359375,1027.07568359375,2781.13623046875,2781.13623046875,0.0,17310.52734375,100.0,613.7542114257812,897.15966796875,897.15966796875,50.0,731.0823364257812,0.0,18986.30078125,2167.96533203125,2167.96533203125,400.0,1237.1148681640625,4504.693359375,4504.693359375,,
1963-10-04,0.0,508733.5625,50.0,467.0805969238281,50.0,251.0147705078125,1031.07568359375,1031.07568359375,2722.13623046875,2722.13623046875,0.0,17311.923828125,100.0,533.5872802734375,897.15966796875,897.15966796875,127.6561050415039,942.8683471679688,0.0,18987.19921875,1991.161865234375,1991.161865234375,400.0,1301.0355224609375,4506.09130859375,4506.09130859375,,
1963-10-05,0.0,508935.5625,50.0,650.5389404296875,50.0,270.9901428222656,1037.07568359375,1037.07568359375,2924.13623046875,2924.13623046875,0.0,17320.275390625,100.0,582.9295654296875,899.15966796875,899.15966796875,50.0,804.4730834960938,0.0,18983.80078125,1943.4761962890625,1943.4761962890625,400.0,1286.7232666015625,4514.44189453125,4514.44189453125,,
1963-10-06,0.0,508786.5625,50.0,562.3468627929688,50.0,265.0520324707031,1032.07568359375,1032.07568359375,2775.13623046875,2775.13623046875,0.0,17357.19140625,100.0,577.4121704101562,902.15966796875,902.15966796875,50.0,820.22509765625,0.0,18980.099609375,1897.537353515625,1897.537353515625,400.0,1336.581787109375,4551.357421875,4551.357421875,,
1963-10-07,0.0,508871.5625,50.0,555.8021240234375,50.0,252.40786743164062,1021.0757446289062,1021.0757446289062,2860.13623046875,2860.13623046875,0.0,17348.83203125,100.0,579.9295654296875,896.15966796875,896.15966796875,50.0,821.6298828125,0.0,18972.400390625,1851.6124267578125,1851.6124267578125,400.0,1297.7232666015625,4542.99853515625,4542.99853515625,,
1963-10-08,0.0,508604.5625,50.0,554.8297119140625,50.0,249.87184143066406,1015.0757446289062,1015.0757446289062,2593.13623046875,2593.13623046875,0.0,17341.05859375,100.0,569.9449462890625,894.15966796875,894.15966796875,50.0,888.608642578125,0.0,18982.69921875,1806.611083984375,1806.611083984375,400.0,1316.1888427734375,4535.224609375,4535.224609375,,
1963-10-09,0.0,508772.5625,50.0,555.3344116210938,50.0,248.40444946289062,1033.07568359375,1033.07568359375,2761.13623046875,2761.13623046875,0.0,17366.49609375,100.0,584.4588012695312,896.15966796875,896.15966796875,50.0,769.8709106445312,0.0,18992.0,1762.667724609375,1762.667724609375,441.34527587890625,1384.5447998046875,4560.6630859375,4560.6630859375,,
1963-10-10,0.0,508850.5625,50.0,556.319091796875,50.0,260.4481201171875,1031.07568359375,1031.07568359375,2839.13623046875,2839.13623046875,0.0,17356.18359375,100.0,585.4309692382812,897.15966796875,897.15966796875,50.0,877.7078247070312,0.0,18998.0,1719.2435302734375,1719.2435302734375,400.0,1194.581787109375,4550.3505859375,4550.3505859375,,
1963-10-11,0.0,508843.5625,50.0,559.2758178710938,50.0,260.4481201171875,1039.07568359375,1039.07568359375,2832.13623046875,2832.13623046875,0.0,17291.64453125,100.0,593.4620361328125,901.15966796875,901.15966796875,50.0,801.2000122070312,0.0,18992.0,1675.7381591796875,1675.7381591796875,413.7475280761719,1322.1160888671875,4485.8115234375,4485.8115234375,,
1963-10-12,0.0,508786.5625,50.0,562.3406982421875,50.0,281.04595947265625,1027.07568359375,1027.07568359375,2775.13623046875,2775.13623046875,0.0,17322.2578125,100.0,584.4154052734375,915.15966796875,915.15966796875,50.0,713.4553833007812,0.0,18983.5,1633.5965576171875,1633.5965576171875,400.0,1302.114013671875,4516.42333984375,4516.42333984375,,
1963-10-13,0.0,508796.5625,50.0,556.3560180664062,50.0,264.5785827636719,1024.07568359375,1024.07568359375,2785.13623046875,2785.13623046875,0.0,17355.77734375,100.0,582.4249267578125,901.15966796875,901.15966796875,50.0,789.090087890625,0.0,18986.69921875,1593.0291748046875,1593.0291748046875,400.0,1282.2030029296875,4549.94384765625,4549.94384765625,,
1963-10-14,0.0,508877.5625,50.0,554.2943115234375,50.0,259.5196838378906,1010.0757446289062,1010.0757446289062,2866.13623046875,2866.13623046875,0.0,17271.216796875,100.0,533.963623046875,897.15966796875,897.15966796875,50.0,859.1646728515625,0.0,18983.30078125,1552.5791015625,1552.5791015625,400.0,1194.0911865234375,4465.3828125,4465.3828125,,
1963-10-15,0.0,508710.5625,50.0,553.3375244140625,50.0,247.8470458984375,1009.0757446289062,1009.0757446289062,2699.13623046875,2699.13623046875,0.0,17223.88671875,100.0,536.4216918945312,894.15966796875,894.15966796875,50.0,791.2625732421875,0.0,18993.400390625,1512.780517578125,1512.780517578125,400.0,1204.7972412109375,4418.05419921875,4418.05419921875,,
1963-10-16,0.0,508697.5625,50.0,549.2758178710938,50.0,245.85888671875,1014.0757446289062,1014.0757446289062,2686.13623046875,2686.13623046875,0.0,17246.82421875,100.0,579.963623046875,893.15966796875,893.15966796875,50.0,797.8806762695312,0.0,18995.400390625,1473.701904296875,1473.701904296875,400.0,1284.7232666015625,4440.99072265625,4440.99072265625,,
1963-10-17,0.0,508868.5625,50.0,552.3406982421875,50.0,251.5595245361328,1013.0757446289062,1013.0757446289062,2857.13623046875,2857.13623046875,0.0,17271.1484375,100.0,566.4216918945312,893.15966796875,893.15966796875,50.0,810.8978271484375,0.0,18993.599609375,1435.075927734375,1435.075927734375,400.0,1154.0953369140625,4465.314453125,4465.314453125,,
1963-10-18,0.0,508797.5625,50.0,549.3375244140625,50.0,246.9721221923828,1014.0757446289062,1014.0757446289062,2786.13623046875,2786.13623046875,0.0,17187.23828125,100.0,544.4495239257812,893.15966796875,893.15966796875,50.0,880.6348266601562,0.0,18993.400390625,1397.4193115234375,1397.4193115234375,400.0,1187.489990234375,4381.40576171875,4381.40576171875,,
1963-10-19,0.0,508768.5625,50.0,549.3375244140625,50.0,245.40379333496094,1004.0757446289062,1004.0757446289062,2757.13623046875,2757.13623046875,0.0,17159.392578125,100.0,542.4402465820312,893.15966796875,893.15966796875,50.0,798.3385620117188,0.0,18993.900390625,1359.591552734375,1359.591552734375,400.0,1139.2520751953125,4353.56005859375,4353.56005859375,,
1963-10-20,0.0,508979.5625,50.0,555.272705078125,50.0,248.57957458496094,1022.0757446289062,1022.0757446289062,2968.13623046875,2968.13623046875,0.0,17184.44140625,100.0,545.4155883789062,893.15966796875,893.15966796875,50.0,814.9100952148438,0.0,19002.0,1323.65234375,1323.65234375,400.0,1170.489990234375,4378.60888671875,4378.60888671875,,
1963-10-21,0.0,508766.5625,70.68424987792969,593.3406982421875,50.0,266.9324951171875,1035.07568359375,1035.07568359375,2755.13623046875,2755.13623046875,0.0,17248.244140625,100.0,564.9573974609375,915.15966796875,915.15966796875,53.843231201171875,900.8543090820312,0.0,19025.5,1287.8701171875,1287.8701171875,400.0,1275.5595703125,4442.4111328125,4442.4111328125,,
1963-10-22,0.0,510055.5625,127.36234283447266,645.8297119140625,99.002685546875,336.1010437011719,1135.07568359375,1135.07568359375,4044.13623046875,4044.13623046875,0.0,17443.091796875,163.00286865234375,699.4402465820312,1006.15966796875,1006.15966796875,225.657470703125,1102.8544921875,0.0,19142.0,1257.9718017578125,1257.9718017578125,505.7008361816406,1389.387451171875,4637.25830078125,4637.25830078125,,
1963-10-23,0.0,509465.5625,205.4746551513672,732.3099365234375,131.00216674804688,368.05303955078125,1178.07568359375,1178.07568359375,3454.13623046875,3454.13623046875,0.0,17720.837890625,585.0005493164062,1085.4903564453125,1154.15966796875,1154.15966796875,184.2936248779297,985.9358520507812,0.0,18558.0,1239.400146484375,1239.400146484375,637.6828002929688,1512.70361328125,4915.00390625,4915.00390625,,
1963-10-24,0.0,509786.5625,318.1629943847656,840.8174438476562,61.999168395996094,299.03680419921875,1200.07568359375,1200.07568359375,3775.13623046875,3775.13623046875,0.0,17636.53125,389.2329406738281,942.9011840820312,996.15966796875,996.15966796875,50.0,862.4817504882812,0.0,18959.30078125,1237.013916015625,1237.013916015625,514.4760131835938,1452.203857421875,4830.697265625,4830.697265625,,
1963-10-25,0.0,510149.5625,622.6821899414062,1076.160400390625,139.9982147216797,374.9038391113281,1066.07568359375,1066.07568359375,4138.13623046875,4138.13623046875,0.0,17886.9921875,130.00201416015625,665.4339599609375,1282.15966796875,1282.15966796875,50.0,883.3733520507812,0.0,18524.80078125,1229.109619140625,1229.109619140625,626.1024780273438,1584.0252685546875,5081.15966796875,5081.15966796875,,
1963-10-26,0.0,509484.5625,326.4203796386719,890.4930419921875,77.99906158447266,316.0567321777344,1172.07568359375,1172.07568359375,3473.13623046875,3473.13623046875,0.0,17791.296875,240.99900817871094,778.437255859375,1112.15966796875,1112.15966796875,50.0,884.0614013671875,0.0,18813.599609375,1257.0853271484375,1257.0853271484375,540.121826171875,1514.2147216796875,4985.4638671875,4985.4638671875,,
1963-10-27,0.0,509213.5625,191.3254852294922,714.3097534179688,50.0,286.8765563964844,1352.07568359375,1352.07568359375,3202.13623046875,3202.13623046875,0.0,17666.27734375,215.00048828125,753.4588623046875,1009.15966796875,1009.15966796875,50.0,822.8110961914062,0.0,18832.5,1252.364501953125,1252.364501953125,421.38360595703125,1413.66796875,4860.443359375,4860.443359375,,
1963-10-28,0.0,509262.5625,157.0,679.3097534179688,62.999664306640625,299.2882080078125,1302.07568359375,1302.07568359375,3251.13623046875,3251.13623046875,0.0,17525.716796875,217.99754333496094,753.4124755859375,994.15966796875,994.15966796875,87.69178771972656,944.7741088867188,0.0,18852.099609375,1236.6361083984375,1236.6361083984375,453.5498352050781,1381.7052001953125,4719.88330078125,4719.88330078125,,
1963-10-29,0.0,509121.5625,135.31341552734375,660.3344116210938,55.9995231628418,292.98291015625,1110.07568359375,1110.07568359375,3110.13623046875,3110.13623046875,0.0,17492.380859375,155.00172424316406,679.6864624023438,991.15966796875,991.15966796875,50.0,803.2643432617188,0.0,18803.80078125,1218.8258056640625,1218.8258056640625,404.6064453125,1368.0965576171875,4686.54833984375,4686.54833984375,,
1963-10-30,0.0,509080.5625,130.34083557128906,653.3284301757812,57.00141143798828,227.3411407470703,1106.07568359375,1106.07568359375,3069.13623046875,3069.13623046875,0.0,17450.009765625,135.08042907714844,490.4576416015625,971.15966796875,971.15966796875,50.23197555541992,871.0134887695312,0.0,18860.099609375,1200.198486328125,1200.198486328125,400.0,1289.0965576171875,4644.17724609375,4644.17724609375,,
1963-10-31,0.0,508960.5625,108.98136138916016,633.31591796875,85.93153381347656,185.66075134277344,1031.07568359375,1031.07568359375,2949.13623046875,2949.13623046875,0.0,17385.234375,174.69473266601562,377.7717590332031,962.15966796875,962.15966796875,50.0,877.9865112304688,0.0,18873.69921875,1179.576416015625,1179.576416015625,403.4587707519531,1328.1072998046875,4579.4013671875,4579.4013671875,,
1963-11-01,0.0,508994.5625,104.7149429321289,625.0159301757812,123.00439453125,149.4405059814453,1124.17578125,1124.17578125,2983.13623046875,2983.13623046875,0.0,17391.474609375,267.3117370605469,299.2811584472656,950.15966796875,950.15966796875,50.0,857.8682250976562,0.0,18906.099609375,4760.0,4760.0,400.0,1305.7694091796875,4585.640625,4585.640625,,
1963-11-02,0.0,509194.5625,124.70685577392578,647.0191040039062,133.75755310058594,174.8936767578125,1141.2757568359375,1141.2757568359375,3183.13623046875,3183.13623046875,0.0,17424.591796875,245.28466796875,431.05401611328125,998.15966796875,998.15966796875,89.07689666748047,956.23291015625,0.0,18906.599609375,4760.0,4760.0,400.0,1304.16357421875,4618.7578125,4618.7578125,,
1963-11-03,0.0,509194.5625,112.38382720947266,636.2051391601562,84.2596664428711,98.77900695800781,1132.7757568359375,1132.7757568359375,3183.13623046875,3183.13623046875,0.0,17396.806640625,142.3000030517578,1500.0,984.15966796875,984.15966796875,68.03882598876953,892.8416137695312,0.0,18836.0,4760.0,4760.0,400.0,1309.6236572265625,4590.97265625,4590.97265625,,
1963-11-04,0.0,510094.5625,393.8070983886719,916.6375732421875,225.8000030517578,500.0,1309.57568359375,1309.57568359375,4083.13623046875,4083.13623046875,0.0,17633.236328125,851.0999755859375,1500.0,1463.15966796875,1463.15966796875,105.96217346191406,940.8968505859375,0.0,18691.19921875,4760.0,4760.0,705.7652587890625,1652.628662109375,4827.4033203125,4827.4033203125,,
1963-11-05,0.0,509794.5625,340.57794189453125,865.9082641601562,205.8000030517578,500.0,1372.6756591796875,1372.6756591796875,3783.13623046875,3783.13623046875,0.0,17985.205078125,663.5999755859375,1500.0,1366.15966796875,1366.15966796875,127.869873046875,959.7529907226562,0.0,18503.19921875,4760.0,4760.0,662.591796875,1570.1246337890625,5179.37060546875,5179.37060546875,,
1963-11-06,0.0,510294.5625,555.7862548828125,1080.1343994140625,286.1000061035156,500.0,1434.9757080078125,1434.9757080078125,4283.13623046875,4283.13623046875,0.0,18280.99609375,900.0,1500.0,1411.15966796875,1411.15966796875,195.77688598632812,1027.6600341796875,0.0,18617.30078125,4760.0,4760.0,957.4835815429688,1853.916015625,5475.162109375,5475.162109375,,
1963-11-07,0.0,511011.40625,1157.313720703125,1494.3994140625,370.79998779296875,500.0,2856.4755859375,2856.4755859375,5000.0,5000.0,0.0,19312.013671875,1063.199951171875,1500.0,2176.15966796875,2176.15966796875,646.8578491210938,1494.3653564453125,0.0,18801.30078125,4760.0,4760.0,1396.7393798828125,2358.626708984375,6506.18017578125,6506.18017578125,,
1963-11-08,0.0,510667.71875,1467.969482421875,1467.969482421875,500.0,500.0,3000.0,3000.0,4656.29443359375,4656.29443359375,0.0,24088.03515625,1500.0,1500.0,2000.0,2000.0,1393.347412109375,2226.70751953125,0.0,13675.099609375,5886.3427734375,5886.3427734375,5904.61865234375,5904.61865234375,11282.2021484375,11282.2021484375,,
1963-11-09,0.0,511011.40625,2029.739990234375,2029.739990234375,1325.66943359375,1325.66943359375,3000.0,3000.0,5000.0,5000.0,0.0,24556.8515625,4126.32666015625,4126.32666015625,3882.94921875,3882.94921875,1304.32373046875,1919.945068359375,0.0,16905.0,8808.7021484375,8808.7021484375,5064.82666015625,5064.82666015625,11751.017578125,11751.017578125,,
1963-11-10,0.0,511011.40625,2078.11962890625,2078.11962890625,998.4462890625,998.4462890625,3000.0,3000.0,5000.0,5000.0,0.0,24670.697265625,3282.66064453125,3282.66064453125,3658.03369140625,3658.03369140625,804.32666015625,1605.84765625,0.0,18126.400390625,5855.5751953125,5855.5751953125,3603.793212890625,4105.05810546875,11864.8642578125,11864.8642578125,,
1963-11-11,0.0,511011.40625,1897.78759765625,1897.78759765625,738.0308227539062,738.0308227539062,3000.0,3000.0,5000.0,5000.0,0.0,21795.076171875,2417.70703125,2417.70703125,3008.03369140625,3008.03369140625,413.49151611328125,1377.717041015625,0.0,18273.19921875,4760.0,4760.0,2563.062744140625,3369.7587890625,8989.2431640625,8989.2431640625,,
1963-11-12,0.0,511011.40625,1658.5802001953125,1658.5802001953125,640.5511474609375,748.6205444335938,2638.57666015625,2638.57666015625,5000.0,5000.0,0.0,21489.60546875,1932.4686279296875,2222.93798828125,2000.0,2000.0,143.7448272705078,971.3551025390625,0.0,18442.5,4760.0,4760.0,1880.1153564453125,3440.65625,8683.771484375,8683.771484375,,
1963-11-13,0.0,511011.40625,1375.0372314453125,1469.6656494140625,378.8775939941406,702.2327880859375,2568.07666015625,2568.07666015625,5000.0,5000.0,0.0,20769.05859375,1320.9559326171875,2205.825439453125,2000.0,2000.0,153.1533966064453,988.8760375976562,0.0,18531.900390625,4760.0,4760.0,1213.86328125,2421.093017578125,7963.224609375,7963.224609375,,
1963-11-14,0.0,511011.40625,1382.6590576171875,1382.6590576171875,500.0,500.0,3000.0,3000.0,5000.0,5000.0,0.0,22048.451171875,1705.0255126953125,1705.0255126953125,2000.0,2000.0,965.1986694335938,1591.19189453125,0.0,18056.69921875,4760.0,4760.0,2656.496337890625,3505.85986328125,9242.6171875,9242.6171875,,
1963-11-15,0.0,511011.40625,1348.205078125,1348.205078125,661.9027709960938,661.9027709960938,1524.376708984375,1524.376708984375,5000.0,5000.0,0.0,22666.36328125,1714.408447265625,1714.408447265625,2000.0,2000.0,1243.387939453125,1243.387939453125,0.0,17748.900390625,5606.27490234375,5606.27490234375,2716.1845703125,3638.951171875,9860.5302734375,9860.5302734375,,
1963-11-16,0.0,511011.40625,1322.67724609375,1322.67724609375,618.86572265625,620.8685302734375,1236.300048828125,1236.300048828125,5000.0,5000.0,0.0,22708.607421875,1589.93896484375,1589.93896484375,2000.0,2000.0,981.3575439453125,981.3575439453125,0.0,18125.400390625,5030.875,5030.875,1876.1729736328125,3922.21826171875,9902.775390625,9902.775390625,,
1963-11-17,0.0,511011.40625,1284.3211669921875,1284.3211669921875,529.9095458984375,584.47900390625,1218.5999755859375,1218.5999755859375,5000.0,5000.0,0.0,22478.068359375,1348.5565185546875,1463.2259521484375,1674.5074462890625,1674.5074462890625,807.4097290039062,807.4097290039062,0.0,17853.19921875,5414.47509765625,5414.47509765625,1546.4808349609375,3510.862060546875,9672.2353515625,9672.2353515625,,
1963-11-18,0.0,511011.40625,1266.3013916015625,1266.3013916015625,569.8832397460938,571.0526733398438,1218.5999755859375,1218.5999755859375,5000.0,5000.0,0.0,22301.962890625,1457.8145751953125,1462.783935546875,528.2630615234375,528.2630615234375,681.5947875976562,692.3805541992188,0.0,17590.69921875,5798.0751953125,5798.0751953125,1500.8963623046875,3469.2373046875,9496.1298828125,9496.1298828125,,
1963-11-19,0.0,511011.40625,1243.5443115234375,1243.5443115234375,520.3017578125,520.3017578125,1148.0,1148.0,5000.0,5000.0,0.0,21913.287109375,1286.0198974609375,1329.72265625,1765.2032470703125,1765.2032470703125,602.8880004882812,602.8880004882812,0.0,18110.599609375,4760.0,4760.0,1389.76171875,3354.01513671875,9107.4541015625,9107.4541015625,,
1963-11-20,0.0,511011.40625,1192.6112060546875,1192.6112060546875,459.134521484375,459.134521484375,1083.199951171875,1083.199951171875,5000.0,5000.0,0.0,20210.634765625,1172.1484375,1172.1484375,1097.1314697265625,1097.1314697265625,546.4540405273438,546.4540405273438,0.0,18065.599609375,4760.0,4760.0,1446.784423828125,3362.60888671875,7404.80126953125,7404.80126953125,,
1963-11-21,0.0,511011.40625,961.7047119140625,1152.0286865234375,430.0896911621094,430.0896911621094,958.0999755859375,958.0999755859375,5000.0,5000.0,0.0,19200.890625,1179.765625,1179.765625,899.3201904296875,899.3201904296875,494.0143127441406,632.6509399414062,0.0,18262.900390625,4760.0,4760.0,1348.292724609375,3203.611328125,6395.05810546875,6395.05810546875,,
1963-11-22,0.0,511011.40625,830.5951538085938,1079.78466796875,378.85699462890625,398.7264404296875,1030.199951171875,1030.199951171875,5000.0,5000.0,0.0,18785.244140625,951.107666015625,1139.3228759765625,800.0,800.0,434.33099365234375,700.0,0.0,18478.400390625,4760.0,4760.0,1147.800048828125,3003.111328125,5979.41015625,5979.41015625,,
1963-11-23,0.0,511011.40625,1018.8442993164062,1018.8442993164062,359.7843017578125,359.7843017578125,1329.199951171875,1329.199951171875,5000.0,5000.0,0.0,19610.619140625,1195.0,1500.0,900.0,900.0,700.0,700.0,0.0,18206.900390625,4762.375,4762.375,1755.6072998046875,3635.14697265625,6804.78662109375,6804.78662109375,,
1963-11-24,0.0,511011.40625,1031.76318359375,1031.76318359375,326.55621337890625,326.55621337890625,1361.199951171875,1361.199951171875,5000.0,5000.0,0.0,19830.91015625,1109.199951171875,1500.0,800.0,800.0,792.703125,792.703125,0.0,17970.30078125,5097.97509765625,5097.97509765625,1871.8751220703125,3365.942626953125,7025.076171875,7025.076171875,,
1963-11-25,0.0,510620.21875,972.6337890625,972.6337890625,298.4041442871094,298.4041442871094,981.2999877929688,981.2999877929688,4608.79443359375,4608.79443359375,0.0,19423.5390625,848.2999877929688,1500.0,700.0,700.0,749.0536499023438,749.0536499023438,0.0,18272.19921875,4760.0,4760.0,1713.8885498046875,3088.65478515625,6617.705078125,6617.705078125,,
1963-11-26,0.0,509211.40625,859.6558837890625,859.6558837890625,269.5361022949219,269.5361022949219,1110.0,1110.0,3200.0,3200.0,0.0,18628.25,751.5999755859375,1500.0,600.0,600.0,623.85302734375,623.85302734375,0.0,18506.400390625,4760.0,4760.0,1635.725830078125,2808.55908203125,5822.416015625,5822.416015625,,
1963-11-27,0.0,509211.40625,743.4705810546875,743.4705810546875,244.6573944091797,244.6573944091797,1124.300048828125,1124.300048828125,3200.0,3200.0,0.0,18441.365234375,790.2999877929688,1500.0,700.0,700.0,510.1416015625,510.1416015625,0.0,18109.80078125,4760.0,4760.0,1840.7227783203125,2539.531494140625,5635.5322265625,5635.5322265625,,
1963-11-28,0.0,509011.40625,640.3470458984375,640.3470458984375,219.4716033935547,219.4716033935547,1122.699951171875,1122.699951171875,3000.0,3000.0,0.0,18007.5625,680.5999755859375,1500.0,605.0,605.0,414.1498718261719,414.1498718261719,0.0,18406.900390625,4760.0,4760.0,1886.8734130859375,2345.6962890625,5201.72900390625,5201.72900390625,,
1963-11-29,0.0,508611.40625,555.2647094726562,555.2647094726562,196.31439208984375,196.31439208984375,864.4000244140625,864.4000244140625,2600.0,2600.0,0.0,17534.64453125,570.2999877929688,1500.0,525.0,525.0,360.5540466308594,360.5540466308594,0.0,18477.400390625,4760.0,4760.0,1970.952392578125,2147.654296875,4728.8115234375,4728.8115234375,,
1963-11-30,0.0,508311.40625,482.60980224609375,482.60980224609375,177.5095977783203,177.5095977783203,842.7000122070312,842.7000122070312,2300.0,2300.0,0.0,17484.23046875,489.70001220703125,1500.0,450.0,450.0,295.63140869140625,322.2628479003906,0.0,18517.900390625,4760.0,4760.0,1952.7967529296875,1952.7967529296875,4678.396484375,4678.396484375,,
1963-12-01,0.0,508011.40625,423.6731872558594,423.6731872558594,159.03973388671875,159.03973388671875,787.4000244140625,787.4000244140625,2000.0,2000.0,0.0,16815.5546875,414.6000061035156,1500.0,389.0,389.0,288.34246826171875,288.34246826171875,0.0,18576.900390625,4760.0,4760.0,1782.55126953125,1782.55126953125,4009.7216796875,4009.7216796875,,
1963-12-02,0.0,508011.40625,373.84881591796875,373.84881591796875,148.8264923095703,148.8264923095703,634.7000122070312,634.7000122070312,2000.0,2000.0,0.0,16376.8447265625,370.1000061035156,1500.0,341.0,341.0,263.5842590332031,263.5842590332031,0.0,18616.0,4760.0,4760.0,1602.739990234375,1602.739990234375,3571.01123046875,3571.01123046875,,
1963-12-03,0.0,507711.40625,351.1658630371094,351.1658630371094,129.41488647460938,144.04464721679688,634.7000122070312,634.7000122070312,1700.0,1700.0,0.0,15920.833984375,329.79998779296875,1500.0,300.0,300.0,243.20703125,285.5211486816406,0.0,18669.69921875,4760.0,4760.0,1445.888916015625,1445.888916015625,3115.0009765625,3115.0009765625,,
1963-12-04,0.0,507711.40625,306.574462890625,371.3233947753906,128.39999389648438,500.0,592.7999877929688,592.7999877929688,1700.0,1700.0,0.0,15446.455078125,294.5,1500.0,276.0,276.0,214.86190795898438,215.7757110595703,0.0,18694.80078125,4760.0,4760.0,1227.797607421875,1310.048828125,2640.6220703125,2640.6220703125,,
1963-12-05,0.0,507811.40625,305.79998779296875,1000.0,149.8000030517578,500.0,505.79998779296875,505.79998779296875,1800.0,1800.0,0.0,15333.84375,325.6000061035156,1500.0,280.0,280.0,329.72900390625,700.0,0.0,18873.80078125,4760.0,4760.0,1122.248046875,1185.7032470703125,2528.010498046875,2528.010498046875,,
1963-12-06,0.0,509311.40625,674.5,1000.0,350.29998779296875,500.0,783.2999877929688,783.2999877929688,3300.0,3300.0,0.0,16474.0625,1146.0,1500.0,933.4963989257812,933.4963989257812,259.71356201171875,700.0,0.0,18444.599609375,4760.0,4760.0,1110.1341552734375,1110.1341552734375,3668.229248046875,3668.229248046875,,
1963-12-07,0.0,508511.40625,497.1000061035156,1000.0,258.70001220703125,500.0,1279.0,1279.0,2500.0,2500.0,0.0,16182.0126953125,874.7000122070312,1500.0,679.9558715820312,679.9558715820312,272.6353454589844,700.0,0.0,18507.69921875,4760.0,4760.0,1176.5386962890625,1176.5386962890625,3376.1796875,3376.1796875,,
1963-12-08,0.0,508611.40625,553.2000122070312,1000.0,394.79998779296875,500.0,1291.5999755859375,1291.5999755859375,2600.0,2600.0,0.0,16177.505859375,889.0,1500.0,672.0,672.0,580.918212890625,700.0,0.0,18576.19921875,4760.0,4760.0,1183.1435546875,1183.1435546875,3371.6728515625,3371.6728515625,,
1963-12-09,0.0,508411.40625,576.5,1000.0,458.29998779296875,500.0,1092.0999755859375,1092.0999755859375,2400.0,2400.0,0.0,16060.435546875,1044.300048828125,1500.0,750.0,750.0,700.0,700.0,0.0,18175.0,4760.0,4760.0,1185.529541015625,1185.529541015625,3254.602783203125,3254.602783203125,,
1963-12-10,0.0,508111.40625,469.1000061035156,1000.0,355.20001220703125,500.0,830.9000244140625,830.9000244140625,2100.0,2100.0,0.0,15738.2734375,787.5,1500.0,600.0,600.0,485.3781433105469,485.3781433105469,0.0,18433.30078125,4760.0,4760.0,1191.14013671875,1191.14013671875,2932.440185546875,2932.440185546875,,
1963-12-11,0.0,507911.40625,406.1000061035156,1000.0,269.79998779296875,500.0,772.9000244140625,772.9000244140625,1900.0,1900.0,0.0,15836.9970703125,649.2000122070312,1500.0,495.0,495.0,436.9792785644531,436.9792785644531,0.0,18523.0,2139.474853515625,2139.474853515625,1156.3876953125,1156.3876953125,3031.16357421875,3031.16357421875,,
1963-12-12,0.0,507711.40625,350.1000061035156,1000.0,234.89999389648438,500.0,686.2999877929688,686.2999877929688,1700.0,1700.0,0.0,15413.517578125,539.7999877929688,1500.0,423.0,423.0,391.04736328125,391.04736328125,0.0,17664.478515625,1294.699951171875,1294.699951171875,1024.8583984375,1024.8583984375,2607.683837890625,2607.683837890625,,
1963-12-13,0.0,507611.40625,317.3999938964844,1000.0,204.6999969482422,500.0,650.2999877929688,650.2999877929688,1600.0,1600.0,0.0,15241.8955078125,461.5,1500.0,377.0,377.0,351.659912109375,351.659912109375,0.0,17522.13671875,1160.4000244140625,1160.4000244140625,921.0723266601562,921.0723266601562,2436.0625,2436.0625,,
1963-12-14,0.0,507511.40625,285.8999938964844,1000.0,179.89999389648438,500.0,596.5,596.5,1500.0,1500.0,0.0,15159.330078125,421.5,1500.0,337.0,337.0,317.00115966796875,317.00115966796875,0.0,17317.34375,1074.0999755859375,1074.0999755859375,836.648193359375,836.648193359375,2353.496337890625,2353.496337890625,,
1963-12-15,0.0,507411.40625,262.6000061035156,1000.0,165.0,500.0,597.2999877929688,597.2999877929688,1400.0,1400.0,0.0,14980.1240234375,366.1000061035156,1500.0,304.0,304.0,277.09259033203125,277.09259033203125,0.0,17228.5078125,978.2000122070312,978.2000122070312,777.2654418945312,777.2654418945312,2174.291015625,2174.291015625,,
1963-12-16,0.0,507411.40625,239.1999969482422,1000.0,148.10000610351562,500.0,300.0,300.0,1400.0,1400.0,0.0,14760.6171875,325.79998779296875,1500.0,276.0,276.0,257.6192932128906,257.6192932128906,0.0,17074.8125,914.9000244140625,914.9000244140625,727.5103149414062,727.5103149414062,1954.783447265625,1954.783447265625,,
1963-12-17,0.0,507311.40625,227.60000610351562,1000.0,134.10000610351562,500.0,300.0,300.0,1300.0,1300.0,0.0,14718.4287109375,300.8999938964844,1500.0,255.0,255.0,221.97059631347656,259.80535888671875,0.0,17026.353515625,852.5999755859375,852.5999755859375,690.3402099609375,690.3402099609375,1912.5955810546875,1912.5955810546875,,
1963-12-18,0.0,507211.40625,217.10000610351562,1000.0,134.10000610351562,500.0,300.0,300.0,1200.0,1200.0,0.0,14567.2021484375,263.79998779296875,1500.0,234.0,234.0,222.52540588378906,229.56021118164062,0.0,16912.07421875,805.5999755859375,805.5999755859375,665.1573486328125,720.4601440429688,1761.3687744140625,1761.3687744140625,,
1963-12-19,0.0,507311.40625,227.60000610351562,1000.0,134.10000610351562,500.0,300.0,300.0,1300.0,1300.0,0.0,14611.1875,263.79998779296875,1500.0,50.0,50.0,264.5119934082031,700.0,0.0,16914.638671875,794.0999755859375,794.0999755859375,622.3373413085938,635.011962890625,1805.3541259765625,1805.3541259765625,,
1963-12-20,0.0,507611.40625,337.29998779296875,1000.0,194.60000610351562,500.0,300.0,300.0,1600.0,1600.0,0.0,14896.9033203125,383.79998779296875,1500.0,50.0,50.0,498.6285705566406,700.0,0.0,17237.8984375,1045.300048828125,1045.300048828125,780.7000122070312,1000.0,2091.070068359375,2091.070068359375,,
1963-12-21,0.0,507611.40625,385.1000061035156,1000.0,232.5,500.0,300.0,300.0,1600.0,1600.0,0.0,14155.8330078125,621.4000244140625,1500.0,50.0,50.0,700.0,700.0,0.0,17647.75,1265.9000244140625,1265.9000244140625,809.2000122070312,1000.0,1350.0,1350.0,,
1963-12-22,0.0,507511.40625,378.1000061035156,1000.0,214.5,500.0,300.0,300.0,1500.0,1500.0,0.0,14155.8330078125,563.4000244140625,1500.0,50.0,50.0,618.3783569335938,618.3783569335938,0.0,17508.244140625,1189.199951171875,1189.199951171875,794.0,1000.0,1350.0,1350.0,,
1963-12-23,0.0,507511.40625,406.1000061035156,1000.0,196.6999969482422,500.0,300.0,300.0,1500.0,1500.0,0.0,14155.8330078125,539.4000244140625,1500.0,50.0,50.0,557.4764404296875,557.4764404296875,0.0,17567.822265625,1237.0999755859375,1237.0999755859375,801.7999877929688,1000.0,1350.0,1350.0,,
1963-12-24,0.0,507511.40625,413.1000061035156,1000.0,175.0,500.0,300.0,300.0,1500.0,1500.0,0.0,14155.8330078125,500.20001220703125,1500.0,50.0,50.0,540.7098388671875,540.7098388671875,0.0,17490.6875,1198.800048828125,1198.800048828125,786.5999755859375,1000.0,1350.0,1350.0,,
1963-12-25,0.0,507211.40625,448.1000061035156,1000.0,185.10000610351562,500.0,300.0,300.0,1200.0,1200.0,0.0,14155.8330078125,459.79998779296875,1500.0,50.0,50.0,473.4604797363281,528.2632446289062,0.0,17674.033203125,1333.0,1333.0,771.4000244140625,1000.0,1350.0,1350.0,,
1963-12-26,0.0,507211.40625,560.2000122070312,1000.0,240.60000610351562,500.0,300.0,300.0,1200.0,1200.0,0.0,14155.8330078125,606.0,1500.0,50.0,50.0,514.1036987304688,527.275146484375,0.0,18111.32421875,1591.9000244140625,1591.9000244140625,979.0,1000.0,1350.0,1350.0,,
1963-12-27,0.0,507211.40625,900.9000244140625,1000.0,274.29998779296875,500.0,300.0,300.0,1200.0,1200.0,0.0,14155.8330078125,1067.800048828125,1500.0,50.0,50.0,503.7099914550781,700.0,0.0,17738.5,1572.800048828125,1572.800048828125,1000.0,1000.0,1350.0,1350.0,,
1963-12-28,0.0,507211.40625,1000.0,1000.0,500.0,500.0,300.0,1482.3499755859375,1200.0,1200.0,0.0,14155.8330078125,1500.0,1500.0,50.0,1583.16943359375,700.0,700.0,0.0,18182.900390625,4238.7998046875,4238.7998046875,1078.80908203125,1078.80908203125,1350.0,1350.0,,
1963-12-29,0.0,507211.40625,1005.0361328125,1005.0361328125,455.66943359375,455.66943359375,300.0,1810.4500732421875,1200.0,1200.0,0.0,14155.8330078125,1741.0361328125,1741.0361328125,50.0,1323.4462890625,601.644287109375,601.644287109375,0.0,18101.900390625,3203.10009765625,3203.10009765625,1443.943359375,1443.943359375,1350.0,1350.0,,
1963-12-30,0.0,507211.40625,870.357421875,870.357421875,426.8462829589844,426.8462829589844,1412.5999755859375,3000.0,1200.0,1200.0,0.0,14155.8330078125,1431.9573974609375,1431.9573974609375,50.0,1130.2974853515625,582.0833740234375,634.0398559570312,0.0,18385.900390625,2263.199951171875,2263.199951171875,1681.853515625,1681.853515625,1350.0,1350.0,,
1963-12-31,0.0,507211.40625,766.7021484375,840.1049194335938,341.76141357421875,459.28424072265625,1241.300048828125,3000.0,1200.0,1200.0,0.0,14155.8330078125,1281.0355224609375,1597.3382568359375,50.0,1200.1983642578125,518.5230102539062,543.3689575195312,0.0,18415.900390625,1927.5999755859375,1927.5999755859375,1720.0147705078125,1720.0147705078125,1350.0,1350.0,,
1964-01-01,0.0,507211.40625,692.4671630859375,768.5699462890625,369.20001220703125,500.0,1175.0999755859375,3000.0,1200.0,1200.0,0.0,14155.8330078125,956.32275390625,1241.3681640625,50.0,1035.1883544921875,699.1670532226562,700.0,0.0,17082.27734375,50.0,50.0,1698.7662353515625,1698.7662353515625,1350.0,1350.0,,
1964-01-02,0.0,507211.40625,689.7799682617188,689.7799682617188,500.0,500.0,1298.800048828125,3000.0,1200.0,1200.0,0.0,14155.8330078125,1500.0,1500.0,50.0,1107.0694580078125,700.0,700.0,0.0,17552.19921875,50.0,50.0,1654.6912841796875,1654.6912841796875,1350.0,1350.0,,
1964-01-03,0.0,507211.40625,613.8866577148438,613.8866577148438,395.8027648925781,395.8027648925781,1066.0999755859375,3000.0,1200.0,1200.0,0.0,14155.8330078125,1281.93603515625,1281.93603515625,50.0,984.0463256835938,553.0827026367188,553.0827026367188,0.0,17229.685546875,50.0,50.0,1689.142578125,1689.142578125,1350.0,1350.0,,
1964-01-04,0.0,507211.40625,601.4244384765625,601.4244384765625,401.03240966796875,444.2972106933594,981.0,3000.0,1200.0,1200.0,0.0,14155.8330078125,1266.121337890625,1676.3638916015625,50.0,1204.88427734375,470.2276306152344,508.86285400390625,0.0,16933.826171875,50.0,50.0,1672.171630859375,1672.171630859375,1350.0,1350.0,,
1964-01-05,0.0,507211.40625,508.44683837890625,576.0162963867188,322.1000061035156,500.0,914.2999877929688,3000.0,1200.0,1200.0,0.0,14155.8330078125,862.2999877929688,1500.0,50.0,738.0,571.7230224609375,700.0,0.0,16767.16015625,82.70001220703125,82.70001220703125,1610.1690673828125,1610.1690673828125,1350.0,1350.0,,
1964-01-06,0.0,507211.40625,533.3775024414062,533.3775024414062,500.0,500.0,1318.9000244140625,3000.0,1200.0,1200.0,0.0,14155.8330078125,1500.0,1500.0,50.0,2000.0,700.0,700.0,0.0,16275.2001953125,50.0,50.0,1530.1341552734375,1530.1341552734375,1350.0,1350.0,,
1964-01-07,0.0,507211.40625,502.61834716796875,502.61834716796875,1588.469482421875,1588.469482421875,1196.4000244140625,3000.0,1200.0,1200.0,0.0,14155.8330078125,2810.427001953125,2810.427001953125,50.0,2000.0,1578.918212890625,1578.918212890625,0.0,16584.900390625,50.0,50.0,1664.6954345703125,1664.6954345703125,1350.0,1350.0,,
1964-01-08,0.0,507211.40625,465.7789001464844,465.7789001464844,1310.57958984375,1310.57958984375,958.4000244140625,3000.0,1200.0,1200.0,0.0,14274.83984375,3566.8603515625,3566.8603515625,50.0,2248.40283203125,1906.8218994140625,1906.8218994140625,0.0,17151.220703125,50.0,50.0,1844.9637451171875,1844.9637451171875,1350.0,1469.0068359375,,
1964-01-09,0.0,507211.40625,427.2192687988281,427.2192687988281,1070.7530517578125,1070.7530517578125,954.0,3000.0,1200.0,1200.0,0.0,17205.833984375,2798.37353515625,2798.37353515625,50.0,1829.601806640625,1782.0888671875,1782.0888671875,0.0,17042.822265625,50.0,50.0,1808.30859375,1808.30859375,4400.0,4400.0,,
1964-01-10,0.0,507211.40625,395.2795104980469,395.2795104980469,886.0687255859375,886.0687255859375,814.2999877929688,3000.0,1200.0,1200.0,0.0,17205.833984375,2230.84912109375,2230.84912109375,50.0,1521.06787109375,1507.6851806640625,1507.6851806640625,0.0,16865.119140625,50.0,50.0,1755.6131591796875,1755.6131591796875,4400.0,4400.0,,
1964-01-11,0.0,507211.40625,378.05023193359375,382.5530090332031,754.2124633789062,754.2124633789062,742.9000244140625,3000.0,1200.0,1200.0,0.0,17205.833984375,1861.332763671875,1861.332763671875,50.0,1328.7119140625,1323.246826171875,1323.246826171875,0.0,16744.857421875,138.79998779296875,138.79998779296875,1679.361572265625,1679.361572265625,4400.0,4400.0,,
1964-01-12,0.0,507211.40625,348.5325622558594,381.06866455078125,661.4083251953125,661.4083251953125,713.5999755859375,3000.0,1200.0,1200.0,0.0,17205.833984375,1588.9190673828125,1677.2218017578125,50.0,1265.8079833984375,1148.102783203125,1154.844482421875,0.0,16756.81640625,216.4000244140625,216.4000244140625,1579.876220703125,1579.876220703125,4400.0,4400.0,,
1964-01-13,0.0,507211.40625,357.67633056640625,358.8290100097656,577.3721923828125,577.3721923828125,740.7000122070312,3000.0,1200.0,1200.0,0.0,16877.16015625,1421.61181640625,1477.214599609375,50.0,1170.5386962890625,1027.7606201171875,1027.7606201171875,0.0,16814.88671875,138.79998779296875,138.79998779296875,1479.213623046875,1479.213623046875,4071.3271484375,4071.3271484375,,
1964-01-14,0.0,507211.40625,378.1000061035156,1000.0,557.2786865234375,623.8814697265625,728.0,3000.0,1200.0,1200.0,0.0,16918.78515625,1490.0069580078125,1667.3763427734375,50.0,1335.868896484375,964.3041381835938,997.0195922851562,0.0,16852.703125,50.0,50.0,1403.8792724609375,1403.8792724609375,4112.951171875,4112.951171875,,
1964-01-15,0.0,507211.40625,364.1000061035156,1000.0,441.4181823730469,505.65460205078125,714.9000244140625,3000.0,1200.0,1200.0,0.0,16810.328125,1138.748046875,1261.8443603515625,50.0,980.0,860.19189453125,875.510498046875,0.0,16736.626953125,144.79998779296875,144.79998779296875,1349.9927978515625,1349.9927978515625,3565.320068359375,4004.49462890625,,
1964-01-16,0.0,507211.40625,830.9000244140625,1000.0,500.0,500.0,1192.199951171875,3000.0,1200.0,1200.0,0.0,17002.033203125,1500.0,1500.0,50.0,1670.0,806.3342895507812,806.3342895507812,0.0,17805.814453125,50.0,50.0,1283.661376953125,1283.661376953125,4196.19970703125,4196.19970703125,,
1964-01-17,0.0,507211.40625,1000.0,1000.0,777.2931518554688,777.2931518554688,1512.300048828125,3000.0,1200.0,1200.0,0.0,18577.921875,1792.1314697265625,1792.1314697265625,50.0,2000.0,1231.79296875,1231.79296875,0.0,17155.80078125,50.0,50.0,1405.6412353515625,1405.6412353515625,5772.08837890625,5772.08837890625,,
1964-01-18,0.0,507211.40625,791.7000122070312,815.9000244140625,1906.0821533203125,1906.0821533203125,1322.5999755859375,3000.0,1200.0,1200.0,0.0,18580.515625,1155.0396728515625,1155.0396728515625,50.0,2000.0,1211.291259765625,1211.291259765625,0.0,16878.80078125,50.0,50.0,1689.8486328125,1689.8486328125,5774.68310546875,5774.68310546875,,
1964-01-19,0.0,507211.40625,742.2000122070312,1000.0,292.5375061035156,292.5375061035156,1667.199951171875,3000.0,1200.0,1200.0,0.0,18452.30859375,558.82666015625,558.82666015625,50.0,2000.0,377.2313232421875,377.2313232421875,0.0,15039.7998046875,50.0,50.0,1815.80078125,1815.80078125,5646.4755859375,5646.4755859375,,
1964-01-20,0.0,507211.40625,962.7999877929688,1000.0,1524.45361328125,1524.45361328125,2125.199951171875,3000.0,1200.0,1200.0,0.0,17205.833984375,3105.908447265625,3105.908447265625,50.0,3703.47509765625,2140.0693359375,2140.0693359375,0.0,13475.400390625,50.0,50.0,2352.4580078125,2352.4580078125,4400.0,4400.0,,
1964-01-21,0.0,507211.40625,641.9000244140625,1000.0,3000.0,3000.0,1264.199951171875,3000.0,1200.0,1200.0,0.0,18468.0234375,4694.1328125,4694.1328125,50.0,3413.9111328125,3174.136474609375,3174.136474609375,0.0,16944.69921875,50.0,50.0,3022.116455078125,3022.116455078125,5662.189453125,5662.189453125,,
1964-01-22,0.0,507211.40625,497.1000061035156,1000.0,2942.19970703125,2942.19970703125,996.5999755859375,3000.0,1200.0,1200.0,0.0,19212.9765625,5000.0,5000.0,50.0,2862.607421875,3784.9208984375,3784.9208984375,0.0,17042.98828125,50.0,50.0,2956.31884765625,2956.31884765625,6407.1435546875,6407.1435546875,,
1964-01-23,0.0,507211.40625,413.1000061035156,1000.0,2960.04443359375,3000.0,835.2999877929688,3000.0,1200.0,1200.0,0.0,19402.11328125,5000.0,5000.0,50.0,2835.071533203125,4063.28271484375,4063.28271484375,0.0,16923.58203125,50.0,50.0,2750.45556640625,2750.45556640625,6596.2802734375,6596.2802734375,,
1964-01-24,0.0,507211.40625,735.2000122070312,1000.0,2477.811279296875,2578.747314453125,1230.0,3000.0,1200.0,1200.0,0.0,19237.2265625,5000.0,5000.0,50.0,2000.0,3685.898193359375,3685.898193359375,0.0,18117.583984375,50.0,50.0,2500.35888671875,2500.35888671875,6431.3935546875,6431.3935546875,,
1964-01-25,0.0,510096.28125,1000.0,1000.0,2041.264892578125,2041.264892578125,1863.5,3000.0,1200.0,4084.861083984375,0.0,19264.935546875,4202.7119140625,4202.7119140625,50.0,2000.0,3826.333984375,3826.333984375,0.0,16464.30078125,50.0,3618.666748046875,2358.57666015625,2358.57666015625,6459.1015625,6459.1015625,,
1964-01-26,0.0,511011.40625,1085.66064453125,1085.66064453125,1599.043212890625,1599.043212890625,1976.9000244140625,3000.0,1200.0,5000.0,0.0,19669.525390625,4152.83740234375,4152.83740234375,50.0,2091.84033203125,4244.67529296875,4244.67529296875,0.0,16345.7998046875,50.0,5961.1005859375,2503.53173828125,2503.53173828125,6863.69287109375,6863.69287109375,,
1964-01-27,0.0,510401.3125,1170.2860107421875,1170.2860107421875,1361.5621337890625,1361.5621337890625,1833.5999755859375,3000.0,1200.0,4389.9072265625,0.0,19837.01953125,3870.53759765625,3870.53759765625,50.0,2595.456298828125,4190.0869140625,4190.0869140625,0.0,17459.099609375,5878.7001953125,7073.5751953125,2559.277099609375,2559.277099609375,7031.18701171875,7031.18701171875,,
1964-01-28,0.0,509938.03125,1194.3939208984375,1194.3939208984375,1080.1719970703125,1196.108154296875,1643.199951171875,3000.0,1200.0,3926.60498046875,0.0,19917.298828125,3489.588134765625,3489.588134765625,50.0,2183.777587890625,4100.59619140625,4100.59619140625,0.0,17673.900390625,4660.7001953125,5855.5751953125,2530.36767578125,2530.36767578125,7111.46630859375,7111.46630859375,,
1964-01-29,0.0,510862.46875,1184.633056640625,1184.633056640625,1014.932373046875,1014.932373046875,1789.0999755859375,3000.0,1200.0,4851.06982421875,0.0,19834.77734375,3029.302490234375,3029.302490234375,50.0,2000.0,3984.59228515625,3984.59228515625,0.0,17798.900390625,5725.2001953125,6920.0751953125,2468.301025390625,2468.301025390625,7028.94384765625,7028.94384765625,,
1964-01-30,0.0,510412.125,1204.0322265625,1204.0322265625,935.24365234375,935.24365234375,1645.9000244140625,3000.0,1200.0,4400.71337890625,0.0,19681.42578125,2958.6083984375,2958.6083984375,50.0,1989.4189453125,3853.091064453125,3853.091064453125,0.0,17438.30078125,4986.7998046875,6181.6748046875,2435.28857421875,2435.28857421875,6875.591796875,6875.591796875,,
1964-01-31,0.0,510411.875,1211.70654296875,1211.70654296875,801.2555541992188,801.2555541992188,2100.0,3000.0,1200.0,4400.4755859375,0.0,19497.736328125,2875.94677734375,2875.94677734375,50.0,1551.5941162109375,3705.776611328125,3705.776611328125,0.0,18239.099609375,4651.2001953125,5846.0751953125,2384.26171875,2384.26171875,6691.90234375,6691.90234375,,
1964-02-01,0.0,509661.46875,996.6669921875,996.6669921875,670.2683715820312,670.2683715820312,3000.0,3000.0,1050.0,3650.0634765625,0.0,19416.12890625,2719.814208984375,2719.814208984375,50.0,1135.5699462890625,3539.11865234375,3539.11865234375,0.0,17370.0,5082.7001953125,6277.5751953125,2406.107666015625,2406.107666015625,6610.29638671875,6610.29638671875,,
1964-02-02,0.0,508677.53125,732.2698974609375,732.2698974609375,557.2456665039062,557.2456665039062,3000.0,3000.0,1050.0,2666.112548828125,0.0,18664.705078125,2307.4150390625,2307.4150390625,50.0,848.2952270507812,3368.969970703125,3368.969970703125,0.0,17995.5,50.0,2977.380615234375,1961.0419921875,1961.0419921875,5858.87060546875,5858.87060546875,,
1964-02-03,0.0,508002.15625,543.9334716796875,543.9334716796875,464.42108154296875,464.42108154296875,2627.5,2627.5,1050.0,1990.7373046875,0.0,17177.07421875,1931.80615234375,1931.80615234375,50.0,626.8657836914062,2281.158935546875,2281.158935546875,0.0,17669.8984375,50.0,2714.375,1342.000732421875,1342.000732421875,4371.240234375,4371.240234375,,
1964-02-04,0.0,507371.625,394.8540954589844,394.8540954589844,386.8424377441406,386.8424377441406,1200.0,1200.0,1050.0,1360.223388671875,0.0,16022.0517578125,1579.2908935546875,1579.2908935546875,50.0,420.78082275390625,1504.5419921875,1504.5419921875,0.0,18201.80078125,2789.211181640625,4760.0,844.7158203125,844.7158203125,3216.218505859375,3216.218505859375,,
1964-02-05,0.0,507061.40625,250.31932067871094,250.31932067871094,331.30865478515625,331.30865478515625,1200.0,1200.0,1050.0,1050.0,0.0,15059.1220703125,1269.66064453125,1269.66064453125,50.0,244.44273376464844,970.8062133789062,970.8062133789062,0.0,18209.69921875,50.0,1975.3350830078125,417.53485107421875,417.53485107421875,2253.2890625,2253.2890625,,
1964-02-06,0.0,507061.40625,134.92636108398438,134.92636108398438,268.68994140625,268.68994140625,1200.0,1200.0,1050.0,1050.0,0.0,14337.4501953125,1004.0497436523438,1004.0497436523438,50.0,107.14131927490234,602.3999633789062,602.3999633789062,0.0,17611.802734375,50.0,1738.8629150390625,400.0,400.0,1531.6165771484375,1531.6165771484375,,
1964-02-07,0.0,507061.40625,50.0,50.0,224.47122192382812,224.47122192382812,1100.0,1100.0,1050.0,1050.0,0.0,14005.8330078125,806.8091430664062,806.8091430664062,50.0,50.0,343.37896728515625,343.37896728515625,0.0,17613.439453125,50.0,1434.5185546875,400.0,400.0,1200.0,1200.0,,
1964-02-08,0.0,507061.40625,50.0,50.0,199.6013641357422,199.6013641357422,1000.0,1000.0,1050.0,1050.0,0.0,14005.8330078125,703.5133666992188,703.5133666992188,50.0,50.0,165.83151245117188,165.83151245117188,0.0,17597.125,50.0,1144.1962890625,400.0,400.0,1200.0,1200.0,,
1964-02-09,0.0,507061.40625,50.0,50.0,182.151611328125,182.151611328125,900.0,900.0,1050.0,1050.0,0.0,14005.8330078125,655.502685546875,655.502685546875,50.0,50.0,50.0,50.0,0.0,17637.455078125,50.0,834.25732421875,1484.900390625,3843.862548828125,1200.0,1200.0,,
1964-02-10,0.0,507061.40625,694.0322265625,1761.0174560546875,160.5063934326172,160.5063934326172,1000.0,1000.0,1050.0,1050.0,0.0,14155.8330078125,588.0106201171875,588.0106201171875,50.0,50.0,50.0,50.0,0.0,17781.787109375,50.0,683.7628784179688,400.0,769.9890747070312,1350.0,1350.0,,
1964-02-11,0.0,507061.40625,50.0,458.8353576660156,144.72543334960938,144.72543334960938,800.0,800.0,1050.0,1050.0,0.0,14155.8330078125,527.5502319335938,527.5502319335938,50.0,50.0,50.0,50.0,0.0,17958.146484375,50.0,727.5296020507812,400.0,401.19744873046875,1350.0,1350.0,,
1964-02-12,0.0,507061.40625,50.0,368.8020324707031,143.17579650878906,143.17579650878906,1000.0,1000.0,1050.0,1050.0,0.0,14155.8330078125,490.41552734375,490.41552734375,50.0,50.0,594.4039306640625,3058.44921875,0.0,17988.326171875,67.36328125,395.962890625,400.0,400.0,1350.0,1350.0,,
1964-02-13,0.0,507061.40625,50.0,274.543701171875,178.9099578857422,178.9099578857422,800.0,800.0,1050.0,1050.0,0.0,14155.8330078125,511.7059020996094,511.7059020996094,50.0,50.0,50.0,323.3804931640625,0.0,18101.24609375,124.63557434082031,124.63557434082031,400.0,400.0,1350.0,1350.0,,
1964-02-14,0.0,507061.40625,50.0,180.5631561279297,293.7632141113281,2350.737548828125,800.0,800.0,1050.0,1050.0,0.0,14155.8330078125,525.5377197265625,525.5377197265625,50.0,50.0,50.0,206.19264221191406,0.0,18234.609375,173.66326904296875,173.66326904296875,400.0,400.0,1350.0,1350.0,,
1964-02-15,0.0,507061.40625,50.0,103.94371032714844,75.0,355.08392333984375,800.0,800.0,1050.0,1050.0,0.0,14155.8330078125,887.5706787109375,3441.451904296875,50.0,50.0,50.0,160.55459594726562,0.0,18418.046875,72.3170394897461,72.3170394897461,400.0,400.0,1350.0,1350.0,,
1964-02-16,0.0,507061.40625,50.0,50.0,414.8769226074219,2500.0,700.0,700.0,1050.0,1050.0,0.0,14155.8330078125,190.0,836.3762817382812,50.0,50.0,50.0,166.4747314453125,0.0,18343.0,54.44169235229492,54.44169235229492,400.0,400.0,1350.0,1350.0,,
1964-02-17,0.0,507061.40625,50.0,50.0,75.0,317.2225646972656,700.0,700.0,1050.0,1050.0,0.0,14155.8330078125,190.0,871.86962890625,50.0,50.0,50.0,197.65040588378906,0.0,18454.900390625,50.0,50.0,400.0,400.0,1350.0,1350.0,,
1964-02-18,0.0,507061.40625,50.0,50.0,344.5787048339844,2543.233642578125,700.0,700.0,1050.0,1050.0,0.0,14155.8330078125,190.0,943.2066650390625,50.0,50.0,50.0,109.61390686035156,0.0,18436.599609375,50.0,50.0,400.0,400.0,1350.0,1350.0,,
1964-02-19,0.0,507061.40625,50.0,50.0,75.0,283.03997802734375,700.0,700.0,1050.0,1050.0,0.0,14155.8330078125,190.0,946.40380859375,50.0,50.0,50.0,50.0,0.0,18668.69921875,50.0,50.0,400.0,400.0,1350.0,1350.0,,
1964-02-20,0.0,507061.40625,50.0,50.0,292.91650390625,2581.509033203125,700.0,700.0,1050.0,1050.0,0.0,14155.8330078125,190.0,907.731689453125,50.0,50.0,50.0,50.0,0.0,18349.19921875,50.0,50.0,400.0,400.0,1350.0,1350.0,,
1964-02-21,0.0,507061.40625,50.0,50.0,75.0,215.59568786621094,700.0,700.0,1050.0,1050.0,0.0,14155.8330078125,190.0,889.519287109375,50.0,50.0,50.0,50.0,0.0,18619.30078125,50.0,50.0,400.0,400.0,1350.0,1350.0,,
1964-02-22,0.0,507061.40625,50.0,50.0,75.0,248.41928100585938,800.0,800.0,1050.0,1050.0,0.0,14155.8330078125,190.0,959.6817016601562,50.0,50.0,50.0,50.0,0.0,18598.900390625,50.0,50.0,400.0,400.0,1350.0,1350.0,,
1964-02-23,0.0,507061.40625,50.0,50.0,230.96078491210938,2637.225341796875,800.0,800.0,1050.0,1050.0,0.0,14155.8330078125,190.0,843.7816772460938,50.0,50.0,50.0,50.0,0.0,18620.099609375,78.3416519165039,78.3416519165039,400.0,400.0,1350.0,1350.0,,
1964-02-24,0.0,507061.40625,50.0,50.0,75.0,172.87060546875,800.0,800.0,1050.0,1050.0,0.0,14155.8330078125,190.0,800.9869384765625,50.0,50.0,50.0,50.0,0.0,18642.5,96.2416763305664,96.2416763305664,400.0,400.0,1350.0,1350.0,,
1964-02-25,0.0,507061.40625,50.0,50.0,75.0,162.48634338378906,700.0,700.0,1050.0,1050.0,0.0,14155.8330078125,190.0,710.4915161132812,50.0,50.0,50.0,50.0,0.0,18669.80078125,172.6416473388672,172.6416473388672,400.0,400.0,1350.0,1350.0,,
1964-02-26,0.0,507061.40625,50.0,50.0,75.0,151.97802734375,700.0,700.0,1050.0,1050.0,0.0,14155.8330078125,190.0,586.2457275390625,50.0,50.0,50.0,50.0,0.0,18685.099609375,241.3369903564453,241.3369903564453,400.0,400.0,1350.0,1350.0,,
1964-02-27,0.0,507061.40625,50.0,50.0,75.0,126.80473327636719,600.0,600.0,1050.0,1050.0,0.0,14155.8330078125,190.0,530.31396484375,50.0,50.0,50.0,50.0,0.0,18711.69921875,294.235595703125,294.235595703125,400.0,400.0,1350.0,1350.0,,
1964-02-28,0.0,507061.40625,50.0,50.0,75.0,148.34156799316406,700.0,700.0,1050.0,1050.0,0.0,14155.8330078125,190.0,496.9974365234375,50.0,50.0,50.0,50.0,0.0,18727.099609375,318.16326904296875,318.16326904296875,400.0,400.0,1350.0,1350.0,,
1964-02-29,0.0,507061.40625,50.0,50.0,75.0,143.64157104492188,600.0,600.0,1050.0,1050.0,0.0,14155.8330078125,550.6275634765625,4904.2880859375,50.0,50.0,50.0,50.0,0.0,18754.80078125,351.53558349609375,351.53558349609375,400.0,400.0,1350.0,1350.0,,
1964-03-01,0.0,507061.40625,50.0,50.0,75.0,279.3488464355469,700.0,700.0,1050.0,1050.0,0.0,14155.8330078125,190.0,549.0808715820312,50.0,50.0,50.0,50.0,0.0,18692.5,265.87109375,265.87109375,800.0,800.0,1350.0,1350.0,,
1964-03-02,0.0,507061.40625,50.0,50.0,296.732177734375,2767.66357421875,700.0,700.0,1050.0,1050.0,0.0,14155.8330078125,190.0,639.9100341796875,50.0,50.0,50.0,50.0,0.0,18619.69921875,274.1416320800781,274.1416320800781,800.0,800.0,1350.0,1350.0,,
1964-03-03,0.0,507061.40625,50.0,50.0,75.0,312.658935546875,600.0,600.0,1050.0,1050.0,0.0,14155.8330078125,688.7391967773438,5000.0,50.0,50.0,50.0,50.0,0.0,18675.099609375,247.84165954589844,247.84165954589844,800.0,800.0,1350.0,1350.0,,
1964-03-04,0.0,507061.40625,50.0,50.0,599.7269897460938,2817.967041015625,1100.0,1100.0,1050.0,1050.0,0.0,14155.8330078125,190.0,1182.6552734375,50.0,50.0,50.0,50.0,0.0,18835.30078125,50.0,50.0,800.0,800.0,1350.0,1350.0,,
1964-03-05,0.0,507061.40625,50.0,50.0,75.0,906.7193603515625,1400.0,1400.0,1050.0,1050.0,0.0,14155.8330078125,3065.203857421875,5000.0,50.0,50.0,50.0,50.0,0.0,17360.0,50.0,50.0,800.0,800.0,1350.0,1350.0,,
1964-03-06,0.0,507061.40625,50.0,50.0,772.2423095703125,2867.25927734375,1000.0,1000.0,1050.0,1050.0,0.0,14155.8330078125,190.0,1742.56494140625,50.0,575.441650390625,50.0,151.4462127685547,0.0,18118.5,50.0,50.0,800.0,800.0,1350.0,1350.0,,
1964-03-07,0.0,507061.40625,50.0,50.0,75.0,552.906005859375,900.0,900.0,1050.0,1050.0,0.0,14155.8330078125,1445.8841552734375,5000.0,50.0,615.7919921875,50.0,205.2023468017578,0.0,18233.19921875,50.0,50.0,800.0,800.0,1350.0,1350.0,,
1964-03-08,0.0,507061.40625,50.0,50.0,554.5858154296875,2883.597412109375,800.0,800.0,1050.0,1050.0,0.0,14155.8330078125,190.0,1106.7227783203125,50.0,619.1480102539062,50.0,186.6539764404297,0.0,18334.30078125,50.0,50.0,800.0,800.0,1350.0,1350.0,,
1964-03-09,0.0,507061.40625,50.0,50.0,75.0,585.911376953125,800.0,800.0,1050.0,1050.0,0.0,14155.8330078125,1351.8040771484375,5000.0,50.0,695.352294921875,50.0,254.39483642578125,0.0,18199.599609375,50.0,50.0,800.0,800.0,1350.0,1350.0,,
1964-03-10,0.0,507061.40625,50.0,50.0,635.811767578125,2915.18017578125,800.0,800.0,1050.0,1050.0,0.0,14155.8330078125,190.0,1099.72216796875,50.0,831.6620483398438,50.0,315.0931396484375,0.0,18291.400390625,50.0,50.0,800.0,800.0,1350.0,1350.0,,
1964-03-11,0.0,507061.40625,50.0,50.0,75.0,881.6050415039062,800.0,800.0,1050.0,1050.0,0.0,14155.8330078125,1942.7432861328125,5000.0,50.0,785.8818359375,50.0,1279.9517822265625,0.0,18062.900390625,50.0,229.1333770751953,800.0,800.0,1350.0,1350.0,,
1964-03-12,0.0,507061.40625,50.0,50.0,1036.8353271484375,2961.670166015625,900.0,900.0,1050.0,1050.0,0.0,14155.8330078125,190.0,2005.2620849609375,50.0,744.2152099609375,50.0,2899.58203125,0.0,17599.30078125,50.0,684.316650390625,800.0,800.0,1350.0,1350.0,,
1964-03-13,0.0,507061.40625,50.0,50.0,75.0,714.1207885742188,800.0,800.0,1050.0,1050.0,0.0,14155.8330078125,1466.6478271484375,5000.0,50.0,1116.4375,2918.510986328125,4231.99951171875,0.0,18025.30078125,50.0,608.0833129882812,800.0,800.0,1350.0,1350.0,,
1964-03-14,0.0,507061.40625,50.0,76.9715576171875,820.0791015625,2974.24462890625,900.0,900.0,1050.0,1050.0,0.0,14155.8330078125,190.0,1329.87353515625,50.0,785.902587890625,1970.93017578125,4223.05419921875,0.0,18438.400390625,50.0,1247.4332275390625,800.0,800.0,1350.0,1350.0,,
1964-03-15,0.0,507061.40625,50.0,503.86041259765625,75.0,900.7263793945312,1200.0,1200.0,1050.0,1050.0,0.0,14155.8330078125,2609.37841796875,5000.0,120.0,1347.1336669921875,50.0,1190.7249755859375,0.0,17602.80078125,50.0,3571.449951171875,800.0,800.0,1350.0,1350.0,,
1964-03-16,0.0,507511.40625,50.0,540.0520629882812,820.4359741210938,2998.4814453125,1200.0,1200.0,1500.0,1500.0,0.0,14155.8330078125,190.0,2141.218994140625,120.0,1209.41015625,1126.2958984375,4281.79638671875,0.0,18072.19921875,3710.621826171875,10000.0,800.0,800.0,1350.0,1350.0,,
1964-03-17,0.0,507511.40625,50.0,597.7493286132812,75.0,674.7239379882812,1100.0,1100.0,1500.0,1500.0,0.0,14155.8330078125,2199.25244140625,5000.0,120.0,1019.571533203125,50.0,698.1405029296875,0.0,18166.900390625,2813.586669921875,10000.0,784.0571899414062,784.0571899414062,1350.0,1350.0,,
1964-03-18,0.0,507511.40625,671.0382080078125,3460.6572265625,615.3849487304688,3000.0,1000.0,1000.0,1500.0,1500.0,0.0,14155.8330078125,190.0,1776.1099853515625,120.0,847.4447021484375,50.0,702.9788208007812,0.0,18196.5,111.57923126220703,2160.46044921875,730.079345703125,730.079345703125,1350.0,1350.0,,
1964-03-19,0.0,507511.40625,50.0,493.6810302734375,75.0,443.36773681640625,900.0,900.0,1500.0,1500.0,0.0,14155.8330078125,1464.8572998046875,5000.0,120.0,731.4036865234375,664.8516845703125,4348.9541015625,0.0,18281.19921875,2287.017578125,10000.0,679.7467651367188,679.7467651367188,1350.0,1350.0,,
1964-03-20,0.0,507511.40625,50.0,529.7755126953125,467.84771728515625,3000.0,900.0,900.0,1500.0,1500.0,0.0,14155.8330078125,190.0,1191.2646484375,120.0,627.021240234375,50.0,442.5251159667969,0.0,18352.0,466.1484375,1747.3199462890625,637.46826171875,637.46826171875,1350.0,1350.0,,
1964-03-21,0.0,507511.40625,579.9671630859375,3509.783935546875,75.0,378.97625732421875,900.0,900.0,1500.0,1500.0,0.0,14155.8330078125,1230.8118896484375,5000.0,120.0,532.8097534179688,50.0,450.2700500488281,0.0,18234.69921875,1857.40380859375,10000.0,600.9581909179688,600.9581909179688,1350.0,1350.0,,
1964-03-22,0.0,507511.40625,50.0,427.7364501953125,423.0009765625,3000.0,900.0,900.0,1500.0,1500.0,0.0,14155.8330078125,190.0,1057.282958984375,120.0,442.3136901855469,50.0,424.6997985839844,0.0,18307.80078125,576.5416870117188,1441.838623046875,566.6045532226562,566.6045532226562,1350.0,1350.0,,
1964-03-23,0.0,507511.40625,50.0,440.5614318847656,75.0,363.4228820800781,800.0,800.0,1500.0,1500.0,0.0,14155.8330078125,1084.0079345703125,5000.0,120.0,360.67138671875,50.0,402.6513366699219,0.0,18384.69921875,676.8416748046875,1387.8414306640625,535.5818481445312,535.5818481445312,1350.0,1350.0,,
1964-03-24,0.0,507511.40625,427.71978759765625,3550.076904296875,355.3529357910156,3000.0,700.0,700.0,1500.0,1500.0,0.0,14155.8330078125,190.0,832.4970092773438,120.0,293.5982666015625,50.0,310.3480224609375,0.0,18366.099609375,760.3416748046875,1252.3775634765625,505.7822265625,505.7822265625,1350.0,1350.0,,
1964-03-25,0.0,507511.40625,50.0,263.9576416015625,75.0,265.0686340332031,700.0,700.0,1500.0,1500.0,0.0,14155.8330078125,835.4798583984375,5000.0,120.0,228.491455078125,50.0,209.11097717285156,0.0,18452.19921875,847.1043701171875,1045.77197265625,483.7066345214844,483.7066345214844,1350.0,1350.0,,
1964-03-26,0.0,507511.40625,50.0,227.954833984375,280.0130615234375,3000.0,700.0,700.0,1500.0,1500.0,0.0,14155.8330078125,190.0,663.7032470703125,120.0,196.40484619140625,50.0,62.62568664550781,0.0,18501.80078125,895.643310546875,895.643310546875,463.5968017578125,463.5968017578125,1350.0,1350.0,,
1964-03-27,0.0,507511.40625,50.0,211.94650268554688,75.0,210.1420440673828,700.0,700.0,1500.0,1500.0,0.0,14155.8330078125,697.0865478515625,5000.0,120.0,257.4205627441406,50.0,50.0,0.0,18517.900390625,921.8433227539062,921.8433227539062,444.2021789550781,444.2021789550781,1350.0,1350.0,,
1964-03-28,0.0,507511.40625,50.0,245.16873168945312,75.0,229.904541015625,700.0,700.0,1500.0,1500.0,0.0,14155.8330078125,190.0,666.091064453125,120.0,355.7778015136719,50.0,50.0,0.0,18588.400390625,857.4772338867188,857.4772338867188,427.4945068359375,427.4945068359375,1350.0,1350.0,,
1964-03-29,0.0,507511.40625,50.0,511.1548767089844,239.31703186035156,3000.0,900.0,900.0,1500.0,1500.0,0.0,14970.4697265625,1195.39111328125,5000.0,120.0,425.1159362792969,50.0,50.0,0.0,18590.30078125,512.3433837890625,937.0825805664062,408.000244140625,408.000244140625,2164.635986328125,2164.635986328125,,
1964-03-30,0.0,507511.40625,50.0,909.6187133789062,75.0,231.07803344726562,1300.0,1300.0,1500.0,1500.0,0.0,15659.7412109375,190.0,1468.327392578125,120.0,511.3413391113281,50.0,50.0,0.0,18462.099609375,57.89210891723633,2044.5458984375,400.0,400.0,2853.907470703125,2853.907470703125,,
1964-03-31,0.0,507511.40625,1278.751220703125,3665.83251953125,75.0,263.7308044433594,1600.0,1600.0,1500.0,1500.0,0.0,16221.4140625,1678.194580078125,5000.0,120.0,534.6969604492188,50.0,50.0,0.0,18330.599609375,50.0,3211.3818359375,400.0,400.0,3415.5810546875,3415.5810546875,,
1964-04-01,0.0,507511.40625,50.0,1188.6258544921875,333.3863525390625,3000.0,1787.0,1787.0,1500.0,1500.0,0.0,16760.369140625,190.0,1661.4464111328125,120.0,511.5853576660156,50.0,50.0,0.0,18320.599609375,4000.0,4000.0,400.0,400.0,3954.535888671875,3954.535888671875,,
1964-04-02,0.0,507511.40625,1051.630126953125,3692.667724609375,75.0,265.91314697265625,1476.0,1476.0,1500.0,1500.0,0.0,16280.087890625,1446.3533935546875,5000.0,120.0,473.4912414550781,50.0,50.0,0.0,18324.400390625,50.0,2923.3203125,400.0,400.0,3474.25439453125,3474.25439453125,,
1964-04-03,0.0,507511.40625,50.0,706.5311889648438,279.9020080566406,3000.0,1268.0,1268.0,1500.0,1500.0,0.0,15981.349609375,190.0,1061.9398193359375,120.0,450.72552490234375,50.0,50.0,0.0,18425.900390625,2663.246337890625,4000.0,400.0,400.0,3175.516357421875,3175.516357421875,,
1964-04-04,0.0,507511.40625,743.9756469726562,3716.278076171875,75.0,202.8957977294922,1123.0,1123.0,1500.0,1500.0,0.0,15723.37109375,1078.0633544921875,5000.0,120.0,465.1110534667969,50.0,50.0,0.0,18480.5,385.7432861328125,1949.4420166015625,400.0,400.0,2917.537841796875,2917.537841796875,,
1964-04-05,0.0,507511.40625,50.0,547.0115356445312,75.0,224.5207977294922,1036.0,1036.0,1500.0,1500.0,0.0,15653.009765625,190.0,952.80615234375,120.0,462.0513610839844,50.0,50.0,0.0,18465.0,2098.1943359375,4000.0,400.0,400.0,2847.1767578125,2847.1767578125,,
1964-04-06,0.0,507511.40625,555.1226196289062,3737.49462890625,75.0,220.8124542236328,958.0,958.0,1500.0,1500.0,0.0,15486.892578125,1076.507568359375,5000.0,120.0,432.1455383300781,50.0,50.0,0.0,18447.69921875,463.3433837890625,1614.8656005859375,400.0,400.0,2681.05908203125,2681.05908203125,,
1964-04-07,0.0,507511.40625,50.0,440.8595275878906,229.093017578125,3000.0,911.0,911.0,1500.0,1500.0,0.0,15502.8515625,190.0,890.1744995117188,120.0,442.18658447265625,50.0,50.0,0.0,18518.19921875,492.0433349609375,1701.0010986328125,400.0,400.0,2697.0185546875,2697.0185546875,,
1964-04-08,0.0,507511.40625,50.0,571.9706420898438,75.0,161.31201171875,951.0,951.0,1500.0,1500.0,0.0,15402.83984375,1017.3191528320312,5098.99609375,120.0,542.1431274414062,50.0,50.0,0.0,18540.69921875,1957.570068359375,4000.0,400.0,400.0,2597.006103515625,2597.006103515625,,
1964-04-09,0.0,507511.40625,832.7484130859375,3779.927490234375,75.0,236.57589721679688,1186.0,1186.0,1500.0,1500.0,0.0,15742.8349609375,190.0,1171.715576171875,120.0,655.1110229492188,50.0,50.0,0.0,18548.400390625,206.643310546875,2154.421630859375,400.0,400.0,2937.001953125,2937.001953125,,
1964-04-10,0.0,507511.40625,50.0,814.9434204101562,75.0,282.0133972167969,1331.0,1331.0,1500.0,1500.0,0.0,16085.833984375,1508.9920654296875,5230.99658203125,120.0,755.521728515625,50.0,50.0,0.0,18186.19921875,3199.457275390625,4000.0,400.0,400.0,3280.000732421875,3280.000732421875,,
1964-04-11,0.0,507511.40625,978.707275390625,3811.772216796875,312.1509094238281,3000.0,1326.0,1326.0,1500.0,1500.0,0.0,16365.8330078125,190.0,1357.491943359375,120.0,738.4706420898438,50.0,50.0,0.0,18228.0,50.0,2790.221435546875,400.0,400.0,3560.000244140625,3560.000244140625,,
1964-04-12,0.0,507511.40625,50.0,757.26318359375,75.0,227.23809814453125,1203.0,1203.0,1500.0,1500.0,0.0,16165.8330078125,1388.64794921875,5358.501953125,120.0,667.0948486328125,50.0,50.0,0.0,18172.69921875,2939.48193359375,4000.0,400.0,400.0,3360.0,3360.0,,
1964-04-13,0.0,507511.40625,789.01318359375,3838.445068359375,75.0,246.5547637939453,1155.0,1155.0,1500.0,1500.0,0.0,16105.8330078125,190.0,1058.92919921875,120.0,620.2024536132812,50.0,50.0,0.0,18379.69921875,123.143310546875,2183.988037109375,400.0,400.0,3300.0,3300.0,,
1964-04-14,0.0,507511.40625,50.0,701.7865600585938,244.99781799316406,3000.0,1070.0,1070.0,1500.0,1500.0,0.0,16192.8330078125,1116.2894287109375,5485.99853515625,120.0,570.2826538085938,50.0,50.0,0.0,18434.19921875,2466.88720703125,4000.0,400.0,400.0,3387.0,3387.0,,
1964-04-15,0.0,507511.40625,1005.2310180664062,3863.279296875,75.0,196.9429931640625,1303.0,1303.0,1500.0,1500.0,0.0,14499.3330078125,190.0,1164.3568115234375,120.0,475.78466796875,50.0,50.0,0.0,18494.0,50.0,2748.95263671875,400.0,400.0,1693.5,1693.5,,
1964-04-16,0.0,507511.40625,50.0,851.9317626953125,75.0,161.88743591308594,1274.0,1274.0,1500.0,1500.0,0.0,14155.8330078125,1060.9451904296875,5613.50390625,120.0,375.7633361816406,50.0,50.0,0.0,18218.30078125,3219.97216796875,4000.0,400.0,400.0,1350.0,1350.0,,
1964-04-17,0.0,507511.40625,828.9057006835938,3891.3330078125,75.0,152.5041046142578,1097.0,1097.0,1500.0,1500.0,0.0,14155.8330078125,190.0,762.7940063476562,120.0,293.6512145996094,50.0,50.0,0.0,18454.599609375,194.7432861328125,2140.4814453125,400.0,400.0,1350.0,1350.0,,
1964-04-18,0.0,507511.40625,50.0,562.11767578125,75.0,131.99993896484375,983.0,983.0,1500.0,1500.0,0.0,14155.8330078125,755.586669921875,5741.00048828125,120.0,227.2484893798828,50.0,50.0,0.0,18501.900390625,2164.273681640625,4000.0,400.0,400.0,1350.0,1350.0,,
1964-04-19,0.0,507511.40625,570.5343627929688,3908.020263671875,75.0,113.31660461425781,898.0,898.0,1500.0,1500.0,0.0,14155.8330078125,190.0,560.2216796875,120.0,163.9632110595703,50.0,50.0,0.0,18572.69921875,538.643310546875,1546.682373046875,400.0,400.0,1350.0,1350.0,,
1964-04-20,0.0,507511.40625,50.0,450.4812316894531,75.0,82.81243896484375,876.0,876.0,1500.0,1500.0,0.0,14155.8330078125,190.0,588.3855590820312,120.0,130.40878295898438,50.0,50.0,0.0,18616.80078125,583.9772338867188,1608.1068115234375,400.0,400.0,1350.0,1350.0,,
1964-04-21,0.0,507511.40625,50.0,486.5784606933594,75.0,75.0,870.0,870.0,1500.0,1500.0,0.0,14155.8330078125,589.868896484375,5920.27734375,120.0,120.0,50.0,50.0,0.0,18646.19921875,657.4061889648438,1537.2811279296875,400.0,400.0,1350.0,1350.0,,
1964-04-22,0.0,507511.40625,567.2868041992188,3942.910400390625,75.0,75.0,946.0,946.0,1500.0,1500.0,0.0,14155.8330078125,190.0,552.0792846679688,120.0,120.0,50.0,50.0,0.0,18676.69921875,1705.78466796875,4000.0,400.0,400.0,1350.0,1350.0,,
1964-04-23,0.0,507511.40625,50.0,429.6495361328125,75.0,75.0,865.0,865.0,1500.0,1500.0,0.0,14155.8330078125,190.0,545.5792846679688,120.0,120.0,50.0,50.0,0.0,18624.400390625,653.9633178710938,1284.3564453125,400.0,400.0,1350.0,1350.0,,
1964-04-24,0.0,507511.40625,50.0,434.10784912109375,75.0,75.0,798.0,798.0,1500.0,1500.0,0.0,14155.8330078125,537.7459106445312,6088.30322265625,120.0,120.0,50.0,50.0,0.0,18672.900390625,719.6263427734375,1200.6741943359375,400.0,400.0,1350.0,1350.0,,
1964-04-25,0.0,507511.40625,445.87176513671875,3976.953857421875,75.0,75.0,766.0,766.0,1500.0,1500.0,0.0,14155.8330078125,190.0,394.6639709472656,120.0,120.0,50.0,50.0,0.0,18713.30078125,761.307373046875,1064.632080078125,400.0,400.0,1350.0,1350.0,,
1964-04-26,0.0,507511.40625,50.0,405.7478332519531,75.0,75.0,828.0,828.0,1500.0,1500.0,0.0,14155.8330078125,190.0,406.4833984375,120.0,120.0,50.0,50.0,0.0,18823.5,666.8479614257812,1353.432373046875,400.0,400.0,1350.0,1350.0,,
1964-04-27,0.0,507511.40625,50.0,551.6644897460938,75.0,75.0,871.0,871.0,1500.0,1500.0,0.0,14155.8330078125,190.0,475.6611633300781,120.0,120.0,50.0,50.0,0.0,18586.5,591.1771850585938,1831.56640625,400.0,400.0,1350.0,1350.0,,
1964-04-28,0.0,507511.40625,637.6644897460938,4000.0,75.0,75.0,964.0,964.0,1500.0,1500.0,0.0,14155.8330078125,190.0,592.4833984375,120.0,120.0,50.0,50.0,0.0,18725.099609375,531.443359375,1863.7435302734375,400.0,400.0,1350.0,1350.0,,
1964-04-29,0.0,507511.40625,50.0,664.1096801757812,75.0,75.0,1212.0,1212.0,1500.0,1500.0,0.0,14155.8330078125,870.3278198242188,6375.373046875,120.0,120.0,50.0,50.0,0.0,18671.900390625,2320.345703125,4000.0,400.0,400.0,1350.0,1350.0,,
1964-04-30,0.0,507511.40625,687.5679931640625,4000.0,75.0,75.0,1153.0,1153.0,1500.0,1500.0,0.0,14155.8330078125,190.0,611.7074584960938,120.0,120.0,50.0,50.0,0.0,18623.80078125,463.8418884277344,1842.7999267578125,400.0,400.0,1350.0,1350.0,,
1964-05-01,0.0,507584.40625,50.0,499.17034912109375,75.0,75.0,1078.0,1078.0,1646.0,1646.0,0.0,14155.8330078125,190.0,711.1963500976562,120.0,120.0,50.0,50.0,0.0,18630.099609375,1980.75537109375,4000.0,1601.0,1601.0,1350.0,1350.0,,
1964-05-02,0.0,507584.40625,50.0,491.628662109375,75.0,75.0,300.0,300.0,1646.0,1646.0,0.0,14155.8330078125,685.817626953125,6500.0,120.0,120.0,50.0,50.0,0.0,18618.69921875,775.9263916015625,1370.9202880859375,1421.0,1421.0,1350.0,1350.0,,
1964-05-03,0.0,507584.40625,481.0870056152344,4000.0,75.0,75.0,300.0,300.0,1646.0,1646.0,0.0,14155.8330078125,190.0,512.3673095703125,120.0,120.0,50.0,50.0,0.0,18640.80078125,877.4633178710938,1181.5142822265625,1371.0,1371.0,1350.0,1350.0,,
1964-05-04,0.0,507584.40625,50.0,322.84967041015625,75.0,75.0,300.0,300.0,1646.0,1646.0,0.0,14155.8330078125,190.0,487.5228576660156,120.0,120.0,50.0,50.0,0.0,18677.400390625,937.1632690429688,964.9292602539062,1296.0,1296.0,1350.0,1350.0,,
1964-05-05,0.0,507584.40625,50.0,336.3080139160156,75.0,75.0,300.0,300.0,1646.0,1646.0,0.0,14155.8330078125,190.0,555.3673095703125,120.0,120.0,50.0,50.0,0.0,18681.19921875,871.3704833984375,871.3704833984375,979.2342529296875,979.2342529296875,1350.0,1350.0,,
1964-05-06,0.0,507584.40625,50.0,307.7663269042969,75.0,75.0,300.0,300.0,1646.0,1646.0,0.0,14155.8330078125,587.1895141601562,6500.0,120.0,120.0,50.0,50.0,0.0,18669.400390625,913.2633056640625,913.2633056640625,400.0,400.0,1350.0,1350.0,,
1964-05-07,0.0,507584.40625,50.0,276.8635559082031,75.0,75.0,300.0,300.0,1646.0,1646.0,0.0,14155.8330078125,190.0,483.2958068847656,120.0,120.0,50.0,50.0,0.0,18705.69921875,952.6632690429688,952.6632690429688,400.0,400.0,1350.0,1350.0,,
1964-05-08,0.0,507584.40625,50.0,261.5580139160156,75.0,75.0,300.0,300.0,1646.0,1646.0,0.0,14155.8330078125,190.0,570.6360473632812,120.0,120.0,50.0,50.0,0.0,18739.5,963.4263916015625,963.4263916015625,400.0,400.0,1350.0,1350.0,,
1964-05-09,0.0,507584.40625,50.0,308.3357849121094,75.0,75.0,300.0,300.0,1646.0,1646.0,0.0,14155.8330078125,649.4527587890625,6500.0,120.0,120.0,50.0,50.0,0.0,18740.69921875,925.2633056640625,925.2633056640625,400.0,400.0,1350.0,1350.0,,
1964-05-10,0.0,507584.40625,50.0,418.4607849121094,75.0,75.0,300.0,300.0,1646.0,1646.0,0.0,14155.8330078125,190.0,664.3087768554688,120.0,120.0,50.0,50.0,0.0,18854.30078125,591.5999755859375,591.5999755859375,618.758056640625,618.758056640625,1350.0,1350.0,,
1964-05-11,0.0,507584.40625,50.0,615.5857543945312,75.0,75.0,300.0,300.0,1646.0,1646.0,0.0,14155.8330078125,767.1254272460938,6500.0,120.0,132.10299682617188,50.0,50.0,0.0,18739.599609375,302.699951171875,947.5125732421875,668.1382446289062,668.1382446289062,1350.0,1350.0,,
1964-05-12,0.0,507584.40625,763.4110107421875,4000.0,75.0,75.0,300.0,300.0,1646.0,1646.0,0.0,14155.8330078125,190.0,774.4238891601562,120.0,536.0,50.0,50.0,0.0,18739.900390625,123.5999755859375,1786.612548828125,752.1439208984375,752.1439208984375,1350.0,1350.0,,
1964-05-13,0.0,507584.40625,835.6072998046875,4000.0,75.0,75.0,300.0,300.0,1646.0,1646.0,0.0,14155.8330078125,1016.0426025390625,6500.0,120.0,583.4027709960938,50.0,50.0,0.0,18621.80078125,2730.0,4000.0,740.7830200195312,740.7830200195312,1350.0,1350.0,,
1964-05-14,0.0,507584.40625,689.7382202148438,4000.0,75.0,75.0,300.0,300.0,1646.0,1646.0,0.0,14155.8330078125,190.0,735.2034301757812,120.0,561.6018676757812,50.0,50.0,0.0,18635.900390625,2230.0,4000.0,400.0,400.0,1350.0,1350.0,,
1964-05-15,0.0,507584.40625,655.4921264648438,4000.0,75.0,75.0,300.0,300.0,1646.0,1646.0,0.0,14155.8330078125,709.052978515625,6500.0,120.0,542.4012451171875,50.0,50.0,0.0,18706.0,1960.0,4000.0,400.0,400.0,1350.0,1350.0,,
1964-05-16,0.0,507584.40625,785.6614379882812,4000.0,75.0,75.0,300.0,300.0,1646.0,1646.0,0.0,14155.8330078125,190.0,720.185302734375,120.0,525.2675170898438,50.0,50.0,0.0,18792.400390625,2190.0,4000.0,400.0,400.0,1350.0,1350.0,,
1964-05-17,0.0,507584.40625,869.1076049804688,4000.0,75.0,75.0,300.0,300.0,1646.0,1646.0,0.0,14155.8330078125,787.0198364257812,6500.0,120.0,509.51165771484375,50.0,50.0,0.0,18736.5,2440.0,4000.0,613.3384399414062,613.3384399414062,1350.0,1350.0,,
1964-05-18,0.0,507584.40625,906.7384033203125,4000.0,75.0,75.0,300.0,300.0,1646.0,1646.0,0.0,14155.8330078125,190.0,673.1632080078125,120.0,511.0077819824219,50.0,50.0,0.0,18738.5,2550.0,4000.0,596.0206298828125,596.0206298828125,1350.0,1350.0,,
1964-05-19,0.0,507584.40625,989.4922485351562,4000.0,75.0,75.0,300.0,300.0,1646.0,1646.0,0.0,14155.8330078125,773.0048828125,6500.0,120.0,482.8072204589844,50.0,50.0,0.0,18756.099609375,2730.0,4000.0,906.421875,906.421875,1350.0,1350.0,,
1964-05-20,0.0,507584.40625,1073.328125,4000.0,75.0,75.0,300.0,300.0,1646.0,1646.0,0.0,14155.8330078125,190.0,734.1532592773438,120.0,498.40277099609375,50.0,50.0,0.0,18746.5,3150.0,4000.0,2508.0,2508.0,1350.0,1350.0,,
1964-05-21,0.0,507584.40625,999.2188110351562,4000.0,75.0,75.0,300.0,300.0,1646.0,1646.0,0.0,15505.8330078125,782.0,6500.0,120.0,463.9351806640625,50.0,50.0,0.0,18610.69921875,3520.0,4000.0,2293.0,2293.0,2700.0,2700.0,,
1964-05-22,0.0,507584.40625,774.1458740234375,4000.0,75.0,75.0,300.0,300.0,1646.0,1646.0,0.0,18205.833984375,667.0,6500.0,120.0,432.956787109375,50.0,50.0,0.0,18641.5,2780.0,4000.0,1897.0,1897.0,5400.0,5400.0,,
1964-05-23,0.0,507584.40625,621.0972290039062,4000.0,75.0,75.0,300.0,300.0,1646.0,1646.0,0.0,22332.4453125,542.0,6500.0,120.0,404.3045349121094,50.0,50.0,0.0,18732.0,2140.0,4000.0,1672.0,1672.0,9526.61328125,9526.61328125,,
1964-05-24,0.0,507584.40625,596.0648193359375,4000.0,75.0,75.0,300.0,300.0,1646.0,1646.0,0.0,17569.140625,529.0,6500.0,120.0,380.2030029296875,50.0,50.0,0.0,18755.80078125,1950.0,4000.0,1663.0,1663.0,4763.306640625,4763.306640625,,
1964-05-25,0.0,507584.40625,571.043212890625,4000.0,75.0,75.0,300.0,300.0,1646.0,1646.0,0.0,16950.47265625,525.0,6500.0,120.0,364.1353454589844,50.0,50.0,0.0,18763.69921875,1850.0,4000.0,1617.0,1617.0,4144.63916015625,4144.63916015625,,
1964-05-26,0.0,507584.40625,556.02880859375,4000.0,75.0,75.0,300.0,300.0,1646.0,1646.0,0.0,16872.82421875,465.0,6500.0,120.0,352.0902404785156,50.0,50.0,0.0,18796.19921875,1760.0,4000.0,1539.0,1539.0,4066.9912109375,4066.9912109375,,
1964-05-27,0.0,507584.40625,637.0192260742188,4000.0,75.0,75.0,300.0,300.0,1646.0,1646.0,0.0,16814.248046875,459.0,6500.0,120.0,339.39349365234375,50.0,50.0,0.0,18838.19921875,1920.0,4000.0,1544.0,1544.0,4008.415283203125,4008.415283203125,,
1964-05-28,0.0,507914.53125,686.0128173828125,4000.0,75.0,75.0,300.0,300.0,1976.105712890625,1976.105712890625,0.0,16909.9140625,473.0,6500.0,120.0,335.5956726074219,50.0,50.0,0.0,18800.0,2130.0,4000.0,1510.0,1510.0,4104.08154296875,4104.08154296875,,
1964-05-29,0.0,509761.40625,662.008544921875,4000.0,75.0,75.0,300.0,300.0,3823.0,3823.0,0.0,16727.1484375,439.0,6500.0,120.0,317.98297119140625,50.0,50.0,0.0,18832.099609375,2030.0,4000.0,1497.0,1497.0,3921.314697265625,3921.314697265625,,
1964-05-30,0.0,510089.40625,755.0056762695312,4000.0,75.0,75.0,300.0,300.0,4151.0,4151.0,0.0,17098.208984375,499.0,6500.0,120.0,328.0,50.0,50.0,0.0,18890.80078125,2270.0,4000.0,1698.0,1698.0,4292.375,4292.375,,
1964-05-31,0.0,510669.40625,877.0037841796875,4000.0,75.0,75.0,300.0,300.0,4731.0,4731.0,0.0,17795.3671875,565.0,6500.0,120.0,359.0,50.0,50.0,0.0,18892.599609375,2640.0,4000.0,2186.0,2186.0,4989.5341796875,4989.5341796875,,
1964-06-01,0.0,511015.40625,999.0025024414062,4000.0,79.27493286132812,79.27493286132812,422.0997314453125,422.0997314453125,5105.0,5105.0,0.0,18669.857421875,551.0,6500.0,120.0,346.40277099609375,62.54986572265625,62.54986572265625,0.0,18761.69921875,2900.0,4000.0,2287.0,2287.0,5864.0244140625,5864.0244140625,,
1964-06-02,0.0,510524.40625,802.001708984375,4000.0,79.27493286132812,79.27493286132812,422.0997314453125,422.0997314453125,4614.0,4614.0,0.0,18484.396484375,473.0,6500.0,120.0,335.6018371582031,62.54986572265625,62.54986572265625,0.0,18810.69921875,2380.0,4000.0,2141.0,2141.0,5678.56396484375,5678.56396484375,,
1964-06-03,0.0,509700.40625,686.0010986328125,4000.0,79.27493286132812,79.27493286132812,422.0997314453125,422.0997314453125,3790.0,3790.0,0.0,18099.39453125,393.0,6500.0,120.0,331.995361328125,62.54986572265625,62.54986572265625,0.0,18856.69921875,2030.0,4000.0,1941.0,1941.0,5293.56201171875,5293.56201171875,,
1964-06-04,0.0,510324.40625,703.000732421875,4000.0,79.27493286132812,79.27493286132812,422.0997314453125,422.0997314453125,4414.0,4414.0,0.0,18247.37109375,468.0,6500.0,120.0,314.0,62.54986572265625,62.54986572265625,0.0,18943.0,2180.0,4000.0,2046.0,2046.0,5441.537109375,5441.537109375,,
1964-06-05,0.0,510793.40625,821.00048828125,4000.0,79.27493286132812,79.27493286132812,422.0997314453125,422.0997314453125,4883.0,4883.0,0.0,18734.349609375,574.0,6500.0,120.0,403.0,62.54986572265625,62.54986572265625,0.0,18863.900390625,2520.0,4000.0,2507.0,2507.0,5928.515625,5928.515625,,
1964-06-06,0.0,510687.40625,849.0003051757812,3930.330810546875,79.27493286132812,79.27493286132812,422.0997314453125,422.0997314453125,4777.0,4777.0,0.0,20150.95703125,773.0,6500.0,120.0,524.0,62.54986572265625,62.54986572265625,0.0,18805.80078125,2500.0,4000.0,2995.0,2995.0,7345.12353515625,7345.12353515625,,
1964-06-07,0.0,511118.40625,1010.000244140625,3958.450439453125,79.27493286132812,79.27493286132812,422.0997314453125,422.0997314453125,5208.0,5208.0,0.0,22061.392578125,1727.0,6500.0,120.0,1541.736083984375,62.54986572265625,62.54986572265625,0.0,18680.80078125,3220.0,4000.0,3712.0,3712.0,9255.5595703125,9255.5595703125,,
1964-06-08,0.0,510153.40625,840.0001220703125,4000.0,79.27493286132812,79.27493286132812,422.0997314453125,422.0997314453125,4243.0,4243.0,0.0,21789.4375,1901.0,6500.0,120.0,1319.8240966796875,62.54986572265625,62.54986572265625,0.0,18422.400390625,2900.0,4000.0,3150.0,3150.0,8983.6044921875,8983.6044921875,,
1964-06-09,0.0,509415.40625,645.0001220703125,4000.0,79.27493286132812,79.27493286132812,422.0997314453125,422.0997314453125,3505.0,3505.0,0.0,20012.220703125,1201.0,6500.0,120.0,1124.216064453125,62.54986572265625,62.54986572265625,0.0,18640.400390625,2130.0,4000.0,2414.0,2414.0,7206.38720703125,7206.38720703125,,
1964-06-10,0.0,509392.40625,596.0000610351562,4000.0,79.27493286132812,79.27493286132812,422.0997314453125,422.0997314453125,3482.0,3482.0,0.0,19007.802734375,883.0,6500.0,120.0,949.4773559570312,62.54986572265625,62.54986572265625,0.0,18655.0,1980.0,4000.0,2185.0,2185.0,6201.97021484375,6201.97021484375,,
1964-06-11,0.0,509091.40625,521.0000610351562,4000.0,79.27493286132812,79.27493286132812,422.0997314453125,422.0997314453125,3181.0,3181.0,0.0,18622.171875,703.0,6500.0,120.0,799.6515502929688,62.54986572265625,62.54986572265625,0.0,18647.69921875,1740.0,4000.0,2005.0,2005.0,5816.337890625,5816.337890625,,
1964-06-12,0.0,509017.40625,486.0000305175781,4000.0,79.27493286132812,79.27493286132812,422.0997314453125,422.0997314453125,3107.0,3107.0,0.0,18149.56640625,565.0,6500.0,120.0,678.10107421875,62.54986572265625,62.54986572265625,0.0,18722.900390625,1600.0,4000.0,1815.0,1815.0,5343.732421875,5343.732421875,,
1964-06-13,0.0,509037.40625,472.0000305175781,4000.0,79.27493286132812,79.27493286132812,422.0997314453125,422.0997314453125,3127.0,3127.0,0.0,17687.76171875,514.0,6500.0,120.0,587.7340087890625,62.54986572265625,62.54986572265625,0.0,18749.900390625,1540.0,4000.0,1699.0,1699.0,4881.92724609375,4881.92724609375,,
1964-06-14,0.0,509046.40625,465.0,4000.0,79.27493286132812,79.27493286132812,422.0997314453125,422.0997314453125,3136.0,3136.0,0.0,17642.26171875,438.0,6500.0,120.0,524.8226928710938,62.54986572265625,62.54986572265625,0.0,18782.099609375,1520.0,4000.0,1727.0,1727.0,4836.42822265625,4836.42822265625,,
1964-06-15,0.0,509017.40625,436.0,4000.0,79.27493286132812,79.27493286132812,422.0997314453125,422.0997314453125,3107.0,3107.0,0.0,17562.013671875,430.0,6500.0,120.0,496.2151184082031,62.54986572265625,62.54986572265625,0.0,18796.69921875,1440.0,4000.0,1776.0,1776.0,4756.1796875,4756.1796875,,
1964-06-16,0.0,508936.40625,408.0,4000.0,79.27493286132812,79.27493286132812,422.0997314453125,422.0997314453125,3026.0,3026.0,0.0,17406.330078125,420.0,6500.0,120.0,528.221923828125,62.54986572265625,62.54986572265625,0.0,18776.80078125,1330.0,4000.0,1764.0,1764.0,4600.4970703125,4600.4970703125,,
1964-06-17,0.0,509278.40625,436.0,4000.0,79.27493286132812,79.27493286132812,422.0997314453125,422.0997314453125,3368.0,3368.0,0.0,17429.51953125,435.0,6500.0,120.0,439.0,62.54986572265625,62.54986572265625,0.0,18867.400390625,1530.0,4000.0,1673.0,1673.0,4623.685546875,4623.685546875,,
1964-06-18,0.0,508608.40625,472.0,4000.0,79.27493286132812,79.27493286132812,422.0997314453125,422.0997314453125,2698.0,2698.0,0.0,18056.3515625,776.0,6500.0,120.0,650.0,62.54986572265625,62.54986572265625,0.0,18727.400390625,1830.0,4000.0,2028.0,2028.0,5250.517578125,5250.517578125,,
1964-06-19,0.0,508902.40625,436.0,4000.0,79.27493286132812,79.27493286132812,422.0997314453125,422.0997314453125,2992.0,2992.0,0.0,18149.0703125,884.0,6500.0,120.0,697.736083984375,62.54986572265625,62.54986572265625,0.0,18657.400390625,1750.0,4000.0,2001.0,2001.0,5343.23779296875,5343.23779296875,,
1964-06-20,0.0,508637.40625,366.0,4000.0,79.27493286132812,79.27493286132812,422.0997314453125,422.0997314453125,2727.0,2727.0,0.0,17729.73046875,656.0,6500.0,120.0,612.8240966796875,62.54986572265625,62.54986572265625,0.0,18730.599609375,1450.0,4000.0,1774.0,1774.0,4923.89697265625,4923.89697265625,,
1964-06-21,0.0,508178.40625,333.0,4000.0,79.27493286132812,79.27493286132812,422.0997314453125,422.0997314453125,2268.0,2268.0,0.0,17276.3046875,520.0,6500.0,120.0,536.216064453125,62.54986572265625,62.54986572265625,0.0,18773.5,1290.0,4000.0,1585.0,1585.0,4470.470703125,4470.470703125,,
1964-06-22,0.0,508323.40625,307.0,4000.0,79.27493286132812,79.27493286132812,422.0997314453125,422.0997314453125,2413.0,2413.0,0.0,17013.3125,450.0,6500.0,120.0,471.8106994628906,62.54986572265625,62.54986572265625,0.0,18820.80078125,1180.0,4000.0,1452.0,1452.0,4207.47998046875,4207.47998046875,,
1964-06-23,0.0,508178.40625,313.0,4000.0,79.27493286132812,79.27493286132812,422.0997314453125,422.0997314453125,2268.0,2268.0,0.0,16543.2890625,373.0,6500.0,120.0,415.8738098144531,62.54986572265625,62.54986572265625,0.0,18854.599609375,1190.0,4000.0,1435.0,1435.0,3737.456298828125,3737.456298828125,,
1964-06-24,0.0,508621.40625,307.0,4000.0,79.27493286132812,79.27493286132812,422.0997314453125,422.0997314453125,2711.0,2711.0,0.0,16534.54296875,353.0,6500.0,120.0,371.24920654296875,62.54986572265625,62.54986572265625,0.0,18850.400390625,1180.0,4000.0,1485.0,1485.0,3728.709228515625,3728.709228515625,,
1964-06-25,0.0,508272.40625,276.0,4000.0,79.27493286132812,79.27493286132812,422.0997314453125,422.0997314453125,2362.0,2362.0,0.0,16501.431640625,303.0,6500.0,120.0,335.8327941894531,62.54986572265625,62.54986572265625,0.0,18861.5,1090.0,4000.0,1441.0,1441.0,3695.597900390625,3695.597900390625,,
1964-06-26,0.0,508203.40625,258.0,4000.0,79.27493286132812,79.27493286132812,422.0997314453125,422.0997314453125,2293.0,2293.0,0.0,16351.916015625,267.0,6500.0,120.0,305.22186279296875,62.54986572265625,62.54986572265625,0.0,18873.69921875,1020.0,4000.0,1343.0,1343.0,3546.082763671875,3546.082763671875,,
1964-06-27,0.0,507911.40625,223.0,4000.0,79.27493286132812,79.27493286132812,422.0997314453125,422.0997314453125,2001.0,2001.0,0.0,15915.1650390625,252.0,6500.0,120.0,280.1479187011719,62.54986572265625,62.54986572265625,0.0,18867.400390625,892.0,4000.0,1180.0,1180.0,3109.33154296875,3109.33154296875,,
1964-06-28,0.0,507760.40625,202.0,4000.0,79.27493286132812,79.27493286132812,422.0997314453125,422.0997314453125,1850.0,1850.0,0.0,15513.763671875,209.0,6500.0,120.0,257.43194580078125,62.54986572265625,62.54986572265625,0.0,18875.599609375,789.0,4000.0,1077.0,1077.0,2707.929931640625,2707.929931640625,,
1964-06-29,0.0,507709.40625,187.0,4000.0,79.27493286132812,79.27493286132812,422.0997314453125,422.0997314453125,1799.0,1799.0,0.0,15479.720703125,212.0,6500.0,120.0,238.2879638671875,62.54986572265625,62.54986572265625,0.0,18889.19921875,768.7000122070312,4000.0,1032.0,1032.0,2673.88720703125,2673.88720703125,,
1964-06-30,0.0,507719.40625,181.0,4000.0,79.27493286132812,79.27493286132812,422.0997314453125,422.0997314453125,1809.0,1809.0,0.0,15453.3583984375,199.27493286132812,6500.0,120.0,221.5253143310547,62.54986572265625,62.54986572265625,0.0,18898.099609375,783.0,4000.0,988.0,988.0,2647.525146484375,2647.525146484375,,
1964-07-01,0.0,507880.40625,176.0,4000.0,55.274932861328125,55.274932861328125,329.3746643066406,329.3746643066406,2015.0,2015.0,0.0,15140.96484375,186.90835571289062,6500.0,120.0,207.35020446777344,50.0,50.0,0.0,18910.900390625,678.7666625976562,4000.0,977.0,977.0,2335.1318359375,2335.1318359375,,
1964-07-02,0.0,507551.40625,167.0,4000.0,55.274932861328125,55.274932861328125,329.3746643066406,329.3746643066406,1686.0,1686.0,0.0,15267.5478515625,177.27223205566406,6500.0,120.0,194.2334747314453,50.0,50.0,0.0,18893.599609375,650.8444213867188,4000.0,978.0,978.0,2461.71435546875,2461.71435546875,,
1964-07-03,0.0,507704.40625,162.0,4000.0,55.274932861328125,55.274932861328125,329.3746643066406,329.3746643066406,1839.0,1839.0,0.0,15180.7275390625,183.18148803710938,6500.0,120.0,182.8223114013672,50.0,50.0,0.0,18898.5,656.7000122070312,4000.0,918.0,918.0,2374.893798828125,2374.893798828125,,
1964-07-04,0.0,507463.40625,148.0,4000.0,55.274932861328125,55.274932861328125,329.3746643066406,329.3746643066406,1598.0,1598.0,0.0,15010.3056640625,158.78765869140625,6500.0,120.0,171.8815460205078,50.0,50.0,0.0,18903.0,681.7000122070312,4000.0,921.0,921.0,2204.472412109375,2204.472412109375,,
1964-07-05,0.0,507401.40625,143.0,4000.0,55.274932861328125,55.274932861328125,408.0094909667969,408.0094909667969,1536.0,1536.0,0.0,14899.138671875,151.1917724609375,6500.0,120.0,161.9210205078125,50.0,50.0,0.0,18898.0,706.7999877929688,4000.0,835.0,835.0,2093.3056640625,2093.3056640625,,
1964-07-06,0.0,507401.40625,134.0,4000.0,55.274932861328125,55.274932861328125,530.0,530.0,1536.0,1536.0,0.0,14805.3974609375,141.461181640625,6500.0,120.0,155.2806854248047,50.0,50.0,0.0,18906.099609375,722.2999877929688,722.2999877929688,784.0,784.0,1999.564208984375,1999.564208984375,,
1964-07-07,0.0,507401.40625,129.0,4000.0,55.274932861328125,55.274932861328125,512.0,512.0,1536.0,1536.0,0.0,14572.869140625,141.6407928466797,6500.0,120.0,143.35304260253906,50.0,50.0,0.0,18919.30078125,734.2999877929688,734.2999877929688,801.0,801.0,1767.035888671875,1767.035888671875,,
1964-07-08,0.0,507401.40625,124.0,4000.0,55.274932861328125,55.274932861328125,492.0,492.0,1536.0,1536.0,0.0,14675.3427734375,157.76052856445312,6500.0,120.0,142.0,50.0,50.0,0.0,18931.599609375,734.2999877929688,734.2999877929688,810.0,810.0,1869.50927734375,1869.50927734375,,
1964-07-09,0.0,507401.40625,120.0,4000.0,55.274932861328125,55.274932861328125,490.0,490.0,1536.0,1536.0,0.0,14810.365234375,131.84034729003906,6500.0,120.0,141.73611450195312,50.0,50.0,0.0,18912.099609375,753.4000244140625,753.4000244140625,759.0,759.0,2004.531982421875,2004.531982421875,,
1964-07-10,0.0,507401.40625,115.0,4000.0,55.274932861328125,55.274932861328125,456.0,456.0,1536.0,1536.0,0.0,14597.8447265625,126.89356994628906,6500.0,120.0,133.26388549804688,50.0,50.0,0.0,18933.69921875,785.5999755859375,785.5999755859375,719.0,719.0,1792.011474609375,1792.011474609375,,
1964-07-11,0.0,507401.40625,108.0,4000.0,55.274932861328125,55.274932861328125,438.0,438.0,1536.0,1536.0,0.0,14470.4130859375,113.92904663085938,6500.0,120.0,125.0,50.0,50.0,0.0,18946.900390625,799.9000244140625,799.9000244140625,691.0,691.0,1664.5802001953125,1664.5802001953125,,
1964-07-12,0.0,507401.40625,103.0,4000.0,55.274932861328125,55.274932861328125,419.0,419.0,1536.0,1536.0,0.0,14464.6142578125,111.54986572265625,6500.0,120.0,120.0,50.0,50.0,0.0,18966.099609375,805.9000244140625,805.9000244140625,726.0,726.0,1658.7811279296875,1658.7811279296875,,
1964-07-13,0.0,507401.40625,99.0,4000.0,55.274932861328125,55.274932861328125,395.0,395.0,1536.0,1536.0,0.0,14534.37890625,111.54986572265625,6500.0,120.0,120.0,50.0,50.0,0.0,18956.69921875,822.5999755859375,822.5999755859375,705.0,705.0,1728.5452880859375,1728.5452880859375,,
1964-07-14,0.0,507401.40625,99.0,4000.0,55.274932861328125,55.274932861328125,401.0,401.0,1536.0,1536.0,0.0,14463.837890625,123.9194564819336,6500.0,120.0,120.0,50.0,50.0,0.0,18974.5,822.5999755859375,822.5999755859375,705.0,705.0,1658.0050048828125,1658.0050048828125,,
1964-07-15,0.0,507201.40625,115.0,4000.0,55.274932861328125,55.274932861328125,432.0,432.0,1336.0,1336.0,0.0,14435.1171875,126.27963256835938,6500.0,120.0,132.40277099609375,50.0,50.0,0.0,18967.19921875,718.7999877929688,718.7999877929688,595.0,595.0,1629.2840576171875,1629.2840576171875,,
1964-07-16,0.0,507201.40625,99.0,4000.0,55.274932861328125,55.274932861328125,377.0,377.0,1336.0,1336.0,0.0,14412.8955078125,111.54986572265625,6500.0,120.0,122.93518829345703,50.0,50.0,0.0,18877.099609375,792.7999877929688,792.7999877929688,678.0,678.0,1607.0623779296875,1607.0623779296875,,
1964-07-17,0.0,507201.40625,91.0,4000.0,55.274932861328125,55.274932861328125,365.0,365.0,1336.0,1336.0,0.0,14346.5712890625,111.54986572265625,6500.0,120.0,120.0,50.0,50.0,0.0,18927.5,835.7999877929688,835.7999877929688,568.0,568.0,1540.737548828125,1540.737548828125,,
1964-07-18,0.0,507201.40625,87.0,4000.0,55.274932861328125,55.274932861328125,344.0,344.0,1336.0,1336.0,0.0,14220.974609375,111.54986572265625,6500.0,120.0,120.0,50.0,50.0,0.0,18939.099609375,853.7000122070312,853.7000122070312,541.0,541.0,1415.1409912109375,1415.1409912109375,,
1964-07-19,0.0,507201.40625,83.0,4000.0,55.274932861328125,55.274932861328125,329.3746643066406,329.3746643066406,1336.0,1336.0,0.0,14155.8330078125,111.54986572265625,6500.0,120.0,120.0,50.0,50.0,0.0,18949.80078125,871.5999755859375,871.5999755859375,548.0,548.0,1350.0,1350.0,,
1964-07-20,0.0,507201.40625,80.0,4000.0,55.274932861328125,55.274932861328125,329.3746643066406,329.3746643066406,1336.0,1336.0,0.0,14155.8330078125,111.54986572265625,111.54986572265625,120.0,120.0,50.0,50.0,0.0,18940.400390625,885.9000244140625,885.9000244140625,522.0,522.0,1350.0,1350.0,,
1964-07-21,0.0,507201.40625,80.0,4000.0,55.274932861328125,55.274932861328125,329.3746643066406,329.3746643066406,1336.0,1336.0,0.0,14155.8330078125,111.54986572265625,111.54986572265625,120.0,120.0,50.0,50.0,0.0,18944.599609375,888.2999877929688,888.2999877929688,529.0,529.0,1350.0,1350.0,,
1964-07-22,0.0,507201.40625,80.0,4000.0,55.274932861328125,55.274932861328125,329.3746643066406,329.3746643066406,1336.0,1336.0,0.0,14155.8330078125,111.54986572265625,111.54986572265625,120.0,120.0,50.0,50.0,0.0,18936.599609375,894.2999877929688,894.2999877929688,522.0,522.0,1350.0,1350.0,,
1964-07-23,0.0,507201.40625,76.0,4000.0,55.274932861328125,55.274932861328125,329.3746643066406,329.3746643066406,1336.0,1336.0,0.0,14155.8330078125,111.54986572265625,111.54986572265625,120.0,120.0,50.0,50.0,0.0,18931.099609375,909.7999877929688,909.7999877929688,518.0,518.0,1350.0,1350.0,,
1964-07-24,0.0,507201.40625,73.0,4000.0,55.274932861328125,55.274932861328125,329.3746643066406,329.3746643066406,1336.0,1336.0,0.0,14155.8330078125,111.54986572265625,111.54986572265625,120.0,120.0,50.0,50.0,0.0,18941.0,919.2999877929688,919.2999877929688,471.0,471.0,1350.0,1350.0,,
1964-07-25,0.0,507201.40625,73.0,4000.0,55.274932861328125,55.274932861328125,329.3746643066406,329.3746643066406,1336.0,1336.0,0.0,14155.8330078125,111.54986572265625,111.54986572265625,120.0,120.0,50.0,50.0,0.0,18933.30078125,928.9000244140625,928.9000244140625,465.0,465.0,1350.0,1350.0,,
1964-07-26,0.0,507201.40625,73.0,4000.0,55.274932861328125,55.274932861328125,329.3746643066406,329.3746643066406,1336.0,1336.0,0.0,14155.8330078125,111.54986572265625,111.54986572265625,120.0,120.0,50.0,50.0,0.0,18937.599609375,938.5,938.5,459.0,459.0,1350.0,1350.0,,
1964-07-27,0.0,507201.40625,73.0,4000.0,55.274932861328125,55.274932861328125,329.3746643066406,329.3746643066406,1336.0,1336.0,0.0,14155.8330078125,111.54986572265625,111.54986572265625,120.0,120.0,50.0,50.0,0.0,18935.0,945.5999755859375,945.5999755859375,466.0,466.0,1350.0,1350.0,,
1964-07-28,0.0,507201.40625,73.0,4000.0,55.274932861328125,55.274932861328125,329.3746643066406,329.3746643066406,1336.0,1336.0,0.0,14155.8330078125,111.54986572265625,111.54986572265625,120.0,120.0,50.0,50.0,0.0,18945.0,951.5999755859375,951.5999755859375,486.0,486.0,1350.0,1350.0,,
1964-07-29,0.0,507201.40625,73.0,4000.0,55.274932861328125,55.274932861328125,329.3746643066406,329.3746643066406,1336.0,1336.0,0.0,14155.8330078125,111.54986572265625,111.54986572265625,120.0,120.0,50.0,50.0,0.0,18945.900390625,954.0,954.0,493.0,493.0,1350.0,1350.0,,
1964-07-30,0.0,507201.40625,76.0,4000.0,55.274932861328125,55.274932861328125,329.3746643066406,329.3746643066406,1336.0,1336.0,0.0,14155.8330078125,111.54986572265625,111.54986572265625,120.0,120.0,50.0,50.0,0.0,18948.30078125,956.4000244140625,956.4000244140625,447.0,447.0,1350.0,1350.0,,
1964-07-31,0.0,507201.40625,80.0,4000.0,55.274932861328125,55.274932861328125,329.3746643066406,329.3746643066406,1336.0,1336.0,0.0,14155.8330078125,111.54986572265625,111.54986572265625,120.0,120.0,50.0,50.0,0.0,18942.099609375,945.5999755859375,945.5999755859375,481.0,481.0,1350.0,1350.0,,
1964-08-01,0.0,507172.40625,103.0,4000.0,55.274932861328125,55.274932861328125,330.0997314453125,330.0997314453125,1297.0,1297.0,0.0,14155.8330078125,112.27493286132812,112.27493286132812,120.0,120.0,50.0,50.0,0.0,18951.900390625,880.7000122070312,880.7000122070312,567.0,567.0,1350.0,1350.0,,
1964-08-02,0.0,507172.40625,99.0,4000.0,55.274932861328125,55.274932861328125,330.0997314453125,330.0997314453125,1297.0,1297.0,0.0,14155.8330078125,112.27493286132812,112.27493286132812,120.0,120.0,50.0,50.0,0.0,18910.5,858.0,858.0,468.0,468.0,1350.0,1350.0,,
1964-08-03,0.0,507172.40625,83.0,4000.0,55.274932861328125,55.274932861328125,330.0997314453125,330.0997314453125,1297.0,1297.0,0.0,14155.8330078125,112.27493286132812,112.27493286132812,120.0,120.0,50.0,50.0,0.0,18923.099609375,895.0999755859375,895.0999755859375,442.0,442.0,1350.0,1350.0,,
1964-08-04,0.0,507172.40625,80.0,4000.0,55.274932861328125,55.274932861328125,330.0997314453125,330.0997314453125,1297.0,1297.0,0.0,14155.8330078125,112.27493286132812,112.27493286132812,120.0,120.0,50.0,50.0,0.0,18941.80078125,905.7999877929688,905.7999877929688,474.0,474.0,1350.0,1350.0,,
1964-08-05,0.0,507172.40625,76.0,4000.0,55.274932861328125,55.274932861328125,330.0997314453125,330.0997314453125,1297.0,1297.0,0.0,14155.8330078125,112.27493286132812,112.27493286132812,120.0,120.0,50.0,50.0,0.0,18944.69921875,910.5999755859375,910.5999755859375,448.0,448.0,1350.0,1350.0,,
1964-08-06,0.0,507172.40625,73.0,4000.0,55.274932861328125,55.274932861328125,330.0997314453125,330.0997314453125,1297.0,1297.0,0.0,14155.8330078125,112.27493286132812,112.27493286132812,120.0,120.0,50.0,50.0,0.0,18944.5,923.7000122070312,923.7000122070312,456.0,456.0,1350.0,1350.0,,
1964-08-07,0.0,507172.40625,67.54986572265625,4000.0,55.274932861328125,55.274932861328125,330.0997314453125,330.0997314453125,1297.0,1297.0,0.0,14155.8330078125,112.27493286132812,112.27493286132812,120.0,120.0,50.0,50.0,0.0,18954.0,933.2999877929688,933.2999877929688,436.3746643066406,436.3746643066406,1350.0,1350.0,,
1964-08-08,0.0,507172.40625,67.54986572265625,4000.0,55.274932861328125,55.274932861328125,330.0997314453125,330.0997314453125,1297.0,1297.0,0.0,14155.8330078125,112.27493286132812,112.27493286132812,120.0,120.0,50.0,50.0,0.0,18961.5,936.9000244140625,936.9000244140625,436.3746643066406,436.3746643066406,1350.0,1350.0,,
1964-08-09,0.0,507172.40625,67.54986572265625,4000.0,55.274932861328125,55.274932861328125,330.0997314453125,330.0997314453125,1297.0,1297.0,0.0,14155.8330078125,112.27493286132812,112.27493286132812,120.0,120.0,50.0,50.0,0.0,18966.19921875,941.5999755859375,941.5999755859375,436.3746643066406,436.3746643066406,1350.0,1350.0,,
1964-08-10,0.0,507172.40625,67.54986572265625,4000.0,55.274932861328125,55.274932861328125,330.0997314453125,330.0997314453125,1297.0,1297.0,0.0,14155.8330078125,112.27493286132812,112.27493286132812,120.0,120.0,50.0,50.0,0.0,18969.0,945.2000122070312,945.2000122070312,436.3746643066406,436.3746643066406,1350.0,1350.0,,
1964-08-11,0.0,507172.40625,67.54986572265625,4000.0,55.274932861328125,55.274932861328125,330.0997314453125,330.0997314453125,1297.0,1297.0,0.0,14155.8330078125,112.27493286132812,112.27493286132812,120.0,120.0,50.0,50.0,0.0,18972.80078125,948.7999877929688,948.7999877929688,436.3746643066406,436.3746643066406,1350.0,1350.0,,
1964-08-12,0.0,507172.40625,67.54986572265625,4000.0,55.274932861328125,55.274932861328125,330.0997314453125,330.0997314453125,1297.0,1297.0,0.0,14155.8330078125,112.27493286132812,112.27493286132812,120.0,120.0,50.0,50.0,0.0,18974.599609375,948.7999877929688,948.7999877929688,436.3746643066406,436.3746643066406,1350.0,1350.0,,
1964-08-13,0.0,507172.40625,67.54986572265625,4000.0,55.274932861328125,55.274932861328125,330.0997314453125,330.0997314453125,1297.0,1297.0,0.0,14155.8330078125,112.27493286132812,112.27493286132812,120.0,120.0,50.0,50.0,0.0,18975.0,946.4000244140625,946.4000244140625,436.3746643066406,436.3746643066406,1350.0,1350.0,,
1964-08-14,0.0,507172.40625,67.54986572265625,67.54986572265625,55.274932861328125,55.274932861328125,330.0997314453125,330.0997314453125,1297.0,1297.0,0.0,14155.8330078125,112.27493286132812,112.27493286132812,120.0,120.0,50.0,50.0,0.0,18971.69921875,954.7999877929688,954.7999877929688,436.3746643066406,436.3746643066406,1350.0,1350.0,,
1964-08-15,0.0,507172.40625,67.54986572265625,67.54986572265625,55.274932861328125,55.274932861328125,330.0997314453125,330.0997314453125,1297.0,1297.0,0.0,14155.8330078125,112.27493286132812,112.27493286132812,120.0,120.0,50.0,50.0,0.0,18976.0,958.2999877929688,958.2999877929688,436.3746643066406,436.3746643066406,1350.0,1350.0,,
1964-08-16,0.0,507172.40625,67.54986572265625,67.54986572265625,55.274932861328125,55.274932861328125,330.0997314453125,330.0997314453125,1297.0,1297.0,0.0,14155.8330078125,112.27493286132812,112.27493286132812,120.0,120.0,50.0,50.0,0.0,18985.19921875,961.9000244140625,961.9000244140625,436.3746643066406,436.3746643066406,1350.0,1350.0,,
1964-08-17,0.0,507172.40625,67.54986572265625,67.54986572265625,55.274932861328125,55.274932861328125,330.0997314453125,330.0997314453125,1297.0,1297.0,0.0,14155.8330078125,112.27493286132812,112.27493286132812,120.0,120.0,50.0,50.0,0.0,18989.19921875,963.0999755859375,963.0999755859375,436.3746643066406,436.3746643066406,1350.0,1350.0,,
1964-08-18,0.0,507172.40625,67.54986572265625,67.54986572265625,55.274932861328125,55.274932861328125,330.0997314453125,330.0997314453125,1297.0,1297.0,0.0,14155.8330078125,112.27493286132812,112.27493286132812,120.0,120.0,50.0,50.0,0.0,18990.599609375,965.5,965.5,436.3746643066406,436.3746643066406,1350.0,1350.0,,
1964-08-19,0.0,507172.40625,67.54986572265625,67.54986572265625,55.274932861328125,55.274932861328125,330.0997314453125,330.0997314453125,1297.0,1297.0,0.0,14155.8330078125,112.27493286132812,112.27493286132812,120.0,120.0,50.0,50.0,0.0,18993.599609375,963.0999755859375,963.0999755859375,436.3746643066406,436.3746643066406,1350.0,1350.0,,
1964-08-20,0.0,507172.40625,67.54986572265625,67.54986572265625,55.274932861328125,55.274932861328125,330.0997314453125,330.0997314453125,1297.0,1297.0,0.0,14155.8330078125,112.27493286132812,112.27493286132812,120.0,120.0,50.0,50.0,0.0,18987.69921875,966.7000122070312,966.7000122070312,436.3746643066406,436.3746643066406,1350.0,1350.0,,
1964-08-21,0.0,507172.40625,67.54986572265625,67.54986572265625,55.274932861328125,55.274932861328125,330.0997314453125,330.0997314453125,1297.0,1297.0,0.0,14155.8330078125,112.27493286132812,112.27493286132812,120.0,120.0,50.0,50.0,0.0,18984.599609375,970.2999877929688,970.2999877929688,436.3746643066406,436.3746643066406,1350.0,1350.0,,
1964-08-22,0.0,507172.40625,67.54986572265625,67.54986572265625,55.274932861328125,55.274932861328125,330.0997314453125,330.0997314453125,1297.0,1297.0,0.0,14155.8330078125,112.27493286132812,112.27493286132812,120.0,120.0,50.0,50.0,0.0,18986.400390625,972.7000122070312,972.7000122070312,436.3746643066406,436.3746643066406,1350.0,1350.0,,
1964-08-23,0.0,507172.40625,67.54986572265625,67.54986572265625,55.274932861328125,55.274932861328125,330.0997314453125,330.0997314453125,1297.0,1297.0,0.0,14155.8330078125,112.27493286132812,112.27493286132812,120.0,120.0,50.0,50.0,0.0,18986.69921875,976.2999877929688,976.2999877929688,436.3746643066406,436.3746643066406,1350.0,1350.0,,
1964-08-24,0.0,507172.40625,67.54986572265625,67.54986572265625,55.274932861328125,55.274932861328125,330.0997314453125,330.0997314453125,1297.0,1297.0,0.0,14155.8330078125,112.27493286132812,112.27493286132812,120.0,120.0,50.0,50.0,0.0,18984.400390625,979.7999877929688,979.7999877929688,436.3746643066406,436.3746643066406,1350.0,1350.0,,
1964-08-25,0.0,507172.40625,67.54986572265625,67.54986572265625,55.274932861328125,55.274932861328125,330.0997314453125,330.0997314453125,1297.0,1297.0,0.0,14155.8330078125,112.27493286132812,112.27493286132812,120.0,120.0,50.0,50.0,0.0,18989.099609375,981.0,981.0,436.3746643066406,436.3746643066406,1350.0,1350.0,,
1964-08-26,0.0,507172.40625,67.54986572265625,67.54986572265625,55.274932861328125,55.274932861328125,330.0997314453125,330.0997314453125,1297.0,1297.0,0.0,14155.8330078125,112.27493286132812,112.27493286132812,120.0,120.0,50.0,50.0,0.0,19002.5,961.9000244140625,961.9000244140625,436.3746643066406,436.3746643066406,1350.0,1350.0,,
1964-08-27,0.0,507172.40625,67.54986572265625,67.54986572265625,55.274932861328125,55.274932861328125,330.0997314453125,330.0997314453125,1297.0,1297.0,0.0,14155.8330078125,112.27493286132812,112.27493286132812,120.0,120.0,50.0,50.0,0.0,18968.599609375,961.9000244140625,961.9000244140625,436.3746643066406,436.3746643066406,1350.0,1350.0,,
1964-08-28,0.0,507172.40625,67.54986572265625,67.54986572265625,55.274932861328125,55.274932861328125,330.0997314453125,330.0997314453125,1297.0,1297.0,0.0,14155.8330078125,112.27493286132812,112.27493286132812,120.0,120.0,50.0,50.0,0.0,18979.099609375,945.2000122070312,945.2000122070312,436.3746643066406,436.3746643066406,1350.0,1350.0,,
1964-08-29,0.0,507172.40625,67.54986572265625,67.54986572265625,55.274932861328125,55.274932861328125,330.0997314453125,330.0997314453125,1297.0,1297.0,0.0,14155.8330078125,112.27493286132812,112.27493286132812,120.0,120.0,50.0,50.0,0.0,18949.80078125,942.7999877929688,942.7999877929688,436.3746643066406,436.3746643066406,1350.0,1350.0,,
1964-08-30,0.0,507172.40625,67.54986572265625,67.54986572265625,55.274932861328125,55.274932861328125,330.0997314453125,330.0997314453125,1297.0,1297.0,0.0,14155.8330078125,112.27493286132812,112.27493286132812,120.0,120.0,50.0,50.0,0.0,18953.0,961.9000244140625,961.9000244140625,436.3746643066406,436.3746643066406,1350.0,1350.0,,
1964-08-31,0.0,507172.40625,67.54986572265625,67.54986572265625,55.274932861328125,55.274932861328125,330.0997314453125,330.0997314453125,1297.0,1297.0,0.0,14155.8330078125,112.27493286132812,112.27493286132812,120.0,120.0,50.0,50.0,0.0,18978.400390625,952.4000244140625,952.4000244140625,436.3746643066406,436.3746643066406,1350.0,1350.0,,
1964-09-01,0.0,507606.40625,64.54986572265625,64.54986572265625,54.274932861328125,54.274932861328125,324.8247985839844,324.8247985839844,1691.0,1691.0,0.0,14155.8330078125,110.27493286132812,110.27493286132812,217.54986572265625,217.54986572265625,50.0,50.0,0.0,18965.099609375,1558.5,1558.5,430.0997314453125,430.0997314453125,1350.0,1350.0,,
1964-09-02,0.0,507606.40625,86.73451232910156,665.33837890625,54.274932861328125,54.274932861328125,324.8247985839844,324.8247985839844,1691.0,1691.0,0.0,14155.8330078125,110.27493286132812,110.27493286132812,217.54986572265625,217.54986572265625,50.0,50.0,0.0,18970.19921875,1557.300048828125,1557.300048828125,430.0997314453125,430.0997314453125,1350.0,1350.0,,
1964-09-03,0.0,507606.40625,64.54986572265625,562.2913208007812,54.274932861328125,54.274932861328125,324.8247985839844,324.8247985839844,1691.0,1691.0,0.0,14155.8330078125,110.27493286132812,110.27493286132812,217.54986572265625,217.54986572265625,50.0,50.0,0.0,18963.80078125,1565.699951171875,1565.699951171875,430.0997314453125,430.0997314453125,1350.0,1350.0,,
1964-09-04,0.0,507606.40625,64.54986572265625,564.365478515625,54.274932861328125,54.274932861328125,324.8247985839844,324.8247985839844,1691.0,1691.0,0.0,14155.8330078125,110.27493286132812,110.27493286132812,217.54986572265625,244.1062469482422,50.0,50.0,0.0,18977.80078125,1572.9000244140625,1572.9000244140625,430.0997314453125,430.0997314453125,1350.0,1350.0,,
1964-09-05,0.0,507606.40625,64.54986572265625,556.8236083984375,54.274932861328125,54.274932861328125,324.8247985839844,324.8247985839844,1691.0,1691.0,0.0,14155.8330078125,100.0,100.0,217.54986572265625,747.2354125976562,50.0,50.0,0.0,18981.0,1576.4000244140625,1576.4000244140625,430.0997314453125,430.0997314453125,1350.0,1350.0,,
1964-09-06,0.0,507606.40625,64.54986572265625,556.8236083984375,54.274932861328125,54.274932861328125,324.8247985839844,324.8247985839844,1691.0,1691.0,0.0,14155.8330078125,100.0,620.7617797851562,217.54986572265625,748.2354125976562,50.0,50.0,0.0,18979.400390625,1580.0,1580.0,430.0997314453125,430.0997314453125,1350.0,1350.0,,
1964-09-07,0.0,507606.40625,64.54986572265625,556.7681884765625,54.274932861328125,54.274932861328125,324.8247985839844,324.8247985839844,1691.0,1691.0,0.0,14155.8330078125,100.0,578.9666748046875,217.54986572265625,764.393798828125,50.0,50.0,0.0,18980.5,1581.199951171875,1581.199951171875,430.0997314453125,430.0997314453125,1350.0,1350.0,,
1964-09-08,0.0,507606.40625,64.54986572265625,563.907470703125,54.274932861328125,54.274932861328125,324.8247985839844,324.8247985839844,1691.0,1691.0,0.0,14155.8330078125,100.0,584.9666748046875,217.54986572265625,752.7623291015625,50.0,50.0,0.0,18977.900390625,1582.4000244140625,1582.4000244140625,430.0997314453125,430.0997314453125,1350.0,1350.0,,
1964-09-09,0.0,507606.40625,64.54986572265625,582.019775390625,54.274932861328125,54.274932861328125,324.8247985839844,324.8247985839844,1691.0,1691.0,0.0,14155.8330078125,100.0,576.3690795898438,217.54986572265625,765.9730224609375,50.0,50.0,0.0,18978.400390625,1584.800048828125,1584.800048828125,430.0997314453125,430.0997314453125,1350.0,1350.0,,
1964-09-10,0.0,507606.40625,64.54986572265625,522.550048828125,54.274932861328125,54.274932861328125,382.76043701171875,1402.5838623046875,1691.0,1691.0,0.0,14155.8330078125,100.0,592.452880859375,217.54986572265625,764.9730224609375,50.0,50.0,0.0,18982.69921875,1587.199951171875,1587.199951171875,430.0997314453125,430.0997314453125,1350.0,1350.0,,
1964-09-11,0.0,507606.40625,64.54986572265625,554.8482055664062,54.274932861328125,54.274932861328125,324.8247985839844,1021.4345703125,1691.0,1691.0,0.0,14155.8330078125,100.0,571.5021362304688,217.54986572265625,767.9207153320312,50.0,50.0,0.0,18987.400390625,1590.800048828125,1590.800048828125,475.9234924316406,475.9234924316406,1350.0,1350.0,,
1964-09-12,0.0,507606.40625,64.54986572265625,551.7681884765625,54.274932861328125,54.274932861328125,324.8247985839844,999.720703125,1691.0,1691.0,0.0,14155.8330078125,100.0,573.3783569335938,217.54986572265625,737.2261962890625,50.0,50.0,0.0,18981.80078125,1593.199951171875,1593.199951171875,567.3403930664062,567.3403930664062,1350.0,1350.0,,
1964-09-13,0.0,507606.40625,64.54986572265625,555.8546752929688,50.0,50.0,324.8247985839844,980.8040771484375,1691.0,1691.0,0.0,14155.8330078125,100.0,577.452880859375,217.54986572265625,762.9884643554688,50.0,50.0,0.0,18983.80078125,1595.5999755859375,1595.5999755859375,556.1849365234375,556.1849365234375,1350.0,1350.0,,
1964-09-14,0.0,507606.40625,64.54986572265625,549.8358764648438,50.0,255.3858184814453,324.8247985839844,996.7391967773438,1691.0,1691.0,0.0,14155.8330078125,100.0,572.4275512695312,217.54986572265625,755.9204711914062,50.0,50.0,0.0,18986.80078125,1595.5999755859375,1595.5999755859375,611.3865966796875,611.3865966796875,1350.0,1350.0,,
1964-09-15,0.0,507606.40625,64.54986572265625,549.3004760742188,50.0,268.6379089355469,324.8247985839844,978.7855834960938,1691.0,1691.0,0.0,15505.8330078125,100.0,578.4588623046875,217.54986572265625,737.7960815429688,50.0,50.0,0.0,18988.099609375,1596.699951171875,1596.699951171875,517.6688232421875,517.6688232421875,2700.0,2700.0,,
1964-09-16,0.0,507606.40625,64.54986572265625,553.3377075195312,50.0,275.6033935546875,324.8247985839844,986.2252197265625,1691.0,1691.0,0.0,16912.15625,100.0,580.907958984375,217.54986572265625,748.87060546875,50.0,50.0,0.0,18989.599609375,1597.9000244140625,1597.9000244140625,430.0997314453125,430.0997314453125,4106.32275390625,4106.32275390625,,
1964-09-17,0.0,507606.40625,64.54986572265625,589.3157348632812,50.0,248.7911376953125,346.5377197265625,1100.7764892578125,1691.0,1691.0,0.0,16976.25390625,100.0,619.9541015625,217.54986572265625,827.3565673828125,50.0,50.0,0.0,19053.099609375,1479.699951171875,1479.699951171875,430.0997314453125,430.0997314453125,4170.42041015625,4170.42041015625,,
1964-09-18,0.0,507606.40625,64.54986572265625,569.8267211914062,50.0,247.80670166015625,324.8247985839844,998.7764892578125,1691.0,1691.0,0.0,16851.068359375,100.0,620.465087890625,217.54986572265625,789.06787109375,50.0,50.0,0.0,18878.30078125,1507.199951171875,1507.199951171875,430.0997314453125,430.0997314453125,4045.234619140625,4045.234619140625,,
1964-09-19,0.0,507606.40625,64.54986572265625,556.8114624023438,50.0,255.06752014160156,324.8247985839844,988.2252197265625,1691.0,1691.0,0.0,16952.205078125,100.0,597.4402465820312,217.54986572265625,800.589599609375,50.0,50.0,0.0,18956.099609375,1555.0,1555.0,430.0997314453125,1311.255615234375,4146.37109375,4146.37109375,,
1964-09-20,0.0,507606.40625,64.54986572265625,567.35302734375,50.0,259.0274353027344,324.8247985839844,1028.7764892578125,1691.0,1691.0,0.0,17587.068359375,100.0,596.3971557617188,217.54986572265625,764.1671752929688,50.0,50.0,0.0,19005.599609375,1491.699951171875,1491.699951171875,430.0997314453125,1219.326171875,4781.23486328125,4781.23486328125,,
1964-09-21,0.0,507606.40625,64.54986572265625,560.2665405273438,50.0,260.33306884765625,324.8247985839844,982.2252197265625,1691.0,1691.0,0.0,17632.630859375,100.0,593.4402465820312,217.54986572265625,810.1345825195312,50.0,50.0,0.0,18950.099609375,1509.5999755859375,1509.5999755859375,430.0997314453125,1195.48779296875,4826.79736328125,4826.79736328125,,
1964-09-22,0.0,507606.40625,64.54986572265625,555.3097534179688,50.0,247.37965393066406,324.8247985839844,976.7764892578125,1691.0,1691.0,0.0,17328.111328125,100.0,588.4402465820312,217.54986572265625,767.3722534179688,50.0,50.0,0.0,18963.599609375,1545.4000244140625,1545.4000244140625,430.0997314453125,1026.835693359375,4522.27734375,4522.27734375,,
1964-09-23,0.0,507606.40625,64.54986572265625,554.3776245117188,50.0,277.1299133300781,324.8247985839844,977.7764892578125,1691.0,1691.0,0.0,17653.17578125,100.0,590.5054321289062,217.54986572265625,763.8768310546875,50.0,50.0,0.0,18981.599609375,1560.9000244140625,1560.9000244140625,430.0997314453125,1421.7344970703125,4847.3427734375,4847.3427734375,,
1964-09-24,0.0,507606.40625,64.54986572265625,552.3037719726562,50.0,278.6159362792969,324.8247985839844,985.2559814453125,1691.0,1691.0,0.0,17619.947265625,100.0,586.9078979492188,217.54986572265625,773.970458984375,50.0,50.0,0.0,18983.599609375,1569.300048828125,1569.300048828125,430.0997314453125,1261.83544921875,4814.11328125,4814.11328125,,
1964-09-25,0.0,507606.40625,64.54986572265625,547.3004760742188,50.0,258.93115234375,324.8247985839844,971.290283203125,1691.0,1691.0,0.0,17628.783203125,100.0,585.4464721679688,217.54986572265625,740.2538452148438,50.0,50.0,0.0,18992.5,1576.4000244140625,1576.4000244140625,430.0997314453125,1228.38818359375,4822.9501953125,4822.9501953125,,
1964-09-26,0.0,507606.40625,64.54986572265625,547.3004760742188,50.0,239.4665985107422,324.8247985839844,957.2194213867188,1691.0,1691.0,0.0,17414.5234375,100.0,574.4464721679688,217.54986572265625,765.456298828125,50.0,50.0,0.0,18997.900390625,1581.199951171875,1581.199951171875,430.0997314453125,1232.2763671875,4608.68896484375,4608.68896484375,,
1964-09-27,0.0,507606.40625,64.54986572265625,547.3344116210938,50.0,221.7538604736328,324.8247985839844,971.2591552734375,1691.0,1691.0,0.0,17460.083984375,100.0,617.7698974609375,217.54986572265625,760.4313354492188,50.0,50.0,0.0,18996.0,1586.0,1586.0,430.0997314453125,1190.38818359375,4654.25048828125,4654.25048828125,,
1964-09-28,0.0,507606.40625,64.54986572265625,550.3438720703125,50.0,243.37948608398438,324.8247985839844,959.2533569335938,1691.0,1691.0,0.0,17581.974609375,100.0,537.7396240234375,217.54986572265625,745.8333129882812,50.0,50.0,0.0,18992.69921875,1589.5999755859375,1589.5999755859375,430.0997314453125,1206.2763671875,4776.14013671875,4776.14013671875,,
1964-09-29,0.0,507606.40625,64.54986572265625,548.3129272460938,50.0,266.55694580078125,324.8247985839844,984.3087158203125,1691.0,1691.0,0.0,17704.609375,100.0,557.2911376953125,217.54986572265625,751.8985595703125,50.0,50.0,0.0,19002.099609375,1590.800048828125,1590.800048828125,430.0997314453125,1218.4005126953125,4898.775390625,4898.775390625,,
1964-09-30,0.0,507606.40625,64.54986572265625,550.3097534179688,50.0,263.99005126953125,324.8247985839844,1032.2623291015625,1691.0,1691.0,0.0,17926.89453125,100.0,592.4588623046875,217.54986572265625,761.9638061523438,50.0,50.0,0.0,19013.0,1581.199951171875,1581.199951171875,430.0997314453125,1167.294677734375,5121.0615234375,5121.0615234375,,
1964-10-01,0.0,509512.25,50.0,569.3528442382812,50.0,253.8656768798828,1465.5753173828125,6379.45361328125,3500.84716796875,3500.84716796875,0.0,17537.802734375,100.0,601.4588623046875,971.15966796875,971.15966796875,50.0,50.0,0.0,19049.400390625,3083.572021484375,3083.572021484375,400.0,1296.05908203125,4731.96826171875,4731.96826171875,,
1964-10-02,0.0,509393.25,50.0,557.3097534179688,50.0,246.9029541015625,1444.5753173828125,1444.5753173828125,3381.84716796875,3381.84716796875,0.0,17680.65234375,100.0,595.4778442382812,928.15966796875,928.15966796875,50.0,50.0,0.0,18947.599609375,3035.572021484375,3035.572021484375,400.0,1244.66259765625,4874.81982421875,4874.81982421875,,
1964-10-03,0.0,509353.25,50.0,552.3097534179688,50.0,256.9156188964844,1421.5753173828125,1421.5753173828125,3341.84716796875,3341.84716796875,0.0,17568.408203125,100.0,624.7542114257812,907.15966796875,907.15966796875,50.0,50.0,0.0,18985.900390625,2768.61669921875,2768.61669921875,400.0,1307.1148681640625,4762.57470703125,4762.57470703125,,
1964-10-04,0.0,509292.25,50.0,460.0805969238281,50.0,254.0147705078125,1438.5753173828125,1438.5753173828125,3280.84716796875,3280.84716796875,0.0,17557.748046875,100.0,530.5872802734375,904.15966796875,904.15966796875,50.0,50.0,0.0,18986.099609375,2515.45556640625,2515.45556640625,400.0,1234.0355224609375,4751.91455078125,4751.91455078125,,
1964-10-05,0.0,509200.25,50.0,635.5389404296875,50.0,258.9901428222656,1428.5753173828125,1428.5753173828125,3188.84716796875,3188.84716796875,0.0,17502.205078125,100.0,576.9295654296875,892.15966796875,892.15966796875,50.0,50.0,0.0,18996.400390625,2281.222900390625,2281.222900390625,400.0,1199.7232666015625,4696.37109375,4696.37109375,,
1964-10-06,0.0,509354.25,50.0,547.3468627929688,50.0,269.0520324707031,1429.5753173828125,1429.5753173828125,3342.84716796875,3342.84716796875,0.0,17468.673828125,100.0,580.4121704101562,894.15966796875,894.15966796875,50.0,50.0,0.0,18994.0,2070.079345703125,2070.079345703125,400.0,1222.581787109375,4662.84130859375,4662.84130859375,,
1964-10-07,0.0,509500.25,50.0,545.8021240234375,50.0,245.40786743164062,1427.5753173828125,1427.5753173828125,3488.84716796875,3488.84716796875,0.0,17624.400390625,100.0,566.9295654296875,894.15966796875,894.15966796875,50.0,50.0,0.0,19000.19921875,1968.5921630859375,1968.5921630859375,400.0,1292.7232666015625,4818.56640625,4818.56640625,,
1964-10-08,0.0,509401.25,50.0,551.8297119140625,50.0,253.87184143066406,1490.5753173828125,1490.5753173828125,3389.84716796875,3389.84716796875,0.0,17625.60546875,100.0,631.9449462890625,907.15966796875,907.15966796875,50.0,50.0,0.0,19004.400390625,1920.937744140625,1920.937744140625,400.0,1283.1888427734375,4819.77197265625,4819.77197265625,,
1964-10-09,0.0,509371.25,50.0,550.3344116210938,50.0,257.4044494628906,1481.5753173828125,1481.5753173828125,3359.84716796875,3359.84716796875,0.0,17555.505859375,100.0,565.4588012695312,918.15966796875,918.15966796875,50.0,50.0,0.0,18999.80078125,1875.0992431640625,1875.0992431640625,400.0,1238.5447998046875,4749.6728515625,4749.6728515625,,
1964-10-10,0.0,509401.25,50.0,549.319091796875,50.0,257.4481201171875,1459.5753173828125,1459.5753173828125,3389.84716796875,3389.84716796875,0.0,17503.2421875,100.0,587.4309692382812,905.15966796875,905.15966796875,50.0,50.0,0.0,18997.30078125,1829.87353515625,1829.87353515625,400.0,1248.581787109375,4697.408203125,4697.408203125,,
1964-10-11,0.0,509151.25,50.0,547.2758178710938,50.0,251.44813537597656,1436.5753173828125,1436.5753173828125,3139.84716796875,3139.84716796875,0.0,17530.361328125,100.0,580.4620361328125,899.15966796875,899.15966796875,50.0,50.0,0.0,18995.099609375,1785.738037109375,1785.738037109375,400.0,1231.1160888671875,4724.5283203125,4724.5283203125,,
1964-10-12,0.0,509419.25,50.0,549.3406982421875,50.0,253.0459747314453,1408.5753173828125,1408.5753173828125,3407.84716796875,3407.84716796875,0.0,17580.27734375,100.0,570.4154052734375,894.15966796875,894.15966796875,50.0,50.0,0.0,18993.900390625,1742.5052490234375,1742.5052490234375,400.0,1236.114013671875,4774.443359375,4774.443359375,,
1964-10-13,0.0,509419.25,50.0,548.3560180664062,50.0,259.5785827636719,1389.5753173828125,1389.5753173828125,3407.84716796875,3407.84716796875,0.0,17427.529296875,100.0,573.4249267578125,889.15966796875,889.15966796875,50.0,621.8592529296875,0.0,18999.30078125,1698.823974609375,1698.823974609375,400.0,1214.2030029296875,4621.6953125,4621.6953125,,
1964-10-14,0.0,509369.25,50.0,547.2943115234375,50.0,264.5196838378906,1356.5753173828125,1356.5753173828125,3357.84716796875,3357.84716796875,0.0,17690.28515625,100.0,580.963623046875,888.15966796875,888.15966796875,50.0,914.2916870117188,0.0,19007.599609375,1655.7984619140625,1655.7984619140625,400.0,1217.0911865234375,4884.451171875,4884.451171875,,
1964-10-15,0.0,509371.25,50.0,553.3375244140625,50.0,232.8470458984375,1438.5753173828125,1438.5753173828125,3359.84716796875,3359.84716796875,0.0,17519.166015625,100.0,575.4216918945312,897.15966796875,897.15966796875,50.0,856.7695922851562,0.0,19014.19921875,1614.2337646484375,1614.2337646484375,400.0,1224.7972412109375,4713.33251953125,4713.33251953125,,
1964-10-16,0.0,510470.25,50.0,559.2758178710938,50.0,254.85888671875,1354.5753173828125,1354.5753173828125,4458.84716796875,4458.84716796875,0.0,17475.123046875,100.0,584.963623046875,909.15966796875,909.15966796875,50.0,819.6666870117188,0.0,18987.900390625,1575.1915283203125,1575.1915283203125,400.0,1119.7232666015625,4669.2890625,4669.2890625,,
1964-10-17,0.0,509001.25,50.0,559.3406982421875,50.0,256.55950927734375,1342.5753173828125,1342.5753173828125,2989.84716796875,2989.84716796875,0.0,17453.544921875,100.0,573.4216918945312,907.15966796875,907.15966796875,50.0,857.96484375,0.0,18996.400390625,1538.158203125,1538.158203125,400.0,1201.0953369140625,4647.7109375,4647.7109375,,
1964-10-18,0.0,509375.25,50.0,553.3375244140625,50.0,250.9721221923828,1341.5753173828125,1341.5753173828125,3363.84716796875,3363.84716796875,0.0,17542.94921875,100.0,575.4495239257812,900.15966796875,900.15966796875,50.0,846.96484375,0.0,18991.0,1503.434814453125,1503.434814453125,400.0,1191.489990234375,4737.11669921875,4737.11669921875,,
1964-10-19,0.0,509576.25,50.0,549.3375244140625,50.0,261.4037780761719,1308.5753173828125,1308.5753173828125,3564.84716796875,3564.84716796875,0.0,17537.58984375,100.0,574.4402465820312,891.15966796875,891.15966796875,50.0,853.9655151367188,0.0,18985.099609375,1467.3804931640625,1467.3804931640625,400.0,1180.2520751953125,4731.755859375,4731.755859375,,
1964-10-20,0.0,509066.25,50.0,545.272705078125,50.0,249.57957458496094,1350.5753173828125,1350.5753173828125,3054.84716796875,3054.84716796875,0.0,17542.47265625,100.0,564.4155883789062,888.15966796875,888.15966796875,50.0,823.80908203125,0.0,18991.69921875,1431.0921630859375,1431.0921630859375,400.0,1170.489990234375,4736.6396484375,4736.6396484375,,
1964-10-21,0.0,509644.25,50.0,550.3406982421875,50.0,256.9324951171875,1380.5753173828125,1380.5753173828125,3632.84716796875,3632.84716796875,0.0,17427.44921875,100.0,585.9573974609375,888.15966796875,888.15966796875,50.0,858.996337890625,0.0,18994.900390625,1394.906982421875,1394.906982421875,400.0,1186.5595703125,4621.61669921875,4621.61669921875,,
1964-10-22,0.0,509434.25,50.0,547.8297119140625,50.0,251.10105895996094,1392.5753173828125,1392.5753173828125,3422.84716796875,3422.84716796875,0.0,17431.068359375,100.0,552.4402465820312,885.15966796875,885.15966796875,50.0,878.1835327148438,0.0,18993.80078125,1358.439208984375,1358.439208984375,400.0,1157.387451171875,4625.2353515625,4625.2353515625,,
1964-10-23,0.0,509383.25,50.0,550.3099365234375,50.0,257.05303955078125,1388.5753173828125,1388.5753173828125,3371.84716796875,3371.84716796875,0.0,17376.380859375,100.0,587.1936645507812,885.15966796875,885.15966796875,50.0,817.65087890625,0.0,18994.400390625,1323.564208984375,1323.564208984375,400.0,1175.70361328125,4570.54736328125,4570.54736328125,,
1964-10-24,0.0,509283.25,50.0,547.8174438476562,50.0,250.03680419921875,1370.5753173828125,1370.5753173828125,3271.84716796875,3271.84716796875,0.0,17397.267578125,100.0,539.1978759765625,885.15966796875,885.15966796875,50.0,811.716796875,0.0,18996.599609375,1288.415771484375,1288.415771484375,400.0,1184.203857421875,4591.4345703125,4591.4345703125,,
1964-10-25,0.0,509303.25,50.0,547.8051147460938,50.0,257.9038391113281,1359.5753173828125,1359.5753173828125,3291.84716796875,3291.84716796875,0.0,17575.23828125,100.0,563.4339599609375,886.15966796875,886.15966796875,50.0,854.9683837890625,0.0,19002.69921875,1254.143310546875,1254.143310546875,400.0,1301.0252685546875,4769.40576171875,4769.40576171875,,
1964-10-26,0.0,509028.25,50.0,551.848388671875,50.0,256.0567321777344,1488.5753173828125,1488.5753173828125,3016.84716796875,3016.84716796875,0.0,17512.939453125,100.0,561.437255859375,886.15966796875,886.15966796875,50.0,832.9214477539062,0.0,18999.599609375,1220.8406982421875,1220.8406982421875,400.0,1316.2147216796875,4707.1064453125,4707.1064453125,,
1964-10-27,0.0,509159.25,50.0,550.3097534179688,50.0,259.8765563964844,1405.5753173828125,1405.5753173828125,3147.84716796875,3147.84716796875,0.0,17609.076171875,100.0,572.4588623046875,888.15966796875,888.15966796875,50.0,864.9180908203125,0.0,18998.400390625,1188.4188232421875,1188.4188232421875,400.0,1343.66796875,4803.2421875,4803.2421875,,
1964-10-28,0.0,509068.25,50.0,552.3097534179688,50.0,269.2882080078125,1399.5753173828125,1399.5753173828125,3056.84716796875,3056.84716796875,0.0,17631.640625,100.0,574.4124755859375,897.15966796875,897.15966796875,50.0,870.0740966796875,0.0,18995.80078125,1156.446533203125,1156.446533203125,400.0,1250.7052001953125,4825.8076171875,4825.8076171875,,
1964-10-29,0.0,509437.25,50.0,555.3344116210938,50.0,269.98291015625,1424.5753173828125,1424.5753173828125,3425.84716796875,3425.84716796875,0.0,17502.1953125,100.0,597.9215087890625,900.15966796875,900.15966796875,58.994873046875,880.8033447265625,0.0,18995.0,1124.999267578125,1124.999267578125,400.0,1353.0965576171875,4696.3623046875,4696.3623046875,,
1964-10-30,0.0,509487.25,60.34083557128906,583.3284301757812,50.0,199.10780334472656,1435.5753173828125,1435.5753173828125,3475.84716796875,3475.84716796875,0.0,17772.28515625,100.0,426.2459411621094,945.15966796875,945.15966796875,50.0,839.7725219726562,0.0,18991.400390625,1095.68212890625,1095.68212890625,400.0,1329.0965576171875,4966.4521484375,4966.4521484375,,
1964-10-31,0.0,509316.25,50.0,565.31591796875,50.0,155.43853759765625,1429.5753173828125,1429.5753173828125,3304.84716796875,3304.84716796875,0.0,17475.78125,100.020263671875,339.29730224609375,913.15966796875,913.15966796875,50.0,866.9774780273438,0.0,18994.400390625,1069.308837890625,1069.308837890625,400.0,1222.1072998046875,4669.94873046875,4669.94873046875,,
1964-11-01,0.0,509409.25,50.0,569.4159545898438,101.12290954589844,121.2923583984375,1485.5753173828125,1485.5753173828125,3397.84716796875,3397.84716796875,0.0,17588.537109375,207.72874450683594,267.898193359375,911.15966796875,911.15966796875,50.0,837.7352294921875,0.0,18988.099609375,4760.0,4760.0,400.0,1343.869384765625,4782.70458984375,4782.70458984375,,
1964-11-02,0.0,509709.25,130.30685424804688,652.6190795898438,100.19212341308594,100.19490051269531,1585.5753173828125,1585.5753173828125,3697.84716796875,3697.84716796875,0.0,18003.509765625,215.5988006591797,215.5988006591797,1075.15966796875,1075.15966796875,50.0,892.1519165039062,0.0,18995.400390625,4760.0,4760.0,482.8498229980469,1392.363525390625,5197.6767578125,5197.6767578125,,
1964-11-03,0.0,509509.25,82.88382720947266,606.7051391601562,74.3938217163086,86.12993621826172,1385.5753173828125,1385.5753173828125,3497.84716796875,3497.84716796875,0.0,17836.189453125,181.72975158691406,188.7991943359375,996.15966796875,996.15966796875,50.0,851.8036499023438,0.0,19032.0,4760.0,4760.0,400.0,1295.923583984375,5030.35595703125,5030.35595703125,,
1964-11-04,0.0,509509.25,73.20711517333984,596.0375366210938,68.35050964355469,73.38662719726562,1585.5753173828125,1585.5753173828125,3497.84716796875,3497.84716796875,0.0,17835.0625,146.3966827392578,159.1661376953125,959.15966796875,959.15966796875,50.0,862.9398803710938,0.0,18995.0,4760.0,4760.0,400.0,1257.9285888671875,5029.22998046875,5029.22998046875,,
1964-11-05,0.0,509509.25,74.27793884277344,599.6082763671875,59.857749938964844,59.857749938964844,1485.5753173828125,1485.5753173828125,3497.84716796875,3497.84716796875,0.0,17720.5546875,129.31076049804688,129.31076049804688,994.15966796875,994.15966796875,50.0,875.9749755859375,0.0,19029.900390625,4760.0,4760.0,400.0,1297.524658203125,4914.72216796875,4914.72216796875,,
1964-11-06,0.0,509409.25,59.98628616333008,584.3344116210938,52.50238800048828,54.20516586303711,1485.5753173828125,1485.5753173828125,3397.84716796875,3397.84716796875,0.0,17571.923828125,108.77383422851562,108.77383422851562,950.15966796875,950.15966796875,50.0,880.9749755859375,0.0,19016.19921875,4760.0,4760.0,400.0,1266.31591796875,4766.09130859375,4766.09130859375,,
1964-11-07,0.0,509409.25,58.613712310791016,578.9159545898438,50.0,509.75738525390625,1385.5753173828125,1385.5753173828125,3397.84716796875,3397.84716796875,0.0,17560.94140625,100.0,100.0,932.15966796875,932.15966796875,50.0,881.4994506835938,0.0,18984.5,4760.0,4760.0,400.0,1321.726806640625,4755.1083984375,4755.1083984375,,
1964-11-08,0.0,509409.25,54.9056282043457,570.1600341796875,50.0,500.0,1485.5753173828125,1485.5753173828125,3397.84716796875,3397.84716796875,0.0,17541.1171875,100.0,1513.42626953125,926.15966796875,926.15966796875,54.19345474243164,887.5535888671875,0.0,18969.19921875,4760.0,4760.0,400.0,1242.7451171875,4735.28369140625,4735.28369140625,,
1964-11-09,0.0,509509.25,59.255062103271484,589.9749755859375,50.0,50.0,1485.5753173828125,1485.5753173828125,3497.84716796875,3497.84716796875,0.0,17652.54296875,100.0,1500.0,937.15966796875,937.15966796875,99.5047607421875,925.33447265625,0.0,18983.5,4760.0,4760.0,437.5931701660156,1355.2109375,4846.7099609375,4846.7099609375,,
1964-11-10,0.0,509509.25,98.6356201171875,620.0560913085938,50.0,97.90066528320312,1485.5753173828125,1485.5753173828125,3497.84716796875,3497.84716796875,0.0,17887.130859375,100.0,149.87977600097656,996.15966796875,996.15966796875,185.547607421875,1050.7008056640625,0.0,18681.69921875,4760.0,4760.0,463.55621337890625,1347.070556640625,5081.29638671875,5081.29638671875,,
1964-11-11,0.0,509709.25,156.99053955078125,670.6865844726562,278.3999938964844,500.0,1585.5753173828125,1585.5753173828125,3697.84716796875,3697.84716796875,0.0,18269.01953125,441.79998779296875,1500.0,1199.15966796875,1199.15966796875,530.5339965820312,1360.8485107421875,0.0,18511.599609375,4760.0,4760.0,567.9882202148438,1448.8389892578125,5463.1865234375,5463.1865234375,,
1964-11-12,0.0,509809.25,179.08363342285156,701.92138671875,391.29998779296875,500.0,1585.5753173828125,1585.5753173828125,3797.84716796875,3797.84716796875,0.0,18297.716796875,714.4000244140625,1500.0,1521.15966796875,1521.15966796875,425.0828552246094,1252.693115234375,0.0,18695.900390625,4760.0,4760.0,603.6807861328125,1507.8245849609375,5491.8828125,5491.8828125,,
1964-11-13,0.0,509609.25,117.03095245361328,635.7962036132812,260.5,500.0,1585.5753173828125,1585.5753173828125,3597.84716796875,3597.84716796875,0.0,18123.697265625,388.0,1500.0,1253.15966796875,1253.15966796875,287.45440673828125,1057.12255859375,0.0,19006.5,4760.0,4760.0,482.7725830078125,1362.220947265625,5317.86328125,5317.86328125,,
1964-11-14,0.0,509509.25,94.65054321289062,448.56414794921875,191.10000610351562,500.0,1485.5753173828125,1485.5753173828125,3497.84716796875,3497.84716796875,0.0,17965.029296875,222.8000030517578,1500.0,1128.15966796875,1128.15966796875,202.27761840820312,734.65087890625,0.0,18931.599609375,4760.0,4760.0,414.1961669921875,1263.559814453125,5159.1962890625,5159.1962890625,,
1964-11-15,0.0,507211.40625,137.1710968017578,322.8427734375,161.8000030517578,500.0,300.0,300.0,1200.0,1200.0,0.0,15385.431640625,197.0,1500.0,203.0,203.0,268.463134765625,518.3567504882812,0.0,18884.900390625,4760.0,4760.0,400.0,1302.4510498046875,2579.59814453125,2579.59814453125,,
1964-11-16,0.0,507211.40625,232.4257354736328,238.12850952148438,100.0,500.0,300.0,300.0,1200.0,1200.0,0.0,14381.361328125,170.5,1500.0,160.0,160.0,368.50299072265625,368.50299072265625,0.0,18865.5,4760.0,4760.0,400.0,2445.418212890625,1575.528076171875,1575.528076171875,,
1964-11-17,0.0,507211.40625,175.049560546875,182.08567810058594,65.80000305175781,500.0,300.0,300.0,1200.0,1200.0,0.0,15858.5283203125,145.3000030517578,1500.0,148.0,148.0,267.6336669921875,267.6336669921875,0.0,18873.19921875,4760.0,4760.0,400.0,2317.06201171875,3052.695068359375,3052.695068359375,,
1964-11-18,0.0,507211.40625,135.45433044433594,145.623779296875,80.9000015258789,500.0,300.0,300.0,1200.0,1200.0,0.0,15648.9814453125,145.3000030517578,1500.0,145.0,145.0,191.67483520507812,191.67483520507812,0.0,18899.69921875,4760.0,4760.0,404.9963073730469,2373.337158203125,2843.1484375,2843.1484375,,
1964-11-19,0.0,507211.40625,111.11307525634766,124.91585540771484,69.9000015258789,500.0,300.0,300.0,1200.0,1200.0,0.0,15509.9013671875,150.3000030517578,1500.0,150.0,150.0,147.44972229003906,147.44972229003906,0.0,18244.24609375,2323.095703125,2323.095703125,400.0,2316.115234375,2704.06787109375,2704.06787109375,,
1964-11-20,0.0,507211.40625,95.5077896118164,141.12338256835938,64.0,500.0,300.0,300.0,1200.0,1200.0,0.0,15760.984375,180.5,1500.0,170.0,170.0,96.76765441894531,133.74642944335938,0.0,16811.36328125,891.0,891.0,439.3843994140625,2355.208740234375,2955.1513671875,2955.1513671875,,
1964-11-21,0.0,507211.40625,83.5,1000.0,76.0999984741211,500.0,300.0,300.0,1200.0,1200.0,0.0,15993.4306640625,220.89999389648438,1500.0,203.0,203.0,84.67108917236328,134.5492706298828,0.0,16333.4248046875,389.3999938964844,389.3999938964844,454.0926208496094,2309.4111328125,3187.596923828125,3187.596923828125,,
1964-11-22,0.0,506911.40625,184.5,1000.0,88.0,500.0,300.0,300.0,900.0,900.0,0.0,16062.4970703125,256.70001220703125,1500.0,240.0,240.0,107.0479965209961,700.0,0.0,16446.697265625,514.0,514.0,472.3999938964844,2327.711181640625,3256.663818359375,3256.663818359375,,
1964-11-23,0.0,507211.40625,476.79998779296875,1000.0,138.10000610351562,500.0,300.0,300.0,1200.0,1200.0,0.0,16260.8876953125,523.5999755859375,1500.0,435.0,435.0,144.84661865234375,700.0,0.0,17534.47265625,1135.4000244140625,1135.4000244140625,671.307373046875,2550.84716796875,3455.05419921875,3455.05419921875,,
1964-11-24,0.0,510281.375,1000.0,1000.0,373.1000061035156,500.0,2800.0,2800.0,4269.95947265625,4269.95947265625,0.0,18453.291015625,1500.0,1500.0,524.0,524.0,413.9254455566406,700.0,0.0,19560.30078125,5717.77685546875,5717.77685546875,1840.675048828125,3365.942626953125,5647.45849609375,5647.45849609375,,
1964-11-25,0.0,511011.40625,1319.5811767578125,1319.5811767578125,500.0,500.0,2900.0,2900.0,5000.0,5000.0,0.0,21342.208984375,1596.784423828125,1596.784423828125,2000.0,2000.0,700.0,700.0,0.0,16432.19921875,7311.73486328125,7311.73486328125,2751.488525390625,3082.819580078125,8539.666015625,8539.666015625,,
1964-11-26,0.0,511011.40625,1423.0692138671875,1423.0692138671875,830.1856689453125,830.1856689453125,1400.0,1400.0,5000.0,5000.0,0.0,19087.669921875,2103.4384765625,2356.31396484375,2000.0,2000.0,716.1776123046875,716.1776123046875,0.0,18671.900390625,5587.0751953125,5587.0751953125,2038.30419921875,2999.815185546875,6281.8369140625,6281.8369140625,,
1964-11-27,0.0,511011.40625,1390.1319580078125,1390.1319580078125,834.8557739257812,834.8557739257812,1000.0,1000.0,5000.0,5000.0,0.0,18136.517578125,1396.4005126953125,1951.9775390625,2000.0,2000.0,836.85302734375,836.85302734375,0.0,18091.599609375,4760.0,4760.0,1733.6158447265625,2713.033447265625,5330.68359375,5330.68359375,,
1964-11-28,0.0,511011.40625,1321.1199951171875,1321.1199951171875,806.014892578125,806.014892578125,1000.0,1000.0,5000.0,5000.0,0.0,19377.525390625,1508.513671875,1508.513671875,2000.0,2000.0,1122.4866943359375,1122.4866943359375,0.0,18022.099609375,4760.0,4760.0,2408.24609375,2408.24609375,6571.69287109375,6571.69287109375,,
1964-11-29,0.0,511011.40625,1248.676513671875,1248.676513671875,1743.0113525390625,1743.0113525390625,2200.0,2200.0,5000.0,5000.0,0.0,20635.279296875,2807.97607421875,2807.97607421875,2000.0,2000.0,1472.2105712890625,1472.2105712890625,0.0,17544.80078125,6089.9794921875,6089.9794921875,2507.699951171875,2507.699951171875,7829.4453125,7829.4453125,,
1964-11-30,0.0,511011.40625,1290.310302734375,1290.310302734375,1427.878173828125,1427.878173828125,2719.231689453125,2719.231689453125,5000.0,5000.0,0.0,21807.328125,3812.985595703125,3812.985595703125,2000.0,2000.0,1509.2191162109375,1509.2191162109375,0.0,18290.900390625,6406.48046875,6406.48046875,2773.31298828125,2773.31298828125,9073.87109375,9073.87109375,,
1964-12-01,0.0,510741.71875,1471.748046875,1471.748046875,1327.0206298828125,1327.0206298828125,1916.1834716796875,1916.1834716796875,4730.32080078125,4730.32080078125,0.0,19883.27734375,2875.21142578125,2875.21142578125,2000.0,2000.0,1429.8316650390625,1429.8316650390625,0.0,17388.599609375,8065.80517578125,8065.80517578125,3303.576171875,3303.576171875,7077.44384765625,7077.44384765625,,
1964-12-02,0.0,511011.40625,2289.6484375,2289.6484375,1579.947265625,1579.947265625,1630.3778076171875,1630.3778076171875,5000.0,5000.0,0.0,23573.470703125,4374.35302734375,4374.35302734375,2218.15283203125,2218.15283203125,1636.709228515625,1636.709228515625,0.0,17409.0,8553.4794921875,8553.4794921875,4283.2900390625,4283.2900390625,10767.6376953125,10767.6376953125,,
1964-12-03,0.0,511011.40625,2649.85205078125,2649.85205078125,1302.33154296875,1302.33154296875,3034.054931640625,3034.054931640625,5000.0,5000.0,0.0,25490.59765625,5000.0,5000.0,3812.430908203125,3812.430908203125,1947.2413330078125,1947.2413330078125,0.0,18095.400390625,7610.5751953125,7610.5751953125,4653.9677734375,4653.9677734375,12684.7646484375,12684.7646484375,,
1964-12-04,0.0,511011.40625,2617.064208984375,2617.064208984375,1052.6876220703125,1052.6876220703125,3000.0,3000.0,5000.0,5000.0,0.0,24457.642578125,5000.0,5000.0,3100.6318359375,3100.6318359375,1829.4234619140625,1829.4234619140625,0.0,18177.5,5261.0751953125,5261.0751953125,4670.75341796875,4670.75341796875,11651.80859375,11651.80859375,,
1964-12-05,0.0,511011.40625,2396.34716796875,2396.34716796875,850.8251342773438,850.8251342773438,3000.0,3000.0,5000.0,5000.0,0.0,23339.732421875,4101.03076171875,4101.03076171875,2000.0,2000.0,1579.9556884765625,1579.9556884765625,0.0,18251.80078125,4760.0,4760.0,4279.67822265625,4279.67822265625,10533.8994140625,10533.8994140625,,
1964-12-06,0.0,511011.40625,2145.8935546875,2145.8935546875,722.2167358398438,722.2167358398438,3000.0,3000.0,5000.0,5000.0,0.0,22279.3359375,3265.020751953125,3265.020751953125,2000.0,2000.0,1317.75,1317.75,0.0,18317.099609375,4760.0,4760.0,3868.556396484375,3868.556396484375,9473.501953125,9473.501953125,,
1964-12-07,0.0,511011.40625,1875.868408203125,1875.868408203125,616.1417236328125,648.77783203125,3000.0,3000.0,5000.0,5000.0,0.0,21328.611328125,2375.611083984375,2813.947021484375,2000.0,2000.0,1133.8896484375,1133.8896484375,0.0,18498.5,4760.0,4760.0,3444.49365234375,3444.49365234375,8522.7783203125,8522.7783203125,,
1964-12-08,0.0,511011.40625,1614.8267822265625,1614.8267822265625,566.8157958984375,770.4473266601562,3000.0,3000.0,5000.0,5000.0,0.0,19248.322265625,2292.295166015625,2560.97509765625,2000.0,2000.0,1021.0675659179688,1112.50830078125,0.0,18540.599609375,4760.0,4760.0,3064.015625,3064.015625,6442.4892578125,6442.4892578125,,
1964-12-09,0.0,511011.40625,1478.8656005859375,1478.8656005859375,500.0,500.0,2600.152099609375,2600.152099609375,5000.0,5000.0,0.0,19544.2265625,2090.369140625,2090.369140625,2000.0,2000.0,887.510986328125,946.30224609375,0.0,18313.69921875,4760.0,4760.0,2874.4462890625,2874.4462890625,6738.3935546875,6738.3935546875,,
1964-12-10,0.0,511011.40625,1437.4771728515625,1437.4771728515625,502.47119140625,502.47119140625,2600.0,2600.0,5000.0,5000.0,0.0,21790.31640625,2000.4969482421875,2000.4969482421875,2000.0,2000.0,824.0235595703125,824.0235595703125,0.0,17857.0,6670.77490234375,6670.77490234375,2790.1279296875,2790.1279296875,9054.21875,9054.21875,,
1964-12-11,0.0,511011.40625,1472.535400390625,1472.535400390625,943.845703125,943.845703125,2400.0,2400.0,5000.0,5000.0,0.0,22587.828125,3217.017333984375,3217.017333984375,2000.0,2000.0,990.9830322265625,990.9830322265625,0.0,17068.80078125,6258.375,6258.375,3228.709716796875,3228.709716796875,9822.5888671875,9822.5888671875,,
1964-12-12,0.0,511011.40625,1487.6129150390625,1487.6129150390625,809.36376953125,809.36376953125,1500.0,1500.0,5000.0,5000.0,0.0,22337.490234375,3269.678466796875,3269.678466796875,2000.0,2000.0,996.8088989257812,996.8088989257812,0.0,18078.80078125,4760.0,4760.0,3512.40283203125,3512.40283203125,9531.65625,9531.65625,,
1964-12-13,0.0,511011.40625,1448.66943359375,1448.66943359375,692.0397338867188,774.4091796875,1100.0,1100.0,5000.0,5000.0,0.0,20842.2421875,2648.916259765625,3064.55224609375,2000.0,2000.0,818.4192504882812,1001.7850341796875,0.0,18273.599609375,4760.0,4760.0,3358.052490234375,3358.052490234375,8036.408203125,8036.408203125,,
1964-12-14,0.0,511011.40625,1395.484130859375,1395.484130859375,633.3033447265625,703.2394409179688,1500.0,1500.0,5000.0,5000.0,0.0,19987.751953125,2105.33203125,2522.491455078125,2000.0,2000.0,813.0664672851562,813.0664672851562,0.0,18899.099609375,5054.83740234375,5054.83740234375,3104.72021484375,3104.72021484375,7181.91845703125,7181.91845703125,,
1964-12-15,0.0,507211.40625,1389.004638671875,1389.004638671875,610.1262817382812,610.1262817382812,300.0,300.0,1200.0,1200.0,0.0,20970.15625,1988.065673828125,1988.065673828125,2000.0,2000.0,803.5590209960938,803.5590209960938,0.0,17238.69921875,5026.87451171875,5026.87451171875,2965.627685546875,2965.627685546875,8164.32373046875,8164.32373046875,,
1964-12-16,0.0,507211.40625,1427.531494140625,1427.531494140625,527.4175415039062,527.4175415039062,300.0,300.0,1200.0,1200.0,0.0,16887.99609375,1805.4158935546875,1805.4158935546875,50.0,50.0,846.0646362304688,846.0646362304688,0.0,18244.900390625,4771.97509765625,4771.97509765625,3001.119384765625,3001.119384765625,4082.161865234375,4082.161865234375,,
1964-12-17,0.0,507211.40625,1407.2572021484375,1407.2572021484375,505.1422424316406,528.7450561523438,300.0,300.0,1200.0,1200.0,0.0,14846.9140625,1575.510498046875,1575.510498046875,50.0,50.0,805.8858032226562,990.3634033203125,0.0,18313.69921875,3233.343017578125,3233.343017578125,2838.14404296875,2838.14404296875,2041.0809326171875,2041.0809326171875,,
1964-12-18,0.0,507211.40625,1359.2418212890625,1359.2418212890625,408.2939147949219,500.8817138671875,300.0,300.0,1200.0,1200.0,0.0,14155.8330078125,1316.7708740234375,1852.4736328125,50.0,537.0844116210938,609.0684814453125,675.8295288085938,0.0,18412.099609375,2186.5,2186.5,2598.7060546875,2598.7060546875,1350.0,1350.0,,
1964-12-19,0.0,507211.40625,1296.775146484375,1296.775146484375,500.0,500.0,300.0,300.0,1200.0,1200.0,0.0,14155.8330078125,1168.246337890625,1273.339111328125,50.0,854.0,700.0,700.0,0.0,18325.80078125,1994.699951171875,1994.699951171875,2371.177001953125,2371.177001953125,1350.0,1350.0,,
1964-12-20,0.0,507211.40625,1127.4691162109375,1223.66796875,540.8400268554688,540.8400268554688,300.0,330.4166564941406,1200.0,1200.0,0.0,14155.8330078125,1500.0,1500.0,50.0,1210.0,1150.5916748046875,1150.5916748046875,0.0,17698.80078125,1889.199951171875,1889.199951171875,2211.999267578125,2211.999267578125,1350.0,1350.0,,
1964-12-21,0.0,507211.40625,968.8881225585938,968.8881225585938,50.0,50.0,300.0,1958.5965576171875,1200.0,1200.0,0.0,14005.8330078125,100.0,100.0,50.0,2000.0,50.0,50.0,0.0,17166.900390625,50.0,50.0,400.0,400.0,1200.0,1200.0,,
1964-12-22,0.0,506011.40625,50.0,50.0,50.0,50.0,300.0,300.0,0.0,0.0,0.0,14005.8330078125,100.0,100.0,50.0,3800.514404296875,227.94961547851562,227.94961547851562,0.0,12489.9326171875,50.0,50.0,400.0,400.0,1200.0,1200.0,,
1964-12-23,0.0,506011.40625,50.0,50.0,50.0,50.0,300.0,300.0,0.0,0.0,0.0,14005.8330078125,7430.50634765625,7430.50634765625,50.0,4100.60009765625,1549.802001953125,1549.802001953125,0.0,19283.935546875,50.0,50.0,400.0,400.0,1200.0,1200.0,,
1964-12-24,0.0,506011.40625,224.14932250976562,224.14932250976562,5018.54443359375,5018.54443359375,300.0,300.0,0.0,0.0,0.0,14005.8330078125,15960.046875,15960.046875,50.0,4301.873046875,3091.63671875,3091.63671875,0.0,17855.98828125,949.9144897460938,949.9144897460938,400.0,400.0,1200.0,1200.0,,
1964-12-25,0.0,511211.53125,4359.11474609375,4359.11474609375,3934.50830078125,3934.50830078125,5787.6533203125,5787.6533203125,5200.10546875,5200.10546875,0.0,15607.927734375,11031.748046875,11031.748046875,50.0,4429.9375,3735.7255859375,3735.7255859375,0.0,17680.5,4447.90869140625,4447.90869140625,11045.806640625,11045.806640625,2802.0947265625,2802.0947265625,,
1964-12-26,0.0,512935.46875,5792.10009765625,5792.10009765625,3211.853271484375,3211.853271484375,7700.0,7700.0,6924.06494140625,6924.06494140625,0.0,15757.84375,8715.671875,8715.671875,50.0,4476.22021484375,3581.853759765625,3581.853759765625,0.0,15974.099609375,3558.3447265625,3558.3447265625,11187.0,11187.0,2952.01025390625,2952.01025390625,,
1964-12-27,0.0,523011.40625,3682.755615234375,3682.755615234375,2682.50537109375,2682.50537109375,5651.27490234375,5651.27490234375,17000.0,17000.0,0.0,19275.484375,6883.02197265625,6883.02197265625,50.0,4500.0,3914.7451171875,3914.7451171875,0.0,16766.80078125,6695.72119140625,6695.72119140625,7493.70654296875,7493.70654296875,6469.65087890625,6469.65087890625,,
1964-12-28,0.0,522696.28125,4000.0,4000.0,1996.3509521484375,1996.3509521484375,6500.0,6500.0,16684.87890625,16684.87890625,0.0,21845.95703125,4810.35888671875,4810.35888671875,50.0,4492.1650390625,4705.9990234375,4705.9990234375,0.0,17158.599609375,7987.56787109375,7987.56787109375,5102.0,5102.0,9040.1240234375,9040.1240234375,,
1964-12-29,0.0,520500.75,4000.0,4000.0,1991.2845458984375,1991.2845458984375,6500.0,6500.0,14489.3349609375,14489.3349609375,0.0,21670.806640625,4314.44970703125,4314.44970703125,50.0,4450.0673828125,5000.0,5000.0,0.0,17153.099609375,10611.5498046875,10611.5498046875,5310.091796875,5310.091796875,8864.97265625,8864.97265625,,
1964-12-30,0.0,516786.625,4000.0,4000.0,2341.3486328125,2341.3486328125,6500.0,6500.0,10842.9326171875,10842.9326171875,0.0,22943.45703125,5072.92236328125,5072.92236328125,50.0,4391.18310546875,5000.0,5000.0,0.0,17376.599609375,11101.7470703125,11101.7470703125,6243.5966796875,6243.5966796875,10137.6240234375,10137.6240234375,,
1964-12-31,0.0,514239.96875,4000.0,4000.0,2850.01708984375,2850.01708984375,6149.6328125,6149.6328125,8293.48828125,8293.48828125,0.0,24774.7734375,6175.03662109375,6175.03662109375,50.0,4321.3369140625,5000.0,5000.0,0.0,17679.5,10785.3310546875,10785.3310546875,7600.04541015625,7600.04541015625,11968.9404296875,11968.9404296875,,
1965-01-01,0.0,520688.8125,3952.888427734375,3952.888427734375,2756.524658203125,2756.524658203125,5666.5400390625,5666.5400390625,14677.4111328125,14677.4111328125,0.0,25344.1796875,5972.4697265625,5972.4697265625,50.0,4242.95849609375,5000.0,5000.0,0.0,17918.80078125,9684.3779296875,9684.3779296875,7350.732421875,7350.732421875,12538.3466796875,12538.3466796875,,
1965-01-02,0.0,519938.4375,3833.2392578125,3833.2392578125,2750.140625,2750.140625,6041.46337890625,6041.46337890625,13927.0244140625,13927.0244140625,0.0,26977.859375,5958.63818359375,5958.63818359375,50.0,4152.6435546875,5000.0,5000.0,0.0,17576.400390625,8480.3935546875,8480.3935546875,7333.70849609375,7333.70849609375,14172.0263671875,14172.0263671875,,
1965-01-03,0.0,519154.5625,3702.67138671875,3702.67138671875,3000.0,3000.0,6142.33740234375,6142.33740234375,13143.13671875,13143.13671875,0.0,27093.173828125,5883.75830078125,5883.75830078125,50.0,4052.736572265625,4942.296875,4942.296875,0.0,17279.80078125,4760.0,4760.0,7743.11181640625,7743.11181640625,14287.33984375,14287.33984375,,
1965-01-04,0.0,518372.75,3565.826904296875,3565.826904296875,2817.745361328125,3000.0,5908.11181640625,5908.11181640625,12361.3232421875,12361.3232421875,0.0,28805.833984375,5000.0,5000.0,50.0,3427.990478515625,5000.0,5000.0,0.0,17752.400390625,4760.0,4760.0,7596.4921875,7596.4921875,16000.0,16000.0,,
1965-01-05,0.0,517572.03125,3425.135009765625,3425.135009765625,2402.04541015625,2532.21484375,5674.0185546875,5674.0185546875,11560.6171875,11560.6171875,0.0,28805.833984375,5000.0,5000.0,50.0,2665.3271484375,5000.0,5000.0,0.0,17775.69921875,4760.0,4760.0,7445.76708984375,7445.76708984375,16000.0,16000.0,,
1965-01-06,0.0,516781.8125,3276.405029296875,3276.405029296875,1929.8765869140625,1929.8765869140625,5443.25048828125,5443.25048828125,10770.40625,10770.40625,0.0,28036.4375,5000.0,5000.0,50.0,2078.218017578125,4812.29833984375,4812.29833984375,0.0,17129.900390625,4760.0,4760.0,7292.66943359375,7292.66943359375,15230.6044921875,15230.6044921875,,
1965-01-07,0.0,516037.1875,3118.764404296875,3118.764404296875,1554.8177490234375,1554.8177490234375,5214.19775390625,5214.19775390625,10025.765625,10025.765625,0.0,28805.833984375,4298.7490234375,4298.7490234375,50.0,1679.4786376953125,4938.2265625,4938.2265625,0.0,17589.0,4760.0,4760.0,7160.32470703125,7160.32470703125,16000.0,16000.0,,
1965-01-08,0.0,515077.0625,2905.90966796875,2905.90966796875,1243.375732421875,1659.0118408203125,4945.166015625,4945.166015625,9065.66015625,9065.66015625,0.0,28805.833984375,3311.296630859375,4199.39208984375,50.0,2000.0,4873.24853515625,4873.24853515625,0.0,17929.900390625,4760.0,4760.0,7017.13720703125,7017.13720703125,16000.0,16000.0,,
1965-01-09,0.0,514160.53125,2575.708984375,2575.708984375,1011.6051025390625,1241.076904296875,4524.46826171875,4524.46826171875,8149.13232421875,8149.13232421875,0.0,28805.833984375,2271.232666015625,3035.21142578125,50.0,1333.7490234375,4782.775390625,4782.775390625,0.0,18006.400390625,4290.484375,4290.484375,6872.3037109375,6872.3037109375,16000.0,16000.0,,
1965-01-10,0.0,511861.40625,2260.954345703125,2260.954345703125,737.42578125,737.42578125,4113.66650390625,4113.66650390625,5850.0,5850.0,0.0,24435.2890625,2195.501953125,2195.501953125,50.0,2000.0,4689.17236328125,4689.17236328125,0.0,17336.900390625,3752.966796875,3752.966796875,5814.72802734375,5814.72802734375,11629.4560546875,11629.4560546875,,
1965-01-11,0.0,511861.40625,1997.46923828125,1997.46923828125,1855.906982421875,1855.906982421875,3813.558837890625,3813.558837890625,5850.0,5850.0,0.0,26524.2578125,3327.136474609375,3327.136474609375,50.0,2000.0,4615.91259765625,4615.91259765625,0.0,16005.900390625,3581.642578125,3581.642578125,6648.40380859375,6648.40380859375,13718.423828125,13718.423828125,,
1965-01-12,0.0,511861.40625,1836.397705078125,1836.397705078125,1502.2713623046875,1502.2713623046875,3560.636474609375,3560.636474609375,5850.0,5850.0,0.0,28498.39453125,4367.61865234375,4367.61865234375,50.0,2615.0693359375,4556.0107421875,4556.0107421875,0.0,17326.099609375,3652.97509765625,3652.97509765625,6593.42333984375,6593.42333984375,15692.5615234375,15692.5615234375,,
1965-01-13,0.0,511861.40625,1638.484130859375,1638.484130859375,1283.51416015625,1283.51416015625,3032.225341796875,3107.294921875,5850.0,5850.0,0.0,28805.833984375,3947.009521484375,3947.009521484375,50.0,2293.379638671875,4488.615234375,4488.615234375,0.0,17558.900390625,3475.35400390625,3475.35400390625,6495.7412109375,6495.7412109375,16000.0,16000.0,,
1965-01-14,0.0,511493.5,1470.582275390625,1470.582275390625,1095.2733154296875,1131.4427490234375,2429.793701171875,2838.196533203125,4757.22412109375,5482.07373046875,0.0,28805.833984375,3323.629150390625,3323.629150390625,50.0,2000.0,4390.40625,4390.40625,0.0,17715.0,3249.78662109375,3249.78662109375,6380.3037109375,6380.3037109375,16000.0,16000.0,,
1965-01-15,0.0,511011.40625,1413.84375,1413.84375,1000.09521484375,1000.09521484375,2383.728271484375,2592.131103515625,4429.8662109375,5000.0,0.0,28805.833984375,3102.173583984375,3102.173583984375,50.0,1762.2530517578125,4280.697265625,4280.697265625,0.0,17609.0,3090.7265625,3090.7265625,6269.1962890625,6269.1962890625,16000.0,16000.0,,
1965-01-16,0.0,511011.40625,1382.8294677734375,1382.8294677734375,892.4635009765625,892.4635009765625,2394.754150390625,2394.754150390625,4329.8662109375,5000.0,0.0,28805.833984375,3266.26904296875,3266.26904296875,50.0,1531.5020751953125,4157.83349609375,4157.83349609375,0.0,17571.0,3183.122314453125,3183.122314453125,6187.515625,6187.515625,16000.0,16000.0,,
1965-01-17,0.0,511011.40625,1375.537353515625,1375.537353515625,800.4756469726562,800.4756469726562,2296.502685546875,2296.502685546875,3629.865966796875,5000.0,0.0,28805.833984375,3286.642578125,3286.642578125,50.0,1337.6680908203125,4021.438720703125,4021.438720703125,0.0,17736.099609375,3358.35205078125,3358.35205078125,6121.5,6121.5,16000.0,16000.0,,
1965-01-18,0.0,509074.625,1368.2939453125,1368.2939453125,729.4171142578125,729.4171142578125,2155.932373046875,2197.66845703125,1200.0,3063.199462890625,0.0,28805.833984375,2842.204345703125,2842.204345703125,50.0,1180.112060546875,3860.3173828125,3860.3173828125,0.0,17915.400390625,3398.5,3398.5,6046.2333984375,6046.2333984375,16000.0,16000.0,,
1965-01-19,0.0,509453.53125,1369.11767578125,1369.11767578125,688.0114135742188,688.0114135742188,2098.445556640625,2098.445556640625,1200.0,3442.1328125,0.0,28805.833984375,2375.069580078125,2375.069580078125,50.0,1078.7413330078125,3681.17236328125,3681.17236328125,0.0,17863.30078125,3410.154541015625,3410.154541015625,5857.669921875,5857.669921875,16000.0,16000.0,,
1965-01-20,0.0,509506.15625,1371.59521484375,1371.59521484375,640.0714721679688,642.740966796875,1932.297119140625,1932.297119140625,1200.0,3494.75537109375,0.0,28805.833984375,2018.246337890625,2018.246337890625,50.0,1027.8275146484375,3479.294921875,3479.294921875,0.0,17908.099609375,3428.46142578125,3428.46142578125,5516.1337890625,5516.1337890625,16000.0,16000.0,,
1965-01-21,0.0,509641.25,1372.6270751953125,1372.6270751953125,633.8010864257812,633.8010864257812,2013.128662109375,2154.86474609375,1200.0,3629.8369140625,0.0,28805.833984375,1862.761474609375,2158.975341796875,50.0,1104.44677734375,3268.281494140625,3268.281494140625,0.0,17893.0,3406.462646484375,3406.462646484375,5194.8173828125,5194.8173828125,16000.0,16000.0,,
1965-01-22,0.0,509264.625,1367.4178466796875,1367.4178466796875,576.95751953125,596.6015014648438,1628.1737060546875,1684.5211181640625,1200.0,3253.224609375,0.0,28805.833984375,1487.169677734375,1792.13623046875,50.0,926.0,2950.560791015625,2950.560791015625,0.0,17995.5,3379.691650390625,3379.691650390625,4843.5703125,4843.5703125,16000.0,16000.0,,
1965-01-23,0.0,511011.40625,1350.9642333984375,1350.9642333984375,538.851318359375,538.851318359375,2600.0,3000.0,1200.0,5000.0,0.0,26623.634765625,1532.7886962890625,1532.7886962890625,50.0,1540.0,2570.135009765625,2570.135009765625,0.0,18311.30078125,3241.71923828125,3241.71923828125,4500.52294921875,4500.52294921875,13817.802734375,13817.802734375,,
1965-01-24,0.0,511011.40625,1411.43115234375,1411.43115234375,1026.1566162109375,1026.1566162109375,3000.0,3000.0,5000.0,5000.0,0.0,27032.294921875,2436.629638671875,2436.629638671875,50.0,1931.736083984375,2589.258544921875,2589.258544921875,0.0,16160.7001953125,3625.315185546875,3625.315185546875,4655.46142578125,4655.46142578125,14226.4609375,14226.4609375,,
1965-01-25,0.0,511037.75,1528.24462890625,1528.24462890625,1211.454345703125,1270.6904296875,2166.666748046875,2500.0,5026.33349609375,5026.33349609375,0.0,27315.76171875,3186.2978515625,3186.2978515625,50.0,2000.0,2810.49072265625,2810.49072265625,0.0,17520.900390625,4301.14501953125,4301.14501953125,4899.5009765625,4899.5009765625,14509.9287109375,14509.9287109375,,
1965-01-26,0.0,511112.3125,1536.972900390625,1536.972900390625,993.813232421875,993.813232421875,2000.0,2558.8466796875,5100.89697265625,5100.89697265625,0.0,25639.591796875,2851.4453125,2851.4453125,50.0,1838.263916015625,2355.958251953125,2355.958251953125,0.0,17529.900390625,4342.21044921875,4342.21044921875,4756.07763671875,4756.07763671875,12833.7578125,12833.7578125,,
1965-01-27,0.0,509174.46875,1472.2578125,1472.2578125,608.4188232421875,608.4188232421875,1261.74609375,1261.74609375,3163.054443359375,3163.054443359375,0.0,16050.7333984375,1318.2408447265625,1318.2408447265625,50.0,2000.0,2224.49658203125,2224.49658203125,0.0,18897.80078125,50.0,50.0,1622.4501953125,1622.4501953125,3244.900390625,3244.900390625,,
1965-01-28,0.0,506011.40625,50.0,50.0,50.0,50.0,300.0,300.0,0.0,0.0,0.0,14005.8330078125,100.0,100.0,50.0,3148.5166015625,2335.012451171875,2335.012451171875,0.0,8996.0,50.0,50.0,400.0,400.0,1200.0,1200.0,,
1965-01-29,0.0,506011.40625,50.0,50.0,440.0977478027344,440.0977478027344,300.0,300.0,0.0,0.0,0.0,15153.021484375,953.545166015625,953.545166015625,50.0,4095.48486328125,3408.161865234375,3408.161865234375,0.0,18035.017578125,4955.56982421875,4955.56982421875,1173.593994140625,1173.593994140625,2347.18798828125,2347.18798828125,,
1965-01-30,0.0,507840.71875,496.3309326171875,496.3309326171875,1737.3587646484375,1737.3587646484375,300.0,300.0,1829.30712890625,1829.30712890625,0.0,22071.74609375,3764.27734375,3764.27734375,50.0,4222.98193359375,3770.219482421875,3770.219482421875,0.0,18792.69921875,3873.375,3873.375,4632.95654296875,4632.95654296875,9265.9130859375,9265.9130859375,,
1965-01-31,0.0,511887.34375,2905.75634765625,2905.75634765625,1659.91552734375,1659.91552734375,512.1057739257812,512.1057739257812,5875.93505859375,5875.93505859375,0.0,24096.248046875,4586.73095703125,4586.73095703125,50.0,4235.57568359375,3786.788818359375,3786.788818359375,0.0,19701.19921875,8070.087890625,8070.087890625,5645.20751953125,5645.20751953125,11290.4150390625,11290.4150390625,,
1965-02-01,0.0,515711.3125,3935.703125,3935.703125,1233.6224365234375,1233.6224365234375,1327.8740234375,1327.8740234375,9699.9111328125,9699.9111328125,0.0,25933.05859375,5000.0,5000.0,50.0,4210.90478515625,3720.209716796875,3720.209716796875,0.0,18692.900390625,8166.41845703125,8166.41845703125,6260.4150390625,6260.4150390625,13127.2255859375,13127.2255859375,,
1965-02-02,0.0,516871.71875,3858.35205078125,3858.35205078125,921.1719970703125,921.1719970703125,2709.64892578125,2709.64892578125,10860.2998046875,10860.2998046875,0.0,26932.349609375,5000.0,5000.0,50.0,4156.47998046875,3604.982177734375,3604.982177734375,0.0,17884.69921875,11422.44140625,11422.44140625,6177.80224609375,6177.80224609375,14126.515625,14126.515625,,
1965-02-03,0.0,518147.71875,3758.106689453125,3758.106689453125,706.02490234375,706.02490234375,3575.0625,3575.0625,12136.3193359375,12136.3193359375,0.0,28409.6171875,4366.6826171875,4366.6826171875,50.0,3013.55712890625,3447.609619140625,3447.609619140625,0.0,17767.900390625,11850.7333984375,11850.7333984375,6079.29296875,6079.29296875,15603.7841796875,15603.7841796875,,
1965-02-04,0.0,518247.5,3640.394287109375,3640.394287109375,546.15966796875,546.15966796875,4394.447265625,4394.447265625,12236.0859375,12236.0859375,0.0,28805.833984375,3137.35498046875,3137.35498046875,50.0,1976.908447265625,2568.28173828125,2568.28173828125,0.0,17901.19921875,11533.26953125,11533.26953125,5820.2900390625,5820.2900390625,16000.0,16000.0,,
1965-02-05,0.0,517610.375,3514.637451171875,3514.637451171875,423.0346984863281,423.0346984863281,5020.54638671875,5020.54638671875,11598.96875,11598.96875,0.0,28805.833984375,2223.436767578125,2223.436767578125,50.0,1254.861083984375,1790.432373046875,1790.432373046875,0.0,18070.5,11197.796875,11197.796875,5015.837890625,5015.837890625,16000.0,16000.0,,
1965-02-06,0.0,516951.34375,3381.07177734375,3381.07177734375,344.37890625,344.37890625,5578.634765625,5578.634765625,10939.9453125,10939.9453125,0.0,28805.833984375,1622.2244873046875,1622.2244873046875,50.0,789.0869140625,1235.7352294921875,1235.7352294921875,0.0,18126.80078125,10855.08984375,10855.08984375,3349.068603515625,3349.068603515625,16000.0,16000.0,,
1965-02-07,0.0,516291.15625,3239.28955078125,3239.28955078125,289.7239685058594,289.7239685058594,5470.6728515625,5470.6728515625,10279.75,10279.75,0.0,28805.833984375,1219.579833984375,1219.579833984375,50.0,488.8232727050781,847.3974609375,847.3974609375,0.0,18323.400390625,9503.9150390625,9503.9150390625,2116.278076171875,2116.278076171875,16000.0,16000.0,,
1965-02-08,0.0,515520.625,3083.28173828125,3083.28173828125,239.60108947753906,239.60108947753906,5246.05810546875,5246.05810546875,9509.2216796875,9509.2216796875,0.0,28805.833984375,927.6188354492188,927.6188354492188,50.0,247.91455078125,578.4732055664062,578.4732055664062,0.0,18325.900390625,6139.06494140625,6139.06494140625,1232.8427734375,1232.8427734375,16000.0,16000.0,,
1965-02-09,0.0,512711.6875,2305.2109375,2305.2109375,196.99935913085938,196.99935913085938,5019.52978515625,5019.52978515625,6664.056640625,6700.26416015625,0.0,28805.833984375,715.838623046875,715.838623046875,50.0,75.55150604248047,356.8642578125,356.8642578125,0.0,18318.599609375,3854.4443359375,3854.4443359375,567.4298706054688,567.4298706054688,16000.0,16000.0,,
1965-02-10,0.0,510474.71875,1479.3936767578125,1479.3936767578125,166.59616088867188,166.59616088867188,4620.65380859375,4620.65380859375,4335.73291015625,4463.3173828125,0.0,28805.833984375,554.4877319335938,554.4877319335938,50.0,50.0,213.22750854492188,213.22750854492188,0.0,18509.5,2300.936279296875,2300.936279296875,400.0,400.0,16000.0,16000.0,,
1965-02-11,0.0,509010.5625,937.6493530273438,937.6493530273438,148.64193725585938,148.64193725585938,4207.615234375,4207.615234375,2800.960205078125,2999.1455078125,0.0,24920.36328125,463.8907775878906,463.8907775878906,50.0,50.0,120.46726989746094,120.46726989746094,0.0,18555.0,1320.577392578125,1320.577392578125,400.0,400.0,12114.529296875,12114.529296875,,
1965-02-12,0.0,507554.15625,581.9771728515625,581.9771728515625,138.10842895507812,138.10842895507812,3811.513671875,3811.513671875,1050.0,1542.7589111328125,0.0,21266.765625,481.624267578125,481.624267578125,50.0,50.0,50.0,50.0,0.0,18446.89453125,823.9755249023438,823.9755249023438,400.0,400.0,8460.9326171875,8460.9326171875,,
1965-02-13,0.0,507073.03125,332.13568115234375,332.13568115234375,128.9418182373047,128.9418182373047,3439.874267578125,3439.874267578125,1050.0,1061.6170654296875,0.0,18646.275390625,492.3692626953125,492.3692626953125,50.0,50.0,50.0,50.0,0.0,18535.80078125,459.8902893066406,459.8902893066406,1535.5015869140625,5199.4501953125,5840.44140625,5840.44140625,,
1965-02-14,0.0,507061.40625,161.90965270996094,161.90965270996094,120.35331726074219,120.35331726074219,3116.67041015625,3116.67041015625,1050.0,1050.0,0.0,16782.2109375,874.260986328125,3343.94482421875,50.0,50.0,50.0,50.0,0.0,18087.400390625,168.3946075439453,168.3946075439453,400.0,843.0482788085938,3976.377197265625,3976.377197265625,,
1965-02-15,0.0,507061.40625,63.65840530395508,63.65840530395508,108.42304992675781,108.42304992675781,3000.0,3000.0,1050.0,1050.0,0.0,15498.783203125,190.0,757.7045288085938,50.0,50.0,671.2456665039062,3282.595703125,0.0,18318.80078125,50.0,50.0,400.0,400.0,2692.9501953125,2692.9501953125,,
1965-02-16,0.0,507061.40625,53.81602478027344,53.81602478027344,96.1260757446289,96.1260757446289,3000.0,3000.0,1050.0,1050.0,0.0,14664.73828125,824.5970458984375,3495.710205078125,50.0,50.0,50.0,342.452880859375,0.0,18230.30078125,50.0,50.0,400.0,400.0,1858.9052734375,1858.9052734375,,
1965-02-17,0.0,507061.40625,70.33291625976562,70.33291625976562,86.00389862060547,86.00389862060547,914.8466796875,914.8466796875,1050.0,1050.0,0.0,14053.490234375,190.0,711.189697265625,50.0,50.0,50.0,258.1228942871094,0.0,18334.5,50.0,50.0,400.0,400.0,1247.6573486328125,1247.6573486328125,,
1965-02-18,0.0,507061.40625,827.4165649414062,2597.7197265625,73.09479522705078,73.09479522705078,900.0,900.0,1050.0,1050.0,0.0,14005.8330078125,773.493896484375,3736.68505859375,50.0,50.0,50.0,118.6672134399414,0.0,18388.599609375,2308.62646484375,10000.0,400.0,400.0,1200.0,1200.0,,
1965-02-19,0.0,507061.40625,50.0,629.6776733398438,66.70254516601562,66.70254516601562,1000.0,1000.0,1050.0,1050.0,0.0,14005.8330078125,190.0,624.90283203125,50.0,50.0,50.0,50.0,0.0,18409.599609375,50.0,1456.1009521484375,400.0,400.0,1200.0,1200.0,,
1965-02-20,0.0,507061.40625,50.0,659.4387817382812,73.2346420288086,73.2346420288086,1000.0,1000.0,1050.0,1050.0,0.0,14005.8330078125,190.0,648.60009765625,50.0,50.0,50.0,50.0,0.0,18425.69921875,50.0,1214.2982177734375,400.0,400.0,1200.0,1200.0,,
1965-02-21,0.0,507061.40625,50.0,711.2193603515625,228.12225341796875,2614.5927734375,1000.0,1000.0,1050.0,1050.0,0.0,14155.8330078125,600.1976928710938,4095.7119140625,50.0,50.0,50.0,50.0,0.0,18519.80078125,50.0,941.5648193359375,400.0,400.0,1350.0,1350.0,,
1965-02-22,0.0,507061.40625,751.5193481445312,2840.00732421875,75.0,204.80511474609375,1000.0,1000.0,1050.0,1050.0,0.0,14155.8330078125,190.0,497.2651062011719,50.0,50.0,50.0,50.0,0.0,18414.599609375,50.0,1014.639892578125,400.0,400.0,1350.0,1350.0,,
1965-02-23,0.0,507061.40625,50.0,433.9601135253906,75.0,159.14662170410156,900.0,900.0,1050.0,1050.0,0.0,14155.8330078125,190.0,482.06512451171875,50.0,50.0,50.0,50.0,0.0,18468.400390625,50.0,730.9121704101562,400.0,400.0,1350.0,1350.0,,
1965-02-24,0.0,507061.40625,50.0,342.682373046875,75.0,136.01002502441406,900.0,900.0,1050.0,1050.0,0.0,14155.8330078125,190.0,468.9206848144531,50.0,50.0,50.0,50.0,0.0,18566.30078125,50.0,455.9454650878906,400.0,400.0,1350.0,1350.0,,
1965-02-25,0.0,507061.40625,50.0,276.14898681640625,75.0,110.19245910644531,900.0,900.0,1050.0,1050.0,0.0,14155.8330078125,190.0,461.05401611328125,50.0,50.0,50.0,50.0,0.0,18616.80078125,50.0,206.5121307373047,400.0,400.0,1350.0,1350.0,,
1965-02-26,0.0,507061.40625,50.0,208.3878936767578,75.0,144.5174560546875,900.0,900.0,1050.0,1050.0,0.0,14155.8330078125,190.0,484.1873474121094,50.0,50.0,50.0,50.0,0.0,18634.19921875,50.0,50.0,400.0,400.0,1350.0,1350.0,,
1965-02-27,0.0,507061.40625,50.0,434.5434265136719,75.0,415.177490234375,1300.0,1300.0,1050.0,1050.0,0.0,14155.8330078125,190.0,1436.85400390625,50.0,50.0,50.0,50.0,0.0,18254.900390625,50.0,522.0732421875,400.0,400.0,1350.0,1350.0,,
1965-02-28,0.0,507061.40625,50.0,393.815673828125,400.3999938964844,2742.152099609375,1100.0,1100.0,1050.0,1050.0,0.0,14155.8330078125,1216.3026123046875,4832.859375,50.0,50.0,50.0,50.0,0.0,18188.599609375,50.0,383.7676696777344,400.0,400.0,1350.0,1350.0,,
1965-03-01,0.0,507061.40625,50.0,338.3184814453125,75.0,281.8072814941406,1000.0,1000.0,1050.0,1050.0,0.0,14155.8330078125,190.0,887.6642456054688,50.0,50.0,50.0,50.0,0.0,18390.0,50.0,50.0,621.1904907226562,621.1904907226562,1350.0,1350.0,,
1965-03-02,0.0,507061.40625,50.0,352.78790283203125,282.22393798828125,2761.824462890625,1000.0,1000.0,1050.0,1050.0,0.0,14155.8330078125,883.6974487304688,5000.0,50.0,50.0,50.0,50.0,0.0,18432.30078125,50.0,106.10372161865234,616.2286987304688,616.2286987304688,1350.0,1350.0,,
1965-03-03,0.0,507061.40625,50.0,371.78790283203125,75.0,209.48680114746094,900.0,900.0,1050.0,1050.0,0.0,14155.8330078125,190.0,670.4607543945312,50.0,50.0,50.0,50.0,0.0,18532.900390625,50.0,222.1537322998047,611.9029541015625,611.9029541015625,1350.0,1350.0,,
1965-03-04,0.0,507061.40625,50.0,372.6379089355469,75.0,191.08819580078125,800.0,800.0,1050.0,1050.0,0.0,14155.8330078125,673.256591796875,5000.0,50.0,50.0,50.0,50.0,0.0,18600.80078125,50.0,323.595458984375,606.1431884765625,606.1431884765625,1350.0,1350.0,,
1965-03-05,0.0,507061.40625,50.0,354.6212158203125,75.0,174.78958129882812,800.0,800.0,1050.0,1050.0,0.0,14155.8330078125,190.0,499.24609375,50.0,50.0,50.0,50.0,0.0,18649.0,102.14163970947266,360.0120544433594,605.0982666015625,605.0982666015625,1350.0,1350.0,,
1965-03-06,0.0,507061.40625,50.0,364.360107421875,75.0,147.63401794433594,800.0,800.0,1050.0,1050.0,0.0,14155.8330078125,190.0,444.9085693359375,50.0,50.0,50.0,50.0,0.0,18691.5,149.9416961669922,387.8982238769531,605.7454833984375,605.7454833984375,1350.0,1350.0,,
1965-03-07,0.0,507061.40625,50.0,375.0323486328125,75.0,126.44513702392578,800.0,800.0,1050.0,1050.0,0.0,14155.8330078125,190.0,421.0696716308594,50.0,50.0,50.0,50.0,0.0,18726.400390625,185.74168395996094,418.98431396484375,609.5336303710938,609.5336303710938,1350.0,1350.0,,
1965-03-08,0.0,507061.40625,50.0,348.9823303222656,75.0,91.88957977294922,800.0,800.0,1050.0,1050.0,0.0,14155.8330078125,190.0,337.33636474609375,50.0,50.0,50.0,50.0,0.0,18765.5,213.24168395996094,365.4203796386719,615.2591552734375,615.2591552734375,1350.0,1350.0,,
1965-03-09,0.0,507061.40625,50.0,339.9323425292969,75.0,75.0,700.0,700.0,1050.0,1050.0,0.0,14155.8330078125,190.0,299.3030090332031,50.0,50.0,50.0,50.0,0.0,18774.69921875,234.74168395996094,337.0398254394531,622.0885009765625,622.0885009765625,1350.0,1350.0,,
1965-03-10,0.0,507061.40625,50.0,336.8240051269531,75.0,75.0,700.0,700.0,1050.0,1050.0,0.0,14155.8330078125,190.0,242.88912963867188,50.0,50.0,50.0,50.0,0.0,18793.30078125,250.24168395996094,314.2926330566406,629.1434326171875,629.1434326171875,1350.0,1350.0,,
1965-03-11,0.0,507061.40625,50.0,323.3934326171875,75.0,75.0,700.0,700.0,1050.0,1050.0,0.0,14155.8330078125,190.0,190.0,50.0,50.0,50.0,50.0,0.0,18804.599609375,256.2416687011719,280.0787658691406,636.5098876953125,636.5098876953125,1350.0,1350.0,,
1965-03-12,0.0,507061.40625,50.0,316.28509521484375,75.0,75.0,700.0,700.0,1050.0,1050.0,0.0,14155.8330078125,190.0,190.0,50.0,50.0,50.0,50.0,0.0,18830.19921875,271.7416687011719,271.7416687011719,647.5571899414062,647.5571899414062,1350.0,1350.0,,
1965-03-13,0.0,507061.40625,50.0,290.2434387207031,75.0,75.0,700.0,700.0,1050.0,1050.0,0.0,14155.8330078125,190.0,190.0,50.0,50.0,50.0,50.0,0.0,18823.30078125,314.7416687011719,314.7416687011719,654.8003540039062,654.8003540039062,1350.0,1350.0,,
1965-03-14,0.0,507061.40625,50.0,246.58233642578125,75.0,75.0,700.0,700.0,1050.0,1050.0,0.0,14155.8330078125,190.0,190.0,50.0,50.0,50.0,50.0,0.0,18829.900390625,352.991455078125,352.991455078125,660.4382934570312,660.4382934570312,1350.0,1350.0,,
1965-03-15,0.0,507061.40625,50.0,197.80455017089844,75.0,75.0,600.0,600.0,1050.0,1050.0,0.0,14155.8330078125,190.0,190.0,120.0,120.0,50.0,50.0,0.0,18832.400390625,391.7458190917969,391.7458190917969,670.5529174804688,670.5529174804688,1350.0,1350.0,,
1965-03-16,0.0,507511.40625,50.0,152.9962158203125,75.0,75.0,600.0,600.0,1500.0,1500.0,0.0,14155.8330078125,190.0,190.0,120.0,120.0,50.0,50.0,0.0,18839.69921875,1119.245849609375,1119.245849609375,676.756591796875,676.756591796875,1350.0,1350.0,,
1965-03-17,0.0,507511.40625,50.0,67.09345245361328,75.0,75.0,600.0,600.0,1500.0,1500.0,0.0,14155.8330078125,190.0,190.0,120.0,120.0,50.0,50.0,0.0,18842.69921875,1147.94580078125,1147.94580078125,660.6620483398438,660.6620483398438,1350.0,1350.0,,
1965-03-18,0.0,507511.40625,50.0,50.0,75.0,75.0,600.0,600.0,1500.0,1500.0,0.0,14155.8330078125,190.0,190.0,120.0,120.0,50.0,50.0,0.0,18857.19921875,1170.24951171875,1170.24951171875,645.9112548828125,645.9112548828125,1350.0,1350.0,,
1965-03-19,0.0,507511.40625,50.0,50.0,75.0,75.0,600.0,600.0,1500.0,1500.0,0.0,14155.8330078125,190.0,190.0,120.0,120.0,50.0,50.0,0.0,18855.69921875,1192.0792236328125,1192.0792236328125,631.2393188476562,631.2393188476562,1350.0,1350.0,,
1965-03-20,0.0,507511.40625,50.0,50.0,75.0,75.0,600.0,600.0,1500.0,1500.0,0.0,14155.8330078125,190.0,190.0,120.0,120.0,50.0,50.0,0.0,18864.5,1212.3485107421875,1212.3485107421875,619.470458984375,619.470458984375,1350.0,1350.0,,
1965-03-21,0.0,507511.40625,50.0,50.0,75.0,75.0,500.0,500.0,1500.0,1500.0,0.0,14155.8330078125,190.0,190.0,120.0,120.0,50.0,50.0,0.0,18866.599609375,1229.0484619140625,1229.0484619140625,610.3425903320312,610.3425903320312,1350.0,1350.0,,
1965-03-22,0.0,507511.40625,50.0,50.0,75.0,75.0,500.0,500.0,1500.0,1500.0,0.0,14155.8330078125,190.0,190.0,120.0,120.0,50.0,50.0,0.0,18862.80078125,1233.8792724609375,1233.8792724609375,601.1754760742188,601.1754760742188,1350.0,1350.0,,
1965-03-23,0.0,507511.40625,50.0,50.0,75.0,75.0,500.0,500.0,1500.0,1500.0,0.0,14155.8330078125,190.0,190.0,120.0,120.0,50.0,50.0,0.0,18862.80078125,1252.3416748046875,1252.3416748046875,592.3865966796875,592.3865966796875,1350.0,1350.0,,
1965-03-24,0.0,507511.40625,50.0,50.0,75.0,75.0,500.0,500.0,1500.0,1500.0,0.0,14155.8330078125,190.0,190.0,120.0,120.0,50.0,50.0,0.0,18857.19921875,1269.0416259765625,1269.0416259765625,582.7584838867188,582.7584838867188,1350.0,1350.0,,
1965-03-25,0.0,507511.40625,50.0,50.0,75.0,75.0,600.0,600.0,1500.0,1500.0,0.0,14155.8330078125,190.0,190.0,120.0,120.0,50.0,50.0,0.0,18859.19921875,1280.941650390625,1280.941650390625,574.7930297851562,574.7930297851562,1350.0,1350.0,,
1965-03-26,0.0,507511.40625,50.0,50.0,75.0,75.0,700.0,700.0,1500.0,1500.0,0.0,14155.8330078125,190.0,190.0,120.0,120.0,50.0,50.0,0.0,18871.30078125,1075.1043701171875,1075.1043701171875,566.6451416015625,566.6451416015625,1350.0,1350.0,,
1965-03-27,0.0,507511.40625,50.0,50.0,75.0,75.0,600.0,600.0,1500.0,1500.0,0.0,14155.8330078125,190.0,190.0,120.0,120.0,50.0,50.0,0.0,18498.900390625,887.2433471679688,887.2433471679688,554.7201538085938,554.7201538085938,1350.0,1350.0,,
1965-03-28,0.0,507511.40625,50.0,50.0,75.0,75.0,600.0,600.0,1500.0,1500.0,0.0,14155.8330078125,190.0,190.0,120.0,120.0,50.0,50.0,0.0,18785.400390625,1086.643310546875,1086.643310546875,542.9961547851562,542.9961547851562,1350.0,1350.0,,
1965-03-29,0.0,507511.40625,50.0,50.0,75.0,75.0,500.0,500.0,1500.0,1500.0,0.0,14155.8330078125,190.0,190.0,120.0,120.0,50.0,50.0,0.0,18799.5,1160.67724609375,1160.67724609375,534.2489624023438,534.2489624023438,1350.0,1350.0,,
1965-03-30,0.0,507511.40625,50.0,50.0,75.0,75.0,500.0,500.0,1500.0,1500.0,0.0,14155.8330078125,190.0,190.0,120.0,120.0,50.0,50.0,0.0,18795.69921875,1170.243408203125,1170.243408203125,527.2141723632812,527.2141723632812,1350.0,1350.0,,
1965-03-31,0.0,507511.40625,50.0,50.0,75.0,75.0,600.0,600.0,1500.0,1500.0,0.0,14155.8330078125,190.0,190.0,120.0,120.0,50.0,50.0,0.0,18859.599609375,1121.692138671875,1121.692138671875,519.0138549804688,519.0138549804688,1350.0,1350.0,,
1965-04-01,0.0,507511.40625,50.0,50.0,75.0,75.0,745.0,745.0,1500.0,1500.0,0.0,14155.8330078125,190.0,190.0,120.0,120.0,50.0,50.0,0.0,18908.900390625,914.7772216796875,914.7772216796875,508.93670654296875,508.93670654296875,1350.0,1350.0,,
1965-04-02,0.0,507511.40625,50.0,50.0,75.0,75.0,750.0,750.0,1500.0,1500.0,0.0,14155.8330078125,190.0,190.0,120.0,120.0,50.0,50.0,0.0,18596.900390625,919.5433349609375,919.5433349609375,492.77142333984375,492.77142333984375,1350.0,1350.0,,
1965-04-03,0.0,507511.40625,50.0,50.0,75.0,75.0,703.0,703.0,1500.0,1500.0,0.0,14155.8330078125,190.0,190.0,120.0,120.0,50.0,50.0,0.0,18728.900390625,1005.443359375,1005.443359375,477.40191650390625,477.40191650390625,1350.0,1350.0,,
1965-04-04,0.0,507511.40625,50.0,50.0,75.0,75.0,707.0,707.0,1500.0,1500.0,0.0,14155.8330078125,190.0,190.0,120.0,120.0,50.0,50.0,0.0,18773.80078125,1042.9259033203125,1042.9259033203125,465.5591735839844,465.5591735839844,1350.0,1350.0,,
1965-04-05,0.0,507511.40625,50.0,50.0,75.0,75.0,763.0,763.0,1500.0,1500.0,0.0,14155.8330078125,190.0,190.0,120.0,120.0,50.0,50.0,0.0,18774.900390625,1075.943359375,1075.943359375,456.31256103515625,456.31256103515625,1350.0,1350.0,,
1965-04-06,0.0,507511.40625,50.0,50.0,75.0,75.0,538.0,538.0,1500.0,1500.0,0.0,14155.8330078125,190.0,190.0,120.0,120.0,50.0,50.0,0.0,18774.400390625,1112.9771728515625,1112.9771728515625,446.5004577636719,446.5004577636719,1350.0,1350.0,,
1965-04-07,0.0,507511.40625,50.0,50.0,75.0,75.0,617.0,617.0,1500.0,1500.0,0.0,14155.8330078125,190.0,190.0,120.0,120.0,50.0,50.0,0.0,18792.599609375,1146.34326171875,1146.34326171875,439.1289978027344,439.1289978027344,1350.0,1350.0,,
1965-04-08,0.0,507511.40625,50.0,50.0,75.0,75.0,617.0,617.0,1500.0,1500.0,0.0,14155.8330078125,190.0,190.0,120.0,120.0,50.0,50.0,0.0,18789.0,1175.0433349609375,1175.0433349609375,430.1114501953125,430.1114501953125,1350.0,1350.0,,
1965-04-09,0.0,507511.40625,50.0,50.0,75.0,75.0,617.0,617.0,1500.0,1500.0,0.0,14155.8330078125,190.0,190.0,120.0,120.0,50.0,50.0,0.0,18809.099609375,1159.9259033203125,1159.9259033203125,425.7447814941406,425.7447814941406,1350.0,1350.0,,
1965-04-10,0.0,507511.40625,50.0,50.0,75.0,75.0,566.0,566.0,1500.0,1500.0,0.0,14155.8330078125,190.0,190.0,120.0,120.0,50.0,50.0,0.0,18783.0,1194.143310546875,1194.143310546875,418.3731384277344,418.3731384277344,1350.0,1350.0,,
1965-04-11,0.0,507511.40625,50.0,50.0,75.0,75.0,566.0,566.0,1500.0,1500.0,0.0,14155.8330078125,190.0,190.0,120.0,120.0,50.0,50.0,0.0,18812.099609375,1223.943359375,1223.943359375,413.907470703125,413.907470703125,1350.0,1350.0,,
1965-04-12,0.0,507511.40625,50.0,50.0,75.0,75.0,579.0,579.0,1500.0,1500.0,0.0,14155.8330078125,190.0,190.0,120.0,120.0,50.0,50.0,0.0,18823.400390625,1240.67724609375,1240.67724609375,409.31719970703125,409.31719970703125,1350.0,1350.0,,
1965-04-13,0.0,507511.40625,50.0,50.0,75.0,75.0,551.0,551.0,1500.0,1500.0,0.0,14155.8330078125,190.0,190.0,120.0,120.0,50.0,50.0,0.0,18850.80078125,1226.7921142578125,1226.7921142578125,407.3583984375,407.3583984375,1350.0,1350.0,,
1965-04-14,0.0,507511.40625,50.0,50.0,75.0,75.0,559.0,559.0,1500.0,1500.0,0.0,14155.8330078125,190.0,190.0,120.0,120.0,50.0,50.0,0.0,18840.400390625,1240.643310546875,1240.643310546875,404.1419677734375,404.1419677734375,1350.0,1350.0,,
1965-04-15,0.0,507511.40625,50.0,50.0,75.0,75.0,569.0,569.0,1500.0,1500.0,0.0,14155.8330078125,190.0,190.0,120.0,120.0,50.0,50.0,0.0,18877.5,1215.67724609375,1215.67724609375,400.57720947265625,400.57720947265625,1350.0,1350.0,,
1965-04-16,0.0,507511.40625,50.0,50.0,75.0,75.0,821.0,821.0,1500.0,1500.0,0.0,14155.8330078125,190.0,190.0,120.0,120.0,50.0,50.0,0.0,18910.099609375,1097.443359375,1097.443359375,400.0,400.0,1350.0,1350.0,,
1965-04-17,0.0,507511.40625,50.0,50.0,75.0,75.0,616.0,616.0,1500.0,1500.0,0.0,14155.8330078125,190.0,190.0,120.0,120.0,50.0,50.0,0.0,18802.400390625,1126.52587890625,1126.52587890625,400.0,400.0,1350.0,1350.0,,
1965-04-18,0.0,507511.40625,50.0,50.0,75.0,75.0,1033.0,1033.0,1500.0,1500.0,0.0,14155.8330078125,190.0,190.0,120.0,120.0,50.0,50.0,0.0,18930.900390625,1043.643310546875,1043.643310546875,400.0,400.0,1350.0,1350.0,,
1965-04-19,0.0,507511.40625,50.0,1421.9990234375,75.0,75.0,2725.0,2725.0,1500.0,1500.0,0.0,14155.8330078125,190.0,404.830810546875,120.0,120.0,50.0,50.0,0.0,18725.30078125,50.0,50.0,400.0,400.0,1350.0,1350.0,,
1965-04-20,0.0,507511.40625,50.0,1829.4573974609375,75.0,75.0,2496.0,2496.0,1500.0,1500.0,0.0,14155.8330078125,190.0,190.0,120.0,120.0,50.0,50.0,0.0,18080.80078125,50.0,50.0,400.0,400.0,1350.0,1350.0,,
1965-04-21,0.0,507511.40625,1908.0679931640625,3929.33349609375,75.0,110.37430572509766,2310.0,2310.0,1500.0,1500.0,0.0,14155.8330078125,190.0,190.0,120.0,120.0,50.0,50.0,0.0,17936.099609375,50.0,50.0,400.0,400.0,1350.0,1350.0,,
1965-04-22,0.0,507511.40625,50.0,947.4203491210938,75.0,140.46180725097656,2008.0,2008.0,1500.0,1500.0,0.0,14155.8330078125,190.0,190.0,120.0,120.0,50.0,50.0,0.0,17904.30078125,50.0,50.0,400.0,400.0,1350.0,1350.0,,
1965-04-23,0.0,507511.40625,838.506591796875,3953.499267578125,75.0,173.8826446533203,1639.0,1639.0,1500.0,1500.0,0.0,14155.8330078125,190.0,190.0,120.0,120.0,50.0,50.0,0.0,18157.19921875,277.86334228515625,277.86334228515625,400.0,400.0,1350.0,1350.0,,
1965-04-24,0.0,507511.40625,50.0,546.12939453125,75.0,119.63680267333984,1602.0,1602.0,1500.0,1500.0,0.0,14155.8330078125,190.0,190.0,120.0,120.0,50.0,50.0,0.0,18260.80078125,409.16326904296875,409.16326904296875,400.0,400.0,1350.0,1350.0,,
1965-04-25,0.0,507511.40625,50.0,563.2266235351562,75.0,111.43541717529297,1506.0,1506.0,1500.0,1500.0,0.0,14155.8330078125,190.0,190.0,120.0,120.0,50.0,50.0,0.0,18352.69921875,535.726318359375,535.726318359375,400.0,400.0,1350.0,1350.0,,
1965-04-26,0.0,507511.40625,554.0316162109375,3990.333984375,75.0,88.06041717529297,1415.0,1415.0,1500.0,1500.0,0.0,14155.8330078125,190.0,190.0,120.0,120.0,50.0,50.0,0.0,18477.900390625,594.2073364257812,594.2073364257812,400.0,400.0,1350.0,1350.0,,
1965-04-27,0.0,507511.40625,50.0,444.2710876464844,75.0,75.0,1390.0,1390.0,1500.0,1500.0,0.0,14155.8330078125,190.0,190.0,120.0,120.0,50.0,50.0,0.0,18553.30078125,637.0479736328125,637.0479736328125,400.0,400.0,1350.0,1350.0,,
1965-04-28,0.0,507511.40625,50.0,452.2710876464844,75.0,75.0,1560.0,1560.0,1500.0,1500.0,0.0,14155.8330078125,190.0,190.0,120.0,120.0,50.0,50.0,0.0,18594.80078125,668.7772216796875,668.7772216796875,400.0,400.0,1350.0,1350.0,,
1965-04-29,0.0,507511.40625,50.0,429.60443115234375,75.0,75.0,1485.0,1485.0,1500.0,1500.0,0.0,14155.8330078125,190.0,190.0,120.0,120.0,50.0,50.0,0.0,18635.0,773.8433227539062,773.8433227539062,400.0,400.0,1350.0,1350.0,,
1965-04-30,0.0,507511.40625,405.0168762207031,4000.0,75.0,75.0,1330.0,1330.0,1500.0,1500.0,0.0,14155.8330078125,190.0,190.0,120.0,120.0,50.0,50.0,0.0,18724.0,828.0259399414062,828.0259399414062,400.0,400.0,1350.0,1350.0,,
1965-05-01,0.0,507584.40625,50.0,255.13624572753906,75.0,75.0,1152.0,1152.0,1646.0,1646.0,0.0,14155.8330078125,190.0,190.0,120.0,120.0,50.0,50.0,0.0,18734.69921875,1015.7418212890625,1015.7418212890625,810.8516845703125,810.8516845703125,1350.0,1350.0,,
1965-05-02,0.0,507584.40625,50.0,198.26124572753906,75.0,75.0,300.0,300.0,1646.0,1646.0,0.0,14155.8330078125,190.0,190.0,120.0,120.0,50.0,50.0,0.0,18684.599609375,1074.46337890625,1074.46337890625,518.097412109375,518.097412109375,1350.0,1350.0,,
1965-05-03,0.0,507584.40625,50.0,130.38624572753906,75.0,75.0,300.0,300.0,1646.0,1646.0,0.0,14155.8330078125,190.0,190.0,120.0,120.0,50.0,50.0,0.0,18745.0,1132.9263916015625,1132.9263916015625,400.0,400.0,1350.0,1350.0,,
1965-05-04,0.0,507584.40625,50.0,76.8445816040039,75.0,75.0,300.0,300.0,1646.0,1646.0,0.0,14155.8330078125,190.0,190.0,120.0,120.0,50.0,50.0,0.0,18790.900390625,1095.96337890625,1095.96337890625,400.0,400.0,1350.0,1350.0,,
1965-05-05,0.0,507584.40625,50.0,50.0,75.0,75.0,300.0,300.0,1646.0,1646.0,0.0,14155.8330078125,190.0,190.0,120.0,120.0,50.0,50.0,0.0,18651.400390625,1038.663330078125,1038.663330078125,400.0,400.0,1350.0,1350.0,,
1965-05-06,0.0,507584.40625,50.0,50.0,75.0,75.0,300.0,300.0,1646.0,1646.0,0.0,14155.8330078125,190.0,190.0,120.0,120.0,50.0,50.0,0.0,18524.0,1038.5704345703125,1038.5704345703125,400.0,400.0,1350.0,1350.0,,
1965-05-07,0.0,507584.40625,50.0,50.0,75.0,75.0,300.0,300.0,1646.0,1646.0,0.0,14155.8330078125,190.0,190.0,120.0,120.0,50.0,50.0,0.0,18591.69921875,1026.7633056640625,1026.7633056640625,441.30438232421875,441.30438232421875,1350.0,1350.0,,
1965-05-08,0.0,507584.40625,50.0,50.0,75.0,75.0,300.0,300.0,1646.0,1646.0,0.0,14155.8330078125,190.0,190.0,120.0,120.0,50.0,50.0,0.0,18609.400390625,1008.7633056640625,1008.7633056640625,509.4955749511719,509.4955749511719,1350.0,1350.0,,
1965-05-09,0.0,507584.40625,50.0,50.0,75.0,75.0,300.0,300.0,1646.0,1646.0,0.0,14155.8330078125,190.0,190.0,120.0,120.0,50.0,50.0,0.0,18638.400390625,1008.7263793945312,1008.7263793945312,527.1546020507812,527.1546020507812,1350.0,1350.0,,
1965-05-10,0.0,507584.40625,50.0,50.0,75.0,75.0,300.0,300.0,1646.0,1646.0,0.0,14155.8330078125,190.0,190.0,120.0,120.0,50.0,50.0,0.0,18657.0,1008.7633056640625,1008.7633056640625,479.97711181640625,479.97711181640625,1350.0,1350.0,,
1965-05-11,0.0,507584.40625,50.0,50.0,75.0,75.0,300.0,300.0,1646.0,1646.0,0.0,14155.8330078125,190.0,190.0,120.0,120.0,50.0,50.0,0.0,18666.69921875,893.7000122070312,893.7000122070312,515.7008666992188,515.7008666992188,1350.0,1350.0,,
1965-05-12,0.0,507584.40625,50.0,50.0,75.0,75.0,300.0,300.0,1646.0,1646.0,0.0,14155.8330078125,190.0,190.0,120.0,120.0,50.0,50.0,0.0,18717.5,905.5999755859375,905.5999755859375,606.6563110351562,606.6563110351562,1350.0,1350.0,,
1965-05-13,0.0,507584.40625,50.0,50.0,75.0,75.0,300.0,300.0,1646.0,1646.0,0.0,14155.8330078125,190.0,190.0,120.0,120.0,50.0,50.0,0.0,18716.099609375,923.5,923.5,642.8491821289062,642.8491821289062,1350.0,1350.0,,
1965-05-14,0.0,507584.40625,50.0,50.58069610595703,75.0,75.0,300.0,300.0,1646.0,1646.0,0.0,14155.8330078125,190.0,190.0,120.0,120.0,50.0,50.0,0.0,18730.19921875,973.7000122070312,973.7000122070312,564.0099487304688,564.0099487304688,1350.0,1350.0,,
1965-05-15,0.0,507584.40625,50.0,124.24736022949219,75.0,75.0,300.0,300.0,1646.0,1646.0,0.0,14155.8330078125,190.0,190.0,120.0,120.0,50.0,50.0,0.0,18743.099609375,1022.5999755859375,1022.5999755859375,506.70098876953125,506.70098876953125,1350.0,1350.0,,
1965-05-16,0.0,507584.40625,50.0,222.91403198242188,75.0,75.0,300.0,300.0,1646.0,1646.0,0.0,14155.8330078125,190.0,190.0,120.0,120.0,50.0,50.0,0.0,18786.0,552.2000122070312,552.2000122070312,596.8450317382812,596.8450317382812,1350.0,1350.0,,
1965-05-17,0.0,507584.40625,285.4109802246094,4000.0,75.0,75.0,300.0,300.0,1646.0,1646.0,0.0,14155.8330078125,190.0,190.0,120.0,120.0,50.0,50.0,0.0,18690.599609375,622.5999755859375,622.5999755859375,611.091064453125,611.091064453125,1350.0,1350.0,,
1965-05-18,0.0,507584.40625,237.60731506347656,4000.0,75.0,75.0,300.0,300.0,1646.0,1646.0,0.0,14155.8330078125,190.0,190.0,120.0,120.0,50.0,50.0,0.0,18749.0,688.2999877929688,688.2999877929688,416.85858154296875,416.85858154296875,1350.0,1350.0,,
1965-05-19,0.0,507584.40625,350.73822021484375,4000.0,75.0,75.0,300.0,300.0,1646.0,1646.0,0.0,14155.8330078125,190.0,190.0,120.0,120.0,50.0,50.0,0.0,18866.900390625,595.2000122070312,595.2000122070312,550.8792114257812,550.8792114257812,1350.0,1350.0,,
1965-05-20,0.0,507584.40625,507.4921569824219,4000.0,75.0,75.0,300.0,300.0,1646.0,1646.0,0.0,14155.8330078125,190.0,190.0,120.0,120.0,50.0,50.0,0.0,18653.099609375,422.0,422.0,471.3409423828125,471.3409423828125,1350.0,1350.0,,
1965-05-21,0.0,507584.40625,379.66143798828125,4000.0,75.0,75.0,300.0,300.0,1646.0,1646.0,0.0,14155.8330078125,190.0,190.0,120.0,120.0,50.0,50.0,0.0,18670.5,529.5,529.5,456.33795166015625,456.33795166015625,1350.0,1350.0,,
1965-05-22,0.0,507584.40625,329.10760498046875,4000.0,75.0,75.0,300.0,300.0,1646.0,1646.0,0.0,14155.8330078125,190.0,190.0,120.0,120.0,50.0,50.0,0.0,18771.400390625,595.2000122070312,595.2000122070312,477.91741943359375,477.91741943359375,1350.0,1350.0,,
1965-05-23,0.0,507584.40625,309.7384033203125,4000.0,75.0,75.0,300.0,300.0,1646.0,1646.0,0.0,14155.8330078125,190.0,190.0,120.0,120.0,50.0,50.0,0.0,18761.19921875,562.9000244140625,562.9000244140625,1048.564453125,1048.564453125,1350.0,1350.0,,
1965-05-24,0.0,507584.40625,296.4922790527344,4000.0,75.0,75.0,300.0,300.0,1646.0,1646.0,0.0,14155.8330078125,190.0,190.0,120.0,120.0,50.0,50.0,0.0,18684.19921875,487.70001220703125,487.70001220703125,1043.0,1043.0,1350.0,1350.0,,
1965-05-25,0.0,507584.40625,284.32818603515625,4000.0,75.0,75.0,300.0,300.0,1646.0,1646.0,0.0,14155.8330078125,190.0,190.0,120.0,120.0,50.0,50.0,0.0,18686.599609375,552.2000122070312,552.2000122070312,960.0,960.0,1350.0,1350.0,,
1965-05-26,0.0,507584.40625,252.2187957763672,4000.0,75.0,75.0,300.0,300.0,1646.0,1646.0,0.0,14155.8330078125,190.0,190.0,120.0,120.0,50.0,50.0,0.0,18764.0,601.0999755859375,601.0999755859375,923.0,923.0,1350.0,1350.0,,
1965-05-27,0.0,507584.40625,237.14585876464844,4000.0,75.0,75.0,300.0,300.0,1646.0,1646.0,0.0,14155.8330078125,190.0,190.0,120.0,120.0,50.0,50.0,0.0,18748.099609375,633.4000244140625,633.4000244140625,993.0,993.0,1350.0,1350.0,,
1965-05-28,0.0,507584.40625,227.0972442626953,4000.0,75.0,75.0,300.0,300.0,1646.0,1646.0,0.0,14155.8330078125,190.0,190.0,120.0,120.0,50.0,50.0,0.0,18770.80078125,648.9000244140625,648.9000244140625,1084.0,1084.0,1350.0,1350.0,,
1965-05-29,0.0,507584.40625,227.0648193359375,4000.0,75.0,75.0,300.0,300.0,1646.0,1646.0,0.0,14155.8330078125,190.0,190.0,120.0,4500.0,50.0,50.0,0.0,18785.5,678.7999877929688,678.7999877929688,1152.0,1152.0,1350.0,1350.0,,
1965-05-30,0.0,507584.40625,221.043212890625,4000.0,75.0,75.0,300.0,300.0,1646.0,1646.0,0.0,15291.576171875,190.0,190.0,120.0,4500.0,50.0,50.0,0.0,18811.19921875,721.7000122070312,721.7000122070312,1126.0,1126.0,2485.742919921875,2485.742919921875,,
1965-05-31,0.0,507584.40625,208.02880859375,4000.0,75.0,75.0,300.0,300.0,1646.0,1646.0,0.0,15528.7421875,190.0,190.0,120.0,4500.0,50.0,50.0,0.0,18823.19921875,770.7000122070312,770.7000122070312,1013.0,1013.0,2722.908447265625,2722.908447265625,,
