Date,Blue River-Dam-BiOp MinTrib and Withdrawals by WY Flow-MIN,Blue River-Dam-Max Evacuation Release Flow-MAX,Blue River-Draft to RC Flow-SPEC,Blue River-FIRO_SPACE Flow-SPEC,Blue River-Flood Min Flow-MIN,Blue River-MainstemFlowAug Flow-SPEC,Blue River-Special Curves Flow-MIN,Blue River-Vida Flood Max Flow-MAX,Cottage Grove-Dam-BiOp MinTrib and Withdrawals by WY Flow-MIN,Cottage Grove-Dam-Max Evacuation Release Flow-MAX,Cottage Grove-Draft to RC Flow-SPEC,Cottage Grove-FIRO_SPACE Flow-SPEC,Cottage Grove-Flood Min Flow-MIN,Cottage Grove-Goshen Bankfull Max Flow-MAX,Cottage Grove-Harrisburg Bankfull Simplified Max Flow-MAX,Cottage Grove-Harrisburg Regulation Goal Simplified Flow-MAX,Cottage Grove-MainstemFlowAug Flow-SPEC,Cottage Grove-Special Curves Flow-MIN,Cottage Grove-Spillway-Uncontrolled Spill Flow-MIN,Cougar-Dam-BiOp MinTrib and Withdrawals by WY Flow-MIN,Cougar-Deep Drawdown Flow-SPEC,Cougar-Draft to RC Flow-SPEC,Cougar-FIRO_SPACE Flow-SPEC,Cougar-Flood Min Flow-MIN,Cougar-IRRM Flow-SPEC,Cougar-MainstemFlowAug Flow-SPEC,Cougar-Max Evacuation Release Flow-MAX,Cougar-No Draft Flow-SPEC,Cougar-Special Curves Flow-MIN,Cougar-Spring Spill Flow-SPEC,Cougar-Vida Flood Max Flow-MAX,Detroit-Combined Min Trib Flow-SPEC,Detroit-Dam-Max Evacuation Release Flow-MAX,Detroit-Deep Drawdown Flow-SPEC,Detroit-Draft to RC Flow-SPEC,Detroit-FIRO_SPACE Flow-SPEC,Detroit-IRRM Flow-SPEC,Detroit-Jefferson Winter Ops Max Flow-MAX,Detroit-MainstemFlowAug Flow-SPEC,Detroit-Mehama Winter Ops Max Flow-MAX,Detroit-Min for BCL Flow-MIN,Detroit-No Draft Flow-SPEC,Detroit-Regulating Outlet Lower-No Lower RO Flow Flow-MAX,Detroit-Regulating Outlet Upper-Upper RO use 1400 to 1542 ft Flow-MAX,Detroit-Secondary Flood Draft Limit Flow-SPEC,Detroit-Special Curves Flow-MIN,Dorena-Dam-BiOp MinTrib and Withdrawals by WY Flow-MIN,Dorena-Dam-Max Evacuation Release Flow-MAX,Dorena-Draft to RC Flow-SPEC,Dorena-FIRO_SPACE Flow-SPEC,Dorena-Flood Min Flow-MIN,Dorena-Goshen Bankfull Max Flow-MAX,Dorena-Harrisburg Bankfull Simplified Max Flow-MAX,Dorena-Harrisburg Regulation Goal Simplified Flow-MAX,Dorena-MainstemFlowAug Flow-SPEC,Dorena-Special Curves Flow-MIN,Dorena-Spillway-Uncontrolled Spill Flow-MIN,Fall Creek-Dam-BiOp MinTrib and Withdrawals by WY Flow-MIN,Fall Creek-Deep Drawdown Flow-SPEC,Fall Creek-Draft to RC Flow-SPEC,Fall Creek-Drawdown Max Flow-MAX,Fall Creek-FIRO_SPACE Flow-SPEC,Fall Creek-Flood Min Flow-MIN,Fall Creek-Harrisburg Bankfull Simplified Max Flow-MAX,Fall Creek-Harrisburg Regulation Goal Simplified Max Flow-MAX,Fall Creek-MainstemFlowAug Flow-SPEC,Fall Creek-Max Evacuation Release Flow-MAX,Fall Creek-Medium Fish Horn Min Flow-MIN,Fall Creek-Special Curves Flow-MIN,Fern Ridge-Dam-BiOp MinTrib and Withdrawals by WY Flow-MIN,Fern Ridge-Dam-Max Evacuation Release Flow-MAX,Fern Ridge-Draft to RC Flow-SPEC,Fern Ridge-FIRO_SPACE Flow-SPEC,Fern Ridge-Flood Min Flow-MIN,Fern Ridge-MainstemFlowAug Flow-SPEC,Fern Ridge-Monroe Regulation Goal Max Flow-MAX,Fern Ridge-Special Curves Flow-MIN,Foster-Waterloo Flood Simple Flow-SPEC,Green Peter-BiOp Max Flow Winter GPR FOS Flow-MAX,Green Peter-Combined Min Trib Flow-SPEC,Green Peter-Con Max Flow-MAX,Green Peter-Deep Drawdown Flow-SPEC,Green Peter-Draft to RC Flow-SPEC,Green Peter-FIRO_SPACE Flow-SPEC,Green Peter-Flood Min Flow-MIN,Green Peter-Jefferson Flood Stage Simplified Max Flow-MAX,Green Peter-MainstemFlowAug Flow-SPEC,Green Peter-Max Evacuation Release Flow-MAX,Green Peter-No Draft Flow-SPEC,Green Peter-Secondary Flood Draft Limit Flow-SPEC,Green Peter-Special Curves Flow-MIN,Green Peter-Waterloo Flood Max Flow-MAX,Hills Creek-Dam-BiOp MinTrib and Withdrawals by WY Flow-MIN,Hills Creek-Draft to RC Flow-SPEC,Hills Creek-Fill_LOP_First_Script Flow-SPEC,Hills Creek-FIRO_SPACE Flow-SPEC,Hills Creek-Flood Min Flow-MIN,Hills Creek-Harrisburg Regulation Goal Simplified Flow-MAX,Hills Creek-HCR_LOP_Balance Flow-SPEC,Hills Creek-IRRM Flow-SPEC,Hills Creek-Max Evacuation Rate Flow-MAX,Hills Creek-No Draft Flow-SPEC,Hills Creek-Special Curves Flow-MIN,Lookout Point-Dam-BiOp MinTrib and Withdrawals by WY Flow-MIN,Lookout Point-Dam-Max Evacuation Release Flow-MAX,Lookout Point-Deep Drawdown Flow-SPEC,Lookout Point-Draft to RC Flow-SPEC,Lookout Point-FIRO_SPACE Flow-SPEC,Lookout Point-Flood Min Flow-MIN,Lookout Point-Harrisburg Regulation Goal Simplified Flow-MAX,Lookout Point-IRRM Flow-SPEC,Lookout Point-Jasper Bankfull Max Flow-MAX,Lookout Point-MainstemFlowAug Flow-SPEC,Lookout Point-Min for DEX Flow-MIN,Lookout Point-NoDraft Flow-SPEC,Lookout Point-Regulated Outlet-No RO use above 900 ft Flow-MAX,Lookout Point-ROC Down Flow-MIN,Lookout Point-ROC Up Flow-MAX,Lookout Point-Secondary Flood Draft Limit Flow-SPEC,Lookout Point-Special Curves Flow-MIN,Lookout Point-Spring Spill Flow-SPEC
1963-01-02,50.0,1000.0,250.89999389648438,250.89999389648438,50.0,0.0,,1000.0,50.0,500.0,112.0,112.0,50.0,500.0,3000.0,3000.0,0.0,,0.0,300.0,0.0,510.0,510.0,300.0,0.0,0.0,3000.0,1000000.0,,0.0,3000.0,1200.0,5000.0,0.0,1600.0,0.0,0.0,25533.83203125,0.0,15762.25,1050.0,1000000.0,0.0,12140.0,5850.0,,100.0,1500.0,232.1999969482422,232.1999969482422,100.0,1500.0,6500.0,6500.0,0.0,,0.0,50.0,0.0,219.0,999999.0,0.0,30.0,4500.0,4500.0,0.0,2000.0,0.0,,30.0,700.0,389.76043701171875,393.5699768066406,50.0,0.0,1805.8790283203125,,18838.0,999999.0,565.0999755859375,10000.0,0.0,918.7000122070312,918.7000122070312,50.0,13000.0,0.0,2300.0,1000000.0,4760.0,,14744.0263671875,400.0,570.0,0.0,570.0,400.0,8000.0,,0.0,1000.0,1000000.0,,1200.0,4400.0,0.0,867.7670288085938,867.7670288085938,1200.0,16000.0,0.0,19428.044921875,0.0,1350.0,1000000.0,24796.0,1.0,2.0,7860.0,,0.0
1963-01-03,50.0,1000.0,412.9361267089844,490.1000061035156,50.0,0.0,,1000.0,50.0,500.0,137.53611755371094,148.5,50.0,500.0,3000.0,3000.0,0.0,,0.0,300.0,0.0,659.736083984375,712.0,300.0,0.0,0.0,3000.0,1000000.0,,0.0,3000.0,1200.0,5000.0,0.0,2308.40283203125,0.0,0.0,25660.3359375,0.0,14004.181640625,1050.0,1000000.0,0.0,12140.0,5850.0,,100.0,1500.0,345.4694519042969,383.5,100.0,1500.0,6500.0,6500.0,0.0,,0.0,50.0,0.0,430.7361145019531,999999.0,0.0,30.0,4500.0,4500.0,0.0,2000.0,0.0,,30.0,700.0,343.3121337890625,419.676025390625,50.0,0.0,1831.7412109375,,18576.400390625,999999.0,117.29998779296875,10000.0,0.0,1766.5694580078125,2311.199951171875,50.0,13000.0,0.0,2300.0,1000000.0,4760.0,,14776.9765625,400.0,641.0694580078125,0.0,693.0,400.0,8000.0,,0.0,1000.0,1000000.0,,1200.0,4400.0,0.0,1439.4991455078125,1439.4991455078125,1200.0,16000.0,0.0,18684.677734375,0.0,1350.0,1000000.0,24796.0,433.8835144042969,1735.5340576171875,7860.0,,0.0
1963-01-04,50.0,1000.0,344.86944580078125,390.8999938964844,50.0,0.0,,1000.0,50.0,500.0,122.63611602783203,130.10000610351562,50.0,500.0,3000.0,3000.0,0.0,,0.0,300.0,0.0,608.4027709960938,642.0,300.0,0.0,0.0,3000.0,1000000.0,,0.0,3000.0,1200.0,5000.0,0.0,2475.0693359375,0.0,0.0,25811.76171875,0.0,15164.0009765625,1050.0,1000000.0,0.0,12140.0,5850.0,,100.0,1500.0,302.7027587890625,342.29998779296875,100.0,1500.0,6500.0,6500.0,0.0,,0.0,50.0,0.0,387.4907531738281,999999.0,0.0,30.0,4500.0,4500.0,0.0,2000.0,0.0,,30.0,700.0,283.1235046386719,330.5017395019531,50.0,0.0,1742.4044189453125,,18626.0,999999.0,302.4000244140625,10000.0,0.0,1366.969482421875,1659.0999755859375,50.0,13000.0,0.0,2300.0,1000000.0,4760.0,,14761.8642578125,400.0,599.4360961914062,0.0,613.2000122070312,400.0,8000.0,,0.0,1000.0,1000000.0,,1200.0,4400.0,0.0,1553.3331298828125,1553.3331298828125,1200.0,16000.0,0.0,18889.732421875,0.0,1350.0,1000000.0,24796.0,719.7495727539062,2878.998291015625,7860.0,,0.0
1963-01-05,50.0,1000.0,300.1361083984375,332.6000061035156,50.0,0.0,,1000.0,50.0,500.0,108.80000305175781,108.80000305175781,50.0,500.0,3000.0,3000.0,0.0,,0.0,300.0,0.0,570.4027709960938,600.0,300.0,0.0,0.0,3000.0,1000000.0,,0.0,3000.0,1200.0,5000.0,0.0,2608.40283203125,0.0,0.0,25911.630859375,0.0,15519.810546875,1050.0,1000000.0,0.0,12140.0,5850.0,,100.0,1500.0,266.93609619140625,285.3999938964844,100.0,1500.0,6500.0,6500.0,0.0,,0.0,50.0,0.0,348.6604919433594,999999.0,0.0,30.0,4500.0,4500.0,0.0,2000.0,0.0,,30.0,700.0,247.5869903564453,254.33355712890625,50.0,0.0,1666.1279296875,,18691.900390625,999999.0,425.4000244140625,10000.0,0.0,1146.40283203125,1304.199951171875,50.0,13000.0,0.0,2300.0,1000000.0,4760.0,,14753.37109375,400.0,571.0360717773438,0.0,591.7999877929688,400.0,8000.0,,0.0,1000.0,1000000.0,,1200.0,4400.0,0.0,1595.0096435546875,1629.15576171875,1200.0,16000.0,0.0,19052.443359375,0.0,1350.0,1000000.0,24796.0,776.6665649414062,3106.666259765625,7860.0,,0.0
1963-01-06,50.0,1000.0,265.1361083984375,285.8999938964844,50.0,0.0,,1000.0,50.0,500.0,103.80000305175781,103.80000305175781,50.0,500.0,3000.0,3000.0,0.0,,0.0,300.0,0.0,540.4027709960938,558.0,300.0,0.0,0.0,3000.0,1000000.0,,0.0,3000.0,1200.0,5000.0,0.0,2708.40283203125,0.0,0.0,25982.072265625,0.0,15853.9853515625,1050.0,1000000.0,0.0,12140.0,5850.0,,100.0,1500.0,243.00277709960938,255.1999969482422,100.0,1500.0,6500.0,6500.0,0.0,,0.0,50.0,0.0,314.10699462890625,999999.0,0.0,30.0,4500.0,4500.0,0.0,2000.0,0.0,,30.0,700.0,234.8692169189453,239.18243408203125,50.0,0.0,1650.904541015625,,18719.5,999999.0,509.0,10000.0,0.0,1007.66943359375,1112.4000244140625,50.0,13000.0,0.0,2300.0,1000000.0,4760.0,,14748.7353515625,400.0,538.7694091796875,0.0,568.0999755859375,400.0,8000.0,,0.0,1000.0,1000000.0,,1200.0,4400.0,0.0,1585.03076171875,1615.6456298828125,1200.0,16000.0,0.0,19112.013671875,0.0,1350.0,1000000.0,24796.0,797.5048217773438,3190.019287109375,7860.0,,0.0
1963-01-07,50.0,1000.0,241.8027801513672,256.70001220703125,50.0,0.0,,1000.0,50.0,500.0,98.80000305175781,98.80000305175781,50.0,500.0,3000.0,3000.0,0.0,,0.0,300.0,0.0,518.4027709960938,528.0,300.0,0.0,0.0,3000.0,1000000.0,,0.0,3000.0,1200.0,5000.0,0.0,2808.40283203125,0.0,0.0,26042.79296875,0.0,16028.7734375,1050.0,1000000.0,0.0,12140.0,5850.0,,100.0,1500.0,233.66944885253906,235.0,100.0,1500.0,6500.0,6500.0,0.0,,0.0,50.0,0.0,287.7380065917969,999999.0,0.0,30.0,4500.0,4500.0,0.0,2000.0,0.0,,30.0,700.0,223.3050994873047,223.94036865234375,50.0,0.0,1635.6143798828125,,18755.400390625,999999.0,559.0999755859375,10000.0,0.0,918.8027954101562,997.4000244140625,50.0,13000.0,0.0,2300.0,1000000.0,4760.0,,14745.943359375,400.0,528.0,0.0,528.0,400.0,8000.0,,0.0,1000.0,1000000.0,,1200.0,4400.0,0.0,1553.9241943359375,1544.1942138671875,1200.0,16000.0,0.0,19272.3671875,0.0,1350.0,1000000.0,24796.0,792.515380859375,3170.0615234375,7860.0,,0.0
1963-01-08,50.0,1000.0,224.70277404785156,227.60000610351562,50.0,0.0,,1000.0,50.0,500.0,98.80000305175781,98.80000305175781,50.0,500.0,3000.0,3000.0,0.0,,0.0,300.0,0.0,502.40277099609375,510.0,300.0,0.0,0.0,3000.0,1000000.0,,0.0,3000.0,1200.0,5000.0,0.0,2875.0693359375,0.0,0.0,26087.46484375,0.0,15998.4560546875,1050.0,1000000.0,0.0,12140.0,5850.0,,100.0,1500.0,213.60000610351562,213.60000610351562,100.0,1500.0,6500.0,6500.0,0.0,,0.0,50.0,0.0,265.8253173828125,999999.0,0.0,30.0,4500.0,4500.0,0.0,2000.0,0.0,,30.0,700.0,210.97909545898438,216.2123260498047,50.0,0.0,1627.854248046875,,18774.0,999999.0,596.0999755859375,10000.0,0.0,847.16943359375,888.0,50.0,13000.0,0.0,2300.0,1000000.0,4760.0,,14743.27734375,400.0,495.0,0.0,495.0,400.0,8000.0,,0.0,1000.0,1000000.0,,1200.0,4400.0,0.0,1543.557373046875,1573.6917724609375,1200.0,16000.0,0.0,19334.61328125,0.0,1350.0,1000000.0,24796.0,776.9620971679688,3107.848388671875,7860.0,,0.0
1963-01-09,50.0,1000.0,204.8361053466797,215.89999389648438,50.0,0.0,,1000.0,50.0,500.0,99.0,99.0,50.0,500.0,3000.0,3000.0,0.0,,0.0,300.0,0.0,480.40277099609375,492.0,300.0,0.0,0.0,3000.0,1000000.0,,0.0,3000.0,1200.0,5000.0,0.0,2875.0693359375,8.61111068725586,0.0,26127.015625,0.0,16162.2529296875,1050.0,1000000.0,0.0,12140.0,5850.0,,100.0,1500.0,216.4694366455078,227.1999969482422,100.0,1500.0,6500.0,6500.0,0.0,,0.0,50.0,0.0,238.88356018066406,999999.0,0.0,30.0,4500.0,4500.0,0.0,2000.0,0.0,,30.0,700.0,202.3700714111328,215.69862365722656,50.0,0.0,1627.319091796875,,18788.900390625,999999.0,602.0999755859375,10000.0,0.0,768.236083984375,845.7999877929688,50.0,13000.0,0.0,2300.0,1000000.0,4760.0,,14742.24609375,400.0,496.102783203125,0.0,546.0,400.0,8000.0,,0.0,1000.0,1000000.0,,1200.0,4400.0,0.0,1490.0426025390625,1507.5015869140625,1200.0,16000.0,0.0,19518.3984375,0.0,1350.0,1000000.0,24796.0,771.7786865234375,3087.11474609375,7860.0,,0.0
1963-01-10,50.0,1000.0,190.8361053466797,205.39999389648438,50.0,0.0,,1000.0,50.0,500.0,89.0361099243164,93.0,50.0,500.0,3000.0,3000.0,0.0,,0.0,300.0,0.0,463.0694580078125,480.0,300.0,0.0,0.0,3000.0,1000000.0,,0.0,3000.0,1200.0,5000.0,0.0,2875.0693359375,8.61111068725586,0.0,26159.076171875,0.0,16150.9384765625,1050.0,1000000.0,0.0,12140.0,5850.0,,100.0,1500.0,187.56944274902344,201.0,100.0,1500.0,6500.0,6500.0,0.0,,0.0,50.0,0.0,205.92236328125,999999.0,0.0,30.0,4500.0,4500.0,0.0,2000.0,0.0,,30.0,700.0,175.08648681640625,175.78948974609375,50.0,0.0,1587.395751953125,,18780.599609375,999999.0,639.0999755859375,10000.0,0.0,692.16943359375,782.5,50.0,13000.0,0.0,2300.0,1000000.0,4760.0,,14740.603515625,400.0,453.36944580078125,0.0,492.1000061035156,400.0,8000.0,,0.0,1000.0,1000000.0,,1200.0,4400.0,0.0,1414.1744384765625,1539.1705322265625,1200.0,16000.0,0.0,19545.27734375,0.0,1350.0,1000000.0,24796.0,745.0213012695312,2980.085205078125,7860.0,,0.0
1963-01-11,50.0,1000.0,168.0,168.0,50.0,0.0,,1000.0,50.0,500.0,83.0,83.0,50.0,500.0,3000.0,3000.0,0.0,,0.0,300.0,0.0,444.0,444.0,300.0,0.0,0.0,3000.0,1000000.0,,0.0,3000.0,1200.0,5000.0,0.0,2875.0693359375,0.0,0.0,26173.1640625,0.0,16390.029296875,1050.0,1000000.0,0.0,12140.0,5850.0,,100.0,1500.0,175.50277709960938,196.0,100.0,1500.0,6500.0,6500.0,0.0,,0.0,50.0,0.0,187.28158569335938,999999.0,0.0,30.0,4500.0,4500.0,0.0,2000.0,0.0,,30.0,700.0,167.5355224609375,190.39476013183594,50.0,0.0,1601.991455078125,,18802.80078125,999999.0,682.0999755859375,10000.0,0.0,651.2000122070312,651.2000122070312,50.0,13000.0,0.0,2300.0,1000000.0,4760.0,,14737.15625,400.0,425.0,0.0,425.0,400.0,8000.0,,0.0,1000.0,1000000.0,,1200.0,4400.0,0.0,1369.4217529296875,1435.5762939453125,1200.0,16000.0,0.0,19682.625,0.0,1350.0,1000000.0,24796.0,707.0872192382812,2828.348876953125,7860.0,,0.0
1963-01-12,50.0,1000.0,173.89999389648438,173.89999389648438,50.0,0.0,,1000.0,50.0,500.0,65.9000015258789,65.9000015258789,50.0,500.0,3000.0,3000.0,0.0,,0.0,300.0,0.0,435.40277099609375,440.0,300.0,0.0,0.0,3000.0,1000000.0,,0.0,3000.0,1200.0,5000.0,0.0,2875.0693359375,0.0,0.0,26173.1640625,0.0,16336.8427734375,1050.0,1000000.0,0.0,12140.0,5850.0,,100.0,1500.0,140.5,140.5,100.0,1500.0,6500.0,6500.0,0.0,,0.0,50.0,0.0,188.18771362304688,999999.0,0.0,30.0,4500.0,4500.0,0.0,2000.0,0.0,,30.0,700.0,162.03302001953125,178.60357666015625,50.0,0.0,1590.1939697265625,,18901.900390625,999999.0,706.0,10000.0,0.0,586.7000122070312,607.2999877929688,50.0,13000.0,0.0,2300.0,1000000.0,4760.0,,14734.7138671875,400.0,417.79998779296875,0.0,417.79998779296875,400.0,8000.0,,0.0,1000.0,1000000.0,,1200.0,4400.0,0.0,1326.355712890625,1319.531494140625,1200.0,16000.0,0.0,19752.82421875,0.0,1350.0,1000000.0,24796.0,684.7108764648438,2738.843505859375,7860.0,,0.0
1963-01-13,50.0,1000.0,173.89999389648438,173.89999389648438,50.0,0.0,,1000.0,50.0,500.0,93.0999984741211,93.0999984741211,50.0,500.0,3000.0,3000.0,0.0,,0.0,300.0,0.0,426.0,426.0,300.0,0.0,0.0,3000.0,1000000.0,,0.0,3000.0,1200.0,5000.0,0.0,2875.0693359375,0.0,0.0,26173.1640625,0.0,16402.66015625,1050.0,1000000.0,0.0,12140.0,5850.0,,100.0,1500.0,164.8000030517578,164.8000030517578,100.0,1500.0,6500.0,6500.0,0.0,,0.0,50.0,0.0,161.16709899902344,999999.0,0.0,30.0,4500.0,4500.0,0.0,2000.0,0.0,,30.0,700.0,107.66840362548828,108.39146423339844,50.0,0.0,1519.9776611328125,,18814.80078125,999999.0,694.0,10000.0,0.0,557.7999877929688,637.3333129882812,50.0,13000.0,0.0,2300.0,1000000.0,4760.0,,14731.8759765625,400.0,473.4361267089844,0.0,488.0,400.0,8000.0,,0.0,1000.0,1000000.0,,1200.0,4400.0,0.0,1360.833984375,1315.7039794921875,1200.0,16000.0,0.0,19669.201171875,0.0,1350.0,1000000.0,24796.0,663.1778564453125,2652.71142578125,7860.0,,0.0
1963-01-14,50.0,1000.0,163.39999389648438,163.39999389648438,50.0,0.0,,1000.0,50.0,500.0,93.0999984741211,93.0999984741211,50.0,500.0,3000.0,3000.0,0.0,,0.0,300.0,0.0,415.0,415.0,300.0,0.0,0.0,3000.0,1000000.0,,0.0,3000.0,1200.0,5000.0,0.0,2841.736083984375,0.0,0.0,26173.1640625,0.0,16391.001953125,1050.0,1000000.0,0.0,12140.0,5850.0,,100.0,1500.0,186.6361083984375,195.0,100.0,1500.0,6500.0,6500.0,0.0,,0.0,50.0,0.0,188.40277099609375,999999.0,0.0,30.0,4500.0,4500.0,0.0,2000.0,0.0,,30.0,700.0,173.1641845703125,173.8900604248047,50.0,0.0,1585.473388671875,,18816.30078125,999999.0,706.0,10000.0,0.0,519.7999877929688,610.5999755859375,50.0,13000.0,0.0,2300.0,1000000.0,4760.0,,14730.47265625,400.0,452.1000061035156,0.0,452.1000061035156,400.0,8000.0,,0.0,1000.0,1000000.0,,1200.0,4400.0,0.0,1266.669189453125,1249.0389404296875,1200.0,16000.0,0.0,19691.513671875,0.0,1350.0,1000000.0,24796.0,680.4169921875,2721.66796875,7860.0,,0.0
1963-01-15,50.0,1000.0,163.39999389648438,163.39999389648438,50.0,0.0,,1000.0,50.0,500.0,93.0999984741211,93.0999984741211,50.0,500.0,3000.0,3000.0,0.0,,0.0,300.0,0.0,410.0694580078125,415.0,300.0,0.0,0.0,3000.0,1000000.0,,0.0,3000.0,1200.0,5000.0,0.0,2808.40283203125,0.0,0.0,26173.1640625,0.0,16418.8984375,1050.0,1000000.0,0.0,12140.0,5850.0,,100.0,1500.0,178.73611450195312,179.89999389648438,100.0,1500.0,6500.0,6500.0,0.0,,0.0,50.0,0.0,180.59722900390625,999999.0,0.0,30.0,4500.0,4500.0,0.0,2000.0,0.0,,30.0,700.0,173.161376953125,173.88912963867188,50.0,0.0,1585.4705810546875,,18836.099609375,999999.0,729.9000244140625,10000.0,0.0,431.3999328613281,555.5333251953125,50.0,13000.0,0.0,2300.0,1000000.0,4760.0,,14726.96484375,400.0,451.66943359375,0.0,455.0,400.0,8000.0,,0.0,1000.0,1000000.0,,1200.0,4400.0,0.0,1354.47607421875,1429.79052734375,1200.0,16000.0,0.0,19627.22265625,0.0,1350.0,1000000.0,24796.0,633.3345947265625,2533.33837890625,7860.0,,0.0
1963-01-16,50.0,1000.0,158.53610229492188,158.6999969482422,50.0,0.0,,1000.0,50.0,500.0,83.0,83.0,50.0,500.0,3000.0,3000.0,0.0,,0.0,300.0,0.0,398.40277099609375,400.0,300.0,0.0,0.0,3000.0,1000000.0,,0.0,3000.0,1200.0,5000.0,0.0,2775.0693359375,0.0,0.0,26165.923828125,0.0,16447.287109375,1050.0,1000000.0,0.0,12140.0,5850.0,,100.0,1500.0,159.8000030517578,159.8000030517578,100.0,1500.0,6500.0,6500.0,0.0,,0.0,50.0,0.0,171.0,999999.0,0.0,30.0,4500.0,4500.0,0.0,2000.0,0.0,,30.0,700.0,172.1595001220703,172.8885040283203,50.0,0.0,1584.46875,,18839.099609375,999999.0,741.7999877929688,10000.0,0.0,286.49993896484375,485.4999694824219,50.0,13000.0,0.0,2300.0,1000000.0,4760.0,,14720.5634765625,400.0,427.3999938964844,0.0,427.3999938964844,400.0,8000.0,,0.0,1000.0,1000000.0,,1200.0,4400.0,0.0,1305.882568359375,1317.8336181640625,1200.0,16000.0,0.0,19684.3203125,0.0,1350.0,1000000.0,24796.0,677.238037109375,2708.9521484375,7860.0,,0.0
1963-01-17,50.0,1000.0,148.1999969482422,148.1999969482422,50.0,0.0,,1000.0,50.0,500.0,83.0,83.0,50.0,500.0,3000.0,3000.0,0.0,,0.0,300.0,0.0,388.40277099609375,390.0,300.0,0.0,0.0,3000.0,1000000.0,,0.0,3000.0,1200.0,5000.0,0.0,2741.736083984375,0.0,0.0,26152.974609375,0.0,16481.501953125,1050.0,1000000.0,0.0,12140.0,5850.0,,100.0,1500.0,170.76943969726562,171.3000030517578,100.0,1500.0,6500.0,6500.0,0.0,,0.0,50.0,0.0,165.0,999999.0,0.0,30.0,4500.0,4500.0,0.0,2000.0,0.0,,30.0,700.0,176.1582489013672,176.88809204101562,50.0,0.0,1588.467529296875,,18848.400390625,999999.0,765.7000122070312,10000.0,0.0,100.89996337890625,404.4333190917969,50.0,13000.0,0.0,2300.0,1000000.0,4760.0,,14712.1640625,400.0,443.4694519042969,0.0,447.3999938964844,400.0,8000.0,,0.0,1000.0,1000000.0,,1200.0,4400.0,0.0,1280.13134765625,1336.420654296875,1200.0,16000.0,0.0,19729.26171875,0.0,1350.0,1000000.0,24796.0,652.9412841796875,2611.76513671875,7860.0,,0.0
1963-01-18,50.0,1000.0,143.5,143.5,50.0,0.0,,1000.0,50.0,500.0,83.0,83.0,50.0,500.0,3000.0,3000.0,0.0,,0.0,300.0,0.0,380.0,380.0,300.0,0.0,0.0,3000.0,1000000.0,,0.0,3000.0,1200.0,5000.0,0.0,2675.0693359375,0.0,0.0,26139.3515625,0.0,16511.65234375,1050.0,1000000.0,0.0,12140.0,5850.0,,100.0,1500.0,160.4361114501953,165.5,100.0,1500.0,6500.0,6500.0,0.0,,0.0,50.0,0.0,160.0,999999.0,0.0,30.0,4500.0,4500.0,0.0,2000.0,0.0,,30.0,700.0,159.7189178466797,176.8878173828125,50.0,0.0,1588.4666748046875,,18838.80078125,999999.0,777.5999755859375,10000.0,0.0,0.0,327.8999938964844,50.0,13000.0,0.0,2300.0,1000000.0,4760.0,,14699.734375,400.0,432.4694519042969,0.0,439.5,400.0,8000.0,,0.0,1000.0,1000000.0,,1200.0,4400.0,0.0,1252.859375,1241.272216796875,1200.0,16000.0,0.0,19707.201171875,0.0,1350.0,1000000.0,24796.0,640.065673828125,2560.2626953125,7860.0,,0.0
1963-01-19,50.0,1000.0,134.1999969482422,134.1999969482422,50.0,0.0,,1000.0,50.0,500.0,78.0,78.0,50.0,500.0,3000.0,3000.0,0.0,,0.0,300.0,0.0,370.0,370.0,300.0,0.0,0.0,3000.0,1000000.0,,0.0,3000.0,1200.0,5000.0,0.0,2608.40283203125,0.0,0.0,26125.4765625,0.0,16527.41796875,1050.0,1000000.0,0.0,12140.0,5850.0,,100.0,1500.0,150.3000030517578,150.3000030517578,100.0,1500.0,6500.0,6500.0,0.0,,0.0,50.0,0.0,151.0,999999.0,0.0,30.0,4500.0,4500.0,0.0,2000.0,0.0,,30.0,700.0,145.04806518554688,156.6846160888672,50.0,0.0,1568.2630615234375,,18855.099609375,999999.0,789.5999755859375,10000.0,0.0,0.0,209.66664123535156,50.0,13000.0,0.0,2300.0,1000000.0,4760.0,,14687.9814453125,400.0,418.29998779296875,0.0,418.29998779296875,400.0,8000.0,,0.0,1000.0,1000000.0,,1200.0,4400.0,0.0,1234.45068359375,1246.484130859375,1200.0,16000.0,0.0,19833.03125,0.0,1350.0,1000000.0,24796.0,626.4296875,2505.71875,7860.0,,0.0
1963-01-20,50.0,1000.0,129.5,129.5,50.0,0.0,,1000.0,50.0,500.0,78.0,78.0,50.0,500.0,3000.0,3000.0,0.0,,0.0,300.0,0.0,363.40277099609375,365.0,300.0,0.0,0.0,3000.0,1000000.0,,0.0,3000.0,1200.0,5000.0,0.0,2541.736083984375,0.0,0.0,26105.869140625,0.0,16561.26953125,1050.0,1000000.0,0.0,12140.0,5850.0,,100.0,1500.0,140.3000030517578,140.3000030517578,100.0,1500.0,6500.0,6500.0,0.0,,0.0,50.0,0.0,149.0,999999.0,0.0,30.0,4500.0,4500.0,0.0,2000.0,0.0,,30.0,700.0,119.64448547363281,120.37549591064453,50.0,0.0,1531.9537353515625,,18857.0,999999.0,801.5,10000.0,0.0,0.0,101.16663360595703,50.0,13000.0,0.0,2300.0,1000000.0,4760.0,,14676.5849609375,400.0,414.3999938964844,0.0,414.3999938964844,400.0,8000.0,,0.0,1000.0,1000000.0,,1200.0,4400.0,0.0,1207.9444580078125,1214.230224609375,1200.0,16000.0,0.0,19824.55859375,0.0,1350.0,1000000.0,24796.0,617.225341796875,2468.9013671875,7860.0,,0.0
1963-01-21,50.0,1000.0,123.69999694824219,123.69999694824219,50.0,0.0,,1000.0,50.0,500.0,73.0,73.0,50.0,500.0,3000.0,3000.0,0.0,,0.0,300.0,0.0,355.0,355.0,300.0,0.0,0.0,3000.0,1000000.0,,0.0,3000.0,1200.0,5000.0,0.0,2475.0693359375,0.0,0.0,26080.169921875,0.0,16555.947265625,1050.0,1000000.0,0.0,12140.0,5850.0,,100.0,1500.0,140.3000030517578,140.3000030517578,100.0,1500.0,6500.0,6500.0,0.0,,0.0,50.0,0.0,146.0,999999.0,0.0,30.0,4500.0,4500.0,0.0,2000.0,0.0,,30.0,700.0,132.1442413330078,132.8754119873047,50.0,0.0,1544.4534912109375,,18861.099609375,999999.0,813.4000244140625,10000.0,0.0,0.0,0.0,50.0,13000.0,0.0,2300.0,1000000.0,4760.0,,14661.3701171875,400.0,417.20001220703125,0.0,417.20001220703125,400.0,8000.0,,0.0,1000.0,1000000.0,,1200.0,4400.0,0.0,1201.7056884765625,1210.33837890625,1200.0,16000.0,0.0,19795.509765625,0.0,1350.0,1000000.0,24796.0,603.9722290039062,2415.888916015625,7860.0,,0.0
1963-01-22,50.0,1000.0,123.69999694824219,123.69999694824219,50.0,0.0,,1000.0,50.0,500.0,73.0,73.0,50.0,500.0,3000.0,3000.0,0.0,,0.0,300.0,0.0,345.0,345.0,300.0,0.0,0.0,3000.0,1000000.0,,0.0,3000.0,1200.0,5000.0,0.0,2408.40283203125,0.0,0.0,26053.93359375,0.0,16590.783203125,1050.0,1000000.0,0.0,12140.0,5850.0,,100.0,1500.0,135.1999969482422,135.1999969482422,100.0,1500.0,6500.0,6500.0,0.0,,0.0,50.0,0.0,141.0,999999.0,0.0,30.0,4500.0,4500.0,0.0,2000.0,0.0,,30.0,700.0,133.24607849121094,133.97735595703125,50.0,0.0,1545.5552978515625,,18863.900390625,999999.0,825.4000244140625,10000.0,0.0,0.0,0.0,50.0,13000.0,0.0,2300.0,1000000.0,4760.0,,14644.90234375,400.0,409.9694519042969,0.0,410.6000061035156,400.0,8000.0,,0.0,1000.0,1000000.0,,1200.0,4400.0,0.0,1176.4886474609375,1166.279541015625,1200.0,16000.0,0.0,19819.767578125,0.0,1350.0,1000000.0,24796.0,600.8528442382812,2403.411376953125,7860.0,,0.0
1963-01-23,50.0,1000.0,119.0,119.0,50.0,0.0,,1000.0,50.0,500.0,73.0,73.0,50.0,500.0,3000.0,3000.0,0.0,,0.0,300.0,0.0,345.0,345.0,300.0,0.0,0.0,3000.0,1000000.0,,0.0,3000.0,1200.0,5000.0,0.0,2308.40283203125,0.0,0.0,26026.494140625,0.0,16607.43359375,1050.0,1000000.0,0.0,12140.0,5850.0,,100.0,1500.0,135.1999969482422,135.1999969482422,100.0,1500.0,6500.0,6500.0,0.0,,0.0,50.0,0.0,138.0,999999.0,0.0,30.0,4500.0,4500.0,0.0,2000.0,0.0,,30.0,700.0,138.34896850585938,139.080322265625,50.0,0.0,1550.658203125,,18866.400390625,999999.0,837.2999877929688,10000.0,0.0,0.0,0.0,50.0,13000.0,0.0,2300.0,1000000.0,4760.0,,14626.8779296875,400.0,405.3999938964844,0.0,405.3999938964844,400.0,8000.0,,0.0,1000.0,1000000.0,,1200.0,4400.0,0.0,1165.0576171875,1185.55322265625,1200.0,16000.0,0.0,19835.546875,0.0,1350.0,1000000.0,24796.0,600.0,2400.0,7860.0,,0.0
1963-01-24,50.0,1000.0,119.0,119.0,50.0,0.0,,1000.0,50.0,500.0,62.900001525878906,62.900001525878906,50.0,500.0,3000.0,3000.0,0.0,,0.0,300.0,0.0,345.0,345.0,300.0,0.0,0.0,3000.0,1000000.0,,0.0,3000.0,1200.0,5000.0,0.0,2208.40283203125,0.0,0.0,26000.64453125,0.0,16621.751953125,1050.0,1000000.0,0.0,12140.0,5850.0,,100.0,1500.0,130.1999969482422,130.1999969482422,100.0,1500.0,6500.0,6500.0,0.0,,0.0,50.0,0.0,133.0,999999.0,0.0,30.0,4500.0,4500.0,0.0,2000.0,0.0,,30.0,700.0,131.2509002685547,131.9822998046875,50.0,0.0,1543.5601806640625,,18871.19921875,999999.0,839.7000122070312,10000.0,0.0,0.0,0.0,50.0,13000.0,0.0,2300.0,1000000.0,4760.0,,14607.0849609375,400.0,388.70001220703125,0.0,388.70001220703125,400.0,8000.0,,0.0,1000.0,1000000.0,,1200.0,4400.0,0.0,954.2576293945312,1068.788818359375,1200.0,16000.0,0.0,19810.41796875,0.0,1350.0,1000000.0,24796.0,675.0,2700.0,7860.0,,0.0
1963-01-25,50.0,1000.0,114.4000015258789,114.4000015258789,50.0,0.0,,1000.0,50.0,500.0,76.00277709960938,78.0,50.0,500.0,3000.0,3000.0,0.0,,0.0,300.0,0.0,345.0,345.0,300.0,0.0,0.0,3000.0,1000000.0,,0.0,3000.0,1200.0,5000.0,0.0,2108.40283203125,0.0,0.0,25965.814453125,0.0,16587.71484375,1050.0,1000000.0,0.0,12140.0,5850.0,,100.0,1500.0,125.0999984741211,125.0999984741211,100.0,1500.0,6500.0,6500.0,0.0,,0.0,50.0,0.0,128.0,999999.0,0.0,30.0,4500.0,4500.0,0.0,2000.0,0.0,,30.0,700.0,143.75973510742188,157.1882781982422,50.0,0.0,1568.76611328125,,18868.69921875,999999.0,839.7000122070312,10000.0,0.0,0.0,0.0,50.0,13000.0,0.0,2300.0,1000000.0,4760.0,,14586.0888671875,400.0,397.4000244140625,0.0,404.933349609375,400.0,8000.0,,0.0,1000.0,1000000.0,,1200.0,4400.0,0.0,769.9644165039062,1033.792724609375,1200.0,16000.0,0.0,19876.16015625,0.0,1350.0,1000000.0,24796.0,675.0,2700.0,7860.0,,0.0
1963-01-26,50.0,1000.0,114.4000015258789,114.4000015258789,50.0,0.0,,1000.0,50.0,500.0,62.900001525878906,62.900001525878906,50.0,500.0,3000.0,3000.0,0.0,,0.0,300.0,0.0,340.0,340.0,300.0,0.0,0.0,3000.0,1000000.0,,0.0,3000.0,1200.0,5000.0,0.0,2041.736083984375,0.0,0.0,25925.306640625,0.0,16664.33203125,1050.0,1000000.0,0.0,12140.0,5850.0,,100.0,1500.0,120.0999984741211,120.0999984741211,100.0,1500.0,6500.0,6500.0,0.0,,0.0,50.0,0.0,123.0,999999.0,0.0,30.0,4500.0,4500.0,0.0,2000.0,0.0,,30.0,700.0,131.25982666015625,131.9912872314453,50.0,0.0,1543.569091796875,,18868.900390625,999999.0,848.0999755859375,10000.0,0.0,0.0,0.0,50.0,13000.0,0.0,2300.0,1000000.0,4760.0,,14562.8544921875,400.0,389.76666259765625,0.0,394.78887939453125,400.0,8000.0,,0.0,1000.0,1000000.0,,1200.0,4400.0,0.0,581.41015625,968.1005249023438,1200.0,16000.0,0.0,19851.609375,0.0,1350.0,1000000.0,24796.0,675.0,2700.0,7860.0,,0.0
1963-01-27,50.0,1000.0,114.4000015258789,114.4000015258789,50.0,0.0,,1000.0,50.0,500.0,61.900001525878906,61.900001525878906,50.0,500.0,3000.0,3000.0,0.0,,0.0,300.0,0.0,335.0,335.0,300.0,0.0,0.0,3000.0,1000000.0,,0.0,3000.0,1200.0,5000.0,0.0,1941.736083984375,0.0,0.0,25885.8125,0.0,16649.1171875,1050.0,1000000.0,0.0,12140.0,5850.0,,100.0,1500.0,115.0,115.0,100.0,1500.0,6500.0,6500.0,0.0,,0.0,50.0,0.0,123.0,999999.0,0.0,30.0,4500.0,4500.0,0.0,2000.0,0.0,,30.0,700.0,116.15979766845703,116.89126586914062,50.0,0.0,1528.468994140625,,18877.099609375,999999.0,855.2000122070312,10000.0,0.0,0.0,0.0,50.0,13000.0,0.0,2300.0,1000000.0,4760.0,,14540.890625,400.0,409.1666564941406,0.0,415.9888916015625,400.0,8000.0,,0.0,1000.0,1000000.0,,1200.0,4400.0,0.0,366.017578125,878.4108276367188,1200.0,16000.0,0.0,19874.091796875,0.0,1350.0,1000000.0,24796.0,675.0,2700.0,7860.0,,0.0
1963-01-28,50.0,1000.0,109.69999694824219,109.69999694824219,50.0,0.0,,1000.0,50.0,500.0,68.0,68.0,50.0,500.0,3000.0,3000.0,0.0,,0.0,300.0,0.0,335.0,335.0,300.0,0.0,0.0,3000.0,1000000.0,,0.0,3000.0,1200.0,5000.0,0.0,1841.736083984375,0.0,0.0,25853.2578125,0.0,16661.728515625,1050.0,1000000.0,0.0,12140.0,5850.0,,100.0,1500.0,120.0999984741211,120.0999984741211,100.0,1500.0,6500.0,6500.0,0.0,,0.0,50.0,0.0,123.0,999999.0,0.0,30.0,4500.0,4500.0,0.0,2000.0,0.0,,30.0,700.0,141.36276245117188,142.09425354003906,50.0,0.0,1553.6719970703125,,18881.599609375,999999.0,855.2000122070312,10000.0,0.0,0.0,0.0,50.0,13000.0,0.0,2300.0,1000000.0,4760.0,,14518.193359375,400.0,409.8777770996094,0.0,414.4259338378906,400.0,8000.0,,0.0,1000.0,1000000.0,,1200.0,4400.0,0.0,166.00169372558594,821.989990234375,1200.0,16000.0,0.0,19861.87890625,0.0,1350.0,1000000.0,24796.0,675.0,2700.0,7860.0,,0.0
1963-01-29,50.0,1000.0,28.055429458618164,119.0,50.0,0.0,,1000.0,50.0,500.0,78.0999984741211,78.0999984741211,50.0,500.0,3000.0,3000.0,0.0,,0.0,300.0,0.0,117.34968566894531,345.0,300.0,0.0,0.0,3000.0,1000000.0,,0.0,3000.0,1200.0,5000.0,0.0,1088.779052734375,0.0,0.0,25819.7890625,0.0,16648.12890625,1050.0,1000000.0,0.0,12140.0,5850.0,,100.0,1500.0,140.3000030517578,140.3000030517578,100.0,1500.0,6500.0,6500.0,0.0,,0.0,50.0,0.0,56.732810974121094,999999.0,0.0,30.0,4500.0,4500.0,0.0,2000.0,0.0,,30.0,700.0,130.57077026367188,131.30226135253906,50.0,0.0,1542.8800048828125,,18851.19921875,999999.0,855.2000122070312,10000.0,0.0,0.0,0.0,50.0,13000.0,0.0,2300.0,1000000.0,4760.0,,14495.4892578125,400.0,144.07339477539062,0.0,442.48394775390625,400.0,8000.0,,0.0,1000.0,1000000.0,,1200.0,4400.0,0.0,0.0,743.8148803710938,1200.0,16000.0,0.0,19881.171875,0.0,1350.0,1000000.0,24796.0,675.0,2700.0,7860.0,,0.0
1963-01-30,50.0,1000.0,114.4000015258789,114.4000015258789,50.0,0.0,,1000.0,50.0,500.0,78.0999984741211,78.0999984741211,50.0,500.0,3000.0,3000.0,0.0,,0.0,300.0,0.0,345.0,345.0,300.0,0.0,0.0,3000.0,1000000.0,,0.0,3000.0,1200.0,5000.0,0.0,1608.56103515625,0.0,0.0,25778.458984375,0.0,16627.1640625,1050.0,1000000.0,0.0,12140.0,5850.0,,100.0,1500.0,145.3000030517578,145.3000030517578,100.0,1500.0,6500.0,6500.0,0.0,,0.0,50.0,0.0,205.26718139648438,999999.0,0.0,30.0,4500.0,4500.0,0.0,2000.0,0.0,,30.0,700.0,264.0037536621094,264.7352294921875,50.0,0.0,1676.31298828125,,18879.0,999999.0,855.2000122070312,10000.0,0.0,0.0,0.0,50.0,13000.0,0.0,2300.0,1000000.0,4760.0,,14472.33203125,400.0,440.9678955078125,0.0,442.9892883300781,400.0,8000.0,,0.0,1000.0,1000000.0,,1200.0,4400.0,0.0,28.073869705200195,958.4187622070312,1200.0,16000.0,0.0,19766.818359375,0.0,1350.0,1000000.0,24796.0,675.0,2700.0,7860.0,,0.0
1963-01-31,50.0,1000.0,459.79998779296875,459.79998779296875,50.0,0.0,,1000.0,50.0,500.0,259.6000061035156,259.6000061035156,50.0,500.0,3000.0,3000.0,0.0,,0.0,300.0,0.0,625.0,625.0,300.0,0.0,0.0,3000.0,1000000.0,,0.0,3000.0,1200.0,5000.0,0.0,3228.1953125,0.0,0.0,25774.19140625,0.0,15574.7998046875,1050.0,1000000.0,0.0,12140.0,5850.0,,100.0,1500.0,850.7000122070312,850.7000122070312,100.0,1500.0,6500.0,6500.0,0.0,,0.0,50.0,0.0,732.0,999999.0,0.0,30.0,4500.0,4500.0,0.0,2000.0,0.0,,30.0,700.0,1085.855712890625,1086.5872802734375,50.0,0.0,2498.139404296875,,19003.400390625,999999.0,350.20001220703125,10000.0,0.0,0.0,0.0,50.0,13000.0,0.0,2300.0,1000000.0,4760.0,,14332.60546875,400.0,1140.878662109375,0.0,1142.2261962890625,400.0,8000.0,,0.0,1000.0,1000000.0,,1200.0,4400.0,0.0,579.5027465820312,1460.786865234375,1200.0,16000.0,0.0,18789.169921875,0.0,1350.0,1000000.0,24796.0,675.0,2700.0,7860.0,,0.0
1963-02-01,50.0,1000.0,2143.258056640625,2777.5,50.0,0.0,,1000.0,75.0,500.0,1240.399658203125,1801.300048828125,50.0,500.0,1519.8385009765625,2011.8922119140625,0.0,,0.0,300.0,0.0,2241.8408203125,3230.0,300.0,0.0,0.0,3000.0,1000000.0,,6557.5,3000.0,1000.0,5000.0,0.0,4841.12890625,2908.611083984375,0.0,16816.982421875,0.0,11307.4951171875,1050.0,1000000.0,0.0,12140.0,7367.91650390625,,190.0,1500.0,4533.3916015625,6093.2001953125,100.0,1500.0,3292.9833984375,4359.099609375,0.0,,0.0,50.0,0.0,2191.287353515625,999999.0,0.0,30.0,4500.0,4500.0,0.0,2000.0,0.0,,50.0,961.834716796875,3080.33837890625,3477.51416015625,50.0,0.0,4150.60205078125,,17298.400390625,999999.0,0.0,10000.0,0.0,0.0,4411.033203125,50.0,11744.9892578125,0.0,2300.0,1000000.0,7332.47509765625,,12936.111328125,400.0,5281.8076171875,0.0,8748.759765625,400.0,5365.0458984375,,0.0,1027.9942626953125,1000000.0,,1200.0,4400.0,0.0,4280.98388671875,7441.52392578125,1200.0,10730.091796875,0.0,14581.6171875,0.0,1350.0,1000000.0,24796.0,675.0,2700.0,10239.3564453125,,0.0
1963-02-02,50.0,1226.2567138671875,3218.32958984375,3391.48193359375,50.0,0.0,,1226.2567138671875,75.0,1905.7291259765625,1388.723388671875,1642.347900390625,50.0,1905.7291259765625,2243.705322265625,2495.1220703125,0.0,,0.0,300.0,0.0,1701.1458740234375,3143.5,300.0,0.0,0.0,3000.0,1000000.0,,7007.5,3000.0,1000.0,5000.0,0.0,7991.86376953125,6095.1572265625,0.0,9460.5244140625,0.0,8184.70068359375,1050.0,1000000.0,0.0,12140.0,10667.9169921875,,190.0,3643.835693359375,4942.59912109375,5735.86669921875,100.0,3643.835693359375,4861.361328125,5406.09814453125,0.0,,0.0,50.0,0.0,1892.5360107421875,999999.0,0.0,30.0,4500.0,4500.0,0.0,2591.7734375,0.0,,50.0,2095.0654296875,4177.6142578125,4375.94970703125,50.0,0.0,3784.095458984375,,16144.7998046875,999999.0,0.0,10000.0,0.0,6005.58203125,8995.7138671875,50.0,11772.986328125,0.0,2483.294921875,1000000.0,10612.275390625,,9084.013671875,400.0,6383.09423828125,0.0,8229.6337890625,400.0,6653.6591796875,,0.0,2536.95654296875,1000000.0,,1200.0,4400.0,0.0,6496.0654296875,9143.9189453125,1200.0,13307.318359375,0.0,13647.9794921875,0.0,1350.0,1000000.0,24796.0,2140.491943359375,8561.9677734375,11684.9189453125,,0.0
1963-02-03,50.0,1397.8802490234375,3181.197509765625,5784.6455078125,50.0,0.0,,1397.8802490234375,75.0,1782.8026123046875,1199.7591552734375,1484.320068359375,50.0,1782.8026123046875,1689.905029296875,2125.423095703125,0.0,,0.0,300.0,0.0,1881.0626220703125,4063.611083984375,300.0,0.0,0.0,3000.0,1000000.0,,8617.5,3000.0,1000.0,5000.0,0.0,10234.88671875,15808.1015625,0.0,9211.09375,0.0,7325.49462890625,1050.0,1000000.0,0.0,12140.0,20067.916015625,,190.0,3860.843994140625,4481.365234375,5803.61767578125,100.0,3860.843994140625,3661.4609375,4605.08349609375,0.0,,0.0,50.0,0.0,1476.359619140625,999999.0,0.0,30.0,4500.0,4500.0,0.0,3812.1845703125,0.0,,50.0,2480.722900390625,4328.80029296875,5800.921875,50.0,0.0,3357.507080078125,,17245.30078125,999999.0,0.0,10000.0,0.0,5665.73095703125,12747.6474609375,50.0,11262.70703125,0.0,3130.574951171875,1000000.0,13949.5751953125,,8347.4501953125,400.0,6473.88134765625,0.0,10320.4560546875,400.0,5667.794921875,,0.0,3226.333740234375,1000000.0,,1200.0,4400.0,0.0,7256.81005859375,10806.03125,1200.0,11335.58984375,0.0,15583.17578125,0.0,1350.0,1000000.0,24796.0,3248.03271484375,12992.130859375,13347.041015625,,0.0
1963-02-04,50.0,1997.079345703125,2910.43603515625,4659.380859375,50.0,0.0,,1997.079345703125,75.0,1770.5635986328125,984.8825073242188,1328.1256103515625,50.0,1770.5635986328125,2350.352783203125,2566.316650390625,0.0,,0.0,300.0,0.0,1228.0023193359375,3183.75,300.0,0.0,0.0,3016.143310546875,1000000.0,,9197.5,3016.143310546875,1000.0,6045.6513671875,0.0,9701.28515625,12737.57421875,0.0,15627.435546875,0.0,10771.3408203125,1050.0,1000000.0,0.0,12140.0,13567.9169921875,,190.0,3991.16845703125,3721.450439453125,4677.4619140625,100.0,3991.16845703125,5092.4306640625,5560.3525390625,0.0,,0.0,50.0,0.0,1092.7767333984375,999999.0,0.0,30.0,4500.0,4500.0,0.0,3850.631591796875,0.0,,50.0,2896.683837890625,4026.414306640625,6079.6748046875,50.0,0.0,3210.531494140625,,16989.69921875,999999.0,0.0,10000.0,0.0,3361.014892578125,8582.3115234375,50.0,13000.0,0.0,3947.974609375,1000000.0,9039.474609375,,11493.4404296875,400.0,5850.71875,0.0,9637.865234375,400.0,6843.5107421875,,0.0,4024.97998046875,1000000.0,,1200.0,4989.388671875,0.0,6880.474609375,11466.1171875,1200.0,13687.021484375,0.0,16372.576171875,0.0,1350.0,1000000.0,24796.0,3628.405029296875,14513.6201171875,13692.8974609375,,0.0
1963-02-05,50.0,2160.284423828125,2326.72607421875,3599.858642578125,50.0,0.0,,2160.284423828125,75.0,1857.705810546875,790.949951171875,1192.6077880859375,50.0,1857.705810546875,2901.3134765625,2934.1201171875,0.0,,0.0,300.0,0.0,432.2254638671875,2093.5771484375,300.0,0.0,0.0,3092.843505859375,1000000.0,,8861.3564453125,3092.843505859375,1000.0,6811.37939453125,0.0,8446.66796875,10292.162109375,0.0,17582.857421875,0.0,12486.091796875,1050.0,1000000.0,0.0,12140.0,10167.9169921875,,190.0,3722.934326171875,2855.80029296875,3846.747802734375,100.0,3722.934326171875,6286.17919921875,6357.26025390625,0.0,,0.0,50.0,0.0,763.7733154296875,999999.0,0.0,30.0,4500.0,4500.0,0.0,3883.25927734375,0.0,,50.0,3145.3564453125,3393.990234375,5097.53564453125,50.0,0.0,3338.61181640625,,17614.19921875,999999.0,0.0,10000.0,0.0,2425.056640625,6535.76806640625,50.0,13000.0,0.0,4760.80224609375,1000000.0,6200.875,,15321.7705078125,400.0,4722.0498046875,0.0,8229.2998046875,400.0,7824.3203125,,0.0,4393.37158203125,1000000.0,,1200.0,6766.58056640625,0.0,5912.87451171875,11158.64453125,1200.0,15648.640625,0.0,17539.87109375,0.0,1350.0,1000000.0,24796.0,3440.2373046875,13760.94921875,12838.1953125,,0.0
1963-02-06,50.0,2080.858642578125,1631.47802734375,2681.796142578125,50.0,0.0,,2080.858642578125,75.0,2005.2802734375,609.5890502929688,935.3175048828125,50.0,2005.2802734375,3000.0,3000.0,0.0,,0.0,300.0,0.0,0.0,917.7544555664062,300.0,0.0,0.0,3036.112060546875,1000000.0,,7798.51318359375,3036.112060546875,1000.0,6979.779296875,0.0,6649.314453125,7624.56396484375,0.0,17588.580078125,0.0,13951.107421875,1050.0,1000000.0,0.0,12140.0,7967.91650390625,,190.0,3611.487060546875,2202.233642578125,2971.886962890625,100.0,3611.487060546875,6500.0,6500.0,0.0,,0.0,50.0,0.0,500.02838134765625,999999.0,0.0,30.0,4500.0,4500.0,0.0,3910.28466796875,0.0,,50.0,3154.671875,2556.40478515625,3922.27490234375,50.0,0.0,3804.228271484375,,17987.19921875,999999.0,0.0,10000.0,0.0,1634.673583984375,5235.91015625,50.0,13000.0,0.0,5213.90185546875,1000000.0,4760.0,,15378.171875,400.0,3317.669189453125,0.0,6330.4921875,400.0,8000.0,,0.0,4421.86767578125,1000000.0,,1200.0,8323.2421875,0.0,4702.99853515625,10206.685546875,1200.0,16000.0,0.0,18420.544921875,0.0,1350.0,1000000.0,24796.0,2956.437255859375,11825.7490234375,11294.4833984375,,0.0
1963-02-07,50.0,1990.02978515625,1070.23486328125,2007.89453125,50.0,0.0,,1990.02978515625,75.0,2075.340576171875,473.7307434082031,766.294921875,50.0,2075.340576171875,3000.0,3000.0,0.0,,0.0,300.0,0.0,0.0,0.0,300.0,0.0,0.0,3000.0,1000000.0,,6382.4013671875,3000.0,1000.0,6859.451171875,0.0,4727.50732421875,5311.2646484375,0.0,17467.53125,0.0,15062.896484375,1050.0,1000000.0,0.0,12140.0,6767.91650390625,,190.0,3474.363525390625,1671.0526123046875,2314.38818359375,100.0,3474.363525390625,6500.0,6500.0,0.0,,0.0,50.0,0.0,268.78424072265625,999999.0,0.0,30.0,4500.0,4500.0,0.0,3935.004638671875,0.0,,50.0,3104.528564453125,1780.55517578125,3010.06396484375,50.0,0.0,4247.748046875,,18105.30078125,999999.0,0.0,10000.0,0.0,978.3912353515625,4368.10791015625,50.0,13000.0,0.0,5541.67138671875,1000000.0,4760.0,,15424.001953125,400.0,2152.07861328125,0.0,5013.46044921875,400.0,8000.0,,0.0,4393.43505859375,1000000.0,,1200.0,9727.572265625,0.0,3630.66162109375,8524.1044921875,1200.0,16000.0,0.0,19384.791015625,0.0,1350.0,1000000.0,24796.0,2351.499267578125,9405.9970703125,9149.9140625,,0.0
1963-02-08,50.0,1945.335205078125,667.8751831054688,1570.799560546875,50.0,0.0,,1945.335205078125,75.0,2131.078125,360.30560302734375,587.7973022460938,50.0,2131.078125,3000.0,3000.0,0.0,,0.0,300.0,0.0,0.0,0.0,300.0,0.0,0.0,3000.0,1000000.0,,4752.4013671875,3000.0,1000.0,6841.38671875,0.0,3275.235107421875,3662.095458984375,0.0,18461.37890625,0.0,16041.6669921875,1050.0,1000000.0,0.0,12140.0,5967.91650390625,,190.0,3369.03173828125,1237.634033203125,1902.8040771484375,100.0,3369.03173828125,6500.0,6500.0,0.0,,0.0,50.0,0.0,74.55521392822266,999999.0,0.0,30.0,4500.0,4500.0,0.0,3959.381591796875,0.0,,50.0,3083.658203125,1272.0389404296875,2374.466064453125,50.0,0.0,4567.60595703125,,18283.599609375,999999.0,0.0,10000.0,0.0,458.5823669433594,3714.021728515625,50.0,13000.0,0.0,5850.21240234375,1000000.0,4760.0,,15469.3564453125,400.0,1296.87646484375,0.0,4049.075927734375,400.0,8000.0,,0.0,4451.921875,1000000.0,,1200.0,10739.25,0.0,2559.425048828125,6937.64306640625,1200.0,16000.0,0.0,19983.408203125,0.0,1350.0,1000000.0,24796.0,1815.330810546875,7261.3232421875,7860.0,,0.0
1963-02-09,50.0,1946.6492919921875,378.63543701171875,1246.4022216796875,50.0,0.0,,1946.6492919921875,75.0,2150.908203125,276.56903076171875,502.3218688964844,50.0,2150.908203125,3000.0,3000.0,0.0,,0.0,300.0,0.0,0.0,0.0,300.0,0.0,0.0,3000.0,1000000.0,,2952.4013671875,3000.0,1000.0,6915.7333984375,0.0,2252.835205078125,2383.294921875,0.0,18874.720703125,0.0,16308.8583984375,1050.0,1000000.0,0.0,12140.0,5850.0,,190.0,3352.826416015625,908.015380859375,1503.22607421875,100.0,3352.826416015625,6500.0,6500.0,0.0,,0.0,50.0,0.0,0.0,999999.0,0.0,30.0,4500.0,4500.0,0.0,3983.097900390625,0.0,,50.0,3083.190185546875,869.3189697265625,1762.6300048828125,50.0,0.0,4770.65966796875,,18413.80078125,999999.0,0.0,10000.0,0.0,41.889278411865234,3219.922119140625,50.0,13000.0,0.0,6144.14892578125,1000000.0,4760.0,,15515.5556640625,400.0,622.9522705078125,0.0,3331.228271484375,400.0,8000.0,,0.0,4577.60009765625,1000000.0,,1200.0,11506.1044921875,0.0,1681.0831298828125,6066.76708984375,1200.0,16000.0,0.0,20376.361328125,0.0,1350.0,1000000.0,24796.0,1279.7125244140625,5118.85009765625,7860.0,,0.0
1963-02-10,50.0,1979.88525390625,172.143310546875,1019.8515625,50.0,0.0,,1979.88525390625,75.0,2200.232421875,216.07595825195312,409.35498046875,50.0,2200.232421875,3000.0,3000.0,0.0,,0.0,300.0,0.0,0.0,0.0,300.0,0.0,0.0,3000.0,1000000.0,,1050.0,3000.0,1000.0,7049.92431640625,0.0,1398.3651123046875,1404.1136474609375,0.0,17984.978515625,0.0,16618.16015625,1050.0,1000000.0,0.0,12140.0,5850.0,,190.0,3354.520263671875,656.3389282226562,1165.8875732421875,100.0,3354.520263671875,6500.0,6500.0,0.0,,0.0,50.0,0.0,0.0,999999.0,0.0,30.0,4500.0,4500.0,0.0,4002.06640625,0.0,,50.0,3083.62744140625,563.4586791992188,1564.484130859375,50.0,0.0,4753.71142578125,,18451.400390625,999999.0,5.5213623046875,10000.0,0.0,0.0,2845.727783203125,50.0,13000.0,0.0,6443.90380859375,1000000.0,4760.0,,15564.576171875,400.0,147.11524963378906,0.0,2853.06640625,400.0,8000.0,,0.0,4757.73486328125,1000000.0,,1200.0,12306.541015625,0.0,1046.5233154296875,4944.5087890625,1200.0,16000.0,0.0,20298.54296875,0.0,1350.0,1000000.0,24796.0,840.5415649414062,3362.166259765625,7860.0,,0.0
1963-02-11,50.0,2037.3973388671875,23.415725708007812,853.5177001953125,50.0,0.0,,2037.3973388671875,75.0,2244.118896484375,171.6284637451172,358.9991760253906,50.0,2244.118896484375,3000.0,3000.0,0.0,,0.0,300.0,0.0,0.0,0.0,300.0,0.0,0.0,3000.0,1000000.0,,936.0,3000.0,1000.0,7229.9794921875,0.0,889.1773071289062,790.991943359375,0.0,17596.349609375,0.0,16831.28515625,1050.0,1000000.0,0.0,12140.0,5850.0,,190.0,3361.790771484375,488.72491455078125,950.7051391601562,100.0,3361.790771484375,6500.0,6500.0,0.0,,0.0,50.0,0.0,0.0,999999.0,0.0,30.0,4500.0,4500.0,0.0,4017.46337890625,0.0,,50.0,3131.968994140625,372.9591369628906,1301.5028076171875,50.0,0.0,4856.56103515625,,18538.900390625,999999.0,155.73561096191406,10000.0,0.0,0.0,2416.32763671875,50.0,13000.0,0.0,6700.10107421875,1000000.0,4760.0,,15609.69140625,400.0,0.0,0.0,2386.108154296875,400.0,8000.0,,0.0,4939.6494140625,1000000.0,,1200.0,12898.1865234375,0.0,621.5276489257812,4198.44580078125,1200.0,16000.0,0.0,20154.646484375,0.0,1350.0,1000000.0,24796.0,600.0,2400.0,7860.0,,0.0
1963-02-12,50.0,2097.480224609375,0.0,726.2176513671875,50.0,0.0,,2097.480224609375,75.0,2305.1435546875,133.332763671875,323.7101745605469,50.0,2305.1435546875,3000.0,3000.0,0.0,,0.0,300.0,0.0,0.0,0.0,300.0,0.0,0.0,3000.0,1000000.0,,844.0,3000.0,1000.0,7432.4306640625,0.0,403.13336181640625,0.0,0.0,17695.0234375,0.0,16539.681640625,1050.0,1000000.0,0.0,12140.0,5850.0,,190.0,3388.334716796875,366.4136657714844,774.0940551757812,100.0,3388.334716796875,6500.0,6500.0,0.0,,0.0,50.0,0.0,0.0,999999.0,0.0,30.0,4500.0,4500.0,0.0,4029.786865234375,0.0,,50.0,3185.518798828125,237.61875915527344,1064.7254638671875,50.0,0.0,4941.76025390625,,18592.5,999999.0,252.46331787109375,10000.0,0.0,0.0,1979.1824951171875,50.0,13000.0,0.0,6898.03271484375,1000000.0,4760.0,,15644.177734375,400.0,0.0,0.0,1931.75537109375,400.0,8000.0,,0.0,5091.28857421875,1000000.0,,1200.0,13332.1240234375,0.0,205.10670471191406,3628.813720703125,1200.0,16000.0,0.0,19960.126953125,0.0,1350.0,1000000.0,24796.0,600.0,2400.0,7860.0,,0.0
1963-02-13,50.0,2157.552734375,0.0,599.2593383789062,50.0,0.0,,2157.552734375,75.0,2381.79638671875,105.99138641357422,297.5985107421875,50.0,2381.79638671875,3000.0,3000.0,0.0,,0.0,300.0,0.0,0.0,0.0,300.0,0.0,0.0,3000.0,1000000.0,,836.0,3000.0,1000.0,7560.6142578125,0.0,0.0,0.0,0.0,17779.720703125,0.0,16528.533203125,1050.0,1000000.0,0.0,12140.0,5850.0,,190.0,3425.003173828125,268.56219482421875,702.4478149414062,100.0,3425.003173828125,6500.0,6500.0,0.0,,0.0,50.0,0.0,0.0,999999.0,0.0,30.0,4500.0,4500.0,0.0,4040.902587890625,0.0,,50.0,3220.643310546875,127.88983154296875,1016.7642822265625,50.0,0.0,4829.3037109375,,18610.400390625,999999.0,288.235595703125,10000.0,0.0,0.0,953.1327514648438,50.0,13000.0,0.0,6773.31640625,1000000.0,4760.0,,15620.0107421875,400.0,0.0,0.0,1429.5831298828125,400.0,8000.0,,0.0,5216.00732421875,1000000.0,,1200.0,13719.9580078125,0.0,0.0,3312.5126953125,1200.0,16000.0,0.0,19855.193359375,0.0,1350.0,1000000.0,24796.0,600.0,2400.0,7860.0,,0.0
1963-02-14,50.0,2201.97900390625,0.0,461.7787780761719,50.0,0.0,,2201.97900390625,75.0,2469.59228515625,86.2530288696289,264.3978271484375,50.0,2469.59228515625,3000.0,3000.0,0.0,,0.0,300.0,0.0,0.0,0.0,300.0,0.0,0.0,3000.0,1000000.0,,780.0,3000.0,1000.0,7715.78369140625,0.0,0.0,0.0,0.0,17859.505859375,0.0,16606.546875,1050.0,1000000.0,0.0,12140.0,5850.0,,190.0,3513.399169921875,193.414306640625,608.52294921875,100.0,3513.399169921875,6500.0,6500.0,0.0,,0.0,50.0,0.0,0.0,999999.0,0.0,30.0,4500.0,4500.0,0.0,4051.2958984375,0.0,,50.0,3263.1474609375,31.598224639892578,955.4476928710938,50.0,0.0,4846.43701171875,,18631.80078125,999999.0,347.96331787109375,10000.0,0.0,0.0,424.1180419921875,50.0,13000.0,0.0,6909.7392578125,1000000.0,4760.0,,15643.7919921875,400.0,0.0,0.0,564.635986328125,400.0,8000.0,,0.0,5153.58984375,1000000.0,,1200.0,14110.2236328125,0.0,0.0,2855.903564453125,1200.0,16000.0,0.0,19731.693359375,0.0,1350.0,1000000.0,24796.0,675.0,2700.0,7860.0,,0.0
1963-02-15,50.0,2174.739501953125,0.0,182.86642456054688,50.0,0.0,,2174.739501953125,75.0,2525.452880859375,73.58951568603516,251.82192993164062,50.0,2490.84521484375,3000.0,3000.0,0.0,,0.0,300.0,0.0,0.0,0.0,300.0,0.0,0.0,3000.0,1000000.0,,719.0,3000.0,1000.0,7830.47412109375,0.0,0.0,0.0,0.0,17923.439453125,0.0,16648.837890625,1050.0,1000000.0,0.0,12140.0,,,190.0,3601.64404296875,152.38601684570312,541.44873046875,100.0,3601.64404296875,6500.0,6500.0,0.0,,0.0,50.0,0.0,0.0,999999.0,0.0,30.0,4500.0,4500.0,0.0,4060.125732421875,0.0,,50.0,3310.262939453125,0.7911511063575745,833.9613647460938,50.0,0.0,4896.5283203125,,18673.80078125,999999.0,395.9170837402344,10000.0,0.0,0.0,0.0,50.0,13000.0,0.0,7020.81640625,1000000.0,4760.0,,15663.6103515625,400.0,0.0,0.0,62.39985275268555,400.0,8000.0,,0.0,5245.0927734375,1000000.0,,1200.0,14492.2744140625,0.0,0.0,2239.84814453125,1200.0,16000.0,0.0,19777.962890625,0.0,1350.0,1000000.0,24796.0,675.0,2700.0,7860.0,,0.0
1963-02-16,50.0,2214.1220703125,0.0,47.69419860839844,50.0,0.0,,2214.1220703125,75.0,2569.100830078125,207.83189392089844,236.1083984375,50.0,2511.005126953125,3000.0,3000.0,0.0,,0.0,300.0,0.0,0.0,0.0,300.0,0.0,0.0,3000.0,1000000.0,,677.0,3000.0,1000.0,7931.67138671875,0.0,0.0,0.0,0.0,17979.224609375,0.0,16680.939453125,1050.0,1000000.0,0.0,12140.0,,,190.0,3677.41064453125,546.5157470703125,533.58251953125,100.0,3677.41064453125,6500.0,6500.0,0.0,,0.0,50.0,0.0,0.0,999999.0,0.0,30.0,4500.0,4500.0,0.0,4067.89013671875,0.0,,50.0,3349.54296875,172.0858154296875,759.6902465820312,50.0,0.0,4800.8583984375,,18680.30078125,999999.0,422.14166259765625,10000.0,0.0,0.0,0.0,50.0,13000.0,0.0,7110.9853515625,1000000.0,4760.0,,15679.5546875,400.0,0.0,0.0,0.0,400.0,8000.0,,0.0,5330.953125,1000000.0,,1200.0,14828.810546875,0.0,0.0,1231.220458984375,1200.0,16000.0,0.0,19728.607421875,0.0,1350.0,1000000.0,24796.0,675.0,2700.0,7860.0,,0.0
1963-02-17,50.0,2247.218017578125,0.0,0.0,50.0,0.0,,2247.218017578125,75.0,2559.002685546875,51.77630615234375,185.90237426757812,50.0,2506.692626953125,3000.0,3000.0,0.0,,0.0,300.0,0.0,0.0,0.0,300.0,0.0,0.0,3000.0,1000000.0,,677.0,3000.0,1000.0,8019.3759765625,0.0,0.0,0.0,0.0,18035.17578125,0.0,16273.2158203125,1050.0,1000000.0,0.0,12140.0,,,190.0,3618.573974609375,33.01852035522461,370.3022766113281,100.0,3618.573974609375,6500.0,6500.0,0.0,,0.0,50.0,0.0,0.0,999999.0,0.0,30.0,4500.0,4500.0,0.0,4075.197509765625,0.0,,50.0,3374.74658203125,331.2619934082031,759.1923828125,50.0,0.0,4627.169921875,,18722.0,999999.0,449.64166259765625,10000.0,0.0,0.0,0.0,50.0,13000.0,0.0,7188.71435546875,1000000.0,4760.0,,15604.814453125,400.0,0.0,0.0,0.0,400.0,8000.0,,0.0,5408.474609375,1000000.0,,1200.0,15001.509765625,0.0,0.0,397.0024108886719,1200.0,16000.0,0.0,19518.28515625,0.0,1350.0,1000000.0,24796.0,675.0,2700.0,,,0.0
1963-02-18,50.0,2283.7412109375,0.0,1041.4830322265625,50.0,0.0,,2283.7412109375,75.0,2559.001708984375,344.50433349609375,575.7937622070312,50.0,2288.875,2288.875,2525.276123046875,0.0,,0.0,300.0,0.0,0.0,0.0,300.0,0.0,0.0,3000.0,1000000.0,,2500.0,3000.0,1000.0,8120.57373046875,0.0,0.0,0.0,0.0,18175.3203125,0.0,14119.3193359375,1050.0,1000000.0,0.0,12140.0,,,190.0,3618.572998046875,1867.239990234375,2440.772216796875,100.0,3618.572998046875,4959.2294921875,5471.431640625,0.0,,0.0,50.0,0.0,244.27366638183594,999999.0,0.0,30.0,4500.0,4500.0,0.0,4082.261474609375,0.0,,50.0,3363.111328125,178.5921173095703,1069.4013671875,50.0,0.0,4571.5322265625,,18297.900390625,999999.0,0.0,10000.0,0.0,0.0,1722.638671875,50.0,13000.0,0.0,7254.87841796875,1000000.0,5635.0751953125,,14403.4716796875,400.0,0.0,0.0,26.449962615966797,400.0,6734.0693359375,,0.0,5491.59375,1000000.0,,1200.0,15015.0400390625,0.0,0.0,4017.919921875,1200.0,13468.138671875,0.0,17418.453125,0.0,1350.0,1000000.0,24796.0,675.0,2700.0,,,0.0
1963-02-19,50.0,2516.987548828125,234.85548400878906,1538.94970703125,50.0,0.0,,2516.987548828125,75.0,2659.002685546875,316.4648742675781,621.00244140625,50.0,2592.914306640625,2881.210205078125,2920.69970703125,0.0,,0.0,300.0,0.0,0.0,0.0,300.0,0.0,0.0,3000.0,1000000.0,,3070.0,3000.0,1000.0,8482.271484375,0.0,0.0,0.0,0.0,18430.12109375,0.0,12906.2041015625,1050.0,1000000.0,0.0,12140.0,,,190.0,3862.85400390625,1598.624755859375,2801.597412109375,100.0,3862.85400390625,6242.6220703125,6328.1826171875,0.0,,0.0,50.0,0.0,1234.004638671875,999999.0,0.0,30.0,4500.0,4500.0,0.0,4186.96484375,0.0,,50.0,3438.49951171875,310.4757385253906,1298.1474609375,50.0,0.0,4589.841796875,,16187.2998046875,999999.0,0.0,10000.0,0.0,0.0,3899.02197265625,50.0,13000.0,0.0,7957.50244140625,1000000.0,7063.97509765625,,11807.25390625,400.0,0.0,0.0,446.29150390625,400.0,7788.53271484375,,0.0,5812.21533203125,1000000.0,,1200.0,15154.43359375,0.0,772.9527587890625,6225.138671875,1200.0,15577.0654296875,0.0,16214.00390625,0.0,1350.0,1000000.0,24796.0,675.0,2700.0,,,0.0
1963-02-20,50.0,2682.601318359375,85.8378677368164,1069.1474609375,50.0,0.0,,2682.601318359375,75.0,2659.001708984375,175.189208984375,401.8114929199219,50.0,2577.5498046875,3000.0,3000.0,0.0,,0.0,300.0,0.0,0.0,0.0,300.0,0.0,0.0,3000.0,1000000.0,,2090.0,3000.0,1000.0,9003.8984375,0.0,0.0,0.0,0.0,18667.84375,0.0,13966.6484375,1050.0,1000000.0,0.0,12140.0,,,190.0,3862.85498046875,1018.3131103515625,1669.328857421875,100.0,3862.85498046875,6500.0,6500.0,0.0,,0.0,50.0,0.0,941.2609252929688,999999.0,0.0,30.0,4500.0,4500.0,0.0,4248.62939453125,0.0,,50.0,3438.251953125,0.0,981.9293212890625,50.0,0.0,4890.63525390625,,17657.69921875,999999.0,0.0,10000.0,0.0,0.0,3762.685546875,50.0,13000.0,0.0,8885.1455078125,1000000.0,,,14925.9150390625,400.0,0.0,0.0,0.0,400.0,8000.0,,0.0,6035.638671875,1000000.0,,1200.0,15332.4052734375,0.0,947.5596923828125,5276.18505859375,1200.0,16000.0,0.0,17416.265625,0.0,1350.0,1000000.0,24796.0,675.0,2700.0,,,0.0
1963-02-21,50.0,2682.40087890625,0.0,645.8121948242188,50.0,0.0,,2682.40087890625,75.0,2755.999755859375,188.74855041503906,399.5997619628906,50.0,2614.900146484375,3000.0,3000.0,0.0,,0.0,300.0,0.0,0.0,0.0,300.0,0.0,0.0,3000.0,1000000.0,,1620.0,3000.0,1000.0,9434.9697265625,0.0,0.0,0.0,0.0,18806.068359375,0.0,14990.1865234375,1050.0,1000000.0,0.0,12140.0,,,190.0,4095.7119140625,894.4903564453125,1412.59765625,100.0,4095.7119140625,6500.0,6500.0,0.0,,0.0,50.0,0.0,676.827392578125,999999.0,0.0,30.0,4500.0,4500.0,0.0,4273.44384765625,0.0,,50.0,3520.815185546875,0.0,928.4995727539062,50.0,0.0,4989.99267578125,,17942.69921875,999999.0,0.0,10000.0,0.0,0.0,3246.952392578125,50.0,13000.0,0.0,9576.2177734375,1000000.0,,,15198.330078125,400.0,0.0,0.0,0.0,400.0,8000.0,,0.0,6087.86962890625,1000000.0,,1200.0,15444.505859375,0.0,736.3268432617188,4856.47265625,1200.0,16000.0,0.0,18218.84375,0.0,1350.0,1000000.0,24796.0,675.0,2700.0,,,0.0
1963-02-22,50.0,2786.520263671875,0.0,579.6121826171875,50.0,0.0,,2786.520263671875,75.0,2755.999755859375,77.59488677978516,303.65679931640625,50.0,2610.5478515625,3000.0,3000.0,0.0,,0.0,300.0,0.0,0.0,0.0,300.0,0.0,0.0,3000.0,1000000.0,,1390.0,3000.0,1000.0,9741.81640625,0.0,0.0,0.0,0.0,18889.923828125,0.0,15339.9501953125,1050.0,1000000.0,0.0,12140.0,,,190.0,4095.712646484375,618.5577392578125,1266.3651123046875,100.0,4095.712646484375,6500.0,6500.0,0.0,,0.0,50.0,0.0,440.9037780761719,999999.0,0.0,30.0,4500.0,4500.0,0.0,4290.62255859375,0.0,,50.0,3523.638427734375,0.0,538.494384765625,50.0,0.0,5046.5654296875,,18044.900390625,999999.0,0.0,10000.0,0.0,0.0,1822.8765869140625,50.0,13000.0,0.0,9573.888671875,1000000.0,,,15795.5830078125,400.0,0.0,0.0,0.0,400.0,8000.0,,0.0,6133.60546875,1000000.0,,1200.0,15531.8232421875,0.0,440.3485412597656,4442.48095703125,1200.0,16000.0,0.0,18523.724609375,0.0,1350.0,1000000.0,24796.0,675.0,2700.0,,,0.0
1963-02-23,50.0,2871.70849609375,0.0,470.72607421875,50.0,0.0,,2871.70849609375,75.0,2850.0,136.6005859375,337.6000061035156,50.0,2648.795166015625,3000.0,3000.0,0.0,,0.0,300.0,0.0,0.0,0.0,300.0,0.0,0.0,3000.0,1000000.0,,1200.0,3000.0,1000.0,9977.0361328125,0.0,0.0,0.0,0.0,18945.43359375,0.0,15728.234375,1050.0,1000000.0,0.0,12140.0,,,190.0,4309.99755859375,520.7600708007812,1092.4976806640625,100.0,4309.99755859375,6500.0,6500.0,0.0,,0.0,50.0,0.0,246.2766876220703,999999.0,0.0,30.0,4500.0,4500.0,0.0,4308.55517578125,0.0,,50.0,3573.046630859375,0.0,489.12744140625,50.0,0.0,5213.56005859375,,18258.400390625,999999.0,0.0,10000.0,0.0,0.0,1497.615478515625,50.0,13000.0,0.0,9949.451171875,1000000.0,,,16236.7744140625,400.0,0.0,0.0,0.0,400.0,8000.0,,0.0,6175.9970703125,1000000.0,,1200.0,15601.2412109375,0.0,91.67668151855469,3819.11181640625,1200.0,16000.0,0.0,19002.107421875,0.0,1350.0,1000000.0,24796.0,675.0,2700.0,,,0.0
1963-02-24,50.0,2941.34228515625,0.0,366.4149475097656,50.0,0.0,,2941.34228515625,75.0,2850.0,25.842676162719727,253.63009643554688,50.0,2645.89208984375,3000.0,3000.0,0.0,,0.0,300.0,0.0,0.0,0.0,300.0,0.0,0.0,3000.0,1000000.0,,1060.0,3000.0,1000.0,10129.845703125,0.0,0.0,0.0,0.0,19000.24609375,0.0,15898.4462890625,1050.0,1000000.0,0.0,12140.0,,,190.0,4309.99853515625,278.2650146484375,785.1206665039062,100.0,4309.99853515625,6500.0,6500.0,0.0,,0.0,50.0,0.0,215.40988159179688,999999.0,0.0,30.0,4500.0,4500.0,0.0,4325.85888671875,0.0,,50.0,3617.138916015625,0.0,368.8895263671875,50.0,0.0,5372.08544921875,,18362.69921875,999999.0,0.0,10000.0,0.0,0.0,1139.515380859375,50.0,13000.0,0.0,10249.90234375,1000000.0,,,16288.404296875,400.0,0.0,0.0,0.0,400.0,8000.0,,0.0,6211.4970703125,1000000.0,,1200.0,15653.4716796875,0.0,0.0,3359.755126953125,1200.0,16000.0,0.0,19104.3984375,0.0,1350.0,1000000.0,24796.0,675.0,2700.0,,,0.0
1963-02-25,50.0,2994.55078125,0.0,271.7816162109375,50.0,0.0,,2994.55078125,75.0,2925.748046875,109.3139877319336,278.2124938964844,50.0,2675.9755859375,3000.0,3000.0,0.0,,0.0,300.0,0.0,0.0,0.0,300.0,0.0,0.0,3000.0,1000000.0,,981.0,3000.0,1000.0,10244.6298828125,0.0,0.0,0.0,0.0,19019.634765625,0.0,15867.576171875,1050.0,1000000.0,0.0,12140.0,,,190.0,4525.71337890625,468.79998779296875,771.2990112304688,100.0,4525.71337890625,6500.0,6500.0,0.0,,0.0,50.0,0.0,186.22238159179688,999999.0,0.0,30.0,4500.0,4500.0,0.0,4339.025390625,0.0,,50.0,3651.968505859375,0.0,448.2568054199219,50.0,0.0,5313.0400390625,,18442.5,999999.0,0.0,10000.0,0.0,0.0,819.8154296875,50.0,13000.0,0.0,10498.3408203125,1000000.0,,,16333.3125,400.0,0.0,0.0,0.0,400.0,8000.0,,0.0,6245.57373046875,1000000.0,,1200.0,15699.2861328125,0.0,0.0,2931.88916015625,1200.0,16000.0,0.0,19167.765625,0.0,1350.0,1000000.0,24796.0,675.0,2700.0,,,0.0
1963-02-26,50.0,3020.4228515625,0.0,314.9871520996094,50.0,0.0,,3020.4228515625,75.0,2986.99951171875,141.49224853515625,339.99951171875,50.0,2703.566650390625,3000.0,3000.0,0.0,,0.0,300.0,0.0,0.0,0.0,300.0,0.0,0.0,3000.0,1000000.0,,1220.0,3000.0,1000.0,10350.2314453125,0.0,0.0,0.0,0.0,19041.681640625,0.0,15631.888671875,1050.0,1000000.0,0.0,12140.0,,,190.0,4525.71337890625,393.1101989746094,897.2659912109375,100.0,4525.71337890625,6500.0,6500.0,0.0,,0.0,50.0,0.0,250.25637817382812,999999.0,0.0,30.0,4500.0,4500.0,0.0,4350.40283203125,0.0,,50.0,3690.77587890625,0.0,406.89239501953125,50.0,0.0,5346.1259765625,,18317.0,999999.0,0.0,10000.0,0.0,0.0,1200.1822509765625,50.0,13000.0,0.0,10720.3271484375,1000000.0,,,16383.6171875,400.0,0.0,0.0,0.0,400.0,8000.0,,0.0,6272.4794921875,1000000.0,,1200.0,15741.0732421875,0.0,0.0,3029.26611328125,1200.0,16000.0,0.0,18991.791015625,0.0,1350.0,1000000.0,24796.0,675.0,2700.0,,,0.0
1963-02-27,50.0,3054.690673828125,0.0,235.60940551757812,50.0,0.0,,3054.690673828125,75.0,2986.999755859375,33.28965377807617,263.9263916015625,50.0,2701.196533203125,3000.0,3000.0,0.0,,0.0,300.0,0.0,0.0,0.0,300.0,0.0,0.0,3000.0,1000000.0,,1110.0,3000.0,1000.0,10492.5634765625,0.0,0.0,0.0,0.0,19064.001953125,0.0,15686.1005859375,1050.0,1000000.0,0.0,12140.0,,,190.0,4737.13916015625,535.544677734375,977.8959350585938,100.0,4737.13916015625,6500.0,6500.0,0.0,,0.0,50.0,0.0,323.09228515625,999999.0,0.0,30.0,4500.0,4500.0,0.0,4366.56201171875,0.0,,50.0,3727.179931640625,0.0,320.24859619140625,50.0,0.0,5422.08251953125,,18377.599609375,999999.0,0.0,10000.0,0.0,0.0,1077.84326171875,50.0,13000.0,0.0,10804.87109375,1000000.0,,,16439.669921875,400.0,0.0,0.0,0.0,400.0,8000.0,,0.0,6306.263671875,1000000.0,,1200.0,15794.146484375,0.0,0.0,2531.263916015625,1200.0,16000.0,0.0,18937.802734375,0.0,1350.0,1000000.0,24796.0,675.0,2700.0,,,0.0
1963-02-28,50.0,3082.091552734375,0.0,149.28163146972656,50.0,0.0,,3082.091552734375,75.0,3000.0,111.3137435913086,272.5965576171875,50.0,2729.344970703125,3000.0,3000.0,0.0,,0.0,300.0,0.0,0.0,0.0,300.0,0.0,0.0,3000.0,1000000.0,,1030.0,3000.0,1000.0,10607.34765625,0.0,0.0,0.0,0.0,19083.97265625,0.0,15760.7392578125,1050.0,1000000.0,0.0,12140.0,,,190.0,4737.14013671875,274.0668640136719,780.759765625,100.0,4737.14013671875,6500.0,6500.0,0.0,,0.0,50.0,0.0,376.08233642578125,999999.0,0.0,30.0,4500.0,4500.0,0.0,4380.0458984375,0.0,,50.0,3758.788330078125,0.0,240.6188201904297,50.0,0.0,5471.0341796875,,18511.19921875,999999.0,0.0,10000.0,0.0,0.0,760.4376220703125,50.0,13000.0,0.0,10882.66796875,1000000.0,,,16490.251953125,400.0,0.0,0.0,0.0,400.0,8000.0,,0.0,6337.52001953125,1000000.0,,1200.0,15838.427734375,0.0,0.0,2101.76611328125,1200.0,16000.0,0.0,19024.5703125,0.0,1350.0,1000000.0,24796.0,675.0,2700.0,,,0.0
1963-03-01,50.0,3108.345947265625,0.0,98.05107116699219,50.0,0.0,,3108.345947265625,75.0,3000.0,134.09518432617188,286.499267578125,50.0,2750.861572265625,3000.0,3000.0,0.0,,0.0,300.0,0.0,0.0,0.0,300.0,0.0,0.0,3000.0,1000000.0,,1050.0,3000.0,1000.0,10722.1318359375,0.0,0.0,0.0,0.0,19105.025390625,0.0,15600.01171875,1050.0,1000000.0,0.0,12140.0,,,190.0,4928.5712890625,545.4678955078125,937.5,100.0,4928.5712890625,6500.0,6500.0,0.0,,0.0,50.0,0.0,407.7424011230469,999999.0,0.0,30.0,4500.0,4500.0,0.0,4389.96435546875,0.0,,50.0,3787.397216796875,0.0,116.44570922851562,50.0,0.0,5499.82763671875,,18447.0,999999.0,0.0,10000.0,0.0,0.0,716.5098876953125,50.0,13000.0,0.0,10950.6455078125,1000000.0,,,16537.646484375,400.0,0.0,486.49072265625,0.0,400.0,8000.0,,0.0,6365.623046875,1000000.0,,1200.0,15879.90625,0.0,0.0,1636.55419921875,1200.0,16000.0,0.0,18943.498046875,0.0,1350.0,1000000.0,24796.0,675.0,2700.0,,,0.0
1963-03-02,50.0,3134.600341796875,0.0,99.48719024658203,50.0,0.0,,3134.600341796875,75.0,3000.0,58.150672912597656,274.4494934082031,50.0,2752.89794921875,3000.0,3000.0,0.0,,0.0,300.0,0.0,0.0,0.0,300.0,0.0,0.0,3000.0,1000000.0,,990.0,3000.0,1000.0,10843.3662109375,0.0,0.0,0.0,0.0,19124.27734375,0.0,15608.126953125,1050.0,1000000.0,0.0,12140.0,,,190.0,4928.5712890625,349.662841796875,856.3624877929688,100.0,4928.5712890625,6500.0,6500.0,0.0,,0.0,50.0,0.0,387.1430358886719,999999.0,0.0,30.0,4500.0,4500.0,0.0,4400.3623046875,0.0,,50.0,3810.69287109375,0.0,218.66879272460938,50.0,0.0,5497.970703125,,18273.19921875,999999.0,0.0,10000.0,0.0,0.0,927.1737670898438,50.0,13000.0,0.0,11019.2626953125,1000000.0,,,16584.740234375,400.0,0.0,480.7715148925781,0.0,400.0,8000.0,,0.0,6388.53662109375,1000000.0,,1200.0,15917.1142578125,0.0,0.0,1829.66796875,1200.0,16000.0,0.0,18893.486328125,0.0,1350.0,1000000.0,24796.0,675.0,2700.0,,,0.0
1963-03-03,50.0,3156.5341796875,0.0,103.3538589477539,50.0,0.0,,3156.5341796875,75.0,3000.0,100.41190338134766,316.1869812011719,50.0,2781.797607421875,3000.0,3000.0,0.0,,0.0,300.0,0.0,0.0,0.0,300.0,0.0,0.0,3000.0,1000000.0,,909.0,3000.0,1000.0,10956.25390625,0.0,0.0,0.0,0.0,19141.849609375,0.0,15670.6142578125,1050.0,1000000.0,0.0,12140.0,,,190.0,5000.0,424.2975769042969,927.5040893554688,100.0,5000.0,6500.0,6500.0,0.0,,0.0,50.0,0.0,333.2036437988281,999999.0,0.0,30.0,4500.0,4500.0,0.0,4411.54833984375,0.0,,50.0,3841.259033203125,0.0,177.32815551757812,50.0,0.0,5566.830078125,,18225.19921875,999999.0,0.0,10000.0,0.0,0.0,1078.45703125,50.0,13000.0,0.0,11085.4453125,1000000.0,,,16629.65625,400.0,0.0,472.3037414550781,0.0,400.0,8000.0,,0.0,6409.73779296875,1000000.0,,1200.0,15957.1845703125,0.0,0.0,1607.9447021484375,1200.0,16000.0,0.0,18929.75390625,0.0,1350.0,1000000.0,24796.0,675.0,2700.0,,,0.0
1963-03-04,50.0,3178.97705078125,0.0,66.8038558959961,50.0,0.0,,3178.97705078125,75.0,3000.0,0.0,234.52606201171875,50.0,2780.3037109375,3000.0,3000.0,0.0,,0.0,300.0,0.0,0.0,0.0,300.0,0.0,0.0,3000.0,1000000.0,,836.0,3000.0,1000.0,11050.5654296875,0.0,0.0,0.0,0.0,19156.443359375,0.0,15821.771484375,1050.0,1000000.0,0.0,12140.0,,,190.0,5000.0,220.9336700439453,725.2651977539062,100.0,5000.0,6500.0,6500.0,0.0,,0.0,50.0,0.0,266.5896911621094,999999.0,0.0,30.0,4500.0,4500.0,0.0,4423.8115234375,0.0,,50.0,3870.30615234375,0.0,42.572052001953125,50.0,0.0,5639.22607421875,,18359.900390625,999999.0,0.0,10000.0,0.0,0.0,1157.4654541015625,50.0,13000.0,0.0,11146.1708984375,1000000.0,,,16697.5078125,400.0,0.0,471.28582763671875,0.0,400.0,8000.0,,0.0,6428.103515625,1000000.0,,1200.0,15989.078125,0.0,0.0,1556.4603271484375,1200.0,16000.0,0.0,19123.654296875,0.0,1350.0,1000000.0,24796.0,675.0,2700.0,,,0.0
1963-03-05,50.0,3197.39453125,0.0,34.920528411865234,50.0,0.0,,3197.39453125,75.0,3000.0,22.684101104736328,226.59410095214844,50.0,2802.697021484375,3000.0,3000.0,0.0,,0.0,300.0,0.0,0.0,0.0,300.0,0.0,0.0,3000.0,1000000.0,,796.0,3000.0,1000.0,11134.3115234375,0.0,0.0,0.0,0.0,19169.44921875,0.0,15905.646484375,1050.0,1000000.0,0.0,12140.0,,,190.0,5000.0,225.49497985839844,705.597412109375,100.0,5000.0,6500.0,6500.0,0.0,,0.0,50.0,0.0,197.5200653076172,999999.0,0.0,30.0,4500.0,4500.0,0.0,4434.380859375,0.0,,50.0,3893.55029296875,0.0,0.0,50.0,0.0,5693.421875,,18457.69921875,999999.0,30.54166603088379,10000.0,0.0,0.0,1155.548828125,50.0,13000.0,0.0,11200.533203125,1000000.0,,,16801.517578125,400.0,0.0,472.10040283203125,0.0,400.0,8000.0,,0.0,6444.64453125,1000000.0,,1200.0,16000.0,0.0,0.0,1509.072021484375,1200.0,16000.0,0.0,19253.716796875,0.0,1350.0,1000000.0,24796.0,675.0,2700.0,,,0.0
1963-03-06,50.0,3213.54345703125,0.0,2.726072072982788,50.0,0.0,,3213.54345703125,75.0,3000.0,19.40321159362793,214.67189025878906,50.0,2821.599609375,3000.0,3000.0,0.0,,0.0,300.0,0.0,0.0,0.0,300.0,0.0,0.0,3000.0,1000000.0,,756.0,3000.0,1000.0,11209.2431640625,0.0,0.0,0.0,0.0,19181.0078125,0.0,15986.61328125,1050.0,1000000.0,0.0,12140.0,,,190.0,5000.0,11.354610443115234,518.560791015625,100.0,5000.0,6500.0,6500.0,0.0,,0.0,50.0,0.0,133.83792114257812,999999.0,0.0,30.0,4500.0,4500.0,0.0,4443.91064453125,0.0,,50.0,3913.1328125,0.0,0.0,50.0,0.0,5730.86474609375,,18537.19921875,999999.0,149.9416961669922,10000.0,0.0,0.0,1178.41552734375,50.0,13000.0,0.0,11249.2021484375,1000000.0,,,16939.54296875,400.0,0.0,473.9547424316406,0.0,400.0,8000.0,,0.0,6458.12548828125,1000000.0,,1200.0,16000.0,0.0,0.0,1259.5546875,1200.0,16000.0,0.0,19348.306640625,0.0,1350.0,1000000.0,24796.0,675.0,2700.0,,,0.0
1963-03-07,50.0,3228.276123046875,0.0,0.0,50.0,0.0,,3228.276123046875,75.0,3000.0,8.899862289428711,194.4163360595703,50.0,2837.240966796875,3000.0,3000.0,0.0,,0.0,300.0,0.0,0.0,0.0,300.0,0.0,0.0,3000.0,1000000.0,,719.0,3000.0,1000.0,11275.3583984375,0.0,0.0,0.0,0.0,19191.12109375,0.0,16078.673828125,1050.0,1000000.0,0.0,12140.0,,,190.0,5000.0,21.044931411743164,479.7552185058594,100.0,5000.0,6500.0,6500.0,0.0,,0.0,50.0,0.0,75.370849609375,999999.0,0.0,30.0,4500.0,4500.0,0.0,4452.86572265625,0.0,,50.0,3930.101318359375,0.0,0.0,50.0,0.0,5764.2734375,,18591.69921875,999999.0,200.0416717529297,10000.0,0.0,0.0,1148.8016357421875,50.0,13000.0,0.0,11289.951171875,1000000.0,,,17072.40234375,400.0,0.0,480.6129150390625,0.0,400.0,8000.0,,0.0,6470.73779296875,1000000.0,,1200.0,16000.0,0.0,0.0,1077.458740234375,1200.0,16000.0,0.0,19457.435546875,0.0,1350.0,1000000.0,24796.0,675.0,2700.0,,,0.0
1963-03-08,50.0,3241.598388671875,0.0,0.0,50.0,0.0,,3241.598388671875,75.0,3000.0,0.0,148.15533447265625,50.0,2838.294921875,3000.0,3000.0,0.0,,0.0,300.0,0.0,0.0,0.0,300.0,0.0,0.0,3000.0,1000000.0,,684.0,3000.0,1000.0,11332.6591796875,0.0,0.0,0.0,0.0,19199.97265625,0.0,16176.80859375,1050.0,1000000.0,0.0,12140.0,,,190.0,5000.0,0.0,429.55523681640625,100.0,5000.0,6500.0,6500.0,0.0,,0.0,50.0,0.0,26.41143798828125,999999.0,0.0,30.0,4500.0,4500.0,0.0,4461.3837890625,0.0,,50.0,3945.77587890625,0.0,0.0,50.0,0.0,5793.52978515625,,18612.5,999999.0,263.3416442871094,10000.0,0.0,0.0,732.6510620117188,50.0,13000.0,0.0,11290.37890625,1000000.0,,,17072.119140625,400.0,0.0,489.0360412597656,0.0,400.0,8000.0,,0.0,6482.07177734375,1000000.0,,1200.0,16000.0,0.0,0.0,855.59423828125,1200.0,16000.0,0.0,19544.7265625,0.0,1350.0,1000000.0,24796.0,675.0,2700.0,,,0.0
1963-03-09,50.0,3253.11279296875,0.0,0.0,50.0,0.0,,3253.11279296875,75.0,3000.0,0.0,119.6761703491211,50.0,2850.583251953125,3000.0,3000.0,0.0,,0.0,300.0,0.0,0.0,0.0,300.0,0.0,0.0,3000.0,1000000.0,,649.0,3000.0,1000.0,11379.3046875,0.0,0.0,0.0,0.0,19207.193359375,0.0,16225.908203125,1050.0,1000000.0,0.0,12140.0,,,190.0,5000.0,0.0,368.5218811035156,100.0,5000.0,6500.0,6500.0,0.0,,0.0,50.0,0.0,0.0,999999.0,0.0,30.0,4500.0,4500.0,0.0,4469.21875,0.0,,50.0,3957.75244140625,0.0,0.0,50.0,0.0,5820.326171875,,18658.0,999999.0,317.1416320800781,10000.0,0.0,0.0,630.0038452148438,50.0,13000.0,0.0,11320.947265625,1000000.0,,,17204.60546875,400.0,0.0,499.6932678222656,0.0,400.0,8000.0,,0.0,6490.09521484375,1000000.0,,1200.0,16000.0,0.0,0.0,454.9923400878906,1200.0,16000.0,0.0,19610.775390625,0.0,1350.0,1000000.0,24796.0,675.0,2700.0,,,0.0
1963-03-10,50.0,3262.0478515625,0.0,0.0,50.0,0.0,,3262.0478515625,75.0,3000.0,0.0,97.89700317382812,50.0,2860.810302734375,3000.0,3000.0,0.0,,0.0,300.0,0.0,0.0,0.0,300.0,0.0,0.0,3000.0,1000000.0,,614.0,3000.0,1000.0,11417.4482421875,0.0,0.0,0.0,0.0,19213.537109375,0.0,16270.8818359375,1050.0,1000000.0,0.0,12140.0,,,190.0,5000.0,0.0,301.8746643066406,100.0,5000.0,6500.0,6500.0,0.0,,0.0,50.0,0.0,0.0,999999.0,0.0,30.0,4500.0,4500.0,0.0,4476.07958984375,0.0,,50.0,3970.201171875,0.0,0.0,50.0,0.0,5847.3935546875,,18682.400390625,999999.0,357.7416687011719,10000.0,0.0,0.0,489.7232666015625,50.0,13000.0,0.0,11346.7060546875,1000000.0,,,17319.791015625,400.0,0.0,516.08154296875,0.0,400.0,8000.0,,0.0,6497.9384765625,1000000.0,,1200.0,16000.0,0.0,0.0,194.885498046875,1200.0,16000.0,0.0,19620.728515625,0.0,1350.0,1000000.0,24796.0,675.0,2700.0,,,0.0
1963-03-11,50.0,3271.06298828125,0.0,0.0,50.0,0.0,,3271.06298828125,75.0,3000.0,0.0,73.92755126953125,50.0,2869.913818359375,3000.0,3000.0,0.0,,0.0,300.0,0.0,0.0,0.0,300.0,0.0,0.0,3000.0,1000000.0,,614.0,3000.0,1000.0,11456.0380859375,0.0,0.0,0.0,0.0,19220.556640625,0.0,16274.6494140625,1050.0,1000000.0,0.0,12140.0,,,190.0,5000.0,0.0,273.94134521484375,100.0,5000.0,6500.0,6500.0,0.0,,0.0,50.0,0.0,0.0,999999.0,0.0,30.0,4500.0,4500.0,0.0,4482.2099609375,0.0,,50.0,3983.826171875,0.0,0.0,50.0,0.0,5867.701171875,,18705.30078125,999999.0,311.1416320800781,10000.0,0.0,0.0,383.176025390625,50.0,13000.0,0.0,11368.357421875,1000000.0,,,17444.068359375,400.0,0.0,532.391845703125,0.0,400.0,8000.0,,0.0,6503.41259765625,1000000.0,,1200.0,16000.0,0.0,0.0,89.48951721191406,1200.0,16000.0,0.0,19630.861328125,0.0,1350.0,1000000.0,24796.0,675.0,2700.0,,,0.0
1963-03-12,50.0,3281.167724609375,0.0,0.0,50.0,0.0,,3281.167724609375,75.0,3000.0,0.0,47.79144287109375,50.0,2877.962646484375,3000.0,3000.0,0.0,,0.0,300.0,0.0,0.0,0.0,300.0,0.0,0.0,3000.0,1000000.0,,607.0,3000.0,1000.0,11504.5234375,0.0,0.0,0.0,0.0,19226.91015625,0.0,16324.33984375,1050.0,1000000.0,0.0,12140.0,,,190.0,5000.0,0.0,242.37466430664062,100.0,5000.0,6500.0,6500.0,0.0,,0.0,50.0,0.0,0.0,999999.0,0.0,30.0,4500.0,4500.0,0.0,4488.51708984375,0.0,,50.0,3994.865966796875,0.0,0.0,50.0,0.0,5886.79248046875,,18670.69921875,999999.0,317.1416320800781,10000.0,0.0,0.0,226.3455047607422,50.0,13000.0,0.0,11391.7255859375,1000000.0,,,17572.46484375,400.0,0.0,545.8486938476562,0.0,400.0,8000.0,,0.0,6510.59423828125,1000000.0,,1200.0,16000.0,0.0,0.0,0.0,1200.0,16000.0,0.0,19621.60546875,0.0,1350.0,1000000.0,24796.0,675.0,2700.0,,,0.0
1963-03-13,50.0,3290.952880859375,0.0,0.0,50.0,0.0,,3290.952880859375,75.0,3000.0,0.0,9.588666915893555,50.0,2884.51611328125,3000.0,3000.0,0.0,,0.0,300.0,0.0,0.0,0.0,300.0,0.0,0.0,3000.0,1000000.0,,576.0,3000.0,1000.0,11535.376953125,0.0,0.0,0.0,0.0,19231.986328125,0.0,16315.9912109375,1050.0,1000000.0,0.0,12140.0,,,190.0,5000.0,0.0,187.3649444580078,100.0,5000.0,6500.0,6500.0,0.0,,0.0,50.0,0.0,0.0,999999.0,0.0,30.0,4500.0,4500.0,0.0,4494.775390625,0.0,,50.0,4004.963134765625,0.0,0.0,50.0,0.0,5901.056640625,,18726.599609375,999999.0,352.9416809082031,10000.0,0.0,0.0,57.298274993896484,50.0,13000.0,0.0,11414.3056640625,1000000.0,,,17719.427734375,400.0,0.0,560.2799072265625,0.0,400.0,8000.0,,0.0,6513.85693359375,1000000.0,,1200.0,16000.0,0.0,0.0,0.0,1200.0,16000.0,0.0,19697.28515625,0.0,1350.0,1000000.0,24796.0,675.0,2700.0,,,0.0
1963-03-14,50.0,3300.159423828125,0.0,0.0,50.0,0.0,,3300.159423828125,75.0,3000.0,0.0,25.03866958618164,50.0,2892.32763671875,3000.0,3000.0,0.0,,0.0,300.0,0.0,0.0,0.0,300.0,0.0,0.0,3000.0,1000000.0,,576.0,3000.0,1000.0,11566.2314453125,0.0,0.0,0.0,0.0,19237.064453125,0.0,16351.2236328125,1050.0,1000000.0,0.0,12140.0,,,190.0,5000.0,0.0,190.30662536621094,100.0,5000.0,6500.0,6500.0,0.0,,0.0,50.0,0.0,0.0,999999.0,0.0,30.0,4500.0,4500.0,0.0,4500.0,0.0,,50.0,4015.060791015625,0.0,0.0,50.0,0.0,5908.8193359375,,18721.19921875,999999.0,352.991455078125,10000.0,0.0,0.0,0.0,50.0,13000.0,0.0,11432.955078125,1000000.0,,,17844.03125,400.0,0.0,573.8157958984375,0.0,400.0,8000.0,,0.0,6517.0703125,1000000.0,,1200.0,16000.0,0.0,0.0,0.0,1200.0,16000.0,0.0,19677.1484375,0.0,1350.0,1000000.0,24796.0,675.0,2700.0,,,0.0
1963-03-15,50.0,3309.61962890625,0.0,0.0,50.0,0.0,,3309.61962890625,75.0,3000.0,0.0,23.21227264404297,50.0,2902.54296875,3000.0,3000.0,0.0,,0.0,300.0,0.0,0.0,0.0,300.0,0.0,0.0,3000.0,1000000.0,,564.0,3000.0,1000.0,11597.0849609375,0.0,0.0,0.0,0.0,19242.458984375,0.0,16321.75,1050.0,1000000.0,0.0,12140.0,,,190.0,5000.0,0.0,190.72743225097656,100.0,5000.0,6500.0,6500.0,0.0,,0.0,50.0,0.0,0.0,999999.0,0.0,30.0,4500.0,4500.0,0.0,4500.0,120.0,,50.0,4026.568115234375,0.0,0.0,50.0,0.0,5907.82080078125,,18685.900390625,999999.0,376.2458190917969,10000.0,0.0,0.0,0.0,50.0,13000.0,0.0,11451.7431640625,1000000.0,,,17969.3359375,400.0,0.0,588.6082153320312,0.0,400.0,8000.0,,0.0,6520.67578125,1000000.0,,1200.0,16000.0,0.0,0.0,0.0,1200.0,16000.0,0.0,19552.5546875,0.0,1350.0,1000000.0,24796.0,675.0,2700.0,,,0.0
1963-03-16,50.0,3318.73486328125,0.0,0.0,50.0,0.0,,3318.73486328125,75.0,3000.0,0.0,60.220611572265625,50.0,2915.46728515625,3000.0,3000.0,0.0,,0.0,300.0,0.0,0.0,0.0,300.0,0.0,0.0,3000.0,1000000.0,,570.0,3000.0,1500.0,11627.939453125,0.0,0.0,0.0,0.0,19245.37890625,0.0,16210.3515625,1050.0,1000000.0,0.0,12140.0,,,190.0,5000.0,0.0,253.4607696533203,100.0,5000.0,6500.0,6500.0,0.0,,0.0,50.0,0.0,0.0,999999.0,0.0,30.0,4500.0,4500.0,0.0,4500.0,120.0,,50.0,4044.619384765625,0.0,0.0,50.0,0.0,5919.29833984375,,18641.599609375,999999.0,1053.5458984375,10000.0,0.0,0.0,0.0,50.0,13000.0,0.0,11469.181640625,1000000.0,,,18042.607421875,400.0,0.0,597.1697387695312,0.0,400.0,8000.0,,0.0,6522.46484375,1000000.0,,1200.0,16000.0,0.0,0.0,0.0,1200.0,16000.0,0.0,19473.068359375,0.0,1350.0,1000000.0,24796.0,675.0,2700.0,,,0.0
1963-03-17,50.0,3327.669921875,0.0,0.0,50.0,0.0,,3327.669921875,75.0,3000.0,0.0,31.6206111907959,50.0,2928.41552734375,3000.0,3000.0,0.0,,0.0,300.0,0.0,0.0,0.0,300.0,0.0,0.0,3000.0,1000000.0,,558.0,3000.0,1500.0,11610.30859375,0.0,0.0,0.0,0.0,19243.09765625,0.0,16173.1845703125,1050.0,1000000.0,0.0,12140.0,,,190.0,5000.0,0.0,307.68719482421875,100.0,5000.0,6500.0,6500.0,0.0,,0.0,50.0,0.0,0.0,999999.0,0.0,30.0,4500.0,4500.0,0.0,4500.0,120.0,,50.0,4060.22509765625,0.0,0.0,50.0,0.0,5960.30419921875,,18624.30078125,999999.0,1070.3458251953125,10000.0,0.0,0.0,0.0,50.0,13000.0,0.0,11462.2744140625,1000000.0,,,17891.203125,400.0,0.0,582.9159545898438,0.0,400.0,8000.0,,0.0,6525.82666015625,1000000.0,,1200.0,16000.0,0.0,0.0,0.0,1200.0,16000.0,0.0,19491.47265625,0.0,1350.0,1000000.0,24796.0,675.0,2700.0,,,0.0
1963-03-18,50.0,3336.830810546875,0.0,0.0,50.0,0.0,,3336.830810546875,75.0,3000.0,0.0,24.56505584716797,50.0,2939.825439453125,3000.0,3000.0,0.0,,0.0,300.0,0.0,0.0,0.0,300.0,0.0,0.0,3000.0,1000000.0,,540.0,3000.0,1500.0,11592.677734375,0.0,0.0,0.0,0.0,19240.400390625,0.0,16292.35546875,1050.0,1000000.0,0.0,12140.0,,,190.0,5000.0,0.0,267.9955139160156,100.0,5000.0,6500.0,6500.0,0.0,,0.0,50.0,0.0,0.0,999999.0,0.0,30.0,4500.0,4500.0,0.0,4500.0,120.0,,50.0,4076.11083984375,0.0,0.0,50.0,0.0,6002.10205078125,,18667.30078125,999999.0,1092.6494140625,10000.0,0.0,0.0,0.0,50.0,13000.0,0.0,11453.7568359375,1000000.0,,,17981.466796875,400.0,0.0,567.8928833007812,0.0,400.0,8000.0,,0.0,6528.2470703125,1000000.0,,1200.0,16000.0,0.0,0.0,0.0,1200.0,16000.0,0.0,19539.900390625,0.0,1350.0,1000000.0,24796.0,675.0,2700.0,,,0.0
1963-03-19,50.0,3346.290771484375,0.0,0.0,50.0,0.0,,3346.290771484375,75.0,3000.0,0.0,0.0,50.0,2950.307861328125,3000.0,3000.0,0.0,,0.0,300.0,0.0,0.0,0.0,300.0,0.0,0.0,3000.0,1000000.0,,546.0,3000.0,1500.0,11575.046875,0.0,0.0,0.0,0.0,19238.037109375,0.0,16195.7900390625,1050.0,1000000.0,0.0,12140.0,,,190.0,5000.0,0.0,335.6219177246094,100.0,5000.0,6500.0,6500.0,0.0,,0.0,50.0,0.0,0.0,999999.0,0.0,30.0,4500.0,4500.0,0.0,4500.0,120.0,,50.0,4089.188232421875,0.0,0.0,50.0,0.0,6029.3017578125,,18709.80078125,999999.0,1064.3792724609375,10000.0,0.0,0.0,0.0,50.0,13000.0,0.0,11442.4404296875,1000000.0,,,17907.177734375,400.0,0.0,555.8579711914062,0.0,400.0,8000.0,,0.0,6530.80126953125,1000000.0,,1200.0,16000.0,0.0,0.0,0.0,1200.0,16000.0,0.0,19514.11328125,0.0,1350.0,1000000.0,24796.0,675.0,2700.0,,,0.0
1963-03-20,50.0,3355.755859375,0.0,0.0,50.0,0.0,,3355.755859375,75.0,3000.0,0.0,5.065056324005127,50.0,2960.67236328125,3000.0,3000.0,0.0,,0.0,300.0,0.0,0.0,0.0,300.0,0.0,0.0,3000.0,1000000.0,,570.0,3000.0,1500.0,11557.416015625,0.0,0.0,0.0,0.0,19235.61328125,0.0,16144.9443359375,1050.0,1000000.0,0.0,12140.0,,,190.0,5000.0,0.0,476.6816101074219,100.0,5000.0,6500.0,6500.0,0.0,,0.0,50.0,0.0,0.0,999999.0,0.0,30.0,4500.0,4500.0,0.0,4500.0,120.0,,50.0,4100.5498046875,0.0,0.0,50.0,0.0,6047.54931640625,,18711.099609375,999999.0,995.0484619140625,10000.0,0.0,0.0,0.0,50.0,13000.0,0.0,11434.640625,1000000.0,,,17862.029296875,400.0,0.0,545.2225952148438,0.0,400.0,8000.0,,0.0,6531.82421875,1000000.0,,1200.0,16000.0,0.0,0.0,0.0,1200.0,16000.0,0.0,19522.38671875,0.0,1350.0,1000000.0,24796.0,675.0,2700.0,,,0.0
1963-03-21,50.0,3367.1748046875,0.0,0.0,50.0,0.0,,3367.1748046875,75.0,3000.0,0.0,0.0,50.0,2971.866943359375,3000.0,3000.0,0.0,,0.0,300.0,0.0,0.0,0.0,300.0,0.0,0.0,3000.0,1000000.0,,607.0,3000.0,1500.0,11548.6005859375,0.0,0.0,0.0,0.0,19234.162109375,0.0,16052.5546875,1050.0,1000000.0,0.0,12140.0,,,190.0,5000.0,55.69078826904297,640.123291015625,100.0,5000.0,6500.0,6500.0,0.0,,0.0,50.0,0.0,0.0,999999.0,0.0,30.0,4500.0,4500.0,0.0,4500.0,120.0,,50.0,4110.80859375,0.0,0.0,50.0,0.0,6058.5224609375,,18703.599609375,999999.0,941.3485107421875,10000.0,0.0,0.0,0.0,50.0,13000.0,0.0,11434.7265625,1000000.0,,,17869.771484375,400.0,0.0,532.9916381835938,0.0,400.0,8000.0,,0.0,6537.00390625,1000000.0,,1200.0,16000.0,0.0,0.0,0.0,1200.0,16000.0,0.0,19504.515625,0.0,1350.0,1000000.0,24796.0,675.0,2700.0,,,0.0
1963-03-22,50.0,3381.34716796875,0.0,0.0,50.0,0.0,,3381.34716796875,75.0,3000.0,0.0,3.74284029006958,50.0,2983.3955078125,3000.0,3000.0,0.0,,0.0,300.0,0.0,0.0,0.0,300.0,0.0,0.0,3000.0,1000000.0,,642.0,3000.0,1500.0,11539.78515625,0.0,0.0,0.0,0.0,19233.466796875,0.0,16002.826171875,1050.0,1000000.0,0.0,12140.0,,,190.0,5000.0,223.15232849121094,678.431640625,100.0,5000.0,6500.0,6500.0,0.0,,0.0,50.0,0.0,0.0,999999.0,0.0,30.0,4500.0,4500.0,0.0,4500.0,120.0,,50.0,4122.61279296875,0.0,0.0,50.0,0.0,6032.47265625,,18661.900390625,999999.0,904.3792724609375,10000.0,0.0,0.0,0.0,50.0,13000.0,0.0,11441.0263671875,1000000.0,,,17918.076171875,400.0,0.0,519.1864013671875,0.0,400.0,8000.0,,0.0,6544.3818359375,1000000.0,,1200.0,16000.0,0.0,0.0,0.0,1200.0,16000.0,0.0,19534.19140625,0.0,1350.0,1000000.0,24796.0,675.0,2700.0,,,0.0
1963-03-23,50.0,3398.707763671875,0.0,0.0,50.0,0.0,,3398.707763671875,75.0,3000.0,0.0,16.498388290405273,50.0,2996.109619140625,3000.0,3000.0,0.0,,0.0,300.0,0.0,0.0,0.0,300.0,0.0,0.0,3000.0,1000000.0,,656.0,3000.0,1500.0,11539.78515625,0.0,0.0,0.0,0.0,19234.22265625,0.0,15923.3876953125,1050.0,1000000.0,0.0,12140.0,,,190.0,5000.0,188.417724609375,686.9031982421875,100.0,5000.0,6500.0,6500.0,0.0,,0.0,50.0,0.0,0.0,999999.0,0.0,30.0,4500.0,4500.0,0.0,4500.0,120.0,,50.0,4136.93310546875,0.0,0.0,50.0,0.0,5998.72119140625,,18617.69921875,999999.0,854.74169921875,10000.0,0.0,0.0,0.0,50.0,13000.0,0.0,11451.1640625,1000000.0,,,17955.978515625,400.0,0.0,506.3502502441406,0.0,400.0,8000.0,,0.0,6551.8720703125,1000000.0,,1200.0,16000.0,0.0,0.0,0.0,1200.0,16000.0,0.0,19546.197265625,0.0,1350.0,1000000.0,24796.0,675.0,2700.0,,,0.0
1963-03-24,50.0,3414.717529296875,0.0,0.0,50.0,0.0,,3414.717529296875,75.0,3000.0,0.0,0.0,50.0,3000.0,3000.0,3000.0,0.0,,0.0,300.0,0.0,0.0,0.0,300.0,0.0,0.0,3000.0,1000000.0,,635.0,3000.0,1500.0,11548.6005859375,0.0,0.0,0.0,0.0,19234.91796875,0.0,15824.3046875,1050.0,1000000.0,0.0,12140.0,,,190.0,5000.0,0.0,492.22711181640625,100.0,5000.0,6500.0,6500.0,0.0,,0.0,50.0,0.0,0.0,999999.0,0.0,30.0,4500.0,4500.0,0.0,4500.0,120.0,,50.0,4163.38818359375,0.0,0.0,50.0,0.0,6049.15625,,18512.099609375,999999.0,873.8416748046875,10000.0,0.0,0.0,0.0,50.0,13000.0,0.0,11465.6005859375,1000000.0,,,17849.724609375,400.0,0.0,493.81463623046875,0.0,400.0,8000.0,,0.0,6559.4384765625,1000000.0,,1200.0,16000.0,0.0,0.0,0.0,1200.0,16000.0,0.0,19520.29296875,0.0,1350.0,1000000.0,24796.0,675.0,2700.0,,,0.0
1963-03-25,50.0,3429.551025390625,0.0,0.0,50.0,0.0,,3429.551025390625,75.0,3000.0,0.0,0.0,50.0,3000.0,3000.0,3000.0,0.0,,0.0,300.0,0.0,0.0,0.0,300.0,0.0,0.0,3000.0,1000000.0,,607.0,3000.0,1500.0,11548.6005859375,0.0,0.0,0.0,0.0,19234.91796875,0.0,15920.2880859375,1050.0,1000000.0,0.0,12140.0,,,190.0,5000.0,0.0,437.7104187011719,100.0,5000.0,6500.0,6500.0,0.0,,0.0,50.0,0.0,0.0,999999.0,0.0,30.0,4500.0,4500.0,0.0,4500.0,120.0,,50.0,4188.740234375,0.0,0.0,50.0,0.0,6110.91064453125,,18575.5,999999.0,914.4417114257812,10000.0,0.0,0.0,0.0,50.0,13000.0,0.0,11482.51171875,1000000.0,,,17971.0078125,400.0,0.0,482.91668701171875,0.0,400.0,8000.0,,0.0,6566.353515625,1000000.0,,1200.0,16000.0,0.0,0.0,0.0,1200.0,16000.0,0.0,19583.146484375,0.0,1350.0,1000000.0,24796.0,675.0,2700.0,,,0.0
1963-03-26,50.0,3443.118896484375,0.0,0.0,50.0,0.0,,3443.118896484375,75.0,3000.0,0.0,0.0,50.0,3000.0,3000.0,3000.0,0.0,,0.0,300.0,0.0,0.0,0.0,300.0,0.0,0.0,3000.0,1000000.0,,600.0,3000.0,1500.0,11548.6005859375,0.0,0.0,0.0,0.0,19234.91796875,0.0,15954.5673828125,1050.0,1000000.0,0.0,12140.0,,,190.0,5000.0,0.0,397.3271179199219,100.0,5000.0,6500.0,6500.0,0.0,,0.0,50.0,0.0,0.0,999999.0,0.0,30.0,4500.0,4500.0,0.0,4500.0,120.0,,50.0,4207.91357421875,0.0,0.0,50.0,0.0,5997.4296875,,18620.5,999999.0,953.4044189453125,10000.0,0.0,0.0,0.0,50.0,13000.0,0.0,11496.1630859375,1000000.0,,,17990.111328125,400.0,0.0,471.4482421875,0.0,400.0,8000.0,,0.0,6572.1376953125,1000000.0,,1200.0,16000.0,0.0,0.0,0.0,1200.0,16000.0,0.0,19573.51171875,0.0,1350.0,1000000.0,24796.0,675.0,2700.0,,,0.0
1963-03-27,50.0,3455.7470703125,0.0,0.0,50.0,0.0,,3455.7470703125,75.0,3000.0,0.0,17.176158905029297,50.0,3000.0,3000.0,3000.0,0.0,,0.0,300.0,0.0,0.0,0.0,300.0,0.0,0.0,3000.0,1000000.0,,670.0,3000.0,1500.0,11548.6005859375,0.0,0.0,0.0,0.0,19237.18359375,0.0,15819.33984375,1050.0,1000000.0,0.0,12140.0,,,190.0,5000.0,6.541645526885986,473.54376220703125,100.0,5000.0,6500.0,6500.0,0.0,,0.0,50.0,0.0,0.0,999999.0,0.0,30.0,4500.0,4500.0,0.0,4500.0,120.0,,50.0,4229.12255859375,0.0,0.0,50.0,0.0,5604.845703125,,18603.099609375,999999.0,822.7433471679688,10000.0,0.0,0.0,0.0,50.0,13000.0,0.0,11503.759765625,1000000.0,,,17899.71484375,400.0,0.0,462.7039489746094,0.0,400.0,8000.0,,0.0,6578.1181640625,1000000.0,,1200.0,16000.0,0.0,0.0,0.0,1200.0,16000.0,0.0,19510.744140625,0.0,1350.0,1000000.0,24796.0,675.0,2700.0,,,0.0
1963-03-28,50.0,3470.25,0.0,0.0,50.0,0.0,,3470.25,75.0,3000.0,0.0,151.10533142089844,50.0,3000.0,3000.0,3000.0,0.0,,0.0,300.0,0.0,0.0,0.0,300.0,0.0,0.0,3000.0,1000000.0,,733.0,3000.0,1500.0,11575.046875,0.0,0.0,0.0,0.0,19243.79296875,0.0,15319.5419921875,1050.0,1000000.0,0.0,12140.0,,,190.0,5000.0,259.3416442871094,684.1437377929688,100.0,5000.0,6500.0,6500.0,0.0,,0.0,50.0,0.0,0.0,999999.0,0.0,30.0,4500.0,4500.0,0.0,4500.0,120.0,,50.0,4271.14208984375,0.0,0.0,50.0,0.0,4724.7138671875,,18454.099609375,999999.0,629.3433227539062,10000.0,0.0,0.0,0.0,50.0,13000.0,0.0,11519.5556640625,1000000.0,,,17276.75,400.0,0.0,449.5406188964844,0.0,400.0,8000.0,,0.0,6591.9111328125,1000000.0,,1200.0,16000.0,0.0,0.0,0.0,1200.0,16000.0,0.0,19394.275390625,0.0,1350.0,1000000.0,24796.0,675.0,2700.0,,,0.0
1963-03-29,50.0,3489.050537109375,0.0,0.0,50.0,0.0,,3489.050537109375,75.0,3000.0,428.3578796386719,904.9844360351562,50.0,1548.4556884765625,2401.685302734375,2600.58447265625,0.0,,0.0,300.0,0.0,0.0,0.0,300.0,0.0,0.0,3000.0,1000000.0,,909.0,3000.0,1500.0,11636.7548828125,0.0,0.0,0.0,0.0,19262.947265625,0.0,13640.0986328125,1050.0,1000000.0,0.0,12140.0,,,190.0,5000.0,1771.0,2073.49658203125,100.0,2450.111083984375,5203.6513671875,5634.599609375,0.0,,0.0,50.0,0.0,0.0,999999.0,0.0,30.0,4500.0,4500.0,0.0,4500.0,120.0,,50.0,4349.1455078125,0.0,2320.51416015625,50.0,0.0,3466.461669921875,,17427.80078125,999999.0,0.0,10000.0,0.0,0.0,0.0,50.0,12405.033203125,0.0,11552.4990234375,1000000.0,,,14791.0908203125,400.0,0.0,433.9185791015625,0.0,400.0,6934.89208984375,,0.0,6605.07177734375,1000000.0,,1200.0,16000.0,0.0,0.0,0.0,1200.0,13869.7841796875,0.0,18310.587890625,0.0,1350.0,1000000.0,24796.0,675.0,2700.0,,,1217.1422119140625
1963-03-30,50.0,3525.37646484375,0.0,659.6038208007812,50.0,0.0,,3525.37646484375,75.0,3000.0,1255.1900634765625,2076.5986328125,50.0,1343.9619140625,1491.3538818359375,1992.876708984375,0.0,,0.0,300.0,0.0,0.0,0.0,300.0,0.0,0.0,3000.0,1000000.0,,1350.0,3000.0,1500.0,11807.4326171875,0.0,0.0,0.0,0.0,19298.34375,0.0,12217.275390625,1050.0,1000000.0,0.0,12140.0,,,190.0,5000.0,2201.3154296875,3483.664306640625,100.0,2683.79541015625,3231.2666015625,4317.8994140625,0.0,,0.0,50.0,0.0,430.12548828125,999999.0,0.0,30.0,4500.0,4500.0,0.0,4500.0,120.0,,50.0,4520.0849609375,4049.852783203125,6869.36376953125,50.0,0.0,3334.83837890625,,15073.2998046875,999999.0,0.0,10000.0,0.0,0.0,1728.373291015625,50.0,12761.525390625,0.0,11664.4501953125,1000000.0,,,11656.4453125,400.0,0.0,403.01165771484375,0.0,400.0,5314.337890625,,0.0,6646.9755859375,1000000.0,,1200.0,16000.0,0.0,0.0,0.0,1200.0,10628.67578125,0.0,15573.5234375,0.0,1350.0,1000000.0,24796.0,675.0,2700.0,,,3873.426513671875
1963-03-31,50.0,3590.626953125,0.0,594.114990234375,50.0,0.0,,3590.626953125,75.0,3000.0,965.1567993164062,1540.1640625,50.0,2765.0546875,2919.909912109375,2946.534423828125,0.0,,0.0,300.0,0.0,0.0,0.0,300.0,0.0,0.0,3000.0,1000000.0,,1240.0,3000.0,1500.0,12070.2001953125,0.0,0.0,0.0,0.0,19336.685546875,0.0,13917.02734375,1050.0,1000000.0,0.0,12140.0,,,190.0,5000.0,1626.1474609375,2892.4658203125,100.0,4807.537109375,6326.47119140625,6384.15771484375,0.0,,0.0,50.0,0.0,830.912353515625,999999.0,0.0,30.0,4500.0,4500.0,0.0,4500.0,120.0,,50.0,4681.56103515625,3489.808349609375,6405.583984375,50.0,0.0,3819.15966796875,,16816.19921875,999999.0,0.0,10000.0,0.0,0.0,1433.806640625,50.0,13000.0,0.0,11860.67578125,1000000.0,,,14154.8427734375,400.0,0.0,0.0,0.0,400.0,7857.42529296875,,0.0,6723.57275390625,1000000.0,,1200.0,16000.0,0.0,0.0,0.0,1200.0,15714.8505859375,0.0,15804.0712890625,0.0,1350.0,1000000.0,24796.0,1350.0,5400.0,,,4995.39013671875
1963-04-01,50.0,3635.072021484375,0.0,476.7066345214844,50.0,0.0,,3635.072021484375,75.0,3000.0,751.064697265625,1117.1005859375,50.0,3000.0,3000.0,3000.0,0.0,,0.0,300.0,0.0,0.0,0.0,300.0,0.0,0.0,3000.0,1000000.0,,999.0,3000.0,1500.0,12218.638671875,0.0,0.0,0.0,0.0,19360.9609375,0.0,14769.3994140625,1050.0,1000000.0,0.0,12140.0,,,190.0,5000.0,899.0894165039062,1635.8939208984375,100.0,5000.0,6500.0,6500.0,0.0,,0.0,80.0,0.0,703.4109497070312,999999.0,0.0,30.0,4500.0,4500.0,0.0,4500.0,120.0,,50.0,4772.080078125,2662.5029296875,4637.603515625,50.0,0.0,4967.11181640625,,17637.0,999999.0,0.0,4000.0,0.0,0.0,1295.4732666015625,50.0,13000.0,0.0,11990.42578125,1000000.0,,,16313.2548828125,400.0,0.0,0.0,0.0,400.0,8000.0,,0.0,6784.5439453125,1000000.0,,1200.0,16000.0,0.0,0.0,0.0,1200.0,16000.0,0.0,17402.623046875,0.0,1350.0,1000000.0,24796.0,2497.695068359375,9990.7802734375,,,3146.40283203125
1963-04-02,50.0,3663.77783203125,0.0,448.498291015625,50.0,0.0,,3663.77783203125,75.0,3000.0,609.6699829101562,877.4013061523438,50.0,3000.0,3000.0,3000.0,0.0,,0.0,300.0,0.0,0.0,0.0,300.0,0.0,0.0,3000.0,1000000.0,,876.0,3000.0,1500.0,12333.8447265625,0.0,0.0,0.0,0.0,19378.970703125,0.0,15262.283203125,1050.0,1000000.0,0.0,12140.0,,,190.0,5000.0,878.4725341796875,1285.9990234375,100.0,5000.0,6500.0,6500.0,0.0,,0.0,80.0,0.0,809.3946533203125,999999.0,0.0,30.0,4500.0,4500.0,0.0,4500.0,120.0,,50.0,4806.20361328125,1991.029296875,3390.30029296875,50.0,0.0,5649.3525390625,,17987.599609375,999999.0,206.643310546875,4000.0,0.0,0.0,1272.806640625,50.0,13000.0,0.0,12081.49609375,1000000.0,,,16705.26171875,400.0,0.0,0.0,0.0,400.0,8000.0,,0.0,6820.32275390625,1000000.0,,1200.0,16000.0,0.0,0.0,0.0,1200.0,16000.0,0.0,18309.23046875,0.0,1350.0,1000000.0,24796.0,1573.201416015625,6292.8056640625,,,2680.337158203125
1963-04-03,50.0,3685.337158203125,78.96748352050781,527.9427490234375,50.0,0.0,,3685.337158203125,75.0,3000.0,527.0641479492188,685.5001831054688,50.0,3000.0,3000.0,3000.0,0.0,,0.0,300.0,0.0,0.0,0.0,300.0,0.0,0.0,3000.0,1000000.0,,892.0,3000.0,1500.0,12402.4912109375,0.0,0.0,0.0,0.0,19388.755859375,0.0,14935.001953125,1050.0,1000000.0,0.0,12140.0,,,190.0,5000.0,422.38458251953125,942.7034912109375,100.0,5000.0,6500.0,6500.0,0.0,,0.0,80.0,0.0,911.03076171875,999999.0,0.0,30.0,4500.0,4500.0,0.0,4500.0,120.0,,50.0,4816.36669921875,1688.0142822265625,2628.065673828125,50.0,0.0,6288.9677734375,,18257.099609375,999999.0,170.8433837890625,4000.0,0.0,0.0,1591.175537109375,50.0,13000.0,0.0,12144.611328125,1000000.0,,,16641.619140625,400.0,0.0,0.0,0.0,400.0,8000.0,,0.0,6845.458984375,1000000.0,,1200.0,16000.0,0.0,0.0,0.0,1200.0,16000.0,0.0,18029.2890625,0.0,1350.0,1000000.0,24796.0,1340.1685791015625,5360.67431640625,,,2751.877685546875
1963-04-04,50.0,3705.999755859375,716.8272705078125,1050.064697265625,50.0,0.0,,3705.999755859375,75.0,3000.0,542.2947998046875,621.7732543945312,50.0,3000.0,3000.0,3000.0,0.0,,0.0,300.0,0.0,0.0,0.0,300.0,0.0,0.0,3000.0,1000000.0,,1370.0,3000.0,1500.0,12489.4208984375,0.0,0.0,0.0,0.0,19417.822265625,0.0,13366.4765625,1050.0,1000000.0,0.0,12140.0,,,190.0,5000.0,1203.2916259765625,1531.005859375,100.0,5000.0,6500.0,6500.0,0.0,,0.0,80.0,0.0,1121.1881103515625,999999.0,0.0,30.0,4500.0,4500.0,0.0,4500.0,120.0,,50.0,4814.8046875,1561.8265380859375,2048.6826171875,50.0,0.0,6385.095703125,,17688.099609375,999999.0,0.0,4000.0,0.0,2599.481201171875,3898.172119140625,50.0,13000.0,0.0,12210.775390625,1000000.0,,,14513.900390625,400.0,0.0,0.0,0.0,400.0,8000.0,,0.0,6868.056640625,1000000.0,,1200.0,16000.0,0.0,0.0,0.0,1200.0,16000.0,0.0,17735.333984375,0.0,1350.0,1000000.0,24796.0,1375.9388427734375,5503.75537109375,,,3179.415771484375
1963-04-05,50.0,3705.66650390625,497.555908203125,1044.737548828125,50.0,0.0,,3705.66650390625,75.0,3000.0,538.7872314453125,588.9666137695312,50.0,3000.0,3000.0,3000.0,0.0,,0.0,300.0,0.0,0.0,0.0,300.0,0.0,0.0,3000.0,1000000.0,,1750.0,3000.0,1500.0,12681.564453125,0.0,0.0,0.0,0.0,19469.154296875,0.0,12892.533203125,1050.0,1000000.0,0.0,12140.0,,,190.0,5000.0,1529.8197021484375,2049.767822265625,100.0,5000.0,6500.0,6500.0,0.0,,0.0,80.0,0.0,1121.362060546875,999999.0,0.0,30.0,4500.0,4500.0,0.0,4500.0,120.0,,50.0,4805.634765625,1491.9527587890625,2191.216552734375,50.0,0.0,6018.14501953125,,17944.0,999999.0,0.0,4000.0,0.0,4431.91748046875,5312.34521484375,50.0,13000.0,0.0,12262.7763671875,1000000.0,,,13173.537109375,400.0,0.0,0.0,0.0,400.0,8000.0,,0.0,6894.6591796875,1000000.0,,1200.0,16000.0,0.0,0.0,0.0,1200.0,16000.0,0.0,17187.26953125,0.0,1350.0,1000000.0,24796.0,1589.7078857421875,6358.83154296875,,,3798.48095703125
1963-04-06,50.0,3734.99951171875,1231.824951171875,2322.996826171875,50.0,0.0,,3734.99951171875,75.0,3000.0,523.9658203125,753.3292236328125,50.0,2824.450927734375,2824.450927734375,2882.80908203125,0.0,,0.0,300.0,0.0,0.0,0.0,300.0,0.0,0.0,3000.0,1000000.0,,2360.0,3000.0,1500.0,12991.900390625,0.0,0.0,0.0,0.0,19544.3984375,0.0,12229.9013671875,1050.0,1000000.0,0.0,12140.0,,,190.0,5000.0,1730.23046875,2674.997314453125,100.0,5000.0,6119.6435546875,6246.08642578125,0.0,,0.0,80.0,0.0,1046.83984375,999999.0,0.0,30.0,4500.0,4500.0,0.0,4500.0,120.0,,50.0,4814.12060546875,1343.17138671875,2248.075927734375,50.0,0.0,5896.224609375,,16976.19921875,999999.0,0.0,4000.0,0.0,4011.658935546875,7034.44189453125,50.0,13000.0,0.0,12293.8876953125,1000000.0,,,13224.68359375,400.0,0.0,0.0,0.0,400.0,7687.49072265625,,0.0,6945.51611328125,1000000.0,,1200.0,16000.0,0.0,0.0,0.0,1200.0,15374.9814453125,0.0,16889.86328125,0.0,1350.0,1000000.0,24796.0,1899.240478515625,7596.9619140625,,,5058.16064453125
1963-04-07,50.0,3734.999755859375,668.6126098632812,1440.4422607421875,50.0,0.0,,3734.999755859375,75.0,3000.0,445.264892578125,650.8333740234375,50.0,3000.0,3000.0,3000.0,0.0,,0.0,300.0,0.0,0.0,0.0,300.0,0.0,0.0,3000.0,1000000.0,,1910.0,3000.0,1500.0,13458.390625,0.0,0.0,0.0,0.0,19615.55078125,0.0,13815.431640625,1050.0,1000000.0,0.0,12140.0,,,190.0,5000.0,1343.39697265625,1959.5009765625,100.0,5000.0,6500.0,6500.0,0.0,,0.0,80.0,0.0,936.6712036132812,999999.0,0.0,30.0,4500.0,4500.0,0.0,4500.0,120.0,,50.0,4834.142578125,1141.83544921875,2308.137451171875,50.0,0.0,6033.1650390625,,18003.80078125,999999.0,0.0,4000.0,0.0,3390.54052734375,5671.13916015625,50.0,13000.0,0.0,12395.009765625,1000000.0,,,15925.8486328125,400.0,0.0,0.0,0.0,400.0,8000.0,,0.0,7019.853515625,1000000.0,,1200.0,16000.0,0.0,0.0,0.0,1200.0,16000.0,0.0,17300.275390625,0.0,1350.0,1000000.0,24796.0,2529.080322265625,10116.3212890625,,,4608.052734375
1963-04-08,50.0,3761.665771484375,536.9859619140625,1093.993408203125,50.0,0.0,,3761.665771484375,75.0,3000.0,491.77197265625,637.9950561523438,50.0,3000.0,3000.0,3000.0,0.0,,0.0,300.0,0.0,0.0,0.0,300.0,0.0,0.0,3000.0,1000000.0,,1520.0,3000.0,1500.0,13765.4287109375,0.0,0.0,0.0,0.0,19656.466796875,0.0,14732.443359375,1050.0,1000000.0,0.0,12140.0,,,190.0,5071.9970703125,1317.072509765625,1641.9957275390625,100.0,5071.9970703125,6500.0,6500.0,0.0,,0.0,80.0,0.0,860.5369873046875,999999.0,0.0,30.0,4500.0,4500.0,0.0,4500.0,120.0,,50.0,4863.90673828125,1038.7139892578125,2043.9798583984375,50.0,0.0,6217.666015625,,18157.19921875,999999.0,0.0,4000.0,0.0,2828.6796875,4554.87548828125,50.0,13000.0,0.0,12448.751953125,1000000.0,,,17781.802734375,400.0,0.0,0.0,0.0,400.0,8000.0,,0.0,7078.4169921875,1000000.0,,1200.0,16000.0,0.0,0.0,0.0,1200.0,16000.0,0.0,18122.939453125,0.0,1350.0,1000000.0,24796.0,2304.0263671875,9216.10546875,,,3890.016845703125
1963-04-09,50.0,3761.666015625,292.94189453125,849.4400634765625,50.0,0.0,,3761.666015625,75.0,3000.0,422.099853515625,663.2606201171875,50.0,3000.0,3000.0,3000.0,0.0,,0.0,300.0,0.0,0.0,0.0,300.0,0.0,0.0,3000.0,1000000.0,,1330.0,3000.0,1500.0,13951.5859375,0.0,0.0,0.0,0.0,19686.623046875,0.0,14638.349609375,1050.0,1000000.0,0.0,12140.0,,,190.0,5071.998046875,1167.5728759765625,1717.4998779296875,100.0,5071.998046875,6500.0,6500.0,0.0,,0.0,80.0,0.0,794.376708984375,999999.0,0.0,30.0,4500.0,4500.0,0.0,4500.0,120.0,,50.0,4885.30322265625,1221.5797119140625,1767.3775634765625,50.0,0.0,6196.55126953125,,18101.900390625,999999.0,0.0,4000.0,0.0,2335.361328125,3961.357177734375,50.0,13000.0,0.0,12477.1787109375,1000000.0,,,18378.087890625,400.0,0.0,0.0,0.0,400.0,8000.0,,0.0,7125.56298828125,1000000.0,,1200.0,16000.0,0.0,0.0,0.0,1200.0,16000.0,0.0,18116.0625,0.0,1350.0,1000000.0,24796.0,1945.0084228515625,7780.03369140625,,,3720.00537109375
1963-04-10,50.0,3788.5009765625,284.180908203125,831.352294921875,50.0,0.0,,3788.5009765625,75.0,3000.0,564.1002807617188,745.9981689453125,50.0,3000.0,3000.0,3000.0,0.0,,0.0,300.0,0.0,0.0,0.0,300.0,0.0,0.0,3000.0,1000000.0,,1200.0,3000.0,1500.0,14148.3369140625,0.0,0.0,0.0,0.0,19710.2421875,0.0,15224.453125,1050.0,1000000.0,0.0,12140.0,,,190.0,5205.4990234375,1130.717529296875,1674.9989013671875,100.0,5205.4990234375,6500.0,6500.0,0.0,,0.0,80.0,0.0,718.60009765625,999999.0,0.0,30.0,4500.0,4500.0,0.0,4500.0,120.0,,50.0,4891.4033203125,1398.8304443359375,1672.306396484375,50.0,0.0,6162.39599609375,,18287.69921875,999999.0,0.0,4000.0,0.0,1945.036865234375,3416.820068359375,50.0,13000.0,0.0,12501.9833984375,1000000.0,,,19120.310546875,400.0,0.0,0.0,0.0,400.0,8000.0,,0.0,7170.03564453125,1000000.0,,1200.0,16000.0,0.0,0.0,0.0,1200.0,16000.0,0.0,18390.4609375,0.0,1350.0,1000000.0,24796.0,1860.002685546875,7440.0107421875,,,3520.001708984375
1963-04-11,50.0,3788.445068359375,38.80722427368164,577.6654663085938,50.0,0.0,,3788.445068359375,75.0,3000.0,364.819091796875,584.1362915039062,50.0,3000.0,3000.0,3000.0,0.0,,0.0,300.0,0.0,0.0,0.0,300.0,0.0,0.0,3000.0,1000000.0,,1080.0,3000.0,1500.0,14292.8798828125,0.0,0.0,0.0,0.0,19728.4609375,0.0,15462.345703125,1050.0,1000000.0,0.0,12140.0,,,190.0,5205.49951171875,889.9948120117188,1395.829833984375,100.0,5205.49951171875,6500.0,6500.0,0.0,,0.0,80.0,0.0,630.5144653320312,999999.0,0.0,30.0,4500.0,4500.0,0.0,4500.0,120.0,,50.0,4883.89111328125,1323.829833984375,2143.5771484375,50.0,0.0,6167.287109375,,18377.900390625,999999.0,170.8433837890625,4000.0,0.0,1669.3233642578125,2979.057861328125,50.0,13000.0,0.0,12523.859375,1000000.0,,,19617.00390625,400.0,0.0,0.0,0.0,400.0,8000.0,,0.0,7209.7763671875,1000000.0,,1200.0,16000.0,0.0,0.0,0.0,1200.0,16000.0,0.0,18614.8203125,0.0,1350.0,1000000.0,24796.0,1760.0008544921875,7040.00341796875,,,3070.00048828125
1963-04-12,50.0,3813.08984375,192.94322204589844,601.7904663085938,50.0,0.0,,3813.08984375,75.0,3000.0,655.7171630859375,825.000732421875,50.0,3000.0,3000.0,3000.0,0.0,,0.0,300.0,0.0,0.0,0.0,300.0,0.0,0.0,3000.0,1000000.0,,990.0,3000.0,1500.0,14388.7099609375,0.0,0.0,0.0,0.0,19739.498046875,0.0,15545.8505859375,1050.0,1000000.0,0.0,12140.0,,,190.0,5334.4970703125,1084.3841552734375,1408.995361328125,100.0,5334.4970703125,6500.0,6500.0,0.0,,0.0,80.0,0.0,587.7991333007812,999999.0,0.0,30.0,4500.0,4500.0,0.0,4500.0,120.0,,50.0,4886.41259765625,1308.79248046875,2631.5537109375,50.0,0.0,5928.99365234375,,18397.599609375,999999.0,302.2771301269531,4000.0,0.0,1623.41943359375,2653.199951171875,50.0,13000.0,0.0,12543.974609375,1000000.0,,,19816.091796875,400.0,0.0,0.0,0.0,400.0,8000.0,,0.0,7241.7861328125,1000000.0,,1200.0,16000.0,0.0,0.0,0.0,1200.0,16000.0,0.0,18607.73046875,0.0,1350.0,1000000.0,24796.0,1535.000244140625,6140.0009765625,,,3050.000244140625
1963-04-13,50.0,3813.1708984375,0.0,466.61029052734375,50.0,0.0,,3813.1708984375,75.0,3000.0,523.2744750976562,749.6505126953125,50.0,3000.0,3000.0,3000.0,0.0,,0.0,300.0,0.0,0.0,0.0,300.0,0.0,0.0,3000.0,1000000.0,,945.0,3000.0,1500.0,14491.9453125,0.0,0.0,0.0,0.0,19751.1875,0.0,15516.7470703125,1050.0,1000000.0,0.0,12140.0,,,190.0,5334.498046875,660.9552001953125,1166.8275146484375,100.0,5334.498046875,6500.0,6500.0,0.0,,0.0,80.0,0.0,670.6471557617188,999999.0,0.0,30.0,4500.0,4500.0,0.0,4500.0,120.0,,50.0,4936.46875,1075.870849609375,1726.334228515625,50.0,0.0,5708.14208984375,,18381.69921875,999999.0,344.3921203613281,4000.0,0.0,1813.6019287109375,2466.3935546875,50.0,13000.0,0.0,12559.2041015625,1000000.0,,,19841.353515625,400.0,0.0,0.0,0.0,400.0,8000.0,,0.0,7268.9931640625,1000000.0,,1200.0,16000.0,0.0,0.0,0.0,1200.0,16000.0,0.0,18567.533203125,0.0,1350.0,1000000.0,24796.0,1525.0001220703125,6100.00048828125,,,2690.0
1963-04-14,50.0,3834.593505859375,220.89903259277344,634.3880615234375,50.0,0.0,,3834.593505859375,75.0,3000.0,734.849365234375,876.0020751953125,50.0,3000.0,3000.0,3000.0,0.0,,0.0,300.0,0.0,0.0,0.0,300.0,0.0,0.0,3000.0,1000000.0,,990.0,3000.0,1500.0,14598.46484375,0.0,0.0,0.0,0.0,19765.845703125,0.0,14973.5869140625,1050.0,1000000.0,0.0,0.0,,,190.0,5463.50390625,1461.496826171875,1765.00634765625,100.0,5463.50390625,6500.0,6500.0,0.0,,0.0,80.0,0.0,731.9039916992188,999999.0,0.0,30.0,4500.0,4500.0,0.0,4500.0,120.0,,50.0,4935.61279296875,1361.3038330078125,2462.855712890625,50.0,0.0,5600.55908203125,,18434.900390625,999999.0,51.443359375,4000.0,0.0,1781.44287109375,2595.69287109375,50.0,13000.0,0.0,12566.4296875,1000000.0,,,19296.23828125,400.0,0.0,0.0,0.0,400.0,8000.0,,0.0,7292.6484375,1000000.0,,1200.0,16000.0,0.0,0.0,0.0,1200.0,16000.0,0.0,18156.50390625,0.0,1350.0,1000000.0,24796.0,1345.0,5380.0,,,2950.0
1963-04-15,50.0,3853.165771484375,222.3212890625,744.647705078125,50.0,0.0,,3853.165771484375,75.0,3000.0,890.0514526367188,1138.94580078125,50.0,3000.0,3000.0,3000.0,0.0,,0.0,300.0,0.0,0.0,0.0,300.0,0.0,0.0,3000.0,1000000.0,,1060.0,3000.0,1500.0,14749.7958984375,0.0,0.0,0.0,0.0,19784.88671875,0.0,14291.6611328125,1050.0,1000000.0,0.0,0.0,,,190.0,5463.5029296875,1717.228759765625,2439.834716796875,100.0,5463.5029296875,6500.0,6500.0,0.0,,0.0,80.0,0.0,782.0836791992188,999999.0,0.0,30.0,4500.0,4500.0,0.0,4500.0,120.0,,50.0,4978.82421875,2805.21337890625,3455.57080078125,50.0,0.0,5243.69384765625,,17734.400390625,999999.0,0.0,4000.0,0.0,1381.0078125,2941.48974609375,50.0,13000.0,0.0,12560.8974609375,1000000.0,,,18657.552734375,400.0,0.0,0.0,0.0,400.0,8000.0,,0.0,7322.8984375,1000000.0,,1200.0,16000.0,0.0,0.0,0.0,1200.0,16000.0,0.0,17843.353515625,0.0,1350.0,1000000.0,24796.0,1475.0,5900.0,,,0.0
1963-04-16,50.0,3853.2216796875,0.0,528.5429077148438,50.0,0.0,,3853.2216796875,75.0,3000.0,867.6649780273438,1166.0015869140625,50.0,2982.6376953125,3000.0,3000.0,0.0,,0.0,300.0,0.0,0.0,0.0,300.0,0.0,0.0,3000.0,1000000.0,,999.0,3000.0,1500.0,14941.0419921875,0.0,0.0,0.0,0.0,19971.7265625,0.0,14786.4384765625,1050.0,1000000.0,0.0,0.0,,,190.0,5592.501953125,1586.065185546875,2194.0029296875,100.0,5592.501953125,6500.0,6500.0,0.0,,0.0,80.0,0.0,820.9853515625,999999.0,0.0,30.0,4500.0,4500.0,0.0,4500.0,120.0,,50.0,4977.9580078125,2433.283935546875,3111.96142578125,50.0,0.0,5363.09765625,,17807.19921875,999999.0,0.0,4000.0,0.0,1195.0250244140625,2554.6279296875,50.0,13000.0,0.0,12600.5556640625,1000000.0,,,19401.9296875,400.0,0.0,0.0,0.0,400.0,8000.0,,0.0,7359.8876953125,1000000.0,,1200.0,16000.0,0.0,0.0,0.0,1200.0,16000.0,0.0,17820.076171875,0.0,1350.0,1000000.0,24796.0,737.5,2950.0,,,0.0
1963-04-17,50.0,3876.276611328125,110.15547180175781,537.3345336914062,50.0,0.0,,3876.276611328125,75.0,3000.0,702.3419189453125,917.6177368164062,50.0,3000.0,3000.0,3000.0,0.0,,0.0,300.0,0.0,0.0,0.0,300.0,0.0,0.0,3000.0,1000000.0,,945.0,3000.0,1500.0,15076.7568359375,0.0,0.0,0.0,0.0,20352.265625,0.0,15070.181640625,1050.0,1000000.0,0.0,0.0,,,190.0,5592.50146484375,1301.9908447265625,1807.83251953125,100.0,5592.50146484375,6500.0,6500.0,0.0,,0.0,80.0,0.0,962.5637817382812,999999.0,0.0,30.0,4500.0,4500.0,0.0,4500.0,120.0,,50.0,5000.0,1703.1614990234375,2909.572021484375,50.0,0.0,5825.37060546875,,17808.30078125,999999.0,0.0,4000.0,0.0,1121.797119140625,2177.138916015625,50.0,13000.0,0.0,12630.5537109375,1000000.0,,,19881.947265625,400.0,0.0,0.0,0.0,400.0,8000.0,,0.0,7395.07568359375,1000000.0,,1200.0,16000.0,0.0,0.0,0.0,1200.0,16000.0,0.0,17502.5625,0.0,1350.0,1000000.0,24796.0,675.0,2700.0,,,0.0
1963-04-18,50.0,3891.3330078125,116.83626556396484,552.7529296875,50.0,0.0,,3891.3330078125,75.0,3000.0,831.9367065429688,958.9996337890625,50.0,3000.0,3000.0,3000.0,0.0,,0.0,300.0,0.0,0.0,0.0,300.0,0.0,0.0,3000.0,1000000.0,,927.0,3000.0,1500.0,15179.8408203125,0.0,0.0,0.0,0.0,20746.537109375,0.0,15130.3740234375,1050.0,1000000.0,0.0,0.0,,,190.0,5721.49951171875,1540.496826171875,1843.9993896484375,100.0,5721.49951171875,6500.0,6500.0,0.0,,0.0,80.0,0.0,993.1848754882812,999999.0,0.0,30.0,4500.0,4500.0,0.0,4500.0,120.0,,50.0,4999.12939453125,1143.87646484375,1695.5003662109375,50.0,0.0,6241.88427734375,,17879.900390625,999999.0,39.5433349609375,4000.0,0.0,1077.551513671875,2175.736083984375,50.0,13000.0,0.0,12661.1123046875,1000000.0,,,20213.318359375,400.0,0.0,0.0,0.0,400.0,8000.0,,0.0,7426.1298828125,1000000.0,,1200.0,16000.0,0.0,0.0,0.0,1200.0,16000.0,0.0,17574.744140625,0.0,1350.0,1000000.0,24796.0,675.0,2700.0,,,0.0
1963-04-19,50.0,3890.888671875,0.0,459.251953125,50.0,0.0,,3890.888671875,75.0,3000.0,745.0025024414062,1107.6497802734375,50.0,3000.0,3000.0,3000.0,0.0,,0.0,300.0,0.0,0.0,0.0,300.0,0.0,0.0,3000.0,1000000.0,,945.0,3000.0,1500.0,15276.099609375,0.0,0.0,0.0,0.0,21257.681640625,0.0,15120.5634765625,1050.0,1000000.0,0.0,0.0,,,190.0,5721.5,1339.8740234375,2190.830078125,100.0,5721.5,6500.0,6500.0,0.0,,0.0,80.0,0.0,899.604248046875,999999.0,0.0,30.0,4500.0,4500.0,0.0,4500.0,120.0,,50.0,4998.54931640625,425.7388610839844,455.4409484863281,50.0,0.0,6589.86962890625,,17897.400390625,999999.0,39.5433349609375,4000.0,0.0,939.9027099609375,2301.440185546875,50.0,13000.0,0.0,12691.111328125,1000000.0,,,20440.193359375,400.0,0.0,0.0,220.03855895996094,400.0,8000.0,,0.0,7458.82666015625,1000000.0,,1200.0,16000.0,0.0,0.0,0.0,1200.0,16000.0,0.0,17341.06640625,0.0,1350.0,1000000.0,24796.0,675.0,2700.0,,,0.0
1963-04-20,50.0,3910.743896484375,0.0,475.376953125,50.0,0.0,,3910.743896484375,75.0,3000.0,606.9385986328125,907.997802734375,50.0,3000.0,3000.0,3000.0,0.0,,0.0,300.0,0.0,0.0,0.0,300.0,0.0,0.0,3000.0,1000000.0,,884.0,3000.0,1500.0,15360.486328125,0.0,0.0,0.0,0.0,21736.06640625,0.0,15223.4150390625,1050.0,1000000.0,0.0,0.0,,,190.0,5850.49755859375,1121.3851318359375,1827.9959716796875,100.0,5850.49755859375,6500.0,6500.0,0.0,,0.0,80.0,0.0,767.5337524414062,999999.0,0.0,30.0,4500.0,4500.0,0.0,4500.0,120.0,,50.0,4998.16259765625,1202.023193359375,1239.6424560546875,50.0,0.0,6437.19091796875,,17998.30078125,999999.0,230.5433349609375,4000.0,0.0,676.5693969726562,2044.2833251953125,50.0,13000.0,0.0,12721.1103515625,1000000.0,,,20981.0078125,400.0,0.0,0.0,340.6496887207031,400.0,8000.0,,0.0,7495.669921875,1000000.0,,1200.0,16000.0,0.0,0.0,0.0,1200.0,16000.0,0.0,17629.455078125,0.0,1350.0,1000000.0,24796.0,675.0,2700.0,,,0.0
1963-04-21,50.0,3929.17724609375,6.914225101470947,456.8074951171875,50.0,0.0,,3929.17724609375,75.0,3000.0,476.73651123046875,794.9429931640625,50.0,3000.0,3000.0,3000.0,0.0,,0.0,300.0,0.0,0.0,0.0,300.0,0.0,0.0,3000.0,1000000.0,,820.0,3000.0,1500.0,15425.890625,0.0,0.0,0.0,0.0,22154.4296875,0.0,15475.677734375,1050.0,1000000.0,0.0,0.0,,,190.0,5850.49853515625,783.9419555664062,1292.1473388671875,100.0,5850.49853515625,6500.0,6500.0,0.0,,0.0,80.0,0.0,696.455810546875,999999.0,0.0,30.0,4500.0,4500.0,0.0,4500.0,120.0,,50.0,4997.90478515625,1161.3751220703125,1455.2039794921875,50.0,0.0,6453.251953125,,18144.400390625,999999.0,446.6771545410156,4000.0,0.0,498.9903869628906,1700.022216796875,50.0,13000.0,0.0,12751.1123046875,1000000.0,,,21726.79296875,400.0,0.0,0.0,321.24688720703125,400.0,8000.0,,0.0,7527.6279296875,1000000.0,,1200.0,16000.0,0.0,0.0,0.0,1200.0,16000.0,0.0,18093.287109375,0.0,1350.0,1000000.0,24796.0,675.0,2700.0,,,0.0
1963-04-22,50.0,3928.89599609375,0.0,310.58001708984375,50.0,0.0,,3928.89599609375,75.0,3000.0,464.6663818359375,635.9950561523438,50.0,3000.0,3000.0,3000.0,0.0,,0.0,300.0,0.0,0.0,0.0,300.0,0.0,0.0,3000.0,1000000.0,,772.0,3000.0,1500.0,15479.431640625,0.0,0.0,0.0,0.0,22510.12890625,0.0,15684.552734375,1050.0,1000000.0,0.0,0.0,,,190.0,5975.0,1029.4815673828125,1332.0,100.0,5975.0,6500.0,6500.0,0.0,,0.0,80.0,0.0,692.40380859375,999999.0,0.0,30.0,4500.0,4500.0,0.0,4500.0,120.0,,50.0,4997.7333984375,958.7017211914062,1065.5576171875,50.0,0.0,6578.25927734375,,18281.400390625,999999.0,602.4061889648438,4000.0,0.0,441.4819030761719,1522.865234375,50.0,13000.0,0.0,12781.111328125,1000000.0,,,22210.154296875,400.0,0.0,0.0,317.5107727050781,400.0,8000.0,,0.0,7554.03271484375,1000000.0,,1200.0,16000.0,0.0,0.0,0.0,1200.0,16000.0,0.0,18346.9453125,0.0,1350.0,1000000.0,24796.0,675.0,2700.0,,,0.0
1963-04-23,50.0,3943.052978515625,0.0,328.70501708984375,50.0,0.0,,3943.052978515625,75.0,3000.0,351.50830078125,601.0841674804688,50.0,3000.0,3000.0,3000.0,0.0,,0.0,300.0,0.0,0.0,0.0,300.0,0.0,0.0,3000.0,1000000.0,,772.0,3000.0,1500.0,15518.4814453125,0.0,0.0,0.0,0.0,22836.47265625,0.0,15714.3427734375,1050.0,1000000.0,0.0,0.0,,,190.0,5975.0,899.0092163085938,1403.1666259765625,100.0,5975.0,6500.0,6500.0,0.0,,0.0,80.0,0.0,656.3866577148438,999999.0,0.0,30.0,4500.0,4500.0,0.0,4500.0,120.0,,50.0,4997.61865234375,884.7098999023438,933.4666137695312,50.0,0.0,6566.3759765625,,18369.400390625,999999.0,621.7633056640625,4000.0,0.0,402.6103515625,1442.884765625,50.0,13000.0,0.0,12810.556640625,1000000.0,,,22536.0078125,400.0,0.0,0.0,414.1080017089844,400.0,8000.0,,0.0,7576.44287109375,1000000.0,,1200.0,16000.0,0.0,0.0,0.0,1200.0,16000.0,0.0,18303.474609375,0.0,1350.0,1000000.0,24796.0,675.0,2700.0,,,0.0
1963-04-24,50.0,3956.716796875,0.0,360.83001708984375,50.0,0.0,,3956.716796875,75.0,3000.0,412.7731018066406,651.0022583007812,50.0,3000.0,3000.0,3000.0,0.0,,0.0,300.0,0.0,0.0,0.0,300.0,0.0,0.0,3000.0,1000000.0,,804.0,3000.0,1500.0,15579.8447265625,0.0,0.0,0.0,0.0,23294.142578125,0.0,15747.1943359375,1050.0,1000000.0,0.0,0.0,,,190.0,6094.998046875,1208.05908203125,1730.9969482421875,100.0,6094.998046875,6500.0,6500.0,0.0,,0.0,80.0,0.0,625.2174682617188,999999.0,0.0,30.0,4500.0,4500.0,0.0,4500.0,120.0,,50.0,4997.54248046875,699.5379638671875,848.74755859375,50.0,0.0,6555.716796875,,18351.599609375,999999.0,559.6632690429688,4000.0,0.0,403.49981689453125,1525.727783203125,50.0,13000.0,0.0,12840.5556640625,1000000.0,,,22639.1875,400.0,0.0,0.0,565.03857421875,400.0,8000.0,,0.0,7599.18310546875,1000000.0,,1200.0,16000.0,0.0,0.0,0.0,1200.0,16000.0,0.0,18370.693359375,0.0,1350.0,1000000.0,24796.0,675.0,2700.0,,,0.0
1963-04-25,50.0,3971.423583984375,0.0,380.26055908203125,50.0,0.0,,3971.423583984375,75.0,3000.0,291.2851867675781,516.466796875,50.0,3000.0,3000.0,3000.0,0.0,,0.0,300.0,0.0,0.0,0.0,300.0,0.0,0.0,3000.0,1000000.0,,796.0,3000.0,1500.0,15621.8564453125,0.0,0.0,0.0,0.0,23670.037109375,0.0,15781.4912109375,1050.0,1000000.0,0.0,0.0,,,190.0,6094.99853515625,908.9718627929688,1418.1646728515625,100.0,6094.99853515625,6500.0,6500.0,0.0,,0.0,80.0,0.0,628.2449340820312,999999.0,0.0,30.0,4500.0,4500.0,0.0,4500.0,120.0,,50.0,4997.49169921875,562.4090576171875,894.2979736328125,50.0,0.0,6595.55224609375,,18398.5,999999.0,621.7263793945312,4000.0,0.0,371.26007080078125,1375.71240234375,50.0,13000.0,0.0,12869.998046875,1000000.0,,,22919.9296875,400.0,0.0,0.0,686.9691162109375,400.0,8000.0,,0.0,7623.5263671875,1000000.0,,1200.0,16000.0,0.0,0.0,0.0,1200.0,16000.0,0.0,18499.76953125,0.0,1350.0,1000000.0,0.0,675.0,2700.0,,,0.0
1963-04-26,50.0,3986.925048828125,0.0,437.0939025878906,50.0,0.0,,3986.925048828125,75.0,3000.0,317.6184387207031,532.9967041015625,50.0,3000.0,3000.0,3000.0,0.0,,0.0,300.0,0.0,0.0,0.0,300.0,0.0,0.0,3000.0,1000000.0,,820.0,3000.0,1500.0,15636.1123046875,0.0,0.0,0.0,0.0,23847.84765625,0.0,15755.3505859375,1050.0,1000000.0,0.0,0.0,,,190.0,6214.99609375,1185.736083984375,1563.993408203125,100.0,6214.99609375,6500.0,6500.0,0.0,,0.0,80.0,0.0,591.7896728515625,999999.0,0.0,30.0,4500.0,4500.0,0.0,4500.0,120.0,,50.0,4997.45751953125,276.9179382324219,328.97198486328125,50.0,0.0,6667.9775390625,,18439.30078125,999999.0,584.6073608398438,4000.0,0.0,352.21240234375,1467.6611328125,50.0,13000.0,0.0,12899.4443359375,1000000.0,,,23193.748046875,400.0,0.0,0.0,806.2330322265625,400.0,8000.0,,422.94903564453125,7648.2001953125,1000000.0,,1200.0,16000.0,0.0,0.0,0.0,1200.0,16000.0,0.0,18529.072265625,0.0,1350.0,1000000.0,0.0,675.0,2700.0,,,0.0
1963-04-27,50.0,4000.0,52.204200744628906,469.0933532714844,50.0,0.0,,4000.0,75.0,3000.0,215.82676696777344,434.3033752441406,50.0,3000.0,3000.0,3000.0,0.0,,0.0,300.0,0.0,0.0,0.0,300.0,0.0,0.0,3000.0,1000000.0,,836.0,3000.0,1500.0,15658.0126953125,0.0,0.0,0.0,0.0,23644.537109375,0.0,15778.455078125,1050.0,1000000.0,0.0,0.0,,,190.0,6214.99755859375,1080.006591796875,1585.5067138671875,100.0,6214.99755859375,6500.0,6500.0,0.0,,0.0,80.0,0.0,592.15283203125,999999.0,0.0,30.0,4500.0,4500.0,0.0,4500.0,120.0,,50.0,4997.43505859375,385.30718994140625,437.82373046875,50.0,0.0,6659.16650390625,,18455.30078125,999999.0,605.947998046875,4000.0,0.0,418.8790588378906,1386.4688720703125,50.0,13000.0,0.0,12928.8876953125,1000000.0,,,23405.75390625,400.0,0.0,0.0,938.1666870117188,400.0,8000.0,,1402.0,7672.89697265625,1000000.0,,1200.0,16000.0,0.0,0.0,0.0,1200.0,16000.0,0.0,18560.783203125,0.0,1350.0,1000000.0,0.0,675.0,2700.0,,,0.0
1963-04-28,50.0,4000.0,0.0,337.0622253417969,50.0,0.0,,4000.0,75.0,3000.0,272.6235046386719,441.0,50.0,3000.0,3000.0,3000.0,0.0,,0.0,300.0,0.0,0.0,0.0,300.0,0.0,0.0,3000.0,1000000.0,,828.0,3000.0,1500.0,15687.6962890625,0.0,0.0,0.0,0.0,23738.1484375,0.0,15824.8955078125,1050.0,1000000.0,0.0,0.0,,,190.0,6327.49609375,1194.5372314453125,1492.993408203125,100.0,6327.49609375,6500.0,6500.0,0.0,,0.0,80.0,0.0,574.5880126953125,999999.0,0.0,30.0,4500.0,4500.0,0.0,4500.0,120.0,,50.0,4997.419921875,481.94879150390625,534.7735595703125,50.0,0.0,6642.7138671875,,18525.599609375,999999.0,660.4772338867188,4000.0,0.0,557.3211059570312,1330.0196533203125,50.0,13000.0,0.0,12958.8896484375,1000000.0,,,23750.869140625,400.0,0.0,0.0,667.6944580078125,400.0,8000.0,,1350.0,7672.89697265625,1000000.0,,1200.0,16000.0,0.0,0.0,0.0,1200.0,16000.0,0.0,18585.412109375,0.0,1350.0,1000000.0,0.0,675.0,2700.0,,,0.0
1963-04-29,50.0,4000.0,0.0,462.39556884765625,50.0,0.0,,4000.0,75.0,3000.0,184.823486328125,403.3055419921875,50.0,3000.0,3000.0,3000.0,0.0,,0.0,300.0,0.0,0.0,0.0,300.0,0.0,0.0,3000.0,1000000.0,,954.0,3000.0,1500.0,15728.8125,0.0,0.0,0.0,0.0,24297.408203125,0.0,15667.0126953125,1050.0,1000000.0,0.0,0.0,,,190.0,6327.49755859375,1196.892578125,1726.5067138671875,100.0,6327.49755859375,6500.0,6500.0,0.0,,0.0,80.0,0.0,564.0358276367188,999999.0,0.0,30.0,4500.0,4500.0,0.0,4500.0,120.0,,50.0,4997.41015625,481.74365234375,534.7738647460938,50.0,0.0,6507.54248046875,,18575.80078125,999999.0,433.5433349609375,4000.0,0.0,824.622802734375,1586.94384765625,50.0,13000.0,0.0,12986.265625,1000000.0,,,23756.380859375,400.0,0.0,0.0,660.9027709960938,400.0,8000.0,,1560.0,7672.89697265625,1000000.0,,1200.0,16000.0,0.0,0.0,0.0,1200.0,16000.0,0.0,18640.94921875,0.0,1350.0,1000000.0,0.0,675.0,2700.0,,,0.0
1963-04-30,50.0,4000.0,174.3109130859375,576.5205688476562,50.0,0.0,,4000.0,75.0,3000.0,299.9117431640625,431.0032958984375,50.0,3000.0,3000.0,3000.0,0.0,,0.0,300.0,0.0,0.0,0.0,300.0,0.0,0.0,3000.0,1000000.0,,1040.0,3000.0,1500.0,15759.8037109375,0.0,0.0,0.0,0.0,24531.091796875,0.0,15502.6669921875,1050.0,1000000.0,0.0,0.0,,,190.0,6439.99609375,1408.4627685546875,1714.993408203125,100.0,6439.99609375,6500.0,6500.0,0.0,,0.0,80.0,0.0,803.1766357421875,999999.0,0.0,30.0,4500.0,4500.0,0.0,4500.0,120.0,,50.0,4997.4033203125,1097.12890625,1947.784423828125,50.0,0.0,6409.302734375,,18544.69921875,999999.0,344.42596435546875,4000.0,0.0,1054.8267822265625,1766.490478515625,50.0,13000.0,0.0,13000.0,1000000.0,,,23748.947265625,400.0,0.0,0.0,503.8333435058594,400.0,8000.0,,1613.0,7672.89697265625,1000000.0,,1200.0,16000.0,0.0,0.0,0.0,1200.0,16000.0,0.0,18372.052734375,0.0,1350.0,1000000.0,0.0,675.0,2700.0,,,0.0
1963-05-01,50.0,4000.0,335.31329345703125,666.5419311523438,50.0,0.0,,4000.0,75.0,3000.0,196.83541870117188,417.3077392578125,50.0,3000.0,3000.0,3000.0,0.0,,0.0,300.0,0.0,0.0,0.0,300.0,0.0,0.0,3000.0,1000000.0,,1080.0,3000.0,1646.0,15805.3603515625,0.0,0.0,0.0,0.0,24919.71875,0.0,15205.0703125,1050.0,1000000.0,0.0,0.0,,,190.0,6439.99755859375,936.006591796875,1438.81787109375,100.0,6439.99755859375,6500.0,6500.0,0.0,,0.0,80.0,0.0,736.7551879882812,999999.0,0.0,30.0,4500.0,4500.0,0.0,4500.0,120.0,,50.0,4997.39892578125,630.8013916015625,684.059814453125,50.0,0.0,6674.2470703125,,18589.30078125,999999.0,287.4418640136719,4000.0,0.0,1462.3822021484375,2174.11767578125,50.0,13000.0,0.0,13000.0,1000000.0,,,23537.541015625,400.0,0.0,0.0,312.0833435058594,400.0,8000.0,1800.0,1633.0,7672.89697265625,1000000.0,,1200.0,16000.0,0.0,0.0,0.0,1200.0,16000.0,0.0,18372.939453125,0.0,1350.0,1000000.0,0.0,675.0,2700.0,,,0.0
1963-05-02,50.0,4000.0,533.60107421875,1105.1529541015625,50.0,0.0,,4000.0,75.0,3000.0,627.8408203125,843.9959106445312,50.0,3000.0,3000.0,3000.0,0.0,,0.0,300.0,0.0,0.0,0.0,300.0,0.0,0.0,3000.0,1000000.0,,0.0,3000.0,1646.0,15868.73828125,0.0,0.0,0.0,0.0,25446.21484375,0.0,14648.5400390625,1050.0,1000000.0,0.0,0.0,,,190.0,6500.0,2009.4627685546875,2315.993408203125,100.0,6500.0,6500.0,6500.0,0.0,,0.0,80.0,0.0,1270.8382568359375,999999.0,0.0,30.0,4500.0,4500.0,0.0,4500.0,120.0,,50.0,4996.93115234375,566.6151123046875,629.4530639648438,50.0,0.0,6655.9150390625,,18310.900390625,999999.0,0.0,4000.0,0.0,2229.497314453125,3657.073486328125,50.0,13000.0,0.0,13000.0,1000000.0,,,22268.45703125,400.0,0.0,0.0,406.9444580078125,400.0,8000.0,1800.0,1835.0,7668.56298828125,1000000.0,,1200.0,16000.0,0.0,0.0,0.0,1200.0,16000.0,0.0,17580.4765625,0.0,1350.0,1000000.0,0.0,675.0,2700.0,,,0.0
1963-05-03,50.0,4000.0,655.4947509765625,1114.069091796875,50.0,0.0,,4000.0,75.0,3000.0,639.1611328125,873.9334106445312,50.0,3000.0,3000.0,3000.0,0.0,,0.0,300.0,0.0,0.0,0.0,300.0,0.0,0.0,3000.0,1000000.0,,0.0,3000.0,1646.0,15968.796875,0.0,0.0,0.0,0.0,26039.189453125,0.0,14772.416015625,1050.0,1000000.0,0.0,0.0,,,190.0,6500.0,2306.220703125,2969.81787109375,100.0,6500.0,6500.0,6500.0,0.0,,0.0,80.0,0.0,1340.0491943359375,999999.0,0.0,30.0,4500.0,4500.0,0.0,4500.0,120.0,,50.0,4996.619140625,608.239501953125,677.461181640625,50.0,0.0,6549.75537109375,,17919.599609375,999999.0,0.0,4000.0,0.0,2266.81396484375,3348.848876953125,50.0,13000.0,0.0,13000.0,1000000.0,,,21986.443359375,400.0,0.0,0.0,629.138916015625,400.0,8000.0,1800.0,2387.0,7672.89697265625,1000000.0,,1200.0,16000.0,0.0,0.0,0.0,1200.0,16000.0,0.0,16899.916015625,0.0,1350.0,1000000.0,0.0,675.0,2700.0,,,0.0
1963-05-04,50.0,4000.0,229.04403686523438,787.1710815429688,50.0,0.0,,4000.0,75.0,3000.0,513.8029174804688,657.9977416992188,50.0,3000.0,3000.0,3000.0,0.0,,0.0,300.0,0.0,0.0,0.0,300.0,0.0,0.0,3000.0,1000000.0,,0.0,3000.0,1646.0,16052.1533203125,0.0,0.0,0.0,0.0,27126.0078125,0.0,15026.755859375,1050.0,1000000.0,0.0,0.0,,,190.0,6500.0,1780.5372314453125,2078.99609375,100.0,6500.0,6500.0,6500.0,0.0,,0.0,80.0,0.0,1604.9605712890625,999999.0,0.0,30.0,4500.0,4500.0,0.0,4500.0,120.0,,50.0,4996.41162109375,552.0404663085938,625.5161743164062,50.0,0.0,6516.8310546875,,18281.19921875,999999.0,0.0,4000.0,0.0,1920.1529541015625,2584.736572265625,50.0,13000.0,0.0,13000.0,1000000.0,,,23083.71484375,400.0,0.0,0.0,96.66666412353516,400.0,8000.0,1800.0,2073.0,7672.89697265625,1000000.0,,1200.0,16000.0,0.0,0.0,0.0,1200.0,16000.0,0.0,17274.388671875,0.0,1350.0,1000000.0,0.0,675.0,2700.0,,,0.0
1963-05-05,50.0,4000.0,920.855224609375,1256.61474609375,50.0,0.0,,4000.0,75.0,3000.0,948.1593627929688,1182.9345703125,50.0,1773.096435546875,2753.5068359375,2835.44921875,0.0,,0.0,300.0,0.0,0.0,0.0,300.0,0.0,0.0,3000.0,1000000.0,,0.0,3000.0,1646.0,16137.5693359375,0.0,0.0,0.0,0.0,27937.748046875,0.0,14120.3330078125,1050.0,1000000.0,0.0,0.0,,,190.0,6500.0,2657.00390625,3162.508544921875,100.0,4615.14453125,5965.931640625,6143.47314453125,0.0,,0.0,80.0,0.0,1471.4583740234375,999999.0,0.0,30.0,4500.0,4500.0,0.0,4500.0,120.0,,50.0,4996.27294921875,1494.088134765625,1570.398681640625,50.0,0.0,5403.6630859375,,18572.099609375,999999.0,0.0,4000.0,0.0,3090.703369140625,3735.046630859375,50.0,13000.0,0.0,13000.0,1000000.0,,,21139.544921875,400.0,0.0,0.0,544.1944580078125,400.0,7561.19775390625,1800.0,2739.0,7672.89697265625,1000000.0,,1200.0,16000.0,0.0,0.0,578.973388671875,1200.0,15122.3955078125,0.0,16799.91015625,0.0,1350.0,1000000.0,0.0,675.0,2700.0,,,0.0
1963-05-06,50.0,4000.0,1376.9205322265625,2190.201416015625,50.0,0.0,,4000.0,75.0,3000.0,2141.541748046875,2883.99951171875,50.0,765.1161499023438,765.1161499023438,1508.0640869140625,0.0,,0.0,300.0,0.0,0.0,0.0,300.0,0.0,0.0,3000.0,1000000.0,,0.0,3000.0,1646.0,16274.9482421875,0.0,0.0,0.0,3430.225830078125,18372.697265625,0.0,12755.8798828125,1050.0,1000000.0,0.0,0.0,,,190.0,6500.0,6090.05712890625,8410.99609375,100.0,1657.751708984375,1657.751708984375,3267.47216796875,0.0,,0.0,80.0,0.0,3192.103515625,999999.0,0.0,30.0,4500.0,4500.0,0.0,4500.0,120.0,,50.0,4996.1806640625,3285.42041015625,3363.6201171875,50.0,0.0,3997.79345703125,,16049.7998046875,999999.0,0.0,4000.0,0.0,5932.2431640625,8415.6455078125,50.0,9479.9462890625,0.0,13000.0,1000000.0,,,15943.982421875,400.0,0.0,0.0,3430.416748046875,400.0,4021.504150390625,1800.0,5800.0,7672.89697265625,1000000.0,,1200.0,16000.0,0.0,0.0,6801.64404296875,1200.0,8043.00830078125,1565.64501953125,11562.4326171875,0.0,1350.0,1000000.0,0.0,675.0,2700.0,,,0.0
1963-05-07,50.0,4000.0,1055.4967041015625,2077.449462890625,50.0,0.0,,4000.0,75.0,3000.0,2159.471435546875,3258.078857421875,50.0,1534.176513671875,1067.338134765625,1709.817626953125,0.0,,0.0,300.0,0.0,0.0,0.0,300.0,0.0,0.0,3242.64453125,1000000.0,,0.0,3242.64453125,1646.0,16500.0,0.0,0.0,0.0,6413.0,28466.517578125,0.0,14590.763671875,1050.0,1000000.0,0.0,0.0,,,190.0,6500.0,6255.9609375,9281.58203125,100.0,3496.357177734375,2312.56591796875,3704.604736328125,0.0,,0.0,80.0,0.0,2568.08154296875,999999.0,0.0,30.0,4500.0,4500.0,0.0,4500.0,120.0,,50.0,4996.119140625,3192.25341796875,4265.1845703125,50.0,0.0,4193.16357421875,,15409.7998046875,999999.0,0.0,4000.0,0.0,4886.27294921875,8102.45361328125,50.0,13000.0,0.0,13000.0,1000000.0,,,16128.490234375,400.0,0.0,0.0,3576.7763671875,400.0,4559.513671875,1800.0,7350.49609375,7718.53564453125,1000000.0,,1200.0,16000.0,0.0,7064.87646484375,12014.4072265625,1200.0,9119.02734375,13853.943359375,10472.9599609375,0.0,1350.0,1000000.0,0.0,782.822509765625,3131.2900390625,,,0.0
1963-05-08,50.0,4000.0,630.346923828125,1275.327392578125,50.0,0.0,,4000.0,75.0,3000.0,1835.864013671875,2440.471435546875,50.0,2424.078857421875,2625.43896484375,2749.955322265625,0.0,,1962.3150634765625,300.0,0.0,0.0,0.0,300.0,0.0,0.0,3594.380126953125,1000000.0,,0.0,3594.380126953125,1646.0,16500.0,0.0,0.0,0.0,4973.0,32620.349609375,0.0,18451.935546875,1050.0,1000000.0,0.0,0.0,,,190.0,6500.0,5580.18896484375,7175.13623046875,100.0,5671.9091796875,5688.451171875,5958.236328125,0.0,,3607.55078125,80.0,0.0,2135.3876953125,999999.0,0.0,30.0,4500.0,4500.0,0.0,4500.0,120.0,,50.0,4998.4228515625,2318.49560546875,3367.59130859375,50.0,0.0,5159.3310546875,,17395.900390625,999999.0,0.0,4000.0,0.0,4250.8486328125,5947.44580078125,50.0,13000.0,0.0,13000.0,1000000.0,,,20702.697265625,400.0,0.0,0.0,2052.799560546875,400.0,7333.2138671875,0.0,6719.982421875,7744.02001953125,1000000.0,,1200.0,16000.0,0.0,9710.546875,13408.7412109375,1200.0,14666.427734375,20190.763671875,11913.259765625,0.0,1350.0,1000000.0,0.0,3532.438232421875,14129.7529296875,,,0.0
1963-05-09,50.0,4000.0,626.780029296875,993.5382690429688,50.0,0.0,,4000.0,75.0,3000.0,1389.8778076171875,1752.9681396484375,50.0,2784.4951171875,3000.0,3000.0,0.0,,1246.61572265625,300.0,0.0,0.0,0.0,300.0,0.0,0.0,3844.72265625,1000000.0,,0.0,3844.72265625,1646.0,16500.0,0.0,0.0,0.0,3976.0,32370.20703125,0.0,20107.53125,1050.0,1000000.0,0.0,0.0,,,190.0,6500.0,4212.76953125,5067.556640625,100.0,6500.0,6500.0,6500.0,0.0,,1240.65869140625,80.0,0.0,1846.925048828125,999999.0,0.0,30.0,4500.0,4500.0,0.0,4500.0,120.0,,50.0,4997.61328125,1637.5703125,1957.6561279296875,50.0,0.0,6078.873046875,,17934.69921875,999999.0,0.0,4000.0,0.0,3747.232421875,4614.6630859375,50.0,13000.0,0.0,13000.0,1000000.0,,,22214.34765625,400.0,0.0,0.0,0.0,400.0,8000.0,0.0,2976.0,7672.89697265625,1000000.0,,1200.0,16000.0,0.0,8035.58837890625,11634.6513671875,1200.0,16000.0,19832.46484375,13156.890625,0.0,1350.0,1000000.0,0.0,5956.6298828125,23826.51953125,,,0.0
1963-05-10,50.0,4000.0,150.59352111816406,699.1505126953125,50.0,0.0,,4000.0,75.0,3000.0,1062.03662109375,1310.7935791015625,50.0,3000.0,3000.0,3000.0,0.0,,385.33551025390625,300.0,0.0,0.0,0.0,300.0,0.0,0.0,4034.435302734375,1000000.0,,0.0,4034.435302734375,1646.0,16500.0,0.0,0.0,0.0,3618.0,32211.078125,0.0,20573.330078125,1050.0,1000000.0,0.0,0.0,,,190.0,6500.0,3295.367919921875,3689.640380859375,100.0,6500.0,6500.0,6500.0,0.0,,0.0,80.0,0.0,1654.61669921875,999999.0,0.0,30.0,4500.0,4500.0,0.0,4500.0,120.0,,50.0,4997.07373046875,1277.9534912109375,1582.9337158203125,50.0,0.0,6679.263671875,,18057.0,999999.0,0.0,4000.0,0.0,3308.155029296875,3563.08544921875,50.0,13000.0,0.0,13000.0,1000000.0,,,23001.208984375,400.0,0.0,0.0,0.0,400.0,8000.0,0.0,2486.0,7672.89697265625,1000000.0,,1200.0,16000.0,0.0,4036.281494140625,7070.5888671875,1200.0,16000.0,14623.78125,14402.857421875,0.0,1350.0,1000000.0,0.0,6578.4453125,26313.78125,,,0.0
1963-05-11,50.0,4000.0,625.0694580078125,719.4110107421875,50.0,0.0,,4000.0,75.0,3000.0,817.6482543945312,1075.414794921875,50.0,3000.0,3000.0,3000.0,0.0,,0.0,300.0,0.0,0.0,0.0,300.0,0.0,0.0,4181.046875,1000000.0,,0.0,4181.046875,1646.0,16500.0,0.0,0.0,0.0,3754.0,32267.634765625,0.0,20970.169921875,1050.0,1000000.0,0.0,0.0,,,190.0,6500.0,2570.4150390625,3095.0009765625,100.0,6500.0,6500.0,6500.0,0.0,,0.0,80.0,0.0,1463.077880859375,999999.0,0.0,30.0,4500.0,4500.0,0.0,4500.0,120.0,,50.0,4996.71435546875,997.2513427734375,1332.1875,50.0,0.0,6783.81396484375,,18157.19921875,999999.0,0.0,4000.0,0.0,2918.77001953125,3213.700439453125,50.0,13000.0,0.0,13000.0,1000000.0,,,23170.09375,400.0,0.0,0.0,0.0,400.0,8000.0,0.0,2405.0,7672.89697265625,1000000.0,,1200.0,16000.0,0.0,0.0,3432.859619140625,1200.0,16000.0,7109.30908203125,16899.3984375,0.0,1350.0,1000000.0,0.0,7201.4287109375,28805.71484375,,,0.0
1963-05-12,50.0,4000.0,556.59912109375,609.6072998046875,50.0,0.0,,4000.0,75.0,3000.0,635.7339477539062,880.9833984375,50.0,3000.0,3000.0,3000.0,0.0,,0.0,300.0,0.0,0.0,0.0,300.0,0.0,0.0,4312.96337890625,1000000.0,,0.0,4312.96337890625,1646.0,16500.0,0.0,0.0,0.0,3466.0,32150.40625,0.0,21036.537109375,1050.0,1000000.0,0.0,0.0,,,190.0,6500.0,1988.085205078125,2707.536376953125,100.0,6500.0,6500.0,6500.0,0.0,,0.0,80.0,0.0,1267.38525390625,999999.0,0.0,30.0,4500.0,4500.0,0.0,4500.0,120.0,,50.0,4996.47509765625,764.4598999023438,883.7181396484375,50.0,0.0,6861.1025390625,,18193.5,999999.0,0.0,4000.0,0.0,2592.51318359375,2844.110595703125,50.0,13000.0,0.0,13000.0,1000000.0,,,23322.71875,400.0,0.0,0.0,0.0,400.0,8000.0,0.0,2182.0,7672.89697265625,1000000.0,,1200.0,16000.0,0.0,0.0,3294.876953125,1200.0,16000.0,6762.63037109375,19204.26171875,0.0,1350.0,1000000.0,0.0,3600.71435546875,14402.857421875,,,0.0
1963-05-13,50.0,4000.0,520.981689453125,538.7382202148438,50.0,0.0,,4000.0,75.0,3000.0,495.7911071777344,723.3720703125,50.0,3000.0,3000.0,3000.0,0.0,,0.0,300.0,0.0,0.0,0.0,300.0,0.0,0.0,4428.5712890625,1000000.0,,0.0,4428.5712890625,1646.0,16500.0,0.0,0.0,0.0,3092.0,32003.556640625,0.0,21313.828125,1050.0,1000000.0,0.0,0.0,,,190.0,6500.0,1570.5784912109375,2188.825927734375,100.0,6500.0,6500.0,6500.0,0.0,,0.0,80.0,0.0,1090.9234619140625,999999.0,0.0,30.0,4500.0,4500.0,0.0,4500.0,120.0,,50.0,4996.3154296875,616.4869995117188,744.100830078125,50.0,0.0,6846.02734375,,18353.0,999999.0,123.5999755859375,4000.0,0.0,2361.675537109375,2499.939453125,50.0,13000.0,0.0,13000.0,1000000.0,,,23782.451171875,400.0,0.0,0.0,0.0,400.0,8000.0,0.0,1940.0,7672.89697265625,1000000.0,,1200.0,16000.0,0.0,0.0,1862.3243408203125,1200.0,16000.0,5391.4912109375,18530.359375,0.0,1350.0,1000000.0,0.0,3381.315185546875,13525.2607421875,,,0.0
1963-05-14,50.0,4000.0,496.24346923828125,516.4921264648438,50.0,0.0,,4000.0,75.0,3000.0,390.16253662109375,608.8931274414062,50.0,3000.0,3000.0,3000.0,0.0,,0.0,300.0,0.0,0.0,0.0,300.0,0.0,0.0,4524.8642578125,1000000.0,,0.0,4524.8642578125,1646.0,16500.0,0.0,0.0,0.0,2823.0,31898.93359375,0.0,21326.337890625,1050.0,1000000.0,0.0,0.0,,,190.0,6500.0,1239.86083984375,1750.80810546875,100.0,6500.0,6500.0,6500.0,0.0,,0.0,80.0,0.0,940.6156616210938,999999.0,0.0,30.0,4500.0,4500.0,0.0,4500.0,120.0,,50.0,4996.208984375,528.3922729492188,635.9948120117188,50.0,0.0,6790.21142578125,,18440.400390625,999999.0,266.800048828125,4000.0,0.0,2157.78369140625,2226.047607421875,50.0,13000.0,0.0,13000.0,1000000.0,,,23956.865234375,400.0,0.0,0.0,0.0,400.0,8000.0,0.0,1769.0,7672.89697265625,1000000.0,,1200.0,16000.0,0.0,0.0,1347.5655517578125,1200.0,16000.0,4876.73193359375,19702.814453125,0.0,1350.0,1000000.0,0.0,2695.74560546875,10782.982421875,,,0.0
1963-05-15,50.0,4000.0,500.7513427734375,522.6614379882812,50.0,0.0,,4000.0,75.0,3000.0,341.7750244140625,513.4722290039062,50.0,3000.0,3000.0,3000.0,0.0,,0.0,300.0,0.0,0.0,0.0,300.0,0.0,0.0,4616.5703125,1000000.0,,0.0,4616.5703125,1646.0,16500.0,0.0,0.0,0.0,2965.0,31954.10546875,0.0,21421.998046875,1050.0,1000000.0,0.0,0.0,,,190.0,6500.0,1032.7437744140625,1518.0294189453125,100.0,6500.0,6500.0,6500.0,0.0,,0.0,80.0,0.0,818.7437744140625,999999.0,0.0,30.0,4500.0,4500.0,0.0,4500.0,120.0,,50.0,4996.13818359375,362.17913818359375,441.2530517578125,50.0,0.0,6787.93994140625,,18527.5,999999.0,302.699951171875,4000.0,0.0,2025.1890869140625,2113.453125,50.0,13000.0,0.0,13000.0,1000000.0,,,24188.708984375,400.0,0.0,0.0,0.0,400.0,8000.0,0.0,1648.0,7672.89697265625,1000000.0,,1200.0,16000.0,0.0,0.0,1326.1705322265625,1200.0,16000.0,4855.33740234375,19114.291015625,0.0,1350.0,1000000.0,0.0,2438.365966796875,9753.4638671875,,,0.0
1963-05-16,50.0,4000.0,471.08990478515625,494.10760498046875,50.0,0.0,,4000.0,75.0,3000.0,309.5166931152344,434.513916015625,50.0,3000.0,3000.0,3000.0,0.0,,0.0,300.0,0.0,0.0,0.0,300.0,0.0,0.0,4703.88427734375,1000000.0,,0.0,4703.88427734375,1646.0,16500.0,0.0,0.0,0.0,2686.0,31856.453125,0.0,21470.30078125,1050.0,1000000.0,0.0,0.0,,,190.0,6500.0,886.6561889648438,1267.9315185546875,100.0,6500.0,6500.0,6500.0,0.0,,0.0,80.0,0.0,724.1625366210938,999999.0,0.0,30.0,4500.0,4500.0,0.0,4500.0,120.0,,50.0,4996.0908203125,400.7442626953125,480.7854309082031,50.0,0.0,6733.0625,,18576.19921875,999999.0,0.0,4000.0,0.0,1970.1260986328125,1921.7232666015625,50.0,13000.0,0.0,13000.0,1000000.0,,,24217.15625,400.0,0.0,0.0,0.0,400.0,8000.0,0.0,1615.0,7672.89697265625,1000000.0,,1200.0,16000.0,0.0,0.0,679.3921508789062,1200.0,16000.0,4208.55908203125,19575.677734375,0.0,1350.0,1000000.0,0.0,2427.668701171875,9710.6748046875,,,0.0
1963-05-17,50.0,4000.0,504.9822998046875,528.7384033203125,50.0,0.0,,4000.0,75.0,3000.0,280.3444519042969,323.9750061035156,50.0,3000.0,3000.0,3000.0,0.0,,0.0,300.0,0.0,0.0,0.0,300.0,0.0,0.0,4790.20654296875,1000000.0,,0.0,4790.20654296875,1646.0,16500.0,0.0,0.0,0.0,2396.0,31893.611328125,0.0,21580.107421875,1050.0,1000000.0,0.0,0.0,,,190.0,6500.0,758.6072998046875,1199.22119140625,100.0,6500.0,6500.0,6500.0,0.0,,0.0,80.0,0.0,643.441650390625,999999.0,0.0,30.0,4500.0,4500.0,0.0,4500.0,120.0,,50.0,4996.05908203125,319.79437255859375,400.4801330566406,50.0,0.0,6748.1201171875,,18671.599609375,999999.0,0.0,4000.0,0.0,1913.4173583984375,1858.347900390625,50.0,13000.0,0.0,13000.0,1000000.0,,,24348.939453125,400.0,0.0,0.0,0.0,400.0,8000.0,0.0,1772.0,7672.89697265625,1000000.0,,1200.0,16000.0,0.0,0.0,762.3544311523438,1200.0,16000.0,4291.52099609375,19316.876953125,0.0,1350.0,1000000.0,0.0,2104.279541015625,8417.1181640625,,,0.0
1963-05-18,50.0,4000.0,553.1507568359375,588.4922485351562,50.0,0.0,,4000.0,75.0,3000.0,250.89630126953125,267.8268737792969,50.0,3000.0,3000.0,3000.0,0.0,,0.0,300.0,0.0,0.0,0.0,300.0,0.0,0.0,4887.3671875,1000000.0,,0.0,4887.3671875,1646.0,16500.0,0.0,0.0,0.0,3010.0,31971.578125,0.0,21391.990234375,1050.0,1000000.0,0.0,0.0,,,190.0,6500.0,747.7381591796875,1134.5020751953125,100.0,6500.0,6500.0,6500.0,0.0,,0.0,80.0,0.0,574.29443359375,999999.0,0.0,30.0,4500.0,4500.0,0.0,4500.0,120.0,,50.0,4996.0380859375,244.16604614257812,325.2813415527344,50.0,0.0,6767.96875,,18693.900390625,999999.0,0.0,4000.0,0.0,1828.9449462890625,1907.2088623046875,50.0,13000.0,0.0,13000.0,1000000.0,,,24228.859375,400.0,0.0,0.0,0.0,400.0,8000.0,0.0,2053.0,7672.89697265625,1000000.0,,1200.0,16000.0,0.0,0.0,1260.9703369140625,1200.0,16000.0,4790.13720703125,19176.93359375,0.0,1350.0,1000000.0,0.0,2145.760498046875,8583.0419921875,,,0.0
1963-05-19,50.0,4000.0,508.6688537597656,563.3281860351562,50.0,0.0,,4000.0,75.0,3000.0,227.93087768554688,242.86141967773438,50.0,3000.0,3000.0,3000.0,0.0,,0.0,300.0,0.0,0.0,0.0,300.0,0.0,0.0,4997.56201171875,1000000.0,,0.0,4997.56201171875,1646.0,16500.0,0.0,0.0,0.0,3012.0,31972.353515625,0.0,21315.337890625,1050.0,1000000.0,0.0,0.0,,,190.0,6500.0,708.4921264648438,985.4310302734375,100.0,6500.0,6500.0,6500.0,0.0,,0.0,80.0,0.0,516.5296630859375,999999.0,0.0,30.0,4500.0,4500.0,0.0,4500.0,120.0,,50.0,4996.0244140625,306.8303527832031,397.1382141113281,50.0,0.0,6742.880859375,,18714.69921875,999999.0,0.0,4000.0,0.0,1722.6300048828125,1857.560546875,50.0,13000.0,0.0,13000.0,1000000.0,,,24302.57421875,400.0,0.0,0.0,0.0,400.0,8000.0,0.0,2183.0,7672.89697265625,1000000.0,,1200.0,16000.0,0.0,0.0,1963.915283203125,1200.0,16000.0,5493.08203125,19254.76953125,0.0,1350.0,1000000.0,0.0,2395.068603515625,9580.2744140625,,,0.0
1963-05-20,50.0,4000.0,461.5594482421875,507.2187805175781,50.0,0.0,,4000.0,75.0,3000.0,220.95391845703125,210.8844757080078,50.0,3000.0,3000.0,3000.0,0.0,,0.0,300.0,0.0,0.0,0.0,300.0,0.0,0.0,5064.3935546875,1000000.0,,0.0,5064.3935546875,1646.0,16500.0,0.0,0.0,0.0,3428.0,32135.556640625,0.0,21354.0625,1050.0,1000000.0,0.0,0.0,,,190.0,6500.0,668.9947509765625,837.7503051757812,100.0,6500.0,6500.0,6500.0,0.0,,0.0,80.0,0.0,468.6864318847656,999999.0,0.0,30.0,4500.0,4500.0,0.0,4500.0,120.0,,50.0,4996.01513671875,146.38458251953125,227.97686767578125,50.0,0.0,6740.091796875,,18722.900390625,999999.0,0.0,4000.0,0.0,1605.086669921875,1743.3504638671875,50.0,13000.0,0.0,13000.0,1000000.0,,,24364.6484375,400.0,0.0,0.0,0.0,400.0,8000.0,0.0,2210.0,7672.89697265625,1000000.0,,1200.0,16000.0,0.0,0.0,2048.44482421875,1200.0,16000.0,5577.61181640625,19294.984375,0.0,1350.0,1000000.0,0.0,2746.541015625,10986.1640625,,,0.0
1963-05-21,50.0,4000.0,409.8198547363281,450.1458740234375,50.0,0.0,,4000.0,75.0,3000.0,198.96926879882812,191.23316955566406,50.0,3000.0,3000.0,3000.0,0.0,,0.0,300.0,0.0,0.0,0.0,300.0,0.0,0.0,5127.2958984375,1000000.0,,0.0,5127.2958984375,1646.0,16500.0,0.0,0.0,0.0,2961.0,31952.552734375,0.0,21785.26953125,1050.0,1000000.0,0.0,0.0,,,190.0,6500.0,603.9965209960938,660.9270629882812,100.0,6500.0,6500.0,6500.0,0.0,,0.0,80.0,0.0,424.79095458984375,999999.0,0.0,30.0,4500.0,4500.0,0.0,4500.0,120.0,,50.0,4996.0087890625,188.1939239501953,269.9132995605469,50.0,0.0,6756.16357421875,,18755.80078125,999999.0,0.0,4000.0,0.0,1456.724365234375,1611.655029296875,50.0,13000.0,0.0,13000.0,1000000.0,,,24547.2578125,400.0,0.0,0.0,0.0,400.0,8000.0,0.0,2158.0,7672.89697265625,1000000.0,,1200.0,16000.0,0.0,0.0,1928.4466552734375,1200.0,16000.0,5457.61328125,19338.220703125,0.0,1350.0,1000000.0,0.0,2788.805908203125,11155.2236328125,,,0.0
1963-05-22,50.0,4000.0,362.10455322265625,422.09722900390625,50.0,0.0,,4000.0,75.0,3000.0,185.64617919921875,210.5767364501953,50.0,3000.0,3000.0,3000.0,0.0,,0.0,300.0,0.0,0.0,0.0,300.0,0.0,0.0,5188.46728515625,1000000.0,,0.0,5188.46728515625,1646.0,16500.0,0.0,0.0,0.0,2943.0,31945.564453125,0.0,21934.44921875,1050.0,1000000.0,0.0,0.0,,,190.0,6500.0,530.664306640625,629.5949096679688,100.0,6500.0,6500.0,6500.0,0.0,,0.0,80.0,0.0,384.5273132324219,999999.0,0.0,30.0,4500.0,4500.0,0.0,4500.0,120.0,,50.0,4996.00439453125,192.099853515625,273.9039611816406,50.0,0.0,6752.32958984375,,18781.0,999999.0,88.9000244140625,4000.0,0.0,1311.149658203125,1489.4134521484375,50.0,13000.0,0.0,13000.0,1000000.0,,,24678.65234375,400.0,0.0,0.0,0.0,400.0,8000.0,0.0,1999.0,7672.89697265625,1000000.0,,1200.0,16000.0,0.0,0.0,1674.1639404296875,1200.0,16000.0,5203.33056640625,19309.951171875,0.0,1350.0,1000000.0,0.0,2728.806640625,10915.2265625,,,0.0
1963-05-23,50.0,4000.0,313.4054870605469,352.0648193359375,50.0,0.0,,4000.0,75.0,3000.0,174.76412963867188,165.69467163085938,50.0,3000.0,3000.0,3000.0,0.0,,0.0,300.0,0.0,0.0,0.0,300.0,0.0,0.0,5245.1982421875,1000000.0,,0.0,5245.1982421875,1646.0,16500.0,0.0,0.0,0.0,2402.0,31889.90234375,0.0,22184.9296875,1050.0,1000000.0,0.0,0.0,,,190.0,6500.0,466.7762145996094,533.3734741210938,100.0,6500.0,6500.0,6500.0,0.0,,0.0,80.0,0.0,349.68487548828125,999999.0,0.0,30.0,4500.0,4500.0,0.0,4500.0,120.0,,50.0,4996.001953125,141.0311737060547,222.8917236328125,50.0,0.0,6748.58837890625,,18788.80078125,999999.0,296.70001220703125,4000.0,0.0,1175.0997314453125,1299.0302734375,50.0,13000.0,0.0,13000.0,1000000.0,,,24869.994140625,400.0,0.0,0.0,0.0,400.0,8000.0,0.0,1633.0,7672.89697265625,1000000.0,,1200.0,16000.0,0.0,0.0,872.1864013671875,1200.0,16000.0,4401.35302734375,19495.296875,0.0,1350.0,1000000.0,0.0,2601.665283203125,10406.6611328125,,,0.0
1963-05-24,50.0,4000.0,276.050537109375,307.043212890625,50.0,0.0,,4000.0,75.0,3000.0,161.50941467285156,163.1066436767578,50.0,3000.0,3000.0,3000.0,0.0,,0.0,300.0,0.0,0.0,0.0,300.0,0.0,0.0,5290.666015625,1000000.0,,0.0,5290.666015625,1646.0,16500.0,0.0,0.0,0.0,2155.0,31748.623046875,0.0,22387.13671875,1050.0,1000000.0,0.0,0.0,,,190.0,6500.0,430.5174865722656,445.7813720703125,100.0,6500.0,6500.0,6500.0,0.0,,0.0,80.0,0.0,318.12322998046875,999999.0,0.0,30.0,4500.0,4500.0,0.0,4500.0,120.0,,50.0,4996.0,150.99476623535156,232.89292907714844,50.0,0.0,6739.88720703125,,18792.099609375,999999.0,437.5999755859375,4000.0,0.0,1059.3997802734375,1153.9970703125,50.0,13000.0,0.0,13000.0,1000000.0,,,25014.94140625,400.0,0.0,0.0,0.0,400.0,8000.0,0.0,1440.0,7672.89697265625,1000000.0,,1200.0,16000.0,0.0,0.0,71.72344207763672,1200.0,16000.0,3600.89013671875,19646.01171875,0.0,1350.0,1000000.0,0.0,2200.676513671875,8802.7060546875,,,0.0
1963-05-25,50.0,4000.0,250.0361328125,276.02880859375,50.0,0.0,,4000.0,75.0,3000.0,145.67294311523438,156.27017211914062,50.0,3000.0,3000.0,3000.0,0.0,,0.0,300.0,0.0,0.0,0.0,300.0,0.0,0.0,5328.99072265625,1000000.0,,0.0,5328.99072265625,1646.0,16500.0,0.0,0.0,0.0,1906.0,31684.642578125,0.0,22295.115234375,1050.0,1000000.0,0.0,0.0,,,190.0,6500.0,372.6783142089844,385.2755432128906,100.0,6500.0,6500.0,6500.0,0.0,,0.0,80.0,0.0,291.4154968261719,999999.0,0.0,30.0,4500.0,4500.0,0.0,4500.0,120.0,,50.0,4995.9990234375,79.95415496826172,161.87738037109375,50.0,0.0,6744.3955078125,,18802.099609375,999999.0,535.5,4000.0,0.0,962.2665405273438,1023.86376953125,50.0,13000.0,0.0,13000.0,1000000.0,,,25083.189453125,400.0,0.0,0.0,0.0,400.0,8000.0,0.0,1292.0,7672.89697265625,1000000.0,,1200.0,16000.0,0.0,0.0,0.0,1200.0,16000.0,3217.55419921875,19759.626953125,0.0,1350.0,1000000.0,0.0,1800.445068359375,7201.7802734375,,,0.0
1963-05-26,50.0,4000.0,219.8712615966797,240.0192108154297,50.0,0.0,,4000.0,75.0,3000.0,136.11529541015625,140.7125244140625,50.0,3000.0,3000.0,3000.0,0.0,,0.0,300.0,0.0,0.0,0.0,300.0,0.0,0.0,5359.162109375,1000000.0,,0.0,5359.162109375,1646.0,16500.0,0.0,0.0,0.0,1773.0,31667.2734375,0.0,22365.6015625,1050.0,1000000.0,0.0,0.0,,,190.0,6500.0,334.1188659667969,393.0494384765625,100.0,6500.0,6500.0,6500.0,0.0,,0.0,80.0,0.0,268.94366455078125,999999.0,0.0,30.0,4500.0,4500.0,0.0,4500.0,120.0,,50.0,4995.998046875,89.9291000366211,171.86903381347656,50.0,0.0,6735.814453125,,18807.19921875,999999.0,607.0999755859375,4000.0,0.0,879.5110473632812,929.1082763671875,50.0,13000.0,0.0,13000.0,1000000.0,,,25144.314453125,400.0,0.0,0.0,0.0,400.0,8000.0,0.0,1126.0,7672.89697265625,1000000.0,,1200.0,16000.0,0.0,0.0,0.0,1200.0,16000.0,2918.072998046875,19645.056640625,0.0,1350.0,1000000.0,0.0,1608.777099609375,6435.1083984375,,,0.0
1963-05-27,50.0,4000.0,208.85205078125,229.01280212402344,50.0,0.0,,4000.0,75.0,3000.0,130.0222625732422,119.34075164794922,50.0,3000.0,3000.0,3000.0,0.0,,0.0,300.0,0.0,0.0,0.0,300.0,0.0,0.0,5385.61083984375,1000000.0,,0.0,5385.61083984375,1646.0,16500.0,0.0,0.0,0.0,1855.0,31652.0390625,0.0,22373.6484375,1050.0,1000000.0,0.0,0.0,,,190.0,6500.0,306.0792541503906,300.0097961425781,100.0,6500.0,6500.0,6500.0,0.0,,0.0,80.0,0.0,249.6291046142578,999999.0,0.0,30.0,4500.0,4500.0,0.0,4500.0,120.0,,50.0,4995.99755859375,89.91239929199219,171.86346435546875,50.0,0.0,6732.1845703125,,18821.5,999999.0,665.5999755859375,4000.0,0.0,810.0073852539062,851.9379272460938,50.0,13000.0,0.0,13000.0,1000000.0,,,25185.52734375,400.0,0.0,0.0,0.0,400.0,8000.0,0.0,1090.0,7672.89697265625,1000000.0,,1200.0,16000.0,0.0,0.0,0.0,1200.0,16000.0,2558.73486328125,19835.400390625,0.0,1350.0,1000000.0,0.0,1459.0364990234375,5836.14599609375,,,0.0
1963-05-28,50.0,4000.0,192.83924865722656,213.00852966308594,50.0,0.0,,4000.0,75.0,3000.0,117.0,117.0,50.0,3000.0,3000.0,3000.0,0.0,,0.0,300.0,0.0,0.0,0.0,300.0,0.0,0.0,5409.1201171875,1000000.0,,0.0,5409.1201171875,1646.0,16500.0,0.0,0.0,0.0,1737.0,31642.359375,0.0,22289.51171875,1050.0,1000000.0,0.0,0.0,,,190.0,6500.0,281.0528259277344,283.6500549316406,100.0,6500.0,6500.0,6500.0,0.0,,0.0,80.0,0.0,233.75274658203125,999999.0,0.0,30.0,4500.0,4500.0,0.0,4500.0,120.0,,50.0,4995.9970703125,89.90127563476562,171.85975646972656,50.0,0.0,6739.35595703125,,18830.80078125,999999.0,702.5999755859375,4000.0,0.0,753.0048828125,783.9354858398438,50.0,13000.0,0.0,13000.0,1000000.0,,,25222.29296875,400.0,0.0,0.0,0.0,400.0,8000.0,0.0,1009.0,7672.89697265625,1000000.0,,1200.0,16000.0,0.0,0.0,0.0,1200.0,16000.0,2603.573486328125,19683.5078125,0.0,1350.0,1000000.0,0.0,1279.367431640625,5117.4697265625,,,0.0
1963-05-29,50.0,4000.0,176.83071899414062,197.0056915283203,50.0,0.0,,4000.0,75.0,3000.0,128.0,128.0,50.0,3000.0,3000.0,3000.0,0.0,,0.0,300.0,0.0,0.0,0.0,300.0,0.0,0.0,5429.0576171875,1000000.0,,0.0,5429.0576171875,1646.0,16500.0,0.0,0.0,0.0,1663.0,31413.7109375,0.0,22362.611328125,1050.0,1000000.0,0.0,0.0,,,190.0,6500.0,261.03521728515625,268.6324462890625,100.0,6500.0,6500.0,6500.0,0.0,,0.0,80.0,0.0,220.16848754882812,999999.0,0.0,30.0,4500.0,4500.0,0.0,4500.0,120.0,,50.0,4995.9970703125,89.89385986328125,171.85728454589844,50.0,0.0,6728.556640625,,18848.5,999999.0,730.0999755859375,4000.0,0.0,702.3366088867188,727.933837890625,50.0,13000.0,0.0,13000.0,1000000.0,,,25234.6796875,400.0,0.0,0.0,0.0,400.0,8000.0,0.0,974.0,7672.89697265625,1000000.0,,1200.0,16000.0,0.0,0.0,0.0,1200.0,16000.0,2378.10205078125,19744.30859375,0.0,1350.0,1000000.0,0.0,1301.7867431640625,5207.14697265625,,,0.0
1963-05-30,50.0,4000.0,160.8250274658203,181.00379943847656,50.0,0.0,,4000.0,75.0,3000.0,106.0,106.0,50.0,3000.0,3000.0,3000.0,0.0,,0.0,300.0,0.0,0.0,0.0,300.0,0.0,0.0,5447.97705078125,1000000.0,,0.0,5447.97705078125,1646.0,16500.0,0.0,0.0,0.0,1578.0,31374.712890625,0.0,22316.099609375,1050.0,1000000.0,0.0,0.0,,,190.0,6500.0,238.69015502929688,245.95404052734375,100.0,6500.0,6500.0,6500.0,0.0,,0.0,80.0,0.0,209.11233520507812,999999.0,0.0,30.0,4500.0,4500.0,0.0,4500.0,120.0,,50.0,4995.99658203125,44.888916015625,126.85564422607422,50.0,0.0,6749.72216796875,,18865.30078125,999999.0,762.2999877929688,4000.0,0.0,649.3032836914062,676.2338256835938,50.0,13000.0,0.0,13000.0,1000000.0,,,25251.775390625,400.0,0.0,0.0,0.0,400.0,8000.0,0.0,961.0,7672.89697265625,1000000.0,,1200.0,16000.0,0.0,0.0,0.0,1200.0,16000.0,2316.039306640625,19620.9375,0.0,1350.0,1000000.0,0.0,1189.051025390625,4756.2041015625,,,0.0
1963-05-31,50.0,4000.0,155.82122802734375,176.00253295898438,50.0,0.0,,4000.0,75.0,3000.0,117.06944274902344,125.0,50.0,3000.0,3000.0,3000.0,0.0,,0.0,300.0,0.0,0.0,0.0,300.0,0.0,0.0,5466.5439453125,1000000.0,,0.0,5466.5439453125,1646.0,16495.458984375,0.0,0.0,0.0,1423.0,31339.443359375,0.0,22289.625,1050.0,1000000.0,0.0,0.0,,,190.0,6500.0,232.46009826660156,233.39065551757812,100.0,6500.0,6500.0,6500.0,0.0,,0.0,80.0,0.0,202.74154663085938,999999.0,0.0,30.0,4500.0,4500.0,0.0,4500.0,120.0,,50.0,4995.99658203125,0.0,78.85453796386719,50.0,0.0,6752.24755859375,,18861.099609375,999999.0,795.7999877929688,4000.0,0.0,583.2032470703125,597.1338500976562,50.0,13000.0,0.0,13000.0,1000000.0,,,25241.693359375,400.0,0.0,0.0,0.0,400.0,8000.0,0.0,907.0,7672.89697265625,1000000.0,,1200.0,16000.0,0.0,0.0,0.0,1200.0,16000.0,2187.53515625,19696.109375,0.0,1350.0,1000000.0,0.0,1158.0196533203125,4632.07861328125,,,0.0
1963-06-01,63.811214447021484,4000.0,146.81869506835938,167.00169372558594,50.0,0.0,,4000.0,79.90560913085938,3000.0,90.0,90.0,50.0,3000.0,3000.0,3000.0,0.0,,0.0,424.6224365234375,0.0,0.0,0.0,300.0,0.0,0.0,5481.5703125,1000000.0,,0.0,5481.5703125,1426.0,16485.107421875,0.0,0.0,0.0,1251.0,31396.021484375,0.0,22212.322265625,1050.0,1000000.0,0.0,0.0,,,199.90560913085938,6500.0,219.7118682861328,202.57061767578125,100.0,6500.0,6500.0,6500.0,0.0,,0.0,97.7168197631836,0.0,190.27476501464844,999999.0,0.0,30.0,4500.0,4500.0,0.0,4500.0,120.0,,63.811214447021484,4995.99658203125,103.18743133544922,185.15780639648438,50.0,0.0,6764.474609375,,18873.0,999999.0,902.4000244140625,4000.0,0.0,364.60150146484375,502.20050048828125,50.0,13000.0,0.0,13000.0,1000000.0,,,25268.96484375,430.5280456542969,0.0,0.0,0.0,400.0,8000.0,0.0,812.0,7672.89697265625,1000000.0,,1250.3392333984375,16000.0,0.0,0.0,0.0,1200.0,16000.0,2064.14013671875,19631.078125,0.0,1350.0,1000000.0,0.0,1093.767578125,4375.0703125,,,0.0
1963-06-02,63.811214447021484,4000.0,146.8170166015625,167.00112915039062,50.0,0.0,,4000.0,79.90560913085938,3000.0,111.0,111.0,50.0,3000.0,3000.0,3000.0,0.0,,0.0,424.6224365234375,0.0,0.0,0.0,300.0,0.0,0.0,5488.85205078125,1000000.0,,0.0,5488.85205078125,1426.0,16488.3125,0.0,0.0,0.0,1352.0,31455.0703125,0.0,22306.7890625,1050.0,1000000.0,0.0,0.0,,,199.90560913085938,6500.0,220.0,220.0,100.0,6500.0,6500.0,6500.0,0.0,,0.0,97.7168197631836,0.0,190.0,999999.0,0.0,30.0,4500.0,4500.0,0.0,4500.0,120.0,,63.811214447021484,4995.626953125,0.0,74.35283660888672,50.0,0.0,6766.98291015625,,18889.099609375,999999.0,883.2999877929688,4000.0,0.0,26.201499938964844,384.73382568359375,50.0,13000.0,0.0,13000.0,1000000.0,,,25232.87109375,430.5280456542969,0.0,0.0,0.0,400.0,8000.0,0.0,865.0,7672.89697265625,1000000.0,,1250.3392333984375,16000.0,0.0,0.0,0.0,1200.0,16000.0,2048.016845703125,19688.544921875,0.0,1350.0,1000000.0,0.0,1032.070068359375,4128.2802734375,,,0.0
1963-06-03,63.811214447021484,4000.0,155.81588745117188,176.00074768066406,50.0,0.0,,4000.0,79.90560913085938,3000.0,113.0,113.0,50.0,3000.0,3000.0,3000.0,0.0,,0.0,424.6224365234375,0.0,0.0,0.0,300.0,0.0,0.0,5496.13330078125,1000000.0,,0.0,5496.13330078125,1426.0,16495.05859375,0.0,0.0,0.0,1302.0,31318.009765625,0.0,22295.388671875,1050.0,1000000.0,0.0,0.0,,,199.90560913085938,6500.0,255.0,255.0,100.0,6500.0,6500.0,6500.0,0.0,,0.0,97.7168197631836,0.0,220.0,999999.0,0.0,30.0,4500.0,4500.0,0.0,4500.0,120.0,,63.811214447021484,4995.38037109375,0.0,88.81051635742188,50.0,0.0,6774.9873046875,,18849.30078125,999999.0,823.5999755859375,4000.0,0.0,0.0,322.3005065917969,50.0,13000.0,0.0,13000.0,1000000.0,,,25201.8984375,430.5280456542969,0.0,0.0,0.0,400.0,8000.0,0.0,845.0,7672.89697265625,1000000.0,,1250.3392333984375,16000.0,0.0,0.0,0.0,1200.0,16000.0,2031.4398193359375,19504.548828125,0.0,1350.0,1000000.0,0.0,1024.0084228515625,4096.03369140625,,,0.0
1963-06-04,63.811214447021484,4000.0,141.8151397705078,162.00050354003906,50.0,0.0,,4000.0,79.90560913085938,3000.0,105.0,105.0,50.0,3000.0,3000.0,3000.0,0.0,,0.0,424.6224365234375,0.0,0.0,0.0,300.0,0.0,0.0,5505.2685546875,1000000.0,,0.0,5505.2685546875,1426.0,16491.71875,0.0,0.0,0.0,1258.0,31463.49609375,0.0,22290.62890625,1050.0,1000000.0,0.0,0.0,,,199.90560913085938,6500.0,265.0,265.0,100.0,6500.0,6500.0,6500.0,0.0,,0.0,97.7168197631836,0.0,196.0,999999.0,0.0,30.0,4500.0,4500.0,0.0,4500.0,120.0,,63.811214447021484,4995.21630859375,43.18958282470703,141.13052368164062,50.0,0.0,6761.94775390625,,18882.400390625,999999.0,892.9000244140625,4000.0,0.0,0.0,198.433837890625,50.0,13000.0,0.0,13000.0,1000000.0,,,25188.77734375,430.5280456542969,0.0,0.0,0.0,400.0,8000.0,0.0,818.0,7672.89697265625,1000000.0,,1250.3392333984375,16000.0,0.0,0.0,0.0,1200.0,16000.0,1989.8583984375,19532.484375,0.0,1350.0,1000000.0,0.0,1015.7199096679688,4062.879638671875,,,0.0
1963-06-05,63.811214447021484,4000.0,208.81463623046875,229.00033569335938,50.0,0.0,,4000.0,79.90560913085938,3000.0,136.0,136.0,50.0,3000.0,3000.0,3000.0,0.0,,0.0,424.6224365234375,0.0,0.0,0.0,300.0,0.0,0.0,5512.9853515625,1000000.0,,0.0,5512.9853515625,1426.0,16488.78125,0.0,0.0,0.0,1312.0,31454.2890625,0.0,22104.693359375,1050.0,1000000.0,0.0,0.0,,,199.90560913085938,6500.0,397.0,397.0,100.0,6500.0,6500.0,6500.0,0.0,,0.0,97.7168197631836,0.0,297.0,999999.0,0.0,30.0,4500.0,4500.0,0.0,4500.0,120.0,,63.811214447021484,4995.10693359375,39.83136749267578,140.01112365722656,50.0,0.0,6753.67626953125,,18829.599609375,999999.0,568.0999755859375,4000.0,0.0,0.0,184.1338348388672,50.0,13000.0,0.0,13000.0,1000000.0,,,25009.837890625,430.5280456542969,0.0,0.0,0.0,400.0,8000.0,0.0,982.0,7672.89697265625,1000000.0,,1250.3392333984375,16000.0,0.0,0.0,0.0,1200.0,16000.0,2304.345947265625,19310.69140625,0.0,1350.0,1000000.0,0.0,994.92919921875,3979.716796875,,,0.0
1963-06-06,63.811214447021484,4000.0,192.81430053710938,213.00022888183594,50.0,0.0,,4000.0,79.90560913085938,3000.0,131.06944274902344,146.0,50.0,3000.0,3000.0,3000.0,0.0,,0.0,424.6224365234375,0.0,0.0,0.0,300.0,0.0,0.0,5526.91015625,1000000.0,,0.0,5526.91015625,1426.0,16492.38671875,0.0,0.0,0.0,1248.0,31330.4609375,0.0,22113.111328125,1050.0,1000000.0,0.0,0.0,,,199.90560913085938,6500.0,416.7361145019531,502.0,100.0,6500.0,6500.0,6500.0,0.0,,0.0,97.7168197631836,0.0,293.40277099609375,999999.0,0.0,30.0,4500.0,4500.0,0.0,4500.0,120.0,,63.811214447021484,4995.0341796875,37.5937385559082,139.26524353027344,50.0,0.0,6765.10205078125,,18813.099609375,999999.0,661.2000122070312,4000.0,0.0,0.0,175.76718139648438,50.0,13000.0,0.0,13000.0,1000000.0,,,24986.892578125,430.5280456542969,0.0,0.0,0.0,400.0,8000.0,0.0,942.0,7672.89697265625,1000000.0,,1250.3392333984375,16000.0,0.0,0.0,0.0,1200.0,16000.0,2214.588623046875,19320.87890625,0.0,1350.0,1000000.0,0.0,1152.1729736328125,4608.69189453125,,,0.0
1963-06-07,63.811214447021484,4000.0,166.8140869140625,187.00015258789062,50.0,0.0,,4000.0,79.90560913085938,3000.0,111.0,111.0,50.0,3000.0,3000.0,3000.0,0.0,,0.0,424.6224365234375,0.0,0.0,0.0,300.0,0.0,0.0,5537.85595703125,1000000.0,,0.0,5537.85595703125,1426.0,16488.11328125,0.0,0.0,0.0,1122.0,31359.6171875,0.0,22092.04296875,1050.0,1000000.0,0.0,0.0,,,199.90560913085938,6500.0,340.40277099609375,397.0,100.0,6500.0,6500.0,6500.0,0.0,,0.0,97.7168197631836,0.0,268.9351806640625,999999.0,0.0,30.0,4500.0,4500.0,0.0,4500.0,120.0,,63.811214447021484,4994.98583984375,36.10276794433594,138.76824951171875,50.0,0.0,6766.6416015625,,18836.400390625,999999.0,771.0999755859375,4000.0,0.0,0.0,95.03384399414062,50.0,13000.0,0.0,13000.0,1000000.0,,,25078.271484375,430.5280456542969,0.0,0.0,0.0,400.0,8000.0,0.0,862.0,7672.89697265625,1000000.0,,1250.3392333984375,16000.0,0.0,0.0,0.0,1200.0,16000.0,2183.2373046875,19417.216796875,0.0,1350.0,1000000.0,0.0,1107.2943115234375,4429.17724609375,,,0.0
1963-06-08,63.811214447021484,4000.0,155.81393432617188,176.00009155273438,50.0,0.0,,4000.0,79.90560913085938,3000.0,111.0,111.0,50.0,3000.0,3000.0,3000.0,0.0,,0.0,424.6224365234375,0.0,0.0,0.0,300.0,0.0,0.0,5546.76708984375,1000000.0,,0.0,5546.76708984375,1426.0,16479.697265625,0.0,0.0,0.0,942.0,31099.853515625,0.0,21941.220703125,1050.0,1000000.0,0.0,0.0,,,199.90560913085938,6500.0,285.0694580078125,326.0,100.0,6500.0,6500.0,6500.0,0.0,,0.0,97.7168197631836,0.0,249.6234588623047,999999.0,0.0,30.0,4500.0,4500.0,0.0,4500.0,120.0,,63.811214447021484,4994.95361328125,0.0,88.41610717773438,50.0,0.0,6773.0048828125,,18877.099609375,999999.0,823.5999755859375,4000.0,0.0,0.0,0.0,50.0,13000.0,0.0,13000.0,1000000.0,,,25111.560546875,430.5280456542969,0.0,0.0,0.0,400.0,8000.0,0.0,796.0,7672.89697265625,1000000.0,,1250.3392333984375,16000.0,0.0,0.0,0.0,1200.0,16000.0,1853.2252197265625,19517.560546875,0.0,1350.0,1000000.0,0.0,1091.61865234375,4366.474609375,,,0.0
1963-06-09,63.811214447021484,4000.0,146.8138427734375,167.00006103515625,50.0,0.0,,4000.0,79.90560913085938,3000.0,107.73611450195312,116.0,50.0,3000.0,3000.0,3000.0,0.0,,0.0,424.6224365234375,0.0,0.0,0.0,300.0,0.0,0.0,5553.5439453125,1000000.0,,0.0,5553.5439453125,1426.0,16467.677734375,0.0,0.0,0.0,843.0,30935.421875,0.0,21790.962890625,1050.0,1000000.0,0.0,0.0,,,199.90560913085938,6500.0,250.06944274902344,273.0,100.0,6500.0,6500.0,6500.0,0.0,,0.0,97.7168197631836,0.0,230.7489776611328,999999.0,0.0,30.0,4500.0,4500.0,0.0,4500.0,120.0,,63.811214447021484,4994.931640625,0.0,91.17444610595703,50.0,0.0,6768.66748046875,,18877.30078125,999999.0,835.5999755859375,4000.0,0.0,0.0,0.0,50.0,13000.0,0.0,13000.0,1000000.0,,,25147.712890625,430.5280456542969,0.0,0.0,0.0,400.0,8000.0,0.0,731.0,7672.89697265625,1000000.0,,1250.3392333984375,16000.0,0.0,0.0,0.0,1200.0,16000.0,1838.8138427734375,19510.755859375,0.0,1350.0,1000000.0,0.0,926.6126098632812,3706.450439453125,,,0.0
1963-06-10,63.811214447021484,4000.0,141.8137664794922,162.0000457763672,50.0,0.0,,4000.0,79.90560913085938,3000.0,96.0,96.0,50.0,3000.0,3000.0,3000.0,0.0,,0.0,424.6224365234375,0.0,0.0,0.0,300.0,0.0,0.0,5559.7109375,1000000.0,,0.0,5559.7109375,1426.0,16461.064453125,0.0,0.0,0.0,722.0,30721.478515625,0.0,21654.712890625,1050.0,1000000.0,0.0,0.0,,,199.90560913085938,6500.0,229.40277099609375,231.0,100.0,6500.0,6500.0,6500.0,0.0,,0.0,97.7168197631836,0.0,214.16598510742188,999999.0,0.0,30.0,4500.0,4500.0,0.0,4500.0,120.0,,63.811214447021484,4994.91748046875,0.0,87.02742004394531,50.0,0.0,6766.015625,,18873.5,999999.0,840.2999877929688,4000.0,0.0,0.0,0.0,50.0,13000.0,0.0,13000.0,1000000.0,,,25143.19140625,430.5280456542969,0.0,0.0,0.0,400.0,8000.0,0.0,718.0,7672.89697265625,1000000.0,,1250.3392333984375,16000.0,0.0,0.0,0.0,1200.0,16000.0,2015.727294921875,19564.212890625,0.0,1350.0,1000000.0,0.0,919.4069213867188,3677.627685546875,,,0.0
1963-06-11,63.811214447021484,4000.0,131.813720703125,152.00003051757812,50.0,0.0,,4000.0,79.90560913085938,3000.0,86.0,86.0,50.0,3000.0,3000.0,3000.0,0.0,,0.0,424.6224365234375,0.0,0.0,0.0,300.0,0.0,0.0,5565.5732421875,1000000.0,,0.0,5565.5732421875,1426.0,16452.984375,0.0,0.0,0.0,649.0,30695.271484375,0.0,21631.517578125,1050.0,1000000.0,0.0,0.0,,,199.90560913085938,6500.0,209.40277099609375,221.0,100.0,6500.0,6500.0,6500.0,0.0,,0.0,97.7168197631836,0.0,198.11065673828125,999999.0,0.0,30.0,4500.0,4500.0,0.0,4500.0,120.0,,63.811214447021484,4994.90771484375,0.0,0.0,50.0,0.0,6766.18212890625,,18878.0,999999.0,888.0999755859375,4000.0,0.0,0.0,0.0,50.0,13000.0,0.0,13000.0,1000000.0,,,25189.83984375,430.5280456542969,0.0,0.0,0.0,400.0,8000.0,0.0,700.0,7672.89697265625,1000000.0,,1250.3392333984375,16000.0,0.0,0.0,0.0,1200.0,16000.0,1847.126953125,19717.240234375,0.0,1350.0,1000000.0,0.0,1007.8636474609375,4031.45458984375,,,0.0
1963-06-12,63.811214447021484,4000.0,122.8136978149414,143.00001525878906,50.0,0.0,,4000.0,79.90560913085938,3000.0,81.0,81.0,50.0,3000.0,3000.0,3000.0,0.0,,0.0,424.6224365234375,0.0,0.0,0.0,300.0,0.0,0.0,5569.9111328125,1000000.0,,0.0,5569.9111328125,1426.0,16448.109375,0.0,0.0,0.0,712.0,30673.599609375,0.0,21531.314453125,1050.0,1000000.0,0.0,0.0,,,199.90560913085938,6500.0,191.06944274902344,211.0,100.0,6500.0,6500.0,6500.0,0.0,,0.0,97.7168197631836,0.0,184.7404327392578,999999.0,0.0,30.0,4500.0,4500.0,0.0,4500.0,120.0,,63.811214447021484,4992.75634765625,0.0,21.880231857299805,50.0,0.0,6771.54638671875,,18875.099609375,999999.0,912.0,4000.0,0.0,0.0,0.0,50.0,13000.0,0.0,13000.0,1000000.0,,,25207.966796875,430.5280456542969,0.0,0.0,0.0,400.0,8000.0,0.0,673.0,7672.89697265625,1000000.0,,1250.3392333984375,16000.0,0.0,0.0,0.0,1200.0,16000.0,1677.3355712890625,19902.080078125,0.0,1350.0,1000000.0,0.0,923.5634765625,3694.25390625,,,0.0
1963-06-13,63.811214447021484,4000.0,118.86026763916016,134.00001525878906,50.0,0.0,,4000.0,79.90560913085938,3000.0,86.0,86.0,50.0,3000.0,3000.0,3000.0,0.0,,0.0,424.6224365234375,0.0,0.0,0.0,300.0,0.0,0.0,5572.724609375,1000000.0,,0.0,5572.724609375,1426.0,16452.31640625,0.0,0.0,0.0,600.0,30661.1328125,0.0,21604.36328125,1050.0,1000000.0,0.0,0.0,,,199.90560913085938,6500.0,165.73611450195312,171.0,100.0,6500.0,6500.0,6500.0,0.0,,0.0,97.7168197631836,0.0,171.49362182617188,999999.0,0.0,30.0,4500.0,4500.0,0.0,4500.0,120.0,,63.811214447021484,4992.10302734375,0.0,0.0,50.0,0.0,6780.8603515625,,18898.69921875,999999.0,935.9000244140625,4000.0,0.0,0.0,0.0,50.0,13000.0,0.0,13000.0,1000000.0,,,25251.638671875,430.5280456542969,0.0,0.0,0.0,400.0,8000.0,0.0,630.0,7672.89697265625,1000000.0,,1250.3392333984375,16000.0,0.0,0.0,0.0,1200.0,16000.0,1634.5367431640625,19755.677734375,0.0,1350.0,1000000.0,0.0,838.6677856445312,3354.671142578125,,,0.0
1963-06-14,63.811214447021484,4000.0,113.8602523803711,129.00001525878906,50.0,0.0,,4000.0,79.90560913085938,3000.0,76.0,76.0,50.0,3000.0,3000.0,3000.0,0.0,,0.0,424.6224365234375,0.0,0.0,0.0,300.0,0.0,0.0,5574.9287109375,1000000.0,,0.0,5574.9287109375,1426.0,16444.8359375,0.0,0.0,0.0,317.0,30546.423828125,0.0,21516.1015625,1050.0,1000000.0,0.0,0.0,,,199.90560913085938,6500.0,137.09439086914062,156.3647918701172,100.0,6500.0,6500.0,6500.0,0.0,,0.0,97.7168197631836,0.0,160.32908630371094,999999.0,0.0,30.0,4500.0,4500.0,0.0,4500.0,120.0,,63.811214447021484,4989.78857421875,0.0,0.0,50.0,0.0,6789.3310546875,,18907.69921875,999999.0,958.5,4000.0,0.0,0.0,0.0,50.0,13000.0,0.0,13000.0,1000000.0,,,25277.56640625,430.5280456542969,0.0,0.0,0.0,400.0,8000.0,0.0,626.0,7672.89697265625,1000000.0,,1250.3392333984375,16000.0,0.0,0.0,0.0,1200.0,16000.0,1564.0145263671875,19825.3828125,0.0,1350.0,1000000.0,0.0,817.2683715820312,3269.073486328125,,,0.0
1963-06-15,63.811214447021484,4000.0,104.86024475097656,120.00000762939453,50.0,0.0,,4000.0,79.90560913085938,3000.0,72.09439086914062,74.69812774658203,50.0,3000.0,3000.0,3000.0,0.0,,0.0,424.6224365234375,0.0,0.0,0.0,300.0,0.0,0.0,5575.9130859375,1000000.0,,0.0,5575.9130859375,1426.0,16426.48046875,0.0,0.0,0.0,68.0,30493.470703125,0.0,21236.333984375,1050.0,1000000.0,0.0,0.0,,,199.90560913085938,6500.0,72.18878936767578,114.06292724609375,100.0,6500.0,6500.0,6500.0,0.0,,0.0,97.7168197631836,0.0,151.21939086914062,999999.0,0.0,30.0,4500.0,4500.0,0.0,4500.0,120.0,,63.811214447021484,4989.07080078125,0.0,0.0,50.0,0.0,6794.49853515625,,18904.5,999999.0,976.5,4000.0,0.0,0.0,0.0,50.0,13000.0,0.0,13000.0,1000000.0,,,25292.294921875,430.5280456542969,0.0,0.0,0.0,400.0,8000.0,0.0,616.0,7672.89697265625,1000000.0,,1250.3392333984375,16000.0,0.0,0.0,0.0,1200.0,16000.0,1470.336181640625,19750.62109375,0.0,1350.0,1000000.0,0.0,782.0072631835938,3128.029052734375,,,0.0
1963-06-16,63.811214447021484,4000.0,99.86024475097656,115.00000762939453,50.0,0.0,,4000.0,79.90560913085938,3000.0,58.188785552978516,63.396263122558594,50.0,3000.0,3000.0,3000.0,0.0,,0.0,424.6224365234375,0.0,0.0,0.0,300.0,0.0,0.0,5575.67822265625,1000000.0,,0.0,5575.67822265625,1426.0,16410.341796875,0.0,0.0,0.0,0.0,30327.892578125,0.0,20998.076171875,1050.0,1000000.0,0.0,0.0,,,199.90560913085938,6500.0,5.283178329467773,90.42772674560547,100.0,6500.0,6500.0,6500.0,0.0,,0.0,97.7168197631836,0.0,143.47959899902344,999999.0,0.0,30.0,4500.0,4500.0,0.0,4500.0,120.0,,63.811214447021484,4988.41845703125,0.0,0.0,50.0,0.0,6797.25439453125,,18916.0,999999.0,993.2000122070312,4000.0,0.0,0.0,0.0,50.0,13000.0,0.0,13000.0,1000000.0,,,25327.357421875,430.5280456542969,0.0,0.0,0.0,400.0,8000.0,0.0,567.0,7672.89697265625,1000000.0,,1250.3392333984375,16000.0,0.0,0.0,0.0,1200.0,16000.0,1420.705322265625,19794.349609375,0.0,1350.0,1000000.0,0.0,735.1680908203125,2940.67236328125,,,0.0
1963-06-17,63.811214447021484,4000.0,92.86023712158203,108.0,50.0,0.0,,4000.0,79.90560913085938,3000.0,48.283180236816406,62.76105880737305,50.0,3000.0,3000.0,3000.0,0.0,,0.0,424.6224365234375,0.0,0.0,0.0,300.0,0.0,0.0,5574.935546875,1000000.0,,0.0,5574.935546875,1426.0,16387.78515625,0.0,0.0,0.0,0.0,30046.392578125,0.0,20674.697265625,1050.0,1000000.0,0.0,0.0,,,199.90560913085938,6500.0,0.0,59.125858306884766,100.0,6500.0,6500.0,6500.0,0.0,,0.0,97.7168197631836,0.0,133.7508544921875,999999.0,0.0,30.0,4500.0,4500.0,0.0,4500.0,120.0,,63.811214447021484,4986.17041015625,0.0,0.0,50.0,0.0,6800.19921875,,18945.900390625,999999.0,1006.2999877929688,4000.0,0.0,0.0,0.0,50.0,13000.0,0.0,13000.0,1000000.0,,,25361.935546875,430.5280456542969,0.0,0.0,0.0,400.0,8000.0,0.0,565.0,7672.89697265625,1000000.0,,1250.3392333984375,16000.0,0.0,0.0,0.0,1200.0,16000.0,1451.2867431640625,19818.615234375,0.0,1350.0,1000000.0,0.0,710.3526611328125,2841.41064453125,,,0.0
1963-06-18,63.811214447021484,4000.0,83.86023712158203,99.0,50.0,0.0,,4000.0,79.90560913085938,3000.0,27.37757110595703,48.459190368652344,50.0,3000.0,3000.0,3000.0,0.0,,0.0,424.6224365234375,0.0,0.0,0.0,300.0,0.0,0.0,5573.6845703125,1000000.0,,0.0,5573.6845703125,1426.0,16358.0966796875,0.0,0.0,0.0,0.0,29533.91796875,0.0,20272.072265625,1050.0,1000000.0,0.0,0.0,,,199.90560913085938,6500.0,0.0,17.82398796081543,100.0,6500.0,6500.0,6500.0,0.0,,0.0,97.7168197631836,0.0,128.0,999999.0,0.0,30.0,4500.0,4500.0,0.0,4500.0,120.0,,63.811214447021484,4983.92236328125,0.0,0.0,50.0,0.0,6800.7431640625,,18950.30078125,999999.0,1019.4000244140625,4000.0,0.0,0.0,0.0,50.0,13000.0,0.0,13000.0,1000000.0,,,25380.904296875,430.5280456542969,0.0,0.0,0.0,400.0,8000.0,0.0,555.0,7672.89697265625,1000000.0,,1250.3392333984375,16000.0,0.0,0.0,0.0,1200.0,16000.0,1306.4273681640625,19853.853515625,0.0,1350.0,1000000.0,0.0,725.6433715820312,2902.573486328125,,,0.0
1963-06-19,63.811214447021484,4000.0,79.8602294921875,95.0,50.0,0.0,,4000.0,79.90560913085938,3000.0,6.471964359283447,41.49065399169922,50.0,3000.0,3000.0,3000.0,0.0,,0.0,424.6224365234375,0.0,0.0,0.0,300.0,0.0,0.0,5571.92529296875,1000000.0,,0.0,5571.92529296875,1426.0,16331.0673828125,0.0,0.0,0.0,0.0,29317.416015625,0.0,19876.634765625,1050.0,1000000.0,0.0,0.0,,,199.90560913085938,6500.0,0.0,0.0,100.0,6500.0,6500.0,6500.0,0.0,,0.0,97.7168197631836,0.0,123.0,999999.0,0.0,30.0,4500.0,4500.0,0.0,4500.0,120.0,,63.811214447021484,4980.01416015625,0.0,0.0,50.0,0.0,6800.2109375,,18938.0,999999.0,1030.199951171875,4000.0,0.0,0.0,0.0,50.0,13000.0,0.0,13000.0,1000000.0,,,25377.900390625,430.5280456542969,0.0,0.0,0.0,400.0,8000.0,0.0,510.0,7672.89697265625,1000000.0,,1250.3392333984375,16000.0,0.0,0.0,0.0,1200.0,16000.0,1333.3553466796875,19842.919921875,0.0,1350.0,1000000.0,0.0,675.0,2700.0,,,0.0
1963-06-20,63.811214447021484,4000.0,79.8602294921875,95.0,50.0,0.0,,4000.0,79.90560913085938,3000.0,0.0,34.522117614746094,50.0,3000.0,3000.0,3000.0,0.0,,0.0,424.6224365234375,0.0,0.0,0.0,300.0,0.0,0.0,5569.658203125,1000000.0,,0.0,5569.658203125,1426.0,16300.861328125,0.0,0.0,0.0,0.0,29230.580078125,0.0,19418.720703125,1050.0,1000000.0,0.0,0.0,,,199.90560913085938,6500.0,0.0,0.0,100.0,6500.0,6500.0,6500.0,0.0,,0.0,97.7168197631836,0.0,121.0,999999.0,0.0,30.0,4500.0,4500.0,0.0,4500.0,120.0,,63.811214447021484,4977.734375,0.0,0.0,50.0,0.0,6799.89794921875,,18943.599609375,999999.0,1023.0,4000.0,0.0,0.0,0.0,50.0,13000.0,0.0,13000.0,1000000.0,,,25386.92578125,430.5280456542969,0.0,0.0,0.0,400.0,8000.0,0.0,652.0,7672.89697265625,1000000.0,,1250.3392333984375,16000.0,0.0,0.0,0.0,1200.0,16000.0,1364.6485595703125,19865.54296875,0.0,1350.0,1000000.0,0.0,675.0,2700.0,,,0.0
1963-06-21,63.811214447021484,4000.0,108.8602294921875,124.0,50.0,0.0,,4000.0,79.90560913085938,3000.0,0.0,43.553585052490234,50.0,3000.0,3000.0,3000.0,0.0,,0.0,424.6224365234375,0.0,0.0,0.0,300.0,0.0,0.0,5567.13671875,1000000.0,,0.0,5567.13671875,1426.0,16273.443359375,0.0,0.0,0.0,0.0,28862.99609375,0.0,18980.287109375,1050.0,1000000.0,0.0,0.0,,,199.90560913085938,6500.0,0.0,10.251713752746582,100.0,6500.0,6500.0,6500.0,0.0,,0.0,97.7168197631836,0.0,184.0,999999.0,0.0,30.0,4500.0,4500.0,0.0,4500.0,120.0,,63.811214447021484,4975.45458984375,0.0,0.0,50.0,0.0,6795.97265625,,18988.599609375,999999.0,916.7999877929688,4000.0,0.0,0.0,0.0,50.0,13000.0,0.0,13000.0,1000000.0,,,25297.525390625,430.5280456542969,0.0,0.0,0.0,400.0,8000.0,0.0,474.0,7672.89697265625,1000000.0,,1250.3392333984375,16000.0,0.0,0.0,0.0,1200.0,16000.0,1650.199462890625,19647.8515625,0.0,1350.0,1000000.0,0.0,682.3242797851562,2729.297119140625,,,0.0
1963-06-22,63.811214447021484,4000.0,182.02285766601562,213.0,50.0,0.0,,4000.0,79.90560913085938,3000.0,96.75514221191406,162.9183807373047,50.0,3000.0,3000.0,3000.0,0.0,,0.0,424.6224365234375,0.0,0.0,0.0,300.0,0.0,0.0,5568.12158203125,1000000.0,,0.0,5568.12158203125,1426.0,16256.9140625,0.0,0.0,0.0,0.0,28629.751953125,0.0,18614.578125,1050.0,1000000.0,0.0,0.0,,,199.90560913085938,6500.0,22.84953498840332,388.9498596191406,100.0,6500.0,6500.0,6500.0,0.0,,0.0,97.7168197631836,0.0,468.7361145019531,999999.0,0.0,30.0,4500.0,4500.0,0.0,4500.0,120.0,,63.811214447021484,4978.09326171875,0.0,0.0,50.0,0.0,6790.9677734375,,18784.0,999999.0,613.5,4000.0,0.0,0.0,0.0,50.0,13000.0,0.0,13000.0,1000000.0,,,25003.8671875,430.5280456542969,0.0,0.0,0.0,400.0,8000.0,0.0,809.0,7672.89697265625,1000000.0,,1250.3392333984375,16000.0,0.0,0.0,0.0,1200.0,16000.0,1978.656005859375,19127.564453125,0.0,1350.0,1000000.0,0.0,825.0997314453125,3300.39892578125,,,0.0
1963-06-23,63.811214447021484,4000.0,155.8602294921875,171.0,50.0,0.0,,4000.0,79.90560913085938,3000.0,125.40277862548828,151.0,50.0,3000.0,3000.0,3000.0,0.0,,0.0,424.6224365234375,0.0,0.0,0.0,300.0,0.0,0.0,5577.0322265625,1000000.0,,0.0,5577.0322265625,1426.0,16249.3955078125,0.0,0.0,0.0,0.0,28356.4609375,0.0,18588.779296875,1050.0,1000000.0,0.0,0.0,,,199.90560913085938,6500.0,277.9439392089844,395.9813232421875,100.0,6500.0,6500.0,6500.0,0.0,,0.0,97.7168197631836,0.0,411.4907531738281,999999.0,0.0,30.0,4500.0,4500.0,0.0,4500.0,120.0,,63.811214447021484,4980.76416015625,0.0,0.0,50.0,0.0,6789.220703125,,18839.400390625,999999.0,765.0999755859375,4000.0,0.0,0.0,0.0,50.0,13000.0,0.0,13000.0,1000000.0,,,25079.900390625,430.5280456542969,0.0,0.0,0.0,400.0,8000.0,0.0,825.0,7672.89697265625,1000000.0,,1250.3392333984375,16000.0,0.0,0.0,0.0,1200.0,16000.0,1816.7279052734375,19168.33984375,0.0,1350.0,1000000.0,0.0,989.3280029296875,3957.31201171875,,,0.0
1963-06-24,63.811214447021484,4000.0,136.8602294921875,152.0,50.0,0.0,,4000.0,79.90560913085938,3000.0,101.73611450195312,105.0,50.0,3000.0,3000.0,3000.0,0.0,,0.0,424.6224365234375,0.0,0.0,0.0,300.0,0.0,0.0,5583.80908203125,1000000.0,,0.0,5583.80908203125,1426.0,16220.4326171875,0.0,0.0,0.0,0.0,28249.85546875,0.0,18200.125,1050.0,1000000.0,0.0,0.0,,,199.90560913085938,6500.0,298.0694580078125,344.0,100.0,6500.0,6500.0,6500.0,0.0,,0.0,97.7168197631836,0.0,358.3271484375,999999.0,0.0,30.0,4500.0,4500.0,0.0,4500.0,120.0,,63.811214447021484,4981.77490234375,0.0,0.0,50.0,0.0,6788.21826171875,,18855.599609375,999999.0,823.5999755859375,4000.0,0.0,0.0,0.0,50.0,13000.0,0.0,13000.0,1000000.0,,,25127.07421875,430.5280456542969,0.0,0.0,0.0,400.0,8000.0,0.0,470.0,7672.89697265625,1000000.0,,1250.3392333984375,16000.0,0.0,0.0,0.0,1200.0,16000.0,1857.58447265625,19356.35546875,0.0,1350.0,1000000.0,0.0,908.3639526367188,3633.455810546875,,,0.0
1963-06-25,63.811214447021484,4000.0,127.8602294921875,143.0,50.0,0.0,,4000.0,79.90560913085938,3000.0,95.0,95.0,50.0,3000.0,3000.0,3000.0,0.0,,0.0,424.6224365234375,0.0,0.0,0.0,300.0,0.0,0.0,5588.45166015625,1000000.0,,0.0,5588.45166015625,1426.0,16193.65234375,0.0,0.0,0.0,0.0,28130.642578125,0.0,17763.826171875,1050.0,1000000.0,0.0,0.0,,,199.90560913085938,6500.0,265.0694580078125,295.0,100.0,6500.0,6500.0,6500.0,0.0,,0.0,97.7168197631836,0.0,312.2181091308594,999999.0,0.0,30.0,4500.0,4500.0,0.0,4500.0,120.0,,63.811214447021484,4982.7529296875,0.0,0.0,50.0,0.0,6787.2431640625,,18852.400390625,999999.0,864.2000122070312,4000.0,0.0,0.0,0.0,50.0,13000.0,0.0,13000.0,1000000.0,,,25091.359375,430.5280456542969,0.0,0.0,0.0,400.0,8000.0,0.0,594.0,7672.89697265625,1000000.0,,1250.3392333984375,16000.0,0.0,0.0,0.0,1200.0,16000.0,1499.8431396484375,19413.80078125,0.0,1350.0,1000000.0,0.0,928.792236328125,3715.1689453125,,,0.0
1963-06-26,63.811214447021484,4000.0,118.8602294921875,134.0,50.0,0.0,,4000.0,79.90560913085938,3000.0,80.0,80.0,50.0,3000.0,3000.0,3000.0,0.0,,0.0,424.6224365234375,0.0,0.0,0.0,300.0,0.0,0.0,5591.5703125,1000000.0,,0.0,5591.5703125,1426.0,16178.29296875,0.0,0.0,0.0,0.0,27837.24609375,0.0,17542.373046875,1050.0,1000000.0,0.0,0.0,,,199.90560913085938,6500.0,230.0,230.0,100.0,6500.0,6500.0,6500.0,0.0,,0.0,97.7168197631836,0.0,284.81207275390625,999999.0,0.0,30.0,4500.0,4500.0,0.0,4500.0,120.0,,63.811214447021484,4982.103515625,0.0,0.0,50.0,0.0,6789.47412109375,,18856.69921875,999999.0,902.4000244140625,4000.0,0.0,0.0,0.0,50.0,13000.0,0.0,13000.0,1000000.0,,,25064.029296875,430.5280456542969,0.0,0.0,0.0,400.0,8000.0,0.0,558.0,7672.89697265625,1000000.0,,1250.3392333984375,16000.0,0.0,0.0,0.0,1200.0,16000.0,1370.10400390625,19614.474609375,0.0,1350.0,1000000.0,0.0,749.9215698242188,2999.686279296875,,,0.0
1963-06-27,63.811214447021484,4000.0,113.8602294921875,129.0,50.0,0.0,,4000.0,79.90560913085938,3000.0,89.0,89.0,50.0,3000.0,3000.0,3000.0,0.0,,0.0,424.6224365234375,0.0,0.0,0.0,300.0,0.0,0.0,5593.4697265625,1000000.0,,0.0,5593.4697265625,1426.0,16156.98828125,0.0,0.0,0.0,0.0,27370.5390625,0.0,17268.1171875,1050.0,1000000.0,0.0,0.0,,,199.90560913085938,6500.0,245.0,245.0,100.0,6500.0,6500.0,6500.0,0.0,,0.0,97.7168197631836,0.0,286.5413818359375,999999.0,0.0,30.0,4500.0,4500.0,0.0,4500.0,120.0,,63.811214447021484,4978.16455078125,0.0,0.0,50.0,0.0,6788.52587890625,,18874.19921875,999999.0,931.0999755859375,4000.0,0.0,0.0,0.0,50.0,13000.0,0.0,13000.0,1000000.0,,,24981.939453125,430.5280456542969,0.0,0.0,0.0,400.0,8000.0,0.0,480.0,7672.89697265625,1000000.0,,1250.3392333984375,16000.0,0.0,0.0,0.0,1200.0,16000.0,1504.9483642578125,19543.45703125,0.0,1350.0,1000000.0,0.0,685.052001953125,2740.2080078125,,,0.0
1963-06-28,63.811214447021484,4000.0,113.8602294921875,129.0,50.0,0.0,,4000.0,79.90560913085938,3000.0,141.06944274902344,146.0,50.0,3000.0,3000.0,3000.0,0.0,,0.0,424.6224365234375,0.0,0.0,0.0,300.0,0.0,0.0,5594.1494140625,1000000.0,,0.0,5594.1494140625,1426.0,16113.5791015625,0.0,0.0,0.0,0.0,27285.380859375,0.0,16662.4765625,1050.0,1000000.0,0.0,0.0,,,199.90560913085938,6500.0,357.0,357.0,100.0,6500.0,6500.0,6500.0,0.0,,0.0,97.7168197631836,0.0,257.8744201660156,999999.0,0.0,30.0,4500.0,4500.0,0.0,4500.0,120.0,,63.811214447021484,4980.7392578125,0.0,0.0,50.0,0.0,6787.0,,18873.80078125,999999.0,916.7999877929688,4000.0,0.0,0.0,0.0,50.0,13000.0,0.0,13000.0,1000000.0,,,24862.765625,430.5280456542969,0.0,0.0,0.0,400.0,8000.0,0.0,628.0,7672.89697265625,1000000.0,,1250.3392333984375,16000.0,0.0,0.0,0.0,1200.0,16000.0,1564.458984375,19534.970703125,0.0,1350.0,1000000.0,0.0,752.4741821289062,3009.896728515625,,,0.0
1963-06-29,63.811214447021484,4000.0,136.8602294921875,152.0,50.0,0.0,,4000.0,79.90560913085938,3000.0,124.40277862548828,136.0,50.0,3000.0,3000.0,3000.0,0.0,,0.0,424.6224365234375,0.0,0.0,0.0,300.0,0.0,0.0,5595.4384765625,1000000.0,,0.0,5595.4384765625,1426.0,16085.7978515625,0.0,0.0,0.0,0.0,27119.80078125,0.0,16478.626953125,1050.0,1000000.0,0.0,0.0,,,199.90560913085938,6500.0,444.40277099609375,483.0,100.0,6500.0,6500.0,6500.0,0.0,,0.0,97.7168197631836,0.0,290.0,999999.0,0.0,30.0,4500.0,4500.0,0.0,4500.0,120.0,,63.811214447021484,4981.65380859375,0.0,0.0,50.0,0.0,6788.97900390625,,18815.099609375,999999.0,864.2000122070312,4000.0,0.0,0.0,0.0,50.0,13000.0,0.0,12999.6611328125,1000000.0,,,24684.45703125,430.5280456542969,0.0,0.0,0.0,400.0,8000.0,0.0,595.0,7672.89697265625,1000000.0,,1250.3392333984375,16000.0,0.0,0.0,0.0,1200.0,16000.0,1621.9090576171875,19446.35546875,0.0,1350.0,1000000.0,0.0,782.2294921875,3128.91796875,,,0.0
1963-06-30,63.811214447021484,4000.0,146.8602294921875,162.0,50.0,0.0,,4000.0,79.90560913085938,3000.0,107.40277862548828,116.0,50.0,3000.0,3000.0,3000.0,0.0,,0.0,424.6224365234375,0.0,0.0,0.0,300.0,0.0,0.0,5598.86181640625,1000000.0,,0.0,5598.86181640625,1426.0,16071.3056640625,0.0,0.0,0.0,0.0,26905.3515625,0.0,16354.3525390625,1050.0,1000000.0,0.0,0.0,,,199.90560913085938,6500.0,380.7361145019531,443.0,100.0,6500.0,6500.0,6500.0,0.0,,0.0,97.7168197631836,0.0,288.7361145019531,999999.0,0.0,30.0,4500.0,4500.0,0.0,4500.0,120.0,,63.811214447021484,4979.3115234375,0.0,0.0,50.0,0.0,6783.44287109375,,18852.80078125,999999.0,835.5999755859375,4000.0,0.0,0.0,0.0,50.0,13000.0,0.0,12990.3037109375,1000000.0,,,24648.625,430.5280456542969,0.0,0.0,0.0,400.0,8000.0,0.0,564.0,7672.89697265625,1000000.0,,1250.3392333984375,16000.0,0.0,0.0,0.0,1200.0,16000.0,1699.1708984375,19537.130859375,0.0,1350.0,1000000.0,0.0,810.9545288085938,3243.818115234375,,,0.0
1963-07-01,68.7168197631836,4000.0,132.8602294921875,148.0,50.0,0.0,,4000.0,55.90560531616211,3000.0,96.0,96.0,50.0,3000.0,3000.0,3000.0,0.0,,0.0,332.5280456542969,0.0,0.0,0.0,300.0,0.0,0.0,5603.5048828125,1000000.0,,0.0,5603.5048828125,1536.0,16046.99609375,0.0,0.0,0.0,0.0,26704.2421875,0.0,16478.560546875,1050.0,1000000.0,0.0,0.0,,,112.81121063232422,6500.0,322.0694580078125,382.0,100.0,6500.0,6500.0,6500.0,0.0,,0.0,102.7168197631836,0.0,264.8240661621094,999999.0,0.0,30.0,4500.0,4500.0,0.0,4500.0,120.0,,48.716819763183594,4976.93701171875,0.0,0.0,50.0,0.0,6779.52978515625,,18834.5,999999.0,685.2999877929688,4000.0,0.0,0.0,0.0,50.0,13000.0,0.0,12987.7978515625,1000000.0,,,24695.69921875,439.43365478515625,0.0,0.0,0.0,400.0,8000.0,0.0,524.0,7672.89697265625,1000000.0,,1265.1505126953125,16000.0,0.0,0.0,0.0,1200.0,16000.0,1559.95703125,19516.525390625,0.0,1350.0,1000000.0,0.0,849.58544921875,3398.341796875,,,0.0
1963-07-02,68.7168197631836,4000.0,118.8602294921875,134.0,50.0,0.0,,4000.0,55.90560531616211,3000.0,85.0,85.0,50.0,3000.0,3000.0,3000.0,0.0,,0.0,332.5280456542969,0.0,0.0,0.0,300.0,0.0,0.0,5610.998046875,1000000.0,,0.0,5610.998046875,1536.0,16016.609375,0.0,0.0,0.0,0.0,26382.927734375,0.0,16573.4375,1050.0,1000000.0,0.0,0.0,,,112.81121063232422,6500.0,273.7361145019531,292.0,100.0,6500.0,6500.0,6500.0,0.0,,0.0,102.7168197631836,0.0,243.88272094726562,999999.0,0.0,30.0,4500.0,4500.0,0.0,4500.0,120.0,,48.716819763183594,4977.978515625,0.0,0.0,50.0,0.0,6782.57763671875,,18856.5,999999.0,714.0,4000.0,0.0,0.0,0.0,50.0,13000.0,0.0,12986.560546875,1000000.0,,,24745.669921875,439.43365478515625,0.0,0.0,0.0,400.0,8000.0,0.0,546.0,7672.89697265625,1000000.0,,1265.1505126953125,16000.0,0.0,0.0,0.0,1200.0,16000.0,1435.12939453125,19571.796875,0.0,1350.0,1000000.0,0.0,779.978515625,3119.9140625,,,0.0
1963-07-03,68.7168197631836,4000.0,113.8602294921875,129.0,50.0,0.0,,4000.0,55.90560531616211,3000.0,95.40277862548828,96.0,50.0,3000.0,3000.0,3000.0,0.0,,0.0,332.5280456542969,0.0,0.0,0.0,300.0,0.0,0.0,5617.271484375,1000000.0,,0.0,5617.271484375,1536.0,15981.7294921875,0.0,0.0,0.0,0.0,25790.951171875,0.0,16612.560546875,1050.0,1000000.0,0.0,0.0,,,112.81121063232422,6500.0,243.73611450195312,267.0,100.0,6500.0,6500.0,6500.0,0.0,,0.0,102.7168197631836,0.0,224.92181396484375,999999.0,0.0,30.0,4500.0,4500.0,0.0,4500.0,120.0,,48.716819763183594,4977.39208984375,0.0,0.0,50.0,0.0,6789.9521484375,,18876.599609375,999999.0,742.5999755859375,4000.0,0.0,0.0,0.0,50.0,13000.0,0.0,12981.4287109375,1000000.0,,,24690.00390625,439.43365478515625,0.0,0.0,0.0,400.0,8000.0,0.0,526.0,7672.89697265625,1000000.0,,1265.1505126953125,16000.0,0.0,0.0,0.0,1200.0,16000.0,1381.6107177734375,19651.76171875,0.0,1350.0,1000000.0,0.0,717.564697265625,2870.2587890625,,,0.0
1963-07-04,68.7168197631836,4000.0,104.8602294921875,120.0,50.0,0.0,,4000.0,55.90560531616211,3000.0,83.0,83.0,50.0,3000.0,3000.0,3000.0,0.0,,0.0,332.5280456542969,0.0,0.0,0.0,300.0,0.0,0.0,5622.63037109375,1000000.0,,0.0,5622.63037109375,1536.0,15946.2607421875,0.0,0.0,0.0,0.0,25653.751953125,0.0,16667.796875,1050.0,1000000.0,0.0,0.0,,,112.81121063232422,6500.0,218.06944274902344,237.0,100.0,6500.0,6500.0,6500.0,0.0,,0.0,102.7168197631836,0.0,210.2812042236328,999999.0,0.0,30.0,4500.0,4500.0,0.0,4500.0,120.0,,48.716819763183594,4976.64306640625,0.0,0.0,50.0,0.0,6796.6806640625,,18866.19921875,999999.0,760.5,4000.0,0.0,0.0,0.0,50.0,13000.0,0.0,12973.6015625,1000000.0,,,24634.2578125,439.43365478515625,0.0,0.0,0.0,400.0,8000.0,0.0,497.0,7672.89697265625,1000000.0,,1265.1505126953125,16000.0,0.0,0.0,0.0,1200.0,16000.0,1293.8828125,19661.751953125,0.0,1350.0,1000000.0,0.0,690.8053588867188,2763.221435546875,,,0.0
1963-07-05,68.7168197631836,4000.0,99.8602294921875,115.0,50.0,0.0,,4000.0,55.90560531616211,3000.0,82.0,82.0,50.0,3000.0,3000.0,3000.0,0.0,,0.0,332.5280456542969,0.0,0.0,0.0,300.0,0.0,0.0,5627.07470703125,1000000.0,,0.0,5627.07470703125,1536.0,15904.525390625,0.0,0.0,0.0,0.0,25433.68359375,0.0,16719.310546875,1050.0,1000000.0,0.0,0.0,,,112.81121063232422,6500.0,202.0,202.0,100.0,6500.0,6500.0,6500.0,0.0,,0.0,102.7168197631836,0.0,213.5207977294922,999999.0,0.0,30.0,4500.0,4500.0,0.0,4500.0,120.0,,48.716819763183594,4975.5361328125,0.0,0.0,50.0,0.0,6801.57470703125,,18880.099609375,999999.0,778.5,4000.0,0.0,0.0,0.0,50.0,13000.0,0.0,12964.1728515625,1000000.0,,,24582.939453125,439.43365478515625,0.0,0.0,0.0,400.0,8000.0,0.0,479.0,7672.89697265625,1000000.0,,1265.1505126953125,16000.0,0.0,0.0,0.0,1200.0,16000.0,1268.1895751953125,19718.37109375,0.0,1350.0,1000000.0,0.0,675.0,2700.0,,,0.0
1963-07-06,68.7168197631836,4000.0,113.90682220458984,124.0,50.0,0.0,,4000.0,55.90560531616211,3000.0,70.0,70.0,50.0,3000.0,3000.0,3000.0,0.0,,0.0,332.5280456542969,0.0,0.0,0.0,300.0,0.0,0.0,5630.7568359375,1000000.0,,0.0,5630.7568359375,1536.0,15872.9970703125,0.0,0.0,0.0,0.0,25110.400390625,0.0,16710.880859375,1050.0,1000000.0,0.0,0.0,,,112.81121063232422,6500.0,190.0,190.0,100.0,6500.0,6500.0,6500.0,0.0,,0.0,102.7168197631836,0.0,181.83328247070312,999999.0,0.0,30.0,4500.0,4500.0,0.0,4500.0,120.0,,48.716819763183594,4974.43017578125,0.0,0.0,50.0,0.0,6805.1357421875,,18917.5,999999.0,760.5,4000.0,0.0,0.0,0.0,50.0,13000.0,0.0,12952.94921875,1000000.0,,,24503.025390625,439.43365478515625,0.0,0.0,0.0,400.0,8000.0,0.0,548.0,7672.89697265625,1000000.0,,1265.1505126953125,16000.0,0.0,0.0,0.0,1200.0,16000.0,1280.16064453125,19729.333984375,0.0,1350.0,1000000.0,0.0,675.0,2700.0,,,0.0
1963-07-07,68.7168197631836,4000.0,118.90682220458984,129.0,50.0,0.0,,4000.0,55.90560531616211,3000.0,80.0,80.0,50.0,3000.0,3000.0,3000.0,0.0,,0.0,332.5280456542969,0.0,0.0,0.0,300.0,0.0,0.0,5636.7255859375,1000000.0,,0.0,5636.7255859375,1536.0,15844.6806640625,0.0,0.0,0.0,0.0,24748.396484375,0.0,16682.490234375,1050.0,1000000.0,0.0,0.0,,,112.81121063232422,6500.0,219.06944274902344,236.0,100.0,6500.0,6500.0,6500.0,0.0,,0.0,102.7168197631836,0.0,220.0,999999.0,0.0,30.0,4500.0,4500.0,0.0,4500.0,120.0,,48.716819763183594,4973.32470703125,0.0,0.0,50.0,0.0,6804.49951171875,,18915.30078125,999999.0,675.7999877929688,4000.0,0.0,0.0,0.0,50.0,13000.0,0.0,12942.2919921875,1000000.0,,,24377.44921875,439.43365478515625,0.0,0.0,0.0,400.0,8000.0,0.0,582.0,7672.89697265625,1000000.0,,1265.1505126953125,16000.0,0.0,0.0,0.0,1200.0,16000.0,1384.628662109375,19679.849609375,0.0,1350.0,1000000.0,0.0,675.0,2700.0,,,0.0
1963-07-08,68.7168197631836,4000.0,127.90682220458984,138.0,50.0,0.0,,4000.0,55.90560531616211,3000.0,80.40277862548828,83.0,50.0,3000.0,3000.0,3000.0,0.0,,0.0,332.5280456542969,0.0,0.0,0.0,300.0,0.0,0.0,5642.9990234375,1000000.0,,0.0,5642.9990234375,1536.0,15818.4345703125,0.0,0.0,0.0,0.0,24488.958984375,0.0,16664.474609375,1050.0,1000000.0,0.0,0.0,,,112.81121063232422,6500.0,205.73611450195312,211.0,100.0,6500.0,6500.0,6500.0,0.0,,0.0,102.7168197631836,0.0,251.73611450195312,999999.0,0.0,30.0,4500.0,4500.0,0.0,4500.0,120.0,,48.716819763183594,4972.2197265625,0.0,0.0,50.0,0.0,6803.30908203125,,18871.80078125,999999.0,616.0999755859375,4000.0,0.0,0.0,0.0,50.0,13000.0,0.0,12936.662109375,1000000.0,,,24257.31640625,439.43365478515625,0.0,0.0,0.0,400.0,8000.0,0.0,558.0,7672.89697265625,1000000.0,,1265.1505126953125,16000.0,0.0,0.0,0.0,1200.0,16000.0,1464.903564453125,19560.806640625,0.0,1350.0,1000000.0,0.0,692.3143310546875,2769.25732421875,,,0.0
1963-07-09,68.7168197631836,4000.0,118.90682220458984,129.0,50.0,0.0,,4000.0,55.90560531616211,3000.0,62.0,62.0,50.0,3000.0,3000.0,3000.0,0.0,,0.0,332.5280456542969,0.0,0.0,0.0,300.0,0.0,0.0,5650.1875,1000000.0,,0.0,5650.1875,1536.0,15792.857421875,0.0,0.0,0.0,0.0,24604.79296875,0.0,16634.359375,1050.0,1000000.0,0.0,0.0,,,112.81121063232422,6500.0,185.0,185.0,100.0,6500.0,6500.0,6500.0,0.0,,0.0,102.7168197631836,0.0,220.26388549804688,999999.0,0.0,30.0,4500.0,4500.0,0.0,4500.0,120.0,,48.716819763183594,4969.48681640625,0.0,0.0,50.0,0.0,6805.10107421875,,18862.900390625,999999.0,675.7999877929688,4000.0,0.0,0.0,0.0,50.0,13000.0,0.0,12935.2421875,1000000.0,,,24252.044921875,439.43365478515625,0.0,0.0,0.0,400.0,8000.0,0.0,497.0,7672.89697265625,1000000.0,,1265.1505126953125,16000.0,0.0,0.0,0.0,1200.0,16000.0,1421.4296875,19605.681640625,0.0,1350.0,1000000.0,0.0,732.4517822265625,2929.80712890625,,,0.0
1963-07-10,68.7168197631836,4000.0,127.90682220458984,138.0,50.0,0.0,,4000.0,55.90560531616211,3000.0,64.40277862548828,71.0,50.0,3000.0,3000.0,3000.0,0.0,,0.0,332.5280456542969,0.0,0.0,0.0,300.0,0.0,0.0,5655.85107421875,1000000.0,,0.0,5655.85107421875,1536.0,15752.763671875,0.0,0.0,0.0,0.0,24290.875,0.0,16493.32421875,1050.0,1000000.0,0.0,0.0,,,112.81121063232422,6500.0,178.73611450195312,196.0,100.0,6500.0,6500.0,6500.0,0.0,,0.0,102.7168197631836,0.0,258.0,999999.0,0.0,30.0,4500.0,4500.0,0.0,4500.0,120.0,,48.716819763183594,4966.75439453125,0.0,0.0,50.0,0.0,6807.490234375,,18903.599609375,999999.0,567.0999755859375,4000.0,0.0,0.0,0.0,50.0,13000.0,0.0,12930.6201171875,1000000.0,,,24156.77734375,439.43365478515625,0.0,0.0,0.0,400.0,8000.0,0.0,538.0,7672.89697265625,1000000.0,,1265.1505126953125,16000.0,0.0,0.0,0.0,1200.0,16000.0,1375.7784423828125,19685.162109375,0.0,1350.0,1000000.0,0.0,710.71484375,2842.859375,,,0.0
1963-07-11,68.7168197631836,4000.0,146.37171936035156,157.0,50.0,0.0,,4000.0,55.90560531616211,3000.0,44.0,44.0,50.0,3000.0,3000.0,3000.0,0.0,,0.0,332.5280456542969,0.0,0.0,0.0,300.0,0.0,0.0,5663.34423828125,1000000.0,,0.0,5663.34423828125,1536.0,15733.892578125,0.0,0.0,0.0,0.0,24139.802734375,0.0,16475.72265625,1050.0,1000000.0,0.0,0.0,,,112.81121063232422,6500.0,161.73611450195312,165.0,100.0,6500.0,6500.0,6500.0,0.0,,0.0,102.7168197631836,0.0,260.40277099609375,999999.0,0.0,30.0,4500.0,4500.0,0.0,4500.0,120.0,,48.716819763183594,4964.02294921875,0.0,0.0,50.0,0.0,6808.2109375,,18755.900390625,999999.0,499.0999755859375,4000.0,0.0,0.0,0.0,50.0,13000.0,0.0,12931.4677734375,1000000.0,,,24024.17578125,439.43365478515625,0.0,0.0,0.0,400.0,8000.0,0.0,469.0,7672.89697265625,1000000.0,,1265.1505126953125,16000.0,0.0,0.0,0.0,1200.0,16000.0,1403.91162109375,19627.798828125,0.0,1350.0,1000000.0,0.0,687.8892211914062,2751.556884765625,,,0.0
1963-07-12,68.7168197631836,4000.0,127.90682220458984,138.0,50.0,0.0,,4000.0,55.90560531616211,3000.0,41.09439468383789,49.031463623046875,50.0,3000.0,3000.0,3000.0,0.0,,0.0,332.5280456542969,0.0,0.0,0.0,300.0,0.0,0.0,5671.75146484375,1000000.0,,0.0,5671.75146484375,1536.0,15680.380859375,0.0,0.0,0.0,0.0,23501.876953125,0.0,16610.427734375,1050.0,1000000.0,0.0,0.0,,,112.81121063232422,6500.0,150.0,150.0,100.0,6500.0,6500.0,6500.0,0.0,,0.0,102.7168197631836,0.0,236.9351806640625,999999.0,0.0,30.0,4500.0,4500.0,0.0,4500.0,120.0,,48.716819763183594,4959.630859375,0.0,0.0,50.0,0.0,6809.4208984375,,18810.0,999999.0,582.5999755859375,4000.0,0.0,0.0,0.0,50.0,13000.0,0.0,12937.7294921875,1000000.0,,,24155.939453125,439.43365478515625,0.0,0.0,0.0,400.0,8000.0,0.0,483.0,7672.89697265625,1000000.0,,1265.1505126953125,16000.0,0.0,0.0,0.0,1200.0,16000.0,1354.4453125,19718.380859375,0.0,1350.0,1000000.0,0.0,701.955810546875,2807.8232421875,,,0.0
1963-07-13,68.7168197631836,4000.0,118.90682220458984,129.0,50.0,0.0,,4000.0,55.90560531616211,3000.0,35.188785552978516,45.06292724609375,50.0,3000.0,3000.0,3000.0,0.0,,0.0,332.5280456542969,0.0,0.0,0.0,300.0,0.0,0.0,5678.634765625,1000000.0,,0.0,5678.634765625,1536.0,15647.1162109375,0.0,0.0,0.0,0.0,23517.271484375,0.0,16636.732421875,1050.0,1000000.0,0.0,0.0,,,112.81121063232422,6500.0,145.0,145.0,100.0,6500.0,6500.0,6500.0,0.0,,0.0,102.7168197631836,0.0,217.29013061523438,999999.0,0.0,30.0,4500.0,4500.0,0.0,4500.0,120.0,,48.716819763183594,4956.900390625,0.0,0.0,50.0,0.0,6811.97607421875,,18847.69921875,999999.0,651.9000244140625,4000.0,0.0,0.0,0.0,50.0,13000.0,0.0,12937.8046875,1000000.0,,,24211.568359375,439.43365478515625,0.0,0.0,0.0,400.0,8000.0,0.0,436.0,7672.89697265625,1000000.0,,1265.1505126953125,16000.0,0.0,0.0,0.0,1200.0,16000.0,1258.1512451171875,19817.8515625,0.0,1350.0,1000000.0,0.0,677.22265625,2708.890625,,,0.0
1963-07-14,68.7168197631836,4000.0,109.90682220458984,120.0,50.0,0.0,,4000.0,55.90560531616211,3000.0,29.283178329467773,43.09439468383789,50.0,3000.0,3000.0,3000.0,0.0,,0.0,332.5280456542969,0.0,0.0,0.0,300.0,0.0,0.0,5683.99365234375,1000000.0,,0.0,5683.99365234375,1536.0,15601.798828125,0.0,0.0,0.0,0.0,23354.1484375,0.0,16752.1796875,1050.0,1000000.0,0.0,0.0,,,112.81121063232422,6500.0,144.40277099609375,148.0,100.0,6500.0,6500.0,6500.0,0.0,,0.0,102.7168197631836,0.0,198.19342041015625,999999.0,0.0,30.0,4500.0,4500.0,0.0,4500.0,120.0,,48.716819763183594,4955.798828125,0.0,0.0,50.0,0.0,6814.318359375,,18860.80078125,999999.0,694.9000244140625,4000.0,0.0,0.0,0.0,50.0,13000.0,0.0,12933.5263671875,1000000.0,,,24211.783203125,439.43365478515625,0.0,0.0,0.0,400.0,8000.0,0.0,404.56634521484375,7672.80810546875,1000000.0,,1265.1505126953125,16000.0,0.0,0.0,0.0,1200.0,16000.0,1078.2012939453125,19786.982421875,0.0,1350.0,1000000.0,0.0,675.0,2700.0,,,0.0
1963-07-15,68.7168197631836,4000.0,104.90682220458984,115.0,50.0,0.0,,4000.0,55.90560531616211,3000.0,18.37757110595703,36.125858306884766,50.0,3000.0,3000.0,3000.0,0.0,,0.0,332.5280456542969,0.0,0.0,0.0,300.0,0.0,0.0,5688.4384765625,1000000.0,,0.0,5688.4384765625,1336.0,15570.3251953125,0.0,0.0,0.0,0.0,23074.591796875,0.0,16776.83984375,1050.0,1000000.0,0.0,0.0,,,112.81121063232422,6500.0,136.73611450195312,141.0,100.0,6500.0,6500.0,6500.0,0.0,,0.0,102.7168197631836,0.0,181.4622802734375,999999.0,0.0,30.0,4500.0,4500.0,0.0,4500.0,120.0,,48.716819763183594,4954.6982421875,0.0,0.0,50.0,0.0,6814.5361328125,,18854.19921875,999999.0,723.5,4000.0,0.0,0.0,0.0,50.0,13000.0,0.0,12926.3515625,1000000.0,,,24181.953125,439.43365478515625,0.0,0.0,0.0,400.0,8000.0,0.0,395.1327209472656,7671.9921875,1000000.0,,1265.1505126953125,16000.0,0.0,0.0,0.0,1200.0,16000.0,862.4016723632812,19772.23828125,0.0,1350.0,1000000.0,0.0,675.0,2700.0,,,0.0
1963-07-16,68.7168197631836,4000.0,97.90682220458984,108.0,50.0,0.0,,4000.0,55.90560531616211,3000.0,2.471964120864868,27.49065399169922,50.0,3000.0,3000.0,3000.0,0.0,,0.0,332.5280456542969,0.0,0.0,0.0,300.0,0.0,0.0,5692.37451171875,1000000.0,,0.0,5692.37451171875,1336.0,15546.427734375,0.0,0.0,0.0,0.0,22877.27734375,0.0,16869.091796875,1050.0,1000000.0,0.0,0.0,,,112.81121063232422,6500.0,119.0,119.0,100.0,6500.0,6500.0,6500.0,0.0,,0.0,102.7168197631836,0.0,166.974853515625,999999.0,0.0,30.0,4500.0,4500.0,0.0,4500.0,120.0,,48.716819763183594,4950.30810546875,0.0,0.0,50.0,0.0,6814.076171875,,18876.099609375,999999.0,751.0,4000.0,0.0,0.0,0.0,50.0,13000.0,0.0,12917.2373046875,1000000.0,,,24144.201171875,439.43365478515625,0.0,0.0,0.0,400.0,8000.0,0.0,378.6990661621094,7671.74755859375,1000000.0,,1265.1505126953125,16000.0,0.0,0.0,0.0,1200.0,16000.0,652.8472900390625,19834.787109375,0.0,1350.0,1000000.0,0.0,675.0,2700.0,,,0.0
1963-07-17,68.7168197631836,4000.0,92.90682220458984,103.0,50.0,0.0,,4000.0,55.90560531616211,3000.0,0.0,22.188785552978516,50.0,3000.0,3000.0,3000.0,0.0,,0.0,332.5280456542969,0.0,0.0,0.0,300.0,0.0,0.0,5695.548828125,1000000.0,,0.0,5695.548828125,1336.0,15516.3310546875,0.0,0.0,0.0,0.0,22658.7109375,0.0,16829.494140625,1050.0,1000000.0,0.0,0.0,,,112.81121063232422,6500.0,119.06944274902344,125.0,100.0,6500.0,6500.0,6500.0,0.0,,0.0,102.7168197631836,0.0,154.64990234375,999999.0,0.0,30.0,4500.0,4500.0,0.0,4500.0,120.0,,48.716819763183594,4949.17626953125,0.0,0.0,50.0,0.0,6814.7421875,,18885.099609375,999999.0,773.7000122070312,4000.0,0.0,0.0,0.0,50.0,13000.0,0.0,12906.3115234375,1000000.0,,,24089.2890625,439.43365478515625,0.0,0.0,0.0,400.0,8000.0,0.0,370.26544189453125,7671.32080078125,1000000.0,,1265.1505126953125,16000.0,0.0,0.0,0.0,1200.0,16000.0,455.1766662597656,19855.375,0.0,1350.0,1000000.0,0.0,675.0,2700.0,,,0.0
1963-07-18,68.7168197631836,4000.0,88.90682220458984,99.0,50.0,0.0,,4000.0,55.90560531616211,3000.0,0.0,26.886917114257812,50.0,3000.0,3000.0,3000.0,0.0,,0.0,332.5280456542969,0.0,0.0,0.0,300.0,0.0,0.0,5698.21484375,1000000.0,,0.0,5698.21484375,1336.0,15483.4794921875,0.0,0.0,0.0,0.0,22426.7578125,0.0,16841.53515625,1050.0,1000000.0,0.0,0.0,,,112.81121063232422,6500.0,109.0,109.0,100.0,6500.0,6500.0,6500.0,0.0,,0.0,102.7168197631836,0.0,144.0999298095703,999999.0,0.0,30.0,4500.0,4500.0,0.0,4500.0,120.0,,48.716819763183594,4946.416015625,0.0,0.0,50.0,0.0,6815.076171875,,18886.80078125,999999.0,791.5999755859375,4000.0,0.0,0.0,0.0,50.0,13000.0,0.0,12894.10546875,1000000.0,,,24004.998046875,439.43365478515625,0.0,0.0,0.0,400.0,8000.0,0.0,324.831787109375,7671.10205078125,1000000.0,,1265.1505126953125,16000.0,0.0,0.0,0.0,1200.0,16000.0,259.7422180175781,19842.716796875,0.0,1350.0,1000000.0,0.0,675.0,2700.0,,,0.0
1963-07-19,68.7168197631836,4000.0,84.90682220458984,95.0,50.0,0.0,,4000.0,55.90560531616211,3000.0,0.0,9.918380737304688,50.0,3000.0,3000.0,3000.0,0.0,,0.0,332.5280456542969,0.0,0.0,0.0,300.0,0.0,0.0,5700.37255859375,1000000.0,,0.0,5700.37255859375,1336.0,15454.7607421875,0.0,0.0,0.0,0.0,22214.34375,0.0,16886.291015625,1050.0,1000000.0,0.0,0.0,,,112.81121063232422,6500.0,94.18878936767578,96.72959899902344,100.0,6500.0,6500.0,6500.0,0.0,,0.0,102.7168197631836,0.0,136.39996337890625,999999.0,0.0,30.0,4500.0,4500.0,0.0,4500.0,120.0,,48.716819763183594,4943.6240234375,0.0,0.0,50.0,0.0,6815.0,,18903.099609375,999999.0,811.9000244140625,4000.0,0.0,0.0,0.0,50.0,13000.0,0.0,12880.3681640625,1000000.0,,,23926.62890625,439.43365478515625,0.0,0.0,0.0,400.0,8000.0,0.0,252.3981475830078,7669.9228515625,1000000.0,,1265.1505126953125,16000.0,0.0,0.0,0.0,1200.0,16000.0,61.242454528808594,19806.595703125,0.0,1350.0,1000000.0,0.0,675.0,2700.0,,,0.0
1963-07-20,68.7168197631836,4000.0,76.90682220458984,87.0,50.0,0.0,,4000.0,55.90560531616211,3000.0,0.0,0.0,50.0,3000.0,3000.0,3000.0,0.0,,0.0,332.5280456542969,0.0,0.0,0.0,300.0,0.0,0.0,5702.53076171875,1000000.0,,0.0,5702.53076171875,1336.0,15419.5478515625,0.0,0.0,0.0,0.0,21957.369140625,0.0,16894.005859375,1050.0,1000000.0,0.0,0.0,,,112.81121063232422,6500.0,89.37757110595703,101.79252624511719,100.0,6500.0,6500.0,6500.0,0.0,,0.0,102.7168197631836,0.0,126.5915756225586,999999.0,0.0,30.0,4500.0,4500.0,0.0,4500.0,120.0,,48.716819763183594,4940.83251953125,0.0,0.0,50.0,0.0,6816.23681640625,,18908.900390625,999999.0,828.5999755859375,4000.0,0.0,0.0,0.0,50.0,13000.0,0.0,12865.236328125,1000000.0,,,23819.501953125,439.43365478515625,0.0,0.0,0.0,400.0,8000.0,0.0,194.96449279785156,7668.04345703125,1000000.0,,1265.1505126953125,16000.0,0.0,0.0,0.0,1200.0,16000.0,0.0,19813.755859375,0.0,1350.0,1000000.0,0.0,675.0,2700.0,,,0.0
1963-07-21,68.7168197631836,4000.0,76.90682220458984,87.0,50.0,0.0,,4000.0,55.90560531616211,3000.0,0.0,0.0,50.0,3000.0,3000.0,3000.0,0.0,,0.0,332.5280456542969,0.0,0.0,0.0,300.0,0.0,0.0,5704.1806640625,1000000.0,,0.0,5704.1806640625,1336.0,15381.1572265625,0.0,0.0,0.0,0.0,21749.900390625,0.0,16908.53515625,1050.0,1000000.0,0.0,0.0,,,112.81121063232422,6500.0,83.56636047363281,99.18878936767578,100.0,6500.0,6500.0,6500.0,0.0,,0.0,102.7168197631836,0.0,121.0,999999.0,0.0,30.0,4500.0,4500.0,0.0,4500.0,120.0,,48.716819763183594,4938.0419921875,0.0,0.0,50.0,0.0,6816.50537109375,,18907.900390625,999999.0,844.0999755859375,4000.0,0.0,0.0,0.0,50.0,13000.0,0.0,12849.109375,1000000.0,,,23699.240234375,439.43365478515625,0.0,0.0,0.0,400.0,8000.0,0.0,164.53085327148438,7666.552734375,1000000.0,,1265.1505126953125,16000.0,0.0,0.0,0.0,1200.0,16000.0,0.0,19804.267578125,0.0,1350.0,1000000.0,0.0,675.0,2700.0,,,0.0
1963-07-22,68.7168197631836,4000.0,80.90682220458984,91.0,50.0,0.0,,4000.0,55.90560531616211,3000.0,0.0,0.6794403791427612,50.0,3000.0,3000.0,3000.0,0.0,,0.0,332.5280456542969,0.0,0.0,0.0,300.0,0.0,0.0,5705.322265625,1000000.0,,0.0,5705.322265625,1336.0,15345.611328125,0.0,0.0,0.0,0.0,21543.888671875,0.0,16835.740234375,1050.0,1000000.0,0.0,0.0,,,112.81121063232422,6500.0,96.98782348632812,119.25171661376953,100.0,6500.0,6500.0,6500.0,0.0,,0.0,102.7168197631836,0.0,130.73611450195312,999999.0,0.0,30.0,4500.0,4500.0,0.0,4500.0,120.0,,48.716819763183594,4933.5908203125,0.0,0.0,50.0,0.0,6815.76708984375,,18914.80078125,999999.0,808.2999877929688,4000.0,0.0,0.0,0.0,50.0,13000.0,0.0,12832.0263671875,1000000.0,,,23560.583984375,439.43365478515625,0.0,0.0,0.0,400.0,8000.0,0.0,94.09721374511719,7665.7626953125,1000000.0,,1265.1505126953125,16000.0,0.0,0.0,0.0,1200.0,16000.0,0.0,19795.46875,0.0,1350.0,1000000.0,0.0,675.0,2700.0,,,0.0
1963-07-23,68.7168197631836,4000.0,76.90682220458984,87.0,50.0,0.0,,4000.0,55.90560531616211,3000.0,0.0,0.0,50.0,3000.0,3000.0,3000.0,0.0,,0.0,332.5280456542969,0.0,0.0,0.0,300.0,0.0,0.0,5706.71826171875,1000000.0,,0.0,5706.71826171875,1336.0,15314.259765625,0.0,0.0,0.0,0.0,21363.712890625,0.0,16886.060546875,1050.0,1000000.0,0.0,0.0,,,112.81121063232422,6500.0,62.5034294128418,75.50114440917969,100.0,6500.0,6500.0,6500.0,0.0,,0.0,102.7168197631836,0.0,123.26388549804688,999999.0,0.0,30.0,4500.0,4500.0,0.0,4500.0,120.0,,48.716819763183594,4930.7685546875,0.0,0.0,50.0,0.0,6816.55126953125,,18899.80078125,999999.0,844.0999755859375,4000.0,0.0,0.0,0.0,50.0,13000.0,0.0,12817.59375,1000000.0,,,23449.306640625,439.43365478515625,0.0,0.0,0.0,400.0,8000.0,0.0,51.663570404052734,7663.93505859375,1000000.0,,1265.1505126953125,16000.0,0.0,0.0,0.0,1200.0,16000.0,0.0,19711.568359375,0.0,1350.0,1000000.0,0.0,675.0,2700.0,,,0.0
1963-07-24,68.7168197631836,4000.0,100.03838348388672,111.0,50.0,0.0,,4000.0,55.90560531616211,3000.0,0.0,0.0,50.0,3000.0,3000.0,3000.0,0.0,,0.0,332.5280456542969,0.0,0.0,0.0,300.0,0.0,0.0,5707.60595703125,1000000.0,,0.0,5707.60595703125,1336.0,15285.1123046875,0.0,0.0,0.0,0.0,21201.025390625,0.0,16879.88671875,1050.0,1000000.0,0.0,0.0,,,112.81121063232422,6500.0,33.69221496582031,67.2307357788086,100.0,6500.0,6500.0,6500.0,0.0,,0.0,102.7168197631836,0.0,113.0,999999.0,0.0,30.0,4500.0,4500.0,0.0,4500.0,120.0,,48.716819763183594,4927.94384765625,0.0,0.0,50.0,0.0,6816.58154296875,,18946.69921875,999999.0,816.7000122070312,4000.0,0.0,0.0,0.0,50.0,13000.0,0.0,12801.19140625,1000000.0,,,23348.69921875,439.43365478515625,0.0,0.0,0.0,400.0,8000.0,0.0,4.229926586151123,7662.833984375,1000000.0,,1265.1505126953125,16000.0,0.0,0.0,0.0,1200.0,16000.0,0.0,19749.765625,0.0,1350.0,1000000.0,0.0,675.0,2700.0,,,0.0
1963-07-25,68.7168197631836,4000.0,80.90682220458984,91.0,50.0,0.0,,4000.0,55.90560531616211,3000.0,0.0,0.0,50.0,3000.0,3000.0,3000.0,0.0,,0.0,332.5280456542969,0.0,0.0,0.0,300.0,0.0,0.0,5709.509765625,1000000.0,,0.0,5709.509765625,1336.0,15244.5185546875,0.0,0.0,0.0,0.0,20965.4296875,0.0,16933.720703125,1050.0,1000000.0,0.0,0.0,,,112.81121063232422,6500.0,0.0,10.626999855041504,100.0,6500.0,6500.0,6500.0,0.0,,0.0,102.7168197631836,0.0,102.0,999999.0,0.0,30.0,4500.0,4500.0,0.0,4500.0,120.0,,48.716819763183594,4923.24365234375,0.0,0.0,50.0,0.0,6816.076171875,,18906.900390625,999999.0,851.2999877929688,4000.0,0.0,0.0,0.0,50.0,13000.0,0.0,12786.06640625,1000000.0,,,23208.65625,439.43365478515625,0.0,0.0,0.0,400.0,8000.0,0.0,0.0,7661.60302734375,1000000.0,,1265.1505126953125,16000.0,0.0,0.0,0.0,1200.0,16000.0,0.0,19728.88671875,0.0,1350.0,1000000.0,0.0,675.0,2700.0,,,0.0
1963-07-26,68.7168197631836,4000.0,72.90682220458984,83.0,50.0,0.0,,4000.0,55.90560531616211,3000.0,0.0,0.0,50.0,3000.0,3000.0,3000.0,0.0,,0.0,332.5280456542969,0.0,0.0,0.0,300.0,0.0,0.0,5710.3974609375,1000000.0,,0.0,5710.3974609375,1336.0,15208.97265625,0.0,0.0,0.0,0.0,20822.357421875,0.0,16940.1875,1050.0,1000000.0,0.0,0.0,,,112.81121063232422,6500.0,0.0,40.35659408569336,100.0,6500.0,6500.0,6500.0,0.0,,0.0,102.7168197631836,0.0,82.0,999999.0,0.0,30.0,4500.0,4500.0,0.0,4500.0,120.0,,48.716819763183594,4920.59326171875,0.0,0.0,50.0,0.0,6816.0,,18932.30078125,999999.0,870.4000244140625,4000.0,0.0,0.0,0.0,50.0,13000.0,0.0,12769.0732421875,1000000.0,,,23112.6796875,439.43365478515625,0.0,0.0,0.0,400.0,8000.0,0.0,0.0,7660.7353515625,1000000.0,,1265.1505126953125,16000.0,0.0,0.0,0.0,1200.0,16000.0,0.0,19760.5078125,0.0,1350.0,1000000.0,0.0,675.0,2700.0,,,0.0
1963-07-27,68.7168197631836,4000.0,69.90682220458984,80.0,50.0,0.0,,4000.0,55.90560531616211,3000.0,0.0,0.0,50.0,3000.0,3000.0,3000.0,0.0,,0.0,332.5280456542969,0.0,0.0,0.0,300.0,0.0,0.0,5710.5234375,1000000.0,,0.0,5710.5234375,1336.0,15171.1513671875,0.0,0.0,0.0,0.0,20643.41796875,0.0,16953.669921875,1050.0,1000000.0,0.0,0.0,,,112.81121063232422,6500.0,0.0,22.419523239135742,100.0,6500.0,6500.0,6500.0,0.0,,0.0,102.7168197631836,0.0,55.0,999999.0,0.0,30.0,4500.0,4500.0,0.0,4500.0,120.0,,48.716819763183594,4914.6650390625,0.0,0.0,50.0,0.0,6816.0,,18929.900390625,999999.0,881.0999755859375,4000.0,0.0,0.0,0.0,50.0,13000.0,0.0,12750.5224609375,1000000.0,,,22967.73828125,439.43365478515625,0.0,0.0,0.0,400.0,8000.0,0.0,0.0,7657.9990234375,1000000.0,,1265.1505126953125,16000.0,0.0,0.0,0.0,1200.0,16000.0,0.0,19774.474609375,0.0,1350.0,1000000.0,0.0,675.0,2700.0,,,0.0
1963-07-28,68.7168197631836,4000.0,69.90682220458984,80.0,50.0,0.0,,4000.0,55.90560531616211,3000.0,0.0,0.0,50.0,3000.0,3000.0,3000.0,0.0,,0.0,332.5280456542969,0.0,0.0,0.0,300.0,0.0,0.0,5709.88671875,1000000.0,,0.0,5709.88671875,1336.0,15131.2685546875,0.0,0.0,0.0,0.0,20491.89453125,0.0,16951.1640625,1050.0,1000000.0,0.0,0.0,,,112.81121063232422,6500.0,0.0,1.815785527229309,100.0,6500.0,6500.0,6500.0,0.0,,0.0,102.7168197631836,0.0,24.0,999999.0,0.0,30.0,4500.0,4500.0,0.0,4500.0,120.0,,48.716819763183594,4911.6748046875,0.0,0.0,50.0,0.0,6817.23681640625,,18937.19921875,999999.0,894.2999877929688,4000.0,0.0,0.0,0.0,50.0,13000.0,0.0,12731.1376953125,1000000.0,,,22836.322265625,439.43365478515625,0.0,0.0,0.0,400.0,8000.0,0.0,0.0,7655.10693359375,1000000.0,,1265.1505126953125,16000.0,0.0,0.0,0.0,1200.0,16000.0,0.0,19779.7109375,0.0,1350.0,1000000.0,0.0,675.0,2700.0,,,0.0
1963-07-29,68.7168197631836,4000.0,74.95340728759766,80.0,50.0,0.0,,4000.0,55.90560531616211,3000.0,0.0,0.0,50.0,3000.0,3000.0,3000.0,0.0,,0.0,332.5280456542969,0.0,0.0,0.0,300.0,0.0,0.0,5709.25,1000000.0,,0.0,5709.25,1336.0,15090.6748046875,0.0,0.0,0.0,0.0,20341.494140625,0.0,16966.984375,1050.0,1000000.0,0.0,0.0,,,112.81121063232422,6500.0,0.0,0.0,100.0,6500.0,6500.0,6500.0,0.0,,0.0,102.7168197631836,0.0,0.0,999999.0,0.0,30.0,4500.0,4500.0,0.0,4500.0,120.0,,48.716819763183594,4907.28515625,0.0,0.0,50.0,0.0,6818.0,,18936.30078125,999999.0,901.4000244140625,4000.0,0.0,0.0,0.0,50.0,13000.0,0.0,12710.9375,1000000.0,,,22678.171875,439.43365478515625,0.0,0.0,0.0,400.0,8000.0,0.0,0.0,7652.916015625,1000000.0,,1265.1505126953125,16000.0,0.0,0.0,0.0,1200.0,16000.0,0.0,19767.484375,0.0,1350.0,1000000.0,0.0,675.0,2700.0,,,0.0
1963-07-30,68.7168197631836,4000.0,70.95340728759766,76.0,50.0,0.0,,4000.0,55.90560531616211,3000.0,0.0,0.0,50.0,3000.0,3000.0,3000.0,0.0,,0.0,332.5280456542969,0.0,0.0,0.0,300.0,0.0,0.0,5708.359375,1000000.0,,0.0,5708.359375,1336.0,15048.5888671875,0.0,0.0,0.0,0.0,20201.931640625,0.0,16984.998046875,1050.0,1000000.0,0.0,0.0,,,112.81121063232422,6500.0,0.0,9.941642761230469,100.0,6500.0,6500.0,6500.0,0.0,,0.0,102.7168197631836,0.0,0.0,999999.0,0.0,30.0,4500.0,4500.0,0.0,4500.0,120.0,,48.716819763183594,4904.46728515625,0.0,0.0,50.0,0.0,6814.2890625,,18937.69921875,999999.0,907.4000244140625,4000.0,0.0,0.0,0.0,50.0,13000.0,0.0,12690.181640625,1000000.0,,,22525.14453125,439.43365478515625,0.0,0.0,0.0,400.0,8000.0,0.0,0.0,7650.54296875,1000000.0,,1265.1505126953125,16000.0,0.0,0.0,0.0,1200.0,16000.0,0.0,19756.384765625,0.0,1350.0,1000000.0,0.0,675.0,2700.0,,,0.0
1963-07-31,68.7168197631836,4000.0,70.95340728759766,76.0,50.0,0.0,,4000.0,55.90560531616211,3000.0,0.0,0.0,50.0,3000.0,3000.0,3000.0,0.0,,0.0,332.5280456542969,0.0,0.0,0.0,300.0,0.0,0.0,5707.21484375,1000000.0,,0.0,5707.21484375,1336.0,15005.8623046875,0.0,0.0,0.0,0.0,20081.033203125,0.0,16977.47265625,1050.0,1000000.0,0.0,0.0,,,112.81121063232422,6500.0,0.0,0.0,100.0,6500.0,6500.0,6500.0,0.0,,0.0,102.7168197631836,0.0,0.0,999999.0,0.0,30.0,4500.0,4500.0,0.0,4500.0,120.0,,48.716819763183594,4901.4794921875,0.0,0.0,50.0,0.0,6813.85546875,,18941.599609375,999999.0,911.0,4000.0,0.0,0.0,0.0,50.0,13000.0,0.0,12668.9736328125,1000000.0,,,22359.900390625,439.43365478515625,0.0,0.0,0.0,400.0,8000.0,0.0,0.0,7648.537109375,1000000.0,,1265.1505126953125,16000.0,0.0,0.0,0.0,1200.0,16000.0,0.0,19762.396484375,0.0,1350.0,1000000.0,0.0,675.0,2700.0,,,0.0
1963-08-01,68.81121063232422,4000.0,67.95340728759766,73.0,50.0,0.0,,4000.0,55.90560531616211,3000.0,0.0,0.0,50.0,3000.0,3000.0,3000.0,0.0,,0.0,332.6224365234375,0.0,0.0,0.0,300.0,0.0,0.0,5705.81640625,1000000.0,,0.0,5705.81640625,1297.0,14965.197265625,0.0,0.0,0.0,0.0,19982.208984375,0.0,16954.224609375,1050.0,1000000.0,0.0,0.0,,,112.90560913085938,6500.0,0.0,0.0,100.0,6500.0,6500.0,6500.0,0.0,,0.0,102.7168197631836,0.0,0.0,999999.0,0.0,30.0,4500.0,4500.0,0.0,4500.0,120.0,,48.716819763183594,4897.091796875,0.0,0.0,50.0,0.0,6815.0,,18935.5,999999.0,879.5,4000.0,0.0,0.0,0.0,50.0,13000.0,0.0,12647.388671875,1000000.0,,,22190.5078125,439.5280456542969,0.0,0.0,0.0,400.0,8000.0,0.0,0.0,7645.4990234375,1000000.0,,1266.1505126953125,16000.0,0.0,0.0,0.0,1200.0,16000.0,0.0,19746.93359375,0.0,1350.0,1000000.0,0.0,675.0,2700.0,,,0.0
1963-08-02,68.81121063232422,4000.0,63.95341110229492,69.0,50.0,0.0,,4000.0,55.90560531616211,3000.0,0.0,0.0,50.0,3000.0,3000.0,3000.0,0.0,,0.0,332.6224365234375,0.0,0.0,0.0,300.0,0.0,0.0,5704.41259765625,1000000.0,,0.0,5704.41259765625,1297.0,14918.2763671875,0.0,0.0,0.0,0.0,19893.09765625,0.0,16982.109375,1050.0,1000000.0,0.0,0.0,,,112.90560913085938,6500.0,0.0,0.0,100.0,6500.0,6500.0,6500.0,0.0,,0.0,102.7168197631836,0.0,0.0,999999.0,0.0,30.0,4500.0,4500.0,0.0,4500.0,120.0,,48.716819763183594,4892.77099609375,0.0,0.0,50.0,0.0,6815.0,,18934.80078125,999999.0,889.0999755859375,4000.0,0.0,0.0,0.0,50.0,13000.0,0.0,12626.59765625,1000000.0,,,22036.7734375,439.5280456542969,0.0,0.0,0.0,400.0,8000.0,0.0,0.0,7644.62060546875,1000000.0,,1266.1505126953125,16000.0,0.0,0.0,0.0,1200.0,16000.0,0.0,19753.740234375,0.0,1350.0,1000000.0,0.0,675.0,2700.0,,,0.0
1963-08-03,68.81121063232422,4000.0,60.95341110229492,66.0,50.0,0.0,,4000.0,55.90560531616211,3000.0,0.0,0.0,50.0,3000.0,3000.0,3000.0,0.0,,0.0,332.6224365234375,0.0,0.0,0.0,300.0,0.0,0.0,5702.75537109375,1000000.0,,0.0,5702.75537109375,1297.0,14877.4560546875,0.0,0.0,0.0,0.0,19785.732421875,0.0,16962.80859375,1050.0,1000000.0,0.0,0.0,,,112.90560913085938,6500.0,0.0,0.0,100.0,6500.0,6500.0,6500.0,0.0,,0.0,102.7168197631836,0.0,0.0,999999.0,0.0,30.0,4500.0,4500.0,0.0,4500.0,120.0,,48.716819763183594,4889.8505859375,0.0,0.0,50.0,0.0,6813.76318359375,,18941.099609375,999999.0,892.7000122070312,4000.0,0.0,0.0,0.0,50.0,13000.0,0.0,12605.05859375,1000000.0,,,21864.603515625,439.5280456542969,0.0,0.0,0.0,400.0,8000.0,0.0,0.0,7643.25927734375,1000000.0,,1266.1505126953125,16000.0,0.0,0.0,0.0,1200.0,16000.0,0.0,19764.474609375,0.0,1350.0,1000000.0,0.0,675.0,2700.0,,,0.0
1963-08-04,68.81121063232422,4000.0,54.14219665527344,61.06292724609375,50.0,0.0,,4000.0,55.90560531616211,3000.0,0.0,0.0,50.0,3000.0,3000.0,3000.0,0.0,,0.0,332.6224365234375,0.0,0.0,0.0,300.0,0.0,0.0,5700.84375,1000000.0,,0.0,5700.84375,1297.0,14840.7255859375,0.0,0.0,0.0,0.0,19781.22265625,0.0,16976.298828125,1050.0,1000000.0,0.0,0.0,,,112.90560913085938,6500.0,0.0,0.0,100.0,6500.0,6500.0,6500.0,0.0,,0.0,102.7168197631836,0.0,0.0,999999.0,0.0,30.0,4500.0,4500.0,0.0,4500.0,120.0,,48.716819763183594,4887.10205078125,0.0,0.0,50.0,0.0,6813.0,,18942.599609375,999999.0,897.5,4000.0,0.0,0.0,0.0,50.0,13000.0,0.0,12582.8291015625,1000000.0,,,21693.869140625,439.5280456542969,0.0,0.0,0.0,400.0,8000.0,0.0,0.0,7640.60009765625,1000000.0,,1266.1505126953125,16000.0,0.0,0.0,0.0,1200.0,16000.0,0.0,19748.662109375,0.0,1350.0,1000000.0,0.0,675.0,2700.0,,,0.0
1963-08-05,68.81121063232422,4000.0,47.33098220825195,58.79252243041992,50.0,0.0,,4000.0,55.90560531616211,3000.0,0.0,0.0,50.0,3000.0,3000.0,3000.0,0.0,,0.0,332.6224365234375,0.0,0.0,0.0,300.0,0.0,0.0,5698.93212890625,1000000.0,,0.0,5698.93212890625,1297.0,14796.7216796875,0.0,0.0,0.0,0.0,19775.9375,0.0,16963.810546875,1050.0,1000000.0,0.0,0.0,,,112.90560913085938,6500.0,0.0,0.0,100.0,6500.0,6500.0,6500.0,0.0,,0.0,102.7168197631836,0.0,0.0,999999.0,0.0,30.0,4500.0,4500.0,0.0,4500.0,120.0,,48.716819763183594,4882.78271484375,0.0,0.0,50.0,0.0,6814.23681640625,,18946.5,999999.0,901.0,4000.0,0.0,0.0,0.0,50.0,13000.0,0.0,12560.4072265625,1000000.0,,,21520.48046875,439.5280456542969,0.0,0.0,0.0,400.0,8000.0,0.0,0.0,7638.27197265625,1000000.0,,1266.1505126953125,16000.0,0.0,0.0,0.0,1200.0,16000.0,0.0,19776.232421875,0.0,1350.0,1000000.0,0.0,675.0,2700.0,,,0.0
1963-08-06,68.81121063232422,4000.0,37.51976776123047,53.522117614746094,50.0,0.0,,4000.0,55.90560531616211,3000.0,0.0,0.0,50.0,3000.0,3000.0,3000.0,0.0,,0.0,332.6224365234375,0.0,0.0,0.0,300.0,0.0,0.0,5696.7666015625,1000000.0,,0.0,5696.7666015625,1297.0,14754.8486328125,0.0,0.0,0.0,0.0,19771.0859375,0.0,16961.541015625,1050.0,1000000.0,0.0,0.0,,,112.90560913085938,6500.0,0.0,0.0,100.0,6500.0,6500.0,6500.0,0.0,,0.0,102.7168197631836,0.0,0.0,999999.0,0.0,30.0,4500.0,4500.0,0.0,4500.0,120.0,,48.716819763183594,4880.03515625,0.0,0.0,50.0,0.0,6816.23681640625,,18947.69921875,999999.0,909.4000244140625,4000.0,0.0,0.0,0.0,50.0,13000.0,0.0,12538.1279296875,1000000.0,,,21348.7109375,439.5280456542969,0.0,0.0,0.0,400.0,8000.0,0.0,0.0,7635.28271484375,1000000.0,,1266.1505126953125,16000.0,0.0,0.0,0.0,1200.0,16000.0,0.0,19785.453125,0.0,1350.0,1000000.0,0.0,675.0,2700.0,,,0.0
1963-08-07,68.81121063232422,4000.0,23.708553314208984,46.251712799072266,50.0,0.0,,4000.0,55.90560531616211,3000.0,0.0,0.0,50.0,3000.0,3000.0,3000.0,0.0,,0.0,332.6224365234375,0.0,0.0,0.0,300.0,0.0,0.0,5694.3466796875,1000000.0,,0.0,5694.3466796875,1297.0,14710.771484375,0.0,0.0,0.0,0.0,19766.0390625,0.0,16981.33984375,1050.0,1000000.0,0.0,12140.0,,,112.90560913085938,6500.0,0.0,0.0,100.0,6500.0,6500.0,6500.0,0.0,,0.0,102.7168197631836,0.0,0.0,999999.0,0.0,30.0,4500.0,4500.0,0.0,4500.0,120.0,,48.716819763183594,4880.36279296875,0.0,0.0,50.0,0.0,6816.50537109375,,18948.5,999999.0,916.5999755859375,4000.0,0.0,0.0,0.0,50.0,13000.0,0.0,12515.5263671875,1000000.0,,,21175.68359375,439.5280456542969,0.0,0.0,0.0,400.0,8000.0,0.0,0.0,7633.48828125,1000000.0,,1266.1505126953125,16000.0,0.0,0.0,0.0,1200.0,16000.0,0.0,19792.482421875,0.0,1350.0,1000000.0,0.0,675.0,2700.0,,,0.0
1963-08-08,68.81121063232422,4000.0,6.897337913513184,38.64797592163086,50.0,0.0,,4000.0,55.90560531616211,3000.0,0.0,0.0,50.0,3000.0,3000.0,3000.0,0.0,,0.0,332.6224365234375,0.0,0.0,0.0,300.0,0.0,0.0,5691.6728515625,1000000.0,,0.0,5691.6728515625,1297.0,14665.9599609375,0.0,0.0,0.0,0.0,19760.947265625,0.0,16958.734375,1050.0,1000000.0,0.0,12140.0,,,112.90560913085938,6500.0,0.0,0.0,100.0,6500.0,6500.0,6500.0,0.0,,0.0,102.7168197631836,0.0,0.0,999999.0,0.0,30.0,4500.0,4500.0,0.0,4500.0,120.0,,48.716819763183594,4877.6162109375,0.0,0.0,50.0,0.0,6816.818359375,,18958.69921875,999999.0,921.2999877929688,4000.0,0.0,0.0,0.0,50.0,13000.0,0.0,12492.234375,1000000.0,,,21000.388671875,439.5280456542969,0.0,0.0,0.0,400.0,8000.0,0.0,0.0,7630.70263671875,1000000.0,,1266.1505126953125,16000.0,0.0,0.0,0.0,1200.0,16000.0,0.0,19792.716796875,0.0,1350.0,1000000.0,0.0,675.0,2700.0,,,0.0
1963-08-09,68.81121063232422,4000.0,0.0,33.04423904418945,50.0,0.0,,4000.0,55.90560531616211,3000.0,0.0,0.0,50.0,3000.0,3000.0,3000.0,0.0,,0.0,332.6224365234375,0.0,0.0,0.0,300.0,0.0,0.0,5688.99951171875,1000000.0,,0.0,5688.99951171875,1297.0,14620.4130859375,0.0,0.0,0.0,0.0,19755.875,0.0,16987.71484375,1050.0,1000000.0,0.0,12140.0,,,112.90560913085938,6500.0,0.0,0.0,100.0,6500.0,6500.0,6500.0,0.0,,0.0,102.7168197631836,0.0,0.0,999999.0,0.0,30.0,4500.0,4500.0,0.0,4500.0,120.0,,48.716819763183594,4874.66552734375,0.0,0.0,50.0,0.0,6818.3134765625,,18959.30078125,999999.0,924.9000244140625,4000.0,0.0,0.0,0.0,50.0,13000.0,0.0,12468.1826171875,1000000.0,,,20811.404296875,439.5280456542969,0.0,0.0,0.0,400.0,8000.0,0.0,0.0,7627.91650390625,1000000.0,,1266.1505126953125,16000.0,0.0,0.0,0.0,1200.0,16000.0,0.0,19811.080078125,0.0,1350.0,1000000.0,0.0,675.0,2700.0,,,0.0
1963-08-10,68.81121063232422,4000.0,0.0,37.44049835205078,50.0,0.0,,4000.0,55.90560531616211,3000.0,0.0,0.0,50.0,3000.0,3000.0,3000.0,0.0,,0.0,332.6224365234375,0.0,0.0,0.0,300.0,0.0,0.0,5686.07177734375,1000000.0,,0.0,5686.07177734375,1297.0,14574.8671875,0.0,0.0,0.0,0.0,19751.13671875,0.0,16988.94140625,1050.0,1000000.0,0.0,12140.0,,,112.90560913085938,6500.0,0.0,0.0,100.0,6500.0,6500.0,6500.0,0.0,,0.0,102.7168197631836,0.0,0.0,999999.0,0.0,30.0,4500.0,4500.0,0.0,4500.0,120.0,,48.716819763183594,4870.28125,0.0,0.0,50.0,0.0,6819.0,,18957.099609375,999999.0,927.2999877929688,4000.0,0.0,0.0,0.0,50.0,13000.0,0.0,12443.91015625,1000000.0,,,20618.83203125,439.5280456542969,0.0,0.0,0.0,400.0,8000.0,0.0,0.0,7625.283203125,1000000.0,,1266.1505126953125,16000.0,0.0,0.0,0.0,1200.0,16000.0,0.0,19813.080078125,0.0,1350.0,1000000.0,0.0,675.0,2700.0,,,0.0
1963-08-11,68.81121063232422,4000.0,0.0,35.17009353637695,50.0,0.0,,4000.0,55.90560531616211,3000.0,0.0,0.0,50.0,3000.0,3000.0,3000.0,0.0,,0.0,332.6224365234375,0.0,0.0,0.0,300.0,0.0,0.0,5683.65185546875,1000000.0,,0.0,5683.65185546875,1297.0,14535.1240234375,0.0,0.0,0.0,0.0,19746.291015625,0.0,16974.666015625,1050.0,1000000.0,0.0,12140.0,,,112.90560913085938,6500.0,0.0,0.0,100.0,6500.0,6500.0,6500.0,0.0,,0.0,102.7168197631836,0.0,0.0,999999.0,0.0,30.0,4500.0,4500.0,0.0,4500.0,120.0,,48.716819763183594,4865.89697265625,0.0,0.0,50.0,0.0,6819.0,,18961.30078125,999999.0,933.2999877929688,4000.0,0.0,0.0,0.0,50.0,13000.0,0.0,12419.5576171875,1000000.0,,,20431.365234375,439.5280456542969,0.0,0.0,0.0,400.0,8000.0,0.0,0.0,7624.48095703125,1000000.0,,1266.1505126953125,16000.0,0.0,0.0,0.0,1200.0,16000.0,0.0,19830.89453125,0.0,1350.0,1000000.0,0.0,675.0,2700.0,,,0.0
1963-08-12,68.81121063232422,4000.0,0.0,32.899688720703125,50.0,0.0,,4000.0,55.90560531616211,3000.0,0.0,0.0,50.0,3000.0,3000.0,3000.0,0.0,,0.0,332.6224365234375,0.0,0.0,0.0,300.0,0.0,0.0,5680.97802734375,1000000.0,,0.0,5680.97802734375,1297.0,14488.1083984375,0.0,0.0,0.0,0.0,19740.927734375,0.0,17009.939453125,1050.0,1000000.0,0.0,12140.0,,,112.90560913085938,6500.0,0.0,0.0,100.0,6500.0,6500.0,6500.0,0.0,,0.0,102.7168197631836,0.0,0.0,999999.0,0.0,30.0,4500.0,4500.0,0.0,4500.0,120.0,,48.716819763183594,4863.0849609375,0.0,0.0,50.0,0.0,6819.0,,18965.30078125,999999.0,935.7000122070312,4000.0,0.0,0.0,0.0,50.0,13000.0,0.0,12394.87109375,1000000.0,,,20239.93359375,439.5280456542969,0.0,0.0,0.0,400.0,8000.0,0.0,0.0,7622.3564453125,1000000.0,,1266.1505126953125,16000.0,0.0,0.0,0.0,1200.0,16000.0,0.0,19839.154296875,0.0,1350.0,1000000.0,0.0,675.0,2700.0,,,0.0
1963-08-13,68.81121063232422,4000.0,0.0,27.62928581237793,50.0,0.0,,4000.0,55.90560531616211,3000.0,0.0,0.0,50.0,3000.0,3000.0,3000.0,0.0,,0.0,332.6224365234375,0.0,0.0,0.0,300.0,0.0,0.0,5678.05029296875,1000000.0,,0.0,5678.05029296875,1297.0,14438.697265625,0.0,0.0,0.0,0.0,19735.615234375,0.0,16994.234375,1050.0,1000000.0,0.0,12140.0,,,112.90560913085938,6500.0,0.0,0.0,100.0,6500.0,6500.0,6500.0,0.0,,0.0,102.7168197631836,0.0,0.0,999999.0,0.0,30.0,4500.0,4500.0,0.0,4500.0,120.0,,48.716819763183594,4856.99462890625,0.0,0.0,50.0,0.0,6819.0,,18968.69921875,999999.0,940.4000244140625,4000.0,0.0,0.0,0.0,50.0,13000.0,0.0,12369.87109375,1000000.0,,,20042.71875,439.5280456542969,0.0,0.0,0.0,400.0,8000.0,0.0,0.0,7618.578125,1000000.0,,1266.1505126953125,16000.0,0.0,0.0,0.0,1200.0,16000.0,0.0,19838.537109375,0.0,1350.0,1000000.0,0.0,675.0,2700.0,,,0.0
1963-08-14,68.81121063232422,4000.0,0.0,24.3588809967041,50.0,0.0,,4000.0,55.90560531616211,3000.0,0.0,0.0,50.0,3000.0,3000.0,3000.0,0.0,,0.0,332.6224365234375,0.0,0.0,0.0,300.0,0.0,0.0,5674.66552734375,1000000.0,,0.0,5674.66552734375,1297.0,14392.33984375,0.0,0.0,0.0,0.0,19730.322265625,0.0,16986.73828125,1050.0,1000000.0,0.0,12140.0,,,112.90560913085938,6500.0,0.0,0.0,100.0,6500.0,6500.0,6500.0,0.0,,0.0,102.7168197631836,0.0,0.0,999999.0,0.0,30.0,4500.0,4500.0,0.0,4500.0,120.0,,48.716819763183594,4854.18359375,0.0,0.0,50.0,0.0,6819.49462890625,,18958.5,999999.0,944.0,4000.0,0.0,0.0,0.0,50.0,13000.0,0.0,12344.580078125,1000000.0,,,19835.91796875,439.5280456542969,0.0,0.0,0.0,400.0,8000.0,0.0,0.0,7615.46142578125,1000000.0,,1266.1505126953125,16000.0,0.0,0.0,0.0,1200.0,16000.0,0.0,19830.115234375,0.0,1350.0,1000000.0,0.0,675.0,2700.0,,,0.0
1963-08-15,68.81121063232422,4000.0,0.0,21.088476181030273,50.0,0.0,,4000.0,55.90560531616211,3000.0,0.0,0.0,50.0,3000.0,3000.0,3000.0,0.0,,0.0,332.6224365234375,0.0,0.0,0.0,300.0,0.0,0.0,5671.2802734375,1000000.0,,0.0,5671.2802734375,1297.0,14343.703125,0.0,0.0,0.0,0.0,19719.966796875,0.0,17005.279296875,1050.0,1000000.0,0.0,12140.0,,,112.90560913085938,6500.0,0.0,0.0,100.0,6500.0,6500.0,6500.0,0.0,,0.0,102.7168197631836,0.0,0.0,999999.0,0.0,30.0,4500.0,4500.0,0.0,4500.0,120.0,,48.716819763183594,4849.80224609375,0.0,0.0,50.0,0.0,6819.923828125,,18962.80078125,999999.0,946.4000244140625,4000.0,0.0,0.0,0.0,50.0,13000.0,0.0,12319.068359375,1000000.0,,,19636.52734375,439.5280456542969,0.0,0.0,0.0,400.0,8000.0,0.0,0.0,7612.853515625,1000000.0,,1266.1505126953125,16000.0,0.0,0.0,0.0,1200.0,16000.0,0.0,19838.818359375,0.0,1350.0,1000000.0,0.0,675.0,2700.0,,,0.0
1963-08-16,68.81121063232422,4000.0,0.0,17.818071365356445,50.0,0.0,,4000.0,55.90560531616211,3000.0,0.0,0.0,50.0,3000.0,3000.0,3000.0,0.0,,0.0,332.6224365234375,0.0,0.0,0.0,300.0,0.0,0.0,5667.8955078125,1000000.0,,0.0,5667.8955078125,1297.0,14290.5068359375,0.0,0.0,0.0,0.0,19713.94140625,0.0,17006.935546875,1050.0,1000000.0,0.0,12140.0,,,112.90560913085938,6500.0,0.0,0.0,100.0,6500.0,6500.0,6500.0,0.0,,0.0,102.7168197631836,0.0,0.0,999999.0,0.0,30.0,4500.0,4500.0,0.0,4500.0,120.0,,48.716819763183594,4845.45556640625,0.0,0.0,50.0,0.0,6820.0,,18964.19921875,999999.0,951.2000122070312,4000.0,0.0,0.0,0.0,50.0,13000.0,0.0,12293.2763671875,1000000.0,,,19434.970703125,439.5280456542969,0.0,0.0,0.0,400.0,8000.0,0.0,0.0,7610.0927734375,1000000.0,,1266.1505126953125,16000.0,0.0,0.0,0.0,1200.0,16000.0,0.0,19829.01953125,0.0,1350.0,1000000.0,0.0,675.0,2700.0,,,0.0
1963-08-17,68.81121063232422,4000.0,0.0,14.547666549682617,50.0,0.0,,4000.0,55.90560531616211,3000.0,0.0,0.0,50.0,3000.0,3000.0,3000.0,0.0,,0.0,332.6224365234375,0.0,0.0,0.0,300.0,0.0,0.0,5664.30712890625,1000000.0,,0.0,5664.30712890625,1297.0,14246.4296875,0.0,0.0,0.0,0.0,19707.4765625,0.0,17008.9765625,1050.0,1000000.0,0.0,12140.0,,,112.90560913085938,6500.0,0.0,0.0,100.0,6500.0,6500.0,6500.0,0.0,,0.0,102.7168197631836,0.0,0.0,999999.0,0.0,30.0,4500.0,4500.0,0.0,4500.0,120.0,,48.716819763183594,4842.6806640625,0.0,0.0,50.0,0.0,6820.0,,18969.19921875,999999.0,953.5999755859375,4000.0,0.0,0.0,0.0,50.0,13000.0,0.0,12266.9638671875,1000000.0,,,19228.642578125,439.5280456542969,0.0,0.0,0.0,400.0,8000.0,0.0,0.0,7607.1796875,1000000.0,,1266.1505126953125,16000.0,0.0,0.0,0.0,1200.0,16000.0,0.0,19875.265625,0.0,1350.0,1000000.0,0.0,675.0,2700.0,,,0.0
1963-08-18,68.81121063232422,4000.0,0.0,11.277261734008789,50.0,0.0,,4000.0,55.90560531616211,3000.0,0.0,0.0,50.0,3000.0,3000.0,3000.0,0.0,,0.0,332.6224365234375,0.0,0.0,0.0,300.0,0.0,0.0,5660.71875,1000000.0,,0.0,5660.71875,1297.0,14191.712890625,0.0,0.0,0.0,0.0,19700.021484375,0.0,16985.7109375,1050.0,1000000.0,0.0,12140.0,,,112.90560913085938,6500.0,0.0,0.0,100.0,6500.0,6500.0,6500.0,0.0,,0.0,102.7168197631836,0.0,0.0,999999.0,0.0,30.0,4500.0,4500.0,0.0,4500.0,120.0,,48.716819763183594,4836.626953125,0.0,0.0,50.0,0.0,6820.0,,18967.30078125,999999.0,959.5,4000.0,0.0,0.0,0.0,50.0,13000.0,0.0,12239.9453125,1000000.0,,,19030.427734375,439.5280456542969,0.0,0.0,0.0,400.0,8000.0,0.0,0.0,7604.4189453125,1000000.0,,1266.1505126953125,16000.0,0.0,0.0,0.0,1200.0,16000.0,0.0,19853.4375,0.0,1350.0,1000000.0,0.0,675.0,2700.0,,,0.0
1963-08-19,68.81121063232422,4000.0,0.0,8.006856918334961,50.0,0.0,,4000.0,55.90560531616211,3000.0,0.0,0.0,50.0,3000.0,3000.0,3000.0,0.0,,0.0,332.6224365234375,0.0,0.0,0.0,300.0,0.0,0.0,5656.92724609375,1000000.0,,0.0,5656.92724609375,1297.0,14136.9970703125,0.0,0.0,0.0,0.0,19692.810546875,0.0,17000.177734375,1050.0,1000000.0,0.0,12140.0,,,112.90560913085938,6500.0,0.0,0.0,100.0,6500.0,6500.0,6500.0,0.0,,0.0,102.7168197631836,0.0,0.0,999999.0,0.0,30.0,4500.0,4500.0,0.0,4500.0,120.0,,48.716819763183594,4833.853515625,0.0,0.0,50.0,0.0,6819.50537109375,,18971.69921875,999999.0,959.5,4000.0,0.0,0.0,0.0,50.0,13000.0,0.0,12212.845703125,1000000.0,,,18921.578125,439.5280456542969,0.0,0.0,0.0,400.0,8000.0,0.0,0.0,7601.658203125,1000000.0,,1266.1505126953125,16000.0,0.0,0.0,0.0,1200.0,16000.0,0.0,19838.32421875,0.0,1350.0,1000000.0,0.0,675.0,2700.0,,,0.0
1963-08-20,68.81121063232422,4000.0,0.0,4.736452102661133,50.0,0.0,,4000.0,55.90560531616211,3000.0,0.0,0.0,50.0,3000.0,3000.0,3000.0,0.0,,0.0,332.6224365234375,0.0,0.0,0.0,300.0,0.0,0.0,5653.1357421875,1000000.0,,0.0,5653.1357421875,1297.0,14091.3994140625,0.0,0.0,0.0,0.0,19686.041015625,0.0,16975.98828125,1050.0,1000000.0,0.0,12140.0,,,112.90560913085938,6500.0,0.0,0.0,100.0,6500.0,6500.0,6500.0,0.0,,0.0,102.7168197631836,0.0,0.0,999999.0,0.0,30.0,4500.0,4500.0,0.0,4500.0,120.0,,48.716819763183594,4829.50927734375,0.0,0.0,50.0,0.0,6819.076171875,,18971.099609375,999999.0,959.5,4000.0,0.0,0.0,0.0,50.0,13000.0,0.0,12186.3154296875,1000000.0,,,18922.818359375,439.5280456542969,0.0,0.0,0.0,400.0,8000.0,0.0,0.0,7597.6005859375,1000000.0,,1266.1505126953125,16000.0,0.0,0.0,0.0,1200.0,16000.0,0.0,19855.46484375,0.0,1350.0,1000000.0,0.0,675.0,2700.0,,,0.0
1963-08-21,68.81121063232422,4000.0,0.0,1.4660472869873047,50.0,0.0,,4000.0,55.90560531616211,3000.0,0.0,0.0,50.0,3000.0,3000.0,3000.0,0.0,,0.0,332.6224365234375,0.0,0.0,0.0,300.0,0.0,0.0,5649.34423828125,1000000.0,,0.0,5649.34423828125,1297.0,14046.486328125,0.0,0.0,0.0,0.0,19677.501953125,0.0,16955.169921875,1050.0,1000000.0,0.0,12140.0,,,112.90560913085938,6500.0,0.0,0.0,100.0,6500.0,6500.0,6500.0,0.0,,0.0,102.7168197631836,0.0,0.0,999999.0,0.0,30.0,4500.0,4500.0,0.0,4500.0,120.0,,48.716819763183594,4825.13134765625,0.0,0.0,50.0,0.0,6818.2578125,,18973.0,999999.0,959.5,4000.0,0.0,0.0,0.0,50.0,13000.0,0.0,12159.5361328125,1000000.0,,,18925.1953125,439.5280456542969,0.0,0.0,0.0,400.0,8000.0,0.0,0.0,7595.19580078125,1000000.0,,1266.1505126953125,16000.0,0.0,0.0,0.0,1200.0,16000.0,0.0,19875.494140625,0.0,1350.0,1000000.0,0.0,675.0,2700.0,,,0.0
1963-08-22,68.81121063232422,4000.0,0.0,0.0,50.0,0.0,,4000.0,55.90560531616211,3000.0,0.0,0.0,50.0,3000.0,3000.0,3000.0,0.0,,0.0,332.6224365234375,0.0,0.0,0.0,300.0,0.0,0.0,5645.552734375,1000000.0,,0.0,5645.552734375,1297.0,13986.5263671875,0.0,0.0,0.0,0.0,19669.130859375,0.0,17005.908203125,1050.0,1000000.0,0.0,12140.0,,,112.90560913085938,6500.0,0.0,0.0,100.0,6500.0,6500.0,6500.0,0.0,,0.0,102.7168197631836,0.0,0.0,999999.0,0.0,30.0,4500.0,4500.0,0.0,4500.0,120.0,,48.716819763183594,4820.75390625,0.0,0.0,50.0,0.0,6819.037109375,,18972.599609375,999999.0,959.5,4000.0,0.0,0.0,0.0,50.0,13000.0,0.0,12132.884765625,1000000.0,,,18924.73828125,439.5280456542969,0.0,0.0,0.0,400.0,8000.0,143.1866455078125,0.0,7591.494140625,1000000.0,,1266.1505126953125,16000.0,0.0,0.0,0.0,1200.0,16000.0,0.0,19818.544921875,0.0,1350.0,1000000.0,0.0,675.0,2700.0,,,0.0
1963-08-23,68.81121063232422,4000.0,0.0,0.0,50.0,0.0,,4000.0,55.90560531616211,3000.0,0.0,0.0,50.0,3000.0,3000.0,3000.0,0.0,,0.0,332.6224365234375,0.0,0.0,0.0,300.0,0.0,0.0,5641.76123046875,1000000.0,,0.0,5641.76123046875,1297.0,13940.853515625,0.0,0.0,0.0,0.0,19661.421875,0.0,16982.259765625,1050.0,1000000.0,0.0,12140.0,,,112.90560913085938,6500.0,0.0,0.0,100.0,6500.0,6500.0,6500.0,0.0,,0.0,102.7168197631836,0.0,0.0,999999.0,0.0,30.0,4500.0,4500.0,0.0,4500.0,120.0,,48.716819763183594,4817.98291015625,0.0,0.0,50.0,0.0,6818.56298828125,,18968.5,999999.0,959.5,4000.0,0.0,0.0,0.0,50.0,13000.0,0.0,12106.6826171875,1000000.0,,,18920.974609375,439.5280456542969,0.0,0.0,0.0,400.0,8000.0,232.71875,0.0,7589.115234375,1000000.0,,1266.1505126953125,16000.0,0.0,0.0,0.0,1200.0,16000.0,0.0,19832.3984375,0.0,1350.0,1000000.0,0.0,675.0,2700.0,,,0.0
1963-08-24,68.81121063232422,4000.0,0.0,0.0,50.0,0.0,,4000.0,55.90560531616211,3000.0,0.0,0.0,50.0,3000.0,3000.0,3000.0,0.0,,0.0,332.6224365234375,0.0,0.0,0.0,300.0,0.0,0.0,5637.9697265625,1000000.0,,0.0,5637.9697265625,1297.0,13889.9365234375,0.0,0.0,0.0,0.0,19654.38671875,0.0,16955.974609375,1050.0,1000000.0,0.0,12140.0,,,112.90560913085938,6500.0,0.0,0.0,100.0,6500.0,6500.0,6500.0,0.0,,0.0,102.7168197631836,0.0,0.0,999999.0,0.0,30.0,4500.0,4500.0,0.0,4500.0,120.0,,48.716819763183594,4815.314453125,0.0,0.0,50.0,0.0,6818.23291015625,,18963.5,999999.0,959.5,4000.0,0.0,0.0,0.0,50.0,13000.0,0.0,12080.4794921875,1000000.0,,,18918.310546875,439.5280456542969,0.0,0.0,0.0,400.0,8000.0,379.8714599609375,0.0,7585.43896484375,1000000.0,,1266.1505126953125,16000.0,0.0,0.0,0.0,1200.0,16000.0,0.0,19846.099609375,0.0,1350.0,1000000.0,0.0,675.0,2700.0,,,0.0
1963-08-25,68.81121063232422,4000.0,0.0,0.0,50.0,0.0,,4000.0,55.90560531616211,3000.0,0.0,0.0,50.0,3000.0,3000.0,3000.0,0.0,,0.0,332.6224365234375,0.0,0.0,0.0,300.0,0.0,0.0,5634.17822265625,1000000.0,,0.0,5634.17822265625,1297.0,13846.6953125,0.0,0.0,0.0,0.0,19646.55859375,0.0,16989.3984375,1050.0,1000000.0,0.0,12140.0,,,112.90560913085938,6500.0,0.0,0.0,100.0,6500.0,6500.0,6500.0,0.0,,0.0,102.7168197631836,0.0,0.0,999999.0,0.0,30.0,4500.0,4500.0,0.0,4500.0,120.0,,48.716819763183594,4811.10986328125,0.0,0.0,50.0,0.0,6818.93310546875,,18966.400390625,999999.0,961.9000244140625,4000.0,0.0,0.0,0.0,50.0,13000.0,0.0,12053.978515625,1000000.0,,,18922.22265625,439.5280456542969,0.0,0.0,0.0,400.0,8000.0,483.769775390625,0.0,7582.423828125,1000000.0,,1266.1505126953125,16000.0,0.0,0.0,0.0,1200.0,16000.0,0.0,19860.3671875,0.0,1350.0,1000000.0,0.0,675.0,2700.0,,,0.0
1963-08-26,68.81121063232422,4000.0,0.0,0.0,50.0,0.0,,4000.0,55.90560531616211,3000.0,0.0,0.0,50.0,3000.0,3000.0,3000.0,0.0,,0.0,332.6224365234375,0.0,0.0,0.0,300.0,0.0,0.0,5630.18359375,1000000.0,,0.0,5630.18359375,1297.0,13787.419921875,0.0,0.0,0.0,0.0,19636.271484375,0.0,16985.60546875,1050.0,1000000.0,0.0,12140.0,,,112.90560913085938,6500.0,0.0,0.0,100.0,6500.0,6500.0,6500.0,0.0,,0.0,102.7168197631836,0.0,0.0,999999.0,0.0,30.0,4500.0,4500.0,0.0,4500.0,120.0,,48.716819763183594,4808.40869140625,0.0,0.0,50.0,0.0,6819.818359375,,18965.80078125,999999.0,964.2999877929688,4000.0,0.0,0.0,0.0,50.0,13000.0,0.0,12026.2890625,1000000.0,,,18925.818359375,439.5280456542969,0.0,0.0,0.0,400.0,8000.0,607.3572998046875,0.0,7577.6220703125,1000000.0,,1266.1505126953125,16000.0,0.0,0.0,0.0,1200.0,16000.0,0.0,19845.533203125,0.0,1350.0,1000000.0,0.0,675.0,2700.0,,,0.0
1963-08-27,68.81121063232422,4000.0,0.0,0.0,50.0,0.0,,4000.0,55.90560531616211,3000.0,0.0,0.0,50.0,3000.0,3000.0,3000.0,0.0,,0.0,332.6224365234375,0.0,0.0,0.0,300.0,0.0,0.0,5625.9853515625,1000000.0,,0.0,5625.9853515625,1297.0,13730.306640625,0.0,0.0,0.0,0.0,19630.064453125,0.0,16965.103515625,1050.0,1000000.0,0.0,12140.0,,,112.90560913085938,6500.0,0.0,0.0,100.0,6500.0,6500.0,6500.0,0.0,,0.0,102.7168197631836,0.0,0.0,999999.0,0.0,30.0,4500.0,4500.0,0.0,4500.0,120.0,,48.716819763183594,4805.673828125,0.0,0.0,50.0,0.0,6819.58154296875,,18973.69921875,999999.0,969.0999755859375,4000.0,0.0,0.0,0.0,50.0,13000.0,0.0,11998.37890625,1000000.0,,,18935.099609375,439.5280456542969,0.0,0.0,0.0,400.0,8000.0,598.8151245117188,0.0,7570.36376953125,1000000.0,,1266.1505126953125,16000.0,0.0,0.0,0.0,1200.0,16000.0,0.0,19851.90625,0.0,1350.0,1000000.0,0.0,675.0,2700.0,,,0.0
1963-08-28,68.81121063232422,4000.0,0.0,0.0,50.0,0.0,,4000.0,55.90560531616211,3000.0,0.0,0.0,50.0,3000.0,3000.0,3000.0,0.0,,0.0,332.6224365234375,0.0,0.0,0.0,300.0,0.0,0.0,5621.583984375,1000000.0,,0.0,5621.583984375,1297.0,13679.1455078125,0.0,0.0,0.0,0.0,19620.380859375,0.0,16988.9453125,1050.0,1000000.0,0.0,12140.0,,,112.90560913085938,6500.0,0.0,0.0,100.0,6500.0,6500.0,6500.0,0.0,,0.0,102.7168197631836,0.0,0.0,999999.0,0.0,30.0,4500.0,4500.0,0.0,4500.0,120.0,,48.716819763183594,4802.9052734375,0.0,0.0,50.0,0.0,6819.3857421875,,18971.19921875,999999.0,973.9000244140625,4000.0,0.0,0.0,0.0,50.0,13000.0,0.0,11970.1298828125,1000000.0,,,18938.48046875,439.5280456542969,0.0,0.0,0.0,400.0,8000.0,572.489990234375,0.0,7562.66064453125,1000000.0,,1266.1505126953125,16000.0,0.0,0.0,0.0,1200.0,16000.0,0.0,19916.20703125,0.0,1350.0,1000000.0,0.0,675.0,2700.0,,,0.0
1963-08-29,68.81121063232422,4000.0,0.0,0.0,50.0,0.0,,4000.0,55.90560531616211,3000.0,0.0,0.0,50.0,3000.0,3000.0,3000.0,0.0,,0.0,332.6224365234375,0.0,0.0,0.0,300.0,0.0,0.0,5617.18310546875,1000000.0,,0.0,5617.18310546875,1297.0,13624.048828125,0.0,0.0,0.0,0.0,19610.28515625,0.0,16982.57421875,1050.0,1000000.0,0.0,12140.0,,,112.90560913085938,6500.0,0.0,0.0,100.0,6500.0,6500.0,6500.0,0.0,,0.0,102.7168197631836,0.0,0.0,999999.0,0.0,30.0,4500.0,4500.0,0.0,4500.0,120.0,,48.716819763183594,4800.103515625,0.0,0.0,50.0,0.0,6819.19091796875,,18978.0,999999.0,976.2999877929688,4000.0,0.0,0.0,0.0,50.0,13000.0,0.0,11941.5771484375,1000000.0,,,18946.568359375,439.5280456542969,0.0,0.0,0.0,400.0,8000.0,493.3133850097656,0.0,7555.98388671875,1000000.0,,1266.1505126953125,16000.0,0.0,0.0,0.0,1200.0,16000.0,0.0,19885.064453125,0.0,1350.0,1000000.0,0.0,675.0,2700.0,,,0.0
1963-08-30,68.81121063232422,4000.0,0.0,0.0,50.0,0.0,,4000.0,55.90560531616211,3000.0,0.0,0.0,50.0,3000.0,3000.0,3000.0,0.0,,0.0,332.6224365234375,0.0,0.0,0.0,300.0,0.0,0.0,5612.57861328125,1000000.0,,0.0,5612.57861328125,1297.0,13568.9521484375,0.0,0.0,0.0,0.0,19599.759765625,0.0,17002.994140625,1050.0,1000000.0,0.0,12140.0,,,112.90560913085938,6500.0,0.0,0.0,100.0,6500.0,6500.0,6500.0,0.0,,0.0,102.7168197631836,0.0,0.0,999999.0,0.0,30.0,4500.0,4500.0,0.0,4500.0,120.0,,48.716819763183594,4797.19970703125,0.0,0.0,50.0,0.0,6816.83544921875,,18978.19921875,999999.0,977.4000244140625,4000.0,0.0,0.0,0.0,50.0,13000.0,0.0,11912.9072265625,1000000.0,,,18948.306640625,439.5280456542969,0.0,0.0,0.0,400.0,8000.0,539.60693359375,0.0,7550.3544921875,1000000.0,,1266.1505126953125,16000.0,0.0,0.0,0.0,1200.0,16000.0,0.0,19884.9375,0.0,1350.0,1000000.0,0.0,675.0,2700.0,,,0.0
1963-08-31,68.81121063232422,4000.0,0.0,0.0,50.0,0.0,,4000.0,55.90560531616211,3000.0,0.0,0.0,50.0,3000.0,3000.0,3000.0,0.0,,0.0,332.6224365234375,0.0,0.0,0.0,300.0,0.0,0.0,5607.97412109375,1000000.0,,0.0,5607.97412109375,1297.0,13512.25390625,0.0,0.0,0.0,0.0,19588.712890625,0.0,16965.244140625,1050.0,1000000.0,0.0,12140.0,,,112.90560913085938,6500.0,0.0,0.0,100.0,6500.0,6500.0,6500.0,0.0,,0.0,102.7168197631836,0.0,0.0,999999.0,0.0,30.0,4500.0,4500.0,0.0,4500.0,120.0,,48.716819763183594,4792.6572265625,0.0,0.0,50.0,0.0,6816.05322265625,,18977.0,999999.0,976.2999877929688,4000.0,0.0,0.0,0.0,50.0,13000.0,0.0,11883.77734375,1000000.0,,,18916.189453125,439.5280456542969,0.0,0.0,0.0,400.0,8000.0,518.242431640625,0.0,7544.69189453125,1000000.0,,1266.1505126953125,16000.0,0.0,0.0,0.0,1200.0,16000.0,0.0,19867.00390625,0.0,1350.0,1000000.0,0.0,675.0,2700.0,,,0.0
1963-09-01,65.81121063232422,4000.0,215.29835510253906,0.0,50.0,0.0,,4000.0,54.90560531616211,3000.0,0.0,0.0,50.0,3000.0,3000.0,3000.0,0.0,,0.0,326.7168273925781,0.0,0.0,0.0,300.0,0.0,0.0,5603.57275390625,1000000.0,,0.0,5603.57275390625,1691.0,13452.2177734375,0.0,0.0,0.0,0.0,19578.037109375,0.0,16882.681640625,1050.0,1000000.0,0.0,12140.0,,,110.90560913085938,6500.0,0.0,0.0,100.0,6500.0,6500.0,6500.0,0.0,,0.0,218.81121826171875,0.0,0.0,999999.0,0.0,30.0,4500.0,4500.0,0.0,4500.0,120.0,,44.811214447021484,4789.6181640625,0.0,0.0,50.0,0.0,6817.849609375,,18972.599609375,3000.0,1575.300048828125,4000.0,0.0,0.0,0.0,50.0,13000.0,0.0,11854.1826171875,1000000.0,,,18763.8359375,432.6224365234375,0.0,0.0,0.0,400.0,8000.0,567.6691284179688,0.0,7538.5322265625,1000000.0,,1255.244873046875,16000.0,0.0,0.0,0.0,1200.0,16000.0,0.0,19771.640625,0.0,1350.0,1000000.0,0.0,675.0,2700.0,,,0.0
1963-09-02,65.81121063232422,4000.0,718.2984008789062,104.38785552978516,50.0,0.0,,4000.0,54.90560531616211,3000.0,0.0,0.0,50.0,3000.0,3000.0,3000.0,0.0,,0.0,326.7168273925781,0.0,0.0,0.0,300.0,0.0,0.0,5599.4716796875,1000000.0,,0.0,5599.4716796875,1691.0,13366.23046875,0.0,0.0,0.0,0.0,19562.0234375,0.0,16851.0859375,1050.0,1000000.0,0.0,12140.0,,,110.90560913085938,6500.0,0.0,0.0,100.0,6500.0,6500.0,6500.0,0.0,,0.0,218.81121826171875,0.0,0.0,999999.0,0.0,30.0,4500.0,4500.0,0.0,4500.0,120.0,,44.811214447021484,4785.232421875,0.0,0.0,50.0,0.0,6810.56787109375,,18971.900390625,3000.0,1575.300048828125,4000.0,0.0,0.0,0.0,50.0,13000.0,0.0,11803.2373046875,1000000.0,,,18689.8828125,432.6224365234375,0.0,0.0,0.0,400.0,8000.0,520.8867797851562,0.0,7532.26123046875,1000000.0,,1255.244873046875,16000.0,0.0,0.0,0.0,1200.0,16000.0,0.0,19742.865234375,0.0,1350.0,1000000.0,0.0,675.0,2700.0,,,0.0
1963-09-03,65.81121063232422,4000.0,565.2913208007812,48.03838348388672,50.0,0.0,,4000.0,54.90560531616211,3000.0,0.0,0.0,50.0,3000.0,3000.0,3000.0,0.0,,0.0,326.7168273925781,0.0,0.0,0.0,300.0,0.0,0.0,5595.1669921875,1000000.0,,0.0,5595.1669921875,1691.0,13277.580078125,0.0,0.0,0.0,0.0,19545.564453125,0.0,16977.115234375,1050.0,1000000.0,0.0,12140.0,,,110.90560913085938,6500.0,0.0,0.0,100.0,6500.0,6500.0,6500.0,0.0,,0.0,218.81121826171875,0.0,0.0,999999.0,0.0,30.0,4500.0,4500.0,0.0,4500.0,120.0,,44.811214447021484,4782.66748046875,0.0,0.0,50.0,0.0,6809.1767578125,,18977.400390625,3000.0,1576.4000244140625,4000.0,0.0,0.0,0.0,50.0,13000.0,0.0,11753.1689453125,1000000.0,,,18829.48828125,432.6224365234375,0.0,0.0,0.0,400.0,8000.0,549.9817504882812,0.0,7525.87890625,1000000.0,,1255.244873046875,16000.0,0.0,0.0,0.0,1200.0,16000.0,0.0,19748.4921875,0.0,1350.0,1000000.0,0.0,675.0,2700.0,,,0.0
1963-09-04,65.81121063232422,4000.0,569.365478515625,36.955169677734375,50.0,0.0,,4000.0,54.90560531616211,3000.0,0.0,0.0,50.0,3000.0,3000.0,3000.0,0.0,,0.0,326.7168273925781,0.0,0.0,0.0,300.0,0.0,0.0,5590.4560546875,1000000.0,,0.0,5590.4560546875,1691.0,13186.7412109375,0.0,0.0,0.0,0.0,19527.75390625,0.0,16822.994140625,1050.0,1000000.0,0.0,12140.0,,,110.90560913085938,6500.0,0.0,0.0,100.0,6500.0,6500.0,6500.0,0.0,,0.0,218.81121826171875,0.0,411.66015625,999999.0,0.0,30.0,4500.0,4500.0,0.0,4500.0,120.0,,44.811214447021484,4780.068359375,0.0,0.0,50.0,0.0,6803.44189453125,,18980.19921875,3000.0,1578.800048828125,4000.0,0.0,0.0,0.0,50.0,13000.0,0.0,11702.890625,1000000.0,,,18823.931640625,432.6224365234375,0.0,0.0,0.0,400.0,8000.0,518.3341064453125,0.0,7519.2548828125,1000000.0,,1255.244873046875,16000.0,0.0,0.0,0.0,1200.0,16000.0,0.0,19585.294921875,0.0,1350.0,1000000.0,0.0,675.0,2700.0,,,0.0
1963-09-05,65.81121063232422,4000.0,564.8236083984375,43.0,50.0,0.0,,4000.0,54.90560531616211,3000.0,0.0,0.0,50.0,3000.0,3000.0,3000.0,0.0,,0.0,326.7168273925781,0.0,0.0,0.0,300.0,0.0,0.0,5585.74560546875,1000000.0,,0.0,5585.74560546875,1691.0,13094.4150390625,0.0,0.0,0.0,0.0,19509.61328125,0.0,16910.41796875,1050.0,1000000.0,0.0,12140.0,,,110.90560913085938,6500.0,344.7261962890625,0.0,100.0,6500.0,6500.0,6500.0,0.0,,0.0,218.81121826171875,0.0,739.2354125976562,999999.0,0.0,30.0,4500.0,4500.0,0.0,4500.0,120.0,,44.811214447021484,4774.703125,0.0,0.0,50.0,0.0,6798.10791015625,,18976.30078125,3000.0,1583.5999755859375,4000.0,0.0,0.0,0.0,50.0,13000.0,0.0,11650.8076171875,1000000.0,,,18854.33203125,432.6224365234375,0.0,0.0,0.0,400.0,8000.0,561.8796997070312,0.0,7512.4892578125,1000000.0,,1255.244873046875,16000.0,0.0,0.0,0.0,1200.0,16000.0,0.0,19264.513671875,0.0,1350.0,1000000.0,0.0,675.0,2700.0,,,0.0
1963-09-06,65.81121063232422,4000.0,564.8236083984375,35.433807373046875,50.0,0.0,,4000.0,54.90560531616211,3000.0,0.0,0.0,50.0,3000.0,3000.0,3000.0,0.0,,0.0,326.7168273925781,0.0,0.0,0.0,300.0,0.0,0.0,5580.8310546875,1000000.0,,0.0,5580.8310546875,1691.0,13002.71875,0.0,0.0,0.0,0.0,19491.87890625,0.0,16937.01171875,1050.0,1000000.0,0.0,12140.0,,,110.90560913085938,6500.0,806.1292114257812,109.5687484741211,100.0,6500.0,6500.0,6500.0,0.0,,0.0,218.81121826171875,0.0,741.2354125976562,999999.0,0.0,30.0,4500.0,4500.0,0.0,4500.0,120.0,,44.811214447021484,4770.84423828125,0.0,0.0,50.0,0.0,6796.86962890625,,18979.400390625,3000.0,1583.5999755859375,4000.0,0.0,0.0,0.0,50.0,13000.0,0.0,11597.7841796875,1000000.0,,,18868.541015625,432.6224365234375,0.0,0.0,0.0,400.0,8000.0,572.2481079101562,0.0,7505.68701171875,1000000.0,,1255.244873046875,16000.0,0.0,0.0,0.0,1200.0,16000.0,0.0,19192.99609375,0.0,1350.0,1000000.0,0.0,675.0,2700.0,,,0.0
1963-09-07,65.81121063232422,4000.0,564.7681884765625,42.99261474609375,50.0,0.0,,4000.0,54.90560531616211,3000.0,0.0,0.0,50.0,3000.0,3000.0,3000.0,0.0,,0.0,326.7168273925781,0.0,0.0,0.0,300.0,0.0,0.0,5575.9169921875,1000000.0,,0.0,5575.9169921875,1691.0,12910.3388671875,0.0,0.0,0.0,0.0,19475.02734375,0.0,16914.623046875,1050.0,1000000.0,0.0,12140.0,,,110.90560913085938,6500.0,577.9666748046875,37.9951171875,100.0,6500.0,6500.0,6500.0,0.0,,0.0,218.81121826171875,0.0,756.393798828125,999999.0,0.0,30.0,4500.0,4500.0,0.0,4500.0,120.0,,44.811214447021484,4765.3046875,0.0,0.0,50.0,0.0,6796.14453125,,18975.69921875,3000.0,1586.0,4000.0,0.0,0.0,0.0,50.0,13000.0,0.0,11545.90234375,1000000.0,,,18700.2421875,432.6224365234375,0.0,0.0,0.0,400.0,8000.0,534.3902587890625,0.0,7499.14306640625,1000000.0,,1255.244873046875,16000.0,0.0,0.0,0.0,1200.0,16000.0,0.0,19255.919921875,0.0,1350.0,1000000.0,0.0,675.0,2700.0,,,0.0
1963-09-08,65.81121063232422,4000.0,570.907470703125,47.56988525390625,50.0,0.0,,4000.0,54.90560531616211,3000.0,0.0,0.0,50.0,3000.0,3000.0,3000.0,0.0,,0.0,326.7168273925781,0.0,0.0,0.0,300.0,0.0,0.0,5571.0029296875,1000000.0,,0.0,5571.0029296875,1691.0,12822.6748046875,0.0,0.0,0.0,0.0,19457.70703125,0.0,16932.970703125,1050.0,1000000.0,0.0,12140.0,,,110.90560913085938,6500.0,572.9666748046875,32.99372100830078,100.0,6500.0,6500.0,6500.0,0.0,,0.0,218.81121826171875,0.0,746.7623291015625,999999.0,0.0,30.0,4500.0,4500.0,0.0,4500.0,120.0,,44.811214447021484,4763.16162109375,0.0,0.0,50.0,0.0,6794.802734375,,18978.5,3000.0,1586.0,4000.0,0.0,0.0,0.0,50.0,13000.0,0.0,11493.5234375,1000000.0,,,18241.89453125,432.6224365234375,0.0,0.0,0.0,400.0,8000.0,523.5072631835938,0.0,7492.77392578125,1000000.0,,1255.244873046875,16000.0,0.0,0.0,0.0,1200.0,16000.0,0.0,19255.6953125,0.0,1350.0,1000000.0,0.0,675.0,2700.0,,,0.0
1963-09-09,65.81121063232422,4000.0,587.019775390625,34.975738525390625,50.0,0.0,,4000.0,54.90560531616211,3000.0,115.89836120605469,0.0,50.0,3000.0,3000.0,3000.0,0.0,,0.0,326.7168273925781,0.0,0.0,0.0,300.0,0.0,0.0,5566.0888671875,1000000.0,,0.0,5566.0888671875,1691.0,12730.1943359375,0.0,0.0,0.0,0.0,19438.220703125,0.0,16998.494140625,1050.0,1000000.0,0.0,12140.0,,,110.90560913085938,6500.0,582.3690795898438,49.99232864379883,100.0,6500.0,6500.0,6500.0,0.0,,0.0,218.81121826171875,0.0,763.9730224609375,999999.0,0.0,30.0,4500.0,4500.0,0.0,4500.0,120.0,,44.811214447021484,4760.87841796875,0.0,0.0,50.0,0.0,6792.15478515625,,18979.80078125,3000.0,1589.5999755859375,4000.0,0.0,0.0,0.0,50.0,13000.0,0.0,11439.67578125,1000000.0,,,17843.98828125,432.6224365234375,0.0,0.0,0.0,400.0,8000.0,514.0714721679688,0.0,7486.83447265625,1000000.0,,1255.244873046875,16000.0,0.0,0.0,0.0,1200.0,16000.0,0.0,19249.302734375,0.0,1350.0,1000000.0,0.0,675.0,2700.0,,,0.0
1963-09-10,65.81121063232422,3994.500732421875,529.550048828125,35.469146728515625,50.0,0.0,,3994.500732421875,54.90560531616211,3000.0,319.287353515625,46.96702194213867,50.0,3000.0,3000.0,3000.0,0.0,,0.0,326.7168273925781,0.0,0.0,0.0,300.0,0.0,0.0,5560.9716796875,1000000.0,,0.0,5560.9716796875,1691.0,12635.4287109375,0.0,0.0,0.0,0.0,19419.1640625,0.0,17003.91796875,1050.0,1000000.0,0.0,12140.0,,,110.90560913085938,6500.0,672.452880859375,132.00262451171875,100.0,6500.0,6500.0,6500.0,0.0,,0.0,218.81121826171875,0.0,781.9730224609375,999999.0,0.0,30.0,4500.0,4500.0,0.0,4500.0,120.0,,44.811214447021484,4756.9853515625,0.0,0.0,50.0,0.0,6792.85791015625,,18979.400390625,3000.0,1587.199951171875,4000.0,0.0,0.0,0.0,50.0,13000.0,0.0,11385.658203125,1000000.0,,,17500.083984375,432.6224365234375,0.0,0.0,0.0,400.0,8000.0,521.4754638671875,0.0,7481.16015625,1000000.0,,1255.244873046875,16000.0,0.0,0.0,0.0,1200.0,16000.0,0.0,19207.05078125,0.0,1350.0,1000000.0,0.0,675.0,2700.0,,,0.0
1963-09-11,65.81121063232422,3975.667236328125,561.8482055664062,45.38302993774414,50.0,0.0,,3975.667236328125,54.90560531616211,3000.0,252.92774963378906,21.000410079956055,50.0,3000.0,3000.0,3000.0,0.0,,0.0,326.7168273925781,0.0,0.0,0.0,300.0,0.0,0.0,5555.85400390625,1000000.0,,0.0,5555.85400390625,1691.0,12543.4375,0.0,0.0,0.0,0.0,19400.76953125,0.0,16958.728515625,1050.0,1000000.0,0.0,12140.0,,,110.90560913085938,6500.0,487.5021057128906,0.0,100.0,6500.0,6500.0,6500.0,0.0,,0.0,218.81121826171875,0.0,769.9207153320312,999999.0,0.0,30.0,4500.0,4500.0,0.0,4500.0,120.0,,44.811214447021484,4751.55224609375,0.0,0.0,50.0,0.0,6794.00048828125,,18977.19921875,3000.0,1587.199951171875,4000.0,0.0,0.0,0.0,50.0,13000.0,0.0,11331.876953125,1000000.0,,,17221.1640625,432.6224365234375,0.0,0.0,0.0,400.0,8000.0,491.12469482421875,0.0,7475.25732421875,1000000.0,,1255.244873046875,16000.0,0.0,0.0,0.0,1200.0,16000.0,0.0,19214.365234375,0.0,1350.0,1000000.0,0.0,675.0,2700.0,,,0.0
1963-09-12,65.81121063232422,3955.499267578125,561.7681884765625,44.530853271484375,50.0,0.0,,3955.499267578125,54.90560531616211,3000.0,237.8503875732422,10.99671745300293,50.0,3000.0,3000.0,3000.0,0.0,,0.0,326.7168273925781,0.0,0.0,0.0,300.0,0.0,0.0,5550.73681640625,1000000.0,,0.0,5550.73681640625,1691.0,12457.4052734375,0.0,0.0,0.0,0.0,19388.248046875,0.0,16956.205078125,1050.0,1000000.0,0.0,12140.0,,,110.90560913085938,6500.0,582.3783569335938,49.99540328979492,100.0,6500.0,6500.0,6500.0,0.0,,0.0,218.81121826171875,0.0,741.2261962890625,999999.0,0.0,30.0,4500.0,4500.0,0.0,4500.0,120.0,,44.811214447021484,4749.33984375,0.0,0.0,50.0,0.0,6795.2373046875,,18980.900390625,3000.0,1587.199951171875,4000.0,0.0,0.0,0.0,50.0,13000.0,0.0,11277.9482421875,1000000.0,,,17002.427734375,432.6224365234375,0.0,0.0,0.0,400.0,8000.0,627.4617919921875,0.0,7469.13330078125,1000000.0,,1255.244873046875,16000.0,0.0,0.0,0.0,1200.0,16000.0,0.0,19208.978515625,0.0,1350.0,1000000.0,0.0,675.0,2700.0,,,0.0
1963-09-13,65.81121063232422,3936.334228515625,580.8546752929688,51.983123779296875,50.0,0.0,,3936.334228515625,54.90560531616211,3000.0,253.92774963378906,22.00492286682129,50.0,3000.0,3000.0,3000.0,0.0,,0.0,326.7168273925781,0.0,0.0,0.0,300.0,0.0,0.0,5545.61962890625,1000000.0,,0.0,5545.61962890625,1691.0,12365.66015625,0.0,0.0,0.0,0.0,19371.556640625,0.0,16924.306640625,1050.0,1000000.0,0.0,12140.0,,,110.90560913085938,6426.50146484375,590.452880859375,50.00262451171875,100.0,6426.50146484375,6500.0,6500.0,0.0,,0.0,218.81121826171875,0.0,787.9884643554688,999999.0,0.0,30.0,4500.0,4500.0,0.0,4500.0,120.0,,44.811214447021484,4745.69287109375,0.0,0.0,50.0,0.0,6794.76318359375,,19008.19921875,3000.0,1534.699951171875,4000.0,0.0,0.0,0.0,50.0,13000.0,0.0,11224.01953125,1000000.0,,,16836.705078125,432.6224365234375,0.0,0.0,0.0,400.0,8000.0,707.1656494140625,0.0,7462.39111328125,1000000.0,,1255.244873046875,16000.0,0.0,0.0,0.0,1200.0,16000.0,0.0,19194.10546875,0.0,1350.0,1000000.0,0.0,675.0,2700.0,,,0.0
1963-09-14,65.81121063232422,3915.167236328125,587.8358764648438,67.51766967773438,50.0,0.0,,3915.167236328125,54.90560531616211,3000.0,271.98681640625,33.0012321472168,50.0,3000.0,3000.0,3000.0,0.0,,0.0,326.7168273925781,0.0,0.0,0.0,300.0,0.0,0.0,5542.53466796875,1000000.0,,0.0,5542.53466796875,1691.0,12276.8837890625,0.0,0.0,0.0,0.0,19355.744140625,0.0,16918.892578125,1050.0,1000000.0,0.0,12140.0,,,110.90560913085938,6326.00390625,587.4275512695312,55.00722122192383,100.0,6326.00390625,6500.0,6500.0,0.0,,0.0,218.81121826171875,0.0,807.9204711914062,999999.0,0.0,30.0,4500.0,4500.0,0.0,4500.0,120.0,,44.811214447021484,4745.056640625,0.0,0.0,50.0,0.0,6786.45458984375,,18957.69921875,3000.0,1534.699951171875,4000.0,0.0,0.0,0.0,50.0,13000.0,0.0,11172.5400390625,1000000.0,,,16720.701171875,432.6224365234375,0.0,0.0,0.0,400.0,8000.0,505.6039123535156,0.0,7456.1865234375,1000000.0,,1255.244873046875,16000.0,0.0,0.0,0.0,1200.0,16000.0,0.0,19063.619140625,0.0,1350.0,1000000.0,0.0,675.0,2700.0,,,0.0
1963-09-15,65.81121063232422,3895.499755859375,759.3004760742188,242.03070068359375,50.0,0.0,,3895.499755859375,54.90560531616211,3000.0,349.6379089355469,88.9972915649414,50.0,3000.0,3000.0,3000.0,0.0,,0.0,326.7168273925781,0.0,0.0,0.0,300.0,0.0,0.0,5539.44970703125,1000000.0,,0.0,5539.44970703125,1691.0,12191.439453125,0.0,0.0,0.0,0.0,19342.259765625,0.0,16756.552734375,1050.0,1000000.0,0.0,12140.0,,,110.90560913085938,6226.9990234375,698.4588623046875,159.99803161621094,100.0,6226.9990234375,6500.0,6500.0,0.0,,0.0,218.81121826171875,0.0,921.7960815429688,999999.0,0.0,30.0,4500.0,4500.0,0.0,4500.0,120.0,,44.811214447021484,4744.42041015625,0.0,0.0,50.0,0.0,6778.8310546875,,19035.80078125,3000.0,1421.199951171875,4000.0,0.0,0.0,0.0,50.0,13000.0,0.0,11121.857421875,1000000.0,,,16637.359375,432.6224365234375,0.0,0.0,0.0,400.0,8000.0,704.2706298828125,0.0,7451.18896484375,1000000.0,,1255.244873046875,16000.0,4530.51708984375,0.0,0.0,1200.0,16000.0,0.0,18521.1640625,0.0,1350.0,1000000.0,0.0,675.0,2700.0,,,0.0
1963-09-16,65.81121063232422,3875.0,839.3377075195312,314.0,50.0,0.0,,3875.0,54.90560531616211,3000.0,349.6033935546875,97.0027084350586,50.0,3000.0,3000.0,3000.0,0.0,,0.0,326.7168273925781,0.0,0.0,0.0,300.0,0.0,0.0,5541.90283203125,1000000.0,,0.0,5541.90283203125,1691.0,12136.8330078125,0.0,0.0,0.0,0.0,19333.3515625,0.0,16328.9091796875,1050.0,1000000.0,0.0,12140.0,,,110.90560913085938,6121.9970703125,864.907958984375,327.9950866699219,100.0,6121.9970703125,6500.0,6500.0,0.0,,0.0,218.81121826171875,0.0,1183.87060546875,999999.0,0.0,30.0,4500.0,4500.0,0.0,4500.0,120.0,,44.811214447021484,4759.4677734375,0.0,0.0,50.0,0.0,6779.59765625,,18782.5,3000.0,1174.0999755859375,4000.0,0.0,0.0,0.0,50.0,13000.0,0.0,11081.0390625,1000000.0,,,16619.0625,432.6224365234375,0.0,0.0,0.0,400.0,8000.0,0.0,0.0,7449.08837890625,1000000.0,,1255.244873046875,16000.0,4489.3974609375,0.0,0.0,1200.0,16000.0,0.0,17641.91015625,0.0,1350.0,1000000.0,0.0,1350.0,5400.0,,,0.0
1963-09-17,65.81121063232422,3854.33349609375,644.3157348632812,118.62353515625,50.0,0.0,,3854.33349609375,54.90560531616211,3000.0,260.7911376953125,42.997413635253906,50.0,3000.0,3000.0,3000.0,0.0,,0.0,326.7168273925781,0.0,0.0,0.0,300.0,0.0,0.0,5549.69091796875,1000000.0,,0.0,5549.69091796875,1691.0,12094.083984375,0.0,0.0,0.0,0.0,19324.24609375,0.0,16664.6484375,1050.0,1000000.0,0.0,12140.0,,,110.90560913085938,6015.5029296875,714.9541015625,178.0049285888672,100.0,6015.5029296875,6500.0,6500.0,0.0,,0.0,218.81121826171875,0.0,915.3565673828125,999999.0,0.0,30.0,4500.0,4500.0,0.0,4500.0,120.0,,44.811214447021484,4759.00732421875,0.0,0.0,50.0,0.0,6814.7841796875,,18882.400390625,3000.0,1435.5999755859375,4000.0,0.0,0.0,0.0,50.0,13000.0,0.0,11079.0458984375,1000000.0,,,16609.65234375,432.6224365234375,0.0,0.0,0.0,400.0,8000.0,0.0,0.0,7453.20556640625,1000000.0,,1255.244873046875,16000.0,4079.431884765625,0.0,0.0,1200.0,16000.0,0.0,18182.92578125,0.0,1350.0,1000000.0,0.0,2244.69873046875,8978.794921875,,,0.0
1963-09-18,65.81121063232422,3832.832763671875,605.8267211914062,78.96273040771484,50.0,0.0,,3832.832763671875,54.90560531616211,3000.0,243.80670166015625,24.000370025634766,50.0,3000.0,3000.0,3000.0,0.0,,0.0,326.7168273925781,0.0,0.0,0.0,300.0,0.0,0.0,5550.36572265625,1000000.0,,0.0,5550.36572265625,1691.0,12018.05078125,0.0,0.0,0.0,0.0,19309.375,0.0,16735.001953125,1050.0,1000000.0,0.0,12140.0,,,110.90560913085938,5908.99951171875,646.465087890625,106.99938201904297,100.0,5908.99951171875,6500.0,6500.0,0.0,,0.0,218.81121826171875,0.0,801.06787109375,999999.0,0.0,30.0,4500.0,4500.0,0.0,4500.0,120.0,,44.811214447021484,4758.40625,0.0,0.0,50.0,0.0,6803.6474609375,,18908.599609375,3000.0,1494.0999755859375,4000.0,0.0,0.0,0.0,50.0,13000.0,0.0,11045.59765625,1000000.0,,,16582.859375,432.6224365234375,0.0,0.0,0.0,400.0,8000.0,0.0,0.0,7452.314453125,1000000.0,,1255.244873046875,16000.0,3950.49755859375,0.0,0.0,1200.0,16000.0,0.0,18711.345703125,0.0,1350.0,1000000.0,0.0,2039.7159423828125,8158.86376953125,,,0.0
1963-09-19,65.81121063232422,3811.832763671875,592.8114624023438,70.506591796875,50.0,0.0,,3811.832763671875,54.90560531616211,3000.0,264.0675048828125,17.003692626953125,50.0,3000.0,3000.0,3000.0,0.0,,0.0,326.7168273925781,0.0,0.0,0.0,300.0,0.0,0.0,5549.00830078125,1000000.0,,0.0,5549.00830078125,1691.0,11938.966796875,0.0,0.0,0.0,0.0,19292.982421875,0.0,16843.44921875,1050.0,1000000.0,0.0,12140.0,,,110.90560913085938,5794.998046875,609.4402465820312,72.99713134765625,100.0,5794.998046875,6500.0,6500.0,0.0,,0.0,218.81121826171875,0.0,826.589599609375,999999.0,0.0,30.0,4500.0,4500.0,0.0,4500.0,120.0,,44.811214447021484,4759.029296875,0.0,0.0,50.0,0.0,6790.80322265625,,18931.19921875,3000.0,1515.5999755859375,4000.0,0.0,0.0,0.0,50.0,13000.0,0.0,11001.662109375,1000000.0,,,16551.3828125,432.6224365234375,0.0,0.0,0.0,400.0,8000.0,0.0,0.0,7450.443359375,1000000.0,,1255.244873046875,16000.0,3891.338134765625,0.0,0.0,1200.0,16000.0,0.0,18787.73046875,0.0,1350.0,1000000.0,0.0,1975.248779296875,7900.9951171875,,,0.0
1963-09-20,65.81121063232422,3791.666748046875,583.35302734375,59.0,50.0,0.0,,3791.666748046875,54.90560531616211,3000.0,277.0274353027344,30.99507713317871,50.0,3000.0,3000.0,3000.0,0.0,,0.0,326.7168273925781,0.0,0.0,0.0,300.0,0.0,0.0,5546.380859375,1000000.0,,0.0,5546.380859375,1691.0,11851.490234375,0.0,0.0,0.0,0.0,19278.66015625,0.0,16881.384765625,1050.0,1000000.0,0.0,12140.0,,,110.90560913085938,5680.99658203125,614.3971557617188,77.99482727050781,100.0,5680.99658203125,6500.0,6500.0,0.0,,0.0,218.81121826171875,0.0,769.1671752929688,999999.0,0.0,30.0,4500.0,4500.0,0.0,4500.0,120.0,,44.811214447021484,4754.11865234375,0.0,0.0,50.0,0.0,6798.09228515625,,18943.0,3000.0,1528.699951171875,4000.0,0.0,0.0,0.0,50.0,13000.0,0.0,10954.1650390625,1000000.0,,,16517.939453125,432.6224365234375,0.0,0.0,0.0,400.0,8000.0,0.0,0.0,7447.08837890625,1000000.0,,1255.244873046875,16000.0,3739.96533203125,0.0,0.0,1200.0,16000.0,0.0,19039.470703125,0.0,1350.0,1000000.0,0.0,1945.6690673828125,7782.67626953125,,,0.0
1963-09-21,65.81121063232422,3769.999267578125,572.2665405273438,51.99343490600586,50.0,0.0,,3769.999267578125,54.90560531616211,3000.0,255.33306884765625,32.997047424316406,50.0,3000.0,3000.0,3000.0,0.0,,0.0,326.7168273925781,0.0,0.0,0.0,300.0,0.0,0.0,5543.2958984375,1000000.0,,0.0,5543.2958984375,1691.0,11756.30078125,0.0,0.0,0.0,0.0,19262.62109375,0.0,16912.69921875,1050.0,1000000.0,0.0,12140.0,,,110.90560913085938,5567.00439453125,614.4402465820312,78.00688934326172,100.0,5567.00439453125,6500.0,6500.0,0.0,,0.0,218.81121826171875,0.0,811.1345825195312,999999.0,0.0,30.0,4500.0,4500.0,0.0,4500.0,120.0,,44.811214447021484,4752.35693359375,0.0,0.0,50.0,0.0,6800.0,,18952.599609375,3000.0,1537.0,3898.244873046875,0.0,0.0,0.0,50.0,13000.0,0.0,10903.3310546875,1000000.0,,,16482.58203125,432.6224365234375,0.0,0.0,0.0,400.0,8000.0,0.0,0.0,7444.07763671875,1000000.0,,1255.244873046875,16000.0,3673.51171875,0.0,0.0,1200.0,16000.0,0.0,18914.1328125,0.0,1350.0,1000000.0,24796.0,1869.982666015625,7479.9306640625,,,0.0
1963-09-22,65.81121063232422,3748.50048828125,571.3097534179688,50.34904098510742,50.0,0.0,,3748.50048828125,54.90560531616211,3000.0,236.37965393066406,8.998522758483887,50.0,3000.0,3000.0,3000.0,0.0,,0.0,326.7168273925781,0.0,0.0,0.0,300.0,0.0,0.0,5539.80419921875,1000000.0,,0.0,5539.80419921875,1691.0,11663.8857421875,0.0,0.0,0.0,0.0,19245.966796875,0.0,16899.548828125,1050.0,1000000.0,0.0,12140.0,,,110.90560913085938,5453.0029296875,620.4402465820312,84.00459289550781,100.0,5453.0029296875,6500.0,6500.0,0.0,,0.0,218.81121826171875,0.0,780.3722534179688,999999.0,0.0,30.0,4500.0,4500.0,0.0,4500.0,120.0,,44.811214447021484,4749.052734375,0.0,0.0,50.0,0.0,6796.90771484375,,18958.30078125,3000.0,1545.4000244140625,3776.323974609375,0.0,0.0,0.0,50.0,13000.0,0.0,10852.390625,1000000.0,,,16446.52734375,432.6224365234375,0.0,0.0,0.0,400.0,8000.0,0.0,0.0,7441.38525390625,1000000.0,,1255.244873046875,16000.0,3639.078857421875,0.0,0.0,1200.0,16000.0,0.0,18976.134765625,0.0,1350.0,1000000.0,24796.0,1836.755859375,7347.0234375,,,0.0
1963-09-23,65.81121063232422,3726.0009765625,607.3776245117188,78.30133819580078,50.0,0.0,,3726.0009765625,54.90560531616211,3000.0,276.1299133300781,18.99835968017578,50.0,3000.0,3000.0,3000.0,0.0,,0.0,326.7168273925781,0.0,0.0,0.0,300.0,0.0,0.0,5536.31298828125,1000000.0,,0.0,5536.31298828125,1691.0,11565.2412109375,0.0,0.0,0.0,0.0,19232.013671875,0.0,16858.552734375,1050.0,1000000.0,0.0,12140.0,,,110.90560913085938,5339.00146484375,618.5054321289062,75.0022964477539,100.0,5339.00146484375,6500.0,6500.0,0.0,,0.0,218.81121826171875,0.0,793.8768310546875,999999.0,0.0,30.0,4500.0,4500.0,0.0,4500.0,120.0,,44.811214447021484,4750.33251953125,0.0,0.0,50.0,0.0,6795.0,,19022.80078125,3000.0,1515.5999755859375,3650.784912109375,0.0,0.0,0.0,50.0,13000.0,0.0,10798.908203125,1000000.0,,,16411.0,432.6224365234375,0.0,0.0,0.0,400.0,8000.0,0.0,0.0,7438.6923828125,1000000.0,,1255.244873046875,16000.0,3746.4091796875,0.0,0.0,1200.0,16000.0,0.0,18934.318359375,0.0,1350.0,1000000.0,24796.0,1819.5394287109375,7278.15771484375,,,0.0
1963-09-24,65.81121063232422,3703.165771484375,590.3037719726562,64.64767456054688,50.0,0.0,,3703.165771484375,54.90560531616211,3000.0,274.6159362792969,18.99671745300293,50.0,3000.0,3000.0,3000.0,0.0,,0.0,326.7168273925781,0.0,0.0,0.0,300.0,0.0,0.0,5534.193359375,1000000.0,,0.0,5534.193359375,1691.0,11482.552734375,0.0,0.0,0.0,0.0,19217.890625,0.0,16822.470703125,1050.0,1000000.0,0.0,12140.0,,,110.90560913085938,5223.49853515625,636.9078979492188,100.9977035522461,100.0,5223.49853515625,6500.0,6500.0,0.0,,0.0,218.81121826171875,0.0,818.970458984375,999999.0,0.0,30.0,4500.0,4500.0,0.0,4500.0,120.0,,44.811214447021484,4745.5888671875,0.0,0.0,50.0,0.0,6795.0,,18911.5,3000.0,1517.9000244140625,3535.1201171875,0.0,0.0,0.0,50.0,13000.0,0.0,10749.3369140625,1000000.0,,,16377.138671875,432.6224365234375,539.085205078125,0.0,95.84204864501953,400.0,8000.0,0.0,0.0,7435.97314453125,1000000.0,,1255.244873046875,16000.0,3752.999755859375,0.0,0.0,1200.0,16000.0,0.0,18862.794921875,0.0,1350.0,1000000.0,24796.0,1873.20458984375,7492.818359375,,,0.0
1963-09-25,65.81121063232422,3681.500244140625,573.3004760742188,50.65752410888672,50.0,0.0,,3681.500244140625,54.90560531616211,3000.0,249.93116760253906,13.995569229125977,50.0,3000.0,3000.0,3000.0,0.0,,0.0,326.7168273925781,0.0,0.0,0.0,300.0,0.0,0.0,5528.77197265625,1000000.0,,0.0,5528.77197265625,1691.0,11392.169921875,0.0,0.0,0.0,0.0,19202.23828125,0.0,16881.837890625,1050.0,1000000.0,0.0,12140.0,,,110.90560913085938,5106.50341796875,597.4464721679688,60.004798889160156,100.0,5106.50341796875,6500.0,6500.0,0.0,,0.0,218.81121826171875,0.0,767.2538452148438,999999.0,0.0,30.0,4500.0,4500.0,0.0,4500.0,120.0,,44.811214447021484,4742.4541015625,0.0,0.0,50.0,0.0,6810.1533203125,,18952.900390625,3000.0,1537.0,3420.843994140625,0.0,0.0,0.0,50.0,13000.0,0.0,10648.09375,1000000.0,,,16342.3203125,432.6224365234375,1363.8509521484375,0.0,417.63458251953125,400.0,8000.0,0.0,0.0,7433.201171875,1000000.0,,1255.244873046875,16000.0,3972.502685546875,0.0,0.0,1200.0,16000.0,0.0,18876.34375,0.0,1350.0,1000000.0,24796.0,1876.4998779296875,7505.99951171875,,,0.0
1963-09-26,65.81121063232422,3659.000732421875,570.3004760742188,53.71015167236328,50.0,0.0,,3659.000732421875,54.90560531616211,3000.0,245.4665985107422,9.001846313476562,50.0,3000.0,3000.0,3000.0,0.0,,0.0,326.7168273925781,0.0,0.0,0.0,300.0,0.0,0.0,5519.92919921875,1000000.0,,0.0,5519.92919921875,1691.0,11297.6416015625,0.0,0.0,0.0,0.0,19186.640625,0.0,16951.701171875,1050.0,1000000.0,0.0,12140.0,,,110.90560913085938,5000.0,603.4464721679688,66.0031967163086,100.0,5000.0,6500.0,6500.0,0.0,,0.0,218.81121826171875,0.0,791.456298828125,999999.0,0.0,30.0,4500.0,4500.0,0.0,4500.0,120.0,,44.811214447021484,4737.21630859375,0.0,0.0,50.0,0.0,6775.89599609375,,18963.5,3000.0,1547.800048828125,3298.341064453125,0.0,0.0,0.0,50.0,13000.0,0.0,10455.8583984375,1000000.0,,,16305.2197265625,432.6224365234375,1150.2763671875,0.0,271.017578125,400.0,8000.0,0.0,0.0,7406.6552734375,1000000.0,,1255.244873046875,16000.0,4525.05908203125,0.0,0.0,1200.0,16000.0,0.0,18715.57421875,0.0,1350.0,1000000.0,24796.0,1986.2513427734375,7945.00537109375,,,0.0
1963-09-27,65.81121063232422,3636.334228515625,565.3344116210938,40.31833267211914,50.0,0.0,,3636.334228515625,54.90560531616211,3000.0,244.7538604736328,30.99770164489746,50.0,3000.0,3000.0,3000.0,0.0,,0.0,326.7168273925781,0.0,0.0,0.0,300.0,0.0,0.0,5512.45068359375,1000000.0,,0.0,5512.45068359375,1691.0,11203.31640625,0.0,0.0,0.0,0.0,19170.158203125,0.0,16945.62109375,1050.0,1000000.0,0.0,12140.0,,,110.90560913085938,5000.0,660.7698974609375,84.00160217285156,100.0,5000.0,6500.0,6500.0,0.0,,0.0,218.81121826171875,0.0,780.4313354492188,999999.0,0.0,30.0,4500.0,4500.0,0.0,4500.0,120.0,,44.811214447021484,4734.6357421875,0.0,0.0,50.0,0.0,6733.228515625,,18961.69921875,3000.0,1558.5,3172.17333984375,0.0,0.0,0.0,50.0,13000.0,0.0,10257.8720703125,1000000.0,,,16267.6142578125,432.6224365234375,1191.38818359375,0.0,287.9254455566406,400.0,8000.0,0.0,0.0,7383.25146484375,1000000.0,,1255.244873046875,16000.0,4647.03271484375,0.0,0.0,1200.0,16000.0,0.0,18645.017578125,0.0,1350.0,1000000.0,24796.0,2262.529541015625,9050.1181640625,,,0.0
1963-09-28,65.81121063232422,3612.666748046875,568.3438720703125,37.62353515625,50.0,0.0,,3612.666748046875,54.90560531616211,3000.0,244.37948608398438,19.001970291137695,50.0,3000.0,3000.0,3000.0,0.0,,0.0,326.7168273925781,0.0,0.0,0.0,300.0,0.0,0.0,5505.52783203125,1000000.0,,0.0,5505.52783203125,1691.0,11097.53125,0.0,0.0,0.0,0.0,19153.6953125,0.0,16944.556640625,1050.0,1000000.0,0.0,12140.0,,,110.90560913085938,5000.0,564.7396240234375,53.00053405761719,100.0,5000.0,6500.0,6500.0,0.0,,0.0,218.81121826171875,0.0,761.8333129882812,999999.0,0.0,30.0,4500.0,4500.0,0.0,4500.0,120.0,,44.811214447021484,4730.298828125,0.0,0.0,50.0,0.0,6739.271484375,,18974.30078125,3000.0,1563.300048828125,3042.42919921875,0.0,0.0,0.0,50.0,13000.0,0.0,10054.2734375,1000000.0,,,16228.5703125,432.6224365234375,1184.2763671875,0.0,317.12939453125,400.0,8000.0,0.0,0.0,7359.5263671875,1000000.0,,1255.244873046875,16000.0,4310.47021484375,0.0,0.0,1200.0,16000.0,0.0,18842.8359375,0.0,1350.0,1000000.0,24796.0,2323.516357421875,9294.0654296875,,,0.0
1963-09-29,65.81121063232422,3589.666748046875,566.3129272460938,40.647796630859375,50.0,0.0,,3589.666748046875,54.90560531616211,3000.0,258.55694580078125,8.996307373046875,50.0,3000.0,3000.0,3000.0,0.0,,0.0,326.7168273925781,0.0,0.0,0.0,300.0,0.0,0.0,5499.8818359375,1000000.0,,0.0,5499.8818359375,1691.0,11002.5009765625,0.0,0.0,0.0,0.0,19138.74609375,0.0,16980.318359375,1050.0,1000000.0,0.0,12140.0,,,110.90560913085938,5000.0,568.2911376953125,47.997047424316406,100.0,5000.0,6500.0,6500.0,0.0,,0.0,218.81121826171875,0.0,768.8985595703125,999999.0,0.0,30.0,4500.0,4500.0,0.0,4500.0,120.0,,44.811214447021484,4726.16552734375,211.46075439453125,0.0,50.0,0.0,6761.42578125,,18977.5,3000.0,1568.0999755859375,2907.22998046875,0.0,0.0,0.0,50.0,13000.0,0.0,9842.115234375,1000000.0,,,16188.5380859375,432.6224365234375,1226.4005126953125,0.0,335.0372619628906,400.0,8000.0,0.0,0.0,7336.12255859375,1000000.0,,1255.244873046875,16000.0,4452.03173828125,0.0,0.0,1200.0,16000.0,0.0,18834.201171875,0.0,1350.0,1000000.0,24796.0,2155.235107421875,8620.9404296875,,,0.0
1963-09-30,65.81121063232422,3565.167236328125,562.3097534179688,41.34904098510742,50.0,0.0,,3565.167236328125,54.90560531616211,3000.0,264.99005126953125,23.998153686523438,50.0,3000.0,3000.0,3000.0,0.0,,0.0,326.7168273925781,0.0,0.0,0.0,300.0,0.0,0.0,5494.4365234375,1000000.0,,0.0,5494.4365234375,1691.0,10917.2978515625,0.0,0.0,0.0,0.0,19123.0390625,0.0,17069.91015625,1050.0,1000000.0,0.0,12140.0,,,110.90560913085938,5000.0,587.4588623046875,49.0,100.0,5000.0,6500.0,6500.0,0.0,,0.0,218.81121826171875,0.0,774.9638061523438,999999.0,0.0,30.0,4500.0,4500.0,0.0,4500.0,120.0,,44.811214447021484,4721.990234375,892.82421875,0.0,50.0,0.0,6599.552734375,,18976.599609375,3000.0,1570.5,2770.5810546875,0.0,0.0,0.0,50.0,13000.0,0.0,9627.6806640625,1000000.0,,,16148.1640625,432.6224365234375,1179.294677734375,0.0,282.54266357421875,400.0,8000.0,0.0,0.0,7312.07666015625,1000000.0,,1255.244873046875,16000.0,4454.4501953125,0.0,0.0,1200.0,16000.0,0.0,18804.115234375,0.0,1350.0,1000000.0,24796.0,2226.015869140625,8904.0634765625,,,0.0
1963-10-01,50.0,3542.667724609375,560.3528442382812,33.30133819580078,50.0,0.0,,3542.667724609375,50.0,3000.0,248.8656768798828,22.998687744140625,50.0,3000.0,3000.0,3000.0,0.0,,0.0,300.0,955.0757446289062,0.0,0.0,300.0,0.0,0.0,5488.18994140625,1000000.0,,0.0,5488.18994140625,1500.0,10815.9306640625,2792.13623046875,0.0,0.0,0.0,19106.388671875,0.0,16599.8984375,1050.0,1000000.0,0.0,12140.0,,,100.0,5000.0,582.4588623046875,43.997047424316406,100.0,5000.0,6500.0,6500.0,0.0,,0.0,200.0,899.15966796875,787.0511474609375,999999.0,0.0,30.0,4500.0,4500.0,0.0,4500.0,120.0,,30.0,4688.0009765625,814.4136352539062,0.0,50.0,0.0,6630.119140625,,18984.19921875,3000.0,1134.642578125,2633.305419921875,2828.514404296875,0.0,0.0,50.0,13000.0,0.0,9412.263671875,1000000.0,,,16107.607421875,400.0,1251.05908203125,0.0,283.0,400.0,8000.0,0.0,0.0,7287.7099609375,1000000.0,,1200.0,16000.0,4436.10498046875,0.0,0.0,1200.0,16000.0,0.0,18754.263671875,0.0,1350.0,1000000.0,24796.0,2227.22509765625,8908.900390625,,,0.0
1963-10-02,50.0,3517.999267578125,560.3097534179688,35.642051696777344,50.0,0.0,,3517.999267578125,50.0,3000.0,238.9029541015625,8.999014854431152,50.0,3000.0,3000.0,3000.0,0.0,,0.0,300.0,1034.07568359375,0.0,0.0,300.0,0.0,0.0,5447.92529296875,1000000.0,,0.0,5447.92529296875,1500.0,10617.0478515625,2622.13623046875,0.0,0.0,0.0,19070.1484375,0.0,16525.3046875,1050.0,1000000.0,0.0,12140.0,,,100.0,5000.0,599.4778442382812,54.99409103393555,100.0,5000.0,6500.0,6500.0,0.0,,0.0,200.0,897.15966796875,643.7093505859375,999999.0,0.0,30.0,4500.0,4500.0,0.0,4500.0,120.0,,30.0,4658.35107421875,771.259033203125,0.0,50.0,0.0,6719.97314453125,,18984.099609375,3000.0,1137.0426025390625,2391.109619140625,2828.951171875,0.0,0.0,50.0,13000.0,0.0,9032.203125,1000000.0,,,16034.0029296875,400.0,1284.66259765625,0.0,346.9803161621094,400.0,8000.0,0.0,0.0,7262.0595703125,1000000.0,,1200.0,16000.0,4502.30615234375,0.0,0.0,1200.0,16000.0,0.0,18670.3515625,0.0,1350.0,1000000.0,24796.0,2218.052490234375,8872.2099609375,,,0.0
1963-10-03,50.0,3493.3330078125,557.3097534179688,34.997127532958984,50.0,0.0,,3493.3330078125,50.0,3000.0,267.9156188964844,33.99803161621094,50.0,3000.0,3000.0,3000.0,0.0,,0.0,300.0,1027.07568359375,0.0,0.0,300.0,0.0,0.0,5407.091796875,1000000.0,,0.0,5407.091796875,1500.0,10416.576171875,2781.13623046875,0.0,0.0,0.0,19036.18359375,0.0,16792.92578125,1050.0,1000000.0,0.0,12140.0,,,100.0,5000.0,613.7542114257812,40.0014762878418,100.0,5000.0,6500.0,6500.0,0.0,,0.0,200.0,897.15966796875,531.65625,999999.0,0.0,30.0,4500.0,4500.0,0.0,4500.0,120.0,,30.0,4627.2919921875,731.0823364257812,0.0,50.0,0.0,6688.337890625,,18986.30078125,3000.0,1137.07958984375,2167.96533203125,2835.13330078125,0.0,0.0,50.0,13000.0,0.0,8682.0380859375,1000000.0,,,15966.0751953125,400.0,1237.1148681640625,0.0,265.0094299316406,400.0,8000.0,0.0,0.0,7236.4130859375,1000000.0,,1200.0,16000.0,4504.693359375,0.0,0.0,1200.0,16000.0,0.0,18781.8125,0.0,1350.0,1000000.0,24796.0,2251.153076171875,9004.6123046875,,,0.0
1963-10-04,50.0,3468.66650390625,467.0805969238281,35.352203369140625,50.0,0.0,,3468.66650390625,50.0,3000.0,251.0147705078125,9.003938674926758,50.0,3000.0,3000.0,3000.0,0.0,,0.0,300.0,1031.07568359375,0.0,0.0,300.0,0.0,0.0,5366.25830078125,1000000.0,,0.0,5366.25830078125,1500.0,10216.10546875,2722.13623046875,0.0,0.0,0.0,18976.162109375,0.0,16680.3671875,1050.0,1000000.0,0.0,12140.0,,,100.0,5000.0,533.5872802734375,39.997291564941406,100.0,5000.0,6500.0,6500.0,0.0,,0.0,200.0,897.15966796875,404.40802001953125,999999.0,0.0,30.0,4500.0,4500.0,0.0,4500.0,120.0,,30.0,4597.64599609375,942.8683471679688,127.6561050415039,50.0,0.0,6702.28466796875,,18987.19921875,3000.0,1137.0426025390625,1991.161865234375,2846.018310546875,0.0,0.0,50.0,13000.0,0.0,8362.9853515625,1000000.0,4760.0,,15904.5244140625,400.0,1301.0355224609375,0.0,312.9156188964844,400.0,8000.0,0.0,0.0,7209.9775390625,1000000.0,,1200.0,15941.0078125,4506.09130859375,0.0,0.0,1200.0,16000.0,0.0,18711.595703125,0.0,1350.0,1000000.0,24796.0,2252.3466796875,9009.38671875,,,0.0
1963-10-05,50.0,3448.1669921875,650.5389404296875,38.82533264160156,50.0,0.0,,3448.1669921875,50.0,3000.0,270.9901428222656,28.99901580810547,50.0,3000.0,3000.0,3000.0,0.0,,0.0,300.0,1037.07568359375,0.0,0.0,300.0,0.0,0.0,5325.3271484375,1000000.0,,0.0,5325.3271484375,1500.0,10011.482421875,2924.13623046875,0.0,0.0,0.0,18915.267578125,0.0,16754.283203125,1050.0,1000000.0,0.0,12140.0,,,100.0,5000.0,582.9295654296875,44.99458312988281,100.0,5000.0,6500.0,6500.0,0.0,,0.0,200.0,899.15966796875,274.6701354980469,999999.0,0.0,30.0,4500.0,4500.0,0.0,4500.0,120.0,,30.0,4568.00048828125,804.4730834960938,0.0,50.0,0.0,6735.185546875,,18983.80078125,3000.0,1131.34423828125,1943.4761962890625,2871.868408203125,0.0,0.0,50.0,13000.0,0.0,8063.666015625,1000000.0,4760.0,,15846.8779296875,400.0,1286.7232666015625,0.0,343.54266357421875,400.0,8000.0,0.0,0.0,7183.50048828125,1000000.0,,1200.0,15866.6103515625,4514.44189453125,0.0,0.0,1200.0,16000.0,0.0,18717.83984375,0.0,1350.0,1000000.0,24796.0,2253.045654296875,9012.1826171875,,,0.0
1963-10-06,50.0,3419.333984375,562.3468627929688,33.298465728759766,50.0,0.0,,3419.333984375,50.0,3000.0,265.0520324707031,19.00229835510254,50.0,2980.857666015625,3000.0,3000.0,0.0,,0.0,300.0,1032.07568359375,0.0,0.0,300.0,0.0,0.0,5281.75048828125,1000000.0,,0.0,5281.75048828125,1500.0,9750.4462890625,2775.13623046875,0.0,0.0,0.0,18834.12890625,0.0,16780.98828125,1050.0,1000000.0,0.0,12140.0,,,100.0,5000.0,577.4121704101562,45.0,100.0,5000.0,6500.0,6500.0,0.0,,0.0,200.0,902.15966796875,152.45281982421875,999999.0,0.0,30.0,4500.0,4500.0,0.0,4500.0,120.0,,30.0,4536.94140625,820.22509765625,0.0,50.0,0.0,6739.99609375,,18980.099609375,3000.0,1127.9595947265625,1897.537353515625,2900.078369140625,0.0,0.0,50.0,13000.0,0.0,7781.38916015625,1000000.0,4760.0,,15794.9052734375,400.0,1336.581787109375,0.0,393.5238037109375,400.0,8000.0,0.0,0.0,7157.66552734375,1000000.0,,1200.0,15791.453125,4551.357421875,0.0,0.0,1200.0,16000.0,0.0,18711.078125,0.0,1350.0,1000000.0,24796.0,2257.220947265625,9028.8837890625,,,0.0
1963-10-07,50.0,3393.66650390625,555.8021240234375,35.01617431640625,50.0,0.0,,3393.66650390625,50.0,3000.0,252.40786743164062,18.996061325073242,50.0,2958.299072265625,3000.0,3000.0,0.0,,0.0,300.0,1021.0757446289062,0.0,0.0,300.0,0.0,0.0,5239.38623046875,1000000.0,,0.0,5239.38623046875,1500.0,9476.8515625,2860.13623046875,0.0,0.0,0.0,18736.833984375,0.0,16843.50390625,1050.0,1000000.0,0.0,12140.0,,,100.0,5000.0,579.9295654296875,41.99593734741211,100.0,5000.0,6500.0,6500.0,0.0,,0.0,200.0,896.15966796875,25.78667449951172,999999.0,0.0,30.0,4500.0,4500.0,0.0,4485.14013671875,120.0,,30.0,4505.88232421875,821.6298828125,0.8420000076293945,50.0,0.0,6707.0380859375,,18972.400390625,3000.0,1137.0672607421875,1851.6124267578125,2914.784423828125,0.0,0.0,50.0,13000.0,0.0,7500.9189453125,1000000.0,4760.0,,15741.3173828125,400.0,1297.7232666015625,0.0,354.5520935058594,400.0,8000.0,0.0,0.0,7131.83447265625,1000000.0,,1200.0,15714.994140625,4542.99853515625,0.0,0.0,1200.0,16000.0,0.0,18804.904296875,0.0,1350.0,1000000.0,24796.0,2275.6787109375,9102.71484375,,,0.0
1963-10-08,50.0,3367.500732421875,554.8297119140625,27.12380027770996,50.0,0.0,,3367.500732421875,50.0,3000.0,249.87184143066406,24.003158569335938,50.0,2936.30078125,3000.0,3000.0,0.0,,0.0,300.0,1015.0757446289062,0.0,0.0,300.0,0.0,0.0,5195.486328125,1000000.0,,0.0,5195.486328125,1500.0,9207.8955078125,2593.13623046875,0.0,0.0,0.0,18615.3203125,0.0,16856.794921875,1050.0,1000000.0,0.0,12140.0,,,100.0,5000.0,569.9449462890625,32.0013542175293,100.0,5000.0,6500.0,6500.0,0.0,,0.0,200.0,894.15966796875,0.0,999999.0,0.0,30.0,4500.0,4500.0,0.0,4467.96435546875,120.0,,30.0,4474.8232421875,888.608642578125,30.4744815826416,50.0,0.0,6686.3603515625,,18982.69921875,3000.0,1140.5426025390625,1806.611083984375,2937.7626953125,0.0,0.0,50.0,13000.0,0.0,7226.08935546875,1000000.0,4760.0,,15689.423828125,400.0,1316.1888427734375,0.0,361.5332336425781,400.0,8000.0,0.0,0.0,7105.99951171875,1000000.0,,1200.0,15637.626953125,4535.224609375,0.0,0.0,1200.0,16000.0,0.0,18691.8671875,0.0,1350.0,1000000.0,24796.0,2271.499267578125,9085.9970703125,,,0.0
1963-10-09,50.0,3341.666748046875,555.3344116210938,33.0,50.0,0.0,,3341.666748046875,50.0,3000.0,248.40444946289062,19.001436233520508,50.0,2914.288330078125,3000.0,3000.0,0.0,,0.0,300.0,1033.07568359375,0.0,0.0,300.0,0.0,0.0,5150.75732421875,1000000.0,,0.0,5150.75732421875,1500.0,8929.6708984375,2761.13623046875,0.0,0.0,0.0,18492.69921875,0.0,16884.45703125,1050.0,1000000.0,0.0,12140.0,,,100.0,5000.0,584.4588012695312,47.00164031982422,100.0,5000.0,6500.0,6500.0,0.0,,0.0,200.0,896.15966796875,0.0,999999.0,0.0,30.0,4500.0,4500.0,0.0,4450.78857421875,120.0,,30.0,4442.35107421875,769.8709106445312,0.0,50.0,0.0,6643.4921875,,18992.0,3000.0,1141.5457763671875,1762.667724609375,2965.33447265625,0.0,0.0,50.0,13000.0,0.0,6957.720703125,1000000.0,4760.0,,15639.2470703125,400.0,1384.5447998046875,0.0,441.34527587890625,400.0,8000.0,0.0,0.0,7079.84521484375,1000000.0,,1200.0,15560.044921875,4560.6630859375,0.0,0.0,1200.0,16000.0,0.0,18592.1953125,0.0,1350.0,1000000.0,24796.0,2267.6123046875,9070.44921875,,,0.0
1963-10-10,50.0,3315.665771484375,556.319091796875,37.02742385864258,50.0,0.0,,3315.665771484375,50.0,3000.0,260.4481201171875,23.998563766479492,50.0,2891.447265625,3000.0,3000.0,0.0,,0.0,300.0,1031.07568359375,0.0,0.0,300.0,0.0,0.0,5106.02880859375,1000000.0,,0.0,5106.02880859375,1500.0,8648.490234375,2839.13623046875,0.0,0.0,0.0,18346.896484375,0.0,16802.056640625,1050.0,1000000.0,0.0,12140.0,,,100.0,5000.0,585.4309692382812,48.99593734741211,100.0,5000.0,6500.0,6500.0,0.0,,0.0,200.0,897.15966796875,0.0,999999.0,0.0,30.0,4500.0,4500.0,0.0,4433.6123046875,120.0,,30.0,4411.2919921875,877.7078247070312,19.67230224609375,50.0,0.0,6568.3857421875,,18998.0,3000.0,1143.4595947265625,1719.2435302734375,2996.74169921875,0.0,0.0,50.0,13000.0,0.0,6692.5224609375,1000000.0,4760.0,,15586.2958984375,400.0,1194.581787109375,0.0,274.71923828125,400.0,8000.0,0.0,0.0,7053.04052734375,1000000.0,,1200.0,15479.7744140625,4550.3505859375,0.0,0.0,1200.0,16000.0,0.0,18576.671875,0.0,1350.0,1000000.0,24796.0,2280.33154296875,9121.326171875,,,0.0
1963-10-11,50.0,3286.832763671875,559.2758178710938,39.00439453125,50.0,0.0,,3286.832763671875,50.0,3000.0,260.4481201171875,24.000574111938477,50.0,2867.039794921875,3000.0,3000.0,0.0,,0.0,300.0,1039.07568359375,0.0,0.0,300.0,0.0,0.0,5061.30029296875,1000000.0,,0.0,5061.30029296875,1500.0,8364.3916015625,2832.13623046875,0.0,0.0,0.0,18195.529296875,0.0,16831.01171875,1050.0,1000000.0,0.0,12140.0,,,100.0,5000.0,593.4620361328125,53.99671936035156,100.0,5000.0,6500.0,6500.0,0.0,,0.0,200.0,901.15966796875,0.0,999999.0,0.0,30.0,4500.0,4500.0,0.0,4415.53857421875,120.0,,30.0,4378.82421875,801.2000122070312,0.0,50.0,0.0,6552.15625,,18992.0,3000.0,1137.5595703125,1675.7381591796875,3039.24169921875,0.0,0.0,50.0,13000.0,0.0,6426.82958984375,1000000.0,4760.0,,15539.3798828125,400.0,1322.1160888671875,0.0,413.7475280761719,400.0,8000.0,0.0,0.0,7027.2099609375,1000000.0,,1200.0,15399.5048828125,4485.8115234375,0.0,0.0,1200.0,16000.0,0.0,18465.5546875,0.0,1350.0,1000000.0,24796.0,2275.17529296875,9100.701171875,,,0.0
1963-10-12,50.0,3259.334228515625,562.3406982421875,33.30133819580078,50.0,0.0,,3259.334228515625,50.0,3000.0,281.04595947265625,34.002586364746094,50.0,2842.585205078125,3000.0,3000.0,0.0,,0.0,300.0,1027.07568359375,0.0,0.0,300.0,0.0,0.0,5015.61376953125,1000000.0,,0.0,5015.61376953125,1500.0,8076.62353515625,2775.13623046875,0.0,0.0,0.0,18019.9453125,0.0,16885.5,1050.0,1000000.0,0.0,12140.0,,,100.0,5000.0,584.4154052734375,49.995487213134766,100.0,5000.0,6500.0,6500.0,0.0,,0.0,200.0,915.15966796875,0.0,999999.0,0.0,30.0,4500.0,4500.0,0.0,4397.2138671875,120.0,,30.0,4346.35205078125,713.4553833007812,0.0,50.0,0.0,6504.26806640625,,18983.5,3000.0,1130.359619140625,1633.5965576171875,3094.3447265625,0.0,0.0,50.0,13000.0,0.0,6169.46484375,1000000.0,4760.0,,15494.0810546875,400.0,1302.114013671875,0.0,386.59771728515625,400.0,8000.0,0.0,0.0,7001.6982421875,1000000.0,,1200.0,15318.2626953125,4516.42333984375,0.0,0.0,1200.0,16000.0,0.0,18377.861328125,0.0,1350.0,1000000.0,24796.0,2242.90576171875,8971.623046875,,,0.0
1963-10-13,50.0,3232.000732421875,556.3560180664062,35.02109909057617,50.0,0.0,,3232.000732421875,50.0,3000.0,264.5785827636719,14.00114917755127,50.0,2814.440185546875,3000.0,3000.0,0.0,,0.0,300.0,1024.07568359375,0.0,0.0,300.0,0.0,0.0,4946.611328125,1000000.0,,0.0,4946.611328125,1500.0,7782.05322265625,2785.13623046875,0.0,0.0,0.0,17844.984375,0.0,16869.771484375,1050.0,1000000.0,0.0,12140.0,5850.0,,100.0,5000.0,582.4249267578125,44.99589538574219,100.0,5000.0,6500.0,6500.0,0.0,,0.0,200.0,901.15966796875,0.0,999999.0,0.0,30.0,4500.0,4500.0,0.0,4379.18017578125,120.0,,30.0,4313.88427734375,789.090087890625,0.0,50.0,0.0,6426.49658203125,,18986.69921875,3000.0,1138.6595458984375,1593.0291748046875,3123.60986328125,0.0,0.0,50.0,13000.0,0.0,5921.7138671875,1000000.0,4760.0,,15449.4951171875,400.0,1282.2030029296875,0.0,358.01806640625,400.0,8000.0,0.0,0.0,6974.8974609375,1000000.0,,1200.0,15235.330078125,4549.94384765625,0.0,0.0,1200.0,16000.0,0.0,18417.826171875,0.0,1350.0,1000000.0,24796.0,2258.211669921875,9032.8466796875,,,0.0
1963-10-14,50.0,3203.165771484375,554.2943115234375,31.98575782775879,50.0,0.0,,3203.165771484375,50.0,3000.0,259.5196838378906,13.998563766479492,50.0,2785.85009765625,3000.0,3000.0,0.0,,0.0,300.0,1010.0757446289062,0.0,0.0,300.0,0.0,0.0,4864.74462890625,1000000.0,,0.0,4864.74462890625,1500.0,7487.482421875,2866.13623046875,0.0,0.0,0.0,17672.494140625,0.0,16998.591796875,1050.0,1000000.0,0.0,12140.0,5850.0,,100.0,5000.0,533.963623046875,0.0,100.0,5000.0,6500.0,6500.0,0.0,,0.0,200.0,897.15966796875,0.0,999999.0,0.0,30.0,4500.0,4500.0,0.0,4360.44287109375,120.0,,30.0,4281.412109375,859.1646728515625,0.0,50.0,0.0,6344.82421875,,18983.30078125,3000.0,1143.42578125,1552.5791015625,3162.4404296875,0.0,0.0,50.0,13000.0,0.0,5674.6796875,1000000.0,4760.0,,15405.716796875,400.0,1194.0911865234375,0.0,278.1309509277344,400.0,8000.0,0.0,0.0,6948.7392578125,1000000.0,,1200.0,15150.9609375,4465.3828125,0.0,0.0,1200.0,16000.0,0.0,18486.67578125,0.0,1350.0,1000000.0,24796.0,2274.971923828125,9099.8876953125,,,0.0
1963-10-15,50.0,3172.66650390625,553.3375244140625,26.637657165527344,50.0,0.0,,3172.66650390625,50.0,3000.0,247.8470458984375,24.00172233581543,50.0,2757.37646484375,3000.0,3000.0,0.0,,0.0,300.0,1009.0757446289062,0.0,0.0,300.0,0.0,0.0,4782.87744140625,1000000.0,,0.0,4782.87744140625,1500.0,7186.109375,2699.13623046875,0.0,0.0,0.0,19194.572265625,0.0,16974.513671875,1050.0,1000000.0,0.0,12140.0,5850.0,,100.0,5000.0,536.4216918945312,1.0011078119277954,100.0,5000.0,6500.0,6500.0,0.0,,0.0,200.0,894.15966796875,0.0,999999.0,0.0,30.0,4500.0,4500.0,0.0,4341.70556640625,120.0,,30.0,4246.1181640625,791.2625732421875,0.0,50.0,0.0,6335.31640625,,18993.400390625,3000.0,1148.259521484375,1512.780517578125,3211.37158203125,0.0,0.0,50.0,13000.0,0.0,5431.6240234375,1000000.0,4760.0,,15362.1455078125,400.0,1204.7972412109375,0.0,308.2811279296875,400.0,8000.0,0.0,0.0,6922.904296875,1000000.0,,1200.0,15065.994140625,4418.05419921875,0.0,0.0,1200.0,16000.0,0.0,18472.720703125,0.0,1350.0,1000000.0,24796.0,2232.69140625,8930.765625,,,0.0
1963-10-16,50.0,3142.83251953125,549.2758178710938,24.96958351135254,50.0,0.0,,3142.83251953125,50.0,3000.0,245.85888671875,10.002707481384277,50.0,2728.7041015625,3000.0,3000.0,0.0,,0.0,300.0,1014.0757446289062,0.0,0.0,300.0,0.0,0.0,4701.01025390625,1000000.0,,0.0,4701.01025390625,1500.0,6878.97265625,2686.13623046875,0.0,0.0,0.0,20639.423828125,0.0,17049.515625,1050.0,1000000.0,0.0,12140.0,5850.0,,100.0,5000.0,579.963623046875,40.00221633911133,100.0,5000.0,6500.0,6500.0,0.0,,0.0,50.0,893.15966796875,0.0,999999.0,0.0,30.0,4500.0,4500.0,0.0,4322.96826171875,0.0,,30.0,4212.2373046875,797.8806762695312,0.0,50.0,0.0,6265.7626953125,,18995.400390625,999999.0,748.2595825195312,1473.701904296875,3263.9912109375,0.0,0.0,50.0,13000.0,0.0,5192.96484375,1000000.0,4760.0,,15318.5458984375,400.0,1284.7232666015625,0.0,353.140380859375,400.0,8000.0,0.0,0.0,6896.84814453125,1000000.0,,1200.0,14780.0068359375,4440.99072265625,0.0,0.0,1200.0,16000.0,0.0,18438.05078125,0.0,1350.0,1000000.0,24796.0,2209.027099609375,8836.1083984375,7860.0,,0.0
1963-10-17,50.0,3111.334228515625,552.3406982421875,25.98874855041504,50.0,0.0,,3111.334228515625,50.0,3000.0,251.5595245361328,14.002829551696777,50.0,2699.038818359375,3000.0,3000.0,0.0,,0.0,300.0,1013.0757446289062,0.0,0.0,300.0,0.0,0.0,4619.1435546875,1000000.0,,0.0,4619.1435546875,1500.0,6569.673828125,2857.13623046875,0.0,0.0,0.0,21523.84765625,0.0,16996.37109375,1050.0,1000000.0,0.0,12140.0,5850.0,,100.0,4885.7158203125,566.4216918945312,31.001846313476562,100.0,4885.7158203125,6500.0,6500.0,0.0,,0.0,50.0,893.15966796875,0.0,999999.0,0.0,30.0,4500.0,4500.0,0.0,4303.1142578125,0.0,,30.0,4176.94287109375,810.8978271484375,0.0,50.0,0.0,6174.65087890625,,18993.599609375,999999.0,749.4595947265625,1435.075927734375,3324.725341796875,0.0,0.0,50.0,13000.0,0.0,4957.07080078125,1000000.0,4760.0,,15275.361328125,400.0,1154.0953369140625,0.0,225.1215057373047,400.0,8000.0,0.0,0.0,6870.759765625,1000000.0,,1200.0,13871.5263671875,4465.314453125,0.0,0.0,1200.0,16000.0,0.0,18433.3359375,0.0,1350.0,1000000.0,24796.0,2220.495361328125,8881.9814453125,7860.0,,0.0
1963-10-18,50.0,3079.667236328125,549.3375244140625,23.98628807067871,50.0,0.0,,3079.667236328125,50.0,2957.000732421875,246.9721221923828,10.000738143920898,50.0,2667.36962890625,3000.0,3000.0,0.0,,0.0,300.0,1014.0757446289062,0.0,0.0,300.0,0.0,0.0,4534.0302734375,1000000.0,,0.0,4534.0302734375,1500.0,6259.041015625,2786.13623046875,0.0,0.0,0.0,22955.23828125,0.0,17100.8984375,1050.0,1000000.0,0.0,12140.0,5850.0,,100.0,4717.1455078125,544.4495239257812,7.002954006195068,100.0,4717.1455078125,6500.0,6500.0,0.0,,0.0,50.0,893.15966796875,0.0,999999.0,0.0,30.0,4500.0,4500.0,0.0,4284.376953125,0.0,,30.0,4140.23583984375,880.6348266601562,41.6739387512207,50.0,0.0,6115.0009765625,,18993.400390625,999999.0,748.2595825195312,1397.4193115234375,3391.212890625,0.0,0.0,50.0,13000.0,0.0,4727.09619140625,1000000.0,4760.0,,15233.75390625,400.0,1187.489990234375,0.0,274.2147216796875,400.0,8000.0,0.0,0.0,6843.69580078125,1000000.0,,1200.0,12939.44921875,4381.40576171875,0.0,0.0,1200.0,16000.0,0.0,18456.78515625,0.0,1350.0,1000000.0,24796.0,2232.6572265625,8930.62890625,7860.0,,0.0
1963-10-19,50.0,3047.66650390625,549.3375244140625,22.637657165527344,50.0,0.0,,3047.66650390625,50.0,2878.0029296875,245.40379333496094,8.0028657913208,50.0,2634.01708984375,3000.0,3000.0,0.0,,0.0,300.0,1004.0757446289062,0.0,0.0,300.0,0.0,0.0,4450.4091796875,1000000.0,,0.0,4450.4091796875,1500.0,5943.9326171875,2757.13623046875,0.0,0.0,0.0,24380.08203125,0.0,17034.216796875,1050.0,1000000.0,0.0,12140.0,5850.0,,100.0,4527.14306640625,542.4402465820312,6.000328063964844,100.0,4527.14306640625,6500.0,6500.0,0.0,,0.0,50.0,893.15966796875,0.0,999999.0,0.0,30.0,4500.0,4500.0,0.0,4264.30859375,0.0,,30.0,4103.5283203125,798.3385620117188,0.0,50.0,0.0,6074.05419921875,,18993.900390625,999999.0,749.4595947265625,1359.591552734375,3461.05712890625,0.0,0.0,50.0,13000.0,0.0,4496.07666015625,1000000.0,4760.0,,15191.599609375,400.0,1139.2520751953125,0.0,270.4680480957031,400.0,8000.0,0.0,0.0,6817.28125,1000000.0,,1200.0,11991.1708984375,4353.56005859375,0.0,0.0,1200.0,16000.0,0.0,18448.5,0.0,1350.0,1000000.0,24796.0,2190.702880859375,8762.8115234375,7860.0,,0.0
1963-10-20,50.0,3013.665771484375,555.272705078125,37.01124954223633,50.0,0.0,,3013.665771484375,50.0,2796.9970703125,248.57957458496094,12.997227668762207,50.0,2599.193115234375,3000.0,3000.0,0.0,,0.0,300.0,1022.0757446289062,0.0,0.0,300.0,0.0,0.0,4364.04833984375,1000000.0,,0.0,4364.04833984375,1500.0,5622.92236328125,2968.13623046875,0.0,0.0,0.0,25120.990234375,0.0,17077.244140625,1050.0,1000000.0,0.0,12140.0,5850.0,,100.0,4337.140625,545.4155883789062,8.998030662536621,100.0,4337.140625,6500.0,6500.0,0.0,,0.0,50.0,893.15966796875,0.0,999999.0,0.0,30.0,4500.0,4500.0,0.0,4243.69775390625,0.0,,30.0,4065.412353515625,814.9100952148438,0.0,50.0,0.0,6006.400390625,,19002.0,999999.0,745.8257446289062,1323.65234375,3550.882568359375,0.0,0.0,50.0,13000.0,0.0,4276.59130859375,1000000.0,4760.0,,15151.2470703125,400.0,1170.489990234375,0.0,290.4951477050781,400.0,8000.0,0.0,0.0,6791.1962890625,1000000.0,,1200.0,11023.244140625,4378.60888671875,0.0,0.0,1200.0,16000.0,0.0,18447.63671875,0.0,1350.0,1000000.0,24796.0,2176.780029296875,8707.1201171875,7860.0,,0.0
1963-10-21,50.0,2967.601318359375,593.3406982421875,70.68424987792969,50.0,0.0,,2967.601318359375,50.0,2714.00146484375,266.9324951171875,29.001386642456055,50.0,2563.400634765625,3000.0,3000.0,0.0,,0.0,300.0,1035.07568359375,0.0,0.0,300.0,0.0,0.0,4276.2001953125,1000000.0,,0.0,4276.2001953125,1500.0,5303.90576171875,2755.13623046875,0.0,0.0,0.0,26766.01171875,0.0,16879.86328125,1050.0,1000000.0,0.0,12140.0,5850.0,,100.0,4147.14697265625,564.9573974609375,26.003938674926758,100.0,4147.14697265625,6500.0,6500.0,0.0,,0.0,50.0,915.15966796875,0.0,999999.0,0.0,30.0,4500.0,4500.0,0.0,4223.08642578125,0.0,,30.0,4027.2919921875,900.8543090820312,53.843231201171875,50.0,0.0,5899.56201171875,,19025.5,999999.0,694.368896484375,1287.8701171875,3799.971923828125,0.0,0.0,50.0,13000.0,0.0,4058.064208984375,1000000.0,4760.0,,15114.37109375,400.0,1275.5595703125,0.0,369.7762451171875,400.0,8000.0,0.0,0.0,6764.78125,1000000.0,,1200.0,10028.9580078125,4442.4111328125,0.0,0.0,1200.0,16000.0,0.0,18417.82421875,0.0,1350.0,1000000.0,24796.0,2189.304443359375,8757.2177734375,7860.0,,0.0
1963-10-22,50.0,2899.200439453125,645.8297119140625,127.36234283447266,50.0,0.0,,2899.200439453125,50.0,2628.0029296875,336.1010437011719,99.002685546875,50.0,2530.4755859375,3000.0,3000.0,0.0,,0.0,300.0,1135.07568359375,0.0,0.0,300.0,0.0,0.0,4186.4111328125,1000000.0,,0.0,4186.4111328125,1500.0,5000.0,4044.13623046875,0.0,0.0,0.0,27303.2421875,0.0,15941.931640625,1050.0,1000000.0,0.0,12140.0,5850.0,,100.0,3950.00341796875,699.4402465820312,163.00286865234375,100.0,3950.00341796875,6500.0,6500.0,0.0,,0.0,50.0,1006.15966796875,0.0,999999.0,0.0,30.0,4500.0,4500.0,0.0,4200.80126953125,0.0,,30.0,3987.7626953125,1102.8544921875,225.657470703125,50.0,0.0,5861.71630859375,,19142.0,999999.0,539.9610595703125,1257.9718017578125,4251.642578125,0.0,0.0,50.0,13000.0,0.0,3875.47021484375,1000000.0,4760.0,,15083.181640625,400.0,1389.387451171875,0.0,505.7008361816406,400.0,8000.0,0.0,0.0,6737.7177734375,1000000.0,,1200.0,9022.314453125,4637.25830078125,0.0,0.0,1200.0,16000.0,0.0,18162.30859375,0.0,1350.0,1000000.0,24796.0,2221.20556640625,8884.822265625,7860.0,,0.0
1963-10-23,50.0,2837.098388671875,732.3099365234375,205.4746551513672,50.0,0.0,,2837.098388671875,50.0,2540.00244140625,368.05303955078125,131.00216674804688,50.0,2491.653076171875,3000.0,3000.0,0.0,,0.0,300.0,1178.07568359375,0.0,0.0,300.0,0.0,0.0,4094.7900390625,1000000.0,,0.0,4094.7900390625,1500.0,5000.0,3454.13623046875,0.0,0.0,0.0,26992.01953125,0.0,15452.287109375,1050.0,1000000.0,0.0,12140.0,5850.0,,100.0,3732.85791015625,1085.4903564453125,585.0005493164062,100.0,3732.85791015625,6500.0,6500.0,0.0,,0.0,50.0,1154.15966796875,0.0,999999.0,0.0,30.0,4500.0,4500.0,0.0,4177.89990234375,0.0,,30.0,3946.82470703125,985.9358520507812,184.2936248779297,50.0,0.0,5817.8056640625,,18558.0,999999.0,472.1768798828125,1239.400146484375,4901.80224609375,0.0,0.0,50.0,13000.0,0.0,3762.050537109375,1000000.0,4760.0,,15070.9912109375,400.0,1512.70361328125,0.0,637.6828002929688,400.0,8000.0,0.0,0.0,6711.62939453125,1000000.0,,1200.0,7974.65673828125,4915.00390625,0.0,0.0,1200.0,16000.0,0.0,17862.416015625,0.0,1350.0,1000000.0,24796.0,2318.629150390625,9274.5166015625,7860.0,,0.0
1963-10-24,50.0,2768.701171875,840.8174438476562,318.1629943847656,50.0,0.0,,2768.701171875,50.0,2397.998046875,299.03680419921875,61.999168395996094,50.0,2397.998046875,3000.0,3000.0,0.0,,0.0,300.0,1200.07568359375,0.0,0.0,300.0,0.0,0.0,4001.432373046875,1000000.0,,0.0,4001.432373046875,1500.0,5000.0,3775.13623046875,0.0,0.0,0.0,26738.265625,0.0,15341.55859375,1050.0,1000000.0,0.0,12140.0,5850.0,,100.0,3547.213134765625,942.9011840820312,389.2329406738281,100.0,3547.213134765625,6500.0,6500.0,0.0,,0.0,50.0,996.15966796875,0.0,999999.0,0.0,30.0,4500.0,4500.0,0.0,4154.85595703125,0.0,,30.0,3905.88232421875,862.4817504882812,45.76499938964844,50.0,0.0,5763.3896484375,,18959.30078125,999999.0,518.6632690429688,1237.013916015625,4882.275390625,0.0,0.0,50.0,13000.0,0.0,3747.477783203125,1000000.0,4760.0,,15064.458984375,400.0,1452.203857421875,0.0,514.4760131835938,400.0,8000.0,0.0,0.0,6684.8916015625,1000000.0,,1200.0,6926.06884765625,4830.697265625,0.0,0.0,1200.0,16000.0,0.0,18065.287109375,0.0,1350.0,1000000.0,24796.0,2457.501953125,9830.0078125,7860.0,,0.0
1963-10-25,50.0,2700.6005859375,1076.160400390625,622.6821899414062,50.0,0.0,,2700.6005859375,50.0,2207.99560546875,374.9038391113281,139.9982147216797,50.0,2207.99560546875,3000.0,3000.0,0.0,,0.0,300.0,1066.07568359375,0.0,0.0,300.0,0.0,0.0,3912.2763671875,1000000.0,,0.0,3912.2763671875,1500.0,5000.0,4138.13623046875,0.0,0.0,0.0,26482.390625,0.0,14821.36328125,1050.0,1000000.0,0.0,12140.0,5850.0,,100.0,3297.145263671875,665.4339599609375,130.00201416015625,100.0,3297.145263671875,6500.0,6500.0,0.0,,0.0,50.0,1282.15966796875,0.0,999999.0,0.0,30.0,4500.0,4500.0,0.0,4130.626953125,0.0,,30.0,3863.53125,883.3733520507812,39.41607666015625,50.0,0.0,5698.04052734375,,18524.80078125,999999.0,144.18246459960938,1229.109619140625,6241.85888671875,0.0,0.0,50.0,13000.0,0.0,3699.20556640625,1000000.0,4760.0,,15077.767578125,400.0,1584.0252685546875,0.0,626.1024780273438,400.0,8000.0,0.0,0.0,6656.8486328125,1000000.0,,1200.0,5794.5263671875,5081.15966796875,0.0,0.0,1200.0,16000.0,0.0,17727.99609375,0.0,1350.0,1000000.0,24796.0,2415.3486328125,9661.39453125,7860.0,,0.0
1963-10-26,50.0,2634.4326171875,890.4930419921875,326.4203796386719,50.0,0.0,,2634.4326171875,50.0,2009.99755859375,316.0567321777344,77.99906158447266,50.0,2009.99755859375,3000.0,3000.0,0.0,,0.0,300.0,1172.07568359375,0.0,0.0,300.0,0.0,0.0,3816.453857421875,1000000.0,,0.0,3816.453857421875,1500.0,5000.0,3473.13623046875,0.0,0.0,0.0,26151.587890625,0.0,16070.6552734375,1050.0,1000000.0,0.0,12140.0,5850.0,,100.0,3069.99853515625,778.437255859375,240.99900817871094,100.0,3069.99853515625,6500.0,6500.0,0.0,,0.0,50.0,1112.15966796875,0.0,999999.0,0.0,30.0,4500.0,4500.0,0.0,4104.86328125,0.0,,30.0,3819.766845703125,884.0614013671875,49.15329360961914,50.0,0.0,5650.35546875,,18813.599609375,999999.0,406.53717041015625,1257.0853271484375,5432.49658203125,0.0,0.0,50.0,13000.0,0.0,3870.056884765625,1000000.0,4760.0,,15094.3642578125,400.0,1514.2147216796875,0.0,540.121826171875,400.0,8000.0,0.0,0.0,6627.82666015625,1000000.0,,1200.0,4410.134765625,4985.4638671875,0.0,0.0,1200.0,16000.0,0.0,17786.115234375,0.0,1350.0,1000000.0,24796.0,2540.579833984375,10162.3193359375,7860.0,,0.0
1963-10-27,50.0,2552.698974609375,714.3097534179688,191.3254852294922,50.0,0.0,,2552.698974609375,50.0,1797.998046875,286.8765563964844,49.999290466308594,50.0,1797.998046875,3000.0,3000.0,0.0,,0.0,300.0,1352.07568359375,0.0,0.0,300.0,0.0,0.0,3720.631103515625,1000000.0,,0.0,3720.631103515625,1500.0,5000.0,3202.13623046875,0.0,0.0,0.0,25842.896484375,0.0,16542.75390625,1050.0,1000000.0,0.0,12140.0,5850.0,,100.0,2840.000732421875,753.4588623046875,215.00048828125,100.0,2840.000732421875,6500.0,6500.0,0.0,,0.0,50.0,1009.15966796875,0.0,999999.0,0.0,30.0,4500.0,4500.0,0.0,4079.099365234375,0.0,,30.0,3773.001220703125,822.8110961914062,0.0,50.0,0.0,5572.81640625,,18832.5,999999.0,525.6024780273438,1252.364501953125,5281.2548828125,0.0,0.0,50.0,13000.0,0.0,3841.22607421875,1000000.0,4760.0,,15078.22265625,400.0,1413.66796875,0.0,421.38360595703125,400.0,8000.0,0.0,0.0,6598.2392578125,1000000.0,,1200.0,4400.0,4860.443359375,0.0,0.0,1200.0,16000.0,0.0,18143.47265625,0.0,1350.0,1000000.0,24796.0,2492.73193359375,9970.927734375,7860.0,,0.0
1963-10-28,50.0,2475.0,679.3097534179688,157.0,50.0,0.0,,2475.0,50.0,1573.9990234375,299.2882080078125,62.999664306640625,50.0,1573.9990234375,3000.0,3000.0,0.0,,0.0,300.0,1302.07568359375,0.0,0.0,300.0,0.0,0.0,3624.808349609375,1000000.0,,0.0,3624.808349609375,1500.0,5000.0,3251.13623046875,0.0,0.0,0.0,25556.591796875,0.0,16520.65625,1050.0,1000000.0,0.0,12140.0,5850.0,,100.0,2585.710693359375,753.4124755859375,217.99754333496094,100.0,2585.710693359375,6500.0,6500.0,0.0,,0.0,50.0,994.15966796875,0.0,999999.0,0.0,30.0,4500.0,4500.0,0.0,4053.33544921875,0.0,,30.0,3723.49853515625,944.7741088867188,87.69178771972656,50.0,0.0,5500.02685546875,,18852.099609375,999999.0,544.7302856445312,1236.6361083984375,5420.08251953125,0.0,0.0,50.0,13000.0,0.0,3745.170166015625,1000000.0,4760.0,,15057.826171875,400.0,1381.7052001953125,0.0,453.5498352050781,400.0,8000.0,0.0,0.0,6569.1220703125,1000000.0,,1200.0,4400.0,4719.88330078125,0.0,0.0,1200.0,16000.0,0.0,18147.68359375,0.0,1350.0,1000000.0,24796.0,2430.2216796875,9720.88671875,7860.0,,0.0
1963-10-29,50.0,2389.801025390625,660.3344116210938,135.31341552734375,50.0,0.0,,2389.801025390625,50.0,1335.99853515625,292.98291015625,55.9995231628418,50.0,1335.99853515625,3000.0,3000.0,0.0,,0.0,300.0,1110.07568359375,0.0,0.0,300.0,0.0,0.0,3522.319091796875,1000000.0,,0.0,3522.319091796875,1500.0,5000.0,3110.13623046875,0.0,0.0,0.0,25303.908203125,0.0,16565.24609375,1050.0,1000000.0,0.0,12140.0,5850.0,,100.0,2332.859619140625,679.6864624023438,155.00172424316406,100.0,2332.859619140625,6500.0,6500.0,0.0,,0.0,50.0,991.15966796875,0.0,999999.0,0.0,30.0,4500.0,4500.0,0.0,4026.03662109375,0.0,,30.0,3672.4990234375,803.2643432617188,0.0,50.0,0.0,5434.43505859375,,18803.80078125,999999.0,576.107666015625,1218.8258056640625,5621.16748046875,0.0,0.0,50.0,13000.0,0.0,3636.400390625,1000000.0,4760.0,,15034.31640625,400.0,1368.0965576171875,0.0,404.6064453125,400.0,8000.0,0.0,0.0,6540.9619140625,1000000.0,,1200.0,4400.0,4686.54833984375,0.0,0.0,1200.0,16000.0,0.0,18293.36328125,0.0,1350.0,1000000.0,24796.0,2359.941650390625,9439.7666015625,7860.0,,0.0
1963-10-30,50.0,2304.598388671875,653.3284301757812,130.34083557128906,50.0,0.0,,2304.598388671875,50.0,1080.0048828125,227.3411407470703,57.00141143798828,50.0,1080.0048828125,3000.0,3000.0,0.0,,0.0,300.0,1106.07568359375,0.0,0.0,300.0,0.0,0.0,3422.711181640625,1000000.0,,0.0,3422.711181640625,1500.0,5000.0,3069.13623046875,0.0,0.0,0.0,25051.783203125,0.0,16651.97265625,1050.0,1000000.0,0.0,12140.0,5850.0,,100.0,2070.365234375,490.4576416015625,135.08042907714844,100.0,2070.365234375,6500.0,6500.0,0.0,,0.0,50.0,971.15966796875,0.0,999999.0,0.0,30.0,4500.0,4500.0,0.0,3998.737548828125,0.0,,30.0,3619.998291015625,871.0134887695312,50.23197555541992,50.0,0.0,5337.146484375,,18860.099609375,999999.0,597.330322265625,1200.198486328125,5811.3134765625,0.0,0.0,50.0,13000.0,0.0,3522.640380859375,1000000.0,4760.0,,15007.912109375,400.0,1289.0965576171875,0.0,318.5326232910156,400.0,8000.0,0.0,0.0,6511.5205078125,1000000.0,,1200.0,4400.0,4644.17724609375,0.0,0.0,1200.0,16000.0,0.0,18323.83984375,0.0,1350.0,1000000.0,24796.0,2343.274169921875,9373.0966796875,7860.0,,0.0
1963-10-31,50.0,2218.798828125,633.31591796875,108.98136138916016,50.0,0.0,,2218.798828125,50.0,882.5565795898438,185.66075134277344,85.93153381347656,50.0,882.5565795898438,3000.0,3000.0,0.0,,0.0,300.0,1031.07568359375,0.0,0.0,300.0,0.0,0.0,3317.34033203125,1000000.0,,0.0,3317.34033203125,1500.0,5000.0,2949.13623046875,0.0,0.0,0.0,24771.912109375,0.0,16708.404296875,1050.0,1000000.0,0.0,12140.0,5850.0,,100.0,1887.7637939453125,377.7717590332031,174.69473266601562,100.0,1887.7637939453125,6500.0,6500.0,0.0,,0.0,50.0,962.15966796875,0.0,999999.0,0.0,30.0,4500.0,4500.0,0.0,3969.614013671875,0.0,,30.0,3564.4990234375,877.9865112304688,35.00358200073242,50.0,0.0,5253.2392578125,,18873.69921875,999999.0,614.0610961914062,1179.576416015625,6075.72119140625,0.0,0.0,50.0,13000.0,0.0,3396.69873046875,1000000.0,4760.0,,14979.8310546875,400.0,1328.1072998046875,0.0,403.4587707519531,400.0,8000.0,0.0,0.0,6482.0791015625,1000000.0,,1200.0,4400.0,4579.4013671875,0.0,0.0,1200.0,16000.0,0.0,18384.3828125,0.0,1350.0,1000000.0,24796.0,2322.088623046875,9288.3544921875,7860.0,,0.0
1963-11-01,50.0,2125.198974609375,625.0159301757812,104.7149429321289,50.0,0.0,,2125.198974609375,50.0,733.5994262695312,149.4405059814453,123.00439453125,50.0,733.5994262695312,3000.0,3000.0,0.0,,0.0,300.0,1124.17578125,0.0,0.0,300.0,0.0,0.0,3214.850830078125,1000000.0,,0.0,3214.850830078125,1200.0,5000.0,2983.13623046875,0.0,0.0,0.0,24497.927734375,0.0,16637.6328125,1050.0,1000000.0,0.0,12140.0,5850.0,,100.0,1749.3856201171875,299.2811584472656,267.3117370605469,100.0,1749.3856201171875,6500.0,6500.0,0.0,,0.0,50.0,950.15966796875,0.0,999999.0,0.0,30.0,4500.0,4500.0,0.0,3938.415283203125,0.0,,30.0,3507.498291015625,857.8682250976562,41.12397384643555,50.0,0.0,5193.24072265625,,18906.099609375,999999.0,627.1610717773438,10000.0,6368.74609375,0.0,0.0,50.0,13000.0,0.0,3264.211181640625,1000000.0,4760.0,,14950.1650390625,400.0,1305.7694091796875,0.0,349.447998046875,400.0,8000.0,,0.0,6454.16796875,1000000.0,,1200.0,4400.0,4585.640625,0.0,0.0,1200.0,16000.0,0.0,18279.66015625,0.0,1350.0,1000000.0,24796.0,2289.70068359375,9158.802734375,7860.0,,0.0
1963-11-02,50.0,2031.59912109375,647.0191040039062,124.70685577392578,50.0,0.0,,2031.59912109375,50.0,622.7445678710938,174.8936767578125,133.75755310058594,50.0,622.7445678710938,3000.0,3000.0,0.0,,0.0,300.0,1141.2757568359375,0.0,0.0,300.0,0.0,0.0,3110.833984375,1000000.0,,0.0,3110.833984375,1200.0,5000.0,3183.13623046875,0.0,0.0,0.0,24252.826171875,0.0,16435.0078125,1050.0,1000000.0,0.0,12140.0,5850.0,,100.0,1650.1754150390625,431.05401611328125,245.28466796875,100.0,1650.1754150390625,6500.0,6500.0,0.0,,0.0,50.0,998.15966796875,0.0,999999.0,0.0,30.0,4500.0,4500.0,0.0,3907.21630859375,0.0,,30.0,3447.4990234375,956.23291015625,89.07689666748047,50.0,0.0,5094.884765625,,18906.599609375,999999.0,558.2535400390625,10000.0,6729.3955078125,0.0,0.0,50.0,13000.0,0.0,2435.07275390625,1000000.0,4760.0,,14767.44140625,400.0,1304.16357421875,0.0,394.64984130859375,400.0,8000.0,,0.0,6424.69189453125,1000000.0,,1200.0,4400.0,4618.7578125,0.0,0.0,1200.0,16000.0,0.0,18229.369140625,0.0,1350.0,1000000.0,24796.0,2292.8203125,9171.28125,7860.0,,0.0
1963-11-03,50.0,1927.80029296875,636.2051391601562,112.38382720947266,50.0,0.0,,1927.80029296875,50.0,528.3265991210938,98.77900695800781,84.2596664428711,50.0,528.3265991210938,3000.0,3000.0,0.0,,0.0,300.0,1132.7757568359375,0.0,0.0,300.0,0.0,0.0,3003.20556640625,1000000.0,,0.0,3003.20556640625,1200.0,5000.0,3183.13623046875,0.0,0.0,0.0,23964.984375,0.0,16249.7783203125,1050.0,1000000.0,0.0,12140.0,5850.0,,100.0,1500.0,142.3000030517578,142.3000030517578,100.0,1500.0,6500.0,6500.0,0.0,,0.0,50.0,984.15966796875,0.0,999999.0,0.0,30.0,4500.0,4500.0,0.0,3876.017578125,0.0,,30.0,3383.000244140625,892.8416137695312,68.03882598876953,50.0,0.0,5036.86669921875,,18836.0,999999.0,581.41943359375,10000.0,6843.61181640625,0.0,0.0,50.0,13000.0,0.0,2300.0,1000000.0,4760.0,,14565.5400390625,400.0,1309.6236572265625,0.0,384.6369934082031,400.0,8000.0,,0.0,6395.8603515625,1000000.0,,1200.0,4400.0,4590.97265625,0.0,0.0,1200.0,16000.0,0.0,18143.677734375,0.0,1350.0,1000000.0,24796.0,2309.37890625,9237.515625,7860.0,,0.0
1963-11-04,50.0,1824.3017578125,916.6375732421875,393.8070983886719,50.0,0.0,,1824.3017578125,50.0,500.0,225.8000030517578,225.8000030517578,50.0,500.0,3000.0,3000.0,0.0,,0.0,300.0,1309.57568359375,0.0,0.0,300.0,0.0,0.0,3000.0,1000000.0,,0.0,3000.0,1200.0,5000.0,4083.13623046875,0.0,0.0,0.0,23704.947265625,0.0,15417.9140625,1050.0,1000000.0,0.0,12140.0,5850.0,,100.0,1500.0,813.302734375,851.0999755859375,100.0,1500.0,6500.0,6500.0,0.0,,0.0,50.0,1463.15966796875,0.0,999999.0,0.0,30.0,4500.0,4500.0,0.0,3844.101318359375,0.0,,30.0,3318.501220703125,940.8968505859375,105.96217346191406,50.0,0.0,4842.97021484375,,18691.19921875,999999.0,82.66110229492188,10000.0,7774.33154296875,0.0,0.0,50.0,13000.0,0.0,2300.0,1000000.0,4760.0,,14376.595703125,400.0,1652.628662109375,0.0,705.7652587890625,400.0,8000.0,,0.0,6366.705078125,1000000.0,,1200.0,4400.0,4827.4033203125,0.0,0.0,1200.0,16000.0,0.0,17543.884765625,0.0,1350.0,1000000.0,24796.0,2295.486328125,9181.9453125,7860.0,,0.0
1963-11-05,50.0,1720.499267578125,865.9082641601562,340.57794189453125,50.0,0.0,,1720.499267578125,50.0,500.0,205.8000030517578,205.8000030517578,50.0,500.0,3000.0,3000.0,0.0,,0.0,300.0,1372.6756591796875,0.0,0.0,300.0,0.0,0.0,3000.0,1000000.0,,0.0,3000.0,1200.0,5000.0,3783.13623046875,0.0,0.0,0.0,23336.119140625,0.0,14993.2724609375,1050.0,1000000.0,0.0,12140.0,5850.0,,100.0,1500.0,663.5999755859375,663.5999755859375,100.0,1500.0,6500.0,6500.0,0.0,,0.0,50.0,1366.15966796875,0.0,999999.0,0.0,30.0,4500.0,4500.0,0.0,3811.79638671875,0.0,,30.0,3249.498046875,959.7529907226562,127.869873046875,50.0,0.0,4696.90673828125,,18503.19921875,999999.0,142.1642608642578,10000.0,8171.66455078125,0.0,0.0,50.0,13000.0,0.0,2300.0,1000000.0,4760.0,,14207.8984375,400.0,1570.1246337890625,0.0,662.591796875,400.0,8000.0,,0.0,6336.900390625,1000000.0,,1200.0,4400.0,5179.37060546875,0.0,0.0,1200.0,16000.0,0.0,17388.546875,0.0,1350.0,1000000.0,24796.0,2413.70166015625,9654.806640625,7860.0,,0.0
1963-11-06,50.0,1606.8017578125,1080.1343994140625,555.7862548828125,50.0,0.0,,1606.8017578125,50.0,500.0,286.1000061035156,286.1000061035156,50.0,500.0,3000.0,3000.0,0.0,,0.0,300.0,1434.9757080078125,0.0,0.0,300.0,0.0,0.0,3000.0,1000000.0,,0.0,3000.0,1200.0,5000.0,4283.13623046875,0.0,0.0,0.0,23021.509765625,0.0,14628.5791015625,1050.0,1000000.0,0.0,12140.0,5850.0,,100.0,1500.0,900.0,900.0,100.0,1500.0,6500.0,6500.0,0.0,,0.0,50.0,1411.15966796875,0.0,999999.0,0.0,30.0,4500.0,4500.0,0.0,3284.8564453125,0.0,,30.0,3164.996337890625,1027.6600341796875,195.77688598632812,50.0,0.0,4565.92138671875,,18617.30078125,999999.0,0.0,10000.0,9030.23828125,0.0,0.0,50.0,13000.0,0.0,2300.0,1000000.0,4760.0,,14051.44140625,400.0,1853.916015625,0.0,957.4835815429688,400.0,8000.0,,0.0,6307.7451171875,1000000.0,,1200.0,4400.0,5475.162109375,0.0,0.0,1200.0,16000.0,0.0,17379.037109375,0.0,1350.0,1000000.0,24796.0,2589.685302734375,10358.7412109375,7860.0,,0.0
1963-11-07,50.0,1494.3994140625,1677.615966796875,1157.313720703125,50.0,0.0,,1494.3994140625,50.0,500.0,370.79998779296875,370.79998779296875,50.0,500.0,3000.0,3000.0,0.0,,0.0,300.0,2856.4755859375,0.0,0.0,300.0,0.0,0.0,3000.0,1000000.0,,0.0,3000.0,1200.0,5000.0,6183.13623046875,0.0,0.0,0.0,11013.751953125,0.0,11379.5576171875,1050.0,1000000.0,0.0,12140.0,6167.91650390625,,100.0,1500.0,1063.199951171875,1063.199951171875,100.0,1500.0,6500.0,6500.0,0.0,,0.0,50.0,2176.15966796875,0.0,999999.0,0.0,30.0,4500.0,4500.0,0.0,2431.79931640625,0.0,,30.0,3039.996337890625,1494.3653564453125,646.8578491210938,50.0,0.0,4164.80712890625,,18801.30078125,999999.0,0.0,10000.0,10523.0185546875,0.0,0.0,50.0,11336.427734375,0.0,2300.0,1000000.0,4760.0,,12256.498046875,400.0,2358.626708984375,0.0,1396.7393798828125,400.0,8000.0,,0.0,6279.23779296875,1000000.0,,1200.0,4400.0,6506.18017578125,0.0,0.0,1200.0,16000.0,0.0,16197.0869140625,0.0,1350.0,1000000.0,24796.0,2737.5810546875,10950.32421875,7860.0,,0.0
1963-11-08,50.0,1467.969482421875,3381.367431640625,4473.37744140625,50.0,0.0,,1467.969482421875,50.0,500.0,1362.0694580078125,2239.699951171875,50.0,500.0,1822.9384765625,2214.23193359375,0.0,,0.0,300.0,5072.37548828125,0.0,0.0,300.0,0.0,0.0,3000.0,1000000.0,,0.0,3000.0,1200.0,5000.0,15652.1552734375,0.0,0.0,0.0,4656.29443359375,0.0,5833.4384765625,1050.0,1000000.0,0.0,12140.0,15467.9169921875,,100.0,1500.0,4491.0361328125,7354.60009765625,100.0,1500.0,3949.7001953125,4797.50244140625,0.0,,0.0,50.0,7276.15966796875,2248.613525390625,999999.0,0.0,30.0,4500.0,4500.0,0.0,2000.0,0.0,,30.0,2907.49658203125,2226.70751953125,1393.347412109375,50.0,0.0,3990.16357421875,,13675.099609375,999999.0,0.0,10000.0,23813.306640625,0.0,0.0,50.0,9341.5849609375,0.0,2300.0,1000000.0,16538.875,,5886.3427734375,400.0,6149.7578125,0.0,7362.908203125,400.0,5904.61865234375,,0.0,6249.4375,1000000.0,,1200.0,4400.0,17615.095703125,0.0,0.0,1200.0,11809.2373046875,0.0,11282.2021484375,0.0,1350.0,1000000.0,24796.0,3253.090087890625,13012.3603515625,17195.58203125,,0.0
1963-11-09,50.0,2029.739990234375,3314.1513671875,3500.22412109375,50.0,0.0,,2029.739990234375,50.0,2276.615966796875,1325.66943359375,1759.0999755859375,50.0,2276.615966796875,2950.11328125,2966.697265625,0.0,,0.0,300.0,5196.771484375,0.0,0.0,300.0,0.0,0.0,3000.0,1000000.0,,0.0,3000.0,1200.0,5000.0,11984.798828125,0.0,0.0,0.0,16659.046875,0.0,11597.3759765625,1050.0,1000000.0,0.0,12140.0,9967.9169921875,,100.0,4126.32666015625,4378.93603515625,6168.033203125,100.0,4126.32666015625,6391.912109375,6427.84375,0.0,,0.0,50.0,5095.51953125,3142.852294921875,999999.0,0.0,30.0,4500.0,4500.0,0.0,3882.94921875,0.0,,30.0,2765.00244140625,1919.945068359375,1304.32373046875,50.0,0.0,4218.76025390625,,16905.0,999999.0,0.0,10000.0,20193.6328125,0.0,0.0,50.0,13000.0,0.0,2300.0,1000000.0,9931.375,,8808.7021484375,400.0,5064.82666015625,0.0,5724.7021484375,400.0,7911.1923828125,,0.0,6294.66748046875,1000000.0,,1200.0,4400.0,17965.521484375,0.0,0.0,1200.0,15822.384765625,0.0,11751.017578125,0.0,1350.0,1000000.0,24796.0,5641.10107421875,22564.404296875,16490.52734375,,0.0
1963-11-10,50.0,2078.11962890625,2996.970947265625,2632.21630859375,50.0,0.0,,2078.11962890625,50.0,2156.069091796875,998.4462890625,1173.1767578125,50.0,2156.069091796875,3000.0,3000.0,0.0,,0.0,300.0,3491.52587890625,0.0,0.0,300.0,0.0,0.0,3000.0,1000000.0,,0.0,3000.0,1200.0,5000.0,10081.7587890625,0.0,0.0,0.0,23504.58203125,0.0,13635.6513671875,1050.0,1000000.0,0.0,12140.0,6667.91650390625,,100.0,4158.26513671875,3282.66064453125,3858.39111328125,100.0,4158.26513671875,6500.0,6500.0,0.0,,0.0,50.0,3658.03369140625,2339.255615234375,999999.0,0.0,30.0,4500.0,4500.0,0.0,3863.669189453125,0.0,,30.0,2654.74462890625,1605.84765625,804.32666015625,50.0,0.0,4432.3408203125,,18126.400390625,999999.0,0.0,10000.0,18394.8203125,0.0,0.0,50.0,13000.0,0.0,2300.0,1000000.0,5855.5751953125,,13516.3525390625,400.0,4105.05810546875,0.0,3603.793212890625,400.0,8000.0,,0.0,6290.53173828125,1000000.0,,1200.0,4400.0,14582.759765625,0.0,0.0,1200.0,16000.0,0.0,13290.8017578125,0.0,1350.0,1000000.0,24796.0,5875.5087890625,23502.03515625,11864.8642578125,,0.0
1963-11-11,50.0,1897.78759765625,2625.452392578125,2085.783447265625,50.0,0.0,,1897.78759765625,50.0,1847.0318603515625,738.0308227539062,803.0947265625,50.0,1847.0318603515625,3000.0,3000.0,0.0,,0.0,300.0,3092.007568359375,0.0,0.0,300.0,0.0,0.0,3000.0,1000000.0,,0.0,3000.0,1200.0,5000.0,10052.1982421875,0.0,0.0,0.0,24264.287109375,0.0,14939.171875,1050.0,1000000.0,0.0,12140.0,5850.0,,100.0,3624.607666015625,2417.70703125,2676.6708984375,100.0,3624.607666015625,6500.0,6500.0,0.0,,0.0,50.0,3008.03369140625,1047.1380615234375,999999.0,0.0,30.0,4500.0,4500.0,0.0,3503.57568359375,0.0,,30.0,2488.308837890625,1377.717041015625,413.49151611328125,50.0,0.0,4549.25390625,,18273.19921875,999999.0,0.0,10000.0,19880.23046875,0.0,0.0,50.0,13000.0,0.0,2300.0,1000000.0,4760.0,,14254.3994140625,400.0,3369.7587890625,0.0,2563.062744140625,400.0,8000.0,,0.0,6242.37255859375,1000000.0,,1200.0,4400.0,12386.611328125,0.0,0.0,1200.0,16000.0,0.0,15652.560546875,0.0,1350.0,1000000.0,24796.0,5932.43212890625,23729.728515625,8989.2431640625,,0.0
1963-11-12,50.0,1658.5802001953125,2507.895751953125,1683.642822265625,50.0,0.0,,1658.5802001953125,50.0,1518.8760986328125,748.6205444335938,640.5511474609375,50.0,1723.2403564453125,3000.0,3000.0,0.0,,0.0,300.0,2638.57666015625,0.0,0.0,300.0,0.0,0.0,3000.0,1000000.0,,0.0,3000.0,1200.0,5000.0,11136.2646484375,0.0,0.0,0.0,23977.73828125,0.0,15582.3203125,1050.0,1000000.0,0.0,12140.0,5850.0,,100.0,3097.74169921875,2222.93798828125,1932.4686279296875,100.0,3097.74169921875,6500.0,6500.0,0.0,,0.0,50.0,2696.03369140625,0.0,999999.0,0.0,30.0,4500.0,4500.0,0.0,2000.0,0.0,,30.0,2267.497314453125,971.3551025390625,143.7448272705078,50.0,0.0,4590.02978515625,,18442.5,999999.0,0.0,10000.0,24095.5078125,0.0,0.0,50.0,13000.0,0.0,2300.0,1000000.0,4760.0,,14145.861328125,400.0,3440.65625,0.0,1880.1153564453125,400.0,8000.0,,0.0,6190.087890625,1000000.0,,1200.0,4400.0,13213.5966796875,0.0,0.0,1200.0,16000.0,0.0,16534.912109375,0.0,1350.0,1000000.0,24796.0,4494.62158203125,17978.486328125,8683.771484375,,0.0
1963-11-13,50.0,1469.6656494140625,2314.46923828125,1375.0372314453125,50.0,0.0,,1469.6656494140625,50.0,1093.6328125,702.2327880859375,378.8775939941406,50.0,1573.2977294921875,3000.0,3000.0,0.0,,0.0,300.0,2568.07666015625,0.0,0.0,300.0,0.0,0.0,3000.0,1000000.0,,0.0,3000.0,1200.0,5000.0,13904.3974609375,0.0,0.0,0.0,23617.826171875,0.0,15493.640625,1050.0,1000000.0,0.0,12140.0,5850.0,,100.0,2467.271240234375,2205.825439453125,1320.9559326171875,100.0,2467.271240234375,6500.0,6500.0,0.0,,0.0,50.0,2876.050537109375,0.0,999999.0,0.0,30.0,4500.0,4500.0,0.0,2000.0,0.0,,30.0,2001.25048828125,988.8760375976562,153.1533966064453,50.0,0.0,3991.415283203125,,18531.900390625,999999.0,0.0,10000.0,33312.5625,0.0,0.0,50.0,13000.0,0.0,2300.0,1000000.0,4760.0,,14005.7890625,400.0,2421.093017578125,0.0,1213.86328125,400.0,8000.0,,0.0,6119.78271484375,1000000.0,,1200.0,4400.0,14757.9619140625,0.0,0.0,1200.0,16000.0,0.0,15668.8583984375,0.0,1350.0,1000000.0,24796.0,4341.8857421875,17367.54296875,7963.224609375,,0.0
1963-11-14,50.0,1382.6590576171875,2135.780517578125,1768.03369140625,50.0,0.0,,1382.6590576171875,50.0,500.0,676.5694580078125,769.7999877929688,50.0,1286.867919921875,3000.0,3000.0,0.0,,0.0,300.0,3052.6767578125,0.0,0.0,300.0,0.0,0.0,3000.0,1000000.0,,0.0,3000.0,1200.0,5000.0,24308.794921875,0.0,0.0,0.0,23350.35546875,0.0,14304.4501953125,1050.0,1000000.0,0.0,12140.0,5967.91650390625,,100.0,1705.0255126953125,1910.750244140625,1960.5474853515625,100.0,2042.679443359375,6500.0,6500.0,0.0,,0.0,50.0,4432.10107421875,0.0,4500.0,0.0,30.0,4500.0,4500.0,0.0,2000.0,0.0,,30.0,1656.245361328125,1591.19189453125,965.1986694335938,50.0,0.0,3858.47314453125,,18056.69921875,999999.0,0.0,10000.0,63485.82421875,0.0,0.0,50.0,13000.0,0.0,2300.0,1000000.0,4760.0,,13895.4921875,400.0,3505.85986328125,0.0,2656.496337890625,400.0,8000.0,,0.0,6074.83154296875,1000000.0,,1200.0,4400.0,22832.091796875,0.0,0.0,1200.0,16000.0,0.0,15099.0146484375,0.0,1350.0,1000000.0,24796.0,3981.6123046875,15926.44921875,9242.6171875,,0.0
1963-11-15,50.0,1348.205078125,2044.4608154296875,1892.3892822265625,50.0,0.0,,1348.205078125,50.0,842.06201171875,661.9027709960938,817.6333618164062,50.0,1560.6888427734375,3000.0,3000.0,0.0,,0.0,300.0,1524.376708984375,0.0,0.0,300.0,0.0,0.0,3000.0,1000000.0,,0.0,3000.0,1200.0,5000.0,23308.794921875,0.0,0.0,0.0,23174.896484375,0.0,14730.619140625,1050.0,1000000.0,0.0,12140.0,6167.91650390625,,100.0,1772.3265380859375,1714.408447265625,2341.5390625,100.0,2211.205322265625,6500.0,6500.0,0.0,,0.0,50.0,3752.100830078125,0.0,4500.0,0.0,30.0,4500.0,4500.0,0.0,2000.0,0.0,,30.0,1356.4666748046875,1243.387939453125,1302.1502685546875,50.0,0.0,3706.35107421875,,17748.900390625,999999.0,0.0,10000.0,63137.22265625,0.0,0.0,50.0,13000.0,0.0,2300.0,1000000.0,5606.27490234375,,13851.744140625,400.0,3638.951171875,0.0,2716.1845703125,400.0,8000.0,,0.0,6046.0,1000000.0,,1200.0,4400.0,20909.005859375,0.0,0.0,1200.0,16000.0,0.0,14362.2451171875,0.0,1350.0,1000000.0,24796.0,4621.30859375,18485.234375,9860.5302734375,,0.0
1963-11-16,50.0,1322.67724609375,1945.1591796875,1839.48974609375,50.0,0.0,,1322.67724609375,50.0,921.306640625,620.8685302734375,618.86572265625,50.0,1446.912109375,3000.0,3000.0,0.0,,0.0,300.0,1236.300048828125,0.0,0.0,300.0,0.0,0.0,3000.0,1000000.0,,0.0,3000.0,1200.0,5000.0,21608.794921875,0.0,0.0,0.0,22928.990234375,0.0,14440.671875,1050.0,1000000.0,0.0,12140.0,5850.0,,100.0,2008.3819580078125,1589.93896484375,1642.9361572265625,100.0,2448.994140625,6500.0,6500.0,0.0,,0.0,50.0,2726.100830078125,0.0,4500.0,0.0,30.0,4500.0,4500.0,0.0,2000.0,0.0,,30.0,1349.5045166015625,981.3575439453125,1211.64208984375,50.0,0.0,3323.59228515625,,18125.400390625,999999.0,0.0,10000.0,61366.94921875,0.0,0.0,50.0,13000.0,0.0,2300.0,1000000.0,5030.875,,13779.28125,400.0,3922.21826171875,0.0,1876.1729736328125,400.0,8000.0,,0.0,6014.578125,1000000.0,,1200.0,4400.0,18410.25,0.0,0.0,1200.0,16000.0,0.0,13454.7265625,0.0,1350.0,1000000.0,24796.0,4930.26513671875,19721.060546875,9902.775390625,,0.0
1963-11-17,50.0,1284.3211669921875,1815.466796875,1884.8973388671875,50.0,0.0,,1284.3211669921875,50.0,783.2052612304688,584.47900390625,529.9095458984375,50.0,1243.943359375,3000.0,3000.0,0.0,,0.0,300.0,1218.5999755859375,0.0,0.0,300.0,0.0,0.0,3000.0,1000000.0,,0.0,3000.0,1200.0,5000.0,20208.794921875,0.0,0.0,0.0,22644.392578125,0.0,13066.7333984375,1050.0,1000000.0,0.0,12140.0,5850.0,,100.0,1870.291748046875,1463.2259521484375,1348.5565185546875,100.0,2173.02783203125,6500.0,6500.0,0.0,,0.0,50.0,1676.1009521484375,0.0,4500.0,0.0,30.0,4500.0,4500.0,0.0,2000.0,0.0,,30.0,1282.987548828125,807.4097290039062,858.6502685546875,50.0,0.0,2890.170166015625,,17853.19921875,999999.0,0.0,10000.0,60555.67578125,0.0,0.0,50.0,13000.0,0.0,2300.0,1000000.0,5414.47509765625,,13726.6533203125,400.0,3510.862060546875,0.0,1546.4808349609375,400.0,8000.0,,0.0,5736.0078125,1000000.0,,1200.0,4400.0,15638.7109375,0.0,0.0,1200.0,16000.0,0.0,12411.1923828125,0.0,1350.0,1000000.0,24796.0,4951.3876953125,19805.55078125,9672.2353515625,,0.0
1963-11-18,50.0,1266.3013916015625,1620.759765625,1767.95703125,50.0,0.0,,1266.3013916015625,50.0,621.2839965820312,571.0526733398438,569.8832397460938,50.0,1196.25341796875,3000.0,3000.0,0.0,,0.0,300.0,1218.5999755859375,0.0,0.0,300.0,0.0,0.0,3000.0,1000000.0,,0.0,3000.0,1200.0,5000.0,18908.794921875,0.0,0.0,0.0,22382.7421875,0.0,14284.787109375,1050.0,1000000.0,0.0,12140.0,5867.91650390625,,100.0,1688.48388671875,1462.783935546875,1457.8145751953125,100.0,1920.683349609375,6500.0,6500.0,0.0,,0.0,50.0,1231.5933837890625,0.0,4500.0,0.0,30.0,4500.0,4500.0,0.0,2000.0,0.0,,30.0,1140.0263671875,692.3805541992188,681.5947875976562,50.0,0.0,2540.200439453125,,17590.69921875,999999.0,0.0,10000.0,59744.3984375,0.0,0.0,50.0,13000.0,0.0,2300.0,1000000.0,5798.0751953125,,13677.525390625,400.0,3469.2373046875,0.0,1500.8963623046875,400.0,8000.0,,0.0,5396.80859375,1000000.0,,1200.0,4400.0,12921.60546875,0.0,0.0,1200.0,16000.0,0.0,11232.24609375,0.0,1350.0,1000000.0,24796.0,4836.11767578125,19344.470703125,9496.1298828125,,0.0
1963-11-19,50.0,1243.5443115234375,1393.1593017578125,1579.2564697265625,50.0,0.0,,1243.5443115234375,50.0,579.3349609375,520.3017578125,532.0323486328125,50.0,1238.307373046875,3000.0,3000.0,0.0,,0.0,300.0,1148.0,0.0,0.0,300.0,0.0,0.0,3000.0,1000000.0,,0.0,3000.0,1200.0,5000.0,16808.794921875,0.0,0.0,0.0,21973.625,0.0,15204.0234375,1050.0,1000000.0,0.0,12140.0,5850.0,,100.0,1623.497314453125,1329.72265625,1286.0198974609375,100.0,1838.7318115234375,6500.0,6500.0,0.0,,0.0,50.0,1783.3304443359375,0.0,4500.0,0.0,30.0,4500.0,4500.0,0.0,2000.0,0.0,,30.0,995.5811767578125,602.8880004882812,605.479248046875,50.0,0.0,2307.505859375,,18110.599609375,999999.0,0.0,10000.0,57408.32421875,0.0,0.0,50.0,13000.0,0.0,2300.0,1000000.0,4760.0,,13560.3544921875,400.0,3354.01513671875,0.0,1389.76171875,400.0,8000.0,,0.0,5060.2431640625,1000000.0,,1200.0,4400.0,9991.9296875,0.0,0.0,1200.0,16000.0,0.0,9811.0517578125,0.0,1350.0,1000000.0,24796.0,4748.06494140625,18992.259765625,9107.4541015625,,0.0
1963-11-20,50.0,1209.5518798828125,1192.6112060546875,1242.541748046875,50.0,0.0,,1209.5518798828125,50.0,568.1471557617188,459.134521484375,561.6651000976562,50.0,1196.2916259765625,3000.0,3000.0,0.0,,0.0,300.0,1083.199951171875,0.0,0.0,300.0,0.0,0.0,3000.0,1000000.0,,0.0,3000.0,1200.0,5000.0,14608.794921875,0.0,0.0,0.0,21425.267578125,0.0,14837.1884765625,1050.0,1000000.0,0.0,12140.0,5850.0,,100.0,1559.2518310546875,1172.1484375,1498.1456298828125,100.0,1704.71240234375,6500.0,6500.0,0.0,,0.0,50.0,1118.1270751953125,0.0,4500.0,0.0,30.0,4500.0,4500.0,0.0,2000.0,0.0,,30.0,898.3082885742188,546.4540405273438,560.498291015625,50.0,0.0,2167.083984375,,18065.599609375,999999.0,0.0,10000.0,55640.42578125,0.0,0.0,50.0,13000.0,0.0,2300.0,1000000.0,4760.0,,13443.60546875,400.0,3362.60888671875,0.0,1446.784423828125,400.0,8000.0,,0.0,4718.81591796875,1000000.0,,1200.0,4400.0,7404.80126953125,0.0,0.0,1200.0,16000.0,0.0,8238.12109375,0.0,1350.0,1000000.0,24796.0,4553.72705078125,18214.908203125,9061.326171875,,0.0
1963-11-21,50.0,1152.0286865234375,1164.6407470703125,961.7047119140625,50.0,0.0,,1152.0286865234375,50.0,678.7864990234375,430.0896911621094,464.6202392578125,50.0,1244.148681640625,3000.0,3000.0,0.0,,0.0,300.0,958.0999755859375,0.0,0.0,300.0,0.0,0.0,3000.0,1000000.0,,0.0,3000.0,1200.0,5000.0,11908.794921875,0.0,0.0,0.0,20756.580078125,0.0,15517.109375,1050.0,1000000.0,0.0,12140.0,5850.0,,100.0,1714.1217041015625,1179.765625,1196.429443359375,100.0,1808.9659423828125,6500.0,6500.0,0.0,,0.0,50.0,899.3201904296875,0.0,4500.0,0.0,30.0,4500.0,4500.0,0.0,2000.0,0.0,,30.0,841.2577514648438,632.6509399414062,494.0143127441406,50.0,0.0,2044.6429443359375,,18262.900390625,999999.0,0.0,10000.0,53239.5234375,0.0,0.0,50.0,13000.0,0.0,2300.0,1000000.0,4760.0,,13263.8701171875,400.0,3203.611328125,0.0,1348.292724609375,400.0,8000.0,,0.0,4382.2021484375,1000000.0,,1200.0,4400.0,6395.05810546875,0.0,0.0,1200.0,16000.0,0.0,7545.5419921875,0.0,1350.0,1000000.0,24796.0,3702.400634765625,14809.6025390625,8936.0576171875,,0.0
1963-11-22,50.0,1079.78466796875,1169.6312255859375,830.5951538085938,50.0,0.0,,1080.056884765625,50.0,664.1026611328125,398.7264404296875,378.85699462890625,50.0,1093.450927734375,3000.0,3000.0,0.0,,0.0,300.0,1030.199951171875,0.0,0.0,300.0,0.0,0.0,3000.0,1000000.0,,0.0,3000.0,1200.0,5000.0,9408.794921875,0.0,0.0,0.0,20009.328125,0.0,15362.7626953125,1050.0,1000000.0,0.0,12140.0,5850.0,,100.0,1652.13330078125,1139.3228759765625,951.107666015625,100.0,1716.621826171875,6500.0,6500.0,0.0,,0.0,50.0,800.0,0.0,4500.0,0.0,30.0,4500.0,4500.0,0.0,2000.0,0.0,,30.0,700.0,434.33099365234375,434.33099365234375,50.0,0.0,1846.347900390625,,18478.400390625,999999.0,0.0,10000.0,51011.32421875,0.0,0.0,50.0,13000.0,0.0,2300.0,1000000.0,4760.0,,13037.4326171875,400.0,3003.111328125,0.0,1147.800048828125,400.0,8000.0,,0.0,4045.588134765625,1000000.0,,1200.0,4400.0,5979.41015625,0.0,0.0,1200.0,16000.0,0.0,7351.5830078125,0.0,1350.0,1000000.0,24796.0,3197.529052734375,12790.1162109375,8520.41015625,,0.0
1963-11-23,50.0,1018.8442993164062,1120.9029541015625,1151.4334716796875,50.0,0.0,,1019.4326171875,50.0,583.558837890625,359.7843017578125,393.41485595703125,50.0,905.2517700195312,3000.0,3000.0,0.0,,0.0,300.0,1329.199951171875,0.0,0.0,300.0,0.0,0.0,3000.0,1000000.0,,0.0,3000.0,1200.0,5000.0,7808.79443359375,0.0,0.0,0.0,19403.775390625,0.0,14752.103515625,1050.0,1000000.0,0.0,0.0,5850.0,,100.0,1500.0,1059.236083984375,1195.0,100.0,1534.7144775390625,6500.0,6500.0,0.0,,0.0,50.0,900.0,0.0,4500.0,0.0,30.0,4500.0,4500.0,0.0,2000.0,0.0,,30.0,700.0,837.1488647460938,837.587646484375,50.0,0.0,2249.1494140625,,18206.900390625,999999.0,0.0,10000.0,49818.82421875,0.0,0.0,50.0,13000.0,0.0,2300.0,1000000.0,4762.375,,12853.3505859375,400.0,3635.14697265625,0.0,1755.6072998046875,400.0,8000.0,,0.0,3708.974609375,1000000.0,,1200.0,4400.0,6804.78662109375,0.0,0.0,1200.0,16000.0,0.0,7732.4931640625,0.0,1350.0,1000000.0,24796.0,2989.705078125,11958.8203125,9345.7861328125,,0.0
1963-11-24,50.0,1031.76318359375,1047.3548583984375,1239.6854248046875,50.0,0.0,,1032.607421875,50.0,599.447021484375,326.55621337890625,361.48675537109375,50.0,815.469482421875,3000.0,3000.0,0.0,,0.0,300.0,1361.199951171875,0.0,0.0,300.0,0.0,0.0,3000.0,1000000.0,,0.0,3000.0,1200.0,5000.0,6508.79443359375,0.0,0.0,0.0,18945.24609375,0.0,13908.5390625,1050.0,1000000.0,0.0,0.0,5867.91650390625,,100.0,1500.0,911.4360961914062,1109.199951171875,100.0,1596.58984375,6500.0,6500.0,0.0,,0.0,50.0,800.0,0.0,4500.0,0.0,30.0,4500.0,4500.0,0.0,2000.0,0.0,,30.0,792.703125,843.4255981445312,1048.9295654296875,50.0,0.0,2551.871826171875,,17970.30078125,999999.0,0.0,10000.0,48959.55078125,0.0,0.0,50.0,13000.0,0.0,2300.0,1000000.0,5097.97509765625,,12736.0087890625,400.0,3691.7333984375,0.0,1871.8751220703125,400.0,8000.0,,0.0,3365.942626953125,1000000.0,,1200.0,4400.0,7025.076171875,0.0,0.0,1200.0,16000.0,0.0,7832.99365234375,0.0,1350.0,1000000.0,24796.0,3402.393310546875,13609.5732421875,9566.076171875,,0.0
1963-11-25,50.0,1050.8157958984375,972.6337890625,1051.3643798828125,50.0,0.0,,1051.8472900390625,50.0,611.72998046875,298.4041442871094,310.5346984863281,50.0,756.990234375,3000.0,3000.0,0.0,,0.0,300.0,981.2999877929688,0.0,0.0,300.0,0.0,0.0,3000.0,1000000.0,,0.0,3000.0,1200.0,5000.0,4608.79443359375,0.0,0.0,0.0,18409.51171875,0.0,14628.1640625,1050.0,1000000.0,0.0,0.0,5850.0,,100.0,1500.0,805.1361083984375,848.2999877929688,100.0,1670.41748046875,6500.0,6500.0,0.0,,0.0,50.0,700.0,0.0,4500.0,0.0,30.0,4500.0,4500.0,0.0,2000.0,0.0,,30.0,935.363037109375,749.0536499023438,877.27783203125,50.0,0.0,2520.206298828125,,18272.19921875,999999.0,0.0,10000.0,46930.375,0.0,0.0,50.0,13000.0,0.0,2300.0,1000000.0,4760.0,,12543.4912109375,400.0,3693.959716796875,0.0,1713.8885498046875,400.0,8000.0,,0.0,3088.65478515625,1000000.0,,1200.0,4400.0,6617.705078125,0.0,0.0,1200.0,16000.0,0.0,7647.1259765625,0.0,1350.0,1000000.0,24796.0,3512.5380859375,14050.15234375,9158.705078125,,0.0
1963-11-26,50.0,1045.375,859.6558837890625,902.953125,50.0,0.0,,1046.0723876953125,50.0,590.2640991210938,269.5361022949219,283.2333068847656,50.0,689.4710693359375,3000.0,3000.0,0.0,,0.0,300.0,1110.0,0.0,0.0,300.0,0.0,0.0,3000.0,1000000.0,,0.0,3000.0,1200.0,5000.0,3200.0,0.0,0.0,0.0,17923.736328125,0.0,16291.4638671875,1050.0,1000000.0,0.0,0.0,5850.0,,100.0,1500.0,749.236083984375,751.5999755859375,100.0,1637.1380615234375,6500.0,6500.0,0.0,,0.0,50.0,600.0,0.0,4500.0,0.0,30.0,4500.0,4500.0,0.0,2000.0,0.0,,30.0,943.50341796875,623.85302734375,722.8685913085938,50.0,0.0,2373.78759765625,,18506.400390625,999999.0,0.0,10000.0,44999.4765625,0.0,0.0,50.0,13000.0,0.0,2300.0,1000000.0,4760.0,,12324.1474609375,400.0,3770.30029296875,0.0,1635.725830078125,400.0,8000.0,,0.0,2808.55908203125,1000000.0,,1200.0,4400.0,5822.416015625,0.0,0.0,1200.0,16000.0,0.0,7275.2939453125,0.0,1350.0,1000000.0,24796.0,3308.8525390625,13235.41015625,8363.416015625,,0.0
1963-11-27,50.0,1036.721435546875,743.4705810546875,891.8677978515625,50.0,0.0,,1037.1964111328125,50.0,577.9911499023438,244.6573944091797,262.08795166015625,50.0,644.129150390625,3000.0,3000.0,0.0,,0.0,300.0,1124.300048828125,0.0,0.0,300.0,0.0,0.0,3000.0,1000000.0,,0.0,3000.0,1200.0,5000.0,3200.0,0.0,0.0,0.0,17923.736328125,0.0,14644.1376953125,1050.0,1000000.0,0.0,0.0,5850.0,,100.0,1500.0,688.802734375,790.2999877929688,100.0,1593.1800537109375,6500.0,6500.0,0.0,,0.0,50.0,700.0,0.0,4500.0,0.0,30.0,4500.0,4500.0,0.0,2000.0,0.0,,30.0,929.090576171875,510.1416015625,622.7228393554688,50.0,0.0,2259.4990234375,,18109.80078125,999999.0,0.0,10000.0,43634.375,0.0,0.0,50.0,13000.0,0.0,2300.0,1000000.0,4760.0,,12121.94921875,400.0,3950.986572265625,0.0,1840.7227783203125,400.0,8000.0,,0.0,2539.531494140625,1000000.0,,1200.0,4400.0,5635.5322265625,0.0,0.0,1200.0,16000.0,0.0,7185.2431640625,0.0,1350.0,1000000.0,24796.0,2911.2080078125,11644.83203125,8176.5322265625,,0.0
1963-11-28,50.0,1045.7484130859375,640.3470458984375,739.3442993164062,50.0,0.0,,1046.058349609375,50.0,574.6649169921875,219.4716033935547,230.93548583984375,50.0,618.7568969726562,3000.0,3000.0,0.0,,0.0,300.0,1122.699951171875,0.0,0.0,300.0,0.0,0.0,3000.0,1000000.0,,0.0,3000.0,1200.0,5000.0,3000.0,0.0,0.0,0.0,17885.966796875,0.0,15634.7333984375,1050.0,1000000.0,0.0,0.0,5850.0,,100.0,1500.0,588.602783203125,680.5999755859375,100.0,1616.7742919921875,6500.0,6500.0,0.0,,0.0,50.0,605.0,0.0,4500.0,0.0,30.0,4500.0,4500.0,0.0,2000.0,0.0,,30.0,928.698486328125,414.1498718261719,486.42144775390625,50.0,0.0,2122.817626953125,,18406.900390625,999999.0,0.0,10000.0,41415.7734375,0.0,0.0,50.0,13000.0,0.0,2300.0,1000000.0,4760.0,,11890.396484375,400.0,3467.8427734375,0.0,1886.8734130859375,400.0,8000.0,,0.0,2345.6962890625,1000000.0,,1200.0,4400.0,5201.72900390625,0.0,0.0,1200.0,16000.0,0.0,6980.66064453125,0.0,1350.0,1000000.0,24796.0,2817.76611328125,11271.064453125,7860.0,,0.0
1963-11-29,50.0,1044.8199462890625,555.2647094726562,614.5286254882812,50.0,0.0,,1045.026611328125,50.0,564.68701171875,196.31439208984375,211.47828674316406,50.0,594.0816650390625,3000.0,3000.0,0.0,,0.0,300.0,864.4000244140625,0.0,0.0,300.0,0.0,0.0,3000.0,1000000.0,,0.0,3000.0,1200.0,5000.0,2600.0,0.0,0.0,0.0,17811.611328125,0.0,16066.2802734375,1050.0,1000000.0,0.0,0.0,5850.0,,100.0,1500.0,499.9361267089844,570.2999877929688,100.0,1627.4344482421875,6500.0,6500.0,0.0,,0.0,50.0,525.0,0.0,4500.0,0.0,30.0,4500.0,4500.0,0.0,2000.0,0.0,,30.0,901.0592651367188,360.5540466308594,382.124267578125,50.0,0.0,1991.408203125,,18477.400390625,999999.0,3.9000244140625,10000.0,38688.875,0.0,0.0,50.0,13000.0,0.0,2300.0,1000000.0,4760.0,,11564.564453125,400.0,2963.677490234375,0.0,1970.952392578125,400.0,8000.0,,0.0,2147.654296875,1000000.0,,1200.0,4400.0,4728.8115234375,0.0,0.0,1200.0,16000.0,0.0,6753.05078125,0.0,1350.0,1000000.0,24796.0,2600.864501953125,10403.4580078125,7860.0,,0.0
1963-11-30,50.0,1038.621826171875,482.60980224609375,522.8070068359375,50.0,0.0,,1038.7625732421875,50.0,562.8473510742188,177.5095977783203,185.20681762695312,50.0,582.4437866210938,3000.0,3000.0,0.0,,0.0,300.0,842.7000122070312,0.0,0.0,300.0,0.0,0.0,3000.0,1000000.0,,0.0,3000.0,1200.0,5000.0,2300.0,0.0,0.0,0.0,17754.09765625,0.0,16288.755859375,1050.0,1000000.0,0.0,0.0,5850.0,,100.0,1500.0,433.2027893066406,489.70001220703125,100.0,1622.9971923828125,6500.0,6500.0,0.0,,0.0,50.0,450.0,0.0,4500.0,0.0,30.0,4500.0,4500.0,0.0,2000.0,0.0,,30.0,848.2028198242188,322.2628479003906,295.63140869140625,50.0,0.0,1853.0609130859375,,18517.900390625,999999.0,180.5999755859375,10000.0,35626.2734375,0.0,0.0,50.0,13000.0,0.0,2300.0,1000000.0,4760.0,,11166.4736328125,400.0,2518.926025390625,0.0,2140.52880859375,400.0,8000.0,,0.0,1952.7967529296875,1000000.0,,1200.0,4400.0,4678.396484375,0.0,0.0,1200.0,16000.0,0.0,6728.4892578125,0.0,1350.0,1000000.0,24796.0,2364.40576171875,9457.623046875,7860.0,,0.0
1963-12-01,50.0,1031.69970703125,423.6731872558594,457.6370849609375,50.0,0.0,,1031.79345703125,50.0,551.9095458984375,159.03973388671875,163.30361938476562,50.0,564.9738159179688,3000.0,3000.0,0.0,,0.0,300.0,787.4000244140625,0.0,0.0,300.0,0.0,0.0,3000.0,1000000.0,,0.0,3000.0,1200.0,5000.0,2000.0,0.0,0.0,0.0,17697.248046875,0.0,16680.51953125,1050.0,1000000.0,0.0,0.0,5850.0,,100.0,1500.0,379.90277099609375,414.6000061035156,100.0,1612.6395263671875,6500.0,6500.0,0.0,,0.0,50.0,389.0,0.0,4500.0,0.0,30.0,4500.0,4500.0,0.0,2000.0,0.0,,30.0,780.237548828125,288.34246826171875,293.4703369140625,50.0,0.0,1784.556884765625,,18576.900390625,999999.0,308.4000244140625,10000.0,32343.173828125,0.0,0.0,50.0,13000.0,0.0,2300.0,1000000.0,4760.0,,10707.5986328125,400.0,2123.19384765625,0.0,2143.92431640625,400.0,8000.0,,0.0,1782.55126953125,1000000.0,,1200.0,4400.0,4009.7216796875,0.0,0.0,1200.0,16000.0,0.0,6396.576171875,0.0,1350.0,1000000.0,24796.0,2339.1982421875,9356.79296875,7860.0,,0.0
1963-12-02,50.0,1026.1678466796875,373.84881591796875,396.9793395996094,50.0,0.0,,1026.2308349609375,50.0,540.1521606445312,148.8264923095703,150.19036865234375,50.0,548.8616333007812,3000.0,3000.0,0.0,,0.0,300.0,634.7000122070312,0.0,0.0,300.0,0.0,0.0,3000.0,1000000.0,,0.0,3000.0,1200.0,5000.0,2000.0,0.0,0.0,0.0,17697.248046875,0.0,16664.728515625,1050.0,1000000.0,0.0,0.0,5850.0,,100.0,1500.0,339.86944580078125,370.1000061035156,100.0,1594.1014404296875,6500.0,6500.0,0.0,,0.0,50.0,341.0,0.0,4500.0,0.0,30.0,4500.0,4500.0,0.0,2000.0,0.0,,30.0,756.7459106445312,263.5842590332031,274.2464599609375,50.0,0.0,1742.2803955078125,,18616.0,999999.0,405.0999755859375,10000.0,28896.974609375,0.0,0.0,50.0,13000.0,0.0,2300.0,1000000.0,4760.0,,10189.2646484375,400.0,1770.143310546875,0.0,1807.673828125,400.0,8000.0,,0.0,1602.739990234375,1000000.0,,1200.0,4400.0,3571.01123046875,0.0,0.0,1200.0,16000.0,0.0,6175.5,0.0,1350.0,1000000.0,24796.0,2004.86083984375,8019.443359375,7860.0,,0.0
1963-12-03,50.0,1020.9147338867188,351.1658630371094,353.2964172363281,50.0,0.0,,1020.9567260742188,50.0,528.5419921875,144.04464721679688,129.41488647460938,50.0,534.348388671875,3000.0,3000.0,0.0,,0.0,300.0,634.7000122070312,0.0,0.0,300.0,0.0,0.0,3000.0,1000000.0,,0.0,3000.0,1200.0,5000.0,1700.0,0.0,0.0,0.0,17639.5703125,0.0,16562.951171875,1050.0,1000000.0,0.0,0.0,5850.0,,100.0,1500.0,325.0361022949219,329.79998779296875,100.0,1579.359130859375,6500.0,6500.0,0.0,,0.0,50.0,300.0,0.0,4500.0,0.0,30.0,4500.0,4500.0,0.0,2000.0,0.0,,30.0,744.84619140625,285.5211486816406,243.20703125,50.0,0.0,1699.56689453125,,18669.69921875,999999.0,472.0,10000.0,25326.173828125,0.0,0.0,50.0,13000.0,0.0,2300.0,1000000.0,4760.0,,9609.2177734375,400.0,1507.030029296875,0.0,1496.760498046875,400.0,8000.0,,0.0,1445.888916015625,1000000.0,,1200.0,4400.0,3115.0009765625,0.0,0.0,1200.0,16000.0,0.0,5946.00927734375,0.0,1350.0,1000000.0,24796.0,1785.505615234375,7142.0224609375,7860.0,,0.0
1963-12-04,50.0,1014.3118896484375,371.3233947753906,306.574462890625,50.0,0.0,,1014.3402709960938,50.0,500.0,128.39999389648438,128.39999389648438,50.0,500.0,3000.0,3000.0,0.0,,0.0,300.0,592.7999877929688,0.0,0.0,300.0,0.0,0.0,3000.0,1000000.0,,0.0,3000.0,1200.0,5000.0,1700.0,0.0,0.0,0.0,17639.5703125,0.0,16663.05859375,1050.0,1000000.0,0.0,0.0,5850.0,,100.0,1500.0,294.5,294.5,100.0,1555.6138916015625,6500.0,6500.0,0.0,,0.0,50.0,276.0,0.0,4500.0,0.0,30.0,4500.0,4500.0,0.0,2000.0,0.0,,30.0,700.9310913085938,215.7757110595703,214.86190795898438,50.0,0.0,1628.1253662109375,,18694.80078125,999999.0,524.5,10000.0,21659.474609375,0.0,0.0,50.0,13000.0,0.0,2300.0,1000000.0,4760.0,,8952.578125,400.0,1504.80029296875,0.0,1227.797607421875,400.0,8000.0,,0.0,1310.048828125,1000000.0,,1200.0,4400.0,2640.6220703125,0.0,0.0,1200.0,16000.0,0.0,5718.8408203125,0.0,1350.0,1000000.0,24796.0,1557.50048828125,6230.001953125,7860.0,,0.0
1963-12-05,50.0,1000.0,305.79998779296875,305.79998779296875,50.0,0.0,,1000.0,50.0,500.0,149.8000030517578,149.8000030517578,50.0,500.0,3000.0,3000.0,0.0,,0.0,300.0,505.79998779296875,0.0,0.0,300.0,0.0,0.0,3000.0,1000000.0,,0.0,3000.0,1200.0,5000.0,1800.0,0.0,0.0,0.0,17660.109375,0.0,16311.771484375,1050.0,1000000.0,0.0,0.0,5850.0,,100.0,1500.0,325.6000061035156,325.6000061035156,100.0,1500.0,6500.0,6500.0,0.0,,0.0,50.0,280.0,0.0,4500.0,0.0,30.0,4500.0,4500.0,0.0,2000.0,0.0,,30.0,700.0,295.85845947265625,329.72900390625,50.0,0.0,1742.0787353515625,,18873.80078125,999999.0,491.0999755859375,10000.0,18126.974609375,0.0,0.0,50.0,13000.0,0.0,2300.0,1000000.0,4760.0,,8228.2802734375,400.0,1470.68408203125,0.0,1122.248046875,400.0,8000.0,,0.0,1185.7032470703125,1000000.0,,1200.0,4400.0,2528.010498046875,0.0,0.0,1200.0,16000.0,0.0,5667.2568359375,0.0,1350.0,1000000.0,24796.0,1320.31103515625,5281.244140625,7860.0,,0.0
1963-12-06,50.0,1000.0,583.3361206054688,674.5,50.0,0.0,,1000.0,50.0,500.0,343.0027770996094,350.29998779296875,50.0,500.0,3000.0,3000.0,0.0,,0.0,300.0,783.2999877929688,0.0,0.0,300.0,0.0,0.0,3000.0,1000000.0,,0.0,3000.0,1200.0,5000.0,3300.0,0.0,0.0,0.0,17942.193359375,0.0,14665.15625,1050.0,1000000.0,0.0,0.0,5850.0,,100.0,1500.0,978.3027954101562,1146.0,100.0,1500.0,6500.0,6500.0,0.0,,0.0,50.0,934.0,0.0,4500.0,0.0,30.0,4500.0,4500.0,0.0,2000.0,0.0,,30.0,700.0,259.4967346191406,259.71356201171875,50.0,0.0,1671.8465576171875,,18444.599609375,999999.0,0.0,10000.0,16435.775390625,0.0,0.0,50.0,13000.0,0.0,2300.0,1000000.0,4760.0,,7671.181640625,400.0,1473.5830078125,0.0,1623.9468994140625,400.0,8000.0,,0.0,1110.1341552734375,1000000.0,,1200.0,4400.0,3668.229248046875,0.0,0.0,1200.0,16000.0,0.0,6224.578125,0.0,1350.0,1000000.0,24796.0,1264.0052490234375,5056.02099609375,7860.0,,0.0
1963-12-07,50.0,1000.0,497.1000061035156,497.1000061035156,50.0,0.0,,1000.0,50.0,500.0,258.70001220703125,258.70001220703125,50.0,500.0,3000.0,3000.0,0.0,,0.0,300.0,1279.0,0.0,0.0,300.0,0.0,0.0,3000.0,1000000.0,,0.0,3000.0,1200.0,5000.0,2500.0,0.0,0.0,0.0,17791.77734375,0.0,15337.9970703125,1050.0,1000000.0,0.0,0.0,5850.0,,100.0,1500.0,874.7000122070312,874.7000122070312,100.0,1500.0,6500.0,6500.0,0.0,,0.0,50.0,679.9558715820312,0.0,4500.0,0.0,30.0,4500.0,4500.0,0.0,2000.0,0.0,,30.0,700.0,272.27398681640625,272.6353454589844,50.0,0.0,1684.623779296875,,18507.69921875,999999.0,0.0,10000.0,13795.1748046875,0.0,0.0,50.0,13000.0,0.0,2300.0,1000000.0,4760.0,,7146.90283203125,400.0,1507.538330078125,0.0,1502.135498046875,400.0,8000.0,,0.0,1176.5386962890625,1000000.0,,1200.0,4400.0,3376.1796875,0.0,0.0,1200.0,16000.0,0.0,6077.30908203125,0.0,1350.0,1000000.0,24796.0,1834.1146240234375,7336.45849609375,7860.0,,0.0
1963-12-08,50.0,1000.0,541.3361206054688,553.2000122070312,50.0,0.0,,1000.0,50.0,500.0,394.79998779296875,394.79998779296875,50.0,500.0,3000.0,3000.0,0.0,,0.0,300.0,1291.5999755859375,0.0,0.0,300.0,0.0,0.0,3000.0,1000000.0,,0.0,3000.0,1200.0,5000.0,2600.0,0.0,0.0,0.0,17811.611328125,0.0,15780.9091796875,1050.0,1000000.0,0.0,0.0,5850.0,,100.0,1500.0,889.0,889.0,100.0,1500.0,6500.0,6500.0,0.0,,0.0,50.0,672.0,0.0,4500.0,0.0,30.0,4500.0,4500.0,0.0,2000.0,0.0,,30.0,700.0,580.4605102539062,580.918212890625,50.0,0.0,1992.810302734375,,18576.19921875,999999.0,0.0,10000.0,11125.7744140625,0.0,0.0,50.0,13000.0,0.0,2300.0,1000000.0,4760.0,,6480.44580078125,400.0,1465.325439453125,0.0,1499.22265625,400.0,8000.0,,0.0,1183.1435546875,1000000.0,,1200.0,4400.0,3371.6728515625,0.0,0.0,1200.0,16000.0,0.0,6074.9501953125,0.0,1350.0,1000000.0,24796.0,1688.08984375,6752.359375,7860.0,,0.0
1963-12-09,50.0,1000.0,492.30279541015625,576.5,50.0,0.0,,1000.0,50.0,500.0,369.5027770996094,458.29998779296875,50.0,500.0,3000.0,3000.0,0.0,,0.0,300.0,1092.0999755859375,0.0,0.0,300.0,0.0,0.0,3000.0,1000000.0,,0.0,3000.0,1200.0,5000.0,2400.0,0.0,0.0,0.0,17772.271484375,0.0,15432.6015625,1050.0,1000000.0,0.0,0.0,5850.0,,100.0,1500.0,835.4027709960938,1044.300048828125,100.0,1500.0,6500.0,6500.0,0.0,,0.0,50.0,750.0,0.0,4500.0,0.0,30.0,4500.0,4500.0,0.0,2000.0,0.0,,30.0,700.0,599.5828247070312,782.10302734375,50.0,0.0,2193.926025390625,,18175.0,999999.0,0.0,10000.0,8504.375,0.0,0.0,50.0,13000.0,0.0,2300.0,1000000.0,4760.0,,5875.3740234375,400.0,1390.1441650390625,0.0,1520.5748291015625,400.0,8000.0,,0.0,1185.529541015625,1000000.0,,1200.0,4400.0,3254.602783203125,0.0,0.0,1200.0,16000.0,0.0,6016.701171875,0.0,1350.0,1000000.0,24796.0,1685.83642578125,6743.345703125,7860.0,,0.0
1963-12-10,50.0,1000.0,416.83612060546875,469.1000061035156,50.0,0.0,,1000.0,50.0,500.0,295.0361022949219,355.20001220703125,50.0,500.0,3000.0,3000.0,0.0,,0.0,300.0,830.9000244140625,0.0,0.0,300.0,0.0,0.0,3000.0,1000000.0,,0.0,3000.0,1200.0,5000.0,2100.0,0.0,0.0,0.0,17715.740234375,0.0,16015.939453125,1050.0,1000000.0,0.0,0.0,5850.0,,100.0,1500.0,667.236083984375,787.5,100.0,1500.0,6500.0,6500.0,0.0,,0.0,50.0,600.0,0.0,4500.0,0.0,30.0,4500.0,4500.0,0.0,2000.0,0.0,,30.0,755.1915283203125,485.3781433105469,573.5186767578125,50.0,0.0,2040.022705078125,,18433.30078125,999999.0,144.79998779296875,10000.0,5451.375,0.0,0.0,50.0,13000.0,0.0,2300.0,1000000.0,4760.0,,5157.80224609375,400.0,1284.6343994140625,0.0,1367.29833984375,400.0,8000.0,,0.0,1191.14013671875,1000000.0,,1200.0,4400.0,2932.440185546875,0.0,0.0,1200.0,16000.0,0.0,5856.98876953125,0.0,1350.0,1000000.0,24796.0,1627.3013916015625,6509.20556640625,7860.0,,0.0
1963-12-11,50.0,1000.0,366.2694396972656,406.1000061035156,50.0,0.0,,1000.0,50.0,500.0,244.8694305419922,269.79998779296875,50.0,500.0,3000.0,3000.0,0.0,,0.0,300.0,772.9000244140625,0.0,0.0,300.0,0.0,0.0,3000.0,1000000.0,,0.0,3000.0,1200.0,5000.0,1900.0,0.0,0.0,0.0,17678.44921875,0.0,16047.984375,1050.0,1000000.0,0.0,0.0,5850.0,,100.0,1500.0,558.5694580078125,649.2000122070312,100.0,1500.0,6500.0,6500.0,0.0,,0.0,50.0,495.0,0.0,4500.0,0.0,30.0,4500.0,4500.0,0.0,2000.0,0.0,,30.0,796.435791015625,436.9792785644531,492.84716796875,50.0,0.0,1999.8260498046875,,18523.0,999999.0,286.9000244140625,10000.0,2139.474853515625,0.0,0.0,50.0,13000.0,0.0,2300.0,1000000.0,4760.0,,3608.777587890625,400.0,1156.3876953125,0.0,1227.918212890625,400.0,8000.0,,0.0,1161.2030029296875,1000000.0,,1200.0,4400.0,3031.16357421875,0.0,0.0,1200.0,16000.0,0.0,5905.056640625,0.0,1350.0,1000000.0,24796.0,1466.2200927734375,5864.88037109375,7860.0,,0.0
1963-12-12,50.0,1000.0,326.2027893066406,350.1000061035156,50.0,0.0,,1000.0,50.0,500.0,214.90277099609375,234.89999389648438,50.0,500.0,3000.0,3000.0,0.0,,0.0,300.0,686.2999877929688,0.0,0.0,300.0,0.0,0.0,3000.0,1000000.0,,0.0,3000.0,1200.0,5000.0,1700.0,0.0,0.0,0.0,17639.5703125,0.0,16213.4658203125,1050.0,1000000.0,0.0,0.0,5850.0,,100.0,1500.0,482.66943359375,539.7999877929688,100.0,1500.0,6500.0,6500.0,0.0,,0.0,50.0,423.0,0.0,4500.0,0.0,30.0,4500.0,4500.0,0.0,2000.0,0.0,,30.0,802.00732421875,391.04736328125,407.77325439453125,50.0,0.0,1920.2218017578125,,18582.80078125,999999.0,378.79998779296875,10000.0,1294.699951171875,0.0,0.0,50.0,13000.0,0.0,2300.0,1000000.0,4760.0,,2867.151123046875,400.0,1024.8583984375,0.0,1073.0556640625,400.0,8000.0,,0.0,1121.644775390625,1000000.0,,1200.0,4400.0,2607.683837890625,0.0,0.0,1200.0,16000.0,0.0,5704.07958984375,0.0,1350.0,1000000.0,24796.0,1515.581787109375,6062.3271484375,7860.0,,0.0
1963-12-13,50.0,1000.0,297.0361022949219,317.3999938964844,50.0,0.0,,1000.0,50.0,500.0,191.60276794433594,204.6999969482422,50.0,500.0,3000.0,3000.0,0.0,,0.0,300.0,650.2999877929688,0.0,0.0,300.0,0.0,0.0,3000.0,1000000.0,,0.0,3000.0,1200.0,5000.0,1600.0,0.0,0.0,0.0,17621.470703125,0.0,16433.474609375,1050.0,1000000.0,0.0,0.0,5850.0,,100.0,1500.0,424.7694396972656,461.5,100.0,1500.0,6500.0,6500.0,0.0,,0.0,50.0,377.0,0.0,4500.0,0.0,30.0,4500.0,4500.0,0.0,2000.0,0.0,,30.0,779.1346435546875,351.659912109375,379.3531188964844,50.0,0.0,1869.3560791015625,,18618.5,999999.0,452.9000244140625,10000.0,1160.4000244140625,0.0,0.0,50.0,13000.0,0.0,2300.0,1000000.0,4760.0,,2747.375732421875,400.0,921.0723266601562,0.0,958.5028686523438,400.0,8000.0,,0.0,1090.673828125,1000000.0,,1200.0,4400.0,2436.0625,0.0,0.0,1200.0,16000.0,0.0,5625.11376953125,0.0,1350.0,1000000.0,24796.0,1303.8419189453125,5215.36767578125,7860.0,,0.0
1963-12-14,50.0,1000.0,270.9694519042969,285.8999938964844,50.0,0.0,,1000.0,50.0,500.0,172.73611450195312,179.89999389648438,50.0,500.0,3000.0,3000.0,0.0,,0.0,300.0,596.5,0.0,0.0,300.0,0.0,0.0,3000.0,1000000.0,,0.0,3000.0,1200.0,5000.0,1500.0,0.0,0.0,0.0,17601.23828125,0.0,16425.32421875,1050.0,1000000.0,0.0,0.0,5850.0,,100.0,1500.0,379.5361022949219,421.5,100.0,1500.0,6500.0,6500.0,0.0,,0.0,50.0,337.0,0.0,4500.0,0.0,30.0,4500.0,4500.0,0.0,2000.0,0.0,,30.0,771.3378295898438,317.00115966796875,334.5330505371094,50.0,0.0,1816.8856201171875,,18662.80078125,999999.0,510.20001220703125,10000.0,1074.0999755859375,0.0,0.0,50.0,13000.0,0.0,2300.0,1000000.0,4760.0,,2671.555908203125,400.0,836.648193359375,0.0,875.6787719726562,400.0,8000.0,,0.0,1067.8870849609375,1000000.0,,1200.0,4400.0,2353.496337890625,0.0,0.0,1200.0,16000.0,0.0,5589.017578125,0.0,1350.0,1000000.0,24796.0,1218.03125,4872.125,7860.0,,0.0
1963-12-15,50.0,1000.0,251.53611755371094,262.6000061035156,50.0,0.0,,1000.0,50.0,500.0,157.46945190429688,165.0,50.0,500.0,3000.0,3000.0,0.0,,0.0,300.0,597.2999877929688,0.0,0.0,300.0,0.0,0.0,3000.0,1000000.0,,0.0,3000.0,1200.0,5000.0,1400.0,0.0,0.0,0.0,17585.349609375,0.0,16478.27734375,1050.0,1000000.0,0.0,0.0,5850.0,,100.0,1500.0,339.33612060546875,366.1000061035156,100.0,1500.0,6500.0,6500.0,0.0,,0.0,50.0,304.0,0.0,4500.0,0.0,30.0,4500.0,4500.0,0.0,2000.0,0.0,,30.0,759.2388305664062,277.09259033203125,302.2958068847656,50.0,0.0,1772.775146484375,,18704.19921875,999999.0,557.9000244140625,10000.0,978.2000122070312,0.0,0.0,50.0,13000.0,0.0,2300.0,1000000.0,4760.0,,2584.32470703125,400.0,777.2654418945312,0.0,802.4293823242188,400.0,8000.0,,0.0,1053.013916015625,1000000.0,,1200.0,4400.0,2174.291015625,0.0,0.0,1200.0,16000.0,0.0,5510.61572265625,0.0,1350.0,1000000.0,24796.0,1176.7481689453125,4706.99267578125,7860.0,,0.0
1963-12-16,50.0,1000.0,236.36944580078125,239.1999969482422,50.0,0.0,,1000.0,50.0,500.0,147.16944885253906,148.10000610351562,50.0,500.0,3000.0,3000.0,0.0,,0.0,300.0,0.0,0.0,0.0,300.0,0.0,0.0,3000.0,1000000.0,,0.0,3000.0,1200.0,5000.0,1400.0,0.0,0.0,0.0,17585.349609375,0.0,16493.259765625,1050.0,1000000.0,0.0,0.0,5850.0,,100.0,1500.0,305.2361145019531,325.79998779296875,100.0,1500.0,6500.0,6500.0,0.0,,0.0,50.0,276.0,0.0,999999.0,0.0,30.0,4500.0,4500.0,0.0,2000.0,0.0,,30.0,756.3845825195312,257.6192932128906,275.6911926269531,50.0,0.0,1743.3701171875,,18724.69921875,999999.0,598.5,10000.0,914.9000244140625,0.0,0.0,50.0,13000.0,0.0,2300.0,1000000.0,4760.0,,2527.719482421875,400.0,727.5103149414062,0.0,735.4741821289062,400.0,8000.0,,0.0,1040.343017578125,1000000.0,,1200.0,4400.0,1954.783447265625,0.0,0.0,1200.0,16000.0,0.0,5414.6513671875,0.0,1350.0,1000000.0,24796.0,1087.1455078125,4348.58203125,7860.0,,0.0
1963-12-17,50.0,1000.0,227.60000610351562,227.60000610351562,50.0,0.0,,1000.0,50.0,500.0,134.10000610351562,134.10000610351562,50.0,500.0,3000.0,3000.0,0.0,,0.0,300.0,0.0,0.0,0.0,300.0,0.0,0.0,3000.0,1000000.0,,0.0,3000.0,1200.0,5000.0,1300.0,0.0,0.0,0.0,17564.48828125,0.0,16564.154296875,1050.0,1000000.0,0.0,0.0,5850.0,,100.0,1500.0,284.5694274902344,300.8999938964844,100.0,1500.0,6500.0,6500.0,0.0,,0.0,50.0,255.0,0.0,999999.0,0.0,30.0,4500.0,4500.0,0.0,2000.0,0.0,,30.0,749.6382446289062,259.80535888671875,221.97059631347656,50.0,0.0,1683.0325927734375,,18739.900390625,999999.0,628.4000244140625,10000.0,852.5999755859375,0.0,0.0,50.0,13000.0,0.0,2300.0,1000000.0,4760.0,,2473.447021484375,400.0,690.3402099609375,0.0,706.270751953125,400.0,8000.0,,0.0,1028.477783203125,1000000.0,,1200.0,4400.0,1912.5955810546875,0.0,0.0,1200.0,16000.0,0.0,5395.2255859375,0.0,1350.0,1000000.0,24796.0,977.3917236328125,3909.56689453125,7860.0,,0.0
1963-12-18,50.0,1000.0,217.10000610351562,217.10000610351562,50.0,0.0,,1000.0,50.0,500.0,134.10000610351562,134.10000610351562,50.0,500.0,3000.0,3000.0,0.0,,0.0,300.0,0.0,0.0,0.0,300.0,0.0,0.0,3000.0,1000000.0,,0.0,3000.0,1200.0,5000.0,1200.0,0.0,0.0,0.0,17545.041015625,0.0,16624.90625,1050.0,1000000.0,0.0,0.0,5850.0,,100.0,1500.0,263.79998779296875,263.79998779296875,100.0,1500.0,6500.0,6500.0,0.0,,0.0,50.0,234.0,0.0,999999.0,0.0,30.0,4500.0,4500.0,0.0,2000.0,0.0,,30.0,707.1677856445312,229.56021118164062,222.52540588378906,50.0,0.0,1641.9093017578125,,18760.5,999999.0,657.0,10000.0,805.5999755859375,0.0,0.0,50.0,13000.0,0.0,2300.0,1000000.0,4760.0,,2430.607177734375,400.0,720.4601440429688,0.0,665.1573486328125,400.0,8000.0,,0.0,1022.1508178710938,1000000.0,,1200.0,4400.0,1761.3687744140625,0.0,0.0,1200.0,16000.0,0.0,5331.2138671875,0.0,1350.0,1000000.0,24796.0,956.2977905273438,3825.191162109375,7860.0,,0.0
1963-12-19,50.0,1000.0,227.60000610351562,227.60000610351562,50.0,0.0,,1000.0,50.0,500.0,134.10000610351562,134.10000610351562,50.0,500.0,3000.0,3000.0,0.0,,0.0,300.0,0.0,0.0,0.0,300.0,0.0,0.0,3000.0,1000000.0,,0.0,3000.0,1200.0,5000.0,1300.0,0.0,0.0,0.0,17564.48828125,0.0,16528.576171875,1050.0,1000000.0,0.0,0.0,5850.0,,100.0,1500.0,263.79998779296875,263.79998779296875,100.0,1500.0,6500.0,6500.0,0.0,,0.0,50.0,0.0,0.0,999999.0,0.0,30.0,4500.0,4500.0,0.0,2000.0,0.0,,30.0,700.0,264.5119934082031,264.5119934082031,50.0,0.0,1676.8616943359375,,18783.5,999999.0,673.7000122070312,10000.0,794.0999755859375,0.0,0.0,50.0,13000.0,0.0,2300.0,1000000.0,4760.0,,2420.519287109375,400.0,635.011962890625,0.0,622.3373413085938,400.0,8000.0,,0.0,1003.7778930664062,1000000.0,,1200.0,4400.0,1805.3541259765625,0.0,0.0,1200.0,16000.0,0.0,5350.3984375,0.0,1350.0,1000000.0,24796.0,880.6843872070312,3522.737548828125,7860.0,,0.0
1963-12-20,50.0,1000.0,337.29998779296875,337.29998779296875,50.0,0.0,,1000.0,50.0,500.0,194.60000610351562,194.60000610351562,50.0,500.0,3000.0,3000.0,0.0,,0.0,300.0,0.0,0.0,0.0,300.0,0.0,0.0,3000.0,1000000.0,,0.0,3000.0,1200.0,5000.0,1600.0,0.0,0.0,0.0,17621.470703125,0.0,16084.494140625,1050.0,1000000.0,0.0,0.0,5850.0,,100.0,1500.0,383.79998779296875,383.79998779296875,100.0,1500.0,6500.0,6500.0,0.0,,0.0,50.0,0.0,0.0,999999.0,0.0,30.0,4500.0,4500.0,0.0,2000.0,0.0,,30.0,700.0,498.4117431640625,498.6285705566406,50.0,0.0,1910.7615966796875,,18763.80078125,999999.0,557.9000244140625,10000.0,1045.300048828125,0.0,0.0,50.0,13000.0,0.0,2300.0,1000000.0,4760.0,,2646.75634765625,400.0,780.7000122070312,0.0,780.7000122070312,400.0,8000.0,,0.0,1000.0,1000000.0,,1200.0,4400.0,2091.070068359375,0.0,0.0,1200.0,16000.0,0.0,5474.51513671875,0.0,1350.0,1000000.0,24796.0,902.6770629882812,3610.708251953125,7860.0,,0.0
1963-12-21,50.0,1000.0,385.1000061035156,385.1000061035156,50.0,0.0,,1000.0,50.0,500.0,222.9694366455078,232.5,50.0,500.0,3000.0,3000.0,0.0,,0.0,300.0,0.0,0.0,0.0,300.0,0.0,0.0,3000.0,1000000.0,,0.0,3000.0,1200.0,5000.0,1600.0,0.0,0.0,0.0,17621.470703125,0.0,15791.748046875,1050.0,1000000.0,0.0,0.0,5850.0,,100.0,1500.0,583.1361083984375,621.4000244140625,100.0,1500.0,6500.0,6500.0,0.0,,0.0,50.0,0.0,0.0,999999.0,0.0,30.0,4500.0,4500.0,0.0,2000.0,0.0,,30.0,700.0,679.6167602539062,837.2753295898438,50.0,0.0,2249.255615234375,,18401.30078125,999999.0,411.0999755859375,10000.0,1265.9000244140625,0.0,0.0,50.0,13000.0,0.0,2300.0,1000000.0,4760.0,,2841.486328125,400.0,809.2000122070312,0.0,809.2000122070312,400.0,8000.0,,0.0,1000.0,1000000.0,,1200.0,4400.0,0.0,0.0,0.0,1200.0,16000.0,0.0,5552.99365234375,0.0,1350.0,1000000.0,24796.0,1045.5350341796875,4182.14013671875,7860.0,,0.0
1963-12-22,50.0,1000.0,378.1000061035156,378.1000061035156,50.0,0.0,,1000.0,50.0,500.0,203.8027801513672,214.5,50.0,500.0,3000.0,3000.0,0.0,,0.0,300.0,0.0,0.0,0.0,300.0,0.0,0.0,3000.0,1000000.0,,0.0,3000.0,1200.0,5000.0,1500.0,0.0,0.0,0.0,17601.23828125,0.0,15963.3466796875,1050.0,1000000.0,0.0,0.0,5850.0,,100.0,1500.0,542.7361450195312,563.4000244140625,100.0,1500.0,6500.0,6500.0,0.0,,0.0,50.0,0.0,0.0,999999.0,0.0,30.0,4500.0,4500.0,0.0,2000.0,0.0,,30.0,792.7752685546875,618.3783569335938,663.242919921875,50.0,0.0,2166.63037109375,,18500.80078125,999999.0,452.9000244140625,10000.0,1189.199951171875,0.0,0.0,50.0,13000.0,0.0,2300.0,1000000.0,4760.0,,2774.126220703125,400.0,794.0,0.0,794.0,400.0,8000.0,,0.0,1000.0,1000000.0,,1200.0,4400.0,0.0,0.0,0.0,1200.0,16000.0,0.0,6235.30908203125,0.0,1350.0,1000000.0,24796.0,675.0,2700.0,7860.0,,0.0
1963-12-23,50.0,1000.0,406.1000061035156,406.1000061035156,50.0,0.0,,1000.0,50.0,500.0,194.00277709960938,196.6999969482422,50.0,500.0,3000.0,3000.0,0.0,,0.0,300.0,0.0,0.0,0.0,300.0,0.0,0.0,3000.0,1000000.0,,0.0,3000.0,1200.0,5000.0,1500.0,0.0,0.0,0.0,17601.23828125,0.0,15878.5703125,1050.0,1000000.0,0.0,0.0,5850.0,,100.0,1500.0,508.2027893066406,539.4000244140625,100.0,1500.0,6500.0,6500.0,0.0,,0.0,50.0,0.0,0.0,999999.0,0.0,30.0,4500.0,4500.0,0.0,2000.0,0.0,,30.0,792.0935668945312,557.4764404296875,604.2042846679688,50.0,0.0,2106.922607421875,,18582.0,999999.0,452.9000244140625,10000.0,1237.0999755859375,0.0,0.0,50.0,13000.0,0.0,2300.0,1000000.0,4760.0,,2815.779296875,400.0,795.0027465820312,0.0,801.7999877929688,400.0,8000.0,,0.0,1000.0,1000000.0,,1200.0,4400.0,0.0,0.0,0.0,1200.0,16000.0,0.0,6881.4833984375,0.0,1350.0,1000000.0,24796.0,675.0,2700.0,7860.0,,0.0
1963-12-24,50.0,1000.0,413.1000061035156,413.1000061035156,50.0,0.0,,1000.0,50.0,500.0,175.0,175.0,50.0,500.0,3000.0,3000.0,0.0,,0.0,300.0,0.0,0.0,0.0,300.0,0.0,0.0,3000.0,1000000.0,,0.0,3000.0,1200.0,5000.0,1500.0,0.0,0.0,0.0,17601.23828125,0.0,15874.103515625,1050.0,1000000.0,0.0,0.0,5850.0,,100.0,1500.0,500.20001220703125,500.20001220703125,100.0,1500.0,6500.0,6500.0,0.0,,0.0,50.0,0.0,0.0,999999.0,0.0,30.0,4500.0,4500.0,0.0,2000.0,0.0,,30.0,792.9047241210938,540.7098388671875,562.2084350585938,50.0,0.0,2065.724365234375,,18613.400390625,999999.0,486.29998779296875,10000.0,1198.800048828125,0.0,0.0,50.0,13000.0,0.0,2300.0,1000000.0,4760.0,,2783.89794921875,400.0,786.5999755859375,0.0,786.5999755859375,400.0,8000.0,,0.0,1000.0,1000000.0,,1200.0,4400.0,0.0,0.0,0.0,1200.0,16000.0,0.0,7464.0732421875,0.0,1350.0,1000000.0,24796.0,675.0,2700.0,7860.0,,0.0
1963-12-25,50.0,1000.0,448.1000061035156,448.1000061035156,50.0,0.0,,1000.0,50.0,500.0,185.10000610351562,185.10000610351562,50.0,500.0,3000.0,3000.0,0.0,,0.0,300.0,0.0,0.0,0.0,300.0,0.0,0.0,3000.0,1000000.0,,0.0,3000.0,1200.0,5000.0,0.0,0.0,0.0,0.0,17697.248046875,0.0,15585.1875,1050.0,1000000.0,0.0,0.0,5850.0,,100.0,1500.0,459.79998779296875,459.79998779296875,100.0,1500.0,6500.0,6500.0,0.0,,0.0,50.0,0.0,0.0,999999.0,0.0,30.0,4500.0,4500.0,0.0,2000.0,0.0,,30.0,776.3089599609375,528.2632446289062,473.4604797363281,50.0,0.0,1960.6954345703125,,18671.69921875,999999.0,432.5999755859375,10000.0,1333.0,0.0,0.0,50.0,13000.0,0.0,2300.0,1000000.0,4760.0,,2902.174560546875,400.0,771.4000244140625,0.0,771.4000244140625,400.0,8000.0,,0.0,1000.0,1000000.0,,1200.0,4400.0,0.0,0.0,0.0,1200.0,16000.0,0.0,8060.58837890625,0.0,1350.0,1000000.0,24796.0,675.0,2700.0,7860.0,,0.0
1963-12-26,50.0,1000.0,560.2000122070312,560.2000122070312,50.0,0.0,,1000.0,50.0,500.0,240.60000610351562,240.60000610351562,50.0,500.0,3000.0,3000.0,0.0,,0.0,300.0,0.0,0.0,0.0,300.0,0.0,0.0,3000.0,1000000.0,,0.0,3000.0,1200.0,5000.0,0.0,0.0,0.0,0.0,17985.693359375,0.0,15624.494140625,1050.0,1000000.0,0.0,0.0,5850.0,,100.0,1500.0,606.0,606.0,100.0,1500.0,6500.0,6500.0,0.0,,0.0,50.0,0.0,0.0,999999.0,0.0,30.0,4500.0,4500.0,0.0,2000.0,0.0,,30.0,713.4204711914062,527.275146484375,514.1036987304688,50.0,0.0,1939.6236572265625,,18719.099609375,999999.0,252.29998779296875,10000.0,1591.9000244140625,0.0,0.0,50.0,13000.0,0.0,2300.0,1000000.0,4760.0,,3117.585693359375,400.0,979.0,0.0,979.0,400.0,8000.0,,0.0,1000.0,1000000.0,,1200.0,4400.0,0.0,0.0,0.0,1200.0,16000.0,0.0,8793.0068359375,0.0,1350.0,1000000.0,24796.0,675.0,2700.0,7860.0,,0.0
1963-12-27,50.0,1000.0,900.9000244140625,900.9000244140625,50.0,0.0,,1000.0,50.0,500.0,274.29998779296875,274.29998779296875,50.0,500.0,3000.0,3000.0,0.0,,0.0,300.0,0.0,0.0,273.6833801269531,300.0,0.0,0.0,3000.0,1000000.0,,0.0,3000.0,1200.0,5000.0,0.0,0.0,0.0,0.0,18343.55078125,0.0,14654.349609375,1050.0,1000000.0,0.0,12140.0,5850.0,,100.0,1500.0,1067.800048828125,1067.800048828125,100.0,1500.0,6500.0,6500.0,0.0,,0.0,50.0,0.0,0.0,999999.0,0.0,30.0,4500.0,4500.0,0.0,2000.0,0.0,,30.0,700.0,503.7099914550781,503.7099914550781,50.0,0.0,1916.0596923828125,,17738.5,999999.0,0.0,10000.0,1572.800048828125,0.0,0.0,50.0,13000.0,0.0,2300.0,1000000.0,4760.0,,3104.053955078125,400.0,1396.5999755859375,0.0,1396.5999755859375,400.0,8000.0,,0.0,1000.0,1000000.0,,1200.0,4400.0,0.0,0.0,0.0,1200.0,16000.0,0.0,9961.0048828125,0.0,1350.0,1000000.0,24796.0,675.0,2700.0,7860.0,,0.0
1963-12-28,50.0,1000.0,1140.7694091796875,1517.0999755859375,50.0,0.0,,1000.0,50.0,500.0,528.0027465820312,572.7999877929688,50.0,500.0,3000.0,3000.0,0.0,,0.0,300.0,0.0,64.6500244140625,1482.3499755859375,300.0,0.0,0.0,3000.0,1000000.0,,0.0,3000.0,1200.0,5000.0,0.0,0.0,0.0,0.0,19046.404296875,0.0,14476.07421875,1050.0,1000000.0,0.0,12140.0,6267.91650390625,,100.0,1500.0,1938.0028076171875,2431.0,100.0,1500.0,6500.0,6500.0,0.0,,0.0,50.0,0.0,1583.16943359375,999999.0,0.0,30.0,4500.0,4500.0,0.0,2000.0,0.0,,30.0,700.0,666.3870239257812,749.9315795898438,50.0,0.0,2162.0615234375,,18182.900390625,999999.0,0.0,10000.0,4238.7998046875,0.0,0.0,50.0,13000.0,0.0,2300.0,1000000.0,5433.6748046875,,4332.2109375,400.0,2609.20263671875,0.0,2998.099853515625,400.0,8000.0,,0.0,1078.80908203125,1000000.0,,1200.0,4400.0,0.0,0.0,0.0,1200.0,16000.0,0.0,11703.6123046875,0.0,1350.0,1000000.0,24796.0,675.0,2700.0,8136.1669921875,,0.0
1963-12-29,50.0,1073.2197265625,1005.0361328125,1282.166748046875,50.0,0.0,,1073.2197265625,50.0,594.6863403320312,455.66943359375,590.2666625976562,50.0,594.6863403320312,3000.0,3000.0,0.0,,0.0,300.0,0.0,1444.219482421875,1810.4500732421875,300.0,0.0,0.0,3000.0,1000000.0,,0.0,3000.0,1200.0,5000.0,0.0,0.0,0.0,0.0,19832.830078125,0.0,15114.767578125,1050.0,1000000.0,0.0,12140.0,5850.0,,100.0,1990.0650634765625,1741.0361328125,2391.333251953125,100.0,1990.0650634765625,6500.0,6500.0,0.0,,0.0,50.0,0.0,1323.4462890625,999999.0,0.0,30.0,4500.0,4500.0,0.0,2000.0,0.0,,30.0,733.546875,601.644287109375,703.397216796875,50.0,0.0,2148.660400390625,,18101.900390625,999999.0,0.0,10000.0,3203.10009765625,0.0,0.0,50.0,13000.0,0.0,2300.0,1000000.0,4760.0,,4001.21875,400.0,2785.06640625,0.0,3381.89697265625,400.0,8000.0,,0.0,1443.943359375,1000000.0,,1200.0,4400.0,0.0,0.0,0.0,1200.0,16000.0,0.0,13505.19140625,0.0,1350.0,1000000.0,24796.0,675.0,2700.0,8393.275390625,,0.0
1963-12-30,50.0,1087.163330078125,870.357421875,977.4879760742188,50.0,0.0,,1087.163330078125,50.0,735.947021484375,426.8462829589844,481.04351806640625,50.0,735.947021484375,3000.0,3000.0,0.0,,0.0,300.0,0.0,1284.736083984375,1412.5999755859375,300.0,0.0,0.0,3000.0,1000000.0,,0.0,3000.0,1200.0,5000.0,0.0,0.0,0.0,0.0,20378.990234375,0.0,15439.5693359375,1050.0,1000000.0,0.0,12140.0,5850.0,,100.0,2161.559326171875,1431.9573974609375,1700.4547119140625,100.0,2161.559326171875,6500.0,6500.0,0.0,,0.0,50.0,0.0,1130.2974853515625,999999.0,0.0,30.0,4500.0,4500.0,0.0,2000.0,0.0,,30.0,791.2540283203125,634.0398559570312,582.0833740234375,50.0,0.0,2083.98388671875,,18385.900390625,999999.0,0.0,10000.0,2263.199951171875,0.0,0.0,50.0,13000.0,0.0,2300.0,1000000.0,4760.0,,3561.968017578125,400.0,2791.451904296875,0.0,3017.149169921875,400.0,8000.0,,0.0,1681.853515625,1000000.0,,1200.0,4400.0,0.0,0.0,0.0,1200.0,16000.0,0.0,14904.57421875,0.0,1350.0,1000000.0,24796.0,675.0,2700.0,7860.0,,0.0
1963-12-31,50.0,1073.837158203125,840.1049194335938,766.7021484375,50.0,0.0,,1073.837158203125,50.0,727.5646362304688,459.28424072265625,341.76141357421875,50.0,727.5646362304688,3000.0,3000.0,0.0,,0.0,300.0,0.0,1241.300048828125,1241.300048828125,300.0,0.0,0.0,3000.0,1000000.0,,0.0,3000.0,1200.0,5000.0,0.0,0.0,0.0,0.0,20786.509765625,0.0,15417.00390625,1050.0,1000000.0,0.0,12140.0,5850.0,,100.0,2083.270751953125,1597.3382568359375,1281.0355224609375,100.0,2083.270751953125,6500.0,6500.0,0.0,,0.0,50.0,0.0,1200.1983642578125,999999.0,0.0,30.0,4500.0,4500.0,0.0,2000.0,0.0,,30.0,725.315673828125,543.3689575195312,518.5230102539062,50.0,0.0,1955.7164306640625,,18415.900390625,999999.0,0.0,10000.0,1927.5999755859375,0.0,0.0,50.0,13000.0,0.0,2300.0,1000000.0,4760.0,,3344.9140625,400.0,2843.80078125,0.0,2805.664794921875,400.0,8000.0,,0.0,1720.0147705078125,1000000.0,,1200.0,4400.0,0.0,0.0,0.0,1200.0,16000.0,0.0,15937.5126953125,0.0,1350.0,1000000.0,24796.0,675.0,2700.0,7860.0,,0.0
1964-01-01,50.0,1039.803466796875,768.5699462890625,692.4671630859375,50.0,0.0,,1039.803466796875,50.0,500.0,369.20001220703125,369.20001220703125,50.0,500.0,3000.0,3000.0,0.0,,0.0,300.0,0.0,1175.0999755859375,1175.0999755859375,300.0,0.0,0.0,3000.0,1000000.0,,0.0,3000.0,1200.0,5000.0,0.0,0.0,0.0,0.0,21184.6875,0.0,15000.1904296875,1050.0,1000000.0,0.0,12140.0,5850.0,,100.0,1729.32763671875,1241.3681640625,956.32275390625,100.0,1729.32763671875,6500.0,6500.0,0.0,,0.0,50.0,0.0,1035.1883544921875,999999.0,0.0,30.0,4500.0,4500.0,0.0,2000.0,0.0,,30.0,700.0,678.8384399414062,699.1670532226562,50.0,0.0,2111.47607421875,,18531.099609375,999999.0,0.0,10000.0,0.0,0.0,0.0,50.0,13000.0,0.0,2300.0,1000000.0,4760.0,,3463.64794921875,400.0,2803.262451171875,0.0,2624.4931640625,400.0,8000.0,,0.0,1698.7662353515625,1000000.0,,1200.0,4400.0,0.0,0.0,0.0,1200.0,16000.0,0.0,16801.703125,0.0,1350.0,1000000.0,24796.0,675.0,2700.0,7860.0,,0.0
1964-01-02,50.0,1015.7277221679688,689.7799682617188,815.2105102539062,50.0,0.0,,1015.7277221679688,50.0,500.0,455.102783203125,551.2999877929688,50.0,500.0,3000.0,3000.0,0.0,,0.0,300.0,0.0,1123.7027587890625,1298.800048828125,300.0,0.0,0.0,3000.0,1000000.0,,0.0,3000.0,1200.0,5000.0,0.0,0.0,0.0,0.0,21648.837890625,0.0,15038.8759765625,1050.0,1000000.0,0.0,12140.0,5850.0,,100.0,1500.0,1494.5028076171875,1928.0999755859375,100.0,1500.0,6500.0,6500.0,0.0,,0.0,50.0,0.0,1107.0694580078125,999999.0,0.0,30.0,4500.0,4500.0,0.0,2000.0,0.0,,30.0,700.0,595.964111328125,721.9590454101562,50.0,0.0,2134.022705078125,,17552.19921875,999999.0,0.0,10000.0,0.0,0.0,0.0,50.0,13000.0,0.0,2300.0,1000000.0,4760.0,,4961.31982421875,400.0,2687.140380859375,0.0,2921.73779296875,400.0,8000.0,,0.0,1654.6912841796875,1000000.0,,1200.0,4400.0,0.0,0.0,0.0,1200.0,16000.0,0.0,17602.755859375,0.0,1350.0,1000000.0,24796.0,675.0,2700.0,7860.0,,0.0
1964-01-03,50.0,1028.699462890625,613.8866577148438,691.050537109375,50.0,0.0,,1028.699462890625,50.0,566.72265625,395.8027648925781,426.5,50.0,566.72265625,3000.0,3000.0,0.0,,0.0,300.0,0.0,995.5360717773438,1066.0999755859375,300.0,0.0,0.0,3000.0,1000000.0,,0.0,3000.0,1200.0,5000.0,0.0,0.0,0.0,0.0,22063.125,0.0,15487.5166015625,1050.0,1000000.0,0.0,12140.0,5850.0,,100.0,1729.605712890625,1281.93603515625,1611.89990234375,100.0,1729.605712890625,6500.0,6500.0,0.0,,0.0,50.0,0.0,984.0463256835938,999999.0,0.0,30.0,4500.0,4500.0,0.0,2000.0,0.0,,30.0,714.5009155273438,553.0827026367188,597.1748657226562,50.0,0.0,2023.7105712890625,,18120.900390625,999999.0,0.0,10000.0,0.0,0.0,0.0,50.0,13000.0,0.0,2300.0,1000000.0,4760.0,,5743.61572265625,400.0,2538.04345703125,0.0,2742.640625,400.0,8000.0,,0.0,1689.142578125,1000000.0,,1200.0,4400.0,0.0,0.0,0.0,1200.0,16000.0,0.0,17992.09765625,0.0,1350.0,1000000.0,24796.0,675.0,2700.0,7860.0,,0.0
1964-01-04,50.0,1030.365966796875,601.4244384765625,601.6216430664062,50.0,0.0,,1030.365966796875,50.0,584.40771484375,444.2972106933594,401.03240966796875,50.0,584.40771484375,3000.0,3000.0,0.0,,0.0,300.0,0.0,981.0,981.0,300.0,0.0,0.0,3000.0,1000000.0,,0.0,3000.0,1200.0,5000.0,0.0,0.0,0.0,0.0,22344.83984375,0.0,16032.958984375,1050.0,1000000.0,0.0,12140.0,5850.0,,100.0,1827.505615234375,1676.3638916015625,1266.121337890625,100.0,1827.505615234375,6500.0,6500.0,0.0,,0.0,50.0,0.0,1204.88427734375,999999.0,0.0,30.0,4500.0,4500.0,0.0,2000.0,0.0,,30.0,739.3656616210938,508.86285400390625,470.2276306152344,50.0,0.0,1921.1680908203125,,18254.900390625,999999.0,0.0,10000.0,0.0,0.0,0.0,50.0,13000.0,0.0,2300.0,1000000.0,4760.0,,6238.64453125,400.0,2713.229248046875,0.0,2464.39306640625,400.0,8000.0,,0.0,1672.171630859375,1000000.0,,1200.0,4400.0,0.0,0.0,0.0,1200.0,16000.0,0.0,18074.056640625,0.0,1350.0,1000000.0,24796.0,675.0,2700.0,7860.0,,0.0
1964-01-05,50.0,1020.4190673828125,576.0162963867188,508.44683837890625,50.0,0.0,,1020.4190673828125,50.0,500.0,322.1000061035156,322.1000061035156,50.0,500.0,3000.0,3000.0,0.0,,0.0,300.0,0.0,914.2999877929688,914.2999877929688,300.0,0.0,0.0,3000.0,1000000.0,,0.0,3000.0,1200.0,5000.0,0.0,0.0,0.0,0.0,22570.775390625,0.0,15841.74609375,1050.0,1000000.0,0.0,12140.0,5850.0,,100.0,1500.0,862.2999877929688,862.2999877929688,100.0,1546.53466796875,6500.0,6500.0,0.0,,0.0,50.0,0.0,738.0,999999.0,0.0,30.0,4500.0,4500.0,0.0,2000.0,0.0,,30.0,700.0,571.7230224609375,571.7230224609375,50.0,0.0,1984.0321044921875,,18424.5,999999.0,82.70001220703125,10000.0,0.0,0.0,0.0,50.0,13000.0,0.0,2300.0,1000000.0,4760.0,,6690.3486328125,400.0,3027.471923828125,0.0,2214.135986328125,400.0,8000.0,,0.0,1610.1690673828125,1000000.0,,1200.0,4400.0,0.0,0.0,0.0,1200.0,16000.0,0.0,18079.142578125,0.0,1350.0,1000000.0,24796.0,675.0,2700.0,7860.0,,0.0
1964-01-06,50.0,1003.7188720703125,533.3775024414062,584.874755859375,50.0,0.0,,1003.7188720703125,50.0,500.0,1470.0361328125,1801.5999755859375,50.0,500.0,1799.5833740234375,2198.640869140625,0.0,,0.0,300.0,0.0,1166.3028564453125,1318.9000244140625,300.0,0.0,0.0,3000.0,1000000.0,,0.0,3000.0,1200.0,5000.0,0.0,0.0,0.0,0.0,22823.802734375,0.0,14618.5771484375,1050.0,1000000.0,0.0,12140.0,5850.0,,100.0,1500.0,3778.836181640625,4126.10009765625,100.0,1500.0,3899.097412109375,4763.7216796875,0.0,,0.0,50.0,0.0,2741.736083984375,999999.0,0.0,30.0,4500.0,4500.0,0.0,2000.0,0.0,,30.0,700.0,2060.549560546875,2219.2177734375,50.0,0.0,3404.6484375,,16275.2001953125,999999.0,0.0,10000.0,0.0,0.0,0.0,50.0,13000.0,0.0,2300.0,1000000.0,5261.0751953125,,7421.05078125,400.0,3044.2490234375,0.0,3087.179443359375,400.0,5863.0419921875,,0.0,1530.1341552734375,1000000.0,,1200.0,4400.0,0.0,0.0,1536.3697509765625,1200.0,11726.083984375,0.0,14988.5849609375,0.0,1350.0,1000000.0,24796.0,675.0,2700.0,8697.9287109375,,0.0
1964-01-07,50.0,1010.1004028320312,502.61834716796875,547.9489135742188,50.0,0.0,,1010.1004028320312,50.0,1905.989501953125,1588.469482421875,2135.36669921875,50.0,1905.989501953125,2698.224365234375,2798.54443359375,0.0,,0.0,300.0,0.0,1044.66943359375,1196.4000244140625,300.0,0.0,0.0,3000.0,1000000.0,,0.0,3000.0,1200.0,5000.0,0.0,0.0,0.0,0.0,23091.3359375,0.0,15064.0703125,1050.0,1000000.0,0.0,12140.0,5850.0,,100.0,2810.427001953125,3941.369384765625,5807.86669921875,100.0,2810.427001953125,5846.15283203125,6063.5126953125,0.0,,0.0,50.0,0.0,2525.0693359375,999999.0,0.0,30.0,4500.0,4500.0,0.0,2000.0,0.0,,30.0,1578.918212890625,2218.505615234375,2845.569091796875,50.0,0.0,3247.433837890625,,16584.900390625,999999.0,0.0,10000.0,0.0,0.0,0.0,50.0,13000.0,0.0,2300.0,1000000.0,4760.0,,8218.48046875,400.0,3043.77099609375,0.0,3715.568115234375,400.0,7462.78515625,,0.0,1664.6954345703125,1000000.0,,1200.0,4400.0,0.0,0.0,3504.056884765625,1200.0,14925.5703125,0.0,14641.900390625,0.0,1350.0,1000000.0,24796.0,675.0,2700.0,9063.306640625,,0.0
1964-01-08,50.0,1013.393798828125,465.7789001464844,478.3761291503906,50.0,0.0,,1013.393798828125,50.0,2004.1044921875,1310.57958984375,1353.343505859375,50.0,2004.1044921875,3000.0,3000.0,0.0,,0.0,300.0,0.0,917.3027954101562,958.4000244140625,300.0,0.0,0.0,3000.0,1000000.0,,0.0,3000.0,1200.0,5000.0,0.0,0.0,0.0,0.0,23247.658203125,0.0,15293.044921875,1050.0,1000000.0,0.0,12140.0,5850.0,,100.0,3698.7255859375,3566.8603515625,3835.42431640625,100.0,3698.7255859375,6500.0,6500.0,0.0,,0.0,50.0,0.0,2248.40283203125,999999.0,0.0,30.0,4500.0,4500.0,0.0,3029.50830078125,0.0,,30.0,1906.8218994140625,2098.741455078125,2357.51220703125,50.0,0.0,3416.218017578125,,17704.69921875,999999.0,0.0,10000.0,0.0,0.0,0.0,50.0,13000.0,0.0,2300.0,1000000.0,4760.0,,8776.34765625,400.0,2938.17236328125,0.0,3077.903076171875,400.0,8000.0,,0.0,1844.9637451171875,1000000.0,,1200.0,4400.0,0.0,1469.0068359375,4057.30126953125,1200.0,16000.0,0.0,16461.724609375,0.0,1350.0,1000000.0,24796.0,675.0,2700.0,7892.4482421875,,0.0
1964-01-09,50.0,1010.8154296875,427.2192687988281,465.483154296875,50.0,0.0,,1010.8154296875,50.0,1612.1793212890625,1070.7530517578125,1183.9169921875,50.0,1612.1793212890625,3000.0,3000.0,0.0,,0.0,300.0,0.0,845.4694213867188,954.0,300.0,0.0,0.0,3000.0,1000000.0,,0.0,3000.0,1200.0,5000.0,0.0,0.0,0.0,0.0,23367.68359375,0.0,15501.7578125,1050.0,1000000.0,0.0,12140.0,5850.0,,100.0,3164.543701171875,2798.37353515625,3132.270751953125,100.0,3164.543701171875,6500.0,6500.0,0.0,,0.0,50.0,0.0,1829.601806640625,999999.0,0.0,30.0,4500.0,4500.0,0.0,2415.161865234375,0.0,,30.0,1782.0888671875,1851.025634765625,1830.6531982421875,50.0,0.0,3624.244140625,,17831.099609375,999999.0,0.0,10000.0,0.0,0.0,0.0,50.0,13000.0,0.0,2300.0,1000000.0,4760.0,,9186.8642578125,400.0,2712.08447265625,0.0,2884.614990234375,400.0,8000.0,,0.0,1808.30859375,1000000.0,,1200.0,4400.0,0.0,4790.033203125,5259.65234375,1200.0,16000.0,0.0,15861.2216796875,0.0,1350.0,1000000.0,24796.0,734.50341796875,2938.013671875,7860.0,,0.0
1964-01-10,50.0,1012.83984375,395.2795104980469,421.1100769042969,50.0,0.0,,1012.83984375,50.0,1397.7064208984375,886.0687255859375,1011.5992431640625,50.0,1636.7366943359375,3000.0,3000.0,0.0,,0.0,300.0,0.0,765.3361206054688,814.2999877929688,300.0,0.0,0.0,3000.0,1000000.0,,0.0,3000.0,1200.0,5000.0,0.0,0.0,0.0,0.0,23476.0,0.0,15642.3408203125,1050.0,1000000.0,0.0,12140.0,5850.0,,100.0,2809.075927734375,2230.84912109375,2561.31298828125,100.0,2809.075927734375,6500.0,6500.0,0.0,,0.0,50.0,0.0,1521.06787109375,999999.0,0.0,30.0,4500.0,4500.0,0.0,2000.0,0.0,,30.0,1507.6851806640625,1538.02978515625,1673.7850341796875,50.0,0.0,3809.93310546875,,17916.69921875,999999.0,0.0,10000.0,0.0,0.0,0.0,50.0,13000.0,0.0,2300.0,1000000.0,4760.0,,9536.48828125,400.0,2467.08154296875,0.0,2610.6123046875,400.0,8000.0,,0.0,1755.6131591796875,1000000.0,,1200.0,4400.0,0.0,4702.7060546875,5015.34130859375,1200.0,16000.0,0.0,16490.4921875,0.0,1350.0,1000000.0,24796.0,2200.0,8800.0,7860.0,,0.0
1964-01-11,50.0,1012.3761596679688,382.5530090332031,378.05023193359375,50.0,0.0,,1012.3761596679688,50.0,1261.0350341796875,754.2124633789062,804.1430053710938,50.0,1533.750732421875,3000.0,3000.0,0.0,,0.0,300.0,0.0,740.8027954101562,742.9000244140625,300.0,0.0,0.0,3000.0,1000000.0,,0.0,3000.0,1200.0,5000.0,0.0,0.0,0.0,0.0,23552.88671875,0.0,15612.634765625,1050.0,1000000.0,0.0,12140.0,5850.0,,100.0,2552.193115234375,1861.332763671875,1954.49658203125,100.0,2552.193115234375,6500.0,6500.0,0.0,,0.0,50.0,0.0,1328.7119140625,999999.0,0.0,30.0,4500.0,4500.0,0.0,2000.0,0.0,,30.0,1361.8004150390625,1323.246826171875,1521.8741455078125,50.0,0.0,3649.109130859375,,18126.900390625,999999.0,138.79998779296875,10000.0,0.0,0.0,0.0,50.0,13000.0,0.0,2300.0,1000000.0,4760.0,,9822.203125,400.0,2248.5771484375,0.0,2293.5078125,400.0,8000.0,,0.0,1679.361572265625,1000000.0,,1200.0,4400.0,0.0,4545.546875,4752.59521484375,1200.0,16000.0,0.0,17153.36328125,0.0,1350.0,1000000.0,24796.0,2200.0,8800.0,7860.0,,0.0
1964-01-12,50.0,1007.60791015625,381.06866455078125,348.5325622558594,50.0,0.0,,1007.60791015625,50.0,1083.235595703125,661.4083251953125,675.3721923828125,50.0,1392.2886962890625,3000.0,3000.0,0.0,,0.0,300.0,0.0,713.5999755859375,713.5999755859375,300.0,0.0,0.0,3000.0,1000000.0,,0.0,3000.0,1200.0,5000.0,0.0,0.0,0.0,0.0,23620.736328125,0.0,15782.5419921875,1050.0,1000000.0,0.0,12140.0,5850.0,,100.0,2267.57177734375,1677.2218017578125,1588.9190673828125,100.0,2267.57177734375,6500.0,6500.0,0.0,,0.0,50.0,0.0,1265.8079833984375,999999.0,0.0,30.0,4500.0,4500.0,0.0,2000.0,0.0,,30.0,1273.966796875,1154.844482421875,1148.102783203125,50.0,0.0,3169.096923828125,,18271.099609375,999999.0,216.4000244140625,10000.0,0.0,0.0,0.0,50.0,13000.0,0.0,2300.0,1000000.0,4760.0,,10046.3564453125,400.0,2066.356689453125,0.0,2029.2205810546875,400.0,8000.0,,0.0,1579.876220703125,1000000.0,,1200.0,4400.0,0.0,4422.74951171875,4519.6484375,1200.0,16000.0,0.0,17475.818359375,0.0,1350.0,1000000.0,24796.0,2200.0,8800.0,7860.0,,0.0
1964-01-13,50.0,1000.2559204101562,358.8290100097656,357.67633056640625,50.0,0.0,,1000.2559204101562,50.0,916.3607177734375,577.3721923828125,600.9360961914062,50.0,1357.1524658203125,3000.0,3000.0,0.0,,0.0,300.0,0.0,736.2694702148438,740.7000122070312,300.0,0.0,0.0,3000.0,1000000.0,,0.0,3000.0,1200.0,5000.0,0.0,0.0,0.0,0.0,23679.396484375,0.0,15872.8447265625,1050.0,1000000.0,0.0,12140.0,5850.0,,100.0,1973.09228515625,1477.214599609375,1421.61181640625,100.0,1973.09228515625,6500.0,6500.0,0.0,,0.0,50.0,0.0,1170.5386962890625,999999.0,0.0,30.0,4500.0,4500.0,0.0,2000.0,0.0,,30.0,1102.281005859375,1027.7606201171875,1064.4068603515625,50.0,0.0,2877.697998046875,,18289.5,999999.0,138.79998779296875,10000.0,0.0,0.0,0.0,50.0,13000.0,0.0,2300.0,1000000.0,4760.0,,10249.830078125,400.0,1882.331298828125,0.0,1887.161865234375,400.0,8000.0,,0.0,1479.213623046875,1000000.0,,1200.0,4400.0,0.0,4071.3271484375,4222.82666015625,1200.0,16000.0,0.0,17909.671875,0.0,1350.0,1000000.0,24796.0,2200.0,8800.0,7860.0,,0.0
1964-01-14,50.0,1000.0,378.1000061035156,378.1000061035156,50.0,0.0,,1000.0,50.0,811.0073852539062,623.8814697265625,557.2786865234375,50.0,1340.859375,3000.0,3000.0,0.0,,0.0,300.0,0.0,728.0,728.0,300.0,0.0,0.0,3000.0,1000000.0,,0.0,3000.0,1200.0,5000.0,0.0,0.0,0.0,0.0,23748.0703125,0.0,15862.9599609375,1050.0,1000000.0,0.0,12140.0,5850.0,,100.0,1789.685302734375,1667.3763427734375,1490.0069580078125,100.0,1789.685302734375,6500.0,6500.0,0.0,,0.0,50.0,0.0,1335.868896484375,999999.0,0.0,30.0,4500.0,4500.0,0.0,2000.0,0.0,,30.0,997.0195922851562,1180.65185546875,964.3041381835938,50.0,0.0,2668.075439453125,,18119.5,999999.0,3.9000244140625,10000.0,0.0,0.0,0.0,50.0,13000.0,0.0,2300.0,1000000.0,4760.0,,10486.2529296875,400.0,2017.8934326171875,0.0,1793.390625,400.0,8000.0,,0.0,1403.8792724609375,1000000.0,,1200.0,4400.0,0.0,4112.951171875,4278.3095703125,1200.0,16000.0,0.0,17696.984375,0.0,1350.0,1000000.0,24796.0,2035.66357421875,8142.654296875,7860.0,,0.0
1964-01-15,50.0,1000.0,364.1000061035156,364.1000061035156,50.0,0.0,,1000.0,50.0,625.3223266601562,505.65460205078125,441.4181823730469,50.0,1316.05322265625,3000.0,3000.0,0.0,,0.0,300.0,0.0,714.9000244140625,714.9000244140625,300.0,0.0,0.0,3000.0,1000000.0,,0.0,3000.0,1200.0,5000.0,0.0,0.0,0.0,0.0,23780.54296875,0.0,15418.2900390625,1050.0,1000000.0,0.0,12140.0,5850.0,,100.0,1600.0098876953125,1261.8443603515625,1138.748046875,100.0,1689.3255615234375,6500.0,6500.0,0.0,,0.0,50.0,0.0,980.0,999999.0,0.0,30.0,4500.0,4500.0,0.0,2000.0,0.0,,30.0,875.510498046875,1032.4456787109375,860.19189453125,50.0,0.0,2444.727294921875,,18321.0,999999.0,144.79998779296875,10000.0,0.0,0.0,0.0,50.0,13000.0,0.0,2300.0,1000000.0,4760.0,,10730.5869140625,400.0,2500.333740234375,0.0,1598.0975341796875,400.0,8000.0,,0.0,1349.9927978515625,1000000.0,,1200.0,4400.0,0.0,4004.49462890625,3565.320068359375,1200.0,16000.0,0.0,17721.896484375,0.0,1350.0,1000000.0,24796.0,2056.4755859375,8225.90234375,7860.0,,0.0
1964-01-16,50.0,1000.0,830.9000244140625,830.9000244140625,50.0,0.0,,1000.0,50.0,500.0,716.9000244140625,716.9000244140625,50.0,1218.6678466796875,2921.28515625,2947.452392578125,0.0,,0.0,300.0,0.0,1192.199951171875,1192.199951171875,300.0,0.0,0.0,3000.0,1000000.0,,0.0,3000.0,1200.0,5000.0,0.0,0.0,0.0,0.0,23963.369140625,0.0,14318.8486328125,1050.0,1000000.0,0.0,12140.0,5850.0,,100.0,1500.0,2047.699951171875,2047.699951171875,100.0,1500.0,6329.451171875,6386.14697265625,0.0,,0.0,50.0,0.0,1670.0,999999.0,0.0,30.0,4500.0,4500.0,0.0,2000.0,0.0,,30.0,806.3342895507812,1643.4117431640625,1539.050537109375,50.0,0.0,3019.725341796875,,18052.900390625,999999.0,0.0,10000.0,0.0,0.0,0.0,50.0,13000.0,0.0,2300.0,1000000.0,4760.0,,11083.7412109375,400.0,2836.602783203125,0.0,2348.800048828125,400.0,7859.87353515625,,0.0,1283.661376953125,1000000.0,,1200.0,4400.0,0.0,4196.19970703125,4196.19970703125,1200.0,15719.7470703125,0.0,16751.60546875,0.0,1350.0,1000000.0,24796.0,2002.247314453125,8008.9892578125,7860.0,,0.0
1964-01-17,50.0,1000.0,861.102783203125,1036.300048828125,50.0,0.0,,1000.0,50.0,777.2931518554688,2079.0,1934.4000244140625,50.0,1445.4144287109375,1848.8463134765625,2231.527099609375,0.0,,0.0,300.0,0.0,1509.102783203125,1512.300048828125,300.0,0.0,0.0,3000.0,1000000.0,,0.0,3000.0,1200.0,5000.0,0.0,0.0,0.0,0.0,24252.115234375,0.0,14330.404296875,1050.0,1000000.0,0.0,12140.0,5850.0,,100.0,1792.1314697265625,4152.099609375,3786.966552734375,100.0,1792.1314697265625,4005.833740234375,4834.9755859375,0.0,,0.0,50.0,0.0,2510.0,999999.0,0.0,30.0,4500.0,4500.0,0.0,2000.0,0.0,,30.0,1231.79296875,4286.94189453125,3729.1806640625,50.0,0.0,2421.583740234375,,17155.80078125,999999.0,0.0,10000.0,0.0,0.0,0.0,50.0,13000.0,0.0,2300.0,1000000.0,5203.47509765625,,11591.16015625,400.0,3931.015625,0.0,3514.84619140625,400.0,5950.73876953125,,0.0,1405.6412353515625,1000000.0,,1200.0,4400.0,0.0,5772.08837890625,5772.08837890625,1200.0,11901.4775390625,0.0,14739.2998046875,0.0,1350.0,1000000.0,24796.0,2098.099853515625,8392.3994140625,8313.0888671875,,0.0
1964-01-18,50.0,1005.3731689453125,815.9000244140625,791.7000122070312,50.0,0.0,,1005.3731689453125,50.0,1906.0821533203125,3059.5068359375,2191.702392578125,50.0,2404.56005859375,2339.12841796875,2558.823486328125,0.0,,0.0,300.0,0.0,1322.5999755859375,1322.5999755859375,300.0,0.0,0.0,3000.0,1000000.0,,0.0,3000.0,1200.0,5000.0,0.0,0.0,0.0,0.0,24532.279296875,0.0,14696.8740234375,1050.0,1000000.0,0.0,12140.0,5850.0,,100.0,2684.744873046875,5474.8681640625,3901.555908203125,100.0,1155.0396728515625,5068.11181640625,5544.11767578125,0.0,,0.0,50.0,0.0,2870.0,999999.0,0.0,30.0,4500.0,4500.0,0.0,2000.0,0.0,,30.0,2201.83447265625,8450.53515625,6414.1875,50.0,0.0,1211.291259765625,,16878.80078125,999999.0,0.0,10000.0,0.0,0.0,0.0,50.0,13000.0,0.0,2300.0,1000000.0,4760.0,,12058.26171875,400.0,5413.90185546875,0.0,3504.299072265625,400.0,6823.529296875,,0.0,1689.8486328125,1000000.0,,1200.0,4400.0,0.0,5774.68310546875,5774.68310546875,1200.0,13647.05859375,0.0,14350.44921875,0.0,1350.0,1000000.0,24796.0,2886.044189453125,11544.1767578125,8315.6826171875,,0.0
1964-01-19,50.0,1000.0,742.2000122070312,742.2000122070312,50.0,0.0,,1000.0,50.0,1770.5701904296875,4234.677734375,5834.77490234375,50.0,292.5375061035156,92.00100708007812,1058.7142333984375,0.0,,0.0,300.0,0.0,1667.199951171875,1667.199951171875,300.0,0.0,0.0,3000.0,1000000.0,,0.0,3000.0,1200.0,5000.0,0.0,0.0,0.0,0.0,14295.6142578125,0.0,14188.85546875,1050.0,1000000.0,0.0,12140.0,5850.0,,100.0,3538.870361328125,7824.345703125,8225.7421875,100.0,558.82666015625,199.3355255126953,2293.880859375,0.0,,0.0,50.0,0.0,4435.0693359375,999999.0,0.0,30.0,4500.0,4500.0,0.0,2000.0,0.0,,30.0,2992.342529296875,11785.5615234375,11884.0400390625,50.0,0.0,377.2313232421875,,15039.7998046875,999999.0,0.0,10000.0,0.0,0.0,0.0,50.0,10086.8095703125,0.0,2300.0,1000000.0,4839.0751953125,,12163.755859375,400.0,5740.71875,0.0,5935.3828125,400.0,2823.23779296875,,0.0,1815.80078125,1000000.0,,1200.0,4400.0,0.0,9140.76171875,9140.76171875,1200.0,5646.4755859375,0.0,12446.5166015625,0.0,1350.0,1000000.0,24796.0,2887.341552734375,11549.3662109375,11681.76171875,,0.0
1964-01-20,50.0,1000.0,709.0028076171875,962.7999877929688,50.0,0.0,,1000.0,50.0,3000.0,4550.23193359375,6429.72900390625,50.0,1524.45361328125,1661.5771484375,2106.512451171875,0.0,,0.0,300.0,0.0,1470.4027099609375,2125.199951171875,300.0,0.0,0.0,3000.0,1000000.0,,0.0,3000.0,1200.0,5000.0,0.0,0.0,0.0,0.0,22124.8359375,0.0,13934.2001953125,1050.0,1000000.0,0.0,12140.0,5850.0,,100.0,5000.0,8368.669921875,12469.1005859375,100.0,3105.908447265625,3600.083984375,4564.10986328125,0.0,,0.0,50.0,0.0,4288.40283203125,999999.0,0.0,30.0,4500.0,4500.0,0.0,3703.47509765625,0.0,,30.0,3748.81201171875,12959.50390625,18213.1796875,50.0,0.0,2140.0693359375,,13475.400390625,999999.0,0.0,10000.0,0.0,0.0,0.0,50.0,13000.0,0.0,2300.0,1000000.0,6047.375,,11321.8017578125,400.0,5755.31884765625,0.0,8139.81591796875,400.0,5617.3662109375,,0.0,2352.4580078125,1000000.0,,1200.0,4400.0,0.0,9716.380859375,12377.251953125,1200.0,11234.732421875,0.0,10066.0263671875,0.0,1350.0,1000000.0,24796.0,2823.23779296875,11292.951171875,13753.490234375,,0.0
1964-01-21,50.0,1000.0,525.7694702148438,641.9000244140625,50.0,0.0,,1000.0,50.0,3000.0,4344.447265625,4786.677734375,50.0,3000.0,3000.0,3000.0,0.0,,0.0,300.0,0.0,1040.43603515625,1264.199951171875,300.0,0.0,0.0,3000.0,1000000.0,,0.0,3000.0,1200.0,5000.0,0.0,0.0,0.0,0.0,25205.470703125,0.0,14586.611328125,1050.0,1000000.0,0.0,12140.0,5850.0,,100.0,5000.0,7890.93359375,8853.498046875,100.0,4694.1328125,6500.0,6500.0,0.0,,0.0,50.0,0.0,3413.9111328125,999999.0,0.0,30.0,4500.0,4500.0,0.0,3868.136962890625,0.0,,30.0,4255.24853515625,13177.1015625,14838.4013671875,50.0,0.0,3174.136474609375,,16944.69921875,999999.0,0.0,10000.0,0.0,0.0,0.0,50.0,13000.0,0.0,2300.0,1000000.0,4760.0,,13349.857421875,400.0,5457.69921875,0.0,6123.0966796875,400.0,8000.0,,0.0,3022.116455078125,1000000.0,,1200.0,5662.189453125,0.0,10299.763671875,10933.861328125,1200.0,16000.0,0.0,13866.2646484375,0.0,1350.0,1000000.0,24796.0,2200.0,8800.0,10039.26953125,,0.0
1964-01-22,50.0,1000.0,497.1000061035156,497.1000061035156,50.0,0.0,,1000.0,50.0,3000.0,3718.61376953125,3859.81103515625,50.0,2942.19970703125,2913.41650390625,2942.19970703125,0.0,,0.0,300.0,0.0,996.5999755859375,996.5999755859375,300.0,0.0,0.0,3000.0,1000000.0,,0.0,3000.0,1200.0,5000.0,0.0,128.75,0.0,0.0,25317.958984375,0.0,15093.8193359375,1050.0,1000000.0,0.0,12140.0,5850.0,,100.0,5000.0,7031.82275390625,7221.45361328125,100.0,5000.0,6312.40283203125,6374.76611328125,0.0,,0.0,50.0,0.0,2862.607421875,999999.0,0.0,30.0,4500.0,4500.0,0.0,3830.23974609375,0.0,,30.0,4362.28173828125,13058.166015625,13778.4951171875,50.0,0.0,3784.9208984375,,17448.80078125,999999.0,0.0,10000.0,0.0,0.0,0.0,50.0,13000.0,0.0,2300.0,1000000.0,4760.0,,13551.7705078125,400.0,5039.8935546875,0.0,5195.12451171875,400.0,7845.8662109375,,0.0,2956.31884765625,1000000.0,,1200.0,6407.1435546875,0.0,10581.154296875,10966.5087890625,1200.0,15691.732421875,0.0,15426.1650390625,0.0,1350.0,1000000.0,24796.0,2831.0947265625,11324.37890625,9459.890625,,0.0
1964-01-23,50.0,1000.0,413.1000061035156,413.1000061035156,50.0,0.0,,1000.0,50.0,3000.0,3186.04736328125,2960.04443359375,50.0,3000.0,3000.0,3000.0,0.0,,0.0,300.0,0.0,835.2999877929688,835.2999877929688,300.0,0.0,0.0,3000.0,1000000.0,,0.0,3000.0,1200.0,5000.0,0.0,928.75,0.0,0.0,25424.720703125,0.0,15213.30859375,1050.0,1000000.0,0.0,12140.0,5850.0,,100.0,5000.0,6719.123046875,5766.28662109375,100.0,5000.0,6500.0,6500.0,0.0,,0.0,50.0,0.0,2835.071533203125,999999.0,0.0,30.0,4500.0,4500.0,0.0,3325.888427734375,0.0,,30.0,4366.68896484375,12767.408203125,12710.630859375,50.0,0.0,4063.28271484375,,17878.099609375,999999.0,0.0,10000.0,0.0,0.0,0.0,50.0,13000.0,0.0,2300.0,1000000.0,4760.0,,13688.314453125,400.0,5090.1875,0.0,4429.55126953125,400.0,8000.0,,0.0,2750.45556640625,1000000.0,,1200.0,6596.2802734375,0.0,10963.630859375,10368.34765625,1200.0,16000.0,0.0,16009.048828125,0.0,1350.0,1000000.0,24796.0,3203.57177734375,12814.287109375,8691.146484375,,0.0
1964-01-24,50.0,1000.0,735.2000122070312,735.2000122070312,50.0,0.0,,1000.0,50.0,3000.0,2578.747314453125,2477.811279296875,50.0,2709.316162109375,2564.562744140625,2709.316162109375,0.0,,0.0,300.0,0.0,1230.0,1230.0,300.0,0.0,0.0,3000.0,1000000.0,,0.0,3000.0,1200.0,5000.0,0.0,2628.75,0.0,0.0,19893.310546875,0.0,13756.0830078125,1050.0,1000000.0,0.0,12140.0,5850.0,,100.0,5000.0,6186.28955078125,5101.287109375,100.0,5000.0,5556.552734375,5870.18505859375,0.0,,0.0,50.0,0.0,2740.047607421875,999999.0,0.0,30.0,4500.0,4500.0,0.0,2000.0,0.0,,30.0,4315.96435546875,12396.8359375,12311.8779296875,50.0,0.0,3685.898193359375,,18316.69921875,999999.0,0.0,10000.0,0.0,0.0,0.0,50.0,12321.142578125,0.0,2300.0,1000000.0,5059.6748046875,,13285.392578125,400.0,5107.23583984375,0.0,4308.3662109375,400.0,7224.84326171875,,0.0,2500.35888671875,1000000.0,,1200.0,6431.3935546875,0.0,11210.3994140625,10575.8525390625,1200.0,14449.6865234375,0.0,16605.025390625,0.0,1350.0,1000000.0,24796.0,3298.14013671875,13192.560546875,9047.36328125,,0.0
1964-01-25,50.0,1000.0,1591.66943359375,1610.5,50.0,0.0,,1000.0,50.0,2715.4951171875,2041.264892578125,2214.3955078125,50.0,2487.51416015625,2232.30859375,2487.51416015625,0.0,,0.0,300.0,0.0,1863.5,1863.5,300.0,0.0,0.0,3000.0,1000000.0,,0.0,3000.0,1200.0,5000.0,0.0,6817.986328125,4084.861083984375,0.0,11638.1005859375,0.0,9977.1064453125,1050.0,1000000.0,0.0,12140.0,8767.9169921875,,100.0,4202.7119140625,5488.9228515625,6085.3203125,100.0,4970.93017578125,4836.66845703125,5389.61376953125,0.0,,0.0,50.0,0.0,2816.71435546875,999999.0,0.0,30.0,4500.0,4500.0,0.0,2000.0,0.0,,30.0,4281.2197265625,11883.0439453125,12117.75,50.0,0.0,3826.333984375,,16464.30078125,999999.0,0.0,10000.0,0.0,0.0,3618.666748046875,50.0,9997.0498046875,0.0,2300.0,1000000.0,10113.5751953125,,11055.4443359375,400.0,5075.34912109375,0.0,5402.97998046875,400.0,6633.37109375,,0.0,2358.57666015625,1000000.0,,1200.0,6459.1015625,0.0,11485.8818359375,11649.052734375,1200.0,13266.7421875,0.0,16318.8828125,0.0,1350.0,1000000.0,24796.0,3215.69677734375,12862.787109375,10095.5732421875,,0.0
1964-01-26,50.0,1085.66064453125,1628.2694091796875,1965.699951171875,50.0,0.0,,1085.66064453125,50.0,2413.303466796875,1599.043212890625,1815.740478515625,50.0,2557.7529296875,2659.09765625,2772.424560546875,0.0,,0.0,300.0,0.0,1826.302734375,1976.9000244140625,300.0,0.0,0.0,3000.0,1000000.0,,0.0,3000.0,1200.0,5000.0,0.0,6989.69921875,5323.24072265625,0.0,18119.44140625,0.0,9572.1005859375,1050.0,1000000.0,0.0,12140.0,9167.9169921875,,100.0,4152.83740234375,4892.71923828125,5377.98291015625,100.0,5000.0,5761.3779296875,6006.919921875,0.0,,0.0,50.0,0.0,2763.381103515625,999999.0,0.0,30.0,4500.0,4500.0,0.0,2091.84033203125,0.0,,30.0,4244.67529296875,11137.142578125,11852.1171875,50.0,0.0,4259.6591796875,,16345.7998046875,999999.0,0.0,10000.0,0.0,1273.5006103515625,5961.1005859375,50.0,13000.0,0.0,2300.0,1000000.0,9499.775390625,,11170.4912109375,400.0,5021.990234375,0.0,5346.9208984375,400.0,7393.13232421875,,0.0,2503.53173828125,1000000.0,,1200.0,6863.69287109375,0.0,11625.6748046875,11796.2216796875,1200.0,14786.2646484375,0.0,16177.0341796875,0.0,1350.0,1000000.0,24796.0,3229.55078125,12918.203125,9877.5849609375,,0.0
1964-01-27,50.0,1170.2860107421875,1717.6158447265625,1806.113037109375,50.0,0.0,,1170.2860107421875,50.0,2071.245361328125,1361.5621337890625,1463.6260986328125,50.0,2463.03173828125,2906.01904296875,2937.261474609375,0.0,,0.0,300.0,0.0,1763.7027587890625,1833.5999755859375,300.0,0.0,0.0,3000.0,1000000.0,,0.0,3000.0,1200.0,5000.0,0.0,7089.69921875,4389.9072265625,0.0,22222.84375,0.0,12748.2421875,1050.0,1000000.0,0.0,12140.0,7567.91650390625,,100.0,3870.53759765625,4463.43994140625,4633.93701171875,100.0,5000.0,6296.375,6364.06640625,0.0,,0.0,50.0,0.0,2792.767578125,999999.0,0.0,30.0,4500.0,4500.0,0.0,2595.456298828125,0.0,,30.0,4190.0869140625,10174.0029296875,10614.037109375,50.0,0.0,4556.4189453125,,17459.099609375,999999.0,0.0,10000.0,0.0,5429.9365234375,5878.7001953125,50.0,13000.0,0.0,2300.0,1000000.0,7073.5751953125,,12494.4794921875,400.0,4952.1796875,0.0,5049.376953125,400.0,7832.697265625,,0.0,2559.277099609375,1000000.0,,1200.0,7031.18701171875,0.0,11536.4365234375,11875.109375,1200.0,15665.39453125,0.0,16301.8974609375,0.0,1350.0,1000000.0,24796.0,3431.846435546875,13727.3857421875,9798.841796875,,0.0
1964-01-28,50.0,1194.3939208984375,1751.5205078125,1607.7510986328125,50.0,0.0,,1194.3939208984375,50.0,1718.6163330078125,1196.108154296875,1080.1719970703125,50.0,2348.85986328125,3000.0,3000.0,0.0,,0.0,300.0,0.0,1643.199951171875,1643.199951171875,300.0,0.0,0.0,3000.0,1000000.0,,0.0,3000.0,1200.0,5000.0,0.0,7193.0634765625,3926.60498046875,0.0,23415.125,0.0,13473.4443359375,1050.0,1000000.0,0.0,12140.0,6767.91650390625,,100.0,3489.588134765625,4091.39404296875,3819.258056640625,100.0,5000.0,6500.0,6500.0,0.0,,0.0,50.0,0.0,2637.615478515625,999999.0,0.0,30.0,4500.0,4500.0,0.0,2183.777587890625,0.0,,30.0,4100.59619140625,9192.4140625,9376.310546875,50.0,0.0,4522.32568359375,,17673.900390625,999999.0,0.0,10000.0,0.0,4660.7001953125,4660.7001953125,50.0,13000.0,0.0,2300.0,1000000.0,5855.5751953125,,13082.6181640625,400.0,4825.25439453125,0.0,4791.6513671875,400.0,8000.0,,0.0,2530.36767578125,1000000.0,,1200.0,7111.46630859375,0.0,11318.1787109375,11571.296875,1200.0,16000.0,0.0,16793.76953125,0.0,1350.0,1000000.0,24796.0,3515.593505859375,14062.3740234375,9419.4775390625,,0.0
1964-01-29,50.0,1184.633056640625,1604.875244140625,1823.453125,50.0,0.0,,1184.633056640625,50.0,1235.107666015625,1014.932373046875,1091.6693115234375,50.0,2253.23681640625,2912.468017578125,2941.56640625,0.0,,0.0,300.0,0.0,1524.016357421875,1789.0999755859375,300.0,0.0,0.0,3000.0,1000000.0,,0.0,3000.0,1200.0,5000.0,0.0,6597.90478515625,4851.06982421875,0.0,23140.69140625,0.0,13327.33984375,1050.0,1000000.0,0.0,12140.0,7467.91650390625,,100.0,3029.302490234375,3774.43115234375,3911.661865234375,100.0,4923.96044921875,6310.34765625,6373.39404296875,0.0,,0.0,50.0,0.0,2236.686279296875,999999.0,0.0,30.0,4500.0,4500.0,0.0,2000.0,0.0,,30.0,3984.59228515625,7983.5234375,8305.6494140625,50.0,0.0,4427.88671875,,17798.900390625,999999.0,0.0,10000.0,0.0,4408.669921875,5725.2001953125,50.0,13000.0,0.0,2300.0,1000000.0,6920.0751953125,,13951.029296875,400.0,4273.41845703125,0.0,4776.62890625,400.0,7844.17724609375,,0.0,2468.301025390625,1000000.0,,1200.0,7028.94384765625,0.0,10222.4326171875,11211.1357421875,1200.0,15688.3544921875,0.0,18640.470703125,0.0,1350.0,1000000.0,24796.0,3555.733154296875,14222.9326171875,9136.9794921875,,0.0
1964-01-30,50.0,1204.0322265625,1557.3638916015625,1798.1087646484375,50.0,0.0,,1204.0322265625,50.0,1095.7578125,935.24365234375,1027.4918212890625,50.0,2213.833740234375,3000.0,3000.0,0.0,,0.0,300.0,0.0,1297.4180908203125,1645.9000244140625,300.0,0.0,0.0,3000.0,1000000.0,,0.0,3000.0,1200.0,5000.0,0.0,5767.330078125,4400.71337890625,0.0,25725.673828125,0.0,14075.2958984375,1050.0,1000000.0,0.0,12140.0,6867.91650390625,,100.0,2958.6083984375,3754.916748046875,3746.294189453125,100.0,4924.5390625,6500.0,6500.0,0.0,,0.0,50.0,0.0,1989.4189453125,999999.0,0.0,30.0,4500.0,4500.0,0.0,2021.353515625,0.0,,30.0,3853.091064453125,6843.17626953125,7319.3037109375,50.0,0.0,4913.1513671875,,17438.30078125,999999.0,0.0,10000.0,0.0,3475.396728515625,4986.7998046875,50.0,13000.0,0.0,2300.0,1000000.0,6181.6748046875,,13379.2412109375,400.0,4000.853515625,0.0,4602.9619140625,400.0,8000.0,,0.0,2435.28857421875,1000000.0,,1200.0,6875.591796875,0.0,9463.763671875,10847.2490234375,1200.0,16000.0,0.0,16329.0439453125,0.0,1350.0,1000000.0,24796.0,3514.471923828125,14057.8876953125,8917.4140625,,0.0
1964-01-31,50.0,1211.70654296875,1321.05712890625,1937.464599609375,50.0,0.0,,1211.70654296875,50.0,1014.98486328125,801.2555541992188,926.843994140625,50.0,2179.596923828125,2825.038330078125,2883.201416015625,0.0,,0.0,300.0,0.0,1019.3941650390625,2100.0,300.0,0.0,0.0,3000.0,1000000.0,,0.0,3000.0,1200.0,5000.0,0.0,4786.7265625,4400.4755859375,0.0,25987.271484375,0.0,14236.20703125,1050.0,1000000.0,0.0,12140.0,6767.91650390625,,100.0,2875.94677734375,3345.6396484375,3462.52490234375,100.0,4890.0625,6120.91650390625,6246.93603515625,0.0,,0.0,50.0,0.0,1551.5941162109375,999999.0,0.0,30.0,4500.0,4500.0,0.0,2160.772705078125,0.0,,30.0,3705.776611328125,5683.4541015625,6332.82763671875,50.0,0.0,4338.349609375,,18239.099609375,999999.0,0.0,10000.0,0.0,2326.747314453125,4651.2001953125,50.0,13000.0,0.0,2300.0,1000000.0,5846.0751953125,,14626.037109375,400.0,3449.954833984375,0.0,4833.0654296875,400.0,7688.53662109375,,0.0,2384.26171875,1000000.0,,1200.0,6691.90234375,0.0,8553.4892578125,10775.5439453125,1200.0,15377.0732421875,0.0,16814.7265625,0.0,1350.0,1000000.0,24796.0,3437.7958984375,13751.18359375,9012.1015625,,0.0
1964-02-01,50.0,1231.28076171875,996.6669921875,2206.5625,50.0,0.0,,1231.28076171875,75.0,999.58349609375,670.2683715820312,1044.7921142578125,50.0,2197.411376953125,2948.407470703125,2965.55859375,0.0,,0.0,300.0,0.0,456.17388916015625,2100.0,300.0,0.0,0.0,3000.0,1000000.0,,5427.5,3000.0,1000.0,5000.0,0.0,3650.0634765625,4666.98388671875,0.0,25615.62890625,0.0,14167.6220703125,1050.0,1000000.0,0.0,12140.0,6967.91650390625,,190.0,2719.814208984375,2800.12451171875,4071.209228515625,100.0,4803.6025390625,6388.21630859375,6425.37646484375,0.0,,0.0,50.0,0.0,1135.5699462890625,999999.0,0.0,30.0,4500.0,4500.0,0.0,2464.25341796875,0.0,,50.0,3539.11865234375,4527.18115234375,5545.822265625,50.0,0.0,4062.05126953125,,17370.0,999999.0,0.0,10000.0,0.0,1040.4520263671875,5082.7001953125,50.0,13000.0,0.0,2300.0,1000000.0,6277.5751953125,,14005.3486328125,400.0,2709.9599609375,0.0,5711.61181640625,400.0,7908.15576171875,,0.0,2406.107666015625,1000000.0,,1200.0,6610.29638671875,0.0,7338.619140625,11631.6328125,1200.0,15816.3115234375,0.0,17119.634765625,0.0,1350.0,1000000.0,24796.0,3345.951171875,13383.8046875,9941.791015625,,0.0
1964-02-02,50.0,1294.057861328125,732.2698974609375,1695.85546875,50.0,0.0,,1294.057861328125,75.0,1265.7811279296875,557.2456665039062,837.9839477539062,50.0,2225.2109375,3000.0,3000.0,0.0,,0.0,300.0,0.0,0.0,1116.8333740234375,300.0,0.0,0.0,3000.0,1000000.0,,4227.5,3000.0,1000.0,5000.0,0.0,2666.112548828125,3273.0458984375,0.0,26662.607421875,0.0,15499.4453125,1050.0,1000000.0,0.0,12140.0,6067.91650390625,,190.0,2958.013427734375,2307.4150390625,3047.804443359375,100.0,4985.00244140625,6500.0,6500.0,0.0,,0.0,50.0,0.0,848.2952270507812,999999.0,0.0,30.0,4500.0,4500.0,0.0,3442.5771484375,0.0,,50.0,3368.969970703125,3395.8349609375,4369.6484375,50.0,0.0,4126.53271484375,,17995.5,999999.0,0.0,10000.0,0.0,0.0,2977.380615234375,50.0,13000.0,0.0,2300.0,1000000.0,4896.5751953125,,14812.439453125,400.0,1961.0419921875,0.0,4665.14794921875,400.0,8000.0,,0.0,2582.186767578125,1000000.0,,1200.0,6900.56787109375,0.0,5858.87060546875,10363.400390625,1200.0,16000.0,0.0,17881.74609375,0.0,1350.0,1000000.0,24796.0,3305.148193359375,13220.5927734375,9292.3525390625,,0.0
1964-02-03,50.0,1329.8427734375,543.9334716796875,1387.4814453125,50.0,0.0,,1329.8427734375,75.0,1382.294189453125,464.42108154296875,703.8819580078125,50.0,2235.508056640625,3000.0,3000.0,0.0,,0.0,300.0,0.0,0.0,0.0,300.0,0.0,0.0,3000.0,1000000.0,,2627.5,3000.0,1000.0,5000.0,0.0,1990.7373046875,2330.619384765625,0.0,27084.998046875,0.0,16050.6796875,1050.0,1000000.0,0.0,12140.0,5850.0,,190.0,2856.281982421875,1931.80615234375,2335.495849609375,100.0,4705.2958984375,6500.0,6500.0,0.0,,0.0,50.0,0.0,626.8657836914062,999999.0,0.0,30.0,4500.0,4500.0,0.0,3812.59912109375,0.0,,50.0,3158.2802734375,2281.158935546875,3244.26708984375,50.0,0.0,4254.4765625,,18131.30078125,999999.0,0.0,10000.0,0.0,0.0,2714.375,50.0,13000.0,0.0,3007.2294921875,1000000.0,4760.0,,14951.8037109375,400.0,1342.000732421875,0.0,3687.609130859375,400.0,8000.0,,0.0,2693.451416015625,1000000.0,,1200.0,7216.67724609375,0.0,4371.240234375,8703.9248046875,1200.0,16000.0,0.0,19233.341796875,0.0,1350.0,1000000.0,24796.0,2929.435302734375,11717.7412109375,8218.0107421875,,0.0
1964-02-04,50.0,1357.1754150390625,394.8540954589844,1253.365478515625,50.0,0.0,,1357.1754150390625,75.0,1462.94384765625,386.8424377441406,607.56689453125,50.0,2159.4091796875,3000.0,3000.0,0.0,,0.0,300.0,0.0,0.0,0.0,300.0,0.0,0.0,3000.0,1000000.0,,1200.0,3000.0,1000.0,5000.0,0.0,1360.223388671875,1629.8458251953125,0.0,27241.3515625,0.0,16114.9033203125,1050.0,1000000.0,0.0,12140.0,5850.0,,190.0,2664.165771484375,1579.2908935546875,2132.51904296875,100.0,4346.6181640625,6500.0,6500.0,0.0,,0.0,50.0,0.0,420.78082275390625,999999.0,0.0,30.0,4500.0,4500.0,0.0,3834.279296875,0.0,,50.0,2949.309814453125,1504.5419921875,2453.2431640625,50.0,0.0,4330.5888671875,,18201.80078125,999999.0,0.0,10000.0,0.0,0.0,2789.211181640625,50.0,13000.0,0.0,3535.68017578125,1000000.0,4760.0,,15058.6669921875,400.0,844.7158203125,0.0,3254.228271484375,400.0,8000.0,,0.0,2802.02734375,1000000.0,,1200.0,7679.16943359375,0.0,3216.218505859375,7373.4375,1200.0,16000.0,0.0,20126.96875,0.0,1350.0,1000000.0,24796.0,2185.6201171875,8742.48046875,7860.0,,0.0
1964-02-05,50.0,1395.4088134765625,250.31932067871094,1149.5853271484375,50.0,0.0,,1395.4088134765625,75.0,1541.6160888671875,331.30865478515625,535.795654296875,50.0,2010.4410400390625,3000.0,3000.0,0.0,,0.0,300.0,0.0,0.0,0.0,300.0,0.0,0.0,3000.0,1000000.0,,1200.0,3000.0,1000.0,5062.12451171875,0.0,867.4154663085938,1279.576904296875,0.0,27462.578125,0.0,16300.0947265625,1050.0,1000000.0,0.0,12140.0,5850.0,,190.0,2658.40869140625,1269.66064453125,1927.625,100.0,4178.04541015625,6500.0,6500.0,0.0,,0.0,50.0,0.0,244.44273376464844,999999.0,0.0,30.0,4500.0,4500.0,0.0,3861.8369140625,0.0,,50.0,2825.373779296875,970.8062133789062,1898.685302734375,50.0,0.0,4427.1240234375,,18209.69921875,999999.0,0.0,10000.0,0.0,0.0,1975.3350830078125,50.0,13000.0,0.0,3537.71533203125,1000000.0,4760.0,,15056.88671875,400.0,417.53485107421875,0.0,2982.017578125,400.0,8000.0,,0.0,2997.089111328125,1000000.0,,1200.0,8233.087890625,0.0,2253.2890625,6298.5712890625,1200.0,16000.0,0.0,20656.6484375,0.0,1350.0,1000000.0,24796.0,1608.1092529296875,6432.43701171875,7860.0,,0.0
1964-02-06,50.0,1440.6038818359375,134.92636108398438,1011.0111694335938,50.0,0.0,,1440.6038818359375,75.0,1621.2374267578125,268.68994140625,471.1524963378906,50.0,1934.4708251953125,3000.0,3000.0,0.0,,0.0,300.0,0.0,0.0,0.0,300.0,0.0,0.0,3000.0,1000000.0,,1200.0,3000.0,1000.0,5353.60986328125,0.0,423.8555603027344,565.7713623046875,0.0,26268.07421875,0.0,16350.8779296875,1050.0,1000000.0,0.0,12140.0,5850.0,,190.0,2749.005615234375,1004.0497436523438,1592.77734375,100.0,3996.52783203125,6500.0,6500.0,0.0,,0.0,50.0,0.0,107.14131927490234,999999.0,0.0,30.0,4500.0,4500.0,0.0,3891.681640625,0.0,,50.0,2776.5419921875,602.3999633789062,1508.2626953125,50.0,0.0,4515.189453125,,18312.30078125,999999.0,0.0,10000.0,0.0,0.0,1738.8629150390625,50.0,13000.0,0.0,4021.367919921875,1000000.0,4760.0,,15142.275390625,400.0,98.59978485107422,0.0,2705.38916015625,400.0,8000.0,,0.0,3264.86181640625,1000000.0,,1200.0,8873.1953125,0.0,1531.6165771484375,5502.6240234375,1200.0,16000.0,0.0,20011.228515625,0.0,1350.0,1000000.0,24796.0,1126.64453125,4506.578125,7860.0,,0.0
1964-02-07,50.0,1483.31201171875,46.83366394042969,877.1932983398438,50.0,0.0,,1483.31201171875,75.0,1715.120361328125,224.47122192382812,446.1962585449219,50.0,1921.1346435546875,3000.0,3000.0,0.0,,0.0,300.0,0.0,0.0,0.0,300.0,0.0,0.0,3000.0,1000000.0,,1100.0,3000.0,1000.0,5565.90771484375,0.0,0.0,0.0,0.0,25253.5703125,0.0,16234.8759765625,1050.0,1000000.0,0.0,12140.0,5850.0,,190.0,2828.840576171875,806.8091430664062,1334.239990234375,100.0,3677.49755859375,6500.0,6500.0,0.0,,0.0,50.0,0.0,0.0,999999.0,0.0,30.0,4500.0,4500.0,0.0,3919.5087890625,0.0,,50.0,2776.349365234375,343.37896728515625,1232.5140380859375,50.0,0.0,4485.982421875,,18388.599609375,999999.0,0.0,10000.0,0.0,0.0,1434.5185546875,50.0,13000.0,0.0,4425.26025390625,1000000.0,4760.0,,15210.083984375,400.0,0.0,0.0,2289.580810546875,400.0,8000.0,,0.0,3498.64013671875,1000000.0,,1200.0,9558.3955078125,0.0,1060.73974609375,4708.01220703125,1200.0,16000.0,0.0,20031.65625,0.0,1350.0,1000000.0,24796.0,765.8082885742188,3063.233154296875,7860.0,,0.0
1964-02-08,50.0,1571.731201171875,0.0,799.57666015625,50.0,0.0,,1571.731201171875,75.0,1834.155029296875,199.6013641357422,368.8518371582031,50.0,1968.48291015625,3000.0,3000.0,0.0,,0.0,300.0,0.0,0.0,0.0,300.0,0.0,0.0,3000.0,1000000.0,,1000.0,3000.0,1000.0,5737.4111328125,0.0,0.0,0.0,0.0,24452.708984375,0.0,16244.06640625,1050.0,1000000.0,0.0,12140.0,5850.0,,190.0,2892.019775390625,703.5133666992188,1101.5035400390625,100.0,3463.365234375,6500.0,6500.0,0.0,,0.0,50.0,0.0,0.0,999999.0,0.0,30.0,4500.0,4500.0,0.0,3942.80712890625,0.0,,50.0,2810.95751953125,165.83151245117188,1039.495849609375,50.0,0.0,4449.69189453125,,18455.5,999999.0,0.0,10000.0,0.0,0.0,1144.1962890625,50.0,13000.0,0.0,4767.10546875,1000000.0,4760.0,,15267.3486328125,400.0,0.0,0.0,1906.922607421875,400.0,8000.0,,0.0,3680.250244140625,1000000.0,,1200.0,10156.384765625,0.0,931.9552001953125,4170.29150390625,1200.0,16000.0,0.0,19855.453125,0.0,1350.0,1000000.0,24796.0,600.0,2400.0,7860.0,,0.0
1964-02-09,50.0,1667.8902587890625,0.0,717.6377563476562,50.0,0.0,,1667.8902587890625,75.0,1906.360595703125,182.151611328125,342.9444580078125,50.0,1993.607177734375,3000.0,3000.0,0.0,,0.0,300.0,0.0,0.0,0.0,300.0,0.0,0.0,3000.0,1000000.0,,900.0,3000.0,1000.0,5892.15771484375,0.0,0.0,0.0,0.0,23847.6875,0.0,16373.083984375,1050.0,1000000.0,0.0,12140.0,5850.0,,190.0,2919.864013671875,655.502685546875,963.09912109375,100.0,3304.25,6500.0,6500.0,0.0,,0.0,50.0,0.0,0.0,999999.0,0.0,30.0,4500.0,4500.0,0.0,3964.222412109375,0.0,,50.0,2868.402587890625,35.3521728515625,904.1732788085938,50.0,0.0,4491.94482421875,,18522.30078125,999999.0,31.56329345703125,10000.0,0.0,0.0,834.25732421875,50.0,13000.0,0.0,5059.6865234375,1000000.0,4760.0,,15318.5126953125,400.0,0.0,0.0,1484.900390625,400.0,8000.0,,0.0,3843.862548828125,1000000.0,,1200.0,10669.806640625,0.0,617.936279296875,3848.8740234375,1200.0,16000.0,0.0,19827.236328125,0.0,1350.0,1000000.0,24796.0,600.0,2400.0,7860.0,,0.0
1964-02-10,50.0,1761.0174560546875,0.0,694.0322265625,50.0,0.0,,1761.0174560546875,75.0,1984.4393310546875,160.5063934326172,338.4833984375,50.0,2042.603759765625,3000.0,3000.0,0.0,,0.0,300.0,0.0,0.0,0.0,300.0,0.0,0.0,3000.0,1000000.0,,1000.0,3000.0,1000.0,6026.75048828125,0.0,0.0,0.0,0.0,23705.150390625,0.0,16277.59375,1050.0,1000000.0,0.0,12140.0,5850.0,,190.0,2942.652587890625,588.0106201171875,966.631591796875,100.0,3205.712646484375,6500.0,6500.0,0.0,,0.0,50.0,0.0,0.0,999999.0,0.0,30.0,4500.0,4500.0,0.0,3981.96923828125,0.0,,50.0,2939.963134765625,0.0,803.870361328125,50.0,0.0,4497.77099609375,,18597.900390625,999999.0,9.121337890625,10000.0,0.0,0.0,683.7628784179688,50.0,13000.0,0.0,5323.65185546875,1000000.0,4760.0,,15366.732421875,400.0,0.0,0.0,769.9890747070312,400.0,8000.0,,0.0,3787.269287109375,1000000.0,,1200.0,11182.306640625,0.0,121.66991424560547,4195.00439453125,1200.0,16000.0,0.0,19694.765625,0.0,1350.0,1000000.0,24796.0,600.0,2400.0,7860.0,,0.0
1964-02-11,50.0,1723.344970703125,0.0,458.8353576660156,50.0,0.0,,1723.344970703125,75.0,2091.20263671875,144.72543334960938,334.6507568359375,50.0,2128.424072265625,3000.0,3000.0,0.0,,0.0,300.0,0.0,0.0,0.0,300.0,0.0,0.0,3000.0,1000000.0,,800.0,3000.0,1000.0,6162.31591796875,0.0,0.0,0.0,0.0,22698.9765625,0.0,16174.4892578125,1050.0,1000000.0,0.0,12140.0,5850.0,,190.0,3031.97998046875,527.5502319335938,1000.8585815429688,100.0,3209.58740234375,6500.0,6500.0,0.0,,0.0,50.0,0.0,0.0,999999.0,0.0,30.0,4500.0,4500.0,0.0,4000.226318359375,0.0,,50.0,2999.889404296875,0.0,718.7393188476562,50.0,0.0,4585.8193359375,,18469.400390625,999999.0,0.0,10000.0,0.0,0.0,727.5296020507812,50.0,13000.0,0.0,5588.86083984375,1000000.0,4760.0,,15417.763671875,400.0,0.0,0.0,401.19744873046875,400.0,8000.0,,0.0,3931.672119140625,1000000.0,,1200.0,11872.669921875,0.0,0.0,3468.02294921875,1200.0,16000.0,0.0,19504.595703125,0.0,1350.0,1000000.0,24796.0,675.0,2700.0,7860.0,,0.0
1964-02-12,50.0,1818.988037109375,0.0,368.8020324707031,50.0,0.0,,1818.988037109375,75.0,2205.872802734375,143.17579650878906,305.3961181640625,50.0,2230.3828125,3000.0,3000.0,0.0,,0.0,300.0,0.0,0.0,0.0,300.0,0.0,0.0,3000.0,1000000.0,,1000.0,3000.0,1000.0,6317.24658203125,0.0,0.0,0.0,0.0,22296.6953125,0.0,16291.1591796875,1050.0,1000000.0,0.0,12140.0,5850.0,,190.0,3183.606201171875,490.41552734375,900.5057373046875,100.0,3291.451416015625,6500.0,6500.0,0.0,,0.0,50.0,0.0,0.0,999999.0,0.0,30.0,4500.0,4500.0,0.0,4019.710205078125,0.0,,50.0,3058.44921875,0.0,594.4039306640625,50.0,0.0,4558.7490234375,,18558.599609375,999999.0,67.36328125,10000.0,0.0,0.0,395.962890625,50.0,13000.0,0.0,5900.62158203125,1000000.0,4760.0,,15469.037109375,400.0,0.0,0.0,0.0,400.0,8000.0,,0.0,4068.70361328125,1000000.0,,1200.0,12383.306640625,0.0,0.0,2559.8251953125,1200.0,16000.0,0.0,19540.3828125,0.0,1350.0,1000000.0,24796.0,675.0,2700.0,7860.0,,0.0
1964-02-13,50.0,1904.89208984375,0.0,274.543701171875,50.0,0.0,,1904.89208984375,75.0,2296.5068359375,178.9099578857422,291.13677978515625,50.0,2312.21337890625,3000.0,3000.0,0.0,,0.0,300.0,0.0,0.0,0.0,300.0,0.0,0.0,3000.0,1000000.0,,800.0,3000.0,1000.0,6437.67138671875,0.0,0.0,0.0,0.0,21728.2890625,0.0,16317.654296875,1050.0,1000000.0,0.0,12140.0,5850.0,,190.0,3289.492919921875,511.7059020996094,840.4588623046875,100.0,3361.389892578125,6500.0,6500.0,0.0,,0.0,50.0,0.0,0.0,999999.0,0.0,30.0,4500.0,4500.0,0.0,4035.52880859375,0.0,,50.0,3028.5654296875,0.0,323.3804931640625,50.0,0.0,4585.23974609375,,18527.5,999999.0,124.63557434082031,10000.0,0.0,0.0,64.75286865234375,50.0,13000.0,0.0,6160.3408203125,1000000.0,4760.0,,15512.6103515625,400.0,0.0,0.0,0.0,400.0,8000.0,,0.0,4195.68505859375,1000000.0,,1200.0,12704.748046875,0.0,0.0,1913.8349609375,1200.0,16000.0,0.0,19491.498046875,0.0,1350.0,1000000.0,24796.0,675.0,2700.0,7860.0,,0.0
1964-02-14,50.0,1982.4656982421875,0.0,180.5631561279297,50.0,0.0,,1982.4656982421875,75.0,2350.737548828125,214.24220275878906,293.7632141113281,50.0,2361.09375,3000.0,3000.0,0.0,,0.0,300.0,0.0,0.0,0.0,300.0,0.0,0.0,3000.0,1000000.0,,800.0,3000.0,1000.0,6543.9287109375,0.0,0.0,0.0,0.0,21025.220703125,0.0,16282.888671875,1050.0,1000000.0,0.0,12140.0,5850.0,,190.0,3368.38427734375,525.5377197265625,798.986083984375,100.0,3416.3154296875,6500.0,6500.0,0.0,,0.0,50.0,0.0,0.0,999999.0,0.0,30.0,4500.0,4500.0,0.0,4051.708984375,0.0,,50.0,3083.05322265625,0.0,206.19264221191406,50.0,0.0,4649.32958984375,,18594.0,999999.0,173.66326904296875,10000.0,0.0,0.0,0.0,50.0,13000.0,0.0,6384.61669921875,1000000.0,4760.0,,15550.806640625,400.0,0.0,0.0,0.0,400.0,8000.0,,0.0,4313.05908203125,1000000.0,,1200.0,12993.0625,0.0,0.0,1320.0899658203125,1200.0,16000.0,0.0,19461.2734375,0.0,1350.0,1000000.0,24796.0,675.0,2700.0,7860.0,,0.0
1964-02-15,50.0,2055.8740234375,0.0,103.94371032714844,50.0,0.0,,2055.8740234375,75.0,2334.49169921875,174.8700714111328,355.08392333984375,50.0,2341.395751953125,3000.0,3000.0,0.0,,0.0,300.0,0.0,0.0,0.0,300.0,0.0,0.0,3000.0,1000000.0,,800.0,3000.0,1000.0,6678.521484375,0.0,0.0,0.0,0.0,20449.931640625,0.0,16106.552734375,1050.0,1000000.0,0.0,12140.0,5850.0,,190.0,3441.451904296875,546.3682861328125,887.5706787109375,100.0,3478.73193359375,6500.0,6500.0,0.0,,0.0,50.0,0.0,0.0,999999.0,0.0,30.0,4500.0,4500.0,0.0,4066.384765625,0.0,,50.0,3133.4267578125,0.0,160.55459594726562,50.0,0.0,4693.12939453125,,18517.900390625,999999.0,72.3170394897461,10000.0,0.0,0.0,0.0,50.0,13000.0,0.0,6584.51025390625,1000000.0,4760.0,,15588.8564453125,400.0,0.0,0.0,0.0,400.0,8000.0,,0.0,4424.126953125,1000000.0,,1200.0,13276.91015625,0.0,0.0,905.66162109375,1200.0,16000.0,0.0,19344.169921875,0.0,1350.0,1000000.0,24796.0,675.0,2700.0,7860.0,,0.0
1964-02-16,50.0,2119.2822265625,0.0,1.0048216581344604,50.0,0.0,,2119.2822265625,75.0,2500.0,207.64306640625,414.8769226074219,50.0,2500.0,3000.0,3000.0,0.0,,0.0,300.0,0.0,0.0,0.0,300.0,0.0,0.0,3000.0,1000000.0,,700.0,3000.0,1000.0,6784.77880859375,0.0,0.0,0.0,0.0,20553.4609375,0.0,15993.1748046875,1050.0,1000000.0,0.0,12140.0,5850.0,,190.0,3417.3603515625,470.0140380859375,836.3762817382812,100.0,3440.344970703125,6500.0,6500.0,0.0,,0.0,50.0,0.0,0.0,999999.0,0.0,30.0,4500.0,4500.0,0.0,4086.358642578125,0.0,,50.0,3192.7177734375,0.0,166.4747314453125,50.0,0.0,4729.994140625,,18343.0,999999.0,54.44169235229492,10000.0,0.0,0.0,0.0,50.0,13000.0,0.0,6828.41552734375,1000000.0,4760.0,,15634.4033203125,400.0,0.0,0.0,0.0,400.0,8000.0,,0.0,4535.88232421875,1000000.0,,1200.0,13615.294921875,0.0,0.0,263.85174560546875,1200.0,16000.0,0.0,19223.083984375,0.0,1350.0,1000000.0,24796.0,675.0,2700.0,7860.0,,0.0
1964-02-17,50.0,2180.3525390625,0.0,0.0,50.0,0.0,,2180.3525390625,75.0,2502.333251953125,101.60806274414062,317.2225646972656,50.0,2498.962646484375,3000.0,3000.0,0.0,,0.0,300.0,0.0,0.0,0.0,300.0,0.0,0.0,3000.0,1000000.0,,700.0,3000.0,1000.0,6862.701171875,0.0,0.0,0.0,0.0,19705.25,0.0,15819.859375,1050.0,1000000.0,0.0,12140.0,5850.0,,190.0,3601.431640625,530.386474609375,871.86962890625,100.0,3601.431640625,6500.0,6500.0,0.0,,0.0,50.0,0.0,0.0,999999.0,0.0,30.0,4500.0,4500.0,0.0,4109.01220703125,0.0,,50.0,3236.218017578125,0.0,197.65040588378906,50.0,0.0,4801.95361328125,,18454.900390625,999999.0,0.6416422724723816,10000.0,0.0,0.0,0.0,50.0,13000.0,0.0,7055.05712890625,1000000.0,4760.0,,15680.5126953125,400.0,0.0,0.0,0.0,400.0,8000.0,,0.0,4637.5166015625,1000000.0,,1200.0,13917.337890625,0.0,0.0,0.0,1200.0,16000.0,0.0,19283.994140625,0.0,1350.0,1000000.0,24796.0,675.0,2700.0,7860.0,,0.0
1964-02-18,50.0,2241.867431640625,0.0,0.0,50.0,0.0,,2241.867431640625,75.0,2602.001953125,157.39573669433594,344.5787048339844,50.0,2543.233642578125,3000.0,3000.0,0.0,,0.0,300.0,0.0,0.0,0.0,300.0,0.0,0.0,3000.0,1000000.0,,700.0,3000.0,1000.0,6954.79052734375,0.0,0.0,0.0,0.0,19289.109375,0.0,15730.2060546875,1050.0,1000000.0,0.0,12140.0,5850.0,,190.0,3722.856689453125,556.2235717773438,943.2066650390625,100.0,3722.856689453125,6500.0,6500.0,0.0,,0.0,50.0,0.0,0.0,999999.0,0.0,30.0,4500.0,4500.0,0.0,4133.712890625,0.0,,50.0,3282.60302734375,0.0,109.61390686035156,50.0,0.0,4862.83203125,,18436.599609375,999999.0,0.0,10000.0,0.0,0.0,0.0,50.0,13000.0,0.0,7313.39453125,1000000.0,4760.0,,15730.71484375,400.0,0.0,0.0,0.0,400.0,8000.0,,0.0,4734.68701171875,1000000.0,,1200.0,14219.2578125,0.0,0.0,0.0,1200.0,16000.0,0.0,19264.4921875,0.0,1350.0,1000000.0,24796.0,675.0,2700.0,7860.0,,0.0
1964-02-19,50.0,2307.547607421875,0.0,0.0,50.0,0.0,,2307.547607421875,75.0,2604.334716796875,69.857177734375,283.03997802734375,50.0,2542.66552734375,3000.0,3000.0,0.0,,0.0,300.0,0.0,0.0,0.0,300.0,0.0,0.0,3000.0,1000000.0,,700.0,3000.0,1000.0,7046.88037109375,0.0,0.0,0.0,0.0,19189.400390625,0.0,15802.828125,1050.0,1000000.0,0.0,12140.0,5850.0,,190.0,3844.281982421875,538.2137451171875,946.40380859375,100.0,3844.281982421875,6500.0,6500.0,0.0,,0.0,50.0,0.0,0.0,999999.0,0.0,30.0,4500.0,4500.0,0.0,4159.59814453125,0.0,,50.0,3324.74365234375,0.0,0.0,50.0,0.0,4919.03076171875,,18668.69921875,999999.0,0.0,10000.0,0.0,0.0,0.0,50.0,13000.0,0.0,7591.8720703125,1000000.0,4760.0,,15783.0576171875,400.0,0.0,0.0,0.0,400.0,8000.0,,0.0,4826.52099609375,1000000.0,,1200.0,14505.1279296875,0.0,0.0,0.0,1200.0,16000.0,0.0,19341.970703125,0.0,1350.0,1000000.0,24796.0,675.0,2700.0,7860.0,,0.0
1964-02-20,50.0,2376.351806640625,0.0,0.0,50.0,0.0,,2376.351806640625,75.0,2698.1318359375,110.6137924194336,292.91650390625,50.0,2581.509033203125,3000.0,3000.0,0.0,,0.0,300.0,0.0,0.0,0.0,300.0,0.0,0.0,3000.0,1000000.0,,700.0,3000.0,1000.0,7138.97021484375,0.0,0.0,0.0,0.0,18710.333984375,0.0,15858.52734375,1050.0,1000000.0,0.0,12140.0,5850.0,,190.0,3965.715576171875,544.0281372070312,907.731689453125,100.0,3965.715576171875,6500.0,6500.0,0.0,,0.0,50.0,0.0,0.0,999999.0,0.0,30.0,4500.0,4500.0,0.0,4183.30712890625,0.0,,50.0,3358.071533203125,0.0,0.0,50.0,0.0,4968.13134765625,,18349.19921875,999999.0,43.46331787109375,10000.0,0.0,0.0,0.0,50.0,13000.0,0.0,7860.05224609375,1000000.0,4760.0,,15830.4736328125,400.0,0.0,0.0,0.0,400.0,8000.0,,0.0,4923.19921875,1000000.0,,1200.0,14800.1904296875,0.0,0.0,0.0,1200.0,16000.0,0.0,19379.107421875,0.0,1350.0,1000000.0,24796.0,675.0,2700.0,7860.0,,0.0
1964-02-21,50.0,2442.031982421875,0.0,0.0,50.0,0.0,,2442.031982421875,75.0,2701.458740234375,1.6836811304092407,215.59568786621094,50.0,2579.8115234375,3000.0,3000.0,0.0,,0.0,300.0,0.0,0.0,0.0,300.0,0.0,0.0,3000.0,1000000.0,,700.0,3000.0,1000.0,7213.36669921875,0.0,0.0,0.0,0.0,18198.79296875,0.0,15884.4345703125,1050.0,1000000.0,0.0,12140.0,5850.0,,190.0,4077.1396484375,523.7860717773438,889.519287109375,100.0,4077.1396484375,6500.0,6500.0,0.0,,0.0,50.0,0.0,0.0,999999.0,0.0,30.0,4500.0,4500.0,0.0,4204.173828125,0.0,,50.0,3389.99853515625,0.0,0.0,50.0,0.0,5012.60205078125,,18619.30078125,999999.0,44.89369201660156,10000.0,0.0,0.0,0.0,50.0,13000.0,0.0,8109.552734375,1000000.0,4760.0,,15878.912109375,400.0,0.0,0.0,0.0,400.0,8000.0,,0.0,5021.91943359375,1000000.0,,1200.0,15006.310546875,0.0,0.0,0.0,1200.0,16000.0,0.0,19423.888671875,0.0,1350.0,1000000.0,24796.0,675.0,2700.0,,,0.0
1964-02-22,50.0,2501.25341796875,0.0,0.0,50.0,0.0,,2501.25341796875,75.0,2769.171630859375,53.691741943359375,248.41928100585938,50.0,2610.37939453125,3000.0,3000.0,0.0,,0.0,300.0,0.0,0.0,0.0,300.0,0.0,0.0,3000.0,1000000.0,,800.0,3000.0,1000.0,7287.67138671875,0.0,0.0,0.0,0.0,17597.779296875,0.0,15878.71875,1050.0,1000000.0,0.0,12140.0,5850.0,,190.0,4182.861328125,495.5276184082031,959.6817016601562,100.0,4182.861328125,6500.0,6500.0,0.0,,0.0,50.0,0.0,0.0,999999.0,0.0,30.0,4500.0,4500.0,0.0,4222.95166015625,0.0,,50.0,3418.550048828125,0.0,0.0,50.0,0.0,5056.70166015625,,18598.900390625,999999.0,14.167927742004395,10000.0,0.0,0.0,0.0,50.0,13000.0,0.0,8356.4501953125,1000000.0,4760.0,,15927.61328125,400.0,0.0,0.0,0.0,400.0,8000.0,,0.0,5113.11474609375,1000000.0,,1200.0,15029.0966796875,0.0,0.0,0.0,1200.0,16000.0,0.0,19422.673828125,0.0,1350.0,1000000.0,24796.0,675.0,2700.0,,,0.0
1964-02-23,50.0,2568.805419921875,0.0,0.0,50.0,0.0,,2568.805419921875,75.0,2840.5537109375,53.383941650390625,230.96078491210938,50.0,2637.225341796875,3000.0,3000.0,0.0,,0.0,300.0,0.0,0.0,0.0,300.0,0.0,0.0,3000.0,1000000.0,,800.0,3000.0,1000.0,7379.76123046875,0.0,0.0,0.0,0.0,17646.353515625,0.0,15959.16796875,1050.0,1000000.0,0.0,12140.0,5850.0,,190.0,4290.00439453125,413.1927490234375,843.7816772460938,100.0,4290.00439453125,6500.0,6500.0,0.0,,0.0,50.0,0.0,0.0,999999.0,0.0,30.0,4500.0,4500.0,0.0,4240.78173828125,0.0,,50.0,3442.751220703125,0.0,0.0,50.0,0.0,5095.6005859375,,18620.099609375,999999.0,78.3416519165039,10000.0,0.0,0.0,0.0,50.0,13000.0,0.0,8616.3544921875,1000000.0,,,15976.0029296875,400.0,0.0,0.0,0.0,400.0,8000.0,,0.0,5219.19775390625,1000000.0,,1200.0,15054.5390625,0.0,0.0,0.0,1200.0,16000.0,0.0,19462.443359375,0.0,1350.0,1000000.0,24796.0,675.0,2700.0,,,0.0
1964-02-24,50.0,2631.0859375,0.0,0.0,50.0,0.0,,2631.0859375,75.0,2843.702392578125,0.0,172.87060546875,50.0,2637.2744140625,3000.0,3000.0,0.0,,0.0,300.0,0.0,0.0,0.0,300.0,0.0,0.0,3000.0,1000000.0,,800.0,3000.0,1000.0,7456.296875,0.0,0.0,0.0,0.0,17696.568359375,0.0,16001.1240234375,1050.0,1000000.0,0.0,12140.0,5850.0,,190.0,4396.03076171875,328.65478515625,800.9869384765625,100.0,4396.03076171875,6500.0,6500.0,0.0,,0.0,50.0,0.0,0.0,999999.0,0.0,30.0,4500.0,4500.0,0.0,4256.0791015625,0.0,,50.0,3469.57958984375,0.0,0.0,50.0,0.0,5137.4482421875,,18642.5,999999.0,96.2416763305664,10000.0,0.0,0.0,0.0,50.0,13000.0,0.0,8848.3798828125,1000000.0,,,16021.216796875,400.0,0.0,0.0,0.0,400.0,8000.0,,0.0,5314.94775390625,1000000.0,,1200.0,15079.1552734375,0.0,0.0,0.0,1200.0,16000.0,0.0,19498.765625,0.0,1350.0,1000000.0,24796.0,675.0,2700.0,,,0.0
1964-02-25,50.0,2697.450927734375,0.0,0.0,50.0,0.0,,2697.450927734375,75.0,2894.822998046875,0.0,162.48634338378906,50.0,2656.946533203125,3000.0,3000.0,0.0,,0.0,300.0,0.0,0.0,0.0,300.0,0.0,0.0,3000.0,1000000.0,,700.0,3000.0,1000.0,7544.00146484375,0.0,0.0,0.0,0.0,17744.3671875,0.0,16090.6298828125,1050.0,1000000.0,0.0,12140.0,5850.0,,190.0,4502.85986328125,239.6291961669922,710.4915161132812,100.0,4502.85986328125,6500.0,6500.0,0.0,,0.0,50.0,0.0,0.0,999999.0,0.0,30.0,4500.0,4500.0,0.0,4270.20703125,0.0,,50.0,3490.636474609375,0.0,0.0,50.0,0.0,5171.28955078125,,18669.80078125,999999.0,172.6416473388672,10000.0,0.0,0.0,0.0,50.0,13000.0,0.0,9082.6591796875,1000000.0,,,16063.923828125,400.0,0.0,0.0,0.0,400.0,8000.0,,0.0,5427.69140625,1000000.0,,1200.0,15101.357421875,0.0,0.0,0.0,1200.0,16000.0,0.0,19547.064453125,0.0,1350.0,1000000.0,24796.0,675.0,2700.0,,,0.0
1964-02-26,50.0,2751.255126953125,0.0,0.0,50.0,0.0,,2751.255126953125,75.0,2939.5732421875,0.0,151.97802734375,50.0,2674.479736328125,3000.0,3000.0,0.0,,0.0,300.0,0.0,0.0,0.0,300.0,0.0,0.0,3000.0,1000000.0,,700.0,3000.0,1000.0,7618.212890625,0.0,0.0,0.0,0.0,17784.9765625,0.0,16213.84765625,1050.0,1000000.0,0.0,12140.0,5850.0,,190.0,4608.57275390625,167.51519775390625,586.2457275390625,100.0,4608.57275390625,6500.0,6500.0,0.0,,0.0,50.0,0.0,0.0,999999.0,0.0,30.0,4500.0,4500.0,0.0,4281.85205078125,0.0,,50.0,3509.0625,0.0,0.0,50.0,0.0,5195.498046875,,18685.099609375,999999.0,241.3369903564453,10000.0,0.0,0.0,0.0,50.0,13000.0,0.0,9274.2763671875,1000000.0,,,16098.486328125,400.0,0.0,0.0,0.0,400.0,8000.0,,0.0,5520.2177734375,1000000.0,,1200.0,15121.134765625,0.0,0.0,0.0,1200.0,16000.0,0.0,19553.087890625,0.0,1350.0,1000000.0,24796.0,675.0,2700.0,,,0.0
1964-02-27,50.0,2798.811279296875,0.0,0.0,50.0,0.0,,2798.811279296875,75.0,2980.829345703125,0.0,126.80473327636719,50.0,2689.497314453125,3000.0,3000.0,0.0,,0.0,300.0,0.0,0.0,0.0,300.0,0.0,0.0,3000.0,1000000.0,,600.0,3000.0,1000.0,7678.931640625,0.0,0.0,0.0,0.0,17816.517578125,0.0,16289.796875,1050.0,1000000.0,0.0,12140.0,5850.0,,190.0,4715.7158203125,123.99581909179688,530.31396484375,100.0,4715.7158203125,6500.0,6500.0,0.0,,0.0,50.0,0.0,0.0,999999.0,0.0,30.0,4500.0,4500.0,0.0,4291.01953125,0.0,,50.0,3526.29248046875,0.0,0.0,50.0,0.0,5220.53955078125,,18711.69921875,999999.0,294.235595703125,10000.0,0.0,0.0,0.0,50.0,13000.0,0.0,9434.7080078125,1000000.0,,,16126.9189453125,400.0,0.0,0.0,0.0,400.0,8000.0,,0.0,5604.2109375,1000000.0,,1200.0,15139.2880859375,0.0,0.0,0.0,1200.0,16000.0,0.0,19611.21484375,0.0,1350.0,1000000.0,24796.0,675.0,2700.0,,,0.0
1964-02-28,50.0,2842.095703125,0.0,0.0,50.0,0.0,,2842.095703125,75.0,3000.0,0.0,148.34156799316406,50.0,2705.241455078125,3000.0,3000.0,0.0,,0.0,300.0,0.0,0.0,0.0,300.0,0.0,0.0,3000.0,1000000.0,,700.0,3000.0,1000.0,7726.15673828125,0.0,0.0,0.0,0.0,17845.7578125,0.0,16304.154296875,1050.0,1000000.0,0.0,12140.0,5850.0,,190.0,4809.99755859375,139.65325927734375,496.9974365234375,100.0,4809.99755859375,6500.0,6500.0,0.0,,0.0,50.0,0.0,0.0,999999.0,0.0,30.0,4500.0,4500.0,0.0,4299.19091796875,0.0,,50.0,3543.522705078125,0.0,0.0,50.0,0.0,5242.068359375,,18727.099609375,999999.0,318.16326904296875,10000.0,0.0,0.0,0.0,50.0,13000.0,0.0,9569.3173828125,1000000.0,,,16151.3466796875,400.0,0.0,0.0,0.0,400.0,8000.0,,0.0,5676.8349609375,1000000.0,,1200.0,15155.1611328125,0.0,0.0,0.0,1200.0,16000.0,0.0,19632.369140625,0.0,1350.0,1000000.0,24796.0,675.0,2700.0,,,0.0
1964-02-29,50.0,2879.47607421875,0.0,0.0,50.0,0.0,,2879.47607421875,75.0,3000.0,0.0,143.64157104492188,50.0,2719.15966796875,3000.0,3000.0,0.0,,0.0,300.0,0.0,0.0,0.0,300.0,0.0,0.0,3000.0,1000000.0,,600.0,3000.0,1000.0,7773.38232421875,0.0,0.0,0.0,0.0,17877.248046875,0.0,16306.6083984375,1050.0,1000000.0,0.0,12140.0,5850.0,,190.0,4904.2880859375,170.99525451660156,550.6275634765625,100.0,4904.2880859375,6500.0,6500.0,0.0,,0.0,50.0,0.0,0.0,999999.0,0.0,30.0,4500.0,4500.0,0.0,4307.26025390625,0.0,,50.0,3562.1865234375,0.0,0.0,50.0,0.0,5220.37548828125,,18754.80078125,999999.0,351.53558349609375,10000.0,0.0,0.0,0.0,50.0,13000.0,0.0,9691.3955078125,1000000.0,,,16173.4345703125,400.0,0.0,0.0,0.0,400.0,8000.0,,0.0,5742.10986328125,1000000.0,,1200.0,15167.7578125,0.0,0.0,0.0,1200.0,16000.0,0.0,19648.44140625,0.0,1350.0,1000000.0,24796.0,675.0,2700.0,,,0.0
1964-03-01,50.0,2916.488037109375,0.0,0.0,50.0,0.0,,2916.488037109375,75.0,3000.0,0.0,279.3488464355469,50.0,2740.149658203125,3000.0,3000.0,0.0,,0.0,300.0,0.0,0.0,0.0,300.0,0.0,0.0,3000.0,1000000.0,,700.0,3000.0,1000.0,7834.10107421875,0.0,0.0,0.0,0.0,17917.458984375,0.0,16183.77734375,1050.0,1000000.0,0.0,12140.0,,,190.0,4880.47802734375,0.0,549.0808715820312,100.0,4880.47802734375,6500.0,6500.0,0.0,,0.0,50.0,0.0,0.0,999999.0,0.0,30.0,4500.0,4500.0,0.0,4315.0791015625,0.0,,50.0,3582.629150390625,0.0,0.0,50.0,0.0,5185.12890625,,18692.5,999999.0,265.87109375,10000.0,0.0,0.0,0.0,50.0,13000.0,0.0,9799.505859375,1000000.0,,,16197.6484375,400.0,0.0,800.0,0.0,400.0,8000.0,,0.0,5807.56884765625,1000000.0,,1200.0,15180.923828125,0.0,0.0,0.0,1200.0,16000.0,0.0,19526.171875,0.0,1350.0,1000000.0,24796.0,675.0,2700.0,,,0.0
1964-03-02,50.0,2963.5693359375,0.0,0.0,50.0,0.0,,2963.5693359375,75.0,3000.0,69.46064758300781,296.732177734375,50.0,2767.66357421875,3000.0,3000.0,0.0,,0.0,300.0,0.0,0.0,0.0,300.0,0.0,0.0,3000.0,1000000.0,,700.0,3000.0,1000.0,7908.3125,0.0,0.0,0.0,0.0,17957.029296875,0.0,16202.4296875,1050.0,1000000.0,0.0,12140.0,,,190.0,5000.0,86.91434478759766,639.9100341796875,100.0,5000.0,6500.0,6500.0,0.0,,0.0,50.0,0.0,0.0,999999.0,0.0,30.0,4500.0,4500.0,0.0,4324.22265625,0.0,,50.0,3618.930419921875,0.0,0.0,50.0,0.0,5213.57080078125,,18619.69921875,999999.0,274.1416320800781,10000.0,0.0,0.0,0.0,50.0,13000.0,0.0,9960.5771484375,1000000.0,,,16227.494140625,400.0,0.0,800.0,0.0,400.0,8000.0,,0.0,5814.6513671875,1000000.0,,1200.0,15202.599609375,0.0,0.0,0.0,1200.0,16000.0,0.0,19426.626953125,0.0,1350.0,1000000.0,24796.0,675.0,2700.0,,,0.0
1964-03-03,50.0,3001.5966796875,0.0,0.0,50.0,0.0,,3001.5966796875,75.0,3000.0,0.0,312.658935546875,50.0,2771.120361328125,3000.0,3000.0,0.0,,0.0,300.0,0.0,0.0,0.0,300.0,0.0,0.0,3000.0,1000000.0,,600.0,3000.0,1000.0,7969.03076171875,0.0,0.0,0.0,0.0,17993.33984375,0.0,16045.822265625,1050.0,1000000.0,0.0,12140.0,,,190.0,5000.0,247.9515380859375,688.7391967773438,100.0,5000.0,6500.0,6500.0,0.0,,0.0,50.0,0.0,0.0,999999.0,0.0,30.0,4500.0,4500.0,0.0,4334.6748046875,0.0,,50.0,3665.708740234375,0.0,0.0,50.0,0.0,5279.548828125,,18675.099609375,999999.0,247.84165954589844,10000.0,0.0,0.0,0.0,50.0,13000.0,0.0,10115.1220703125,1000000.0,,,16256.20703125,400.0,0.0,800.0,0.0,400.0,8000.0,,0.0,5826.5205078125,1000000.0,,1200.0,15230.7001953125,0.0,0.0,0.0,1200.0,16000.0,0.0,19368.60546875,0.0,1350.0,1000000.0,24796.0,675.0,2700.0,,,0.0
1964-03-04,50.0,3019.349609375,0.0,0.0,50.0,0.0,,3019.349609375,75.0,3000.0,362.66680908203125,599.7269897460938,50.0,2817.967041015625,3000.0,3000.0,0.0,,0.0,300.0,0.0,0.0,0.0,300.0,0.0,0.0,3000.0,1000000.0,,1100.0,3000.0,1000.0,8029.74951171875,0.0,0.0,0.0,0.0,18062.0234375,0.0,15097.59765625,1050.0,1000000.0,0.0,12140.0,,,190.0,5000.0,513.6798706054688,1182.6552734375,100.0,5000.0,6500.0,6500.0,0.0,,0.0,50.0,0.0,0.0,999999.0,0.0,30.0,4500.0,4500.0,0.0,4346.189453125,0.0,,50.0,3705.21826171875,0.0,0.0,50.0,0.0,5186.63427734375,,18835.30078125,999999.0,0.0,10000.0,0.0,0.0,0.0,50.0,13000.0,0.0,10264.5908203125,1000000.0,,,16103.2353515625,400.0,0.0,800.0,0.0,400.0,8000.0,,0.0,5833.34375,1000000.0,,1200.0,15264.658203125,0.0,0.0,0.0,1200.0,16000.0,0.0,19121.875,0.0,1350.0,1000000.0,24796.0,675.0,2700.0,,,0.0
1964-03-05,50.0,3061.723388671875,0.0,0.0,50.0,0.0,,3061.723388671875,75.0,3000.0,501.3887939453125,906.7193603515625,50.0,2838.79833984375,3000.0,3000.0,0.0,,0.0,300.0,0.0,0.0,0.0,300.0,0.0,0.0,3000.0,1000000.0,,1400.0,3000.0,1000.0,8195.88671875,0.0,0.0,0.0,0.0,18180.314453125,0.0,14333.6748046875,1050.0,1000000.0,0.0,12140.0,,,190.0,5000.0,1662.0594482421875,3065.203857421875,100.0,5000.0,6500.0,6500.0,0.0,,0.0,50.0,0.0,0.0,999999.0,0.0,30.0,4500.0,4500.0,0.0,4378.52001953125,0.0,,50.0,3746.881591796875,0.0,0.0,50.0,0.0,5148.654296875,,17360.0,999999.0,0.0,10000.0,0.0,0.0,0.0,50.0,13000.0,0.0,10642.376953125,1000000.0,,,15525.23046875,400.0,0.0,800.0,0.0,400.0,8000.0,,0.0,5893.30810546875,1000000.0,,1200.0,15314.4736328125,0.0,0.0,0.0,1200.0,16000.0,0.0,18213.888671875,0.0,1350.0,1000000.0,24796.0,675.0,2700.0,,,0.0
1964-03-06,50.0,3118.878173828125,0.0,0.0,50.0,0.0,,3118.878173828125,75.0,3000.0,439.8305969238281,772.2423095703125,50.0,2867.25927734375,3000.0,3000.0,0.0,,0.0,300.0,0.0,0.0,0.0,300.0,0.0,0.0,3000.0,1000000.0,,1000.0,3000.0,1000.0,8427.736328125,0.0,0.0,0.0,0.0,18279.48828125,0.0,15253.3232421875,1050.0,1000000.0,0.0,12140.0,,,190.0,5000.0,928.0111694335938,1742.56494140625,100.0,5000.0,6500.0,6500.0,0.0,,0.0,50.0,0.0,575.441650390625,999999.0,0.0,30.0,4500.0,4500.0,0.0,4433.2412109375,0.0,,50.0,3815.2802734375,0.0,151.4462127685547,50.0,0.0,5296.23046875,,18118.5,999999.0,0.0,10000.0,0.0,0.0,0.0,50.0,13000.0,0.0,10856.63671875,1000000.0,,,16483.353515625,400.0,0.0,800.0,0.0,400.0,8000.0,,0.0,6016.8447265625,1000000.0,,1200.0,15411.0849609375,0.0,0.0,0.0,1200.0,16000.0,0.0,18298.224609375,0.0,1350.0,1000000.0,24796.0,675.0,2700.0,,,0.0
1964-03-07,50.0,3156.146728515625,0.0,0.0,50.0,0.0,,3156.146728515625,75.0,3000.0,269.7938537597656,552.906005859375,50.0,2854.552490234375,3000.0,3000.0,0.0,,0.0,300.0,0.0,0.0,0.0,300.0,0.0,0.0,3000.0,1000000.0,,900.0,3000.0,1000.0,8563.01171875,0.0,0.0,0.0,0.0,18350.287109375,0.0,15585.4560546875,1050.0,1000000.0,0.0,12140.0,,,190.0,5000.0,881.3297729492188,1445.8841552734375,100.0,5000.0,6500.0,6500.0,0.0,,0.0,50.0,0.0,615.7919921875,999999.0,0.0,30.0,4500.0,4500.0,0.0,4454.2412109375,0.0,,50.0,3885.529296875,0.0,205.2023468017578,50.0,0.0,5508.64892578125,,18233.19921875,999999.0,0.0,10000.0,0.0,0.0,0.0,50.0,13000.0,0.0,10955.6748046875,1000000.0,,,16543.76171875,400.0,0.0,800.0,0.0,400.0,8000.0,,0.0,6042.0048828125,1000000.0,,1200.0,15479.8740234375,0.0,0.0,0.0,1200.0,16000.0,0.0,18274.89453125,0.0,1350.0,1000000.0,24796.0,675.0,2700.0,,,0.0
1964-03-08,50.0,3185.4921875,0.0,0.0,50.0,0.0,,3185.4921875,75.0,3000.0,386.3573303222656,554.5858154296875,50.0,2883.597412109375,3000.0,3000.0,0.0,,0.0,300.0,0.0,0.0,0.0,300.0,0.0,0.0,3000.0,1000000.0,,800.0,3000.0,1000.0,8672.48828125,0.0,0.0,0.0,0.0,18405.458984375,0.0,15728.759765625,1050.0,1000000.0,0.0,12140.0,,,190.0,5000.0,489.9562683105469,1106.7227783203125,100.0,5000.0,6500.0,6500.0,0.0,,0.0,50.0,0.0,619.1480102539062,999999.0,0.0,30.0,4500.0,4500.0,0.0,4465.89697265625,0.0,,50.0,3945.61474609375,0.0,186.6539764404297,50.0,0.0,5643.85693359375,,18334.30078125,999999.0,0.0,10000.0,0.0,0.0,0.0,50.0,13000.0,0.0,11031.6005859375,1000000.0,,,16593.041015625,400.0,0.0,800.0,0.0,400.0,8000.0,,0.0,6056.0390625,1000000.0,,1200.0,15534.8955078125,0.0,0.0,0.0,1200.0,16000.0,0.0,18535.859375,0.0,1350.0,1000000.0,24796.0,675.0,2700.0,,,0.0
1964-03-09,50.0,3209.354248046875,0.0,0.0,50.0,0.0,,3209.354248046875,75.0,3000.0,309.06146240234375,585.911376953125,50.0,2885.337158203125,3000.0,3000.0,0.0,,0.0,300.0,0.0,0.0,0.0,300.0,0.0,0.0,3000.0,1000000.0,,800.0,3000.0,1000.0,8769.0859375,0.0,0.0,0.0,0.0,18452.54296875,0.0,15742.89453125,1050.0,1000000.0,0.0,12140.0,,,190.0,5000.0,985.4589233398438,1351.8040771484375,100.0,5000.0,6500.0,6500.0,0.0,,0.0,50.0,0.0,695.352294921875,999999.0,0.0,30.0,4500.0,4500.0,0.0,4473.34375,0.0,,50.0,3990.962890625,0.0,254.39483642578125,50.0,0.0,5712.9443359375,,18199.599609375,999999.0,0.0,10000.0,0.0,0.0,0.0,50.0,13000.0,0.0,11096.6640625,1000000.0,,,16639.177734375,400.0,0.0,800.0,0.0,400.0,8000.0,,0.0,6066.67138671875,1000000.0,,1200.0,15582.2998046875,0.0,0.0,0.0,1200.0,16000.0,0.0,18302.87890625,0.0,1350.0,1000000.0,24796.0,675.0,2700.0,,,0.0
1964-03-10,50.0,3231.288330078125,0.0,0.0,50.0,0.0,,3231.288330078125,75.0,3000.0,475.82257080078125,635.811767578125,50.0,2915.18017578125,3000.0,3000.0,0.0,,0.0,300.0,0.0,0.0,0.0,300.0,0.0,0.0,3000.0,1000000.0,,800.0,3000.0,1000.0,8852.8046875,0.0,0.0,0.0,0.0,18491.296875,0.0,15679.7587890625,1050.0,1000000.0,0.0,12140.0,,,190.0,5000.0,487.43646240234375,1099.72216796875,100.0,5000.0,6500.0,6500.0,0.0,,0.0,50.0,0.0,831.6620483398438,999999.0,0.0,30.0,4500.0,4500.0,0.0,4481.96337890625,0.0,,50.0,4034.476318359375,0.0,315.0931396484375,50.0,0.0,5444.1650390625,,18291.400390625,999999.0,0.0,10000.0,0.0,0.0,0.0,50.0,13000.0,0.0,11162.5244140625,1000000.0,,,16726.8203125,400.0,0.0,800.0,0.0,400.0,8000.0,,0.0,6080.79345703125,1000000.0,,1200.0,15630.2890625,0.0,0.0,0.0,1200.0,16000.0,0.0,18227.490234375,0.0,1350.0,1000000.0,24796.0,675.0,2700.0,,,0.0
1964-03-11,50.0,3251.77001953125,0.0,0.0,50.0,0.0,,3251.77001953125,75.0,3000.0,612.6007690429688,881.6050415039062,50.0,2928.204345703125,3000.0,3000.0,0.0,,0.0,300.0,0.0,0.0,0.0,300.0,0.0,0.0,3000.0,1000000.0,,800.0,3000.0,1000.0,8923.642578125,0.0,0.0,0.0,0.0,18544.427734375,0.0,15368.9970703125,1050.0,1000000.0,0.0,12140.0,,,190.0,5000.0,1387.886962890625,1942.7432861328125,100.0,5000.0,6500.0,6500.0,0.0,,0.0,50.0,0.0,785.8818359375,999999.0,0.0,30.0,4500.0,4500.0,0.0,4486.80126953125,0.0,,50.0,4076.3447265625,0.0,1279.9517822265625,50.0,0.0,4909.52001953125,,18062.900390625,999999.0,0.0,10000.0,0.0,0.0,229.1333770751953,50.0,13000.0,0.0,11223.7587890625,1000000.0,,,16731.46484375,400.0,0.0,800.0,0.0,400.0,8000.0,,0.0,6090.06298828125,1000000.0,,1200.0,15675.09375,0.0,0.0,0.0,1200.0,16000.0,0.0,17902.02734375,0.0,1350.0,1000000.0,24796.0,675.0,2700.0,,,0.0
1964-03-12,50.0,3275.46923828125,0.0,0.0,50.0,0.0,,3275.46923828125,75.0,3000.0,682.0646362304688,1036.8353271484375,50.0,2961.670166015625,3000.0,3000.0,0.0,,0.0,300.0,0.0,0.0,0.0,300.0,0.0,0.0,3000.0,1000000.0,,900.0,3000.0,1000.0,9058.87890625,0.0,0.0,0.0,0.0,18604.390625,0.0,15305.16015625,1050.0,1000000.0,0.0,12140.0,,,190.0,5000.0,1103.2459716796875,2005.2620849609375,100.0,5000.0,6500.0,6500.0,0.0,,0.0,50.0,0.0,744.2152099609375,999999.0,0.0,30.0,4500.0,4500.0,0.0,4496.5048828125,0.0,,50.0,4154.498046875,1291.8311767578125,2899.58203125,50.0,0.0,4706.02490234375,,17599.30078125,999999.0,0.0,10000.0,0.0,0.0,684.316650390625,50.0,13000.0,0.0,11299.271484375,1000000.0,,,16321.671875,400.0,0.0,800.0,0.0,400.0,8000.0,,0.0,6110.88427734375,1000000.0,,1200.0,15729.453125,0.0,0.0,0.0,1200.0,16000.0,0.0,17716.63671875,0.0,1350.0,1000000.0,24796.0,675.0,2700.0,,,0.0
1964-03-13,50.0,3303.579345703125,0.0,0.0,50.0,0.0,,3303.579345703125,75.0,3000.0,457.67498779296875,714.1207885742188,50.0,2945.01953125,3000.0,3000.0,0.0,,0.0,300.0,0.0,0.0,0.0,300.0,0.0,0.0,3000.0,1000000.0,,800.0,3000.0,1000.0,9179.5673828125,0.0,0.0,0.0,0.0,18652.236328125,0.0,15553.888671875,1050.0,1000000.0,0.0,12140.0,,,190.0,5000.0,1104.3033447265625,1466.6478271484375,100.0,5000.0,6500.0,6500.0,0.0,,0.0,50.0,0.0,1116.4375,999999.0,0.0,30.0,4500.0,4500.0,0.0,4500.0,0.0,,50.0,4231.99951171875,1223.29345703125,2918.510986328125,50.0,0.0,5025.50439453125,,18025.30078125,999999.0,0.0,10000.0,0.0,0.0,608.0833129882812,50.0,13000.0,0.0,11379.3759765625,1000000.0,,,17098.359375,400.0,0.0,800.0,0.0,400.0,8000.0,,0.0,6136.138671875,1000000.0,,1200.0,15792.2236328125,0.0,0.0,0.0,1200.0,16000.0,0.0,17833.591796875,0.0,1350.0,1000000.0,24796.0,675.0,2700.0,,,0.0
1964-03-14,50.0,3323.9189453125,0.0,76.9715576171875,50.0,0.0,,3323.9189453125,75.0,3000.0,662.856689453125,820.0791015625,50.0,2974.24462890625,3000.0,3000.0,0.0,,0.0,300.0,0.0,0.0,0.0,300.0,0.0,0.0,3000.0,1000000.0,,900.0,3000.0,1000.0,9278.9873046875,0.0,0.0,0.0,0.0,18701.41015625,0.0,15188.974609375,1050.0,1000000.0,0.0,12140.0,,,190.0,5000.0,720.4476928710938,1329.87353515625,100.0,5000.0,6500.0,6500.0,0.0,,0.0,50.0,0.0,785.902587890625,999999.0,0.0,30.0,4500.0,4500.0,0.0,4500.0,0.0,,50.0,4223.05419921875,420.7779846191406,1970.93017578125,50.0,0.0,5661.859375,,18438.400390625,999999.0,0.0,10000.0,0.0,0.0,1247.4332275390625,50.0,13000.0,0.0,11441.11328125,1000000.0,,,17109.892578125,400.0,0.0,800.0,0.0,400.0,8000.0,,0.0,6150.052734375,1000000.0,,1200.0,15841.267578125,0.0,0.0,0.0,1200.0,16000.0,0.0,18018.552734375,0.0,1350.0,1000000.0,24796.0,675.0,2700.0,,,0.0
1964-03-15,50.0,3350.394287109375,0.0,503.86041259765625,50.0,0.0,,3350.394287109375,75.0,3000.0,578.5488891601562,900.7263793945312,50.0,2978.452880859375,3000.0,3000.0,0.0,,0.0,300.0,0.0,0.0,0.0,300.0,0.0,0.0,3000.0,1000000.0,,1200.0,3000.0,1000.0,9399.1044921875,0.0,0.0,0.0,0.0,18766.080078125,0.0,14399.9375,1050.0,1000000.0,0.0,12140.0,,,190.0,5000.0,1903.3851318359375,2609.37841796875,100.0,5000.0,6500.0,6500.0,0.0,,0.0,50.0,0.0,1347.1336669921875,999999.0,0.0,30.0,4500.0,4500.0,0.0,4500.0,120.0,,50.0,4225.576171875,0.0,1190.7249755859375,50.0,0.0,6112.052734375,,17602.80078125,999999.0,0.0,10000.0,0.0,121.63504791259766,3571.449951171875,50.0,13000.0,0.0,11516.8681640625,1000000.0,,,15668.1064453125,400.0,0.0,800.0,0.0,400.0,8000.0,,0.0,6162.27880859375,1000000.0,,1200.0,15887.60546875,0.0,0.0,0.0,1200.0,16000.0,0.0,17182.166015625,0.0,1350.0,1000000.0,24796.0,675.0,2700.0,,,0.0
1964-03-16,50.0,3393.4609375,0.0,540.0520629882812,50.0,0.0,,3393.4609375,75.0,3000.0,517.8687744140625,820.4359741210938,50.0,2998.4814453125,3000.0,3000.0,0.0,,0.0,300.0,0.0,0.0,0.0,300.0,0.0,0.0,3000.0,1000000.0,,1200.0,3000.0,1500.0,9590.90625,0.0,0.0,0.0,0.0,18828.60546875,0.0,14760.48046875,1050.0,1000000.0,0.0,12140.0,,,190.0,5000.0,1539.9791259765625,2141.218994140625,100.0,5000.0,6500.0,6500.0,0.0,,0.0,50.0,0.0,1209.41015625,999999.0,0.0,30.0,4500.0,4500.0,0.0,4500.0,120.0,,50.0,4281.79638671875,0.0,1126.2958984375,50.0,0.0,6078.845703125,,18072.19921875,999999.0,0.0,10000.0,0.0,1601.7362060546875,3710.621826171875,50.0,13000.0,0.0,11658.9033203125,1000000.0,,,15383.51171875,400.0,0.0,800.0,0.0,400.0,8000.0,,0.0,6191.04052734375,1000000.0,,1200.0,15952.6279296875,0.0,0.0,0.0,1200.0,16000.0,0.0,17385.8828125,0.0,1350.0,1000000.0,24796.0,675.0,2700.0,,,0.0
1964-03-17,50.0,3428.850830078125,0.0,597.7493286132812,50.0,0.0,,3428.850830078125,75.0,3000.0,356.1836242675781,674.7239379882812,50.0,2991.7880859375,3000.0,3000.0,0.0,,0.0,300.0,0.0,0.0,0.0,300.0,0.0,0.0,3000.0,1000000.0,,1100.0,3000.0,1500.0,9706.82421875,0.0,0.0,0.0,0.0,18861.1875,0.0,14967.7841796875,1050.0,1000000.0,0.0,12140.0,,,190.0,5000.0,1401.3460693359375,2199.25244140625,100.0,5000.0,6500.0,6500.0,0.0,,0.0,50.0,0.0,1019.571533203125,999999.0,0.0,30.0,4500.0,4500.0,0.0,4500.0,120.0,,50.0,4282.578125,0.0,698.1405029296875,50.0,0.0,6248.8720703125,,18166.900390625,999999.0,0.0,10000.0,0.0,455.0766296386719,2813.586669921875,50.0,13000.0,0.0,11640.2109375,1000000.0,,,15721.943359375,400.0,0.0,784.0571899414062,0.0,400.0,8000.0,,0.0,6220.115234375,1000000.0,,1200.0,16000.0,0.0,0.0,0.0,1200.0,16000.0,0.0,17926.3125,0.0,1350.0,1000000.0,24796.0,675.0,2700.0,,,0.0
1964-03-18,50.0,3460.6572265625,55.65385818481445,671.0382080078125,50.0,0.0,,3460.6572265625,75.0,3000.0,327.99786376953125,615.3849487304688,50.0,3000.0,3000.0,3000.0,0.0,,0.0,300.0,0.0,0.0,0.0,300.0,0.0,0.0,3000.0,1000000.0,,1000.0,3000.0,1500.0,9790.08984375,0.0,0.0,0.0,0.0,18883.380859375,0.0,15265.056640625,1050.0,1000000.0,0.0,12140.0,,,190.0,5000.0,991.8255615234375,1776.1099853515625,100.0,5000.0,6500.0,6500.0,0.0,,0.0,50.0,0.0,847.4447021484375,999999.0,0.0,30.0,4500.0,4500.0,0.0,4500.0,120.0,,50.0,4317.49267578125,0.0,702.9788208007812,50.0,0.0,6439.580078125,,18196.5,999999.0,111.57923126220703,10000.0,0.0,0.0,2160.46044921875,50.0,13000.0,0.0,11639.013671875,1000000.0,,,17153.978515625,400.0,0.0,730.079345703125,0.0,400.0,8000.0,,0.0,6246.23876953125,1000000.0,,1200.0,16000.0,0.0,0.0,0.0,1200.0,16000.0,0.0,18072.4609375,0.0,1350.0,1000000.0,24796.0,675.0,2700.0,,,0.0
1964-03-19,50.0,3460.43798828125,0.0,493.6810302734375,50.0,0.0,,3460.43798828125,75.0,3000.0,171.32672119140625,443.36773681640625,50.0,3000.0,3000.0,3000.0,0.0,,0.0,300.0,0.0,0.0,0.0,300.0,0.0,0.0,3000.0,1000000.0,,900.0,3000.0,1500.0,9861.0927734375,0.0,0.0,0.0,0.0,18903.294921875,0.0,15429.1298828125,1050.0,1000000.0,0.0,12140.0,,,190.0,5000.0,899.6160278320312,1464.8572998046875,100.0,5000.0,6500.0,6500.0,0.0,,0.0,50.0,0.0,731.4036865234375,999999.0,0.0,30.0,4500.0,4500.0,0.0,4500.0,120.0,,50.0,4348.9541015625,0.0,664.8516845703125,50.0,0.0,6387.22705078125,,18281.19921875,999999.0,374.1484375,10000.0,0.0,282.81280517578125,2287.017578125,50.0,13000.0,0.0,11724.9111328125,1000000.0,,,17335.658203125,400.0,0.0,679.7467651367188,0.0,400.0,8000.0,,0.0,6271.33251953125,1000000.0,,1200.0,16000.0,0.0,0.0,0.0,1200.0,16000.0,0.0,18422.4375,0.0,1350.0,1000000.0,24796.0,675.0,2700.0,,,0.0
1964-03-20,50.0,3485.689453125,0.0,529.7755126953125,50.0,0.0,,3485.689453125,75.0,3000.0,246.2975616455078,467.84771728515625,50.0,3000.0,3000.0,3000.0,0.0,,0.0,300.0,0.0,0.0,0.0,300.0,0.0,0.0,3000.0,1000000.0,,900.0,3000.0,1500.0,9922.69140625,0.0,0.0,0.0,0.0,18915.662109375,0.0,15591.4736328125,1050.0,1000000.0,0.0,12140.0,,,190.0,5000.0,595.3831787109375,1191.2646484375,100.0,5000.0,6500.0,6500.0,0.0,,0.0,50.0,0.0,627.021240234375,999999.0,0.0,30.0,4500.0,4500.0,0.0,4500.0,120.0,,50.0,4352.2734375,0.0,442.5251159667969,50.0,0.0,6369.80908203125,,18352.0,999999.0,466.1484375,10000.0,0.0,0.0,1747.3199462890625,50.0,13000.0,0.0,11719.62109375,1000000.0,,,17013.888671875,400.0,0.0,637.46826171875,0.0,400.0,8000.0,,0.0,6292.28466796875,1000000.0,,1200.0,16000.0,0.0,0.0,0.0,1200.0,16000.0,0.0,18564.564453125,0.0,1350.0,1000000.0,24796.0,675.0,2700.0,,,0.0
1964-03-21,50.0,3509.783935546875,5.194834232330322,579.9671630859375,50.0,0.0,,3509.783935546875,75.0,3000.0,113.225830078125,378.97625732421875,50.0,3000.0,3000.0,3000.0,0.0,,0.0,300.0,0.0,0.0,0.0,300.0,0.0,0.0,3000.0,1000000.0,,900.0,3000.0,1500.0,9971.970703125,0.0,0.0,0.0,0.0,18931.361328125,0.0,15679.3232421875,1050.0,1000000.0,0.0,12140.0,,,190.0,5000.0,717.2722778320312,1230.8118896484375,100.0,5000.0,6500.0,6500.0,0.0,,0.0,50.0,0.0,532.8097534179688,999999.0,0.0,30.0,4500.0,4500.0,0.0,4500.0,120.0,,50.0,4378.283203125,0.0,450.2700500488281,50.0,0.0,6429.80859375,,18234.69921875,999999.0,487.67919921875,10000.0,0.0,0.0,1857.40380859375,50.0,13000.0,0.0,11771.6025390625,1000000.0,,,17445.56640625,400.0,0.0,600.9581909179688,0.0,400.0,8000.0,,0.0,6313.04248046875,1000000.0,,1200.0,16000.0,0.0,0.0,0.0,1200.0,16000.0,0.0,18679.826171875,0.0,1350.0,1000000.0,24796.0,675.0,2700.0,,,0.0
1964-03-22,50.0,3508.189453125,0.0,427.7364501953125,50.0,0.0,,3508.189453125,75.0,3000.0,208.393310546875,423.0009765625,50.0,3000.0,3000.0,3000.0,0.0,,0.0,300.0,0.0,0.0,0.0,300.0,0.0,0.0,3000.0,1000000.0,,900.0,3000.0,1500.0,10016.52734375,0.0,0.0,0.0,0.0,18939.693359375,0.0,15724.3798828125,1050.0,1000000.0,0.0,12140.0,,,190.0,5000.0,501.4873962402344,1057.282958984375,100.0,5000.0,6500.0,6500.0,0.0,,0.0,50.0,0.0,442.3136901855469,999999.0,0.0,30.0,4500.0,4500.0,0.0,4500.0,120.0,,50.0,4403.46337890625,0.0,424.6997985839844,50.0,0.0,6471.1318359375,,18307.80078125,999999.0,576.5416870117188,10000.0,0.0,0.0,1441.838623046875,50.0,13000.0,0.0,11773.03125,1000000.0,,,17153.419921875,400.0,0.0,566.6045532226562,0.0,400.0,8000.0,,0.0,6332.57666015625,1000000.0,,1200.0,16000.0,0.0,0.0,0.0,1200.0,16000.0,0.0,18790.7265625,0.0,1350.0,1000000.0,24796.0,675.0,2700.0,,,0.0
1964-03-23,50.0,3529.965087890625,0.0,440.5614318847656,50.0,0.0,,3529.965087890625,75.0,3000.0,102.60984802246094,363.4228820800781,50.0,3000.0,3000.0,3000.0,0.0,,0.0,300.0,0.0,0.0,0.0,300.0,0.0,0.0,3000.0,1000000.0,,800.0,3000.0,1500.0,10045.2734375,0.0,0.0,0.0,0.0,18954.3671875,0.0,15858.5947265625,1050.0,1000000.0,0.0,12140.0,,,190.0,5000.0,494.8392028808594,1084.0079345703125,100.0,5000.0,6500.0,6500.0,0.0,,0.0,50.0,0.0,360.67138671875,999999.0,0.0,30.0,4500.0,4500.0,0.0,4500.0,120.0,,50.0,4427.7490234375,0.0,402.6513366699219,50.0,0.0,6479.97021484375,,18384.69921875,999999.0,676.8416748046875,10000.0,0.0,0.0,1387.8414306640625,50.0,13000.0,0.0,11815.787109375,1000000.0,,,17811.962890625,400.0,0.0,535.5818481445312,0.0,400.0,8000.0,,0.0,6351.0908203125,1000000.0,,1200.0,16000.0,0.0,0.0,0.0,1200.0,16000.0,0.0,18988.607421875,0.0,1350.0,1000000.0,24796.0,675.0,2700.0,,,0.0
1964-03-24,50.0,3550.076904296875,0.0,427.71978759765625,50.0,0.0,,3550.076904296875,75.0,3000.0,133.87368774414062,355.3529357910156,50.0,3000.0,3000.0,3000.0,0.0,,0.0,300.0,0.0,0.0,0.0,300.0,0.0,0.0,3000.0,1000000.0,,700.0,3000.0,1500.0,10064.4365234375,0.0,0.0,0.0,0.0,18956.158203125,0.0,15955.6884765625,1050.0,1000000.0,0.0,12140.0,,,190.0,5000.0,203.3013153076172,832.4970092773438,100.0,5000.0,6500.0,6500.0,0.0,,0.0,50.0,0.0,293.5982666015625,999999.0,0.0,30.0,4500.0,4500.0,0.0,4500.0,120.0,,50.0,4451.10107421875,0.0,310.3480224609375,50.0,0.0,6542.359375,,18366.099609375,999999.0,760.3416748046875,10000.0,0.0,0.0,1252.3775634765625,50.0,13000.0,0.0,11850.11328125,1000000.0,,,17680.515625,400.0,0.0,505.7822265625,0.0,400.0,8000.0,,0.0,6369.4677734375,1000000.0,,1200.0,16000.0,0.0,0.0,0.0,1200.0,16000.0,0.0,19056.716796875,0.0,1350.0,1000000.0,24796.0,675.0,2700.0,,,0.0
1964-03-25,50.0,3550.05126953125,0.0,263.9576416015625,50.0,0.0,,3550.05126953125,75.0,3000.0,13.207840919494629,265.0686340332031,50.0,3000.0,3000.0,3000.0,0.0,,0.0,300.0,0.0,0.0,0.0,300.0,0.0,0.0,3000.0,1000000.0,,700.0,3000.0,1500.0,10074.0185546875,0.0,0.0,0.0,0.0,18954.89453125,0.0,16082.04296875,1050.0,1000000.0,0.0,12140.0,,,190.0,5000.0,339.05474853515625,835.4798583984375,100.0,5000.0,6500.0,6500.0,0.0,,0.0,50.0,0.0,228.491455078125,999999.0,0.0,30.0,4500.0,4500.0,0.0,4500.0,120.0,,50.0,4471.17236328125,0.0,209.11097717285156,50.0,0.0,6592.80029296875,,18452.19921875,999999.0,847.1043701171875,10000.0,0.0,0.0,1045.77197265625,50.0,13000.0,0.0,11876.3349609375,1000000.0,,,17719.439453125,400.0,0.0,483.7066345214844,0.0,400.0,8000.0,,0.0,6384.0830078125,1000000.0,,1200.0,16000.0,0.0,0.0,0.0,1200.0,16000.0,0.0,19184.7109375,0.0,1350.0,1000000.0,24796.0,675.0,2700.0,,,0.0
1964-03-26,50.0,3563.31982421875,0.0,227.954833984375,50.0,0.0,,3563.31982421875,75.0,3000.0,67.58177185058594,280.0130615234375,50.0,3000.0,3000.0,3000.0,0.0,,0.0,300.0,0.0,0.0,0.0,300.0,0.0,0.0,3000.0,1000000.0,,700.0,3000.0,1500.0,10074.0185546875,0.0,0.0,0.0,0.0,18954.89453125,0.0,16097.9462890625,1050.0,1000000.0,0.0,12140.0,,,190.0,5000.0,68.12008666992188,663.7032470703125,100.0,5000.0,6500.0,6500.0,0.0,,0.0,50.0,0.0,196.40484619140625,999999.0,0.0,30.0,4500.0,4500.0,0.0,4500.0,120.0,,50.0,4488.73876953125,0.0,62.62568664550781,50.0,0.0,6629.10791015625,,18501.80078125,999999.0,895.643310546875,10000.0,0.0,0.0,817.9705200195312,50.0,13000.0,0.0,11894.6240234375,1000000.0,,,17966.349609375,400.0,0.0,463.5968017578125,0.0,400.0,8000.0,,0.0,6398.7548828125,1000000.0,,1200.0,16000.0,0.0,0.0,0.0,1200.0,16000.0,0.0,19287.912109375,0.0,1350.0,1000000.0,24796.0,675.0,2700.0,,,0.0
1964-03-27,50.0,3576.40966796875,0.0,211.94650268554688,50.0,0.0,,3576.40966796875,75.0,3000.0,0.0,210.1420440673828,50.0,3000.0,3000.0,3000.0,0.0,,0.0,300.0,0.0,0.0,0.0,300.0,0.0,0.0,3000.0,1000000.0,,700.0,3000.0,1500.0,10074.0185546875,0.0,0.0,0.0,0.0,18954.89453125,0.0,16156.435546875,1050.0,1000000.0,0.0,12140.0,,,190.0,5000.0,262.9200744628906,697.0865478515625,100.0,5000.0,6500.0,6500.0,0.0,,0.0,50.0,0.0,257.4205627441406,999999.0,0.0,30.0,4500.0,4500.0,0.0,4500.0,120.0,,50.0,4503.2275390625,0.0,0.0,50.0,0.0,6645.86328125,,18517.900390625,999999.0,921.8433227539062,10000.0,0.0,0.0,596.3228149414062,50.0,13000.0,0.0,11908.072265625,1000000.0,,,17841.1484375,400.0,0.0,444.2021789550781,0.0,400.0,8000.0,,0.0,6412.810546875,1000000.0,,1200.0,16000.0,0.0,0.0,0.0,1200.0,16000.0,0.0,19256.99609375,0.0,1350.0,1000000.0,24796.0,675.0,2700.0,,,137.09072875976562
1964-03-28,50.0,3589.69873046875,0.0,245.16873168945312,50.0,0.0,,3589.69873046875,75.0,3000.0,0.0,229.904541015625,50.0,3000.0,3000.0,3000.0,0.0,,0.0,300.0,0.0,0.0,0.0,300.0,0.0,0.0,3000.0,1000000.0,,700.0,3000.0,1500.0,10074.0185546875,0.0,0.0,0.0,0.0,18953.134765625,0.0,16099.587890625,1050.0,1000000.0,0.0,12140.0,,,190.0,5000.0,29.789438247680664,666.091064453125,100.0,5000.0,6500.0,6500.0,0.0,,0.0,50.0,0.0,355.7778015136719,999999.0,0.0,30.0,4500.0,4500.0,0.0,4500.0,120.0,,50.0,4516.08154296875,0.0,0.0,50.0,0.0,6652.71826171875,,18588.400390625,999999.0,857.4772338867188,10000.0,0.0,0.0,481.0416259765625,50.0,13000.0,0.0,11919.62109375,1000000.0,,,18025.197265625,400.0,0.0,427.4945068359375,0.0,400.0,8000.0,,0.0,6425.8740234375,1000000.0,,1200.0,16000.0,0.0,0.0,0.0,1200.0,16000.0,0.0,19170.302734375,0.0,1350.0,1000000.0,24796.0,675.0,2700.0,,,997.07275390625
1964-03-29,50.0,3604.83349609375,0.0,511.1548767089844,50.0,0.0,,3604.83349609375,75.0,3000.0,1.4239027500152588,239.31703186035156,50.0,3000.0,3000.0,3000.0,0.0,,0.0,300.0,0.0,0.0,0.0,300.0,0.0,0.0,3000.0,1000000.0,,900.0,3000.0,1500.0,10083.6005859375,0.0,0.0,0.0,0.0,18963.4765625,0.0,15730.6142578125,1050.0,1000000.0,0.0,12140.0,,,190.0,5000.0,737.689453125,1195.39111328125,100.0,5000.0,6500.0,6500.0,0.0,,0.0,50.0,0.0,425.1159362792969,999999.0,0.0,30.0,4500.0,4500.0,0.0,4500.0,120.0,,50.0,4528.8828125,0.0,0.0,50.0,0.0,6653.57421875,,18590.30078125,999999.0,512.3433837890625,10000.0,0.0,0.0,937.0825805664062,50.0,13000.0,0.0,11936.703125,1000000.0,,,17624.24609375,400.0,0.0,408.000244140625,0.0,400.0,8000.0,,0.0,6441.35595703125,1000000.0,,1200.0,16000.0,0.0,0.0,0.0,1200.0,16000.0,0.0,18933.380859375,0.0,1350.0,1000000.0,24796.0,675.0,2700.0,,,2164.635986328125
1964-03-30,50.0,3631.095947265625,166.3359375,909.6187133789062,50.0,0.0,,3631.095947265625,75.0,3000.0,0.0,231.07803344726562,50.0,3000.0,3000.0,3000.0,0.0,,0.0,300.0,0.0,0.0,0.0,300.0,0.0,0.0,3000.0,1000000.0,,1300.0,3000.0,1500.0,10130.6611328125,0.0,0.0,0.0,0.0,19003.880859375,0.0,15278.44140625,1050.0,1000000.0,0.0,12140.0,,,190.0,5000.0,812.2984008789062,1468.327392578125,100.0,5000.0,6500.0,6500.0,0.0,,0.0,50.0,0.0,511.3413391113281,999999.0,0.0,30.0,4500.0,4500.0,0.0,4500.0,120.0,,50.0,4539.9716796875,0.0,0.0,50.0,0.0,6656.2490234375,,18462.099609375,999999.0,57.89210891723633,10000.0,0.0,0.0,2044.5458984375,50.0,13000.0,0.0,11986.8974609375,1000000.0,,,17276.353515625,400.0,0.0,0.0,0.0,400.0,8000.0,,0.0,6463.982421875,1000000.0,,1200.0,16000.0,0.0,0.0,0.0,1200.0,16000.0,0.0,18479.642578125,0.0,1350.0,1000000.0,24796.0,1082.3179931640625,4329.27197265625,,,2853.907470703125
1964-03-31,50.0,3665.83251953125,684.50390625,1278.751220703125,50.0,0.0,,3665.83251953125,75.0,3000.0,16.692428588867188,263.7308044433594,50.0,3000.0,3000.0,3000.0,0.0,,0.0,300.0,0.0,0.0,0.0,300.0,0.0,0.0,3000.0,1000000.0,,1600.0,3000.0,1500.0,10240.853515625,0.0,0.0,0.0,0.0,19028.3046875,0.0,14957.79296875,1050.0,1000000.0,0.0,12140.0,,,190.0,5000.0,1198.8853759765625,1678.194580078125,100.0,5000.0,6500.0,6500.0,0.0,,0.0,50.0,0.0,534.6969604492188,999999.0,0.0,30.0,4500.0,4500.0,0.0,4500.0,120.0,,50.0,4550.63525390625,0.0,0.0,50.0,0.0,6661.33544921875,,18330.599609375,999999.0,0.0,10000.0,0.0,820.1843872070312,3211.3818359375,50.0,13000.0,0.0,12082.40625,1000000.0,,,16560.119140625,400.0,0.0,0.0,0.0,400.0,8000.0,,0.0,6504.564453125,1000000.0,,1200.0,16000.0,0.0,0.0,0.0,1200.0,16000.0,0.0,18388.392578125,0.0,1350.0,1000000.0,24796.0,1426.9537353515625,5707.81494140625,,,3415.5810546875
1964-04-01,50.0,3660.554931640625,395.18463134765625,1188.6258544921875,50.0,0.0,,3660.554931640625,75.0,3000.0,125.20118713378906,333.3863525390625,50.0,3000.0,3000.0,3000.0,0.0,,0.0,300.0,0.0,0.0,0.0,300.0,0.0,0.0,3000.0,1000000.0,,1787.0,3000.0,1500.0,10406.142578125,0.0,0.0,0.0,0.0,19060.529296875,0.0,14976.6171875,1050.0,1000000.0,0.0,12140.0,,,190.0,5000.0,913.4649658203125,1661.4464111328125,100.0,5000.0,6500.0,6500.0,0.0,,0.0,80.0,0.0,511.5853576660156,999999.0,0.0,30.0,4500.0,4500.0,0.0,4500.0,120.0,,50.0,4560.5029296875,0.0,0.0,50.0,0.0,6659.7412109375,,18320.599609375,999999.0,0.0,4000.0,0.0,1788.5450439453125,4029.3203125,50.0,13000.0,0.0,12168.3349609375,1000000.0,,,15594.962890625,400.0,0.0,0.0,0.0,400.0,8000.0,,0.0,6557.8740234375,1000000.0,,1200.0,16000.0,0.0,0.0,0.0,1200.0,16000.0,0.0,18279.587890625,0.0,1350.0,1000000.0,24796.0,1707.79052734375,6831.162109375,,,3954.535888671875
1964-04-02,50.0,3692.667724609375,351.5018310546875,1051.630126953125,50.0,0.0,,3692.667724609375,75.0,3000.0,3.2754745483398438,265.91314697265625,50.0,3000.0,3000.0,3000.0,0.0,,0.0,300.0,0.0,0.0,0.0,300.0,0.0,0.0,3000.0,1000000.0,,1476.0,3000.0,1500.0,10606.9697265625,0.0,0.0,0.0,0.0,19090.125,0.0,15390.208984375,1050.0,1000000.0,0.0,12140.0,,,190.0,5000.0,781.9833374023438,1446.3533935546875,100.0,5000.0,6500.0,6500.0,0.0,,0.0,80.0,0.0,473.4912414550781,999999.0,0.0,30.0,4500.0,4500.0,0.0,4500.0,120.0,,50.0,4571.35791015625,0.0,0.0,50.0,0.0,6657.14794921875,,18324.400390625,999999.0,0.0,4000.0,0.0,811.97216796875,2923.3203125,50.0,13000.0,0.0,12157.7119140625,1000000.0,,,16468.431640625,400.0,0.0,0.0,0.0,400.0,8000.0,,0.0,6615.015625,1000000.0,,1200.0,16000.0,0.0,0.0,0.0,1200.0,16000.0,0.0,18572.193359375,0.0,1350.0,1000000.0,24796.0,1977.2679443359375,7909.07177734375,,,3474.25439453125
1964-04-03,50.0,3687.8896484375,0.0,706.5311889648438,50.0,0.0,,3687.8896484375,75.0,3000.0,65.63349151611328,279.9020080566406,50.0,3000.0,3000.0,3000.0,0.0,,0.0,300.0,0.0,0.0,0.0,300.0,0.0,0.0,3000.0,1000000.0,,1268.0,3000.0,1500.0,10748.9345703125,0.0,0.0,0.0,0.0,19111.12109375,0.0,15682.45703125,1050.0,1000000.0,0.0,12140.0,,,190.0,5000.0,453.9209899902344,1061.9398193359375,100.0,5000.0,6500.0,6500.0,0.0,,0.0,80.0,0.0,450.72552490234375,999999.0,0.0,30.0,4500.0,4500.0,0.0,4500.0,120.0,,50.0,4583.70458984375,0.0,0.0,50.0,0.0,6660.56689453125,,18425.900390625,999999.0,248.92596435546875,4000.0,0.0,918.941162109375,2663.246337890625,50.0,13000.0,0.0,12231.666015625,1000000.0,,,17521.1328125,400.0,0.0,0.0,0.0,400.0,8000.0,,0.0,6658.669921875,1000000.0,,1200.0,16000.0,0.0,0.0,0.0,1200.0,16000.0,0.0,18921.181640625,0.0,1350.0,1000000.0,24796.0,1737.127197265625,6948.5087890625,,,3175.516357421875
1964-04-04,50.0,3716.278076171875,148.85061645507812,743.9756469726562,50.0,0.0,,3716.278076171875,75.0,3000.0,0.0,202.8957977294922,50.0,3000.0,3000.0,3000.0,0.0,,0.0,300.0,0.0,0.0,0.0,300.0,0.0,0.0,3000.0,1000000.0,,1123.0,3000.0,1500.0,10850.7607421875,0.0,0.0,0.0,0.0,19127.37109375,0.0,15792.833984375,1050.0,1000000.0,0.0,12140.0,,,190.0,5000.0,635.9011840820312,1078.0633544921875,100.0,5000.0,6500.0,6500.0,0.0,,0.0,80.0,0.0,465.1110534667969,999999.0,0.0,30.0,4500.0,4500.0,0.0,4500.0,120.0,,50.0,4592.01416015625,0.0,0.0,50.0,0.0,6669.18505859375,,18480.5,999999.0,385.7432861328125,4000.0,0.0,0.0,1949.4420166015625,50.0,13000.0,0.0,12220.919921875,1000000.0,,,17250.001953125,400.0,0.0,0.0,0.0,400.0,8000.0,,0.0,6693.8154296875,1000000.0,,1200.0,16000.0,0.0,0.0,0.0,1200.0,16000.0,0.0,19061.015625,0.0,1350.0,1000000.0,24796.0,1587.7581787109375,6351.03271484375,,,2917.537841796875
1964-04-05,50.0,3712.5185546875,0.0,547.0115356445312,50.0,0.0,,3712.5185546875,75.0,3000.0,0.0,224.5207977294922,50.0,3000.0,3000.0,3000.0,0.0,,0.0,300.0,0.0,0.0,0.0,300.0,0.0,0.0,3000.0,1000000.0,,1036.0,3000.0,1500.0,10944.029296875,0.0,0.0,0.0,0.0,19141.52734375,0.0,15793.658203125,1050.0,1000000.0,0.0,12140.0,,,190.0,5000.0,372.4039306640625,952.80615234375,100.0,5000.0,6500.0,6500.0,0.0,,0.0,80.0,0.0,462.0513610839844,999999.0,0.0,30.0,4500.0,4500.0,0.0,4500.0,120.0,,50.0,4601.59716796875,0.0,0.0,50.0,0.0,6675.47412109375,,18465.0,999999.0,409.6771545410156,4000.0,0.0,478.1473083496094,2098.1943359375,50.0,13000.0,0.0,12278.84375,1000000.0,,,18220.6015625,400.0,0.0,0.0,0.0,400.0,8000.0,,0.0,6724.24267578125,1000000.0,,1200.0,16000.0,0.0,0.0,0.0,1200.0,16000.0,0.0,19094.435546875,0.0,1350.0,1000000.0,24796.0,1458.7689208984375,5835.07568359375,,,2847.1767578125
1964-04-06,50.0,3737.49462890625,0.0,555.1226196289062,50.0,0.0,,3737.49462890625,75.0,3000.0,0.0,220.8124542236328,50.0,3000.0,3000.0,3000.0,0.0,,0.0,300.0,0.0,0.0,0.0,300.0,0.0,0.0,3000.0,1000000.0,,958.0,3000.0,1500.0,11018.37890625,0.0,0.0,0.0,0.0,19151.65234375,0.0,15880.0185546875,1050.0,1000000.0,0.0,12140.0,,,190.0,5000.0,598.080810546875,1076.507568359375,100.0,5000.0,6500.0,6500.0,0.0,,0.0,80.0,0.0,432.1455383300781,999999.0,0.0,30.0,4500.0,4500.0,0.0,4500.0,120.0,,50.0,4608.4521484375,0.0,0.0,50.0,0.0,6682.56640625,,18447.69921875,999999.0,463.3433837890625,4000.0,0.0,0.0,1614.8656005859375,50.0,13000.0,0.0,12274.806640625,1000000.0,,,17727.337890625,400.0,0.0,0.0,0.0,400.0,8000.0,,0.0,6750.7314453125,1000000.0,,1200.0,16000.0,0.0,0.0,0.0,1200.0,16000.0,0.0,19110.46875,0.0,1350.0,1000000.0,24796.0,1423.58837890625,5694.353515625,,,2681.05908203125
1964-04-07,50.0,3736.6630859375,0.0,440.8595275878906,50.0,0.0,,3736.6630859375,75.0,3000.0,0.5620928406715393,229.093017578125,50.0,3000.0,3000.0,3000.0,0.0,,0.0,300.0,0.0,0.0,0.0,300.0,0.0,0.0,3000.0,1000000.0,,911.0,3000.0,1500.0,11068.2734375,0.0,0.0,0.0,0.0,19159.6328125,0.0,15935.7724609375,1050.0,1000000.0,0.0,12140.0,,,190.0,5000.0,318.520263671875,890.1744995117188,100.0,5000.0,6500.0,6500.0,0.0,,0.0,80.0,0.0,442.18658447265625,999999.0,0.0,30.0,4500.0,4500.0,0.0,4500.0,120.0,,50.0,4616.943359375,0.0,0.0,50.0,0.0,6688.47412109375,,18518.19921875,999999.0,492.0433349609375,4000.0,0.0,0.0,1701.0010986328125,50.0,13000.0,0.0,12319.8642578125,1000000.0,,,18759.57421875,400.0,0.0,0.0,0.0,400.0,8000.0,,0.0,6774.044921875,1000000.0,,1200.0,16000.0,0.0,0.0,0.0,1200.0,16000.0,0.0,19202.486328125,0.0,1350.0,1000000.0,24796.0,1340.529541015625,5362.1181640625,,,2697.0185546875
1964-04-08,50.0,3756.704345703125,0.0,571.9706420898438,50.0,0.0,,3756.704345703125,75.0,3000.0,0.0,161.31201171875,50.0,3000.0,3000.0,3000.0,0.0,,0.0,300.0,0.0,0.0,0.0,300.0,0.0,0.0,3000.0,1000000.0,,951.0,3000.0,1500.0,11115.6123046875,0.0,0.0,0.0,0.0,19170.4140625,0.0,15813.869140625,1050.0,1000000.0,0.0,12140.0,,,190.0,5098.99609375,677.5093994140625,1017.3191528320312,100.0,5098.99609375,6500.0,6500.0,0.0,,0.0,80.0,0.0,542.1431274414062,999999.0,0.0,30.0,4500.0,4500.0,0.0,4500.0,120.0,,50.0,4625.25341796875,0.0,0.0,50.0,0.0,6687.52587890625,,18540.69921875,999999.0,450.72589111328125,4000.0,0.0,295.65264892578125,1957.570068359375,50.0,13000.0,0.0,12362.87109375,1000000.0,,,18431.70703125,400.0,0.0,0.0,0.0,400.0,8000.0,,0.0,6795.71240234375,1000000.0,,1200.0,16000.0,0.0,0.0,0.0,1200.0,16000.0,0.0,19109.744140625,0.0,1350.0,1000000.0,24796.0,1348.50927734375,5394.037109375,,,2597.006103515625
1964-04-09,50.0,3779.927490234375,261.88134765625,832.7484130859375,50.0,0.0,,3779.927490234375,75.0,3000.0,0.0,236.57589721679688,50.0,3000.0,3000.0,3000.0,0.0,,0.0,300.0,0.0,0.0,0.0,300.0,0.0,0.0,3000.0,1000000.0,,1186.0,3000.0,1500.0,11198.037109375,0.0,0.0,0.0,0.0,19186.15234375,0.0,15569.4091796875,1050.0,1000000.0,0.0,12140.0,,,190.0,5089.99755859375,602.6871337890625,1171.715576171875,100.0,5089.99755859375,6500.0,6500.0,0.0,,0.0,80.0,0.0,655.1110229492188,999999.0,0.0,30.0,4500.0,4500.0,0.0,4500.0,120.0,,50.0,4629.38037109375,0.0,0.0,50.0,0.0,6671.7744140625,,18548.400390625,999999.0,206.643310546875,4000.0,0.0,0.0,2154.421630859375,50.0,13000.0,0.0,12362.2841796875,1000000.0,,,18213.791015625,400.0,0.0,0.0,0.0,400.0,8000.0,,0.0,6818.79052734375,1000000.0,,1200.0,16000.0,0.0,0.0,0.0,1200.0,16000.0,0.0,18845.296875,0.0,1350.0,1000000.0,24796.0,1298.5030517578125,5194.01220703125,,,2937.001953125
1964-04-10,50.0,3778.284912109375,2.932762384414673,814.9434204101562,50.0,0.0,,3778.284912109375,75.0,3000.0,39.07658767700195,282.0133972167969,50.0,3000.0,3000.0,3000.0,0.0,,0.0,300.0,0.0,0.0,0.0,300.0,0.0,0.0,3000.0,1000000.0,,1331.0,3000.0,1500.0,11305.4970703125,0.0,0.0,0.0,0.0,19207.0859375,0.0,15241.74609375,1050.0,1000000.0,0.0,12140.0,,,190.0,5230.99658203125,1025.760986328125,1508.9920654296875,100.0,5230.99658203125,6500.0,6500.0,0.0,,0.0,80.0,0.0,755.521728515625,999999.0,0.0,30.0,4500.0,4500.0,0.0,4500.0,120.0,,50.0,4642.3095703125,0.0,0.0,50.0,0.0,6666.09228515625,,18186.19921875,999999.0,0.0,4000.0,0.0,1586.9727783203125,3199.457275390625,50.0,13000.0,0.0,12436.1923828125,1000000.0,,,18177.96875,400.0,0.0,0.0,0.0,400.0,8000.0,,0.0,6851.7177734375,1000000.0,,1200.0,16000.0,0.0,0.0,0.0,1200.0,16000.0,0.0,18437.37109375,0.0,1350.0,1000000.0,24796.0,1468.5009765625,5874.00390625,,,3280.000732421875
1964-04-11,50.0,3811.772216796875,354.98504638671875,978.707275390625,50.0,0.0,,3811.772216796875,75.0,3000.0,98.95130920410156,312.1509094238281,50.0,3000.0,3000.0,3000.0,0.0,,0.0,300.0,0.0,0.0,0.0,300.0,0.0,0.0,3000.0,1000000.0,,1326.0,3000.0,1500.0,11445.1845703125,0.0,0.0,0.0,0.0,19229.97265625,0.0,15173.8046875,1050.0,1000000.0,0.0,12140.0,,,190.0,5222.498046875,792.0237426757812,1357.491943359375,100.0,5222.498046875,6500.0,6500.0,0.0,,0.0,80.0,0.0,738.4706420898438,999999.0,0.0,30.0,4500.0,4500.0,0.0,4500.0,120.0,,50.0,4650.69580078125,0.0,0.0,50.0,0.0,6676.65869140625,,18228.0,999999.0,0.0,4000.0,0.0,653.9686889648438,2790.221435546875,50.0,13000.0,0.0,12431.5361328125,1000000.0,,,17705.087890625,400.0,0.0,0.0,0.0,400.0,8000.0,,0.0,6891.42236328125,1000000.0,,1200.0,16000.0,0.0,0.0,0.0,1200.0,16000.0,0.0,18384.3828125,0.0,1350.0,1000000.0,24796.0,1640.0003662109375,6560.00146484375,,,3560.000244140625
1964-04-12,50.0,3808.403564453125,16.40032386779785,757.26318359375,50.0,0.0,,3808.403564453125,75.0,3000.0,0.0,227.23809814453125,50.0,3000.0,3000.0,3000.0,0.0,,0.0,300.0,0.0,0.0,0.0,300.0,0.0,0.0,3000.0,1000000.0,,1203.0,3000.0,1500.0,11586.0556640625,0.0,0.0,0.0,0.0,19250.810546875,0.0,15310.5302734375,1050.0,1000000.0,0.0,12140.0,,,190.0,5358.501953125,797.4276733398438,1388.64794921875,100.0,5358.501953125,6500.0,6500.0,0.0,,0.0,80.0,0.0,667.0948486328125,999999.0,0.0,30.0,4500.0,4500.0,0.0,4500.0,120.0,,50.0,4661.73974609375,0.0,0.0,50.0,0.0,6689.421875,,18172.69921875,999999.0,0.0,4000.0,0.0,1224.3570556640625,2939.48193359375,50.0,13000.0,0.0,12510.5556640625,1000000.0,,,19138.9453125,400.0,0.0,0.0,0.0,400.0,8000.0,,0.0,6926.4052734375,1000000.0,,1200.0,16000.0,0.0,0.0,0.0,1200.0,16000.0,0.0,18518.9296875,0.0,1350.0,1000000.0,24796.0,1780.0001220703125,7120.00048828125,,,3360.0
1964-04-13,50.0,3838.445068359375,337.7632141113281,789.01318359375,50.0,0.0,,3838.445068359375,75.0,3000.0,25.64535903930664,246.5547637939453,50.0,3000.0,3000.0,3000.0,0.0,,0.0,300.0,0.0,0.0,0.0,300.0,0.0,0.0,3000.0,1000000.0,,1155.0,3000.0,1500.0,11710.3681640625,0.0,0.0,0.0,0.0,19269.5390625,0.0,15526.2080078125,1050.0,1000000.0,0.0,12140.0,,,190.0,5350.50146484375,497.4110107421875,1058.92919921875,100.0,5350.50146484375,6500.0,6500.0,0.0,,0.0,80.0,0.0,620.2024536132812,999999.0,0.0,30.0,4500.0,4500.0,0.0,4500.0,120.0,,50.0,4667.11279296875,0.0,0.0,50.0,0.0,6694.49462890625,,18379.69921875,999999.0,123.143310546875,4000.0,0.0,262.80224609375,2183.988037109375,50.0,13000.0,0.0,12503.4423828125,1000000.0,,,19094.0,400.0,0.0,0.0,0.0,400.0,8000.0,,0.0,6955.64990234375,1000000.0,,1200.0,16000.0,0.0,0.0,0.0,1200.0,16000.0,0.0,18728.90234375,0.0,1350.0,1000000.0,24796.0,1680.0,6720.0,,,3300.0
1964-04-14,50.0,3834.51904296875,0.0,701.7865600585938,50.0,0.0,,3834.51904296875,75.0,3000.0,43.63310623168945,244.99781799316406,50.0,3000.0,3000.0,3000.0,0.0,,0.0,300.0,0.0,0.0,0.0,300.0,0.0,0.0,3000.0,1000000.0,,1070.0,3000.0,1500.0,11806.9140625,0.0,0.0,0.0,0.0,19286.158203125,0.0,15496.0703125,1050.0,1000000.0,0.0,12140.0,,,190.0,5485.99853515625,725.4276733398438,1116.2894287109375,100.0,5485.99853515625,6500.0,6500.0,0.0,,0.0,80.0,0.0,570.2826538085938,999999.0,0.0,30.0,4500.0,4500.0,0.0,4500.0,120.0,,50.0,4675.49609375,0.0,0.0,50.0,0.0,6698.01611328125,,18434.19921875,999999.0,194.77713012695312,4000.0,0.0,1361.611572265625,2466.88720703125,50.0,13000.0,0.0,12570.556640625,1000000.0,,,20268.5546875,400.0,0.0,0.0,0.0,400.0,8000.0,,0.0,6983.0185546875,1000000.0,,1200.0,16000.0,0.0,0.0,0.0,1200.0,16000.0,0.0,18823.890625,0.0,1350.0,1000000.0,24796.0,1650.0,6600.0,,,3387.0
1964-04-15,50.0,3863.279296875,400.189697265625,1005.2310180664062,50.0,0.0,,3863.279296875,75.0,3000.0,0.0,196.9429931640625,50.0,3000.0,3000.0,3000.0,0.0,,0.0,300.0,0.0,0.0,0.0,300.0,0.0,0.0,3000.0,1000000.0,,1303.0,3000.0,1500.0,11911.2578125,0.0,0.0,0.0,0.0,19310.26171875,0.0,15030.265625,1050.0,1000000.0,0.0,12140.0,,,190.0,5478.4990234375,532.8302001953125,1164.3568115234375,100.0,5478.4990234375,6500.0,6500.0,0.0,,0.0,80.0,0.0,475.78466796875,999999.0,0.0,30.0,4500.0,4500.0,0.0,4500.0,120.0,,50.0,4681.07958984375,0.0,0.0,50.0,0.0,6702.47412109375,,18494.0,999999.0,0.0,4000.0,0.0,868.6912841796875,2748.95263671875,50.0,13000.0,0.0,12563.6484375,1000000.0,,,19306.16796875,400.0,0.0,0.0,0.0,400.0,8000.0,,0.0,7012.052734375,1000000.0,,1200.0,16000.0,0.0,0.0,0.0,1200.0,16000.0,0.0,19366.638671875,0.0,1350.0,1000000.0,24796.0,1693.5,6774.0,,,0.0
1964-04-16,50.0,3859.964111328125,96.45323944091797,851.9317626953125,50.0,0.0,,3859.964111328125,75.0,3000.0,0.0,161.88743591308594,50.0,3000.0,3000.0,3000.0,0.0,,0.0,300.0,0.0,0.0,0.0,300.0,0.0,0.0,3000.0,1000000.0,,1274.0,3000.0,1500.0,12083.498046875,0.0,0.0,0.0,0.0,19342.916015625,0.0,15078.1162109375,1050.0,1000000.0,0.0,12140.0,,,190.0,5613.50390625,471.08697509765625,1060.9451904296875,100.0,5613.50390625,6500.0,6500.0,0.0,,0.0,80.0,0.0,375.7633361816406,999999.0,0.0,30.0,4500.0,4500.0,0.0,4500.0,120.0,,50.0,4685.26220703125,0.0,0.0,50.0,0.0,6705.97900390625,,18218.30078125,999999.0,0.0,4000.0,0.0,1215.1304931640625,3219.97216796875,50.0,13000.0,0.0,12630.5537109375,1000000.0,,,19922.384765625,400.0,0.0,0.0,0.0,400.0,8000.0,,0.0,7045.58154296875,1000000.0,,1200.0,16000.0,0.0,0.0,0.0,1200.0,16000.0,0.0,19633.748046875,0.0,1350.0,1000000.0,24796.0,846.75,3387.0,,,0.0
1964-04-17,50.0,3891.3330078125,188.8362579345703,828.9057006835938,50.0,0.0,,3891.3330078125,75.0,3000.0,0.0,152.5041046142578,50.0,3000.0,3000.0,3000.0,0.0,,0.0,300.0,0.0,0.0,0.0,300.0,0.0,0.0,3000.0,1000000.0,,1097.0,3000.0,1500.0,12265.111328125,0.0,0.0,0.0,0.0,19370.54296875,0.0,15503.28125,1050.0,1000000.0,0.0,12140.0,,,190.0,5606.5029296875,209.1136932373047,762.7940063476562,100.0,5606.5029296875,6500.0,6500.0,0.0,,0.0,80.0,0.0,293.6512145996094,999999.0,0.0,30.0,4500.0,4500.0,0.0,4500.0,120.0,,50.0,4690.775390625,0.0,0.0,50.0,0.0,6710.1689453125,,18454.599609375,999999.0,194.7432861328125,4000.0,0.0,281.5401306152344,2140.4814453125,50.0,13000.0,0.0,12624.0732421875,1000000.0,,,20391.205078125,400.0,0.0,0.0,0.0,400.0,8000.0,,0.0,7077.49462890625,1000000.0,,1200.0,16000.0,0.0,0.0,0.0,1200.0,16000.0,0.0,19558.61328125,0.0,1350.0,1000000.0,24796.0,675.0,2700.0,,,0.0
1964-04-18,50.0,3886.79150390625,0.0,562.11767578125,50.0,0.0,,3886.79150390625,75.0,3000.0,0.0,131.99993896484375,50.0,3000.0,3000.0,3000.0,0.0,,0.0,300.0,0.0,0.0,0.0,300.0,0.0,0.0,3000.0,1000000.0,,983.0,3000.0,1500.0,12387.2177734375,0.0,0.0,0.0,0.0,19384.6875,0.0,15716.689453125,1050.0,1000000.0,0.0,12140.0,,,190.0,5741.00048828125,269.76507568359375,755.586669921875,100.0,5741.00048828125,6500.0,6500.0,0.0,,0.0,80.0,0.0,227.2484893798828,999999.0,0.0,30.0,4500.0,4500.0,0.0,4500.0,120.0,,50.0,4692.01806640625,0.0,0.0,50.0,0.0,6712.0,,18501.900390625,999999.0,421.643310546875,4000.0,0.0,589.9027099609375,2164.273681640625,50.0,13000.0,0.0,12691.111328125,1000000.0,,,21561.0234375,400.0,0.0,0.0,0.0,400.0,8000.0,,0.0,7104.3955078125,1000000.0,,1200.0,16000.0,0.0,0.0,0.0,1200.0,16000.0,0.0,19648.216796875,0.0,1350.0,1000000.0,24796.0,675.0,2700.0,,,0.0
1964-04-19,50.0,3908.020263671875,0.0,570.5343627929688,50.0,0.0,,3908.020263671875,75.0,3000.0,0.0,113.31660461425781,50.0,3000.0,3000.0,3000.0,0.0,,0.0,300.0,0.0,0.0,0.0,300.0,0.0,0.0,3000.0,1000000.0,,898.0,3000.0,1500.0,12466.2294921875,0.0,0.0,0.0,0.0,19400.705078125,0.0,15874.787109375,1050.0,1000000.0,0.0,12140.0,,,190.0,5734.50048828125,3.406987190246582,560.2216796875,100.0,5734.50048828125,6500.0,6500.0,0.0,,0.0,80.0,0.0,163.9632110595703,999999.0,0.0,30.0,4500.0,4500.0,0.0,4500.0,120.0,,50.0,4694.69580078125,0.0,0.0,50.0,0.0,6714.47412109375,,18572.69921875,999999.0,538.643310546875,4000.0,0.0,0.0,1546.682373046875,50.0,13000.0,0.0,12684.814453125,1000000.0,,,21330.734375,400.0,0.0,0.0,0.0,400.0,8000.0,,0.0,7128.2890625,1000000.0,,1200.0,16000.0,0.0,0.0,0.0,1200.0,16000.0,0.0,19611.666015625,0.0,1350.0,1000000.0,24796.0,675.0,2700.0,,,0.0
1964-04-20,50.0,3906.4580078125,0.0,450.4812316894531,50.0,0.0,,3906.4580078125,75.0,3000.0,0.0,82.81243896484375,50.0,3000.0,3000.0,3000.0,0.0,,0.0,300.0,0.0,0.0,0.0,300.0,0.0,0.0,3000.0,1000000.0,,876.0,3000.0,1500.0,12541.5693359375,0.0,0.0,0.0,0.0,19414.42578125,0.0,15862.654296875,1050.0,1000000.0,0.0,12140.0,,,190.0,5830.34423828125,133.402587890625,588.3855590820312,100.0,5830.34423828125,6500.0,6500.0,0.0,,0.0,80.0,0.0,130.40878295898438,999999.0,0.0,30.0,4500.0,4500.0,0.0,4500.0,120.0,,50.0,4700.34912109375,0.0,0.0,50.0,0.0,6716.0,,18616.80078125,999999.0,583.9772338867188,4000.0,0.0,0.0,1608.1068115234375,50.0,13000.0,0.0,12724.3984375,1000000.0,,,22186.630859375,400.0,0.0,0.0,0.0,400.0,8000.0,,0.0,7149.982421875,1000000.0,,1200.0,16000.0,0.0,0.0,0.0,1200.0,16000.0,0.0,19651.271484375,0.0,1350.0,1000000.0,24796.0,675.0,2700.0,,,0.0
1964-04-21,50.0,3924.93408203125,0.0,486.5784606933594,50.0,0.0,,3924.93408203125,75.0,3000.0,0.0,64.42354583740234,50.0,3000.0,3000.0,3000.0,0.0,,0.0,300.0,0.0,0.0,0.0,300.0,0.0,0.0,3000.0,1000000.0,,870.0,3000.0,1500.0,12601.236328125,0.0,0.0,0.0,0.0,19426.615234375,0.0,15962.3095703125,1050.0,1000000.0,0.0,12140.0,,,190.0,5920.27734375,194.39974975585938,589.868896484375,100.0,5920.27734375,6500.0,6500.0,0.0,,0.0,80.0,0.0,103.7058334350586,999999.0,0.0,30.0,4500.0,4500.0,0.0,4500.0,120.0,,50.0,4704.427734375,0.0,0.0,50.0,0.0,6715.072265625,,18646.19921875,999999.0,657.4061889648438,4000.0,0.0,57.605682373046875,1537.2811279296875,50.0,13000.0,0.0,12760.568359375,1000000.0,,,22477.34765625,400.0,0.0,0.0,0.0,400.0,8000.0,,0.0,7170.95166015625,1000000.0,,1200.0,16000.0,0.0,0.0,0.0,1200.0,16000.0,0.0,19611.921875,0.0,1350.0,1000000.0,24796.0,675.0,2700.0,,,0.0
1964-04-22,50.0,3942.910400390625,0.0,567.2868041992188,50.0,0.0,,3942.910400390625,75.0,3000.0,0.0,69.8443832397461,50.0,3000.0,3000.0,3000.0,0.0,,0.0,300.0,0.0,0.0,0.0,300.0,0.0,0.0,3000.0,1000000.0,,946.0,3000.0,1500.0,12660.9853515625,0.0,0.0,0.0,0.0,19442.67578125,0.0,15850.9169921875,1050.0,1000000.0,0.0,12140.0,,,190.0,5918.51806640625,0.0,552.0792846679688,100.0,5918.51806640625,6500.0,6500.0,0.0,,0.0,80.0,0.0,72.82324981689453,999999.0,0.0,30.0,4500.0,4500.0,0.0,4500.0,120.0,,50.0,4708.505859375,0.0,0.0,50.0,0.0,6711.716796875,,18676.69921875,999999.0,577.5632934570312,4000.0,0.0,214.58717346191406,1705.78466796875,50.0,13000.0,0.0,12791.1181640625,1000000.0,,,22074.109375,400.0,0.0,0.0,0.0,400.0,8000.0,,0.0,7191.65283203125,1000000.0,,1200.0,16000.0,0.0,0.0,0.0,1200.0,16000.0,0.0,19589.435546875,0.0,1350.0,1000000.0,24796.0,675.0,2700.0,,,0.0
1964-04-23,50.0,3942.495849609375,0.0,429.6495361328125,50.0,0.0,,3942.495849609375,75.0,3000.0,0.0,30.265214920043945,50.0,3000.0,3000.0,3000.0,0.0,,0.0,300.0,0.0,0.0,0.0,300.0,0.0,0.0,3000.0,1000000.0,,865.0,3000.0,1500.0,12757.138671875,0.0,0.0,0.0,0.0,19460.080078125,0.0,15855.580078125,1050.0,1000000.0,0.0,12140.0,,,190.0,6009.1630859375,80.5943374633789,545.5792846679688,100.0,6009.1630859375,6500.0,6500.0,0.0,,0.0,80.0,0.0,33.449623107910156,999999.0,0.0,30.0,4500.0,4500.0,0.0,4500.0,120.0,,50.0,4711.11376953125,0.0,0.0,50.0,0.0,6712.47412109375,,18624.400390625,999999.0,653.9633178710938,4000.0,0.0,0.0,1284.3564453125,50.0,13000.0,0.0,12792.2265625,1000000.0,,,22532.259765625,400.0,0.0,0.0,0.0,400.0,8000.0,,0.0,7212.17529296875,1000000.0,,1200.0,16000.0,0.0,0.0,0.0,1200.0,16000.0,0.0,19541.419921875,0.0,1350.0,1000000.0,24796.0,675.0,2700.0,,,0.0
1964-04-24,50.0,3960.05322265625,0.0,434.10784912109375,50.0,0.0,,3960.05322265625,75.0,3000.0,0.0,0.0,50.0,3000.0,3000.0,3000.0,0.0,,0.0,300.0,0.0,0.0,0.0,300.0,0.0,0.0,3000.0,1000000.0,,798.0,3000.0,1500.0,12823.009765625,0.0,0.0,0.0,0.0,19471.884765625,0.0,15939.2587890625,1050.0,1000000.0,0.0,12140.0,,,190.0,6088.30322265625,92.29235076904297,537.7459106445312,100.0,6088.30322265625,6500.0,6500.0,0.0,,0.0,80.0,0.0,0.0,999999.0,0.0,30.0,4500.0,4500.0,0.0,4500.0,120.0,,50.0,4718.1328125,0.0,0.0,50.0,0.0,6716.47412109375,,18672.900390625,999999.0,719.6263427734375,4000.0,0.0,0.0,1200.6741943359375,50.0,13000.0,0.0,12824.5078125,1000000.0,,,22984.966796875,400.0,0.0,0.0,0.0,400.0,8000.0,,0.0,7230.7236328125,1000000.0,,1200.0,16000.0,0.0,0.0,0.0,1200.0,16000.0,0.0,19574.677734375,0.0,1350.0,1000000.0,24796.0,675.0,2700.0,,,0.0
1964-04-25,50.0,3976.953857421875,0.0,445.87176513671875,50.0,0.0,,3976.953857421875,75.0,3000.0,0.0,0.0,50.0,3000.0,3000.0,3000.0,0.0,,0.0,300.0,0.0,0.0,0.0,300.0,0.0,0.0,3000.0,1000000.0,,766.0,3000.0,1500.0,12883.4931640625,0.0,0.0,0.0,0.0,19482.123046875,0.0,15846.1083984375,1050.0,1000000.0,0.0,12140.0,,,190.0,6090.53564453125,0.0,394.6639709472656,100.0,6090.53564453125,6500.0,6500.0,0.0,,0.0,80.0,0.0,0.0,999999.0,0.0,30.0,4500.0,4500.0,0.0,4500.0,120.0,,50.0,4719.30615234375,0.0,0.0,50.0,0.0,6718.0,,18713.30078125,999999.0,761.307373046875,4000.0,0.0,0.0,1064.632080078125,50.0,13000.0,0.0,12850.447265625,1000000.0,,,23212.1640625,400.0,0.0,0.0,0.0,400.0,8000.0,,0.0,7247.92138671875,1000000.0,,1200.0,16000.0,0.0,0.0,0.0,1200.0,16000.0,0.0,19564.474609375,0.0,1350.0,1000000.0,24796.0,675.0,2700.0,,,0.0
1964-04-26,50.0,3977.41357421875,0.0,405.7478332519531,50.0,0.0,,3977.41357421875,75.0,3000.0,0.0,0.0,50.0,3000.0,3000.0,3000.0,0.0,,0.0,300.0,0.0,0.0,0.0,300.0,0.0,0.0,3000.0,1000000.0,,828.0,3000.0,1500.0,12934.998046875,0.0,0.0,0.0,0.0,19493.890625,0.0,15527.2900390625,1050.0,1000000.0,0.0,12140.0,,,190.0,6152.6181640625,0.0,406.4833984375,100.0,6152.6181640625,6500.0,6500.0,0.0,,0.0,80.0,0.0,0.0,999999.0,0.0,30.0,4500.0,4500.0,0.0,4500.0,120.0,,50.0,4724.85498046875,0.0,0.0,50.0,0.0,6719.85546875,,18823.5,999999.0,666.8479614257812,4000.0,0.0,0.0,1353.432373046875,50.0,13000.0,0.0,12873.091796875,1000000.0,,,23335.46484375,400.0,0.0,0.0,0.0,400.0,8000.0,,0.0,7262.6044921875,1000000.0,,1200.0,16000.0,0.0,0.0,0.0,1200.0,16000.0,0.0,19560.876953125,0.0,1350.0,1000000.0,24796.0,675.0,2700.0,,,0.0
1964-04-27,50.0,3995.114501953125,0.0,551.6644897460938,50.0,0.0,,3995.114501953125,75.0,3000.0,0.0,0.0,50.0,3000.0,3000.0,3000.0,0.0,,0.0,300.0,0.0,0.0,0.0,300.0,0.0,0.0,3000.0,1000000.0,,871.0,3000.0,1500.0,13007.37109375,0.0,0.0,0.0,0.0,19510.0,0.0,15364.6181640625,1050.0,1000000.0,0.0,12140.0,,,190.0,6215.6416015625,0.0,475.6611633300781,100.0,6215.6416015625,6500.0,6500.0,0.0,,0.0,80.0,0.0,0.0,999999.0,0.0,30.0,4500.0,4500.0,0.0,4500.0,120.0,,50.0,4727.603515625,0.0,0.0,50.0,0.0,6721.0,,18586.5,999999.0,591.1771850585938,4000.0,0.0,0.0,1831.56640625,50.0,13000.0,0.0,12909.5341796875,1000000.0,,,23494.8125,400.0,0.0,0.0,0.0,400.0,8000.0,,0.0,7276.54150390625,1000000.0,,1200.0,16000.0,0.0,0.0,0.0,1200.0,16000.0,0.0,19577.33984375,0.0,1350.0,1000000.0,24796.0,675.0,2700.0,,,0.0
1964-04-28,50.0,4000.0,0.0,637.6644897460938,50.0,0.0,,4000.0,75.0,3000.0,0.0,0.0,50.0,3000.0,3000.0,3000.0,0.0,,0.0,300.0,0.0,0.0,0.0,300.0,0.0,0.0,3000.0,1000000.0,,964.0,3000.0,1500.0,13098.673828125,0.0,0.0,0.0,0.0,19528.095703125,0.0,15545.994140625,1050.0,1000000.0,0.0,12140.0,,,190.0,6287.04638671875,84.46005249023438,592.4833984375,100.0,6287.04638671875,6500.0,6500.0,0.0,,0.0,80.0,0.0,0.0,999999.0,0.0,30.0,4500.0,4500.0,0.0,4500.0,120.0,,50.0,4731.5771484375,0.0,0.0,50.0,0.0,6719.14453125,,18725.099609375,999999.0,531.443359375,4000.0,0.0,260.7174987792969,1863.7435302734375,50.0,13000.0,0.0,12962.07421875,1000000.0,,,23753.73046875,400.0,0.0,0.0,0.0,400.0,8000.0,,0.0,7292.89404296875,1000000.0,,1200.0,16000.0,0.0,0.0,0.0,1200.0,16000.0,0.0,19591.916015625,0.0,1350.0,1000000.0,24796.0,675.0,2700.0,,,0.0
1964-04-29,50.0,4000.0,0.0,664.1096801757812,50.0,0.0,,4000.0,75.0,3000.0,0.0,0.0,50.0,3000.0,3000.0,3000.0,0.0,,0.0,300.0,0.0,0.0,0.0,300.0,0.0,0.0,3000.0,1000000.0,,1212.0,3000.0,1500.0,13186.1982421875,0.0,0.0,0.0,0.0,19548.09765625,0.0,15462.7353515625,1050.0,1000000.0,0.0,12140.0,,,190.0,6375.373046875,357.2476501464844,870.3278198242188,100.0,6375.373046875,6500.0,6500.0,0.0,,0.0,80.0,0.0,0.0,999999.0,0.0,30.0,4500.0,4500.0,0.0,4500.0,120.0,,50.0,4732.71533203125,0.0,0.0,50.0,0.0,6718.0,,18671.900390625,999999.0,332.52593994140625,4000.0,0.0,864.706298828125,2320.345703125,50.0,13000.0,0.0,13000.0,1000000.0,,,23623.69921875,400.0,0.0,0.0,0.0,400.0,8000.0,,0.0,7313.68603515625,1000000.0,,1200.0,16000.0,0.0,0.0,0.0,1200.0,16000.0,0.0,19554.580078125,0.0,1350.0,1000000.0,0.0,675.0,2700.0,,,0.0
1964-04-30,50.0,4000.0,76.6477279663086,687.5679931640625,50.0,0.0,,4000.0,75.0,3000.0,0.0,0.0,50.0,3000.0,3000.0,3000.0,0.0,,0.0,300.0,0.0,0.0,0.0,300.0,0.0,0.0,3000.0,1000000.0,,1153.0,3000.0,1500.0,13316.3603515625,0.0,0.0,0.0,0.0,19570.25,0.0,15611.1552734375,1050.0,1000000.0,0.0,12140.0,,,190.0,6377.91552734375,26.132204055786133,611.7074584960938,100.0,6377.91552734375,6500.0,6500.0,0.0,,0.0,80.0,0.0,0.0,999999.0,0.0,30.0,4500.0,4500.0,0.0,4500.0,120.0,,50.0,4736.8642578125,0.0,0.0,50.0,0.0,6716.828125,,18623.80078125,999999.0,463.8418884277344,4000.0,0.0,46.137481689453125,1842.7999267578125,50.0,13000.0,0.0,13000.0,1000000.0,,,23811.443359375,400.0,0.0,0.0,0.0,400.0,8000.0,,0.0,7342.97998046875,1000000.0,,1200.0,16000.0,0.0,0.0,0.0,1200.0,16000.0,0.0,19545.544921875,0.0,1350.0,1000000.0,0.0,675.0,2700.0,,,0.0
1964-05-01,50.0,4000.0,0.0,499.17034912109375,50.0,0.0,,4000.0,75.0,3000.0,0.0,0.0,50.0,3000.0,3000.0,3000.0,0.0,,0.0,300.0,0.0,0.0,0.0,300.0,0.0,0.0,3000.0,1000000.0,,1078.0,3000.0,1646.0,13426.451171875,0.0,0.0,0.0,0.0,19588.50390625,0.0,15708.607421875,1050.0,1000000.0,0.0,12140.0,,,190.0,6477.02685546875,225.13836669921875,711.1963500976562,100.0,6477.02685546875,6500.0,6500.0,0.0,,0.0,80.0,0.0,0.0,999999.0,0.0,30.0,4500.0,4500.0,0.0,4500.0,120.0,,50.0,4741.01318359375,0.0,0.0,50.0,0.0,6718.17626953125,,18630.099609375,999999.0,658.9633178710938,4000.0,0.0,416.92926025390625,1980.75537109375,50.0,13000.0,0.0,13000.0,1000000.0,,,24552.703125,400.0,0.0,0.0,0.0,400.0,8000.0,1601.0,0.0,7368.73486328125,1000000.0,,1200.0,16000.0,0.0,0.0,0.0,1200.0,16000.0,0.0,19485.80078125,0.0,1350.0,1000000.0,0.0,675.0,2700.0,,,0.0
1964-05-02,50.0,4000.0,0.0,491.628662109375,50.0,0.0,,4000.0,75.0,3000.0,0.0,0.0,50.0,3000.0,3000.0,3000.0,0.0,,0.0,300.0,0.0,0.0,0.0,300.0,0.0,0.0,3000.0,1000000.0,,0.0,3000.0,1646.0,13500.4833984375,0.0,0.0,0.0,0.0,19600.447265625,0.0,15855.6162109375,1050.0,1000000.0,0.0,12140.0,,,190.0,6500.0,211.42762756347656,685.817626953125,100.0,6500.0,6500.0,6500.0,0.0,,0.0,80.0,0.0,0.0,999999.0,0.0,30.0,4500.0,4500.0,0.0,4500.0,120.0,,50.0,4745.154296875,0.0,0.0,50.0,0.0,6722.86962890625,,18618.69921875,999999.0,775.9263916015625,4000.0,0.0,0.0,1370.9202880859375,50.0,13000.0,0.0,13000.0,1000000.0,,,24286.1171875,400.0,0.0,0.0,0.0,400.0,8000.0,1421.0,0.0,7360.7861328125,1000000.0,,1200.0,16000.0,0.0,0.0,0.0,1200.0,16000.0,0.0,19509.484375,0.0,1350.0,1000000.0,0.0,675.0,2700.0,,,0.0
1964-05-03,50.0,4000.0,0.0,481.0870056152344,50.0,0.0,,4000.0,75.0,3000.0,0.0,0.0,50.0,3000.0,3000.0,3000.0,0.0,,0.0,300.0,0.0,0.0,0.0,300.0,0.0,0.0,3000.0,1000000.0,,0.0,3000.0,1646.0,13553.9833984375,0.0,0.0,0.0,0.0,19608.6171875,0.0,16014.7001953125,1050.0,1000000.0,0.0,12140.0,,,190.0,6500.0,0.0,512.3673095703125,100.0,6500.0,6500.0,6500.0,0.0,,0.0,80.0,0.0,0.0,999999.0,0.0,30.0,4500.0,4500.0,0.0,4500.0,120.0,,50.0,4746.28466796875,0.0,0.0,50.0,0.0,6731.03369140625,,18640.80078125,999999.0,877.4633178710938,4000.0,0.0,0.0,1181.5142822265625,50.0,13000.0,0.0,13000.0,1000000.0,,,24957.59375,400.0,0.0,0.0,0.0,400.0,8000.0,1371.0,0.0,7352.8369140625,1000000.0,,1200.0,16000.0,0.0,0.0,0.0,1200.0,16000.0,0.0,19520.748046875,0.0,1350.0,1000000.0,0.0,675.0,2700.0,,,0.0
1964-05-04,50.0,4000.0,0.0,322.84967041015625,50.0,0.0,,4000.0,75.0,3000.0,0.0,0.0,50.0,3000.0,3000.0,3000.0,0.0,,0.0,300.0,0.0,0.0,0.0,300.0,0.0,0.0,3000.0,1000000.0,,0.0,3000.0,1646.0,13590.291015625,0.0,0.0,0.0,0.0,19614.421875,0.0,16069.701171875,1050.0,1000000.0,0.0,12140.0,,,190.0,6500.0,31.71964454650879,487.5228576660156,100.0,6500.0,6500.0,6500.0,0.0,,0.0,80.0,0.0,0.0,999999.0,0.0,30.0,4500.0,4500.0,0.0,4500.0,120.0,,50.0,4750.39111328125,0.0,0.0,50.0,0.0,6739.85107421875,,18677.400390625,999999.0,937.1632690429688,4000.0,0.0,0.0,964.9292602539062,50.0,13000.0,0.0,13000.0,1000000.0,,,24683.5234375,400.0,0.0,0.0,0.0,400.0,8000.0,1296.0,0.0,7344.8876953125,1000000.0,,1200.0,16000.0,0.0,0.0,0.0,1200.0,16000.0,0.0,19527.8984375,0.0,1350.0,1000000.0,0.0,675.0,2700.0,,,0.0
1964-05-05,50.0,4000.0,0.0,336.3080139160156,50.0,0.0,,4000.0,75.0,3000.0,0.0,0.0,50.0,3000.0,3000.0,3000.0,0.0,,0.0,300.0,0.0,0.0,0.0,300.0,0.0,0.0,3000.0,1000000.0,,0.0,3000.0,1646.0,13617.91796875,0.0,0.0,0.0,0.0,19619.681640625,0.0,16089.3037109375,1050.0,1000000.0,0.0,12140.0,,,190.0,6500.0,135.2569122314453,555.3673095703125,100.0,6500.0,6500.0,6500.0,0.0,,0.0,80.0,0.0,0.0,999999.0,0.0,30.0,4500.0,4500.0,0.0,4500.0,120.0,,50.0,4754.498046875,0.0,0.0,50.0,0.0,6737.20703125,,18681.19921875,999999.0,871.3704833984375,4000.0,0.0,0.0,766.2359008789062,50.0,13000.0,0.0,13000.0,1000000.0,,,24665.19140625,400.0,0.0,0.0,0.0,400.0,8000.0,979.2342529296875,0.0,7336.93896484375,1000000.0,,1200.0,16000.0,0.0,0.0,0.0,1200.0,16000.0,0.0,19542.9609375,0.0,1350.0,1000000.0,0.0,675.0,2700.0,,,0.0
1964-05-06,50.0,4000.0,0.0,307.7663269042969,50.0,0.0,,4000.0,75.0,3000.0,0.0,0.0,50.0,3000.0,3000.0,3000.0,0.0,,0.0,300.0,0.0,0.0,0.0,300.0,0.0,0.0,3000.0,1000000.0,,0.0,3000.0,1646.0,13648.0634765625,0.0,0.0,0.0,0.0,19622.841796875,0.0,16117.1220703125,1050.0,1000000.0,0.0,12140.0,,,190.0,6500.0,195.8291015625,587.1895141601562,100.0,6500.0,6500.0,6500.0,0.0,,0.0,80.0,0.0,0.0,999999.0,0.0,30.0,4500.0,4500.0,0.0,4500.0,120.0,,50.0,4760.21484375,0.0,0.0,50.0,0.0,6737.41357421875,,18669.400390625,999999.0,913.2633056640625,4000.0,0.0,0.0,549.9457397460938,50.0,13000.0,0.0,13000.0,1000000.0,,,24758.77734375,400.0,0.0,0.0,0.0,400.0,8000.0,269.7083435058594,0.0,7336.90625,1000000.0,,1200.0,16000.0,0.0,0.0,0.0,1200.0,16000.0,0.0,19507.44921875,0.0,1350.0,1000000.0,0.0,675.0,2700.0,,,0.0
1964-05-07,50.0,4000.0,0.0,276.8635559082031,50.0,0.0,,4000.0,75.0,3000.0,0.0,0.0,50.0,3000.0,3000.0,3000.0,0.0,,0.0,300.0,0.0,0.0,0.0,300.0,0.0,0.0,3000.0,1000000.0,,0.0,3000.0,1646.0,13653.1005859375,0.0,0.0,0.0,0.0,19624.3203125,0.0,16135.3720703125,1050.0,1000000.0,0.0,12140.0,,,190.0,6500.0,0.0,483.2958068847656,100.0,6500.0,6500.0,6500.0,0.0,,0.0,80.0,0.0,0.0,999999.0,0.0,30.0,4500.0,4500.0,0.0,4500.0,120.0,,50.0,4760.33056640625,0.0,0.0,50.0,0.0,6739.85546875,,18705.69921875,999999.0,952.6632690429688,4000.0,0.0,0.0,326.4135437011719,50.0,13000.0,0.0,13000.0,1000000.0,,,24659.68359375,400.0,0.0,0.0,0.0,400.0,8000.0,210.27899169921875,0.0,7350.0751953125,1000000.0,,1200.0,16000.0,0.0,0.0,0.0,1200.0,16000.0,0.0,19561.8359375,0.0,1350.0,1000000.0,0.0,675.0,2700.0,,,0.0
1964-05-08,50.0,4000.0,0.0,261.5580139160156,50.0,0.0,,4000.0,75.0,3000.0,0.0,0.0,50.0,3000.0,3000.0,3000.0,0.0,,0.0,300.0,0.0,0.0,0.0,300.0,0.0,0.0,3000.0,1000000.0,,0.0,3000.0,1646.0,13664.19921875,0.0,0.0,0.0,0.0,19625.66796875,0.0,16203.630859375,1050.0,1000000.0,0.0,12140.0,,,190.0,6500.0,85.0999984741211,570.6360473632812,100.0,6500.0,6500.0,6500.0,0.0,,0.0,80.0,0.0,0.0,999999.0,0.0,30.0,4500.0,4500.0,0.0,4500.0,120.0,,50.0,4764.85693359375,0.0,0.0,50.0,0.0,6745.52685546875,,18739.5,999999.0,963.4263916015625,4000.0,0.0,0.0,62.609130859375,50.0,13000.0,0.0,13000.0,1000000.0,,,24870.3671875,400.0,0.0,0.0,0.0,400.0,8000.0,230.8968963623047,0.0,7364.78076171875,1000000.0,,1200.0,16000.0,0.0,0.0,0.0,1200.0,16000.0,0.0,19725.65625,0.0,1350.0,1000000.0,0.0,675.0,2700.0,,,0.0
1964-05-09,50.0,4000.0,0.0,308.3357849121094,50.0,0.0,,4000.0,75.0,3000.0,0.0,0.0,50.0,3000.0,3000.0,3000.0,0.0,,0.0,300.0,0.0,0.0,0.0,300.0,0.0,0.0,3000.0,1000000.0,,0.0,3000.0,1646.0,13668.0556640625,0.0,0.0,0.0,0.0,19628.931640625,0.0,16080.646484375,1050.0,1000000.0,0.0,12140.0,,,190.0,6500.0,268.0894470214844,649.4527587890625,100.0,6500.0,6500.0,6500.0,0.0,,0.0,80.0,0.0,0.0,999999.0,0.0,30.0,4500.0,4500.0,0.0,4500.0,120.0,,50.0,4768.01806640625,0.0,0.0,50.0,0.0,6748.4951171875,,18740.69921875,999999.0,925.2633056640625,4000.0,0.0,0.0,0.0,50.0,13000.0,0.0,13000.0,1000000.0,,,24685.763671875,400.0,0.0,0.0,0.0,400.0,8000.0,369.4850158691406,0.0,7377.12841796875,1000000.0,,1200.0,16000.0,0.0,0.0,0.0,1200.0,16000.0,0.0,19674.16015625,0.0,1350.0,1000000.0,0.0,675.0,2700.0,,,0.0
1964-05-10,50.0,4000.0,0.0,418.4607849121094,50.0,0.0,,4000.0,75.0,3000.0,0.0,0.0,50.0,3000.0,3000.0,3000.0,0.0,,0.0,300.0,0.0,0.0,0.0,300.0,0.0,0.0,3000.0,1000000.0,,0.0,3000.0,1646.0,13698.4375,0.0,0.0,0.0,0.0,19638.3203125,0.0,15759.8427734375,1050.0,1000000.0,0.0,12140.0,,,190.0,6500.0,98.678466796875,664.3087768554688,100.0,6500.0,6500.0,6500.0,0.0,,0.0,80.0,0.0,0.0,999999.0,0.0,30.0,4500.0,4500.0,0.0,4500.0,120.0,,50.0,4772.61474609375,0.0,0.0,50.0,0.0,6750.67138671875,,18854.30078125,999999.0,591.5999755859375,4000.0,0.0,0.0,148.0458984375,50.0,13000.0,0.0,13000.0,1000000.0,,,24707.4375,400.0,0.0,0.0,0.0,400.0,8000.0,618.758056640625,0.0,7392.49609375,1000000.0,,1200.0,16000.0,0.0,0.0,0.0,1200.0,16000.0,0.0,19707.333984375,0.0,1350.0,1000000.0,0.0,675.0,2700.0,,,0.0
1964-05-11,50.0,4000.0,515.5244140625,615.5857543945312,50.0,0.0,,4000.0,75.0,3000.0,0.0,0.0,50.0,3000.0,3000.0,3000.0,0.0,,0.0,300.0,0.0,0.0,0.0,300.0,0.0,0.0,3000.0,1000000.0,,0.0,3000.0,1646.0,13767.701171875,0.0,0.0,0.0,0.0,19649.431640625,0.0,15505.193359375,1050.0,1000000.0,0.0,12140.0,,,190.0,6500.0,396.6585998535156,767.1254272460938,100.0,6500.0,6500.0,6500.0,0.0,,0.0,80.0,0.0,132.10299682617188,999999.0,0.0,30.0,4500.0,4500.0,0.0,4500.0,120.0,,50.0,4772.76513671875,0.0,0.0,50.0,0.0,6741.4375,,18739.599609375,999999.0,302.699951171875,4000.0,0.0,0.0,947.5125732421875,50.0,13000.0,0.0,13000.0,1000000.0,,,24238.29296875,400.0,0.0,0.0,0.0,400.0,8000.0,668.1382446289062,0.0,7406.095703125,1000000.0,,1200.0,16000.0,0.0,0.0,0.0,1200.0,16000.0,0.0,19665.99609375,0.0,1350.0,1000000.0,0.0,675.0,2700.0,,,0.0
1964-05-12,50.0,4000.0,755.0,763.4110107421875,50.0,0.0,,4000.0,75.0,3000.0,0.0,0.0,50.0,3000.0,3000.0,3000.0,0.0,,0.0,300.0,0.0,0.0,0.0,300.0,0.0,0.0,3000.0,1000000.0,,0.0,3000.0,1646.0,13864.638671875,0.0,0.0,0.0,0.0,19667.716796875,0.0,15418.3662109375,1050.0,1000000.0,0.0,12140.0,,,190.0,6500.0,219.09803771972656,774.4238891601562,100.0,6500.0,6500.0,6500.0,0.0,,0.0,80.0,0.0,536.0,999999.0,0.0,30.0,4500.0,4500.0,0.0,4500.0,120.0,,50.0,4774.70068359375,0.0,0.0,50.0,0.0,6747.169921875,,18739.900390625,999999.0,123.5999755859375,4000.0,0.0,639.8377685546875,1786.612548828125,50.0,13000.0,0.0,13000.0,1000000.0,,,24007.501953125,400.0,0.0,0.0,0.0,400.0,8000.0,752.1439208984375,0.0,7422.12255859375,1000000.0,,1200.0,16000.0,0.0,0.0,0.0,1200.0,16000.0,0.0,19360.349609375,0.0,1350.0,1000000.0,0.0,675.0,2700.0,,,0.0
1964-05-13,50.0,4000.0,728.59912109375,835.6072998046875,50.0,0.0,,4000.0,75.0,3000.0,0.0,0.0,50.0,3000.0,3000.0,3000.0,0.0,,0.0,300.0,0.0,0.0,0.0,300.0,0.0,0.0,3077.16796875,1000000.0,,0.0,3077.16796875,1646.0,13992.6904296875,0.0,0.0,0.0,0.0,19691.720703125,0.0,15310.6171875,1050.0,1000000.0,0.0,12140.0,,,190.0,6500.0,457.1005554199219,1016.0426025390625,100.0,6500.0,6500.0,6500.0,0.0,,0.0,80.0,0.0,583.4027709960938,999999.0,0.0,30.0,4500.0,4500.0,0.0,4500.0,120.0,,50.0,4775.8662109375,0.0,0.0,50.0,0.0,6751.212890625,,18621.80078125,999999.0,0.0,4000.0,0.0,2315.0693359375,2730.0,50.0,13000.0,0.0,13000.0,1000000.0,,,23069.623046875,400.0,0.0,0.0,0.0,400.0,8000.0,740.7830200195312,0.0,7441.09033203125,1000000.0,,1200.0,16000.0,0.0,0.0,0.0,1200.0,16000.0,0.0,19195.029296875,0.0,1350.0,1000000.0,0.0,675.0,2700.0,,,0.0
1964-05-14,50.0,4000.0,671.981689453125,689.7382202148438,50.0,0.0,,4000.0,75.0,3000.0,0.0,0.0,50.0,3000.0,3000.0,3000.0,0.0,,0.0,300.0,0.0,0.0,0.0,300.0,0.0,0.0,3260.09912109375,1000000.0,,0.0,3260.09912109375,1646.0,14165.958984375,0.0,0.0,0.0,0.0,19710.81640625,0.0,15803.5986328125,1050.0,1000000.0,0.0,12140.0,,,190.0,6500.0,225.9763641357422,735.2034301757812,100.0,6500.0,6500.0,6500.0,0.0,,0.0,80.0,0.0,561.6018676757812,999999.0,0.0,30.0,4500.0,4500.0,0.0,4500.0,120.0,,50.0,4775.17626953125,0.0,0.0,50.0,0.0,6751.47412109375,,18635.900390625,999999.0,183.300048828125,4000.0,0.0,2135.0693359375,2230.0,50.0,13000.0,0.0,13000.0,1000000.0,,,23348.833984375,400.0,0.0,0.0,0.0,400.0,8000.0,317.8819885253906,0.0,7465.60546875,1000000.0,,1200.0,16000.0,0.0,0.0,0.0,1200.0,16000.0,0.0,19604.751953125,0.0,1350.0,1000000.0,0.0,675.0,2700.0,,,0.0
1964-05-15,50.0,4000.0,635.2434692382812,655.4921264648438,50.0,0.0,,4000.0,75.0,3000.0,0.0,0.0,50.0,3000.0,3000.0,3000.0,0.0,,0.0,300.0,0.0,0.0,0.0,300.0,0.0,0.0,3416.93505859375,1000000.0,,0.0,3416.93505859375,1646.0,14275.771484375,0.0,0.0,0.0,0.0,19727.95703125,0.0,15865.4150390625,1050.0,1000000.0,0.0,12140.0,,,190.0,6500.0,374.7392883300781,709.052978515625,100.0,6500.0,6500.0,6500.0,0.0,,0.0,80.0,0.0,542.4012451171875,999999.0,0.0,30.0,4500.0,4500.0,0.0,4500.0,120.0,,50.0,4776.02734375,0.0,0.0,50.0,0.0,6752.50537109375,,18706.0,999999.0,338.5,4000.0,0.0,1960.0,1960.0,50.0,13000.0,0.0,13000.0,1000000.0,,,24104.072265625,400.0,0.0,0.0,0.0,400.0,8000.0,159.31887817382812,0.0,7496.58154296875,1000000.0,,1200.0,16000.0,0.0,0.0,0.0,1200.0,16000.0,0.0,19065.765625,0.0,1350.0,1000000.0,0.0,675.0,2700.0,,,0.0
1964-05-16,50.0,4000.0,763.7513427734375,785.6614379882812,50.0,0.0,,4000.0,75.0,3000.0,0.0,0.0,50.0,3000.0,3000.0,3000.0,0.0,,0.0,300.0,0.0,0.0,0.0,300.0,0.0,0.0,3553.388427734375,1000000.0,,0.0,3553.388427734375,1646.0,14384.8251953125,0.0,0.0,0.0,0.0,19740.787109375,0.0,15907.0654296875,1050.0,1000000.0,0.0,12140.0,,,190.0,6500.0,214.02142333984375,720.185302734375,100.0,6500.0,6500.0,6500.0,0.0,,0.0,80.0,0.0,525.2675170898438,999999.0,0.0,30.0,4500.0,4500.0,0.0,4500.0,120.0,,50.0,4778.48876953125,0.0,0.0,50.0,0.0,6753.00390625,,18792.400390625,999999.0,0.0,4000.0,0.0,2190.0,2190.0,50.0,13000.0,0.0,13000.0,1000000.0,,,23805.734375,400.0,0.0,0.0,0.0,400.0,8000.0,357.99591064453125,0.0,7525.47705078125,1000000.0,,1200.0,16000.0,0.0,0.0,0.0,1200.0,16000.0,0.0,19701.76171875,0.0,1350.0,1000000.0,0.0,675.0,2700.0,,,0.0
1964-05-17,50.0,4000.0,846.0899047851562,869.1076049804688,50.0,0.0,,4000.0,75.0,3000.0,0.0,0.0,50.0,3000.0,3000.0,3000.0,0.0,,0.0,300.0,0.0,0.0,0.0,300.0,0.0,0.0,3718.886962890625,1000000.0,,0.0,3718.886962890625,1646.0,14507.2158203125,0.0,0.0,0.0,0.0,19757.15234375,0.0,15630.03515625,1050.0,1000000.0,0.0,12140.0,,,190.0,6500.0,385.0726013183594,787.0198364257812,100.0,6500.0,6500.0,6500.0,0.0,,0.0,80.0,0.0,509.51165771484375,999999.0,0.0,30.0,4500.0,4500.0,0.0,4500.0,120.0,,50.0,4780.91552734375,0.0,0.0,50.0,0.0,6753.80908203125,,18736.5,999999.0,0.0,4000.0,0.0,2440.0,2440.0,50.0,13000.0,0.0,13000.0,1000000.0,,,23685.66796875,400.0,0.0,0.0,0.0,400.0,8000.0,613.3384399414062,0.0,7560.51513671875,1000000.0,,1200.0,16000.0,0.0,0.0,0.0,1200.0,16000.0,0.0,19707.80078125,0.0,1350.0,1000000.0,0.0,675.0,2700.0,,,0.0
1964-05-18,50.0,4000.0,882.9822998046875,906.7384033203125,50.0,0.0,,4000.0,75.0,3000.0,0.0,0.0,50.0,3000.0,3000.0,3000.0,0.0,,0.0,300.0,0.0,0.0,0.0,300.0,0.0,0.0,3893.9833984375,1000000.0,,0.0,3893.9833984375,1646.0,14674.708984375,0.0,0.0,0.0,0.0,19776.9765625,0.0,15585.4580078125,1050.0,1000000.0,0.0,0.0,,,190.0,6500.0,162.915283203125,673.1632080078125,100.0,6500.0,6500.0,6500.0,0.0,,0.0,80.0,0.0,511.0077819824219,999999.0,0.0,30.0,4500.0,4500.0,0.0,4500.0,120.0,,50.0,4780.40185546875,0.0,0.0,50.0,0.0,6756.47412109375,,18738.5,999999.0,0.0,4000.0,0.0,2550.0,2550.0,50.0,13000.0,0.0,13000.0,1000000.0,,,23520.125,400.0,0.0,0.0,0.0,400.0,8000.0,596.0206298828125,0.0,7596.93212890625,1000000.0,,1200.0,16000.0,0.0,0.0,0.0,1200.0,16000.0,0.0,19836.634765625,0.0,1350.0,1000000.0,0.0,675.0,2700.0,,,0.0
1964-05-19,50.0,4000.0,965.243896484375,989.4922485351562,50.0,0.0,,4000.0,75.0,3000.0,0.0,0.0,50.0,3000.0,3000.0,3000.0,0.0,,0.0,300.0,0.0,0.0,0.0,300.0,0.0,0.0,4080.11328125,1000000.0,,0.0,4080.11328125,1646.0,14862.6982421875,0.0,0.0,0.0,0.0,19800.13671875,0.0,15323.2431640625,1050.0,1000000.0,0.0,0.0,,,190.0,6500.0,452.48016357421875,773.0048828125,100.0,6500.0,6500.0,6500.0,0.0,,0.0,80.0,0.0,482.8072204589844,999999.0,0.0,30.0,4500.0,4500.0,0.0,4500.0,120.0,,50.0,4781.28857421875,0.0,0.0,50.0,0.0,6758.7421875,,18756.099609375,999999.0,0.0,4000.0,0.0,2730.0,2730.0,50.0,13000.0,0.0,13000.0,1000000.0,,,23424.25390625,400.0,0.0,0.0,0.0,400.0,8000.0,616.7329711914062,906.421875,7636.3837890625,1000000.0,,1200.0,16000.0,0.0,0.0,0.0,1200.0,16000.0,0.0,19931.34765625,0.0,1350.0,1000000.0,0.0,675.0,2700.0,,,0.0
1964-05-20,50.0,4000.0,950.6688232421875,1073.328125,50.0,0.0,,4000.0,75.0,3000.0,0.0,0.0,50.0,3000.0,3000.0,3000.0,0.0,,0.0,300.0,0.0,0.0,0.0,300.0,0.0,0.0,4285.42138671875,1000000.0,,0.0,4285.42138671875,1646.0,15079.947265625,0.0,0.0,0.0,0.0,20454.08203125,0.0,14997.814453125,1050.0,1000000.0,0.0,0.0,,,190.0,6500.0,220.98477172851562,734.1532592773438,100.0,6500.0,6500.0,6500.0,0.0,,0.0,80.0,0.0,498.40277099609375,999999.0,0.0,30.0,4500.0,4500.0,0.0,4500.0,120.0,,50.0,4782.35009765625,0.0,0.0,50.0,0.0,6760.3134765625,,18746.5,999999.0,0.0,4000.0,0.0,3150.0,3150.0,50.0,13000.0,0.0,13000.0,1000000.0,,,23072.34765625,400.0,0.0,0.0,0.0,400.0,8000.0,309.7127685546875,2508.0,7672.89697265625,1000000.0,,1200.0,16000.0,0.0,0.0,694.9546508789062,1200.0,16000.0,686.6849975585938,19934.3046875,0.0,1350.0,1000000.0,0.0,675.0,2700.0,,,0.0
1964-05-21,50.0,4000.0,799.8927612304688,999.2188110351562,50.0,0.0,,4000.0,75.0,3000.0,0.0,0.0,50.0,3000.0,3000.0,3000.0,0.0,,0.0,300.0,0.0,0.0,0.0,300.0,0.0,0.0,4502.3095703125,1000000.0,,0.0,4502.3095703125,1646.0,15350.951171875,0.0,0.0,0.0,0.0,22003.525390625,0.0,14685.3876953125,1050.0,1000000.0,0.0,0.0,,,190.0,6500.0,672.0694580078125,782.0,100.0,6500.0,6500.0,6500.0,0.0,,0.0,80.0,0.0,463.9351806640625,999999.0,0.0,30.0,4500.0,4500.0,0.0,4500.0,120.0,,50.0,4783.482421875,0.0,0.0,50.0,0.0,6762.23681640625,,18610.69921875,999999.0,0.0,4000.0,0.0,2821.736083984375,3520.0,50.0,13000.0,0.0,13000.0,1000000.0,,,22903.673828125,400.0,0.0,0.0,0.0,400.0,8000.0,0.0,2293.0,7672.89697265625,1000000.0,,1200.0,16000.0,0.0,0.0,3375.362548828125,1200.0,16000.0,6462.3193359375,19512.283203125,0.0,1350.0,1000000.0,0.0,675.0,2700.0,,,0.0
1964-05-22,50.0,4000.0,665.4865112304688,774.1458740234375,50.0,0.0,,4000.0,75.0,3000.0,0.0,0.0,50.0,3000.0,3000.0,3000.0,0.0,,0.0,300.0,0.0,0.0,0.0,300.0,0.0,0.0,4716.677734375,1000000.0,,0.0,4716.677734375,1646.0,15645.470703125,0.0,0.0,0.0,0.0,23991.662109375,0.0,15292.8681640625,1050.0,1000000.0,0.0,0.0,,,190.0,6500.0,587.736083984375,667.0,100.0,6500.0,6500.0,6500.0,0.0,,0.0,80.0,0.0,432.956787109375,999999.0,0.0,30.0,4500.0,4500.0,0.0,4500.0,120.0,,50.0,4783.00390625,0.0,0.0,50.0,0.0,6763.49462890625,,18641.5,999999.0,0.0,4000.0,0.0,2298.40283203125,2780.0,50.0,13000.0,0.0,13000.0,1000000.0,,,23593.337890625,400.0,0.0,0.0,0.0,400.0,8000.0,0.0,1897.0,7672.89697265625,1000000.0,,1200.0,16000.0,0.0,0.0,4155.6494140625,1200.0,16000.0,10193.0283203125,18483.30859375,0.0,1350.0,1000000.0,0.0,1350.0,5400.0,,,0.0
1964-05-23,50.0,4000.0,597.771240234375,621.0972290039062,50.0,0.0,,4000.0,75.0,3000.0,0.0,0.0,50.0,3000.0,3000.0,3000.0,0.0,,0.0,300.0,0.0,0.0,0.0,300.0,0.0,0.0,4885.8935546875,1000000.0,,0.0,4885.8935546875,1646.0,15830.796875,0.0,0.0,0.0,0.0,25077.404296875,0.0,15720.2236328125,1050.0,1000000.0,0.0,0.0,,,190.0,6500.0,540.4027709960938,542.0,100.0,6500.0,6500.0,6500.0,0.0,,0.0,80.0,0.0,404.3045349121094,999999.0,0.0,30.0,4500.0,4500.0,0.0,4500.0,120.0,,50.0,4780.0048828125,0.0,0.0,50.0,0.0,6766.70703125,,18732.0,999999.0,0.0,4000.0,0.0,1988.40283203125,2140.0,50.0,13000.0,0.0,13000.0,1000000.0,,,24299.775390625,400.0,0.0,0.0,0.0,400.0,8000.0,0.0,1672.0,7672.89697265625,1000000.0,,1200.0,16000.0,0.0,0.0,2802.09375,1200.0,16000.0,9526.61328125,17726.8203125,0.0,1350.0,1000000.0,0.0,2700.0,10800.0,,,0.0
1964-05-24,50.0,4000.0,576.0081176757812,596.0648193359375,50.0,0.0,,4000.0,75.0,3000.0,0.0,0.0,50.0,3000.0,3000.0,3000.0,0.0,,0.0,300.0,0.0,0.0,0.0,300.0,0.0,0.0,5013.74560546875,1000000.0,,0.0,5013.74560546875,1646.0,15948.4716796875,0.0,0.0,0.0,0.0,25986.4375,0.0,16057.5986328125,1050.0,1000000.0,0.0,0.0,,,190.0,6500.0,514.736083984375,529.0,100.0,6500.0,6500.0,6500.0,0.0,,0.0,80.0,0.0,380.2030029296875,999999.0,0.0,30.0,4500.0,4500.0,0.0,4500.0,120.0,,50.0,4784.46240234375,0.0,0.0,50.0,0.0,6764.17041015625,,18755.80078125,999999.0,0.0,4000.0,0.0,1861.736083984375,1950.0,50.0,13000.0,0.0,13000.0,1000000.0,,,24406.708984375,400.0,0.0,0.0,0.0,400.0,8000.0,0.0,1663.0,7672.89697265625,1000000.0,,1200.0,16000.0,0.0,0.0,1018.8668212890625,1200.0,16000.0,4548.03369140625,18759.853515625,0.0,1350.0,1000000.0,0.0,4763.306640625,19053.2265625,,,0.0
1964-05-25,50.0,4000.0,550.9432983398438,571.043212890625,50.0,0.0,,4000.0,75.0,3000.0,0.0,0.0,50.0,3000.0,3000.0,3000.0,0.0,,0.0,300.0,0.0,0.0,0.0,300.0,0.0,0.0,5084.59130859375,1000000.0,,0.0,5084.59130859375,1646.0,16063.03125,0.0,0.0,0.0,0.0,27405.23046875,0.0,16249.375,1050.0,1000000.0,0.0,0.0,,,190.0,6500.0,491.40277099609375,525.0,100.0,6500.0,6500.0,6500.0,0.0,,0.0,80.0,0.0,364.1353454589844,999999.0,0.0,30.0,4500.0,4500.0,0.0,4500.0,120.0,,50.0,4782.7587890625,0.0,0.0,50.0,0.0,6766.138671875,,18763.69921875,999999.0,42.4000244140625,4000.0,0.0,1850.0,1850.0,50.0,13000.0,0.0,13000.0,1000000.0,,,24431.826171875,400.0,0.0,0.0,0.0,400.0,8000.0,0.0,1617.0,7672.89697265625,1000000.0,,1200.0,16000.0,0.0,0.0,758.98779296875,1200.0,16000.0,4144.63916015625,20086.14453125,0.0,1350.0,1000000.0,0.0,2381.6533203125,9526.61328125,,,0.0
1964-05-26,50.0,4000.0,535.9000854492188,556.02880859375,50.0,0.0,,4000.0,75.0,3000.0,0.0,0.0,50.0,3000.0,3000.0,3000.0,0.0,,0.0,300.0,0.0,0.0,0.0,300.0,0.0,0.0,5148.12890625,1000000.0,,0.0,5148.12890625,1646.0,16179.568359375,0.0,0.0,0.0,0.0,28560.796875,0.0,17227.078125,1050.0,1000000.0,0.0,0.0,,,190.0,6500.0,465.0,465.0,100.0,6500.0,6500.0,6500.0,0.0,,0.0,80.0,0.0,352.0902404785156,999999.0,0.0,30.0,4500.0,4500.0,0.0,4500.0,120.0,,50.0,4779.375,0.0,0.0,50.0,0.0,6769.30908203125,,18796.19921875,999999.0,71.0,4000.0,0.0,1760.0,1760.0,50.0,13000.0,0.0,13000.0,1000000.0,,,24462.18359375,400.0,0.0,0.0,0.0,400.0,8000.0,0.0,1539.0,7672.89697265625,1000000.0,,1200.0,16000.0,0.0,0.0,537.8245239257812,1200.0,16000.0,4066.9912109375,19310.30078125,0.0,1350.0,1000000.0,0.0,2072.319580078125,8289.2783203125,,,0.0
1964-05-27,50.0,4000.0,616.8712768554688,637.0192260742188,50.0,0.0,,4000.0,75.0,3000.0,0.0,0.0,50.0,3000.0,3000.0,3000.0,0.0,,0.0,300.0,0.0,0.0,0.0,300.0,0.0,0.0,5210.916015625,1000000.0,,0.0,5210.916015625,1646.0,16278.505859375,0.0,0.0,0.0,0.0,29384.904296875,0.0,18544.98828125,1050.0,1000000.0,0.0,0.0,,,190.0,6500.0,459.0,459.0,100.0,6500.0,6500.0,6500.0,0.0,,0.0,80.0,0.0,339.39349365234375,999999.0,0.0,30.0,4500.0,4500.0,0.0,4500.0,120.0,,50.0,4784.18310546875,0.0,0.0,50.0,0.0,6770.30419921875,,18838.19921875,999999.0,0.0,4000.0,0.0,1920.0,1920.0,50.0,13000.0,0.0,13000.0,1000000.0,,,24307.87109375,400.0,0.0,0.0,0.0,400.0,8000.0,0.0,1544.0,7672.89697265625,1000000.0,,1200.0,16000.0,0.0,0.0,479.2486267089844,1200.0,16000.0,4008.415283203125,19696.966796875,0.0,1350.0,1000000.0,0.0,2033.49560546875,8133.982421875,,,0.0
1964-05-28,50.0,4000.0,665.85205078125,686.0128173828125,50.0,0.0,,4000.0,75.0,3000.0,0.0,0.0,50.0,3000.0,3000.0,3000.0,0.0,,0.0,300.0,0.0,0.0,0.0,300.0,0.0,0.0,5274.88818359375,1000000.0,,0.0,5274.88818359375,1646.0,16379.4296875,0.0,0.0,0.0,1976.105712890625,30811.01171875,0.0,19765.90234375,1050.0,1000000.0,0.0,0.0,,,190.0,6500.0,473.0,473.0,100.0,6500.0,6500.0,6500.0,0.0,,0.0,80.0,0.0,335.5956726074219,999999.0,0.0,30.0,4500.0,4500.0,0.0,4500.0,120.0,,50.0,4783.740234375,0.0,0.0,50.0,0.0,6771.41845703125,,18800.0,999999.0,0.0,4000.0,0.0,2130.0,2130.0,50.0,13000.0,0.0,13000.0,1000000.0,,,24130.267578125,400.0,0.0,0.0,0.0,400.0,8000.0,0.0,1510.0,7672.89697265625,1000000.0,,1200.0,16000.0,0.0,0.0,574.9147338867188,1200.0,16000.0,4104.08154296875,19321.576171875,0.0,1350.0,1000000.0,0.0,2004.2076416015625,8016.83056640625,,,0.0
1964-05-29,50.0,4000.0,641.8392333984375,662.008544921875,50.0,0.0,,4000.0,75.0,3000.0,0.0,0.0,50.0,3000.0,3000.0,3000.0,0.0,,0.0,300.0,0.0,0.0,0.0,300.0,0.0,0.0,5344.71826171875,1000000.0,,0.0,5344.71826171875,1646.0,16500.0,0.0,0.0,0.0,3823.0,32290.87109375,0.0,20685.12109375,1050.0,1000000.0,0.0,0.0,,,190.0,6500.0,439.0,439.0,100.0,6500.0,6500.0,6500.0,0.0,,0.0,80.0,0.0,317.98297119140625,999999.0,0.0,30.0,4500.0,4500.0,0.0,4500.0,120.0,,50.0,4781.931640625,0.0,0.0,50.0,0.0,6771.923828125,,18832.099609375,999999.0,0.0,4000.0,0.0,2030.0,2030.0,50.0,13000.0,0.0,13000.0,1000000.0,,,24188.451171875,400.0,0.0,0.0,0.0,400.0,8000.0,0.0,1497.0,7672.89697265625,1000000.0,,1200.0,16000.0,0.0,0.0,392.14794921875,1200.0,16000.0,3921.314697265625,19699.685546875,0.0,1350.0,1000000.0,0.0,2052.040771484375,8208.1630859375,,,0.0
1964-05-30,50.0,4000.0,734.8306884765625,755.0056762695312,50.0,0.0,,4000.0,75.0,3000.0,0.0,0.0,50.0,3000.0,3000.0,3000.0,0.0,,0.0,300.0,0.0,0.0,0.0,300.0,0.0,0.0,5414.30419921875,1000000.0,,0.0,5414.30419921875,1646.0,16500.0,0.0,0.0,0.0,4151.0,32429.92578125,0.0,20251.10546875,1050.0,1000000.0,0.0,0.0,,,190.0,6500.0,499.0,499.0,100.0,6500.0,6500.0,6500.0,0.0,,0.0,80.0,0.0,328.0,999999.0,0.0,30.0,4500.0,4500.0,0.0,4500.0,120.0,,50.0,4781.55908203125,0.0,0.0,50.0,0.0,6773.85546875,,18890.80078125,999999.0,0.0,4000.0,0.0,2270.0,2270.0,50.0,13000.0,0.0,13000.0,1000000.0,,,24096.654296875,400.0,0.0,0.0,0.0,400.0,8000.0,0.0,1698.0,7672.89697265625,1000000.0,,1200.0,16000.0,0.0,0.0,763.2085571289062,1200.0,16000.0,4292.375,19357.150390625,0.0,1350.0,1000000.0,0.0,1960.6573486328125,7842.62939453125,,,0.0
1964-05-31,50.0,4000.0,856.8250122070312,877.0037841796875,50.0,0.0,,4000.0,75.0,3000.0,0.0,0.0,50.0,3000.0,3000.0,3000.0,0.0,,0.0,300.0,0.0,0.0,0.0,300.0,0.0,0.0,5491.53759765625,1000000.0,,0.0,5491.53759765625,1646.0,16500.0,0.0,0.0,0.0,4731.0,32659.88671875,0.0,20187.55859375,1050.0,1000000.0,0.0,0.0,,,190.0,6500.0,538.0694580078125,565.0,100.0,6500.0,6500.0,6500.0,0.0,,0.0,80.0,0.0,359.0,999999.0,0.0,30.0,4500.0,4500.0,0.0,4500.0,120.0,,50.0,4782.5869140625,0.0,0.0,50.0,0.0,6778.1611328125,,18892.599609375,999999.0,0.0,4000.0,0.0,2640.0,2640.0,50.0,13000.0,0.0,13000.0,1000000.0,,,23679.123046875,400.0,0.0,0.0,0.0,400.0,8000.0,0.0,2186.0,7672.89697265625,1000000.0,,1200.0,16000.0,0.0,0.0,1460.367431640625,1200.0,16000.0,4989.5341796875,19247.013671875,0.0,1350.0,1000000.0,0.0,2146.1875,8584.75,,,0.0
1964-06-01,62.54986572265625,4000.0,830.676513671875,999.0025024414062,50.0,0.0,,4000.0,79.27493286132812,3000.0,0.0,0.0,50.0,3000.0,3000.0,3000.0,0.0,,0.0,422.0997314453125,0.0,0.0,0.0,300.0,0.0,0.0,5586.87353515625,1000000.0,,0.0,5586.87353515625,1426.0,16500.0,0.0,0.0,0.0,5105.0,32830.1328125,0.0,20112.421875,1050.0,1000000.0,0.0,0.0,,,199.27493286132812,6500.0,480.7361145019531,551.0,100.0,6500.0,6500.0,6500.0,0.0,,0.0,95.82479858398438,0.0,346.40277099609375,999999.0,0.0,30.0,4500.0,4500.0,0.0,4500.0,120.0,,62.54986572265625,4777.8037109375,0.0,0.0,50.0,0.0,6782.65087890625,,18761.69921875,999999.0,0.0,4000.0,0.0,2445.0693359375,2900.0,50.0,13000.0,0.0,13000.0,1000000.0,,,23463.794921875,427.3746643066406,0.0,0.0,0.0,400.0,8000.0,0.0,2287.0,7672.89697265625,1000000.0,,1245.924560546875,16000.0,0.0,0.0,2334.85791015625,1200.0,16000.0,5864.0244140625,19006.373046875,0.0,1350.0,1000000.0,0.0,2494.76708984375,9979.068359375,,,0.0
1964-06-02,62.54986572265625,4000.0,732.009033203125,802.001708984375,50.0,0.0,,4000.0,79.27493286132812,3000.0,0.0,0.0,50.0,3000.0,3000.0,3000.0,0.0,,0.0,422.0997314453125,0.0,0.0,0.0,300.0,0.0,0.0,5686.25146484375,1000000.0,,0.0,5686.25146484375,1426.0,16500.0,0.0,0.0,0.0,4614.0,32627.3203125,0.0,20929.4921875,1050.0,1000000.0,0.0,0.0,,,199.27493286132812,6500.0,453.0694580078125,473.0,100.0,6500.0,6500.0,6500.0,0.0,,0.0,95.82479858398438,0.0,335.6018371582031,999999.0,0.0,30.0,4500.0,4500.0,0.0,4500.0,120.0,,62.54986572265625,4776.7744140625,0.0,0.0,50.0,0.0,6785.75537109375,,18810.69921875,999999.0,0.0,4000.0,0.0,2205.0693359375,2380.0,50.0,13000.0,0.0,13000.0,1000000.0,,,23914.384765625,427.3746643066406,0.0,0.0,0.0,400.0,8000.0,0.0,2141.0,7672.89697265625,1000000.0,,1245.924560546875,16000.0,0.0,0.0,2149.3974609375,1200.0,16000.0,5678.56396484375,19157.61328125,0.0,1350.0,1000000.0,0.0,2932.01220703125,11728.048828125,,,0.0
1964-06-03,62.54986572265625,4000.0,665.8170166015625,686.0010986328125,50.0,0.0,,4000.0,79.27493286132812,3000.0,0.0,0.0,50.0,3000.0,3000.0,3000.0,0.0,,0.0,422.0997314453125,0.0,0.0,0.0,300.0,0.0,0.0,5770.3359375,1000000.0,,0.0,5770.3359375,1426.0,16500.0,0.0,0.0,0.0,3790.0,32281.71875,0.0,21353.28125,1050.0,1000000.0,0.0,0.0,,,199.27493286132812,6500.0,393.0,393.0,100.0,6500.0,6500.0,6500.0,0.0,,0.0,95.82479858398438,0.0,331.995361328125,999999.0,0.0,30.0,4500.0,4500.0,0.0,4500.0,120.0,,62.54986572265625,4775.74560546875,0.0,0.0,50.0,0.0,6784.60498046875,,18856.69921875,999999.0,0.0,4000.0,0.0,2030.0,2030.0,50.0,13000.0,0.0,13000.0,1000000.0,,,24409.421875,427.3746643066406,0.0,0.0,0.0,400.0,8000.0,0.0,1941.0,7672.89697265625,1000000.0,,1245.924560546875,16000.0,0.0,0.0,1764.3955078125,1200.0,16000.0,5293.56201171875,19413.28125,0.0,1350.0,1000000.0,0.0,2839.281982421875,11357.1279296875,,,0.0
1964-06-04,62.54986572265625,4000.0,682.81591796875,703.000732421875,50.0,0.0,,4000.0,79.27493286132812,3000.0,0.0,0.0,50.0,3000.0,3000.0,3000.0,0.0,,0.0,422.0997314453125,0.0,0.0,0.0,300.0,0.0,0.0,5843.32275390625,1000000.0,,0.0,5843.32275390625,1426.0,16500.0,0.0,0.0,0.0,4414.0,32532.158203125,0.0,21057.763671875,1050.0,1000000.0,0.0,0.0,,,199.27493286132812,6500.0,468.0,468.0,100.0,6500.0,6500.0,6500.0,0.0,,0.0,95.82479858398438,0.0,314.0,999999.0,0.0,30.0,4500.0,4500.0,0.0,4500.0,120.0,,62.54986572265625,4774.71728515625,0.0,0.0,50.0,0.0,6780.509765625,,18943.0,999999.0,0.0,4000.0,0.0,2180.0,2180.0,50.0,13000.0,0.0,13000.0,1000000.0,,,24233.89453125,427.3746643066406,0.0,0.0,0.0,400.0,8000.0,0.0,2046.0,7672.89697265625,1000000.0,,1245.924560546875,16000.0,0.0,0.0,1912.3702392578125,1200.0,16000.0,5441.537109375,19360.4453125,0.0,1350.0,1000000.0,0.0,2646.781005859375,10587.1240234375,,,0.0
1964-06-05,62.54986572265625,4000.0,800.8151245117188,821.00048828125,50.0,0.0,,4000.0,79.27493286132812,3000.0,0.0,0.0,50.0,3000.0,3000.0,3000.0,0.0,,0.0,422.0997314453125,0.0,0.0,0.0,300.0,0.0,0.0,5920.67919921875,1000000.0,,0.0,5920.67919921875,1426.0,16500.0,0.0,0.0,0.0,4883.0,32737.63671875,0.0,20390.775390625,1050.0,1000000.0,0.0,0.0,,,199.27493286132812,6500.0,574.0,574.0,100.0,6500.0,6500.0,6500.0,0.0,,0.0,95.82479858398438,0.0,403.0,999999.0,0.0,30.0,4500.0,4500.0,0.0,4500.0,120.0,,62.54986572265625,4779.7109375,0.0,0.0,50.0,0.0,6779.24365234375,,18863.900390625,999999.0,0.0,4000.0,0.0,2520.0,2520.0,50.0,13000.0,0.0,13000.0,1000000.0,,,23837.56640625,427.3746643066406,0.0,0.0,0.0,400.0,8000.0,0.0,2507.0,7672.89697265625,1000000.0,,1245.924560546875,16000.0,0.0,0.0,2399.348876953125,1200.0,16000.0,5928.515625,19253.935546875,0.0,1350.0,1000000.0,0.0,2720.7685546875,10883.07421875,,,0.0
1964-06-06,62.54986572265625,4000.0,828.8146362304688,849.0003051757812,50.0,0.0,,3930.330810546875,79.27493286132812,3000.0,0.0,0.0,50.0,3000.0,3000.0,3000.0,0.0,,0.0,422.0997314453125,0.0,0.0,0.0,300.0,0.0,0.0,6005.8876953125,1000000.0,,0.0,5959.69775390625,1426.0,16500.0,0.0,0.0,0.0,4777.0,32693.814453125,0.0,20531.5078125,1050.0,1000000.0,0.0,0.0,,,199.27493286132812,6500.0,773.0,773.0,100.0,6500.0,6500.0,6500.0,0.0,,0.0,95.82479858398438,0.0,524.0,999999.0,0.0,30.0,4500.0,4500.0,0.0,4500.0,120.0,,62.54986572265625,4778.68359375,0.0,0.0,50.0,0.0,6780.0859375,,18805.80078125,999999.0,0.0,4000.0,0.0,2500.0,2500.0,50.0,13000.0,0.0,13000.0,1000000.0,,,23535.357421875,427.3746643066406,0.0,0.0,0.0,400.0,8000.0,0.0,2995.0,7672.89697265625,1000000.0,,1245.924560546875,16000.0,0.0,0.0,3815.956787109375,1200.0,16000.0,7345.12353515625,18425.291015625,0.0,1350.0,1000000.0,0.0,2964.2578125,11857.03125,,,0.0
1964-06-07,62.54986572265625,4000.0,833.3408813476562,1010.000244140625,50.0,0.0,,3958.450439453125,79.27493286132812,3000.0,0.0,0.0,50.0,3000.0,3000.0,3000.0,0.0,,0.0,422.0997314453125,0.0,0.0,0.0,300.0,0.0,0.0,6104.0869140625,1000000.0,,0.0,5743.60009765625,1426.0,16500.0,0.0,0.0,0.0,5208.0,32874.29296875,0.0,19706.9296875,1050.0,1000000.0,0.0,0.0,,,199.27493286132812,6500.0,1618.0694580078125,1727.0,100.0,6500.0,6500.0,6500.0,0.0,,0.0,95.82479858398438,0.0,1541.736083984375,999999.0,0.0,30.0,4500.0,4500.0,0.0,4500.0,120.0,,62.54986572265625,4780.66748046875,0.0,0.0,50.0,0.0,6782.95654296875,,18680.80078125,999999.0,0.0,4000.0,0.0,2758.40283203125,3220.0,50.0,13000.0,0.0,13000.0,1000000.0,,,22884.6796875,427.3746643066406,0.0,0.0,0.0,400.0,8000.0,0.0,3712.0,7672.89697265625,1000000.0,,1245.924560546875,16000.0,0.0,0.0,5726.392578125,1200.0,16000.0,9255.5595703125,17086.8828125,0.0,1350.0,1000000.0,0.0,3672.561767578125,14690.2470703125,,,0.0
1964-06-08,62.54986572265625,4000.0,695.3408203125,840.0001220703125,50.0,0.0,,4000.0,79.27493286132812,3000.0,0.0,0.0,50.0,3000.0,3000.0,3000.0,0.0,,0.0,422.0997314453125,0.0,0.0,0.0,300.0,0.0,0.0,6210.962890625,1000000.0,,0.0,5964.43359375,1426.0,16500.0,0.0,0.0,0.0,4243.0,32465.90234375,0.0,20083.61328125,1050.0,1000000.0,0.0,0.0,,,199.27493286132812,6500.0,1336.736083984375,1901.0,100.0,6500.0,6500.0,6500.0,0.0,,0.0,95.82479858398438,0.0,1319.8240966796875,999999.0,0.0,30.0,4500.0,4500.0,0.0,4500.0,120.0,,62.54986572265625,4779.64111328125,0.0,0.0,50.0,0.0,6784.66552734375,,18422.400390625,999999.0,0.0,4000.0,0.0,2345.0693359375,2900.0,50.0,13000.0,0.0,13000.0,1000000.0,,,22846.310546875,427.3746643066406,0.0,0.0,0.0,400.0,8000.0,0.0,3150.0,7672.89697265625,1000000.0,,1245.924560546875,16000.0,0.0,0.0,5454.43798828125,1200.0,16000.0,8983.6044921875,17336.400390625,0.0,1350.0,1000000.0,0.0,4627.77978515625,18511.119140625,,,0.0
1964-06-09,62.54986572265625,4000.0,589.0074462890625,645.0001220703125,50.0,0.0,,4000.0,79.27493286132812,3000.0,0.0,0.0,50.0,3000.0,3000.0,3000.0,0.0,,0.0,422.0997314453125,0.0,0.0,0.0,300.0,0.0,0.0,6297.8388671875,1000000.0,,0.0,6297.8388671875,1426.0,16500.0,0.0,0.0,0.0,3505.0,32165.39453125,0.0,21301.337890625,1050.0,1000000.0,0.0,0.0,,,199.27493286132812,6500.0,937.4027709960938,1201.0,100.0,6500.0,6500.0,6500.0,0.0,,0.0,95.82479858398438,0.0,1124.216064453125,999999.0,0.0,30.0,4500.0,4500.0,0.0,4500.0,120.0,,62.54986572265625,4778.615234375,0.0,0.0,50.0,0.0,6788.4736328125,,18640.400390625,999999.0,0.0,4000.0,0.0,1958.40283203125,2130.0,50.0,13000.0,0.0,13000.0,1000000.0,,,23958.486328125,427.3746643066406,0.0,0.0,0.0,400.0,8000.0,0.0,2414.0,7672.89697265625,1000000.0,,1245.924560546875,16000.0,0.0,0.0,3677.220458984375,1200.0,16000.0,7206.38720703125,18759.109375,0.0,1350.0,1000000.0,0.0,4491.80224609375,17967.208984375,,,0.0
1964-06-10,62.54986572265625,4000.0,537.6895751953125,596.0000610351562,50.0,0.0,,4000.0,79.27493286132812,3000.0,0.0,0.0,50.0,3000.0,3000.0,3000.0,0.0,,0.0,422.0997314453125,0.0,0.0,0.0,300.0,0.0,0.0,6368.88916015625,1000000.0,,0.0,6368.88916015625,1426.0,16500.0,0.0,0.0,0.0,3482.0,32156.599609375,0.0,21544.0703125,1050.0,1000000.0,0.0,0.0,,,199.27493286132812,6500.0,725.4027709960938,883.0,100.0,6500.0,6500.0,6500.0,0.0,,0.0,95.82479858398438,0.0,949.4773559570312,999999.0,0.0,30.0,4500.0,4500.0,0.0,4500.0,120.0,,62.54986572265625,4777.58935546875,0.0,0.0,50.0,0.0,6790.76611328125,,18655.0,999999.0,0.0,4000.0,0.0,1781.736083984375,1980.0,50.0,13000.0,0.0,13000.0,1000000.0,,,24098.48046875,427.3746643066406,0.0,0.0,0.0,400.0,8000.0,0.0,2185.0,7672.89697265625,1000000.0,,1245.924560546875,16000.0,0.0,0.0,2672.803466796875,1200.0,16000.0,6201.97021484375,19118.037109375,0.0,1350.0,1000000.0,0.0,3603.193603515625,14412.7744140625,,,0.0
1964-06-11,62.54986572265625,4000.0,496.3562316894531,521.0000610351562,50.0,0.0,,4000.0,79.27493286132812,3000.0,0.0,0.0,50.0,3000.0,3000.0,3000.0,0.0,,0.0,422.0997314453125,0.0,0.0,0.0,300.0,0.0,0.0,6433.5576171875,1000000.0,,0.0,6433.5576171875,1426.0,16500.0,0.0,0.0,0.0,3181.0,32038.404296875,0.0,21685.013671875,1050.0,1000000.0,0.0,0.0,,,199.27493286132812,6500.0,602.4027709960938,703.0,100.0,6500.0,6500.0,6500.0,0.0,,0.0,95.82479858398438,0.0,799.6515502929688,999999.0,0.0,30.0,4500.0,4500.0,0.0,4500.0,120.0,,62.54986572265625,4776.564453125,0.0,0.0,50.0,0.0,6792.6630859375,,18647.69921875,999999.0,0.0,4000.0,0.0,1635.0694580078125,1740.0,50.0,13000.0,0.0,13000.0,1000000.0,,,24242.787109375,427.3746643066406,0.0,0.0,0.0,400.0,8000.0,0.0,2005.0,7672.89697265625,1000000.0,,1245.924560546875,16000.0,0.0,0.0,2287.17138671875,1200.0,16000.0,5816.337890625,19461.48046875,0.0,1350.0,1000000.0,0.0,3100.985107421875,12403.9404296875,,,0.0
1964-06-12,62.54986572265625,4000.0,465.813720703125,486.0000305175781,50.0,0.0,,4000.0,79.27493286132812,3000.0,0.0,0.0,50.0,3000.0,3000.0,3000.0,0.0,,0.0,422.0997314453125,0.0,0.0,0.0,300.0,0.0,0.0,6491.82470703125,1000000.0,,0.0,6491.82470703125,1426.0,16500.0,0.0,0.0,0.0,3107.0,32009.419921875,0.0,21835.794921875,1050.0,1000000.0,0.0,0.0,,,199.27493286132812,6500.0,514.0694580078125,565.0,100.0,6500.0,6500.0,6500.0,0.0,,0.0,95.82479858398438,0.0,678.10107421875,999999.0,0.0,30.0,4500.0,4500.0,0.0,4500.0,120.0,,62.54986572265625,4775.53955078125,0.0,0.0,50.0,0.0,6795.6884765625,,18722.900390625,999999.0,100.0999755859375,4000.0,0.0,1561.736083984375,1600.0,50.0,13000.0,0.0,13000.0,1000000.0,,,24526.546875,427.3746643066406,0.0,0.0,0.0,400.0,8000.0,0.0,1815.0,7672.89697265625,1000000.0,,1245.924560546875,16000.0,0.0,0.0,1814.5657958984375,1200.0,16000.0,5343.732421875,19570.615234375,0.0,1350.0,1000000.0,0.0,2908.1689453125,11632.67578125,,,0.0
1964-06-13,62.54986572265625,4000.0,456.86029052734375,472.0000305175781,50.0,0.0,,4000.0,79.27493286132812,3000.0,0.0,0.0,50.0,3000.0,3000.0,3000.0,0.0,,0.0,422.0997314453125,0.0,0.0,0.0,300.0,0.0,0.0,6500.0,1000000.0,,0.0,6500.0,1426.0,16500.0,0.0,0.0,0.0,3127.0,32017.244140625,0.0,21795.4140625,1050.0,1000000.0,0.0,0.0,,,199.27493286132812,6500.0,469.0694580078125,514.0,100.0,6500.0,6500.0,6500.0,0.0,,0.0,95.82479858398438,0.0,587.7340087890625,999999.0,0.0,30.0,4500.0,4500.0,0.0,4500.0,120.0,,62.54986572265625,4772.93994140625,0.0,0.0,50.0,0.0,6796.890625,,18749.900390625,999999.0,156.199951171875,4000.0,0.0,1508.40283203125,1540.0,50.0,13000.0,0.0,13000.0,1000000.0,,,24492.626953125,427.3746643066406,0.0,0.0,0.0,400.0,8000.0,0.0,1699.0,7672.89697265625,1000000.0,,1245.924560546875,16000.0,0.0,0.0,1352.7607421875,1200.0,16000.0,4881.92724609375,19833.7734375,0.0,1350.0,1000000.0,0.0,2671.8662109375,10687.46484375,,,0.0
1964-06-14,62.54986572265625,4000.0,439.6895446777344,465.0,50.0,0.0,,4000.0,79.27493286132812,3000.0,0.0,0.0,50.0,3000.0,3000.0,3000.0,0.0,,0.0,422.0997314453125,0.0,0.0,0.0,300.0,0.0,0.0,6500.0,1000000.0,,0.0,6500.0,1426.0,16500.0,0.0,0.0,0.0,3136.0,32020.767578125,0.0,21836.283203125,1050.0,1000000.0,0.0,0.0,,,199.27493286132812,6500.0,437.7361145019531,438.0,100.0,6500.0,6500.0,6500.0,0.0,,0.0,95.82479858398438,0.0,524.8226928710938,999999.0,0.0,30.0,4500.0,4500.0,0.0,4500.0,120.0,,62.54986572265625,4770.51611328125,0.0,0.0,50.0,0.0,6796.92626953125,,18782.099609375,999999.0,196.800048828125,4000.0,0.0,1438.40283203125,1520.0,50.0,13000.0,0.0,13000.0,1000000.0,,,24606.61328125,427.3746643066406,0.0,0.0,0.0,400.0,8000.0,0.0,1727.0,7672.89697265625,1000000.0,,1245.924560546875,16000.0,0.0,0.0,1307.261474609375,1200.0,16000.0,4836.42822265625,19719.083984375,0.0,1350.0,1000000.0,0.0,2440.963623046875,9763.8544921875,,,0.0
1964-06-15,62.54986572265625,4000.0,420.8602600097656,436.0,50.0,0.0,,4000.0,79.27493286132812,3000.0,0.0,0.0,50.0,3000.0,3000.0,3000.0,0.0,,0.0,422.0997314453125,0.0,0.0,0.0,300.0,0.0,0.0,6500.0,1000000.0,,0.0,6500.0,1426.0,16500.0,0.0,0.0,0.0,3107.0,32009.419921875,0.0,21920.91015625,1050.0,1000000.0,0.0,0.0,,,199.27493286132812,6500.0,430.0,430.0,100.0,6500.0,6500.0,6500.0,0.0,,0.0,95.82479858398438,0.0,496.2151184082031,999999.0,0.0,30.0,4500.0,4500.0,0.0,4500.0,120.0,,62.54986572265625,4769.49267578125,0.0,0.0,50.0,0.0,6796.9716796875,,18796.69921875,999999.0,288.70001220703125,4000.0,0.0,1440.0,1440.0,50.0,13000.0,0.0,13000.0,1000000.0,,,24650.267578125,427.3746643066406,0.0,0.0,0.0,400.0,8000.0,0.0,1776.0,7672.89697265625,1000000.0,,1245.924560546875,16000.0,0.0,0.0,1227.012939453125,1200.0,16000.0,4756.1796875,19643.31640625,0.0,1350.0,1000000.0,0.0,2418.214111328125,9672.8564453125,,,0.0
1964-06-16,62.54986572265625,4000.0,392.8602600097656,408.0,50.0,0.0,,4000.0,79.27493286132812,3000.0,0.0,0.0,50.0,3000.0,3000.0,3000.0,0.0,,0.0,422.0997314453125,0.0,0.0,0.0,300.0,0.0,0.0,6500.0,1000000.0,,0.0,6500.0,1426.0,16500.0,0.0,0.0,0.0,3026.0,31977.791015625,0.0,21897.509765625,1050.0,1000000.0,0.0,0.0,,,199.27493286132812,6500.0,420.0,420.0,100.0,6500.0,6500.0,6500.0,0.0,,0.0,95.82479858398438,0.0,528.221923828125,999999.0,0.0,30.0,4500.0,4500.0,0.0,4500.0,120.0,,62.54986572265625,4768.47021484375,0.0,0.0,50.0,0.0,6797.0,,18776.80078125,999999.0,338.9000244140625,4000.0,0.0,1330.0,1330.0,50.0,13000.0,0.0,13000.0,1000000.0,,,24738.7578125,427.3746643066406,0.0,0.0,0.0,400.0,8000.0,0.0,1764.0,7672.89697265625,1000000.0,,1245.924560546875,16000.0,0.0,0.0,1071.33056640625,1200.0,16000.0,4600.4970703125,19514.259765625,0.0,1350.0,1000000.0,0.0,2378.08984375,9512.359375,,,0.0
1964-06-17,62.54986572265625,4000.0,420.8602294921875,436.0,50.0,0.0,,4000.0,79.27493286132812,3000.0,0.0,0.0,50.0,3000.0,3000.0,3000.0,0.0,,0.0,422.0997314453125,0.0,0.0,0.0,300.0,0.0,0.0,6500.0,1000000.0,,0.0,6500.0,1426.0,16500.0,0.0,0.0,0.0,3368.0,32111.935546875,0.0,21196.564453125,1050.0,1000000.0,0.0,0.0,,,199.27493286132812,6500.0,435.0,435.0,100.0,6500.0,6500.0,6500.0,0.0,,0.0,95.82479858398438,0.0,439.0,999999.0,0.0,30.0,4500.0,4500.0,0.0,4500.0,120.0,,62.54986572265625,4767.44775390625,0.0,0.0,50.0,0.0,6797.0,,18867.400390625,999999.0,217.0999755859375,4000.0,0.0,1530.0,1530.0,50.0,13000.0,0.0,13000.0,1000000.0,,,24566.73046875,427.3746643066406,0.0,0.0,0.0,400.0,8000.0,0.0,1673.0,7672.89697265625,1000000.0,,1245.924560546875,16000.0,0.0,0.0,1094.518798828125,1200.0,16000.0,4623.685546875,19503.45703125,0.0,1350.0,1000000.0,0.0,2300.24853515625,9200.994140625,,,0.0
1964-06-18,62.54986572265625,4000.0,428.0228576660156,472.0,50.0,0.0,,4000.0,79.27493286132812,3000.0,0.0,0.0,50.0,3000.0,3000.0,3000.0,0.0,,0.0,422.0997314453125,0.0,0.0,0.0,300.0,0.0,0.0,6500.0,1000000.0,,0.0,6500.0,1426.0,16500.0,0.0,0.0,0.0,2698.0,31861.01953125,0.0,20783.251953125,1050.0,1000000.0,0.0,0.0,,,199.27493286132812,6500.0,776.0,776.0,100.0,6500.0,6500.0,6500.0,0.0,,0.0,95.82479858398438,0.0,650.0,999999.0,0.0,30.0,4500.0,4500.0,0.0,4500.0,120.0,,62.54986572265625,4766.42578125,0.0,0.0,50.0,0.0,6797.0,,18727.400390625,999999.0,0.0,4000.0,0.0,1685.0694580078125,1830.0,50.0,13000.0,0.0,13000.0,1000000.0,,,24161.85546875,427.3746643066406,0.0,0.0,0.0,400.0,8000.0,0.0,2028.0,7672.89697265625,1000000.0,,1245.924560546875,16000.0,0.0,0.0,1721.3509521484375,1200.0,16000.0,5250.517578125,19049.828125,0.0,1350.0,1000000.0,0.0,2311.8427734375,9247.37109375,,,0.0
1964-06-19,62.54986572265625,4000.0,381.68951416015625,436.0,50.0,0.0,,4000.0,79.27493286132812,3000.0,0.0,0.0,50.0,3000.0,3000.0,3000.0,0.0,,0.0,422.0997314453125,0.0,0.0,0.0,300.0,0.0,0.0,6500.0,1000000.0,,0.0,6500.0,1426.0,16500.0,0.0,0.0,0.0,2992.0,31964.587890625,0.0,21319.349609375,1050.0,1000000.0,0.0,0.0,,,199.27493286132812,6500.0,695.0694580078125,884.0,100.0,6500.0,6500.0,6500.0,0.0,,0.0,95.82479858398438,0.0,697.736083984375,999999.0,0.0,30.0,4500.0,4500.0,0.0,4500.0,120.0,,62.54986572265625,4765.40478515625,0.0,0.0,50.0,0.0,6798.36083984375,,18657.400390625,999999.0,40.4000244140625,4000.0,0.0,1505.0694580078125,1750.0,50.0,13000.0,0.0,13000.0,1000000.0,,,24175.953125,427.3746643066406,0.0,0.0,0.0,400.0,8000.0,0.0,2001.0,7672.89697265625,1000000.0,,1245.924560546875,16000.0,0.0,0.0,1814.0709228515625,1200.0,16000.0,5343.23779296875,18879.56640625,0.0,1350.0,1000000.0,0.0,2625.2587890625,10501.03515625,,,0.0
1964-06-20,62.54986572265625,4000.0,338.68951416015625,366.0,50.0,0.0,,4000.0,79.27493286132812,3000.0,0.0,0.0,50.0,3000.0,3000.0,3000.0,0.0,,0.0,422.0997314453125,0.0,0.0,0.0,300.0,0.0,0.0,6500.0,1000000.0,,0.0,6500.0,1426.0,16500.0,0.0,0.0,0.0,2727.0,31861.390625,0.0,21635.966796875,1050.0,1000000.0,0.0,0.0,,,199.27493286132812,6500.0,550.4027709960938,656.0,100.0,6500.0,6500.0,6500.0,0.0,,0.0,95.82479858398438,0.0,612.8240966796875,999999.0,0.0,30.0,4500.0,4500.0,0.0,4500.0,120.0,,62.54986572265625,4764.3837890625,0.0,0.0,50.0,0.0,6800.931640625,,18730.599609375,999999.0,230.199951171875,4000.0,0.0,1315.0694580078125,1450.0,50.0,13000.0,0.0,13000.0,1000000.0,,,24561.216796875,427.3746643066406,0.0,0.0,0.0,400.0,8000.0,0.0,1774.0,7672.89697265625,1000000.0,,1245.924560546875,16000.0,0.0,0.0,1394.7303466796875,1200.0,16000.0,4923.89697265625,19193.552734375,0.0,1350.0,1000000.0,0.0,2671.618896484375,10686.4755859375,,,0.0
1964-06-21,62.54986572265625,4000.0,317.8602294921875,333.0,50.0,0.0,,4000.0,79.27493286132812,3000.0,0.0,0.0,50.0,3000.0,3000.0,3000.0,0.0,,0.0,422.0997314453125,0.0,0.0,0.0,300.0,0.0,0.0,6500.0,1000000.0,,0.0,6500.0,1426.0,16500.0,0.0,0.0,0.0,2268.0,31870.01953125,0.0,22009.638671875,1050.0,1000000.0,0.0,0.0,,,199.27493286132812,6500.0,456.0694580078125,520.0,100.0,6500.0,6500.0,6500.0,0.0,,0.0,95.82479858398438,0.0,536.216064453125,999999.0,0.0,30.0,4500.0,4500.0,0.0,4500.0,120.0,,62.54986572265625,4763.328125,0.0,0.0,50.0,0.0,6802.49462890625,,18773.5,999999.0,350.79998779296875,4000.0,0.0,1228.40283203125,1290.0,50.0,13000.0,0.0,13000.0,1000000.0,,,24762.138671875,427.3746643066406,0.0,0.0,0.0,400.0,8000.0,0.0,1585.0,7672.89697265625,1000000.0,,1245.924560546875,16000.0,0.0,0.0,941.30419921875,1200.0,16000.0,4470.470703125,19460.408203125,0.0,1350.0,1000000.0,0.0,2461.948486328125,9847.7939453125,,,0.0
1964-06-22,62.54986572265625,4000.0,291.8602294921875,307.0,50.0,0.0,,4000.0,79.27493286132812,3000.0,0.0,0.0,50.0,3000.0,3000.0,3000.0,0.0,,0.0,422.0997314453125,0.0,0.0,0.0,300.0,0.0,0.0,6500.0,1000000.0,,0.0,6500.0,1426.0,16500.0,0.0,0.0,0.0,2413.0,31890.55078125,0.0,21969.931640625,1050.0,1000000.0,0.0,0.0,,,199.27493286132812,6500.0,400.40277099609375,450.0,100.0,6500.0,6500.0,6500.0,0.0,,0.0,95.82479858398438,0.0,471.8106994628906,999999.0,0.0,30.0,4500.0,4500.0,0.0,4500.0,120.0,,62.54986572265625,4759.26220703125,0.0,0.0,50.0,0.0,6802.923828125,,18820.80078125,999999.0,422.4000244140625,4000.0,0.0,1180.0,1180.0,50.0,13000.0,0.0,13000.0,1000000.0,,,24861.001953125,427.3746643066406,0.0,0.0,0.0,400.0,8000.0,0.0,1452.0,7672.89697265625,1000000.0,,1245.924560546875,16000.0,0.0,0.0,678.3134155273438,1200.0,16000.0,4207.47998046875,19517.763671875,0.0,1350.0,1000000.0,0.0,2235.2353515625,8940.94140625,,,0.0
1964-06-23,62.54986572265625,4000.0,297.8602294921875,313.0,50.0,0.0,,4000.0,79.27493286132812,3000.0,0.0,0.0,50.0,3000.0,3000.0,3000.0,0.0,,0.0,422.0997314453125,0.0,0.0,0.0,300.0,0.0,0.0,6500.0,1000000.0,,0.0,6500.0,1426.0,16500.0,0.0,0.0,0.0,2268.0,31870.01953125,0.0,21825.919921875,1050.0,1000000.0,0.0,0.0,,,199.27493286132812,6500.0,351.40277099609375,373.0,100.0,6500.0,6500.0,6500.0,0.0,,0.0,95.82479858398438,0.0,415.8738098144531,999999.0,0.0,30.0,4500.0,4500.0,0.0,4500.0,120.0,,62.54986572265625,4756.84228515625,0.0,0.0,50.0,0.0,6804.73193359375,,18854.599609375,999999.0,428.4000244140625,4000.0,0.0,1161.736083984375,1190.0,50.0,13000.0,0.0,13000.0,1000000.0,,,24867.484375,427.3746643066406,0.0,0.0,0.0,400.0,8000.0,0.0,1435.0,7672.89697265625,1000000.0,,1245.924560546875,16000.0,0.0,0.0,208.2897186279297,1200.0,16000.0,3737.456298828125,19721.361328125,0.0,1350.0,1000000.0,0.0,2103.739990234375,8414.9599609375,,,0.0
1964-06-24,62.54986572265625,4000.0,283.68951416015625,307.0,50.0,0.0,,4000.0,79.27493286132812,3000.0,0.0,0.0,50.0,3000.0,3000.0,3000.0,0.0,,0.0,422.0997314453125,0.0,0.0,0.0,300.0,0.0,0.0,6500.0,1000000.0,,0.0,6500.0,1426.0,16500.0,0.0,0.0,0.0,2711.0,31866.115234375,0.0,21841.83203125,1050.0,1000000.0,0.0,0.0,,,199.27493286132812,6500.0,316.0694580078125,353.0,100.0,6500.0,6500.0,6500.0,0.0,,0.0,95.82479858398438,0.0,371.24920654296875,999999.0,0.0,30.0,4500.0,4500.0,0.0,4500.0,120.0,,62.54986572265625,4754.248046875,0.0,0.0,50.0,0.0,6805.4287109375,,18850.400390625,999999.0,452.29998779296875,4000.0,0.0,1105.0694580078125,1180.0,50.0,13000.0,0.0,13000.0,1000000.0,,,24843.515625,427.3746643066406,0.0,0.0,0.0,400.0,8000.0,0.0,1485.0,7672.89697265625,1000000.0,,1245.924560546875,16000.0,0.0,0.0,199.5425262451172,1200.0,16000.0,3728.709228515625,19711.912109375,0.0,1350.0,1000000.0,0.0,1868.7281494140625,7474.91259765625,,,0.0
1964-06-25,62.54986572265625,4000.0,255.68951416015625,276.0,50.0,0.0,,4000.0,79.27493286132812,3000.0,0.0,0.0,50.0,3000.0,3000.0,3000.0,0.0,,0.0,422.0997314453125,0.0,0.0,0.0,300.0,0.0,0.0,6500.0,1000000.0,,0.0,6500.0,1426.0,16500.0,0.0,0.0,0.0,2362.0,31886.310546875,0.0,21868.154296875,1050.0,1000000.0,0.0,0.0,,,199.27493286132812,6500.0,282.40277099609375,303.0,100.0,6500.0,6500.0,6500.0,0.0,,0.0,95.82479858398438,0.0,335.8327941894531,999999.0,0.0,30.0,4500.0,4500.0,0.0,4500.0,120.0,,62.54986572265625,4751.86376953125,0.0,0.0,50.0,0.0,6808.787109375,,18861.5,999999.0,514.4000244140625,4000.0,0.0,1009.0694580078125,1090.0,50.0,13000.0,0.0,13000.0,1000000.0,,,24925.064453125,427.3746643066406,0.0,0.0,0.0,400.0,8000.0,0.0,1441.0,7672.89697265625,1000000.0,,1245.924560546875,16000.0,0.0,0.0,166.4311981201172,1200.0,16000.0,3695.597900390625,19652.294921875,0.0,1350.0,1000000.0,0.0,1864.3546142578125,7457.41845703125,,,0.0
1964-06-26,62.54986572265625,4000.0,231.02285766601562,258.0,50.0,0.0,,4000.0,79.27493286132812,3000.0,0.0,0.0,50.0,3000.0,3000.0,3000.0,0.0,,0.0,422.0997314453125,0.0,0.0,0.0,300.0,0.0,0.0,6500.0,1000000.0,,0.0,6500.0,1426.0,16500.0,0.0,0.0,0.0,2293.0,31877.3828125,0.0,22195.33203125,1050.0,1000000.0,0.0,0.0,,,199.27493286132812,6500.0,251.06944274902344,267.0,100.0,6500.0,6500.0,6500.0,0.0,,0.0,95.82479858398438,0.0,305.22186279296875,999999.0,0.0,30.0,4500.0,4500.0,0.0,4500.0,120.0,,62.54986572265625,4747.7998046875,0.0,0.0,50.0,0.0,6811.0,,18873.69921875,999999.0,563.2999877929688,4000.0,0.0,908.736083984375,1020.0,50.0,13000.0,0.0,13000.0,1000000.0,,,25001.458984375,427.3746643066406,0.0,0.0,0.0,400.0,8000.0,0.0,1343.0,7672.89697265625,1000000.0,,1245.924560546875,16000.0,0.0,0.0,16.91615104675293,1200.0,16000.0,3546.082763671875,19650.69140625,0.0,1350.0,1000000.0,0.0,1847.7989501953125,7391.19580078125,,,0.0
1964-06-27,62.54986572265625,4000.0,207.35618591308594,223.0,50.0,0.0,,4000.0,79.27493286132812,3000.0,0.0,0.0,50.0,3000.0,3000.0,3000.0,0.0,,0.0,422.0997314453125,0.0,0.0,0.0,300.0,0.0,0.0,6500.0,1000000.0,,0.0,6500.0,1426.0,16500.0,0.0,0.0,0.0,2001.0,31707.884765625,0.0,22207.0234375,1050.0,1000000.0,0.0,0.0,,,199.27493286132812,6500.0,232.73611450195312,252.0,100.0,6500.0,6500.0,6500.0,0.0,,0.0,95.82479858398438,0.0,280.1479187011719,999999.0,0.0,30.0,4500.0,4500.0,0.0,4500.0,120.0,,62.54986572265625,4742.3359375,0.0,0.0,50.0,0.0,6812.23681640625,,18867.400390625,999999.0,663.5999755859375,4000.0,0.0,813.736083984375,892.0,50.0,13000.0,0.0,13000.0,1000000.0,,,25099.0546875,427.3746643066406,0.0,0.0,0.0,400.0,8000.0,0.0,1180.0,7672.89697265625,1000000.0,,1245.924560546875,16000.0,0.0,0.0,0.0,1200.0,16000.0,3109.33154296875,19722.603515625,0.0,1350.0,1000000.0,0.0,1773.0413818359375,7092.16552734375,,,0.0
1964-06-28,62.54986572265625,4000.0,186.8602294921875,202.0,50.0,0.0,,4000.0,79.27493286132812,3000.0,0.0,0.0,50.0,3000.0,3000.0,3000.0,0.0,,0.0,422.0997314453125,0.0,0.0,0.0,300.0,0.0,0.0,6500.0,1000000.0,,0.0,6500.0,1426.0,16500.0,0.0,0.0,0.0,1850.0,31671.181640625,0.0,22389.501953125,1050.0,1000000.0,0.0,0.0,,,199.27493286132812,6500.0,209.0,209.0,100.0,6500.0,6500.0,6500.0,0.0,,0.0,95.82479858398438,0.0,257.43194580078125,999999.0,0.0,30.0,4500.0,4500.0,0.0,4500.0,120.0,,62.54986572265625,4741.2841796875,0.0,0.0,50.0,0.0,6813.0,,18875.599609375,999999.0,735.2999877929688,4000.0,0.0,758.4027709960938,789.0,50.0,13000.0,0.0,13000.0,1000000.0,,,25201.953125,427.3746643066406,0.0,0.0,0.0,400.0,8000.0,0.0,1077.0,7672.89697265625,1000000.0,,1245.924560546875,16000.0,0.0,0.0,0.0,1200.0,16000.0,2707.929931640625,19823.94140625,0.0,1350.0,1000000.0,0.0,1554.665771484375,6218.6630859375,,,0.0
1964-06-29,62.54986572265625,4000.0,171.8602294921875,187.0,50.0,0.0,,4000.0,79.27493286132812,3000.0,0.0,0.0,50.0,3000.0,3000.0,3000.0,0.0,,0.0,422.0997314453125,0.0,0.0,0.0,300.0,0.0,0.0,6500.0,1000000.0,,0.0,6500.0,1426.0,16500.0,0.0,0.0,0.0,1799.0,31682.828125,0.0,22334.59375,1050.0,1000000.0,0.0,0.0,,,199.27493286132812,6500.0,205.06944274902344,212.0,100.0,6500.0,6500.0,6500.0,0.0,,0.0,95.82479858398438,0.0,238.2879638671875,999999.0,0.0,30.0,4500.0,4500.0,0.0,4500.0,120.0,,62.54986572265625,4735.82080078125,0.0,0.0,50.0,0.0,6813.0,,18889.19921875,999999.0,768.7000122070312,4000.0,0.0,731.736083984375,735.0,50.0,13000.0,0.0,13000.0,1000000.0,,,25227.640625,427.3746643066406,0.0,0.0,0.0,400.0,8000.0,0.0,1032.0,7672.89697265625,1000000.0,,1245.924560546875,16000.0,0.0,0.0,0.0,1200.0,16000.0,2673.88720703125,19815.681640625,0.0,1350.0,1000000.0,0.0,1353.9649658203125,5415.85986328125,,,0.0
1964-06-30,62.54986572265625,4000.0,165.8602294921875,181.0,50.0,0.0,,4000.0,79.27493286132812,3000.0,0.0,0.0,50.0,3000.0,3000.0,3000.0,0.0,,0.0,422.0997314453125,0.0,0.0,0.0,300.0,0.0,0.0,6500.0,1000000.0,,0.0,6500.0,1426.0,16500.0,0.0,0.0,0.0,1809.0,31687.16015625,0.0,22220.818359375,1050.0,1000000.0,0.0,0.0,,,199.27493286132812,6500.0,187.0,187.0,100.0,6500.0,6500.0,6500.0,0.0,,0.0,95.82479858398438,0.0,221.5253143310547,999999.0,0.0,30.0,4500.0,4500.0,0.0,4500.0,120.0,,62.54986572265625,4733.1943359375,0.0,0.0,50.0,0.0,6803.67626953125,,18898.099609375,999999.0,783.0,4000.0,0.0,692.2999877929688,714.7666625976562,50.0,13000.0,0.0,13000.0,1000000.0,,,25229.994140625,427.3746643066406,0.0,0.0,0.0,400.0,8000.0,0.0,988.0,7672.89697265625,1000000.0,,1245.924560546875,16000.0,0.0,0.0,0.0,1200.0,16000.0,2647.525146484375,19830.953125,0.0,1350.0,1000000.0,0.0,1336.943603515625,5347.7744140625,,,0.0
1964-07-01,66.82479858398438,4000.0,160.8602294921875,176.0,50.0,0.0,,4000.0,55.274932861328125,3000.0,0.0,0.0,50.0,3000.0,3000.0,3000.0,0.0,,0.0,329.3746643066406,0.0,0.0,0.0,300.0,0.0,0.0,6500.0,1000000.0,,0.0,6500.0,1536.0,16500.0,0.0,0.0,0.0,2015.0,31709.25390625,0.0,22231.953125,1050.0,1000000.0,0.0,0.0,,,111.54986572265625,6500.0,178.72506713867188,186.90835571289062,100.0,6500.0,6500.0,6500.0,0.0,,0.0,100.82479858398438,0.0,207.35020446777344,999999.0,0.0,30.0,4500.0,4500.0,0.0,4500.0,120.0,,46.82479476928711,4730.7431640625,0.0,0.0,50.0,0.0,6796.95166015625,,18910.900390625,999999.0,594.5999755859375,4000.0,0.0,618.2999877929688,678.7666625976562,50.0,13000.0,0.0,13000.0,1000000.0,,,25276.5390625,435.64959716796875,0.0,0.0,0.0,400.0,8000.0,0.0,977.0,7672.89697265625,1000000.0,,1259.474365234375,16000.0,0.0,0.0,0.0,1200.0,16000.0,2335.1318359375,19970.349609375,0.0,1350.0,1000000.0,0.0,1323.7625732421875,5295.05029296875,,,0.0
1964-07-02,66.82479858398438,4000.0,151.8602294921875,167.0,50.0,0.0,,4000.0,55.274932861328125,3000.0,0.0,0.0,50.0,3000.0,3000.0,3000.0,0.0,,0.0,329.3746643066406,0.0,0.0,0.0,300.0,0.0,0.0,6500.0,1000000.0,,0.0,6500.0,1536.0,16500.0,0.0,0.0,0.0,1686.0,31635.998046875,0.0,22232.017578125,1050.0,1000000.0,0.0,0.0,,,111.54986572265625,6500.0,171.81671142578125,177.27223205566406,100.0,6500.0,6500.0,6500.0,0.0,,0.0,100.82479858398438,0.0,194.2334747314453,999999.0,0.0,30.0,4500.0,4500.0,0.0,4500.0,120.0,,46.82479476928711,4728.0654296875,0.0,0.0,50.0,0.0,6800.2734375,,18893.599609375,999999.0,614.9000244140625,4000.0,0.0,610.5333251953125,650.8444213867188,50.0,13000.0,0.0,13000.0,1000000.0,,,25292.884765625,435.64959716796875,0.0,0.0,0.0,400.0,8000.0,0.0,978.0,7672.89697265625,1000000.0,,1259.474365234375,16000.0,0.0,0.0,0.0,1200.0,16000.0,2461.71435546875,19745.908203125,0.0,1350.0,1000000.0,0.0,1167.56591796875,4670.263671875,,,0.0
1964-07-03,66.82479858398438,4000.0,146.8602294921875,162.0,50.0,0.0,,4000.0,55.274932861328125,3000.0,0.0,0.0,50.0,3000.0,3000.0,3000.0,0.0,,0.0,329.3746643066406,0.0,0.0,0.0,300.0,0.0,0.0,6500.0,1000000.0,,0.0,6500.0,1536.0,16500.0,0.0,0.0,0.0,1839.0,31676.857421875,0.0,22340.02734375,1050.0,1000000.0,0.0,0.0,,,111.54986572265625,6500.0,172.2509307861328,183.18148803710938,100.0,6500.0,6500.0,6500.0,0.0,,0.0,100.82479858398438,0.0,182.8223114013672,999999.0,0.0,30.0,4500.0,4500.0,0.0,4500.0,120.0,,46.82479476928711,4724.02294921875,0.0,0.0,50.0,0.0,6806.0283203125,,18898.5,999999.0,656.7000122070312,4000.0,0.0,576.6889038085938,603.56298828125,50.0,13000.0,0.0,13000.0,1000000.0,,,25310.130859375,435.64959716796875,0.0,0.0,0.0,400.0,8000.0,0.0,918.0,7672.89697265625,1000000.0,,1259.474365234375,16000.0,0.0,0.0,0.0,1200.0,16000.0,2374.893798828125,19802.828125,0.0,1350.0,1000000.0,0.0,1230.857177734375,4923.4287109375,,,0.0
1964-07-04,66.82479858398438,4000.0,132.8602294921875,148.0,50.0,0.0,,4000.0,55.274932861328125,3000.0,0.0,0.0,50.0,3000.0,3000.0,3000.0,0.0,,0.0,329.3746643066406,0.0,0.0,0.0,300.0,176.3841552734375,0.0,6500.0,1000000.0,,0.0,6500.0,1536.0,16500.0,0.0,0.0,0.0,1598.0,31394.12109375,0.0,22303.94921875,1050.0,1000000.0,0.0,0.0,,,111.54986572265625,6500.0,156.36297607421875,158.78765869140625,100.0,6500.0,6500.0,6500.0,0.0,,0.0,100.82479858398438,0.0,171.8815460205078,999999.0,0.0,30.0,4500.0,4500.0,0.0,4500.0,120.0,,46.82479476928711,4719.80615234375,0.0,0.0,50.0,0.0,6811.09130859375,,18903.0,999999.0,681.7000122070312,4000.0,0.0,508.9888610839844,562.3296508789062,50.0,13000.0,0.0,13000.0,1000000.0,,,25319.3046875,435.64959716796875,0.0,0.0,0.0,400.0,8000.0,0.0,921.0,7672.89697265625,1000000.0,,1259.474365234375,16000.0,0.0,0.0,0.0,1200.0,16000.0,2204.472412109375,19857.80078125,0.0,1350.0,1000000.0,0.0,1187.4468994140625,4749.78759765625,,,0.0
1964-07-05,66.82479858398438,4000.0,127.8602294921875,143.0,50.0,0.0,,4000.0,55.274932861328125,3000.0,0.0,0.0,50.0,3000.0,3000.0,3000.0,0.0,,0.0,329.3746643066406,0.0,0.0,0.0,300.0,408.0094909667969,0.0,6500.0,1000000.0,,0.0,6500.0,1536.0,16500.0,0.0,0.0,0.0,1497.0,31343.18359375,0.0,22401.55859375,1050.0,1000000.0,0.0,0.0,,,111.54986572265625,6500.0,149.5753173828125,151.1917724609375,100.0,6500.0,6500.0,6500.0,0.0,,0.0,100.82479858398438,0.0,161.9210205078125,999999.0,0.0,30.0,4500.0,4500.0,0.0,4500.0,120.0,,46.82479476928711,4718.60107421875,0.0,0.0,50.0,0.0,6813.77587890625,,18898.0,999999.0,706.7999877929688,4000.0,0.0,380.2888488769531,495.42962646484375,50.0,13000.0,0.0,13000.0,1000000.0,,,25323.0078125,435.64959716796875,0.0,0.0,0.0,400.0,8000.0,0.0,835.0,7672.89697265625,1000000.0,,1259.474365234375,16000.0,0.0,0.0,0.0,1200.0,16000.0,2093.3056640625,19879.48046875,0.0,1350.0,1000000.0,0.0,1102.2362060546875,4408.94482421875,,,0.0
1964-07-06,66.82479858398438,4000.0,123.90682220458984,134.0,50.0,0.0,,4000.0,55.274932861328125,3000.0,0.0,0.0,50.0,3000.0,3000.0,3000.0,0.0,,0.0,329.3746643066406,0.0,0.0,0.0,300.0,530.0,0.0,6500.0,1000000.0,,0.0,6500.0,1536.0,16497.39453125,0.0,0.0,0.0,1379.0,31342.470703125,0.0,22289.177734375,1050.0,1000000.0,0.0,0.0,,,111.54986572265625,6500.0,140.383544921875,141.461181640625,100.0,6500.0,6500.0,6500.0,0.0,,0.0,100.82479858398438,0.0,155.2806854248047,999999.0,0.0,30.0,4500.0,4500.0,0.0,4500.0,120.0,,46.82479476928711,4717.361328125,0.0,0.0,50.0,0.0,6814.23974609375,,18906.099609375,999999.0,722.2999877929688,4000.0,0.0,198.48887634277344,416.1629638671875,50.0,13000.0,0.0,13000.0,1000000.0,,,25333.69140625,435.64959716796875,0.0,0.0,0.0,400.0,8000.0,0.0,784.0,7672.89697265625,1000000.0,,1259.474365234375,16000.0,0.0,0.0,0.0,1200.0,16000.0,1999.564208984375,19885.84375,0.0,1350.0,1000000.0,0.0,1046.65283203125,4186.611328125,,,0.0
1964-07-07,66.82479858398438,4000.0,118.90682220458984,129.0,50.0,0.0,,4000.0,55.274932861328125,3000.0,0.0,0.0,50.0,3000.0,3000.0,3000.0,0.0,,0.0,329.3746643066406,0.0,0.0,0.0,300.0,512.0,0.0,6500.0,1000000.0,,0.0,6500.0,1536.0,16489.515625,0.0,0.0,0.0,1303.0,31438.73828125,0.0,22154.884765625,1050.0,1000000.0,0.0,0.0,,,111.54986572265625,6500.0,140.92236328125,141.6407928466797,100.0,6500.0,6500.0,6500.0,0.0,,0.0,100.82479858398438,0.0,143.35304260253906,999999.0,0.0,30.0,4500.0,4500.0,0.0,4500.0,120.0,,46.82479476928711,4714.72216796875,0.0,0.0,50.0,0.0,6814.31787109375,,18919.30078125,999999.0,734.2999877929688,4000.0,0.0,0.0,334.39630126953125,50.0,13000.0,0.0,13000.0,1000000.0,,,25353.38671875,435.64959716796875,0.0,0.0,0.0,400.0,8000.0,0.0,801.0,7672.89697265625,1000000.0,,1259.474365234375,16000.0,0.0,0.0,0.0,1200.0,16000.0,1767.035888671875,19905.32421875,0.0,1350.0,1000000.0,0.0,999.7821044921875,3999.12841796875,,,0.0
1964-07-08,66.82479858398438,4000.0,113.90682220458984,124.0,50.0,0.0,,4000.0,55.274932861328125,3000.0,0.0,0.0,50.0,3000.0,3000.0,3000.0,0.0,,0.0,329.3746643066406,0.0,0.0,0.0,300.0,492.0,0.0,6500.0,1000000.0,,0.0,6500.0,1536.0,16484.439453125,0.0,0.0,0.0,1285.0,31410.0859375,0.0,22148.51171875,1050.0,1000000.0,0.0,0.0,,,111.54986572265625,6500.0,147.16329956054688,157.76052856445312,100.0,6500.0,6500.0,6500.0,0.0,,0.0,100.82479858398438,0.0,142.0,999999.0,0.0,30.0,4500.0,4500.0,0.0,4500.0,120.0,,46.82479476928711,4709.03759765625,0.0,0.0,50.0,0.0,6816.75341796875,,18931.599609375,999999.0,734.2999877929688,4000.0,0.0,0.0,255.29629516601562,50.0,13000.0,0.0,13000.0,1000000.0,,,25353.103515625,435.64959716796875,0.0,0.0,0.0,400.0,8000.0,0.0,810.0,7672.89697265625,1000000.0,,1259.474365234375,16000.0,0.0,0.0,0.0,1200.0,16000.0,1869.50927734375,19787.892578125,0.0,1350.0,1000000.0,0.0,883.5179443359375,3534.07177734375,,,0.0
1964-07-09,66.82479858398438,4000.0,109.90682220458984,120.0,50.0,0.0,,4000.0,55.274932861328125,3000.0,0.0,0.0,50.0,3000.0,3000.0,3000.0,0.0,,0.0,329.3746643066406,0.0,0.0,0.0,300.0,490.0,0.0,6500.0,1000000.0,,0.0,6500.0,1536.0,16483.23828125,0.0,0.0,0.0,1189.0,31171.265625,0.0,22066.451171875,1050.0,1000000.0,0.0,0.0,,,111.54986572265625,6500.0,131.52105712890625,131.84034729003906,100.0,6500.0,6500.0,6500.0,0.0,,0.0,100.82479858398438,0.0,141.73611450195312,999999.0,0.0,30.0,4500.0,4500.0,0.0,4500.0,120.0,,46.82479476928711,4706.18994140625,0.0,0.0,50.0,0.0,6818.22314453125,,18912.099609375,999999.0,753.4000244140625,4000.0,0.0,0.0,167.86297607421875,50.0,13000.0,0.0,13000.0,1000000.0,,,25354.17578125,435.64959716796875,0.0,0.0,0.0,400.0,8000.0,0.0,759.0,7672.89697265625,1000000.0,,1259.474365234375,16000.0,0.0,0.0,0.0,1200.0,16000.0,2004.531982421875,19756.0625,0.0,1350.0,1000000.0,0.0,934.754638671875,3739.0185546875,,,0.0
1964-07-10,66.82479858398438,4000.0,104.90682220458984,115.0,50.0,0.0,,4000.0,55.274932861328125,3000.0,0.0,0.0,50.0,3000.0,3000.0,3000.0,0.0,,0.0,329.3746643066406,0.0,0.0,0.0,300.0,456.0,0.0,6500.0,1000000.0,,0.0,6500.0,1536.0,16476.826171875,0.0,0.0,0.0,1100.0,31183.7265625,0.0,21940.06640625,1050.0,1000000.0,0.0,0.0,,,111.54986572265625,6500.0,125.62967681884766,126.89356994628906,100.0,6500.0,6500.0,6500.0,0.0,,0.0,100.82479858398438,0.0,133.26388549804688,999999.0,0.0,30.0,4500.0,4500.0,0.0,4500.0,120.0,,46.82479476928711,4702.08203125,0.0,0.0,50.0,0.0,6819.46728515625,,18933.69921875,999999.0,785.5999755859375,4000.0,0.0,0.0,37.396305084228516,50.0,13000.0,0.0,13000.0,1000000.0,,,25385.603515625,435.64959716796875,0.0,0.0,0.0,400.0,8000.0,0.0,719.0,7672.89697265625,1000000.0,,1259.474365234375,16000.0,0.0,0.0,0.0,1200.0,16000.0,1792.011474609375,19925.90625,0.0,1350.0,1000000.0,0.0,1002.2659912109375,4009.06396484375,,,0.0
1964-07-11,66.82479858398438,4000.0,97.90682220458984,108.0,50.0,0.0,,4000.0,55.274932861328125,3000.0,0.0,0.0,50.0,3000.0,3000.0,3000.0,0.0,,0.0,329.3746643066406,0.0,0.0,0.0,300.0,438.0,0.0,6500.0,1000000.0,,0.0,6500.0,1536.0,16470.8828125,0.0,0.0,0.0,848.0,30979.701171875,0.0,21915.041015625,1050.0,1000000.0,0.0,0.0,,,111.54986572265625,6500.0,113.66515350341797,113.92904663085938,100.0,6500.0,6500.0,6500.0,0.0,,0.0,100.82479858398438,0.0,125.0,999999.0,0.0,30.0,4500.0,4500.0,0.0,4500.0,120.0,,46.82479476928711,4696.39990234375,0.0,0.0,50.0,0.0,6821.4287109375,,18946.900390625,999999.0,799.9000244140625,4000.0,0.0,0.0,0.0,50.0,13000.0,0.0,13000.0,1000000.0,,,25411.828125,435.64959716796875,0.0,0.0,0.0,400.0,8000.0,0.0,691.0,7672.89697265625,1000000.0,,1259.474365234375,16000.0,0.0,0.0,0.0,1200.0,16000.0,1664.5802001953125,19968.28125,0.0,1350.0,1000000.0,0.0,896.0057373046875,3584.02294921875,,,0.0
1964-07-12,66.82479858398438,4000.0,92.90682220458984,103.0,50.0,0.0,,4000.0,55.274932861328125,3000.0,0.0,0.0,50.0,3000.0,3000.0,3000.0,0.0,,0.0,329.3746643066406,0.0,0.0,0.0,300.0,419.0,0.0,6500.0,1000000.0,,0.0,6500.0,1536.0,16454.052734375,0.0,0.0,0.0,787.0,30768.30859375,0.0,21690.1953125,1050.0,1000000.0,0.0,0.0,,,111.54986572265625,6500.0,110.85808563232422,110.95269775390625,100.0,6500.0,6500.0,6500.0,0.0,,0.0,100.82479858398438,0.0,120.0,999999.0,0.0,30.0,4500.0,4500.0,0.0,4500.0,120.0,,46.82479476928711,4695.1298828125,0.0,0.0,50.0,0.0,6823.40380859375,,18966.099609375,999999.0,805.9000244140625,4000.0,0.0,0.0,0.0,50.0,13000.0,0.0,13000.0,1000000.0,,,25429.052734375,435.64959716796875,0.0,0.0,0.0,400.0,8000.0,0.0,726.0,7672.89697265625,1000000.0,,1259.474365234375,16000.0,0.0,0.0,0.0,1200.0,16000.0,1658.7811279296875,19953.923828125,0.0,1350.0,1000000.0,0.0,832.2901000976562,3329.160400390625,,,0.0
1964-07-13,66.82479858398438,4000.0,88.90682220458984,99.0,50.0,0.0,,4000.0,55.274932861328125,3000.0,0.0,0.0,50.0,3000.0,3000.0,3000.0,0.0,,0.0,329.3746643066406,0.0,0.0,0.0,300.0,395.0,0.0,6500.0,1000000.0,,0.0,6500.0,1536.0,16449.978515625,0.0,0.0,0.0,683.0,30663.0,0.0,21640.99609375,1050.0,1000000.0,0.0,0.0,,,111.54986572265625,6500.0,90.3082275390625,90.7694091796875,100.0,6500.0,6500.0,6500.0,0.0,,0.0,100.82479858398438,0.0,113.0,999999.0,0.0,30.0,4500.0,4500.0,0.0,4500.0,120.0,,46.82479476928711,4693.8603515625,0.0,0.0,50.0,0.0,6825.34619140625,,18956.69921875,999999.0,822.5999755859375,4000.0,0.0,0.0,0.0,50.0,13000.0,0.0,13000.0,1000000.0,,,25435.708984375,435.64959716796875,0.0,0.0,0.0,400.0,8000.0,0.0,705.0,7672.89697265625,1000000.0,,1259.474365234375,16000.0,0.0,0.0,0.0,1200.0,16000.0,1728.5452880859375,19926.40625,0.0,1350.0,1000000.0,0.0,829.3905639648438,3317.562255859375,,,0.0
1964-07-14,66.82479858398438,4000.0,88.90682220458984,99.0,50.0,0.0,,4000.0,55.274932861328125,3000.0,0.0,0.0,50.0,3000.0,3000.0,3000.0,0.0,,0.0,329.3746643066406,0.0,0.0,0.0,300.0,401.0,0.0,6500.0,1000000.0,,0.0,6500.0,1536.0,16443.07421875,0.0,0.0,0.0,629.0,30643.275390625,0.0,21542.919921875,1050.0,1000000.0,0.0,0.0,,,111.54986572265625,6500.0,109.75836181640625,123.9194564819336,100.0,6500.0,6500.0,6500.0,0.0,,0.0,100.82479858398438,0.0,108.0,999999.0,0.0,30.0,4500.0,4500.0,0.0,4500.0,120.0,,46.82479476928711,4686.77978515625,0.0,0.0,50.0,0.0,6824.8369140625,,18974.5,999999.0,822.5999755859375,4000.0,0.0,0.0,0.0,50.0,13000.0,0.0,13000.0,1000000.0,,,25438.880859375,435.64959716796875,0.0,0.0,0.0,400.0,8000.0,0.0,705.0,7672.89697265625,1000000.0,,1259.474365234375,16000.0,0.0,0.0,0.0,1200.0,16000.0,1658.0050048828125,19796.154296875,0.0,1350.0,1000000.0,0.0,864.2726440429688,3457.090576171875,,,0.0
1964-07-15,66.82479858398438,4000.0,104.90682220458984,115.0,50.0,0.0,,4000.0,55.274932861328125,3000.0,0.0,0.0,50.0,3000.0,3000.0,3000.0,0.0,,0.0,329.3746643066406,0.0,0.0,0.0,300.0,432.0,0.0,6500.0,1000000.0,,0.0,6500.0,1336.0,16439.57421875,0.0,0.0,0.0,836.0,30664.986328125,0.0,21504.376953125,1050.0,1000000.0,0.0,0.0,,,111.54986572265625,6500.0,112.34908294677734,126.27963256835938,100.0,6500.0,6500.0,6500.0,0.0,,0.0,100.82479858398438,0.0,132.40277099609375,999999.0,0.0,30.0,4500.0,4500.0,0.0,4500.0,120.0,,46.82479476928711,4685.51171875,0.0,0.0,50.0,0.0,6824.0283203125,,18967.19921875,999999.0,718.7999877929688,4000.0,0.0,0.0,0.0,50.0,13000.0,0.0,13000.0,1000000.0,,,25376.12890625,435.64959716796875,0.0,0.0,0.0,400.0,8000.0,0.0,595.0,7672.89697265625,1000000.0,,1259.474365234375,16000.0,0.0,0.0,0.0,1200.0,16000.0,1629.2840576171875,19810.56640625,0.0,1350.0,1000000.0,0.0,829.0025024414062,3316.010009765625,,,0.0
1964-07-16,66.82479858398438,4000.0,88.90682220458984,99.0,50.0,0.0,,4000.0,55.274932861328125,3000.0,0.0,0.0,50.0,3000.0,3000.0,3000.0,0.0,,0.0,329.3746643066406,0.0,0.0,0.0,300.0,377.0,0.0,6500.0,1000000.0,,0.0,6500.0,1336.0,16466.607421875,0.0,0.0,0.0,880.0,30945.8125,0.0,21925.708984375,1050.0,1000000.0,0.0,0.0,,,111.54986572265625,6500.0,97.25586700439453,107.85308837890625,100.0,6500.0,6500.0,6500.0,0.0,,0.0,100.82479858398438,0.0,122.93518829345703,999999.0,0.0,30.0,4500.0,4500.0,0.0,4500.0,120.0,,46.82479476928711,4682.84375,0.0,0.0,50.0,0.0,6824.0,,18877.099609375,999999.0,792.7999877929688,4000.0,0.0,0.0,0.0,50.0,13000.0,0.0,13000.0,1000000.0,,,25336.4375,435.64959716796875,0.0,0.0,0.0,400.0,8000.0,0.0,678.0,7672.89697265625,1000000.0,,1259.474365234375,16000.0,0.0,0.0,0.0,1200.0,16000.0,1607.0623779296875,19826.802734375,0.0,1350.0,1000000.0,0.0,814.6420288085938,3258.568115234375,,,0.0
1964-07-17,66.82479858398438,4000.0,80.90682220458984,91.0,50.0,0.0,,4000.0,55.274932861328125,3000.0,0.0,0.0,50.0,3000.0,3000.0,3000.0,0.0,,0.0,329.3746643066406,0.0,0.0,0.0,300.0,365.0,0.0,6500.0,1000000.0,,0.0,6500.0,1336.0,16469.546875,0.0,0.0,0.0,789.0,30979.5234375,0.0,21911.4375,1050.0,1000000.0,0.0,0.0,,,111.54986572265625,6500.0,74.00940704345703,80.6697998046875,100.0,6500.0,6500.0,6500.0,0.0,,0.0,100.82479858398438,0.0,115.956787109375,999999.0,0.0,30.0,4500.0,4500.0,0.0,4500.0,120.0,,46.82479476928711,4678.56640625,0.0,0.0,50.0,0.0,6824.0,,18927.5,999999.0,835.7999877929688,4000.0,0.0,0.0,0.0,50.0,13000.0,0.0,13000.0,1000000.0,,,25410.80859375,435.64959716796875,0.0,0.0,0.0,400.0,8000.0,0.0,568.0,7672.89697265625,1000000.0,,1259.474365234375,16000.0,0.0,0.0,0.0,1200.0,16000.0,1540.737548828125,19846.44921875,0.0,1350.0,1000000.0,0.0,803.5311889648438,3214.124755859375,,,0.0
1964-07-18,66.82479858398438,4000.0,76.90682220458984,87.0,50.0,0.0,,4000.0,55.274932861328125,3000.0,0.0,0.0,50.0,3000.0,3000.0,3000.0,0.0,,0.0,329.3746643066406,0.0,0.0,0.0,300.0,344.0,0.0,6500.0,1000000.0,,0.0,6500.0,1336.0,16463.46875,0.0,0.0,0.0,689.0,30724.201171875,0.0,21855.52734375,1050.0,1000000.0,0.0,0.0,,,111.54986572265625,6500.0,43.45954132080078,68.48651123046875,100.0,6500.0,6500.0,6500.0,0.0,,0.0,100.82479858398438,0.0,100.66204071044922,999999.0,0.0,30.0,4500.0,4500.0,0.0,4500.0,120.0,,46.82479476928711,4672.88916015625,0.0,0.0,50.0,0.0,6823.50537109375,,18939.099609375,999999.0,853.7000122070312,4000.0,0.0,0.0,0.0,50.0,13000.0,0.0,13000.0,1000000.0,,,25432.568359375,435.64959716796875,0.0,0.0,0.0,400.0,8000.0,0.0,541.0,7672.89697265625,1000000.0,,1259.474365234375,16000.0,0.0,0.0,0.0,1200.0,16000.0,1415.1409912109375,19879.912109375,0.0,1350.0,1000000.0,0.0,770.3687744140625,3081.47509765625,,,0.0
1964-07-19,66.82479858398438,4000.0,72.90682220458984,83.0,50.0,0.0,,4000.0,55.274932861328125,3000.0,0.0,0.0,50.0,3000.0,3000.0,3000.0,0.0,,0.0,329.3746643066406,0.0,0.0,0.0,300.0,320.0,0.0,6500.0,1000000.0,,0.0,6500.0,1336.0,16456.791015625,0.0,0.0,0.0,508.0,30687.7421875,0.0,21748.6328125,1050.0,1000000.0,0.0,0.0,,,111.54986572265625,6500.0,0.0,25.303226470947266,100.0,6500.0,6500.0,6500.0,0.0,,0.0,100.82479858398438,0.0,82.66204071044922,999999.0,0.0,30.0,4500.0,4500.0,0.0,4500.0,120.0,,46.82479476928711,4671.6240234375,0.0,0.0,50.0,0.0,6824.3134765625,,18949.80078125,999999.0,871.5999755859375,4000.0,0.0,0.0,0.0,50.0,13000.0,0.0,13000.0,1000000.0,,,25463.408203125,435.64959716796875,0.0,0.0,0.0,400.0,8000.0,0.0,548.0,7672.89697265625,1000000.0,,1259.474365234375,16000.0,0.0,0.0,0.0,1200.0,16000.0,1315.154541015625,19890.125,0.0,1350.0,1000000.0,0.0,707.5704956054688,2830.281982421875,,,0.0
1964-07-20,66.82479858398438,4000.0,69.90682220458984,80.0,50.0,0.0,,4000.0,55.274932861328125,3000.0,0.0,0.0,50.0,3000.0,3000.0,3000.0,0.0,,0.0,329.3746643066406,0.0,0.0,0.0,300.0,298.6253356933594,0.0,6500.0,1000000.0,,0.0,6500.0,1336.0,16444.703125,0.0,0.0,0.0,222.0,30525.42578125,0.0,21544.98046875,1050.0,1000000.0,0.0,0.0,,,111.54986572265625,6500.0,0.0,43.119937896728516,100.0,6500.0,6500.0,6500.0,0.0,,0.0,100.82479858398438,0.0,57.66203689575195,999999.0,0.0,30.0,4500.0,4500.0,0.0,4500.0,120.0,,46.82479476928711,4667.48876953125,0.0,0.0,50.0,0.0,6825.0,,18940.400390625,999999.0,885.9000244140625,4000.0,0.0,0.0,0.0,50.0,13000.0,0.0,13000.0,1000000.0,,,25467.1171875,435.64959716796875,0.0,0.0,0.0,400.0,8000.0,0.0,522.0,7672.89697265625,1000000.0,,1259.474365234375,16000.0,0.0,0.0,0.0,1200.0,16000.0,1323.701171875,19875.853515625,0.0,1350.0,1000000.0,0.0,675.0,2700.0,,,0.0
1964-07-21,66.82479858398438,4000.0,69.90682220458984,80.0,50.0,0.0,,4000.0,55.274932861328125,3000.0,0.0,0.0,50.0,3000.0,3000.0,3000.0,0.0,,0.0,329.3746643066406,0.0,0.0,0.0,300.0,270.25067138671875,0.0,6500.0,1000000.0,,0.0,6500.0,1336.0,16426.158203125,0.0,0.0,0.0,0.0,30475.3046875,0.0,21304.1015625,1050.0,1000000.0,0.0,0.0,,,111.54986572265625,6500.0,0.0,34.936649322509766,100.0,6500.0,6500.0,6500.0,0.0,,0.0,100.82479858398438,0.0,32.66203689575195,999999.0,0.0,30.0,4500.0,4500.0,0.0,4500.0,120.0,,46.82479476928711,4661.77880859375,0.0,0.0,50.0,0.0,6825.0,,18944.599609375,999999.0,888.2999877929688,4000.0,0.0,0.0,0.0,50.0,13000.0,0.0,13000.0,1000000.0,,,25481.8203125,435.64959716796875,0.0,0.0,0.0,400.0,8000.0,0.0,529.0,7672.89697265625,1000000.0,,1259.474365234375,16000.0,0.0,0.0,0.0,1200.0,16000.0,1226.6922607421875,19838.00390625,0.0,1350.0,1000000.0,0.0,675.0,2700.0,,,0.0
1964-07-22,66.82479858398438,4000.0,69.90682220458984,80.0,50.0,0.0,,4000.0,55.274932861328125,3000.0,0.0,0.0,50.0,3000.0,3000.0,3000.0,0.0,,0.0,329.3746643066406,0.0,0.0,0.0,300.0,266.8760070800781,0.0,6500.0,1000000.0,,0.0,6500.0,1336.0,16409.173828125,0.0,0.0,0.0,0.0,30321.765625,0.0,21085.30859375,1050.0,1000000.0,0.0,0.0,,,111.54986572265625,6500.0,0.0,0.0,100.0,6500.0,6500.0,6500.0,0.0,,0.0,100.82479858398438,0.0,5.662036895751953,999999.0,0.0,30.0,4500.0,4500.0,0.0,4500.0,120.0,,46.82479476928711,4657.64501953125,0.0,0.0,50.0,0.0,6826.23681640625,,18936.599609375,999999.0,894.2999877929688,4000.0,0.0,0.0,0.0,50.0,13000.0,0.0,13000.0,1000000.0,,,25481.271484375,435.64959716796875,0.0,0.0,0.0,400.0,8000.0,0.0,522.0,7672.89697265625,1000000.0,,1259.474365234375,16000.0,0.0,0.0,0.0,1200.0,16000.0,1101.968017578125,19856.369140625,0.0,1350.0,1000000.0,0.0,675.0,2700.0,,,0.0
1964-07-23,66.82479858398438,4000.0,65.90682220458984,76.0,50.0,0.0,,4000.0,55.274932861328125,3000.0,0.0,0.0,50.0,3000.0,3000.0,3000.0,0.0,,0.0,329.3746643066406,0.0,0.0,0.0,300.0,257.5013427734375,0.0,6500.0,1000000.0,,0.0,6500.0,1336.0,16394.0078125,0.0,0.0,0.0,0.0,30271.23046875,0.0,20881.728515625,1050.0,1000000.0,0.0,0.0,,,111.54986572265625,6500.0,0.0,4.570074081420898,100.0,6500.0,6500.0,6500.0,0.0,,0.0,100.82479858398438,0.0,0.0,999999.0,0.0,30.0,4500.0,4500.0,0.0,4500.0,120.0,,46.82479476928711,4651.9365234375,0.0,0.0,50.0,0.0,6827.0,,18931.099609375,999999.0,909.7999877929688,4000.0,0.0,0.0,0.0,50.0,13000.0,0.0,13000.0,1000000.0,,,25491.580078125,435.64959716796875,0.0,0.0,0.0,400.0,8000.0,0.0,518.0,7672.89697265625,1000000.0,,1259.474365234375,16000.0,0.0,0.0,0.0,1200.0,16000.0,968.0386962890625,19834.931640625,0.0,1350.0,1000000.0,0.0,675.0,2700.0,,,0.0
1964-07-24,66.82479858398438,4000.0,62.90681838989258,73.0,50.0,0.0,,4000.0,55.274932861328125,3000.0,0.0,0.0,50.0,3000.0,3000.0,3000.0,0.0,,0.0,329.3746643066406,0.0,0.0,0.0,300.0,217.12669372558594,0.0,6500.0,1000000.0,,0.0,6500.0,1336.0,16372.2919921875,0.0,0.0,0.0,0.0,29780.646484375,0.0,20554.298828125,1050.0,1000000.0,0.0,0.0,,,111.54986572265625,6500.0,0.0,0.0,100.0,6500.0,6500.0,6500.0,0.0,,0.0,100.82479858398438,0.0,0.0,999999.0,0.0,30.0,4500.0,4500.0,0.0,4500.0,120.0,,46.82479476928711,4647.8388671875,0.0,0.0,50.0,0.0,6827.0,,18941.0,999999.0,919.2999877929688,4000.0,0.0,0.0,0.0,50.0,13000.0,0.0,13000.0,1000000.0,,,25507.689453125,435.64959716796875,0.0,0.0,0.0,400.0,8000.0,0.0,471.0,7672.89697265625,1000000.0,,1259.474365234375,16000.0,0.0,0.0,0.0,1200.0,16000.0,905.1714477539062,19814.892578125,0.0,1350.0,1000000.0,0.0,675.0,2700.0,,,0.0
1964-07-25,66.82479858398438,4000.0,62.90681838989258,73.0,50.0,0.0,,4000.0,55.274932861328125,3000.0,0.0,0.0,50.0,3000.0,3000.0,3000.0,0.0,,0.0,329.3746643066406,0.0,0.0,0.0,300.0,177.7520294189453,0.0,6500.0,1000000.0,,0.0,6500.0,1336.0,16349.9296875,0.0,0.0,0.0,0.0,29460.037109375,0.0,20247.623046875,1050.0,1000000.0,0.0,0.0,,,111.54986572265625,6500.0,0.0,0.0,100.0,6500.0,6500.0,6500.0,0.0,,0.0,100.82479858398438,0.0,0.0,999999.0,0.0,30.0,4500.0,4500.0,0.0,4500.0,120.0,,46.82479476928711,4642.15771484375,0.0,0.0,50.0,0.0,6826.2578125,,18933.30078125,999999.0,928.9000244140625,4000.0,0.0,0.0,0.0,50.0,13000.0,0.0,13000.0,1000000.0,,,25511.048828125,435.64959716796875,0.0,0.0,0.0,400.0,8000.0,0.0,465.0,7672.89697265625,1000000.0,,1259.474365234375,16000.0,0.0,0.0,0.0,1200.0,16000.0,787.758056640625,19848.208984375,0.0,1350.0,1000000.0,0.0,675.0,2700.0,,,0.0
1964-07-26,66.82479858398438,4000.0,62.90681838989258,73.0,50.0,0.0,,4000.0,55.274932861328125,3000.0,0.0,0.0,50.0,3000.0,3000.0,3000.0,0.0,,0.0,329.3746643066406,0.0,0.0,0.0,300.0,150.37738037109375,0.0,6500.0,1000000.0,,0.0,6500.0,1336.0,16326.2705078125,0.0,0.0,0.0,0.0,29387.759765625,0.0,19895.44140625,1050.0,1000000.0,0.0,0.0,,,111.54986572265625,6500.0,0.0,0.0,100.0,6500.0,6500.0,6500.0,0.0,,0.0,100.82479858398438,0.0,0.0,999999.0,0.0,30.0,4500.0,4500.0,0.0,4500.0,120.0,,46.82479476928711,4638.302734375,0.0,0.0,50.0,0.0,6824.6865234375,,18937.599609375,999999.0,938.5,4000.0,0.0,0.0,0.0,50.0,13000.0,0.0,13000.0,1000000.0,,,25506.212890625,435.64959716796875,0.0,0.0,0.0,400.0,8000.0,0.0,459.0,7672.89697265625,1000000.0,,1259.474365234375,16000.0,0.0,0.0,0.0,1200.0,16000.0,584.9449462890625,19804.099609375,0.0,1350.0,1000000.0,0.0,675.0,2700.0,,,0.0
1964-07-27,66.82479858398438,4000.0,62.90681838989258,73.0,50.0,0.0,,4000.0,55.274932861328125,3000.0,0.0,0.0,50.0,3000.0,3000.0,3000.0,0.0,,0.0,329.3746643066406,0.0,0.0,0.0,300.0,111.00271606445312,0.0,6500.0,1000000.0,,0.0,6500.0,1336.0,16300.6669921875,0.0,0.0,0.0,0.0,28923.41015625,0.0,19505.533203125,1050.0,1000000.0,0.0,0.0,,,111.54986572265625,6500.0,0.0,0.0,100.0,6500.0,6500.0,6500.0,0.0,,0.0,100.82479858398438,0.0,0.0,999999.0,0.0,30.0,4500.0,4500.0,0.0,4500.0,120.0,,46.82479476928711,4634.59326171875,0.0,0.0,50.0,0.0,6824.7421875,,18935.0,999999.0,945.5999755859375,4000.0,0.0,0.0,0.0,50.0,13000.0,0.0,13000.0,1000000.0,,,25402.892578125,435.64959716796875,0.0,0.0,0.0,400.0,8000.0,0.0,466.0,7672.89697265625,1000000.0,,1259.474365234375,16000.0,0.0,0.0,0.0,1200.0,16000.0,376.1983337402344,19838.771484375,0.0,1350.0,1000000.0,0.0,675.0,2700.0,,,0.0
1964-07-28,66.82479858398438,4000.0,67.95340728759766,73.0,50.0,0.0,,4000.0,55.274932861328125,3000.0,0.0,0.0,50.0,3000.0,3000.0,3000.0,0.0,,0.0,329.3746643066406,0.0,0.0,0.0,300.0,77.6280517578125,0.0,6500.0,1000000.0,,0.0,6500.0,1336.0,16261.9697265625,0.0,0.0,0.0,0.0,28665.02734375,0.0,19014.0234375,1050.0,1000000.0,0.0,0.0,,,111.54986572265625,6500.0,0.0,0.0,100.0,6500.0,6500.0,6500.0,0.0,,0.0,100.82479858398438,0.0,0.0,999999.0,0.0,30.0,4500.0,4500.0,0.0,4500.0,120.0,,46.82479476928711,4630.73974609375,0.0,0.0,50.0,0.0,6826.3134765625,,18945.0,999999.0,951.5999755859375,4000.0,0.0,0.0,0.0,50.0,13000.0,0.0,13000.0,1000000.0,,,25243.4765625,435.64959716796875,0.0,0.0,0.0,400.0,8000.0,0.0,486.0,7672.89697265625,1000000.0,,1259.474365234375,16000.0,0.0,0.0,0.0,1200.0,16000.0,169.61785888671875,19850.783203125,0.0,1350.0,1000000.0,0.0,675.0,2700.0,,,0.0
1964-07-29,66.82479858398438,4000.0,67.95340728759766,73.0,50.0,0.0,,4000.0,55.274932861328125,3000.0,0.0,0.0,50.0,3000.0,3000.0,3000.0,0.0,,0.0,329.3746643066406,0.0,0.0,0.0,300.0,38.253395080566406,0.0,6500.0,1000000.0,,0.0,6500.0,1336.0,16238.958984375,0.0,0.0,0.0,0.0,28475.259765625,0.0,18707.642578125,1050.0,1000000.0,0.0,0.0,,,111.54986572265625,6500.0,0.0,0.0,100.0,6500.0,6500.0,6500.0,0.0,,0.0,100.82479858398438,0.0,0.0,999999.0,0.0,30.0,4500.0,4500.0,0.0,4500.0,120.0,,46.82479476928711,4626.4501953125,0.0,0.0,50.0,0.0,6827.0,,18945.900390625,999999.0,954.0,4000.0,0.0,0.0,0.0,50.0,13000.0,0.0,12999.8115234375,1000000.0,,,25068.30078125,435.64959716796875,0.0,0.0,0.0,400.0,8000.0,0.0,493.0,7672.89697265625,1000000.0,,1259.474365234375,16000.0,0.0,0.0,0.0,1200.0,16000.0,0.0,19853.337890625,0.0,1350.0,1000000.0,0.0,675.0,2700.0,,,0.0
1964-07-30,66.82479858398438,4000.0,70.95340728759766,76.0,50.0,0.0,,4000.0,55.274932861328125,3000.0,0.0,0.0,50.0,3000.0,3000.0,3000.0,0.0,,0.0,329.3746643066406,0.0,0.0,0.0,300.0,11.878732681274414,0.0,6500.0,1000000.0,,0.0,6500.0,1336.0,16218.3623046875,0.0,0.0,0.0,0.0,28209.865234375,0.0,18339.37109375,1050.0,1000000.0,0.0,0.0,,,111.54986572265625,6500.0,0.0,0.0,100.0,6500.0,6500.0,6500.0,0.0,,0.0,100.82479858398438,0.0,0.0,999999.0,0.0,30.0,4500.0,4500.0,0.0,4500.0,120.0,,46.82479476928711,4622.1611328125,0.0,0.0,50.0,0.0,6825.76318359375,,18948.30078125,999999.0,956.4000244140625,4000.0,0.0,0.0,0.0,50.0,13000.0,0.0,12977.33203125,1000000.0,,,24892.607421875,435.64959716796875,0.0,0.0,0.0,400.0,8000.0,0.0,447.0,7672.89697265625,1000000.0,,1259.474365234375,16000.0,0.0,0.0,0.0,1200.0,16000.0,0.0,19865.283203125,0.0,1350.0,1000000.0,0.0,675.0,2700.0,,,0.0
1964-07-31,66.82479858398438,4000.0,74.95340728759766,80.0,50.0,0.0,,4000.0,55.274932861328125,3000.0,0.0,0.0,50.0,3000.0,3000.0,3000.0,0.0,,0.0,329.3746643066406,0.0,0.0,0.0,300.0,0.0,0.0,6500.0,1000000.0,,0.0,6500.0,1336.0,16189.9130859375,0.0,0.0,0.0,0.0,27880.08203125,0.0,17873.05078125,1050.0,1000000.0,0.0,0.0,,,111.54986572265625,6500.0,0.0,0.0,100.0,6500.0,6500.0,6500.0,0.0,,0.0,100.82479858398438,0.0,0.0,999999.0,0.0,30.0,4500.0,4500.0,0.0,4500.0,120.0,,46.82479476928711,4617.72802734375,0.0,0.0,50.0,0.0,6821.90771484375,,18942.099609375,999999.0,945.5999755859375,4000.0,0.0,0.0,0.0,50.0,13000.0,0.0,12954.71484375,1000000.0,,,24701.259765625,435.64959716796875,0.0,0.0,0.0,400.0,8000.0,0.0,481.0,7672.89697265625,1000000.0,,1259.474365234375,16000.0,0.0,0.0,0.0,1200.0,16000.0,0.0,19856.67578125,0.0,1350.0,1000000.0,0.0,675.0,2700.0,,,0.0
1964-08-01,67.54986572265625,4000.0,97.95340728759766,103.0,50.0,0.0,,4000.0,55.274932861328125,3000.0,0.0,0.0,50.0,3000.0,3000.0,3000.0,0.0,,0.0,330.0997314453125,0.0,0.0,0.0,300.0,21.129411697387695,0.0,6500.0,1000000.0,,0.0,6500.0,1297.0,16158.8583984375,0.0,0.0,0.0,0.0,27409.173828125,0.0,17473.072265625,1050.0,1000000.0,0.0,0.0,,,112.27493286132812,6500.0,0.0,0.0,100.0,6500.0,6500.0,6500.0,0.0,,0.0,100.82479858398438,0.0,0.0,999999.0,0.0,30.0,4500.0,4500.0,0.0,4500.0,120.0,,46.82479476928711,4614.96826171875,0.0,0.0,50.0,0.0,6820.0,,18951.900390625,999999.0,880.7000122070312,4000.0,0.0,0.0,0.0,50.0,13000.0,0.0,12932.751953125,1000000.0,,,24515.1171875,436.3746643066406,0.0,0.0,0.0,400.0,8000.0,0.0,567.0,7672.89697265625,1000000.0,,1260.474365234375,16000.0,0.0,0.0,0.0,1200.0,16000.0,0.0,19811.65234375,0.0,1350.0,1000000.0,0.0,675.0,2700.0,,,0.0
1964-08-02,67.54986572265625,4000.0,93.95340728759766,99.0,50.0,0.0,,4000.0,55.274932861328125,3000.0,0.0,0.0,50.0,3000.0,3000.0,3000.0,0.0,,0.0,330.0997314453125,0.0,0.0,0.0,300.0,6.0296831130981445,0.0,6500.0,1000000.0,,0.0,6500.0,1297.0,16139.55859375,0.0,0.0,0.0,0.0,27374.37109375,0.0,17183.5,1050.0,1000000.0,0.0,0.0,,,112.27493286132812,6500.0,0.0,0.0,100.0,6500.0,6500.0,6500.0,0.0,,0.0,100.82479858398438,0.0,0.0,999999.0,0.0,30.0,4500.0,4500.0,0.0,4500.0,120.0,,46.82479476928711,4609.33544921875,0.0,0.0,50.0,0.0,6820.0,,18910.5,999999.0,858.0,4000.0,0.0,0.0,0.0,50.0,13000.0,0.0,12913.9970703125,1000000.0,,,24333.69140625,436.3746643066406,0.0,0.0,0.0,400.0,8000.0,0.0,468.0,7672.89697265625,1000000.0,,1260.474365234375,16000.0,0.0,0.0,0.0,1200.0,16000.0,0.0,19805.55078125,0.0,1350.0,1000000.0,0.0,675.0,2700.0,,,0.0
1964-08-03,67.54986572265625,4000.0,77.95340728759766,83.0,50.0,0.0,,4000.0,55.274932861328125,3000.0,0.0,0.0,50.0,3000.0,3000.0,3000.0,0.0,,0.0,330.0997314453125,0.0,0.0,0.0,300.0,0.0,0.0,6500.0,1000000.0,,0.0,6500.0,1297.0,16116.18359375,0.0,0.0,0.0,0.0,27286.091796875,0.0,16941.658203125,1050.0,1000000.0,0.0,0.0,,,112.27493286132812,6500.0,0.0,0.0,100.0,6500.0,6500.0,6500.0,0.0,,0.0,100.82479858398438,0.0,0.0,999999.0,0.0,30.0,4500.0,4500.0,0.0,4500.0,120.0,,46.82479476928711,4608.1044921875,0.0,0.0,50.0,0.0,6820.0,,18923.099609375,999999.0,895.0999755859375,4000.0,0.0,0.0,0.0,50.0,13000.0,0.0,12898.1923828125,1000000.0,,,24221.419921875,436.3746643066406,0.0,0.0,0.0,400.0,8000.0,0.0,442.0,7672.89697265625,1000000.0,,1260.474365234375,16000.0,0.0,0.0,0.0,1200.0,16000.0,0.0,19831.322265625,0.0,1350.0,1000000.0,0.0,675.0,2700.0,,,0.0
1964-08-04,67.54986572265625,4000.0,74.95340728759766,80.0,50.0,0.0,,4000.0,55.274932861328125,3000.0,0.0,0.0,50.0,3000.0,3000.0,3000.0,0.0,,0.0,330.0997314453125,0.0,0.0,0.0,300.0,0.0,0.0,6500.0,1000000.0,,0.0,6500.0,1297.0,16121.05859375,0.0,0.0,0.0,0.0,27349.751953125,0.0,16991.8671875,1050.0,1000000.0,0.0,0.0,,,112.27493286132812,6500.0,0.0,0.0,100.0,6500.0,6500.0,6500.0,0.0,,0.0,100.82479858398438,0.0,0.0,999999.0,0.0,30.0,4500.0,4500.0,0.0,4500.0,120.0,,46.82479476928711,4606.8740234375,0.0,0.0,50.0,0.0,6821.23681640625,,18941.80078125,999999.0,905.7999877929688,4000.0,0.0,0.0,0.0,50.0,13000.0,0.0,12879.1787109375,1000000.0,,,24091.609375,436.3746643066406,0.0,0.0,0.0,400.0,8000.0,0.0,474.0,7672.89697265625,1000000.0,,1260.474365234375,16000.0,0.0,0.0,0.0,1200.0,16000.0,0.0,19849.703125,0.0,1350.0,1000000.0,0.0,675.0,2700.0,,,0.0
1964-08-05,67.54986572265625,4000.0,70.95340728759766,76.0,50.0,0.0,,4000.0,55.274932861328125,3000.0,0.0,0.0,50.0,3000.0,3000.0,3000.0,0.0,,0.0,330.0997314453125,0.0,0.0,0.0,300.0,0.0,0.0,6500.0,1000000.0,,0.0,6500.0,1297.0,16126.53515625,0.0,0.0,0.0,0.0,27293.169921875,0.0,17005.845703125,1050.0,1000000.0,0.0,0.0,,,112.27493286132812,6500.0,0.0,0.0,100.0,6500.0,6500.0,6500.0,0.0,,0.0,100.82479858398438,0.0,0.0,999999.0,0.0,30.0,4500.0,4500.0,0.0,4500.0,120.0,,46.82479476928711,4605.64404296875,0.0,0.0,50.0,0.0,6821.50537109375,,18944.69921875,999999.0,910.5999755859375,4000.0,0.0,0.0,0.0,50.0,13000.0,0.0,12858.9619140625,1000000.0,,,23935.4140625,436.3746643066406,0.0,0.0,0.0,400.0,8000.0,0.0,448.0,7672.89697265625,1000000.0,,1260.474365234375,16000.0,0.0,0.0,0.0,1200.0,16000.0,0.0,19838.234375,0.0,1350.0,1000000.0,0.0,675.0,2700.0,,,0.0
1964-08-06,67.54986572265625,4000.0,67.95340728759766,73.0,50.0,0.0,,4000.0,55.274932861328125,3000.0,0.0,0.0,50.0,3000.0,3000.0,3000.0,0.0,,0.0,330.0997314453125,0.0,0.0,0.0,300.0,0.0,0.0,6500.0,1000000.0,,0.0,6500.0,1297.0,16101.69140625,0.0,0.0,0.0,0.0,27081.228515625,0.0,16849.048828125,1050.0,1000000.0,0.0,0.0,,,112.27493286132812,6500.0,0.0,0.0,100.0,6500.0,6500.0,6500.0,0.0,,0.0,100.82479858398438,0.0,0.0,999999.0,0.0,30.0,4500.0,4500.0,0.0,4500.0,120.0,,46.82479476928711,4602.9599609375,0.0,0.0,50.0,0.0,6820.58154296875,,18944.5,999999.0,923.7000122070312,4000.0,0.0,0.0,0.0,50.0,13000.0,0.0,12838.685546875,1000000.0,,,23782.796875,436.3746643066406,0.0,0.0,0.0,400.0,8000.0,0.0,456.0,7672.89697265625,1000000.0,,1260.474365234375,16000.0,0.0,0.0,0.0,1200.0,16000.0,0.0,19826.16015625,0.0,1350.0,1000000.0,0.0,675.0,2700.0,,,0.0
1964-08-07,67.54986572265625,4000.0,60.95341110229492,66.0,50.0,0.0,,4000.0,55.274932861328125,3000.0,0.0,0.0,50.0,3000.0,3000.0,3000.0,0.0,,0.0,330.0997314453125,0.0,0.0,0.0,300.0,0.0,0.0,6500.0,1000000.0,,0.0,6500.0,1297.0,16086.9326171875,0.0,0.0,0.0,0.0,26970.22265625,0.0,16879.33984375,1050.0,1000000.0,0.0,0.0,,,112.27493286132812,6500.0,0.0,0.0,100.0,6500.0,6500.0,6500.0,0.0,,0.0,100.82479858398438,0.0,0.0,999999.0,0.0,30.0,4500.0,4500.0,0.0,4500.0,120.0,,46.82479476928711,4598.74853515625,0.0,0.0,50.0,0.0,6821.80810546875,,18954.0,999999.0,933.2999877929688,4000.0,0.0,0.0,0.0,50.0,13000.0,0.0,12817.1435546875,1000000.0,,,23626.326171875,436.3746643066406,0.0,0.0,0.0,400.0,8000.0,0.0,397.0,7672.89697265625,1000000.0,,1260.474365234375,16000.0,0.0,0.0,0.0,1200.0,16000.0,0.0,19827.7734375,0.0,1350.0,1000000.0,0.0,675.0,2700.0,,,0.0
1964-08-08,67.54986572265625,4000.0,55.40354537963867,61.48337936401367,50.0,0.0,,4000.0,55.274932861328125,3000.0,0.0,0.0,50.0,3000.0,3000.0,3000.0,0.0,,0.0,330.0997314453125,0.0,0.0,0.0,300.0,0.0,0.0,6500.0,1000000.0,,0.0,6500.0,1297.0,16038.5146484375,0.0,0.0,0.0,0.0,26389.541015625,0.0,16889.4140625,1050.0,1000000.0,0.0,0.0,,,112.27493286132812,6500.0,0.0,0.0,100.0,6500.0,6500.0,6500.0,0.0,,0.0,100.82479858398438,0.0,0.0,999999.0,0.0,30.0,4500.0,4500.0,0.0,4500.0,120.0,,46.82479476928711,4593.04638671875,0.0,0.0,50.0,0.0,6821.6865234375,,18961.5,999999.0,936.9000244140625,4000.0,0.0,0.0,0.0,50.0,13000.0,0.0,12794.73828125,1000000.0,,,23457.666015625,436.3746643066406,0.0,0.0,0.0,400.0,8000.0,0.0,416.6253356933594,7671.87548828125,1000000.0,,1260.474365234375,16000.0,0.0,0.0,0.0,1200.0,16000.0,0.0,19831.650390625,0.0,1350.0,1000000.0,0.0,675.0,2700.0,,,0.0
1964-08-09,67.54986572265625,4000.0,49.85367965698242,59.6334228515625,50.0,0.0,,4000.0,55.274932861328125,3000.0,0.0,0.0,50.0,3000.0,3000.0,3000.0,0.0,,0.0,330.0997314453125,0.0,0.0,0.0,300.0,0.0,0.0,6500.0,1000000.0,,0.0,6500.0,1297.0,15978.69921875,0.0,0.0,0.0,0.0,25746.890625,0.0,16901.443359375,1050.0,1000000.0,0.0,0.0,,,112.27493286132812,6500.0,0.0,0.0,100.0,6500.0,6500.0,6500.0,0.0,,0.0,100.82479858398438,0.0,0.0,999999.0,0.0,30.0,4500.0,4500.0,0.0,4500.0,120.0,,46.82479476928711,4590.328125,0.0,0.0,50.0,0.0,6822.73193359375,,18966.19921875,999999.0,941.5999755859375,4000.0,0.0,0.0,0.0,50.0,13000.0,0.0,12771.9580078125,1000000.0,,,23283.69140625,436.3746643066406,0.0,0.0,0.0,400.0,8000.0,0.0,396.25067138671875,7672.384765625,1000000.0,,1260.474365234375,16000.0,0.0,0.0,0.0,1200.0,16000.0,0.0,19868.017578125,0.0,1350.0,1000000.0,0.0,675.0,2700.0,,,0.0
1964-08-10,67.54986572265625,4000.0,41.30381774902344,54.783470153808594,50.0,0.0,,4000.0,55.274932861328125,3000.0,0.0,0.0,50.0,3000.0,3000.0,3000.0,0.0,,0.0,330.0997314453125,0.0,0.0,0.0,300.0,0.0,0.0,6500.0,1000000.0,,0.0,6500.0,1297.0,15942.8173828125,0.0,0.0,0.0,0.0,25614.990234375,0.0,16896.73828125,1050.0,1000000.0,0.0,0.0,,,112.27493286132812,6500.0,0.0,0.0,100.0,6500.0,6500.0,6500.0,0.0,,0.0,100.82479858398438,0.0,0.0,999999.0,0.0,30.0,4500.0,4500.0,0.0,4500.0,120.0,,46.82479476928711,4587.173828125,0.0,0.0,50.0,0.0,6825.16064453125,,18969.0,999999.0,945.2000122070312,4000.0,0.0,0.0,0.0,50.0,13000.0,0.0,12748.89453125,1000000.0,,,23103.47265625,436.3746643066406,0.0,0.0,0.0,400.0,8000.0,0.0,363.8760070800781,7671.85595703125,1000000.0,,1260.474365234375,16000.0,0.0,0.0,0.0,1200.0,16000.0,0.0,19858.974609375,0.0,1350.0,1000000.0,0.0,675.0,2700.0,,,0.0
1964-08-11,67.54986572265625,4000.0,32.75395202636719,51.93351364135742,50.0,0.0,,4000.0,55.274932861328125,3000.0,0.0,0.0,50.0,3000.0,3000.0,3000.0,0.0,,0.0,330.0997314453125,0.0,0.0,0.0,300.0,0.0,0.0,6500.0,1000000.0,,0.0,6500.0,1297.0,15912.376953125,0.0,0.0,0.0,0.0,25461.427734375,0.0,16858.984375,1050.0,1000000.0,0.0,0.0,,,112.27493286132812,6500.0,0.0,0.0,100.0,6500.0,6500.0,6500.0,0.0,,0.0,100.82479858398438,0.0,0.0,999999.0,0.0,30.0,4500.0,4500.0,0.0,4500.0,120.0,,46.82479476928711,4583.47412109375,0.0,0.0,50.0,0.0,6824.76318359375,,18972.80078125,999999.0,948.7999877929688,4000.0,0.0,0.0,0.0,50.0,13000.0,0.0,12725.423828125,1000000.0,,,22921.029296875,436.3746643066406,0.0,0.0,0.0,400.0,8000.0,0.0,331.5013427734375,7671.015625,1000000.0,,1260.474365234375,16000.0,0.0,0.0,0.0,1200.0,16000.0,0.0,19830.947265625,0.0,1350.0,1000000.0,0.0,675.0,2700.0,,,0.0
1964-08-12,67.54986572265625,4000.0,24.20408821105957,49.083560943603516,50.0,0.0,,4000.0,55.274932861328125,3000.0,0.0,0.0,50.0,3000.0,3000.0,3000.0,0.0,,0.0,330.0997314453125,0.0,0.0,0.0,300.0,0.0,0.0,6500.0,1000000.0,,0.0,6500.0,1297.0,15879.408203125,0.0,0.0,0.0,0.0,25086.37109375,0.0,16887.40234375,1050.0,1000000.0,0.0,0.0,,,112.27493286132812,6500.0,0.0,0.0,100.0,6500.0,6500.0,6500.0,0.0,,0.0,100.82479858398438,0.0,0.0,999999.0,0.0,30.0,4500.0,4500.0,0.0,4500.0,120.0,,46.82479476928711,4579.3388671875,0.0,0.0,50.0,0.0,6822.88671875,,18974.599609375,999999.0,948.7999877929688,4000.0,0.0,0.0,0.0,50.0,13000.0,0.0,12701.6416015625,1000000.0,,,22731.33203125,436.3746643066406,0.0,0.0,0.0,400.0,8000.0,0.0,273.126708984375,7670.17529296875,1000000.0,,1260.474365234375,16000.0,0.0,0.0,0.0,1200.0,16000.0,0.0,19855.6171875,0.0,1350.0,1000000.0,0.0,675.0,2700.0,,,0.0
1964-08-13,67.54986572265625,4000.0,15.654224395751953,46.233604431152344,50.0,0.0,,4000.0,55.274932861328125,3000.0,0.0,0.0,50.0,3000.0,3000.0,3000.0,0.0,,0.0,330.0997314453125,0.0,0.0,0.0,300.0,0.0,0.0,6500.0,1000000.0,,0.0,6500.0,1297.0,15844.6142578125,0.0,0.0,0.0,0.0,24074.587890625,0.0,16902.087890625,1050.0,1000000.0,0.0,0.0,,,112.27493286132812,6500.0,0.0,0.0,100.0,6500.0,6500.0,6500.0,0.0,,0.0,100.82479858398438,0.0,0.0,999999.0,0.0,30.0,4500.0,4500.0,0.0,4500.0,120.0,,46.82479476928711,4573.74951171875,0.0,0.0,50.0,0.0,6825.044921875,,18975.0,999999.0,946.4000244140625,4000.0,0.0,0.0,0.0,50.0,13000.0,0.0,12677.7626953125,1000000.0,,,22539.609375,436.3746643066406,0.0,0.0,0.0,400.0,8000.0,0.0,247.7520294189453,7668.66064453125,1000000.0,,1260.474365234375,16000.0,0.0,0.0,0.0,1200.0,16000.0,0.0,19845.3125,0.0,1350.0,1000000.0,0.0,675.0,2700.0,,,0.0
1964-08-14,67.54986572265625,4000.0,3.1043601036071777,39.38365173339844,50.0,0.0,,4000.0,55.274932861328125,3000.0,0.0,0.0,50.0,3000.0,3000.0,3000.0,0.0,,0.0,330.0997314453125,0.0,0.0,0.0,300.0,0.0,0.0,6500.0,1000000.0,,0.0,6500.0,1297.0,15807.75,0.0,0.0,0.0,0.0,24523.427734375,0.0,16939.185546875,1050.0,1000000.0,0.0,0.0,,,112.27493286132812,6500.0,0.0,0.0,100.0,6500.0,6500.0,6500.0,0.0,,0.0,100.82479858398438,0.0,0.0,999999.0,0.0,30.0,4500.0,4500.0,0.0,4500.0,120.0,,46.82479476928711,4566.814453125,0.0,0.0,50.0,0.0,6826.30517578125,,18971.69921875,999999.0,954.7999877929688,4000.0,0.0,0.0,0.0,50.0,13000.0,0.0,12653.9287109375,1000000.0,,,22349.21875,436.3746643066406,0.0,0.0,0.0,400.0,8000.0,0.0,177.37738037109375,7668.001953125,1000000.0,,1260.474365234375,16000.0,0.0,0.0,0.0,1200.0,16000.0,0.0,19884.734375,0.0,1350.0,1000000.0,0.0,675.0,2700.0,,,0.0
1964-08-15,67.54986572265625,4000.0,0.0,35.20036315917969,50.0,0.0,,4000.0,55.274932861328125,3000.0,0.0,0.0,50.0,3000.0,3000.0,3000.0,0.0,,0.0,330.0997314453125,0.0,0.0,0.0,300.0,0.0,0.0,6500.0,1000000.0,,0.0,6500.0,1297.0,15776.1103515625,0.0,0.0,0.0,0.0,24480.865234375,0.0,16942.412109375,1050.0,1000000.0,0.0,0.0,,,112.27493286132812,6500.0,0.0,0.0,100.0,6500.0,6500.0,6500.0,0.0,,0.0,100.82479858398438,0.0,0.0,999999.0,0.0,30.0,4500.0,4500.0,0.0,4500.0,120.0,,46.82479476928711,4564.53564453125,0.0,0.0,50.0,0.0,6824.76318359375,,18976.0,999999.0,958.2999877929688,4000.0,0.0,0.0,0.0,50.0,13000.0,0.0,12629.6279296875,1000000.0,,,22162.14453125,436.3746643066406,0.0,0.0,0.0,400.0,8000.0,0.0,133.00271606445312,7666.17578125,1000000.0,,1260.474365234375,16000.0,0.0,0.0,0.0,1200.0,16000.0,0.0,19881.287109375,0.0,1350.0,1000000.0,0.0,675.0,2700.0,,,0.0
1964-08-16,67.54986572265625,4000.0,0.0,28.017074584960938,50.0,0.0,,4000.0,55.274932861328125,3000.0,0.0,0.0,50.0,3000.0,3000.0,3000.0,0.0,,0.0,330.0997314453125,0.0,0.0,0.0,300.0,0.0,0.0,6500.0,1000000.0,,0.0,6500.0,1297.0,15738.7138671875,0.0,0.0,0.0,0.0,24194.330078125,0.0,16942.404296875,1050.0,1000000.0,0.0,0.0,,,112.27493286132812,6500.0,0.0,0.0,100.0,6500.0,6500.0,6500.0,0.0,,0.0,100.82479858398438,0.0,0.0,999999.0,0.0,30.0,4500.0,4500.0,0.0,4500.0,120.0,,46.82479476928711,4561.05712890625,0.0,0.0,50.0,0.0,6823.072265625,,18985.19921875,999999.0,961.9000244140625,4000.0,0.0,0.0,0.0,50.0,13000.0,0.0,12604.8671875,1000000.0,,,21972.306640625,436.3746643066406,0.0,0.0,0.0,400.0,8000.0,0.0,37.628055572509766,7665.02392578125,1000000.0,,1260.474365234375,16000.0,0.0,0.0,0.0,1200.0,16000.0,0.0,19880.30078125,0.0,1350.0,1000000.0,0.0,675.0,2700.0,,,0.0
1964-08-17,67.54986572265625,4000.0,0.0,22.833786010742188,50.0,0.0,,4000.0,55.274932861328125,3000.0,0.0,0.0,50.0,3000.0,3000.0,3000.0,0.0,,0.0,330.0997314453125,0.0,0.0,0.0,300.0,0.0,0.0,6500.0,1000000.0,,0.0,6500.0,1297.0,15706.1376953125,0.0,0.0,0.0,0.0,23849.6015625,0.0,16928.546875,1050.0,1000000.0,0.0,0.0,,,112.27493286132812,6500.0,0.0,0.0,100.0,6500.0,6500.0,6500.0,0.0,,0.0,100.82479858398438,0.0,0.0,999999.0,0.0,30.0,4500.0,4500.0,0.0,4500.0,120.0,,46.82479476928711,4557.39697265625,0.0,0.0,50.0,0.0,6821.26318359375,,18989.19921875,999999.0,963.0999755859375,4000.0,0.0,0.0,0.0,50.0,13000.0,0.0,12579.2255859375,1000000.0,,,21772.0234375,436.3746643066406,0.0,0.0,0.0,400.0,8000.0,0.0,0.0,7662.548828125,1000000.0,,1260.474365234375,16000.0,0.0,0.0,0.0,1200.0,16000.0,0.0,19880.31640625,0.0,1350.0,1000000.0,0.0,675.0,2700.0,,,0.0
1964-08-18,67.54986572265625,4000.0,0.0,17.650497436523438,50.0,0.0,,4000.0,55.274932861328125,3000.0,0.0,0.0,50.0,3000.0,3000.0,3000.0,0.0,,0.0,330.0997314453125,0.0,0.0,0.0,300.0,0.0,0.0,6500.0,1000000.0,,0.0,6500.0,1297.0,15665.3671875,0.0,0.0,0.0,0.0,23458.205078125,0.0,16936.46484375,1050.0,1000000.0,0.0,0.0,,,112.27493286132812,6500.0,0.0,0.0,100.0,6500.0,6500.0,6500.0,0.0,,0.0,100.82479858398438,0.0,0.0,999999.0,0.0,30.0,4500.0,4500.0,0.0,4500.0,120.0,,46.82479476928711,4552.20947265625,0.0,0.0,50.0,0.0,6820.19091796875,,18990.599609375,999999.0,965.5,4000.0,0.0,0.0,0.0,50.0,13000.0,0.0,12553.376953125,1000000.0,,,21568.419921875,436.3746643066406,0.0,0.0,0.0,400.0,8000.0,0.0,0.0,7660.56689453125,1000000.0,,1260.474365234375,16000.0,0.0,0.0,0.0,1200.0,16000.0,0.0,19884.8828125,0.0,1350.0,1000000.0,0.0,675.0,2700.0,,,0.0
1964-08-19,67.54986572265625,4000.0,0.0,12.467209815979004,50.0,0.0,,4000.0,55.274932861328125,3000.0,0.0,0.0,50.0,3000.0,3000.0,3000.0,0.0,,0.0,330.0997314453125,0.0,0.0,0.0,300.0,0.0,0.0,6500.0,1000000.0,,0.0,6500.0,1297.0,15628.6591796875,0.0,0.0,0.0,0.0,23572.548828125,0.0,16925.41015625,1050.0,1000000.0,0.0,0.0,,,112.27493286132812,6500.0,0.0,0.0,100.0,6500.0,6500.0,6500.0,0.0,,0.0,100.82479858398438,0.0,0.0,999999.0,0.0,30.0,4500.0,4500.0,0.0,4500.0,120.0,,46.82479476928711,4547.1318359375,0.0,0.0,50.0,0.0,6819.50537109375,,18993.599609375,999999.0,963.0999755859375,4000.0,0.0,0.0,0.0,50.0,13000.0,0.0,12528.048828125,1000000.0,,,21367.115234375,436.3746643066406,0.0,0.0,0.0,400.0,8000.0,0.0,0.0,7658.61083984375,1000000.0,,1260.474365234375,16000.0,0.0,0.0,0.0,1200.0,16000.0,0.0,19906.12890625,0.0,1350.0,1000000.0,0.0,675.0,2700.0,,,0.0
1964-08-20,67.54986572265625,4000.0,0.0,4.283921718597412,50.0,0.0,,4000.0,55.274932861328125,3000.0,0.0,0.0,50.0,3000.0,3000.0,3000.0,0.0,,0.0,330.0997314453125,0.0,0.0,0.0,300.0,0.0,0.0,6500.0,1000000.0,,0.0,6500.0,1297.0,15593.328125,0.0,0.0,0.0,0.0,23265.36328125,0.0,16950.658203125,1050.0,1000000.0,0.0,0.0,,,112.27493286132812,6500.0,0.0,0.0,100.0,6500.0,6500.0,6500.0,0.0,,0.0,100.82479858398438,0.0,0.0,999999.0,0.0,30.0,4500.0,4500.0,0.0,4500.0,120.0,,46.82479476928711,4544.81884765625,0.0,0.0,50.0,0.0,6819.818359375,,18987.69921875,999999.0,966.7000122070312,4000.0,0.0,0.0,0.0,50.0,13000.0,0.0,12502.8955078125,1000000.0,,,21160.205078125,436.3746643066406,0.0,0.0,0.0,400.0,8000.0,0.0,0.0,7656.9921875,1000000.0,,1260.474365234375,16000.0,0.0,0.0,0.0,1200.0,16000.0,0.0,19898.0234375,0.0,1350.0,1000000.0,0.0,675.0,2700.0,,,0.0
1964-08-21,67.54986572265625,4000.0,0.0,0.0,50.0,0.0,,4000.0,55.274932861328125,3000.0,0.0,0.0,50.0,3000.0,3000.0,3000.0,0.0,,0.0,330.0997314453125,0.0,0.0,0.0,300.0,0.0,0.0,6500.0,1000000.0,,0.0,6500.0,1297.0,15560.3388671875,0.0,0.0,0.0,0.0,22956.04296875,0.0,16950.515625,1050.0,1000000.0,0.0,0.0,,,112.27493286132812,6500.0,0.0,0.0,100.0,6500.0,6500.0,6500.0,0.0,,0.0,100.82479858398438,0.0,0.0,999999.0,0.0,30.0,4500.0,4500.0,0.0,4500.0,120.0,,46.82479476928711,4538.06884765625,0.0,0.0,50.0,0.0,6820.076171875,,18984.599609375,999999.0,970.2999877929688,4000.0,0.0,0.0,0.0,50.0,13000.0,0.0,12476.7470703125,1000000.0,,,20950.640625,436.3746643066406,0.0,0.0,0.0,400.0,8000.0,0.0,0.0,7655.3994140625,1000000.0,,1260.474365234375,16000.0,0.0,0.0,0.0,1200.0,16000.0,0.0,19902.556640625,0.0,1350.0,1000000.0,0.0,675.0,2700.0,,,0.0
1964-08-22,67.54986572265625,4000.0,0.0,0.0,50.0,0.0,,4000.0,55.274932861328125,3000.0,0.0,0.0,50.0,3000.0,3000.0,3000.0,0.0,,0.0,330.0997314453125,0.0,0.0,0.0,300.0,0.0,0.0,6500.0,1000000.0,,0.0,6500.0,1297.0,15521.6337890625,0.0,0.0,0.0,0.0,22650.220703125,0.0,16938.810546875,1050.0,1000000.0,0.0,0.0,,,112.27493286132812,6500.0,0.0,0.0,100.0,6500.0,6500.0,6500.0,0.0,,0.0,100.82479858398438,0.0,0.0,999999.0,0.0,30.0,4500.0,4500.0,0.0,4500.0,120.0,,46.82479476928711,4535.82958984375,0.0,0.0,50.0,0.0,6820.49462890625,,18986.400390625,999999.0,972.7000122070312,4000.0,0.0,0.0,0.0,50.0,13000.0,0.0,12450.1572265625,1000000.0,,,20740.66796875,436.3746643066406,0.0,0.0,0.0,400.0,8000.0,0.0,0.0,7653.1318359375,1000000.0,,1260.474365234375,16000.0,0.0,0.0,0.0,1200.0,16000.0,0.0,19900.984375,0.0,1350.0,1000000.0,0.0,675.0,2700.0,,,0.0
1964-08-23,67.54986572265625,4000.0,0.0,0.0,50.0,0.0,,4000.0,55.274932861328125,3000.0,0.0,0.0,50.0,3000.0,3000.0,3000.0,0.0,,0.0,330.0997314453125,0.0,0.0,0.0,300.0,0.0,0.0,6500.0,1000000.0,,0.0,6500.0,1297.0,15479.623046875,0.0,0.0,0.0,0.0,22370.6953125,0.0,16972.00390625,1050.0,1000000.0,0.0,0.0,,,112.27493286132812,6500.0,0.0,0.0,100.0,6500.0,6500.0,6500.0,0.0,,0.0,100.82479858398438,0.0,0.0,999999.0,0.0,30.0,4500.0,4500.0,0.0,4500.0,120.0,,46.82479476928711,4533.4091796875,0.0,0.0,50.0,0.0,6819.6865234375,,18986.69921875,999999.0,976.2999877929688,4000.0,0.0,0.0,0.0,50.0,13000.0,0.0,12423.4208984375,1000000.0,,,20528.453125,436.3746643066406,0.0,0.0,0.0,400.0,8000.0,0.0,0.0,7651.56494140625,1000000.0,,1260.474365234375,16000.0,0.0,0.0,0.0,1200.0,16000.0,0.0,19898.587890625,0.0,1350.0,1000000.0,0.0,675.0,2700.0,,,0.0
1964-08-24,67.54986572265625,4000.0,0.0,0.0,50.0,0.0,,4000.0,55.274932861328125,3000.0,0.0,0.0,50.0,3000.0,3000.0,3000.0,0.0,,0.0,330.0997314453125,0.0,0.0,0.0,300.0,0.0,0.0,6500.0,1000000.0,,0.0,6500.0,1297.0,15441.087890625,0.0,0.0,0.0,0.0,22079.474609375,0.0,16963.705078125,1050.0,1000000.0,0.0,0.0,,,112.27493286132812,6500.0,0.0,0.0,100.0,6500.0,6500.0,6500.0,0.0,,0.0,100.82479858398438,0.0,0.0,999999.0,0.0,30.0,4500.0,4500.0,0.0,4500.0,120.0,,46.82479476928711,4528.0791015625,0.0,0.0,50.0,0.0,6820.23681640625,,18984.400390625,999999.0,979.7999877929688,4000.0,0.0,0.0,0.0,50.0,13000.0,0.0,12396.4638671875,1000000.0,,,20313.5,436.3746643066406,0.0,0.0,0.0,400.0,8000.0,0.0,0.0,7649.005859375,1000000.0,,1260.474365234375,16000.0,0.0,0.0,0.0,1200.0,16000.0,0.0,19876.537109375,0.0,1350.0,1000000.0,0.0,675.0,2700.0,,,0.0
1964-08-25,67.54986572265625,4000.0,0.0,0.0,50.0,0.0,,4000.0,55.274932861328125,3000.0,0.0,0.0,50.0,3000.0,3000.0,3000.0,0.0,,0.0,330.0997314453125,0.0,0.0,0.0,300.0,0.0,0.0,6500.0,1000000.0,,0.0,6500.0,1297.0,15377.8876953125,0.0,0.0,0.0,0.0,21717.76171875,0.0,16969.681640625,1050.0,1000000.0,0.0,0.0,,,112.27493286132812,6500.0,0.0,0.0,100.0,6500.0,6500.0,6500.0,0.0,,0.0,100.82479858398438,0.0,0.0,999999.0,0.0,30.0,4500.0,4500.0,0.0,4500.0,120.0,,46.82479476928711,4527.15087890625,0.0,0.0,50.0,0.0,6821.0,,18989.099609375,999999.0,981.0,4000.0,0.0,0.0,0.0,50.0,13000.0,0.0,12369.189453125,1000000.0,,,20100.150390625,436.3746643066406,0.0,0.0,0.0,400.0,8000.0,0.0,0.0,7647.01220703125,1000000.0,,1260.474365234375,16000.0,0.0,0.0,0.0,1200.0,16000.0,0.0,19907.767578125,0.0,1350.0,1000000.0,0.0,675.0,2700.0,,,0.0
1964-08-26,67.54986572265625,4000.0,0.0,0.0,50.0,0.0,,4000.0,55.274932861328125,3000.0,0.0,0.0,50.0,3000.0,3000.0,3000.0,0.0,,0.0,330.0997314453125,0.0,0.0,0.0,300.0,0.0,0.0,6500.0,1000000.0,,0.0,6500.0,1297.0,15333.1708984375,0.0,0.0,0.0,0.0,21474.58984375,0.0,17016.21875,1050.0,1000000.0,0.0,0.0,,,112.27493286132812,6500.0,0.0,0.0,100.0,6500.0,6500.0,6500.0,0.0,,0.0,100.82479858398438,0.0,0.0,999999.0,0.0,30.0,4500.0,4500.0,0.0,4500.0,120.0,,46.82479476928711,4520.51220703125,0.0,0.0,50.0,0.0,6820.2578125,,19002.5,999999.0,961.9000244140625,4000.0,0.0,0.0,0.0,50.0,13000.0,0.0,12341.673828125,1000000.0,,,19877.333984375,436.3746643066406,0.0,0.0,0.0,400.0,8000.0,0.0,0.0,7644.68798828125,1000000.0,,1260.474365234375,16000.0,0.0,0.0,0.0,1200.0,16000.0,0.0,19927.080078125,0.0,1350.0,1000000.0,0.0,675.0,2700.0,,,0.0
1964-08-27,67.54986572265625,4000.0,0.0,0.0,50.0,0.0,,4000.0,55.274932861328125,3000.0,0.0,0.0,50.0,3000.0,3000.0,3000.0,0.0,,0.0,330.0997314453125,0.0,0.0,0.0,300.0,0.0,0.0,6500.0,1000000.0,,0.0,6500.0,1297.0,15306.439453125,0.0,0.0,0.0,0.0,21300.9921875,0.0,16960.701171875,1050.0,1000000.0,0.0,0.0,,,112.27493286132812,6500.0,0.0,0.0,100.0,6500.0,6500.0,6500.0,0.0,,0.0,100.82479858398438,0.0,0.0,999999.0,0.0,30.0,4500.0,4500.0,0.0,4500.0,120.0,,46.82479476928711,4516.7841796875,0.0,0.0,50.0,0.0,6820.41845703125,,18968.599609375,999999.0,961.9000244140625,4000.0,0.0,0.0,0.0,50.0,13000.0,0.0,12315.431640625,1000000.0,,,19637.103515625,436.3746643066406,0.0,0.0,0.0,400.0,8000.0,0.0,0.0,7643.35595703125,1000000.0,,1260.474365234375,16000.0,0.0,0.0,0.0,1200.0,16000.0,0.0,19920.67578125,0.0,1350.0,1000000.0,0.0,675.0,2700.0,,,0.0
1964-08-28,67.54986572265625,4000.0,0.0,0.0,50.0,0.0,,4000.0,55.274932861328125,3000.0,0.0,0.0,50.0,3000.0,3000.0,3000.0,0.0,,0.0,330.0997314453125,0.0,0.0,0.0,300.0,0.0,0.0,6500.0,1000000.0,,0.0,6500.0,1297.0,15263.4287109375,0.0,0.0,0.0,0.0,21093.15625,0.0,16813.4140625,1050.0,1000000.0,0.0,0.0,,,112.27493286132812,6500.0,0.0,0.0,100.0,6500.0,6500.0,6500.0,0.0,,0.0,100.82479858398438,0.0,0.0,999999.0,0.0,30.0,4500.0,4500.0,0.0,4500.0,120.0,,46.82479476928711,4512.9111328125,0.0,0.0,50.0,0.0,6820.923828125,,18979.099609375,999999.0,945.2000122070312,4000.0,0.0,0.0,0.0,50.0,13000.0,0.0,12289.4228515625,1000000.0,,,19423.30859375,436.3746643066406,0.0,0.0,0.0,400.0,8000.0,0.0,0.0,7640.4208984375,1000000.0,,1260.474365234375,16000.0,0.0,0.0,0.0,1200.0,16000.0,0.0,19898.908203125,0.0,1350.0,1000000.0,0.0,675.0,2700.0,,,0.0
1964-08-29,67.54986572265625,4000.0,0.0,0.0,50.0,0.0,,4000.0,55.274932861328125,3000.0,0.0,0.0,50.0,3000.0,3000.0,3000.0,0.0,,0.0,330.0997314453125,0.0,0.0,0.0,300.0,0.0,0.0,6500.0,1000000.0,,0.0,6500.0,1297.0,15231.650390625,0.0,0.0,0.0,0.0,20927.056640625,0.0,16877.564453125,1050.0,1000000.0,0.0,0.0,,,112.27493286132812,6500.0,0.0,0.0,100.0,6500.0,6500.0,6500.0,0.0,,0.0,100.82479858398438,0.0,0.0,999999.0,0.0,30.0,4500.0,4500.0,0.0,4500.0,120.0,,46.82479476928711,4509.29296875,0.0,0.0,50.0,0.0,6819.76318359375,,18949.80078125,999999.0,942.7999877929688,4000.0,0.0,0.0,0.0,50.0,13000.0,0.0,12263.78125,1000000.0,,,19192.80859375,436.3746643066406,0.0,0.0,0.0,400.0,8000.0,0.0,0.0,7639.775390625,1000000.0,,1260.474365234375,16000.0,0.0,0.0,0.0,1200.0,16000.0,0.0,19874.1015625,0.0,1350.0,1000000.0,0.0,675.0,2700.0,,,0.0
1964-08-30,67.54986572265625,4000.0,0.0,0.0,50.0,0.0,,4000.0,55.274932861328125,3000.0,0.0,0.0,50.0,3000.0,3000.0,3000.0,0.0,,0.0,330.0997314453125,0.0,0.0,0.0,300.0,0.0,0.0,6500.0,1000000.0,,0.0,6500.0,1297.0,15194.6826171875,0.0,0.0,0.0,0.0,20742.443359375,0.0,16917.818359375,1050.0,1000000.0,0.0,0.0,,,112.27493286132812,6500.0,0.0,0.0,100.0,6500.0,6500.0,6500.0,0.0,,0.0,100.82479858398438,0.0,0.0,999999.0,0.0,30.0,4500.0,4500.0,0.0,4500.0,120.0,,46.82479476928711,4506.9853515625,0.0,0.0,50.0,0.0,6816.38134765625,,18953.0,999999.0,961.9000244140625,4000.0,0.0,0.0,0.0,50.0,13000.0,0.0,12239.580078125,1000000.0,,,19024.5390625,436.3746643066406,0.0,0.0,0.0,400.0,8000.0,0.0,0.0,7638.0107421875,1000000.0,,1260.474365234375,16000.0,0.0,0.0,0.0,1200.0,16000.0,0.0,19907.376953125,0.0,1350.0,1000000.0,0.0,675.0,2700.0,,,0.0
1964-08-31,67.54986572265625,4000.0,0.0,0.0,50.0,0.0,,4000.0,55.274932861328125,3000.0,0.0,0.0,50.0,3000.0,3000.0,3000.0,0.0,,0.0,330.0997314453125,0.0,0.0,0.0,300.0,0.0,0.0,6500.0,1000000.0,,0.0,6500.0,1297.0,15154.7294921875,0.0,0.0,0.0,0.0,20572.73828125,0.0,16965.513671875,1050.0,1000000.0,0.0,0.0,,,112.27493286132812,6500.0,0.0,0.0,100.0,6500.0,6500.0,6500.0,0.0,,0.0,100.82479858398438,0.0,0.0,999999.0,0.0,30.0,4500.0,4500.0,0.0,4500.0,120.0,,46.82479476928711,4503.11474609375,0.0,0.0,50.0,0.0,6813.57177734375,,18978.400390625,999999.0,952.4000244140625,4000.0,0.0,0.0,0.0,50.0,13000.0,0.0,12213.4462890625,1000000.0,,,18897.306640625,436.3746643066406,0.0,0.0,0.0,400.0,8000.0,0.0,0.0,7635.5849609375,1000000.0,,1260.474365234375,16000.0,0.0,0.0,0.0,1200.0,16000.0,0.0,19896.26953125,0.0,1350.0,1000000.0,0.0,675.0,2700.0,,,0.0
1964-09-01,64.54986572265625,4000.0,161.07696533203125,0.0,50.0,0.0,,4000.0,54.274932861328125,3000.0,0.0,0.0,50.0,3000.0,3000.0,3000.0,0.0,,0.0,324.8247985839844,0.0,0.0,0.0,300.0,0.0,0.0,6500.0,1000000.0,,0.0,6500.0,1691.0,15120.2490234375,0.0,0.0,0.0,0.0,20420.21484375,0.0,16785.62890625,1050.0,1000000.0,0.0,0.0,,,110.27493286132812,6500.0,0.0,0.0,100.0,6500.0,6500.0,6500.0,0.0,,0.0,217.54986572265625,0.0,0.0,999999.0,0.0,30.0,4500.0,4500.0,0.0,4500.0,120.0,,43.54986572265625,4500.94189453125,0.0,0.0,50.0,0.0,6808.92333984375,,18965.099609375,3000.0,1558.5,4000.0,0.0,0.0,0.0,50.0,13000.0,0.0,12188.35546875,1000000.0,,,18741.42578125,430.0997314453125,0.0,0.0,0.0,400.0,8000.0,0.0,0.0,7632.87890625,1000000.0,,1250.199462890625,16000.0,0.0,0.0,0.0,1200.0,16000.0,0.0,19797.23828125,0.0,1350.0,1000000.0,0.0,675.0,2700.0,,,0.0
1964-09-02,64.54986572265625,4000.0,665.33837890625,86.73451232910156,50.0,0.0,,4000.0,54.274932861328125,3000.0,0.0,0.0,50.0,3000.0,3000.0,3000.0,0.0,,0.0,324.8247985839844,0.0,0.0,0.0,300.0,0.0,0.0,6500.0,1000000.0,,0.0,6500.0,1691.0,15053.2099609375,0.0,0.0,0.0,0.0,20215.80078125,0.0,16652.4453125,1050.0,1000000.0,0.0,0.0,,,110.27493286132812,6500.0,0.0,0.0,100.0,6500.0,6500.0,6500.0,0.0,,0.0,217.54986572265625,0.0,0.0,999999.0,0.0,30.0,4500.0,4500.0,0.0,4500.0,120.0,,43.54986572265625,4497.36181640625,0.0,0.0,50.0,0.0,6799.14404296875,,18970.19921875,3000.0,1557.300048828125,4000.0,0.0,0.0,0.0,50.0,13000.0,0.0,12142.6826171875,1000000.0,,,18671.453125,430.0997314453125,0.0,0.0,0.0,400.0,8000.0,0.0,0.0,7632.5712890625,1000000.0,,1250.199462890625,16000.0,0.0,0.0,0.0,1200.0,16000.0,0.0,19770.6953125,0.0,1350.0,1000000.0,0.0,675.0,2700.0,,,0.0
1964-09-03,64.54986572265625,4000.0,562.2913208007812,45.03838348388672,50.0,0.0,,4000.0,54.274932861328125,3000.0,0.0,0.0,50.0,3000.0,3000.0,3000.0,0.0,,0.0,324.8247985839844,0.0,0.0,0.0,300.0,0.0,0.0,6500.0,1000000.0,,0.0,6500.0,1691.0,14977.3544921875,0.0,0.0,0.0,0.0,20014.193359375,0.0,16842.619140625,1050.0,1000000.0,0.0,0.0,,,110.27493286132812,6500.0,0.0,0.0,100.0,6500.0,6500.0,6500.0,0.0,,0.0,217.54986572265625,0.0,0.0,999999.0,0.0,30.0,4500.0,4500.0,0.0,4500.0,120.0,,43.54986572265625,4493.97216796875,0.0,0.0,50.0,0.0,6788.9560546875,,18963.80078125,3000.0,1565.699951171875,4000.0,0.0,0.0,0.0,50.0,13000.0,0.0,12097.9140625,1000000.0,,,18806.85546875,430.0997314453125,0.0,0.0,0.0,400.0,8000.0,0.0,0.0,7629.87255859375,1000000.0,,1250.199462890625,16000.0,0.0,0.0,0.0,1200.0,16000.0,0.0,19799.044921875,0.0,1350.0,1000000.0,0.0,675.0,2700.0,,,0.0
1964-09-04,64.54986572265625,4000.0,564.365478515625,31.955169677734375,50.0,0.0,,4000.0,54.274932861328125,3000.0,0.0,0.0,50.0,3000.0,3000.0,3000.0,0.0,,0.0,324.8247985839844,0.0,0.0,0.0,300.0,0.0,0.0,6500.0,1000000.0,,0.0,6500.0,1691.0,14900.57421875,0.0,0.0,0.0,0.0,19788.375,0.0,16866.798828125,1050.0,1000000.0,0.0,0.0,,,110.27493286132812,6500.0,0.0,0.0,100.0,6500.0,6500.0,6500.0,0.0,,0.0,217.54986572265625,0.0,244.1062469482422,999999.0,0.0,30.0,4500.0,4500.0,0.0,4500.0,120.0,,43.54986572265625,4490.35546875,0.0,0.0,50.0,0.0,6779.861328125,,18977.80078125,3000.0,1572.9000244140625,4000.0,0.0,0.0,0.0,50.0,13000.0,0.0,12052.185546875,1000000.0,,,18816.029296875,430.0997314453125,0.0,0.0,0.0,400.0,8000.0,0.0,0.0,7628.8271484375,1000000.0,,1250.199462890625,16000.0,0.0,0.0,0.0,1200.0,16000.0,0.0,19727.140625,0.0,1350.0,1000000.0,0.0,675.0,2700.0,,,0.0
1964-09-05,64.54986572265625,4000.0,556.8236083984375,35.0,50.0,0.0,,4000.0,54.274932861328125,3000.0,0.0,0.0,50.0,3000.0,3000.0,3000.0,0.0,,0.0,324.8247985839844,0.0,0.0,0.0,300.0,0.0,0.0,6500.0,1000000.0,,0.0,6500.0,1691.0,14832.7177734375,0.0,0.0,0.0,0.0,19780.453125,0.0,16900.521484375,1050.0,1000000.0,0.0,0.0,,,110.27493286132812,6500.0,123.35875701904297,0.0,100.0,6500.0,6500.0,6500.0,0.0,,0.0,217.54986572265625,0.0,747.2354125976562,999999.0,0.0,30.0,4500.0,4500.0,0.0,4500.0,120.0,,43.54986572265625,4486.8525390625,0.0,0.0,50.0,0.0,6770.6796875,,18981.0,3000.0,1576.4000244140625,4000.0,0.0,0.0,0.0,50.0,13000.0,0.0,12003.8818359375,1000000.0,,,18850.8046875,430.0997314453125,0.0,0.0,0.0,400.0,8000.0,0.0,0.0,7626.662109375,1000000.0,,1250.199462890625,16000.0,0.0,0.0,0.0,1200.0,16000.0,0.0,19371.787109375,0.0,1350.0,1000000.0,0.0,675.0,2700.0,,,0.0
1964-09-06,64.54986572265625,4000.0,556.8236083984375,27.433807373046875,50.0,0.0,,4000.0,54.274932861328125,3000.0,0.0,0.0,50.0,3000.0,3000.0,3000.0,0.0,,0.0,324.8247985839844,0.0,0.0,0.0,300.0,0.0,0.0,6500.0,1000000.0,,0.0,6500.0,1691.0,14763.22265625,0.0,0.0,0.0,0.0,19772.041015625,0.0,16949.720703125,1050.0,1000000.0,0.0,0.0,,,110.27493286132812,6500.0,620.7617797851562,71.77960968017578,100.0,6500.0,6500.0,6500.0,0.0,,0.0,217.54986572265625,0.0,748.2354125976562,999999.0,0.0,30.0,4500.0,4500.0,0.0,4500.0,120.0,,43.54986572265625,4483.19921875,0.0,0.0,50.0,0.0,6878.24267578125,,18979.400390625,3000.0,1580.0,4000.0,0.0,0.0,0.0,50.0,13000.0,0.0,11955.28515625,1000000.0,,,18864.6875,430.0997314453125,0.0,0.0,0.0,400.0,8000.0,19.658226013183594,0.0,7620.02099609375,1000000.0,,1250.199462890625,16000.0,0.0,0.0,0.0,1200.0,16000.0,0.0,19212.09375,0.0,1350.0,1000000.0,0.0,675.0,2700.0,,,0.0
1964-09-07,64.54986572265625,4000.0,556.7681884765625,34.99261474609375,50.0,0.0,,4000.0,54.274932861328125,3000.0,0.0,0.0,50.0,3000.0,3000.0,3000.0,0.0,,0.0,324.8247985839844,0.0,0.0,0.0,300.0,0.0,0.0,6500.0,1000000.0,,0.0,6500.0,1691.0,14690.275390625,0.0,0.0,0.0,0.0,19763.51171875,0.0,16847.728515625,1050.0,1000000.0,0.0,12140.0,,,110.27493286132812,6500.0,578.9666748046875,38.9951171875,100.0,6500.0,6500.0,6500.0,0.0,,0.0,217.54986572265625,0.0,764.393798828125,999999.0,0.0,30.0,4500.0,4500.0,0.0,4500.0,120.0,,43.54986572265625,4479.54638671875,0.0,0.0,50.0,0.0,6770.5146484375,,18980.5,3000.0,1581.199951171875,4000.0,0.0,0.0,0.0,50.0,13000.0,0.0,11906.3916015625,1000000.0,,,18857.001953125,430.0997314453125,0.0,0.0,0.0,400.0,8000.0,103.78361511230469,0.0,7617.576171875,1000000.0,,1250.199462890625,16000.0,0.0,0.0,0.0,1200.0,16000.0,0.0,19295.46875,0.0,1350.0,1000000.0,0.0,675.0,2700.0,,,0.0
1964-09-08,64.54986572265625,4000.0,563.907470703125,40.56988525390625,50.0,0.0,,4000.0,54.274932861328125,3000.0,0.0,0.0,50.0,3000.0,3000.0,3000.0,0.0,,0.0,324.8247985839844,0.0,145.8436279296875,0.0,300.0,0.0,0.0,6500.0,1000000.0,,0.0,6500.0,1691.0,14613.140625,0.0,0.0,0.0,0.0,19754.400390625,0.0,16880.58984375,1050.0,1000000.0,0.0,12140.0,,,110.27493286132812,6500.0,584.9666748046875,44.99372100830078,100.0,6500.0,6500.0,6500.0,0.0,,0.0,217.54986572265625,0.0,752.7623291015625,999999.0,0.0,30.0,4500.0,4500.0,0.0,4500.0,120.0,,43.54986572265625,4475.9638671875,0.0,0.0,50.0,0.0,6695.232421875,,18977.900390625,3000.0,1582.4000244140625,4000.0,0.0,0.0,0.0,50.0,13000.0,0.0,11856.2060546875,1000000.0,,,18875.033203125,430.0997314453125,0.0,0.0,0.0,400.0,8000.0,213.45623779296875,0.0,7614.77587890625,1000000.0,,1250.199462890625,16000.0,0.0,0.0,0.0,1200.0,16000.0,0.0,19218.34765625,0.0,1350.0,1000000.0,0.0,675.0,2700.0,,,0.0
1964-09-09,64.54986572265625,4000.0,582.019775390625,29.975738525390625,50.0,0.0,,4000.0,54.274932861328125,3000.0,0.0,0.0,50.0,3000.0,3000.0,3000.0,0.0,,0.0,324.8247985839844,0.0,809.7706909179688,167.49371337890625,300.0,0.0,0.0,6500.0,1000000.0,,0.0,6500.0,1691.0,14527.1162109375,0.0,0.0,0.0,0.0,19745.314453125,0.0,16884.33203125,1050.0,1000000.0,0.0,12140.0,,,110.27493286132812,6500.0,576.3690795898438,43.99232864379883,100.0,6500.0,6500.0,6500.0,0.0,,0.0,217.54986572265625,0.0,765.9730224609375,999999.0,0.0,30.0,4500.0,4500.0,0.0,4500.0,120.0,,43.54986572265625,4473.4228515625,0.0,0.0,50.0,0.0,6719.80078125,,18978.400390625,3000.0,1584.800048828125,4000.0,0.0,0.0,0.0,50.0,13000.0,0.0,11805.4716796875,1000000.0,,,18868.06640625,430.0997314453125,0.0,0.0,0.0,400.0,8000.0,301.393798828125,0.0,7612.814453125,1000000.0,,1250.199462890625,16000.0,0.0,0.0,0.0,1200.0,16000.0,0.0,19245.6015625,0.0,1350.0,1000000.0,0.0,675.0,2700.0,,,0.0
1964-09-10,64.54986572265625,3994.500732421875,522.550048828125,28.469146728515625,50.0,0.0,,3994.500732421875,54.274932861328125,3000.0,0.0,0.0,50.0,3000.0,3000.0,3000.0,0.0,,0.0,324.8247985839844,0.0,1402.5838623046875,382.76043701171875,300.0,0.0,0.0,6500.0,1000000.0,,0.0,6500.0,1691.0,14449.6875,0.0,0.0,0.0,0.0,19736.560546875,0.0,16894.458984375,1050.0,1000000.0,0.0,12140.0,,,110.27493286132812,6500.0,592.452880859375,52.00262451171875,100.0,6500.0,6500.0,6500.0,0.0,,0.0,217.54986572265625,0.0,764.9730224609375,999999.0,0.0,30.0,4500.0,4500.0,0.0,4500.0,120.0,,43.54986572265625,4467.796875,0.0,0.0,50.0,0.0,6724.6201171875,,18982.69921875,3000.0,1587.199951171875,4000.0,0.0,0.0,0.0,50.0,13000.0,0.0,11755.31640625,1000000.0,,,18895.763671875,430.0997314453125,0.0,0.0,0.0,400.0,8000.0,400.34747314453125,0.0,7610.54833984375,1000000.0,,1250.199462890625,16000.0,0.0,0.0,0.0,1200.0,16000.0,0.0,19246.82421875,0.0,1350.0,1000000.0,0.0,675.0,2700.0,,,0.0
1964-09-11,64.54986572265625,3975.667236328125,554.8482055664062,38.38302993774414,50.0,0.0,,3975.667236328125,54.274932861328125,3000.0,0.0,0.0,50.0,3000.0,3000.0,3000.0,0.0,,0.0,324.8247985839844,0.0,1021.4345703125,239.6213836669922,300.0,0.0,0.0,6500.0,1000000.0,,0.0,6500.0,1691.0,14368.5537109375,0.0,0.0,0.0,0.0,19723.169921875,0.0,16893.4609375,1050.0,1000000.0,0.0,12140.0,,,110.27493286132812,6500.0,571.5021362304688,31.007221221923828,100.0,6500.0,6500.0,6500.0,0.0,,0.0,217.54986572265625,0.0,767.9207153320312,999999.0,0.0,30.0,4500.0,4500.0,0.0,4500.0,120.0,,43.54986572265625,4462.15087890625,0.0,0.0,50.0,0.0,6713.3466796875,,18987.400390625,3000.0,1590.800048828125,4000.0,0.0,0.0,0.0,50.0,13000.0,0.0,11704.9716796875,1000000.0,,,18896.5390625,430.0997314453125,0.0,0.0,0.0,400.0,8000.0,475.9234924316406,0.0,7607.4931640625,1000000.0,,1250.199462890625,16000.0,0.0,0.0,0.0,1200.0,16000.0,0.0,19320.1015625,0.0,1350.0,1000000.0,0.0,675.0,2700.0,,,0.0
1964-09-12,64.54986572265625,3955.499267578125,551.7681884765625,34.530853271484375,50.0,0.0,,3955.499267578125,54.274932861328125,3000.0,0.0,0.0,50.0,3000.0,3000.0,3000.0,0.0,,0.0,324.8247985839844,0.0,999.720703125,256.93487548828125,300.0,0.0,0.0,6500.0,1000000.0,,0.0,6500.0,1691.0,14285.7197265625,0.0,0.0,0.0,0.0,19713.400390625,0.0,16916.103515625,1050.0,1000000.0,0.0,12140.0,,,110.27493286132812,6500.0,573.3783569335938,40.99540328979492,100.0,6500.0,6500.0,6500.0,0.0,,0.0,217.54986572265625,0.0,737.2261962890625,999999.0,0.0,30.0,4500.0,4500.0,0.0,4500.0,120.0,,43.54986572265625,4456.8525390625,0.0,0.0,50.0,0.0,6696.04833984375,,18981.80078125,3000.0,1593.199951171875,4000.0,0.0,0.0,0.0,50.0,13000.0,0.0,11652.921875,1000000.0,,,18911.666015625,430.0997314453125,0.0,0.0,0.0,400.0,8000.0,567.3403930664062,0.0,7603.1455078125,1000000.0,,1250.199462890625,16000.0,0.0,0.0,0.0,1200.0,16000.0,0.0,19323.005859375,0.0,1350.0,1000000.0,0.0,675.0,2700.0,,,0.0
1964-09-13,64.54986572265625,3936.334228515625,555.8546752929688,26.983123779296875,50.0,0.0,,3936.334228515625,54.274932861328125,3000.0,53.399009704589844,0.0,50.0,3000.0,3000.0,3000.0,0.0,,0.0,324.8247985839844,0.0,980.8040771484375,230.0696258544922,300.0,0.0,0.0,6500.0,1000000.0,,0.0,6500.0,1691.0,14212.6884765625,0.0,0.0,0.0,0.0,19703.419921875,0.0,16937.40625,1050.0,1000000.0,0.0,12140.0,,,110.27493286132812,6426.50146484375,577.452880859375,37.00262451171875,100.0,6426.50146484375,6500.0,6500.0,0.0,,0.0,217.54986572265625,0.0,762.9884643554688,999999.0,0.0,30.0,4500.0,4500.0,0.0,4500.0,120.0,,43.54986572265625,4453.41650390625,0.0,0.0,50.0,0.0,6683.2509765625,,18983.80078125,3000.0,1595.5999755859375,4000.0,0.0,0.0,0.0,50.0,13000.0,0.0,11599.916015625,1000000.0,,,18916.1953125,430.0997314453125,0.0,0.0,0.0,400.0,8000.0,556.1849365234375,0.0,7596.47216796875,1000000.0,,1250.199462890625,16000.0,0.0,0.0,0.0,1200.0,16000.0,0.0,19325.962890625,0.0,1350.0,1000000.0,0.0,675.0,2700.0,,,0.0
1964-09-14,64.54986572265625,3915.167236328125,549.8358764648438,29.517669677734375,50.0,0.0,,3915.167236328125,54.274932861328125,3000.0,255.3858184814453,14.134233474731445,50.0,3000.0,3000.0,3000.0,0.0,,0.0,324.8247985839844,0.0,996.7391967773438,246.53770446777344,300.0,0.0,0.0,6500.0,1000000.0,,0.0,6500.0,1691.0,14134.4130859375,0.0,0.0,0.0,0.0,19692.0625,0.0,16950.671875,1050.0,1000000.0,0.0,12140.0,,,110.27493286132812,6326.00390625,572.4275512695312,40.00722122192383,100.0,6326.00390625,6500.0,6500.0,0.0,,0.0,217.54986572265625,0.0,755.9204711914062,999999.0,0.0,30.0,4500.0,4500.0,0.0,4500.0,120.0,,43.54986572265625,4447.67822265625,0.0,0.0,50.0,0.0,6678.5966796875,,18986.80078125,3000.0,1595.5999755859375,4000.0,0.0,0.0,0.0,50.0,13000.0,0.0,11548.033203125,1000000.0,,,18724.53125,430.0997314453125,0.0,0.0,0.0,400.0,8000.0,611.3865966796875,0.0,7590.0830078125,1000000.0,,1250.199462890625,16000.0,0.0,0.0,0.0,1200.0,16000.0,0.0,19287.29296875,0.0,1350.0,1000000.0,0.0,675.0,2700.0,,,0.0
1964-09-15,64.54986572265625,3895.499755859375,549.3004760742188,32.03070831298828,50.0,0.0,,3895.499755859375,54.274932861328125,3000.0,268.6379089355469,7.9972920417785645,50.0,3000.0,3000.0,3000.0,0.0,,0.0,324.8247985839844,0.0,978.7855834960938,234.1107635498047,300.0,0.0,0.0,6500.0,1000000.0,,0.0,6500.0,1691.0,14054.390625,0.0,0.0,0.0,0.0,19679.484375,0.0,16966.244140625,1050.0,1000000.0,0.0,12140.0,,,110.27493286132812,6226.9990234375,578.4588623046875,39.99803161621094,100.0,6226.9990234375,6500.0,6500.0,0.0,,0.0,217.54986572265625,0.0,737.7960815429688,999999.0,0.0,30.0,4500.0,4500.0,0.0,4500.0,120.0,,43.54986572265625,4440.77099609375,0.0,0.0,50.0,0.0,6661.7705078125,,18988.099609375,3000.0,1596.699951171875,4000.0,0.0,0.0,0.0,50.0,13000.0,0.0,11495.8876953125,1000000.0,,,18267.587890625,430.0997314453125,0.0,0.0,0.0,400.0,8000.0,517.6688232421875,0.0,7583.38330078125,1000000.0,,1250.199462890625,16000.0,4089.750732421875,0.0,0.0,1200.0,16000.0,0.0,18971.4140625,0.0,1350.0,1000000.0,0.0,675.0,2700.0,,,0.0
1964-09-16,64.54986572265625,3875.0,553.3377075195312,28.0,50.0,0.0,,3875.0,54.274932861328125,3000.0,275.6033935546875,23.002708435058594,50.0,3000.0,3000.0,3000.0,0.0,,0.0,324.8247985839844,0.0,986.2252197265625,248.6266632080078,300.0,0.0,0.0,6500.0,1000000.0,,0.0,6500.0,1691.0,13972.087890625,0.0,0.0,0.0,0.0,19666.68359375,0.0,16947.52734375,1050.0,1000000.0,0.0,12140.0,,,110.27493286132812,6121.9970703125,580.907958984375,43.99507522583008,100.0,6121.9970703125,6500.0,6500.0,0.0,,0.0,217.54986572265625,0.0,748.87060546875,999999.0,0.0,30.0,4500.0,4500.0,0.0,4500.0,120.0,,43.54986572265625,4436.291015625,0.0,0.0,50.0,0.0,6643.36669921875,,18989.599609375,3000.0,1597.9000244140625,4000.0,0.0,0.0,0.0,50.0,13000.0,0.0,11442.05078125,1000000.0,,,17858.884765625,430.0997314453125,0.0,0.0,0.0,400.0,8000.0,0.0,0.0,7577.8974609375,1000000.0,,1250.199462890625,16000.0,4106.32275390625,0.0,0.0,1200.0,16000.0,0.0,18537.86328125,0.0,1350.0,1000000.0,0.0,1350.0,5400.0,,,0.0
1964-09-17,64.54986572265625,3854.33349609375,589.3157348632812,63.62353515625,50.0,0.0,,3854.33349609375,54.274932861328125,3000.0,248.7911376953125,30.99741554260254,50.0,3000.0,3000.0,3000.0,0.0,,0.0,324.8247985839844,0.0,1100.7764892578125,346.5377197265625,300.0,0.0,0.0,6500.0,1000000.0,,0.0,6500.0,1691.0,13895.0283203125,0.0,0.0,0.0,0.0,19655.994140625,0.0,16871.44921875,1050.0,1000000.0,0.0,12140.0,,,110.27493286132812,6015.5029296875,619.9541015625,83.00492095947266,100.0,6015.5029296875,6500.0,6500.0,0.0,,0.0,217.54986572265625,0.0,827.3565673828125,999999.0,0.0,30.0,4500.0,4500.0,0.0,4500.0,120.0,,43.54986572265625,4432.5712890625,0.0,0.0,50.0,0.0,6634.423828125,,19053.099609375,3000.0,1479.699951171875,4000.0,0.0,0.0,0.0,50.0,13000.0,0.0,11388.0966796875,1000000.0,,,17515.91015625,430.0997314453125,0.0,0.0,0.0,400.0,8000.0,0.0,0.0,7574.6640625,1000000.0,,1250.199462890625,16000.0,4170.42041015625,0.0,0.0,1200.0,16000.0,0.0,18603.095703125,0.0,1350.0,1000000.0,0.0,2053.161376953125,8212.6455078125,,,0.0
1964-09-18,64.54986572265625,3832.832763671875,569.8267211914062,42.96272659301758,50.0,0.0,,3832.832763671875,54.274932861328125,3000.0,247.80670166015625,28.000370025634766,50.0,3000.0,3000.0,3000.0,0.0,,0.0,324.8247985839844,0.0,998.7764892578125,250.08444213867188,300.0,0.0,0.0,6500.0,1000000.0,,0.0,6500.0,1691.0,13832.560546875,0.0,0.0,0.0,0.0,19643.091796875,0.0,16910.068359375,1050.0,1000000.0,0.0,12140.0,,,110.27493286132812,5908.99951171875,620.465087890625,80.99938201904297,100.0,5908.99951171875,6500.0,6500.0,0.0,,0.0,217.54986572265625,0.0,789.06787109375,999999.0,0.0,30.0,4500.0,4500.0,0.0,4500.0,120.0,,43.54986572265625,4428.43896484375,0.0,0.0,50.0,0.0,6629.07763671875,,18878.30078125,3000.0,1507.199951171875,4000.0,0.0,0.0,0.0,50.0,13000.0,0.0,11341.8466796875,1000000.0,,,17272.44140625,430.0997314453125,513.2757568359375,0.0,92.64415740966797,400.0,8000.0,0.0,0.0,7575.4755859375,1000000.0,,1250.199462890625,16000.0,4045.234619140625,0.0,0.0,1200.0,16000.0,0.0,18818.326171875,0.0,1350.0,1000000.0,0.0,2085.210205078125,8340.8408203125,,,0.0
1964-09-19,64.54986572265625,3811.832763671875,556.8114624023438,34.506591796875,50.0,0.0,,3811.832763671875,54.274932861328125,3000.0,255.06752014160156,8.003692626953125,50.0,3000.0,3000.0,3000.0,0.0,,0.0,324.8247985839844,0.0,988.2252197265625,250.6311798095703,300.0,0.0,0.0,6500.0,1000000.0,,0.0,6500.0,1691.0,13738.9638671875,0.0,0.0,0.0,0.0,19631.951171875,0.0,16908.5859375,1050.0,1000000.0,0.0,12140.0,,,110.27493286132812,5794.998046875,597.4402465820312,60.997127532958984,100.0,5794.998046875,6500.0,6500.0,0.0,,0.0,217.54986572265625,0.0,800.589599609375,999999.0,0.0,30.0,4500.0,4500.0,0.0,4500.0,120.0,,43.54986572265625,4423.70458984375,0.0,0.0,50.0,0.0,6615.380859375,,18956.099609375,3000.0,1555.0,4000.0,0.0,0.0,0.0,50.0,13000.0,0.0,11295.947265625,1000000.0,,,17068.1171875,430.0997314453125,1311.255615234375,0.0,314.7081298828125,400.0,8000.0,0.0,0.0,7573.5654296875,1000000.0,,1250.199462890625,16000.0,4146.37109375,0.0,0.0,1200.0,16000.0,0.0,18928.740234375,0.0,1350.0,1000000.0,0.0,2022.6173095703125,8090.46923828125,,,0.0
1964-09-20,64.54986572265625,3791.666748046875,567.35302734375,43.0,50.0,0.0,,3791.666748046875,54.274932861328125,3000.0,259.0274353027344,12.995076179504395,50.0,3000.0,3000.0,3000.0,0.0,,0.0,324.8247985839844,0.0,1028.7764892578125,274.542236328125,300.0,0.0,0.0,6500.0,1000000.0,,0.0,6500.0,1691.0,13660.09765625,0.0,0.0,0.0,0.0,19619.685546875,0.0,16935.912109375,1050.0,1000000.0,0.0,12140.0,,,110.27493286132812,5680.99658203125,596.3971557617188,59.99483108520508,100.0,5680.99658203125,6500.0,6500.0,0.0,,0.0,217.54986572265625,0.0,764.1671752929688,999999.0,0.0,30.0,4500.0,4500.0,0.0,4500.0,120.0,,43.54986572265625,4419.3125,0.0,0.0,50.0,0.0,6604.1513671875,,19005.599609375,3000.0,1491.699951171875,4000.0,0.0,0.0,0.0,50.0,13000.0,0.0,11245.8193359375,1000000.0,,,16903.166015625,430.0997314453125,1219.326171875,0.0,338.4007263183594,400.0,8000.0,0.0,0.0,7548.04541015625,1000000.0,,1250.199462890625,16000.0,4781.23486328125,0.0,0.0,1200.0,16000.0,0.0,18841.6484375,0.0,1350.0,1000000.0,0.0,2073.185546875,8292.7421875,,,0.0
1964-09-21,64.54986572265625,3769.999267578125,560.2665405273438,39.99343490600586,50.0,0.0,,3769.999267578125,54.274932861328125,3000.0,260.33306884765625,37.997047424316406,50.0,3000.0,3000.0,3000.0,0.0,,0.0,324.8247985839844,0.0,982.2252197265625,239.08895874023438,300.0,0.0,0.0,6500.0,1000000.0,,0.0,6500.0,1691.0,13603.8994140625,0.0,0.0,0.0,0.0,19606.146484375,0.0,17052.453125,1050.0,1000000.0,0.0,12140.0,,,110.27493286132812,5567.00439453125,593.4402465820312,57.006893157958984,100.0,5567.00439453125,6500.0,6500.0,0.0,,0.0,217.54986572265625,0.0,810.1345825195312,999999.0,0.0,30.0,4500.0,4500.0,0.0,4500.0,120.0,,43.54986572265625,4413.560546875,0.0,0.0,50.0,0.0,6594.87939453125,,18950.099609375,3000.0,1509.5999755859375,4000.0,0.0,0.0,0.0,50.0,13000.0,0.0,11199.017578125,1000000.0,,,16769.015625,430.0997314453125,1195.48779296875,0.0,353.9725646972656,400.0,8000.0,0.0,0.0,7524.6416015625,1000000.0,,1250.199462890625,16000.0,4826.79736328125,0.0,0.0,1200.0,16000.0,0.0,18752.81640625,0.0,1350.0,1000000.0,0.0,2390.617431640625,9562.4697265625,,,0.0
1964-09-22,64.54986572265625,3748.50048828125,555.3097534179688,34.34904098510742,50.0,0.0,,3748.50048828125,54.274932861328125,3000.0,247.37965393066406,19.998523712158203,50.0,3000.0,3000.0,3000.0,0.0,,0.0,324.8247985839844,0.0,976.7764892578125,235.48611450195312,300.0,0.0,0.0,6500.0,1000000.0,,0.0,6500.0,1691.0,13515.06640625,0.0,0.0,0.0,0.0,19590.84375,0.0,17073.205078125,1050.0,1000000.0,0.0,12140.0,,,110.27493286132812,5453.0029296875,588.4402465820312,52.00459671020508,100.0,5453.0029296875,6500.0,6500.0,0.0,,0.0,217.54986572265625,0.0,767.3722534179688,999999.0,0.0,30.0,4500.0,4500.0,0.0,4500.0,120.0,,43.54986572265625,4406.8251953125,0.0,0.0,50.0,0.0,6610.45654296875,,18963.599609375,3000.0,1545.4000244140625,4000.0,0.0,0.0,0.0,50.0,13000.0,0.0,11151.1953125,1000000.0,,,16676.3203125,430.0997314453125,1026.835693359375,0.0,262.1849670410156,400.0,8000.0,0.0,0.0,7502.83837890625,1000000.0,,1250.199462890625,16000.0,4522.27734375,0.0,0.0,1200.0,16000.0,0.0,18902.19921875,0.0,1350.0,1000000.0,0.0,2413.398681640625,9653.5947265625,,,0.0
1964-09-23,64.54986572265625,3726.0009765625,554.3776245117188,25.30133819580078,50.0,0.0,,3726.0009765625,54.274932861328125,3000.0,277.1299133300781,19.99835968017578,50.0,3000.0,3000.0,3000.0,0.0,,0.0,324.8247985839844,0.0,977.7764892578125,223.54673767089844,300.0,0.0,0.0,6500.0,1000000.0,,0.0,6500.0,1691.0,13441.00390625,0.0,0.0,0.0,0.0,19576.4375,0.0,17209.80859375,1050.0,1000000.0,0.0,12140.0,,,110.27493286132812,5339.00146484375,590.5054321289062,47.002296447753906,100.0,5339.00146484375,6500.0,6500.0,0.0,,0.0,217.54986572265625,0.0,763.8768310546875,999999.0,0.0,30.0,4500.0,4500.0,0.0,4500.0,120.0,,43.54986572265625,4401.2275390625,0.0,0.0,50.0,0.0,6571.36962890625,,18981.599609375,3000.0,1560.9000244140625,4000.0,0.0,0.0,0.0,50.0,13000.0,0.0,11100.146484375,1000000.0,,,16619.984375,430.0997314453125,1421.7344970703125,0.0,363.98974609375,400.0,8000.0,0.0,0.0,7483.28173828125,1000000.0,,1250.199462890625,16000.0,4847.3427734375,0.0,0.0,1200.0,16000.0,0.0,18932.015625,0.0,1350.0,1000000.0,24796.0,2261.138671875,9044.5546875,,,0.0
1964-09-24,64.54986572265625,3703.165771484375,552.3037719726562,26.64767837524414,50.0,0.0,,3703.165771484375,54.274932861328125,3000.0,278.6159362792969,22.99671745300293,50.0,3000.0,3000.0,3000.0,0.0,,0.0,324.8247985839844,0.0,985.2559814453125,242.09347534179688,300.0,0.0,0.0,6500.0,1000000.0,,0.0,6500.0,1691.0,13360.0126953125,0.0,0.0,0.0,0.0,19561.33203125,0.0,17139.150390625,1050.0,1000000.0,0.0,12140.0,,,110.27493286132812,5223.49853515625,586.9078979492188,50.997703552246094,100.0,5223.49853515625,6500.0,6500.0,0.0,,0.0,217.54986572265625,0.0,773.970458984375,999999.0,0.0,30.0,4500.0,4500.0,0.0,4500.0,120.0,,43.54986572265625,4394.26220703125,0.0,0.0,50.0,0.0,6554.47021484375,,18983.599609375,3000.0,1569.300048828125,4000.0,0.0,0.0,0.0,50.0,13000.0,0.0,11048.744140625,1000000.0,,,16582.6328125,430.0997314453125,1261.83544921875,0.0,330.0921325683594,400.0,8000.0,0.0,0.0,7455.388671875,1000000.0,,1250.199462890625,16000.0,4814.11328125,0.0,0.0,1200.0,16000.0,0.0,18915.4765625,0.0,1350.0,1000000.0,24796.0,2423.67138671875,9694.685546875,,,0.0
1964-09-25,64.54986572265625,3681.500244140625,547.3004760742188,24.65752410888672,50.0,0.0,,3681.500244140625,54.274932861328125,3000.0,258.93115234375,22.995569229125977,50.0,3000.0,3000.0,3000.0,0.0,,0.0,324.8247985839844,0.0,971.290283203125,235.52203369140625,300.0,0.0,0.0,6500.0,1000000.0,,0.0,6500.0,1691.0,13276.111328125,0.0,0.0,0.0,0.0,19545.447265625,0.0,17094.9921875,1050.0,1000000.0,0.0,12140.0,,,110.27493286132812,5106.50341796875,585.4464721679688,48.004798889160156,100.0,5106.50341796875,6500.0,6500.0,0.0,,0.0,217.54986572265625,0.0,740.2538452148438,999999.0,0.0,30.0,4500.0,4500.0,0.0,4500.0,120.0,,43.54986572265625,4390.240234375,0.0,0.0,50.0,0.0,6579.2890625,,18992.5,3000.0,1576.4000244140625,4000.0,0.0,0.0,0.0,50.0,13000.0,0.0,10995.23828125,1000000.0,,,16545.390625,430.0997314453125,1228.38818359375,0.0,353.14697265625,400.0,8000.0,0.0,0.0,7430.3798828125,1000000.0,,1250.199462890625,16000.0,4822.9501953125,0.0,0.0,1200.0,16000.0,0.0,19022.60546875,0.0,1350.0,1000000.0,24796.0,2407.056640625,9628.2265625,,,0.0
1964-09-26,64.54986572265625,3659.000732421875,547.3004760742188,30.71015167236328,50.0,0.0,,3659.000732421875,54.274932861328125,3000.0,239.4665985107422,3.0018463134765625,50.0,3000.0,3000.0,3000.0,0.0,,0.0,324.8247985839844,0.0,957.2194213867188,206.38360595703125,300.0,0.0,0.0,6500.0,1000000.0,,0.0,6500.0,1691.0,13186.8984375,0.0,0.0,0.0,0.0,19530.234375,0.0,17011.134765625,1050.0,1000000.0,0.0,12140.0,,,110.27493286132812,5000.0,574.4464721679688,37.00320053100586,100.0,5000.0,6500.0,6500.0,0.0,,0.0,217.54986572265625,0.0,765.456298828125,999999.0,0.0,30.0,4500.0,4500.0,0.0,4500.0,120.0,,43.54986572265625,4385.6123046875,0.0,0.0,50.0,0.0,6548.9677734375,,18997.900390625,3000.0,1581.199951171875,3988.37841796875,0.0,0.0,0.0,50.0,13000.0,0.0,10940.9892578125,1000000.0,,,16507.720703125,430.0997314453125,1232.2763671875,0.0,353.017578125,400.0,8000.0,0.0,0.0,7406.6552734375,1000000.0,,1250.199462890625,16000.0,4608.68896484375,0.0,0.0,1200.0,16000.0,0.0,19035.49609375,0.0,1350.0,1000000.0,24796.0,2411.47509765625,9645.900390625,,,0.0
1964-09-27,64.54986572265625,3636.334228515625,547.3344116210938,22.31833267211914,50.0,0.0,,3636.334228515625,54.274932861328125,3000.0,221.7538604736328,7.997702598571777,50.0,3000.0,3000.0,3000.0,0.0,,0.0,324.8247985839844,0.0,971.2591552734375,237.85214233398438,300.0,0.0,0.0,6500.0,1000000.0,,0.0,6500.0,1691.0,13112.517578125,0.0,0.0,0.0,0.0,19515.02734375,0.0,17083.224609375,1050.0,1000000.0,0.0,12140.0,,,110.27493286132812,5000.0,617.7698974609375,41.0015983581543,100.0,5000.0,6500.0,6500.0,0.0,,0.0,217.54986572265625,0.0,760.4313354492188,999999.0,0.0,30.0,4500.0,4500.0,0.0,4500.0,120.0,,43.54986572265625,4380.90380859375,0.0,0.0,50.0,0.0,6546.2900390625,,18996.0,3000.0,1586.0,3853.664306640625,0.0,0.0,0.0,50.0,13000.0,0.0,10884.7041015625,1000000.0,,,16468.634765625,430.0997314453125,1190.38818359375,0.0,286.9254455566406,400.0,8000.0,0.0,0.0,7383.25146484375,1000000.0,,1250.199462890625,16000.0,4654.25048828125,0.0,0.0,1200.0,16000.0,0.0,19059.1875,0.0,1350.0,1000000.0,24796.0,2304.344482421875,9217.3779296875,,,0.0
1964-09-28,64.54986572265625,3612.666748046875,550.3438720703125,19.62353515625,50.0,0.0,,3612.666748046875,54.274932861328125,3000.0,243.37948608398438,18.001970291137695,50.0,3000.0,3000.0,3000.0,0.0,,0.0,324.8247985839844,0.0,959.2533569335938,222.18243408203125,300.0,0.0,0.0,6478.95654296875,1000000.0,,0.0,6478.95654296875,1691.0,13038.8466796875,0.0,0.0,0.0,0.0,19498.5234375,0.0,17085.392578125,1050.0,1000000.0,0.0,12140.0,,,110.27493286132812,5000.0,537.7396240234375,26.000534057617188,100.0,5000.0,6500.0,6500.0,0.0,,0.0,217.54986572265625,0.0,745.8333129882812,999999.0,0.0,30.0,4500.0,4500.0,0.0,4500.0,120.0,,43.54986572265625,4376.3818359375,0.0,0.0,50.0,0.0,6501.85791015625,,18992.69921875,3000.0,1589.5999755859375,3721.952392578125,0.0,0.0,0.0,50.0,13000.0,0.0,10829.408203125,1000000.0,,,16429.73828125,430.0997314453125,1206.2763671875,0.0,339.12939453125,400.0,8000.0,0.0,0.0,7359.5263671875,1000000.0,,1250.199462890625,16000.0,4776.14013671875,0.0,0.0,1200.0,16000.0,0.0,19008.8984375,0.0,1350.0,1000000.0,24796.0,2327.125244140625,9308.5009765625,,,0.0
1964-09-29,64.54986572265625,3589.666748046875,548.3129272460938,22.647796630859375,50.0,0.0,,3589.666748046875,54.274932861328125,3000.0,266.55694580078125,16.996307373046875,50.0,3000.0,3000.0,3000.0,0.0,,0.0,324.8247985839844,0.0,984.3087158203125,236.09799194335938,300.0,0.0,0.0,6444.04443359375,1000000.0,,0.0,6444.04443359375,1691.0,12943.396484375,0.0,0.0,0.0,0.0,19480.0703125,0.0,17188.970703125,1050.0,1000000.0,0.0,12140.0,,,110.27493286132812,5000.0,557.2911376953125,36.997047424316406,100.0,5000.0,6500.0,6500.0,0.0,,0.0,217.54986572265625,0.0,751.8985595703125,999999.0,0.0,30.0,4500.0,4500.0,0.0,4500.0,120.0,,43.54986572265625,4370.63916015625,0.0,0.0,50.0,0.0,6554.57861328125,,19002.099609375,3000.0,1590.800048828125,3585.036376953125,0.0,0.0,0.0,50.0,13000.0,0.0,10770.7294921875,1000000.0,,,16389.384765625,430.0997314453125,1218.4005126953125,0.0,327.0372619628906,400.0,8000.0,0.0,0.0,7336.12255859375,1000000.0,,1250.199462890625,16000.0,4898.775390625,0.0,0.0,1200.0,16000.0,0.0,19227.076171875,0.0,1350.0,1000000.0,24796.0,2388.070068359375,9552.2802734375,,,0.0
1964-09-30,64.54986572265625,3565.167236328125,550.3097534179688,29.34903907775879,50.0,0.0,,3565.167236328125,54.274932861328125,3000.0,263.99005126953125,22.998153686523438,50.0,3000.0,3000.0,3000.0,0.0,,0.0,324.8247985839844,0.0,1032.2623291015625,296.1617431640625,300.0,0.0,0.0,6409.60791015625,1000000.0,,0.0,6409.60791015625,1691.0,12844.3046875,0.0,0.0,0.0,0.0,19466.369140625,0.0,16954.64453125,1050.0,1000000.0,0.0,12140.0,,,110.27493286132812,5000.0,592.4588623046875,54.0,100.0,5000.0,6500.0,6500.0,0.0,,0.0,217.54986572265625,0.0,761.9638061523438,999999.0,0.0,30.0,4500.0,4500.0,0.0,4500.0,120.0,,43.54986572265625,4362.85546875,0.0,0.0,50.0,0.0,6522.08642578125,,19013.0,3000.0,1581.199951171875,3447.723388671875,0.0,0.0,0.0,50.0,13000.0,0.0,10690.2734375,1000000.0,,,16348.9794921875,430.0997314453125,1167.294677734375,0.0,270.54266357421875,400.0,8000.0,0.0,0.0,7312.07666015625,1000000.0,,1250.199462890625,16000.0,5121.0615234375,0.0,0.0,1200.0,16000.0,0.0,19081.384765625,0.0,1350.0,1000000.0,24796.0,2449.3876953125,9797.55078125,,,0.0
1964-10-01,50.0,3542.667724609375,569.3528442382812,42.30133819580078,50.0,0.0,,3542.667724609375,50.0,3000.0,253.8656768798828,27.998687744140625,50.0,3000.0,3000.0,3000.0,0.0,,0.0,300.0,1465.5753173828125,1036.25,300.15765380859375,300.0,0.0,0.0,6379.45361328125,1000000.0,,0.0,6379.45361328125,1500.0,12790.1064453125,3500.84716796875,0.0,0.0,0.0,19453.87109375,0.0,16411.0,1050.0,1000000.0,0.0,12140.0,,,100.0,5000.0,601.4588623046875,62.997047424316406,100.0,5000.0,6500.0,6500.0,0.0,,0.0,200.0,971.15966796875,859.0511474609375,999999.0,0.0,30.0,4500.0,4500.0,0.0,4500.0,120.0,,30.0,4356.67138671875,0.0,0.0,50.0,0.0,6497.46337890625,,19049.400390625,3000.0,1073.74267578125,3312.072998046875,3083.572021484375,0.0,0.0,50.0,13000.0,0.0,10477.4072265625,1000000.0,,,16310.001953125,400.0,1296.05908203125,0.0,328.0,400.0,8000.0,0.0,0.0,7287.7099609375,1000000.0,,1200.0,16000.0,4731.96826171875,0.0,0.0,1200.0,16000.0,0.0,18819.736328125,0.0,1350.0,1000000.0,24796.0,2560.53076171875,10242.123046875,,,0.0
1964-10-02,50.0,3517.999267578125,557.3097534179688,32.642051696777344,50.0,0.0,,3517.999267578125,50.0,3000.0,246.9029541015625,16.99901580810547,50.0,3000.0,3000.0,3000.0,0.0,,0.0,300.0,1444.5753173828125,589.4511108398438,136.0491943359375,300.0,0.0,0.0,6324.2099609375,1000000.0,,0.0,6324.2099609375,1500.0,12569.896484375,3381.84716796875,0.0,0.0,0.0,19406.7109375,0.0,16227.7548828125,1050.0,1000000.0,0.0,12140.0,,,100.0,5000.0,595.4778442382812,50.99409103393555,100.0,5000.0,6500.0,6500.0,0.0,,0.0,200.0,928.15966796875,674.7093505859375,999999.0,0.0,30.0,4500.0,4500.0,0.0,4500.0,120.0,,30.0,4350.76953125,0.0,0.0,50.0,0.0,6504.533203125,,18947.599609375,3000.0,1115.5426025390625,3044.889404296875,3035.572021484375,0.0,0.0,50.0,13000.0,0.0,10058.1337890625,1000000.0,,,16229.7763671875,400.0,1244.66259765625,0.0,306.9803161621094,400.0,8000.0,0.0,0.0,7262.0595703125,1000000.0,,1200.0,16000.0,4874.81982421875,0.0,0.0,1200.0,16000.0,0.0,18887.9375,0.0,1350.0,1000000.0,24796.0,2365.984130859375,9463.9365234375,,,0.0
1964-10-03,50.0,3493.3330078125,552.3097534179688,29.997127532958984,50.0,0.0,,3493.3330078125,50.0,3000.0,256.9156188964844,22.998029708862305,50.0,3000.0,3000.0,3000.0,0.0,,0.0,300.0,1421.5753173828125,138.59671020507812,0.0,300.0,0.0,0.0,6271.97314453125,1000000.0,,0.0,6271.97314453125,1500.0,12349.6865234375,3341.84716796875,0.0,0.0,0.0,19368.544921875,0.0,16697.26171875,1050.0,1000000.0,0.0,12140.0,,,100.0,5000.0,624.7542114257812,51.0014762878418,100.0,5000.0,6500.0,6500.0,0.0,,0.0,200.0,907.15966796875,541.65625,999999.0,0.0,30.0,4500.0,4500.0,0.0,4500.0,120.0,,30.0,4342.62841796875,0.0,0.0,50.0,0.0,6477.2568359375,,18985.900390625,3000.0,1131.07958984375,2768.61669921875,3004.572021484375,0.0,0.0,50.0,13000.0,0.0,9624.5986328125,1000000.0,,,16147.8095703125,400.0,1307.1148681640625,0.0,335.0094299316406,400.0,8000.0,0.0,0.0,7236.4130859375,1000000.0,,1200.0,16000.0,4762.57470703125,0.0,0.0,1200.0,16000.0,0.0,18915.021484375,0.0,1350.0,1000000.0,24796.0,2437.409912109375,9749.6396484375,,,0.0
1964-10-04,50.0,3468.66650390625,460.0805969238281,28.352203369140625,50.0,0.0,,3468.66650390625,50.0,3000.0,254.0147705078125,12.003938674926758,50.0,3000.0,3000.0,3000.0,0.0,,0.0,300.0,1438.5753173828125,0.0,0.0,300.0,0.0,0.0,6217.7587890625,1000000.0,,0.0,6217.7587890625,1500.0,12125.361328125,3280.84716796875,0.0,0.0,0.0,19328.404296875,0.0,16664.744140625,1050.0,1000000.0,0.0,12140.0,,,100.0,5000.0,530.5872802734375,36.997291564941406,100.0,5000.0,6500.0,6500.0,0.0,,0.0,200.0,904.15966796875,411.40802001953125,999999.0,0.0,30.0,4500.0,4500.0,0.0,4500.0,120.0,,30.0,4335.92529296875,0.0,0.0,50.0,0.0,6432.8232421875,,18986.099609375,3000.0,1140.5426025390625,2515.45556640625,2995.18994140625,0.0,0.0,50.0,13000.0,0.0,9227.330078125,1000000.0,,,16072.32421875,400.0,1234.0355224609375,0.0,245.9156036376953,400.0,8000.0,0.0,0.0,7209.9775390625,1000000.0,,1200.0,16000.0,4751.91455078125,0.0,0.0,1200.0,16000.0,0.0,18978.49609375,0.0,1350.0,1000000.0,24796.0,2381.287353515625,9525.1494140625,,,0.0
1964-10-05,50.0,3448.1669921875,635.5389404296875,23.825334548950195,50.0,0.0,,3448.1669921875,50.0,3000.0,258.9901428222656,16.99901580810547,50.0,3000.0,3000.0,3000.0,0.0,,0.0,300.0,1428.5753173828125,0.0,0.0,300.0,0.0,0.0,6163.5439453125,1000000.0,,0.0,6163.5439453125,1500.0,11897.2294921875,3188.84716796875,0.0,0.0,0.0,19285.001953125,0.0,16815.939453125,1050.0,1000000.0,0.0,12140.0,,,100.0,5000.0,576.9295654296875,38.99458312988281,100.0,5000.0,6500.0,6500.0,0.0,,0.0,200.0,892.15966796875,267.6701354980469,999999.0,0.0,30.0,4500.0,4500.0,0.0,4500.0,120.0,,30.0,4329.783203125,0.0,0.0,50.0,0.0,6492.3515625,,18996.400390625,3000.0,1148.0443115234375,2281.222900390625,2992.890869140625,0.0,0.0,50.0,13000.0,0.0,8859.765625,1000000.0,,,16000.7861328125,400.0,1199.7232666015625,0.0,256.54266357421875,400.0,8000.0,0.0,0.0,7183.50048828125,1000000.0,,1200.0,15996.251953125,4696.37109375,0.0,0.0,1200.0,16000.0,0.0,18949.501953125,0.0,1350.0,1000000.0,24796.0,2375.957275390625,9503.8291015625,,,0.0
1964-10-06,50.0,3419.333984375,547.3468627929688,18.298465728759766,50.0,0.0,,3419.333984375,50.0,3000.0,269.0520324707031,23.00229835510254,50.0,2981.17529296875,3000.0,3000.0,0.0,,0.0,300.0,1429.5753173828125,0.0,0.0,300.0,0.0,0.0,6109.32958984375,1000000.0,,0.0,6109.32958984375,1500.0,11668.55078125,3342.84716796875,0.0,0.0,0.0,19247.466796875,0.0,16727.8359375,1050.0,1000000.0,0.0,12140.0,,,100.0,5000.0,580.4121704101562,48.0,100.0,5000.0,6500.0,6500.0,0.0,,0.0,200.0,894.15966796875,144.45281982421875,999999.0,0.0,30.0,4500.0,4500.0,0.0,4500.0,120.0,,30.0,4322.984375,0.0,0.0,50.0,0.0,6499.77587890625,,18994.0,3000.0,1151.859619140625,2070.079345703125,3001.6826171875,0.0,0.0,50.0,13000.0,0.0,8528.431640625,1000000.0,,,15936.2119140625,400.0,1222.581787109375,0.0,279.5238037109375,400.0,8000.0,0.0,0.0,7157.66552734375,1000000.0,,1200.0,15918.953125,4662.84130859375,0.0,0.0,1200.0,16000.0,0.0,19006.314453125,0.0,1350.0,1000000.0,24796.0,2348.185546875,9392.7421875,,,0.0
1964-10-07,50.0,3393.66650390625,545.8021240234375,25.01617431640625,50.0,0.0,,3393.66650390625,50.0,3000.0,245.40786743164062,11.996061325073242,50.0,2957.947265625,3000.0,3000.0,0.0,,0.0,300.0,1427.5753173828125,0.0,0.0,300.0,0.0,0.0,6052.8095703125,1000000.0,,0.0,6052.8095703125,1500.0,11431.3232421875,3488.84716796875,0.0,0.0,0.0,19210.53515625,0.0,16737.73828125,1050.0,1000000.0,0.0,12140.0,,,100.0,5000.0,566.9295654296875,28.99593734741211,100.0,5000.0,6500.0,6500.0,0.0,,0.0,200.0,894.15966796875,23.78667449951172,999999.0,0.0,30.0,4500.0,4500.0,0.0,4485.14013671875,120.0,,30.0,4319.34375,0.0,0.0,50.0,0.0,6470.75830078125,,19000.19921875,3000.0,1152.5672607421875,1968.5921630859375,3024.56982421875,0.0,0.0,50.0,13000.0,0.0,8221.3173828125,1000000.0,4760.0,,15876.7158203125,400.0,1292.7232666015625,0.0,349.5520935058594,400.0,8000.0,0.0,0.0,7131.83447265625,1000000.0,,1200.0,15840.61328125,4818.56640625,0.0,0.0,1200.0,16000.0,0.0,18929.185546875,0.0,1350.0,1000000.0,24796.0,2331.420654296875,9325.6826171875,,,0.0
1964-10-08,50.0,3367.500732421875,551.8297119140625,24.12380027770996,50.0,0.0,,3367.500732421875,50.0,3000.0,253.87184143066406,28.003158569335938,50.0,2936.50634765625,3000.0,3000.0,0.0,,0.0,300.0,1490.5753173828125,0.0,0.0,300.0,0.0,0.0,5996.28955078125,1000000.0,,0.0,5996.28955078125,1500.0,11197.4169921875,3389.84716796875,0.0,0.0,0.0,19170.705078125,0.0,16753.140625,1050.0,1000000.0,0.0,12140.0,,,100.0,5000.0,631.9449462890625,94.00135040283203,100.0,5000.0,6500.0,6500.0,0.0,,0.0,200.0,907.15966796875,0.0,999999.0,0.0,30.0,4500.0,4500.0,0.0,4467.96435546875,120.0,,30.0,4315.62109375,0.0,0.0,50.0,0.0,6473.458984375,,19004.400390625,3000.0,1142.942626953125,1920.937744140625,3063.358642578125,0.0,0.0,50.0,13000.0,0.0,7924.298828125,1000000.0,4760.0,,15819.8701171875,400.0,1283.1888427734375,0.0,328.5332336425781,400.0,8000.0,0.0,0.0,7105.99951171875,1000000.0,,1200.0,15762.201171875,4819.77197265625,0.0,0.0,1200.0,16000.0,0.0,18963.712890625,0.0,1350.0,1000000.0,24796.0,2409.283203125,9637.1328125,,,0.0
1964-10-09,50.0,3341.666748046875,550.3344116210938,28.0,50.0,0.0,,3341.666748046875,50.0,3000.0,257.4044494628906,28.001436233520508,50.0,2914.80224609375,3000.0,3000.0,0.0,,0.0,300.0,1481.5753173828125,0.0,0.0,300.0,0.0,0.0,5939.76953125,1000000.0,,0.0,5939.76953125,1500.0,10957.90625,3359.84716796875,0.0,0.0,0.0,19130.71875,0.0,16784.701171875,1050.0,1000000.0,0.0,12140.0,,,100.0,5000.0,565.4588012695312,28.00164031982422,100.0,5000.0,6500.0,6500.0,0.0,,0.0,200.0,918.15966796875,0.0,999999.0,0.0,30.0,4500.0,4500.0,0.0,4450.78857421875,120.0,,30.0,4313.9404296875,0.0,0.0,50.0,0.0,6476.15283203125,,18999.80078125,3000.0,1142.7457275390625,1875.0992431640625,3103.23486328125,0.0,0.0,50.0,13000.0,0.0,7644.35595703125,1000000.0,4760.0,,15768.8916015625,400.0,1238.5447998046875,0.0,295.34527587890625,400.0,8000.0,0.0,0.0,7079.84521484375,1000000.0,,1200.0,15682.4873046875,4749.6728515625,0.0,0.0,1200.0,16000.0,0.0,18958.14453125,0.0,1350.0,1000000.0,24796.0,2409.885986328125,9639.5439453125,,,0.0
1964-10-10,50.0,3315.665771484375,549.319091796875,30.02742576599121,50.0,0.0,,3315.665771484375,50.0,3000.0,257.4481201171875,20.998563766479492,50.0,2891.272216796875,3000.0,3000.0,0.0,,0.0,300.0,1459.5753173828125,0.0,0.0,300.0,0.0,0.0,5883.24951171875,1000000.0,,0.0,5883.24951171875,1500.0,10714.7998046875,3389.84716796875,0.0,0.0,0.0,19090.115234375,0.0,16819.294921875,1050.0,1000000.0,0.0,12140.0,,,100.0,5000.0,587.4309692382812,50.99593734741211,100.0,5000.0,6500.0,6500.0,0.0,,0.0,200.0,905.15966796875,0.0,999999.0,0.0,30.0,4500.0,4500.0,0.0,4433.6123046875,120.0,,30.0,4311.73779296875,0.0,0.0,50.0,0.0,6471.2451171875,,18997.30078125,3000.0,1143.4595947265625,1829.87353515625,3133.349853515625,0.0,0.0,50.0,13000.0,0.0,7368.15576171875,1000000.0,4760.0,,15716.3486328125,400.0,1248.581787109375,0.0,328.71923828125,400.0,8000.0,0.0,0.0,7053.04052734375,1000000.0,,1200.0,15601.470703125,4697.408203125,0.0,0.0,1200.0,16000.0,0.0,18940.525390625,0.0,1350.0,1000000.0,24796.0,2374.83642578125,9499.345703125,,,0.0
1964-10-11,50.0,3286.832763671875,547.2758178710938,27.00439453125,50.0,0.0,,3286.832763671875,50.0,3000.0,251.44813537597656,15.000574111938477,50.0,2866.547607421875,3000.0,3000.0,0.0,,0.0,300.0,1436.5753173828125,0.0,0.0,300.0,0.0,0.0,5824.42431640625,1000000.0,,0.0,5824.42431640625,1500.0,10467.0634765625,3139.84716796875,0.0,0.0,0.0,19043.662109375,0.0,16904.248046875,1050.0,1000000.0,0.0,12140.0,,,100.0,5000.0,580.4620361328125,40.99671936035156,100.0,5000.0,6500.0,6500.0,0.0,,0.0,200.0,899.15966796875,0.0,999999.0,0.0,30.0,4500.0,4500.0,0.0,4415.53857421875,120.0,,30.0,4309.36669921875,0.0,0.0,50.0,0.0,6466.61328125,,18995.099609375,3000.0,1149.4595947265625,1785.738037109375,3160.592041015625,0.0,0.0,50.0,13000.0,0.0,7098.6142578125,1000000.0,4760.0,,15666.0087890625,400.0,1231.1160888671875,0.0,322.7475280761719,400.0,8000.0,0.0,0.0,7027.2099609375,1000000.0,,1200.0,15519.041015625,4724.5283203125,0.0,0.0,1200.0,16000.0,0.0,18919.705078125,0.0,1350.0,1000000.0,24796.0,2348.7041015625,9394.81640625,,,0.0
1964-10-12,50.0,3259.334228515625,549.3406982421875,20.30133819580078,50.0,0.0,,3259.334228515625,50.0,3000.0,253.0459747314453,6.002584934234619,50.0,2840.93310546875,3000.0,3000.0,0.0,,0.0,300.0,1408.5753173828125,0.0,0.0,300.0,0.0,0.0,5766.24658203125,1000000.0,,0.0,5766.24658203125,1500.0,10219.3271484375,3407.84716796875,0.0,0.0,0.0,19002.3125,0.0,16817.5625,1050.0,1000000.0,0.0,12140.0,,,100.0,5000.0,570.4154052734375,35.995487213134766,100.0,5000.0,6500.0,6500.0,0.0,,0.0,200.0,894.15966796875,0.0,999999.0,0.0,30.0,4500.0,4500.0,0.0,4397.2138671875,120.0,,30.0,4307.55029296875,0.0,0.0,50.0,0.0,6402.63623046875,,18993.900390625,3000.0,1154.259521484375,1742.5052490234375,3193.02880859375,0.0,0.0,50.0,13000.0,0.0,6834.58544921875,1000000.0,4760.0,,15616.310546875,400.0,1236.114013671875,0.0,320.59771728515625,400.0,8000.0,0.0,0.0,7001.6982421875,1000000.0,,1200.0,15435.4013671875,4774.443359375,0.0,0.0,1200.0,16000.0,0.0,18937.177734375,0.0,1350.0,1000000.0,24796.0,2362.26416015625,9449.056640625,,,0.0
1964-10-13,50.0,3232.000732421875,548.3560180664062,27.02109718322754,50.0,0.0,,3232.000732421875,50.0,3000.0,259.5785827636719,9.00114917755127,50.0,2814.214111328125,3000.0,3000.0,0.0,,0.0,300.0,1389.5753173828125,0.0,0.0,300.0,0.0,0.0,5706.00830078125,1000000.0,,0.0,5706.00830078125,1500.0,9955.6748046875,3407.84716796875,0.0,0.0,0.0,18899.302734375,0.0,16737.39453125,1050.0,1000000.0,0.0,12140.0,,,100.0,5000.0,573.4249267578125,35.99589538574219,100.0,5000.0,6500.0,6500.0,0.0,,0.0,200.0,889.15966796875,0.0,999999.0,0.0,30.0,4500.0,4500.0,0.0,4379.18017578125,120.0,,30.0,4305.728515625,621.8592529296875,0.0,50.0,0.0,6261.51806640625,,18999.30078125,3000.0,1157.859619140625,1698.823974609375,3230.984130859375,0.0,0.0,50.0,13000.0,0.0,6567.8173828125,1000000.0,4760.0,,15564.1982421875,400.0,1214.2030029296875,0.0,290.01806640625,400.0,8000.0,0.0,0.0,6974.8974609375,1000000.0,,1200.0,15351.7626953125,4621.6953125,0.0,0.0,1200.0,16000.0,0.0,18951.900390625,0.0,1350.0,1000000.0,24796.0,2387.2216796875,9548.88671875,,,0.0
1964-10-14,50.0,3203.165771484375,547.2943115234375,24.98575782775879,50.0,0.0,,3203.165771484375,50.0,3000.0,264.5196838378906,18.998563766479492,50.0,2786.17236328125,3000.0,3000.0,0.0,,0.0,300.0,1356.5753173828125,0.0,0.0,300.0,0.0,0.0,5645.77001953125,1000000.0,,0.0,5645.77001953125,1500.0,9625.666015625,3357.84716796875,0.0,0.0,0.0,18790.59765625,0.0,16838.033203125,1050.0,1000000.0,0.0,12140.0,,,100.0,5000.0,580.963623046875,41.0014762878418,100.0,5000.0,6500.0,6500.0,0.0,,0.0,200.0,888.15966796875,0.0,999999.0,0.0,30.0,4500.0,4500.0,0.0,4360.44287109375,120.0,,30.0,4281.412109375,914.2916870117188,32.00430679321289,50.0,0.0,6213.75341796875,,19007.599609375,3000.0,1154.2257080078125,1655.7984619140625,3288.864013671875,0.0,0.0,50.0,13000.0,0.0,6305.0546875,1000000.0,4760.0,,15517.849609375,400.0,1217.0911865234375,0.0,301.1309509277344,400.0,8000.0,0.0,0.0,6948.7392578125,1000000.0,,1200.0,15265.345703125,4884.451171875,0.0,0.0,1200.0,16000.0,0.0,18920.09765625,0.0,1350.0,1000000.0,24796.0,2310.84765625,9243.390625,,,0.0
1964-10-15,50.0,3172.66650390625,553.3375244140625,26.637657165527344,50.0,0.0,,3172.66650390625,50.0,3000.0,232.8470458984375,9.001723289489746,50.0,2756.32568359375,3000.0,3000.0,0.0,,0.0,300.0,1438.5753173828125,0.0,0.0,300.0,0.0,0.0,5585.53125,1000000.0,,0.0,5585.53125,1500.0,9290.94140625,3359.84716796875,0.0,0.0,0.0,18660.169921875,0.0,16646.19140625,1050.0,1000000.0,0.0,12140.0,,,100.0,5000.0,575.4216918945312,40.00110626220703,100.0,5000.0,6500.0,6500.0,0.0,,0.0,200.0,897.15966796875,0.0,999999.0,0.0,30.0,4500.0,4500.0,0.0,4341.70556640625,120.0,,30.0,4246.1181640625,856.7695922851562,34.00430679321289,50.0,0.0,6229.458984375,,19014.19921875,3000.0,1135.1595458984375,1614.2337646484375,3391.543701171875,0.0,0.0,50.0,13000.0,0.0,6051.21337890625,1000000.0,4760.0,,15473.71484375,400.0,1224.7972412109375,0.0,328.2811279296875,400.0,8000.0,0.0,0.0,6922.904296875,1000000.0,,1200.0,15177.9140625,4713.33251953125,0.0,0.0,1200.0,16000.0,0.0,18896.6015625,0.0,1350.0,1000000.0,24796.0,2442.2255859375,9768.90234375,,,0.0
1964-10-16,50.0,3142.83251953125,559.2758178710938,34.96958541870117,50.0,0.0,,3142.83251953125,50.0,3000.0,254.85888671875,19.002708435058594,50.0,2729.262451171875,3000.0,3000.0,0.0,,0.0,300.0,1354.5753173828125,0.0,0.0,300.0,0.0,0.0,5524.80224609375,1000000.0,,0.0,5524.80224609375,1500.0,8950.1982421875,4458.84716796875,0.0,0.0,0.0,18544.30859375,0.0,16508.3671875,1050.0,1000000.0,0.0,12140.0,,,100.0,5000.0,584.963623046875,45.00221633911133,100.0,5000.0,6500.0,6500.0,0.0,,0.0,50.0,909.15966796875,0.0,999999.0,0.0,30.0,4500.0,4500.0,0.0,4322.96826171875,0.0,,30.0,4212.2373046875,819.6666870117188,13.014442443847656,50.0,0.0,6188.55322265625,,18987.900390625,999999.0,706.4595947265625,1575.1915283203125,3527.787353515625,0.0,0.0,50.0,13000.0,0.0,5812.77685546875,1000000.0,4760.0,,15431.9384765625,400.0,1119.7232666015625,0.0,188.140380859375,400.0,8000.0,0.0,0.0,6896.84814453125,1000000.0,,1200.0,15089.9541015625,4669.2890625,0.0,0.0,1200.0,16000.0,0.0,18912.96484375,0.0,1350.0,1000000.0,24796.0,2356.666259765625,9426.6650390625,,,0.0
1964-10-17,50.0,3111.334228515625,559.3406982421875,32.98875045776367,50.0,0.0,,3111.334228515625,50.0,3000.0,256.55950927734375,19.002830505371094,50.0,2699.3681640625,3000.0,3000.0,0.0,,0.0,300.0,1342.5753173828125,0.0,0.0,300.0,0.0,0.0,5463.31005859375,1000000.0,,0.0,5463.31005859375,1500.0,8602.724609375,2989.84716796875,0.0,0.0,0.0,18306.810546875,0.0,16718.744140625,1050.0,1000000.0,0.0,12140.0,,,100.0,4885.7158203125,573.4216918945312,38.00184631347656,100.0,4885.7158203125,6500.0,6500.0,0.0,,0.0,50.0,907.15966796875,0.0,999999.0,0.0,30.0,4500.0,4500.0,0.0,4303.1142578125,0.0,,30.0,4176.94287109375,857.96484375,19.014442443847656,50.0,0.0,6147.98486328125,,18996.400390625,999999.0,720.7595825195312,1538.158203125,3606.1181640625,0.0,0.0,50.0,13000.0,0.0,5586.60888671875,1000000.0,4760.0,,15392.568359375,400.0,1201.0953369140625,0.0,272.12152099609375,400.0,8000.0,0.0,0.0,6870.759765625,1000000.0,,1200.0,14990.630859375,4647.7109375,0.0,0.0,1200.0,16000.0,0.0,18914.857421875,0.0,1350.0,1000000.0,24796.0,2334.64453125,9338.578125,7860.0,,0.0
1964-10-18,50.0,3079.667236328125,553.3375244140625,27.98628807067871,50.0,0.0,,3079.667236328125,50.0,2957.000732421875,250.9721221923828,14.000738143920898,50.0,2667.615966796875,3000.0,3000.0,0.0,,0.0,300.0,1341.5753173828125,0.0,0.0,300.0,0.0,0.0,5399.6455078125,1000000.0,,0.0,5399.6455078125,1500.0,8248.7568359375,3363.84716796875,0.0,0.0,0.0,18123.05859375,0.0,17084.025390625,1050.0,1000000.0,0.0,12140.0,,,100.0,4717.1455078125,575.4495239257812,38.002952575683594,100.0,4717.1455078125,6500.0,6500.0,0.0,,0.0,50.0,900.15966796875,0.0,999999.0,0.0,30.0,4500.0,4500.0,0.0,4284.376953125,0.0,,30.0,4140.23583984375,846.96484375,8.003938674926758,50.0,0.0,6118.4033203125,,18991.0,999999.0,735.1596069335938,1503.434814453125,3638.973876953125,0.0,0.0,50.0,13000.0,0.0,5374.548828125,1000000.0,4760.0,,15353.5966796875,400.0,1191.489990234375,0.0,278.2147216796875,400.0,8000.0,0.0,0.0,6843.69580078125,1000000.0,,1200.0,14050.2802734375,4737.11669921875,0.0,0.0,1200.0,16000.0,0.0,18929.82421875,0.0,1350.0,1000000.0,24796.0,2323.85546875,9295.421875,7860.0,,0.0
1964-10-19,50.0,3047.66650390625,549.3375244140625,22.637657165527344,50.0,0.0,,3047.66650390625,50.0,2878.0029296875,261.4037780761719,24.002864837646484,50.0,2635.612060546875,3000.0,3000.0,0.0,,0.0,300.0,1308.5753173828125,0.0,0.0,300.0,0.0,0.0,5336.96875,1000000.0,,0.0,5336.96875,1500.0,7889.77880859375,3564.84716796875,0.0,0.0,0.0,17920.197265625,0.0,16745.0390625,1050.0,1000000.0,0.0,12140.0,,,100.0,4527.14306640625,574.4402465820312,38.000328063964844,100.0,4527.14306640625,6500.0,6500.0,0.0,,0.0,50.0,891.15966796875,0.0,999999.0,0.0,30.0,4500.0,4500.0,0.0,4264.30859375,0.0,,30.0,4103.5283203125,853.9655151367188,6.993435382843018,50.0,0.0,6081.29052734375,,18985.099609375,999999.0,743.4595947265625,1467.3804931640625,3679.06787109375,0.0,0.0,50.0,13000.0,0.0,5154.35986328125,1000000.0,4760.0,,15312.6767578125,400.0,1180.2520751953125,0.0,311.4680480957031,400.0,8000.0,0.0,0.0,6817.28125,1000000.0,,1200.0,13078.529296875,4731.755859375,0.0,0.0,1200.0,16000.0,0.0,18879.025390625,0.0,1350.0,1000000.0,24796.0,2368.558349609375,9474.2333984375,7860.0,,0.0
1964-10-20,50.0,3013.665771484375,545.272705078125,27.01125144958496,50.0,0.0,,3013.665771484375,50.0,2796.9970703125,249.57957458496094,13.997227668762207,50.0,2599.3271484375,3000.0,3000.0,0.0,,0.0,300.0,1350.5753173828125,0.0,0.0,300.0,0.0,0.0,5271.71630859375,1000000.0,,0.0,5271.71630859375,1500.0,7525.75830078125,3054.84716796875,0.0,0.0,0.0,17682.13671875,0.0,17003.150390625,1050.0,1000000.0,0.0,12140.0,5850.0,,100.0,4337.140625,564.4155883789062,27.998029708862305,100.0,4337.140625,6500.0,6500.0,0.0,,0.0,50.0,888.15966796875,0.0,999999.0,0.0,30.0,4500.0,4500.0,0.0,4243.69775390625,0.0,,30.0,4065.412353515625,823.80908203125,7.004923343658447,50.0,0.0,6034.6435546875,,18991.69921875,999999.0,749.4257202148438,1431.0921630859375,3739.1328125,0.0,0.0,50.0,13000.0,0.0,4932.74169921875,1000000.0,4760.0,,15271.802734375,400.0,1170.489990234375,0.0,290.4951477050781,400.0,8000.0,0.0,0.0,6791.1962890625,1000000.0,,1200.0,12094.40234375,4736.6396484375,0.0,0.0,1200.0,16000.0,0.0,18949.48828125,0.0,1350.0,1000000.0,24796.0,2365.8779296875,9463.51171875,7860.0,,0.0
1964-10-21,50.0,2967.601318359375,550.3406982421875,27.684247970581055,50.0,0.0,,2967.601318359375,50.0,2714.00146484375,256.9324951171875,19.001386642456055,50.0,2562.45458984375,3000.0,3000.0,0.0,,0.0,300.0,1380.5753173828125,0.0,0.0,300.0,0.0,0.0,5206.2490234375,1000000.0,,0.0,5206.2490234375,1500.0,7154.93505859375,3632.84716796875,0.0,0.0,0.0,19147.6796875,0.0,16881.693359375,1050.0,1000000.0,0.0,12140.0,5850.0,,100.0,4147.14697265625,585.9573974609375,47.00394058227539,100.0,4147.14697265625,6500.0,6500.0,0.0,,0.0,50.0,888.15966796875,0.0,999999.0,0.0,30.0,4500.0,4500.0,0.0,4223.08642578125,0.0,,30.0,4027.2919921875,858.996337890625,11.9852294921875,50.0,0.0,5972.07568359375,,18994.900390625,999999.0,754.0689086914062,1394.906982421875,3820.454345703125,0.0,0.0,50.0,13000.0,0.0,4711.7529296875,1000000.0,4760.0,,15231.7119140625,400.0,1186.5595703125,0.0,280.7762451171875,400.0,8000.0,0.0,0.0,6764.78125,1000000.0,,1200.0,11085.27734375,4621.61669921875,0.0,0.0,1200.0,16000.0,0.0,18958.90234375,0.0,1350.0,1000000.0,24796.0,2368.31982421875,9473.279296875,7860.0,,0.0
1964-10-22,50.0,2899.200439453125,547.8297119140625,29.362342834472656,50.0,0.0,,2899.200439453125,50.0,2628.0029296875,251.10105895996094,14.00268840789795,50.0,2521.762451171875,3000.0,3000.0,0.0,,0.0,300.0,1392.5753173828125,0.0,0.0,300.0,0.0,0.0,5137.8310546875,1000000.0,,0.0,5137.8310546875,1500.0,6773.3173828125,3422.84716796875,0.0,0.0,0.0,20613.41015625,0.0,16777.919921875,1050.0,1000000.0,0.0,12140.0,5850.0,,100.0,3950.00341796875,552.4402465820312,16.002872467041016,100.0,3950.00341796875,6500.0,6500.0,0.0,,0.0,50.0,885.15966796875,0.0,999999.0,0.0,30.0,4500.0,4500.0,0.0,4200.80126953125,0.0,,30.0,3987.7626953125,878.1835327148438,0.9864603877067566,50.0,0.0,5915.470703125,,18993.80078125,999999.0,754.9610595703125,1358.439208984375,3912.51904296875,0.0,0.0,50.0,13000.0,0.0,4489.03955078125,1000000.0,4760.0,,15190.9208984375,400.0,1157.387451171875,0.0,273.7008361816406,400.0,8000.0,0.0,0.0,6737.7177734375,1000000.0,,1200.0,10050.6259765625,4625.2353515625,0.0,0.0,1200.0,16000.0,0.0,18942.671875,0.0,1350.0,1000000.0,24796.0,2310.808349609375,9243.2333984375,7860.0,,0.0
1964-10-23,50.0,2837.098388671875,550.3099365234375,23.474653244018555,50.0,0.0,,2837.098388671875,50.0,2540.00244140625,257.05303955078125,20.00217056274414,50.0,2478.95654296875,3000.0,3000.0,0.0,,0.0,300.0,1388.5753173828125,0.0,0.0,300.0,0.0,0.0,5069.4130859375,1000000.0,,0.0,5069.4130859375,1500.0,6391.09619140625,3371.84716796875,0.0,0.0,0.0,22159.970703125,0.0,17087.451171875,1050.0,1000000.0,0.0,12140.0,5850.0,,100.0,3732.85791015625,587.1936645507812,20.000574111938477,100.0,3732.85791015625,6500.0,6500.0,0.0,,0.0,50.0,885.15966796875,0.0,999999.0,0.0,30.0,4500.0,4500.0,0.0,4177.89990234375,0.0,,30.0,3946.82470703125,817.65087890625,16.008615493774414,50.0,0.0,5868.66650390625,,18994.400390625,999999.0,763.4768676757812,1323.564208984375,4017.56591796875,0.0,0.0,50.0,13000.0,0.0,4276.052734375,1000000.0,4760.0,,15151.515625,400.0,1175.70361328125,0.0,300.6827697753906,400.0,8000.0,0.0,0.0,6711.62939453125,1000000.0,,1200.0,9001.1357421875,4570.54736328125,0.0,0.0,1200.0,16000.0,0.0,18924.30078125,0.0,1350.0,1000000.0,24796.0,2312.61767578125,9250.470703125,7860.0,,0.0
1964-10-24,50.0,2768.701171875,547.8174438476562,25.16300392150879,50.0,0.0,,2768.701171875,50.0,2397.998046875,250.03680419921875,12.999168395996094,50.0,2397.998046875,3000.0,3000.0,0.0,,0.0,300.0,1370.5753173828125,0.0,0.0,300.0,0.0,0.0,4996.7099609375,1000000.0,,0.0,4996.7099609375,1500.0,6001.7314453125,3271.84716796875,0.0,0.0,0.0,23791.759765625,0.0,16972.904296875,1050.0,1000000.0,0.0,12140.0,5850.0,,100.0,3515.712158203125,539.1978759765625,29.998523712158203,100.0,3515.712158203125,6500.0,6500.0,0.0,,0.0,50.0,885.15966796875,0.0,999999.0,0.0,30.0,4500.0,4500.0,0.0,4154.85595703125,0.0,,30.0,3905.88232421875,811.716796875,0.0,50.0,0.0,5800.298828125,,18996.599609375,999999.0,784.86328125,1288.415771484375,4134.0205078125,0.0,0.0,50.0,13000.0,0.0,4061.396240234375,1000000.0,4760.0,,15112.443359375,400.0,1184.203857421875,0.0,246.4759979248047,400.0,8000.0,0.0,0.0,6684.8916015625,1000000.0,,1200.0,7907.96435546875,4591.4345703125,0.0,0.0,1200.0,16000.0,0.0,19016.640625,0.0,1350.0,1000000.0,24796.0,2285.273681640625,9141.0947265625,7860.0,,0.0
1964-10-25,50.0,2700.6005859375,547.8051147460938,27.68219757080078,50.0,0.0,,2700.6005859375,50.0,2207.99560546875,257.9038391113281,22.998220443725586,50.0,2207.99560546875,3000.0,3000.0,0.0,,0.0,300.0,1359.5753173828125,0.0,0.0,300.0,0.0,0.0,4874.1318359375,1000000.0,,0.0,4874.1318359375,1500.0,5607.0029296875,3291.84716796875,0.0,0.0,0.0,25615.8984375,0.0,17079.6484375,1050.0,1000000.0,0.0,12140.0,5850.0,,100.0,3297.145263671875,563.4339599609375,28.002010345458984,100.0,3297.145263671875,6500.0,6500.0,0.0,,0.0,50.0,886.15966796875,0.0,999999.0,0.0,30.0,4500.0,4500.0,0.0,4130.626953125,0.0,,30.0,3863.53125,854.9683837890625,11.011077880859375,50.0,0.0,5728.79443359375,,19002.69921875,999999.0,775.782470703125,1254.143310546875,4267.525390625,0.0,0.0,50.0,13000.0,0.0,3852.089599609375,1000000.0,4760.0,,15068.9248046875,400.0,1301.0252685546875,0.0,343.1025085449219,400.0,8000.0,0.0,0.0,6656.8486328125,1000000.0,,1200.0,6812.90185546875,4769.40576171875,0.0,0.0,1200.0,16000.0,0.0,18894.9765625,0.0,1350.0,1000000.0,24796.0,2295.71728515625,9182.869140625,7860.0,,0.0
1964-10-26,50.0,2626.50146484375,551.848388671875,32.20549011230469,50.0,0.0,,2626.50146484375,50.0,2009.99755859375,256.0567321777344,17.999061584472656,50.0,2009.99755859375,3000.0,3000.0,0.0,,0.0,300.0,1488.5753173828125,0.0,0.0,300.0,0.0,0.0,4750.34765625,1000000.0,,0.0,4750.34765625,1500.0,5212.18359375,3016.84716796875,0.0,0.0,0.0,26865.8046875,0.0,17040.67578125,1050.0,1000000.0,0.0,12140.0,5850.0,,100.0,3069.99853515625,561.437255859375,23.99901580810547,100.0,3069.99853515625,6500.0,6500.0,0.0,,0.0,50.0,886.15966796875,0.0,999999.0,0.0,30.0,4500.0,4500.0,0.0,4104.86328125,0.0,,30.0,3819.766845703125,832.9214477539062,0.0,50.0,0.0,5667.6337890625,,18999.599609375,999999.0,732.4371948242188,1220.8406982421875,4414.19482421875,0.0,0.0,50.0,13000.0,0.0,3648.705810546875,1000000.0,4760.0,,15026.447265625,400.0,1316.2147216796875,0.0,342.121826171875,400.0,8000.0,0.0,0.0,6627.82666015625,1000000.0,,1200.0,5592.01025390625,4707.1064453125,0.0,0.0,1200.0,16000.0,0.0,18950.259765625,0.0,1350.0,1000000.0,24796.0,2384.702880859375,9538.8115234375,7860.0,,0.0
1964-10-27,50.0,2552.698974609375,550.3097534179688,27.32547950744629,50.0,0.0,,2552.698974609375,50.0,1797.998046875,259.8765563964844,22.99928855895996,50.0,1797.998046875,3000.0,3000.0,0.0,,0.0,300.0,1405.5753173828125,0.0,0.0,300.0,0.0,0.0,4623.9765625,1000000.0,,0.0,4623.9765625,1500.0,5000.0,3147.84716796875,0.0,0.0,0.0,27069.98046875,0.0,17043.919921875,1050.0,1000000.0,0.0,12140.0,5850.0,,100.0,2840.000732421875,572.4588623046875,34.000492095947266,100.0,2840.000732421875,6500.0,6500.0,0.0,,0.0,50.0,888.15966796875,0.0,999999.0,0.0,30.0,4500.0,4500.0,0.0,4079.099365234375,0.0,,30.0,3773.001220703125,864.9180908203125,33.00615310668945,50.0,0.0,5595.0732421875,,18998.400390625,999999.0,739.302490234375,1188.4188232421875,4580.265625,0.0,0.0,50.0,13000.0,0.0,3450.700439453125,1000000.0,4760.0,,14984.384765625,400.0,1343.66796875,0.0,351.38360595703125,400.0,8000.0,0.0,0.0,6598.2392578125,1000000.0,,1200.0,4400.0,4803.2421875,0.0,0.0,1200.0,16000.0,0.0,18838.78515625,0.0,1350.0,1000000.0,24796.0,2353.55322265625,9414.212890625,7860.0,,0.0
1964-10-28,50.0,2475.0,552.3097534179688,30.0,50.0,0.0,,2475.0,50.0,1573.9990234375,269.2882080078125,32.999664306640625,50.0,1573.9990234375,3000.0,3000.0,0.0,,0.0,300.0,1399.5753173828125,0.0,0.0,300.0,0.0,0.0,4493.02734375,1000000.0,,0.0,4493.02734375,1500.0,5000.0,3056.84716796875,0.0,0.0,0.0,26721.66015625,0.0,16896.005859375,1050.0,1000000.0,0.0,12140.0,5850.0,,100.0,2585.710693359375,574.4124755859375,38.99753952026367,100.0,2585.710693359375,6500.0,6500.0,0.0,,0.0,50.0,897.15966796875,0.0,999999.0,0.0,30.0,4500.0,4500.0,0.0,4053.33544921875,0.0,,30.0,3723.49853515625,870.0740966796875,12.99179458618164,50.0,0.0,5520.412109375,,18995.80078125,999999.0,754.9302978515625,1156.446533203125,4773.70166015625,0.0,0.0,50.0,13000.0,0.0,3255.441162109375,1000000.0,4760.0,,14941.681640625,400.0,1250.7052001953125,0.0,322.5498352050781,400.0,8000.0,0.0,0.0,6569.1220703125,1000000.0,,1200.0,4400.0,4825.8076171875,0.0,0.0,1200.0,16000.0,0.0,18830.359375,0.0,1350.0,1000000.0,24796.0,2401.62109375,9606.484375,7860.0,,0.0
1964-10-29,50.0,2389.801025390625,555.3344116210938,30.31340789794922,50.0,0.0,,2389.801025390625,50.0,1335.99853515625,269.98291015625,32.9995231628418,50.0,1335.99853515625,3000.0,3000.0,0.0,,0.0,300.0,1424.5753173828125,0.0,0.0,300.0,0.0,0.0,4364.3671875,1000000.0,,0.0,4364.3671875,1500.0,5000.0,3425.84716796875,0.0,0.0,0.0,26400.375,0.0,16896.052734375,1050.0,1000000.0,0.0,12140.0,5850.0,,100.0,2332.859619140625,597.9215087890625,64.00172424316406,100.0,2332.859619140625,6500.0,6500.0,0.0,,0.0,50.0,900.15966796875,0.0,999999.0,0.0,30.0,4500.0,4500.0,0.0,4026.03662109375,0.0,,30.0,3672.4990234375,880.8033447265625,58.994873046875,50.0,0.0,5452.76806640625,,18995.0,999999.0,748.0076904296875,1124.999267578125,4997.4814453125,0.0,0.0,50.0,13000.0,0.0,3063.388671875,1000000.0,4760.0,,14900.9697265625,400.0,1353.0965576171875,0.0,389.6064453125,400.0,8000.0,0.0,0.0,6540.9619140625,1000000.0,,1200.0,4400.0,4696.3623046875,0.0,0.0,1200.0,16000.0,0.0,18897.44921875,0.0,1350.0,1000000.0,24796.0,2412.90380859375,9651.615234375,7860.0,,0.0
1964-10-30,50.0,2304.598388671875,583.3284301757812,60.34083557128906,50.0,0.0,,2304.598388671875,50.0,1080.0048828125,199.10780334472656,33.00141143798828,50.0,1080.0048828125,3000.0,3000.0,0.0,,0.0,300.0,1435.5753173828125,0.0,0.0,300.0,0.0,0.0,4229.99267578125,1000000.0,,0.0,4229.99267578125,1500.0,5000.0,3475.84716796875,0.0,0.0,0.0,26051.1484375,0.0,16789.474609375,1050.0,1000000.0,0.0,12140.0,5850.0,,100.0,2065.717529296875,426.2459411621094,63.002079010009766,100.0,2065.717529296875,6500.0,6500.0,0.0,,0.0,50.0,945.15966796875,0.0,999999.0,0.0,30.0,4500.0,4500.0,0.0,3998.737548828125,0.0,,30.0,3619.998291015625,839.7725219726562,18.99097442626953,50.0,0.0,5380.953125,,18991.400390625,999999.0,695.2302856445312,1095.68212890625,5341.51171875,0.0,0.0,50.0,13000.0,0.0,2884.34423828125,1000000.0,4760.0,,14860.484375,400.0,1329.0965576171875,0.0,358.5326232910156,400.0,8000.0,0.0,0.0,6511.5205078125,1000000.0,,1200.0,4400.0,4966.4521484375,0.0,0.0,1200.0,16000.0,0.0,18769.1875,0.0,1350.0,1000000.0,24796.0,2348.18115234375,9392.724609375,7860.0,,0.0
1964-10-31,50.0,2218.798828125,565.31591796875,40.98136520385742,50.0,0.0,,2218.798828125,50.0,887.73974609375,155.43853759765625,46.34264373779297,50.0,887.73974609375,3000.0,3000.0,0.0,,0.0,300.0,1429.5753173828125,0.0,0.0,300.0,0.0,0.0,4089.90380859375,1000000.0,,0.0,4089.90380859375,1500.0,5000.0,3304.84716796875,0.0,0.0,0.0,25676.205078125,0.0,16961.3203125,1050.0,1000000.0,0.0,12140.0,5850.0,,100.0,1880.5653076171875,339.29730224609375,100.020263671875,100.0,1880.5653076171875,6500.0,6500.0,0.0,,0.0,50.0,913.15966796875,0.0,999999.0,0.0,30.0,4500.0,4500.0,0.0,3969.614013671875,0.0,,30.0,3564.4990234375,866.9774780273438,23.994585037231445,50.0,0.0,5299.18359375,,18994.400390625,999999.0,725.0610961914062,1069.308837890625,5584.56689453125,0.0,0.0,50.0,13000.0,0.0,2723.27880859375,1000000.0,4760.0,,14824.140625,400.0,1222.1072998046875,0.0,297.4587707519531,400.0,8000.0,0.0,0.0,6482.0791015625,1000000.0,,1200.0,4400.0,4669.94873046875,0.0,0.0,1200.0,16000.0,0.0,18853.7890625,0.0,1350.0,1000000.0,24796.0,2483.22607421875,9932.904296875,7860.0,,0.0
1964-11-01,50.0,2125.198974609375,569.4159545898438,49.11494064331055,50.0,0.0,,2125.198974609375,50.0,725.586669921875,121.2923583984375,101.12290954589844,50.0,725.586669921875,3000.0,3000.0,0.0,,0.0,300.0,1485.5753173828125,0.0,0.0,300.0,0.0,0.0,3949.81494140625,1000000.0,,0.0,3949.81494140625,1200.0,5000.0,3397.84716796875,0.0,0.0,0.0,25364.19140625,0.0,16831.701171875,1050.0,1000000.0,0.0,12140.0,5850.0,,100.0,1725.572998046875,267.898193359375,207.72874450683594,100.0,1725.572998046875,6500.0,6500.0,0.0,,0.0,50.0,911.15966796875,0.0,999999.0,0.0,30.0,4500.0,4500.0,0.0,3938.415283203125,0.0,,30.0,3507.498291015625,837.7352294921875,20.99097442626953,50.0,0.0,5213.94677734375,,18988.099609375,999999.0,726.2611083984375,10000.0,5878.9853515625,0.0,0.0,50.0,13000.0,0.0,2559.59326171875,1000000.0,4760.0,,14786.28515625,400.0,1343.869384765625,0.0,387.5480041503906,400.0,8000.0,,0.0,6454.16796875,1000000.0,,1200.0,4400.0,4782.70458984375,0.0,0.0,1200.0,16000.0,0.0,18870.24609375,0.0,1350.0,1000000.0,24796.0,2334.974365234375,9339.8974609375,7860.0,,0.0
1964-11-02,50.0,2031.59912109375,652.6190795898438,130.30685424804688,50.0,0.0,,2031.59912109375,50.0,625.2205810546875,100.19490051269531,100.19212341308594,50.0,625.2205810546875,3000.0,3000.0,0.0,,0.0,300.0,1585.5753173828125,0.0,0.0,300.0,0.0,0.0,3804.680419921875,1000000.0,,0.0,3804.680419921875,1200.0,5000.0,3697.84716796875,0.0,0.0,0.0,25093.484375,0.0,16439.98046875,1050.0,1000000.0,0.0,12140.0,5850.0,,100.0,1618.9234619140625,215.5988006591797,238.76268005371094,100.0,1618.9234619140625,6500.0,6500.0,0.0,,0.0,50.0,1075.15966796875,0.0,999999.0,0.0,30.0,4500.0,4500.0,0.0,3907.21630859375,0.0,,30.0,3447.4990234375,892.1519165039062,24.99589729309082,50.0,0.0,5121.994140625,,18995.400390625,999999.0,584.4534912109375,10000.0,6306.46142578125,0.0,0.0,50.0,13000.0,0.0,2300.0,1000000.0,4760.0,,14575.169921875,400.0,1392.363525390625,0.0,482.8498229980469,400.0,8000.0,,0.0,6424.69189453125,1000000.0,,1200.0,4400.0,5197.6767578125,0.0,0.0,1200.0,16000.0,0.0,18600.5859375,0.0,1350.0,1000000.0,24796.0,2391.352294921875,9565.4091796875,7860.0,,0.0
1964-11-03,50.0,1927.80029296875,606.7051391601562,82.88382720947266,50.0,0.0,,1927.80029296875,50.0,583.476806640625,86.12993621826172,74.3938217163086,50.0,583.476806640625,3000.0,3000.0,0.0,,0.0,300.0,1385.5753173828125,0.0,0.0,300.0,0.0,0.0,3658.208740234375,1000000.0,,0.0,3658.208740234375,1200.0,5000.0,3497.84716796875,0.0,0.0,0.0,24739.296875,0.0,16545.572265625,1050.0,1000000.0,0.0,12140.0,5850.0,,100.0,1592.13623046875,188.7991943359375,181.72975158691406,100.0,1592.13623046875,6500.0,6500.0,0.0,,0.0,50.0,996.15966796875,0.0,999999.0,0.0,30.0,4500.0,4500.0,0.0,3876.017578125,0.0,,30.0,3383.000244140625,851.8036499023438,27.00082015991211,50.0,0.0,5034.4365234375,,19032.0,999999.0,606.5194091796875,10000.0,6234.93310546875,0.0,0.0,50.0,13000.0,0.0,2300.0,1000000.0,4760.0,,14357.5751953125,400.0,1295.923583984375,0.0,370.93701171875,400.0,8000.0,,0.0,6395.8603515625,1000000.0,,1200.0,4400.0,5030.35595703125,0.0,0.0,1200.0,16000.0,0.0,18678.296875,0.0,1350.0,1000000.0,24796.0,2598.83837890625,10395.353515625,7860.0,,0.0
1964-11-04,50.0,1824.3017578125,596.0375366210938,73.20711517333984,50.0,0.0,,1824.3017578125,50.0,540.3867797851562,73.38662719726562,68.35050964355469,50.0,540.3867797851562,3000.0,3000.0,0.0,,0.0,300.0,1585.5753173828125,0.0,0.0,300.0,0.0,0.0,3504.47314453125,1000000.0,,0.0,3504.47314453125,1200.0,5000.0,3497.84716796875,0.0,0.0,0.0,24395.34375,0.0,16682.462890625,1050.0,1000000.0,0.0,12140.0,5850.0,,100.0,1557.864013671875,159.1661376953125,146.3966827392578,100.0,1557.864013671875,6500.0,6500.0,0.0,,0.0,50.0,959.15966796875,0.0,999999.0,0.0,30.0,4500.0,4500.0,0.0,3844.101318359375,0.0,,30.0,3318.501220703125,862.9398803710938,28.005168914794922,50.0,0.0,4937.81982421875,,18995.0,999999.0,646.2611083984375,10000.0,6425.517578125,0.0,0.0,50.0,13000.0,0.0,2300.0,1000000.0,4760.0,,14134.34375,400.0,1257.9285888671875,0.0,311.0652160644531,400.0,8000.0,,0.0,6366.705078125,1000000.0,,1200.0,4400.0,5029.22998046875,0.0,0.0,1200.0,16000.0,0.0,18867.76953125,0.0,1350.0,1000000.0,24796.0,2515.177978515625,10060.7119140625,7860.0,,0.0
1964-11-05,50.0,1720.499267578125,599.6082763671875,74.27793884277344,50.0,0.0,,1720.499267578125,50.0,520.3743896484375,59.857749938964844,63.22163772583008,50.0,520.3743896484375,3000.0,3000.0,0.0,,0.0,300.0,1485.5753173828125,0.0,0.0,300.0,0.0,0.0,3353.243408203125,1000000.0,,0.0,3353.243408203125,1200.0,5000.0,3497.84716796875,0.0,0.0,0.0,24036.888671875,0.0,16667.724609375,1050.0,1000000.0,0.0,12140.0,5850.0,,100.0,1531.6177978515625,129.31076049804688,154.5413055419922,100.0,1531.6177978515625,6500.0,6500.0,0.0,,0.0,50.0,994.15966796875,0.0,999999.0,0.0,30.0,4500.0,4500.0,0.0,3811.79638671875,0.0,,30.0,3249.498046875,875.9749755859375,44.09187316894531,50.0,0.0,4833.97607421875,,19029.900390625,999999.0,624.5642700195312,10000.0,6574.86962890625,0.0,0.0,50.0,13000.0,0.0,2300.0,1000000.0,4760.0,,13915.8056640625,400.0,1297.524658203125,0.0,389.9917907714844,400.0,8000.0,,0.0,6336.900390625,1000000.0,,1200.0,4400.0,4914.72216796875,0.0,0.0,1200.0,16000.0,0.0,18391.51953125,0.0,1350.0,1000000.0,24796.0,2514.614990234375,10058.4599609375,7860.0,,0.0
1964-11-06,50.0,1606.8017578125,584.3344116210938,59.98628616333008,50.0,0.0,,1606.8017578125,50.0,517.9581298828125,54.20516586303711,52.50238800048828,50.0,517.9581298828125,3000.0,3000.0,0.0,,0.0,300.0,1485.5753173828125,0.0,0.0,300.0,0.0,0.0,3190.9326171875,1000000.0,,0.0,3190.9326171875,1200.0,5000.0,3397.84716796875,0.0,0.0,0.0,23651.82421875,0.0,16756.314453125,1050.0,1000000.0,0.0,12140.0,5850.0,,100.0,1534.826904296875,108.77383422851562,121.20439147949219,100.0,1534.826904296875,6500.0,6500.0,0.0,,0.0,50.0,950.15966796875,0.0,999999.0,0.0,30.0,4500.0,4500.0,0.0,3284.8564453125,0.0,,30.0,3164.996337890625,880.9749755859375,49.09187316894531,50.0,0.0,4736.56884765625,,19016.19921875,999999.0,662.9610595703125,10000.0,6721.82177734375,0.0,0.0,50.0,13000.0,0.0,2300.0,1000000.0,4760.0,,13678.853515625,400.0,1266.31591796875,0.0,369.8835754394531,400.0,8000.0,,0.0,6307.7451171875,1000000.0,,1200.0,4400.0,4766.09130859375,0.0,0.0,1200.0,16000.0,0.0,17614.974609375,0.0,1350.0,1000000.0,24796.0,2457.361083984375,9829.4443359375,7860.0,,0.0
1964-11-07,50.0,1494.3994140625,578.9159545898438,58.613712310791016,50.0,0.0,,1494.3994140625,50.0,509.75738525390625,40.301998138427734,35.30066680908203,50.0,509.75738525390625,3000.0,3000.0,0.0,,0.0,300.0,1385.5753173828125,0.0,0.0,300.0,0.0,0.0,3027.49560546875,1000000.0,,0.0,3027.49560546875,1200.0,5000.0,3397.84716796875,0.0,0.0,0.0,23204.9375,0.0,16846.544921875,1050.0,1000000.0,0.0,12140.0,5850.0,,100.0,1529.991455078125,98.78255462646484,87.94644165039062,100.0,1529.991455078125,6500.0,6500.0,0.0,,0.0,50.0,932.15966796875,0.0,999999.0,0.0,30.0,4500.0,4500.0,0.0,2431.79931640625,0.0,,30.0,3039.996337890625,881.4994506835938,33.99187469482422,50.0,0.0,4650.12158203125,,18984.5,999999.0,682.2394409179688,10000.0,6932.54931640625,0.0,0.0,50.0,13000.0,0.0,2300.0,1000000.0,4760.0,,13356.6787109375,400.0,1321.726806640625,0.0,359.83935546875,400.0,8000.0,,0.0,6279.23779296875,1000000.0,,1200.0,4400.0,4755.1083984375,0.0,0.0,1200.0,16000.0,0.0,16794.08984375,0.0,1350.0,1000000.0,24796.0,2383.045654296875,9532.1826171875,7860.0,,0.0
1964-11-08,50.0,1453.199462890625,570.1600341796875,54.9056282043457,50.0,0.0,,1453.199462890625,50.0,500.0,33.20199966430664,39.667335510253906,50.0,500.0,3000.0,3000.0,0.0,,0.0,300.0,1485.5753173828125,0.0,0.0,300.0,0.0,0.0,3000.0,1000000.0,,0.0,3000.0,1200.0,5000.0,3397.84716796875,0.0,0.0,0.0,22719.498046875,0.0,16828.3203125,1050.0,1000000.0,0.0,12140.0,5850.0,,100.0,1513.42626953125,92.3393325805664,75.9131088256836,100.0,1513.42626953125,6500.0,6500.0,0.0,,0.0,50.0,926.15966796875,0.0,999999.0,0.0,30.0,4500.0,4500.0,0.0,2000.0,0.0,,30.0,2907.49658203125,887.5535888671875,54.19345474243164,50.0,0.0,4615.6884765625,,18969.19921875,999999.0,691.6303100585938,10000.0,7215.11376953125,0.0,0.0,50.0,13000.0,0.0,2300.0,1000000.0,4760.0,,12931.1083984375,400.0,1242.7451171875,0.0,365.5082092285156,400.0,8000.0,,0.0,6249.4375,1000000.0,,1200.0,4400.0,4735.28369140625,0.0,0.0,1200.0,16000.0,0.0,15903.72265625,0.0,1350.0,1000000.0,24796.0,2377.55419921875,9510.216796875,7860.0,,0.0
1964-11-09,50.0,1408.599853515625,589.9749755859375,59.255062103271484,50.0,0.0,,1408.599853515625,50.0,500.0,31.102001190185547,42.30066680908203,50.0,500.0,3000.0,3000.0,0.0,,0.0,300.0,1485.5753173828125,0.0,0.0,300.0,0.0,0.0,3000.0,1000000.0,,0.0,3000.0,1200.0,5000.0,3497.84716796875,0.0,0.0,0.0,22176.4140625,0.0,16797.109375,1050.0,1000000.0,0.0,12140.0,5850.0,,100.0,1500.0,71.13933563232422,76.24644470214844,100.0,1500.0,6500.0,6500.0,0.0,,0.0,50.0,937.15966796875,0.0,999999.0,0.0,30.0,4500.0,4500.0,0.0,2000.0,0.0,,30.0,2765.00244140625,925.33447265625,99.5047607421875,50.0,0.0,4593.41650390625,,18983.5,999999.0,674.2749633789062,10000.0,7634.79931640625,0.0,0.0,50.0,13000.0,0.0,2300.0,1000000.0,4760.0,,12410.0166015625,400.0,1355.2109375,0.0,437.5931701660156,400.0,8000.0,,0.0,6221.25439453125,1000000.0,,1200.0,4400.0,4846.7099609375,0.0,0.0,1200.0,16000.0,0.0,14950.66796875,0.0,1350.0,1000000.0,24796.0,2367.641845703125,9470.5673828125,7860.0,,0.0
1964-11-10,50.0,1361.099853515625,620.0560913085938,98.6356201171875,50.0,0.0,,1361.099853515625,50.0,500.0,85.302001953125,97.90066528320312,50.0,500.0,3000.0,3000.0,0.0,,0.0,300.0,1485.5753173828125,0.0,0.0,300.0,0.0,0.0,3000.0,1000000.0,,0.0,3000.0,1200.0,5000.0,3497.84716796875,0.0,0.0,0.0,21550.326171875,0.0,16622.79296875,1050.0,1000000.0,0.0,12140.0,5850.0,,100.0,1500.0,130.63934326171875,149.87977600097656,100.0,1500.0,6500.0,6500.0,0.0,,0.0,50.0,996.15966796875,0.0,999999.0,0.0,30.0,4500.0,4500.0,0.0,2000.0,0.0,,30.0,2615.0009765625,1050.7008056640625,185.547607421875,50.0,0.0,4536.015625,,18681.69921875,999999.0,550.475341796875,10000.0,8563.6591796875,0.0,0.0,50.0,13000.0,0.0,2300.0,1000000.0,4760.0,,11869.486328125,400.0,1347.070556640625,0.0,463.55621337890625,400.0,8000.0,,0.0,6191.4501953125,1000000.0,,1200.0,4400.0,5081.29638671875,0.0,0.0,1200.0,16000.0,0.0,13935.1494140625,0.0,1350.0,1000000.0,24796.0,2423.35498046875,9693.419921875,7860.0,,0.0
1964-11-11,50.0,1314.200439453125,670.6865844726562,156.99053955078125,50.0,0.0,,1314.200439453125,50.0,500.0,278.3999938964844,278.3999938964844,50.0,500.0,3000.0,3000.0,0.0,,0.0,300.0,1585.5753173828125,0.0,0.0,300.0,0.0,0.0,3000.0,1000000.0,,0.0,3000.0,1200.0,5000.0,3697.84716796875,0.0,0.0,0.0,20867.166015625,0.0,16494.95703125,1050.0,1000000.0,0.0,12140.0,5850.0,,100.0,1500.0,441.79998779296875,441.79998779296875,100.0,1500.0,6500.0,6500.0,0.0,,0.0,50.0,1199.15966796875,0.0,999999.0,0.0,30.0,4500.0,4500.0,0.0,2000.0,0.0,,30.0,2450.0,1360.8485107421875,530.5339965820312,50.0,0.0,4519.390625,,18511.599609375,999999.0,389.5610656738281,10000.0,9647.8740234375,0.0,0.0,50.0,13000.0,0.0,2300.0,1000000.0,4760.0,,11328.4833984375,400.0,1448.8389892578125,0.0,567.9882202148438,400.0,8000.0,,0.0,6161.64599609375,1000000.0,,1200.0,4400.0,5463.1865234375,0.0,0.0,1200.0,16000.0,0.0,12832.6142578125,0.0,1350.0,1000000.0,24796.0,2540.648193359375,10162.5927734375,7860.0,,0.0
1964-11-12,50.0,1262.39990234375,701.92138671875,179.08363342285156,50.0,0.0,,1262.39990234375,50.0,500.0,289.36944580078125,391.29998779296875,50.0,500.0,3000.0,3000.0,0.0,,0.0,300.0,1585.5753173828125,0.0,0.0,300.0,0.0,0.0,3000.0,1000000.0,,0.0,3000.0,1200.0,5000.0,3797.84716796875,0.0,0.0,0.0,20117.705078125,0.0,16333.4033203125,1050.0,1000000.0,0.0,12140.0,5850.0,,100.0,1500.0,450.1361083984375,714.4000244140625,100.0,1500.0,6500.0,6500.0,0.0,,0.0,50.0,1521.15966796875,0.0,999999.0,0.0,30.0,4500.0,4500.0,0.0,2000.0,0.0,,30.0,2267.497314453125,1252.693115234375,425.0828552246094,50.0,0.0,4509.86572265625,,18695.900390625,999999.0,280.8333740234375,10000.0,11504.46484375,0.0,0.0,50.0,13000.0,0.0,2300.0,1000000.0,4760.0,,10774.158203125,400.0,1507.8245849609375,0.0,603.6807861328125,400.0,8000.0,,0.0,6133.142578125,1000000.0,,1200.0,4400.0,5491.8828125,0.0,0.0,1200.0,16000.0,0.0,11487.0888671875,0.0,1350.0,1000000.0,24796.0,2731.59326171875,10926.373046875,7860.0,,0.0
1964-11-13,50.0,1205.50048828125,635.7962036132812,117.03095245361328,50.0,0.0,,1205.50048828125,50.0,500.0,212.86944580078125,260.5,50.0,500.0,3000.0,3000.0,0.0,,0.0,300.0,1585.5753173828125,0.0,0.0,300.0,0.0,0.0,3000.0,1000000.0,,0.0,3000.0,1200.0,5000.0,3597.84716796875,0.0,0.0,0.0,19271.25390625,0.0,16594.06640625,1050.0,1000000.0,0.0,0.0,5850.0,,100.0,1500.0,277.66943359375,388.0,100.0,1500.0,6500.0,6500.0,0.0,,0.0,50.0,1253.15966796875,0.0,999999.0,0.0,30.0,4500.0,4500.0,0.0,2000.0,0.0,,30.0,2001.25048828125,1057.12255859375,287.45440673828125,50.0,0.0,3991.415283203125,,19006.5,999999.0,454.0610656738281,10000.0,14603.3974609375,0.0,0.0,50.0,13000.0,0.0,2300.0,1000000.0,4760.0,,10172.4501953125,400.0,1362.220947265625,0.0,482.7725830078125,400.0,8000.0,,0.0,6103.98681640625,1000000.0,,1200.0,4400.0,5317.86328125,0.0,0.0,1200.0,16000.0,0.0,9807.5,0.0,1350.0,1000000.0,24796.0,2745.94140625,10983.765625,7860.0,,0.0
1964-11-14,50.0,1144.6429443359375,448.56414794921875,94.65054321289062,50.0,0.0,,1144.6429443359375,50.0,500.0,159.36944580078125,191.10000610351562,50.0,500.0,3000.0,3000.0,0.0,,0.0,300.0,1485.5753173828125,0.0,0.0,300.0,0.0,0.0,3000.0,1000000.0,,0.0,3000.0,1200.0,5000.0,3497.84716796875,0.0,0.0,0.0,18378.626953125,0.0,16870.013671875,1050.0,1000000.0,0.0,0.0,5850.0,,100.0,1500.0,205.16944885253906,222.8000030517578,100.0,1500.0,6500.0,6500.0,0.0,,0.0,50.0,1128.15966796875,0.0,4500.0,0.0,30.0,4500.0,4500.0,0.0,2000.0,0.0,,30.0,1685.5013427734375,734.65087890625,202.27761840820312,50.0,0.0,3347.082763671875,,18931.599609375,999999.0,542.3333740234375,10000.0,24261.6953125,0.0,0.0,50.0,13000.0,0.0,2300.0,1000000.0,4760.0,,9476.6240234375,400.0,1263.559814453125,0.0,414.1961669921875,400.0,8000.0,,0.0,6074.83154296875,1000000.0,,1200.0,4400.0,5159.1962890625,0.0,0.0,1200.0,16000.0,0.0,7736.146484375,0.0,1350.0,1000000.0,24796.0,2658.931640625,10635.7265625,7860.0,,0.0
1964-11-15,50.0,1099.787353515625,322.8427734375,137.1710968017578,50.0,0.0,,1099.787353515625,50.0,500.0,117.602783203125,161.8000030517578,50.0,500.0,3000.0,3000.0,0.0,,0.0,300.0,300.0,0.0,0.0,300.0,0.0,0.0,3000.0,1000000.0,,0.0,3000.0,1200.0,5000.0,800.0,0.0,0.0,0.0,17467.76171875,0.0,17416.080078125,1050.0,1000000.0,0.0,0.0,5850.0,,100.0,1500.0,179.3361053466797,197.0,100.0,1500.0,6500.0,6500.0,0.0,,0.0,50.0,203.0,0.0,4500.0,0.0,30.0,4500.0,4500.0,0.0,2000.0,0.0,,30.0,1431.8564453125,518.3567504882812,268.463134765625,50.0,0.0,2763.8974609375,,18884.900390625,999999.0,593.7611083984375,10000.0,19929.396484375,0.0,0.0,50.0,13000.0,0.0,2300.0,1000000.0,4760.0,,8672.69921875,400.0,1302.4510498046875,0.0,379.6845397949219,400.0,8000.0,,0.0,6046.0,1000000.0,,1200.0,4400.0,1867.283203125,0.0,0.0,1200.0,16000.0,0.0,5375.6806640625,0.0,1350.0,1000000.0,24796.0,2579.59814453125,10318.392578125,7860.0,,0.0
1964-11-16,50.0,1067.5244140625,238.12850952148438,232.4257354736328,50.0,0.0,,1067.5244140625,50.0,500.0,90.63611602783203,100.0,50.0,500.0,3000.0,3000.0,0.0,,0.0,300.0,300.0,0.0,0.0,300.0,0.0,0.0,3000.0,1000000.0,,0.0,3000.0,1200.0,5000.0,400.0,0.0,0.0,0.0,17329.79296875,0.0,17323.0546875,1050.0,1000000.0,0.0,0.0,5850.0,,100.0,1500.0,162.102783203125,170.5,100.0,1500.0,6500.0,6500.0,0.0,,0.0,50.0,160.0,0.0,4500.0,0.0,30.0,4500.0,4500.0,0.0,2000.0,0.0,,30.0,1229.71240234375,368.50299072265625,368.52386474609375,50.0,0.0,2335.611572265625,,18865.5,999999.0,888.7000122070312,10000.0,15554.8955078125,0.0,0.0,50.0,13000.0,0.0,2300.0,1000000.0,4760.0,,7750.529296875,400.0,2445.418212890625,0.0,399.3730773925781,400.0,8000.0,,0.0,6014.578125,1000000.0,,1200.0,4400.0,1575.528076171875,0.0,0.0,1200.0,16000.0,0.0,5022.53955078125,0.0,1350.0,1000000.0,24796.0,1289.799072265625,5159.1962890625,7860.0,,0.0
1964-11-17,50.0,1044.9124755859375,182.08567810058594,175.049560546875,50.0,0.0,,1044.9124755859375,50.0,500.0,65.80000305175781,65.80000305175781,50.0,500.0,3000.0,3000.0,0.0,,0.0,300.0,300.0,0.0,0.0,300.0,0.0,0.0,3000.0,1000000.0,,0.0,3000.0,1200.0,5000.0,0.0,0.0,0.0,0.0,17173.607421875,0.0,17173.607421875,1050.0,1000000.0,0.0,0.0,5850.0,,100.0,1500.0,145.3000030517578,145.3000030517578,100.0,1500.0,6500.0,6500.0,0.0,,0.0,50.0,148.0,0.0,4500.0,0.0,30.0,4500.0,4500.0,0.0,2000.0,0.0,,30.0,1076.306396484375,267.6336669921875,271.6242370605469,50.0,0.0,2053.15283203125,,18873.19921875,999999.0,899.4000244140625,10000.0,11153.595703125,0.0,0.0,50.0,13000.0,0.0,2300.0,1000000.0,4760.0,,6698.55517578125,400.0,2317.06201171875,0.0,352.6808776855469,400.0,8000.0,,0.0,5736.0078125,1000000.0,,1200.0,4400.0,3052.695068359375,0.0,0.0,1200.0,16000.0,0.0,5915.4853515625,0.0,1350.0,1000000.0,24796.0,787.7640380859375,3151.05615234375,7860.0,,0.0
1964-11-18,50.0,1029.218505859375,145.623779296875,135.45433044433594,50.0,0.0,,1029.218505859375,50.0,500.0,80.00277709960938,80.9000015258789,50.0,500.0,3000.0,3000.0,0.0,,0.0,300.0,300.0,0.0,0.0,300.0,0.0,0.0,3000.0,1000000.0,,0.0,3000.0,1200.0,5000.0,0.0,0.0,0.0,0.0,16999.228515625,0.0,16999.228515625,1050.0,1000000.0,0.0,0.0,5850.0,,100.0,1500.0,145.3000030517578,145.3000030517578,100.0,1500.0,6500.0,6500.0,0.0,,0.0,50.0,145.0,0.0,4500.0,0.0,30.0,4500.0,4500.0,0.0,2000.0,0.0,,30.0,953.26220703125,191.67483520507812,194.0013885498047,50.0,0.0,1854.5067138671875,,18899.69921875,999999.0,904.2000122070312,10000.0,6741.69580078125,0.0,0.0,50.0,13000.0,0.0,2300.0,1000000.0,4760.0,,5653.95458984375,400.0,2373.337158203125,0.0,404.9963073730469,400.0,8000.0,,0.0,5396.80859375,1000000.0,,1200.0,4400.0,2843.1484375,0.0,0.0,1200.0,16000.0,0.0,5812.822265625,0.0,1350.0,1000000.0,24796.0,1526.3475341796875,6105.39013671875,7860.0,,0.0
1964-11-19,50.0,1018.13525390625,124.91585540771484,111.11307525634766,50.0,0.0,,1018.13525390625,50.0,500.0,69.9000015258789,69.9000015258789,50.0,500.0,3000.0,3000.0,0.0,,0.0,300.0,300.0,0.0,0.0,300.0,0.0,0.0,3000.0,1000000.0,,0.0,3000.0,1200.0,5000.0,0.0,0.0,0.0,0.0,16842.955078125,0.0,16842.955078125,1050.0,1000000.0,0.0,0.0,5850.0,,100.0,1500.0,150.3000030517578,150.3000030517578,100.0,1500.0,6500.0,6500.0,0.0,,0.0,50.0,150.0,0.0,4500.0,0.0,30.0,4500.0,4500.0,0.0,2000.0,0.0,,30.0,869.9242553710938,147.44972229003906,150.1116180419922,50.0,0.0,1728.8497314453125,,18894.30078125,999999.0,901.7999877929688,10000.0,2323.095703125,0.0,0.0,50.0,13000.0,0.0,2300.0,1000000.0,4760.0,,3909.343017578125,400.0,2316.115234375,0.0,351.8616943359375,400.0,8000.0,,0.0,5060.2431640625,1000000.0,,1200.0,4400.0,2704.06787109375,0.0,0.0,1200.0,16000.0,0.0,5747.5185546875,0.0,1350.0,1000000.0,24796.0,1421.57421875,5686.296875,7860.0,,0.0
1964-11-20,50.0,1010.1261596679688,141.12338256835938,95.5077896118164,50.0,0.0,,1010.1261596679688,50.0,500.0,64.0,64.0,50.0,500.0,3000.0,3000.0,0.0,,0.0,300.0,200.0,0.0,0.0,300.0,0.0,0.0,3000.0,1000000.0,,0.0,3000.0,1200.0,5000.0,0.0,0.0,0.0,0.0,16706.0546875,0.0,16706.0546875,1050.0,1000000.0,0.0,0.0,5850.0,,100.0,1500.0,180.5,180.5,100.0,1500.0,6500.0,6500.0,0.0,,0.0,50.0,170.0,0.0,4500.0,0.0,30.0,4500.0,4500.0,0.0,2000.0,0.0,,30.0,814.6099243164062,133.74642944335938,96.76765441894531,50.0,0.0,1621.2386474609375,,18905.19921875,999999.0,891.0,10000.0,348.1000061035156,0.0,0.0,50.0,13000.0,0.0,2300.0,1000000.0,4760.0,,2019.951171875,400.0,2355.208740234375,0.0,439.3843994140625,400.0,8000.0,,0.0,4718.81591796875,1000000.0,,1200.0,4400.0,2955.1513671875,0.0,0.0,1200.0,16000.0,0.0,5868.05078125,0.0,1350.0,1000000.0,24796.0,1352.033935546875,5408.1357421875,7860.0,,0.0
1964-11-21,50.0,1000.0,83.5,83.5,50.0,0.0,,1000.0,50.0,500.0,76.0999984741211,76.0999984741211,50.0,500.0,3000.0,3000.0,0.0,,0.0,300.0,100.0,0.0,0.0,300.0,0.0,0.0,3000.0,1000000.0,,0.0,3000.0,1200.0,5000.0,0.0,0.0,0.0,0.0,16543.85546875,0.0,16543.85546875,1050.0,1000000.0,0.0,0.0,5850.0,,100.0,1500.0,220.89999389648438,220.89999389648438,100.0,1500.0,6500.0,6500.0,0.0,,0.0,50.0,203.0,0.0,4500.0,0.0,30.0,4500.0,4500.0,0.0,2000.0,0.0,,30.0,750.8211669921875,134.5492706298828,84.67108917236328,50.0,0.0,1546.55712890625,,18825.099609375,999999.0,871.9000244140625,10000.0,0.0,0.0,0.0,50.0,13000.0,0.0,2300.0,389.3999938964844,4760.0,,1511.3406982421875,400.0,2309.4111328125,0.0,454.0926208496094,400.0,8000.0,,0.0,4382.2021484375,1000000.0,,1200.0,4400.0,3187.596923828125,0.0,0.0,1200.0,16000.0,0.0,5982.46484375,0.0,1350.0,1000000.0,24796.0,1477.57568359375,5910.302734375,7860.0,,0.0
1964-11-22,50.0,1000.0,184.5,184.5,50.0,0.0,,1000.0,50.0,500.0,88.0,88.0,50.0,500.0,3000.0,3000.0,0.0,,0.0,300.0,100.0,0.0,0.0,300.0,0.0,0.0,3000.0,1000000.0,,0.0,3000.0,1200.0,5000.0,0.0,0.0,0.0,0.0,16405.111328125,0.0,16344.4892578125,1050.0,900.0,0.0,0.0,5850.0,,100.0,1500.0,256.70001220703125,256.70001220703125,100.0,1500.0,6500.0,6500.0,0.0,,0.0,50.0,240.0,0.0,4500.0,0.0,30.0,4500.0,4500.0,0.0,2000.0,0.0,,30.0,700.0,107.0479965209961,107.0479965209961,50.0,0.0,1519.0648193359375,,18637.19921875,999999.0,797.9000244140625,10000.0,0.0,0.0,0.0,50.0,13000.0,0.0,2300.0,514.0,4760.0,,1622.4818115234375,400.0,2327.711181640625,0.0,472.3999938964844,400.0,8000.0,,0.0,4045.588134765625,1000000.0,,1200.0,4400.0,3256.663818359375,0.0,0.0,1200.0,16000.0,0.0,6017.7431640625,0.0,1350.0,1000000.0,24796.0,1593.7984619140625,6375.19384765625,7860.0,,0.0
1964-11-23,50.0,1000.0,476.79998779296875,476.79998779296875,50.0,0.0,,1000.0,50.0,500.0,138.10000610351562,138.10000610351562,50.0,500.0,3000.0,3000.0,0.0,,0.0,300.0,200.0,0.0,0.0,300.0,0.0,0.0,3000.0,1000000.0,,0.0,3000.0,1200.0,5000.0,0.0,0.0,0.0,0.0,16525.1484375,0.0,13592.6923828125,1050.0,1500.0,0.0,0.0,5850.0,,100.0,1500.0,523.5999755859375,523.5999755859375,100.0,1500.0,6500.0,6500.0,0.0,,0.0,50.0,435.0,0.0,4500.0,0.0,30.0,4500.0,4500.0,0.0,2000.0,0.0,,30.0,700.0,144.40786743164062,144.84661865234375,50.0,0.0,1556.4249267578125,,18714.30078125,999999.0,362.0999755859375,10000.0,1135.4000244140625,0.0,0.0,50.0,13000.0,0.0,2300.0,1678.300048828125,4760.0,,2672.963134765625,400.0,2550.84716796875,0.0,671.307373046875,400.0,8000.0,,0.0,3708.974609375,1000000.0,,1200.0,4400.0,3455.05419921875,0.0,0.0,1200.0,16000.0,0.0,6117.22900390625,0.0,1350.0,1000000.0,24796.0,1628.3319091796875,6513.32763671875,7860.0,,0.0
1964-11-24,50.0,1000.0,2404.269287109375,3685.39990234375,50.0,0.0,,1000.0,50.0,500.0,373.1000061035156,373.1000061035156,50.0,500.0,2906.506591796875,2937.5869140625,0.0,,0.0,300.0,2800.0,0.0,0.0,300.0,0.0,0.0,3000.0,1000000.0,,0.0,3000.0,1200.0,5000.0,9200.0,0.0,0.0,0.0,5837.908203125,0.0,4269.95947265625,1050.0,12000.0,0.0,12140.0,14167.9169921875,,100.0,1500.0,1678.5999755859375,1678.5999755859375,100.0,1500.0,6297.4306640625,6364.771484375,0.0,,0.0,50.0,2410.0,0.0,4500.0,0.0,30.0,4500.0,4500.0,0.0,2000.0,0.0,,30.0,700.0,413.1943054199219,413.9254455566406,50.0,0.0,1825.21142578125,,19560.30078125,999999.0,0.0,10000.0,13330.099609375,0.0,0.0,50.0,9726.3818359375,0.0,2300.0,1000000.0,14524.974609375,,5717.77685546875,400.0,3660.533203125,0.0,1840.675048828125,400.0,7833.56494140625,,0.0,3365.942626953125,1000000.0,,1200.0,4400.0,5647.45849609375,0.0,0.0,1200.0,15667.1298828125,0.0,7190.73486328125,0.0,1350.0,1000000.0,24796.0,1727.527099609375,6910.1083984375,8188.45849609375,,0.0
1964-11-25,50.0,1319.5811767578125,2286.469482421875,3356.13330078125,50.0,0.0,,1319.5811767578125,50.0,500.0,760.0999755859375,760.0999755859375,50.0,500.0,3000.0,3000.0,0.0,,0.0,300.0,2900.0,0.0,0.0,300.0,0.0,0.0,3000.0,1000000.0,,0.0,3000.0,1200.0,5000.0,12630.0400390625,0.0,0.0,0.0,16482.4375,0.0,10461.80078125,1050.0,1000000.0,0.0,12140.0,9867.9169921875,,100.0,1596.784423828125,1981.969482421875,3142.2333984375,100.0,1596.784423828125,6500.0,6500.0,0.0,,0.0,50.0,4676.0,0.0,4500.0,0.0,30.0,4500.0,4500.0,0.0,2000.0,0.0,,30.0,700.0,724.47705078125,725.4030151367188,50.0,0.0,2136.4912109375,,16432.19921875,999999.0,0.0,10000.0,18534.736328125,0.0,0.0,50.0,13000.0,0.0,2300.0,1000000.0,11935.6748046875,,7311.73486328125,400.0,4203.5166015625,0.0,2751.488525390625,400.0,8000.0,,0.0,3082.819580078125,1000000.0,,1200.0,4400.0,8604.2919921875,0.0,0.0,1200.0,16000.0,0.0,8539.666015625,0.0,1350.0,1000000.0,24796.0,2823.729248046875,11294.9169921875,11145.2919921875,,0.0
1964-11-26,50.0,1423.0692138671875,2048.208984375,2316.80615234375,50.0,0.0,,1423.0692138671875,50.0,830.1856689453125,1094.0999755859375,920.7000122070312,50.0,830.1856689453125,3000.0,3000.0,0.0,,0.0,300.0,1400.0,0.0,0.0,300.0,0.0,0.0,3000.0,1000000.0,,0.0,3000.0,1200.0,5000.0,11530.0400390625,0.0,0.0,0.0,20459.146484375,0.0,13109.0068359375,1050.0,1000000.0,0.0,12140.0,6067.91650390625,,100.0,2356.31396484375,2820.974609375,2103.4384765625,100.0,2356.345703125,6500.0,6500.0,0.0,,0.0,50.0,4086.0,0.0,4500.0,0.0,30.0,4500.0,4500.0,0.0,2000.0,0.0,,30.0,716.1776123046875,918.3331298828125,902.4556884765625,50.0,0.0,2330.322998046875,,18671.900390625,999999.0,0.0,10000.0,15615.2021484375,0.0,0.0,50.0,13000.0,0.0,2300.0,1000000.0,5587.0751953125,,7342.5634765625,400.0,4720.330078125,0.0,2038.30419921875,400.0,8000.0,,0.0,2999.815185546875,1000000.0,,1200.0,4400.0,6281.8369140625,0.0,0.0,1200.0,16000.0,0.0,7513.4267578125,0.0,1350.0,1000000.0,24796.0,4268.1875,17072.75,8754.919921875,,0.0
1964-11-27,50.0,1390.1319580078125,2124.3193359375,1794.91650390625,50.0,0.0,,1390.1319580078125,50.0,834.8557739257812,1075.21435546875,899.2714233398438,50.0,834.8557739257812,3000.0,3000.0,0.0,,0.0,300.0,1000.0,0.0,0.0,300.0,0.0,0.0,3000.0,1000000.0,,0.0,3000.0,1200.0,5000.0,9330.0400390625,0.0,0.0,0.0,19946.353515625,0.0,14217.060546875,1050.0,1000000.0,0.0,12140.0,5850.0,,100.0,1951.9775390625,1967.6015625,1396.4005126953125,100.0,1952.0262451171875,6500.0,6500.0,0.0,,0.0,50.0,3206.0,0.0,4500.0,0.0,30.0,4500.0,4500.0,0.0,2000.0,0.0,,30.0,836.85302734375,1475.8643798828125,1341.55078125,50.0,0.0,2887.77880859375,,18091.599609375,999999.0,0.0,10000.0,12905.126953125,0.0,0.0,50.0,13000.0,0.0,2300.0,1000000.0,4760.0,,6833.70703125,400.0,4744.166015625,0.0,1733.6158447265625,400.0,8000.0,,0.0,2713.033447265625,1000000.0,,1200.0,4400.0,5330.68359375,0.0,0.0,1200.0,16000.0,0.0,7041.18408203125,0.0,1350.0,1000000.0,24796.0,3140.91845703125,12563.673828125,7871.68359375,,0.0
1964-11-28,50.0,1321.1199951171875,2770.875244140625,1505.2724609375,50.0,0.0,,1321.1199951171875,50.0,806.014892578125,1568.5888671875,1769.1195068359375,50.0,806.014892578125,2733.405517578125,2822.0302734375,0.0,,0.0,300.0,1000.0,0.0,0.0,300.0,0.0,0.0,3000.0,1000000.0,,0.0,3000.0,1200.0,5000.0,6730.04052734375,0.0,0.0,0.0,19199.21875,0.0,14476.37109375,1050.0,1000000.0,0.0,0.0,5850.0,,100.0,1508.513671875,4129.423828125,4119.0078125,100.0,1508.5740966796875,5922.37841796875,6114.3984375,0.0,,0.0,50.0,3186.0,0.0,4500.0,0.0,30.0,4500.0,4500.0,0.0,2000.0,0.0,,30.0,1122.4866943359375,1776.0400390625,1979.8211669921875,50.0,0.0,3720.752685546875,,18022.099609375,999999.0,0.0,10000.0,10609.7275390625,0.0,0.0,50.0,13000.0,0.0,2300.0,1000000.0,4760.0,,6308.87744140625,400.0,6525.93505859375,0.0,3614.299072265625,400.0,7525.41357421875,,0.0,2408.24609375,1000000.0,,1200.0,4400.0,6571.69287109375,0.0,0.0,1200.0,15050.8271484375,0.0,7626.1337890625,0.0,1350.0,1000000.0,24796.0,2665.341796875,10661.3671875,9112.6923828125,,0.0
1964-11-29,50.0,1248.676513671875,3636.49755859375,2313.09912109375,50.0,0.0,,1248.676513671875,50.0,1743.0113525390625,1845.2506103515625,1793.9478759765625,50.0,1743.0113525390625,2613.809326171875,2742.191650390625,0.0,,0.0,300.0,2200.0,0.0,0.0,300.0,0.0,0.0,3000.0,1000000.0,,0.0,3000.0,1200.0,5000.0,5430.04052734375,0.0,0.0,0.0,18592.95703125,0.0,12172.6142578125,1050.0,1000000.0,0.0,0.0,5867.91650390625,,100.0,2807.97607421875,6516.40625,6096.63671875,100.0,2808.0322265625,5663.25341796875,5941.4150390625,0.0,,0.0,50.0,4516.0,0.0,4500.0,0.0,30.0,4500.0,4500.0,0.0,2000.0,0.0,,30.0,1472.2105712890625,2028.53515625,1982.5762939453125,50.0,0.0,3799.10986328125,,17544.80078125,999999.0,0.0,10000.0,10989.927734375,0.0,0.0,50.0,13000.0,0.0,2300.0,1000000.0,6335.0751953125,,6089.9794921875,400.0,8620.953125,0.0,5314.361328125,400.0,7312.51123046875,,0.0,2507.699951171875,1000000.0,,1200.0,4400.0,7829.4453125,0.0,0.0,1200.0,14625.0224609375,0.0,8199.9912109375,0.0,1350.0,1000000.0,24796.0,3285.846435546875,13143.3857421875,10370.4453125,,0.0
1964-11-30,50.0,1290.310302734375,5416.4765625,4125.740234375,50.0,0.0,,1290.310302734375,50.0,1427.878173828125,1874.4468994140625,1598.3106689453125,50.0,1427.878173828125,1741.6185302734375,2159.9453125,0.0,,0.0,300.0,4200.0,0.0,1578.3333740234375,300.0,0.0,0.0,3000.0,1000000.0,,0.0,2719.231689453125,1200.0,5000.0,8430.0400390625,0.0,0.0,0.0,9586.6318359375,0.0,8750.7919921875,1050.0,1000000.0,0.0,12140.0,10167.9169921875,,100.0,3812.985595703125,7514.94775390625,7363.74462890625,100.0,3813.03515625,3773.5068359375,4679.88134765625,0.0,,0.0,50.0,6496.0,1692.300048828125,4500.0,0.0,30.0,4500.0,4500.0,0.0,2000.0,0.0,,30.0,1509.2191162109375,2329.0859375,1796.9815673828125,50.0,0.0,3496.73583984375,,18290.900390625,999999.0,0.0,10000.0,14403.6484375,0.0,0.0,50.0,11191.5595703125,0.0,2300.0,1000000.0,10698.5751953125,,6406.48046875,400.0,9903.6533203125,0.0,8070.08935546875,400.0,5759.85400390625,,0.0,2773.31298828125,1000000.0,,1200.0,4400.0,10235.68359375,0.0,0.0,1200.0,11519.7080078125,0.0,9073.87109375,0.0,1350.0,1000000.0,24796.0,3914.72265625,15658.890625,12776.68359375,,0.0
1964-12-01,50.0,1471.748046875,5783.33984375,7321.7705078125,50.0,0.0,,1471.748046875,50.0,1329.290771484375,1761.254150390625,1870.5513916015625,50.0,1327.0206298828125,493.9176330566406,1327.0206298828125,0.0,,0.0,300.0,7480.7685546875,372.01837158203125,4124.00634765625,300.0,0.0,0.0,3000.0,1000000.0,,0.0,1916.1834716796875,1200.0,5000.0,17430.041015625,0.0,0.0,0.0,4730.32080078125,0.0,6486.71630859375,1050.0,1000000.0,0.0,12140.0,16167.9169921875,,100.0,4499.44921875,7427.31884765625,8297.6826171875,100.0,2875.21142578125,1070.1549072265625,2875.21142578125,0.0,,0.0,50.0,8576.0,3555.836181640625,4500.0,0.0,30.0,4500.0,4500.0,0.0,2000.0,0.0,,30.0,1429.8316650390625,2372.107421875,2279.572998046875,50.0,0.0,3316.651123046875,,17388.599609375,999999.0,0.0,10000.0,24971.46875,0.0,0.0,50.0,10254.4580078125,0.0,2300.0,1000000.0,18169.17578125,,8065.80517578125,400.0,10562.2158203125,0.0,12647.74609375,400.0,3538.721923828125,,0.0,3303.576171875,1000000.0,,1200.0,4400.0,15001.6669921875,0.0,0.0,1200.0,7077.44384765625,0.0,10792.51171875,0.0,1350.0,1000000.0,24796.0,4500.74755859375,18002.990234375,16308.478515625,,0.0
1964-12-02,50.0,2289.6484375,5683.39013671875,7594.45458984375,50.0,0.0,,2289.6484375,50.0,1638.156005859375,1579.947265625,2168.14453125,50.0,1638.156005859375,1530.384033203125,2018.93212890625,0.0,,0.0,300.0,11164.5849609375,3060.34765625,5085.2783203125,300.0,0.0,0.0,3000.0,1000000.0,,0.0,1630.3778076171875,1200.0,5000.0,24399.720703125,0.0,0.0,0.0,15281.6591796875,0.0,9030.7275390625,1050.0,1000000.0,0.0,12140.0,13867.9169921875,,100.0,5000.0,7211.181640625,9146.212890625,100.0,4374.35302734375,3315.832275390625,4374.35302734375,0.0,,0.0,50.0,10696.0,3475.836181640625,4500.0,0.0,30.0,4500.0,4500.0,0.0,2218.15283203125,0.0,,30.0,1636.709228515625,2348.4150390625,2923.745361328125,50.0,0.0,3494.922607421875,,17409.0,999999.0,0.0,10000.0,29948.064453125,0.0,0.0,50.0,13000.0,0.0,2300.0,1000000.0,14237.275390625,,8553.4794921875,400.0,10288.990234375,0.0,12106.8203125,400.0,5383.81884765625,,0.0,4283.2900390625,1000000.0,,1200.0,4400.0,22035.3984375,0.0,0.0,1200.0,10767.6376953125,0.0,13345.744140625,0.0,1350.0,1000000.0,24796.0,3538.721923828125,14154.8876953125,16652.17578125,,0.0
1964-12-03,50.0,2649.85205078125,5216.07421875,6115.0712890625,50.0,0.0,,2649.85205078125,50.0,1871.2200927734375,1302.33154296875,1509.3953857421875,50.0,1871.2200927734375,2387.426025390625,2591.0654296875,0.0,,0.0,300.0,12234.20703125,3016.888427734375,3508.485595703125,300.0,0.0,0.0,3034.054931640625,1000000.0,,0.0,3133.34716796875,1200.0,5000.0,25899.720703125,0.0,0.0,0.0,22351.345703125,0.0,12904.7177734375,1050.0,1000000.0,0.0,12140.0,8667.9169921875,,100.0,5000.0,6463.564453125,7369.12841796875,100.0,5000.0,5172.75634765625,5613.97509765625,0.0,,0.0,50.0,11227.8466796875,3176.451904296875,4500.0,0.0,30.0,4500.0,4500.0,0.0,3812.430908203125,0.0,,30.0,1947.2413330078125,2236.684326171875,2434.016357421875,50.0,0.0,3764.2509765625,,18095.400390625,999999.0,0.0,10000.0,27810.283203125,0.0,0.0,50.0,13000.0,0.0,2300.0,1000000.0,7610.5751953125,,9612.9267578125,400.0,9521.4267578125,0.0,11190.857421875,400.0,6909.50830078125,,0.0,4653.9677734375,1000000.0,,1200.0,4400.0,22783.896484375,0.0,0.0,1200.0,13819.0166015625,0.0,12684.7646484375,0.0,1350.0,1000000.0,24796.0,5383.81884765625,21535.275390625,14057.1357421875,,0.0
1964-12-04,50.0,2617.064208984375,4577.490234375,4809.75439453125,50.0,0.0,,2617.064208984375,50.0,1673.6754150390625,1052.6876220703125,1132.8515625,50.0,1673.6754150390625,2949.84033203125,2966.51513671875,0.0,,0.0,300.0,11600.15234375,2405.536865234375,3097.134033203125,300.0,0.0,0.0,3000.0,1000000.0,,0.0,3088.413330078125,1200.0,5000.0,25599.720703125,0.0,0.0,0.0,23497.771484375,0.0,13097.0458984375,1050.0,1000000.0,0.0,12140.0,6867.91650390625,,100.0,5000.0,5398.53076171875,5562.5283203125,100.0,5000.0,6391.32080078125,6427.44921875,0.0,,0.0,50.0,9175.416015625,2248.974853515625,4500.0,0.0,30.0,4500.0,4500.0,0.0,3100.6318359375,0.0,,30.0,1829.4234619140625,1915.529541015625,2051.145263671875,50.0,0.0,4063.586181640625,,18177.5,999999.0,0.0,10000.0,24265.908203125,0.0,0.0,50.0,13000.0,0.0,2300.0,1000000.0,5261.0751953125,,9183.7119140625,400.0,8487.00390625,0.0,8957.4345703125,400.0,7910.70703125,,0.0,4670.75341796875,1000000.0,,1200.0,4400.0,19209.94140625,0.0,0.0,1200.0,15821.4140625,0.0,13465.9765625,0.0,1350.0,1000000.0,24796.0,6342.38232421875,25369.529296875,11651.80859375,,0.0
1964-12-05,50.0,2396.34716796875,3908.53564453125,4043.832763671875,50.0,0.0,,2396.34716796875,50.0,1407.207763671875,850.8251342773438,1006.9889526367188,50.0,1407.207763671875,2987.740478515625,2991.81591796875,0.0,,0.0,300.0,10100.15234375,1738.8701171875,1997.134033203125,300.0,0.0,0.0,3000.0,1000000.0,,0.0,3007.672119140625,1200.0,5000.0,24199.720703125,0.0,0.0,0.0,23363.048828125,0.0,14372.04296875,1050.0,1000000.0,0.0,12140.0,5850.0,,100.0,4614.892578125,4101.03076171875,4542.828125,100.0,4614.9365234375,6473.43798828125,6482.26806640625,0.0,,0.0,50.0,7394.78466796875,1492.7642822265625,4500.0,0.0,30.0,4500.0,4500.0,0.0,2000.0,0.0,,30.0,1617.9022216796875,1579.9556884765625,1837.0689697265625,50.0,0.0,4224.2080078125,,18251.80078125,999999.0,0.0,10000.0,21939.333984375,0.0,0.0,50.0,13000.0,0.0,2300.0,1000000.0,4760.0,,8845.5986328125,400.0,7400.119140625,0.0,7725.18310546875,400.0,7978.17578125,,0.0,4279.67822265625,1000000.0,,1200.0,4400.0,15551.03125,0.0,0.0,1200.0,15956.3515625,0.0,12222.0927734375,0.0,1350.0,1000000.0,24796.0,5825.904296875,23303.6171875,10533.8994140625,,0.0
1964-12-06,50.0,2145.8935546875,3398.919921875,3387.350341796875,50.0,0.0,,2145.8935546875,50.0,1300.88427734375,722.2167358398438,778.7139892578125,50.0,1427.6363525390625,3000.0,3000.0,0.0,,0.0,300.0,8300.15234375,1138.8701171875,1197.134033203125,300.0,0.0,0.0,3000.0,1000000.0,,0.0,3000.0,1200.0,5000.0,22099.720703125,0.0,0.0,0.0,23044.2734375,0.0,14816.34375,1050.0,1000000.0,0.0,12140.0,5850.0,,100.0,3905.488037109375,3265.020751953125,3559.7177734375,100.0,3905.521484375,6500.0,6500.0,0.0,,0.0,50.0,6424.78466796875,1150.7642822265625,4500.0,0.0,30.0,4500.0,4500.0,0.0,2000.0,0.0,,30.0,1492.3369140625,1317.75,1426.5616455078125,50.0,0.0,3723.125732421875,,18317.099609375,999999.0,0.0,10000.0,19490.533203125,0.0,0.0,50.0,13000.0,0.0,2300.0,1000000.0,4760.0,,8408.6630859375,400.0,6657.0263671875,0.0,6528.923828125,400.0,8000.0,,0.0,3868.556396484375,1000000.0,,1200.0,4400.0,11949.6337890625,0.0,0.0,1200.0,16000.0,0.0,10761.5029296875,0.0,1350.0,1000000.0,24796.0,5266.94970703125,21067.798828125,9473.501953125,,0.0
1964-12-07,50.0,1875.868408203125,3001.52197265625,2792.8525390625,50.0,0.0,,1875.868408203125,50.0,1117.960693359375,648.77783203125,616.1417236328125,50.0,1220.1689453125,3000.0,3000.0,0.0,,0.0,300.0,6300.15234375,0.0,397.1340637207031,300.0,0.0,0.0,3000.0,1000000.0,,0.0,3000.0,1200.0,5000.0,19699.720703125,0.0,0.0,0.0,22609.138671875,0.0,14970.033203125,1050.0,1000000.0,0.0,12140.0,5850.0,,100.0,3314.44580078125,2813.947021484375,2375.611083984375,100.0,3314.468017578125,6500.0,6500.0,0.0,,0.0,50.0,5256.78466796875,453.0844421386719,4500.0,0.0,30.0,4500.0,4500.0,0.0,2000.0,0.0,,30.0,1317.7757568359375,1133.8896484375,1154.1611328125,50.0,0.0,3228.205322265625,,18498.5,999999.0,0.0,10000.0,16696.533203125,0.0,0.0,50.0,13000.0,0.0,2300.0,1000000.0,4760.0,,7845.4951171875,400.0,6175.37451171875,0.0,5615.705078125,400.0,8000.0,,0.0,3444.49365234375,1000000.0,,1200.0,4400.0,8522.7783203125,0.0,0.0,1200.0,16000.0,0.0,9079.392578125,0.0,1350.0,1000000.0,24796.0,4736.7509765625,18947.00390625,8587.646484375,,0.0
1964-12-08,50.0,1614.8267822265625,2998.532470703125,2628.262939453125,50.0,0.0,,1614.8267822265625,50.0,885.7073974609375,770.4473266601562,566.8157958984375,50.0,1162.83251953125,3000.0,3000.0,0.0,,0.0,300.0,4500.15234375,0.0,0.0,300.0,0.0,0.0,3000.0,1000000.0,,0.0,3000.0,1200.0,5000.0,17699.720703125,0.0,0.0,0.0,22176.8984375,0.0,14619.80859375,1050.0,1000000.0,0.0,12140.0,5850.0,,100.0,2560.97509765625,3413.564697265625,2292.295166015625,100.0,2560.992431640625,6500.0,6500.0,0.0,,0.0,50.0,4230.78466796875,0.0,4500.0,0.0,30.0,4500.0,4500.0,0.0,2000.0,0.0,,30.0,1146.3929443359375,1112.50830078125,1021.0675659179688,50.0,0.0,2887.78125,,18540.599609375,999999.0,0.0,10000.0,14612.1337890625,0.0,0.0,50.0,13000.0,0.0,2300.0,1000000.0,4760.0,,7285.8095703125,400.0,6738.943359375,0.0,5577.87353515625,400.0,8000.0,,0.0,3064.015625,1000000.0,,1200.0,4400.0,6442.4892578125,0.0,0.0,1200.0,16000.0,0.0,7567.1875,0.0,1350.0,1000000.0,24796.0,4261.38916015625,17045.556640625,8983.4892578125,,0.0
1964-12-09,50.0,1478.8656005859375,3014.323486328125,2465.354248046875,50.0,0.0,,1478.8656005859375,50.0,500.0,501.8999938964844,501.8999938964844,50.0,1124.8973388671875,3000.0,3000.0,0.0,,0.0,300.0,2600.152099609375,0.0,0.0,300.0,0.0,0.0,3000.0,1000000.0,,0.0,3000.0,1200.0,5000.0,16099.7197265625,0.0,0.0,0.0,21743.46484375,0.0,13817.6923828125,1050.0,1000000.0,0.0,12140.0,5850.0,,100.0,2090.369140625,3041.710693359375,2288.43701171875,100.0,2344.3203125,6500.0,6500.0,0.0,,0.0,50.0,3300.784423828125,0.0,4500.0,0.0,30.0,4500.0,4500.0,0.0,2000.0,0.0,,30.0,946.30224609375,1127.041748046875,887.510986328125,50.0,0.0,2541.560546875,,18313.69921875,999999.0,0.0,10000.0,12920.93359375,0.0,0.0,50.0,13000.0,0.0,2300.0,1000000.0,4760.0,,6814.53955078125,400.0,7299.4716796875,0.0,5613.2021484375,400.0,8000.0,,0.0,2874.4462890625,1000000.0,,1200.0,4400.0,6738.3935546875,0.0,0.0,1200.0,16000.0,0.0,7702.1953125,0.0,1350.0,1000000.0,24796.0,3221.24462890625,12884.978515625,9279.3935546875,,0.0
1964-12-10,50.0,1437.4771728515625,2852.735107421875,3203.4990234375,50.0,0.0,,1437.4771728515625,50.0,502.47119140625,940.8360595703125,1016.2332763671875,50.0,1126.9566650390625,2318.05078125,2544.752685546875,0.0,,0.0,300.0,2600.0,0.0,230.4166717529297,300.0,0.0,0.0,3000.0,1000000.0,,0.0,3000.0,1200.0,5000.0,16299.7197265625,0.0,0.0,0.0,20942.294921875,0.0,12282.1455078125,1050.0,1000000.0,0.0,12140.0,7367.91650390625,,100.0,2000.4969482421875,4053.483154296875,4929.91357421875,100.0,2389.28466796875,5022.443359375,5513.630859375,0.0,,0.0,50.0,4340.78466796875,0.0,4500.0,0.0,30.0,4500.0,4500.0,0.0,2000.0,0.0,,30.0,824.0235595703125,1121.146484375,1131.0380859375,50.0,0.0,2665.073974609375,,17857.0,999999.0,0.0,10000.0,13636.833984375,0.0,0.0,50.0,13000.0,0.0,2300.0,1000000.0,6670.77490234375,,6701.9453125,400.0,7237.02294921875,0.0,8174.52001953125,400.0,6786.00732421875,,0.0,2790.1279296875,1000000.0,,1200.0,4400.0,10174.056640625,0.0,0.0,1200.0,13572.0146484375,0.0,9054.21875,0.0,1350.0,1000000.0,24796.0,3369.19677734375,13476.787109375,12715.056640625,,0.0
1964-12-11,50.0,1472.535400390625,2653.309326171875,3141.93994140625,50.0,0.0,,1472.535400390625,50.0,1126.527099609375,943.845703125,1280.876220703125,50.0,1653.597412109375,2500.377685546875,2666.46826171875,0.0,,0.0,300.0,2400.0,0.0,30.41666603088379,300.0,0.0,0.0,3000.0,1000000.0,,0.0,3000.0,1200.0,5000.0,15899.7197265625,0.0,0.0,0.0,21398.419921875,0.0,13358.046875,1050.0,1000000.0,0.0,12140.0,6767.91650390625,,100.0,3217.017333984375,3864.2841796875,5563.9814453125,100.0,3604.072021484375,5417.48486328125,5777.34814453125,0.0,,0.0,50.0,5600.78466796875,797.0844116210938,4500.0,0.0,30.0,4500.0,4500.0,0.0,2000.0,0.0,,30.0,990.9830322265625,1060.7939453125,1299.288818359375,50.0,0.0,2997.161376953125,,17068.80078125,999999.0,0.0,10000.0,12029.55859375,0.0,0.0,50.0,13000.0,0.0,2300.0,1000000.0,6258.375,,6326.50439453125,400.0,6974.8134765625,0.0,8566.6103515625,400.0,7110.58203125,,0.0,3228.709716796875,1000000.0,,1200.0,4400.0,11689.208984375,0.0,0.0,1200.0,14221.1640625,0.0,9822.5888671875,0.0,1350.0,1000000.0,24796.0,4492.24169921875,17968.966796875,13040.6357421875,,0.0
1964-12-12,50.0,1487.6129150390625,2596.630859375,2537.061279296875,50.0,0.0,,1487.6129150390625,50.0,1305.436767578125,809.36376953125,897.3943481445312,50.0,1647.9517822265625,3000.0,3000.0,0.0,,0.0,300.0,1500.0,0.0,0.0,300.0,0.0,0.0,3000.0,1000000.0,,0.0,3000.0,1200.0,5000.0,14699.7197265625,0.0,0.0,0.0,21342.71484375,0.0,13899.7841796875,1050.0,1000000.0,0.0,12140.0,5967.91650390625,,100.0,3689.712890625,3269.678466796875,3769.242431640625,100.0,4068.58154296875,6500.0,6500.0,0.0,,0.0,50.0,5430.78466796875,627.0844116210938,4500.0,0.0,30.0,4500.0,4500.0,0.0,2000.0,0.0,,30.0,1097.83251953125,996.8088989257812,1126.8084716796875,50.0,0.0,2934.7607421875,,18078.80078125,999999.0,0.0,10000.0,9079.7841796875,0.0,0.0,50.0,13000.0,0.0,2300.0,1000000.0,4760.0,,5884.92138671875,400.0,6685.57666015625,0.0,7013.74072265625,400.0,8000.0,,0.0,3512.40283203125,1000000.0,,1200.0,4400.0,10208.8916015625,0.0,0.0,1200.0,16000.0,0.0,9531.65625,0.0,1350.0,1000000.0,24796.0,4890.9970703125,19563.98828125,10842.6767578125,,0.0
1964-12-13,50.0,1448.66943359375,2710.059814453125,2217.656982421875,50.0,0.0,,1448.66943359375,50.0,1155.3475341796875,774.4091796875,692.0397338867188,50.0,1397.1474609375,3000.0,3000.0,0.0,,0.0,300.0,1100.0,0.0,0.0,300.0,0.0,0.0,3000.0,1000000.0,,0.0,3000.0,1200.0,5000.0,12699.7197265625,0.0,0.0,0.0,20892.8515625,0.0,14398.8046875,1050.0,1000000.0,0.0,12140.0,5850.0,,100.0,3251.183349609375,3064.55224609375,2648.916259765625,100.0,3526.64501953125,6500.0,6500.0,0.0,,0.0,50.0,4660.78466796875,0.0,4500.0,0.0,30.0,4500.0,4500.0,0.0,2000.0,0.0,,30.0,1056.8052978515625,1001.7850341796875,818.4192504882812,50.0,0.0,2580.912841796875,,18273.599609375,999999.0,0.0,10000.0,6832.38427734375,0.0,0.0,50.0,13000.0,0.0,2300.0,1000000.0,4760.0,,5450.92626953125,400.0,6566.57568359375,0.0,6055.03955078125,400.0,8000.0,,0.0,3358.052490234375,1000000.0,,1200.0,4400.0,8036.408203125,0.0,0.0,1200.0,16000.0,0.0,8465.537109375,0.0,1350.0,1000000.0,24796.0,4765.828125,19063.3125,9900.1728515625,,0.0
1964-12-14,50.0,1395.484130859375,2634.8701171875,2477.800537109375,50.0,0.0,,1395.484130859375,50.0,852.97119140625,703.2394409179688,633.3033447265625,50.0,1328.202880859375,2738.954345703125,2825.734375,0.0,,0.0,300.0,1500.0,0.0,0.0,300.0,0.0,0.0,3000.0,1000000.0,,0.0,3000.0,1200.0,5000.0,11599.7197265625,0.0,0.0,0.0,20479.9140625,0.0,13778.64453125,1050.0,1000000.0,0.0,12140.0,6067.91650390625,,100.0,2522.491455078125,2585.534912109375,2105.33203125,100.0,2835.449462890625,5934.40087890625,6122.42431640625,0.0,,0.0,50.0,4000.784423828125,0.0,4500.0,0.0,30.0,4500.0,4500.0,0.0,2000.0,0.0,,30.0,813.0664672851562,965.86669921875,854.8982543945312,50.0,0.0,2378.19775390625,,18899.099609375,999999.0,0.0,10000.0,6080.984375,0.0,0.0,50.0,13000.0,0.0,2300.0,1000000.0,5203.47509765625,,5054.83740234375,400.0,6157.125,0.0,5961.0224609375,400.0,7535.29150390625,,0.0,3104.72021484375,1000000.0,,1200.0,4400.0,7181.91845703125,0.0,0.0,1200.0,15070.5830078125,0.0,7904.55615234375,0.0,1350.0,1000000.0,24796.0,4018.2041015625,16072.81640625,9722.91796875,,0.0
1964-12-15,50.0,1389.004638671875,2459.775390625,2972.205810546875,50.0,0.0,,1389.004638671875,50.0,650.70556640625,610.1262817382812,743.12353515625,50.0,1369.614990234375,2789.54345703125,2859.506103515625,0.0,,0.0,300.0,0.0,0.0,0.0,300.0,0.0,0.0,3000.0,1000000.0,,0.0,3000.0,1200.0,5000.0,0.0,0.0,0.0,0.0,20242.65625,0.0,14808.484375,1050.0,1000000.0,0.0,12140.0,6567.91650390625,,100.0,1988.065673828125,2144.73779296875,2963.3349609375,100.0,2421.875732421875,6044.01123046875,6195.5966796875,0.0,,0.0,50.0,4080.784423828125,0.0,4500.0,0.0,30.0,4500.0,4500.0,0.0,2000.0,0.0,,30.0,803.5590209960938,922.1401977539062,1062.94775390625,50.0,0.0,2576.90478515625,,17238.69921875,999999.0,0.0,10000.0,6808.94677734375,0.0,0.0,50.0,13000.0,0.0,2300.0,1000000.0,6977.6748046875,,5026.87451171875,400.0,5658.318359375,0.0,6507.515625,400.0,7625.349609375,,0.0,2965.627685546875,1000000.0,,1200.0,4400.0,8164.32373046875,0.0,0.0,1200.0,15250.69921875,0.0,8352.6103515625,0.0,1350.0,1000000.0,24796.0,3590.959228515625,14363.8369140625,10705.32421875,,0.0
1964-12-16,50.0,1427.531494140625,2223.973876953125,2513.704345703125,50.0,0.0,,1427.531494140625,50.0,769.1441040039062,527.4175415039062,630.9814453125,50.0,1524.0106201171875,3000.0,3000.0,0.0,,0.0,300.0,0.0,0.0,0.0,300.0,0.0,0.0,3000.0,1000000.0,,0.0,3000.0,1200.0,5000.0,0.0,0.0,0.0,0.0,20968.6796875,0.0,16151.0947265625,1050.0,1000000.0,0.0,12140.0,5850.0,,100.0,2322.700439453125,1805.4158935546875,2158.613037109375,100.0,2794.359375,6500.0,6500.0,0.0,,0.0,50.0,0.0,0.0,999999.0,0.0,30.0,4500.0,4500.0,0.0,2000.0,0.0,,30.0,944.9931030273438,846.0646362304688,1033.4525146484375,50.0,0.0,2686.202880859375,,18244.900390625,999999.0,0.0,10000.0,5377.6181640625,0.0,0.0,50.0,13000.0,0.0,2300.0,1000000.0,4771.97509765625,,4879.69580078125,400.0,5137.9755859375,0.0,5545.07275390625,400.0,8000.0,,0.0,3001.119384765625,1000000.0,,1200.0,4400.0,0.0,0.0,0.0,1200.0,16000.0,0.0,7776.17138671875,0.0,1350.0,1000000.0,24796.0,4082.161865234375,16328.6474609375,9441.5302734375,,0.0
1964-12-17,50.0,1407.2572021484375,1947.49658203125,2092.66064453125,50.0,0.0,,1407.2572021484375,50.0,810.1388549804688,528.7450561523438,505.1422424316406,50.0,1334.36767578125,3000.0,3000.0,0.0,,0.0,300.0,0.0,0.0,0.0,300.0,0.0,0.0,3000.0,1000000.0,,0.0,3000.0,1200.0,5000.0,0.0,0.0,0.0,0.0,21416.337890625,0.0,15927.3720703125,1050.0,1000000.0,0.0,12140.0,5850.0,,100.0,2235.0478515625,1575.510498046875,1671.9078369140625,100.0,2553.1181640625,6500.0,6500.0,0.0,,0.0,50.0,0.0,0.0,999999.0,0.0,30.0,4500.0,4500.0,0.0,2000.0,0.0,,30.0,990.3634033203125,1027.12890625,805.8858032226562,50.0,0.0,2503.179931640625,,18313.69921875,999999.0,0.0,10000.0,3233.343017578125,0.0,0.0,50.0,13000.0,0.0,2300.0,1000000.0,4760.0,,4141.49560546875,400.0,4653.6025390625,0.0,4733.19970703125,400.0,8000.0,,0.0,2838.14404296875,1000000.0,,1200.0,4400.0,0.0,0.0,0.0,1200.0,16000.0,0.0,9269.4853515625,0.0,1350.0,1000000.0,24796.0,2041.0809326171875,8164.32373046875,8538.1025390625,,0.0
1964-12-18,50.0,1359.2418212890625,1659.34423828125,1725.0413818359375,50.0,0.0,,1359.2418212890625,50.0,680.6346435546875,500.8817138671875,408.2939147949219,50.0,1245.37939453125,3000.0,3000.0,0.0,,0.0,300.0,0.0,0.0,0.0,300.0,0.0,0.0,3000.0,1000000.0,,0.0,3000.0,1200.0,5000.0,0.0,0.0,0.0,0.0,21745.431640625,0.0,16262.96484375,1050.0,1000000.0,0.0,12140.0,5850.0,,100.0,2045.1243896484375,1852.4736328125,1316.7708740234375,100.0,2269.880859375,6500.0,6500.0,0.0,,0.0,50.0,0.0,537.0844116210938,999999.0,0.0,30.0,4500.0,4500.0,0.0,2000.0,0.0,,30.0,768.0232543945312,675.8295288085938,609.0684814453125,50.0,0.0,2088.17333984375,,18412.099609375,999999.0,0.0,10000.0,2186.5,0.0,0.0,50.0,13000.0,0.0,2300.0,1000000.0,4760.0,,3513.583984375,400.0,4391.18798828125,0.0,4119.5517578125,400.0,8000.0,,0.0,2598.7060546875,1000000.0,,1200.0,4400.0,0.0,0.0,0.0,1200.0,16000.0,0.0,11150.7939453125,0.0,1350.0,1000000.0,24796.0,1020.5404663085938,4082.161865234375,7860.0,,0.0
1964-12-19,50.0,1296.775146484375,2255.13037109375,1415.6607666015625,50.0,0.0,,1296.775146484375,50.0,500.0,531.4000244140625,531.4000244140625,50.0,1095.5379638671875,2858.031005859375,2905.22607421875,0.0,,0.0,300.0,0.0,0.0,97.08333587646484,300.0,0.0,0.0,3000.0,1000000.0,,0.0,3000.0,1200.0,5000.0,0.0,0.0,0.0,0.0,22013.3984375,0.0,16145.857421875,1050.0,1000000.0,0.0,12140.0,5850.0,,100.0,1585.599365234375,1273.339111328125,1168.246337890625,100.0,1975.0498046875,6192.400390625,6294.65673828125,0.0,,0.0,50.0,0.0,854.0,999999.0,0.0,30.0,4500.0,4500.0,0.0,2000.0,0.0,,30.0,700.0,1389.6290283203125,1389.6290283203125,50.0,0.0,2801.936279296875,,18325.80078125,999999.0,0.0,10000.0,1994.699951171875,0.0,0.0,50.0,13000.0,0.0,2300.0,1000000.0,4760.0,,3388.8125,400.0,7502.95263671875,0.0,3864.91650390625,400.0,7747.26953125,,0.0,2371.177001953125,1000000.0,,1200.0,4400.0,0.0,0.0,0.0,1200.0,15494.5390625,0.0,12937.6474609375,0.0,1350.0,1000000.0,24796.0,675.0,2700.0,8058.0283203125,,0.0
1964-12-20,50.0,1223.66796875,2296.807373046875,1127.4691162109375,50.0,0.0,,1223.66796875,50.0,540.8400268554688,1538.4000244140625,1517.4666748046875,50.0,778.1641845703125,2168.27978515625,2444.7705078125,0.0,,0.0,300.0,0.0,0.0,330.4166564941406,300.0,0.0,0.0,3000.0,1000000.0,,0.0,3000.0,1200.0,5000.0,0.0,0.0,0.0,0.0,22230.42578125,0.0,14274.5751953125,1050.0,1000000.0,0.0,12140.0,5850.0,,100.0,1500.0,2406.39990234375,2406.39990234375,100.0,1661.0008544921875,4697.939453125,5297.0029296875,0.0,,0.0,50.0,0.0,1210.0,999999.0,0.0,30.0,4500.0,4500.0,0.0,2000.0,0.0,,30.0,1150.5916748046875,4919.689453125,4460.18212890625,50.0,0.0,1212.89794921875,,17698.80078125,999999.0,0.0,10000.0,1889.199951171875,0.0,0.0,50.0,13000.0,0.0,2300.0,1000000.0,4760.0,,3319.140380859375,400.0,8178.47216796875,0.0,4093.424072265625,400.0,6519.38818359375,,0.0,2211.999267578125,1000000.0,,1200.0,4400.0,0.0,0.0,0.0,1200.0,13038.7763671875,0.0,14521.373046875,0.0,1350.0,1000000.0,24796.0,675.0,2700.0,8820.9931640625,,0.0
1964-12-21,50.0,1144.53955078125,4219.7392578125,3504.313232421875,50.0,0.0,,968.8881225585938,50.0,1623.5361328125,5176.06005859375,4511.02001953125,50.0,13.81569766998291,0.0,0.0,0.0,,0.0,300.0,0.0,2891.25,3763.75,300.0,0.0,0.0,3000.0,1000000.0,,0.0,1958.5965576171875,1200.0,5000.0,0.0,0.0,0.0,0.0,4842.5048828125,0.0,5784.95947265625,1050.0,1000000.0,0.0,12140.0,7167.91650390625,,100.0,1977.4373779296875,12120.400390625,11516.1328125,100.0,31.949308395385742,0.0,0.0,0.0,,0.0,50.0,0.0,5380.0,999999.0,0.0,30.0,4500.0,4500.0,0.0,2000.0,0.0,,30.0,2358.771240234375,12564.8525390625,10052.505859375,50.0,0.0,0.0,,17166.900390625,999999.0,0.0,10000.0,0.0,0.0,0.0,50.0,0.0,0.0,2300.0,1000000.0,13374.1748046875,,4453.822265625,400.0,17900.47265625,0.0,13922.82421875,400.0,0.0,,0.0,2181.869873046875,1000000.0,,1200.0,4400.0,0.0,0.0,1405.549072265625,1200.0,0.0,0.0,12940.599609375,0.0,1350.0,1000000.0,24796.0,675.0,2700.0,14526.0732421875,,0.0
1964-12-22,50.0,1370.948486328125,14844.853515625,21140.41796875,50.0,0.0,,0.0,50.0,3000.0,8249.8564453125,10082.5869140625,50.0,0.0,0.0,0.0,0.0,,0.0,300.0,0.0,21152.62109375,23010.884765625,300.0,0.0,0.0,3000.0,1000000.0,,0.0,0.0,1200.0,5000.0,0.0,37128.46875,46651.43359375,0.0,0.0,0.0,0.0,1050.0,1000000.0,0.0,12140.0,58067.91796875,,100.0,5000.0,24333.203125,32598.80078125,100.0,0.0,0.0,0.0,0.0,,0.0,50.0,0.0,12568.40234375,999999.0,0.0,30.0,4500.0,4500.0,0.0,3800.514404296875,0.0,,30.0,3504.1845703125,19532.34375,23611.638671875,50.0,0.0,227.94961547851562,,12489.9326171875,999999.0,0.0,10000.0,0.0,0.0,26069.06640625,50.0,0.0,0.0,2300.0,1000000.0,49336.67578125,,0.0,400.0,35828.2265625,0.0,43669.4921875,400.0,0.0,,0.0,4329.5615234375,1000000.0,,1200.0,4400.0,0.0,17848.0859375,31817.0859375,1200.0,0.0,0.0,6748.59375,0.0,1350.0,1000000.0,24796.0,600.0,2400.0,41342.5859375,,0.0
1964-12-23,50.0,3504.806640625,16749.919921875,20037.150390625,50.0,0.0,,0.0,50.0,3000.0,9314.15625,10749.919921875,50.0,0.0,0.0,0.0,0.0,,0.0,300.0,0.0,24119.287109375,29577.55078125,300.0,0.0,0.0,5250.33544921875,1000000.0,,0.0,0.0,1200.0,8309.064453125,0.0,45384.55859375,54784.76953125,0.0,0.0,0.0,173.97169494628906,1050.0,1000000.0,0.0,12140.0,,,100.0,6500.0,27349.76953125,32563.1328125,100.0,0.0,0.0,0.0,0.0,,7430.50634765625,50.0,0.0,13538.2314453125,999999.0,0.0,30.0,4500.0,4500.0,0.0,4100.60009765625,0.0,,30.0,4441.51904296875,21773.232421875,25651.521484375,50.0,0.0,1549.802001953125,,19283.935546875,999999.0,0.0,10000.0,0.0,15822.2021484375,27906.46875,50.0,843.8074951171875,0.0,2300.0,1000000.0,35143.4765625,,0.0,400.0,40122.55859375,0.0,49085.15625,400.0,0.0,,656.5564575195312,6858.41259765625,1000000.0,,1200.0,8021.6064453125,0.0,43186.25390625,51866.90234375,1200.0,0.0,0.0,6076.0361328125,0.0,1350.0,1000000.0,24796.0,600.0,2400.0,48858.54296875,,0.0
1964-12-24,50.0,4000.0,18663.953125,20747.849609375,50.0,0.0,,224.14932250976562,50.0,3000.0,10345.9892578125,11513.3203125,50.0,0.0,0.0,0.0,0.0,,20692.291015625,300.0,0.0,26585.953125,32944.21875,300.0,0.0,0.0,6313.64306640625,1000000.0,,0.0,104.14035034179688,1200.0,12789.828125,0.0,51517.89453125,58818.1015625,0.0,0.0,0.0,2160.7138671875,1050.0,1000000.0,0.0,0.0,,,100.0,6500.0,27549.06640625,30683.296875,100.0,0.0,0.0,0.0,0.0,,46753.05859375,50.0,0.0,14071.3642578125,999999.0,0.0,30.0,4500.0,4500.0,0.0,4301.873046875,0.0,,30.0,4921.68994140625,23681.177734375,26623.806640625,50.0,0.0,3091.63671875,,17855.98828125,999999.0,0.0,10000.0,0.0,25276.9375,34411.0,50.0,3367.147705078125,0.0,5210.5146484375,1000000.0,30348.474609375,,949.9144897460938,400.0,43718.2265625,0.0,49786.4921875,400.0,0.0,,21606.556640625,7679.55517578125,1000000.0,,1200.0,15660.0849609375,0.0,53784.875,57940.8046875,1200.0,0.0,0.0,8221.501953125,0.0,1350.0,1000000.0,24796.0,600.0,2400.0,,,0.0
1964-12-25,50.0,4000.0,19529.4375,20493.6015625,50.0,0.0,,50.0,50.0,3000.0,9430.6083984375,9778.171875,50.0,342.0780029296875,0.0,525.3927612304688,0.0,,20298.396484375,300.0,0.0,28219.287109375,30044.21875,300.0,5787.6533203125,0.0,6500.0,1000000.0,,0.0,1697.73095703125,1200.0,15388.0244140625,0.0,55117.89453125,55251.43359375,2801.5947265625,5200.10546875,0.0,7745.4375,1050.0,1000000.0,0.0,0.0,,,100.0,6500.0,24063.21875,25644.31640625,100.0,689.3264770507812,0.0,1138.3509521484375,0.0,,35909.46484375,50.0,0.0,13997.4072265625,999999.0,0.0,30.0,4500.0,4500.0,0.0,4429.9375,0.0,,30.0,5000.0,24906.767578125,24850.88671875,50.0,0.0,3735.7255859375,,17680.5,999999.0,0.0,10000.0,0.0,28051.46484375,30578.029296875,50.0,7808.80224609375,0.0,9784.265625,1000000.0,,,4447.90869140625,400.0,46126.02734375,0.0,48702.82421875,400.0,1401.04736328125,,34489.5546875,8000.0,1000000.0,,1200.0,16000.0,0.0,60945.3984375,61854.9609375,1200.0,2802.0947265625,0.0,10324.1259765625,0.0,1350.0,1000000.0,0.0,600.0,2400.0,,,0.0
1964-12-26,50.0,4000.0,18665.498046875,20989.1953125,50.0,0.0,,215.01637268066406,50.0,3000.0,8580.9384765625,9450.2353515625,50.0,1262.0379638671875,0.0,553.5018920898438,0.0,,15610.689453125,300.0,0.0,27456.736328125,29681.666015625,300.0,7700.0,0.0,6500.0,1000000.0,,0.0,3858.447265625,1200.0,16342.896484375,0.0,55917.859375,59051.3984375,16001.4892578125,6924.06494140625,0.0,10523.8916015625,1050.0,1000000.0,0.0,0.0,,,100.0,6500.0,21414.201171875,23895.666015625,100.0,2136.850341796875,0.0,1199.254150390625,0.0,,28683.623046875,50.0,0.0,13320.7607421875,999999.0,0.0,30.0,4500.0,4500.0,0.0,4476.22021484375,0.0,,30.0,5000.0,25318.580078125,26245.87109375,50.0,0.0,3581.853759765625,,15974.099609375,999999.0,0.0,10000.0,0.0,28371.76171875,33442.859375,50.0,8503.7607421875,0.0,10927.5068359375,1000000.0,,,3558.3447265625,400.0,44144.7578125,0.0,47352.5546875,400.0,1476.005126953125,,34630.75,8000.0,1000000.0,,1200.0,16000.0,0.0,64376.8671875,74439.6796875,1200.0,2952.01025390625,4463.98779296875,8946.8408203125,0.0,1350.0,1000000.0,0.0,1401.04736328125,5604.189453125,,,0.0
1964-12-27,50.0,4000.0,17206.265625,18017.6953125,50.0,0.0,,3682.755615234375,50.0,3000.0,7876.28759765625,8555.017578125,50.0,2492.37646484375,323.2066345214844,1213.0595703125,0.0,,15144.5712890625,300.0,0.0,25756.736328125,27181.666015625,300.0,5200.0,0.0,6500.0,1000000.0,,0.0,5651.27490234375,1200.0,17000.0,0.0,55576.50390625,55276.7109375,19877.423828125,17540.130859375,0.0,20417.599609375,1050.0,1000000.0,0.0,0.0,,,100.0,6500.0,19217.611328125,21140.67578125,100.0,5201.19873046875,700.281005859375,2628.295654296875,0.0,,26241.25,50.0,0.0,12378.6875,999999.0,0.0,30.0,4500.0,4500.0,0.0,4500.0,0.0,,30.0,5000.0,25523.04296875,26971.33984375,50.0,0.0,3914.7451171875,,16766.80078125,999999.0,0.0,10000.0,0.0,28454.71484375,31556.64453125,50.0,12806.412109375,0.0,11354.255859375,1000000.0,,,6695.72119140625,400.0,41626.09375,0.0,43745.72265625,400.0,3234.825439453125,,30937.45703125,8000.0,1000000.0,,1200.0,16000.0,0.0,66809.5390625,74220.8515625,1200.0,6469.65087890625,24320.6640625,8459.30859375,0.0,1350.0,1000000.0,0.0,1476.005126953125,5904.0205078125,,,0.0
1964-12-28,50.0,4000.0,16346.8466796875,16677.009765625,50.0,0.0,,4000.0,50.0,3000.0,7289.119140625,7531.416015625,50.0,1996.3509521484375,1284.1258544921875,1854.5380859375,0.0,,12717.783203125,300.0,0.0,24639.64453125,25331.2421875,300.0,3048.72509765625,0.0,6500.0,1000000.0,,0.0,6500.0,1200.0,16684.87890625,0.0,51476.50390625,50010.04296875,10477.423828125,27066.6328125,0.0,17013.97265625,1050.0,1000000.0,0.0,0.0,,,100.0,6500.0,17453.603515625,18262.701171875,100.0,4810.35888671875,2782.272705078125,4018.165771484375,0.0,,21377.025390625,50.0,0.0,11288.6875,999999.0,0.0,30.0,4500.0,4500.0,0.0,4492.1650390625,0.0,,30.0,5000.0,25441.09765625,26125.353515625,50.0,0.0,4705.9990234375,,17158.599609375,999999.0,0.0,10000.0,0.0,27185.0078125,28551.205078125,50.0,13000.0,0.0,11449.19921875,1000000.0,,,7987.56787109375,400.0,40106.890625,0.0,41267.5546875,400.0,4945.43505859375,,28545.75,8000.0,1000000.0,,1200.0,16000.0,0.0,67655.90625,69939.9609375,1200.0,9890.8701171875,30886.19140625,9040.1240234375,0.0,1350.0,1000000.0,0.0,3234.825439453125,12939.3017578125,,,0.0
1964-12-29,50.0,4000.0,15336.7802734375,15579.876953125,50.0,0.0,,4000.0,50.0,3000.0,6845.03515625,7040.19921875,50.0,1991.2845458984375,1488.9686279296875,1991.2845458984375,0.0,,9461.3837890625,300.0,0.0,23072.978515625,23431.2421875,300.0,0.0,0.0,6500.0,1000000.0,,0.0,6500.0,1200.0,16092.1787109375,0.0,47181.54296875,45281.75,0.0,28068.3046875,0.0,14489.3349609375,1050.0,1000000.0,0.0,0.0,,,100.0,6500.0,16263.0849609375,16728.681640625,100.0,4314.44970703125,3226.098876953125,4314.44970703125,0.0,,15998.3486328125,50.0,0.0,10117.9658203125,999999.0,0.0,30.0,4500.0,4500.0,0.0,4450.0673828125,0.0,,30.0,5000.0,24699.5859375,25437.833984375,50.0,0.0,5104.8193359375,,17153.099609375,999999.0,0.0,10000.0,0.0,25283.28515625,26090.015625,50.0,13000.0,0.0,11354.21875,1000000.0,,,10611.5498046875,400.0,39213.32421875,0.0,39926.25390625,400.0,5310.091796875,,27204.44921875,8000.0,1000000.0,,1200.0,16000.0,0.0,68241.6484375,68420.703125,1200.0,10620.18359375,32030.3046875,8864.97265625,0.0,1350.0,1000000.0,0.0,4520.06201171875,18080.248046875,,,0.0
1964-12-30,50.0,4000.0,14281.8134765625,14408.1103515625,50.0,0.0,,4000.0,50.0,3000.0,6377.4404296875,6565.50439453125,50.0,2341.3486328125,2013.3563232421875,2341.3486328125,0.0,,5244.15087890625,300.0,0.0,21372.978515625,21831.2421875,300.0,0.0,0.0,6500.0,1000000.0,,0.0,6500.0,1200.0,15506.978515625,0.0,43551.765625,41218.640625,0.0,23009.876953125,0.0,16278.0859375,1050.0,1000000.0,0.0,0.0,,,100.0,6500.0,15160.5009765625,15464.2646484375,100.0,5072.92236328125,4362.27197265625,5072.92236328125,0.0,,9960.150390625,50.0,0.0,8906.6103515625,999999.0,0.0,30.0,4500.0,4500.0,0.0,4391.18310546875,0.0,,30.0,5000.0,23625.6640625,24643.27734375,50.0,0.0,5200.3466796875,,17376.599609375,999999.0,0.0,10000.0,0.0,22391.833984375,22901.298828125,50.0,13000.0,0.0,11101.7470703125,1000000.0,,,13387.0791015625,400.0,38157.5625,0.0,38585.19140625,400.0,6243.5966796875,,24830.458984375,8000.0,1000000.0,,1200.0,16000.0,0.0,68916.5078125,67684.9609375,1200.0,12487.193359375,32174.0703125,10137.6240234375,0.0,1350.0,1000000.0,0.0,4432.486328125,17729.9453125,,,0.0
1964-12-31,50.0,4000.0,13172.98046875,13308.244140625,50.0,0.0,,4000.0,50.0,3000.0,5828.49072265625,5835.15478515625,50.0,2850.01708984375,2775.3291015625,2850.01708984375,0.0,,1000.5050048828125,300.0,0.0,19639.64453125,19931.2421875,300.0,0.0,0.0,6500.0,1000000.0,,0.0,6149.6328125,1200.0,15077.09765625,0.0,41260.03125,38293.57421875,0.0,20374.982421875,0.0,17668.6484375,1050.0,1000000.0,0.0,0.0,,,100.0,6500.0,13846.9609375,13951.4248046875,100.0,6175.03662109375,6013.212890625,6175.03662109375,0.0,,2814.18115234375,50.0,0.0,7716.548828125,999999.0,0.0,30.0,4500.0,4500.0,0.0,4321.3369140625,0.0,,30.0,5000.0,22757.642578125,23012.173828125,50.0,0.0,5460.06494140625,,17679.5,999999.0,0.0,10000.0,0.0,19346.5859375,19558.716796875,50.0,13000.0,0.0,10785.3310546875,1000000.0,,,15080.5419921875,400.0,36706.1953125,0.0,36967.89453125,400.0,7600.04541015625,,21008.162109375,8000.0,1000000.0,,1200.0,16000.0,0.0,69236.1328125,69097.28125,1200.0,15200.0908203125,32833.80078125,11968.9404296875,0.0,1350.0,1000000.0,0.0,5068.81201171875,20275.248046875,,,0.0
1965-01-01,50.0,3955.176513671875,12037.2138671875,12163.4775390625,50.0,0.0,,3952.888427734375,50.0,3000.0,5122.00341796875,5054.400390625,50.0,2756.524658203125,2635.27978515625,2756.524658203125,0.0,,0.0,300.0,0.0,17989.767578125,18081.36328125,300.0,0.0,0.0,6500.0,1000000.0,,0.0,5666.5400390625,1200.0,14758.0400390625,0.0,39683.83984375,36617.3828125,0.0,19783.62109375,0.0,14677.4111328125,1050.0,1000000.0,0.0,12140.0,,,100.0,6500.0,12181.470703125,12111.1015625,100.0,5972.4697265625,5709.77294921875,5972.4697265625,0.0,,0.0,50.0,0.0,6562.77001953125,999999.0,0.0,30.0,4500.0,4500.0,0.0,4242.95849609375,0.0,,30.0,5000.0,22239.603515625,21469.44140625,50.0,0.0,5601.37890625,,17918.80078125,999999.0,0.0,10000.0,0.0,16394.0078125,16379.2060546875,50.0,13000.0,0.0,9684.3779296875,1000000.0,,,16185.3583984375,400.0,34839.9453125,0.0,34963.14453125,400.0,7350.732421875,,15550.916015625,8000.0,1000000.0,,1200.0,16000.0,0.0,69048.4609375,68798.9453125,1200.0,14701.46484375,31754.412109375,12538.3466796875,0.0,1350.0,1000000.0,0.0,5984.47021484375,23937.880859375,,,0.0
1965-01-02,50.0,3833.2392578125,10899.18359375,10962.6142578125,50.0,0.0,,3841.172607421875,50.0,3000.0,4383.0615234375,4437.7255859375,50.0,2750.140625,2625.716796875,2750.140625,0.0,,0.0,300.0,0.0,16500.919921875,16559.18359375,300.0,0.0,0.0,6359.96142578125,1000000.0,,0.0,6041.46337890625,1200.0,13927.0244140625,0.0,35758.0390625,33224.9140625,0.0,19681.478515625,0.0,14050.490234375,1050.0,1000000.0,0.0,12140.0,,,100.0,6500.0,10573.248046875,10581.4453125,100.0,5958.63818359375,5689.05322265625,5958.63818359375,0.0,,0.0,50.0,0.0,5398.45068359375,999999.0,0.0,30.0,4500.0,4500.0,0.0,4152.6435546875,0.0,,30.0,5000.0,21565.056640625,21013.119140625,50.0,0.0,5439.869140625,,17576.400390625,999999.0,0.0,10000.0,0.0,13712.5166015625,13825.61328125,50.0,13000.0,0.0,8480.3935546875,1000000.0,,,15956.0009765625,400.0,32981.50390625,0.0,32973.8671875,400.0,7333.70849609375,,10089.68359375,7880.0390625,1000000.0,,1200.0,16000.0,0.0,68814.9609375,68456.3125,1200.0,14667.4169921875,30312.578125,14172.0263671875,0.0,1350.0,1000000.0,0.0,6269.17333984375,25076.693359375,,,0.0
1965-01-03,50.0,3702.67138671875,9787.5712890625,9828.568359375,50.0,0.0,,3722.042724609375,50.0,3000.0,3781.048095703125,3718.112060546875,50.0,3000.0,3000.0,3000.0,0.0,,0.0,300.0,0.0,14887.0986328125,14878.6962890625,300.0,0.0,0.0,6142.33740234375,1000000.0,,0.0,6188.62158203125,1200.0,13143.13671875,0.0,31982.36328125,29482.5703125,0.0,19543.056640625,0.0,14800.0126953125,1050.0,1000000.0,0.0,12140.0,,,100.0,5883.7587890625,9032.1689453125,8907.365234375,100.0,5883.75830078125,6500.0,6500.0,0.0,,0.0,50.0,0.0,4318.90283203125,999999.0,0.0,30.0,4500.0,4500.0,0.0,4052.736572265625,0.0,,30.0,5000.0,20829.072265625,21194.935546875,50.0,0.0,4942.296875,,17279.80078125,999999.0,0.0,10000.0,0.0,11422.751953125,11615.7490234375,50.0,13000.0,0.0,7433.9482421875,1000000.0,4760.0,,15755.919921875,400.0,31107.06640625,0.0,31270.931640625,400.0,8000.0,,4757.27587890625,7743.11181640625,1000000.0,,1200.0,16000.0,0.0,67791.0625,67740.5390625,1200.0,16000.0,27546.46484375,14287.33984375,0.0,1350.0,1000000.0,0.0,7086.01318359375,28344.052734375,,,0.0
1965-01-04,50.0,3565.826904296875,8706.447265625,8738.0107421875,50.0,0.0,,3599.569091796875,50.0,3000.0,3219.314697265625,2817.745361328125,50.0,3000.0,3000.0,3000.0,0.0,,0.0,300.0,0.0,13239.6533203125,13231.25,300.0,0.0,0.0,5908.11181640625,1000000.0,,0.0,5989.4677734375,1200.0,12361.3232421875,0.0,28501.31640625,25668.19140625,0.0,19383.181640625,0.0,14612.5869140625,1050.0,1000000.0,0.0,12140.0,,,100.0,5000.0,7840.1826171875,7382.57958984375,100.0,5000.0,6500.0,6500.0,0.0,,0.0,50.0,0.0,3427.990478515625,999999.0,0.0,30.0,4500.0,4500.0,0.0,3944.408203125,0.0,,30.0,5000.0,20197.521484375,20226.84765625,50.0,0.0,5772.4443359375,,17752.400390625,999999.0,0.0,10000.0,0.0,10443.451171875,10383.9150390625,50.0,13000.0,0.0,6976.48388671875,1000000.0,4760.0,,15665.7158203125,400.0,29333.763671875,0.0,29131.09375,400.0,8000.0,,0.0,7596.4921875,1000000.0,,1200.0,16000.0,0.0,66784.7734375,67212.0,1200.0,16000.0,25096.97265625,16579.572265625,0.0,1350.0,1000000.0,0.0,7143.669921875,28574.6796875,,,0.0
1965-01-05,50.0,3425.135009765625,7661.5048828125,7688.60205078125,50.0,0.0,,3471.735595703125,50.0,3000.0,2532.21484375,2402.04541015625,50.0,2854.3857421875,3000.0,3000.0,0.0,,0.0,300.0,0.0,11603.6162109375,11661.8798828125,300.0,0.0,0.0,5674.0185546875,1000000.0,,0.0,5795.11767578125,1200.0,11560.6171875,0.0,25114.208984375,22214.41796875,0.0,19244.333984375,0.0,15419.8955078125,1050.0,1000000.0,0.0,12140.0,,,100.0,5000.0,6794.94921875,6286.11279296875,100.0,5000.0,6500.0,6500.0,0.0,,0.0,50.0,0.0,2665.3271484375,999999.0,0.0,30.0,4500.0,4500.0,0.0,3845.429443359375,0.0,,30.0,5000.0,19538.419921875,19367.978515625,50.0,0.0,5241.95556640625,,17775.69921875,999999.0,0.0,10000.0,0.0,9397.0185546875,9315.08203125,50.0,13000.0,0.0,6459.80224609375,1000000.0,4760.0,,15567.984375,400.0,27474.431640625,0.0,27125.728515625,400.0,8000.0,,0.0,7445.76708984375,1000000.0,,1200.0,16000.0,0.0,64958.8125,65087.1015625,1200.0,16000.0,20197.3046875,16027.1103515625,0.0,1350.0,1000000.0,0.0,8000.0,32000.0,,,0.0
1965-01-06,50.0,3276.405029296875,6649.9931640625,6673.923828125,50.0,0.0,,3343.474853515625,50.0,2777.512939453125,1929.8765869140625,2243.373779296875,50.0,2692.11572265625,2783.8994140625,2855.73828125,0.0,,0.0,300.0,0.0,10045.609375,10170.5400390625,300.0,0.0,0.0,5443.25048828125,1000000.0,,0.0,5602.9404296875,1200.0,10770.40625,0.0,21927.337890625,19327.544921875,0.0,19115.06640625,0.0,14635.4521484375,1050.0,1000000.0,0.0,12140.0,,,100.0,5000.0,5558.61572265625,6036.9794921875,100.0,5000.0,6031.7822265625,6187.43310546875,0.0,,0.0,50.0,0.0,2078.218017578125,999999.0,0.0,30.0,4500.0,4500.0,0.0,3262.507568359375,0.0,,30.0,4995.68017578125,18614.287109375,18887.587890625,50.0,0.0,4812.29833984375,,17129.900390625,999999.0,0.0,10000.0,0.0,8299.451171875,8476.44921875,50.0,13000.0,0.0,5930.0283203125,1000000.0,4760.0,,15477.517578125,400.0,25637.076171875,0.0,25926.740234375,400.0,7615.30224609375,,0.0,7292.66943359375,1000000.0,,1200.0,16000.0,0.0,62856.32421875,63622.0234375,1200.0,15230.6044921875,15465.7822265625,16675.669921875,0.0,1350.0,1000000.0,0.0,8000.0,32000.0,,,0.0
1965-01-07,50.0,3118.764404296875,5755.4248046875,5706.5888671875,50.0,0.0,,3210.890380859375,50.0,2555.087158203125,1554.8177490234375,1662.248291015625,50.0,2555.08984375,3000.0,3000.0,0.0,,0.0,300.0,0.0,8531.1923828125,8556.123046875,300.0,0.0,0.0,5214.19775390625,1000000.0,,0.0,5427.14599609375,1200.0,10025.765625,0.0,19037.201171875,16137.41015625,0.0,18949.8359375,0.0,15513.8828125,1050.0,1000000.0,0.0,12140.0,,,100.0,5000.0,4298.7490234375,4696.07958984375,100.0,5000.0,6500.0,6500.0,0.0,,0.0,50.0,0.0,1679.4786376953125,999999.0,0.0,30.0,4500.0,4500.0,0.0,2576.573486328125,0.0,,30.0,4938.2265625,17712.9921875,18274.427734375,50.0,0.0,5252.75634765625,,17589.0,999999.0,0.0,10000.0,0.0,7166.71826171875,7295.74853515625,50.0,13000.0,0.0,5427.271484375,1000000.0,4760.0,,15385.443359375,400.0,23783.220703125,0.0,23898.884765625,400.0,8000.0,,0.0,7160.32470703125,1000000.0,,1200.0,16000.0,0.0,60982.6484375,61554.94921875,1200.0,16000.0,10757.2919921875,17179.228515625,0.0,1350.0,1000000.0,0.0,7615.30224609375,30461.208984375,,,0.0
1965-01-08,50.0,2905.90966796875,4976.27001953125,4770.26708984375,50.0,0.0,,3080.95068359375,50.0,2124.215576171875,1659.0118408203125,1243.375732421875,50.0,2124.21923828125,3000.0,3000.0,0.0,,0.0,300.0,0.0,7326.4599609375,7151.390625,300.0,0.0,0.0,4945.166015625,1000000.0,,0.0,5253.47998046875,1200.0,9065.66015625,0.0,16561.947265625,13328.8212890625,0.0,18607.611328125,0.0,15998.4443359375,1050.0,1000000.0,0.0,12140.0,,,100.0,4199.392578125,4430.33251953125,3311.296630859375,100.0,4199.39208984375,6500.0,6500.0,0.0,,0.0,50.0,0.0,2019.6524658203125,999999.0,0.0,30.0,4500.0,4500.0,0.0,2000.0,0.0,,30.0,4873.24853515625,16943.3671875,16840.830078125,50.0,0.0,5448.6162109375,,17929.900390625,999999.0,36.0999755859375,10000.0,0.0,6519.884765625,6095.91552734375,50.0,13000.0,0.0,4879.35400390625,1000000.0,4760.0,,15283.59765625,400.0,22524.3125,0.0,22100.142578125,400.0,8000.0,,0.0,7017.13720703125,1000000.0,,1200.0,16000.0,0.0,59533.6171875,58899.40625,1200.0,16000.0,4449.8212890625,17310.333984375,0.0,1350.0,1000000.0,0.0,8000.0,32000.0,,,0.0
1965-01-09,50.0,2575.708984375,4402.7666015625,4133.9306640625,50.0,0.0,,2926.74755859375,50.0,1241.076904296875,1425.415283203125,1011.6051025390625,50.0,1971.1728515625,3000.0,3000.0,0.0,,0.0,300.0,0.0,6278.07177734375,5736.33544921875,300.0,0.0,0.0,4524.46826171875,1000000.0,,0.0,5093.0712890625,1200.0,8149.13232421875,0.0,14540.0595703125,11073.6015625,0.0,18124.033203125,0.0,16380.2333984375,1050.0,1000000.0,0.0,12140.0,,,100.0,3035.21142578125,4372.89794921875,2271.232666015625,100.0,3132.80615234375,6500.0,6500.0,0.0,,0.0,50.0,0.0,1333.7490234375,999999.0,0.0,30.0,4500.0,4500.0,0.0,2000.0,0.0,,30.0,4782.775390625,16308.4619140625,15839.7568359375,50.0,0.0,5304.1806640625,,18006.400390625,999999.0,141.20001220703125,10000.0,0.0,6256.6513671875,4892.8486328125,50.0,13000.0,0.0,4290.484375,1000000.0,4760.0,,15175.2158203125,400.0,21789.099609375,0.0,20203.0625,400.0,8000.0,,0.0,6872.3037109375,1000000.0,,1200.0,16000.0,0.0,58492.41796875,56713.96484375,1200.0,16000.0,0.0,17905.669921875,0.0,1350.0,1000000.0,0.0,8000.0,32000.0,,,0.0
1965-01-10,50.0,2260.954345703125,3840.530517578125,3661.527587890625,50.0,0.0,,2753.33984375,50.0,737.42578125,1804.982177734375,1928.84619140625,50.0,2075.439453125,1772.443359375,2180.52294921875,0.0,,0.0,300.0,0.0,5269.91552734375,5228.17919921875,300.0,0.0,0.0,4113.66650390625,1000000.0,,0.0,4897.861328125,1200.0,7328.4541015625,0.0,12690.3486328125,9557.2236328125,0.0,17659.037109375,0.0,15982.953125,1050.0,1000000.0,0.0,12140.0,5850.0,,100.0,2195.501953125,5094.1650390625,5139.3955078125,100.0,2373.4794921875,3840.2939453125,4724.46630859375,0.0,,0.0,50.0,0.0,2700.0,999999.0,0.0,30.0,4500.0,4500.0,0.0,2000.0,0.0,,30.0,4689.17236328125,15621.2373046875,15469.2548828125,50.0,0.0,4980.44384765625,,17336.900390625,999999.0,0.0,10000.0,0.0,5721.556640625,5374.32080078125,50.0,13000.0,0.0,3752.966796875,1000000.0,4760.0,,14797.8095703125,400.0,20609.265625,0.0,20141.828125,400.0,5814.72802734375,,0.0,6721.359375,1000000.0,,1200.0,16000.0,0.0,56977.859375,56627.1484375,1200.0,11629.4560546875,0.0,17537.17578125,0.0,1350.0,1000000.0,0.0,8000.0,32000.0,,,0.0
1965-01-11,50.0,1997.46923828125,3302.412353515625,3572.409423828125,50.0,0.0,,2629.857177734375,50.0,1917.0245361328125,1855.906982421875,2583.604248046875,50.0,2543.988037109375,2359.1728515625,2572.20458984375,0.0,,0.0,300.0,0.0,4432.02685546875,4590.29052734375,300.0,0.0,0.0,3813.558837890625,1000000.0,,0.0,4736.4150390625,1200.0,6875.1484375,0.0,11507.015625,8873.890625,0.0,19070.990234375,0.0,16075.9501953125,1050.0,1000000.0,0.0,12140.0,5850.0,,100.0,3327.136474609375,5164.6640625,7305.861328125,100.0,3533.757080078125,5111.541015625,5573.10986328125,0.0,,0.0,50.0,0.0,2768.40283203125,999999.0,0.0,30.0,4500.0,4500.0,0.0,2000.0,0.0,,30.0,4615.91259765625,14689.2099609375,15121.8349609375,50.0,0.0,5128.5751953125,,16005.900390625,999999.0,0.0,10000.0,0.0,5224.9677734375,6213.96484375,50.0,13000.0,0.0,3581.642578125,1000000.0,5165.1748046875,,13910.884765625,400.0,19590.65625,0.0,20759.353515625,400.0,6859.2119140625,,0.0,6648.40380859375,1000000.0,,1200.0,16000.0,0.0,56568.79296875,57858.46484375,1200.0,13718.423828125,0.0,16819.36328125,0.0,1350.0,1000000.0,0.0,5814.72802734375,23258.912109375,,,0.0
1965-01-12,50.0,1836.397705078125,2901.4892578125,3005.31982421875,50.0,0.0,,2588.97265625,50.0,2164.85498046875,1502.2713623046875,1727.13525390625,50.0,2506.96826171875,2913.649658203125,2942.35546875,0.0,,0.0,300.0,0.0,3660.84033203125,3619.104248046875,300.0,0.0,0.0,3560.636474609375,1000000.0,,0.0,4610.3544921875,1200.0,6471.3701171875,0.0,10257.015625,7523.890625,0.0,21294.08984375,0.0,15517.853515625,1050.0,1000000.0,0.0,12140.0,5850.0,,100.0,4367.61865234375,4985.91845703125,5377.416015625,100.0,4550.68798828125,6312.90771484375,6375.103515625,0.0,,0.0,50.0,0.0,2615.0693359375,999999.0,0.0,30.0,4500.0,4500.0,0.0,3039.425537109375,0.0,,30.0,4556.0107421875,13687.5498046875,14325.2685546875,50.0,0.0,5472.6806640625,,17326.099609375,999999.0,0.0,10000.0,0.0,4836.65380859375,5058.41748046875,50.0,13000.0,0.0,3652.97509765625,1000000.0,4760.0,,15082.63671875,400.0,18324.455078125,0.0,18668.3515625,400.0,7846.28076171875,,0.0,6593.42333984375,1000000.0,,1200.0,16000.0,0.0,55395.0,56157.71875,1200.0,15692.5615234375,0.0,15996.626953125,0.0,1350.0,1000000.0,0.0,6859.2119140625,27436.84765625,,,0.0
1965-01-13,50.0,1638.484130859375,2639.58984375,2447.120361328125,50.0,0.0,,2502.56640625,50.0,1899.481689453125,1283.51416015625,1321.578125,50.0,2414.97265625,3000.0,3000.0,0.0,,0.0,300.0,0.0,3107.294921875,3032.225341796875,300.0,0.0,0.0,3288.155517578125,1000000.0,,0.0,4446.59423828125,1200.0,6003.77880859375,0.0,9273.6826171875,6140.55712890625,0.0,23626.626953125,0.0,16121.37109375,1050.0,1000000.0,0.0,12140.0,5850.0,,100.0,3947.009521484375,4694.44580078125,4196.009765625,100.0,4144.73583984375,6500.0,6500.0,0.0,,0.0,50.0,0.0,2293.379638671875,999999.0,0.0,30.0,4500.0,4500.0,0.0,2573.839599609375,0.0,,30.0,4488.615234375,12618.798828125,12885.6123046875,50.0,0.0,5564.4814453125,,17558.900390625,999999.0,0.0,10000.0,0.0,4811.36181640625,4313.82568359375,50.0,13000.0,0.0,3475.35400390625,1000000.0,4760.0,,15035.1337890625,400.0,17360.513671875,0.0,17007.576171875,400.0,8000.0,,0.0,6495.7412109375,1000000.0,,1200.0,16000.0,0.0,53849.74609375,53691.5625,1200.0,16000.0,0.0,16649.724609375,0.0,1350.0,1000000.0,0.0,7846.28076171875,31385.123046875,,,0.0
1965-01-14,50.0,1470.582275390625,2529.86181640625,2264.592529296875,50.0,0.0,,2379.68212890625,50.0,1529.7069091796875,1131.4427490234375,1095.2733154296875,50.0,2264.1748046875,3000.0,3000.0,0.0,,0.0,300.0,0.0,2838.196533203125,2429.793701171875,300.0,0.0,0.0,3082.612548828125,1000000.0,,0.0,4288.85888671875,1200.0,5482.07373046875,0.0,8490.3486328125,4757.22412109375,0.0,25578.76171875,0.0,15543.619140625,1050.0,1000000.0,0.0,12140.0,5850.0,,100.0,3323.629150390625,4484.30908203125,4066.572998046875,100.0,3568.84765625,6500.0,6500.0,0.0,,0.0,50.0,0.0,2028.9197998046875,999999.0,0.0,30.0,4500.0,4500.0,0.0,2000.0,0.0,,30.0,4390.40625,11498.2734375,11738.2822265625,50.0,0.0,5557.78173828125,,17715.0,999999.0,0.0,10000.0,0.0,5021.0771484375,4063.2744140625,50.0,13000.0,0.0,3249.78662109375,1000000.0,4760.0,,14991.30078125,400.0,16589.43359375,0.0,15852.86328125,400.0,8000.0,,0.0,6380.3037109375,1000000.0,,1200.0,16000.0,0.0,52301.44140625,51620.4375,1200.0,16000.0,0.0,17281.7578125,0.0,1350.0,1000000.0,0.0,8000.0,32000.0,,,0.0
1965-01-15,50.0,1413.84375,2473.83447265625,2295.29833984375,50.0,0.0,,2289.17529296875,50.0,1180.01416015625,1000.09521484375,1034.125732421875,50.0,2225.37060546875,3000.0,3000.0,0.0,,0.0,300.0,0.0,2592.131103515625,2383.728271484375,300.0,0.0,0.0,3000.0,1000000.0,,0.0,4113.1328125,1200.0,5000.0,0.0,7762.9912109375,4429.8662109375,0.0,27377.037109375,0.0,15516.140625,1050.0,1000000.0,0.0,12140.0,5850.0,,100.0,3102.173583984375,4181.93310546875,4591.296875,100.0,3337.197998046875,6500.0,6500.0,0.0,,0.0,50.0,0.0,1762.2530517578125,999999.0,0.0,30.0,4500.0,4500.0,0.0,2000.0,0.0,,30.0,4280.697265625,10282.0830078125,10550.6455078125,50.0,0.0,5389.84423828125,,17609.0,999999.0,0.0,10000.0,0.0,5130.181640625,4945.97900390625,50.0,13000.0,0.0,3090.7265625,1000000.0,4771.97509765625,,14984.0498046875,400.0,15745.2978515625,0.0,15527.8291015625,400.0,8000.0,,0.0,6269.1962890625,1000000.0,,1200.0,16000.0,0.0,50595.81640625,50545.8828125,1200.0,16000.0,0.0,17734.5546875,0.0,1350.0,1000000.0,0.0,8000.0,32000.0,,,0.0
1965-01-16,50.0,1382.8294677734375,2461.419921875,2432.8505859375,50.0,0.0,,2244.592529296875,50.0,1007.4317626953125,892.4635009765625,964.0606689453125,50.0,2184.775634765625,3000.0,3000.0,0.0,,0.0,300.0,0.0,2394.754150390625,2553.017822265625,300.0,0.0,0.0,3000.0,1000000.0,,0.0,3982.742919921875,1200.0,5000.0,0.0,7196.32421875,4329.8662109375,0.0,27154.55078125,0.0,15092.2578125,1050.0,1000000.0,0.0,12140.0,5850.0,,100.0,3266.26904296875,3844.341552734375,4545.0390625,100.0,3509.90087890625,6500.0,6500.0,0.0,,0.0,50.0,0.0,1531.5020751953125,999999.0,0.0,30.0,4500.0,4500.0,0.0,2000.0,0.0,,30.0,4157.83349609375,9088.380859375,9350.9853515625,50.0,0.0,5419.27490234375,,17571.0,999999.0,0.0,10000.0,0.0,5253.939453125,5635.50341796875,50.0,13000.0,0.0,3183.122314453125,1000000.0,5299.375,,15014.3876953125,400.0,14919.6328125,0.0,15152.86328125,400.0,8000.0,,0.0,6187.515625,1000000.0,,1200.0,16000.0,0.0,48736.59375,49196.421875,1200.0,16000.0,0.0,18072.443359375,0.0,1350.0,1000000.0,24796.0,8000.0,32000.0,,,0.0
1965-01-17,50.0,1375.537353515625,2465.1767578125,2401.54052734375,50.0,0.0,,2249.72119140625,50.0,932.2864990234375,800.4756469726562,852.4395751953125,50.0,2147.4150390625,3000.0,3000.0,0.0,,0.0,300.0,0.0,2296.502685546875,2321.433349609375,300.0,0.0,0.0,3000.0,1000000.0,,0.0,3900.63818359375,1200.0,5000.0,0.0,6729.65771484375,3629.865966796875,0.0,26953.419921875,0.0,15642.810546875,1050.0,1000000.0,0.0,12140.0,5850.0,,100.0,3286.642578125,3401.5185546875,3661.7158203125,100.0,3535.14794921875,6500.0,6500.0,0.0,,0.0,50.0,0.0,1337.6680908203125,999999.0,0.0,30.0,4500.0,4500.0,0.0,2000.0,0.0,,30.0,4021.438720703125,7922.42333984375,7955.544921875,50.0,0.0,5175.0869140625,,17736.099609375,999999.0,0.0,10000.0,0.0,5362.86572265625,5415.2294921875,50.0,13000.0,0.0,3358.35205078125,1000000.0,4771.97509765625,,15038.3056640625,400.0,14136.7275390625,0.0,14149.9248046875,400.0,8000.0,,0.0,6121.5,1000000.0,,1200.0,16000.0,0.0,46891.23828125,47176.1640625,1200.0,16000.0,0.0,18443.427734375,0.0,1350.0,1000000.0,24796.0,8000.0,32000.0,,,0.0
1965-01-18,50.0,1368.2939453125,2467.3310546875,2451.294921875,50.0,0.0,,2254.414794921875,50.0,857.0518798828125,729.4171142578125,771.21435546875,50.0,2114.553466796875,3000.0,3000.0,0.0,,0.0,300.0,0.0,2197.66845703125,2155.932373046875,300.0,0.0,0.0,3000.0,1000000.0,,0.0,3789.968505859375,1200.0,5000.0,0.0,6262.9912109375,3063.199462890625,0.0,26737.72265625,0.0,16457.0859375,1050.0,1000000.0,0.0,12140.0,5850.0,,100.0,2914.009521484375,2842.204345703125,3044.568115234375,100.0,3168.45166015625,6500.0,6500.0,0.0,,0.0,50.0,0.0,1180.112060546875,999999.0,0.0,30.0,4500.0,4500.0,0.0,2000.0,0.0,,30.0,3860.3173828125,6832.45556640625,6820.12548828125,50.0,0.0,4793.779296875,,17915.400390625,999999.0,0.0,10000.0,0.0,5346.28173828125,5373.04541015625,50.0,13000.0,0.0,3398.5,1000000.0,4760.0,,15044.0078125,400.0,13297.2607421875,0.0,13336.3583984375,400.0,8000.0,,0.0,6046.2333984375,1000000.0,,1200.0,16000.0,0.0,44939.265625,45009.74609375,1200.0,16000.0,0.0,18694.765625,0.0,1350.0,1000000.0,24796.0,8000.0,32000.0,,,0.0
1965-01-19,50.0,1369.11767578125,2451.266357421875,2471.5634765625,50.0,0.0,,2273.40966796875,50.0,793.119140625,688.0114135742188,693.108642578125,50.0,2086.416259765625,3000.0,3000.0,0.0,,0.0,300.0,0.0,2098.445556640625,2190.04296875,300.0,0.0,0.0,3000.0,1000000.0,,0.0,3665.19873046875,1200.0,5000.0,0.0,6475.2578125,3442.1328125,0.0,26786.70703125,0.0,16417.3828125,1050.0,1000000.0,0.0,12140.0,5850.0,,100.0,2567.971435546875,2375.069580078125,2642.033447265625,100.0,2807.624755859375,6500.0,6500.0,0.0,,0.0,50.0,0.0,1078.7413330078125,999999.0,0.0,30.0,4500.0,4500.0,0.0,2000.0,0.0,,30.0,3681.17236328125,5806.15478515625,5726.94287109375,50.0,0.0,4744.52978515625,,17863.30078125,999999.0,0.0,10000.0,0.0,5300.31494140625,5442.11181640625,50.0,13000.0,0.0,3410.154541015625,1000000.0,4760.0,,15047.2626953125,400.0,12347.3828125,0.0,12631.61328125,400.0,8000.0,,0.0,5857.669921875,1000000.0,,1200.0,16000.0,0.0,42878.6875,43192.125,1200.0,16000.0,0.0,19010.4609375,0.0,1350.0,1000000.0,24796.0,8000.0,32000.0,,,0.0
1965-01-20,50.0,1371.59521484375,2385.527099609375,2467.791015625,50.0,0.0,,2290.466064453125,50.0,705.5630493164062,642.740966796875,640.0714721679688,50.0,2060.740966796875,3000.0,3000.0,0.0,,0.0,300.0,0.0,1932.297119140625,2090.56103515625,300.0,0.0,0.0,3000.0,1000000.0,,0.0,3550.390380859375,1200.0,5000.0,0.0,6427.88037109375,3494.75537109375,0.0,26807.48046875,0.0,15979.6943359375,1050.0,1000000.0,0.0,12140.0,5850.0,,100.0,2361.46875,2018.246337890625,2167.177001953125,100.0,2526.401123046875,6500.0,6500.0,0.0,,0.0,50.0,0.0,1027.8275146484375,999999.0,0.0,30.0,4500.0,4500.0,0.0,2000.0,0.0,,30.0,3479.294921875,4846.83740234375,4811.46826171875,50.0,0.0,4789.97119140625,,17908.099609375,999999.0,0.0,10000.0,0.0,5045.86328125,5274.060546875,50.0,13000.0,0.0,3428.46142578125,1000000.0,4760.0,,15047.0458984375,400.0,11345.5263671875,0.0,11722.95703125,400.0,8000.0,,0.0,5516.1337890625,1000000.0,,1200.0,16000.0,0.0,40714.078125,41026.921875,1200.0,16000.0,0.0,19094.7421875,0.0,1350.0,1000000.0,24796.0,8000.0,32000.0,,,0.0
1965-01-21,50.0,1372.6270751953125,2608.56201171875,2409.359130859375,50.0,0.0,,2302.540283203125,50.0,633.8010864257812,708.0735473632812,639.4912109375,50.0,2046.83642578125,3000.0,3000.0,0.0,,0.0,300.0,0.0,2154.86474609375,2013.128662109375,300.0,0.0,0.0,3000.0,1000000.0,,0.0,3421.279052734375,1200.0,5000.0,0.0,7529.62841796875,3629.8369140625,0.0,26827.732421875,0.0,15997.71875,1050.0,1000000.0,0.0,12140.0,5867.91650390625,,100.0,2158.975341796875,2447.8974609375,1862.761474609375,100.0,2277.418701171875,6500.0,6500.0,0.0,,0.0,50.0,0.0,1104.44677734375,999999.0,0.0,30.0,4500.0,4500.0,0.0,2000.0,0.0,,30.0,3268.281494140625,4577.0498046875,3932.10009765625,50.0,0.0,4490.06494140625,,17893.0,999999.0,0.0,10000.0,0.0,5674.00927734375,5186.10693359375,50.0,13000.0,0.0,3406.462646484375,1000000.0,4760.0,,15041.650390625,400.0,11299.3818359375,0.0,10678.779296875,400.0,8000.0,,0.0,5194.8173828125,1000000.0,,1200.0,16000.0,0.0,38950.8203125,38749.125,1200.0,16000.0,0.0,19129.830078125,0.0,1350.0,1000000.0,24796.0,8000.0,32000.0,,,0.0
1965-01-22,50.0,1367.4178466796875,3018.052978515625,2243.650146484375,50.0,0.0,,2304.21484375,50.0,596.6015014648438,626.4724731445312,576.95751953125,50.0,2031.156005859375,3000.0,3000.0,0.0,,0.0,300.0,0.0,1684.5211181640625,1628.1737060546875,300.0,0.0,0.0,3000.0,1000000.0,,0.0,3272.704345703125,1200.0,5000.0,0.0,9053.0166015625,3253.224609375,0.0,26810.53515625,0.0,15713.8115234375,1050.0,1000000.0,0.0,12140.0,5850.0,,100.0,1792.13623046875,1852.30908203125,1487.169677734375,100.0,2032.6121826171875,6500.0,6500.0,0.0,,0.0,50.0,0.0,926.0,999999.0,0.0,30.0,4500.0,4500.0,0.0,2000.0,0.0,,30.0,2950.560791015625,4759.58203125,3124.932373046875,50.0,0.0,3895.81298828125,,17995.5,999999.0,0.0,10000.0,0.0,6974.388671875,4523.68603515625,50.0,13000.0,0.0,3379.691650390625,1000000.0,4760.0,,15023.5986328125,400.0,11596.9423828125,0.0,9668.20703125,400.0,8000.0,,0.0,4843.5703125,1000000.0,,1200.0,16000.0,0.0,38076.15234375,36376.45703125,1200.0,16000.0,0.0,19226.919921875,0.0,1350.0,1000000.0,24796.0,8000.0,32000.0,,,0.0
1965-01-23,50.0,1350.9642333984375,3085.34716796875,3047.277587890625,50.0,0.0,,2283.677978515625,50.0,538.851318359375,965.3709716796875,945.4569702148438,50.0,2061.760986328125,2387.085205078125,2590.837890625,0.0,,0.0,300.0,0.0,2600.0,2600.0,300.0,0.0,0.0,3000.0,1000000.0,,0.0,3081.096435546875,1200.0,5000.0,0.0,9801.94140625,6768.81640625,0.0,22284.865234375,0.0,13435.38671875,1050.0,1000000.0,0.0,12140.0,8967.9169921875,,100.0,1532.7886962890625,3297.96044921875,3327.257568359375,100.0,1844.4688720703125,5172.01806640625,5613.482421875,0.0,,0.0,50.0,0.0,1540.0,999999.0,0.0,30.0,4500.0,4500.0,0.0,2000.0,0.0,,30.0,2570.135009765625,4988.2294921875,4275.8447265625,50.0,0.0,3211.559814453125,,18311.30078125,999999.0,0.0,10000.0,0.0,7356.658203125,6945.48876953125,50.0,13000.0,0.0,3241.71923828125,1000000.0,6507.77490234375,,14465.6220703125,400.0,11335.3857421875,0.0,11529.9833984375,400.0,6908.9013671875,,0.0,4500.52294921875,1000000.0,,1200.0,15974.8603515625,0.0,36465.09375,35415.90234375,1200.0,13817.802734375,0.0,18780.0078125,0.0,1350.0,1000000.0,24796.0,8000.0,32000.0,,,0.0
1965-01-24,50.0,1411.43115234375,2978.958984375,3837.589599609375,50.0,0.0,,2402.5546875,50.0,1026.1566162109375,1208.74267578125,1428.3731689453125,50.0,2264.463134765625,2501.865234375,2667.46142578125,0.0,,0.0,300.0,0.0,2508.40283203125,3500.0,300.0,0.0,0.0,3000.0,1000000.0,,0.0,3028.021240234375,1200.0,5000.0,0.0,9635.2744140625,8768.81640625,0.0,24044.15234375,0.0,12740.798828125,1050.0,1000000.0,0.0,12140.0,10367.9169921875,,100.0,2436.629638671875,3510.79736328125,4701.328125,100.0,2729.62939453125,5420.7080078125,5779.49951171875,0.0,,0.0,50.0,0.0,1931.736083984375,999999.0,0.0,30.0,4500.0,4500.0,0.0,2000.0,0.0,,30.0,2589.258544921875,5225.13427734375,5455.02392578125,50.0,0.0,3122.834228515625,,16160.7001953125,999999.0,0.0,10000.0,0.0,7452.45166015625,9630.58203125,50.0,13000.0,0.0,3625.315185546875,1000000.0,8502.474609375,,12548.9931640625,400.0,10866.611328125,0.0,12532.17578125,400.0,7113.23046875,,0.0,4655.46142578125,1000000.0,,1200.0,15897.03515625,0.0,35281.4921875,37045.80859375,1200.0,14226.4609375,0.0,18081.58984375,0.0,1350.0,1000000.0,24796.0,6908.9013671875,27635.60546875,,,0.0
1965-01-25,50.0,1528.24462890625,4264.08203125,3202.345947265625,50.0,0.0,,2593.278076171875,50.0,1311.771484375,1270.6904296875,1211.454345703125,50.0,2286.784423828125,2581.48291015625,2720.611572265625,0.0,,0.0,300.0,0.0,2500.0,2166.666748046875,300.0,0.0,0.0,3000.0,1000000.0,,0.0,3096.964111328125,1200.0,5026.33349609375,0.0,12068.6083984375,7135.48291015625,0.0,27004.5859375,0.0,14507.091796875,1050.0,1000000.0,0.0,12140.0,7667.91650390625,,100.0,3186.2978515625,3903.487548828125,3574.084716796875,100.0,3445.026123046875,5593.212890625,5894.65869140625,0.0,,0.0,50.0,0.0,2158.263916015625,999999.0,0.0,30.0,4500.0,4500.0,0.0,2000.0,0.0,,30.0,2810.49072265625,5780.58154296875,5684.40576171875,50.0,0.0,2851.9560546875,,17520.900390625,999999.0,0.0,10000.0,0.0,11742.2802734375,8076.91064453125,50.0,13000.0,0.0,4301.14501953125,1000000.0,5721.375,,14485.48046875,400.0,10566.82421875,0.0,10980.921875,400.0,7254.96435546875,,0.0,4899.5009765625,1000000.0,,1200.0,15875.736328125,0.0,34420.51171875,34553.15625,1200.0,14509.9287109375,0.0,17795.98046875,0.0,1350.0,1000000.0,24796.0,7113.23046875,28452.921875,,,0.0
1965-01-26,50.0,1536.972900390625,5971.99267578125,2678.531005859375,50.0,0.0,,2607.781005859375,50.0,993.813232421875,1304.1724853515625,1038.524169921875,50.0,2195.07861328125,2110.696044921875,2406.32958984375,0.0,,0.0,300.0,0.0,2000.0,2000.0,300.0,0.0,0.0,3000.0,1000000.0,,0.0,2558.8466796875,1200.0,5100.89697265625,0.0,18854.283203125,6293.3720703125,0.0,21953.388671875,0.0,12175.369140625,1050.0,1000000.0,0.0,12140.0,6667.91650390625,,100.0,2851.4453125,4884.25634765625,3075.618896484375,100.0,3129.505615234375,4573.1748046875,5213.7138671875,0.0,,0.0,50.0,0.0,1838.263916015625,999999.0,0.0,30.0,4500.0,4500.0,0.0,2000.0,0.0,,30.0,2951.5107421875,6798.23193359375,5603.97607421875,50.0,0.0,2355.958251953125,,17529.900390625,999999.0,0.0,10000.0,0.0,14405.6865234375,7154.62890625,50.0,13000.0,0.0,4342.21044921875,1000000.0,4760.0,,14392.1513671875,400.0,11306.82421875,0.0,9736.021484375,400.0,6416.87890625,,0.0,4756.07763671875,1000000.0,,1200.0,15790.720703125,0.0,36382.6875,32538.958984375,1200.0,12833.7578125,0.0,18474.2734375,0.0,1350.0,1000000.0,24796.0,7254.96435546875,29019.857421875,,,0.0
1965-01-27,50.0,1472.2578125,9701.8193359375,6745.1396484375,50.0,0.0,,2151.34521484375,50.0,891.721435546875,1522.359375,1315.453125,50.0,608.4188232421875,0.0,608.4188232421875,0.0,,0.0,300.0,0.0,4200.0,4200.0,300.0,0.0,0.0,3000.0,1000000.0,,0.0,1261.74609375,1200.0,5006.3046875,0.0,23926.197265625,13893.0732421875,0.0,4343.3173828125,0.0,3163.054443359375,1050.0,1000000.0,0.0,12140.0,14467.9169921875,,100.0,2530.243408203125,5647.51123046875,4292.3037109375,100.0,1318.2408447265625,0.0,1318.2408447265625,0.0,,0.0,50.0,0.0,4660.0,999999.0,0.0,30.0,4500.0,4500.0,0.0,2000.0,0.0,,30.0,3090.45361328125,8229.328125,6887.009765625,50.0,0.0,2224.49658203125,,18897.80078125,999999.0,0.0,10000.0,0.0,26558.27734375,19849.29296875,50.0,0.0,0.0,4193.27099609375,1000000.0,17689.67578125,,9007.486328125,400.0,12511.7646484375,0.0,9843.9619140625,400.0,1622.4501953125,,0.0,4466.38671875,1000000.0,,1200.0,15724.4306640625,0.0,39921.921875,33059.88671875,1200.0,3244.900390625,0.0,17731.234375,0.0,1350.0,1000000.0,24796.0,6416.87890625,25667.515625,,,0.0
1965-01-28,50.0,2189.557373046875,11089.5234375,14152.287109375,50.0,0.0,,0.0,50.0,1542.4324951171875,1842.8829345703125,2101.8466796875,50.0,50.0,0.0,0.0,0.0,,0.0,300.0,0.0,10821.154296875,12479.41796875,300.0,0.0,0.0,3106.2353515625,1000000.0,,0.0,0.0,1200.0,6350.1650390625,0.0,28271.845703125,30938.720703125,0.0,0.0,0.0,638.8021240234375,1050.0,1000000.0,0.0,12140.0,28467.916015625,,100.0,3543.3291015625,7703.1591796875,8393.490234375,100.0,100.0,0.0,0.0,0.0,,0.0,50.0,0.0,9451.736328125,999999.0,0.0,30.0,4500.0,4500.0,0.0,3148.5166015625,0.0,,30.0,3307.586669921875,8837.5869140625,9171.8876953125,50.0,0.0,2335.012451171875,,8996.0,999999.0,0.0,10000.0,0.0,32787.52734375,44414.9921875,50.0,0.0,0.0,7021.09814453125,1000000.0,36773.7734375,,1107.1322021484375,400.0,14081.0478515625,0.0,13918.5791015625,400.0,0.0,,0.0,4835.0224609375,1000000.0,,1200.0,15938.064453125,0.0,45367.48046875,44612.37109375,1200.0,0.0,0.0,14821.6875,0.0,1350.0,1000000.0,24796.0,1622.4501953125,6489.80078125,,,0.0
1965-01-29,50.0,3326.77490234375,12099.3427734375,14557.654296875,50.0,0.0,,11.208799362182617,50.0,2733.62255859375,2077.19677734375,2563.146728515625,50.0,440.0977478027344,0.0,440.0977478027344,0.0,,0.0,300.0,0.0,12191.767578125,14712.7509765625,300.0,0.0,0.0,4482.44677734375,1000000.0,,0.0,104.14035034179688,1200.0,9837.357421875,0.0,31418.888671875,32805.38671875,0.0,0.0,0.0,4214.44970703125,1050.0,1000000.0,0.0,12140.0,,,100.0,5000.0,8731.326171875,11238.3564453125,100.0,953.545166015625,0.0,953.545166015625,0.0,,0.0,50.0,0.0,9202.560546875,999999.0,0.0,30.0,4500.0,4500.0,0.0,4095.48486328125,0.0,,30.0,3567.494873046875,8730.6162109375,11133.7783203125,50.0,0.0,3408.161865234375,,18035.017578125,999999.0,0.0,10000.0,0.0,35131.66015625,42448.359375,50.0,5886.8232421875,0.0,11177.0126953125,1000000.0,,,4955.56982421875,400.0,15016.4345703125,0.0,17409.8125,400.0,1173.593994140625,,0.0,5975.18017578125,1000000.0,,1200.0,16000.0,0.0,50166.80078125,54066.19140625,1200.0,2347.18798828125,0.0,11890.943359375,0.0,1350.0,1000000.0,0.0,600.0,2400.0,,,0.0
1965-01-30,50.0,3696.8515625,12549.0419921875,14765.5205078125,50.0,0.0,,496.3309326171875,50.0,3000.0,2089.14599609375,2415.24755859375,50.0,1737.3587646484375,1108.5941162109375,1737.3587646484375,0.0,,0.0,300.0,0.0,12994.869140625,15946.0849609375,300.0,0.0,0.0,5278.59326171875,1000000.0,,0.0,300.0,1200.0,11628.7529296875,0.0,33338.671875,36072.0546875,0.0,1829.30712890625,0.0,8422.1591796875,1050.0,1000000.0,0.0,12140.0,,,100.0,5000.0,9081.9765625,10205.44140625,100.0,3764.27734375,2401.953857421875,3764.27734375,0.0,,0.0,50.0,0.0,8276.7978515625,999999.0,0.0,30.0,4500.0,4500.0,0.0,4222.98193359375,0.0,,30.0,3770.219482421875,8007.8837890625,9614.0849609375,50.0,0.0,3914.70556640625,,18792.69921875,999999.0,0.0,10000.0,0.0,34649.93359375,40764.53515625,50.0,10062.6220703125,0.0,11786.8251953125,1000000.0,,,3873.375,400.0,15294.2724609375,0.0,17768.314453125,400.0,4632.95654296875,,0.0,6232.6064453125,1000000.0,,1200.0,16000.0,0.0,53505.90625,57231.06640625,1200.0,9265.9130859375,0.0,13514.1298828125,0.0,1350.0,1000000.0,0.0,1173.593994140625,4694.3759765625,,,0.0
1965-01-31,50.0,3904.1748046875,12642.869140625,14596.0439453125,50.0,0.0,,2905.75634765625,50.0,2943.969970703125,1659.91552734375,1981.7945556640625,50.0,2116.952880859375,1677.216796875,2116.952880859375,0.0,,0.0,300.0,0.0,13465.478515625,15912.7509765625,300.0,0.0,0.0,5681.77294921875,1000000.0,,0.0,512.1057739257812,1200.0,12825.1357421875,0.0,33948.53515625,36562.28515625,0.0,5875.93505859375,0.0,9928.87890625,1050.0,1000000.0,0.0,12140.0,,,100.0,5000.0,8305.5068359375,9273.3154296875,100.0,4586.73095703125,3633.9697265625,4586.73095703125,0.0,,0.0,50.0,0.0,7097.78564453125,999999.0,0.0,30.0,4500.0,4500.0,0.0,4235.57568359375,0.0,,30.0,3786.788818359375,6984.8974609375,8326.08984375,50.0,0.0,4097.91162109375,,19701.19921875,999999.0,0.0,10000.0,0.0,33949.15625,39064.27734375,50.0,12435.306640625,0.0,12151.705078125,1000000.0,,,8070.087890625,400.0,14222.984375,0.0,16829.294921875,400.0,5645.20751953125,,0.0,6285.5166015625,1000000.0,,1200.0,16000.0,0.0,53828.28125,59332.88671875,1200.0,11290.4150390625,0.0,13090.892578125,0.0,1350.0,1000000.0,0.0,4632.95654296875,18531.826171875,,,0.0
1965-02-01,50.0,3935.703125,11805.8291015625,13107.4580078125,50.0,0.0,,4000.0,75.0,2678.26318359375,1233.6224365234375,1447.389404296875,50.0,2461.354736328125,2193.12255859375,2461.354736328125,0.0,,0.0,300.0,0.0,13698.2236328125,15842.0498046875,300.0,0.0,0.0,5924.61572265625,1000000.0,,43453.6484375,1327.8740234375,1000.0,13308.615234375,0.0,32920.0546875,34870.30859375,0.0,13208.4365234375,0.0,9699.9111328125,1050.0,1000000.0,0.0,12140.0,,,190.0,5000.0,7151.4970703125,7918.60546875,100.0,5000.0,4751.765625,5332.935546875,0.0,,0.0,50.0,0.0,5777.10107421875,999999.0,0.0,30.0,4500.0,4500.0,0.0,4210.90478515625,0.0,,50.0,3720.209716796875,5880.2607421875,7161.83056640625,50.0,0.0,4121.205078125,,18692.900390625,999999.0,0.0,10000.0,0.0,31523.232421875,35878.75,50.0,13000.0,0.0,12191.3837890625,1000000.0,,,8166.41845703125,400.0,12633.1748046875,0.0,15423.1591796875,400.0,6563.61279296875,,0.0,6260.4150390625,1000000.0,,1200.0,16000.0,0.0,53121.12109375,58418.54296875,1200.0,13127.2255859375,0.0,14022.2275390625,0.0,1350.0,1000000.0,0.0,5645.20751953125,22580.830078125,,,0.0
1965-02-02,50.0,3858.35205078125,10574.5537109375,11661.7724609375,50.0,0.0,,4000.0,75.0,2390.945068359375,921.1719970703125,1168.1966552734375,50.0,2495.565185546875,3000.0,3000.0,0.0,,0.0,300.0,0.0,13526.5400390625,15249.591796875,300.0,0.0,0.0,6037.7001953125,1000000.0,,44825.7734375,2709.64892578125,1000.0,13187.47265625,0.0,30452.8203125,31393.087890625,0.0,17094.220703125,0.0,10860.2998046875,1050.0,1000000.0,0.0,12140.0,,,190.0,5000.0,5735.5712890625,6483.77197265625,100.0,5000.0,6500.0,6500.0,0.0,,0.0,50.0,0.0,4400.0478515625,999999.0,0.0,30.0,4500.0,4500.0,0.0,4156.47998046875,0.0,,50.0,3604.982177734375,4756.60546875,5801.71337890625,50.0,0.0,4089.214599609375,,17884.69921875,999999.0,0.0,10000.0,0.0,28879.296875,32585.72265625,50.0,13000.0,0.0,12108.177734375,1000000.0,,,11422.44140625,400.0,10741.8544921875,0.0,13490.759765625,400.0,8000.0,,0.0,6177.80224609375,1000000.0,,1200.0,16000.0,0.0,51387.55078125,55991.88671875,1200.0,16000.0,0.0,14126.515625,0.0,1350.0,1000000.0,0.0,6563.61279296875,26254.451171875,,,0.0
1965-02-03,50.0,3758.106689453125,9329.9228515625,10279.00390625,50.0,0.0,,4000.0,75.0,2119.56298828125,706.02490234375,943.1858520507812,50.0,2422.64013671875,3000.0,3000.0,0.0,,0.0,300.0,0.0,12860.6044921875,14356.486328125,300.0,0.0,0.0,6037.25927734375,1000000.0,,44316.125,3575.0625,1000.0,12805.8603515625,0.0,27412.716796875,28052.59765625,0.0,19175.341796875,0.0,12136.3193359375,1050.0,1000000.0,0.0,12140.0,,,190.0,5000.0,4366.6826171875,4954.7353515625,100.0,5000.0,6500.0,6500.0,0.0,,0.0,50.0,0.0,3013.55712890625,999999.0,0.0,30.0,4500.0,4500.0,0.0,4078.390625,0.0,,50.0,3447.609619140625,3637.407958984375,4615.3310546875,50.0,0.0,4002.177001953125,,17767.900390625,999999.0,0.0,10000.0,0.0,25078.185546875,28378.435546875,50.0,13000.0,0.0,11850.7333984375,1000000.0,,,13938.7138671875,400.0,8845.1259765625,0.0,11394.80078125,400.0,8000.0,,0.0,6079.29296875,1000000.0,,1200.0,16000.0,0.0,49065.10546875,53639.3359375,1200.0,16000.0,0.0,15603.7841796875,0.0,1350.0,1000000.0,0.0,7063.2578125,28253.03125,,,0.0
1965-02-04,50.0,3640.394287109375,8091.619140625,9007.8310546875,50.0,0.0,,4000.0,75.0,1957.3331298828125,546.15966796875,748.5361328125,50.0,2370.7978515625,3000.0,3000.0,0.0,,0.0,300.0,0.0,11839.189453125,13111.6044921875,300.0,0.0,0.0,5972.07421875,1000000.0,,42541.0625,4394.447265625,1000.0,12236.0859375,0.0,23800.341796875,24369.96484375,0.0,19373.68359375,0.0,13020.2041015625,1050.0,1000000.0,0.0,12140.0,,,190.0,4857.16796875,3137.35498046875,3532.832763671875,100.0,4992.18505859375,6500.0,6500.0,0.0,,0.0,50.0,0.0,1976.908447265625,999999.0,0.0,30.0,4500.0,4500.0,0.0,4021.023681640625,0.0,,50.0,3266.63720703125,2568.28173828125,3482.644287109375,50.0,0.0,4069.377685546875,,17901.19921875,999999.0,0.0,10000.0,0.0,21097.443359375,24138.638671875,50.0,13000.0,0.0,11533.26953125,1000000.0,,,15187.689453125,400.0,6928.04345703125,0.0,9335.08984375,400.0,8000.0,,0.0,5820.2900390625,1000000.0,,1200.0,16000.0,0.0,45777.80078125,50239.03125,1200.0,16000.0,0.0,16798.9609375,0.0,1350.0,1000000.0,0.0,7801.89208984375,31207.568359375,,,0.0
1965-02-05,50.0,3514.637451171875,6864.837890625,7753.8037109375,50.0,0.0,,3912.572021484375,75.0,1855.281982421875,423.0346984863281,645.6258544921875,50.0,2307.180908203125,3000.0,3000.0,0.0,,0.0,300.0,0.0,10477.3115234375,11768.6630859375,300.0,0.0,0.0,5845.91015625,1000000.0,,39846.6171875,5020.54638671875,1000.0,11598.96875,0.0,20048.912109375,20427.740234375,0.0,19262.232421875,0.0,13964.150390625,1050.0,1000000.0,0.0,12140.0,,,190.0,4147.53515625,2223.436767578125,2846.950927734375,100.0,4248.7978515625,6500.0,6500.0,0.0,,0.0,50.0,0.0,1254.861083984375,999999.0,0.0,30.0,4500.0,4500.0,0.0,3987.2529296875,0.0,,50.0,3083.10986328125,1790.432373046875,2659.93115234375,50.0,0.0,3997.221923828125,,18070.5,999999.0,0.0,10000.0,0.0,17111.33203125,20170.310546875,50.0,13000.0,0.0,11197.796875,1000000.0,,,16334.3154296875,400.0,5015.837890625,0.0,7503.32080078125,400.0,8000.0,,0.0,5226.75244140625,1000000.0,,1200.0,16000.0,0.0,41767.484375,46829.12109375,1200.0,16000.0,0.0,18142.921875,0.0,1350.0,1000000.0,0.0,8000.0,32000.0,,,0.0
1965-02-06,50.0,3381.07177734375,5670.671875,6502.15673828125,50.0,0.0,,3817.75537109375,75.0,1845.447265625,344.37890625,546.3406982421875,50.0,2152.9345703125,3000.0,3000.0,0.0,,0.0,300.0,0.0,8908.2373046875,10073.6064453125,300.0,0.0,0.0,5679.7568359375,1000000.0,,36326.0703125,5578.634765625,1000.0,10939.9453125,0.0,16489.029296875,16664.279296875,0.0,19151.298828125,0.0,15230.96484375,1050.0,1000000.0,0.0,12140.0,,,190.0,3745.1865234375,1622.2244873046875,2191.677978515625,100.0,3822.339111328125,6500.0,6500.0,0.0,,0.0,50.0,0.0,789.0869140625,999999.0,0.0,30.0,4500.0,4500.0,0.0,3972.9208984375,0.0,,50.0,2950.510498046875,1235.7352294921875,2136.949951171875,50.0,0.0,4248.18310546875,,18126.80078125,999999.0,0.0,10000.0,0.0,13259.236328125,16307.47265625,50.0,13000.0,0.0,10855.08984375,1000000.0,,,16055.64453125,400.0,3349.068603515625,0.0,5916.0244140625,400.0,8000.0,,0.0,4744.20947265625,1000000.0,,1200.0,16000.0,0.0,37412.5859375,42444.50390625,1200.0,16000.0,0.0,19110.404296875,0.0,1350.0,1000000.0,24796.0,8000.0,32000.0,,,0.0
1965-02-07,50.0,3239.28955078125,4511.19775390625,5320.75732421875,50.0,0.0,,3721.82275390625,75.0,1861.2244873046875,289.7239685058594,458.5548095703125,50.0,2068.272705078125,3000.0,3000.0,0.0,,0.0,300.0,0.0,7085.1357421875,8130.89501953125,300.0,0.0,0.0,5470.6728515625,1000000.0,,32047.435546875,5651.611328125,1000.0,10279.75,0.0,13070.345703125,13020.76953125,0.0,19035.234375,0.0,14890.33203125,1050.0,1000000.0,0.0,12140.0,,,190.0,3495.228515625,1219.579833984375,1600.2154541015625,100.0,3555.236083984375,6500.0,6500.0,0.0,,0.0,50.0,0.0,488.8232727050781,999999.0,0.0,30.0,4500.0,4500.0,0.0,3971.143310546875,0.0,,50.0,2891.552001953125,847.3974609375,1788.852294921875,50.0,0.0,4641.60498046875,,18323.400390625,999999.0,0.0,10000.0,0.0,9503.9150390625,12404.53125,50.0,13000.0,0.0,9903.095703125,1000000.0,,,16224.169921875,400.0,2116.278076171875,0.0,4719.09326171875,400.0,8000.0,,0.0,4531.70263671875,1000000.0,,1200.0,16000.0,0.0,32686.87890625,37244.9296875,1200.0,16000.0,0.0,19903.919921875,0.0,1350.0,1000000.0,24796.0,8000.0,32000.0,,,0.0
1965-02-08,50.0,3083.28173828125,3386.2529296875,4208.84423828125,50.0,0.0,,3632.956787109375,75.0,1883.0986328125,239.60108947753906,432.45947265625,50.0,2020.660888671875,3000.0,3000.0,0.0,,0.0,300.0,0.0,5232.5322265625,6352.46240234375,300.0,0.0,0.0,5246.05810546875,1000000.0,,27876.76171875,5538.439453125,1000.0,9509.2216796875,0.0,9767.326171875,9887.51953125,0.0,18827.08203125,0.0,15308.3515625,1050.0,1000000.0,0.0,12140.0,,,190.0,3274.6162109375,927.6188354492188,1349.7554931640625,100.0,3308.90625,6500.0,6500.0,0.0,,0.0,50.0,0.0,247.91455078125,999999.0,0.0,30.0,4500.0,4500.0,0.0,3975.8818359375,0.0,,50.0,2896.685546875,578.4732055664062,1467.620849609375,50.0,0.0,4717.62451171875,,18325.900390625,999999.0,0.0,10000.0,0.0,6139.06494140625,9148.337890625,50.0,13000.0,0.0,8708.7119140625,1000000.0,,,15997.4150390625,400.0,1232.8427734375,0.0,3972.142333984375,400.0,8000.0,,0.0,4498.42919921875,1000000.0,,1200.0,16000.0,0.0,27721.05859375,32193.15625,1200.0,16000.0,0.0,20370.462890625,0.0,1350.0,1000000.0,24796.0,8000.0,32000.0,,,0.0
1965-02-09,50.0,2852.277099609375,2305.2109375,3129.14453125,50.0,0.0,,3552.461669921875,75.0,1957.7686767578125,196.99935913085938,405.48553466796875,50.0,2048.885009765625,3000.0,3000.0,0.0,,0.0,300.0,0.0,3453.608642578125,4458.98486328125,300.0,0.0,0.0,5019.52978515625,1000000.0,,23730.703125,5436.31494140625,1000.0,8726.146484375,0.0,6700.26416015625,6664.056640625,0.0,18481.505859375,0.0,16202.0078125,1050.0,1000000.0,0.0,12140.0,,,190.0,3191.50537109375,715.838623046875,1175.9825439453125,100.0,3214.365234375,6500.0,6500.0,0.0,,0.0,50.0,0.0,75.55150604248047,999999.0,0.0,30.0,4500.0,4500.0,0.0,3989.525634765625,0.0,,50.0,2928.187744140625,356.8642578125,1266.2730712890625,50.0,0.0,4697.37451171875,,18318.599609375,999999.0,0.0,10000.0,0.0,3854.4443359375,6958.97705078125,50.0,13000.0,0.0,8010.52978515625,1000000.0,4760.0,,15862.912109375,400.0,567.4298706054688,0.0,3215.2392578125,400.0,8000.0,,0.0,4606.326171875,1000000.0,,1200.0,16000.0,0.0,22552.810546875,26744.271484375,1200.0,16000.0,0.0,20030.53125,0.0,1350.0,1000000.0,24796.0,8000.0,32000.0,,,0.0
1965-02-10,50.0,2613.572998046875,1479.3936767578125,2291.7685546875,50.0,0.0,,3481.39599609375,75.0,2060.111083984375,166.59616088867188,359.34185791015625,50.0,2119.773681640625,3000.0,3000.0,0.0,,0.0,300.0,0.0,1751.0517578125,2569.307861328125,300.0,0.0,0.0,4620.65380859375,1000000.0,,19611.173828125,5336.09765625,1000.0,8243.0703125,0.0,4463.3173828125,4335.73291015625,0.0,18203.787109375,0.0,17055.09375,1050.0,1000000.0,0.0,12140.0,,,190.0,3192.299072265625,554.4877319335938,1005.2030639648438,100.0,3207.539306640625,6500.0,6500.0,0.0,,0.0,50.0,0.0,0.0,999999.0,0.0,30.0,4500.0,4500.0,0.0,4009.500732421875,0.0,,50.0,2984.49609375,213.22750854492188,1129.964599609375,50.0,0.0,4708.54931640625,,18509.5,999999.0,0.0,10000.0,0.0,2300.936279296875,5358.16796875,50.0,13000.0,0.0,7679.3037109375,1000000.0,4760.0,,15794.31640625,400.0,114.13362884521484,0.0,2748.551513671875,400.0,8000.0,,0.0,4765.75927734375,1000000.0,,1200.0,16000.0,0.0,17349.396484375,21310.037109375,1200.0,16000.0,0.0,19484.677734375,0.0,1350.0,1000000.0,24796.0,8000.0,32000.0,,,0.0
1965-02-11,50.0,2463.32666015625,937.6493530273438,1728.8179931640625,50.0,0.0,,3422.363525390625,75.0,2151.64501953125,148.64193725585938,324.2459716796875,50.0,2190.040771484375,3000.0,3000.0,0.0,,0.0,300.0,0.0,215.28341674804688,942.5623168945312,300.0,0.0,0.0,4207.615234375,1000000.0,,15890.5205078125,5220.89306640625,1000.0,8009.91796875,0.0,2999.1455078125,2800.960205078125,0.0,18062.837890625,0.0,17194.638671875,1050.0,1000000.0,0.0,12140.0,,,190.0,3229.828125,463.8907775878906,885.5376586914062,100.0,3239.98828125,6500.0,6500.0,0.0,,0.0,50.0,0.0,0.0,999999.0,0.0,30.0,4500.0,4500.0,0.0,4027.691162109375,0.0,,50.0,3053.2314453125,120.46726989746094,976.4065551757812,50.0,0.0,4740.1298828125,,18555.0,999999.0,73.33558654785156,10000.0,0.0,1320.577392578125,4261.5556640625,50.0,13000.0,0.0,7560.1513671875,1000000.0,4760.0,,15772.515625,400.0,0.0,0.0,2323.426513671875,400.0,8000.0,,0.0,4926.8359375,1000000.0,,1200.0,15720.900390625,0.0,12114.529296875,15744.4384765625,1200.0,16000.0,0.0,19873.734375,0.0,1350.0,1000000.0,24796.0,8000.0,32000.0,,,0.0
1965-02-12,50.0,2381.662353515625,581.9771728515625,1347.5682373046875,50.0,0.0,,3361.266357421875,75.0,2234.076904296875,138.10842895507812,305.5191650390625,50.0,2259.674072265625,3000.0,3000.0,0.0,,0.0,300.0,0.0,0.0,0.0,300.0,0.0,0.0,3811.513671875,1000000.0,,12582.9052734375,5099.70458984375,1000.0,7956.0615234375,0.0,2063.386474609375,1542.7589111328125,0.0,18018.34765625,0.0,17834.744140625,1050.0,1000000.0,0.0,12140.0,,,190.0,3284.033203125,481.624267578125,767.004638671875,100.0,3290.806640625,6500.0,6500.0,0.0,,0.0,50.0,0.0,0.0,999999.0,0.0,30.0,4500.0,4500.0,0.0,4043.935791015625,0.0,,50.0,3122.129638671875,37.47657012939453,898.17626953125,50.0,0.0,4774.93505859375,,18628.400390625,999999.0,121.06329345703125,10000.0,0.0,823.9755249023438,3538.496826171875,50.0,13000.0,0.0,7579.197265625,1000000.0,4760.0,,15774.9873046875,400.0,0.0,0.0,1906.8404541015625,400.0,8000.0,,0.0,5071.67431640625,1000000.0,,1200.0,15483.63671875,0.0,8460.9326171875,11768.4111328125,1200.0,16000.0,0.0,21292.1875,0.0,1350.0,1000000.0,24796.0,6057.2646484375,24229.05859375,,,0.0
1965-02-13,50.0,2358.414306640625,332.13568115234375,1125.750732421875,50.0,0.0,,3291.9228515625,75.0,2318.615966796875,128.9418182373047,300.6822814941406,50.0,2334.839111328125,3000.0,3000.0,0.0,,0.0,300.0,0.0,0.0,0.0,300.0,0.0,0.0,3439.874267578125,1000000.0,,9771.3916015625,4958.080078125,1000.0,8058.23583984375,0.0,1543.747802734375,1061.6170654296875,0.0,18082.84765625,0.0,16966.59765625,1050.0,1000000.0,0.0,12140.0,,,190.0,3305.963134765625,492.3692626953125,733.62158203125,100.0,3310.478759765625,6500.0,6500.0,0.0,,0.0,50.0,0.0,0.0,999999.0,0.0,30.0,4500.0,4500.0,0.0,4058.121337890625,0.0,,50.0,3198.4482421875,0.0,872.9451904296875,50.0,0.0,4808.21142578125,,18535.80078125,999999.0,13.635574340820312,10000.0,0.0,459.8902893066406,3178.782470703125,50.0,13000.0,0.0,7666.0615234375,1000000.0,4760.0,,15792.755859375,400.0,0.0,0.0,1535.5015869140625,400.0,8000.0,,0.0,5199.4501953125,1000000.0,,1200.0,15336.6484375,0.0,5840.44140625,8993.951171875,1200.0,16000.0,0.0,21476.572265625,0.0,1350.0,1000000.0,24796.0,4230.46630859375,16921.865234375,,,0.0
1965-02-14,50.0,2376.334716796875,161.90965270996094,980.058349609375,50.0,0.0,,3218.07763671875,75.0,2411.927490234375,120.35331726074219,300.1314392089844,50.0,2422.7431640625,3000.0,3000.0,0.0,,0.0,300.0,0.0,0.0,0.0,300.0,0.0,0.0,3116.67041015625,1000000.0,,7331.51708984375,4748.26611328125,1000.0,8234.4619140625,0.0,1146.2923583984375,794.3558349609375,0.0,18190.6796875,0.0,16547.75,1050.0,1000000.0,0.0,12140.0,,,190.0,3343.94482421875,490.6856689453125,874.260986328125,100.0,3346.955322265625,6500.0,6500.0,0.0,,0.0,50.0,0.0,0.0,999999.0,0.0,30.0,4500.0,4500.0,0.0,4073.49755859375,0.0,,50.0,3243.37109375,0.0,780.157470703125,50.0,0.0,4777.9560546875,,18087.400390625,999999.0,0.0,10000.0,0.0,168.3946075439453,3238.31640625,50.0,13000.0,0.0,7834.96484375,1000000.0,4760.0,,15830.7216796875,400.0,0.0,0.0,843.0482788085938,400.0,8000.0,,0.0,5141.9384765625,1000000.0,,1200.0,15255.9072265625,0.0,3976.377197265625,7996.607421875,1200.0,16000.0,0.0,21490.455078125,0.0,1350.0,1000000.0,24796.0,2920.220703125,11680.8828125,,,0.0
1965-02-15,50.0,2429.574951171875,63.65840530395508,845.1023559570312,50.0,0.0,,3135.24169921875,75.0,2507.64306640625,108.42304992675781,295.2887878417969,50.0,2488.70361328125,3000.0,3000.0,0.0,,0.0,300.0,0.0,0.0,0.0,300.0,0.0,0.0,3000.0,1000000.0,,5114.8466796875,4533.0126953125,1000.0,8427.669921875,0.0,756.9188842773438,255.89747619628906,0.0,18287.521484375,0.0,16515.421875,1050.0,1000000.0,0.0,12140.0,,,190.0,3312.6298828125,368.94183349609375,757.7045288085938,100.0,3314.63671875,6500.0,6500.0,0.0,,0.0,50.0,0.0,0.0,999999.0,0.0,30.0,4500.0,4500.0,0.0,4096.45556640625,0.0,,50.0,3282.595703125,0.0,671.2456665039062,50.0,0.0,4742.64013671875,,18318.80078125,999999.0,0.0,10000.0,0.0,0.0,2902.68212890625,50.0,13000.0,0.0,8117.2158203125,1000000.0,4760.0,,15882.798828125,400.0,0.0,0.0,382.9454650878906,400.0,8000.0,,0.0,5284.32275390625,1000000.0,,1200.0,15251.2578125,0.0,2692.9501953125,6491.9580078125,1200.0,16000.0,0.0,21209.291015625,0.0,1350.0,1000000.0,24796.0,1988.1885986328125,7952.75439453125,,,0.0
1965-02-16,50.0,2484.535400390625,53.81602478027344,756.2106323242188,50.0,0.0,,3038.21826171875,75.0,2560.464599609375,96.1260757446289,284.83074951171875,50.0,2512.53955078125,3000.0,3000.0,0.0,,0.0,300.0,0.0,0.0,0.0,300.0,0.0,0.0,3000.0,1000000.0,,3014.8466796875,4300.71044921875,1000.0,8588.70703125,0.0,364.48870849609375,0.0,0.0,18375.1953125,0.0,16619.287109375,1050.0,1000000.0,0.0,12140.0,,,190.0,3495.710205078125,400.6636047363281,824.5970458984375,100.0,3495.710205078125,6500.0,6500.0,0.0,,0.0,50.0,0.0,0.0,999999.0,0.0,30.0,4500.0,4500.0,0.0,4120.0830078125,0.0,,50.0,3266.316650390625,0.0,342.452880859375,50.0,0.0,4822.23291015625,,18230.30078125,999999.0,0.0,10000.0,0.0,0.0,2642.87646484375,50.0,13000.0,0.0,8388.3037109375,1000000.0,4760.0,,15932.9638671875,400.0,0.0,0.0,0.0,400.0,8000.0,,0.0,5410.65234375,1000000.0,,1200.0,15266.53125,0.0,1858.9052734375,5439.359375,1200.0,16000.0,0.0,21066.703125,0.0,1350.0,1000000.0,24796.0,1346.47509765625,5385.900390625,,,0.0
1965-02-17,50.0,2538.845458984375,70.33291625976562,725.1192016601562,50.0,0.0,,2939.815673828125,75.0,2612.980224609375,86.00389862060547,270.55999755859375,50.0,2535.727294921875,3000.0,3000.0,0.0,,0.0,300.0,0.0,0.0,0.0,300.0,0.0,0.0,3000.0,1000000.0,,914.8466796875,4056.9794921875,1000.0,8736.8232421875,0.0,0.0,0.0,0.0,18457.361328125,0.0,16602.89453125,1050.0,1000000.0,0.0,12140.0,,,190.0,3495.71142578125,178.28073120117188,711.189697265625,100.0,3495.71142578125,6500.0,6500.0,0.0,,0.0,50.0,0.0,0.0,999999.0,0.0,30.0,4500.0,4500.0,0.0,4142.36279296875,0.0,,50.0,3297.63232421875,0.0,258.1228942871094,50.0,0.0,4912.73974609375,,18334.5,999999.0,0.0,10000.0,0.0,0.0,2439.437744140625,50.0,13000.0,0.0,8640.0703125,1000000.0,,,15980.60546875,400.0,0.0,0.0,0.0,400.0,8000.0,,0.0,5531.04052734375,1000000.0,,1200.0,15295.1806640625,0.0,1247.6573486328125,4780.79443359375,1200.0,16000.0,0.0,20719.958984375,0.0,1350.0,1000000.0,24796.0,929.45263671875,3717.810546875,,,0.0
1965-02-18,50.0,2597.7197265625,84.43952178955078,827.4165649414062,50.0,0.0,,2862.026611328125,75.0,2662.45654296875,73.09479522705078,256.1509094238281,50.0,2557.00927734375,3000.0,3000.0,0.0,,0.0,300.0,0.0,0.0,0.0,300.0,0.0,0.0,3000.0,1000000.0,,900.0,3802.123291015625,1000.0,8884.939453125,0.0,0.0,0.0,0.0,18529.37109375,0.0,16522.455078125,1050.0,1000000.0,0.0,12140.0,,,190.0,3736.68505859375,326.6947937011719,773.493896484375,100.0,3736.68505859375,6500.0,6500.0,0.0,,0.0,50.0,0.0,0.0,999999.0,0.0,30.0,4500.0,4500.0,0.0,4162.80810546875,0.0,,50.0,3328.53515625,0.0,118.6672134399414,50.0,0.0,4985.33203125,,18388.599609375,999999.0,0.0,10000.0,0.0,0.0,2308.62646484375,50.0,13000.0,0.0,8877.095703125,1000000.0,,,16027.8056640625,400.0,0.0,0.0,0.0,400.0,8000.0,,0.0,5657.20654296875,1000000.0,,1200.0,15338.4853515625,0.0,853.2056274414062,4436.23779296875,1200.0,16000.0,0.0,20481.939453125,0.0,1350.0,1000000.0,24796.0,623.8286743164062,2495.314697265625,,,0.0
1965-02-19,50.0,2568.813232421875,0.0,629.6776733398438,50.0,0.0,,2848.038330078125,75.0,2710.80078125,66.70254516601562,249.8401336669922,50.0,2577.99267578125,3000.0,3000.0,0.0,,0.0,300.0,0.0,0.0,0.0,300.0,0.0,0.0,3000.0,1000000.0,,1000.0,3537.770751953125,1000.0,9033.0556640625,0.0,0.0,0.0,0.0,18603.23046875,0.0,16464.92578125,1050.0,1000000.0,0.0,12140.0,,,190.0,3738.266357421875,116.19161224365234,624.90283203125,100.0,3738.266357421875,6500.0,6500.0,0.0,,0.0,50.0,0.0,0.0,999999.0,0.0,30.0,4500.0,4500.0,0.0,4179.96728515625,0.0,,50.0,3355.496337890625,0.0,0.0,50.0,0.0,5000.90869140625,,18409.599609375,999999.0,0.0,10000.0,0.0,0.0,1456.1009521484375,50.0,13000.0,0.0,8772.8212890625,1000000.0,,,16008.90234375,400.0,0.0,0.0,0.0,400.0,8000.0,,0.0,5775.81396484375,1000000.0,,1200.0,15382.3828125,0.0,453.9857482910156,3992.815185546875,1200.0,16000.0,0.0,20099.23046875,0.0,1350.0,1000000.0,24796.0,600.0,2400.0,,,0.0
1965-02-20,50.0,2658.275146484375,0.0,659.4387817382812,50.0,0.0,,2866.249267578125,75.0,2758.466552734375,73.2346420288086,231.64913940429688,50.0,2597.412109375,3000.0,3000.0,0.0,,0.0,300.0,0.0,0.0,0.0,300.0,0.0,0.0,3000.0,1000000.0,,1000.0,3273.307861328125,1000.0,9191.826171875,0.0,0.0,0.0,0.0,18678.4765625,0.0,16479.447265625,1050.0,1000000.0,0.0,12140.0,,,190.0,3955.8408203125,201.95106506347656,648.60009765625,100.0,3955.8408203125,6500.0,6500.0,0.0,,0.0,50.0,0.0,0.0,999999.0,0.0,30.0,4500.0,4500.0,0.0,4195.2587890625,0.0,,50.0,3379.180419921875,0.0,0.0,50.0,0.0,5022.72314453125,,18425.69921875,999999.0,0.0,10000.0,0.0,0.0,1214.2982177734375,50.0,13000.0,0.0,9037.9052734375,1000000.0,,,16058.7060546875,400.0,0.0,0.0,0.0,400.0,8000.0,,0.0,5896.78076171875,1000000.0,,1200.0,15422.763671875,0.0,81.81864929199219,3624.604248046875,1200.0,16000.0,0.0,19971.830078125,0.0,1350.0,1000000.0,24796.0,600.0,2400.0,,,0.0
1965-02-21,50.0,2749.34375,0.0,711.2193603515625,50.0,0.0,,2901.35302734375,75.0,2797.45458984375,61.471038818359375,228.12225341796875,50.0,2614.5927734375,3000.0,3000.0,0.0,,0.0,300.0,0.0,0.0,0.0,300.0,0.0,0.0,3000.0,1000000.0,,1000.0,3002.178466796875,1000.0,9370.4619140625,0.0,0.0,0.0,0.0,18749.93359375,0.0,16443.041015625,1050.0,1000000.0,0.0,12140.0,,,190.0,4095.7119140625,185.72369384765625,600.1976928710938,100.0,4095.7119140625,6500.0,6500.0,0.0,,0.0,50.0,0.0,0.0,999999.0,0.0,30.0,4500.0,4500.0,0.0,4208.65576171875,0.0,,50.0,3400.6923828125,0.0,0.0,50.0,0.0,5031.474609375,,18519.80078125,999999.0,0.0,10000.0,0.0,0.0,941.5648193359375,50.0,13000.0,0.0,9282.5859375,1000000.0,,,16104.2216796875,400.0,0.0,0.0,0.0,400.0,8000.0,,0.0,6004.49072265625,1000000.0,,1200.0,15464.091796875,0.0,0.0,3134.655029296875,1200.0,16000.0,0.0,19686.443359375,0.0,1350.0,1000000.0,24796.0,600.0,2400.0,,,0.0
1965-02-22,50.0,2840.00732421875,0.0,751.5193481445312,50.0,0.0,,2961.27880859375,75.0,2783.63623046875,0.0,204.80511474609375,50.0,2611.703125,3000.0,3000.0,0.0,,0.0,300.0,0.0,0.0,0.0,300.0,0.0,0.0,3000.0,1000000.0,,1000.0,3000.0,1000.0,9536.77734375,0.0,0.0,0.0,0.0,18820.4765625,0.0,16230.2978515625,1050.0,1000000.0,0.0,12140.0,,,190.0,4095.712646484375,0.0,497.2651062011719,100.0,4095.712646484375,6500.0,6500.0,0.0,,0.0,50.0,0.0,0.0,999999.0,0.0,30.0,4500.0,4500.0,0.0,4220.28662109375,0.0,,50.0,3421.452880859375,0.0,0.0,50.0,0.0,5056.02978515625,,18414.599609375,999999.0,0.0,10000.0,0.0,0.0,1014.639892578125,50.0,13000.0,0.0,9515.171875,1000000.0,,,16151.6748046875,400.0,0.0,0.0,0.0,400.0,8000.0,,0.0,6030.482421875,1000000.0,,1200.0,15497.654296875,0.0,0.0,2824.044189453125,1200.0,16000.0,0.0,19614.728515625,0.0,1350.0,1000000.0,24796.0,675.0,2700.0,,,0.0
1965-02-23,50.0,2840.338134765625,0.0,433.9601135253906,50.0,0.0,,3013.954345703125,75.0,2835.018310546875,0.0,159.14662170410156,50.0,2629.428466796875,3000.0,3000.0,0.0,,0.0,300.0,0.0,0.0,0.0,300.0,0.0,0.0,3000.0,1000000.0,,900.0,3000.0,1000.0,9744.931640625,0.0,0.0,0.0,0.0,18877.607421875,0.0,16287.9892578125,1050.0,1000000.0,0.0,12140.0,,,190.0,4240.25830078125,44.2650146484375,482.06512451171875,100.0,4240.25830078125,6500.0,6500.0,0.0,,0.0,50.0,0.0,0.0,999999.0,0.0,30.0,4500.0,4500.0,0.0,4231.46728515625,0.0,,50.0,3444.913330078125,0.0,0.0,50.0,0.0,5090.52294921875,,18468.400390625,999999.0,0.0,10000.0,0.0,0.0,730.9121704101562,50.0,13000.0,0.0,9786.0771484375,1000000.0,,,16199.8720703125,400.0,0.0,0.0,0.0,400.0,8000.0,,0.0,6061.24658203125,1000000.0,,1200.0,15536.4072265625,0.0,0.0,2178.356689453125,1200.0,16000.0,0.0,19559.77734375,0.0,1350.0,1000000.0,24796.0,675.0,2700.0,,,0.0
1965-02-24,50.0,2910.06640625,0.0,342.682373046875,50.0,0.0,,3049.587158203125,75.0,2868.689453125,0.0,136.01002502441406,50.0,2642.782470703125,3000.0,3000.0,0.0,,0.0,300.0,0.0,0.0,0.0,300.0,0.0,0.0,3000.0,1000000.0,,900.0,3000.0,1000.0,9906.3681640625,0.0,0.0,0.0,0.0,18917.80078125,0.0,16284.8955078125,1050.0,1000000.0,0.0,12140.0,,,190.0,4366.9521484375,69.2650146484375,468.9206848144531,100.0,4366.9521484375,6500.0,6500.0,0.0,,0.0,50.0,0.0,0.0,999999.0,0.0,30.0,4500.0,4500.0,0.0,4241.33251953125,0.0,,50.0,3464.624755859375,0.0,0.0,50.0,0.0,5118.28759765625,,18566.30078125,999999.0,0.0,10000.0,0.0,0.0,455.9454650878906,50.0,13000.0,0.0,10028.9765625,1000000.0,,,16244.099609375,400.0,0.0,0.0,0.0,400.0,8000.0,,0.0,6084.83740234375,1000000.0,,1200.0,15567.580078125,0.0,0.0,1664.0045166015625,1200.0,16000.0,0.0,19565.666015625,0.0,1350.0,1000000.0,24796.0,675.0,2700.0,,,0.0
1965-02-25,50.0,2974.8671875,0.0,276.14898681640625,50.0,0.0,,3079.662353515625,75.0,2898.918701171875,0.0,110.19245910644531,50.0,2654.26513671875,3000.0,3000.0,0.0,,0.0,300.0,0.0,0.0,0.0,300.0,0.0,0.0,3000.0,1000000.0,,900.0,3000.0,1000.0,10037.3681640625,0.0,0.0,0.0,0.0,18951.46484375,0.0,16244.6181640625,1050.0,1000000.0,0.0,12140.0,,,190.0,4482.9501953125,78.06500244140625,461.05401611328125,100.0,4482.9501953125,6500.0,6500.0,0.0,,0.0,50.0,0.0,0.0,999999.0,0.0,30.0,4500.0,4500.0,0.0,4250.61279296875,0.0,,50.0,3483.205322265625,0.0,0.0,50.0,0.0,5143.42724609375,,18616.80078125,999999.0,6.641642093658447,10000.0,0.0,0.0,206.5121307373047,50.0,13000.0,0.0,10251.2490234375,1000000.0,,,16285.3349609375,400.0,0.0,0.0,0.0,400.0,8000.0,,0.0,6105.76904296875,1000000.0,,1200.0,15597.8486328125,0.0,0.0,1074.473876953125,1200.0,16000.0,0.0,19542.9140625,0.0,1350.0,1000000.0,24796.0,675.0,2700.0,,,0.0
1965-02-26,50.0,3013.962158203125,0.0,208.3878936767578,50.0,0.0,,3107.183349609375,75.0,2924.9345703125,0.0,144.5174560546875,50.0,2669.084228515625,3000.0,3000.0,0.0,,0.0,300.0,0.0,0.0,0.0,300.0,0.0,0.0,3000.0,1000000.0,,900.0,3000.0,1000.0,10136.859375,0.0,0.0,0.0,0.0,19000.62109375,0.0,16040.3251953125,1050.0,1000000.0,0.0,12140.0,,,190.0,4593.20947265625,107.07423400878906,484.1873474121094,100.0,4593.20947265625,6500.0,6500.0,0.0,,0.0,50.0,0.0,0.0,999999.0,0.0,30.0,4500.0,4500.0,0.0,4259.30908203125,0.0,,50.0,3500.947509765625,0.0,0.0,50.0,0.0,5045.85107421875,,18634.19921875,999999.0,45.53700637817383,10000.0,0.0,0.0,0.0,50.0,13000.0,0.0,10465.5693359375,1000000.0,,,16325.4794921875,400.0,0.0,0.0,0.0,400.0,8000.0,,0.0,6125.244140625,1000000.0,,1200.0,15625.044921875,0.0,0.0,597.517578125,1200.0,16000.0,0.0,19523.701171875,0.0,1350.0,1000000.0,24796.0,675.0,2700.0,,,0.0
1965-02-27,50.0,3042.97509765625,0.0,434.5434265136719,50.0,0.0,,3127.104248046875,75.0,2968.60400390625,147.4429931640625,415.177490234375,50.0,2706.382080078125,3000.0,3000.0,0.0,,0.0,300.0,0.0,0.0,0.0,300.0,0.0,0.0,3000.0,1000000.0,,1300.0,3000.0,1000.0,10242.4609375,0.0,0.0,0.0,0.0,19022.58984375,0.0,15449.5078125,1050.0,1000000.0,0.0,12140.0,,,190.0,4710.6240234375,798.66943359375,1436.85400390625,100.0,4710.6240234375,6500.0,6500.0,0.0,,0.0,50.0,0.0,0.0,999999.0,0.0,30.0,4500.0,4500.0,0.0,4267.81005859375,0.0,,50.0,3534.54833984375,0.0,0.0,50.0,0.0,4968.4638671875,,18254.900390625,999999.0,0.0,10000.0,0.0,0.0,522.0732421875,50.0,13000.0,0.0,10672.7890625,1000000.0,,,16376.7353515625,400.0,0.0,0.0,0.0,400.0,8000.0,,0.0,6148.50732421875,1000000.0,,1200.0,15654.556640625,0.0,0.0,585.515869140625,1200.0,16000.0,0.0,19218.93359375,0.0,1350.0,1000000.0,24796.0,675.0,2700.0,,,0.0
1965-02-28,50.0,3087.185546875,0.0,393.815673828125,50.0,0.0,,3118.95849609375,75.0,3000.0,166.7986602783203,400.3999938964844,50.0,2742.152099609375,3000.0,3000.0,0.0,,0.0,300.0,0.0,0.0,0.0,300.0,0.0,0.0,3000.0,1000000.0,,1100.0,3000.0,1000.0,10384.7939453125,0.0,0.0,0.0,0.0,19051.92578125,0.0,15506.333984375,1050.0,1000000.0,0.0,12140.0,,,190.0,4832.859375,632.7205810546875,1216.3026123046875,100.0,4832.859375,6500.0,6500.0,0.0,,0.0,50.0,0.0,0.0,999999.0,0.0,30.0,4500.0,4500.0,0.0,4282.52978515625,0.0,,50.0,3584.648681640625,0.0,0.0,50.0,0.0,5085.2744140625,,18188.599609375,999999.0,0.0,10000.0,0.0,0.0,383.7676696777344,50.0,13000.0,0.0,10797.8603515625,1000000.0,,,16436.109375,400.0,0.0,0.0,0.0,400.0,8000.0,,0.0,6206.35498046875,1000000.0,,1200.0,15696.619140625,0.0,0.0,306.6846618652344,1200.0,16000.0,0.0,19259.37890625,0.0,1350.0,1000000.0,24796.0,675.0,2700.0,,,0.0
1965-03-01,50.0,3126.410888671875,0.0,338.3184814453125,50.0,0.0,,3156.81982421875,75.0,3000.0,65.77925109863281,281.8072814941406,50.0,2737.218017578125,3000.0,3000.0,0.0,,0.0,300.0,0.0,0.0,0.0,300.0,0.0,0.0,3000.0,1000000.0,,1000.0,3000.0,1000.0,10573.0400390625,0.0,0.0,0.0,0.0,19081.337890625,0.0,15717.3681640625,1050.0,1000000.0,0.0,12140.0,,,190.0,4832.85888671875,380.9879150390625,887.6642456054688,100.0,4832.85888671875,6500.0,6500.0,0.0,,0.0,50.0,0.0,0.0,999999.0,0.0,30.0,4500.0,4500.0,0.0,4296.6796875,0.0,,50.0,3633.112060546875,0.0,0.0,50.0,0.0,5241.17041015625,,18390.0,999999.0,0.0,10000.0,0.0,0.0,42.439849853515625,50.0,13000.0,0.0,10879.3564453125,1000000.0,,,16487.953125,400.0,0.0,621.1904907226562,0.0,400.0,8000.0,,0.0,6250.544921875,1000000.0,,1200.0,15739.5947265625,0.0,0.0,0.0,1200.0,16000.0,0.0,19329.052734375,0.0,1350.0,1000000.0,24796.0,675.0,2700.0,,,0.0
1965-03-02,50.0,3158.798828125,0.0,352.78790283203125,50.0,0.0,,3190.831787109375,75.0,3000.0,73.2114486694336,282.22393798828125,50.0,2761.824462890625,3000.0,3000.0,0.0,,0.0,300.0,0.0,0.0,0.0,300.0,0.0,0.0,3000.0,1000000.0,,1000.0,3000.0,1000.0,10724.5546875,0.0,0.0,0.0,0.0,19105.404296875,0.0,15873.783203125,1050.0,1000000.0,0.0,12140.0,,,190.0,5000.0,383.7253112792969,883.6974487304688,100.0,5000.0,6500.0,6500.0,0.0,,0.0,50.0,0.0,0.0,999999.0,0.0,30.0,4500.0,4500.0,0.0,4309.515625,0.0,,50.0,3668.166748046875,0.0,0.0,50.0,0.0,5336.8193359375,,18432.30078125,999999.0,0.0,10000.0,0.0,0.0,106.10372161865234,50.0,13000.0,0.0,10947.333984375,1000000.0,,,16532.197265625,400.0,0.0,616.2286987304688,0.0,400.0,8000.0,,0.0,6277.70947265625,1000000.0,,1200.0,15776.0126953125,0.0,0.0,0.0,1200.0,16000.0,0.0,19396.7890625,0.0,1350.0,1000000.0,24796.0,675.0,2700.0,,,0.0
1965-03-03,50.0,3189.400146484375,0.0,371.78790283203125,50.0,0.0,,3212.333251953125,75.0,3000.0,0.0,209.48680114746094,50.0,2760.027099609375,3000.0,3000.0,0.0,,0.0,300.0,0.0,0.0,0.0,300.0,0.0,0.0,3000.0,1000000.0,,900.0,3000.0,1000.0,10845.69140625,0.0,0.0,0.0,0.0,19124.671875,0.0,15977.1689453125,1050.0,1000000.0,0.0,12140.0,,,190.0,5000.0,163.765380859375,670.4607543945312,100.0,5000.0,6500.0,6500.0,0.0,,0.0,50.0,0.0,0.0,999999.0,0.0,30.0,4500.0,4500.0,0.0,4321.490234375,0.0,,50.0,3700.60107421875,0.0,0.0,50.0,0.0,5395.60400390625,,18532.900390625,999999.0,0.0,10000.0,0.0,0.0,222.1537322998047,50.0,13000.0,0.0,11007.1806640625,1000000.0,,,16572.146484375,400.0,0.0,611.9029541015625,0.0,400.0,8000.0,,0.0,6300.09912109375,1000000.0,,1200.0,15811.7685546875,0.0,0.0,0.0,1200.0,16000.0,0.0,19416.365234375,0.0,1350.0,1000000.0,24796.0,675.0,2700.0,,,0.0
1965-03-04,50.0,3214.5517578125,0.0,372.6379089355469,50.0,0.0,,3212.111083984375,75.0,3000.0,0.0,191.08819580078125,50.0,2782.752685546875,3000.0,3000.0,0.0,,0.0,300.0,0.0,0.0,0.0,300.0,0.0,0.0,3000.0,1000000.0,,800.0,3000.0,1000.0,10958.67578125,0.0,0.0,0.0,0.0,19144.501953125,0.0,16030.3466796875,1050.0,1000000.0,0.0,12140.0,,,190.0,5000.0,196.3250732421875,673.256591796875,100.0,5000.0,6500.0,6500.0,0.0,,0.0,50.0,0.0,0.0,999999.0,0.0,30.0,4500.0,4500.0,0.0,4331.54345703125,0.0,,50.0,3726.48974609375,0.0,0.0,50.0,0.0,5441.56494140625,,18600.80078125,999999.0,46.04166793823242,10000.0,0.0,0.0,323.595458984375,50.0,13000.0,0.0,11062.4619140625,1000000.0,,,16609.40234375,400.0,0.0,606.1431884765625,0.0,400.0,8000.0,,0.0,6321.11962890625,1000000.0,,1200.0,15848.6015625,0.0,0.0,0.0,1200.0,16000.0,0.0,19479.6796875,0.0,1350.0,1000000.0,24796.0,675.0,2700.0,,,0.0
1965-03-05,50.0,3237.477294921875,0.0,354.6212158203125,50.0,0.0,,3235.03662109375,75.0,3000.0,0.0,174.78958129882812,50.0,2798.982666015625,3000.0,3000.0,0.0,,0.0,300.0,0.0,0.0,0.0,300.0,0.0,0.0,3000.0,1000000.0,,800.0,3000.0,1000.0,11079.337890625,0.0,0.0,0.0,0.0,19161.92578125,0.0,16113.404296875,1050.0,1000000.0,0.0,12140.0,,,190.0,5000.0,0.0,499.24609375,100.0,5000.0,6500.0,6500.0,0.0,,0.0,50.0,0.0,0.0,999999.0,0.0,30.0,4500.0,4500.0,0.0,4340.42333984375,0.0,,50.0,3746.08203125,0.0,0.0,50.0,0.0,5485.29248046875,,18649.0,999999.0,102.14163970947266,10000.0,0.0,0.0,360.0120544433594,50.0,13000.0,0.0,11112.8955078125,1000000.0,,,16644.697265625,400.0,0.0,605.0982666015625,0.0,400.0,8000.0,,0.0,6339.95751953125,1000000.0,,1200.0,15880.5234375,0.0,0.0,0.0,1200.0,16000.0,0.0,19523.60546875,0.0,1350.0,1000000.0,24796.0,675.0,2700.0,,,0.0
1965-03-06,50.0,3256.75390625,0.0,364.360107421875,50.0,0.0,,3254.661865234375,75.0,3000.0,0.0,147.63401794433594,50.0,2812.439208984375,3000.0,3000.0,0.0,,0.0,300.0,0.0,0.0,0.0,300.0,0.0,0.0,3000.0,1000000.0,,800.0,3000.0,1000.0,11171.8994140625,0.0,0.0,0.0,0.0,19177.134765625,0.0,16139.158203125,1050.0,1000000.0,0.0,12140.0,,,190.0,5000.0,0.5886237025260925,444.9085693359375,100.0,5000.0,6500.0,6500.0,0.0,,0.0,50.0,0.0,0.0,999999.0,0.0,30.0,4500.0,4500.0,0.0,4348.32861328125,0.0,,50.0,3768.435791015625,0.0,0.0,50.0,0.0,5525.0419921875,,18691.5,999999.0,149.9416961669922,10000.0,0.0,0.0,387.8982238769531,50.0,13000.0,0.0,11160.521484375,1000000.0,,,16715.3515625,400.0,0.0,605.7454833984375,0.0,400.0,8000.0,,0.0,6355.67529296875,1000000.0,,1200.0,15910.681640625,0.0,0.0,0.0,1200.0,16000.0,0.0,19548.87109375,0.0,1350.0,1000000.0,24796.0,675.0,2700.0,,,0.0
1965-03-07,50.0,3274.98046875,0.0,375.0323486328125,50.0,0.0,,3272.539794921875,75.0,3000.0,0.0,126.44513702392578,50.0,2823.763427734375,3000.0,3000.0,0.0,,0.0,300.0,0.0,0.0,0.0,300.0,0.0,0.0,3000.0,1000000.0,,800.0,3000.0,1000.0,11264.4609375,0.0,0.0,0.0,0.0,19191.654296875,0.0,16185.0771484375,1050.0,1000000.0,0.0,12140.0,,,190.0,5000.0,0.0,421.0696716308594,100.0,5000.0,6500.0,6500.0,0.0,,0.0,50.0,0.0,0.0,999999.0,0.0,30.0,4500.0,4500.0,0.0,4355.3486328125,0.0,,50.0,3787.408447265625,0.0,0.0,50.0,0.0,5563.7841796875,,18726.400390625,999999.0,185.74168395996094,10000.0,0.0,0.0,418.98431396484375,50.0,13000.0,0.0,11201.896484375,1000000.0,,,16802.451171875,400.0,0.0,609.5336303710938,0.0,400.0,8000.0,,0.0,6369.2802734375,1000000.0,,1200.0,15937.1513671875,0.0,0.0,0.0,1200.0,16000.0,0.0,19582.201171875,0.0,1350.0,1000000.0,24796.0,675.0,2700.0,,,0.0
1965-03-08,50.0,3294.561767578125,0.0,348.9823303222656,50.0,0.0,,3292.12109375,75.0,3000.0,0.0,91.88957977294922,50.0,2833.301025390625,3000.0,3000.0,0.0,,0.0,300.0,0.0,0.0,0.0,300.0,0.0,0.0,3000.0,1000000.0,,800.0,3000.0,1000.0,11347.6357421875,0.0,0.0,0.0,0.0,19205.697265625,0.0,16202.8330078125,1050.0,1000000.0,0.0,12140.0,,,190.0,5000.0,0.0,337.33636474609375,100.0,5000.0,6500.0,6500.0,0.0,,0.0,50.0,0.0,0.0,999999.0,0.0,30.0,4500.0,4500.0,0.0,4361.65966796875,0.0,,50.0,3803.818603515625,0.0,0.0,50.0,0.0,5595.1328125,,18765.5,999999.0,213.24168395996094,10000.0,0.0,0.0,365.4203796386719,50.0,13000.0,0.0,11240.265625,1000000.0,,,16908.748046875,400.0,0.0,615.2591552734375,0.0,400.0,8000.0,,0.0,6380.8935546875,1000000.0,,1200.0,15961.1884765625,0.0,0.0,0.0,1200.0,16000.0,0.0,19592.994140625,0.0,1350.0,1000000.0,24796.0,675.0,2700.0,,,0.0
1965-03-09,50.0,3312.291748046875,0.0,339.9323425292969,50.0,0.0,,3309.85107421875,75.0,3000.0,0.0,66.81041717529297,50.0,2841.4423828125,3000.0,3000.0,0.0,,0.0,300.0,0.0,0.0,0.0,300.0,0.0,0.0,3000.0,1000000.0,,700.0,3000.0,1000.0,11428.1611328125,0.0,0.0,0.0,0.0,19218.9140625,0.0,16216.9677734375,1050.0,1000000.0,0.0,12140.0,,,190.0,5000.0,0.0,299.3030090332031,100.0,5000.0,6500.0,6500.0,0.0,,0.0,50.0,0.0,0.0,999999.0,0.0,30.0,4500.0,4500.0,0.0,4367.3505859375,0.0,,50.0,3817.11181640625,0.0,0.0,50.0,0.0,5619.94482421875,,18774.69921875,999999.0,234.74168395996094,10000.0,0.0,0.0,337.0398254394531,50.0,13000.0,0.0,11275.8583984375,1000000.0,,,17024.25,400.0,0.0,622.0885009765625,0.0,400.0,8000.0,,0.0,6392.53076171875,1000000.0,,1200.0,15984.07421875,0.0,0.0,0.0,1200.0,16000.0,0.0,19614.953125,0.0,1350.0,1000000.0,24796.0,675.0,2700.0,,,0.0
1965-03-10,50.0,3327.85888671875,0.0,336.8240051269531,50.0,0.0,,3325.766845703125,75.0,3000.0,0.0,40.13125228881836,50.0,2848.964111328125,3000.0,3000.0,0.0,,0.0,300.0,0.0,0.0,0.0,300.0,0.0,0.0,3000.0,1000000.0,,700.0,3000.0,1000.0,11511.2568359375,0.0,0.0,0.0,0.0,19232.548828125,0.0,16248.173828125,1050.0,1000000.0,0.0,12140.0,,,190.0,5000.0,0.0,242.88912963867188,100.0,5000.0,6500.0,6500.0,0.0,,0.0,50.0,0.0,0.0,999999.0,0.0,30.0,4500.0,4500.0,0.0,4372.7314453125,0.0,,50.0,3829.4453125,0.0,0.0,50.0,0.0,5643.64990234375,,18793.30078125,999999.0,250.24168395996094,10000.0,0.0,0.0,314.2926330566406,50.0,13000.0,0.0,11308.890625,1000000.0,,,17148.15625,400.0,0.0,629.1434326171875,0.0,400.0,8000.0,,0.0,6403.27099609375,1000000.0,,1200.0,16000.0,0.0,0.0,0.0,1200.0,16000.0,0.0,19641.626953125,0.0,1350.0,1000000.0,24796.0,675.0,2700.0,,,0.0
1965-03-11,50.0,3344.230224609375,0.0,323.3934326171875,50.0,0.0,,3341.78955078125,75.0,3000.0,0.0,12.861804962158203,50.0,2855.777587890625,3000.0,3000.0,0.0,,0.0,300.0,0.0,0.0,0.0,300.0,0.0,0.0,3000.0,1000000.0,,700.0,3000.0,1000.0,11595.0029296875,0.0,0.0,0.0,0.0,19245.88671875,0.0,16268.845703125,1050.0,1000000.0,0.0,12140.0,,,190.0,5000.0,0.0,177.68911743164062,100.0,5000.0,6500.0,6500.0,0.0,,0.0,50.0,0.0,0.0,999999.0,0.0,30.0,4500.0,4500.0,0.0,4377.6474609375,0.0,,50.0,3838.98974609375,0.0,0.0,50.0,0.0,5665.35595703125,,18804.599609375,999999.0,256.2416687011719,10000.0,0.0,0.0,280.0787658691406,50.0,13000.0,0.0,11340.6455078125,1000000.0,,,17295.71875,400.0,0.0,636.5098876953125,0.0,400.0,8000.0,,0.0,6413.0810546875,1000000.0,,1200.0,16000.0,0.0,0.0,0.0,1200.0,16000.0,0.0,19656.2890625,0.0,1350.0,1000000.0,24796.0,675.0,2700.0,,,0.0
1965-03-12,50.0,3359.6142578125,0.0,316.28509521484375,50.0,0.0,,3357.522216796875,75.0,3000.0,0.0,0.0,50.0,2861.723388671875,3000.0,3000.0,0.0,,0.0,300.0,0.0,0.0,0.0,300.0,0.0,0.0,3000.0,1000000.0,,700.0,3000.0,1000.0,11678.28515625,0.0,0.0,0.0,0.0,19258.763671875,0.0,16278.9580078125,1050.0,1000000.0,0.0,12140.0,,,190.0,5000.0,0.0,93.98912811279297,100.0,5000.0,6500.0,6500.0,0.0,,0.0,50.0,0.0,0.0,999999.0,0.0,30.0,4500.0,4500.0,0.0,4382.341796875,0.0,,50.0,3848.62158203125,0.0,0.0,50.0,0.0,5686.0322265625,,18830.19921875,999999.0,271.7416687011719,10000.0,0.0,0.0,167.7815399169922,50.0,13000.0,0.0,11371.4755859375,1000000.0,,,17463.357421875,400.0,0.0,647.5571899414062,0.0,400.0,8000.0,,0.0,6421.037109375,1000000.0,,1200.0,16000.0,0.0,0.0,0.0,1200.0,16000.0,0.0,19663.86328125,0.0,1350.0,1000000.0,24796.0,675.0,2700.0,,,0.0
1965-03-13,50.0,3373.98486328125,0.0,290.2434387207031,50.0,0.0,,3371.892822265625,75.0,3000.0,0.0,0.0,50.0,2867.0185546875,3000.0,3000.0,0.0,,0.0,300.0,0.0,0.0,0.0,300.0,0.0,0.0,3000.0,1000000.0,,700.0,3000.0,1000.0,11758.810546875,0.0,0.0,0.0,0.0,19273.52734375,0.0,16352.3056640625,1050.0,1000000.0,0.0,12140.0,,,190.0,5000.0,0.0,22.546064376831055,100.0,5000.0,6500.0,6500.0,0.0,,0.0,50.0,0.0,0.0,999999.0,0.0,30.0,4500.0,4500.0,0.0,4386.7265625,0.0,,50.0,3858.79296875,0.0,0.0,50.0,0.0,5702.14111328125,,18823.30078125,999999.0,314.7416687011719,10000.0,0.0,0.0,59.234291076660156,50.0,13000.0,0.0,11400.3203125,1000000.0,,,17628.98046875,400.0,0.0,654.8003540039062,0.0,400.0,8000.0,,0.0,6428.3115234375,1000000.0,,1200.0,16000.0,0.0,0.0,0.0,1200.0,16000.0,0.0,19667.779296875,0.0,1350.0,1000000.0,24796.0,675.0,2700.0,,,0.0
1965-03-14,50.0,3388.002685546875,0.0,246.58233642578125,50.0,0.0,,3385.561767578125,75.0,3000.0,0.0,0.0,50.0,2871.163330078125,3000.0,3000.0,0.0,,0.0,300.0,0.0,0.0,0.0,300.0,0.0,0.0,3000.0,1000000.0,,700.0,3000.0,1000.0,11839.3359375,0.0,0.0,0.0,0.0,19287.166015625,0.0,16360.845703125,1050.0,1000000.0,0.0,12140.0,,,190.0,5000.0,0.0,0.0,100.0,5000.0,6500.0,6500.0,0.0,,0.0,50.0,0.0,0.0,999999.0,0.0,30.0,4500.0,4500.0,0.0,4390.6904296875,0.0,,50.0,3870.71337890625,0.0,0.0,50.0,0.0,5720.986328125,,18829.900390625,999999.0,352.991455078125,10000.0,0.0,0.0,0.0,50.0,13000.0,0.0,11425.1103515625,1000000.0,,,17790.216796875,400.0,0.0,660.4382934570312,0.0,400.0,8000.0,,0.0,6434.43994140625,1000000.0,,1200.0,16000.0,0.0,0.0,0.0,1200.0,16000.0,0.0,19691.62109375,0.0,1350.0,1000000.0,24796.0,675.0,2700.0,,,0.0
1965-03-15,50.0,3401.4755859375,0.0,197.80455017089844,50.0,0.0,,3399.28076171875,75.0,3000.0,0.0,0.0,50.0,2875.04833984375,3000.0,3000.0,0.0,,0.0,300.0,0.0,0.0,0.0,300.0,0.0,0.0,3000.0,1000000.0,,600.0,3000.0,1000.0,11911.384765625,0.0,0.0,0.0,0.0,19295.865234375,0.0,16413.80078125,1050.0,1000000.0,0.0,12140.0,,,190.0,5000.0,0.0,0.0,100.0,5000.0,6500.0,6500.0,0.0,,0.0,50.0,0.0,0.0,999999.0,0.0,30.0,4500.0,4500.0,0.0,4394.283203125,120.0,,50.0,3879.408935546875,0.0,0.0,50.0,0.0,5739.55810546875,,18832.400390625,999999.0,391.7458190917969,10000.0,0.0,0.0,0.0,50.0,13000.0,0.0,11445.876953125,1000000.0,,,17929.896484375,400.0,0.0,670.5529174804688,0.0,400.0,8000.0,,0.0,6440.16943359375,1000000.0,,1200.0,16000.0,0.0,0.0,0.0,1200.0,16000.0,0.0,19657.330078125,0.0,1350.0,1000000.0,24796.0,675.0,2700.0,,,0.0
1965-03-16,50.0,3412.408447265625,0.0,152.9962158203125,50.0,0.0,,3410.31640625,75.0,3000.0,0.0,0.0,50.0,2878.616943359375,3000.0,3000.0,0.0,,0.0,300.0,0.0,0.0,0.0,300.0,0.0,0.0,3000.0,1000000.0,,600.0,3000.0,1500.0,11974.9580078125,0.0,0.0,0.0,0.0,19309.03125,0.0,16326.2685546875,1050.0,1000000.0,0.0,12140.0,,,190.0,5000.0,0.0,0.0,100.0,5000.0,6500.0,6500.0,0.0,,0.0,50.0,0.0,0.0,999999.0,0.0,30.0,4500.0,4500.0,0.0,4396.15087890625,120.0,,50.0,3886.774658203125,0.0,0.0,50.0,0.0,5751.66650390625,,18839.69921875,999999.0,1119.245849609375,10000.0,0.0,0.0,0.0,50.0,13000.0,0.0,11463.1669921875,1000000.0,,,18056.16796875,400.0,0.0,676.756591796875,0.0,400.0,8000.0,,0.0,6443.90380859375,1000000.0,,1200.0,16000.0,0.0,0.0,0.0,1200.0,16000.0,0.0,19640.951171875,0.0,1350.0,1000000.0,24796.0,675.0,2700.0,,,0.0
1965-03-17,50.0,3422.580810546875,0.0,67.09345245361328,50.0,0.0,,3420.48876953125,75.0,3000.0,0.0,0.0,50.0,2881.595458984375,3000.0,3000.0,0.0,,0.0,300.0,0.0,0.0,0.0,300.0,0.0,0.0,3000.0,1000000.0,,600.0,3000.0,1500.0,12000.38671875,0.0,0.0,0.0,0.0,19313.716796875,0.0,16327.599609375,1050.0,1000000.0,0.0,12140.0,,,190.0,5000.0,0.0,0.0,100.0,5000.0,6500.0,6500.0,0.0,,0.0,50.0,0.0,0.0,999999.0,0.0,30.0,4500.0,4500.0,0.0,4397.83544921875,120.0,,50.0,3893.010986328125,0.0,0.0,50.0,0.0,5766.2783203125,,18842.69921875,999999.0,1147.94580078125,10000.0,0.0,0.0,0.0,50.0,13000.0,0.0,11452.0390625,1000000.0,,,17966.3671875,400.0,0.0,660.6620483398438,0.0,400.0,8000.0,,0.0,6447.52490234375,1000000.0,,1200.0,16000.0,0.0,0.0,0.0,1200.0,16000.0,0.0,19660.146484375,0.0,1350.0,1000000.0,24796.0,675.0,2700.0,,,0.0
1965-03-18,50.0,3431.41650390625,0.0,25.84900665283203,50.0,0.0,,3429.324462890625,75.0,3000.0,0.0,0.0,50.0,2884.276123046875,3000.0,3000.0,0.0,,0.0,300.0,0.0,0.0,0.0,300.0,0.0,0.0,3000.0,1000000.0,,600.0,3000.0,1500.0,12017.33984375,0.0,0.0,0.0,0.0,19316.330078125,0.0,16426.96875,1050.0,1000000.0,0.0,12140.0,,,190.0,5000.0,0.0,0.0,100.0,5000.0,6500.0,6500.0,0.0,,0.0,50.0,0.0,0.0,999999.0,0.0,30.0,4500.0,4500.0,0.0,4399.45947265625,120.0,,50.0,3901.337158203125,0.0,0.0,50.0,0.0,5782.94775390625,,18857.19921875,999999.0,1170.24951171875,10000.0,0.0,0.0,0.0,50.0,13000.0,0.0,11438.369140625,1000000.0,,,17869.650390625,400.0,0.0,645.9112548828125,0.0,400.0,8000.0,,0.0,6450.35595703125,1000000.0,,1200.0,16000.0,0.0,0.0,0.0,1200.0,16000.0,0.0,19659.28515625,0.0,1350.0,1000000.0,24796.0,675.0,2700.0,,,0.0
1965-03-19,50.0,3439.803955078125,0.0,0.0,50.0,0.0,,3437.7119140625,75.0,3000.0,0.0,0.0,50.0,2886.723876953125,3000.0,3000.0,0.0,,0.0,300.0,0.0,0.0,0.0,300.0,0.0,0.0,3000.0,1000000.0,,600.0,3000.0,1500.0,12025.81640625,0.0,0.0,0.0,0.0,19317.1484375,0.0,16487.515625,1050.0,1000000.0,0.0,12140.0,,,190.0,5000.0,0.0,0.0,100.0,5000.0,6500.0,6500.0,0.0,,0.0,50.0,0.0,0.0,999999.0,0.0,30.0,4500.0,4500.0,0.0,4400.90087890625,120.0,,50.0,3908.532958984375,0.0,0.0,50.0,0.0,5795.04052734375,,18855.69921875,999999.0,1192.0792236328125,10000.0,0.0,0.0,0.0,50.0,13000.0,0.0,11421.86328125,1000000.0,,,17751.611328125,400.0,0.0,631.2393188476562,0.0,400.0,8000.0,,0.0,6453.00830078125,1000000.0,,1200.0,16000.0,0.0,0.0,0.0,1200.0,16000.0,0.0,19678.482421875,0.0,1350.0,1000000.0,24796.0,675.0,2700.0,,,0.0
1965-03-20,50.0,3447.430908203125,0.0,0.0,50.0,0.0,,3445.3388671875,75.0,3000.0,0.0,0.0,50.0,2888.7666015625,3000.0,3000.0,0.0,,0.0,300.0,0.0,0.0,0.0,300.0,0.0,0.0,3000.0,1000000.0,,600.0,3000.0,1500.0,12025.81640625,0.0,0.0,0.0,0.0,19317.1484375,0.0,16510.189453125,1050.0,1000000.0,0.0,12140.0,,,190.0,5000.0,0.0,0.0,100.0,5000.0,6500.0,6500.0,0.0,,0.0,50.0,0.0,0.0,999999.0,0.0,30.0,4500.0,4500.0,0.0,4402.12939453125,120.0,,50.0,3914.857421875,0.0,0.0,50.0,0.0,5801.29052734375,,18864.5,999999.0,1212.3485107421875,10000.0,0.0,0.0,0.0,50.0,13000.0,0.0,11403.068359375,1000000.0,,,17635.1015625,400.0,0.0,619.470458984375,0.0,400.0,8000.0,,0.0,6454.7177734375,1000000.0,,1200.0,16000.0,0.0,0.0,0.0,1200.0,16000.0,0.0,19683.3203125,0.0,1350.0,1000000.0,24796.0,675.0,2700.0,,,0.0
1965-03-21,50.0,3454.802734375,0.0,0.0,50.0,0.0,,3452.710693359375,75.0,3000.0,0.0,0.0,50.0,2890.44677734375,3000.0,3000.0,0.0,,0.0,300.0,0.0,0.0,0.0,300.0,0.0,0.0,3000.0,1000000.0,,500.0,3000.0,1500.0,12025.81640625,0.0,0.0,0.0,0.0,19316.3984375,0.0,16550.08984375,1050.0,1000000.0,0.0,12140.0,,,190.0,5000.0,0.0,0.0,100.0,5000.0,6500.0,6500.0,0.0,,0.0,50.0,0.0,0.0,999999.0,0.0,30.0,4500.0,4500.0,0.0,4403.30322265625,120.0,,50.0,3920.8291015625,0.0,0.0,50.0,0.0,5808.51953125,,18866.599609375,999999.0,1229.0484619140625,10000.0,0.0,0.0,0.0,50.0,13000.0,0.0,11382.50390625,1000000.0,,,17507.34375,400.0,0.0,610.3425903320312,0.0,400.0,8000.0,,0.0,6457.4755859375,1000000.0,,1200.0,16000.0,0.0,0.0,0.0,1200.0,16000.0,0.0,19680.19140625,0.0,1350.0,1000000.0,24796.0,675.0,2700.0,,,0.0
1965-03-22,50.0,3461.537109375,0.0,0.0,50.0,0.0,,3459.445068359375,75.0,3000.0,0.0,0.0,50.0,2892.064697265625,3000.0,3000.0,0.0,,0.0,300.0,0.0,0.0,0.0,300.0,0.0,0.0,3000.0,1000000.0,,500.0,3000.0,1500.0,12017.33984375,0.0,0.0,0.0,0.0,19315.5234375,0.0,16539.470703125,1050.0,1000000.0,0.0,12140.0,,,190.0,5000.0,0.0,0.0,100.0,5000.0,6500.0,6500.0,0.0,,0.0,50.0,0.0,0.0,999999.0,0.0,30.0,4500.0,4500.0,0.0,4404.4765625,120.0,,50.0,3926.80078125,0.0,0.0,50.0,0.0,5821.1611328125,,18862.80078125,999999.0,1233.8792724609375,10000.0,0.0,0.0,0.0,50.0,13000.0,0.0,11360.546875,1000000.0,,,17380.771484375,400.0,0.0,601.1754760742188,0.0,400.0,8000.0,,0.0,6459.44775390625,1000000.0,,1200.0,16000.0,0.0,0.0,0.0,1200.0,16000.0,0.0,19691.572265625,0.0,1350.0,1000000.0,24796.0,675.0,2700.0,,,0.0
1965-03-23,50.0,3468.39892578125,0.0,0.0,50.0,0.0,,3466.306884765625,75.0,3000.0,0.0,0.0,50.0,2893.4931640625,3000.0,3000.0,0.0,,0.0,300.0,0.0,0.0,0.0,300.0,0.0,0.0,3000.0,1000000.0,,500.0,3000.0,1500.0,12017.33984375,0.0,0.0,0.0,0.0,19315.5234375,0.0,16548.779296875,1050.0,1000000.0,0.0,12140.0,,,190.0,5000.0,0.0,0.0,100.0,5000.0,6500.0,6500.0,0.0,,0.0,50.0,0.0,0.0,999999.0,0.0,30.0,4500.0,4500.0,0.0,4405.583984375,120.0,,50.0,3933.208251953125,0.0,0.0,50.0,0.0,5833.61474609375,,18862.80078125,999999.0,1252.3416748046875,10000.0,0.0,0.0,0.0,50.0,13000.0,0.0,11338.1650390625,1000000.0,,,17270.83984375,400.0,0.0,592.3865966796875,0.0,400.0,8000.0,,0.0,6462.26904296875,1000000.0,,1200.0,16000.0,0.0,0.0,0.0,1200.0,16000.0,0.0,19698.818359375,0.0,1350.0,1000000.0,24796.0,675.0,2700.0,,,0.0
1965-03-24,50.0,3477.041259765625,0.0,0.0,50.0,0.0,,3474.94921875,75.0,3000.0,0.0,0.0,50.0,2894.664794921875,3000.0,3000.0,0.0,,0.0,300.0,0.0,0.0,0.0,300.0,0.0,0.0,3000.0,1000000.0,,500.0,3000.0,1500.0,12017.33984375,0.0,0.0,0.0,0.0,19314.70703125,0.0,16555.75390625,1050.0,1000000.0,0.0,12140.0,,,190.0,5000.0,0.0,0.0,100.0,5000.0,6500.0,6500.0,0.0,,0.0,50.0,0.0,0.0,999999.0,0.0,30.0,4500.0,4500.0,0.0,4406.64697265625,120.0,,50.0,3938.308837890625,0.0,0.0,50.0,0.0,5841.72119140625,,18857.19921875,999999.0,1269.0416259765625,10000.0,0.0,0.0,0.0,50.0,13000.0,0.0,11315.0,1000000.0,,,17164.544921875,400.0,0.0,582.7584838867188,0.0,400.0,8000.0,,0.0,6468.767578125,1000000.0,,1200.0,16000.0,0.0,0.0,0.0,1200.0,16000.0,0.0,19708.6171875,0.0,1350.0,1000000.0,24796.0,675.0,2700.0,,,0.0
1965-03-25,50.0,3490.519287109375,0.0,0.0,50.0,0.0,,3488.42724609375,75.0,3000.0,0.0,0.0,50.0,2896.134765625,3000.0,3000.0,0.0,,0.0,300.0,0.0,0.0,0.0,300.0,0.0,0.0,3000.0,1000000.0,,600.0,3000.0,1500.0,12008.86328125,0.0,0.0,0.0,0.0,19312.962890625,0.0,16509.541015625,1050.0,1000000.0,0.0,12140.0,,,190.0,5000.0,0.0,0.0,100.0,5000.0,6500.0,6500.0,0.0,,0.0,50.0,0.0,0.0,999999.0,0.0,30.0,4500.0,4500.0,0.0,4407.48828125,120.0,,50.0,3943.093017578125,0.0,0.0,50.0,0.0,5828.970703125,,18859.19921875,999999.0,1280.941650390625,10000.0,0.0,0.0,0.0,50.0,13000.0,0.0,11290.265625,1000000.0,,,17056.189453125,400.0,0.0,574.7930297851562,0.0,400.0,8000.0,,0.0,6470.443359375,1000000.0,,1200.0,16000.0,0.0,0.0,0.0,1200.0,16000.0,0.0,19690.248046875,0.0,1350.0,1000000.0,24796.0,675.0,2700.0,,,0.0
1965-03-26,50.0,3504.507568359375,0.0,0.0,50.0,0.0,,3502.41552734375,75.0,3000.0,0.0,0.0,50.0,2903.093505859375,3000.0,3000.0,0.0,,0.0,300.0,0.0,0.0,0.0,300.0,0.0,0.0,3000.0,1000000.0,,700.0,3000.0,1500.0,12000.38671875,0.0,0.0,0.0,0.0,19314.546875,0.0,16268.8740234375,1050.0,1000000.0,0.0,12140.0,,,190.0,5000.0,0.0,0.0,100.0,5000.0,6500.0,6500.0,0.0,,0.0,50.0,0.0,0.0,999999.0,0.0,30.0,4500.0,4500.0,0.0,4408.26318359375,120.0,,50.0,3954.65283203125,0.0,0.0,50.0,0.0,5828.822265625,,18871.30078125,999999.0,1075.1043701171875,10000.0,0.0,0.0,0.0,50.0,13000.0,0.0,11264.9501953125,1000000.0,,,16989.21484375,400.0,0.0,566.6451416015625,0.0,400.0,8000.0,,0.0,6473.79248046875,1000000.0,,1200.0,16000.0,0.0,0.0,0.0,1200.0,16000.0,0.0,19517.505859375,0.0,1350.0,1000000.0,24796.0,675.0,2700.0,,,0.0
1965-03-27,50.0,3516.970458984375,0.0,0.0,50.0,0.0,,3514.87841796875,75.0,3000.0,0.0,0.0,50.0,2915.17822265625,3000.0,3000.0,0.0,,0.0,300.0,0.0,0.0,0.0,300.0,0.0,0.0,3000.0,1000000.0,,600.0,3000.0,1500.0,12025.81640625,0.0,0.0,0.0,0.0,19317.896484375,0.0,16317.7490234375,1050.0,1000000.0,0.0,12140.0,,,190.0,5000.0,0.0,0.0,100.0,5000.0,6500.0,6500.0,0.0,,0.0,50.0,0.0,0.0,999999.0,0.0,30.0,4500.0,4500.0,0.0,4412.271484375,120.0,,50.0,3964.378662109375,0.0,0.0,50.0,0.0,5859.0634765625,,18498.900390625,999999.0,887.2433471679688,10000.0,0.0,0.0,0.0,50.0,13000.0,0.0,11265.6201171875,1000000.0,,,16995.337890625,400.0,0.0,554.7201538085938,0.0,400.0,8000.0,,0.0,6480.18359375,1000000.0,,1200.0,16000.0,0.0,0.0,0.0,1200.0,16000.0,0.0,19154.146484375,0.0,1350.0,1000000.0,24796.0,675.0,2700.0,,,0.0
1965-03-28,50.0,3527.01513671875,0.0,0.0,50.0,0.0,,3524.923095703125,75.0,3000.0,0.0,0.0,50.0,2924.076904296875,3000.0,3000.0,0.0,,0.0,300.0,0.0,0.0,0.0,300.0,0.0,0.0,3000.0,1000000.0,,600.0,3000.0,1500.0,12034.29296875,0.0,0.0,0.0,0.0,19317.947265625,0.0,16430.55859375,1050.0,1000000.0,0.0,12140.0,,,190.0,5000.0,0.0,0.0,100.0,5000.0,6500.0,6500.0,0.0,,0.0,50.0,0.0,0.0,999999.0,0.0,30.0,4500.0,4500.0,0.0,4421.39501953125,120.0,,50.0,3977.395751953125,0.0,0.0,50.0,0.0,5889.154296875,,18785.400390625,999999.0,1086.643310546875,10000.0,0.0,0.0,0.0,50.0,13000.0,0.0,11278.15234375,1000000.0,,,17025.17578125,400.0,0.0,542.9961547851562,0.0,400.0,8000.0,,0.0,6485.96484375,1000000.0,,1200.0,16000.0,0.0,0.0,0.0,1200.0,16000.0,0.0,19421.232421875,0.0,1350.0,1000000.0,24796.0,675.0,2700.0,,,0.0
1965-03-29,50.0,3535.27490234375,0.0,0.0,50.0,0.0,,3533.182861328125,75.0,3000.0,0.0,0.0,50.0,2929.2265625,3000.0,3000.0,0.0,,0.0,300.0,0.0,0.0,0.0,300.0,0.0,0.0,3000.0,1000000.0,,500.0,3000.0,1500.0,12025.81640625,0.0,0.0,0.0,0.0,19316.3984375,0.0,16498.078125,1050.0,1000000.0,0.0,12140.0,,,190.0,5000.0,0.0,0.0,100.0,5000.0,6500.0,6500.0,0.0,,0.0,50.0,0.0,0.0,999999.0,0.0,30.0,4500.0,4500.0,0.0,4426.494140625,120.0,,50.0,3987.169189453125,0.0,0.0,50.0,0.0,5908.21435546875,,18799.5,999999.0,1160.67724609375,10000.0,0.0,0.0,0.0,50.0,13000.0,0.0,11270.8359375,1000000.0,,,17000.046875,400.0,0.0,534.2489624023438,0.0,400.0,8000.0,,0.0,6490.12353515625,1000000.0,,1200.0,16000.0,0.0,0.0,0.0,1200.0,16000.0,0.0,19525.177734375,0.0,1350.0,1000000.0,24796.0,675.0,2700.0,,,0.0
1965-03-30,50.0,3542.391845703125,0.0,0.0,50.0,0.0,,3540.2998046875,75.0,3000.0,0.0,0.0,50.0,2933.469482421875,3000.0,3000.0,0.0,,0.0,300.0,0.0,0.0,0.0,300.0,0.0,0.0,3000.0,1000000.0,,500.0,3000.0,1500.0,12017.33984375,0.0,0.0,0.0,0.0,19314.70703125,0.0,16473.41796875,1050.0,1000000.0,0.0,12140.0,,,190.0,5000.0,0.0,0.0,100.0,5000.0,6500.0,6500.0,0.0,,0.0,50.0,0.0,0.0,999999.0,0.0,30.0,4500.0,4500.0,0.0,4429.94482421875,120.0,,50.0,3994.3056640625,0.0,0.0,50.0,0.0,5924.310546875,,18795.69921875,999999.0,1170.243408203125,10000.0,0.0,0.0,0.0,50.0,13000.0,0.0,11257.1904296875,1000000.0,,,16953.8359375,400.0,0.0,527.2141723632812,0.0,400.0,8000.0,,0.0,6493.7158203125,1000000.0,,1200.0,16000.0,0.0,0.0,0.0,1200.0,16000.0,0.0,19552.634765625,0.0,1350.0,1000000.0,24796.0,675.0,2700.0,,,0.0
1965-03-31,50.0,3548.809814453125,0.0,0.0,50.0,0.0,,3546.7177734375,75.0,3000.0,0.0,0.0,50.0,2937.7646484375,3000.0,3000.0,0.0,,0.0,300.0,0.0,0.0,0.0,300.0,0.0,0.0,3000.0,1000000.0,,600.0,3000.0,1500.0,12008.86328125,0.0,0.0,0.0,0.0,19313.80078125,0.0,16345.61328125,1050.0,1000000.0,0.0,12140.0,,,190.0,5000.0,0.0,0.0,100.0,5000.0,6500.0,6500.0,0.0,,0.0,50.0,0.0,0.0,999999.0,0.0,30.0,4500.0,4500.0,0.0,4432.8271484375,120.0,,50.0,4001.629150390625,0.0,0.0,50.0,0.0,5934.33056640625,,18859.599609375,999999.0,1121.692138671875,10000.0,0.0,0.0,0.0,50.0,13000.0,0.0,11242.5927734375,1000000.0,,,16908.9609375,400.0,0.0,519.0138549804688,0.0,400.0,8000.0,,0.0,6497.8681640625,1000000.0,,1200.0,16000.0,0.0,0.0,0.0,1200.0,16000.0,0.0,19585.12109375,0.0,1350.0,1000000.0,24796.0,675.0,2700.0,,,0.0
1965-04-01,50.0,3555.35107421875,0.0,0.0,50.0,0.0,,3553.5205078125,75.0,3000.0,0.0,0.0,50.0,2951.210693359375,3000.0,3000.0,0.0,,0.0,300.0,0.0,0.0,0.0,300.0,0.0,0.0,3000.0,1000000.0,,745.0,3000.0,1500.0,12008.86328125,0.0,0.0,0.0,0.0,19317.265625,0.0,16178.92578125,1050.0,1000000.0,0.0,12140.0,,,190.0,5000.0,0.0,0.0,100.0,5000.0,6500.0,6500.0,0.0,,0.0,80.0,0.0,0.0,999999.0,0.0,30.0,4500.0,4500.0,0.0,4435.62841796875,120.0,,50.0,4008.952880859375,0.0,0.0,50.0,0.0,5944.130859375,,18908.900390625,999999.0,914.7772216796875,4000.0,0.0,0.0,0.0,50.0,13000.0,0.0,11233.845703125,1000000.0,,,16893.345703125,400.0,0.0,508.93670654296875,0.0,400.0,8000.0,,0.0,6503.287109375,1000000.0,,1200.0,16000.0,0.0,0.0,0.0,1200.0,16000.0,0.0,19386.8515625,0.0,1350.0,1000000.0,24796.0,675.0,2700.0,,,0.0
1965-04-02,50.0,3570.73583984375,0.0,0.0,50.0,0.0,,3568.643798828125,75.0,3000.0,0.0,0.0,50.0,2972.040771484375,3000.0,3000.0,0.0,,0.0,300.0,0.0,0.0,0.0,300.0,0.0,0.0,3000.0,1000000.0,,750.0,3000.0,1500.0,12045.3115234375,0.0,0.0,0.0,0.0,19324.650390625,0.0,16243.3779296875,1050.0,1000000.0,0.0,12140.0,,,190.0,5000.0,0.0,0.0,100.0,5000.0,6500.0,6500.0,0.0,,0.0,80.0,0.0,0.0,999999.0,0.0,30.0,4500.0,4500.0,0.0,4442.24560546875,120.0,,50.0,4020.075439453125,0.0,0.0,50.0,0.0,5962.34228515625,,18596.900390625,999999.0,919.5433349609375,4000.0,0.0,0.0,0.0,50.0,13000.0,0.0,11250.98046875,1000000.0,,,16948.63671875,400.0,0.0,492.77142333984375,0.0,400.0,8000.0,,0.0,6521.54443359375,1000000.0,,1200.0,16000.0,0.0,0.0,0.0,1200.0,16000.0,0.0,19354.611328125,0.0,1350.0,1000000.0,24796.0,675.0,2700.0,,,0.0
1965-04-03,50.0,3584.1005859375,0.0,0.0,50.0,0.0,,3582.008544921875,75.0,3000.0,0.0,0.0,50.0,2987.994873046875,3000.0,3000.0,0.0,,0.0,300.0,0.0,0.0,0.0,300.0,0.0,0.0,3000.0,1000000.0,,703.0,3000.0,1500.0,12090.830078125,0.0,0.0,0.0,0.0,19330.25,0.0,16370.9697265625,1050.0,1000000.0,0.0,12140.0,,,190.0,5000.0,0.0,0.0,100.0,5000.0,6500.0,6500.0,0.0,,0.0,80.0,0.0,0.0,999999.0,0.0,30.0,4500.0,4500.0,0.0,4449.6748046875,120.0,,50.0,4027.416748046875,0.0,0.0,50.0,0.0,5981.17626953125,,18728.900390625,999999.0,1005.443359375,4000.0,0.0,0.0,0.0,50.0,13000.0,0.0,11267.939453125,1000000.0,,,17001.177734375,400.0,0.0,477.40191650390625,0.0,400.0,8000.0,,0.0,6536.814453125,1000000.0,,1200.0,16000.0,0.0,0.0,0.0,1200.0,16000.0,0.0,19476.26953125,0.0,1350.0,1000000.0,24796.0,675.0,2700.0,,,0.0
1965-04-04,50.0,3593.78173828125,0.0,0.0,50.0,0.0,,3591.689697265625,75.0,3000.0,0.0,0.0,50.0,2998.867431640625,3000.0,3000.0,0.0,,0.0,300.0,0.0,0.0,0.0,300.0,0.0,0.0,3000.0,1000000.0,,707.0,3000.0,1500.0,12120.802734375,0.0,0.0,0.0,0.0,19332.5859375,0.0,16413.970703125,1050.0,1000000.0,0.0,12140.0,,,190.0,5000.0,0.0,0.0,100.0,5000.0,6500.0,6500.0,0.0,,0.0,80.0,0.0,0.0,999999.0,0.0,30.0,4500.0,4500.0,0.0,4455.25732421875,120.0,,50.0,4032.424072265625,0.0,0.0,50.0,0.0,5994.6005859375,,18773.80078125,999999.0,1042.9259033203125,4000.0,0.0,0.0,0.0,50.0,13000.0,0.0,11272.8955078125,1000000.0,,,17010.134765625,400.0,0.0,465.5591735839844,0.0,400.0,8000.0,,0.0,6549.40625,1000000.0,,1200.0,16000.0,0.0,0.0,0.0,1200.0,16000.0,0.0,19526.306640625,0.0,1350.0,1000000.0,24796.0,675.0,2700.0,,,0.0
1965-04-05,50.0,3602.038330078125,0.0,0.0,50.0,0.0,,3600.2080078125,75.0,3000.0,0.0,0.0,50.0,3000.0,3000.0,3000.0,0.0,,0.0,300.0,0.0,0.0,0.0,300.0,0.0,0.0,3000.0,1000000.0,,763.0,3000.0,1500.0,12118.84375,0.0,0.0,0.0,0.0,19333.33203125,0.0,16441.939453125,1050.0,1000000.0,0.0,12140.0,,,190.0,5000.0,0.0,0.0,100.0,5000.0,6500.0,6500.0,0.0,,0.0,80.0,0.0,0.0,999999.0,0.0,30.0,4500.0,4500.0,0.0,4459.70263671875,120.0,,50.0,4037.197998046875,0.0,0.0,50.0,0.0,6004.755859375,,18774.900390625,999999.0,1075.943359375,4000.0,0.0,0.0,0.0,50.0,13000.0,0.0,11271.6826171875,1000000.0,,,17005.763671875,400.0,0.0,456.31256103515625,0.0,400.0,8000.0,,0.0,6560.451171875,1000000.0,,1200.0,16000.0,0.0,0.0,0.0,1200.0,16000.0,0.0,19558.126953125,0.0,1350.0,1000000.0,24796.0,675.0,2700.0,,,0.0
1965-04-06,50.0,3609.187255859375,0.0,0.0,50.0,0.0,,3607.356689453125,75.0,3000.0,0.0,0.0,50.0,3000.0,3000.0,3000.0,0.0,,0.0,300.0,0.0,0.0,0.0,300.0,0.0,0.0,3000.0,1000000.0,,538.0,3000.0,1500.0,12129.78125,0.0,0.0,0.0,0.0,19335.328125,0.0,16470.267578125,1050.0,1000000.0,0.0,12140.0,,,190.0,5000.0,0.0,0.0,100.0,5000.0,6500.0,6500.0,0.0,,0.0,80.0,0.0,0.0,999999.0,0.0,30.0,4500.0,4500.0,0.0,4463.4375,120.0,,50.0,4043.37255859375,0.0,0.0,50.0,0.0,6013.92919921875,,18774.400390625,999999.0,1112.9771728515625,4000.0,0.0,0.0,0.0,50.0,13000.0,0.0,11266.41796875,1000000.0,,,16988.068359375,400.0,0.0,446.5004577636719,0.0,400.0,8000.0,,0.0,6571.4736328125,1000000.0,,1200.0,16000.0,0.0,0.0,0.0,1200.0,16000.0,0.0,19566.607421875,0.0,1350.0,1000000.0,24796.0,675.0,2700.0,,,0.0
1965-04-07,50.0,3615.6748046875,0.0,0.0,50.0,0.0,,3613.84423828125,75.0,3000.0,0.0,0.0,50.0,3000.0,3000.0,3000.0,0.0,,0.0,300.0,0.0,0.0,0.0,300.0,0.0,0.0,3000.0,1000000.0,,617.0,3000.0,1500.0,12141.3720703125,0.0,0.0,0.0,0.0,19336.533203125,0.0,16539.93359375,1050.0,1000000.0,0.0,12140.0,,,190.0,5000.0,0.0,0.0,100.0,5000.0,6500.0,6500.0,0.0,,0.0,80.0,0.0,0.0,999999.0,0.0,30.0,4500.0,4500.0,0.0,4466.72607421875,120.0,,50.0,4049.780517578125,0.0,0.0,50.0,0.0,6024.4091796875,,18792.599609375,999999.0,1146.34326171875,4000.0,0.0,0.0,0.0,50.0,13000.0,0.0,11257.2109375,1000000.0,,,16954.11328125,400.0,0.0,439.1289978027344,0.0,400.0,8000.0,,0.0,6582.3896484375,1000000.0,,1200.0,16000.0,0.0,0.0,0.0,1200.0,16000.0,0.0,19578.40234375,0.0,1350.0,1000000.0,24796.0,675.0,2700.0,,,21.646488189697266
1965-04-08,50.0,3622.758544921875,0.0,0.0,50.0,0.0,,3620.66650390625,75.0,3000.0,0.0,0.0,50.0,3000.0,3000.0,3000.0,0.0,,0.0,300.0,0.0,0.0,0.0,300.0,0.0,0.0,3000.0,1000000.0,,617.0,3000.0,1500.0,12142.8408203125,0.0,0.0,0.0,0.0,19335.6171875,0.0,16551.337890625,1050.0,1000000.0,0.0,12140.0,,,190.0,5000.0,0.0,0.0,100.0,5000.0,6500.0,6500.0,0.0,,0.0,80.0,0.0,0.0,999999.0,0.0,30.0,4500.0,4500.0,0.0,4469.44580078125,120.0,,50.0,4054.741455078125,0.0,0.0,50.0,0.0,6028.99609375,,18789.0,999999.0,1175.0433349609375,4000.0,0.0,0.0,0.0,50.0,13000.0,0.0,11243.7919921875,1000000.0,,,16908.638671875,400.0,0.0,430.1114501953125,0.0,400.0,8000.0,,0.0,6591.7626953125,1000000.0,,1200.0,16000.0,0.0,0.0,0.0,1200.0,16000.0,0.0,19618.630859375,0.0,1350.0,1000000.0,24796.0,675.0,2700.0,,,214.27996826171875
1965-04-09,50.0,3629.55908203125,0.0,0.0,50.0,0.0,,3627.467041015625,75.0,3000.0,0.0,0.0,50.0,3000.0,3000.0,3000.0,0.0,,0.0,300.0,0.0,0.0,0.0,300.0,0.0,0.0,3000.0,1000000.0,,617.0,3000.0,1500.0,12130.4345703125,0.0,0.0,0.0,0.0,19333.90234375,0.0,16531.626953125,1050.0,1000000.0,0.0,12140.0,,,190.0,5000.0,0.0,0.0,100.0,5000.0,6500.0,6500.0,0.0,,0.0,80.0,0.0,0.0,999999.0,0.0,30.0,4500.0,4500.0,0.0,4471.82080078125,120.0,,50.0,4059.70263671875,0.0,0.0,50.0,0.0,6034.4931640625,,18809.099609375,999999.0,1159.9259033203125,4000.0,0.0,0.0,0.0,50.0,13000.0,0.0,11226.810546875,1000000.0,,,16858.431640625,400.0,0.0,425.7447814941406,0.0,400.0,8000.0,,0.0,6601.42431640625,1000000.0,,1200.0,16000.0,0.0,0.0,0.0,1200.0,16000.0,0.0,19560.92578125,0.0,1350.0,1000000.0,24796.0,675.0,2700.0,,,539.47607421875
1965-04-10,50.0,3636.229248046875,0.0,0.0,50.0,0.0,,3634.398681640625,75.0,3000.0,0.0,0.0,50.0,3000.0,3000.0,3000.0,0.0,,0.0,300.0,0.0,0.0,0.0,300.0,0.0,0.0,3000.0,1000000.0,,566.0,3000.0,1500.0,12123.8232421875,0.0,0.0,0.0,0.0,19332.880859375,0.0,16542.708984375,1050.0,1000000.0,0.0,12140.0,,,190.0,5000.0,0.0,0.0,100.0,5000.0,6500.0,6500.0,0.0,,0.0,80.0,0.0,0.0,999999.0,0.0,30.0,4500.0,4500.0,0.0,4474.47998046875,120.0,,50.0,4068.49169921875,0.0,0.0,50.0,0.0,6045.181640625,,18783.0,999999.0,1194.143310546875,4000.0,0.0,0.0,0.0,50.0,13000.0,0.0,11210.38671875,1000000.0,,,16812.984375,400.0,0.0,418.3731384277344,0.0,400.0,8000.0,,0.0,6611.52392578125,1000000.0,,1200.0,16000.0,0.0,0.0,0.0,1200.0,16000.0,0.0,19550.791015625,0.0,1350.0,1000000.0,24796.0,675.0,2700.0,,,736.4772338867188
1965-04-11,50.0,3640.93994140625,0.0,0.0,50.0,0.0,,3639.109375,75.0,3000.0,0.0,0.0,50.0,3000.0,3000.0,3000.0,0.0,,0.0,300.0,0.0,0.0,0.0,300.0,0.0,0.0,3000.0,1000000.0,,566.0,3000.0,1500.0,12119.0068359375,0.0,0.0,0.0,0.0,19331.607421875,0.0,16603.125,1050.0,1000000.0,0.0,12140.0,,,190.0,5000.0,0.0,0.0,100.0,5000.0,6500.0,6500.0,0.0,,0.0,80.0,0.0,0.0,999999.0,0.0,30.0,4500.0,4500.0,0.0,4477.13916015625,120.0,,50.0,4076.300537109375,0.0,0.0,50.0,0.0,6061.349609375,,18812.099609375,999999.0,1223.943359375,4000.0,0.0,0.0,0.0,50.0,13000.0,0.0,11191.744140625,1000000.0,,,16765.185546875,400.0,0.0,413.907470703125,0.0,400.0,8000.0,,0.0,6620.806640625,1000000.0,,1200.0,16000.0,0.0,0.0,0.0,1200.0,16000.0,0.0,19592.98046875,0.0,1350.0,1000000.0,24796.0,675.0,2700.0,,,938.9750366210938
1965-04-12,50.0,3646.022705078125,0.0,0.0,50.0,0.0,,3644.192138671875,75.0,3000.0,0.0,0.0,50.0,3000.0,3000.0,3000.0,0.0,,0.0,300.0,0.0,0.0,0.0,300.0,0.0,0.0,3000.0,1000000.0,,579.0,3000.0,1500.0,12108.1220703125,0.0,0.0,0.0,0.0,19329.701171875,0.0,16614.126953125,1050.0,1000000.0,0.0,12140.0,,,190.0,5000.0,0.0,0.0,100.0,5000.0,6500.0,6500.0,0.0,,0.0,80.0,0.0,0.0,999999.0,0.0,30.0,4500.0,4500.0,0.0,4479.57470703125,120.0,,50.0,4082.686767578125,0.0,0.0,50.0,0.0,6076.669921875,,18823.400390625,999999.0,1240.67724609375,4000.0,0.0,0.0,0.0,50.0,13000.0,0.0,11170.4580078125,1000000.0,,,16723.55078125,400.0,0.0,409.31719970703125,0.0,400.0,8000.0,,0.0,6630.04931640625,1000000.0,,1200.0,16000.0,0.0,0.0,0.0,1200.0,16000.0,0.0,19576.431640625,0.0,1350.0,1000000.0,24796.0,675.0,2700.0,,,1025.3875732421875
1965-04-13,50.0,3651.310302734375,0.0,0.0,50.0,0.0,,3649.31591796875,75.0,3000.0,0.0,0.0,50.0,3000.0,3000.0,3000.0,0.0,,0.0,300.0,0.0,0.0,0.0,300.0,0.0,0.0,3000.0,1000000.0,,551.0,3000.0,1500.0,12092.6953125,0.0,0.0,0.0,0.0,19328.427734375,0.0,16609.892578125,1050.0,1000000.0,0.0,12140.0,,,190.0,5000.0,0.0,0.0,100.0,5000.0,6500.0,6500.0,0.0,,0.0,80.0,0.0,0.0,999999.0,0.0,30.0,4500.0,4500.0,0.0,4481.7470703125,120.0,,50.0,4088.69482421875,0.0,0.0,50.0,0.0,6085.11083984375,,18850.80078125,999999.0,1226.7921142578125,4000.0,0.0,0.0,0.0,50.0,13000.0,0.0,11146.7568359375,1000000.0,,,16684.984375,400.0,0.0,407.3583984375,0.0,400.0,8000.0,,0.0,6637.677734375,1000000.0,,1200.0,16000.0,0.0,0.0,0.0,1200.0,16000.0,0.0,19633.13671875,0.0,1350.0,1000000.0,24796.0,675.0,2700.0,,,1167.279052734375
1965-04-14,50.0,3657.733154296875,0.0,0.0,50.0,0.0,,3655.64111328125,75.0,3000.0,0.0,0.0,50.0,3000.0,3000.0,3000.0,0.0,,0.0,300.0,0.0,0.0,0.0,300.0,0.0,0.0,3000.0,1000000.0,,559.0,3000.0,1500.0,12085.8291015625,0.0,0.0,0.0,0.0,19326.42578125,0.0,16609.861328125,1050.0,1000000.0,0.0,12140.0,,,190.0,5000.0,0.0,0.0,100.0,5000.0,6500.0,6500.0,0.0,,0.0,80.0,0.0,0.0,999999.0,0.0,30.0,4500.0,4500.0,0.0,4483.736328125,120.0,,50.0,4092.296142578125,0.0,0.0,50.0,0.0,6090.62109375,,18840.400390625,999999.0,1240.643310546875,4000.0,0.0,0.0,0.0,50.0,13000.0,0.0,11124.09375,1000000.0,,,16655.60546875,400.0,0.0,404.1419677734375,0.0,400.0,8000.0,,0.0,6646.07275390625,1000000.0,,1200.0,16000.0,0.0,0.0,0.0,1200.0,16000.0,0.0,19602.673828125,0.0,1350.0,1000000.0,24796.0,675.0,2700.0,,,1324.5360107421875
1965-04-15,50.0,3664.29736328125,0.0,0.0,50.0,0.0,,3662.205322265625,75.0,3000.0,0.0,0.0,50.0,3000.0,3000.0,3000.0,0.0,,0.0,300.0,0.0,0.0,0.0,300.0,0.0,0.0,3000.0,1000000.0,,569.0,3000.0,1500.0,12075.8271484375,0.0,0.0,0.0,0.0,19326.453125,0.0,16558.365234375,1050.0,1000000.0,0.0,12140.0,,,190.0,5000.0,0.0,0.0,100.0,5000.0,6500.0,6500.0,0.0,,0.0,80.0,0.0,0.0,999999.0,0.0,30.0,4500.0,4500.0,0.0,4485.603515625,120.0,,50.0,4095.897705078125,0.0,0.0,50.0,0.0,6100.72900390625,,18877.5,999999.0,1215.67724609375,4000.0,0.0,0.0,0.0,50.0,13000.0,0.0,11100.900390625,1000000.0,,,16626.9765625,400.0,0.0,400.57720947265625,0.0,400.0,8000.0,,0.0,6654.80029296875,1000000.0,,1200.0,16000.0,0.0,0.0,0.0,1200.0,16000.0,0.0,19650.77734375,0.0,1350.0,1000000.0,24796.0,675.0,2700.0,,,0.0
1965-04-16,50.0,3671.53564453125,0.0,0.0,50.0,0.0,,3669.705078125,75.0,3000.0,0.0,0.0,50.0,3000.0,3000.0,3000.0,0.0,,0.0,300.0,0.0,0.0,0.0,300.0,0.0,0.0,3000.0,1000000.0,,821.0,3000.0,1500.0,12086.0830078125,0.0,0.0,0.0,0.0,19329.111328125,0.0,16528.423828125,1050.0,1000000.0,0.0,12140.0,,,190.0,5000.0,0.0,0.0,100.0,5000.0,6500.0,6500.0,0.0,,0.0,80.0,0.0,0.0,999999.0,0.0,30.0,4500.0,4500.0,0.0,4487.28857421875,120.0,,50.0,4104.357421875,0.0,0.0,50.0,0.0,6109.0751953125,,18910.099609375,999999.0,1097.443359375,4000.0,0.0,0.0,0.0,50.0,13000.0,0.0,11080.25,1000000.0,,,16614.30859375,400.0,0.0,0.0,0.0,400.0,8000.0,,0.0,6665.6611328125,1000000.0,,1200.0,16000.0,0.0,0.0,0.0,1200.0,16000.0,0.0,19634.572265625,0.0,1350.0,1000000.0,24796.0,675.0,2700.0,,,0.0
1965-04-17,50.0,3680.2958984375,0.0,0.0,50.0,0.0,,3678.465576171875,75.0,3000.0,0.0,0.0,50.0,3000.0,3000.0,3000.0,0.0,,0.0,300.0,0.0,0.0,0.0,300.0,0.0,0.0,3000.0,1000000.0,,616.0,3000.0,1500.0,12106.935546875,0.0,0.0,0.0,0.0,19331.771484375,0.0,16512.224609375,1050.0,1000000.0,0.0,12140.0,,,190.0,5000.0,0.0,0.0,100.0,5000.0,6500.0,6500.0,0.0,,0.0,80.0,0.0,0.0,999999.0,0.0,30.0,4500.0,4500.0,0.0,4489.45751953125,120.0,,50.0,4107.95947265625,0.0,0.0,50.0,0.0,6111.0771484375,,18802.400390625,999999.0,1126.52587890625,4000.0,0.0,0.0,0.0,50.0,13000.0,0.0,11069.810546875,1000000.0,,,16606.107421875,400.0,0.0,0.0,0.0,400.0,8000.0,,0.0,6679.857421875,1000000.0,,1200.0,16000.0,0.0,0.0,0.0,1200.0,16000.0,0.0,19607.20703125,0.0,1350.0,1000000.0,24796.0,675.0,2700.0,,,0.0
1965-04-18,50.0,3688.395263671875,0.0,0.0,50.0,0.0,,3686.564697265625,75.0,3000.0,0.0,0.0,50.0,3000.0,3000.0,3000.0,0.0,,0.0,300.0,0.0,0.0,0.0,300.0,0.0,0.0,3000.0,1000000.0,,1033.0,3000.0,1500.0,12123.4150390625,0.0,0.0,0.0,0.0,19336.732421875,0.0,16072.1416015625,1050.0,1000000.0,0.0,12140.0,,,190.0,5000.0,0.0,0.0,100.0,5000.0,6500.0,6500.0,0.0,,0.0,80.0,0.0,0.0,999999.0,0.0,30.0,4500.0,4500.0,0.0,4491.46240234375,120.0,,50.0,4110.46728515625,0.0,0.0,50.0,0.0,6028.78955078125,,18930.900390625,999999.0,1043.643310546875,4000.0,0.0,0.0,0.0,50.0,13000.0,0.0,11057.7841796875,1000000.0,,,16597.61328125,400.0,0.0,0.0,0.0,400.0,8000.0,,0.0,6693.43994140625,1000000.0,,1200.0,16000.0,0.0,0.0,0.0,1200.0,16000.0,0.0,19409.080078125,0.0,1350.0,1000000.0,24796.0,675.0,2700.0,,,0.0
1965-04-19,50.0,3713.1884765625,0.0,1421.9990234375,50.0,0.0,,3711.358154296875,75.0,3000.0,0.0,0.0,50.0,3000.0,3000.0,3000.0,0.0,,0.0,300.0,0.0,0.0,0.0,300.0,0.0,0.0,3000.0,1000000.0,,2725.0,3000.0,1500.0,12164.9619140625,0.0,0.0,0.0,0.0,19379.056640625,0.0,14133.5087890625,1050.0,1000000.0,0.0,12140.0,,,190.0,5000.0,0.0,404.830810546875,100.0,5000.0,6500.0,6500.0,0.0,,0.0,80.0,0.0,0.0,999999.0,0.0,30.0,4500.0,4500.0,0.0,4496.37158203125,120.0,,50.0,4125.5361328125,0.0,0.0,50.0,0.0,5986.24267578125,,18725.30078125,999999.0,0.0,4000.0,0.0,0.0,0.0,50.0,13000.0,0.0,11048.5185546875,1000000.0,,,16497.1171875,400.0,0.0,0.0,0.0,400.0,8000.0,,0.0,6720.06201171875,1000000.0,,1200.0,16000.0,0.0,0.0,0.0,1200.0,16000.0,0.0,18330.64453125,0.0,1350.0,1000000.0,24796.0,675.0,2700.0,,,0.0
1965-04-20,50.0,3834.09765625,108.45974731445312,1829.4573974609375,50.0,0.0,,3832.26708984375,75.0,3000.0,0.0,0.0,50.0,3000.0,3000.0,3000.0,0.0,,0.0,300.0,0.0,0.0,0.0,300.0,0.0,0.0,3000.0,1000000.0,,2496.0,3000.0,1500.0,12616.21484375,0.0,0.0,0.0,0.0,19471.318359375,0.0,13731.79296875,1050.0,1000000.0,0.0,12140.0,,,190.0,5000.0,0.0,103.32801818847656,100.0,5000.0,6500.0,6500.0,0.0,,0.0,80.0,0.0,0.0,999999.0,0.0,30.0,4500.0,4500.0,0.0,4500.0,120.0,,50.0,4164.1064453125,0.0,0.0,50.0,0.0,6060.4658203125,,18080.80078125,999999.0,0.0,4000.0,0.0,0.0,0.0,50.0,13000.0,0.0,11227.458984375,1000000.0,,,15967.931640625,400.0,0.0,0.0,0.0,400.0,8000.0,,0.0,6831.42626953125,1000000.0,,1200.0,16000.0,0.0,0.0,0.0,1200.0,16000.0,0.0,18678.537109375,0.0,1350.0,1000000.0,24796.0,675.0,2700.0,,,0.0
1965-04-21,50.0,3929.33349609375,841.8413696289062,1908.0679931640625,50.0,0.0,,3929.33349609375,75.0,3000.0,0.0,110.37430572509766,50.0,3000.0,3000.0,3000.0,0.0,,0.0,300.0,0.0,0.0,0.0,300.0,0.0,0.0,3000.0,1000000.0,,2310.0,3000.0,1500.0,13070.220703125,0.0,0.0,0.0,0.0,19557.1796875,0.0,13814.9326171875,1050.0,1000000.0,0.0,12140.0,,,190.0,5107.4833984375,0.0,92.47801971435547,100.0,5107.4833984375,6500.0,6500.0,0.0,,0.0,80.0,0.0,0.0,999999.0,0.0,30.0,4500.0,4500.0,0.0,4500.0,120.0,,50.0,4209.24169921875,0.0,0.0,50.0,0.0,6168.0517578125,,17936.099609375,999999.0,0.0,4000.0,0.0,0.0,0.0,50.0,13000.0,0.0,11389.1494140625,1000000.0,,,16188.2724609375,400.0,0.0,0.0,0.0,400.0,8000.0,,0.0,6920.0234375,1000000.0,,1200.0,16000.0,0.0,0.0,0.0,1200.0,16000.0,0.0,18819.349609375,0.0,1350.0,1000000.0,24796.0,675.0,2700.0,,,0.0
1965-04-22,50.0,3929.0,321.638671875,947.4203491210938,50.0,0.0,,3929.0,75.0,3000.0,0.0,140.46180725097656,50.0,3000.0,3000.0,3000.0,0.0,,0.0,300.0,0.0,0.0,0.0,300.0,0.0,0.0,3000.0,1000000.0,,2008.0,3000.0,1500.0,13516.48046875,0.0,0.0,0.0,0.0,19624.92578125,0.0,15155.470703125,1050.0,1000000.0,0.0,12140.0,,,190.0,5358.3125,0.0,179.3113555908203,100.0,5358.3125,6500.0,6500.0,0.0,,0.0,80.0,0.0,0.0,999999.0,0.0,30.0,4500.0,4500.0,0.0,4500.0,120.0,,50.0,4243.8505859375,0.0,0.0,50.0,0.0,6256.4462890625,,17904.30078125,999999.0,0.0,4000.0,0.0,0.0,0.0,50.0,13000.0,0.0,11554.9970703125,1000000.0,,,16296.1181640625,400.0,0.0,0.0,0.0,400.0,8000.0,,0.0,6988.68994140625,1000000.0,,1200.0,16000.0,0.0,0.0,0.0,1200.0,16000.0,0.0,18938.2265625,0.0,1350.0,1000000.0,24796.0,675.0,2700.0,,,0.0
1965-04-23,50.0,3953.499267578125,279.45489501953125,838.506591796875,50.0,0.0,,3953.499267578125,75.0,3000.0,0.0,173.8826446533203,50.0,3000.0,3000.0,3000.0,0.0,,0.0,300.0,0.0,0.0,0.0,300.0,0.0,0.0,3000.0,1000000.0,,1639.0,3000.0,1500.0,13808.8203125,0.0,0.0,0.0,0.0,19664.001953125,0.0,15620.8935546875,1050.0,1000000.0,0.0,12140.0,,,190.0,5563.38916015625,0.0,178.14468383789062,100.0,5563.38916015625,6500.0,6500.0,0.0,,0.0,80.0,0.0,0.0,999999.0,0.0,30.0,4500.0,4500.0,0.0,4500.0,120.0,,50.0,4270.11328125,0.0,0.0,50.0,0.0,6316.93359375,,18157.19921875,999999.0,277.86334228515625,4000.0,0.0,0.0,0.0,50.0,13000.0,0.0,11664.6181640625,1000000.0,,,17154.55859375,400.0,0.0,0.0,0.0,400.0,8000.0,,0.0,7048.08203125,1000000.0,,1200.0,16000.0,0.0,0.0,0.0,1200.0,16000.0,0.0,19113.310546875,0.0,1350.0,1000000.0,24796.0,675.0,2700.0,,,0.0
1965-04-24,50.0,3953.444091796875,0.625,546.12939453125,50.0,0.0,,3953.444091796875,75.0,3000.0,0.0,119.63680267333984,50.0,3000.0,3000.0,3000.0,0.0,,0.0,300.0,0.0,0.0,0.0,300.0,0.0,0.0,3000.0,1000000.0,,1602.0,3000.0,1500.0,13999.7197265625,0.0,0.0,0.0,0.0,19691.619140625,0.0,15819.29296875,1050.0,1000000.0,0.0,12140.0,,,190.0,5721.28759765625,0.0,168.97802734375,100.0,5721.28759765625,6500.0,6500.0,0.0,,0.0,80.0,0.0,0.0,999999.0,0.0,30.0,4500.0,4500.0,0.0,4500.0,120.0,,50.0,4288.13427734375,0.0,0.0,50.0,0.0,6357.064453125,,18260.80078125,999999.0,409.16326904296875,4000.0,0.0,0.0,0.0,50.0,13000.0,0.0,11733.0693359375,1000000.0,,,17218.48828125,400.0,0.0,0.0,0.0,400.0,8000.0,,0.0,7093.1953125,1000000.0,,1200.0,16000.0,0.0,0.0,0.0,1200.0,16000.0,0.0,19223.87890625,0.0,1350.0,1000000.0,0.0,675.0,2700.0,,,0.0
1965-04-25,50.0,3976.6259765625,113.20244598388672,563.2266235351562,50.0,0.0,,3976.6259765625,75.0,3000.0,0.0,111.43541717529297,50.0,3000.0,3000.0,3000.0,0.0,,0.0,300.0,0.0,0.0,0.0,300.0,0.0,0.0,3000.0,1000000.0,,1506.0,3000.0,1500.0,14170.3291015625,0.0,0.0,0.0,0.0,19713.181640625,0.0,15964.8369140625,1050.0,1000000.0,0.0,12140.0,,,190.0,5846.03369140625,0.0,168.8113555908203,100.0,5846.03369140625,6500.0,6500.0,0.0,,0.0,80.0,0.0,0.0,999999.0,0.0,30.0,4500.0,4500.0,0.0,4500.0,120.0,,50.0,4304.6748046875,0.0,0.0,50.0,0.0,6385.48974609375,,18352.69921875,999999.0,535.726318359375,4000.0,0.0,0.0,0.0,50.0,13000.0,0.0,11786.78515625,1000000.0,,,17410.9375,400.0,0.0,0.0,0.0,400.0,8000.0,,0.0,7132.46044921875,1000000.0,,1200.0,16000.0,0.0,0.0,0.0,1200.0,16000.0,0.0,19318.9453125,0.0,1350.0,1000000.0,0.0,675.0,2700.0,,,0.0
1965-04-26,50.0,3990.333984375,98.12588500976562,554.0316162109375,50.0,0.0,,3990.333984375,75.0,3000.0,0.0,88.06041717529297,50.0,3000.0,3000.0,3000.0,0.0,,0.0,300.0,0.0,0.0,0.0,300.0,0.0,0.0,3000.0,1000000.0,,1415.0,3000.0,1500.0,14317.3798828125,0.0,0.0,0.0,0.0,19733.611328125,0.0,16026.2841796875,1050.0,1000000.0,0.0,12140.0,,,190.0,5947.21826171875,0.0,124.2974624633789,100.0,5947.21826171875,6500.0,6500.0,0.0,,0.0,80.0,0.0,0.0,999999.0,0.0,30.0,4500.0,4500.0,0.0,4500.0,120.0,,50.0,4317.61474609375,0.0,0.0,50.0,0.0,6407.80126953125,,18477.900390625,999999.0,594.2073364257812,4000.0,0.0,0.0,0.0,50.0,13000.0,0.0,11829.7099609375,1000000.0,,,17600.634765625,400.0,0.0,0.0,0.0,400.0,8000.0,,0.0,7168.6064453125,1000000.0,,1200.0,16000.0,0.0,0.0,0.0,1200.0,16000.0,0.0,19386.7890625,0.0,1350.0,1000000.0,0.0,675.0,2700.0,,,0.0
1965-04-27,50.0,3990.22265625,0.0,444.2710876464844,50.0,0.0,,3990.22265625,75.0,3000.0,0.0,73.69930267333984,50.0,3000.0,3000.0,3000.0,0.0,,0.0,300.0,0.0,0.0,0.0,300.0,0.0,0.0,3000.0,1000000.0,,1390.0,3000.0,1500.0,14456.34375,0.0,0.0,0.0,0.0,19749.244140625,0.0,16064.5830078125,1050.0,1000000.0,0.0,12140.0,,,190.0,6023.7802734375,0.0,98.4752426147461,100.0,6023.7802734375,6500.0,6500.0,0.0,,0.0,80.0,0.0,0.0,999999.0,0.0,30.0,4500.0,4500.0,0.0,4500.0,120.0,,50.0,4325.3125,0.0,0.0,50.0,0.0,6429.38720703125,,18553.30078125,999999.0,637.0479736328125,4000.0,0.0,0.0,0.0,50.0,13000.0,0.0,11867.341796875,1000000.0,,,17673.42578125,400.0,0.0,0.0,0.0,400.0,8000.0,,0.0,7203.09619140625,1000000.0,,1200.0,16000.0,0.0,0.0,0.0,1200.0,16000.0,0.0,19435.384765625,0.0,1350.0,1000000.0,0.0,675.0,2700.0,,,0.0
1965-04-28,50.0,4000.0,0.0,452.2710876464844,50.0,0.0,,4000.0,75.0,3000.0,0.0,52.67152786254883,50.0,3000.0,3000.0,3000.0,0.0,,0.0,300.0,0.0,0.0,0.0,300.0,0.0,0.0,3000.0,1000000.0,,1560.0,3000.0,1500.0,14597.978515625,0.0,0.0,0.0,0.0,19765.314453125,0.0,16084.2177734375,1050.0,1000000.0,0.0,0.0,,,190.0,6089.43310546875,0.0,80.63079833984375,100.0,6089.43310546875,6500.0,6500.0,0.0,,0.0,80.0,0.0,0.0,999999.0,0.0,30.0,4500.0,4500.0,0.0,4500.0,120.0,,50.0,4333.2109375,0.0,0.0,50.0,0.0,6445.07275390625,,18594.80078125,999999.0,668.7772216796875,4000.0,0.0,0.0,0.0,50.0,13000.0,0.0,11901.390625,1000000.0,,,17801.84375,400.0,0.0,0.0,0.0,400.0,8000.0,,0.0,7239.59326171875,1000000.0,,1200.0,16000.0,0.0,0.0,0.0,1200.0,16000.0,0.0,19495.484375,0.0,1350.0,1000000.0,0.0,675.0,2700.0,,,0.0
1965-04-29,50.0,4000.0,0.0,429.60443115234375,50.0,0.0,,4000.0,75.0,3000.0,0.0,29.977083206176758,50.0,3000.0,3000.0,3000.0,0.0,,0.0,300.0,0.0,0.0,0.0,300.0,0.0,0.0,3000.0,1000000.0,,1485.0,3000.0,1500.0,14741.0087890625,0.0,0.0,0.0,0.0,19779.7265625,0.0,16208.9228515625,1050.0,1000000.0,0.0,0.0,,,190.0,6149.92919921875,0.0,7.808576583862305,100.0,6149.92919921875,6500.0,6500.0,0.0,,0.0,80.0,0.0,0.0,999999.0,0.0,30.0,4500.0,4500.0,0.0,4500.0,120.0,,50.0,4338.2685546875,0.0,0.0,50.0,0.0,6460.0927734375,,18635.0,999999.0,773.8433227539062,4000.0,0.0,0.0,0.0,50.0,13000.0,0.0,11932.5087890625,1000000.0,,,17855.28515625,400.0,0.0,0.0,0.0,400.0,8000.0,,0.0,7277.54296875,1000000.0,,1200.0,16000.0,0.0,0.0,0.0,1200.0,16000.0,0.0,19548.576171875,0.0,1350.0,1000000.0,0.0,675.0,2700.0,,,0.0
1965-04-30,50.0,4000.0,0.0,405.0168762207031,50.0,0.0,,4000.0,75.0,3000.0,0.0,2.2826387882232666,50.0,3000.0,3000.0,3000.0,0.0,,0.0,300.0,0.0,0.0,0.0,300.0,0.0,0.0,3000.0,1000000.0,,1330.0,3000.0,1500.0,14858.7685546875,0.0,0.0,0.0,0.0,19792.775390625,0.0,16366.9736328125,1050.0,1000000.0,0.0,0.0,,,190.0,6195.548828125,0.0,0.0,100.0,6195.548828125,6500.0,6500.0,0.0,,0.0,80.0,0.0,0.0,999999.0,0.0,30.0,4500.0,4500.0,0.0,4500.0,120.0,,50.0,4343.5263671875,0.0,0.0,50.0,0.0,6468.1455078125,,18724.0,999999.0,828.0259399414062,4000.0,0.0,0.0,0.0,50.0,13000.0,0.0,11954.4755859375,1000000.0,,,18024.458984375,400.0,0.0,0.0,0.0,400.0,8000.0,,0.0,7314.28857421875,1000000.0,,1200.0,16000.0,0.0,0.0,0.0,1200.0,16000.0,0.0,19564.94921875,0.0,1350.0,1000000.0,0.0,675.0,2700.0,,,0.0
1965-05-01,50.0,4000.0,0.0,255.13624572753906,50.0,0.0,,4000.0,75.0,3000.0,0.0,0.0,50.0,3000.0,3000.0,3000.0,0.0,,0.0,300.0,0.0,0.0,0.0,300.0,0.0,0.0,3000.0,1000000.0,,1152.0,3000.0,1646.0,14967.7998046875,0.0,0.0,0.0,0.0,20022.76953125,0.0,16385.80078125,1050.0,1000000.0,0.0,0.0,,,190.0,6230.0419921875,0.0,0.0,100.0,6230.0419921875,6500.0,6500.0,0.0,,0.0,80.0,0.0,0.0,999999.0,0.0,30.0,4500.0,4500.0,0.0,4500.0,120.0,,50.0,4347.38330078125,0.0,0.0,50.0,0.0,6476.86376953125,,18734.69921875,999999.0,1015.7418212890625,4000.0,0.0,0.0,0.0,50.0,13000.0,0.0,11970.7724609375,1000000.0,,,18011.541015625,400.0,0.0,0.0,0.0,400.0,8000.0,810.8516845703125,0.0,7344.326171875,1000000.0,,1200.0,16000.0,0.0,0.0,0.0,1200.0,16000.0,0.0,19516.537109375,0.0,1350.0,1000000.0,0.0,675.0,2700.0,,,0.0
1965-05-02,50.0,4000.0,0.0,198.26124572753906,50.0,0.0,,4000.0,75.0,3000.0,0.0,0.0,50.0,3000.0,3000.0,3000.0,0.0,,0.0,300.0,0.0,0.0,0.0,300.0,0.0,0.0,3000.0,1000000.0,,0.0,3000.0,1646.0,15049.9111328125,0.0,0.0,0.0,0.0,20241.1015625,0.0,16416.9921875,1050.0,1000000.0,0.0,0.0,,,190.0,6266.1162109375,0.0,0.0,100.0,6266.1162109375,6500.0,6500.0,0.0,,0.0,80.0,0.0,0.0,999999.0,0.0,30.0,4500.0,4500.0,0.0,4500.0,120.0,,50.0,4351.10986328125,0.0,0.0,50.0,0.0,6491.06787109375,,18684.599609375,999999.0,1074.46337890625,4000.0,0.0,0.0,0.0,50.0,13000.0,0.0,11977.134765625,1000000.0,,,18058.0625,400.0,0.0,0.0,0.0,400.0,8000.0,518.097412109375,0.0,7360.81103515625,1000000.0,,1200.0,16000.0,0.0,0.0,0.0,1200.0,16000.0,0.0,19402.466796875,0.0,1350.0,1000000.0,0.0,675.0,2700.0,,,0.0
1965-05-03,50.0,4000.0,0.0,130.38624572753906,50.0,0.0,,4000.0,75.0,3000.0,0.0,0.0,50.0,3000.0,3000.0,3000.0,0.0,,0.0,300.0,0.0,0.0,0.0,300.0,0.0,0.0,3000.0,1000000.0,,0.0,3000.0,1646.0,15094.34375,0.0,0.0,0.0,0.0,20393.595703125,0.0,16338.3056640625,1050.0,1000000.0,0.0,0.0,,,190.0,6300.3310546875,0.0,0.0,100.0,6300.3310546875,6500.0,6500.0,0.0,,0.0,80.0,0.0,0.0,999999.0,0.0,30.0,4500.0,4500.0,0.0,4500.0,120.0,,50.0,4354.8359375,0.0,0.0,50.0,0.0,6508.94580078125,,18745.0,999999.0,1132.9263916015625,4000.0,0.0,0.0,0.0,50.0,13000.0,0.0,11978.3623046875,1000000.0,,,18145.013671875,400.0,0.0,0.0,0.0,400.0,8000.0,302.8790588378906,0.0,7380.52197265625,1000000.0,,1200.0,16000.0,0.0,0.0,0.0,1200.0,16000.0,0.0,19509.2890625,0.0,1350.0,1000000.0,0.0,675.0,2700.0,,,0.0
1965-05-04,50.0,4000.0,0.0,76.8445816040039,50.0,0.0,,4000.0,75.0,3000.0,0.0,0.0,50.0,3000.0,3000.0,3000.0,0.0,,0.0,300.0,0.0,0.0,0.0,300.0,0.0,0.0,3000.0,1000000.0,,0.0,3000.0,1646.0,15145.6728515625,0.0,0.0,0.0,0.0,20581.322265625,0.0,16365.3671875,1050.0,1000000.0,0.0,0.0,,,190.0,6322.45947265625,0.0,0.0,100.0,6322.45947265625,6500.0,6500.0,0.0,,0.0,80.0,0.0,0.0,999999.0,0.0,30.0,4500.0,4500.0,0.0,4500.0,120.0,,50.0,4363.8046875,0.0,0.0,50.0,0.0,6520.8515625,,18790.900390625,999999.0,1095.96337890625,4000.0,0.0,0.0,0.0,50.0,13000.0,0.0,11973.357421875,1000000.0,,,18177.5234375,400.0,0.0,0.0,0.0,400.0,8000.0,369.7803955078125,0.0,7397.53271484375,1000000.0,,1200.0,16000.0,0.0,0.0,0.0,1200.0,16000.0,0.0,19470.06640625,0.0,1350.0,1000000.0,0.0,675.0,2700.0,,,0.0
1965-05-05,50.0,4000.0,0.0,19.63625144958496,50.0,0.0,,4000.0,75.0,3000.0,0.0,0.0,50.0,3000.0,3000.0,3000.0,0.0,,0.0,300.0,0.0,0.0,0.0,300.0,0.0,0.0,3000.0,1000000.0,,0.0,3000.0,1646.0,15158.966796875,0.0,0.0,0.0,0.0,20609.578125,0.0,16299.708984375,1050.0,1000000.0,0.0,0.0,,,190.0,6353.884765625,0.0,0.0,100.0,6353.884765625,6500.0,6500.0,0.0,,0.0,80.0,0.0,0.0,999999.0,0.0,30.0,4500.0,4500.0,0.0,4500.0,120.0,,50.0,4368.7041015625,0.0,0.0,50.0,0.0,6524.14794921875,,18651.400390625,999999.0,1038.663330078125,4000.0,0.0,0.0,0.0,50.0,13000.0,0.0,11972.1162109375,1000000.0,,,17999.158203125,400.0,0.0,0.0,0.0,400.0,8000.0,395.093994140625,0.0,7416.31884765625,1000000.0,,1200.0,16000.0,0.0,0.0,0.0,1200.0,16000.0,0.0,19388.9296875,0.0,1350.0,1000000.0,0.0,675.0,2700.0,,,0.0
1965-05-06,50.0,4000.0,0.0,0.0,50.0,0.0,,4000.0,75.0,3000.0,0.0,0.0,50.0,3000.0,3000.0,3000.0,0.0,,0.0,300.0,0.0,0.0,0.0,300.0,0.0,0.0,3000.0,1000000.0,,0.0,3000.0,1646.0,15170.8388671875,0.0,0.0,0.0,0.0,20681.240234375,0.0,16305.109375,1050.0,1000000.0,0.0,0.0,,,190.0,6411.9013671875,0.0,0.0,100.0,6411.9013671875,6500.0,6500.0,0.0,,0.0,80.0,0.0,0.0,999999.0,0.0,30.0,4500.0,4500.0,0.0,4500.0,120.0,,50.0,4373.55615234375,0.0,0.0,50.0,0.0,6536.57080078125,,18524.0,999999.0,1038.5704345703125,4000.0,0.0,0.0,0.0,50.0,13000.0,0.0,11976.3056640625,1000000.0,,,17928.615234375,400.0,0.0,0.0,0.0,400.0,8000.0,386.87469482421875,0.0,7433.22412109375,1000000.0,,1200.0,16000.0,0.0,0.0,0.0,1200.0,16000.0,0.0,19280.16796875,0.0,1350.0,1000000.0,0.0,675.0,2700.0,,,0.0
1965-05-07,50.0,4000.0,0.0,0.0,50.0,0.0,,4000.0,75.0,3000.0,0.0,0.0,50.0,3000.0,3000.0,3000.0,0.0,,0.0,300.0,0.0,0.0,0.0,300.0,0.0,0.0,3000.0,1000000.0,,0.0,3000.0,1646.0,15185.9814453125,0.0,0.0,0.0,0.0,20763.5703125,0.0,16348.400390625,1050.0,1000000.0,0.0,0.0,,,190.0,6474.0087890625,0.0,0.0,100.0,6474.0087890625,6500.0,6500.0,0.0,,0.0,80.0,0.0,0.0,999999.0,0.0,30.0,4500.0,4500.0,0.0,4500.0,120.0,,50.0,4377.3115234375,0.0,0.0,50.0,0.0,6549.373046875,,18591.69921875,999999.0,1026.7633056640625,4000.0,0.0,0.0,0.0,50.0,13000.0,0.0,11977.736328125,1000000.0,,,17963.423828125,400.0,0.0,0.0,0.0,400.0,8000.0,441.30438232421875,0.0,7447.7705078125,1000000.0,,1200.0,16000.0,0.0,0.0,0.0,1200.0,16000.0,0.0,19317.216796875,0.0,1350.0,1000000.0,0.0,675.0,2700.0,,,0.0
1965-05-08,50.0,4000.0,0.0,0.0,50.0,0.0,,4000.0,75.0,3000.0,0.0,0.0,50.0,3000.0,3000.0,3000.0,0.0,,0.0,300.0,0.0,0.0,0.0,300.0,0.0,0.0,3000.0,1000000.0,,0.0,3000.0,1646.0,15196.716796875,0.0,0.0,0.0,0.0,20809.517578125,0.0,16334.509765625,1050.0,1000000.0,0.0,0.0,,,190.0,6500.0,0.0,67.45162963867188,100.0,6500.0,6500.0,6500.0,0.0,,0.0,80.0,0.0,0.0,999999.0,0.0,30.0,4500.0,4500.0,0.0,4500.0,120.0,,50.0,4380.87841796875,0.0,0.0,50.0,0.0,6557.30126953125,,18609.400390625,999999.0,1008.7633056640625,4000.0,0.0,0.0,0.0,50.0,13000.0,0.0,11979.57421875,1000000.0,,,17988.40234375,400.0,0.0,0.0,0.0,400.0,8000.0,509.4955749511719,0.0,7460.85205078125,1000000.0,,1200.0,16000.0,0.0,0.0,0.0,1200.0,16000.0,0.0,19289.416015625,0.0,1350.0,1000000.0,0.0,675.0,2700.0,,,0.0
1965-05-09,50.0,4000.0,0.0,0.0,50.0,0.0,,4000.0,75.0,3000.0,0.0,0.0,50.0,3000.0,3000.0,3000.0,0.0,,0.0,300.0,0.0,0.0,0.0,300.0,0.0,0.0,3000.0,1000000.0,,0.0,3000.0,1646.0,15203.1865234375,0.0,0.0,0.0,0.0,20840.6640625,0.0,16312.974609375,1050.0,1000000.0,0.0,0.0,,,190.0,6500.0,0.0,108.60163116455078,100.0,6500.0,6500.0,6500.0,0.0,,0.0,80.0,0.0,0.0,999999.0,0.0,30.0,4500.0,4500.0,0.0,4500.0,120.0,,50.0,4383.12158203125,0.0,0.0,50.0,0.0,6562.43212890625,,18638.400390625,999999.0,1008.7263793945312,4000.0,0.0,0.0,0.0,50.0,13000.0,0.0,11983.0703125,1000000.0,,,18012.46484375,400.0,0.0,0.0,0.0,400.0,8000.0,527.1546020507812,0.0,7472.603515625,1000000.0,,1200.0,16000.0,0.0,0.0,0.0,1200.0,16000.0,0.0,19331.486328125,0.0,1350.0,1000000.0,0.0,675.0,2700.0,,,0.0
1965-05-10,50.0,4000.0,0.0,0.0,50.0,0.0,,4000.0,75.0,3000.0,0.0,0.0,50.0,3000.0,3000.0,3000.0,0.0,,0.0,300.0,0.0,0.0,0.0,300.0,0.0,0.0,3000.0,1000000.0,,0.0,3000.0,1646.0,15213.28125,0.0,0.0,0.0,0.0,20886.4765625,0.0,16322.423828125,1050.0,1000000.0,0.0,0.0,,,190.0,6500.0,0.0,141.60858154296875,100.0,6500.0,6500.0,6500.0,0.0,,0.0,80.0,0.0,0.0,999999.0,0.0,30.0,4500.0,4500.0,0.0,4500.0,120.0,,50.0,4385.5166015625,0.0,0.0,50.0,0.0,6567.18017578125,,18657.0,999999.0,1008.7633056640625,4000.0,0.0,0.0,0.0,50.0,13000.0,0.0,11986.912109375,1000000.0,,,18027.60546875,400.0,0.0,0.0,0.0,400.0,8000.0,479.97711181640625,0.0,7483.658203125,1000000.0,,1200.0,16000.0,0.0,0.0,0.0,1200.0,16000.0,0.0,19392.091796875,0.0,1350.0,1000000.0,0.0,675.0,2700.0,,,0.0
1965-05-11,50.0,4000.0,0.0,0.0,50.0,0.0,,4000.0,75.0,3000.0,0.0,0.0,50.0,3000.0,3000.0,3000.0,0.0,,0.0,300.0,0.0,0.0,0.0,300.0,0.0,0.0,3000.0,1000000.0,,0.0,3000.0,1646.0,15222.6650390625,0.0,0.0,0.0,0.0,20929.498046875,0.0,16379.9111328125,1050.0,1000000.0,0.0,0.0,,,190.0,6500.0,0.0,97.42524719238281,100.0,6500.0,6500.0,6500.0,0.0,,0.0,80.0,0.0,0.0,999999.0,0.0,30.0,4500.0,4500.0,0.0,4500.0,120.0,,50.0,4389.04833984375,0.0,0.0,50.0,0.0,6575.20556640625,,18666.69921875,999999.0,893.7000122070312,4000.0,0.0,0.0,0.0,50.0,13000.0,0.0,11990.408203125,1000000.0,,,17999.78125,400.0,0.0,0.0,0.0,400.0,8000.0,515.7008666992188,0.0,7494.85107421875,1000000.0,,1200.0,16000.0,0.0,0.0,0.0,1200.0,16000.0,0.0,19452.41015625,0.0,1350.0,1000000.0,0.0,675.0,2700.0,,,0.0
1965-05-12,50.0,4000.0,0.0,0.0,50.0,0.0,,4000.0,75.0,3000.0,0.0,0.0,50.0,3000.0,3000.0,3000.0,0.0,,0.0,300.0,0.0,0.0,0.0,300.0,0.0,0.0,3017.3994140625,1000000.0,,0.0,3017.3994140625,1646.0,15231.41015625,0.0,0.0,0.0,0.0,20986.921875,0.0,16380.203125,1050.0,1000000.0,0.0,0.0,,,190.0,6500.0,0.0,70.76551818847656,100.0,6500.0,6500.0,6500.0,0.0,,0.0,80.0,0.0,0.0,999999.0,0.0,30.0,4500.0,4500.0,0.0,4500.0,120.0,,50.0,4390.1201171875,0.0,0.0,50.0,0.0,6581.18798828125,,18717.5,999999.0,905.5999755859375,4000.0,0.0,0.0,0.0,50.0,13000.0,0.0,11997.53125,1000000.0,,,18033.970703125,400.0,0.0,0.0,0.0,400.0,8000.0,606.6563110351562,0.0,7506.5087890625,1000000.0,,1200.0,16000.0,0.0,0.0,0.0,1200.0,16000.0,0.0,19508.46484375,0.0,1350.0,1000000.0,0.0,675.0,2700.0,,,0.0
1965-05-13,50.0,4000.0,0.0,22.91402816772461,50.0,0.0,,4000.0,75.0,3000.0,0.0,0.0,50.0,3000.0,3000.0,3000.0,0.0,,0.0,300.0,0.0,0.0,0.0,300.0,0.0,0.0,3110.55859375,1000000.0,,0.0,3110.55859375,1646.0,15267.02734375,0.0,0.0,0.0,0.0,21172.974609375,0.0,16423.583984375,1050.0,1000000.0,0.0,0.0,,,190.0,6500.0,0.0,0.0,100.0,6500.0,6500.0,6500.0,0.0,,0.0,80.0,0.0,0.0,999999.0,0.0,30.0,4500.0,4500.0,0.0,4500.0,120.0,,50.0,4392.55517578125,0.0,0.0,50.0,0.0,6584.552734375,,18716.099609375,999999.0,923.5,4000.0,0.0,0.0,0.0,50.0,13000.0,0.0,12003.5537109375,1000000.0,,,18054.65625,400.0,0.0,0.0,0.0,400.0,8000.0,642.8491821289062,0.0,7518.12744140625,1000000.0,,1200.0,16000.0,0.0,0.0,0.0,1200.0,16000.0,0.0,19572.822265625,0.0,1350.0,1000000.0,0.0,675.0,2700.0,,,0.0
1965-05-14,50.0,4000.0,0.0,50.58069610595703,50.0,0.0,,4000.0,75.0,3000.0,0.0,0.0,50.0,3000.0,3000.0,3000.0,0.0,,0.0,300.0,0.0,0.0,0.0,300.0,0.0,0.0,3198.479248046875,1000000.0,,0.0,3198.479248046875,1646.0,15301.22265625,0.0,0.0,0.0,0.0,21359.4375,0.0,16437.814453125,1050.0,1000000.0,0.0,0.0,,,190.0,6500.0,0.0,0.0,100.0,6500.0,6500.0,6500.0,0.0,,0.0,80.0,0.0,0.0,999999.0,0.0,30.0,4500.0,4500.0,0.0,4500.0,120.0,,50.0,4393.62841796875,0.0,0.0,50.0,0.0,6584.96630859375,,18730.19921875,999999.0,973.7000122070312,4000.0,0.0,0.0,0.0,50.0,13000.0,0.0,12007.576171875,1000000.0,,,18089.833984375,400.0,0.0,0.0,0.0,400.0,8000.0,564.0099487304688,0.0,7530.87646484375,1000000.0,,1200.0,16000.0,0.0,0.0,0.0,1200.0,16000.0,0.0,19569.052734375,0.0,1350.0,1000000.0,0.0,675.0,2700.0,,,0.0
1965-05-15,50.0,4000.0,0.0,124.24736022949219,50.0,0.0,,4000.0,75.0,3000.0,0.0,0.0,50.0,3000.0,3000.0,3000.0,0.0,,0.0,300.0,0.0,0.0,0.0,300.0,0.0,0.0,3278.611572265625,1000000.0,,0.0,3278.611572265625,1646.0,15328.521484375,0.0,0.0,0.0,0.0,21520.091796875,0.0,16454.619140625,1050.0,1000000.0,0.0,0.0,,,190.0,6500.0,0.0,0.0,100.0,6500.0,6500.0,6500.0,0.0,,0.0,80.0,0.0,0.0,999999.0,0.0,30.0,4500.0,4500.0,0.0,4500.0,120.0,,50.0,4393.45263671875,0.0,0.0,50.0,0.0,6583.8251953125,,18743.099609375,999999.0,1022.5999755859375,4000.0,0.0,0.0,0.0,50.0,13000.0,0.0,12006.6884765625,1000000.0,,,18159.0078125,400.0,0.0,0.0,0.0,400.0,8000.0,506.70098876953125,0.0,7545.75537109375,1000000.0,,1200.0,16000.0,0.0,0.0,0.0,1200.0,16000.0,0.0,19543.435546875,0.0,1350.0,1000000.0,0.0,675.0,2700.0,,,0.0
1965-05-16,50.0,4000.0,51.50913619995117,222.91403198242188,50.0,0.0,,4000.0,75.0,3000.0,0.0,0.0,50.0,3000.0,3000.0,3000.0,0.0,,0.0,300.0,0.0,0.0,0.0,300.0,0.0,0.0,3367.658447265625,1000000.0,,0.0,3367.658447265625,1646.0,15352.763671875,0.0,0.0,0.0,0.0,21673.462890625,0.0,16304.416015625,1050.0,1000000.0,0.0,0.0,,,190.0,6500.0,0.0,0.0,100.0,6500.0,6500.0,6500.0,0.0,,0.0,80.0,0.0,0.0,999999.0,0.0,30.0,4500.0,4500.0,0.0,4500.0,120.0,,50.0,4395.69970703125,0.0,0.0,50.0,0.0,6585.509765625,,18786.0,999999.0,552.2000122070312,4000.0,0.0,0.0,0.0,50.0,13000.0,0.0,12001.28125,1000000.0,,,18236.677734375,400.0,0.0,0.0,0.0,400.0,8000.0,596.8450317382812,0.0,7560.94873046875,1000000.0,,1200.0,16000.0,0.0,0.0,0.0,1200.0,16000.0,0.0,19605.791015625,0.0,1350.0,1000000.0,0.0,675.0,2700.0,,,0.0
1965-05-17,50.0,4000.0,277.0,285.4109802246094,50.0,0.0,,4000.0,75.0,3000.0,0.0,0.0,50.0,3000.0,3000.0,3000.0,0.0,,0.0,300.0,0.0,0.0,0.0,300.0,0.0,0.0,3471.933837890625,1000000.0,,0.0,3471.933837890625,1646.0,15391.72265625,0.0,0.0,0.0,0.0,21905.826171875,0.0,16369.5009765625,1050.0,1000000.0,0.0,0.0,,,190.0,6500.0,0.0,0.0,100.0,6500.0,6500.0,6500.0,0.0,,0.0,80.0,0.0,0.0,999999.0,0.0,30.0,4500.0,4500.0,0.0,4500.0,120.0,,50.0,4394.31298828125,0.0,0.0,50.0,0.0,6586.01416015625,,18690.599609375,999999.0,622.5999755859375,4000.0,0.0,0.0,0.0,50.0,13000.0,0.0,12018.8154296875,1000000.0,,,18266.01953125,400.0,0.0,0.0,0.0,400.0,8000.0,611.091064453125,0.0,7575.6806640625,1000000.0,,1200.0,16000.0,0.0,0.0,0.0,1200.0,16000.0,0.0,19541.111328125,0.0,1350.0,1000000.0,0.0,675.0,2700.0,,,0.0
1965-05-18,50.0,4000.0,223.58901977539062,237.60731506347656,50.0,0.0,,4000.0,75.0,3000.0,0.0,0.0,50.0,3000.0,3000.0,3000.0,0.0,,0.0,300.0,0.0,0.0,0.0,300.0,0.0,0.0,3563.43798828125,1000000.0,,0.0,3563.43798828125,1646.0,15427.4814453125,0.0,0.0,0.0,0.0,22091.14453125,0.0,16458.1328125,1050.0,1000000.0,0.0,0.0,,,190.0,6500.0,0.0,0.0,100.0,6500.0,6500.0,6500.0,0.0,,0.0,80.0,0.0,0.0,999999.0,0.0,30.0,4500.0,4500.0,0.0,4500.0,120.0,,50.0,4394.1376953125,0.0,0.0,50.0,0.0,6583.58447265625,,18749.0,999999.0,688.2999877929688,4000.0,0.0,0.0,0.0,50.0,13000.0,0.0,12031.15625,1000000.0,,,18282.201171875,400.0,0.0,0.0,0.0,400.0,8000.0,416.85858154296875,0.0,7591.72900390625,1000000.0,,1200.0,16000.0,0.0,0.0,0.0,1200.0,16000.0,0.0,19585.072265625,0.0,1350.0,1000000.0,0.0,675.0,2700.0,,,0.0
1965-05-19,50.0,4000.0,332.981689453125,350.73822021484375,50.0,0.0,,4000.0,75.0,3000.0,0.0,0.0,50.0,3000.0,3000.0,3000.0,0.0,,0.0,300.0,0.0,0.0,0.0,300.0,0.0,0.0,3640.453369140625,1000000.0,,0.0,3640.453369140625,1646.0,15441.1318359375,0.0,0.0,0.0,0.0,22248.716796875,0.0,16408.697265625,1050.0,1000000.0,0.0,0.0,,,190.0,6500.0,0.0,0.0,100.0,6500.0,6500.0,6500.0,0.0,,0.0,80.0,0.0,0.0,999999.0,0.0,30.0,4500.0,4500.0,0.0,4500.0,120.0,,50.0,4395.0224609375,0.0,0.0,50.0,0.0,6581.44482421875,,18866.900390625,999999.0,595.2000122070312,4000.0,0.0,0.0,0.0,50.0,13000.0,0.0,12035.1513671875,1000000.0,,,18277.681640625,400.0,0.0,0.0,0.0,400.0,8000.0,550.8792114257812,0.0,7607.65625,1000000.0,,1200.0,16000.0,0.0,0.0,0.0,1200.0,16000.0,0.0,19617.23828125,0.0,1350.0,1000000.0,0.0,675.0,2700.0,,,0.0
1965-05-20,50.0,4000.0,407.8327941894531,507.4921569824219,50.0,0.0,,4000.0,75.0,3000.0,0.0,0.0,50.0,3000.0,3000.0,3000.0,0.0,,0.0,300.0,0.0,0.0,0.0,300.0,0.0,0.0,3740.044189453125,1000000.0,,0.0,3740.044189453125,1646.0,15482.8330078125,0.0,0.0,0.0,0.0,22603.64453125,0.0,16192.4365234375,1050.0,1000000.0,0.0,0.0,,,190.0,6500.0,0.0,0.0,100.0,6500.0,6500.0,6500.0,0.0,,0.0,80.0,0.0,0.0,999999.0,0.0,30.0,4500.0,4500.0,0.0,4500.0,120.0,,50.0,4404.16064453125,0.0,0.0,50.0,0.0,6587.87744140625,,18653.099609375,999999.0,422.0,4000.0,0.0,0.0,0.0,50.0,13000.0,0.0,12045.8486328125,1000000.0,,,18014.134765625,400.0,0.0,0.0,0.0,400.0,8000.0,471.3409423828125,0.0,7623.53173828125,1000000.0,,1200.0,16000.0,0.0,0.0,0.0,1200.0,16000.0,0.0,19394.24609375,0.0,1350.0,1000000.0,0.0,675.0,2700.0,,,0.0
1965-05-21,50.0,4000.0,341.66876220703125,379.66143798828125,50.0,0.0,,4000.0,75.0,3000.0,0.0,0.0,50.0,3000.0,3000.0,3000.0,0.0,,0.0,300.0,0.0,0.0,0.0,300.0,0.0,0.0,3840.075439453125,1000000.0,,0.0,3840.075439453125,1646.0,15556.662109375,0.0,0.0,0.0,0.0,23121.890625,0.0,16305.15234375,1050.0,1000000.0,0.0,0.0,,,190.0,6500.0,0.0,0.0,100.0,6500.0,6500.0,6500.0,0.0,,0.0,80.0,0.0,0.0,999999.0,0.0,30.0,4500.0,4500.0,0.0,4500.0,120.0,,50.0,4404.70751953125,0.0,0.0,50.0,0.0,6595.28271484375,,18670.5,999999.0,529.5,4000.0,0.0,0.0,0.0,50.0,13000.0,0.0,12080.61328125,1000000.0,,,18080.68359375,400.0,0.0,0.0,0.0,400.0,8000.0,456.33795166015625,0.0,7640.2607421875,1000000.0,,1200.0,16000.0,0.0,0.0,0.0,1200.0,16000.0,0.0,19548.80078125,0.0,1350.0,1000000.0,0.0,675.0,2700.0,,,0.0
1965-05-22,50.0,4000.0,311.1365051269531,329.10760498046875,50.0,0.0,,4000.0,75.0,3000.0,0.0,0.0,50.0,3000.0,3000.0,3000.0,0.0,,0.0,300.0,0.0,0.0,0.0,300.0,0.0,0.0,3917.917236328125,1000000.0,,0.0,3917.917236328125,1646.0,15608.177734375,0.0,0.0,0.0,0.0,23596.14453125,0.0,16429.65625,1050.0,1000000.0,0.0,0.0,,,190.0,6500.0,0.0,0.0,100.0,6500.0,6500.0,6500.0,0.0,,0.0,80.0,0.0,0.0,999999.0,0.0,30.0,4500.0,4500.0,0.0,4500.0,120.0,,50.0,4406.65576171875,0.0,0.0,50.0,0.0,6600.17626953125,,18771.400390625,999999.0,595.2000122070312,4000.0,0.0,0.0,0.0,50.0,13000.0,0.0,12105.2412109375,1000000.0,,,18199.23046875,400.0,0.0,0.0,0.0,400.0,8000.0,477.91741943359375,436.48187255859375,7655.962890625,1000000.0,,1200.0,16000.0,0.0,0.0,0.0,1200.0,16000.0,0.0,19601.05859375,0.0,1350.0,1000000.0,0.0,675.0,2700.0,,,0.0
1965-05-23,50.0,4000.0,291.02886962890625,309.7384033203125,50.0,0.0,,4000.0,75.0,3000.0,0.0,0.0,50.0,3000.0,3000.0,3000.0,0.0,,0.0,300.0,0.0,0.0,0.0,300.0,0.0,0.0,3987.806396484375,1000000.0,,0.0,3987.806396484375,1646.0,15653.21875,0.0,0.0,0.0,0.0,23681.072265625,0.0,16410.6640625,1050.0,1000000.0,0.0,0.0,,,190.0,6500.0,0.0,0.0,100.0,6500.0,6500.0,6500.0,0.0,,0.0,80.0,0.0,0.0,999999.0,0.0,30.0,4500.0,4500.0,0.0,4500.0,120.0,,50.0,4407.2041015625,0.0,0.0,50.0,0.0,6601.2880859375,,18761.19921875,999999.0,562.9000244140625,4000.0,0.0,0.0,0.0,50.0,13000.0,0.0,12121.1494140625,1000000.0,,,18124.37109375,400.0,0.0,0.0,0.0,400.0,8000.0,557.5093994140625,1048.564453125,7671.82177734375,1000000.0,,1200.0,16000.0,0.0,0.0,0.0,1200.0,16000.0,0.0,19502.609375,0.0,1350.0,1000000.0,0.0,675.0,2700.0,,,0.0
1965-05-24,50.0,4000.0,277.29046630859375,296.4922790527344,50.0,0.0,,4000.0,75.0,3000.0,0.0,0.0,50.0,3000.0,3000.0,3000.0,0.0,,0.0,300.0,0.0,0.0,0.0,300.0,0.0,0.0,4063.112060546875,1000000.0,,0.0,4063.112060546875,1646.0,15686.345703125,0.0,0.0,0.0,0.0,23732.146484375,0.0,16397.85546875,1050.0,1000000.0,0.0,0.0,,,190.0,6500.0,0.0,0.0,100.0,6500.0,6500.0,6500.0,0.0,,0.0,80.0,0.0,0.0,999999.0,0.0,30.0,4500.0,4500.0,0.0,4500.0,120.0,,50.0,4406.42822265625,0.0,0.0,50.0,0.0,6605.6845703125,,18684.19921875,999999.0,487.70001220703125,4000.0,0.0,0.0,0.0,50.0,13000.0,0.0,12135.0986328125,1000000.0,,,18053.384765625,400.0,0.0,0.0,0.0,400.0,8000.0,137.629150390625,1043.0,7672.89697265625,1000000.0,,1200.0,16000.0,0.0,0.0,0.0,1200.0,16000.0,0.0,19541.814453125,0.0,1350.0,1000000.0,0.0,675.0,2700.0,,,0.0
1965-05-25,50.0,4000.0,259.6688537597656,284.32818603515625,50.0,0.0,,4000.0,75.0,3000.0,0.0,0.0,50.0,3000.0,3000.0,3000.0,0.0,,0.0,300.0,0.0,0.0,0.0,300.0,0.0,0.0,4132.70361328125,1000000.0,,0.0,4132.70361328125,1646.0,15712.447265625,0.0,0.0,0.0,0.0,23938.431640625,0.0,16445.01171875,1050.0,1000000.0,0.0,0.0,,,190.0,6500.0,0.0,0.0,100.0,6500.0,6500.0,6500.0,0.0,,0.0,80.0,0.0,0.0,999999.0,0.0,30.0,4500.0,4500.0,0.0,4500.0,120.0,,50.0,4406.9775390625,0.0,0.0,50.0,0.0,6609.19580078125,,18686.599609375,999999.0,552.2000122070312,4000.0,0.0,0.0,0.0,50.0,13000.0,0.0,12150.076171875,1000000.0,,,18082.087890625,400.0,0.0,0.0,0.0,400.0,8000.0,0.0,960.0,7672.89697265625,1000000.0,,1200.0,16000.0,0.0,0.0,0.0,1200.0,16000.0,0.0,19539.3828125,0.0,1350.0,1000000.0,0.0,675.0,2700.0,,,0.0
1965-05-26,50.0,4000.0,232.47000122070312,252.2187957763672,50.0,0.0,,4000.0,75.0,3000.0,0.0,0.0,50.0,3000.0,3000.0,3000.0,0.0,,0.0,300.0,0.0,0.0,0.0,300.0,0.0,0.0,4202.9091796875,1000000.0,,0.0,4202.9091796875,1646.0,15732.419921875,0.0,0.0,0.0,0.0,24343.0234375,0.0,16510.326171875,1050.0,1000000.0,0.0,0.0,,,190.0,6500.0,0.0,0.0,100.0,6500.0,6500.0,6500.0,0.0,,0.0,80.0,0.0,0.0,999999.0,0.0,30.0,4500.0,4500.0,0.0,4500.0,120.0,,50.0,4407.52734375,0.0,0.0,50.0,0.0,6608.78369140625,,18764.0,999999.0,601.0999755859375,4000.0,0.0,0.0,0.0,50.0,13000.0,0.0,12160.537109375,1000000.0,,,18180.21484375,400.0,0.0,0.0,0.0,400.0,8000.0,0.0,923.0,7672.89697265625,1000000.0,,1200.0,16000.0,0.0,0.0,0.0,1200.0,16000.0,0.0,19648.7734375,0.0,1350.0,1000000.0,0.0,675.0,2700.0,,,0.0
1965-05-27,50.0,4000.0,217.251220703125,237.14585876464844,50.0,0.0,,4000.0,75.0,3000.0,0.0,0.0,50.0,3000.0,3000.0,3000.0,0.0,,0.0,300.0,0.0,0.0,0.0,300.0,0.0,0.0,4259.919921875,1000000.0,,0.0,4259.919921875,1646.0,15751.2216796875,0.0,0.0,0.0,0.0,24418.0390625,0.0,16587.4296875,1050.0,1000000.0,0.0,0.0,,,190.0,6500.0,0.0,0.0,100.0,6500.0,6500.0,6500.0,0.0,,0.0,80.0,0.0,0.0,999999.0,0.0,30.0,4500.0,4500.0,0.0,4500.0,120.0,,50.0,4406.7529296875,0.0,0.0,50.0,0.0,6610.7080078125,,18748.099609375,999999.0,633.4000244140625,4000.0,0.0,0.0,0.0,50.0,13000.0,0.0,12167.2314453125,1000000.0,,,18177.626953125,400.0,0.0,0.0,0.0,400.0,8000.0,0.0,993.0,7672.89697265625,1000000.0,,1200.0,16000.0,0.0,0.0,0.0,1200.0,16000.0,0.0,19663.345703125,0.0,1350.0,1000000.0,0.0,675.0,2700.0,,,0.0
1965-05-28,50.0,4000.0,207.10536193847656,227.0972442626953,50.0,0.0,,4000.0,75.0,3000.0,0.0,0.0,50.0,3000.0,3000.0,3000.0,0.0,,0.0,300.0,0.0,0.0,0.0,300.0,0.0,0.0,4325.54443359375,1000000.0,,0.0,4325.54443359375,1646.0,15786.486328125,0.0,0.0,0.0,0.0,24586.60546875,0.0,16534.609375,1050.0,1000000.0,0.0,0.0,,,190.0,6500.0,0.0,0.0,100.0,6500.0,6500.0,6500.0,0.0,,0.0,80.0,0.0,0.0,999999.0,0.0,30.0,4500.0,4500.0,0.0,4500.0,120.0,,50.0,4407.30322265625,0.0,0.0,50.0,0.0,6613.296875,,18770.80078125,999999.0,648.9000244140625,4000.0,0.0,0.0,0.0,50.0,13000.0,0.0,12171.4248046875,1000000.0,,,18221.40234375,400.0,0.0,0.0,0.0,400.0,8000.0,0.0,1084.0,7672.89697265625,1000000.0,,1200.0,16000.0,0.0,0.0,0.0,1200.0,16000.0,0.0,19669.353515625,0.0,1350.0,1000000.0,0.0,675.0,2700.0,,,0.0
1965-05-29,50.0,4000.0,,227.0648193359375,50.0,0.0,,4000.0,75.0,3000.0,,0.0,50.0,3000.0,3000.0,3000.0,0.0,,0.0,300.0,0.0,,0.0,300.0,0.0,0.0,4393.548828125,1000000.0,,0.0,4393.548828125,1646.0,15819.27734375,0.0,,0.0,0.0,24680.2265625,0.0,16593.669921875,1050.0,1000000.0,0.0,0.0,,,190.0,6500.0,,0.0,100.0,6500.0,6500.0,6500.0,0.0,,0.0,80.0,0.0,,999999.0,0.0,30.0,4500.0,4500.0,0.0,4500.0,120.0,,50.0,4406.529296875,,0.0,50.0,0.0,6612.00390625,,18785.5,999999.0,678.7999877929688,4000.0,0.0,,0.0,50.0,13000.0,0.0,12175.0009765625,1000000.0,,,18256.876953125,400.0,,0.0,0.0,400.0,8000.0,0.0,1152.0,7672.89697265625,1000000.0,,1200.0,16000.0,0.0,,0.0,1200.0,16000.0,994.3313598632812,19664.208984375,0.0,1350.0,1000000.0,0.0,675.0,2700.0,,,0.0
1965-05-30,50.0,4000.0,,221.043212890625,50.0,0.0,,4000.0,75.0,3000.0,,0.0,50.0,3000.0,3000.0,3000.0,0.0,,0.0,300.0,0.0,,0.0,300.0,0.0,0.0,4464.21484375,1000000.0,,0.0,4464.21484375,1646.0,15861.150390625,0.0,,0.0,0.0,25223.77734375,0.0,16631.31640625,1050.0,1000000.0,0.0,0.0,,,190.0,6500.0,,0.0,100.0,6500.0,6500.0,6500.0,0.0,,0.0,80.0,0.0,,999999.0,0.0,30.0,4500.0,4500.0,0.0,4500.0,120.0,,50.0,4404.43115234375,,0.0,50.0,0.0,6610.04736328125,,18811.19921875,999999.0,721.7000122070312,4000.0,0.0,,0.0,50.0,13000.0,0.0,12176.4775390625,1000000.0,,,18309.982421875,400.0,,0.0,0.0,400.0,8000.0,0.0,1126.0,7672.89697265625,1000000.0,,1200.0,16000.0,0.0,,0.0,1200.0,16000.0,2485.742919921875,19331.52734375,0.0,1350.0,1000000.0,0.0,675.0,2700.0,,,0.0
1965-05-31,50.0,4000.0,,208.02880859375,50.0,0.0,,4000.0,75.0,3000.0,,0.0,50.0,3000.0,3000.0,3000.0,0.0,,0.0,300.0,0.0,,0.0,300.0,0.0,0.0,4522.14404296875,1000000.0,,0.0,4522.14404296875,1646.0,15900.435546875,0.0,,0.0,0.0,25551.640625,0.0,16628.236328125,1050.0,1000000.0,0.0,0.0,,,190.0,6500.0,,0.0,100.0,6500.0,6500.0,6500.0,0.0,,0.0,80.0,0.0,,999999.0,0.0,30.0,4500.0,4500.0,0.0,4500.0,120.0,,50.0,4403.65771484375,,0.0,50.0,0.0,6609.59619140625,,18823.19921875,999999.0,770.7000122070312,4000.0,0.0,,0.0,50.0,13000.0,0.0,12174.583984375,1000000.0,,,18352.904296875,400.0,,0.0,0.0,400.0,8000.0,0.0,1013.0,7672.89697265625,1000000.0,,1200.0,16000.0,0.0,,0.0,1200.0,16000.0,2722.908447265625,19271.6328125,0.0,1350.0,1000000.0,0.0,1242.8714599609375,4971.48583984375,,,0.0
